step,t,E_rigid_KE,E_modal,dE_rigid_loss,dE_modal_injected,dE_modal_extracted,cum_E_loss,cum_E_budget_eta,cum_E_injected,cum_E_extracted,alpha,eta,beta,n_active_kicks,n_active_contacts
0,0.005000,6.014756e-02,0.000000e+00,0.000000e+00,0.000000e+00,0.000000e+00,0.000000e+00,0.000000e+00,0.000000e+00,0.000000e+00,0.000000e+00,9.500000e-01,2.500000e-01,0,16
1,0.010000,2.405903e-01,0.000000e+00,0.000000e+00,0.000000e+00,0.000000e+00,0.000000e+00,0.000000e+00,0.000000e+00,0.000000e+00,0.000000e+00,9.500000e-01,2.500000e-01,0,16
2,0.015000,5.413281e-01,0.000000e+00,0.000000e+00,0.000000e+00,0.000000e+00,0.000000e+00,0.000000e+00,0.000000e+00,0.000000e+00,0.000000e+00,9.500000e-01,2.500000e-01,0,16
3,0.020000,9.623610e-01,0.000000e+00,0.000000e+00,0.000000e+00,0.000000e+00,0.000000e+00,0.000000e+00,0.000000e+00,0.000000e+00,0.000000e+00,9.500000e-01,2.500000e-01,0,16
4,0.025000,1.503689e+00,0.000000e+00,0.000000e+00,0.000000e+00,0.000000e+00,0.000000e+00,0.000000e+00,0.000000e+00,0.000000e+00,0.000000e+00,9.500000e-01,2.500000e-01,0,16
5,0.030000,2.165312e+00,0.000000e+00,0.000000e+00,0.000000e+00,0.000000e+00,0.000000e+00,0.000000e+00,0.000000e+00,0.000000e+00,0.000000e+00,9.500000e-01,2.500000e-01,0,16
6,0.035000,2.947231e+00,0.000000e+00,0.000000e+00,0.000000e+00,0.000000e+00,0.000000e+00,0.000000e+00,0.000000e+00,0.000000e+00,0.000000e+00,9.500000e-01,2.500000e-01,0,16
7,0.040000,3.849444e+00,0.000000e+00,0.000000e+00,0.000000e+00,0.000000e+00,0.000000e+00,0.000000e+00,0.000000e+00,0.000000e+00,0.000000e+00,9.500000e-01,2.500000e-01,0,16
8,0.045000,4.871953e+00,0.000000e+00,0.000000e+00,0.000000e+00,0.000000e+00,0.000000e+00,0.000000e+00,0.000000e+00,0.000000e+00,0.000000e+00,9.500000e-01,2.500000e-01,0,16
9,0.050000,6.014756e+00,0.000000e+00,0.000000e+00,0.000000e+00,0.000000e+00,0.000000e+00,0.000000e+00,0.000000e+00,0.000000e+00,0.000000e+00,9.500000e-01,2.500000e-01,0,16
10,0.055000,7.277855e+00,0.000000e+00,0.000000e+00,0.000000e+00,0.000000e+00,0.000000e+00,0.000000e+00,0.000000e+00,0.000000e+00,0.000000e+00,9.500000e-01,2.500000e-01,0,16
11,0.060000,8.661249e+00,0.000000e+00,0.000000e+00,0.000000e+00,0.000000e+00,0.000000e+00,0.000000e+00,0.000000e+00,0.000000e+00,0.000000e+00,9.500000e-01,2.500000e-01,0,16
12,0.065000,1.016494e+01,0.000000e+00,0.000000e+00,0.000000e+00,0.000000e+00,0.000000e+00,0.000000e+00,0.000000e+00,0.000000e+00,0.000000e+00,9.500000e-01,2.500000e-01,0,16
13,0.070000,1.178892e+01,0.000000e+00,0.000000e+00,0.000000e+00,0.000000e+00,0.000000e+00,0.000000e+00,0.000000e+00,0.000000e+00,0.000000e+00,9.500000e-01,2.500000e-01,0,16
14,0.075000,1.353320e+01,0.000000e+00,0.000000e+00,0.000000e+00,0.000000e+00,0.000000e+00,0.000000e+00,0.000000e+00,0.000000e+00,0.000000e+00,9.500000e-01,2.500000e-01,0,16
15,0.080000,1.539778e+01,0.000000e+00,0.000000e+00,0.000000e+00,0.000000e+00,0.000000e+00,0.000000e+00,0.000000e+00,0.000000e+00,0.000000e+00,9.500000e-01,2.500000e-01,0,16
16,0.085000,1.738265e+01,0.000000e+00,0.000000e+00,0.000000e+00,0.000000e+00,0.000000e+00,0.000000e+00,0.000000e+00,0.000000e+00,0.000000e+00,9.500000e-01,2.500000e-01,0,16
17,0.090000,1.948781e+01,0.000000e+00,0.000000e+00,0.000000e+00,0.000000e+00,0.000000e+00,0.000000e+00,0.000000e+00,0.000000e+00,0.000000e+00,9.500000e-01,2.500000e-01,0,16
18,0.095000,2.171327e+01,0.000000e+00,0.000000e+00,0.000000e+00,0.000000e+00,0.000000e+00,0.000000e+00,0.000000e+00,0.000000e+00,0.000000e+00,9.500000e-01,2.500000e-01,0,16
19,0.100000,2.405903e+01,0.000000e+00,0.000000e+00,0.000000e+00,0.000000e+00,0.000000e+00,0.000000e+00,0.000000e+00,0.000000e+00,0.000000e+00,9.500000e-01,2.500000e-01,0,16
20,0.105000,2.652508e+01,0.000000e+00,0.000000e+00,0.000000e+00,0.000000e+00,0.000000e+00,0.000000e+00,0.000000e+00,0.000000e+00,0.000000e+00,9.500000e-01,2.500000e-01,0,16
21,0.110000,2.911142e+01,0.000000e+00,0.000000e+00,0.000000e+00,0.000000e+00,0.000000e+00,0.000000e+00,0.000000e+00,0.000000e+00,0.000000e+00,9.500000e-01,2.500000e-01,0,16
22,0.115000,3.181806e+01,0.000000e+00,0.000000e+00,0.000000e+00,0.000000e+00,0.000000e+00,0.000000e+00,0.000000e+00,0.000000e+00,0.000000e+00,9.500000e-01,2.500000e-01,0,16
23,0.120000,3.464500e+01,0.000000e+00,0.000000e+00,0.000000e+00,0.000000e+00,0.000000e+00,0.000000e+00,0.000000e+00,0.000000e+00,0.000000e+00,9.500000e-01,2.500000e-01,0,16
24,0.125000,3.759223e+01,0.000000e+00,0.000000e+00,0.000000e+00,0.000000e+00,0.000000e+00,0.000000e+00,0.000000e+00,0.000000e+00,0.000000e+00,9.500000e-01,2.500000e-01,0,16
25,0.130000,4.065975e+01,0.000000e+00,0.000000e+00,0.000000e+00,0.000000e+00,0.000000e+00,0.000000e+00,0.000000e+00,0.000000e+00,0.000000e+00,9.500000e-01,2.500000e-01,0,16
26,0.135000,4.384757e+01,0.000000e+00,0.000000e+00,0.000000e+00,0.000000e+00,0.000000e+00,0.000000e+00,0.000000e+00,0.000000e+00,0.000000e+00,9.500000e-01,2.500000e-01,0,16
27,0.140000,4.715569e+01,0.000000e+00,0.000000e+00,0.000000e+00,0.000000e+00,0.000000e+00,0.000000e+00,0.000000e+00,0.000000e+00,0.000000e+00,9.500000e-01,2.500000e-01,0,16
28,0.145000,5.058410e+01,0.000000e+00,0.000000e+00,0.000000e+00,0.000000e+00,0.000000e+00,0.000000e+00,0.000000e+00,0.000000e+00,0.000000e+00,9.500000e-01,2.500000e-01,0,16
29,0.150000,5.413281e+01,0.000000e+00,0.000000e+00,0.000000e+00,0.000000e+00,0.000000e+00,0.000000e+00,0.000000e+00,0.000000e+00,0.000000e+00,9.500000e-01,2.500000e-01,0,16
30,0.155000,5.780181e+01,0.000000e+00,0.000000e+00,0.000000e+00,0.000000e+00,0.000000e+00,0.000000e+00,0.000000e+00,0.000000e+00,0.000000e+00,9.500000e-01,2.500000e-01,0,16
31,0.160000,6.159110e+01,0.000000e+00,0.000000e+00,0.000000e+00,0.000000e+00,0.000000e+00,0.000000e+00,0.000000e+00,0.000000e+00,0.000000e+00,9.500000e-01,2.500000e-01,0,16
32,0.165000,6.550070e+01,0.000000e+00,0.000000e+00,0.000000e+00,0.000000e+00,0.000000e+00,0.000000e+00,0.000000e+00,0.000000e+00,0.000000e+00,9.500000e-01,2.500000e-01,0,16
33,0.170000,6.953058e+01,0.000000e+00,0.000000e+00,0.000000e+00,0.000000e+00,0.000000e+00,0.000000e+00,0.000000e+00,0.000000e+00,0.000000e+00,9.500000e-01,2.500000e-01,0,16
34,0.175000,7.368076e+01,0.000000e+00,0.000000e+00,0.000000e+00,0.000000e+00,0.000000e+00,0.000000e+00,0.000000e+00,0.000000e+00,0.000000e+00,9.500000e-01,2.500000e-01,0,16
35,0.180000,7.795124e+01,0.000000e+00,0.000000e+00,0.000000e+00,0.000000e+00,0.000000e+00,0.000000e+00,0.000000e+00,0.000000e+00,0.000000e+00,9.500000e-01,2.500000e-01,0,16
36,0.185000,8.234201e+01,0.000000e+00,0.000000e+00,0.000000e+00,0.000000e+00,0.000000e+00,0.000000e+00,0.000000e+00,0.000000e+00,0.000000e+00,9.500000e-01,2.500000e-01,0,16
37,0.190000,8.685308e+01,0.000000e+00,0.000000e+00,0.000000e+00,0.000000e+00,0.000000e+00,0.000000e+00,0.000000e+00,0.000000e+00,0.000000e+00,9.500000e-01,2.500000e-01,0,16
38,0.195000,9.148444e+01,0.000000e+00,0.000000e+00,0.000000e+00,0.000000e+00,0.000000e+00,0.000000e+00,0.000000e+00,0.000000e+00,0.000000e+00,9.500000e-01,2.500000e-01,0,16
39,0.200000,9.623610e+01,0.000000e+00,0.000000e+00,0.000000e+00,0.000000e+00,0.000000e+00,0.000000e+00,0.000000e+00,0.000000e+00,0.000000e+00,9.500000e-01,2.500000e-01,0,16
40,0.205000,1.011081e+02,0.000000e+00,0.000000e+00,0.000000e+00,0.000000e+00,0.000000e+00,0.000000e+00,0.000000e+00,0.000000e+00,0.000000e+00,9.500000e-01,2.500000e-01,0,16
41,0.210000,1.061003e+02,0.000000e+00,0.000000e+00,0.000000e+00,0.000000e+00,0.000000e+00,0.000000e+00,0.000000e+00,0.000000e+00,0.000000e+00,9.500000e-01,2.500000e-01,0,16
42,0.215000,1.112128e+02,0.000000e+00,0.000000e+00,0.000000e+00,0.000000e+00,0.000000e+00,0.000000e+00,0.000000e+00,0.000000e+00,0.000000e+00,9.500000e-01,2.500000e-01,0,16
43,0.220000,1.164457e+02,0.000000e+00,0.000000e+00,0.000000e+00,0.000000e+00,0.000000e+00,0.000000e+00,0.000000e+00,0.000000e+00,0.000000e+00,9.500000e-01,2.500000e-01,0,16
44,0.225000,1.217988e+02,0.000000e+00,0.000000e+00,0.000000e+00,0.000000e+00,0.000000e+00,0.000000e+00,0.000000e+00,0.000000e+00,0.000000e+00,9.500000e-01,2.500000e-01,0,16
45,0.230000,1.272722e+02,0.000000e+00,0.000000e+00,0.000000e+00,0.000000e+00,0.000000e+00,0.000000e+00,0.000000e+00,0.000000e+00,0.000000e+00,9.500000e-01,2.500000e-01,0,16
46,0.235000,1.328660e+02,0.000000e+00,0.000000e+00,0.000000e+00,0.000000e+00,0.000000e+00,0.000000e+00,0.000000e+00,0.000000e+00,0.000000e+00,9.500000e-01,2.500000e-01,0,16
47,0.240000,1.385800e+02,0.000000e+00,0.000000e+00,0.000000e+00,0.000000e+00,0.000000e+00,0.000000e+00,0.000000e+00,0.000000e+00,0.000000e+00,9.500000e-01,2.500000e-01,0,16
48,0.245000,1.444143e+02,0.000000e+00,0.000000e+00,0.000000e+00,0.000000e+00,0.000000e+00,0.000000e+00,0.000000e+00,0.000000e+00,0.000000e+00,9.500000e-01,2.500000e-01,0,16
49,0.250000,1.503689e+02,0.000000e+00,0.000000e+00,0.000000e+00,0.000000e+00,0.000000e+00,0.000000e+00,0.000000e+00,0.000000e+00,0.000000e+00,9.500000e-01,2.500000e-01,0,16
50,0.255000,1.564438e+02,0.000000e+00,0.000000e+00,0.000000e+00,0.000000e+00,0.000000e+00,0.000000e+00,0.000000e+00,0.000000e+00,0.000000e+00,9.500000e-01,2.500000e-01,0,16
51,0.260000,1.626390e+02,0.000000e+00,0.000000e+00,0.000000e+00,0.000000e+00,0.000000e+00,0.000000e+00,0.000000e+00,0.000000e+00,0.000000e+00,9.500000e-01,2.500000e-01,0,16
52,0.265000,1.689545e+02,0.000000e+00,0.000000e+00,0.000000e+00,0.000000e+00,0.000000e+00,0.000000e+00,0.000000e+00,0.000000e+00,0.000000e+00,9.500000e-01,2.500000e-01,0,16
53,0.270000,1.753903e+02,0.000000e+00,0.000000e+00,0.000000e+00,0.000000e+00,0.000000e+00,0.000000e+00,0.000000e+00,0.000000e+00,0.000000e+00,9.500000e-01,2.500000e-01,0,16
54,0.275000,1.819464e+02,0.000000e+00,0.000000e+00,0.000000e+00,0.000000e+00,0.000000e+00,0.000000e+00,0.000000e+00,0.000000e+00,0.000000e+00,9.500000e-01,2.500000e-01,0,16
55,0.280000,1.886228e+02,0.000000e+00,0.000000e+00,0.000000e+00,0.000000e+00,0.000000e+00,0.000000e+00,0.000000e+00,0.000000e+00,0.000000e+00,9.500000e-01,2.500000e-01,0,16
56,0.285000,1.954194e+02,0.000000e+00,0.000000e+00,0.000000e+00,0.000000e+00,0.000000e+00,0.000000e+00,0.000000e+00,0.000000e+00,0.000000e+00,9.500000e-01,2.500000e-01,0,16
57,0.290000,2.023364e+02,0.000000e+00,0.000000e+00,0.000000e+00,0.000000e+00,0.000000e+00,0.000000e+00,0.000000e+00,0.000000e+00,0.000000e+00,9.500000e-01,2.500000e-01,0,16
58,0.295000,2.093737e+02,0.000000e+00,0.000000e+00,0.000000e+00,0.000000e+00,0.000000e+00,0.000000e+00,0.000000e+00,0.000000e+00,0.000000e+00,9.500000e-01,2.500000e-01,0,16
59,0.300000,2.165312e+02,0.000000e+00,0.000000e+00,0.000000e+00,0.000000e+00,0.000000e+00,0.000000e+00,0.000000e+00,0.000000e+00,0.000000e+00,9.500000e-01,2.500000e-01,0,16
60,0.305000,2.238091e+02,0.000000e+00,0.000000e+00,0.000000e+00,0.000000e+00,0.000000e+00,0.000000e+00,0.000000e+00,0.000000e+00,0.000000e+00,9.500000e-01,2.500000e-01,0,16
61,0.310000,2.312072e+02,0.000000e+00,0.000000e+00,0.000000e+00,0.000000e+00,0.000000e+00,0.000000e+00,0.000000e+00,0.000000e+00,0.000000e+00,9.500000e-01,2.500000e-01,0,16
62,0.315000,2.387257e+02,0.000000e+00,0.000000e+00,0.000000e+00,0.000000e+00,0.000000e+00,0.000000e+00,0.000000e+00,0.000000e+00,0.000000e+00,9.500000e-01,2.500000e-01,0,16
63,0.320000,2.463644e+02,0.000000e+00,0.000000e+00,0.000000e+00,0.000000e+00,0.000000e+00,0.000000e+00,0.000000e+00,0.000000e+00,0.000000e+00,9.500000e-01,2.500000e-01,0,16
64,0.325000,2.541235e+02,0.000000e+00,0.000000e+00,0.000000e+00,0.000000e+00,0.000000e+00,0.000000e+00,0.000000e+00,0.000000e+00,0.000000e+00,9.500000e-01,2.500000e-01,0,16
65,0.330000,2.620028e+02,0.000000e+00,0.000000e+00,0.000000e+00,0.000000e+00,0.000000e+00,0.000000e+00,0.000000e+00,0.000000e+00,0.000000e+00,9.500000e-01,2.500000e-01,0,16
66,0.335000,2.700024e+02,0.000000e+00,0.000000e+00,0.000000e+00,0.000000e+00,0.000000e+00,0.000000e+00,0.000000e+00,0.000000e+00,0.000000e+00,9.500000e-01,2.500000e-01,0,16
67,0.340000,2.781223e+02,0.000000e+00,0.000000e+00,0.000000e+00,0.000000e+00,0.000000e+00,0.000000e+00,0.000000e+00,0.000000e+00,0.000000e+00,9.500000e-01,2.500000e-01,0,16
68,0.345000,2.863625e+02,0.000000e+00,0.000000e+00,0.000000e+00,0.000000e+00,0.000000e+00,0.000000e+00,0.000000e+00,0.000000e+00,0.000000e+00,9.500000e-01,2.500000e-01,0,16
69,0.350000,2.947231e+02,0.000000e+00,0.000000e+00,0.000000e+00,0.000000e+00,0.000000e+00,0.000000e+00,0.000000e+00,0.000000e+00,0.000000e+00,9.500000e-01,2.500000e-01,0,16
70,0.355000,3.032039e+02,0.000000e+00,0.000000e+00,0.000000e+00,0.000000e+00,0.000000e+00,0.000000e+00,0.000000e+00,0.000000e+00,0.000000e+00,9.500000e-01,2.500000e-01,0,16
71,0.360000,3.118050e+02,0.000000e+00,0.000000e+00,0.000000e+00,0.000000e+00,0.000000e+00,0.000000e+00,0.000000e+00,0.000000e+00,0.000000e+00,9.500000e-01,2.500000e-01,0,16
72,0.365000,3.205264e+02,0.000000e+00,0.000000e+00,0.000000e+00,0.000000e+00,0.000000e+00,0.000000e+00,0.000000e+00,0.000000e+00,0.000000e+00,9.500000e-01,2.500000e-01,0,16
73,0.370000,3.293681e+02,0.000000e+00,0.000000e+00,0.000000e+00,0.000000e+00,0.000000e+00,0.000000e+00,0.000000e+00,0.000000e+00,0.000000e+00,9.500000e-01,2.500000e-01,0,16
74,0.375000,3.383300e+02,0.000000e+00,0.000000e+00,0.000000e+00,0.000000e+00,0.000000e+00,0.000000e+00,0.000000e+00,0.000000e+00,0.000000e+00,9.500000e-01,2.500000e-01,0,16
75,0.380000,3.474123e+02,0.000000e+00,0.000000e+00,0.000000e+00,0.000000e+00,0.000000e+00,0.000000e+00,0.000000e+00,0.000000e+00,0.000000e+00,9.500000e-01,2.500000e-01,0,16
76,0.385000,3.566149e+02,0.000000e+00,0.000000e+00,0.000000e+00,0.000000e+00,0.000000e+00,0.000000e+00,0.000000e+00,0.000000e+00,0.000000e+00,9.500000e-01,2.500000e-01,0,16
77,0.390000,3.659378e+02,0.000000e+00,0.000000e+00,0.000000e+00,0.000000e+00,0.000000e+00,0.000000e+00,0.000000e+00,0.000000e+00,0.000000e+00,9.500000e-01,2.500000e-01,0,16
78,0.395000,3.753809e+02,0.000000e+00,0.000000e+00,0.000000e+00,0.000000e+00,0.000000e+00,0.000000e+00,0.000000e+00,0.000000e+00,0.000000e+00,9.500000e-01,2.500000e-01,0,16
79,0.400000,3.849444e+02,0.000000e+00,0.000000e+00,0.000000e+00,0.000000e+00,0.000000e+00,0.000000e+00,0.000000e+00,0.000000e+00,0.000000e+00,9.500000e-01,2.500000e-01,0,16
80,0.405000,3.946282e+02,0.000000e+00,0.000000e+00,0.000000e+00,0.000000e+00,0.000000e+00,0.000000e+00,0.000000e+00,0.000000e+00,0.000000e+00,9.500000e-01,2.500000e-01,0,16
81,0.410000,6.965265e+01,3.706886e+02,3.901985e+02,3.706886e+02,0.000000e+00,3.901985e+02,3.706886e+02,3.706886e+02,0.000000e+00,7.727531e-01,9.500000e-01,2.500000e-01,1,20
82,0.415000,2.585697e+01,2.618326e+02,5.743695e+01,9.406812e-01,0.000000e+00,4.476354e+02,4.252537e+02,3.716292e+02,0.000000e+00,1.000000e+00,9.500000e-01,2.500000e-01,1,7
83,0.420000,1.169394e+01,2.135184e+02,1.416303e+01,0.000000e+00,0.000000e+00,4.617985e+02,4.387085e+02,3.716292e+02,0.000000e+00,0.000000e+00,9.500000e-01,2.500000e-01,0,6
84,0.425000,1.188406e+01,1.873659e+02,0.000000e+00,0.000000e+00,0.000000e+00,4.617985e+02,4.387085e+02,3.716292e+02,0.000000e+00,0.000000e+00,9.500000e-01,2.500000e-01,0,8
85,0.430000,1.031136e+01,1.705292e+02,1.572701e+00,0.000000e+00,0.000000e+00,4.633712e+02,4.402026e+02,3.716292e+02,0.000000e+00,0.000000e+00,9.500000e-01,2.500000e-01,0,8
86,0.435000,8.482241e+00,1.606497e+02,1.829121e+00,0.000000e+00,0.000000e+00,4.652003e+02,4.419403e+02,3.716292e+02,0.000000e+00,0.000000e+00,9.500000e-01,2.500000e-01,0,8
87,0.440000,7.181407e+00,1.545700e+02,1.300834e+00,0.000000e+00,0.000000e+00,4.665011e+02,4.431761e+02,3.716292e+02,0.000000e+00,0.000000e+00,9.500000e-01,2.500000e-01,0,7
88,0.445000,6.016507e+00,1.491537e+02,1.164900e+00,0.000000e+00,0.000000e+00,4.676660e+02,4.442827e+02,3.716292e+02,0.000000e+00,0.000000e+00,9.500000e-01,2.500000e-01,0,6
89,0.450000,4.987541e+00,1.453320e+02,1.028967e+00,0.000000e+00,0.000000e+00,4.686950e+02,4.452602e+02,3.716292e+02,0.000000e+00,0.000000e+00,9.500000e-01,2.500000e-01,0,3
90,0.455000,4.094507e+00,1.434605e+02,8.930332e-01,0.000000e+00,0.000000e+00,4.695880e+02,4.461086e+02,3.716292e+02,0.000000e+00,0.000000e+00,9.500000e-01,2.500000e-01,0,2
91,0.460000,3.337408e+00,1.434605e+02,7.570997e-01,0.000000e+00,0.000000e+00,4.703451e+02,4.468279e+02,3.716292e+02,0.000000e+00,0.000000e+00,9.500000e-01,2.500000e-01,0,0
92,0.465000,2.716241e+00,1.434605e+02,6.211662e-01,0.000000e+00,0.000000e+00,4.709663e+02,4.474180e+02,3.716292e+02,0.000000e+00,0.000000e+00,9.500000e-01,2.500000e-01,0,0
93,0.470000,2.231009e+00,1.434605e+02,4.852327e-01,0.000000e+00,0.000000e+00,4.714515e+02,4.478789e+02,3.716292e+02,0.000000e+00,0.000000e+00,9.500000e-01,2.500000e-01,0,0
94,0.475000,1.881710e+00,1.434605e+02,3.492992e-01,0.000000e+00,0.000000e+00,4.718008e+02,4.482108e+02,3.716292e+02,0.000000e+00,0.000000e+00,9.500000e-01,2.500000e-01,0,0
95,0.480000,1.668344e+00,1.434605e+02,2.133657e-01,0.000000e+00,0.000000e+00,4.720142e+02,4.484135e+02,3.716292e+02,0.000000e+00,0.000000e+00,9.500000e-01,2.500000e-01,0,0
96,0.485000,1.590912e+00,1.434605e+02,7.743222e-02,0.000000e+00,0.000000e+00,4.720916e+02,4.484870e+02,3.716292e+02,0.000000e+00,0.000000e+00,9.500000e-01,2.500000e-01,0,0
97,0.490000,1.649413e+00,1.434605e+02,0.000000e+00,0.000000e+00,0.000000e+00,4.720916e+02,4.484870e+02,3.716292e+02,0.000000e+00,0.000000e+00,9.500000e-01,2.500000e-01,0,0
98,0.495000,1.843848e+00,1.434605e+02,0.000000e+00,0.000000e+00,0.000000e+00,4.720916e+02,4.484870e+02,3.716292e+02,0.000000e+00,0.000000e+00,9.500000e-01,2.500000e-01,0,0
99,0.500000,2.174216e+00,1.434605e+02,0.000000e+00,0.000000e+00,0.000000e+00,4.720916e+02,4.484870e+02,3.716292e+02,0.000000e+00,0.000000e+00,9.500000e-01,2.500000e-01,0,0
100,0.505000,1.002643e+00,1.327256e+02,1.171573e+00,0.000000e+00,8.442529e+00,4.732632e+02,4.496000e+02,3.716292e+02,8.442529e+00,1.000000e+00,9.500000e-01,2.500000e-01,0,1
101,0.510000,1.141489e+00,1.300964e+02,0.000000e+00,0.000000e+00,0.000000e+00,4.732632e+02,4.496000e+02,3.716292e+02,8.442529e+00,0.000000e+00,9.500000e-01,2.500000e-01,0,1
102,0.515000,1.369789e+00,1.289044e+02,0.000000e+00,0.000000e+00,0.000000e+00,4.732632e+02,4.496000e+02,3.716292e+02,8.442529e+00,0.000000e+00,9.500000e-01,2.500000e-01,0,1
103,0.520000,1.683978e+00,1.278634e+02,0.000000e+00,0.000000e+00,0.000000e+00,4.732632e+02,4.496000e+02,3.716292e+02,8.442529e+00,0.000000e+00,9.500000e-01,2.500000e-01,0,1
104,0.525000,6.427328e-01,1.271929e+02,1.365567e+00,1.297289e+00,0.000000e+00,4.746288e+02,4.508973e+02,3.729265e+02,8.442529e+00,7.224064e-02,9.500000e-01,2.500000e-01,1,4
105,0.530000,2.834782e-01,1.259082e+02,3.592546e-01,0.000000e+00,0.000000e+00,4.749880e+02,4.512386e+02,3.729265e+02,8.442529e+00,0.000000e+00,9.500000e-01,2.500000e-01,0,3
106,0.535000,2.825774e-01,1.253704e+02,9.008415e-04,0.000000e+00,0.000000e+00,4.749889e+02,4.512395e+02,3.729265e+02,8.442529e+00,0.000000e+00,9.500000e-01,2.500000e-01,0,3
107,0.540000,2.685987e-01,1.238630e+02,1.397873e-02,0.000000e+00,0.000000e+00,4.750029e+02,4.512527e+02,3.729265e+02,8.442529e+00,0.000000e+00,9.500000e-01,2.500000e-01,0,3
108,0.545000,2.722812e-01,1.223050e+02,0.000000e+00,0.000000e+00,0.000000e+00,4.750029e+02,4.512527e+02,3.729265e+02,8.442529e+00,0.000000e+00,9.500000e-01,2.500000e-01,0,3
109,0.550000,2.654615e-01,1.218789e+02,8.943795e-03,8.496605e-03,0.000000e+00,4.750118e+02,4.512612e+02,3.729350e+02,8.442529e+00,1.913538e-02,9.500000e-01,2.500000e-01,1,4
110,0.555000,3.003421e-01,1.209601e+02,0.000000e+00,0.000000e+00,0.000000e+00,4.750118e+02,4.512612e+02,3.729350e+02,8.442529e+00,0.000000e+00,9.500000e-01,2.500000e-01,0,3
111,0.560000,3.559865e-01,1.192432e+02,0.000000e+00,0.000000e+00,0.000000e+00,4.750118e+02,4.512612e+02,3.729350e+02,8.442529e+00,0.000000e+00,9.500000e-01,2.500000e-01,0,3
112,0.565000,4.151043e-01,1.185008e+02,0.000000e+00,0.000000e+00,0.000000e+00,4.750118e+02,4.512612e+02,3.729350e+02,8.442529e+00,0.000000e+00,9.500000e-01,2.500000e-01,0,4
113,0.570000,4.959465e-01,1.180953e+02,0.000000e+00,0.000000e+00,0.000000e+00,4.750118e+02,4.512612e+02,3.729350e+02,8.442529e+00,0.000000e+00,9.500000e-01,2.500000e-01,0,4
114,0.575000,5.875153e-01,1.165968e+02,0.000000e+00,0.000000e+00,0.000000e+00,4.750118e+02,4.512612e+02,3.729350e+02,8.442529e+00,0.000000e+00,9.500000e-01,2.500000e-01,0,6
115,0.580000,7.016750e-01,1.153861e+02,0.000000e+00,0.000000e+00,0.000000e+00,4.750118e+02,4.512612e+02,3.729350e+02,8.442529e+00,0.000000e+00,9.500000e-01,2.500000e-01,0,6
116,0.585000,8.318612e-01,1.151329e+02,0.000000e+00,0.000000e+00,0.000000e+00,4.750118e+02,4.512612e+02,3.729350e+02,8.442529e+00,0.000000e+00,9.500000e-01,2.500000e-01,0,6
117,0.590000,9.779158e-01,1.141321e+02,0.000000e+00,0.000000e+00,0.000000e+00,4.750118e+02,4.512612e+02,3.729350e+02,8.442529e+00,0.000000e+00,9.500000e-01,2.500000e-01,0,6
118,0.595000,1.139750e+00,1.126400e+02,0.000000e+00,0.000000e+00,0.000000e+00,4.750118e+02,4.512612e+02,3.729350e+02,8.442529e+00,0.000000e+00,9.500000e-01,2.500000e-01,0,6
119,0.600000,1.317190e+00,1.121765e+02,0.000000e+00,0.000000e+00,0.000000e+00,4.750118e+02,4.512612e+02,3.729350e+02,8.442529e+00,0.000000e+00,9.500000e-01,2.500000e-01,0,6
120,0.605000,1.510385e+00,1.116604e+02,0.000000e+00,0.000000e+00,0.000000e+00,4.750118e+02,4.512612e+02,3.729350e+02,8.442529e+00,0.000000e+00,9.500000e-01,2.500000e-01,0,6
121,0.610000,1.719279e+00,1.102013e+02,0.000000e+00,0.000000e+00,0.000000e+00,4.750118e+02,4.512612e+02,3.729350e+02,8.442529e+00,0.000000e+00,9.500000e-01,2.500000e-01,0,6
122,0.615000,1.943850e+00,1.093491e+02,0.000000e+00,0.000000e+00,0.000000e+00,4.750118e+02,4.512612e+02,3.729350e+02,8.442529e+00,0.000000e+00,9.500000e-01,2.500000e-01,0,6
123,0.620000,2.184087e+00,1.091215e+02,0.000000e+00,0.000000e+00,0.000000e+00,4.750118e+02,4.512612e+02,3.729350e+02,8.442529e+00,0.000000e+00,9.500000e-01,2.500000e-01,0,6
124,0.625000,2.439981e+00,1.079730e+02,0.000000e+00,0.000000e+00,0.000000e+00,4.750118e+02,4.512612e+02,3.729350e+02,8.442529e+00,0.000000e+00,9.500000e-01,2.500000e-01,0,6
125,0.630000,2.711534e+00,1.067402e+02,0.000000e+00,0.000000e+00,0.000000e+00,4.750118e+02,4.512612e+02,3.729350e+02,8.442529e+00,0.000000e+00,9.500000e-01,2.500000e-01,0,5
126,0.635000,2.998731e+00,1.064986e+02,0.000000e+00,0.000000e+00,0.000000e+00,4.750118e+02,4.512612e+02,3.729350e+02,8.442529e+00,0.000000e+00,9.500000e-01,2.500000e-01,0,5
127,0.640000,1.794300e+00,1.041153e+02,1.579581e+00,0.000000e+00,1.711100e+00,4.765914e+02,4.527618e+02,3.729350e+02,1.015363e+01,1.000000e+00,9.500000e-01,2.500000e-01,1,6
128,0.645000,1.350271e+00,1.013067e+02,8.457699e-01,0.000000e+00,1.350448e+00,4.774372e+02,4.535653e+02,3.729350e+02,1.150408e+01,1.000000e+00,9.500000e-01,2.500000e-01,2,6
129,0.650000,1.074501e+00,1.007113e+02,2.757694e-01,0.000000e+00,0.000000e+00,4.777130e+02,4.538273e+02,3.729350e+02,1.150408e+01,0.000000e+00,9.500000e-01,2.500000e-01,0,7
130,0.655000,1.180173e+00,1.004381e+02,0.000000e+00,0.000000e+00,0.000000e+00,4.777130e+02,4.538273e+02,3.729350e+02,1.150408e+01,0.000000e+00,9.500000e-01,2.500000e-01,0,7
131,0.660000,1.249406e+00,9.924338e+01,0.000000e+00,0.000000e+00,0.000000e+00,4.777130e+02,4.538273e+02,3.729350e+02,1.150408e+01,0.000000e+00,9.500000e-01,2.500000e-01,0,7
132,0.665000,1.327028e+00,9.829291e+01,0.000000e+00,0.000000e+00,0.000000e+00,4.777130e+02,4.538273e+02,3.729350e+02,1.150408e+01,0.000000e+00,9.500000e-01,2.500000e-01,0,7
133,0.670000,1.412448e+00,9.814532e+01,0.000000e+00,0.000000e+00,0.000000e+00,4.777130e+02,4.538273e+02,3.729350e+02,1.150408e+01,0.000000e+00,9.500000e-01,2.500000e-01,0,7
134,0.675000,1.452274e+00,9.511877e+01,0.000000e+00,0.000000e+00,2.226379e+00,4.777130e+02,4.538273e+02,3.729350e+02,1.373046e+01,1.000000e+00,9.500000e-01,2.500000e-01,0,8
135,0.680000,1.542331e+00,9.392373e+01,0.000000e+00,0.000000e+00,0.000000e+00,4.777130e+02,4.538273e+02,3.729350e+02,1.373046e+01,0.000000e+00,9.500000e-01,2.500000e-01,0,8
136,0.685000,1.641696e+00,9.360227e+01,0.000000e+00,0.000000e+00,0.000000e+00,4.777130e+02,4.538273e+02,3.729350e+02,1.373046e+01,0.000000e+00,9.500000e-01,2.500000e-01,0,8
137,0.690000,1.746351e+00,9.322563e+01,0.000000e+00,0.000000e+00,0.000000e+00,4.777130e+02,4.538273e+02,3.729350e+02,1.373046e+01,0.000000e+00,9.500000e-01,2.500000e-01,0,8
138,0.695000,1.855382e+00,9.204341e+01,0.000000e+00,0.000000e+00,0.000000e+00,4.777130e+02,4.538273e+02,3.729350e+02,1.373046e+01,0.000000e+00,9.500000e-01,2.500000e-01,0,8
139,0.700000,1.968457e+00,9.137820e+01,0.000000e+00,0.000000e+00,0.000000e+00,4.777130e+02,4.538273e+02,3.729350e+02,1.373046e+01,0.000000e+00,9.500000e-01,2.500000e-01,0,8
140,0.705000,2.085411e+00,9.124565e+01,0.000000e+00,0.000000e+00,0.000000e+00,4.777130e+02,4.538273e+02,3.729350e+02,1.373046e+01,0.000000e+00,9.500000e-01,2.500000e-01,0,8
141,0.710000,2.206149e+00,9.032710e+01,0.000000e+00,0.000000e+00,0.000000e+00,4.777130e+02,4.538273e+02,3.729350e+02,1.373046e+01,0.000000e+00,9.500000e-01,2.500000e-01,0,8
142,0.715000,1.912551e+00,8.900734e+01,5.592355e-01,0.000000e+00,3.171252e-01,4.782722e+02,4.543586e+02,3.729350e+02,1.404758e+01,1.000000e+00,9.500000e-01,2.500000e-01,2,10
143,0.720000,1.755768e+00,8.884035e+01,1.567831e-01,0.000000e+00,0.000000e+00,4.784290e+02,4.545075e+02,3.729350e+02,1.404758e+01,0.000000e+00,9.500000e-01,2.500000e-01,0,8
144,0.725000,1.866806e+00,8.831619e+01,0.000000e+00,0.000000e+00,0.000000e+00,4.784290e+02,4.545075e+02,3.729350e+02,1.404758e+01,0.000000e+00,9.500000e-01,2.500000e-01,0,8
145,0.730000,1.976637e+00,8.717715e+01,0.000000e+00,0.000000e+00,0.000000e+00,4.784290e+02,4.545075e+02,3.729350e+02,1.404758e+01,0.000000e+00,9.500000e-01,2.500000e-01,0,5
146,0.735000,1.589600e+00,8.709608e+01,7.372125e-01,3.577580e-01,0.000000e+00,4.791662e+02,4.552079e+02,3.732928e+02,1.404758e+01,1.000000e+00,9.500000e-01,2.500000e-01,2,8
147,0.740000,1.166397e+00,8.601028e+01,1.472012e+00,0.000000e+00,8.884470e-01,4.806382e+02,4.566063e+02,3.732928e+02,1.493603e+01,1.000000e+00,9.500000e-01,2.500000e-01,3,9
148,0.745000,1.341122e+00,8.492382e+01,9.318675e-01,0.000000e+00,1.030514e-01,4.815701e+02,4.574916e+02,3.732928e+02,1.503908e+01,1.000000e+00,9.500000e-01,2.500000e-01,5,11
149,0.750000,5.368276e-01,8.412696e+01,8.042942e-01,0.000000e+00,0.000000e+00,4.823744e+02,4.582556e+02,3.732928e+02,1.503908e+01,0.000000e+00,9.500000e-01,2.500000e-01,0,12
150,0.755000,5.399170e-01,8.404445e+01,1.647674e-02,1.342022e-02,0.000000e+00,4.823908e+02,4.582713e+02,3.733062e+02,1.503908e+01,1.000000e+00,9.500000e-01,2.500000e-01,5,12
151,0.760000,6.157883e-01,8.339858e+01,0.000000e+00,0.000000e+00,0.000000e+00,4.823908e+02,4.582713e+02,3.733062e+02,1.503908e+01,0.000000e+00,9.500000e-01,2.500000e-01,0,14
152,0.765000,5.728337e-01,8.237506e+01,4.295461e-02,0.000000e+00,0.000000e+00,4.824338e+02,4.583121e+02,3.733062e+02,1.503908e+01,0.000000e+00,9.500000e-01,2.500000e-01,0,13
153,0.770000,5.132370e-01,8.211159e+01,5.959669e-02,0.000000e+00,0.000000e+00,4.824934e+02,4.583687e+02,3.733062e+02,1.503908e+01,0.000000e+00,9.500000e-01,2.500000e-01,0,10
154,0.775000,4.636790e-01,8.181820e+01,4.955798e-02,0.000000e+00,0.000000e+00,4.825429e+02,4.584158e+02,3.733062e+02,1.503908e+01,0.000000e+00,9.500000e-01,2.500000e-01,0,10
155,0.780000,4.425396e-01,8.080181e+01,2.113941e-02,0.000000e+00,0.000000e+00,4.825641e+02,4.584359e+02,3.733062e+02,1.503908e+01,0.000000e+00,9.500000e-01,2.500000e-01,0,10
156,0.785000,4.698628e-01,7.924649e+01,1.457236e-01,0.000000e+00,9.738577e-01,4.827098e+02,4.585743e+02,3.733062e+02,1.601294e+01,1.000000e+00,9.500000e-01,2.500000e-01,5,11
157,0.790000,2.955464e-01,7.911746e+01,1.743164e-01,0.000000e+00,0.000000e+00,4.828841e+02,4.587399e+02,3.733062e+02,1.601294e+01,0.000000e+00,9.500000e-01,2.500000e-01,0,10
158,0.795000,3.166487e-01,7.842832e+01,1.125453e-01,1.069180e-01,0.000000e+00,4.829967e+02,4.588468e+02,3.734131e+02,1.601294e+01,2.160065e-01,9.500000e-01,2.500000e-01,5,11
159,0.800000,1.601940e-01,7.756528e+01,1.564547e-01,0.000000e+00,0.000000e+00,4.831531e+02,4.589955e+02,3.734131e+02,1.601294e+01,0.000000e+00,9.500000e-01,2.500000e-01,0,11
160,0.805000,1.455861e-01,7.743207e+01,1.460792e-02,0.000000e+00,0.000000e+00,4.831677e+02,4.590093e+02,3.734131e+02,1.601294e+01,0.000000e+00,9.500000e-01,2.500000e-01,0,11
161,0.810000,1.505167e-01,7.693094e+01,2.629638e-02,0.000000e+00,5.398655e-02,4.831940e+02,4.590343e+02,3.734131e+02,1.606692e+01,1.000000e+00,9.500000e-01,2.500000e-01,5,11
162,0.815000,1.379255e-01,7.595035e+01,1.259117e-02,0.000000e+00,0.000000e+00,4.832066e+02,4.590463e+02,3.734131e+02,1.606692e+01,0.000000e+00,9.500000e-01,2.500000e-01,0,10
163,0.820000,1.406765e-01,7.555924e+01,1.467207e-02,0.000000e+00,2.185318e-02,4.832213e+02,4.590602e+02,3.734131e+02,1.608878e+01,1.000000e+00,9.500000e-01,2.500000e-01,5,10
164,0.825000,1.492646e-01,7.539477e+01,0.000000e+00,0.000000e+00,0.000000e+00,4.832213e+02,4.590602e+02,3.734131e+02,1.608878e+01,0.000000e+00,9.500000e-01,2.500000e-01,0,9
165,0.830000,1.493195e-01,7.452768e+01,2.925138e-04,2.778881e-04,0.000000e+00,4.832216e+02,4.590605e+02,3.734134e+02,1.608878e+01,9.070059e-03,9.500000e-01,2.500000e-01,5,10
166,0.835000,1.497908e-01,7.385230e+01,0.000000e+00,0.000000e+00,0.000000e+00,4.832216e+02,4.590605e+02,3.734134e+02,1.608878e+01,0.000000e+00,9.500000e-01,2.500000e-01,0,10
167,0.840000,1.413268e-01,7.377563e+01,8.463950e-03,0.000000e+00,0.000000e+00,4.832300e+02,4.590685e+02,3.734134e+02,1.608878e+01,0.000000e+00,9.500000e-01,2.500000e-01,0,9
168,0.845000,1.539577e-01,7.187064e+01,6.736454e-02,0.000000e+00,1.322909e+00,4.832974e+02,4.591325e+02,3.734134e+02,1.741169e+01,1.000000e+00,9.500000e-01,2.500000e-01,5,11
169,0.850000,1.639604e-01,7.098619e+01,5.334788e-02,0.000000e+00,6.307080e-03,4.833508e+02,4.591832e+02,3.734134e+02,1.741799e+01,1.000000e+00,9.500000e-01,2.500000e-01,5,10
170,0.855000,1.543473e-01,7.077373e+01,9.613085e-03,0.000000e+00,0.000000e+00,4.833604e+02,4.591924e+02,3.734134e+02,1.741799e+01,0.000000e+00,9.500000e-01,2.500000e-01,0,9
171,0.860000,1.551871e-01,7.051418e+01,4.478734e-03,4.254797e-03,0.000000e+00,4.833649e+02,4.591966e+02,3.734177e+02,1.741799e+01,1.311097e-01,9.500000e-01,2.500000e-01,5,9
172,0.865000,1.865368e-01,6.963522e+01,0.000000e+00,0.000000e+00,0.000000e+00,4.833649e+02,4.591966e+02,3.734177e+02,1.741799e+01,0.000000e+00,9.500000e-01,2.500000e-01,0,8
173,0.870000,1.929315e-01,6.918491e+01,3.410491e-02,3.239967e-02,0.000000e+00,4.833990e+02,4.592290e+02,3.734501e+02,1.741799e+01,5.119320e-01,9.500000e-01,2.500000e-01,5,9
174,0.875000,1.650973e-01,6.910312e+01,2.783419e-02,0.000000e+00,0.000000e+00,4.834268e+02,4.592555e+02,3.734501e+02,1.741799e+01,0.000000e+00,9.500000e-01,2.500000e-01,0,9
175,0.880000,1.683039e-01,6.838182e+01,1.710174e-02,0.000000e+00,4.006351e-02,4.834439e+02,4.592717e+02,3.734501e+02,1.745806e+01,1.000000e+00,9.500000e-01,2.500000e-01,5,10
176,0.885000,1.764253e-01,6.763933e+01,0.000000e+00,0.000000e+00,0.000000e+00,4.834439e+02,4.592717e+02,3.734501e+02,1.745806e+01,0.000000e+00,9.500000e-01,2.500000e-01,0,8
177,0.890000,1.719434e-01,6.753042e+01,4.481836e-03,0.000000e+00,0.000000e+00,4.834484e+02,4.592760e+02,3.734501e+02,1.745806e+01,0.000000e+00,9.500000e-01,2.500000e-01,0,8
178,0.895000,1.761300e-01,6.716735e+01,2.232858e-02,2.121215e-02,0.000000e+00,4.834707e+02,4.592972e+02,3.734713e+02,1.745806e+01,1.145769e-01,9.500000e-01,2.500000e-01,5,10
179,0.900000,1.609626e-01,6.631629e+01,1.516738e-02,0.000000e+00,0.000000e+00,4.834859e+02,4.593116e+02,3.734713e+02,1.745806e+01,0.000000e+00,9.500000e-01,2.500000e-01,0,8
180,0.905000,1.631815e-01,6.601004e+01,1.183367e-02,1.124198e-02,0.000000e+00,4.834977e+02,4.593228e+02,3.734825e+02,1.745806e+01,6.886745e-01,9.500000e-01,2.500000e-01,5,9
181,0.910000,1.710634e-01,6.584917e+01,0.000000e+00,0.000000e+00,2.180798e-02,4.834977e+02,4.593228e+02,3.734825e+02,1.747987e+01,1.000000e+00,9.500000e-01,2.500000e-01,0,9
182,0.915000,1.728292e-01,6.497489e+01,9.417727e-03,0.000000e+00,1.203581e-01,4.835071e+02,4.593318e+02,3.734825e+02,1.760022e+01,1.000000e+00,9.500000e-01,2.500000e-01,5,10
183,0.920000,1.875251e-01,6.438830e+01,0.000000e+00,0.000000e+00,0.000000e+00,4.835071e+02,4.593318e+02,3.734825e+02,1.760022e+01,0.000000e+00,9.500000e-01,2.500000e-01,0,8
184,0.925000,1.887640e-01,6.433120e+01,6.607458e-03,6.277085e-03,0.000000e+00,4.835137e+02,4.593380e+02,3.734888e+02,1.760022e+01,1.354524e-01,9.500000e-01,2.500000e-01,5,9
185,0.930000,2.094399e-01,6.382725e+01,0.000000e+00,0.000000e+00,0.000000e+00,4.835137e+02,4.593380e+02,3.734888e+02,1.760022e+01,0.000000e+00,9.500000e-01,2.500000e-01,0,8
186,0.935000,2.104157e-01,6.305976e+01,5.203798e-03,4.943608e-03,0.000000e+00,4.835189e+02,4.593430e+02,3.734937e+02,1.760022e+01,4.104674e-02,9.500000e-01,2.500000e-01,5,10
187,0.940000,2.311299e-01,6.287600e+01,0.000000e+00,0.000000e+00,0.000000e+00,4.835189e+02,4.593430e+02,3.734937e+02,1.760022e+01,0.000000e+00,9.500000e-01,2.500000e-01,0,8
188,0.945000,2.314055e-01,6.254104e+01,1.469592e-03,0.000000e+00,1.031970e-01,4.835204e+02,4.593444e+02,3.734937e+02,1.770342e+01,1.000000e+00,9.500000e-01,2.500000e-01,5,10
189,0.950000,2.290906e-01,6.176344e+01,2.314909e-03,0.000000e+00,0.000000e+00,4.835227e+02,4.593466e+02,3.734937e+02,1.770342e+01,0.000000e+00,9.500000e-01,2.500000e-01,0,9
190,0.955000,2.292527e-01,6.130196e+01,8.646819e-04,0.000000e+00,3.530426e-02,4.835236e+02,4.593474e+02,3.734937e+02,1.773873e+01,1.000000e+00,9.500000e-01,2.500000e-01,5,10
191,0.960000,2.583250e-01,6.123109e+01,0.000000e+00,0.000000e+00,0.000000e+00,4.835236e+02,4.593474e+02,3.734937e+02,1.773873e+01,0.000000e+00,9.500000e-01,2.500000e-01,0,9
192,0.965000,2.606597e-01,6.062779e+01,0.000000e+00,0.000000e+00,0.000000e+00,4.835236e+02,4.593474e+02,3.734937e+02,1.773873e+01,0.000000e+00,9.500000e-01,2.500000e-01,0,11
193,0.970000,2.624452e-01,5.998106e+01,9.522823e-03,9.046682e-03,0.000000e+00,4.835331e+02,4.593565e+02,3.735028e+02,1.773873e+01,1.148510e-02,9.500000e-01,2.500000e-01,5,12
194,0.975000,2.808146e-01,5.988598e+01,0.000000e+00,0.000000e+00,3.234499e-04,4.835331e+02,4.593565e+02,3.735028e+02,1.773905e+01,1.000000e+00,9.500000e-01,2.500000e-01,0,11
195,0.980000,2.942066e-01,5.945348e+01,0.000000e+00,0.000000e+00,9.165558e-02,4.835331e+02,4.593565e+02,3.735028e+02,1.783070e+01,1.000000e+00,9.500000e-01,2.500000e-01,0,12
196,0.985000,3.000443e-01,5.772299e+01,0.000000e+00,0.000000e+00,9.778475e-01,4.835331e+02,4.593565e+02,3.735028e+02,1.880855e+01,1.000000e+00,9.500000e-01,2.500000e-01,0,13
197,0.990000,3.007236e-01,5.744341e+01,3.622819e-03,0.000000e+00,3.466412e-03,4.835367e+02,4.593599e+02,3.735028e+02,1.881202e+01,1.000000e+00,9.500000e-01,2.500000e-01,5,14
198,0.995000,3.215968e-01,5.731893e+01,0.000000e+00,0.000000e+00,0.000000e+00,4.835367e+02,4.593599e+02,3.735028e+02,1.881202e+01,0.000000e+00,9.500000e-01,2.500000e-01,0,13
199,1.000000,3.426931e-01,5.665979e+01,0.000000e+00,0.000000e+00,0.000000e+00,4.835367e+02,4.593599e+02,3.735028e+02,1.881202e+01,0.000000e+00,9.500000e-01,2.500000e-01,0,14
200,1.005000,3.676316e-01,5.615296e+01,0.000000e+00,0.000000e+00,0.000000e+00,4.835367e+02,4.593599e+02,3.735028e+02,1.881202e+01,0.000000e+00,9.500000e-01,2.500000e-01,0,14
201,1.010000,3.996889e-01,5.609866e+01,0.000000e+00,0.000000e+00,0.000000e+00,4.835367e+02,4.593599e+02,3.735028e+02,1.881202e+01,0.000000e+00,9.500000e-01,2.500000e-01,0,13
202,1.015000,4.309125e-01,5.556177e+01,0.000000e+00,0.000000e+00,9.324762e-02,4.835367e+02,4.593599e+02,3.735028e+02,1.890527e+01,1.000000e+00,9.500000e-01,2.500000e-01,0,14
203,1.020000,4.589019e-01,5.488475e+01,0.000000e+00,0.000000e+00,6.582968e-03,4.835367e+02,4.593599e+02,3.735028e+02,1.891185e+01,1.000000e+00,9.500000e-01,2.500000e-01,0,19
204,1.025000,4.916283e-01,5.472827e+01,0.000000e+00,0.000000e+00,0.000000e+00,4.835367e+02,4.593599e+02,3.735028e+02,1.891185e+01,0.000000e+00,9.500000e-01,2.500000e-01,0,18
205,1.030000,5.321801e-01,5.452319e+01,0.000000e+00,0.000000e+00,0.000000e+00,4.835367e+02,4.593599e+02,3.735028e+02,1.891185e+01,0.000000e+00,9.500000e-01,2.500000e-01,0,18
206,1.035000,5.769575e-01,5.384442e+01,0.000000e+00,0.000000e+00,0.000000e+00,4.835367e+02,4.593599e+02,3.735028e+02,1.891185e+01,0.000000e+00,9.500000e-01,2.500000e-01,0,17
207,1.040000,6.294391e-01,5.347790e+01,0.000000e+00,0.000000e+00,0.000000e+00,4.835367e+02,4.593599e+02,3.735028e+02,1.891185e+01,0.000000e+00,9.500000e-01,2.500000e-01,0,15
208,1.045000,6.786289e-01,5.338305e+01,0.000000e+00,0.000000e+00,3.217854e-02,4.835367e+02,4.593599e+02,3.735028e+02,1.894403e+01,1.000000e+00,9.500000e-01,2.500000e-01,0,17
209,1.050000,7.362279e-01,5.285393e+01,0.000000e+00,0.000000e+00,0.000000e+00,4.835367e+02,4.593599e+02,3.735028e+02,1.894403e+01,0.000000e+00,9.500000e-01,2.500000e-01,0,17
210,1.055000,8.002549e-01,5.228517e+01,0.000000e+00,0.000000e+00,0.000000e+00,4.835367e+02,4.593599e+02,3.735028e+02,1.894403e+01,0.000000e+00,9.500000e-01,2.500000e-01,0,17
211,1.060000,6.038910e-01,5.266089e+01,6.830045e-01,4.564236e-01,0.000000e+00,4.842197e+02,4.600087e+02,3.739592e+02,1.894403e+01,1.000000e+00,9.500000e-01,2.500000e-01,3,16
212,1.065000,5.796864e-01,5.234857e+01,4.840932e-01,2.727903e-02,0.000000e+00,4.847038e+02,4.604686e+02,3.739865e+02,1.894403e+01,1.000000e+00,9.500000e-01,2.500000e-01,4,12
213,1.070000,2.005291e-01,5.167618e+01,3.791573e-01,0.000000e+00,0.000000e+00,4.850830e+02,4.608288e+02,3.739865e+02,1.894403e+01,0.000000e+00,9.500000e-01,2.500000e-01,0,12
214,1.075000,1.873028e-01,5.143573e+01,1.322629e-02,0.000000e+00,0.000000e+00,4.850962e+02,4.608414e+02,3.739865e+02,1.894403e+01,0.000000e+00,9.500000e-01,2.500000e-01,0,11
215,1.080000,1.956765e-01,5.127986e+01,4.465997e-02,0.000000e+00,3.530023e-02,4.851409e+02,4.608838e+02,3.739865e+02,1.897933e+01,1.000000e+00,9.500000e-01,2.500000e-01,5,10
216,1.085000,1.398646e-01,5.068233e+01,5.581191e-02,0.000000e+00,0.000000e+00,4.851967e+02,4.609368e+02,3.739865e+02,1.897933e+01,0.000000e+00,9.500000e-01,2.500000e-01,0,10
217,1.090000,1.213364e-01,5.023592e+01,1.852827e-02,0.000000e+00,0.000000e+00,4.852152e+02,4.609545e+02,3.739865e+02,1.897933e+01,0.000000e+00,9.500000e-01,2.500000e-01,0,8
218,1.095000,1.249888e-01,5.019313e+01,1.947952e-02,7.001357e-03,0.000000e+00,4.852347e+02,4.609730e+02,3.739935e+02,1.897933e+01,1.000000e+00,9.500000e-01,2.500000e-01,5,9
219,1.100000,1.070246e-01,4.978551e+01,1.796417e-02,0.000000e+00,0.000000e+00,4.852527e+02,4.609900e+02,3.739935e+02,1.897933e+01,0.000000e+00,9.500000e-01,2.500000e-01,0,8
220,1.105000,1.017975e-01,4.918841e+01,5.227106e-03,0.000000e+00,0.000000e+00,4.852579e+02,4.609950e+02,3.739935e+02,1.897933e+01,0.000000e+00,9.500000e-01,2.500000e-01,0,8
221,1.110000,1.047376e-01,4.899532e+01,1.568041e-02,0.000000e+00,5.868839e-02,4.852736e+02,4.610099e+02,3.739935e+02,1.903802e+01,1.000000e+00,9.500000e-01,2.500000e-01,5,9
222,1.115000,1.126451e-01,4.880262e+01,0.000000e+00,0.000000e+00,0.000000e+00,4.852736e+02,4.610099e+02,3.739935e+02,1.903802e+01,0.000000e+00,9.500000e-01,2.500000e-01,0,8
223,1.120000,1.233648e-01,4.815963e+01,0.000000e+00,0.000000e+00,3.200441e-02,4.852736e+02,4.610099e+02,3.739935e+02,1.907002e+01,1.000000e+00,9.500000e-01,2.500000e-01,0,9
224,1.125000,1.289231e-01,4.753176e+01,0.000000e+00,0.000000e+00,3.010875e-01,4.852736e+02,4.610099e+02,3.739935e+02,1.937111e+01,1.000000e+00,9.500000e-01,2.500000e-01,0,11
225,1.130000,1.458452e-01,4.755360e+01,9.025131e-02,8.573875e-02,0.000000e+00,4.853638e+02,4.610956e+02,3.740792e+02,1.937111e+01,4.203481e-01,9.500000e-01,2.500000e-01,5,13
226,1.135000,1.652617e-01,4.717041e+01,1.035545e-01,9.837680e-02,0.000000e+00,4.854674e+02,4.611940e+02,3.741776e+02,1.937111e+01,7.952593e-01,9.500000e-01,2.500000e-01,5,10
227,1.140000,8.448755e-02,4.666823e+01,8.077416e-02,0.000000e+00,0.000000e+00,4.855481e+02,4.612707e+02,3.741776e+02,1.937111e+01,0.000000e+00,9.500000e-01,2.500000e-01,0,10
228,1.145000,8.035906e-02,4.659921e+01,4.128484e-03,0.000000e+00,0.000000e+00,4.855523e+02,4.612747e+02,3.741776e+02,1.937111e+01,0.000000e+00,9.500000e-01,2.500000e-01,0,10
229,1.150000,7.136311e-02,4.632111e+01,8.995954e-03,0.000000e+00,0.000000e+00,4.855613e+02,4.612832e+02,3.741776e+02,1.937111e+01,0.000000e+00,9.500000e-01,2.500000e-01,0,10
230,1.155000,7.643985e-02,4.475071e+01,2.707596e-02,0.000000e+00,9.851585e-01,4.855883e+02,4.613089e+02,3.741776e+02,2.035627e+01,1.000000e+00,9.500000e-01,2.500000e-01,5,12
231,1.160000,4.793356e-02,4.454619e+01,2.850630e-02,0.000000e+00,0.000000e+00,4.856168e+02,4.613360e+02,3.741776e+02,2.035627e+01,0.000000e+00,9.500000e-01,2.500000e-01,0,10
232,1.165000,4.924227e-02,4.444705e+01,6.979822e-03,6.630830e-03,0.000000e+00,4.856238e+02,4.613426e+02,3.741842e+02,2.035627e+01,1.158026e-02,9.500000e-01,2.500000e-01,5,11
233,1.170000,5.379497e-02,4.392772e+01,0.000000e+00,0.000000e+00,0.000000e+00,4.856238e+02,4.613426e+02,3.741842e+02,2.035627e+01,0.000000e+00,9.500000e-01,2.500000e-01,0,10
234,1.175000,5.341980e-02,4.354630e+01,3.751711e-04,0.000000e+00,0.000000e+00,4.856242e+02,4.613430e+02,3.741842e+02,2.035627e+01,0.000000e+00,9.500000e-01,2.500000e-01,0,10
235,1.180000,5.682322e-02,4.308719e+01,1.815156e-02,0.000000e+00,4.173982e-01,4.856424e+02,4.613602e+02,3.741842e+02,2.077366e+01,1.000000e+00,9.500000e-01,2.500000e-01,5,13
236,1.185000,4.248458e-02,4.273357e+01,1.433864e-02,0.000000e+00,0.000000e+00,4.856567e+02,4.613739e+02,3.741842e+02,2.077366e+01,0.000000e+00,9.500000e-01,2.500000e-01,0,10
237,1.190000,4.350588e-02,4.163360e+01,5.446918e-03,0.000000e+00,5.853062e-01,4.856621e+02,4.613790e+02,3.741842e+02,2.135897e+01,1.000000e+00,9.500000e-01,2.500000e-01,5,12
238,1.195000,4.705048e-02,4.151690e+01,0.000000e+00,0.000000e+00,0.000000e+00,4.856621e+02,4.613790e+02,3.741842e+02,2.135897e+01,0.000000e+00,9.500000e-01,2.500000e-01,0,10
239,1.200000,4.806732e-02,4.135505e+01,5.423160e-03,5.152002e-03,0.000000e+00,4.856676e+02,4.613842e+02,3.741894e+02,2.135897e+01,7.891932e-03,9.500000e-01,2.500000e-01,5,11
240,1.205000,5.393399e-02,4.083606e+01,0.000000e+00,0.000000e+00,0.000000e+00,4.856676e+02,4.613842e+02,3.741894e+02,2.135897e+01,0.000000e+00,9.500000e-01,2.500000e-01,0,10
241,1.210000,5.511407e-02,4.057288e+01,6.293781e-03,5.979092e-03,0.000000e+00,4.856739e+02,4.613902e+02,3.741954e+02,2.135897e+01,2.515709e-02,9.500000e-01,2.500000e-01,5,12
242,1.215000,5.941485e-02,4.052182e+01,0.000000e+00,0.000000e+00,0.000000e+00,4.856739e+02,4.613902e+02,3.741954e+02,2.135897e+01,0.000000e+00,9.500000e-01,2.500000e-01,0,10
243,1.220000,6.049964e-02,4.011166e+01,0.000000e+00,0.000000e+00,0.000000e+00,4.856739e+02,4.613902e+02,3.741954e+02,2.135897e+01,0.000000e+00,9.500000e-01,2.500000e-01,0,10
244,1.225000,6.188915e-02,3.911098e+01,7.410708e-03,0.000000e+00,5.761153e-01,4.856813e+02,4.613972e+02,3.741954e+02,2.193509e+01,1.000000e+00,9.500000e-01,2.500000e-01,5,12
245,1.230000,5.929488e-02,3.905029e+01,2.594272e-03,0.000000e+00,0.000000e+00,4.856839e+02,4.613997e+02,3.741954e+02,2.193509e+01,0.000000e+00,9.500000e-01,2.500000e-01,0,11
246,1.235000,5.309723e-02,3.880920e+01,6.197644e-03,0.000000e+00,0.000000e+00,4.856901e+02,4.614056e+02,3.741954e+02,2.193509e+01,0.000000e+00,9.500000e-01,2.500000e-01,0,12
247,1.240000,5.358863e-02,3.832142e+01,2.620791e-03,2.489751e-03,0.000000e+00,4.856927e+02,4.614080e+02,3.741979e+02,2.193509e+01,8.278511e-02,9.500000e-01,2.500000e-01,5,14
248,1.245000,5.559017e-02,3.815404e+01,0.000000e+00,0.000000e+00,0.000000e+00,4.856927e+02,4.614080e+02,3.741979e+02,2.193509e+01,0.000000e+00,9.500000e-01,2.500000e-01,0,11
249,1.250000,5.615242e-02,3.751834e+01,0.000000e+00,0.000000e+00,5.448182e-01,4.856927e+02,4.614080e+02,3.741979e+02,2.247990e+01,1.000000e+00,9.500000e-01,2.500000e-01,0,12
250,1.255000,5.879794e-02,3.705705e+01,0.000000e+00,0.000000e+00,1.957039e-02,4.856927e+02,4.614080e+02,3.741979e+02,2.249947e+01,1.000000e+00,9.500000e-01,2.500000e-01,0,13
251,1.260000,6.339820e-02,3.673423e+01,0.000000e+00,0.000000e+00,0.000000e+00,4.856927e+02,4.614080e+02,3.741979e+02,2.249947e+01,0.000000e+00,9.500000e-01,2.500000e-01,0,13
252,1.265000,6.672628e-02,3.669865e+01,0.000000e+00,0.000000e+00,0.000000e+00,4.856927e+02,4.614080e+02,3.741979e+02,2.249947e+01,0.000000e+00,9.500000e-01,2.500000e-01,0,14
253,1.270000,7.461836e-02,3.639759e+01,0.000000e+00,0.000000e+00,0.000000e+00,4.856927e+02,4.614080e+02,3.741979e+02,2.249947e+01,0.000000e+00,9.500000e-01,2.500000e-01,0,14
254,1.275000,8.418989e-02,3.596334e+01,0.000000e+00,0.000000e+00,0.000000e+00,4.856927e+02,4.614080e+02,3.741979e+02,2.249947e+01,0.000000e+00,9.500000e-01,2.500000e-01,0,14
255,1.280000,9.544830e-02,3.586844e+01,0.000000e+00,0.000000e+00,0.000000e+00,4.856927e+02,4.614080e+02,3.741979e+02,2.249947e+01,0.000000e+00,9.500000e-01,2.500000e-01,0,14
256,1.285000,1.085108e-01,3.572494e+01,0.000000e+00,0.000000e+00,0.000000e+00,4.856927e+02,4.614080e+02,3.741979e+02,2.249947e+01,0.000000e+00,9.500000e-01,2.500000e-01,0,14
257,1.290000,1.237080e-01,3.527764e+01,0.000000e+00,0.000000e+00,0.000000e+00,4.856927e+02,4.614080e+02,3.741979e+02,2.249947e+01,0.000000e+00,9.500000e-01,2.500000e-01,0,12
258,1.295000,1.408935e-01,3.504439e+01,0.000000e+00,0.000000e+00,3.574056e-03,4.856927e+02,4.614080e+02,3.741979e+02,2.250305e+01,1.000000e+00,9.500000e-01,2.500000e-01,0,14
259,1.300000,1.604513e-01,3.500025e+01,0.000000e+00,0.000000e+00,0.000000e+00,4.856927e+02,4.614080e+02,3.741979e+02,2.250305e+01,0.000000e+00,9.500000e-01,2.500000e-01,0,12
260,1.305000,1.823348e-01,3.464471e+01,0.000000e+00,0.000000e+00,0.000000e+00,4.856927e+02,4.614080e+02,3.741979e+02,2.250305e+01,0.000000e+00,9.500000e-01,2.500000e-01,0,12
261,1.310000,1.864679e-01,3.427985e+01,0.000000e+00,0.000000e+00,0.000000e+00,4.856927e+02,4.614080e+02,3.741979e+02,2.250305e+01,0.000000e+00,9.500000e-01,2.500000e-01,0,14
262,1.315000,2.083152e-01,3.422991e+01,0.000000e+00,0.000000e+00,1.453519e-03,4.856927e+02,4.614080e+02,3.741979e+02,2.250450e+01,1.000000e+00,9.500000e-01,2.500000e-01,0,12
263,1.320000,2.039246e-01,3.392402e+01,8.781196e-02,0.000000e+00,9.861652e-02,4.857805e+02,4.614915e+02,3.741979e+02,2.260312e+01,1.000000e+00,9.500000e-01,2.500000e-01,4,16
264,1.325000,2.401624e-01,3.336767e+01,1.932684e-01,0.000000e+00,1.285210e-01,4.859738e+02,4.616751e+02,3.741979e+02,2.273164e+01,1.000000e+00,9.500000e-01,2.500000e-01,5,15
265,1.330000,4.296700e-02,3.322110e+01,1.971954e-01,0.000000e+00,0.000000e+00,4.861710e+02,4.618624e+02,3.741979e+02,2.273164e+01,0.000000e+00,9.500000e-01,2.500000e-01,0,13
266,1.335000,4.305308e-02,3.314377e+01,4.591117e-04,4.361561e-04,0.000000e+00,4.861714e+02,4.618628e+02,3.741983e+02,2.273164e+01,3.050134e-02,9.500000e-01,2.500000e-01,5,14
267,1.340000,5.418552e-02,3.275685e+01,0.000000e+00,0.000000e+00,0.000000e+00,4.861714e+02,4.618628e+02,3.741983e+02,2.273164e+01,0.000000e+00,9.500000e-01,2.500000e-01,0,13
268,1.345000,5.648376e-02,3.247866e+01,1.225725e-02,4.398062e-03,0.000000e+00,4.861837e+02,4.618745e+02,3.742027e+02,2.273164e+01,1.000000e+00,9.500000e-01,2.500000e-01,5,15
269,1.350000,5.166667e-02,3.244818e+01,4.817084e-03,0.000000e+00,0.000000e+00,4.861885e+02,4.618791e+02,3.742027e+02,2.273164e+01,0.000000e+00,9.500000e-01,2.500000e-01,0,13
270,1.355000,5.403434e-02,3.137883e+01,1.262755e-02,0.000000e+00,8.026665e-01,4.862011e+02,4.618911e+02,3.742027e+02,2.353431e+01,1.000000e+00,9.500000e-01,2.500000e-01,5,14
271,1.360000,5.461933e-02,3.098795e+01,3.119945e-03,0.000000e+00,1.199992e-02,4.862042e+02,4.618940e+02,3.742027e+02,2.354631e+01,1.000000e+00,9.500000e-01,2.500000e-01,5,13
272,1.365000,7.585177e-02,3.090469e+01,0.000000e+00,0.000000e+00,0.000000e+00,4.862042e+02,4.618940e+02,3.742027e+02,2.354631e+01,0.000000e+00,9.500000e-01,2.500000e-01,0,12
273,1.370000,7.689683e-02,3.078558e+01,5.573702e-03,5.295017e-03,0.000000e+00,4.862098e+02,4.618993e+02,3.742080e+02,2.354631e+01,1.603535e-01,9.500000e-01,2.500000e-01,5,13
274,1.375000,8.175388e-02,3.039971e+01,0.000000e+00,0.000000e+00,0.000000e+00,4.862098e+02,4.618993e+02,3.742080e+02,2.354631e+01,0.000000e+00,9.500000e-01,2.500000e-01,0,13
275,1.380000,8.313908e-02,3.020772e+01,7.387769e-03,6.029181e-03,0.000000e+00,4.862172e+02,4.619063e+02,3.742140e+02,2.354631e+01,1.000000e+00,9.500000e-01,2.500000e-01,5,14
276,1.385000,8.327530e-02,3.016952e+01,0.000000e+00,0.000000e+00,0.000000e+00,4.862172e+02,4.619063e+02,3.742140e+02,2.354631e+01,0.000000e+00,9.500000e-01,2.500000e-01,0,12
277,1.390000,8.416244e-02,2.985464e+01,4.731443e-03,0.000000e+00,8.349571e-03,4.862219e+02,4.619108e+02,3.742140e+02,2.355466e+01,1.000000e+00,9.500000e-01,2.500000e-01,5,15
278,1.395000,8.973714e-02,2.954012e+01,0.000000e+00,0.000000e+00,0.000000e+00,4.862219e+02,4.619108e+02,3.742140e+02,2.355466e+01,0.000000e+00,9.500000e-01,2.500000e-01,0,14
279,1.400000,8.311786e-02,2.949827e+01,6.619281e-03,0.000000e+00,0.000000e+00,4.862286e+02,4.619171e+02,3.742140e+02,2.355466e+01,0.000000e+00,9.500000e-01,2.500000e-01,0,13
280,1.405000,8.620526e-02,2.933525e+01,1.646615e-02,1.564284e-02,0.000000e+00,4.862450e+02,4.619328e+02,3.742297e+02,2.355466e+01,1.982694e-02,9.500000e-01,2.500000e-01,5,14
281,1.410000,7.161621e-02,2.896544e+01,1.458905e-02,0.000000e+00,0.000000e+00,4.862596e+02,4.619466e+02,3.742297e+02,2.355466e+01,0.000000e+00,9.500000e-01,2.500000e-01,0,13
282,1.415000,7.259301e-02,2.884308e+01,5.209609e-03,4.949129e-03,0.000000e+00,4.862648e+02,4.619516e+02,3.742346e+02,2.355466e+01,7.212086e-02,9.500000e-01,2.500000e-01,5,14
283,1.420000,7.574231e-02,2.875310e+01,1.679626e-02,0.000000e+00,2.277185e-02,4.862816e+02,4.619675e+02,3.742346e+02,2.357743e+01,1.000000e+00,9.500000e-01,2.500000e-01,5,15
284,1.425000,8.513656e-02,2.841776e+01,0.000000e+00,0.000000e+00,0.000000e+00,4.862816e+02,4.619675e+02,3.742346e+02,2.357743e+01,0.000000e+00,9.500000e-01,2.500000e-01,0,15
285,1.430000,7.871394e-02,2.817210e+01,6.422622e-03,0.000000e+00,0.000000e+00,4.862880e+02,4.619736e+02,3.742346e+02,2.357743e+01,0.000000e+00,9.500000e-01,2.500000e-01,0,14
286,1.435000,8.250004e-02,2.816487e+01,2.019254e-02,1.918291e-02,0.000000e+00,4.863082e+02,4.619928e+02,3.742538e+02,2.357743e+01,5.415540e-02,9.500000e-01,2.500000e-01,5,15
287,1.440000,5.722273e-02,2.793364e+01,2.527730e-02,0.000000e+00,0.000000e+00,4.863335e+02,4.620168e+02,3.742538e+02,2.357743e+01,0.000000e+00,9.500000e-01,2.500000e-01,0,14
288,1.445000,5.402852e-02,2.760100e+01,3.194212e-03,0.000000e+00,0.000000e+00,4.863367e+02,4.620199e+02,3.742538e+02,2.357743e+01,0.000000e+00,9.500000e-01,2.500000e-01,0,13
289,1.450000,5.625662e-02,2.748412e+01,1.188319e-02,0.000000e+00,4.472637e-02,4.863486e+02,4.620312e+02,3.742538e+02,2.362215e+01,1.000000e+00,9.500000e-01,2.500000e-01,5,14
290,1.455000,3.948330e-02,2.737276e+01,1.677332e-02,0.000000e+00,0.000000e+00,4.863654e+02,4.620471e+02,3.742538e+02,2.362215e+01,0.000000e+00,9.500000e-01,2.500000e-01,0,13
291,1.460000,4.097833e-02,2.644994e+01,7.973519e-03,0.000000e+00,5.793626e-01,4.863733e+02,4.620547e+02,3.742538e+02,2.420152e+01,1.000000e+00,9.500000e-01,2.500000e-01,5,14
292,1.465000,4.203184e-02,2.627110e+01,0.000000e+00,0.000000e+00,0.000000e+00,4.863733e+02,4.620547e+02,3.742538e+02,2.420152e+01,0.000000e+00,9.500000e-01,2.500000e-01,0,13
293,1.470000,4.287175e-02,2.624099e+01,4.479526e-03,4.255550e-03,0.000000e+00,4.863778e+02,4.620589e+02,3.742580e+02,2.420152e+01,2.403842e-01,9.500000e-01,2.500000e-01,5,14
294,1.475000,4.535513e-02,2.597533e+01,0.000000e+00,0.000000e+00,0.000000e+00,4.863778e+02,4.620589e+02,3.742580e+02,2.420152e+01,0.000000e+00,9.500000e-01,2.500000e-01,0,13
295,1.480000,4.762295e-02,2.571059e+01,1.209503e-02,1.149028e-02,0.000000e+00,4.863899e+02,4.620704e+02,3.742695e+02,2.420152e+01,2.620884e-02,9.500000e-01,2.500000e-01,5,14
296,1.485000,4.602112e-02,2.567275e+01,1.601829e-03,0.000000e+00,0.000000e+00,4.863915e+02,4.620719e+02,3.742695e+02,2.420152e+01,0.000000e+00,9.500000e-01,2.500000e-01,0,13
297,1.490000,4.344501e-02,2.551952e+01,2.576116e-03,0.000000e+00,0.000000e+00,4.863941e+02,4.620744e+02,3.742695e+02,2.420152e+01,0.000000e+00,9.500000e-01,2.500000e-01,0,13
298,1.495000,4.581723e-02,2.454650e+01,1.265186e-02,0.000000e+00,6.508103e-01,4.864067e+02,4.620864e+02,3.742695e+02,2.485233e+01,1.000000e+00,9.500000e-01,2.500000e-01,5,16
299,1.500000,2.953634e-02,2.443256e+01,1.628089e-02,0.000000e+00,0.000000e+00,4.864230e+02,4.621019e+02,3.742695e+02,2.485233e+01,0.000000e+00,9.500000e-01,2.500000e-01,0,13
300,1.505000,3.061469e-02,2.437863e+01,5.751220e-03,5.463659e-03,0.000000e+00,4.864288e+02,4.621073e+02,3.742750e+02,2.485233e+01,1.259735e-02,9.500000e-01,2.500000e-01,5,14
301,1.510000,3.236362e-02,2.409296e+01,0.000000e+00,0.000000e+00,0.000000e+00,4.864288e+02,4.621073e+02,3.742750e+02,2.485233e+01,0.000000e+00,9.500000e-01,2.500000e-01,0,13
302,1.515000,3.354930e-02,2.389008e+01,6.323605e-03,6.007424e-03,0.000000e+00,4.864351e+02,4.621133e+02,3.742810e+02,2.485233e+01,2.157512e-02,9.500000e-01,2.500000e-01,5,15
303,1.520000,3.150080e-02,2.386721e+01,2.048498e-03,0.000000e+00,0.000000e+00,4.864371e+02,4.621153e+02,3.742810e+02,2.485233e+01,0.000000e+00,9.500000e-01,2.500000e-01,0,13
304,1.525000,3.245784e-02,2.309888e+01,5.104223e-03,0.000000e+00,5.722561e-01,4.864422e+02,4.621201e+02,3.742810e+02,2.542458e+01,1.000000e+00,9.500000e-01,2.500000e-01,5,14
305,1.530000,3.485720e-02,2.282072e+01,0.000000e+00,0.000000e+00,0.000000e+00,4.864422e+02,4.621201e+02,3.742810e+02,2.542458e+01,0.000000e+00,9.500000e-01,2.500000e-01,0,13
306,1.535000,3.651105e-02,2.275968e+01,0.000000e+00,0.000000e+00,0.000000e+00,4.864422e+02,4.621201e+02,3.742810e+02,2.542458e+01,0.000000e+00,9.500000e-01,2.500000e-01,0,13
307,1.540000,3.808738e-02,2.267668e+01,8.407061e-03,7.986708e-03,0.000000e+00,4.864506e+02,4.621281e+02,3.742890e+02,2.542458e+01,1.314975e-02,9.500000e-01,2.500000e-01,5,15
308,1.545000,3.271725e-02,2.239274e+01,5.370122e-03,0.000000e+00,0.000000e+00,4.864560e+02,4.621332e+02,3.742890e+02,2.542458e+01,0.000000e+00,9.500000e-01,2.500000e-01,0,15
309,1.550000,3.428631e-02,2.225463e+01,8.368324e-03,7.949907e-03,0.000000e+00,4.864644e+02,4.621412e+02,3.742969e+02,2.542458e+01,6.454224e-01,9.500000e-01,2.500000e-01,5,16
310,1.555000,3.419178e-02,2.222671e+01,9.453759e-05,0.000000e+00,0.000000e+00,4.864645e+02,4.621413e+02,3.742969e+02,2.542458e+01,0.000000e+00,9.500000e-01,2.500000e-01,0,13
311,1.560000,3.506290e-02,2.143312e+01,4.646013e-03,0.000000e+00,5.681529e-01,4.864691e+02,4.621457e+02,3.742969e+02,2.599274e+01,1.000000e+00,9.500000e-01,2.500000e-01,5,16
312,1.565000,3.596676e-02,2.119463e+01,4.820590e-03,0.000000e+00,8.630044e-03,4.864739e+02,4.621503e+02,3.742969e+02,2.600137e+01,1.000000e+00,9.500000e-01,2.500000e-01,5,14
313,1.570000,4.326541e-02,2.116303e+01,0.000000e+00,0.000000e+00,0.000000e+00,4.864739e+02,4.621503e+02,3.742969e+02,2.600137e+01,0.000000e+00,9.500000e-01,2.500000e-01,0,13
314,1.575000,4.175891e-02,2.103458e+01,1.506495e-03,0.000000e+00,0.000000e+00,4.864755e+02,4.621517e+02,3.742969e+02,2.600137e+01,0.000000e+00,9.500000e-01,2.500000e-01,0,15
315,1.580000,4.366717e-02,2.077864e+01,1.017738e-02,9.668509e-03,0.000000e+00,4.864856e+02,4.621614e+02,3.743066e+02,2.600137e+01,1.543174e-02,9.500000e-01,2.500000e-01,5,17
316,1.585000,2.301040e-02,2.068670e+01,2.065677e-02,0.000000e+00,0.000000e+00,4.865063e+02,4.621810e+02,3.743066e+02,2.600137e+01,0.000000e+00,9.500000e-01,2.500000e-01,0,16
317,1.590000,2.124734e-02,2.063855e+01,1.763061e-03,0.000000e+00,0.000000e+00,4.865081e+02,4.621826e+02,3.743066e+02,2.600137e+01,0.000000e+00,9.500000e-01,2.500000e-01,0,16
318,1.595000,2.199153e-02,2.038581e+01,3.969042e-03,0.000000e+00,1.206486e-02,4.865120e+02,4.621864e+02,3.743066e+02,2.601343e+01,1.000000e+00,9.500000e-01,2.500000e-01,5,17
319,1.600000,2.079559e-02,2.020939e+01,1.195945e-03,0.000000e+00,0.000000e+00,4.865132e+02,4.621876e+02,3.743066e+02,2.601343e+01,0.000000e+00,9.500000e-01,2.500000e-01,0,15
320,1.605000,2.222744e-02,2.019764e+01,7.636522e-03,7.254696e-03,0.000000e+00,4.865209e+02,4.621948e+02,3.743139e+02,2.601343e+01,2.910751e-02,9.500000e-01,2.500000e-01,5,17
321,1.610000,2.004292e-02,2.003203e+01,2.184513e-03,0.000000e+00,0.000000e+00,4.865230e+02,4.621969e+02,3.743139e+02,2.601343e+01,0.000000e+00,9.500000e-01,2.500000e-01,0,14
322,1.615000,2.065960e-02,1.979649e+01,3.288937e-03,3.124490e-03,0.000000e+00,4.865263e+02,4.622000e+02,3.743170e+02,2.601343e+01,7.575250e-03,9.500000e-01,2.500000e-01,5,17
323,1.620000,2.189460e-02,1.974457e+01,0.000000e+00,0.000000e+00,0.000000e+00,4.865263e+02,4.622000e+02,3.743170e+02,2.601343e+01,0.000000e+00,9.500000e-01,2.500000e-01,0,13
324,1.625000,2.280167e-02,1.921217e+01,4.837754e-03,0.000000e+00,4.533245e-01,4.865312e+02,4.622046e+02,3.743170e+02,2.646675e+01,1.000000e+00,9.500000e-01,2.500000e-01,5,14
325,1.630000,2.297216e-02,1.894447e+01,9.092695e-04,0.000000e+00,2.423785e-02,4.865321e+02,4.622055e+02,3.743170e+02,2.649099e+01,1.000000e+00,9.500000e-01,2.500000e-01,5,14
326,1.635000,3.275596e-02,1.881867e+01,0.000000e+00,0.000000e+00,0.000000e+00,4.865321e+02,4.622055e+02,3.743170e+02,2.649099e+01,0.000000e+00,9.500000e-01,2.500000e-01,0,13
327,1.640000,3.420077e-02,1.880233e+01,7.705656e-03,7.320373e-03,0.000000e+00,4.865398e+02,4.622128e+02,3.743243e+02,2.649099e+01,2.175203e-02,9.500000e-01,2.500000e-01,5,14
328,1.645000,3.651224e-02,1.861228e+01,0.000000e+00,0.000000e+00,0.000000e+00,4.865398e+02,4.622128e+02,3.743243e+02,2.649099e+01,0.000000e+00,9.500000e-01,2.500000e-01,0,13
329,1.650000,3.775115e-02,1.842135e+01,6.607525e-03,6.277148e-03,0.000000e+00,4.865464e+02,4.622191e+02,3.743306e+02,2.649099e+01,1.819562e-02,9.500000e-01,2.500000e-01,5,16
330,1.655000,4.043019e-02,1.839465e+01,0.000000e+00,0.000000e+00,0.000000e+00,4.865464e+02,4.622191e+02,3.743306e+02,2.649099e+01,0.000000e+00,9.500000e-01,2.500000e-01,0,13
331,1.660000,4.251028e-02,1.781310e+01,1.109378e-02,0.000000e+00,4.715038e-01,4.865575e+02,4.622296e+02,3.743306e+02,2.696250e+01,1.000000e+00,9.500000e-01,2.500000e-01,5,16
332,1.665000,3.741091e-02,1.758441e+01,5.099373e-03,0.000000e+00,0.000000e+00,4.865626e+02,4.622345e+02,3.743306e+02,2.696250e+01,0.000000e+00,9.500000e-01,2.500000e-01,0,13
333,1.670000,3.565753e-02,1.750330e+01,1.753372e-03,0.000000e+00,0.000000e+00,4.865643e+02,4.622361e+02,3.743306e+02,2.696250e+01,0.000000e+00,9.500000e-01,2.500000e-01,0,13
334,1.675000,3.833565e-02,1.747681e+01,1.428329e-02,1.356912e-02,0.000000e+00,4.865786e+02,4.622497e+02,3.743442e+02,2.696250e+01,2.873500e-02,9.500000e-01,2.500000e-01,5,16
335,1.680000,2.663154e-02,1.727378e+01,1.170411e-02,0.000000e+00,0.000000e+00,4.865903e+02,4.622608e+02,3.743442e+02,2.696250e+01,0.000000e+00,9.500000e-01,2.500000e-01,0,13
336,1.685000,2.765724e-02,1.712734e+01,5.470400e-03,5.196880e-03,0.000000e+00,4.865958e+02,4.622660e+02,3.743494e+02,2.696250e+01,2.169636e-02,9.500000e-01,2.500000e-01,5,14
337,1.690000,3.110239e-02,1.711097e+01,0.000000e+00,0.000000e+00,0.000000e+00,4.865958e+02,4.622660e+02,3.743494e+02,2.696250e+01,0.000000e+00,9.500000e-01,2.500000e-01,0,13
338,1.695000,3.214975e-02,1.647053e+01,5.585886e-03,0.000000e+00,5.021207e-01,4.866014e+02,4.622713e+02,3.743494e+02,2.746462e+01,1.000000e+00,9.500000e-01,2.500000e-01,5,15
339,1.700000,3.540358e-02,1.626882e+01,0.000000e+00,0.000000e+00,0.000000e+00,4.866014e+02,4.622713e+02,3.743494e+02,2.746462e+01,0.000000e+00,9.500000e-01,2.500000e-01,0,12
340,1.705000,3.629710e-02,1.622703e+01,4.765464e-03,4.527191e-03,0.000000e+00,4.866061e+02,4.622758e+02,3.743539e+02,2.746462e+01,1.295746e-01,9.500000e-01,2.500000e-01,5,16
341,1.710000,4.331305e-02,1.616302e+01,0.000000e+00,0.000000e+00,0.000000e+00,4.866061e+02,4.622758e+02,3.743539e+02,2.746462e+01,0.000000e+00,9.500000e-01,2.500000e-01,0,15
342,1.715000,4.470622e-02,1.596764e+01,7.430244e-03,7.058732e-03,0.000000e+00,4.866136e+02,4.622829e+02,3.743609e+02,2.746462e+01,1.448433e-02,9.500000e-01,2.500000e-01,5,17
343,1.720000,4.824361e-02,1.586125e+01,0.000000e+00,0.000000e+00,0.000000e+00,4.866136e+02,4.622829e+02,3.743609e+02,2.746462e+01,0.000000e+00,9.500000e-01,2.500000e-01,0,13
344,1.725000,4.880089e-02,1.556681e+01,2.972158e-03,0.000000e+00,2.749272e-01,4.866165e+02,4.622857e+02,3.743609e+02,2.773954e+01,1.000000e+00,9.500000e-01,2.500000e-01,5,16
345,1.730000,5.822102e-02,1.540949e+01,0.000000e+00,0.000000e+00,0.000000e+00,4.866165e+02,4.622857e+02,3.743609e+02,2.773954e+01,0.000000e+00,9.500000e-01,2.500000e-01,0,14
346,1.735000,5.830872e-02,1.494471e+01,0.000000e+00,0.000000e+00,2.983662e-01,4.866165e+02,4.622857e+02,3.743609e+02,2.803791e+01,1.000000e+00,9.500000e-01,2.500000e-01,0,17
347,1.740000,5.910771e-02,1.491943e+01,0.000000e+00,0.000000e+00,0.000000e+00,4.866165e+02,4.622857e+02,3.743609e+02,2.803791e+01,0.000000e+00,9.500000e-01,2.500000e-01,0,16
348,1.745000,6.378380e-02,1.482962e+01,0.000000e+00,0.000000e+00,0.000000e+00,4.866165e+02,4.622857e+02,3.743609e+02,2.803791e+01,0.000000e+00,9.500000e-01,2.500000e-01,0,16
349,1.750000,6.773164e-02,1.464162e+01,0.000000e+00,0.000000e+00,0.000000e+00,4.866165e+02,4.622857e+02,3.743609e+02,2.803791e+01,0.000000e+00,9.500000e-01,2.500000e-01,0,17
350,1.755000,6.871961e-02,1.457497e+01,0.000000e+00,0.000000e+00,0.000000e+00,4.866165e+02,4.622857e+02,3.743609e+02,2.803791e+01,0.000000e+00,9.500000e-01,2.500000e-01,0,18
351,1.760000,7.710770e-02,1.454192e+01,0.000000e+00,0.000000e+00,0.000000e+00,4.866165e+02,4.622857e+02,3.743609e+02,2.803791e+01,0.000000e+00,9.500000e-01,2.500000e-01,0,18
352,1.765000,9.132020e-02,1.429519e+01,7.579998e-02,0.000000e+00,7.797635e-02,4.866923e+02,4.623577e+02,3.743609e+02,2.811589e+01,1.000000e+00,9.500000e-01,2.500000e-01,5,20
353,1.770000,9.562433e-03,1.416996e+01,8.175777e-02,0.000000e+00,0.000000e+00,4.867741e+02,4.624354e+02,3.743609e+02,2.811589e+01,0.000000e+00,9.500000e-01,2.500000e-01,0,13
354,1.775000,9.833382e-03,1.415792e+01,1.445064e-03,1.372811e-03,0.000000e+00,4.867755e+02,4.624368e+02,3.743623e+02,2.811589e+01,7.769516e-03,9.500000e-01,2.500000e-01,5,15
355,1.780000,1.465641e-02,1.404339e+01,0.000000e+00,0.000000e+00,0.000000e+00,4.867755e+02,4.624368e+02,3.743623e+02,2.811589e+01,0.000000e+00,9.500000e-01,2.500000e-01,0,14
356,1.785000,1.586585e-02,1.388143e+01,6.450362e-03,6.127843e-03,0.000000e+00,4.867820e+02,4.624429e+02,3.743684e+02,2.811589e+01,1.611758e-02,9.500000e-01,2.500000e-01,5,17
357,1.790000,1.353352e-02,1.384387e+01,2.332329e-03,0.000000e+00,0.000000e+00,4.867843e+02,4.624451e+02,3.743684e+02,2.811589e+01,0.000000e+00,9.500000e-01,2.500000e-01,0,13
358,1.795000,1.430041e-02,1.340659e+01,4.090104e-03,0.000000e+00,3.832159e-01,4.867884e+02,4.624490e+02,3.743684e+02,2.849910e+01,1.000000e+00,9.500000e-01,2.500000e-01,5,16
359,1.800000,1.431208e-02,1.323605e+01,0.000000e+00,0.000000e+00,0.000000e+00,4.867884e+02,4.624490e+02,3.743684e+02,2.849910e+01,0.000000e+00,9.500000e-01,2.500000e-01,0,13
360,1.805000,1.476661e-02,1.313660e+01,2.424151e-03,0.000000e+00,9.161783e-03,4.867908e+02,4.624513e+02,3.743684e+02,2.850826e+01,1.000000e+00,9.500000e-01,2.500000e-01,5,16
361,1.810000,1.643355e-02,1.312021e+01,0.000000e+00,0.000000e+00,0.000000e+00,4.867908e+02,4.624513e+02,3.743684e+02,2.850826e+01,0.000000e+00,9.500000e-01,2.500000e-01,0,13
362,1.815000,1.725525e-02,1.299292e+01,4.382402e-03,4.163281e-03,0.000000e+00,4.867952e+02,4.624555e+02,3.743726e+02,2.850826e+01,8.691502e-03,9.500000e-01,2.500000e-01,5,17
363,1.820000,1.749155e-02,1.285382e+01,0.000000e+00,0.000000e+00,0.000000e+00,4.867952e+02,4.624555e+02,3.743726e+02,2.850826e+01,0.000000e+00,9.500000e-01,2.500000e-01,0,16
364,1.825000,1.822755e-02,1.273660e+01,3.925318e-03,0.000000e+00,9.780650e-02,4.867992e+02,4.624592e+02,3.743726e+02,2.860607e+01,1.000000e+00,9.500000e-01,2.500000e-01,5,17
365,1.830000,2.105218e-02,1.266142e+01,0.000000e+00,0.000000e+00,0.000000e+00,4.867992e+02,4.624592e+02,3.743726e+02,2.860607e+01,0.000000e+00,9.500000e-01,2.500000e-01,0,13
366,1.835000,2.204252e-02,1.209312e+01,5.281804e-03,0.000000e+00,4.071225e-01,4.868044e+02,4.624642e+02,3.743726e+02,2.901319e+01,1.000000e+00,9.500000e-01,2.500000e-01,5,18
367,1.840000,2.227463e-02,1.203276e+01,0.000000e+00,0.000000e+00,0.000000e+00,4.868044e+02,4.624642e+02,3.743726e+02,2.901319e+01,0.000000e+00,9.500000e-01,2.500000e-01,0,13
368,1.845000,2.285009e-02,1.200793e+01,3.069113e-03,2.915658e-03,0.000000e+00,4.868075e+02,4.624671e+02,3.743755e+02,2.901319e+01,9.193147e-03,9.500000e-01,2.500000e-01,5,17
369,1.850000,2.575279e-02,1.186881e+01,0.000000e+00,0.000000e+00,0.000000e+00,4.868075e+02,4.624671e+02,3.743755e+02,2.901319e+01,0.000000e+00,9.500000e-01,2.500000e-01,0,14
370,1.855000,2.637253e-02,1.176557e+01,3.305251e-03,3.139989e-03,0.000000e+00,4.868108e+02,4.624703e+02,3.743787e+02,2.901319e+01,1.477311e-02,9.500000e-01,2.500000e-01,5,17
371,1.860000,3.056233e-02,1.175391e+01,0.000000e+00,0.000000e+00,0.000000e+00,4.868108e+02,4.624703e+02,3.743787e+02,2.901319e+01,0.000000e+00,9.500000e-01,2.500000e-01,0,13
372,1.865000,3.101376e-02,1.123468e+01,2.407585e-03,0.000000e+00,4.258309e-01,4.868132e+02,4.624726e+02,3.743787e+02,2.943902e+01,1.000000e+00,9.500000e-01,2.500000e-01,5,17
373,1.870000,3.273613e-02,1.107524e+01,9.186013e-03,0.000000e+00,2.079173e-02,4.868224e+02,4.624813e+02,3.743787e+02,2.945982e+01,1.000000e+00,9.500000e-01,2.500000e-01,5,17
374,1.875000,3.434280e-02,1.104273e+01,0.000000e+00,0.000000e+00,0.000000e+00,4.868224e+02,4.624813e+02,3.743787e+02,2.945982e+01,0.000000e+00,9.500000e-01,2.500000e-01,0,16
375,1.880000,3.639429e-02,1.101164e+01,1.094128e-02,1.039422e-02,0.000000e+00,4.868333e+02,4.624917e+02,3.743890e+02,2.945982e+01,2.722363e-02,9.500000e-01,2.500000e-01,5,18
376,1.885000,3.089610e-02,1.087446e+01,5.498195e-03,0.000000e+00,0.000000e+00,4.868388e+02,4.624969e+02,3.743890e+02,2.945982e+01,0.000000e+00,9.500000e-01,2.500000e-01,0,16
377,1.890000,3.226114e-02,1.080713e+01,7.280198e-03,6.916188e-03,0.000000e+00,4.868461e+02,4.625038e+02,3.743960e+02,2.945982e+01,5.266573e-02,9.500000e-01,2.500000e-01,5,18
378,1.895000,3.248387e-02,1.079449e+01,0.000000e+00,0.000000e+00,0.000000e+00,4.868461e+02,4.625038e+02,3.743960e+02,2.945982e+01,0.000000e+00,9.500000e-01,2.500000e-01,0,15
379,1.900000,3.299260e-02,1.067880e+01,0.000000e+00,0.000000e+00,8.860197e-03,4.868461e+02,4.625038e+02,3.743960e+02,2.946868e+01,1.000000e+00,9.500000e-01,2.500000e-01,0,16
380,1.905000,3.541580e-02,1.025651e+01,1.292375e-02,0.000000e+00,3.071849e-01,4.868590e+02,4.625161e+02,3.743960e+02,2.977586e+01,1.000000e+00,9.500000e-01,2.500000e-01,5,18
381,1.910000,2.484160e-02,1.023672e+01,1.057420e-02,0.000000e+00,0.000000e+00,4.868696e+02,4.625261e+02,3.743960e+02,2.977586e+01,0.000000e+00,9.500000e-01,2.500000e-01,0,17
382,1.915000,2.615531e-02,1.018070e+01,7.006458e-03,6.656135e-03,0.000000e+00,4.868766e+02,4.625328e+02,3.744026e+02,2.977586e+01,1.794296e-02,9.500000e-01,2.500000e-01,5,18
383,1.920000,2.609339e-02,1.005140e+01,6.192817e-05,0.000000e+00,0.000000e+00,4.868767e+02,4.625329e+02,3.744026e+02,2.977586e+01,0.000000e+00,9.500000e-01,2.500000e-01,0,15
384,1.925000,2.750947e-02,1.001296e+01,7.552475e-03,7.174851e-03,0.000000e+00,4.868842e+02,4.625400e+02,3.744098e+02,2.977586e+01,1.477380e-01,9.500000e-01,2.500000e-01,5,17
385,1.930000,2.781663e-02,9.990050e+00,0.000000e+00,0.000000e+00,0.000000e+00,4.868842e+02,4.625400e+02,3.744098e+02,2.977586e+01,0.000000e+00,9.500000e-01,2.500000e-01,0,15
386,1.935000,2.931356e-02,9.486311e+00,7.983594e-03,0.000000e+00,3.877119e-01,4.868922e+02,4.625476e+02,3.744098e+02,3.016357e+01,1.000000e+00,9.500000e-01,2.500000e-01,5,17
387,1.940000,2.980004e-02,9.400413e+00,0.000000e+00,0.000000e+00,0.000000e+00,4.868922e+02,4.625476e+02,3.744098e+02,3.016357e+01,0.000000e+00,9.500000e-01,2.500000e-01,0,14
388,1.945000,3.134929e-02,9.398281e+00,8.262705e-03,7.849570e-03,0.000000e+00,4.869005e+02,4.625555e+02,3.744176e+02,3.016357e+01,4.736271e-02,9.500000e-01,2.500000e-01,5,17
389,1.950000,3.216601e-02,9.321400e+00,0.000000e+00,0.000000e+00,0.000000e+00,4.869005e+02,4.625555e+02,3.744176e+02,3.016357e+01,0.000000e+00,9.500000e-01,2.500000e-01,0,14
390,1.955000,3.356697e-02,9.216817e+00,7.471778e-03,7.098189e-03,0.000000e+00,4.869080e+02,4.625626e+02,3.744247e+02,3.016357e+01,2.451573e-02,9.500000e-01,2.500000e-01,5,16
391,1.960000,3.467262e-02,9.191219e+00,0.000000e+00,0.000000e+00,7.378912e-04,4.869080e+02,4.625626e+02,3.744247e+02,3.016431e+01,1.000000e+00,9.500000e-01,2.500000e-01,0,15
392,1.965000,3.556740e-02,9.139273e+00,4.772191e-03,0.000000e+00,1.563977e-02,4.869127e+02,4.625671e+02,3.744247e+02,3.017995e+01,1.000000e+00,9.500000e-01,2.500000e-01,5,18
393,1.970000,3.539145e-02,9.024960e+00,1.759498e-04,0.000000e+00,0.000000e+00,4.869129e+02,4.625673e+02,3.744247e+02,3.017995e+01,0.000000e+00,9.500000e-01,2.500000e-01,0,14
394,1.975000,3.741318e-02,8.847659e+00,1.078253e-02,0.000000e+00,1.178062e-01,4.869237e+02,4.625775e+02,3.744247e+02,3.029776e+01,1.000000e+00,9.500000e-01,2.500000e-01,5,17
395,1.980000,3.520825e-02,8.831479e+00,2.204924e-03,0.000000e+00,0.000000e+00,4.869259e+02,4.625796e+02,3.744247e+02,3.029776e+01,0.000000e+00,9.500000e-01,2.500000e-01,0,14
396,1.985000,3.647966e-02,8.745316e+00,6.780835e-03,6.441793e-03,0.000000e+00,4.869327e+02,4.625860e+02,3.744312e+02,3.029776e+01,1.746027e-02,9.500000e-01,2.500000e-01,5,16
397,1.990000,3.838879e-02,8.653863e+00,0.000000e+00,0.000000e+00,0.000000e+00,4.869327e+02,4.625860e+02,3.744312e+02,3.029776e+01,0.000000e+00,9.500000e-01,2.500000e-01,0,15
398,1.995000,3.931933e-02,8.636853e+00,4.962888e-03,0.000000e+00,5.021846e-03,4.869376e+02,4.625908e+02,3.744312e+02,3.030278e+01,1.000000e+00,9.500000e-01,2.500000e-01,5,17
399,2.000000,3.950045e-02,8.582739e+00,0.000000e+00,0.000000e+00,0.000000e+00,4.869376e+02,4.625908e+02,3.744312e+02,3.030278e+01,0.000000e+00,9.500000e-01,2.500000e-01,0,14
400,2.005000,4.137858e-02,8.133693e+00,1.001670e-02,0.000000e+00,3.409595e-01,4.869477e+02,4.626003e+02,3.744312e+02,3.064374e+01,1.000000e+00,9.500000e-01,2.500000e-01,5,16
401,2.010000,4.164915e-02,8.095310e+00,1.443055e-03,0.000000e+00,1.005624e-03,4.869491e+02,4.626016e+02,3.744312e+02,3.064474e+01,1.000000e+00,9.500000e-01,2.500000e-01,5,15
402,2.015000,6.044399e-02,8.073179e+00,0.000000e+00,0.000000e+00,0.000000e+00,4.869491e+02,4.626016e+02,3.744312e+02,3.064474e+01,0.000000e+00,9.500000e-01,2.500000e-01,0,14
403,2.020000,6.099291e-02,7.979704e+00,2.927605e-03,2.781225e-03,0.000000e+00,4.869520e+02,4.626044e+02,3.744340e+02,3.064474e+01,2.256170e-01,9.500000e-01,2.500000e-01,5,17
404,2.025000,6.083887e-02,7.913108e+00,1.540464e-04,0.000000e+00,0.000000e+00,4.869522e+02,4.626046e+02,3.744340e+02,3.064474e+01,0.000000e+00,9.500000e-01,2.500000e-01,0,14
405,2.030000,6.361058e-02,7.737351e+00,1.478248e-02,0.000000e+00,1.681137e-01,4.869670e+02,4.626186e+02,3.744340e+02,3.081286e+01,1.000000e+00,9.500000e-01,2.500000e-01,5,16
406,2.035000,6.057314e-02,7.668000e+00,3.037442e-03,0.000000e+00,0.000000e+00,4.869700e+02,4.626215e+02,3.744340e+02,3.081286e+01,0.000000e+00,9.500000e-01,2.500000e-01,0,14
407,2.040000,6.242541e-02,7.556137e+00,9.878783e-03,0.000000e+00,1.860254e-02,4.869799e+02,4.626309e+02,3.744340e+02,3.083146e+01,1.000000e+00,9.500000e-01,2.500000e-01,5,16
408,2.045000,6.088708e-02,7.535458e+00,1.538326e-03,0.000000e+00,0.000000e+00,4.869814e+02,4.626323e+02,3.744340e+02,3.083146e+01,0.000000e+00,9.500000e-01,2.500000e-01,0,15
409,2.050000,5.611881e-02,7.503665e+00,4.768278e-03,0.000000e+00,0.000000e+00,4.869862e+02,4.626369e+02,3.744340e+02,3.083146e+01,0.000000e+00,9.500000e-01,2.500000e-01,0,15
410,2.055000,5.946353e-02,7.425910e+00,1.783851e-02,1.694658e-02,0.000000e+00,4.870040e+02,4.626538e+02,3.744509e+02,3.083146e+01,4.074471e-02,9.500000e-01,2.500000e-01,5,16
411,2.060000,4.314121e-02,7.377941e+00,1.632232e-02,0.000000e+00,0.000000e+00,4.870203e+02,4.626693e+02,3.744509e+02,3.083146e+01,0.000000e+00,9.500000e-01,2.500000e-01,0,14
412,2.065000,4.471016e-02,7.180381e+00,8.367756e-03,0.000000e+00,1.876266e-01,4.870287e+02,4.626773e+02,3.744509e+02,3.101909e+01,1.000000e+00,9.500000e-01,2.500000e-01,5,17
413,2.070000,4.493846e-02,7.088376e+00,1.217591e-03,0.000000e+00,1.567837e-02,4.870299e+02,4.626784e+02,3.744509e+02,3.103477e+01,1.000000e+00,9.500000e-01,2.500000e-01,5,16
414,2.075000,6.454210e-02,7.011494e+00,0.000000e+00,0.000000e+00,0.000000e+00,4.870299e+02,4.626784e+02,3.744509e+02,3.103477e+01,0.000000e+00,9.500000e-01,2.500000e-01,0,14
415,2.080000,6.584095e-02,7.004060e+00,6.927202e-03,3.764731e-03,0.000000e+00,4.870369e+02,4.626850e+02,3.744547e+02,3.103477e+01,1.000000e+00,9.500000e-01,2.500000e-01,5,14
416,2.085000,6.581026e-02,6.961777e+00,3.069183e-05,0.000000e+00,0.000000e+00,4.870369e+02,4.626850e+02,3.744547e+02,3.103477e+01,0.000000e+00,9.500000e-01,2.500000e-01,0,14
417,2.090000,6.703946e-02,6.879788e+00,6.555716e-03,6.227930e-03,0.000000e+00,4.870434e+02,4.626913e+02,3.744609e+02,3.103477e+01,4.795363e-01,9.500000e-01,2.500000e-01,5,15
418,2.095000,6.623769e-02,6.848616e+00,8.017681e-04,0.000000e+00,0.000000e+00,4.870442e+02,4.626920e+02,3.744609e+02,3.103477e+01,0.000000e+00,9.500000e-01,2.500000e-01,0,16
419,2.100000,5.994924e-02,6.832876e+00,6.288450e-03,0.000000e+00,0.000000e+00,4.870505e+02,4.626980e+02,3.744609e+02,3.103477e+01,0.000000e+00,9.500000e-01,2.500000e-01,0,14
420,2.105000,6.355606e-02,6.353397e+00,1.923637e-02,0.000000e+00,3.999707e-01,4.870698e+02,4.627163e+02,3.744609e+02,3.143474e+01,1.000000e+00,9.500000e-01,2.500000e-01,5,16
421,2.110000,4.261455e-02,6.292882e+00,2.094151e-02,0.000000e+00,0.000000e+00,4.870907e+02,4.627362e+02,3.744609e+02,3.143474e+01,0.000000e+00,9.500000e-01,2.500000e-01,0,13
422,2.115000,4.373630e-02,6.290602e+00,5.982702e-03,5.683567e-03,0.000000e+00,4.870967e+02,4.627419e+02,3.744666e+02,3.143474e+01,4.457982e-02,9.500000e-01,2.500000e-01,5,15
423,2.120000,4.539034e-02,6.238156e+00,0.000000e+00,0.000000e+00,0.000000e+00,4.870967e+02,4.627419e+02,3.744666e+02,3.143474e+01,0.000000e+00,9.500000e-01,2.500000e-01,0,16
424,2.125000,4.619335e-02,6.167257e+00,4.282710e-03,4.068574e-03,0.000000e+00,4.871010e+02,4.627459e+02,3.744707e+02,3.143474e+01,3.705883e-01,9.500000e-01,2.500000e-01,5,15
425,2.130000,4.611356e-02,6.150507e+00,7.978351e-05,0.000000e+00,0.000000e+00,4.871011e+02,4.627460e+02,3.744707e+02,3.143474e+01,0.000000e+00,9.500000e-01,2.500000e-01,0,13
426,2.135000,4.802544e-02,5.842600e+00,1.019665e-02,0.000000e+00,2.830551e-01,4.871113e+02,4.627557e+02,3.744707e+02,3.171779e+01,1.000000e+00,9.500000e-01,2.500000e-01,5,18
427,2.140000,4.620840e-02,5.765610e+00,1.817034e-03,0.000000e+00,0.000000e+00,4.871131e+02,4.627574e+02,3.744707e+02,3.171779e+01,0.000000e+00,9.500000e-01,2.500000e-01,0,15
428,2.145000,4.462318e-02,5.725370e+00,1.585224e-03,0.000000e+00,0.000000e+00,4.871147e+02,4.627589e+02,3.744707e+02,3.171779e+01,0.000000e+00,9.500000e-01,2.500000e-01,0,14
429,2.150000,4.725530e-02,5.731060e+00,1.403800e-02,1.333610e-02,0.000000e+00,4.871287e+02,4.627723e+02,3.744840e+02,3.171779e+01,6.188040e-02,9.500000e-01,2.500000e-01,5,16
430,2.155000,3.289158e-02,5.673102e+00,1.436373e-02,0.000000e+00,0.000000e+00,4.871431e+02,4.627859e+02,3.744840e+02,3.171779e+01,0.000000e+00,9.500000e-01,2.500000e-01,0,14
431,2.160000,3.392273e-02,5.617449e+00,5.499500e-03,5.224525e-03,0.000000e+00,4.871486e+02,4.627911e+02,3.744892e+02,3.171779e+01,2.828902e-02,9.500000e-01,2.500000e-01,5,16
432,2.165000,3.517992e-02,5.608712e+00,0.000000e+00,0.000000e+00,0.000000e+00,4.871486e+02,4.627911e+02,3.744892e+02,3.171779e+01,0.000000e+00,9.500000e-01,2.500000e-01,0,15
433,2.170000,3.564893e-02,5.552607e+00,2.501422e-03,0.000000e+00,2.285294e-02,4.871511e+02,4.627935e+02,3.744892e+02,3.174064e+01,1.000000e+00,9.500000e-01,2.500000e-01,5,18
434,2.175000,3.652686e-02,5.482206e+00,0.000000e+00,0.000000e+00,0.000000e+00,4.871511e+02,4.627935e+02,3.744892e+02,3.174064e+01,0.000000e+00,9.500000e-01,2.500000e-01,0,16
435,2.180000,3.850738e-02,5.430381e+00,1.056278e-02,0.000000e+00,2.641600e-02,4.871616e+02,4.628035e+02,3.744892e+02,3.176706e+01,1.000000e+00,9.500000e-01,2.500000e-01,5,18
436,2.185000,3.505034e-02,5.411948e+00,3.457040e-03,0.000000e+00,0.000000e+00,4.871651e+02,4.628068e+02,3.744892e+02,3.176706e+01,0.000000e+00,9.500000e-01,2.500000e-01,0,15
437,2.190000,3.641733e-02,5.353139e+00,7.290615e-03,6.926084e-03,0.000000e+00,4.871724e+02,4.628138e+02,3.744961e+02,3.176706e+01,2.440215e-02,9.500000e-01,2.500000e-01,5,18
438,2.195000,3.883781e-02,5.306616e+00,0.000000e+00,0.000000e+00,0.000000e+00,4.871724e+02,4.628138e+02,3.744961e+02,3.176706e+01,0.000000e+00,9.500000e-01,2.500000e-01,0,16
439,2.200000,3.945635e-02,5.292283e+00,3.298874e-03,0.000000e+00,8.595661e-03,4.871757e+02,4.628169e+02,3.744961e+02,3.177566e+01,1.000000e+00,9.500000e-01,2.500000e-01,5,17
440,2.205000,4.028946e-02,5.247482e+00,0.000000e+00,0.000000e+00,0.000000e+00,4.871757e+02,4.628169e+02,3.744961e+02,3.177566e+01,0.000000e+00,9.500000e-01,2.500000e-01,0,15
441,2.210000,4.206508e-02,4.957943e+00,9.469953e-03,0.000000e+00,2.271051e-01,4.871851e+02,4.628259e+02,3.744961e+02,3.200276e+01,1.000000e+00,9.500000e-01,2.500000e-01,5,17
442,2.215000,4.100542e-02,4.942142e+00,1.059657e-03,0.000000e+00,0.000000e+00,4.871862e+02,4.628269e+02,3.744961e+02,3.200276e+01,0.000000e+00,9.500000e-01,2.500000e-01,0,16
443,2.220000,4.135155e-02,4.920625e+00,1.846030e-03,1.753729e-03,0.000000e+00,4.871880e+02,4.628286e+02,3.744979e+02,3.200276e+01,1.711279e-01,9.500000e-01,2.500000e-01,5,16
444,2.225000,4.190661e-02,4.857919e+00,0.000000e+00,0.000000e+00,0.000000e+00,4.871880e+02,4.628286e+02,3.744979e+02,3.200276e+01,0.000000e+00,9.500000e-01,2.500000e-01,0,16
445,2.230000,4.401684e-02,4.838438e+00,1.125453e-02,1.069180e-02,0.000000e+00,4.871993e+02,4.628393e+02,3.745086e+02,3.200276e+01,1.316306e-01,9.500000e-01,2.500000e-01,5,17
446,2.235000,4.117592e-02,4.831151e+00,2.840918e-03,0.000000e+00,0.000000e+00,4.872021e+02,4.628420e+02,3.745086e+02,3.200276e+01,0.000000e+00,9.500000e-01,2.500000e-01,0,16
447,2.240000,4.162426e-02,4.774812e+00,2.391145e-03,0.000000e+00,5.454630e-03,4.872045e+02,4.628443e+02,3.745086e+02,3.200822e+01,1.000000e+00,9.500000e-01,2.500000e-01,5,16
448,2.245000,4.462370e-02,4.725621e+00,0.000000e+00,0.000000e+00,0.000000e+00,4.872045e+02,4.628443e+02,3.745086e+02,3.200822e+01,0.000000e+00,9.500000e-01,2.500000e-01,0,15
449,2.250000,4.653970e-02,4.729045e+00,1.021868e-02,9.707748e-03,0.000000e+00,4.872147e+02,4.628540e+02,3.745183e+02,3.200822e+01,1.155904e-01,9.500000e-01,2.500000e-01,5,14
450,2.255000,4.698763e-02,4.700385e+00,2.388944e-03,2.269497e-03,0.000000e+00,4.872171e+02,4.628563e+02,3.745206e+02,3.200822e+01,2.649084e-01,9.500000e-01,2.500000e-01,5,15
451,2.260000,6.550452e-02,4.641293e+00,0.000000e+00,0.000000e+00,0.000000e+00,4.872171e+02,4.628563e+02,3.745206e+02,3.200822e+01,0.000000e+00,9.500000e-01,2.500000e-01,0,13
452,2.265000,6.171063e-02,4.622478e+00,3.793893e-03,0.000000e+00,0.000000e+00,4.872209e+02,4.628599e+02,3.745206e+02,3.200822e+01,0.000000e+00,9.500000e-01,2.500000e-01,0,12
453,2.270000,6.468248e-02,4.368448e+00,1.584984e-02,0.000000e+00,2.416644e-01,4.872368e+02,4.628749e+02,3.745206e+02,3.224988e+01,1.000000e+00,9.500000e-01,2.500000e-01,5,14
454,2.275000,4.899268e-02,4.311711e+00,1.568979e-02,0.000000e+00,0.000000e+00,4.872525e+02,4.628898e+02,3.745206e+02,3.224988e+01,0.000000e+00,9.500000e-01,2.500000e-01,0,11
455,2.280000,5.081692e-02,4.270726e+00,0.000000e+00,0.000000e+00,2.242135e-03,4.872525e+02,4.628898e+02,3.745206e+02,3.225212e+01,1.000000e+00,9.500000e-01,2.500000e-01,0,13
456,2.285000,5.393318e-02,4.281400e+00,1.662005e-02,1.578905e-02,0.000000e+00,4.872691e+02,4.629056e+02,3.745364e+02,3.225212e+01,1.070118e-01,9.500000e-01,2.500000e-01,5,17
457,2.290000,3.757432e-02,4.244842e+00,1.635886e-02,0.000000e+00,0.000000e+00,4.872855e+02,4.629212e+02,3.745364e+02,3.225212e+01,0.000000e+00,9.500000e-01,2.500000e-01,0,13
458,2.295000,3.849180e-02,4.198912e+00,4.893256e-03,4.648593e-03,0.000000e+00,4.872903e+02,4.629258e+02,3.745410e+02,3.225212e+01,2.465607e-02,9.500000e-01,2.500000e-01,5,15
459,2.300000,4.080480e-02,4.188118e+00,0.000000e+00,0.000000e+00,0.000000e+00,4.872903e+02,4.629258e+02,3.745410e+02,3.225212e+01,0.000000e+00,9.500000e-01,2.500000e-01,0,13
460,2.305000,4.177599e-02,3.959363e+00,5.179657e-03,0.000000e+00,2.110548e-01,4.872955e+02,4.629307e+02,3.745410e+02,3.246318e+01,1.000000e+00,9.500000e-01,2.500000e-01,5,15
461,2.310000,4.386735e-02,3.905538e+00,0.000000e+00,0.000000e+00,0.000000e+00,4.872955e+02,4.629307e+02,3.745410e+02,3.246318e+01,0.000000e+00,9.500000e-01,2.500000e-01,0,12
462,2.315000,4.520513e-02,3.876850e+00,0.000000e+00,0.000000e+00,1.441453e-03,4.872955e+02,4.629307e+02,3.745410e+02,3.246462e+01,1.000000e+00,9.500000e-01,2.500000e-01,0,13
463,2.320000,4.653584e-02,3.877656e+00,7.097131e-03,6.742275e-03,0.000000e+00,4.873026e+02,4.629375e+02,3.745477e+02,3.246462e+01,3.910078e-02,9.500000e-01,2.500000e-01,5,15
464,2.325000,5.115100e-02,3.860983e+00,2.461416e-02,2.338345e-02,0.000000e+00,4.873272e+02,4.629609e+02,3.745711e+02,3.246462e+01,8.871066e-01,9.500000e-01,2.500000e-01,5,16
465,2.330000,4.141122e-02,3.820002e+00,9.739775e-03,0.000000e+00,0.000000e+00,4.873370e+02,4.629701e+02,3.745711e+02,3.246462e+01,0.000000e+00,9.500000e-01,2.500000e-01,0,14
466,2.335000,4.160028e-02,3.812037e+00,0.000000e+00,0.000000e+00,2.313808e-03,4.873370e+02,4.629701e+02,3.745711e+02,3.246693e+01,1.000000e+00,9.500000e-01,2.500000e-01,0,15
467,2.340000,4.379134e-02,3.529024e+00,1.168565e-02,0.000000e+00,2.597422e-01,4.873487e+02,4.629812e+02,3.745711e+02,3.272667e+01,1.000000e+00,9.500000e-01,2.500000e-01,5,17
468,2.345000,2.967544e-02,3.478826e+00,1.411590e-02,0.000000e+00,0.000000e+00,4.873628e+02,4.629946e+02,3.745711e+02,3.272667e+01,0.000000e+00,9.500000e-01,2.500000e-01,0,14
469,2.350000,3.064930e-02,3.443514e+00,5.193917e-03,0.000000e+00,1.706245e-02,4.873680e+02,4.629996e+02,3.745711e+02,3.274374e+01,1.000000e+00,9.500000e-01,2.500000e-01,5,16
470,2.355000,3.075305e-02,3.429998e+00,0.000000e+00,0.000000e+00,0.000000e+00,4.873680e+02,4.629996e+02,3.745711e+02,3.274374e+01,0.000000e+00,9.500000e-01,2.500000e-01,0,14
471,2.360000,3.169325e-02,3.391699e+00,5.014438e-03,4.763716e-03,0.000000e+00,4.873730e+02,4.630043e+02,3.745759e+02,3.274374e+01,2.026387e-02,9.500000e-01,2.500000e-01,5,16
472,2.365000,3.174755e-02,3.361504e+00,0.000000e+00,0.000000e+00,0.000000e+00,4.873730e+02,4.630043e+02,3.745759e+02,3.274374e+01,0.000000e+00,9.500000e-01,2.500000e-01,0,13
473,2.370000,3.272112e-02,3.259798e+00,5.192361e-03,0.000000e+00,9.751845e-02,4.873782e+02,4.630093e+02,3.745759e+02,3.284126e+01,1.000000e+00,9.500000e-01,2.500000e-01,5,16
474,2.375000,3.314618e-02,3.230046e+00,0.000000e+00,0.000000e+00,0.000000e+00,4.873782e+02,4.630093e+02,3.745759e+02,3.284126e+01,0.000000e+00,9.500000e-01,2.500000e-01,0,14
475,2.380000,3.417112e-02,3.021849e+00,5.466360e-03,0.000000e+00,1.682876e-01,4.873836e+02,4.630145e+02,3.745759e+02,3.300954e+01,1.000000e+00,9.500000e-01,2.500000e-01,5,16
476,2.385000,3.426230e-02,3.011107e+00,0.000000e+00,0.000000e+00,0.000000e+00,4.873836e+02,4.630145e+02,3.745759e+02,3.300954e+01,0.000000e+00,9.500000e-01,2.500000e-01,0,13
477,2.390000,3.429741e-02,2.997507e+00,1.872521e-04,1.778895e-04,0.000000e+00,4.873838e+02,4.630146e+02,3.745761e+02,3.300954e+01,2.254083e-02,9.500000e-01,2.500000e-01,5,15
478,2.395000,3.684755e-02,2.959181e+00,0.000000e+00,0.000000e+00,0.000000e+00,4.873838e+02,4.630146e+02,3.745761e+02,3.300954e+01,0.000000e+00,9.500000e-01,2.500000e-01,0,14
479,2.400000,3.833625e-02,2.947465e+00,7.939713e-03,7.542728e-03,0.000000e+00,4.873918e+02,4.630222e+02,3.745836e+02,3.300954e+01,1.084846e-01,9.500000e-01,2.500000e-01,5,15
480,2.405000,3.901841e-02,2.939320e+00,3.638194e-03,0.000000e+00,4.065317e-03,4.873954e+02,4.630256e+02,3.745836e+02,3.301361e+01,1.000000e+00,9.500000e-01,2.500000e-01,5,14
481,2.410000,5.295138e-02,2.909085e+00,0.000000e+00,0.000000e+00,0.000000e+00,4.873954e+02,4.630256e+02,3.745836e+02,3.301361e+01,0.000000e+00,9.500000e-01,2.500000e-01,0,14
482,2.415000,5.356464e-02,2.873817e+00,3.270676e-03,0.000000e+00,4.701013e-03,4.873987e+02,4.630287e+02,3.745836e+02,3.301831e+01,1.000000e+00,9.500000e-01,2.500000e-01,5,14
483,2.420000,5.571274e-02,2.869729e+00,0.000000e+00,0.000000e+00,0.000000e+00,4.873987e+02,4.630287e+02,3.745836e+02,3.301831e+01,0.000000e+00,9.500000e-01,2.500000e-01,0,13
484,2.425000,5.783128e-02,2.862716e+00,1.129888e-02,1.073394e-02,0.000000e+00,4.874100e+02,4.630395e+02,3.745944e+02,3.301831e+01,4.552718e-02,9.500000e-01,2.500000e-01,5,16
485,2.430000,5.368039e-02,2.826594e+00,4.150892e-03,0.000000e+00,0.000000e+00,4.874141e+02,4.630434e+02,3.745944e+02,3.301831e+01,0.000000e+00,9.500000e-01,2.500000e-01,0,14
486,2.435000,5.160163e-02,2.814387e+00,2.078756e-03,0.000000e+00,0.000000e+00,4.874162e+02,4.630454e+02,3.745944e+02,3.301831e+01,0.000000e+00,9.500000e-01,2.500000e-01,0,13
487,2.440000,5.383576e-02,2.635783e+00,1.191534e-02,0.000000e+00,1.717855e-01,4.874281e+02,4.630567e+02,3.745944e+02,3.319009e+01,1.000000e+00,9.500000e-01,2.500000e-01,5,16
488,2.445000,3.736907e-02,2.600216e+00,1.646669e-02,0.000000e+00,0.000000e+00,4.874446e+02,4.630724e+02,3.745944e+02,3.319009e+01,0.000000e+00,9.500000e-01,2.500000e-01,0,13
489,2.450000,3.817012e-02,2.490370e+00,4.272280e-03,0.000000e+00,8.472767e-02,4.874489e+02,4.630764e+02,3.745944e+02,3.327482e+01,1.000000e+00,9.500000e-01,2.500000e-01,5,15
490,2.455000,3.823350e-02,2.483538e+00,0.000000e+00,0.000000e+00,0.000000e+00,4.874489e+02,4.630764e+02,3.745944e+02,3.327482e+01,0.000000e+00,9.500000e-01,2.500000e-01,0,14
491,2.460000,3.927920e-02,2.465821e+00,5.577034e-03,5.298182e-03,0.000000e+00,4.874544e+02,4.630817e+02,3.745996e+02,3.327482e+01,2.751595e-02,9.500000e-01,2.500000e-01,5,16
492,2.465000,3.859696e-02,2.435264e+00,6.822351e-04,0.000000e+00,0.000000e+00,4.874551e+02,4.630824e+02,3.745996e+02,3.327482e+01,0.000000e+00,9.500000e-01,2.500000e-01,0,14
493,2.470000,3.868597e-02,2.427192e+00,4.746790e-04,0.000000e+00,1.053723e-03,4.874556e+02,4.630828e+02,3.745996e+02,3.327588e+01,1.000000e+00,9.500000e-01,2.500000e-01,5,17
494,2.475000,4.146593e-02,2.416693e+00,0.000000e+00,0.000000e+00,0.000000e+00,4.874556e+02,4.630828e+02,3.745996e+02,3.327588e+01,0.000000e+00,9.500000e-01,2.500000e-01,0,14
495,2.480000,4.305512e-02,2.191445e+00,8.475690e-03,0.000000e+00,1.946022e-01,4.874641e+02,4.630909e+02,3.745996e+02,3.347048e+01,1.000000e+00,9.500000e-01,2.500000e-01,5,15
496,2.485000,4.383437e-02,2.170484e+00,4.156027e-03,0.000000e+00,3.782524e-03,4.874682e+02,4.630948e+02,3.745996e+02,3.347426e+01,1.000000e+00,9.500000e-01,2.500000e-01,5,16
497,2.490000,5.830889e-02,2.166440e+00,0.000000e+00,0.000000e+00,0.000000e+00,4.874682e+02,4.630948e+02,3.745996e+02,3.347426e+01,0.000000e+00,9.500000e-01,2.500000e-01,0,14
498,2.495000,5.494367e-02,2.143394e+00,3.365216e-03,0.000000e+00,0.000000e+00,4.874716e+02,4.630980e+02,3.745996e+02,3.347426e+01,0.000000e+00,9.500000e-01,2.500000e-01,0,13
499,2.500000,5.751842e-02,2.134269e+00,1.373197e-02,1.304537e-02,0.000000e+00,4.874853e+02,4.631111e+02,3.746127e+02,3.347426e+01,9.243124e-02,9.500000e-01,2.500000e-01,5,15
500,2.505000,4.116197e-02,2.131313e+00,1.635645e-02,0.000000e+00,0.000000e+00,4.875017e+02,4.631266e+02,3.746127e+02,3.347426e+01,0.000000e+00,9.500000e-01,2.500000e-01,0,12
501,2.510000,4.203981e-02,1.954128e+00,4.681803e-03,0.000000e+00,1.634770e-01,4.875064e+02,4.631310e+02,3.746127e+02,3.363774e+01,1.000000e+00,9.500000e-01,2.500000e-01,5,16
502,2.515000,4.132618e-02,1.926474e+00,7.136301e-04,0.000000e+00,0.000000e+00,4.875071e+02,4.631317e+02,3.746127e+02,3.363774e+01,0.000000e+00,9.500000e-01,2.500000e-01,0,14
503,2.520000,4.247643e-02,1.911027e+00,6.134681e-03,0.000000e+00,6.099274e-03,4.875132e+02,4.631376e+02,3.746127e+02,3.364384e+01,1.000000e+00,9.500000e-01,2.500000e-01,5,18
504,2.525000,4.258401e-02,1.902559e+00,5.737391e-04,5.450521e-04,0.000000e+00,4.875138e+02,4.631381e+02,3.746132e+02,3.364384e+01,1.205469e-01,9.500000e-01,2.500000e-01,5,14
505,2.530000,6.210878e-02,1.877942e+00,0.000000e+00,0.000000e+00,0.000000e+00,4.875138e+02,4.631381e+02,3.746132e+02,3.364384e+01,0.000000e+00,9.500000e-01,2.500000e-01,0,13
506,2.535000,6.293362e-02,1.864163e+00,4.399171e-03,2.257000e-03,0.000000e+00,4.875182e+02,4.631423e+02,3.746155e+02,3.364384e+01,1.000000e+00,9.500000e-01,2.500000e-01,5,15
507,2.540000,6.548932e-02,1.861714e+00,0.000000e+00,0.000000e+00,0.000000e+00,4.875182e+02,4.631423e+02,3.746155e+02,3.364384e+01,0.000000e+00,9.500000e-01,2.500000e-01,0,14
508,2.545000,6.795281e-02,1.662887e+00,1.313861e-02,0.000000e+00,1.819596e-01,4.875313e+02,4.631548e+02,3.746155e+02,3.382580e+01,1.000000e+00,9.500000e-01,2.500000e-01,5,15
509,2.550000,6.479559e-02,1.637778e+00,3.157221e-03,0.000000e+00,0.000000e+00,4.875345e+02,4.631578e+02,3.746155e+02,3.382580e+01,0.000000e+00,9.500000e-01,2.500000e-01,0,13
510,2.555000,6.545882e-02,1.633175e+00,3.537247e-03,1.612754e-03,0.000000e+00,4.875380e+02,4.631611e+02,3.746171e+02,3.382580e+01,1.000000e+00,9.500000e-01,2.500000e-01,5,14
511,2.560000,6.581849e-02,1.624238e+00,0.000000e+00,0.000000e+00,0.000000e+00,4.875380e+02,4.631611e+02,3.746171e+02,3.382580e+01,0.000000e+00,9.500000e-01,2.500000e-01,0,12
512,2.565000,6.649907e-02,1.605121e+00,3.629778e-03,2.293357e-03,0.000000e+00,4.875416e+02,4.631646e+02,3.746194e+02,3.382580e+01,1.000000e+00,9.500000e-01,2.500000e-01,5,15
513,2.570000,6.940558e-02,1.595070e+00,0.000000e+00,0.000000e+00,0.000000e+00,4.875416e+02,4.631646e+02,3.746194e+02,3.382580e+01,0.000000e+00,9.500000e-01,2.500000e-01,0,14
514,2.575000,7.181894e-02,1.488679e+00,1.287128e-02,0.000000e+00,1.036381e-01,4.875545e+02,4.631768e+02,3.746194e+02,3.392943e+01,1.000000e+00,9.500000e-01,2.500000e-01,5,14
515,2.580000,6.667968e-02,1.469417e+00,5.139258e-03,0.000000e+00,0.000000e+00,4.875597e+02,4.631817e+02,3.746194e+02,3.392943e+01,0.000000e+00,9.500000e-01,2.500000e-01,0,12
516,2.585000,6.707856e-02,1.447441e+00,2.127311e-03,0.000000e+00,5.208829e-03,4.875618e+02,4.631837e+02,3.746194e+02,3.393464e+01,1.000000e+00,9.500000e-01,2.500000e-01,5,16
517,2.590000,6.955548e-02,1.444758e+00,0.000000e+00,0.000000e+00,0.000000e+00,4.875618e+02,4.631837e+02,3.746194e+02,3.393464e+01,0.000000e+00,9.500000e-01,2.500000e-01,0,13
518,2.595000,7.045931e-02,1.437576e+00,4.820459e-03,2.136510e-03,0.000000e+00,4.875666e+02,4.631883e+02,3.746215e+02,3.393464e+01,1.000000e+00,9.500000e-01,2.500000e-01,5,13
519,2.600000,7.074756e-02,1.419226e+00,0.000000e+00,0.000000e+00,0.000000e+00,4.875666e+02,4.631883e+02,3.746215e+02,3.393464e+01,0.000000e+00,9.500000e-01,2.500000e-01,0,12
520,2.605000,7.293999e-02,1.423995e+00,1.169299e-02,1.110834e-02,0.000000e+00,4.875783e+02,4.631994e+02,3.746326e+02,3.393464e+01,4.719523e-01,9.500000e-01,2.500000e-01,5,16
521,2.610000,7.125257e-02,1.419927e+00,1.687422e-03,0.000000e+00,0.000000e+00,4.875800e+02,4.632010e+02,3.746326e+02,3.393464e+01,0.000000e+00,9.500000e-01,2.500000e-01,0,14
522,2.615000,7.192534e-02,1.394743e+00,3.588080e-03,0.000000e+00,8.497900e-03,4.875836e+02,4.632044e+02,3.746326e+02,3.394314e+01,1.000000e+00,9.500000e-01,2.500000e-01,5,14
523,2.620000,7.138575e-02,1.382147e+00,5.395876e-04,0.000000e+00,0.000000e+00,4.875841e+02,4.632049e+02,3.746326e+02,3.394314e+01,0.000000e+00,9.500000e-01,2.500000e-01,0,12
524,2.625000,7.211246e-02,1.381525e+00,3.875809e-03,8.822362e-04,0.000000e+00,4.875880e+02,4.632086e+02,3.746335e+02,3.394314e+01,1.000000e+00,9.500000e-01,2.500000e-01,5,13
525,2.630000,7.564452e-02,1.370371e+00,0.000000e+00,0.000000e+00,0.000000e+00,4.875880e+02,4.632086e+02,3.746335e+02,3.394314e+01,0.000000e+00,9.500000e-01,2.500000e-01,0,14
526,2.635000,7.672402e-02,1.359056e+00,5.757320e-03,5.275723e-03,0.000000e+00,4.875937e+02,4.632141e+02,3.746388e+02,3.394314e+01,1.000000e+00,9.500000e-01,2.500000e-01,5,13
527,2.640000,7.423663e-02,1.355164e+00,2.487388e-03,0.000000e+00,0.000000e+00,4.875962e+02,4.632164e+02,3.746388e+02,3.394314e+01,0.000000e+00,9.500000e-01,2.500000e-01,0,12
528,2.645000,7.644665e-02,1.222745e+00,1.178676e-02,0.000000e+00,1.271665e-01,4.876080e+02,4.632276e+02,3.746388e+02,3.407031e+01,1.000000e+00,9.500000e-01,2.500000e-01,5,16
529,2.650000,7.295923e-02,1.203425e+00,3.487423e-03,0.000000e+00,0.000000e+00,4.876115e+02,4.632309e+02,3.746388e+02,3.407031e+01,0.000000e+00,9.500000e-01,2.500000e-01,0,14
530,2.655000,6.959053e-02,1.193162e+00,3.368695e-03,0.000000e+00,0.000000e+00,4.876149e+02,4.632341e+02,3.746388e+02,3.407031e+01,0.000000e+00,9.500000e-01,2.500000e-01,0,12
531,2.660000,7.238542e-02,1.205166e+00,1.490603e-02,1.416073e-02,0.000000e+00,4.876298e+02,4.632483e+02,3.746530e+02,3.407031e+01,1.533066e-01,9.500000e-01,2.500000e-01,5,15
532,2.665000,5.100902e-02,1.192912e+00,2.137639e-02,0.000000e+00,0.000000e+00,4.876512e+02,4.632686e+02,3.746530e+02,3.407031e+01,0.000000e+00,9.500000e-01,2.500000e-01,0,12
533,2.670000,5.196952e-02,1.179517e+00,0.000000e+00,0.000000e+00,0.000000e+00,4.876512e+02,4.632686e+02,3.746530e+02,3.407031e+01,0.000000e+00,9.500000e-01,2.500000e-01,0,13
534,2.675000,5.379651e-02,1.157727e+00,9.743952e-03,0.000000e+00,1.959724e-02,4.876609e+02,4.632779e+02,3.746530e+02,3.408991e+01,1.000000e+00,9.500000e-01,2.500000e-01,5,15
535,2.680000,3.514540e-02,1.147675e+00,1.865111e-02,0.000000e+00,0.000000e+00,4.876796e+02,4.632956e+02,3.746530e+02,3.408991e+01,0.000000e+00,9.500000e-01,2.500000e-01,0,15
536,2.685000,3.629904e-02,1.016429e+00,6.152702e-03,0.000000e+00,1.151724e-01,4.876857e+02,4.633014e+02,3.746530e+02,3.420508e+01,1.000000e+00,9.500000e-01,2.500000e-01,5,18
537,2.690000,3.536358e-02,1.007329e+00,9.354516e-04,0.000000e+00,0.000000e+00,4.876866e+02,4.633023e+02,3.746530e+02,3.420508e+01,0.000000e+00,9.500000e-01,2.500000e-01,0,14
538,2.695000,3.634763e-02,1.008655e+00,5.248233e-03,4.985821e-03,0.000000e+00,4.876919e+02,4.633073e+02,3.746580e+02,3.420508e+01,5.927225e-02,9.500000e-01,2.500000e-01,5,16
539,2.700000,3.644048e-02,9.963869e-01,0.000000e+00,0.000000e+00,0.000000e+00,4.876919e+02,4.633073e+02,3.746580e+02,3.420508e+01,0.000000e+00,9.500000e-01,2.500000e-01,0,15
540,2.705000,3.587603e-02,9.860912e-01,5.644465e-04,0.000000e+00,0.000000e+00,4.876925e+02,4.633078e+02,3.746580e+02,3.420508e+01,0.000000e+00,9.500000e-01,2.500000e-01,0,14
541,2.710000,3.779305e-02,9.474871e-01,1.022408e-02,0.000000e+00,3.700530e-02,4.877027e+02,4.633175e+02,3.746580e+02,3.424208e+01,1.000000e+00,9.500000e-01,2.500000e-01,5,17
542,2.715000,2.596260e-02,9.354680e-01,1.183044e-02,0.000000e+00,0.000000e+00,4.877145e+02,4.633288e+02,3.746580e+02,3.424208e+01,0.000000e+00,9.500000e-01,2.500000e-01,0,15
543,2.720000,2.678614e-02,8.309897e-01,4.392213e-03,0.000000e+00,9.017939e-02,4.877189e+02,4.633330e+02,3.746580e+02,3.433226e+01,1.000000e+00,9.500000e-01,2.500000e-01,5,16
544,2.725000,2.695561e-02,8.223254e-01,0.000000e+00,0.000000e+00,0.000000e+00,4.877189e+02,4.633330e+02,3.746580e+02,3.433226e+01,0.000000e+00,9.500000e-01,2.500000e-01,0,13
545,2.730000,2.772572e-02,8.209361e-01,4.107219e-03,3.901858e-03,0.000000e+00,4.877230e+02,4.633369e+02,3.746619e+02,3.433226e+01,4.229944e-02,9.500000e-01,2.500000e-01,5,17
546,2.735000,2.845347e-02,8.092957e-01,0.000000e+00,0.000000e+00,0.000000e+00,4.877230e+02,4.633369e+02,3.746619e+02,3.433226e+01,0.000000e+00,9.500000e-01,2.500000e-01,0,14
547,2.740000,2.934247e-02,8.062331e-01,4.741340e-03,4.504273e-03,0.000000e+00,4.877278e+02,4.633414e+02,3.746664e+02,3.433226e+01,9.926703e-02,9.500000e-01,2.500000e-01,5,18
548,2.745000,2.971489e-02,8.047974e-01,0.000000e+00,0.000000e+00,0.000000e+00,4.877278e+02,4.633414e+02,3.746664e+02,3.433226e+01,0.000000e+00,9.500000e-01,2.500000e-01,0,14
549,2.750000,3.058494e-02,6.910963e-01,4.640252e-03,0.000000e+00,1.062111e-01,4.877324e+02,4.633458e+02,3.746664e+02,3.443847e+01,1.000000e+00,9.500000e-01,2.500000e-01,5,16
550,2.755000,3.067574e-02,6.803670e-01,0.000000e+00,0.000000e+00,0.000000e+00,4.877324e+02,4.633458e+02,3.746664e+02,3.443847e+01,0.000000e+00,9.500000e-01,2.500000e-01,0,13
551,2.760000,3.157835e-02,6.825253e-01,4.813920e-03,4.573224e-03,0.000000e+00,4.877372e+02,4.633503e+02,3.746709e+02,3.443847e+01,2.933501e-01,9.500000e-01,2.500000e-01,5,17
552,2.765000,3.220761e-02,6.788162e-01,0.000000e+00,0.000000e+00,0.000000e+00,4.877372e+02,4.633503e+02,3.746709e+02,3.443847e+01,0.000000e+00,9.500000e-01,2.500000e-01,0,14
553,2.770000,3.305258e-02,6.741965e-01,4.506489e-03,4.281164e-03,0.000000e+00,4.877417e+02,4.633546e+02,3.746752e+02,3.443847e+01,4.561062e-02,9.500000e-01,2.500000e-01,5,14
554,2.775000,3.335635e-02,6.716094e-01,1.620141e-03,1.539134e-03,0.000000e+00,4.877433e+02,4.633562e+02,3.746768e+02,3.443847e+01,8.594764e-01,9.500000e-01,2.500000e-01,5,15
555,2.780000,4.695118e-02,6.703922e-01,0.000000e+00,0.000000e+00,0.000000e+00,4.877433e+02,4.633562e+02,3.746768e+02,3.443847e+01,0.000000e+00,9.500000e-01,2.500000e-01,0,13
556,2.785000,4.747979e-02,6.611194e-01,2.819251e-03,0.000000e+00,1.954525e-03,4.877462e+02,4.633588e+02,3.746768e+02,3.444043e+01,1.000000e+00,9.500000e-01,2.500000e-01,5,15
557,2.790000,4.897338e-02,6.529099e-01,0.000000e+00,0.000000e+00,1.502554e-03,4.877462e+02,4.633588e+02,3.746768e+02,3.444193e+01,1.000000e+00,9.500000e-01,2.500000e-01,0,14
558,2.795000,5.100637e-02,6.623486e-01,1.084260e-02,1.030047e-02,0.000000e+00,4.877570e+02,4.633691e+02,3.746871e+02,3.444193e+01,2.536596e-01,9.500000e-01,2.500000e-01,5,15
559,2.800000,5.049275e-02,6.572804e-01,5.136146e-04,0.000000e+00,0.000000e+00,4.877575e+02,4.633696e+02,3.746871e+02,3.444193e+01,0.000000e+00,9.500000e-01,2.500000e-01,0,13
560,2.805000,5.200851e-02,6.566342e-01,8.084041e-03,7.679839e-03,0.000000e+00,4.877656e+02,4.633773e+02,3.746947e+02,3.444193e+01,8.609719e-02,9.500000e-01,2.500000e-01,5,17
561,2.810000,5.008668e-02,6.541138e-01,1.921826e-03,0.000000e+00,0.000000e+00,4.877675e+02,4.633791e+02,3.746947e+02,3.444193e+01,0.000000e+00,9.500000e-01,2.500000e-01,0,15
562,2.815000,4.789032e-02,6.520304e-01,2.196361e-03,0.000000e+00,0.000000e+00,4.877697e+02,4.633812e+02,3.746947e+02,3.444193e+01,0.000000e+00,9.500000e-01,2.500000e-01,0,14
563,2.820000,5.000415e-02,5.387007e-01,1.127375e-02,0.000000e+00,1.053424e-01,4.877810e+02,4.633919e+02,3.746947e+02,3.454727e+01,1.000000e+00,9.500000e-01,2.500000e-01,5,16
564,2.825000,3.505944e-02,5.297123e-01,1.494471e-02,0.000000e+00,0.000000e+00,4.877959e+02,4.634061e+02,3.746947e+02,3.454727e+01,0.000000e+00,9.500000e-01,2.500000e-01,0,13
565,2.830000,3.575174e-02,5.307626e-01,3.692277e-03,3.507663e-03,0.000000e+00,4.877996e+02,4.634096e+02,3.746982e+02,3.454727e+01,6.818308e-02,9.500000e-01,2.500000e-01,5,16
566,2.835000,3.591359e-02,5.248060e-01,0.000000e+00,0.000000e+00,0.000000e+00,4.877996e+02,4.634096e+02,3.746982e+02,3.454727e+01,0.000000e+00,9.500000e-01,2.500000e-01,0,14
567,2.840000,3.696901e-02,5.237212e-01,5.628884e-03,5.347440e-03,0.000000e+00,4.878052e+02,4.634150e+02,3.747036e+02,3.454727e+01,8.707267e-02,9.500000e-01,2.500000e-01,5,16
568,2.845000,3.711358e-02,5.218119e-01,7.710499e-04,0.000000e+00,5.209531e-04,4.878060e+02,4.634157e+02,3.747036e+02,3.454779e+01,1.000000e+00,9.500000e-01,2.500000e-01,5,15
569,2.850000,5.398092e-02,5.188736e-01,0.000000e+00,0.000000e+00,0.000000e+00,4.878060e+02,4.634157e+02,3.747036e+02,3.454779e+01,0.000000e+00,9.500000e-01,2.500000e-01,0,13
570,2.855000,5.472631e-02,5.098961e-01,3.975389e-03,0.000000e+00,2.234488e-03,4.878100e+02,4.634195e+02,3.747036e+02,3.455003e+01,1.000000e+00,9.500000e-01,2.500000e-01,5,14
571,2.860000,5.727609e-02,5.070479e-01,0.000000e+00,0.000000e+00,0.000000e+00,4.878100e+02,4.634195e+02,3.747036e+02,3.455003e+01,0.000000e+00,9.500000e-01,2.500000e-01,0,13
572,2.865000,5.945756e-02,5.170991e-01,1.163450e-02,1.105278e-02,0.000000e+00,4.878216e+02,4.634305e+02,3.747146e+02,3.455003e+01,1.503489e-01,9.500000e-01,2.500000e-01,5,15
573,2.870000,5.688723e-02,5.110891e-01,2.570329e-03,0.000000e+00,0.000000e+00,4.878242e+02,4.634330e+02,3.747146e+02,3.455003e+01,0.000000e+00,9.500000e-01,2.500000e-01,0,15
574,2.875000,5.757682e-02,5.079867e-01,3.677802e-03,1.816161e-03,0.000000e+00,4.878279e+02,4.634365e+02,3.747165e+02,3.455003e+01,1.000000e+00,9.500000e-01,2.500000e-01,5,15
575,2.880000,5.793768e-02,5.073611e-01,0.000000e+00,0.000000e+00,0.000000e+00,4.878279e+02,4.634365e+02,3.747165e+02,3.455003e+01,0.000000e+00,9.500000e-01,2.500000e-01,0,13
576,2.885000,5.991295e-02,4.188488e-01,1.053482e-02,0.000000e+00,8.470534e-02,4.878384e+02,4.634465e+02,3.747165e+02,3.463473e+01,1.000000e+00,9.500000e-01,2.500000e-01,5,15
577,2.890000,5.821525e-02,4.097051e-01,1.697705e-03,0.000000e+00,0.000000e+00,4.878401e+02,4.634481e+02,3.747165e+02,3.463473e+01,0.000000e+00,9.500000e-01,2.500000e-01,0,14
578,2.895000,5.894887e-02,4.068062e-01,3.912629e-03,0.000000e+00,2.989696e-05,4.878440e+02,4.634518e+02,3.747165e+02,3.463476e+01,1.000000e+00,9.500000e-01,2.500000e-01,5,15
579,2.900000,5.970775e-02,4.048694e-01,0.000000e+00,0.000000e+00,0.000000e+00,4.878440e+02,4.634518e+02,3.747165e+02,3.463476e+01,0.000000e+00,9.500000e-01,2.500000e-01,0,14
580,2.905000,6.190639e-02,4.106922e-01,1.172607e-02,1.113977e-02,0.000000e+00,4.878557e+02,4.634630e+02,3.747276e+02,3.463476e+01,1.265885e-01,9.500000e-01,2.500000e-01,5,15
581,2.910000,6.284557e-02,4.072484e-01,0.000000e+00,0.000000e+00,0.000000e+00,4.878557e+02,4.634630e+02,3.747276e+02,3.463476e+01,0.000000e+00,9.500000e-01,2.500000e-01,0,14
582,2.915000,5.742326e-02,4.066784e-01,5.422310e-03,0.000000e+00,0.000000e+00,4.878612e+02,4.634681e+02,3.747276e+02,3.463476e+01,0.000000e+00,9.500000e-01,2.500000e-01,0,15
583,2.920000,6.038404e-02,3.221148e-01,1.579084e-02,0.000000e+00,8.074269e-02,4.878770e+02,4.634831e+02,3.747276e+02,3.471551e+01,1.000000e+00,9.500000e-01,2.500000e-01,5,16
584,2.925000,4.380296e-02,3.129560e-01,1.658108e-02,0.000000e+00,0.000000e+00,4.878935e+02,4.634989e+02,3.747276e+02,3.471551e+01,0.000000e+00,9.500000e-01,2.500000e-01,0,15
585,2.930000,4.527008e-02,3.175411e-01,7.824635e-03,7.433403e-03,0.000000e+00,4.879014e+02,4.635063e+02,3.747350e+02,3.471551e+01,4.545293e-01,9.500000e-01,2.500000e-01,5,15
586,2.935000,4.526151e-02,3.140031e-01,8.568285e-06,0.000000e+00,0.000000e+00,4.879014e+02,4.635063e+02,3.747350e+02,3.471551e+01,0.000000e+00,9.500000e-01,2.500000e-01,0,13
587,2.940000,4.578937e-02,3.111565e-01,2.815252e-03,2.268364e-03,0.000000e+00,4.879042e+02,4.635090e+02,3.747373e+02,3.471551e+01,1.000000e+00,9.500000e-01,2.500000e-01,5,13
588,2.945000,4.783603e-02,3.087909e-01,0.000000e+00,0.000000e+00,0.000000e+00,4.879042e+02,4.635090e+02,3.747373e+02,3.471551e+01,0.000000e+00,9.500000e-01,2.500000e-01,0,14
589,2.950000,5.005436e-02,2.656447e-01,1.183109e-02,0.000000e+00,4.207716e-02,4.879160e+02,4.635202e+02,3.747373e+02,3.475758e+01,1.000000e+00,9.500000e-01,2.500000e-01,5,15
590,2.955000,4.669253e-02,2.591517e-01,3.361827e-03,0.000000e+00,0.000000e+00,4.879194e+02,4.635234e+02,3.747373e+02,3.475758e+01,0.000000e+00,9.500000e-01,2.500000e-01,0,13
591,2.960000,4.512814e-02,2.552297e-01,1.564393e-03,0.000000e+00,0.000000e+00,4.879209e+02,4.635249e+02,3.747373e+02,3.475758e+01,0.000000e+00,9.500000e-01,2.500000e-01,0,13
592,2.965000,4.764378e-02,2.670865e-01,1.341672e-02,1.274588e-02,0.000000e+00,4.879344e+02,4.635376e+02,3.747500e+02,3.475758e+01,4.424163e-01,9.500000e-01,2.500000e-01,5,15
593,2.970000,3.399729e-02,2.637748e-01,1.364648e-02,0.000000e+00,0.000000e+00,4.879480e+02,4.635506e+02,3.747500e+02,3.475758e+01,0.000000e+00,9.500000e-01,2.500000e-01,0,12
594,2.975000,3.523076e-02,2.661492e-01,6.578457e-03,6.249534e-03,0.000000e+00,4.879546e+02,4.635569e+02,3.747563e+02,3.475758e+01,1.108652e-01,9.500000e-01,2.500000e-01,5,16
595,2.980000,3.494374e-02,2.647309e-01,2.870146e-04,0.000000e+00,0.000000e+00,4.879549e+02,4.635571e+02,3.747563e+02,3.475758e+01,0.000000e+00,9.500000e-01,2.500000e-01,0,14
596,2.985000,3.622917e-02,2.221312e-01,6.855622e-03,0.000000e+00,4.150456e-02,4.879617e+02,4.635636e+02,3.747563e+02,3.479909e+01,1.000000e+00,9.500000e-01,2.500000e-01,5,17
597,2.990000,3.588510e-02,2.158806e-01,3.440706e-04,0.000000e+00,0.000000e+00,4.879621e+02,4.635640e+02,3.747563e+02,3.479909e+01,0.000000e+00,9.500000e-01,2.500000e-01,0,14
598,2.995000,3.452686e-02,2.124817e-01,1.358241e-03,0.000000e+00,0.000000e+00,4.879634e+02,4.635653e+02,3.747563e+02,3.479909e+01,0.000000e+00,9.500000e-01,2.500000e-01,0,14
599,3.000000,3.618430e-02,2.198920e-01,8.839673e-03,8.397689e-03,0.000000e+00,4.879723e+02,4.635737e+02,3.747647e+02,3.479909e+01,2.433779e-01,9.500000e-01,2.500000e-01,5,14
600,3.005000,2.600434e-02,2.172385e-01,1.017996e-02,0.000000e+00,0.000000e+00,4.879825e+02,4.635833e+02,3.747647e+02,3.479909e+01,0.000000e+00,9.500000e-01,2.500000e-01,0,15
601,3.010000,2.688232e-02,2.165276e-01,4.682582e-03,2.236122e-03,0.000000e+00,4.879871e+02,4.635878e+02,3.747669e+02,3.479909e+01,1.000000e+00,9.500000e-01,2.500000e-01,5,17
602,3.015000,2.715006e-02,2.156792e-01,0.000000e+00,0.000000e+00,0.000000e+00,4.879871e+02,4.635878e+02,3.747669e+02,3.479909e+01,0.000000e+00,9.500000e-01,2.500000e-01,0,15
603,3.020000,2.817147e-02,1.753609e-01,5.447532e-03,0.000000e+00,3.921710e-02,4.879926e+02,4.635930e+02,3.747669e+02,3.483831e+01,1.000000e+00,9.500000e-01,2.500000e-01,5,18
604,3.025000,2.855033e-02,1.692947e-01,0.000000e+00,0.000000e+00,0.000000e+00,4.879926e+02,4.635930e+02,3.747669e+02,3.483831e+01,0.000000e+00,9.500000e-01,2.500000e-01,0,14
605,3.030000,2.953383e-02,1.601928e-01,5.245314e-03,0.000000e+00,6.229691e-03,4.879978e+02,4.635979e+02,3.747669e+02,3.484453e+01,1.000000e+00,9.500000e-01,2.500000e-01,5,16
606,3.035000,3.194919e-02,1.556364e-01,0.000000e+00,0.000000e+00,0.000000e+00,4.879978e+02,4.635979e+02,3.747669e+02,3.484453e+01,0.000000e+00,9.500000e-01,2.500000e-01,0,14
607,3.040000,3.319082e-02,1.581402e-01,6.621996e-03,6.290897e-03,0.000000e+00,4.880045e+02,4.636042e+02,3.747732e+02,3.484453e+01,1.226768e-01,9.500000e-01,2.500000e-01,5,17
608,3.045000,3.296380e-02,1.553829e-01,2.270157e-04,0.000000e+00,0.000000e+00,4.880047e+02,4.636044e+02,3.747732e+02,3.484453e+01,0.000000e+00,9.500000e-01,2.500000e-01,0,14
609,3.050000,3.389399e-02,1.468969e-01,4.961010e-03,0.000000e+00,7.509074e-03,4.880096e+02,4.636092e+02,3.747732e+02,3.485204e+01,1.000000e+00,9.500000e-01,2.500000e-01,5,15
610,3.055000,3.604478e-02,1.414370e-01,0.000000e+00,0.000000e+00,1.556693e-03,4.880096e+02,4.636092e+02,3.747732e+02,3.485360e+01,1.000000e+00,9.500000e-01,2.500000e-01,0,14
611,3.060000,3.722474e-02,1.039841e-01,6.293160e-03,0.000000e+00,3.458007e-02,4.880159e+02,4.636151e+02,3.747732e+02,3.488818e+01,1.000000e+00,9.500000e-01,2.500000e-01,5,15
612,3.065000,3.844344e-02,1.007993e-01,0.000000e+00,0.000000e+00,0.000000e+00,4.880159e+02,4.636151e+02,3.747732e+02,3.488818e+01,0.000000e+00,9.500000e-01,2.500000e-01,0,12
613,3.070000,3.930524e-02,9.932949e-02,0.000000e+00,0.000000e+00,0.000000e+00,4.880159e+02,4.636151e+02,3.747732e+02,3.488818e+01,0.000000e+00,9.500000e-01,2.500000e-01,0,13
614,3.075000,4.072536e-02,1.046797e-01,7.573940e-03,7.195243e-03,0.000000e+00,4.880235e+02,4.636223e+02,3.747804e+02,3.488818e+01,1.417708e-01,9.500000e-01,2.500000e-01,5,16
615,3.080000,4.319558e-02,1.035503e-01,1.317454e-02,3.201641e-04,0.000000e+00,4.880367e+02,4.636348e+02,3.747807e+02,3.488818e+01,1.000000e+00,9.500000e-01,2.500000e-01,5,15
616,3.085000,4.531924e-02,1.031156e-01,0.000000e+00,0.000000e+00,0.000000e+00,4.880367e+02,4.636348e+02,3.747807e+02,3.488818e+01,0.000000e+00,9.500000e-01,2.500000e-01,0,14
617,3.090000,4.614894e-02,9.874490e-02,4.425074e-03,0.000000e+00,3.288294e-03,4.880411e+02,4.636391e+02,3.747807e+02,3.489147e+01,1.000000e+00,9.500000e-01,2.500000e-01,5,16
618,3.095000,4.034779e-02,9.747080e-02,5.801153e-03,0.000000e+00,0.000000e+00,4.880469e+02,4.636446e+02,3.747807e+02,3.489147e+01,0.000000e+00,9.500000e-01,2.500000e-01,0,14
619,3.100000,4.195832e-02,1.052617e-01,8.589468e-03,8.159995e-03,0.000000e+00,4.880555e+02,4.636527e+02,3.747889e+02,3.489147e+01,6.058626e-01,9.500000e-01,2.500000e-01,5,16
620,3.105000,3.928163e-02,1.030821e-01,2.676689e-03,0.000000e+00,0.000000e+00,4.880582e+02,4.636553e+02,3.747889e+02,3.489147e+01,0.000000e+00,9.500000e-01,2.500000e-01,0,14
621,3.110000,4.041800e-02,1.069107e-01,6.060656e-03,5.757624e-03,0.000000e+00,4.880642e+02,4.636610e+02,3.747947e+02,3.489147e+01,1.541813e-01,9.500000e-01,2.500000e-01,5,15
622,3.115000,4.047526e-02,1.060048e-01,3.053886e-04,7.319904e-05,0.000000e+00,4.880645e+02,4.636613e+02,3.747947e+02,3.489147e+01,1.000000e+00,9.500000e-01,2.500000e-01,5,14
623,3.120000,5.935619e-02,1.054989e-01,0.000000e+00,0.000000e+00,0.000000e+00,4.880645e+02,4.636613e+02,3.747947e+02,3.489147e+01,0.000000e+00,9.500000e-01,2.500000e-01,0,13
624,3.125000,6.011098e-02,1.029955e-01,4.025558e-03,0.000000e+00,1.092933e-03,4.880686e+02,4.636651e+02,3.747947e+02,3.489256e+01,1.000000e+00,9.500000e-01,2.500000e-01,5,15
625,3.130000,6.066762e-02,1.018765e-01,0.000000e+00,0.000000e+00,0.000000e+00,4.880686e+02,4.636651e+02,3.747947e+02,3.489256e+01,0.000000e+00,9.500000e-01,2.500000e-01,0,12
626,3.135000,6.282485e-02,1.125421e-01,1.150522e-02,1.092996e-02,0.000000e+00,4.880801e+02,4.636761e+02,3.748057e+02,3.489256e+01,4.279220e-01,9.500000e-01,2.500000e-01,5,16
627,3.140000,6.355222e-02,1.115605e-01,3.879300e-03,1.097898e-03,0.000000e+00,4.880840e+02,4.636798e+02,3.748068e+02,3.489256e+01,1.000000e+00,9.500000e-01,2.500000e-01,5,15
628,3.145000,8.631063e-02,1.098001e-01,0.000000e+00,0.000000e+00,0.000000e+00,4.880840e+02,4.636798e+02,3.748068e+02,3.489256e+01,0.000000e+00,9.500000e-01,2.500000e-01,0,12
629,3.150000,8.054997e-02,1.092328e-01,5.760654e-03,0.000000e+00,0.000000e+00,4.880897e+02,4.636852e+02,3.748068e+02,3.489256e+01,0.000000e+00,9.500000e-01,2.500000e-01,0,12
630,3.155000,8.429819e-02,8.201687e-02,1.999048e-02,0.000000e+00,2.652029e-02,4.881097e+02,4.637042e+02,3.748068e+02,3.491908e+01,1.000000e+00,9.500000e-01,2.500000e-01,5,17
631,3.160000,5.960772e-02,7.575179e-02,2.469047e-02,0.000000e+00,0.000000e+00,4.881344e+02,4.637277e+02,3.748068e+02,3.491908e+01,0.000000e+00,9.500000e-01,2.500000e-01,0,12
632,3.165000,6.009759e-02,7.270796e-02,2.612674e-03,0.000000e+00,3.085942e-04,4.881370e+02,4.637302e+02,3.748068e+02,3.491939e+01,1.000000e+00,9.500000e-01,2.500000e-01,5,13
633,3.170000,6.279695e-02,7.153313e-02,0.000000e+00,0.000000e+00,0.000000e+00,4.881370e+02,4.637302e+02,3.748068e+02,3.491939e+01,0.000000e+00,9.500000e-01,2.500000e-01,0,15
634,3.175000,6.511257e-02,8.191487e-02,1.235001e-02,1.173251e-02,0.000000e+00,4.881494e+02,4.637419e+02,3.748185e+02,3.491939e+01,3.095634e-01,9.500000e-01,2.500000e-01,5,14
635,3.180000,6.130770e-02,8.019066e-02,3.804876e-03,0.000000e+00,0.000000e+00,4.881532e+02,4.637455e+02,3.748185e+02,3.491939e+01,0.000000e+00,9.500000e-01,2.500000e-01,0,12
636,3.185000,6.184439e-02,7.939625e-02,2.862382e-03,0.000000e+00,1.812841e-04,4.881560e+02,4.637482e+02,3.748185e+02,3.491957e+01,1.000000e+00,9.500000e-01,2.500000e-01,5,13
637,3.190000,6.583493e-02,7.868007e-02,0.000000e+00,0.000000e+00,0.000000e+00,4.881560e+02,4.637482e+02,3.748185e+02,3.491957e+01,0.000000e+00,9.500000e-01,2.500000e-01,0,12
638,3.195000,6.686596e-02,7.569675e-02,5.498856e-03,0.000000e+00,1.798124e-03,4.881615e+02,4.637534e+02,3.748185e+02,3.492137e+01,1.000000e+00,9.500000e-01,2.500000e-01,5,14
639,3.200000,6.541323e-02,7.504820e-02,1.452732e-03,0.000000e+00,0.000000e+00,4.881630e+02,4.637548e+02,3.748185e+02,3.492137e+01,0.000000e+00,9.500000e-01,2.500000e-01,0,13
640,3.205000,6.788339e-02,8.723104e-02,1.317418e-02,1.251547e-02,0.000000e+00,4.881761e+02,4.637673e+02,3.748310e+02,3.492137e+01,3.898107e-01,9.500000e-01,2.500000e-01,5,14
641,3.210000,6.655484e-02,8.553215e-02,1.328546e-03,0.000000e+00,0.000000e+00,4.881775e+02,4.637686e+02,3.748310e+02,3.492137e+01,0.000000e+00,9.500000e-01,2.500000e-01,0,12
642,3.215000,6.731713e-02,8.512817e-02,4.065529e-03,7.922533e-04,0.000000e+00,4.881815e+02,4.637725e+02,3.748318e+02,3.492137e+01,1.000000e+00,9.500000e-01,2.500000e-01,5,13
643,3.220000,7.109032e-02,8.476018e-02,0.000000e+00,0.000000e+00,0.000000e+00,4.881815e+02,4.637725e+02,3.748318e+02,3.492137e+01,0.000000e+00,9.500000e-01,2.500000e-01,0,12
644,3.225000,7.226549e-02,8.263061e-02,6.267623e-03,0.000000e+00,1.248726e-03,4.881878e+02,4.637784e+02,3.748318e+02,3.492262e+01,1.000000e+00,9.500000e-01,2.500000e-01,5,13
645,3.230000,7.194070e-02,8.139753e-02,3.247901e-04,0.000000e+00,0.000000e+00,4.881881e+02,4.637787e+02,3.748318e+02,3.492262e+01,0.000000e+00,9.500000e-01,2.500000e-01,0,13
646,3.235000,7.449847e-02,9.393194e-02,1.364143e-02,1.295936e-02,0.000000e+00,4.882018e+02,4.637917e+02,3.748448e+02,3.492262e+01,8.306342e-01,9.500000e-01,2.500000e-01,5,14
647,3.240000,7.064785e-02,9.029400e-02,3.850623e-03,0.000000e+00,0.000000e+00,4.882056e+02,4.637953e+02,3.748448e+02,3.492262e+01,0.000000e+00,9.500000e-01,2.500000e-01,0,12
648,3.245000,7.126173e-02,8.942978e-02,3.274040e-03,1.490546e-03,0.000000e+00,4.882089e+02,4.637985e+02,3.748462e+02,3.492262e+01,1.000000e+00,9.500000e-01,2.500000e-01,5,14
649,3.250000,7.492046e-02,8.826594e-02,0.000000e+00,0.000000e+00,0.000000e+00,4.882089e+02,4.637985e+02,3.748462e+02,3.492262e+01,0.000000e+00,9.500000e-01,2.500000e-01,0,12
650,3.255000,6.987287e-02,8.744610e-02,5.047589e-03,0.000000e+00,0.000000e+00,4.882139e+02,4.638033e+02,3.748462e+02,3.492262e+01,0.000000e+00,9.500000e-01,2.500000e-01,0,12
651,3.260000,7.294378e-02,6.186560e-02,1.637818e-02,0.000000e+00,2.422615e-02,4.882303e+02,4.638188e+02,3.748462e+02,3.494684e+01,1.000000e+00,9.500000e-01,2.500000e-01,5,15
652,3.265000,5.249495e-02,5.531798e-02,2.044883e-02,0.000000e+00,0.000000e+00,4.882508e+02,4.638382e+02,3.748462e+02,3.494684e+01,0.000000e+00,9.500000e-01,2.500000e-01,0,12
653,3.270000,5.361053e-02,5.812622e-02,5.949775e-03,5.652286e-03,0.000000e+00,4.882567e+02,4.638439e+02,3.748519e+02,3.494684e+01,4.103242e-01,9.500000e-01,2.500000e-01,5,14
654,3.275000,5.459374e-02,5.557122e-02,0.000000e+00,0.000000e+00,0.000000e+00,4.882567e+02,4.638439e+02,3.748519e+02,3.494684e+01,0.000000e+00,9.500000e-01,2.500000e-01,0,13
655,3.280000,5.335908e-02,5.349430e-02,1.234660e-03,0.000000e+00,0.000000e+00,4.882580e+02,4.638451e+02,3.748519e+02,3.494684e+01,0.000000e+00,9.500000e-01,2.500000e-01,0,13
656,3.285000,5.537198e-02,6.254637e-02,1.073548e-02,1.019870e-02,0.000000e+00,4.882687e+02,4.638553e+02,3.748621e+02,3.494684e+01,8.443436e-01,9.500000e-01,2.500000e-01,5,15
657,3.290000,4.368329e-02,5.792114e-02,1.168869e-02,0.000000e+00,0.000000e+00,4.882804e+02,4.638664e+02,3.748621e+02,3.494684e+01,0.000000e+00,9.500000e-01,2.500000e-01,0,13
658,3.295000,4.436597e-02,3.859700e-02,3.640944e-03,0.000000e+00,1.650201e-02,4.882840e+02,4.638698e+02,3.748621e+02,3.496335e+01,1.000000e+00,9.500000e-01,2.500000e-01,5,15
659,3.300000,4.563917e-02,3.351744e-02,6.790421e-03,4.717543e-05,0.000000e+00,4.882908e+02,4.638763e+02,3.748621e+02,3.496335e+01,1.000000e+00,9.500000e-01,2.500000e-01,5,14
660,3.305000,5.476792e-02,3.069095e-02,0.000000e+00,0.000000e+00,0.000000e+00,4.882908e+02,4.638763e+02,3.748621e+02,3.496335e+01,0.000000e+00,9.500000e-01,2.500000e-01,0,13
661,3.310000,5.531713e-02,2.996815e-02,2.929129e-03,1.277089e-03,0.000000e+00,4.882937e+02,4.638791e+02,3.748634e+02,3.496335e+01,1.000000e+00,9.500000e-01,2.500000e-01,5,15
662,3.315000,5.586846e-02,2.856401e-02,0.000000e+00,0.000000e+00,0.000000e+00,4.882937e+02,4.638791e+02,3.748634e+02,3.496335e+01,0.000000e+00,9.500000e-01,2.500000e-01,0,13
663,3.320000,5.778424e-02,3.730607e-02,1.021747e-02,9.706594e-03,0.000000e+00,4.883040e+02,4.638888e+02,3.748731e+02,3.496335e+01,9.609929e-01,9.500000e-01,2.500000e-01,5,14
664,3.325000,5.843876e-02,3.215048e-02,0.000000e+00,0.000000e+00,0.000000e+00,4.883040e+02,4.638888e+02,3.748731e+02,3.496335e+01,0.000000e+00,9.500000e-01,2.500000e-01,0,13
665,3.330000,5.890084e-02,2.829937e-02,2.464416e-03,0.000000e+00,1.313526e-03,4.883064e+02,4.638911e+02,3.748731e+02,3.496466e+01,1.000000e+00,9.500000e-01,2.500000e-01,5,15
666,3.335000,5.776216e-02,2.652241e-02,1.138672e-03,0.000000e+00,0.000000e+00,4.883076e+02,4.638922e+02,3.748731e+02,3.496466e+01,0.000000e+00,9.500000e-01,2.500000e-01,0,15
667,3.340000,5.987788e-02,3.622233e-02,1.128380e-02,1.071961e-02,0.000000e+00,4.883188e+02,4.639029e+02,3.748838e+02,3.496466e+01,6.355272e-01,9.500000e-01,2.500000e-01,5,16
668,3.345000,5.675378e-02,3.342625e-02,3.124102e-03,0.000000e+00,0.000000e+00,4.883220e+02,4.639059e+02,3.748838e+02,3.496466e+01,0.000000e+00,9.500000e-01,2.500000e-01,0,13
669,3.350000,5.522737e-02,3.184045e-02,1.526411e-03,0.000000e+00,0.000000e+00,4.883235e+02,4.639073e+02,3.748838e+02,3.496466e+01,0.000000e+00,9.500000e-01,2.500000e-01,0,13
670,3.355000,5.747499e-02,4.076302e-02,1.198736e-02,9.712341e-03,0.000000e+00,4.883355e+02,4.639187e+02,3.748936e+02,3.496466e+01,1.000000e+00,9.500000e-01,2.500000e-01,5,16
671,3.360000,4.041133e-02,3.501755e-02,1.706366e-02,0.000000e+00,0.000000e+00,4.883526e+02,4.639349e+02,3.748936e+02,3.496466e+01,0.000000e+00,9.500000e-01,2.500000e-01,0,13
672,3.365000,4.123155e-02,2.776944e-02,4.374478e-03,0.000000e+00,4.658054e-03,4.883569e+02,4.639391e+02,3.748936e+02,3.496932e+01,1.000000e+00,9.500000e-01,2.500000e-01,5,16
673,3.370000,4.097471e-02,2.256138e-02,2.568406e-04,0.000000e+00,0.000000e+00,4.883572e+02,4.639393e+02,3.748936e+02,3.496932e+01,0.000000e+00,9.500000e-01,2.500000e-01,0,13
674,3.375000,4.114053e-02,1.960833e-02,0.000000e+00,0.000000e+00,0.000000e+00,4.883572e+02,4.639393e+02,3.748936e+02,3.496932e+01,0.000000e+00,9.500000e-01,2.500000e-01,0,14
675,3.380000,4.287647e-02,2.653959e-02,9.258356e-03,8.795438e-03,0.000000e+00,4.883664e+02,4.639481e+02,3.749024e+02,3.496932e+01,4.972943e-01,9.500000e-01,2.500000e-01,5,16
676,3.385000,2.921064e-02,2.393705e-02,1.366583e-02,0.000000e+00,0.000000e+00,4.883801e+02,4.639611e+02,3.749024e+02,3.496932e+01,0.000000e+00,9.500000e-01,2.500000e-01,0,14
677,3.390000,2.980908e-02,2.573206e-02,3.191701e-03,3.032116e-03,0.000000e+00,4.883833e+02,4.639641e+02,3.749054e+02,3.496932e+01,3.104312e-01,9.500000e-01,2.500000e-01,5,16
678,3.395000,3.045488e-02,2.434674e-02,0.000000e+00,0.000000e+00,0.000000e+00,4.883833e+02,4.639641e+02,3.749054e+02,3.496932e+01,0.000000e+00,9.500000e-01,2.500000e-01,0,13
679,3.400000,3.095283e-02,1.603418e-02,2.655745e-03,0.000000e+00,7.181486e-03,4.883860e+02,4.639667e+02,3.749054e+02,3.497650e+01,1.000000e+00,9.500000e-01,2.500000e-01,5,16
680,3.405000,3.237444e-02,1.157476e-02,0.000000e+00,0.000000e+00,0.000000e+00,4.883860e+02,4.639667e+02,3.749054e+02,3.497650e+01,0.000000e+00,9.500000e-01,2.500000e-01,0,13
681,3.410000,3.279620e-02,1.162161e-02,2.249412e-03,2.136942e-03,0.000000e+00,4.883882e+02,4.639688e+02,3.749075e+02,3.497650e+01,2.638398e-01,9.500000e-01,2.500000e-01,5,16
682,3.415000,3.499794e-02,1.016008e-02,0.000000e+00,0.000000e+00,0.000000e+00,4.883882e+02,4.639688e+02,3.749075e+02,3.497650e+01,0.000000e+00,9.500000e-01,2.500000e-01,0,13
683,3.420000,3.626414e-02,1.559640e-02,6.753086e-03,6.415432e-03,0.000000e+00,4.883950e+02,4.639752e+02,3.749139e+02,3.497650e+01,5.571252e-01,9.500000e-01,2.500000e-01,5,17
684,3.425000,3.371179e-02,1.418489e-02,2.552350e-03,0.000000e+00,0.000000e+00,4.883975e+02,4.639776e+02,3.749139e+02,3.497650e+01,0.000000e+00,9.500000e-01,2.500000e-01,0,13
685,3.430000,3.453415e-02,9.567593e-03,4.385903e-03,0.000000e+00,3.959618e-03,4.884019e+02,4.639818e+02,3.749139e+02,3.498046e+01,1.000000e+00,9.500000e-01,2.500000e-01,5,16
686,3.435000,3.463138e-02,6.619185e-03,5.185530e-04,0.000000e+00,3.539334e-04,4.884024e+02,4.639823e+02,3.749139e+02,3.498081e+01,1.000000e+00,9.500000e-01,2.500000e-01,5,14
687,3.440000,4.815792e-02,5.628092e-03,0.000000e+00,0.000000e+00,0.000000e+00,4.884024e+02,4.639823e+02,3.749139e+02,3.498081e+01,0.000000e+00,9.500000e-01,2.500000e-01,0,15
688,3.445000,4.859726e-02,5.117511e-03,2.343186e-03,0.000000e+00,4.112307e-05,4.884048e+02,4.639845e+02,3.749139e+02,3.498085e+01,1.000000e+00,9.500000e-01,2.500000e-01,5,14
689,3.450000,4.862694e-02,4.989058e-03,1.582695e-04,1.503560e-04,0.000000e+00,4.884049e+02,4.639847e+02,3.749141e+02,3.498085e+01,7.331374e-01,9.500000e-01,2.500000e-01,5,16
690,3.455000,6.878309e-02,4.790735e-03,0.000000e+00,0.000000e+00,0.000000e+00,4.884049e+02,4.639847e+02,3.749141e+02,3.498085e+01,0.000000e+00,9.500000e-01,2.500000e-01,0,14
691,3.460000,7.132523e-02,1.753723e-02,1.355806e-02,1.288015e-02,0.000000e+00,4.884185e+02,4.639975e+02,3.749270e+02,3.498085e+01,8.861312e-01,9.500000e-01,2.500000e-01,5,16
692,3.465000,7.021029e-02,1.486694e-02,1.114936e-03,0.000000e+00,0.000000e+00,4.884196e+02,4.639986e+02,3.749270e+02,3.498085e+01,0.000000e+00,9.500000e-01,2.500000e-01,0,14
693,3.470000,7.129669e-02,1.348481e-02,5.794119e-03,0.000000e+00,4.681323e-04,4.884254e+02,4.640041e+02,3.749270e+02,3.498132e+01,1.000000e+00,9.500000e-01,2.500000e-01,5,15
694,3.475000,7.469494e-02,1.293941e-02,0.000000e+00,0.000000e+00,0.000000e+00,4.884254e+02,4.640041e+02,3.749270e+02,3.498132e+01,0.000000e+00,9.500000e-01,2.500000e-01,0,14
695,3.480000,7.602872e-02,1.245347e-02,7.113530e-03,0.000000e+00,1.396341e-04,4.884325e+02,4.640109e+02,3.749270e+02,3.498146e+01,1.000000e+00,9.500000e-01,2.500000e-01,5,15
696,3.485000,7.602824e-02,1.225824e-02,4.872161e-07,0.000000e+00,0.000000e+00,4.884325e+02,4.640109e+02,3.749270e+02,3.498146e+01,0.000000e+00,9.500000e-01,2.500000e-01,0,14
697,3.490000,7.862727e-02,2.521251e-02,1.386153e-02,1.316845e-02,0.000000e+00,4.884464e+02,4.640240e+02,3.749401e+02,3.498146e+01,5.610862e-01,9.500000e-01,2.500000e-01,5,16
698,3.495000,7.359054e-02,2.376632e-02,5.036733e-03,0.000000e+00,0.000000e+00,4.884514e+02,4.640288e+02,3.749401e+02,3.498146e+01,0.000000e+00,9.500000e-01,2.500000e-01,0,13
699,3.500000,7.439141e-02,2.333280e-02,4.271295e-03,6.813532e-05,0.000000e+00,4.884557e+02,4.640329e+02,3.749402e+02,3.498146e+01,1.000000e+00,9.500000e-01,2.500000e-01,5,14
700,3.505000,7.698798e-02,2.297746e-02,0.000000e+00,0.000000e+00,0.000000e+00,4.884557e+02,4.640329e+02,3.749402e+02,3.498146e+01,0.000000e+00,9.500000e-01,2.500000e-01,0,12
701,3.510000,7.801990e-02,2.192338e-02,5.503603e-03,0.000000e+00,5.827785e-04,4.884612e+02,4.640381e+02,3.749402e+02,3.498205e+01,1.000000e+00,9.500000e-01,2.500000e-01,5,14
702,3.515000,7.940168e-02,2.165863e-02,0.000000e+00,0.000000e+00,0.000000e+00,4.884612e+02,4.640381e+02,3.749402e+02,3.498205e+01,0.000000e+00,9.500000e-01,2.500000e-01,0,13
703,3.520000,8.064941e-02,2.216812e-02,6.654523e-03,6.717172e-04,0.000000e+00,4.884678e+02,4.640444e+02,3.749409e+02,3.498205e+01,1.000000e+00,9.500000e-01,2.500000e-01,5,14
704,3.525000,7.777884e-02,2.182815e-02,2.870569e-03,0.000000e+00,0.000000e+00,4.884707e+02,4.640472e+02,3.749409e+02,3.498205e+01,0.000000e+00,9.500000e-01,2.500000e-01,0,12
705,3.530000,8.040816e-02,3.487231e-02,1.402304e-02,1.332189e-02,0.000000e+00,4.884847e+02,4.640605e+02,3.749542e+02,3.498205e+01,7.293612e-01,9.500000e-01,2.500000e-01,5,13
706,3.535000,8.135904e-02,3.287785e-02,0.000000e+00,0.000000e+00,0.000000e+00,4.884847e+02,4.640605e+02,3.749542e+02,3.498205e+01,0.000000e+00,9.500000e-01,2.500000e-01,0,13
707,3.540000,8.232910e-02,3.061016e-02,5.173653e-03,0.000000e+00,1.449682e-03,4.884899e+02,4.640654e+02,3.749542e+02,3.498349e+01,1.000000e+00,9.500000e-01,2.500000e-01,5,14
708,3.545000,8.108887e-02,2.985709e-02,1.240227e-03,0.000000e+00,0.000000e+00,4.884911e+02,4.640666e+02,3.749542e+02,3.498349e+01,0.000000e+00,9.500000e-01,2.500000e-01,0,12
709,3.550000,7.533610e-02,2.943098e-02,5.752770e-03,0.000000e+00,0.000000e+00,4.884969e+02,4.640720e+02,3.749542e+02,3.498349e+01,0.000000e+00,9.500000e-01,2.500000e-01,0,13
710,3.555000,7.871767e-02,4.636307e-02,1.803503e-02,1.713328e-02,0.000000e+00,4.885149e+02,4.640892e+02,3.749713e+02,3.498349e+01,6.274314e-01,9.500000e-01,2.500000e-01,5,15
711,3.560000,5.414438e-02,4.368422e-02,2.457328e-02,0.000000e+00,0.000000e+00,4.885395e+02,4.641125e+02,3.749713e+02,3.498349e+01,0.000000e+00,9.500000e-01,2.500000e-01,0,12
712,3.565000,5.424371e-02,4.296916e-02,5.297434e-04,5.032562e-04,0.000000e+00,4.885400e+02,4.641130e+02,3.749718e+02,3.498349e+01,9.334960e-01,9.500000e-01,2.500000e-01,5,14
713,3.570000,5.864775e-02,4.243947e-02,0.000000e+00,0.000000e+00,0.000000e+00,4.885400e+02,4.641130e+02,3.749718e+02,3.498349e+01,0.000000e+00,9.500000e-01,2.500000e-01,0,13
714,3.575000,6.038578e-02,2.597209e-02,9.269536e-03,0.000000e+00,1.581832e-02,4.885493e+02,4.641218e+02,3.749718e+02,3.499931e+01,1.000000e+00,9.500000e-01,2.500000e-01,5,13
715,3.580000,6.174543e-02,2.174556e-02,0.000000e+00,0.000000e+00,0.000000e+00,4.885493e+02,4.641218e+02,3.749718e+02,3.499931e+01,0.000000e+00,9.500000e-01,2.500000e-01,0,12
716,3.585000,6.241240e-02,2.034134e-02,3.557170e-03,1.739791e-04,0.000000e+00,4.885528e+02,4.641252e+02,3.749720e+02,3.499931e+01,1.000000e+00,9.500000e-01,2.500000e-01,5,15
717,3.590000,5.887620e-02,1.948765e-02,3.536200e-03,0.000000e+00,0.000000e+00,4.885564e+02,4.641286e+02,3.749720e+02,3.499931e+01,0.000000e+00,9.500000e-01,2.500000e-01,0,15
718,3.595000,6.105345e-02,2.983117e-02,1.161203e-02,1.103142e-02,0.000000e+00,4.885680e+02,4.641396e+02,3.749830e+02,3.499931e+01,5.156541e-01,9.500000e-01,2.500000e-01,5,16
719,3.600000,5.810288e-02,2.853697e-02,2.950569e-03,0.000000e+00,0.000000e+00,4.885709e+02,4.641424e+02,3.749830e+02,3.499931e+01,0.000000e+00,9.500000e-01,2.500000e-01,0,13
720,3.605000,5.596340e-02,2.811870e-02,2.139482e-03,0.000000e+00,0.000000e+00,4.885731e+02,4.641444e+02,3.749830e+02,3.499931e+01,0.000000e+00,9.500000e-01,2.500000e-01,0,13
721,3.610000,5.838751e-02,1.813441e-02,1.292859e-02,0.000000e+00,9.541976e-03,4.885860e+02,4.641567e+02,3.749830e+02,3.500886e+01,1.000000e+00,9.500000e-01,2.500000e-01,5,15
722,3.615000,4.152480e-02,1.295898e-02,1.686272e-02,0.000000e+00,0.000000e+00,4.886029e+02,4.641727e+02,3.749830e+02,3.500886e+01,0.000000e+00,9.500000e-01,2.500000e-01,0,14
723,3.620000,4.249244e-02,1.583996e-02,5.160758e-03,4.902720e-03,0.000000e+00,4.886080e+02,4.641776e+02,3.749879e+02,3.500886e+01,5.982376e-01,9.500000e-01,2.500000e-01,5,16
724,3.625000,4.191776e-02,1.351831e-02,5.746784e-04,0.000000e+00,0.000000e+00,4.886086e+02,4.641782e+02,3.749879e+02,3.500886e+01,0.000000e+00,9.500000e-01,2.500000e-01,0,13
725,3.630000,4.157691e-02,1.204550e-02,3.408526e-04,0.000000e+00,0.000000e+00,4.886090e+02,4.641785e+02,3.749879e+02,3.500886e+01,0.000000e+00,9.500000e-01,2.500000e-01,0,13
726,3.635000,4.336145e-02,2.020564e-02,9.517531e-03,9.041654e-03,0.000000e+00,4.886185e+02,4.641875e+02,3.749970e+02,3.500886e+01,7.961494e-01,9.500000e-01,2.500000e-01,5,15
727,3.640000,4.593485e-02,1.619059e-02,1.372484e-02,0.000000e+00,4.027459e-04,4.886322e+02,4.642006e+02,3.749970e+02,3.500926e+01,1.000000e+00,9.500000e-01,2.500000e-01,5,17
728,3.645000,4.683297e-02,1.463567e-02,0.000000e+00,0.000000e+00,0.000000e+00,4.886322e+02,4.642006e+02,3.749970e+02,3.500926e+01,0.000000e+00,9.500000e-01,2.500000e-01,0,14
729,3.650000,4.735257e-02,1.006451e-02,8.419706e-03,0.000000e+00,3.657488e-03,4.886406e+02,4.642086e+02,3.749970e+02,3.501292e+01,1.000000e+00,9.500000e-01,2.500000e-01,5,14
730,3.655000,5.140944e-02,7.151445e-03,0.000000e+00,0.000000e+00,0.000000e+00,4.886406e+02,4.642086e+02,3.749970e+02,3.501292e+01,0.000000e+00,9.500000e-01,2.500000e-01,0,13
731,3.660000,5.207841e-02,7.137455e-03,3.567824e-03,9.245968e-04,0.000000e+00,4.886442e+02,4.642120e+02,3.749979e+02,3.501292e+01,1.000000e+00,9.500000e-01,2.500000e-01,5,15
732,3.665000,5.260632e-02,6.646816e-03,0.000000e+00,0.000000e+00,0.000000e+00,4.886442e+02,4.642120e+02,3.749979e+02,3.501292e+01,0.000000e+00,9.500000e-01,2.500000e-01,0,15
733,3.670000,5.482320e-02,1.589890e-02,1.182334e-02,9.525886e-03,0.000000e+00,4.886560e+02,4.642232e+02,3.750074e+02,3.501292e+01,1.000000e+00,9.500000e-01,2.500000e-01,5,17
734,3.675000,5.134568e-02,1.159818e-02,3.477522e-03,0.000000e+00,0.000000e+00,4.886595e+02,4.642265e+02,3.750074e+02,3.501292e+01,0.000000e+00,9.500000e-01,2.500000e-01,0,14
735,3.680000,4.951200e-02,9.887440e-03,1.833680e-03,0.000000e+00,0.000000e+00,4.886613e+02,4.642283e+02,3.750074e+02,3.501292e+01,0.000000e+00,9.500000e-01,2.500000e-01,0,12
736,3.685000,4.642585e-02,1.176660e-02,1.156768e-02,2.797357e-03,0.000000e+00,4.886729e+02,4.642392e+02,3.750102e+02,3.501292e+01,1.000000e+00,9.500000e-01,2.500000e-01,5,15
737,3.690000,3.663306e-02,6.785229e-03,9.792793e-03,0.000000e+00,0.000000e+00,4.886827e+02,4.642485e+02,3.750102e+02,3.501292e+01,0.000000e+00,9.500000e-01,2.500000e-01,0,12
738,3.695000,3.787624e-02,1.119132e-02,6.630269e-03,6.298756e-03,0.000000e+00,4.886893e+02,4.642548e+02,3.750165e+02,3.501292e+01,4.697395e-01,9.500000e-01,2.500000e-01,5,18
739,3.700000,3.634681e-02,9.295276e-03,1.529426e-03,0.000000e+00,0.000000e+00,4.886908e+02,4.642563e+02,3.750165e+02,3.501292e+01,0.000000e+00,9.500000e-01,2.500000e-01,0,14
740,3.705000,3.738391e-02,1.337322e-02,5.531204e-03,5.254644e-03,0.000000e+00,4.886964e+02,4.642616e+02,3.750218e+02,3.501292e+01,9.427506e-01,9.500000e-01,2.500000e-01,5,16
741,3.710000,3.769536e-02,9.525703e-03,0.000000e+00,0.000000e+00,0.000000e+00,4.886964e+02,4.642616e+02,3.750218e+02,3.501292e+01,0.000000e+00,9.500000e-01,2.500000e-01,0,13
742,3.715000,3.726667e-02,7.666007e-03,4.286933e-04,0.000000e+00,0.000000e+00,4.886968e+02,4.642620e+02,3.750218e+02,3.501292e+01,0.000000e+00,9.500000e-01,2.500000e-01,0,14
743,3.720000,3.911470e-02,1.520087e-02,9.856151e-03,8.595480e-03,0.000000e+00,4.887067e+02,4.642713e+02,3.750304e+02,3.501292e+01,1.000000e+00,9.500000e-01,2.500000e-01,5,18
744,3.725000,2.436496e-02,9.660128e-03,1.474974e-02,0.000000e+00,0.000000e+00,4.887214e+02,4.642853e+02,3.750304e+02,3.501292e+01,0.000000e+00,9.500000e-01,2.500000e-01,0,17
745,3.730000,2.131482e-02,7.361804e-03,3.050136e-03,0.000000e+00,0.000000e+00,4.887245e+02,4.642882e+02,3.750304e+02,3.501292e+01,0.000000e+00,9.500000e-01,2.500000e-01,0,17
746,3.735000,1.874316e-02,6.171340e-03,2.571665e-03,0.000000e+00,0.000000e+00,4.887270e+02,4.642907e+02,3.750304e+02,3.501292e+01,0.000000e+00,9.500000e-01,2.500000e-01,0,16
747,3.740000,1.932032e-02,5.317214e-03,3.078236e-03,0.000000e+00,1.094219e-04,4.887301e+02,4.642936e+02,3.750304e+02,3.501302e+01,1.000000e+00,9.500000e-01,2.500000e-01,5,17
748,3.745000,1.131164e-02,4.805332e-03,8.008685e-03,0.000000e+00,0.000000e+00,4.887381e+02,4.643012e+02,3.750304e+02,3.501302e+01,0.000000e+00,9.500000e-01,2.500000e-01,0,16
749,3.750000,1.152015e-02,4.443822e-03,1.112036e-03,0.000000e+00,5.345707e-05,4.887392e+02,4.643023e+02,3.750304e+02,3.501308e+01,1.000000e+00,9.500000e-01,2.500000e-01,5,18
750,3.755000,1.238847e-02,4.257201e-03,0.000000e+00,0.000000e+00,0.000000e+00,4.887392e+02,4.643023e+02,3.750304e+02,3.501308e+01,0.000000e+00,9.500000e-01,2.500000e-01,0,16
751,3.760000,1.304309e-02,7.417960e-03,3.491308e-03,3.316742e-03,0.000000e+00,4.887427e+02,4.643056e+02,3.750337e+02,3.501308e+01,3.415182e-01,9.500000e-01,2.500000e-01,5,17
752,3.765000,1.127915e-02,7.093672e-03,1.763935e-03,0.000000e+00,0.000000e+00,4.887445e+02,4.643073e+02,3.750337e+02,3.501308e+01,0.000000e+00,9.500000e-01,2.500000e-01,0,15
753,3.770000,1.136466e-02,6.820375e-03,4.560514e-04,0.000000e+00,1.907633e-04,4.887449e+02,4.643077e+02,3.750337e+02,3.501327e+01,1.000000e+00,9.500000e-01,2.500000e-01,5,17
754,3.775000,1.417087e-02,6.479423e-03,0.000000e+00,0.000000e+00,2.548278e-04,4.887449e+02,4.643077e+02,3.750337e+02,3.501352e+01,1.000000e+00,9.500000e-01,2.500000e-01,0,15
755,3.780000,1.483772e-02,8.571800e-03,3.556534e-03,2.197446e-03,0.000000e+00,4.887485e+02,4.643111e+02,3.750359e+02,3.501352e+01,1.000000e+00,9.500000e-01,2.500000e-01,5,18
756,3.785000,1.176913e-02,5.410253e-03,3.068586e-03,0.000000e+00,0.000000e+00,4.887516e+02,4.643140e+02,3.750359e+02,3.501352e+01,0.000000e+00,9.500000e-01,2.500000e-01,0,17
757,3.790000,1.048272e-02,4.257676e-03,1.286411e-03,0.000000e+00,0.000000e+00,4.887528e+02,4.643152e+02,3.750359e+02,3.501352e+01,0.000000e+00,9.500000e-01,2.500000e-01,0,16
758,3.795000,1.086809e-02,3.906505e-03,2.055317e-03,1.856313e-04,0.000000e+00,4.887549e+02,4.643172e+02,3.750361e+02,3.501352e+01,1.000000e+00,9.500000e-01,2.500000e-01,5,18
759,3.800000,1.142120e-02,3.535270e-03,2.949890e-03,0.000000e+00,5.669058e-05,4.887579e+02,4.643200e+02,3.750361e+02,3.501358e+01,1.000000e+00,9.500000e-01,2.500000e-01,5,17
760,3.805000,1.514949e-02,3.312944e-03,0.000000e+00,0.000000e+00,0.000000e+00,4.887579e+02,4.643200e+02,3.750361e+02,3.501358e+01,0.000000e+00,9.500000e-01,2.500000e-01,0,14
761,3.810000,1.578007e-02,6.354245e-03,3.363083e-03,3.194929e-03,0.000000e+00,4.887612e+02,4.643232e+02,3.750393e+02,3.501358e+01,7.734388e-01,9.500000e-01,2.500000e-01,5,17
762,3.815000,1.650860e-02,4.677013e-03,0.000000e+00,0.000000e+00,0.000000e+00,4.887612e+02,4.643232e+02,3.750393e+02,3.501358e+01,0.000000e+00,9.500000e-01,2.500000e-01,0,14
763,3.820000,1.711549e-02,7.157304e-03,3.236724e-03,3.074888e-03,0.000000e+00,4.887645e+02,4.643262e+02,3.750423e+02,3.501358e+01,4.221235e-01,9.500000e-01,2.500000e-01,5,17
764,3.825000,1.482453e-02,6.443415e-03,2.290959e-03,0.000000e+00,0.000000e+00,4.887667e+02,4.643284e+02,3.750423e+02,3.501358e+01,0.000000e+00,9.500000e-01,2.500000e-01,0,14
765,3.830000,1.508847e-02,5.806726e-03,1.407681e-03,0.000000e+00,2.189609e-04,4.887682e+02,4.643297e+02,3.750423e+02,3.501380e+01,1.000000e+00,9.500000e-01,2.500000e-01,5,18
766,3.835000,1.760779e-02,5.478139e-03,0.000000e+00,0.000000e+00,0.000000e+00,4.887682e+02,4.643297e+02,3.750423e+02,3.501380e+01,0.000000e+00,9.500000e-01,2.500000e-01,0,13
767,3.840000,1.827434e-02,8.619820e-03,3.554952e-03,3.377204e-03,0.000000e+00,4.887717e+02,4.643331e+02,3.750457e+02,3.501380e+01,8.661185e-01,9.500000e-01,2.500000e-01,5,16
768,3.845000,1.861813e-02,6.284701e-03,0.000000e+00,0.000000e+00,0.000000e+00,4.887717e+02,4.643331e+02,3.750457e+02,3.501380e+01,0.000000e+00,9.500000e-01,2.500000e-01,0,13
769,3.850000,1.936383e-02,9.210411e-03,3.977106e-03,3.778251e-03,0.000000e+00,4.887757e+02,4.643369e+02,3.750495e+02,3.501380e+01,4.070542e-01,9.500000e-01,2.500000e-01,5,19
770,3.855000,1.919086e-02,8.441465e-03,1.729774e-04,0.000000e+00,0.000000e+00,4.887759e+02,4.643371e+02,3.750495e+02,3.501380e+01,0.000000e+00,9.500000e-01,2.500000e-01,0,14
771,3.860000,1.979731e-02,1.105543e-02,3.234432e-03,3.072711e-03,0.000000e+00,4.887791e+02,4.643401e+02,3.750526e+02,3.501380e+01,8.975729e-01,9.500000e-01,2.500000e-01,5,17
772,3.865000,1.749223e-02,8.358501e-03,2.305079e-03,0.000000e+00,0.000000e+00,4.887814e+02,4.643423e+02,3.750526e+02,3.501380e+01,0.000000e+00,9.500000e-01,2.500000e-01,0,14
773,3.870000,1.768082e-02,6.884315e-03,1.005800e-03,0.000000e+00,2.552229e-04,4.887824e+02,4.643433e+02,3.750526e+02,3.501405e+01,1.000000e+00,9.500000e-01,2.500000e-01,5,16
774,3.875000,2.066429e-02,6.229079e-03,0.000000e+00,0.000000e+00,0.000000e+00,4.887824e+02,4.643433e+02,3.750526e+02,3.501405e+01,0.000000e+00,9.500000e-01,2.500000e-01,0,13
775,3.880000,2.146717e-02,9.872853e-03,4.282053e-03,4.067950e-03,0.000000e+00,4.887867e+02,4.643473e+02,3.750566e+02,3.501405e+01,5.464183e-01,9.500000e-01,2.500000e-01,5,19
776,3.885000,2.138395e-02,8.809086e-03,8.321821e-05,0.000000e+00,0.000000e+00,4.887868e+02,4.643474e+02,3.750566e+02,3.501405e+01,0.000000e+00,9.500000e-01,2.500000e-01,0,13
777,3.890000,2.207866e-02,1.190069e-02,3.705094e-03,3.519839e-03,0.000000e+00,4.887905e+02,4.643509e+02,3.750602e+02,3.501405e+01,3.929786e-01,9.500000e-01,2.500000e-01,5,17
778,3.895000,2.228377e-02,1.134736e-02,0.000000e+00,0.000000e+00,0.000000e+00,4.887905e+02,4.643509e+02,3.750602e+02,3.501405e+01,0.000000e+00,9.500000e-01,2.500000e-01,0,13
779,3.900000,2.306821e-02,8.367714e-03,4.183704e-03,0.000000e+00,2.633142e-03,4.887947e+02,4.643549e+02,3.750602e+02,3.501669e+01,1.000000e+00,9.500000e-01,2.500000e-01,5,16
780,3.905000,2.320504e-02,5.375040e-03,0.000000e+00,0.000000e+00,0.000000e+00,4.887947e+02,4.643549e+02,3.750602e+02,3.501669e+01,0.000000e+00,9.500000e-01,2.500000e-01,0,14
781,3.910000,2.395667e-02,7.979833e-03,4.008677e-03,3.808243e-03,0.000000e+00,4.887987e+02,4.643587e+02,3.750640e+02,3.501669e+01,7.300216e-01,9.500000e-01,2.500000e-01,5,16
782,3.915000,2.390080e-02,5.884643e-03,5.587564e-05,0.000000e+00,0.000000e+00,4.887987e+02,4.643588e+02,3.750640e+02,3.501669e+01,0.000000e+00,9.500000e-01,2.500000e-01,0,13
783,3.920000,2.460071e-02,8.292874e-03,3.732894e-03,3.546250e-03,0.000000e+00,4.888025e+02,4.643623e+02,3.750675e+02,3.501669e+01,5.644088e-01,9.500000e-01,2.500000e-01,5,16
784,3.925000,2.496704e-02,6.823347e-03,0.000000e+00,0.000000e+00,0.000000e+00,4.888025e+02,4.643623e+02,3.750675e+02,3.501669e+01,0.000000e+00,9.500000e-01,2.500000e-01,0,14
785,3.930000,2.569873e-02,9.564775e-03,3.902330e-03,3.514564e-03,0.000000e+00,4.888064e+02,4.643660e+02,3.750710e+02,3.501669e+01,1.000000e+00,9.500000e-01,2.500000e-01,5,16
786,3.935000,2.570388e-02,6.615019e-03,0.000000e+00,0.000000e+00,0.000000e+00,4.888064e+02,4.643660e+02,3.750710e+02,3.501669e+01,0.000000e+00,9.500000e-01,2.500000e-01,0,13
787,3.940000,2.654122e-02,9.273843e-03,4.465788e-03,3.891451e-03,0.000000e+00,4.888108e+02,4.643703e+02,3.750749e+02,3.501669e+01,1.000000e+00,9.500000e-01,2.500000e-01,5,18
788,3.945000,2.689193e-02,6.160505e-03,0.000000e+00,0.000000e+00,0.000000e+00,4.888108e+02,4.643703e+02,3.750749e+02,3.501669e+01,0.000000e+00,9.500000e-01,2.500000e-01,0,13
789,3.950000,2.782208e-02,9.383214e-03,4.960789e-03,4.712750e-03,0.000000e+00,4.888158e+02,4.643750e+02,3.750796e+02,3.501669e+01,8.893217e-01,9.500000e-01,2.500000e-01,5,16
790,3.955000,2.810297e-02,6.576149e-03,0.000000e+00,0.000000e+00,0.000000e+00,4.888158e+02,4.643750e+02,3.750796e+02,3.501669e+01,0.000000e+00,9.500000e-01,2.500000e-01,0,14
791,3.960000,2.895130e-02,9.519305e-03,4.524397e-03,4.298177e-03,0.000000e+00,4.888203e+02,4.643793e+02,3.750839e+02,3.501669e+01,8.858962e-01,9.500000e-01,2.500000e-01,5,15
792,3.965000,2.911089e-02,6.850393e-03,8.511817e-04,0.000000e+00,1.060856e-04,4.888212e+02,4.643801e+02,3.750839e+02,3.501679e+01,1.000000e+00,9.500000e-01,2.500000e-01,5,14
793,3.970000,4.298473e-02,5.628990e-03,0.000000e+00,0.000000e+00,0.000000e+00,4.888212e+02,4.643801e+02,3.750839e+02,3.501679e+01,0.000000e+00,9.500000e-01,2.500000e-01,0,13
794,3.975000,4.193959e-02,1.067054e-02,8.866104e-03,5.749437e-03,0.000000e+00,4.888300e+02,4.643885e+02,3.750897e+02,3.501679e+01,1.000000e+00,9.500000e-01,2.500000e-01,5,15
795,3.980000,4.360658e-02,6.256777e-03,0.000000e+00,0.000000e+00,0.000000e+00,4.888300e+02,4.643885e+02,3.750897e+02,3.501679e+01,0.000000e+00,9.500000e-01,2.500000e-01,0,14
796,3.985000,4.507582e-02,1.185456e-02,7.835970e-03,7.444172e-03,0.000000e+00,4.888379e+02,4.643960e+02,3.750971e+02,3.501679e+01,6.002124e-01,9.500000e-01,2.500000e-01,5,15
797,3.990000,4.557650e-02,9.333190e-03,0.000000e+00,0.000000e+00,0.000000e+00,4.888379e+02,4.643960e+02,3.750971e+02,3.501679e+01,0.000000e+00,9.500000e-01,2.500000e-01,0,14
798,3.995000,4.614403e-02,7.486413e-03,3.026828e-03,0.000000e+00,3.112855e-04,4.888409e+02,4.643988e+02,3.750971e+02,3.501711e+01,1.000000e+00,9.500000e-01,2.500000e-01,5,15
799,4.000000,4.694117e-02,6.450566e-03,0.000000e+00,0.000000e+00,0.000000e+00,4.888409e+02,4.643988e+02,3.750971e+02,3.501711e+01,0.000000e+00,9.500000e-01,2.500000e-01,0,14
