t,com_y:support,com_y:book_0,com_y:book_1,com_y:book_2,com_y:book_3,com_y:book_4,com_y:drop_book,E_el:support,E_el:book_0,E_el:book_1,E_el:book_2,E_el:book_3,E_el:book_4,E_el:drop_book,F:book_0->book_1,F:book_0->support,F:book_1->floor,F:book_1->support,F:book_2->book_0,F:book_2->book_1,F:book_2->book_3,F:book_2->support,F:book_3->book_1,F:book_3->book_2,F:book_3->book_4,F:book_3->support,F:book_4->support,F:drop_book->support,F:support->book_1,support_mid_uy
0.400025,-0.000135389,0.054686877,0.054715426,0.054512016,0.054496840,0.054572065,0.550000009,7.250100e-03,1.107644e-03,8.219105e-04,3.039440e-03,2.949833e-03,1.911914e-03,1.318729e-12,0.000000,9.492996,0.000000,5.438187,0.000000,0.000000,0.000000,22.359770,0.000000,0.000000,0.000000,16.177525,12.113319,0.000000,0.000000,-2.316751535e-04
0.401275,-0.000138389,0.054656440,0.054691554,0.054489572,0.054495015,0.054563272,0.549992038,7.383469e-03,1.334506e-03,1.109833e-03,3.611399e-03,3.027922e-03,1.993523e-03,7.584911e-13,0.000000,11.442808,0.000000,6.009314,0.000000,0.000000,0.000000,15.554569,0.000000,0.000000,0.000000,16.531599,13.637390,0.000000,0.000000,-2.369440195e-04
0.402525,-0.000151219,0.054629112,0.054661480,0.054477253,0.054502414,0.054560550,0.549968739,8.601778e-03,1.521258e-03,1.582577e-03,3.710884e-03,2.446935e-03,1.695426e-03,2.449269e-13,0.000000,11.163596,0.000000,5.311752,0.000000,0.000000,0.000000,18.679615,0.000000,0.000000,0.000000,15.053125,13.246040,0.000000,0.000000,-2.581146488e-04
0.403775,-0.000170014,0.054603704,0.054624762,0.054477502,0.054517175,0.054561979,0.549930113,1.082197e-02,1.705674e-03,1.520341e-03,3.193547e-03,1.629509e-03,1.192850e-03,4.117656e-13,0.000000,11.519204,0.000000,6.129615,0.000000,0.000000,0.000000,16.284115,0.000000,0.000000,0.000000,13.600046,11.556568,0.000000,0.000000,-2.899553464e-04
0.405025,-0.000190047,0.054581641,0.054584222,0.054485853,0.054536885,0.054565520,0.549876158,1.356608e-02,1.760191e-03,1.368444e-03,2.195172e-03,9.823472e-04,8.716560e-04,7.985272e-13,0.000000,12.313519,0.000000,9.697500,0.000000,0.000000,0.000000,13.649348,0.000000,0.000000,0.000000,12.375240,10.826056,0.000000,0.000000,-3.228848605e-04
0.406275,-0.000206912,0.054564682,0.054547359,0.054499311,0.054559169,0.054568965,0.549806874,1.613674e-02,1.532677e-03,1.396920e-03,1.382799e-03,6.169149e-04,8.437077e-04,8.205421e-13,0.000000,13.881189,0.000000,14.187730,0.000000,0.000000,0.000000,13.114698,0.000000,0.000000,0.000000,10.857573,8.493166,0.000000,0.000000,-3.506277688e-04
0.407525,-0.000217814,0.054555860,0.054519807,0.054518939,0.054582213,0.054568657,0.549722263,1.785444e-02,1.473815e-03,1.773362e-03,1.177170e-03,4.508020e-04,5.694005e-04,5.777127e-13,0.000000,15.932016,0.000000,16.458654,0.000000,0.000000,0.000000,14.230978,0.000000,0.000000,0.000000,9.289330,6.373303,0.000000,0.000000,-3.684586824e-04
0.408775,-0.000220164,0.054556822,0.054502472,0.054545785,0.054603375,0.054562429,0.549622324,1.813928e-02,1.445091e-03,2.223038e-03,1.209677e-03,3.438735e-04,4.671698e-04,4.599833e-13,0.000000,16.568826,0.000000,16.143645,0.000000,0.000000,0.000000,13.885053,0.000000,0.000000,0.000000,8.042781,6.269168,0.000000,0.000000,-3.727940106e-04
0.410025,-0.000212879,0.054568626,0.054494367,0.054577686,0.054620365,0.054552983,0.549507056,1.686925e-02,1.442222e-03,2.081881e-03,9.765601e-04,3.044088e-04,8.401774e-04,6.292586e-13,0.000000,16.054065,0.000000,15.596223,0.000000,0.000000,0.000000,12.451059,0.000000,0.000000,0.000000,6.206548,9.333985,0.000000,0.000000,-3.609217760e-04
0.411275,-0.000197071,0.054588149,0.054496201,0.054611437,0.054631046,0.054544616,0.549376461,1.443394e-02,1.441060e-03,2.295741e-03,7.426102e-04,3.275319e-04,1.173328e-03,7.429906e-13,0.000000,13.722186,0.000000,16.970199,0.000000,0.000000,0.000000,9.263134,0.000000,0.000000,0.000000,5.373743,11.667568,0.000000,0.000000,-3.342727040e-04
0.412525,-0.000174880,0.054612288,0.054508689,0.054642820,0.054634235,0.054540201,0.549230537,1.141791e-02,1.424928e-03,3.193793e-03,6.814242e-04,4.956638e-04,1.364255e-03,7.224626e-13,0.000000,11.817978,0.000000,15.958948,0.000000,0.000000,0.000000,7.742228,0.000000,0.000000,0.000000,4.978927,12.824578,0.000000,0.000000,-2.967898578e-04
0.413775,-0.000149777,0.054639135,0.054530153,0.054668909,0.054630958,0.054541569,0.549069285,8.445475e-03,1.490338e-03,3.524260e-03,1.089789e-03,7.930928e-04,1.803767e-03,6.396136e-13,0.000000,11.561388,0.000000,15.350757,0.000000,0.000000,0.000000,4.494725,0.000000,0.000000,0.000000,6.567021,14.155214,0.000000,0.000000,-2.546073812e-04
0.415025,-0.000127756,0.054669136,0.054560320,0.054686304,0.054625193,0.054549842,0.548892705,6.251220e-03,1.500501e-03,2.838493e-03,1.151386e-03,1.173106e-03,2.692664e-03,5.358363e-13,0.000000,11.829600,0.000000,15.313691,0.000000,0.000000,0.000000,5.575905,0.000000,0.000000,0.000000,9.881037,14.188360,0.000000,0.000000,-2.173070216e-04
0.416275,-0.000114395,0.054701695,0.054599465,0.054698481,0.054620273,0.054564162,0.548700797,5.145801e-03,1.165072e-03,2.362524e-03,1.057703e-03,1.529465e-03,2.895361e-03,5.769653e-13,0.000000,11.238126,0.000000,15.938530,0.000000,0.000000,0.000000,6.065006,0.000000,0.000000,0.000000,11.131927,13.030088,0.000000,0.000000,-1.944597593e-04
0.417525,-0.000112631,0.054735815,0.054647729,0.054705876,0.054618533,0.054583147,0.548493561,5.045898e-03,6.859787e-04,2.245553e-03,1.005329e-03,1.551062e-03,2.275327e-03,7.122082e-13,0.000000,9.798371,0.000000,14.807030,0.000000,0.000000,0.000000,8.309111,0.000000,0.000000,0.000000,11.666722,12.843750,0.000000,0.000000,-1.918440792e-04
0.418775,-0.000122136,0.054768256,0.054701904,0.054711333,0.054619903,0.054606555,0.548270996,5.738799e-03,3.721643e-04,1.355250e-03,1.004224e-03,1.269764e-03,1.675140e-03,7.192338e-13,0.000000,7.949736,0.000000,12.001260,0.000000,0.000000,0.000000,8.091691,0.000000,0.000000,0.000000,12.100465,12.079955,0.000000,0.000000,-2.086119641e-04
0.420025,-0.000138122,0.054796222,0.054756348,0.054713611,0.054623946,0.054632553,0.548033104,7.049521e-03,3.508142e-04,4.676417e-04,9.022279e-04,9.715433e-04,1.226820e-03,5.588668e-13,0.000000,5.587185,0.000000,7.798226,0.000000,0.000000,0.000000,7.768113,0.000000,0.000000,0.000000,11.148982,10.439222,0.000000,0.000000,-2.352802676e-04
0.421275,-0.000153240,0.054815628,0.054803487,0.054712420,0.054629301,0.054657553,0.547779883,8.573315e-03,2.775712e-04,5.714939e-04,6.931511e-04,6.972932e-04,8.009773e-04,4.509155e-13,0.000000,3.405413,0.000000,2.542802,0.000000,0.000000,0.000000,7.108567,0.000000,0.000000,0.000000,10.013257,8.615348,0.000000,0.000000,-2.613957637e-04
0.422525,-0.000161770,0.054824389,0.054837646,0.054705687,0.054634374,0.054680870,0.547511334,9.548062e-03,1.829987e-04,8.766045e-04,5.233356e-04,5.218332e-04,4.999703e-04,5.325184e-13,0.000000,2.539725,0.000000,1.029772,0.000000,0.000000,0.000000,5.788970,0.000000,0.000000,0.000000,9.039548,8.700432,0.000000,0.000000,-2.760060347e-04
0.423775,-0.000161258,0.054821457,0.054857926,0.054693139,0.054638330,0.054702747,0.547227458,9.535078e-03,2.593203e-04,7.324593e-04,5.883901e-04,4.439954e-04,5.310591e-04,6.928902e-13,0.000000,2.390610,0.000000,0.891618,0.000000,0.000000,0.000000,6.482807,0.000000,0.000000,0.000000,9.593920,8.672961,0.000000,0.000000,-2.750452380e-04
0.425025,-0.000152240,0.054807738,0.054864236,0.054676468,0.054642347,0.054720917,0.546928253,8.570024e-03,3.335959e-04,4.565343e-04,8.412290e-04,5.222369e-04,5.884288e-04,7.646154e-13,0.000000,3.615409,0.000000,0.730226,0.000000,0.000000,0.000000,8.056076,0.000000,0.000000,0.000000,10.294524,6.314335,0.000000,0.000000,-2.593278635e-04
0.426275,-0.000137189,0.054785832,0.054856470,0.054658610,0.054648240,0.054731684,0.546613719,6.977859e-03,3.291544e-04,5.747325e-04,1.171152e-03,7.315076e-04,5.329754e-04,6.242306e-13,0.000000,5.897180,0.000000,1.419597,0.000000,0.000000,0.000000,9.711983,0.000000,0.000000,0.000000,11.555827,3.823056,0.000000,0.000000,-2.330691133e-04
0.427525,-0.000120625,0.054760847,0.054836235,0.054641374,0.054656907,0.054732979,0.546283858,5.422511e-03,5.220165e-04,8.405919e-04,1.517206e-03,8.498484e-04,5.292603e-04,4.865556e-13,0.000000,8.888475,0.000000,1.739990,0.000000,0.000000,0.000000,11.519704,0.000000,0.000000,0.000000,11.339385,3.809290,0.000000,0.000000,-2.046645442e-04
0.428775,-0.000106445,0.054732956,0.054804265,0.054628199,0.054667394,0.054724991,0.545938669,4.291167e-03,9.791466e-04,7.761419e-04,1.897144e-03,9.880165e-04,7.410648e-04,5.763233e-13,0.000000,7.778152,0.000000,3.688760,0.000000,0.000000,0.000000,12.373750,0.000000,0.000000,0.000000,10.439723,4.370424,0.000000,0.000000,-1.812433710e-04
0.430025,-0.000099530,0.054703480,0.054764796,0.054620169,0.054677223,0.054709736,0.545578151,3.855735e-03,1.521204e-03,7.039438e-04,2.155313e-03,1.128006e-03,1.108257e-03,6.753123e-13,0.000000,8.945006,0.000000,5.180025,0.000000,0.000000,0.000000,14.088923,0.000000,0.000000,0.000000,8.384062,5.893748,0.000000,0.000000,-1.681127613e-04
0.431275,-0.000101772,0.054673261,0.054721367,0.054618494,0.054684133,0.054689570,0.545202306,4.102083e-03,1.758714e-03,1.239780e-03,2.188533e-03,1.040482e-03,1.152542e-03,6.139239e-13,0.000000,11.396769,0.000000,9.152738,0.000000,0.000000,0.000000,13.423563,0.000000,0.000000,0.000000,7.462631,7.433685,0.000000,0.000000,-1.727085491e-04
0.432525,-0.000114827,0.054647686,0.054675826,0.054621716,0.054687110,0.054667508,0.544811132,5.166759e-03,1.853392e-03,1.821471e-03,1.805535e-03,7.621296e-04,1.022487e-03,5.438647e-13,0.000000,13.211883,0.000000,9.791700,0.000000,0.000000,0.000000,12.692982,0.000000,0.000000,0.000000,7.118902,9.510685,0.000000,0.000000,-1.946052523e-04
0.433775,-0.000136963,0.054629169,0.054631534,0.054628686,0.054685263,0.054644306,0.544404630,7.151752e-03,1.807230e-03,1.801331e-03,1.294551e-03,4.443582e-04,9.906793e-04,5.257779e-13,0.000000,15.091346,0.000000,9.777689,0.000000,0.000000,0.000000,11.029031,0.000000,0.000000,0.000000,6.549613,8.870779,0.000000,0.000000,-2.313447377e-04
0.435025,-0.000162456,0.054618114,0.054588762,0.054635599,0.054677778,0.054620392,0.543982800,9.875838e-03,1.544834e-03,1.500167e-03,8.728373e-04,3.057084e-04,8.542892e-04,6.252627e-13,0.000000,14.301359,0.000000,12.746057,0.000000,0.000000,0.000000,8.815209,0.000000,0.000000,0.000000,5.809780,9.668758,0.000000,0.000000,-2.758035371e-04
0.436275,-0.000186937,0.054613011,0.054551264,0.054640357,0.054664385,0.054596172,0.543545642,1.295335e-02,1.148339e-03,1.841462e-03,6.639370e-04,3.507958e-04,6.216614e-04,7.091000e-13,0.000000,12.820110,0.000000,13.303254,0.000000,0.000000,0.000000,7.629827,0.000000,0.000000,0.000000,6.070084,9.517732,0.000000,0.000000,-3.168742142e-04
0.437525,-0.000204413,0.054612373,0.054521759,0.054640407,0.054645106,0.054570440,0.543093156,1.546506e-02,9.738276e-04,2.193302e-03,5.690407e-04,3.760371e-04,5.638046e-04,6.187446e-13,0.000000,12.161003,0.000000,16.269202,0.000000,0.000000,0.000000,6.792532,0.000000,0.000000,0.000000,6.352348,8.095843,0.000000,0.000000,-3.462117321e-04
0.438775,-0.000211235,0.054614851,0.054501592,0.054636006,0.054620421,0.054541799,0.542625341,1.656192e-02,9.908791e-04,1.997326e-03,5.239282e-04,3.180549e-04,8.256171e-04,4.928203e-13,0.000000,12.149589,0.000000,15.909712,0.000000,0.000000,0.000000,7.055255,0.000000,0.000000,0.000000,6.404779,8.071202,0.000000,0.000000,-3.583803575e-04
0.440025,-0.000207816,0.054621135,0.054492533,0.054627586,0.054590875,0.054512254,0.542142199,1.607473e-02,8.925526e-04,2.044473e-03,5.322928e-04,3.748425e-04,1.048214e-03,5.012474e-13,0.000000,12.172634,0.000000,17.267215,0.000000,0.000000,0.000000,7.316686,0.000000,0.000000,0.000000,6.660017,10.788745,0.000000,0.000000,-3.525708144e-04
0.441275,-0.000196441,0.054631527,0.054495479,0.054615627,0.054557085,0.054487063,0.541643728,1.444576e-02,8.440606e-04,2.480528e-03,6.838664e-04,7.477878e-04,1.426500e-03,6.273133e-13,0.000000,11.996518,0.000000,18.241469,0.000000,0.000000,0.000000,7.854357,0.000000,0.000000,0.000000,8.002057,14.359234,0.000000,0.000000,-3.347073408e-04
0.442525,-0.000181838,0.054643713,0.054510600,0.054601116,0.054521811,0.054470789,0.541129929,1.243596e-02,8.809688e-04,2.816273e-03,1.043277e-03,1.379178e-03,2.118025e-03,6.914540e-13,0.000000,10.541483,0.000000,16.598076,0.000000,0.000000,0.000000,8.641376,0.000000,0.000000,0.000000,10.088742,16.483118,0.000000,0.000000,-3.105134628e-04
0.443775,-0.000168375,0.054656731,0.054535565,0.054585194,0.054489732,0.054465005,0.540600803,1.069890e-02,9.101732e-04,2.432769e-03,1.407453e-03,2.132770e-03,2.735489e-03,6.093010e-13,0.000000,10.141716,0.000000,15.259682,0.000000,0.000000,0.000000,8.963339,0.000000,0.000000,0.000000,13.462113,16.476101,0.000000,0.000000,-2.874493802e-04
0.445025,-0.000159082,0.054670759,0.054567142,0.054568550,0.054465697,0.054469671,0.540056348,9.625790e-03,9.587326e-04,1.944209e-03,1.674164e-03,2.845478e-03,2.936548e-03,4.888995e-13,0.000000,10.278125,0.000000,12.571254,0.000000,0.000000,0.000000,9.958634,0.000000,0.000000,0.000000,16.427211,16.229742,0.000000,0.000000,-2.726908767e-04
0.446275,-0.000156051,0.054684030,0.054601222,0.054553025,0.054453223,0.054483663,0.539496564,9.260817e-03,8.625647e-04,1.882032e-03,2.012457e-03,3.206730e-03,2.681000e-03,5.819240e-13,0.000000,8.650155,0.000000,10.795173,0.000000,0.000000,0.000000,11.020828,0.000000,0.000000,0.000000,17.831475,15.339536,0.000000,0.000000,-2.674885055e-04
0.447525,-0.000159276,0.054694204,0.054636533,0.054540423,0.054453522,0.054505188,0.538921453,9.577915e-03,7.457284e-04,1.486433e-03,2.044180e-03,3.024443e-03,2.297130e-03,6.859286e-13,0.000000,6.893054,0.000000,10.041125,0.000000,0.000000,0.000000,12.742243,0.000000,0.000000,0.000000,18.033536,13.930231,0.000000,0.000000,-2.725053730e-04
0.448775,-0.000167522,0.054699843,0.054671936,0.054533759,0.054466747,0.054532208,0.538331014,1.055659e-02,6.486601e-04,7.250110e-04,2.000276e-03,2.438468e-03,1.775251e-03,6.621377e-13,0.000000,7.135675,0.000000,10.106959,0.000000,0.000000,0.000000,13.961514,0.000000,0.000000,0.000000,18.043992,12.562044,0.000000,0.000000,-2.868963876e-04
0.450025,-0.000178989,0.054701863,0.054706748,0.054534046,0.054491940,0.054562548,0.537725246,1.200962e-02,5.288122e-04,4.887305e-04,1.759061e-03,1.721968e-03,1.019182e-03,5.933713e-13,0.000000,8.263184,0.000000,8.073295,0.000000,0.000000,0.000000,14.610822,0.000000,0.000000,0.000000,16.559524,11.167932,0.000000,0.000000,-3.051742339e-04
0.451275,-0.000188612,0.054702436,0.054736223,0.054542233,0.054525861,0.054593518,0.537104151,1.326654e-02,4.480735e-04,7.261988e-04,1.437095e-03,1.047298e-03,5.454637e-04,5.213622e-13,0.000000,9.190055,0.000000,4.748736,0.000000,0.000000,0.000000,14.941784,0.000000,0.000000,0.000000,14.022304,9.517100,0.000000,0.000000,-3.215194603e-04
0.452525,-0.000192263,0.054702575,0.054755985,0.054557604,0.054564100,0.054623896,0.536467727,1.364053e-02,3.743261e-04,6.251505e-04,1.203693e-03,5.805529e-04,5.797892e-04,5.069158e-13,0.000000,9.553186,0.000000,2.800371,0.000000,0.000000,0.000000,13.964722,0.000000,0.000000,0.000000,11.223303,9.378329,0.000000,0.000000,-3.275982461e-04
0.453775,-0.000186983,0.054701212,0.054764176,0.054578576,0.054602985,0.054652987,0.535815975,1.280159e-02,4.646743e-04,2.816199e-04,1.143661e-03,3.586183e-04,6.616541e-04,5.836992e-13,0.000000,8.317146,0.000000,2.010300,0.000000,0.000000,0.000000,12.491422,0.000000,0.000000,0.000000,9.320295,8.325820,0.000000,0.000000,-3.179953298e-04
0.455025,-0.000171101,0.054696608,0.054760365,0.054602085,0.054640547,0.054678431,0.535148895,1.072819e-02,7.414253e-04,4.206535e-04,1.132219e-03,3.281909e-04,3.879491e-04,6.656510e-13,0.000000,7.002620,0.000000,2.380721,0.000000,0.000000,0.000000,10.579505,0.000000,0.000000,0.000000,8.776887,6.584181,0.000000,0.000000,-2.912750549e-04
0.456275,-0.000147138,0.054688209,0.054745570,0.054626253,0.054676625,0.054697477,0.534466487,7.999131e-03,9.911772e-04,8.017765e-04,1.170183e-03,3.930364e-04,3.229360e-04,6.700192e-13,0.000000,8.388841,0.000000,3.381393,0.000000,0.000000,0.000000,10.056743,0.000000,0.000000,0.000000,9.055136,4.984141,0.000000,0.000000,-2.495000060e-04
0.457525,-0.000120695,0.054679863,0.054723404,0.054651060,0.054711207,0.054708820,0.533768751,5.582700e-03,1.260197e-03,9.871187e-04,1.278278e-03,3.869555e-04,6.938828e-04,6.181291e-13,0.000000,11.575840,0.000000,7.404916,0.000000,0.000000,0.000000,10.392424,0.000000,0.000000,0.000000,8.389877,5.018059,0.000000,0.000000,-2.038365329e-04
0.458775,-0.000099426,0.054676287,0.054700991,0.054677189,0.054742511,0.054713253,0.533055686,4.066973e-03,1.512065e-03,1.169912e-03,1.379751e-03,3.586189e-04,9.869423e-04,5.703039e-13,0.000000,13.615944,0.000000,11.728806,0.000000,0.000000,0.000000,11.030920,0.000000,0.000000,0.000000,6.749981,5.809990,0.000000,0.000000,-1.676829149e-04
0.460025,-0.000088587,0.054679079,0.054681549,0.054705869,0.054767060,0.054712172,0.532327294,3.278417e-03,1.682263e-03,1.690784e-03,1.333762e-03,4.273743e-04,1.044109e-03,6.530775e-13,0.000000,14.112098,0.000000,11.208864,0.000000,0.000000,0.000000,11.539483,0.000000,0.000000,0.000000,4.224699,6.775995,0.000000,0.000000,-1.487968664e-04
0.461275,-0.000089504,0.054688199,0.054666471,0.054735766,0.054781413,0.054707113,0.531583573,3.134308e-03,1.653804e-03,2.141211e-03,9.128047e-04,4.530907e-04,1.027792e-03,7.112171e-13,0.000000,13.404802,0.000000,13.479644,0.000000,0.000000,0.000000,9.263858,0.000000,0.000000,0.000000,2.611968,7.804075,0.000000,0.000000,-1.505461021e-04
0.462525,-0.000100370,0.054701990,0.054654814,0.054762259,0.054784374,0.054699786,0.530824524,3.765801e-03,1.364176e-03,2.092475e-03,4.929755e-04,3.382571e-04,9.740035e-04,6.331442e-13,0.000000,12.036660,0.000000,11.727138,0.000000,0.000000,0.000000,5.740781,0.000000,0.000000,0.000000,2.446959,8.773171,0.000000,0.000000,-1.695706570e-04
0.463775,-0.000117667,0.054717581,0.054647736,0.054779569,0.054775974,0.054690921,0.530050148,5.133160e-03,1.020374e-03,1.821312e-03,3.573509e-04,2.047516e-04,7.989397e-04,5.633143e-13,0.000000,9.925025,0.000000,12.244254,0.000000,0.000000,0.000000,2.542118,0.000000,0.000000,0.000000,2.855672,8.887224,0.000000,0.000000,-1.986116088e-04
0.465025,-0.000135907,0.054732377,0.054642577,0.054784766,0.054757026,0.054680922,0.529260443,6.871534e-03,6.650467e-04,1.440787e-03,4.396220e-04,2.162997e-04,5.764394e-04,5.690338e-13,0.000000,8.670018,0.000000,11.197152,0.000000,0.000000,0.000000,1.969430,0.000000,0.000000,0.000000,3.344988,9.324893,0.000000,0.000000,-2.305407342e-04
0.466275,-0.000152384,0.054744444,0.054639480,0.054778424,0.054729297,0.054670184,0.528455409,8.601423e-03,3.873167e-04,1.408953e-03,4.375093e-04,3.721833e-04,4.562290e-04,6.387761e-13,0.000000,7.667984,0.000000,10.660710,0.000000,0.000000,0.000000,2.704551,0.000000,0.000000,0.000000,5.004837,9.132241,0.000000,0.000000,-2.584118376e-04
0.467525,-0.000164473,0.054752814,0.054640640,0.054761376,0.054695270,0.054656960,0.527635048,9.977368e-03,3.082597e-04,1.173097e-03,3.499895e-04,4.295227e-04,4.795427e-04,6.884208e-13,0.000000,7.009739,0.000000,14.083297,0.000000,0.000000,0.000000,3.504440,0.000000,0.000000,0.000000,6.634620,6.982880,0.000000,0.000000,-2.783812910e-04
0.468775,-0.000169430,0.054756540,0.054647396,0.054734711,0.054657248,0.054637932,0.526799359,1.059653e-02,3.101957e-04,7.616762e-04,4.375653e-04,4.240045e-04,5.609607e-04,7.170939e-13,0.000000,6.946081,0.000000,12.616477,0.000000,0.000000,0.000000,3.587643,0.000000,0.000000,0.000000,7.682431,5.578119,0.000000,0.000000,-2.873655416e-04
0.470025,-0.000167243,0.054756040,0.054657941,0.054699814,0.054616563,0.054613189,0.525948341,1.035211e-02,3.237548e-04,9.100881e-04,5.426227e-04,6.407412e-04,5.685346e-04,6.990369e-13,0.000000,7.206779,0.000000,11.307447,0.000000,0.000000,0.000000,5.885356,0.000000,0.000000,0.000000,8.684588,7.387614,0.000000,0.000000,-2.839852896e-04
0.471275,-0.000159784,0.054751373,0.054668222,0.054660245,0.054575143,0.054587435,0.525081996,9.518195e-03,3.895698e-04,1.007203e-03,6.716501e-04,1.211176e-03,9.930389e-04,6.675992e-13,0.000000,6.767099,0.000000,8.648448,0.000000,0.000000,0.000000,7.985012,0.000000,0.000000,0.000000,10.170616,10.906097,0.000000,0.000000,-2.727557119e-04
0.472525,-0.000151133,0.054740790,0.054676668,0.054618394,0.054535576,0.054565893,0.524200322,8.541626e-03,5.384886e-04,8.883311e-04,1.122817e-03,1.987583e-03,1.592199e-03,6.975716e-13,0.000000,5.323540,0.000000,8.671612,0.000000,0.000000,0.000000,8.353743,0.000000,0.000000,0.000000,11.866146,13.943240,0.000000,0.000000,-2.585401849e-04
0.473775,-0.000144811,0.054722868,0.054682043,0.054576431,0.054501344,0.054551037,0.523303320,7.861200e-03,6.801921e-04,8.783110e-04,1.891922e-03,2.701547e-03,1.764399e-03,8.313432e-13,0.000000,5.335288,0.000000,6.455433,0.000000,0.000000,0.000000,11.170848,0.000000,0.000000,0.000000,14.572295,14.046243,0.000000,0.000000,-2.479886249e-04
0.475025,-0.000143371,0.054699315,0.054682015,0.054536848,0.054476421,0.054542947,0.522390990,7.786087e-03,8.064045e-04,1.045899e-03,2.702163e-03,3.133043e-03,1.831041e-03,8.422640e-13,0.000000,7.112401,0.000000,6.775296,0.000000,0.000000,0.000000,11.988171,0.000000,0.000000,0.000000,17.110819,13.826245,0.000000,0.000000,-2.460444294e-04
0.476275,-0.000149760,0.054673230,0.054676785,0.054503400,0.054464536,0.054540147,0.521463332,8.588261e-03,9.204745e-04,9.967031e-04,3.091063e-03,3.086862e-03,1.979450e-03,6.932932e-13,0.000000,9.546460,0.000000,6.270807,0.000000,0.000000,0.000000,15.011897,0.000000,0.000000,0.000000,19.030717,12.658138,0.000000,0.000000,-2.559009387e-04
0.477525,-0.000163576,0.054648009,0.054667183,0.054479454,0.054466705,0.054540052,0.520520346,1.033360e-02,1.006810e-03,6.017415e-04,2.860511e-03,2.553999e-03,1.783661e-03,5.045889e-13,0.000000,11.105314,0.000000,7.953389,0.000000,0.000000,0.000000,17.498647,0.000000,0.000000,0.000000,18.306774,10.392734,0.000000,0.000000,-2.790252552e-04
0.478775,-0.000182559,0.054625902,0.054655176,0.054468613,0.054480886,0.054540375,0.519562031,1.270197e-02,1.061885e-03,5.947637e-04,2.494358e-03,1.769505e-03,1.130457e-03,6.644034e-13,0.000000,12.086851,0.000000,8.436596,0.000000,0.000000,0.000000,18.008595,0.000000,0.000000,0.000000,16.320411,9.757476,0.000000,0.000000,-3.107746073e-04
0.480025,-0.000201948,0.054607564,0.054641237,0.054470787,0.054503028,0.054540326,0.518588389,1.523006e-02,1.081156e-03,8.116317e-04,2.126593e-03,1.028710e-03,6.391709e-04,8.177572e-13,0.000000,12.410099,0.000000,8.777909,0.000000,0.000000,0.000000,17.875398,0.000000,0.000000,0.000000,13.583104,9.783498,0.000000,0.000000,-3.434860516e-04
0.481275,-0.000215989,0.054592752,0.054625917,0.054483042,0.054529092,0.054540754,0.517599418,1.722764e-02,1.089466e-03,7.014324e-04,1.676382e-03,5.502647e-04,6.753325e-04,9.249308e-13,0.000000,11.846309,0.000000,8.704406,0.000000,0.000000,0.000000,14.692975,0.000000,0.000000,0.000000,10.932608,10.413993,0.000000,0.000000,-3.674621460e-04
0.482525,-0.000220462,0.054581696,0.054607733,0.054501983,0.054555487,0.054543118,0.516595119,1.791692e-02,1.112978e-03,5.960482e-04,1.350522e-03,3.177321e-04,8.092891e-04,8.380833e-13,0.000000,12.445409,0.000000,7.275701,0.000000,0.000000,0.000000,13.735675,0.000000,0.000000,0.000000,9.213552,11.678317,0.000000,0.000000,-3.750182785e-04
0.483775,-0.000213939,0.054575308,0.054585429,0.054526743,0.054580026,0.054548628,0.515575493,1.697035e-02,1.205891e-03,8.730822e-04,1.211455e-03,2.477410e-04,7.150029e-04,8.325434e-13,0.000000,13.494068,0.000000,7.591765,0.000000,0.000000,0.000000,13.088149,0.000000,0.000000,0.000000,8.250657,11.872945,0.000000,0.000000,-3.637482517e-04
0.485025,-0.000198114,0.054575405,0.054562193,0.054555693,0.054602176,0.054557047,0.514540538,1.471832e-02,1.436123e-03,1.390300e-03,1.033009e-03,2.810588e-04,5.592193e-04,8.310976e-13,0.000000,14.222460,0.000000,11.146323,0.000000,0.000000,0.000000,12.175467,0.000000,0.000000,0.000000,8.251368,11.073053,0.000000,0.000000,-3.362188394e-04
0.486275,-0.000176832,0.054582968,0.054544132,0.054587166,0.054621915,0.054566074,0.513490254,1.186096e-02,1.668056e-03,1.883975e-03,9.378268e-04,3.852317e-04,9.202987e-04,1.028104e-12,0.000000,15.045252,0.000000,15.302117,0.000000,0.000000,0.000000,10.149965,0.000000,0.000000,0.000000,8.365869,9.459806,0.000000,0.000000,-2.993961774e-04
0.487525,-0.000154417,0.054599310,0.054536954,0.054618366,0.054639110,0.054573829,0.512424643,9.136939e-03,1.847695e-03,2.379439e-03,9.218616e-04,5.113745e-04,1.536521e-03,9.723291e-13,0.000000,15.624483,0.000000,17.500831,0.000000,0.000000,0.000000,9.806384,0.000000,0.000000,0.000000,7.950186,8.673241,0.000000,0.000000,-2.610539873e-04
0.488775,-0.000135207,0.054624131,0.054540924,0.054649850,0.054653366,0.054580332,0.511343704,7.060822e-03,1.867743e-03,3.001555e-03,9.822332e-04,6.290101e-04,1.757901e-03,8.482482e-13,0.000000,14.701710,0.000000,16.269849,0.000000,0.000000,0.000000,9.942067,0.000000,0.000000,0.000000,7.847198,9.636228,0.000000,0.000000,-2.292100941e-04
0.490025,-0.000123180,0.054655324,0.054554983,0.054680856,0.054664178,0.054587976,0.510247436,5.868494e-03,1.649259e-03,3.217708e-03,8.326881e-04,7.949005e-04,1.722713e-03,8.701770e-13,0.000000,12.752838,0.000000,16.460745,0.000000,0.000000,0.000000,8.708608,0.000000,0.000000,0.000000,7.418331,11.650545,0.000000,0.000000,-2.089997112e-04
0.491275,-0.000119723,0.054689433,0.054579068,0.054708815,0.054670856,0.054599940,0.509135841,5.498757e-03,1.216109e-03,2.698730e-03,5.936952e-04,8.871771e-04,1.678975e-03,1.076427e-12,0.000000,10.763713,0.000000,15.936261,0.000000,0.000000,0.000000,6.957322,0.000000,0.000000,0.000000,6.884919,13.274417,0.000000,0.000000,-2.036271547e-04
0.492525,-0.000124629,0.054723678,0.054612698,0.054730590,0.054673022,0.054617757,0.508008917,5.874267e-03,7.267709e-04,1.925091e-03,4.746619e-04,7.717881e-04,1.420113e-03,1.048806e-12,0.000000,8.988953,0.000000,15.561867,0.000000,0.000000,0.000000,5.002663,0.000000,0.000000,0.000000,7.058267,13.526104,0.000000,0.000000,-2.122303690e-04
0.493775,-0.000135120,0.054755613,0.054652924,0.054744742,0.054671218,0.054639945,0.506866665,6.798739e-03,4.503667e-04,1.333969e-03,4.452719e-04,5.893893e-04,8.505506e-04,8.869389e-13,0.000000,7.755118,0.000000,12.162653,0.000000,0.000000,0.000000,4.806289,0.000000,0.000000,0.000000,7.586920,11.416259,0.000000,0.000000,-2.297711418e-04
0.495025,-0.000146320,0.054783699,0.054694332,0.054750509,0.054666504,0.054662918,0.505709085,7.892078e-03,3.989481e-04,8.511993e-04,3.233532e-04,5.310474e-04,5.106443e-04,8.803979e-13,0.000000,6.860582,0.000000,9.110863,0.000000,0.000000,0.000000,4.128964,0.000000,0.000000,0.000000,8.317468,9.179916,0.000000,0.000000,-2.490346085e-04
0.496275,-0.000154155,0.054806079,0.054732900,0.054746894,0.054660432,0.054683348,0.504536177,8.711063e-03,3.284763e-04,4.475076e-04,1.785747e-04,5.893580e-04,4.603391e-04,1.022362e-12,0.000000,5.465380,0.000000,6.926619,0.000000,0.000000,0.000000,3.591524,0.000000,0.000000,0.000000,9.537355,7.218237,0.000000,0.000000,-2.622823648e-04
0.497525,-0.000155368,0.054820641,0.054766082,0.054734082,0.054654011,0.054698228,0.503347941,8.838467e-03,2.125144e-04,3.690810e-04,3.460509e-04,6.089603e-04,2.777796e-04,1.141099e-12,0.000000,3.958527,0.000000,6.067499,0.000000,0.000000,0.000000,4.351758,0.000000,0.000000,0.000000,9.774244,5.255143,0.000000,0.000000,-2.641974147e-04
0.498775,-0.000149018,0.054824854,0.054792935,0.054714048,0.054648066,0.054705152,0.502144376,8.157755e-03,1.607564e-04,5.713434e-04,6.659836e-04,6.450219e-04,2.416767e-04,1.263215e-12,0.000000,2.635239,0.000000,5.289524,0.000000,0.000000,0.000000,6.209595,0.000000,0.000000,0.000000,10.153420,4.542049,0.000000,0.000000,-2.537940661e-04
0.500025,-0.000136948,0.054817629,0.054811697,0.054689931,0.054642668,0.054704584,0.500925484,6.927638e-03,1.856720e-04,5.175840e-04,8.719873e-04,8.418143e-04,4.521541e-04,1.174471e-12,0.000000,2.582687,0.000000,3.780310,0.000000,0.000000,0.000000,8.545127,0.000000,0.000000,0.000000,10.282406,5.812627,0.000000,0.000000,-2.336669733e-04
0.501275,-0.000123126,0.054800475,0.054819633,0.054665536,0.054638193,0.054699679,0.499691263,5.637015e-03,2.488214e-04,2.398438e-04,1.095290e-03,1.180076e-03,6.405815e-04,1.121893e-12,0.000000,4.728205,0.000000,2.046757,0.000000,0.000000,0.000000,10.251019,0.000000,0.000000,0.000000,10.553576,8.244903,0.000000,0.000000,-2.103758776e-04
0.502525,-0.000112059,0.054776068,0.054815071,0.054642901,0.054634979,0.054693326,0.498441714,4.715146e-03,4.503233e-04,2.800544e-04,1.561945e-03,1.481225e-03,7.024766e-04,1.256153e-12,0.000000,5.497158,0.000000,1.956444,0.000000,0.000000,0.000000,11.740252,0.000000,0.000000,0.000000,10.606548,9.303462,0.000000,0.000000,-1.915867495e-04
0.503775,-0.000107046,0.054747027,0.054798666,0.054623319,0.054632992,0.054685791,0.497176838,4.342435e-03,7.898542e-04,6.355142e-04,2.172687e-03,1.554163e-03,8.253456e-04,1.339887e-12,0.000000,7.863921,0.000000,2.619920,0.000000,0.000000,0.000000,11.655908,0.000000,0.000000,0.000000,10.579733,8.489344,0.000000,0.000000,-1.822971325e-04
0.505025,-0.000109378,0.054715941,0.054772152,0.054607072,0.054632416,0.054675412,0.495896633,4.574148e-03,1.064140e-03,6.893593e-04,2.426332e-03,1.395362e-03,1.041758e-03,1.380938e-12,0.000000,9.626662,0.000000,3.772885,0.000000,0.000000,0.000000,12.290026,0.000000,0.000000,0.000000,11.025733,7.533275,0.000000,0.000000,-1.861324460e-04
0.506275,-0.000119468,0.054685444,0.054736303,0.054595118,0.054634160,0.054660926,0.494601099,5.454951e-03,1.218436e-03,5.978625e-04,2.187381e-03,1.144896e-03,1.101564e-03,1.374025e-12,0.000000,10.578537,0.000000,4.247954,0.000000,0.000000,0.000000,12.936497,0.000000,0.000000,0.000000,11.461001,7.051648,0.000000,0.000000,-2.033764579e-04
0.507525,-0.000136631,0.054657378,0.054693644,0.054588243,0.054638302,0.054642516,0.493290238,7.076543e-03,1.294420e-03,8.077174e-04,1.761858e-03,7.881988e-04,8.723417e-04,1.287846e-12,0.000000,11.771000,0.000000,7.138959,0.000000,0.000000,0.000000,12.990988,0.000000,0.000000,0.000000,10.912785,7.626047,0.000000,0.000000,-2.319059325e-04
0.508775,-0.000158173,0.054632391,0.054649076,0.054586451,0.054642695,0.054621451,0.491964049,9.429091e-03,1.277295e-03,1.107216e-03,1.435339e-03,3.953024e-04,5.674218e-04,1.331239e-12,0.000000,12.198499,0.000000,9.625541,0.000000,0.000000,0.000000,13.040034,0.000000,0.000000,0.000000,8.992981,8.695753,0.000000,0.000000,-2.686805780e-04
0.510025,-0.000180500,0.054611456,0.054606422,0.054589042,0.054644328,0.054599418,0.490622531,1.220777e-02,1.266744e-03,1.116781e-03,1.025066e-03,1.799176e-04,5.961918e-04,1.408617e-12,0.000000,12.427309,0.000000,12.645987,0.000000,0.000000,0.000000,12.180324,0.000000,0.000000,0.000000,6.937571,9.513409,0.000000,0.000000,-3.061336412e-04
0.511275,-0.000198873,0.054595393,0.054568828,0.054594568,0.054640272,0.054576923,0.489265686,1.472258e-02,1.272919e-03,1.009187e-03,6.480796e-04,1.194929e-04,7.149945e-04,1.645883e-12,0.000000,13.479916,0.000000,13.007932,0.000000,0.000000,0.000000,11.030373,0.000000,0.000000,0.000000,5.555941,9.488949,0.000000,0.000000,-3.368828891e-04
0.512525,-0.000208954,0.054585946,0.054536719,0.054600878,0.054628698,0.054554075,0.487893512,1.617804e-02,1.285115e-03,1.447584e-03,4.914138e-04,1.025329e-04,5.943463e-04,1.659251e-12,0.000000,14.729868,0.000000,13.724368,0.000000,0.000000,0.000000,9.493756,0.000000,0.000000,0.000000,4.659701,9.843645,0.000000,0.000000,-3.542793654e-04
0.513775,-0.000208936,0.054584372,0.054510493,0.054605469,0.054609552,0.054532195,0.486506010,1.615964e-02,1.271010e-03,2.012185e-03,4.479905e-04,1.347195e-04,6.359650e-04,1.347961e-12,0.000000,14.762694,0.000000,13.649685,0.000000,0.000000,0.000000,8.015687,0.000000,0.000000,0.000000,5.342277,11.058557,0.000000,0.000000,-3.543237610e-04
0.515025,-0.000199476,0.054590253,0.054491103,0.054606541,0.054584616,0.054513141,0.485103180,1.480354e-02,1.269802e-03,2.312239e-03,5.508155e-04,3.386744e-04,1.050515e-03,1.525816e-12,0.000000,13.951826,0.000000,14.799371,0.000000,0.000000,0.000000,7.209909,0.000000,0.000000,0.000000,7.297900,12.208540,0.000000,0.000000,-3.389005746e-04
0.516275,-0.000184169,0.054601080,0.054481323,0.054603476,0.054557846,0.054498360,0.483685022,1.275910e-02,1.323662e-03,2.677960e-03,7.349635e-04,7.771240e-04,1.661888e-03,1.848986e-12,0.000000,12.325863,0.000000,17.256869,0.000000,0.000000,0.000000,7.266310,0.000000,0.000000,0.000000,10.038704,12.806655,0.000000,0.000000,-3.132600879e-04
0.517525,-0.000168325,0.054615240,0.054484604,0.054597286,0.054533562,0.054488799,0.482251536,1.083351e-02,1.386677e-03,3.077161e-03,9.438046e-04,1.350106e-03,2.162909e-03,1.803551e-12,0.000000,11.569405,0.000000,18.936944,0.000000,0.000000,0.000000,8.656551,0.000000,0.000000,0.000000,12.620537,13.541591,0.000000,0.000000,-2.863878198e-04
0.518775,-0.000157188,0.054632389,0.054502262,0.054590654,0.054515028,0.054485868,0.480802721,9.596044e-03,1.338672e-03,3.041043e-03,1.104841e-03,1.880270e-03,2.443035e-03,1.883776e-12,0.000000,11.898975,0.000000,18.700366,0.000000,0.000000,0.000000,10.239079,0.000000,0.000000,0.000000,14.282483,14.726768,0.000000,0.000000,-2.681107404e-04
0.520025,-0.000154296,0.054652496,0.054533042,0.054585420,0.054503683,0.054491459,0.479338579,9.228374e-03,1.132658e-03,2.432426e-03,1.185574e-03,2.270637e-03,2.494209e-03,1.554804e-12,0.000000,11.493303,0.000000,17.480993,0.000000,0.000000,0.000000,11.116497,0.000000,0.000000,0.000000,14.252090,15.586271,0.000000,0.000000,-2.630856759e-04
0.521275,-0.000159273,0.054674766,0.054573957,0.054582281,0.054498763,0.054505938,0.477859108,9.648269e-03,8.245793e-04,1.686588e-03,1.266150e-03,2.379503e-03,2.145070e-03,1.879675e-12,0.000000,10.720077,0.000000,15.120864,0.000000,0.000000,0.000000,11.029671,0.000000,0.000000,0.000000,13.472996,15.162455,0.000000,0.000000,-2.714888023e-04
0.522525,-0.000168832,0.054697390,0.054620698,0.054581039,0.054499127,0.054527584,0.476364310,1.064916e-02,5.344749e-04,1.173942e-03,1.193616e-03,2.089335e-03,1.499850e-03,2.057062e-12,0.000000,9.154310,0.000000,11.388111,0.000000,0.000000,0.000000,11.153196,0.000000,0.000000,0.000000,13.203575,13.491302,0.000000,0.000000,-2.881544485e-04
0.523775,-0.000178525,0.054717490,0.054666504,0.054582122,0.054505409,0.054553544,0.474854183,1.179508e-02,3.228820e-04,7.334495e-04,1.040733e-03,1.642351e-03,9.375497e-04,1.999842e-12,0.000000,7.357010,0.000000,7.197031,0.000000,0.000000,0.000000,11.319195,0.000000,0.000000,0.000000,14.139232,11.664929,0.000000,0.000000,-3.048289551e-04
0.525025,-0.000184494,0.054732663,0.054706060,0.054585061,0.054519494,0.054581610,0.473328728,1.256837e-02,2.256415e-04,3.037844e-04,8.562250e-04,1.337822e-03,6.420019e-04,2.302649e-12,0.000000,5.907123,0.000000,4.855289,0.000000,0.000000,0.000000,10.575921,0.000000,0.000000,0.000000,15.329716,10.844052,0.000000,0.000000,-3.152300709e-04
0.526275,-0.000184503,0.054741175,0.054737387,0.054588781,0.054542225,0.054610939,0.471787945,1.257807e-02,2.062887e-04,2.075024e-04,8.177532e-04,1.163898e-03,4.811343e-04,1.793147e-12,0.000000,5.422990,0.000000,4.253650,0.000000,0.000000,0.000000,10.178932,0.000000,0.000000,0.000000,15.167942,10.301077,0.000000,0.000000,-3.150618200e-04
0.527525,-0.000177809,0.054743085,0.054760251,0.054593409,0.054572346,0.054640083,0.470231833,1.169419e-02,2.717026e-04,4.825248e-04,9.619750e-04,9.580177e-04,3.193266e-04,2.128597e-12,0.000000,5.797795,0.000000,4.682914,0.000000,0.000000,0.000000,10.855346,0.000000,0.000000,0.000000,13.676046,8.782308,0.000000,0.000000,-3.027268233e-04
0.528775,-0.000164511,0.054739119,0.054775004,0.054600927,0.054607054,0.054665689,0.468660394,1.003509e-02,4.075679e-04,5.705055e-04,1.088658e-03,7.353094e-04,3.386322e-04,2.359073e-12,0.000000,6.485090,0.000000,4.473216,0.000000,0.000000,0.000000,12.488898,0.000000,0.000000,0.000000,11.730886,6.333764,0.000000,0.000000,-2.796692107e-04
0.530025,-0.000146367,0.054731059,0.054781290,0.054613313,0.054643067,0.054684728,0.467073626,7.968881e-03,5.230672e-04,2.814373e-04,1.148514e-03,6.723602e-04,4.558588e-04,2.614738e-12,0.000000,8.065101,0.000000,4.198281,0.000000,0.000000,0.000000,13.121255,0.000000,0.000000,0.000000,9.553307,5.129331,0.000000,0.000000,-2.482272237e-04
0.531275,-0.000126298,0.054721833,0.054778334,0.054630549,0.054677148,0.054696757,0.465471531,5.975354e-03,6.806960e-04,2.696812e-04,1.362790e-03,7.277338e-04,4.909106e-04,2.370091e-12,0.000000,9.796044,0.000000,3.601314,0.000000,0.000000,0.000000,12.608123,0.000000,0.000000,0.000000,7.617924,5.853498,0.000000,0.000000,-2.139773774e-04
0.532525,-0.000108145,0.054713307,0.054765488,0.054651545,0.054706848,0.054703917,0.463854107,4.433796e-03,9.999679e-04,7.662996e-04,1.599791e-03,7.202343e-04,6.020261e-04,2.194781e-12,0.000000,10.756988,0.000000,3.636912,0.000000,0.000000,0.000000,11.727747,0.000000,0.000000,0.000000,6.539846,7.596492,0.000000,0.000000,-1.835957488e-04
0.533775,-0.000096228,0.054705971,0.054744049,0.054674646,0.054731202,0.054708701,0.462221355,3.553651e-03,1.372231e-03,1.004871e-03,1.559460e-03,5.795561e-04,8.876979e-04,2.610928e-12,0.000000,10.367063,0.000000,5.097383,0.000000,0.000000,0.000000,10.531075,0.000000,0.000000,0.000000,6.344587,8.784139,0.000000,0.000000,-1.630918666e-04
0.535025,-0.000093115,0.054699866,0.054716807,0.054697866,0.054750073,0.054711941,0.460573275,3.358807e-03,1.561531e-03,9.666473e-04,1.223490e-03,4.141613e-04,9.601174e-04,2.447462e-12,0.000000,10.605347,0.000000,7.746230,0.000000,0.000000,0.000000,9.253068,0.000000,0.000000,0.000000,6.223837,8.691044,0.000000,0.000000,-1.575965342e-04
0.536275,-0.000099791,0.054695038,0.054688941,0.054719270,0.054763198,0.054712639,0.458909867,3.862363e-03,1.440346e-03,1.292356e-03,8.258775e-04,3.079548e-04,6.877719e-04,2.904092e-12,0.000000,11.077245,0.000000,9.754532,0.000000,0.000000,0.000000,8.028696,0.000000,0.000000,0.000000,5.971089,7.526639,0.000000,0.000000,-1.683084032e-04
0.537525,-0.000114163,0.054692837,0.054662359,0.054737022,0.054769667,0.054708794,0.457231131,4.997958e-03,1.204876e-03,1.597355e-03,6.110579e-04,1.827544e-04,5.294859e-04,2.948830e-12,0.000000,11.682872,0.000000,12.583857,0.000000,0.000000,0.000000,6.804834,0.000000,0.000000,0.000000,4.950137,6.270113,0.000000,0.000000,-1.922635264e-04
0.538775,-0.000132714,0.054693998,0.054640612,0.054749055,0.054767474,0.054698889,0.455537066,6.635038e-03,9.317324e-04,1.416397e-03,4.981084e-04,6.873142e-05,5.370183e-04,2.937194e-12,0.000000,12.226328,0.000000,13.349069,0.000000,0.000000,0.000000,5.472921,0.000000,0.000000,0.000000,3.488613,5.785440,0.000000,0.000000,-2.235977757e-04
0.540025,-0.000151034,0.054698585,0.054625923,0.054753358,0.054754186,0.054682875,0.453827674,8.475041e-03,6.673551e-04,1.189337e-03,4.350083e-04,5.514818e-05,4.399116e-04,2.904865e-12,0.000000,11.564833,0.000000,14.349552,0.000000,0.000000,0.000000,4.494766,0.000000,0.000000,0.000000,2.109694,6.172323,0.000000,0.000000,-2.548616690e-04
0.541275,-0.000164670,0.054704867,0.054617165,0.054749279,0.054728569,0.054661883,0.452102953,1.000101e-02,5.010722e-04,1.191728e-03,3.839421e-04,9.438996e-05,3.293571e-04,2.974174e-12,0.000000,10.123687,0.000000,13.263839,0.000000,0.000000,0.000000,4.306367,0.000000,0.000000,0.000000,1.975398,7.164660,0.000000,0.000000,-2.788124376e-04
0.542525,-0.000171093,0.054710545,0.054612435,0.054736493,0.054691945,0.054637952,0.450362905,1.076637e-02,4.716080e-04,1.203849e-03,3.065300e-04,1.354263e-04,3.895648e-04,3.088604e-12,0.000000,8.737905,0.000000,11.242080,0.000000,0.000000,0.000000,4.145706,0.000000,0.000000,0.000000,3.810095,8.802399,0.000000,0.000000,-2.905120342e-04
0.543775,-0.000169930,0.054713793,0.054609994,0.054714478,0.054647827,0.054613743,0.448607528,1.063977e-02,4.968302e-04,1.185612e-03,3.100855e-04,2.647770e-04,6.460684e-04,2.567565e-12,0.000000,7.975267,0.000000,11.135050,0.000000,0.000000,0.000000,3.818895,0.000000,0.000000,0.000000,6.475542,10.444307,0.000000,0.000000,-2.890903871e-04
0.545025,-0.000163178,0.054714031,0.054609539,0.054683378,0.054600803,0.054591245,0.446836823,9.884447e-03,4.986137e-04,1.198857e-03,4.321372e-04,6.772825e-04,9.192437e-04,3.160460e-12,0.000000,7.714666,0.000000,11.567729,0.000000,0.000000,0.000000,4.309282,0.000000,0.000000,0.000000,9.369215,11.172981,0.000000,0.000000,-2.778159190e-04
0.546275,-0.000154248,0.054710965,0.054612195,0.054645295,0.054555352,0.054570703,0.445050790,8.950131e-03,5.215555e-04,1.352692e-03,7.051181e-04,1.418329e-03,1.218838e-03,3.640664e-12,0.000000,7.837050,0.000000,11.986422,0.000000,0.000000,0.000000,6.734374,0.000000,0.000000,0.000000,12.297650,10.798535,0.000000,0.000000,-2.629337873e-04
0.547525,-0.000147446,0.054705074,0.054619422,0.054604394,0.054515699,0.054551495,0.443249428,8.303390e-03,6.167327e-04,1.448477e-03,1.142670e-03,2.220743e-03,1.663415e-03,4.070503e-12,0.000000,8.191568,0.000000,13.262098,0.000000,0.000000,0.000000,9.361392,0.000000,0.000000,0.000000,14.745033,10.642939,0.000000,0.000000,-2.514715193e-04
0.548775,-0.000146480,0.054697155,0.054631572,0.054565083,0.054485171,0.054534001,0.441432739,8.270592e-03,6.735898e-04,1.181813e-03,1.692635e-03,2.801583e-03,2.062693e-03,3.756852e-12,0.000000,8.776643,0.000000,12.717518,0.000000,0.000000,0.000000,12.246596,0.000000,0.000000,0.000000,16.341386,11.447677,0.000000,0.000000,-2.503368034e-04
0.550025,-0.000153346,0.054687846,0.054646677,0.054531093,0.054465432,0.054520380,0.439600721,9.006210e-03,6.979848e-04,7.933254e-04,2.086810e-03,3.056871e-03,2.028261e-03,4.180035e-12,0.000000,9.077026,0.000000,10.083603,0.000000,0.000000,0.000000,14.270393,0.000000,0.000000,0.000000,16.936803,13.178971,0.000000,0.000000,-2.626026309e-04
0.551275,-0.000167138,0.054677298,0.054660042,0.054505076,0.054456623,0.054513253,0.437753376,1.052999e-02,7.384458e-04,6.468491e-04,2.148662e-03,2.898650e-03,1.617050e-03,4.435770e-12,0.000000,8.906443,0.000000,7.348742,0.000000,0.000000,0.000000,15.335540,0.000000,0.000000,0.000000,16.658492,14.634544,0.000000,0.000000,-2.862932596e-04
0.552525,-0.000184596,0.054665368,0.054667738,0.054488144,0.054458025,0.054513706,0.435890702,1.269063e-02,7.453540e-04,6.053613e-04,1.960681e-03,2.314294e-03,1.231499e-03,3.673005e-12,0.000000,8.866082,0.000000,5.455371,0.000000,0.000000,0.000000,15.553320,0.000000,0.000000,0.000000,15.946677,14.437959,0.000000,0.000000,-3.157913766e-04
0.553775,-0.000201056,0.054651735,0.054668367,0.054480250,0.054468543,0.054520209,0.434012700,1.499021e-02,6.527553e-04,3.361945e-04,1.713622e-03,1.596389e-03,9.314561e-04,4.518715e-12,0.000000,8.781706,0.000000,5.030770,0.000000,0.000000,0.000000,15.513766,0.000000,0.000000,0.000000,15.323921,12.643454,0.000000,0.000000,-3.434103614e-04
0.555025,-0.000211984,0.054637048,0.054661981,0.054480690,0.054487093,0.054529722,0.432119370,1.667279e-02,5.722175e-04,2.501463e-04,1.541794e-03,1.134018e-03,6.522101e-04,4.096145e-12,0.000000,9.543210,0.000000,5.858193,0.000000,0.000000,0.000000,14.836959,0.000000,0.000000,0.000000,14.549773,10.873335,0.000000,0.000000,-3.615037951e-04
0.556275,-0.000214692,0.054623088,0.054650183,0.054488671,0.054512389,0.054539969,0.430210712,1.712889e-02,6.640501e-04,5.283749e-04,1.440123e-03,9.281073e-04,5.020601e-04,5.037293e-12,0.000000,11.171067,0.000000,7.044715,0.000000,0.000000,0.000000,14.454831,0.000000,0.000000,0.000000,13.595176,9.892162,0.000000,0.000000,-3.655706939e-04
0.557525,-0.000208721,0.054612240,0.054635438,0.054503615,0.054542595,0.054550036,0.428286726,1.621810e-02,8.904677e-04,5.989534e-04,1.326568e-03,7.383994e-04,5.347277e-04,4.952182e-12,0.000000,12.296219,0.000000,8.651424,0.000000,0.000000,0.000000,14.329752,0.000000,0.000000,0.000000,12.238262,9.455930,0.000000,0.000000,-3.550492485e-04
0.558775,-0.000195250,0.054605721,0.054619720,0.054525853,0.054575400,0.054559453,0.426347411,1.422528e-02,1.134314e-03,5.640033e-04,1.239405e-03,5.537686e-04,6.593916e-04,4.319312e-12,0.000000,12.765975,0.000000,9.704534,0.000000,0.000000,0.000000,14.578206,0.000000,0.000000,0.000000,10.621735,9.385104,0.000000,0.000000,-3.319143973e-04
0.560025,-0.000176710,0.054603959,0.054604306,0.054555296,0.054608195,0.054568509,0.424392769,1.170042e-02,1.403448e-03,9.768479e-04,1.326760e-03,5.100965e-04,7.980898e-04,4.976117e-12,0.000000,12.964620,0.000000,10.436833,0.000000,0.000000,0.000000,14.029601,0.000000,0.000000,0.000000,8.986877,10.044881,0.000000,0.000000,-3.002473202e-04
0.561275,-0.000156597,0.054607441,0.054590923,0.054590161,0.054638380,0.054578903,0.422422798,9.258212e-03,1.684994e-03,1.669587e-03,1.384407e-03,5.874448e-04,1.045771e-03,5.153036e-12,0.000000,13.449391,0.000000,11.766383,0.000000,0.000000,0.000000,12.402957,0.000000,0.000000,0.000000,7.332609,11.295934,0.000000,0.000000,-2.658923398e-04
0.562525,-0.000138704,0.054617007,0.054581511,0.054627663,0.054663760,0.054592326,0.420437500,7.342495e-03,1.844004e-03,2.199177e-03,1.253210e-03,6.205786e-04,1.306606e-03,4.574054e-12,0.000000,13.900192,0.000000,12.941350,0.000000,0.000000,0.000000,10.489341,0.000000,0.000000,0.000000,6.182416,12.006932,0.000000,0.000000,-2.352450593e-04
0.563775,-0.000125950,0.054633227,0.054577602,0.054664932,0.054683023,0.054608831,0.418436873,6.108304e-03,1.751389e-03,2.469553e-03,1.087986e-03,5.497877e-04,1.401836e-03,4.771240e-12,0.000000,14.217725,0.000000,13.742040,0.000000,0.000000,0.000000,8.829749,0.000000,0.000000,0.000000,5.736525,11.399776,0.000000,0.000000,-2.133260223e-04
0.565025,-0.000120179,0.054656172,0.054580778,0.054699418,0.054696183,0.054627023,0.416420918,5.569946e-03,1.462494e-03,2.500706e-03,8.615893e-04,4.727674e-04,1.255420e-03,5.774409e-12,0.000000,13.842958,0.000000,15.038510,0.000000,0.000000,0.000000,7.186421,0.000000,0.000000,0.000000,6.177605,10.333252,0.000000,0.000000,-2.032772127e-04
0.566275,-0.000121835,0.054684461,0.054593250,0.054728540,0.054704146,0.054645331,0.414389635,5.695508e-03,1.110031e-03,2.259932e-03,6.330966e-04,4.127846e-04,9.513231e-04,6.263086e-12,0.000000,12.381592,0.000000,16.398161,0.000000,0.000000,0.000000,5.626590,0.000000,0.000000,0.000000,6.835405,9.467997,0.000000,0.000000,-2.061793520e-04
0.567525,-0.000129574,0.054715116,0.054615861,0.054750320,0.054707889,0.054662621,0.412343023,6.360679e-03,7.692127e-04,1.710002e-03,4.321638e-04,3.183061e-04,7.332359e-04,5.447417e-12,0.000000,10.196419,0.000000,15.757198,0.000000,0.000000,0.000000,4.692901,0.000000,0.000000,0.000000,7.268785,8.848066,0.000000,0.000000,-2.195592191e-04
0.568775,-0.000140156,0.054744792,0.054646010,0.054763892,0.054707618,0.054677936,0.410281084,7.313075e-03,4.689973e-04,1.120935e-03,3.058700e-04,2.013078e-04,5.382684e-04,5.411713e-12,0.000000,8.227528,0.000000,13.250307,0.000000,0.000000,0.000000,4.529453,0.000000,0.000000,0.000000,7.129271,8.219568,0.000000,0.000000,-2.377103615e-04
0.570025,-0.000149388,0.054770809,0.054679400,0.054769109,0.054702648,0.054690224,0.408203817,8.201377e-03,2.376413e-04,7.863874e-04,2.849785e-04,1.571196e-04,2.558060e-04,6.774508e-12,0.000000,6.699293,0.000000,10.607152,0.000000,0.000000,0.000000,4.365312,0.000000,0.000000,0.000000,6.393206,7.482251,0.000000,0.000000,-2.534243156e-04
0.571275,-0.000153378,0.054790892,0.054712447,0.054765718,0.054691851,0.054698216,0.406111221,8.606982e-03,1.480007e-04,6.257574e-04,2.921232e-04,1.992037e-04,1.616357e-04,6.340964e-12,0.000000,5.365010,0.000000,8.628804,0.000000,0.000000,0.000000,4.201915,0.000000,0.000000,0.000000,5.867743,6.663537,0.000000,0.000000,-2.603314094e-04
0.572525,-0.000150007,0.054803362,0.054742380,0.054753427,0.054675040,0.054700916,0.404003297,8.243491e-03,1.807825e-04,4.023119e-04,2.841221e-04,3.066058e-04,3.541720e-04,7.811884e-12,0.000000,4.648585,0.000000,6.948669,0.000000,0.000000,0.000000,4.104484,0.000000,0.000000,0.000000,6.285407,6.274880,0.000000,0.000000,-2.548382466e-04
0.573775,-0.000139882,0.054807833,0.054766687,0.054732501,0.054654010,0.054698250,0.401880045,7.206017e-03,2.131051e-04,2.265295e-04,3.233055e-04,5.567820e-04,4.632713e-04,7.131486e-12,0.000000,4.838395,0.000000,5.542412,0.000000,0.000000,0.000000,4.527684,0.000000,0.000000,0.000000,8.192519,6.592375,0.000000,0.000000,-2.380159630e-04
0.575025,-0.000126290,0.054804837,0.054783337,0.054704164,0.054632429,0.054691109,0.399741465,5.922934e-03,2.359965e-04,3.163184e-04,5.414951e-04,1.024491e-03,4.334660e-04,6.290030e-12,0.000000,5.191094,0.000000,4.332273,0.000000,0.000000,0.000000,6.011310,0.000000,0.000000,0.000000,10.802660,7.359203,0.000000,0.000000,-2.153868827e-04
0.576275,-0.000114222,0.054794683,0.054791130,0.054672270,0.054614220,0.054680737,0.397587557,4.899943e-03,3.425874e-04,4.126551e-04,9.302448e-04,1.558451e-03,6.750143e-04,6.792214e-12,0.000000,5.292289,0.000000,3.921167,0.000000,0.000000,0.000000,8.854050,0.000000,0.000000,0.000000,13.065873,8.136679,0.000000,0.000000,-1.950862500e-04
0.577525,-0.000108006,0.054777681,0.054789665,0.054640283,0.054602180,0.054668364,0.395418321,4.446692e-03,5.282439e-04,3.423574e-04,1.437510e-03,1.866460e-03,1.081087e-03,6.031682e-12,0.000000,5.551816,0.000000,4.137642,0.000000,0.000000,0.000000,10.815459,0.000000,0.000000,0.000000,14.226424,8.879318,0.000000,0.000000,-1.846925129e-04
0.578775,-0.000110544,0.054754195,0.054779595,0.054611956,0.054597079,0.054654870,0.393233757,4.692706e-03,6.525323e-04,3.538076e-04,1.870935e-03,1.884840e-03,1.214509e-03,6.309440e-12,0.000000,5.831133,0.000000,4.420922,0.000000,0.000000,0.000000,13.078719,0.000000,0.000000,0.000000,14.050085,9.231715,0.000000,0.000000,-1.888170008e-04
0.580025,-0.000121828,0.054725335,0.054761520,0.054589027,0.054597737,0.054640450,0.391033864,5.664489e-03,6.891470e-04,4.611827e-04,1.933108e-03,1.706053e-03,1.053243e-03,8.202208e-12,0.000000,7.316937,0.000000,4.755055,0.000000,0.000000,0.000000,14.284774,0.000000,0.000000,0.000000,12.721489,9.116940,0.000000,0.000000,-2.077073425e-04
0.581275,-0.000139858,0.054694622,0.054735245,0.054573250,0.054601537,0.054624762,0.388818643,7.363142e-03,7.961963e-04,4.519728e-04,1.724025e-03,1.334791e-03,8.505743e-04,7.551485e-12,0.000000,9.469245,0.000000,4.566742,0.000000,0.000000,0.000000,14.070824,0.000000,0.000000,0.000000,10.904463,8.956792,0.000000,0.000000,-2.377454733e-04
0.582525,-0.000160729,0.054664876,0.054701072,0.054564447,0.054605613,0.054607726,0.386588095,9.645585e-03,8.915502e-04,3.403478e-04,1.434547e-03,8.496265e-04,7.151243e-04,7.461643e-12,0.000000,11.953037,0.000000,5.068732,0.000000,0.000000,0.000000,13.824158,0.000000,0.000000,0.000000,9.212335,9.079807,0.000000,0.000000,-2.730432211e-04
0.583775,-0.000180475,0.054638723,0.054660876,0.054560983,0.054608019,0.054589933,0.384342218,1.212560e-02,9.201298e-04,4.098967e-04,1.176037e-03,5.004263e-04,6.179946e-04,9.106922e-12,0.000000,11.968977,0.000000,7.012712,0.000000,0.000000,0.000000,12.539323,0.000000,0.000000,0.000000,8.266913,9.505278,0.000000,0.000000,-3.064389122e-04
0.585025,-0.000195498,0.054616542,0.054618004,0.054561090,0.054607967,0.054572179,0.382081013,1.422066e-02,9.593514e-04,7.063658e-04,9.058369e-04,4.382537e-04,5.520886e-04,7.510532e-12,0.000000,12.196422,0.000000,9.254306,0.000000,0.000000,0.000000,11.792292,0.000000,0.000000,0.000000,8.382286,10.238243,0.000000,0.000000,-3.321612295e-04
0.586275,-0.000203697,0.054597809,0.054575781,0.054563507,0.054605976,0.054555615,0.379804480,1.543509e-02,1.054872e-03,1.022252e-03,7.322479e-04,4.817118e-04,5.353084e-04,8.603160e-12,0.000000,12.475077,0.000000,11.239495,0.000000,0.000000,0.000000,10.755548,0.000000,0.000000,0.000000,8.864789,10.923889,0.000000,0.000000,-3.460502517e-04
0.587525,-0.000204515,0.054583496,0.054537517,0.054566988,0.054602657,0.054541088,0.377512618,1.557699e-02,1.211623e-03,1.316647e-03,7.274324e-04,4.129419e-04,6.258681e-04,9.167606e-12,0.000000,12.709330,0.000000,13.437849,0.000000,0.000000,0.000000,10.496119,0.000000,0.000000,0.000000,8.781540,11.118909,0.000000,0.000000,-3.470528472e-04
0.588775,-0.000198340,0.054574657,0.054506484,0.054571083,0.054597278,0.054528430,0.375205429,1.471962e-02,1.349254e-03,1.846426e-03,8.832806e-04,3.376360e-04,8.453391e-04,9.727718e-12,0.000000,13.698347,0.000000,15.504781,0.000000,0.000000,0.000000,10.105543,0.000000,0.000000,0.000000,8.095174,10.850157,0.000000,0.000000,-3.364452607e-04
0.590025,-0.000187067,0.054572372,0.054485657,0.054576442,0.054588386,0.054517341,0.372882912,1.320532e-02,1.530798e-03,2.549461e-03,1.007639e-03,4.962842e-04,1.178453e-03,8.410850e-12,0.000000,14.641627,0.000000,17.064861,0.000000,0.000000,0.000000,11.115537,0.000000,0.000000,0.000000,7.166788,10.953808,0.000000,0.000000,-3.169813687e-04
0.591275,-0.000173916,0.054578021,0.054477013,0.054583987,0.054575416,0.054508640,0.370545066,1.154451e-02,1.726045e-03,2.980496e-03,9.884226e-04,8.642978e-04,1.630142e-03,9.260596e-12,0.000000,15.060041,0.000000,18.074500,0.000000,0.000000,0.000000,11.153195,0.000000,0.000000,0.000000,7.486827,11.953008,0.000000,0.000000,-2.949307456e-04
0.592525,-0.000162870,0.054592369,0.054481521,0.054592999,0.054560002,0.054504461,0.368191892,1.020334e-02,1.745196e-03,3.155752e-03,9.899207e-04,1.205940e-03,1.974823e-03,8.464564e-12,0.000000,15.228962,0.000000,18.274166,0.000000,0.000000,0.000000,10.166676,0.000000,0.000000,0.000000,9.174551,13.428812,0.000000,0.000000,-2.767075460e-04
0.593775,-0.000156914,0.054614169,0.054498903,0.054602016,0.054545171,0.054506872,0.365823390,9.450145e-03,1.510411e-03,3.149654e-03,1.096067e-03,1.404712e-03,2.003590e-03,9.910117e-12,0.000000,14.092675,0.000000,17.622272,0.000000,0.000000,0.000000,9.290988,0.000000,0.000000,0.000000,11.280628,14.548993,0.000000,0.000000,-2.670412628e-04
0.595025,-0.000157217,0.054641216,0.054527639,0.054609358,0.054534099,0.054517142,0.363439560,9.403600e-03,1.166765e-03,2.671429e-03,1.106929e-03,1.516797e-03,1.803287e-03,7.642219e-12,0.000000,11.909730,0.000000,16.510849,0.000000,0.000000,0.000000,8.481160,0.000000,0.000000,0.000000,13.069536,15.071536,0.000000,0.000000,-2.681504867e-04
0.596275,-0.000163194,0.054669806,0.054565773,0.054614563,0.054529113,0.054535424,0.361040402,1.003459e-02,8.266404e-04,1.749619e-03,9.147943e-04,1.497046e-03,1.476608e-03,1.089079e-11,0.000000,9.565071,0.000000,15.075984,0.000000,0.000000,0.000000,8.311910,0.000000,0.000000,0.000000,14.211901,14.523863,0.000000,0.000000,-2.785222101e-04
0.597525,-0.000172074,0.054696420,0.054610823,0.054617504,0.054531211,0.054559760,0.358625916,1.107064e-02,5.146210e-04,9.456301e-04,6.845379e-04,1.274534e-03,9.906530e-04,1.279995e-11,0.000000,7.881905,0.000000,13.137268,0.000000,0.000000,0.000000,8.626526,0.000000,0.000000,0.000000,14.330491,12.538980,0.000000,0.000000,-2.933910949e-04
0.598775,-0.000179822,0.054719449,0.054658879,0.054619309,0.054539965,0.054586242,0.356196102,1.201244e-02,3.012865e-04,5.701070e-04,6.007413e-04,9.780426e-04,5.171918e-04,1.043707e-11,0.000000,7.241433,0.000000,10.206606,0.000000,0.000000,0.000000,9.605889,0.000000,0.000000,0.000000,13.626689,9.810586,0.000000,0.000000,-3.062578976e-04
0.600025,-0.000182604,0.054738855,0.054705095,0.054621384,0.054553788,0.054610954,0.353750959,1.232038e-02,2.593084e-04,3.774636e-04,5.977639e-04,7.902115e-04,3.495226e-04,1.146573e-11,0.000000,7.684756,0.000000,7.033351,0.000000,0.000000,0.000000,10.277003,0.000000,0.000000,0.000000,12.477838,7.730304,0.000000,0.000000,-3.107067609e-04
0.601275,-0.000177806,0.054754532,0.054745116,0.054624333,0.054570867,0.054631854,0.351290489,1.164690e-02,2.714957e-04,2.266298e-04,6.065205e-04,7.597995e-04,3.799559e-04,9.641086e-12,0.000000,7.114997,0.000000,4.788834,0.000000,0.000000,0.000000,10.379712,0.000000,0.000000,0.000000,11.353171,7.211638,0.000000,0.000000,-3.027711209e-04
0.602525,-0.000165328,0.054765258,0.054776076,0.054628269,0.054589981,0.054649066,0.348814690,1.006831e-02,2.493678e-04,2.370433e-04,6.621605e-04,7.935376e-04,3.866289e-04,9.076649e-12,0.000000,6.011043,0.000000,3.305762,0.000000,0.000000,0.000000,10.526202,0.000000,0.000000,0.000000,10.955096,7.889619,0.000000,0.000000,-2.820005004e-04
0.603775,-0.000147436,0.054769460,0.054796065,0.054633293,0.054611011,0.054664044,0.346323563,8.030547e-03,2.439137e-04,3.275287e-04,8.614459e-04,8.567584e-04,4.096686e-04,1.231114e-11,0.000000,5.386787,0.000000,2.340442,0.000000,0.000000,0.000000,10.436729,0.000000,0.000000,0.000000,11.273291,8.839821,0.000000,0.000000,-2.518199178e-04
0.605025,-0.000127858,0.054766519,0.054804060,0.054639292,0.054634687,0.054677995,0.343817108,6.083039e-03,3.400405e-04,3.040101e-04,1.213692e-03,9.745938e-04,5.116365e-04,1.194210e-11,0.000000,5.350132,0.000000,2.036190,0.000000,0.000000,0.000000,10.416699,0.000000,0.000000,0.000000,11.660521,9.322863,0.000000,0.000000,-2.186285966e-04
0.606275,-0.000110848,0.054757517,0.054800222,0.054646000,0.054661160,0.054690838,0.341295325,4.617611e-03,5.518617e-04,2.187698e-04,1.497828e-03,1.057888e-03,7.201704e-04,1.314819e-11,0.000000,6.761367,0.000000,2.647520,0.000000,0.000000,0.000000,10.199544,0.000000,0.000000,0.000000,11.329310,8.708465,0.000000,0.000000,-1.890203849e-04
0.607525,-0.000099658,0.054744617,0.054786246,0.054653907,0.054689014,0.054701002,0.338758214,3.788073e-03,7.963126e-04,2.973835e-04,1.533231e-03,9.798249e-04,8.780434e-04,1.362536e-11,0.000000,7.891585,0.000000,4.107327,0.000000,0.000000,0.000000,11.118124,0.000000,0.000000,0.000000,9.916771,7.394154,0.000000,0.000000,-1.693946801e-04
0.608775,-0.000096733,0.054730469,0.054764670,0.054664587,0.054715649,0.054706570,0.336205774,3.621161e-03,9.737820e-04,5.920906e-04,1.330114e-03,7.590245e-04,8.306173e-04,1.249484e-11,0.000000,9.737102,0.000000,5.793616,0.000000,0.000000,0.000000,11.952781,0.000000,0.000000,0.000000,8.089009,6.476853,0.000000,0.000000,-1.638811987e-04
0.610025,-0.000102671,0.054716845,0.054738042,0.054678717,0.054738240,0.054706718,0.333638007,4.079442e-03,9.905316e-04,7.631874e-04,1.009711e-03,5.418647e-04,6.907711e-04,1.486765e-11,0.000000,10.882719,0.000000,7.384437,0.000000,0.000000,0.000000,11.878129,0.000000,0.000000,0.000000,6.339863,6.328001,0.000000,0.000000,-1.735799474e-04
0.611275,-0.000115999,0.054705282,0.054708560,0.054694955,0.054754205,0.054701831,0.331054911,5.119095e-03,9.292376e-04,7.086044e-04,7.372322e-04,3.637129e-04,5.665688e-04,1.048941e-11,0.000000,11.232197,0.000000,8.489571,0.000000,0.000000,0.000000,10.144010,0.000000,0.000000,0.000000,4.815138,6.952560,0.000000,0.000000,-1.962507875e-04
0.612525,-0.000133498,0.054696404,0.054677587,0.054709898,0.054761386,0.054693113,0.328456487,6.642304e-03,8.640066e-04,8.191492e-04,5.289995e-04,2.072843e-04,4.340563e-04,1.598320e-11,0.000000,11.474999,0.000000,9.202939,0.000000,0.000000,0.000000,7.758241,0.000000,0.000000,0.000000,3.613698,7.746725,0.000000,0.000000,-2.259073997e-04
0.613775,-0.000150657,0.054689340,0.054646396,0.054719988,0.054758344,0.054681467,0.325842735,8.367648e-03,7.624227e-04,1.045264e-03,3.469384e-04,1.612392e-04,3.224239e-04,1.671198e-11,0.000000,10.583269,0.000000,10.294476,0.000000,0.000000,0.000000,5.718547,0.000000,0.000000,0.000000,3.011831,8.016977,0.000000,0.000000,-2.551358845e-04
0.615025,-0.000163468,0.054682718,0.054617094,0.054722436,0.054744539,0.054666953,0.323213655,9.836488e-03,6.765918e-04,1.081427e-03,2.259954e-04,2.209945e-04,3.232403e-04,1.205751e-11,0.000000,9.632755,0.000000,11.865804,0.000000,0.000000,0.000000,4.279636,0.000000,0.000000,0.000000,2.929053,7.891952,0.000000,0.000000,-2.769014413e-04
0.616275,-0.000169664,0.054675865,0.054592436,0.054716086,0.054720309,0.054649187,0.320569247,1.064235e-02,6.762702e-04,1.132824e-03,2.066445e-04,2.536137e-04,3.521126e-04,1.824774e-11,0.000000,9.797732,0.000000,13.628600,0.000000,0.000000,0.000000,4.190449,0.000000,0.000000,0.000000,3.408651,7.591537,0.000000,0.000000,-2.871445265e-04
0.617525,-0.000169073,0.054669871,0.054574727,0.054701289,0.054687318,0.054627990,0.317909511,1.066795e-02,7.575133e-04,1.465994e-03,3.122110e-04,2.360824e-04,4.090277e-04,1.389556e-11,0.000000,11.107743,0.000000,14.807579,0.000000,0.000000,0.000000,4.801993,0.000000,0.000000,0.000000,5.489358,7.680617,0.000000,0.000000,-2.864305145e-04
0.618775,-0.000164155,0.054666382,0.054565145,0.054679602,0.054649618,0.054603957,0.315234447,1.014587e-02,8.244693e-04,1.803220e-03,4.649929e-04,3.529650e-04,6.646499e-04,1.500156e-11,0.000000,11.629763,0.000000,15.167230,0.000000,0.000000,0.000000,6.124517,0.000000,0.000000,0.000000,7.552116,8.489919,0.000000,0.000000,-2.783888459e-04
0.620025,-0.000157812,0.054666004,0.054564077,0.054653621,0.054608537,0.054578766,0.312544054,9.405272e-03,8.492180e-04,1.853442e-03,6.059270e-04,7.395354e-04,1.070154e-03,1.526451e-11,0.000000,11.663061,0.000000,15.140993,0.000000,0.000000,0.000000,8.042868,0.000000,0.000000,0.000000,8.451284,9.720197,0.000000,0.000000,-2.679239168e-04
0.621275,-0.000152836,0.054667744,0.054570698,0.054625810,0.054567268,0.054554721,0.309838334,8.818718e-03,9.083870e-04,1.799217e-03,9.037398e-04,1.358106e-03,1.431395e-03,1.916561e-11,0.000000,10.659400,0.000000,14.330886,0.000000,0.000000,0.000000,9.237471,0.000000,0.000000,0.000000,10.049176,11.481041,0.000000,0.000000,-2.604151197e-04
0.622525,-0.000151619,0.054669818,0.054583506,0.054597832,0.054527283,0.054534584,0.307117285,8.687450e-03,9.479133e-04,1.770378e-03,1.351960e-03,1.907197e-03,1.693475e-03,1.627837e-11,0.000000,9.448537,0.000000,13.057905,0.000000,0.000000,0.000000,9.896600,0.000000,0.000000,0.000000,12.442608,13.042151,0.000000,0.000000,-2.589948717e-04
0.623775,-0.000155556,0.054671103,0.054600578,0.054570263,0.054493357,0.054520329,0.304380908,9.145498e-03,8.858525e-04,1.490892e-03,1.652831e-03,2.312024e-03,1.849888e-03,1.724215e-11,0.000000,9.216161,0.000000,12.056502,0.000000,0.000000,0.000000,10.315216,0.000000,0.000000,0.000000,14.147006,14.046302,0.000000,0.000000,-2.657841968e-04
0.625025,-0.000164708,0.054671558,0.054620194,0.054543957,0.054468089,0.054512866,0.301629203,1.027597e-02,7.599015e-04,9.748385e-04,1.665372e-03,2.466394e-03,1.748806e-03,2.056053e-11,0.000000,9.449694,0.000000,10.857809,0.000000,0.000000,0.000000,11.430400,0.000000,0.000000,0.000000,16.366633,14.241179,0.000000,0.000000,-2.817556895e-04
0.626275,-0.000178175,0.054671530,0.054640481,0.054521986,0.054453342,0.054512152,0.298862170,1.198483e-02,6.167374e-04,5.970823e-04,1.596363e-03,2.303457e-03,1.360998e-03,1.561839e-11,0.000000,9.512945,0.000000,9.423878,0.000000,0.000000,0.000000,13.162993,0.000000,0.000000,0.000000,16.978232,13.664469,0.000000,0.000000,-3.044419137e-04
0.627525,-0.000192999,0.054670891,0.054659107,0.054506543,0.054450498,0.054516656,0.296079809,1.395940e-02,4.871106e-04,4.855252e-04,1.547453e-03,1.905264e-03,9.371827e-04,1.970552e-11,0.000000,9.093384,0.000000,8.027354,0.000000,0.000000,0.000000,15.136077,0.000000,0.000000,0.000000,17.789581,12.611072,0.000000,0.000000,-3.297811641e-04
0.628775,-0.000205461,0.054668584,0.054673649,0.054499350,0.054459526,0.054524323,0.293282119,1.568294e-02,3.734569e-04,3.897059e-04,1.473218e-03,1.464847e-03,7.072952e-04,1.649642e-11,0.000000,8.587889,0.000000,6.493084,0.000000,0.000000,0.000000,15.008754,0.000000,0.000000,0.000000,16.836147,11.147744,0.000000,0.000000,-3.506869980e-04
0.630025,-0.000211503,0.054664418,0.054682090,0.054500468,0.054478502,0.054533363,0.290469102,1.652309e-02,3.730302e-04,2.101247e-04,1.343299e-03,1.123987e-03,6.177050e-04,1.937457e-11,0.000000,8.684489,0.000000,5.234634,0.000000,0.000000,0.000000,14.720709,0.000000,0.000000,0.000000,15.478403,10.234616,0.000000,0.000000,-3.604000073e-04
0.631275,-0.000208224,0.054658802,0.054682935,0.054508723,0.054504540,0.054542999,0.287640756,1.601874e-02,4.871865e-04,1.605009e-04,1.192457e-03,9.047037e-04,5.152081e-04,1.458045e-11,0.000000,9.087571,0.000000,4.792221,0.000000,0.000000,0.000000,14.359036,0.000000,0.000000,0.000000,13.044918,10.321814,0.000000,0.000000,-3.551067968e-04
0.632525,-0.000195928,0.054652465,0.054676109,0.054523455,0.054535089,0.054553745,0.284797082,1.423085e-02,6.416483e-04,3.442596e-04,1.158765e-03,7.914931e-04,5.321177e-04,2.046765e-11,0.000000,9.704568,0.000000,5.364744,0.000000,0.000000,0.000000,13.606252,0.000000,0.000000,0.000000,12.274696,10.787946,0.000000,0.000000,-3.337329141e-04
0.633775,-0.000177090,0.054646505,0.054663603,0.054544235,0.054567792,0.054566349,0.281938081,1.172022e-02,8.786236e-04,5.467317e-04,1.264148e-03,7.814959e-04,8.071797e-04,1.982849e-11,0.000000,10.520630,0.000000,7.052638,0.000000,0.000000,0.000000,13.554451,0.000000,0.000000,0.000000,10.302968,11.223654,0.000000,0.000000,-3.013187268e-04
0.635025,-0.000156054,0.054642683,0.054648398,0.054570347,0.054601089,0.054581406,0.279063751,9.217642e-03,1.178481e-03,7.436800e-04,1.386770e-03,8.296610e-04,1.086453e-03,1.988246e-11,0.000000,11.767033,0.000000,9.092219,0.000000,0.000000,0.000000,12.936576,0.000000,0.000000,0.000000,10.119091,11.426524,0.000000,0.000000,-2.654646782e-04
0.636275,-0.000137686,0.054642635,0.054633189,0.054600504,0.054635052,0.054598940,0.276174092,7.270312e-03,1.424199e-03,1.164209e-03,1.363091e-03,8.236574e-04,1.170866e-03,1.992872e-11,0.000000,12.735747,0.000000,10.582940,0.000000,0.000000,0.000000,11.788555,0.000000,0.000000,0.000000,10.198845,11.260472,0.000000,0.000000,-2.338579397e-04
0.637525,-0.000125539,0.054647574,0.054620268,0.054633268,0.054668907,0.054618283,0.273269106,6.097973e-03,1.555632e-03,1.683331e-03,1.165239e-03,6.797720e-04,1.179184e-03,2.281386e-11,0.000000,13.090406,0.000000,11.854161,0.000000,0.000000,0.000000,11.090457,0.000000,0.000000,0.000000,9.426922,10.623335,0.000000,0.000000,-2.128340329e-04
0.638775,-0.000121137,0.054657412,0.054611336,0.054667284,0.054700853,0.054638114,0.270348792,5.665475e-03,1.504582e-03,1.885401e-03,8.647122e-04,5.135407e-04,1.153740e-03,2.049414e-11,0.000000,12.665370,0.000000,12.946816,0.000000,0.000000,0.000000,10.226861,0.000000,0.000000,0.000000,7.175893,9.577106,0.000000,0.000000,-2.049169810e-04
0.640025,-0.000123538,0.054671102,0.054608074,0.054700865,0.054726938,0.054656765,0.267413149,5.819141e-03,1.299686e-03,1.759804e-03,5.581866e-04,3.626491e-04,9.354431e-04,2.140978e-11,0.000000,11.885546,0.000000,13.871273,0.000000,0.000000,0.000000,8.508751,0.000000,0.000000,0.000000,5.283482,8.452653,0.000000,0.000000,-2.085837030e-04
0.641275,-0.000130187,0.054687415,0.054611657,0.054730734,0.054744926,0.054672692,0.264462179,6.372028e-03,1.030090e-03,1.629322e-03,3.376267e-04,2.446706e-04,5.668310e-04,1.862224e-11,0.000000,11.124600,0.000000,14.428248,0.000000,0.000000,0.000000,6.224421,0.000000,0.000000,0.000000,4.007169,7.822934,0.000000,0.000000,-2.198869584e-04
0.642525,-0.000138297,0.054705568,0.054622340,0.054753208,0.054753362,0.054685295,0.261495880,7.126492e-03,7.693799e-04,1.493081e-03,2.157289e-04,1.661110e-04,3.541273e-04,2.452732e-11,0.000000,10.864366,0.000000,14.120364,0.000000,0.000000,0.000000,4.302187,0.000000,0.000000,0.000000,3.411170,7.672762,0.000000,0.000000,-2.335001546e-04
0.643775,-0.000145196,0.054725050,0.054638978,0.054766725,0.054751700,0.054694669,0.258514253,7.830144e-03,5.158723e-04,1.111689e-03,2.122750e-04,1.554697e-04,3.487949e-04,2.162622e-11,0.000000,10.402844,0.000000,13.015702,0.000000,0.000000,0.000000,3.860591,0.000000,0.000000,0.000000,3.424656,7.720850,0.000000,0.000000,-2.454730959e-04
0.645025,-0.000148911,0.054744558,0.054659572,0.054771086,0.054740464,0.054700747,0.255517298,8.223133e-03,2.933508e-04,7.127010e-04,2.738700e-04,2.053668e-04,3.354191e-04,2.619739e-11,0.000000,9.001943,0.000000,11.625708,0.000000,0.000000,0.000000,4.137694,0.000000,0.000000,0.000000,4.042275,7.636638,0.000000,0.000000,-2.522473464e-04
0.646275,-0.000148131,0.054761424,0.054682152,0.054766663,0.054720824,0.054702966,0.252505015,8.100899e-03,2.024504e-04,6.092547e-04,3.316396e-04,2.565769e-04,2.273758e-04,2.670628e-11,0.000000,7.259491,0.000000,10.561890,0.000000,0.000000,0.000000,4.224767,0.000000,0.000000,0.000000,5.068734,6.974753,0.000000,0.000000,-2.509127239e-04
0.647525,-0.000142503,0.054773101,0.054704919,0.054753496,0.054696083,0.054700043,0.249477404,7.478771e-03,2.425747e-04,5.987480e-04,3.441202e-04,3.397248e-04,2.109008e-04,2.581133e-11,0.000000,5.761954,0.000000,9.242070,0.000000,0.000000,0.000000,4.238406,0.000000,0.000000,0.000000,8.036788,6.086007,0.000000,0.000000,-2.419964303e-04
0.648775,-0.000133297,0.054777867,0.054725709,0.054732245,0.054669173,0.054691119,0.246434464,6.552658e-03,2.977294e-04,4.704427e-04,4.010991e-04,5.748190e-04,4.197821e-04,2.186721e-11,0.000000,5.225692,0.000000,7.784499,0.000000,0.000000,0.000000,5.198503,0.000000,0.000000,0.000000,8.502949,5.952631,0.000000,0.000000,-2.263470852e-04
0.650025,-0.000122807,0.054775863,0.054742464,0.054705023,0.054641238,0.054676515,0.243376197,5.622329e-03,3.300131e-04,4.006848e-04,6.886257e-04,9.779358e-04,6.720694e-04,2.667826e-11,0.000000,5.848168,0.000000,6.758865,0.000000,0.000000,0.000000,6.919037,0.000000,0.000000,0.000000,10.401147,6.583640,0.000000,0.000000,-2.087581292e-04
0.651275,-0.000114880,0.054768363,0.054754010,0.054674773,0.054614577,0.054658101,0.240302601,5.017371e-03,3.971676e-04,4.892383e-04,1.104587e-03,1.509035e-03,8.809532e-04,2.980484e-11,0.000000,6.810670,0.000000,6.336691,0.000000,0.000000,0.000000,9.183298,0.000000,0.000000,0.000000,10.086933,8.431447,0.000000,0.000000,-1.958820638e-04
0.652525,-0.000113809,0.054756884,0.054759919,0.054645098,0.054590234,0.054638922,0.237213678,4.992109e-03,4.971828e-04,5.123720e-04,1.451432e-03,1.904450e-03,1.129754e-03,2.675621e-11,0.000000,7.643027,0.000000,5.962412,0.000000,0.000000,0.000000,10.863677,0.000000,0.000000,0.000000,12.902862,10.091183,0.000000,0.000000,-1.942856105e-04
0.653775,-0.000121338,0.054742403,0.054759435,0.054617914,0.054570797,0.054621286,0.234109426,5.632718e-03,5.411662e-04,3.442761e-04,1.628460e-03,1.972500e-03,1.250612e-03,2.410178e-11,0.000000,8.063179,0.000000,5.325744,0.000000,0.000000,0.000000,11.742752,0.000000,0.000000,0.000000,12.991945,11.258475,0.000000,0.000000,-2.076709851e-04
0.655025,-0.000136871,0.054725143,0.054751034,0.054594574,0.054557568,0.054606122,0.230989846,7.036809e-03,5.410056e-04,2.366876e-04,1.616991e-03,1.739971e-03,1.058502e-03,2.992279e-11,0.000000,7.933414,0.000000,4.203128,0.000000,0.000000,0.000000,12.652548,0.000000,0.000000,0.000000,14.375905,11.578549,0.000000,0.000000,-2.340476170e-04
0.656275,-0.000157184,0.054704902,0.054733338,0.054575568,0.054551128,0.054593260,0.227854938,9.186879e-03,5.767834e-04,2.992365e-04,1.473996e-03,1.313226e-03,7.678793e-04,3.116884e-11,0.000000,7.922439,0.000000,3.635150,0.000000,0.000000,0.000000,12.606423,0.000000,0.000000,0.000000,14.174742,10.773420,0.000000,0.000000,-2.684536190e-04
0.657525,-0.000177573,0.054681784,0.054706357,0.054560756,0.054551254,0.054581645,0.224704701,1.169001e-02,6.336838e-04,3.220803e-04,1.224756e-03,8.881129e-04,6.360874e-04,3.744040e-11,0.000000,8.064895,0.000000,4.303740,0.000000,0.000000,0.000000,12.277826,0.000000,0.000000,0.000000,13.429126,10.316741,0.000000,0.000000,-3.028406803e-04
0.658775,-0.000193765,0.054656516,0.054672128,0.054549697,0.054555714,0.054569962,0.221539137,1.392223e-02,6.545454e-04,2.914079e-04,9.614894e-04,5.780856e-04,5.582239e-04,3.342357e-11,0.000000,8.998224,0.000000,6.381983,0.000000,0.000000,0.000000,12.312254,0.000000,0.000000,0.000000,11.770676,9.443819,0.000000,0.000000,-3.296340576e-04
0.660025,-0.000202614,0.054631326,0.054634286,0.054542360,0.054562240,0.054557267,0.218358245,1.524929e-02,7.197926e-04,4.117412e-04,8.405821e-04,4.327642e-04,4.583307e-04,3.789467e-11,0.000000,10.881823,0.000000,8.535122,0.000000,0.000000,0.000000,12.317477,0.000000,0.000000,0.000000,10.323807,8.856853,0.000000,0.000000,-3.442032580e-04
0.661275,-0.000203396,0.054609284,0.054595976,0.054539758,0.054568602,0.054543587,0.215162024,1.542373e-02,9.135768e-04,7.433061e-04,9.037121e-04,4.034345e-04,5.158204e-04,3.392912e-11,0.000000,12.723664,0.000000,10.372367,0.000000,0.000000,0.000000,13.002030,0.000000,0.000000,0.000000,9.489151,9.718509,0.000000,0.000000,-3.456776111e-04
0.662525,-0.000197613,0.054592912,0.054559535,0.054541904,0.054574512,0.054530662,0.211950475,1.462699e-02,1.171034e-03,1.134992e-03,9.959265e-04,4.458344e-04,8.046494e-04,2.220957e-11,0.000000,13.999437,0.000000,11.840374,0.000000,0.000000,0.000000,12.860271,0.000000,0.000000,0.000000,9.069975,11.134536,0.000000,0.000000,-3.357568091e-04
0.663775,-0.000187515,0.054583316,0.054527802,0.054548561,0.054578369,0.054521269,0.208723598,1.323309e-02,1.455011e-03,1.622981e-03,1.062430e-03,5.304609e-04,1.131748e-03,3.155143e-11,0.000000,14.191013,0.000000,13.842764,0.000000,0.000000,0.000000,12.183991,0.000000,0.000000,0.000000,8.358084,12.819655,0.000000,0.000000,-3.187372546e-04
0.665025,-0.000176120,0.054580245,0.054503913,0.054558239,0.054580411,0.054517390,0.205481393,1.173476e-02,1.741932e-03,2.331707e-03,1.112770e-03,6.886622e-04,1.334876e-03,2.774520e-11,0.000000,13.667301,0.000000,15.743927,0.000000,0.000000,0.000000,11.395685,0.000000,0.000000,0.000000,8.998788,13.719915,0.000000,0.000000,-2.995948497e-04
0.666275,-0.000166316,0.054582975,0.054490235,0.054569820,0.054581637,0.054519487,0.202223860,1.051466e-02,1.898614e-03,2.989293e-03,1.173900e-03,8.523086e-04,1.500327e-03,2.546915e-11,0.000000,13.501065,0.000000,16.813539,0.000000,0.000000,0.000000,10.688126,0.000000,0.000000,0.000000,9.541050,13.449609,0.000000,0.000000,-2.825742248e-04
0.667525,-0.000160055,0.054591576,0.054488002,0.054582474,0.054583236,0.054526775,0.198950999,9.791972e-03,1.820252e-03,3.160674e-03,1.168252e-03,9.505260e-04,1.674898e-03,3.240284e-11,0.000000,13.693539,0.000000,17.456615,0.000000,0.000000,0.000000,10.316067,0.000000,0.000000,0.000000,10.560494,12.678075,0.000000,0.000000,-2.719850143e-04
0.668775,-0.000158640,0.054606498,0.054498183,0.054595900,0.054585473,0.054537993,0.195662810,9.649243e-03,1.516976e-03,2.819474e-03,1.042842e-03,9.887587e-04,1.645443e-03,3.511811e-11,0.000000,13.958567,0.000000,18.061375,0.000000,0.000000,0.000000,10.428874,0.000000,0.000000,0.000000,9.689297,11.985730,0.000000,0.000000,-2.692592550e-04
0.670025,-0.000161834,0.054627774,0.054521429,0.054610225,0.054587537,0.054551915,0.192359292,1.000580e-02,1.145231e-03,2.303343e-03,8.815827e-04,9.268001e-04,1.266844e-03,3.499710e-11,0.000000,13.637107,0.000000,18.073253,0.000000,0.000000,0.000000,10.238074,0.000000,0.000000,0.000000,9.760932,11.174645,0.000000,0.000000,-2.745623635e-04
0.671275,-0.000167988,0.054654109,0.054556632,0.054625029,0.054589233,0.054567654,0.189040446,1.066280e-02,8.246292e-04,1.708236e-03,6.893156e-04,7.993449e-04,8.300165e-04,3.314720e-11,0.000000,12.323531,0.000000,16.599203,0.000000,0.000000,0.000000,9.890594,0.000000,0.000000,0.000000,9.437295,10.776882,0.000000,0.000000,-2.856923892e-04
0.672525,-0.000174481,0.054683045,0.054600508,0.054639148,0.054590473,0.054584937,0.185706273,1.133343e-02,5.639997e-04,1.004412e-03,5.198033e-04,6.810421e-04,6.426172e-04,3.700457e-11,0.000000,10.507188,0.000000,13.903636,0.000000,0.000000,0.000000,8.803813,0.000000,0.000000,0.000000,9.633119,10.842680,0.000000,0.000000,-2.967877415e-04
0.673775,-0.000177779,0.054711553,0.054648255,0.054650942,0.054591786,0.054603598,0.182356771,1.165792e-02,3.748141e-04,4.780094e-04,4.616570e-04,6.073523e-04,5.407013e-04,3.155402e-11,0.000000,8.517586,0.000000,10.530888,0.000000,0.000000,0.000000,7.828602,0.000000,0.000000,0.000000,10.108698,10.564532,0.000000,0.000000,-3.029266041e-04
0.675025,-0.000175278,0.054736466,0.054694502,0.054659134,0.054594016,0.054623180,0.178991941,1.129702e-02,2.519065e-04,3.335232e-04,4.610396e-04,6.238302e-04,3.797375e-04,3.762139e-11,0.000000,6.556527,0.000000,7.218218,0.000000,0.000000,0.000000,7.257229,0.000000,0.000000,0.000000,10.779912,10.063939,0.000000,0.000000,-2.990282928e-04
0.676275,-0.000165893,0.054755462,0.054734941,0.054663148,0.054598231,0.054642436,0.175611783,1.011980e-02,2.010816e-04,3.126995e-04,4.940353e-04,7.372657e-04,3.071397e-04,3.085729e-11,0.000000,5.656435,0.000000,5.206293,0.000000,0.000000,0.000000,7.102895,0.000000,0.000000,0.000000,11.337599,9.040357,0.000000,0.000000,-2.826647569e-04
0.677525,-0.000150489,0.054767908,0.054767582,0.054663485,0.054605203,0.054659436,0.172216297,8.373143e-03,2.215405e-04,1.842624e-04,6.414644e-04,8.957994e-04,3.869297e-04,4.473151e-11,0.000000,5.693224,0.000000,4.546837,0.000000,0.000000,0.000000,8.045537,0.000000,0.000000,0.000000,11.762360,7.752304,0.000000,0.000000,-2.564940478e-04
0.678775,-0.000132385,0.054774230,0.054791772,0.054662242,0.054615259,0.054672540,0.168805482,6.542684e-03,2.716644e-04,1.417323e-04,9.345812e-04,1.077265e-03,5.324087e-04,4.155020e-11,0.000000,6.193447,0.000000,4.241399,0.000000,0.000000,0.000000,9.640911,0.000000,0.000000,0.000000,11.879752,6.894078,0.000000,0.000000,-2.255177959e-04
0.680025,-0.000115768,0.054775814,0.054806794,0.054661975,0.054628695,0.054680976,0.165379340,5.061500e-03,3.736732e-04,2.335652e-04,1.204946e-03,1.250905e-03,6.904701e-04,4.030622e-11,0.000000,7.157332,0.000000,3.617972,0.000000,0.000000,0.000000,11.118557,0.000000,0.000000,0.000000,11.797648,6.974513,0.000000,0.000000,-1.971666756e-04
0.681275,-0.000104262,0.054773408,0.054811910,0.054664155,0.054644602,0.054685675,0.161937869,4.133100e-03,5.381745e-04,2.619821e-04,1.340419e-03,1.298618e-03,8.294562e-04,3.895994e-11,0.000000,7.510915,0.000000,3.370565,0.000000,0.000000,0.000000,11.407832,0.000000,0.000000,0.000000,11.080767,8.010426,0.000000,0.000000,-1.780365801e-04
0.682525,-0.000100463,0.054767084,0.054806943,0.054668306,0.054662135,0.054688468,0.158481070,3.813571e-03,6.670530e-04,2.456151e-04,1.354380e-03,1.149736e-03,8.584313e-04,4.699396e-11,0.000000,7.133159,0.000000,3.430506,0.000000,0.000000,0.000000,10.673622,0.000000,0.000000,0.000000,10.480451,9.034020,0.000000,0.000000,-1.713954874e-04
0.683775,-0.000104582,0.054756504,0.054792216,0.054673319,0.054679820,0.054690298,0.155008943,4.100579e-03,6.683772e-04,3.050630e-04,1.244018e-03,8.260469e-04,7.361469e-04,5.050386e-11,0.000000,7.037966,0.000000,3.682184,0.000000,0.000000,0.000000,10.055080,0.000000,0.000000,0.000000,9.386862,9.280536,0.000000,0.000000,-1.782986656e-04
0.685025,-0.000115285,0.054742043,0.054768102,0.054678248,0.054696420,0.054691004,0.151521488,4.965219e-03,6.073792e-04,4.247124e-04,1.006831e-03,4.915551e-04,5.481178e-04,4.637001e-11,0.000000,7.608198,0.000000,3.988310,0.000000,0.000000,0.000000,9.474081,0.000000,0.000000,0.000000,8.784631,8.792842,0.000000,0.000000,-1.962304748e-04
0.686275,-0.000130072,0.054725127,0.054735641,0.054682313,0.054710424,0.054689618,0.148018705,6.310437e-03,6.106756e-04,4.747642e-04,7.400944e-04,2.563295e-04,4.015842e-04,4.104014e-11,0.000000,8.943787,0.000000,5.250155,0.000000,0.000000,0.000000,8.982678,0.000000,0.000000,0.000000,7.397569,8.069951,0.000000,0.000000,-2.205919777e-04
0.687525,-0.000145580,0.054707636,0.054697852,0.054684560,0.054719633,0.054684752,0.144500594,7.897445e-03,6.479229e-04,4.537638e-04,5.132294e-04,1.351949e-04,3.072357e-04,4.720041e-11,0.000000,9.990059,0.000000,7.918374,0.000000,0.000000,0.000000,8.329509,0.000000,0.000000,0.000000,6.074114,7.091730,0.000000,0.000000,-2.465245160e-04
0.688775,-0.000158877,0.054690889,0.054659581,0.054684256,0.054721783,0.054674847,0.140967155,9.386300e-03,6.425076e-04,6.119115e-04,3.609801e-04,8.956233e-05,1.992469e-04,3.969786e-11,0.000000,10.562635,0.000000,10.294519,0.000000,0.000000,0.000000,8.182031,0.000000,0.000000,0.000000,4.512163,6.103569,0.000000,0.000000,-2.686026152e-04
0.690025,-0.000167102,0.054675665,0.054623352,0.054681086,0.054714952,0.054658891,0.137418387,1.036342e-02,6.793340e-04,9.552125e-04,3.193209e-04,8.045854e-05,1.608475e-04,4.743247e-11,0.000000,10.906218,0.000000,12.603845,0.000000,0.000000,0.000000,7.564230,0.000000,0.000000,0.000000,3.706487,5.896352,0.000000,0.000000,-2.824893409e-04
0.691275,-0.000168996,0.054662205,0.054591623,0.054674212,0.054698695,0.054637453,0.133854292,1.059796e-02,8.125637e-04,1.281160e-03,3.444097e-04,1.138823e-04,3.170023e-04,4.691335e-11,0.000000,10.949948,0.000000,12.786298,0.000000,0.000000,0.000000,7.276569,0.000000,0.000000,0.000000,4.014757,6.980011,0.000000,0.000000,-2.861869402e-04
0.692525,-0.000165521,0.054650655,0.054565791,0.054662811,0.054673891,0.054613050,0.130274868,1.020166e-02,9.574321e-04,1.594351e-03,3.936068e-04,2.134200e-04,5.767892e-04,4.744495e-11,0.000000,11.118787,0.000000,13.962955,0.000000,0.000000,0.000000,6.768061,0.000000,0.000000,0.000000,4.891400,9.049472,0.000000,0.000000,-2.804530714e-04
0.693775,-0.000159251,0.054641544,0.054547214,0.054646811,0.054642546,0.054589043,0.126680116,9.540048e-03,1.067066e-03,2.024357e-03,5.234552e-04,4.423783e-04,8.124248e-04,5.821228e-11,0.000000,11.684492,0.000000,15.025193,0.000000,0.000000,0.000000,7.015672,0.000000,0.000000,0.000000,6.382749,10.956452,0.000000,0.000000,-2.701579176e-04
0.695025,-0.000153757,0.054635719,0.054537259,0.054627589,0.054607396,0.054567931,0.123070036,9.020855e-03,1.201946e-03,2.396585e-03,7.612469e-04,8.128150e-04,1.101124e-03,5.324656e-11,0.000000,12.161397,0.000000,15.470163,0.000000,0.000000,0.000000,8.505426,0.000000,0.000000,0.000000,8.491306,12.170188,0.000000,0.000000,-2.612441071e-04
0.696275,-0.000152231,0.054633826,0.054536524,0.054607148,0.054571834,0.054550613,0.119444628,8.918121e-03,1.310946e-03,2.345106e-03,1.007606e-03,1.232870e-03,1.471803e-03,5.215483e-11,0.000000,12.442831,0.000000,15.931855,0.000000,0.000000,0.000000,9.698422,0.000000,0.000000,0.000000,10.614272,12.227153,0.000000,0.000000,-2.585868584e-04
0.697525,-0.000156183,0.054636065,0.054545171,0.054587458,0.054538964,0.054536739,0.115803892,9.357204e-03,1.258917e-03,1.980994e-03,1.158839e-03,1.603576e-03,1.669650e-03,5.546867e-11,0.000000,12.401178,0.000000,15.688592,0.000000,0.000000,0.000000,10.690779,0.000000,0.000000,0.000000,12.349606,11.753849,0.000000,0.000000,-2.655101615e-04
0.698775,-0.000165286,0.054641888,0.054562216,0.054569620,0.054511011,0.054525919,0.112147827,1.037121e-02,1.047031e-03,1.611816e-03,1.194766e-03,1.817337e-03,1.547909e-03,4.987752e-11,0.000000,11.701431,0.000000,14.638741,0.000000,0.000000,0.000000,11.262802,0.000000,0.000000,0.000000,13.546996,11.793471,0.000000,0.000000,-2.814419754e-04
0.700025,-0.000177662,0.054649836,0.054585723,0.054553963,0.054489655,0.054518395,0.108476435,1.186187e-02,8.018865e-04,1.190167e-03,1.153943e-03,1.839625e-03,1.272828e-03,4.808278e-11,0.000000,10.514778,0.000000,13.045652,0.000000,0.000000,0.000000,11.334611,0.000000,0.000000,0.000000,14.477419,12.171062,0.000000,0.000000,-3.028060851e-04
0.701275,-0.000190373,0.054657948,0.054612891,0.054541081,0.054475735,0.054514873,0.104789714,1.353255e-02,6.019092e-04,6.737272e-04,1.131392e-03,1.736331e-03,1.047062e-03,5.555277e-11,0.000000,9.385660,0.000000,11.300273,0.000000,0.000000,0.000000,11.765860,0.000000,0.000000,0.000000,14.660011,12.605392,0.000000,0.000000,-3.248347747e-04
0.702525,-0.000200573,0.054664892,0.054640665,0.054531879,0.054469680,0.054515994,0.101087666,1.496686e-02,4.528710e-04,3.091203e-04,1.128173e-03,1.560593e-03,8.949591e-04,6.084551e-11,0.000000,8.856708,0.000000,8.882201,0.000000,0.000000,0.000000,12.667872,0.000000,0.000000,0.000000,15.010290,12.859396,0.000000,0.000000,-3.423698835e-04
0.703775,-0.000205710,0.054670428,0.054665262,0.054527509,0.054471911,0.054521811,0.097370289,1.571089e-02,3.962491e-04,2.178692e-04,1.111089e-03,1.376402e-03,7.477800e-04,4.746338e-11,0.000000,8.997929,0.000000,6.586499,0.000000,0.000000,0.000000,13.051936,0.000000,0.000000,0.000000,15.210636,12.747558,0.000000,0.000000,-3.511891347e-04
0.705025,-0.000204152,0.054674794,0.054683433,0.054528397,0.054482808,0.054531862,0.093637584,1.545370e-02,4.303531e-04,2.254239e-04,1.115588e-03,1.249930e-03,6.349313e-04,6.013497e-11,0.000000,9.102460,0.000000,5.123411,0.000000,0.000000,0.000000,13.170630,0.000000,0.000000,0.000000,15.405776,12.216491,0.000000,0.000000,-3.484755151e-04
0.706275,-0.000195523,0.054677966,0.054693977,0.054534471,0.054501888,0.054545036,0.089889551,1.416770e-02,4.679988e-04,1.813254e-04,1.189468e-03,1.177714e-03,6.311322e-04,7.177273e-11,0.000000,8.979827,0.000000,4.833234,0.000000,0.000000,0.000000,13.156720,0.000000,0.000000,0.000000,14.521287,11.293725,0.000000,0.000000,-3.333744803e-04
0.707525,-0.000180609,0.054679737,0.054697248,0.054545807,0.054527537,0.054559777,0.086126189,1.212275e-02,5.221587e-04,2.181132e-04,1.353509e-03,1.137790e-03,7.517033e-04,4.835803e-11,0.000000,8.806694,0.000000,5.595570,0.000000,0.000000,0.000000,13.212410,0.000000,0.000000,0.000000,13.496221,10.357318,0.000000,0.000000,-3.077801429e-04
0.708775,-0.000161964,0.054679854,0.054694522,0.054562483,0.054558372,0.054574975,0.082347500,9.820617e-03,6.616601e-04,4.374791e-04,1.536333e-03,1.117579e-03,9.382135e-04,6.152806e-11,0.000000,8.807636,0.000000,6.443857,0.000000,0.000000,0.000000,13.101385,0.000000,0.000000,0.000000,12.840676,9.969353,0.000000,0.000000,-2.760139627e-04
0.710025,-0.000143475,0.054678833,0.054687418,0.054583882,0.054593415,0.054590709,0.078553482,7.789209e-03,8.816377e-04,6.773063e-04,1.625844e-03,1.071766e-03,1.116787e-03,5.538317e-11,0.000000,9.476670,0.000000,7.611071,0.000000,0.000000,0.000000,12.580189,0.000000,0.000000,0.000000,12.044868,10.479789,0.000000,0.000000,-2.443202641e-04
0.711275,-0.000129093,0.054678189,0.054677809,0.054609016,0.054630872,0.054608130,0.074744137,6.377434e-03,1.079144e-03,8.233545e-04,1.544016e-03,9.209578e-04,1.188654e-03,6.223376e-11,0.000000,10.681988,0.000000,8.774521,0.000000,0.000000,0.000000,11.803398,0.000000,0.000000,0.000000,10.518230,11.304566,0.000000,0.000000,-2.196908141e-04
0.712525,-0.000121689,0.054679736,0.054667261,0.054636913,0.054667924,0.054628202,0.070919463,5.695537e-03,1.157495e-03,1.017886e-03,1.294546e-03,6.499707e-04,1.063120e-03,7.151194e-11,0.000000,11.670956,0.000000,9.649587,0.000000,0.000000,0.000000,11.326366,0.000000,0.000000,0.000000,8.519817,11.529098,0.000000,0.000000,-2.067194057e-04
0.713775,-0.000121958,0.054684516,0.054657126,0.054666653,0.054701508,0.054650326,0.067079461,5.691704e-03,1.109954e-03,1.260361e-03,9.507627e-04,3.508684e-04,8.205875e-04,6.391134e-11,0.000000,11.968301,0.000000,10.489799,0.000000,0.000000,0.000000,10.576602,0.000000,0.000000,0.000000,6.702710,10.511237,0.000000,0.000000,-2.066399980e-04
0.715025,-0.000128191,0.054692421,0.054648568,0.054696605,0.054729125,0.054672201,0.063224131,6.213082e-03,9.641206e-04,1.288587e-03,5.793137e-04,1.444345e-04,5.740318e-04,6.190351e-11,0.000000,11.530773,0.000000,11.124747,0.000000,0.000000,0.000000,9.129442,0.000000,0.000000,0.000000,5.292543,8.703163,0.000000,0.000000,-2.168716856e-04
0.716275,-0.000137001,0.054702379,0.054642508,0.054723804,0.054748772,0.054691032,0.059353473,7.002094e-03,7.592866e-04,1.129752e-03,2.853351e-04,8.245504e-05,3.338972e-04,7.523937e-11,0.000000,10.662895,0.000000,11.713329,0.000000,0.000000,0.000000,6.818408,0.000000,0.000000,0.000000,4.174969,7.056472,0.000000,0.000000,-2.314759428e-04
0.717525,-0.000144467,0.054712862,0.054639775,0.054744542,0.054759131,0.054704636,0.055467487,7.714333e-03,5.654220e-04,1.073492e-03,1.614913e-04,1.108997e-04,1.561013e-04,6.551876e-11,0.000000,9.593302,0.000000,12.160895,0.000000,0.000000,0.000000,4.627239,0.000000,0.000000,0.000000,3.646397,5.964263,0.000000,0.000000,-2.441182074e-04
0.718775,-0.000147823,0.054722261,0.054641176,0.054756073,0.054759744,0.054711828,0.051566173,8.053585e-03,4.606769e-04,1.079464e-03,1.686414e-04,1.289326e-04,1.340737e-04,7.790040e-11,0.000000,8.689473,0.000000,12.759841,0.000000,0.000000,0.000000,3.354626,0.000000,0.000000,0.000000,3.540853,5.541478,0.000000,0.000000,-2.499639276e-04
0.720025,-0.000411215,0.054728978,0.054646295,0.054757058,0.054750238,0.054711650,0.047825825,9.082861e-01,4.316091e-04,8.518586e-04,1.654713e-04,1.015939e-04,2.011105e-04,8.936754e-01,0.000000,5.730563,0.000000,8.629251,0.000000,0.000000,0.000000,2.107366,0.000000,0.000000,0.000000,3.415323,3.876313,2312.795065,0.000000,-2.855768474e-04
0.721275,-0.001125008,0.054756919,0.054692687,0.054779132,0.054740811,0.054699874,0.044641401,3.247579e+00,4.766699e-03,8.612203e-03,3.497639e-03,5.141819e-04,1.994319e-04,3.728396e+00,0.000000,53.692640,0.000000,54.101867,0.000000,0.000000,0.000000,31.702105,0.000000,0.000000,0.000000,9.214171,0.836987,1716.032500,0.000000,-1.682226812e-03
0.722525,-0.002300158,0.054833848,0.054756351,0.054800091,0.054717996,0.054672846,0.042088114,5.470094e+00,1.267538e-02,9.154365e-03,3.722803e-03,6.265772e-04,1.230896e-04,6.561357e+00,0.000000,9.814359,0.000000,0.000000,0.000000,0.000000,0.000000,0.000000,0.000000,0.000000,0.000000,0.000000,0.000000,3155.072420,0.000000,-3.697923377e-03
0.723775,-0.003851919,0.054896958,0.054804685,0.054805721,0.054679853,0.054630489,0.040248952,7.664158e+00,9.692033e-03,7.686041e-03,3.215682e-03,6.664122e-04,1.226653e-04,8.370098e+00,0.000000,0.000000,0.000000,0.000000,0.000000,0.000000,0.000000,0.000000,0.000000,0.000000,0.000000,0.000000,0.000000,2714.680822,0.000000,-6.070470261e-03
0.725025,-0.005402946,0.054944739,0.054837692,0.054796023,0.054626382,0.054572805,0.039264271,1.149455e+01,7.506949e-03,6.374844e-03,3.418884e-03,5.920709e-04,1.588430e-04,9.520145e+00,0.000000,0.000000,0.000000,0.000000,0.000000,0.000000,0.000000,0.000000,0.000000,0.000000,0.000000,0.000000,0.000000,2867.038476,0.000000,-8.928662074e-03
0.726275,-0.006524751,0.054977193,0.054855371,0.054770997,0.054557583,0.054499793,0.038870197,1.624039e+01,8.866657e-03,4.977974e-03,2.499429e-03,3.411250e-04,1.729860e-04,7.666955e+00,0.000000,0.000000,0.000000,0.000000,0.000000,0.000000,0.000000,0.000000,0.000000,0.000000,0.000000,0.000000,0.000000,2366.473993,0.000000,-1.093917399e-02
0.727525,-0.007022791,0.054994318,0.054857721,0.054730643,0.054473456,0.054411452,0.039039809,1.910191e+01,5.359219e-03,5.118793e-03,2.174926e-03,3.728578e-04,1.497114e-04,6.080402e+00,0.000000,0.000000,0.000000,0.000000,0.000000,0.000000,0.000000,0.000000,0.000000,0.000000,0.000000,0.000000,0.000000,1906.494031,0.000000,-1.155872007e-02
0.728775,-0.006669540,0.054996115,0.054844744,0.054674961,0.054374001,0.054307784,0.039820854,1.773394e+01,7.610563e-03,6.584440e-03,2.563627e-03,5.673993e-04,1.047949e-04,5.301935e+00,0.000000,0.000000,0.000000,0.000000,0.000000,0.000000,0.000000,0.000000,0.000000,0.000000,0.000000,0.000000,0.000000,2554.860390,0.000000,-1.120407105e-02
0.730025,-0.005547857,0.054982584,0.054816438,0.054603951,0.054259217,0.054188787,0.041065165,1.204975e+01,1.124324e-02,8.396516e-03,3.612996e-03,5.762672e-04,1.600047e-04,4.493121e+00,0.000000,0.000000,0.000000,0.000000,0.000000,0.000000,0.000000,0.000000,0.000000,0.000000,0.000000,0.000000,0.000000,1691.845722,0.000000,-9.251105480e-03
0.731275,-0.003936365,0.054953725,0.054772804,0.054517612,0.054129106,0.054054462,0.042793934,5.981787e+00,7.896645e-03,4.654258e-03,2.580626e-03,5.398849e-04,1.948301e-04,4.621327e+00,0.000000,0.000000,0.000000,0.000000,0.000000,0.000000,0.000000,0.000000,0.000000,0.000000,0.000000,0.000000,0.000000,1645.659252,0.000000,-6.452341061e-03
0.732525,-0.001984672,0.054909538,0.054713842,0.054415945,0.053983666,0.053904809,0.044970618,1.759944e+00,6.765493e-03,5.185887e-03,2.617353e-03,4.478603e-04,9.602266e-05,4.675959e+00,0.000000,0.000000,0.000000,0.000000,0.000000,0.000000,0.000000,0.000000,0.000000,0.000000,0.000000,0.000000,0.000000,2046.443942,0.000000,-3.238255304e-03
0.733775,-0.000207341,0.054883129,0.054670285,0.054349924,0.053899355,0.053794000,0.047529144,8.950295e-01,2.108521e-02,2.142589e-02,3.631159e-02,6.199472e-02,3.869635e-02,3.629605e+00,0.000000,125.991468,0.000000,126.138317,0.000000,0.000000,0.000000,184.863869,0.000000,0.000000,0.000000,250.887098,223.134897,1142.122512,0.000000,-2.780794404e-04
0.735025,0.000771226,0.055090548,0.054902829,0.054649706,0.054267680,0.054162806,0.050371157,3.111687e-01,1.446998e-01,1.913548e-01,3.076008e-01,4.637924e-01,4.859077e-01,2.724838e+00,0.000000,65.724719,0.000000,109.772502,0.000000,0.000000,0.000000,134.202412,0.000000,0.000000,0.000000,150.580474,195.130546,848.782260,0.000000,1.371254664e-03
0.736275,0.001311663,0.055304838,0.055173210,0.055005645,0.054708330,0.054635486,0.053329883,8.296637e-01,1.541599e-01,2.076780e-01,3.136800e-01,4.433864e-01,4.642720e-01,2.286491e+00,0.000000,3.943501,0.000000,4.740873,0.000000,0.000000,0.000000,5.729267,0.000000,0.000000,0.000000,9.353062,20.231515,341.889734,0.000000,2.202636970e-03
0.737525,0.001438374,0.055506193,0.055435778,0.055385918,0.055240968,0.055247344,0.056311627,9.054309e-01,1.365019e-01,1.737635e-01,2.674455e-01,3.794263e-01,4.187882e-01,2.463243e+00,0.000000,5.339913,0.000000,29.788933,0.000000,0.000000,0.000000,63.934425,0.000000,0.000000,0.000000,132.812799,167.578525,3.858036,0.000000,2.403973901e-03
0.738775,0.001115161,0.055749209,0.055787978,0.055853472,0.055876039,0.055970455,0.059278096,4.894360e-01,1.461440e-01,1.911485e-01,2.931580e-01,4.306055e-01,4.802384e-01,2.117371e+00,0.000000,52.300792,0.000000,56.145534,0.000000,0.000000,0.000000,35.056801,0.000000,0.000000,0.000000,9.698052,3.725365,0.000000,0.000000,1.940869409e-03
0.740025,0.000553296,0.056014510,0.056158019,0.056330508,0.056508649,0.056681648,0.062229237,2.355900e-01,7.990466e-02,9.504452e-02,1.576503e-01,2.351220e-01,2.718927e-01,1.924187e+00,0.000000,11.422212,0.000000,12.013459,0.000000,0.000000,0.000000,8.230048,0.000000,0.000000,0.000000,3.948814,0.000000,0.000000,0.000000,9.409457236e-04
0.741275,-0.000135455,0.056276737,0.056520822,0.056796812,0.057126662,0.057377511,0.065165050,3.161587e-02,8.438623e-02,9.284066e-02,1.282305e-01,1.538039e-01,1.581002e-01,2.346791e+00,0.000000,0.053940,0.000000,0.000000,0.000000,0.000000,0.000000,0.159913,0.000000,0.000000,0.000000,0.000000,0.000000,0.000000,0.000000,-2.648148541e-04
0.742525,-0.000823143,0.056523638,0.056868297,0.057247796,0.057729348,0.058058047,0.068085535,3.550199e-01,1.099751e-01,1.372198e-01,2.151113e-01,3.148414e-01,2.916411e-01,2.590233e+00,0.000000,0.000000,0.000000,0.000000,0.000000,0.000000,0.000000,0.000000,0.000000,0.000000,0.000000,0.000000,0.000000,0.000000,0.000000,-1.350704821e-03
0.743775,-0.001328672,0.056755211,0.057200444,0.057683453,0.058316706,0.058723255,0.070990692,7.011189e-01,1.287338e-01,1.632234e-01,2.643193e-01,3.784706e-01,4.129542e-01,2.444203e+00,0.000000,0.000000,0.000000,0.000000,0.000000,0.000000,0.000000,0.000000,0.000000,0.000000,0.000000,0.000000,0.000000,0.000000,0.000000,-2.297961296e-03
0.745025,-0.001603822,0.056971456,0.057517262,0.058103781,0.058888735,0.059373134,0.073880520,9.812843e-01,1.220497e-01,1.658758e-01,2.599584e-01,3.948513e-01,4.555622e-01,2.454729e+00,0.000000,0.000000,0.000000,0.000000,0.000000,0.000000,0.000000,0.000000,0.000000,0.000000,0.000000,0.000000,0.000000,0.000000,0.000000,-2.721233766e-03
0.746275,-0.001559877,0.057172373,0.057818753,0.058508781,0.059445437,0.060007686,0.076755021,9.917097e-01,7.757631e-02,1.007375e-01,1.640466e-01,2.464606e-01,2.762859e-01,2.624115e+00,0.000000,0.000000,0.000000,0.000000,0.000000,0.000000,0.000000,0.000000,0.000000,0.000000,0.000000,0.000000,0.000000,0.000000,0.000000,-2.631228672e-03
0.747525,-0.001209695,0.057357961,0.058104915,0.058898453,0.059986810,0.060626909,0.079614193,5.429422e-01,6.830123e-02,8.957887e-02,1.279836e-01,1.657509e-01,1.885652e-01,2.320215e+00,0.000000,0.000000,0.000000,0.000000,0.000000,0.000000,0.000000,0.000000,0.000000,0.000000,0.000000,0.000000,0.000000,0.000000,0.000000,-2.094590457e-03
0.748775,-0.000653983,0.057528222,0.058375750,0.059272797,0.060512855,0.061230804,0.082458038,2.655076e-01,8.111490e-02,1.018559e-01,1.608809e-01,2.351069e-01,2.240019e-01,1.459831e+00,0.000000,0.000000,0.000000,0.000000,0.000000,0.000000,0.000000,0.000000,0.000000,0.000000,0.000000,0.000000,0.000000,0.000000,0.000000,-1.078062245e-03
0.750025,0.000043507,0.057683154,0.058631256,0.059631813,0.061023572,0.061819371,0.085286554,2.742585e-02,1.089246e-01,1.341108e-01,2.225959e-01,3.261223e-01,3.349422e-01,1.530827e+00,0.000000,0.000000,0.000000,0.000000,0.000000,0.000000,0.000000,0.000000,0.000000,0.000000,0.000000,0.000000,0.000000,0.000000,0.000000,6.165736765e-05
0.751275,0.000700686,0.057822759,0.058871434,0.059975500,0.061518961,0.062392610,0.088099742,2.402075e-01,1.303026e-01,1.804186e-01,2.898469e-01,4.386080e-01,4.974998e-01,2.195968e+00,0.000000,0.000000,0.000000,0.000000,0.000000,0.000000,0.000000,0.000000,0.000000,0.000000,0.000000,0.000000,0.000000,0.000000,0.000000,1.185497290e-03
0.752525,0.001204869,0.057947035,0.059096284,0.060303860,0.061999022,0.062950521,0.090897602,6.081555e-01,6.404928e-02,8.710957e-02,1.445700e-01,2.317766e-01,2.792233e-01,2.586390e+00,0.000000,0.000000,0.000000,0.000000,0.000000,0.000000,0.000000,0.000000,0.000000,0.000000,0.000000,0.000000,0.000000,0.000000,0.000000,2.076423516e-03
0.753775,0.001471116,0.058055983,0.059305806,0.060616891,0.062463754,0.063493104,0.093680134,7.990984e-01,5.762427e-02,7.547587e-02,1.092364e-01,1.350433e-01,1.429599e-01,2.878973e+00,0.000000,0.000000,0.000000,0.000000,0.000000,0.000000,0.000000,0.000000,0.000000,0.000000,0.000000,0.000000,0.000000,0.000000,0.000000,2.477274700e-03
0.755025,0.001408123,0.058149603,0.059499999,0.060914595,0.062913159,0.064020358,0.096447337,8.310025e-01,7.862118e-02,1.012262e-01,1.620041e-01,2.299651e-01,2.245507e-01,2.640337e+00,0.000000,0.000000,0.000000,0.000000,0.000000,0.000000,0.000000,0.000000,0.000000,0.000000,0.000000,0.000000,0.000000,0.000000,0.000000,2.416374824e-03
0.756275,0.001074177,0.058227894,0.059678865,0.061196970,0.063347235,0.064532285,0.099199213,4.245637e-01,8.464759e-02,1.026877e-01,1.653129e-01,2.454352e-01,2.587894e-01,1.654609e+00,0.000000,0.000000,0.000000,0.000000,0.000000,0.000000,0.000000,0.000000,0.000000,0.000000,0.000000,0.000000,0.000000,0.000000,0.000000,1.825864140e-03
0.757525,0.000508651,0.058290858,0.059842402,0.061464017,0.063765984,0.065028883,0.101935760,1.742201e-01,1.255330e-01,1.726986e-01,2.747633e-01,4.065035e-01,4.434851e-01,1.446970e+00,0.000000,0.000000,0.000000,0.000000,0.000000,0.000000,0.000000,0.000000,0.000000,0.000000,0.000000,0.000000,0.000000,0.000000,0.000000,8.550161228e-04
0.758775,-0.000175788,0.058338494,0.059990612,0.061715736,0.064169404,0.065510153,0.104656979,5.412591e-02,7.910920e-02,1.074662e-01,1.874378e-01,3.001288e-01,3.583772e-01,2.076718e+00,0.000000,0.000000,0.000000,0.000000,0.000000,0.000000,0.000000,0.000000,0.000000,0.000000,0.000000,0.000000,0.000000,0.000000,0.000000,-2.768520300e-04
0.760025,-0.000814342,0.058370801,0.060123493,0.061952127,0.064557496,0.065976095,0.107362871,2.769114e-01,4.690055e-02,6.202386e-02,8.941545e-02,1.185625e-01,1.447659e-01,2.151483e+00,0.000000,0.000000,0.000000,0.000000,0.000000,0.000000,0.000000,0.000000,0.000000,0.000000,0.000000,0.000000,0.000000,0.000000,0.000000,-1.405418212e-03
0.761275,-0.001321056,0.058387780,0.060241046,0.062173189,0.064930260,0.066426709,0.110053434,7.171775e-01,6.614455e-02,7.985050e-02,1.249090e-01,1.722903e-01,1.541178e-01,2.159690e+00,0.000000,0.000000,0.000000,0.000000,0.000000,0.000000,0.000000,0.000000,0.000000,0.000000,0.000000,0.000000,0.000000,0.000000,0.000000,-2.233957356e-03
0.762525,-0.001562029,0.058389431,0.060343271,0.062378924,0.065287695,0.066861995,0.112728669,8.889017e-01,8.403413e-02,1.040331e-01,1.703185e-01,2.494572e-01,2.592561e-01,2.358504e+00,0.000000,0.000000,0.000000,0.000000,0.000000,0.000000,0.000000,0.000000,0.000000,0.000000,0.000000,0.000000,0.000000,0.000000,0.000000,-2.655630490e-03
0.763775,-0.001501256,0.058375754,0.060430168,0.062569330,0.065629803,0.067281953,0.115388575,9.121344e-01,1.100646e-01,1.456175e-01,2.346979e-01,3.497455e-01,3.859316e-01,2.201502e+00,0.000000,0.000000,0.000000,0.000000,0.000000,0.000000,0.000000,0.000000,0.000000,0.000000,0.000000,0.000000,0.000000,0.000000,0.000000,-2.566948928e-03
0.765025,-0.001167932,0.058346749,0.060501736,0.062744408,0.065956582,0.067686582,0.118033154,5.129280e-01,8.556134e-02,1.164534e-01,1.962726e-01,3.093661e-01,3.526450e-01,1.928532e+00,0.000000,0.000000,0.000000,0.000000,0.000000,0.000000,0.000000,0.000000,0.000000,0.000000,0.000000,0.000000,0.000000,0.000000,0.000000,-1.965089771e-03
0.766275,-0.000595852,0.058302416,0.060557977,0.062904159,0.066268034,0.068075884,0.120662404,1.803277e-01,5.404700e-02,7.637839e-02,1.201080e-01,1.685536e-01,2.096938e-01,1.957753e+00,0.000000,0.000000,0.000000,0.000000,0.000000,0.000000,0.000000,0.000000,0.000000,0.000000,0.000000,0.000000,0.000000,0.000000,0.000000,-1.030874819e-03
0.767525,0.000065555,0.058242755,0.060598889,0.063048581,0.066564157,0.068449857,0.123276327,6.123101e-02,4.848270e-02,5.706196e-02,8.457293e-02,1.150187e-01,1.149956e-01,2.196181e+00,0.000000,0.000000,0.000000,0.000000,0.000000,0.000000,0.000000,0.000000,0.000000,0.000000,0.000000,0.000000,0.000000,0.000000,0.000000,1.206415542e-04
0.768775,0.000703718,0.058167765,0.060624474,0.063177675,0.066844952,0.068808502,0.125874921,1.912647e-01,7.173090e-02,8.564405e-02,1.423744e-01,2.053803e-01,1.917343e-01,2.365860e+00,0.000000,0.000000,0.000000,0.000000,0.000000,0.000000,0.000000,0.000000,0.000000,0.000000,0.000000,0.000000,0.000000,0.000000,0.000000,1.205779343e-03
0.770025,0.001195787,0.058077448,0.060634730,0.063291440,0.067110419,0.069151819,0.128458187,6.002500e-01,1.079813e-01,1.430400e-01,2.318254e-01,3.451014e-01,3.792133e-01,2.173244e+00,0.000000,0.000000,0.000000,0.000000,0.000000,0.000000,0.000000,0.000000,0.000000,0.000000,0.000000,0.000000,0.000000,0.000000,0.000000,2.017891571e-03
0.771275,0.001420310,0.057971802,0.060629658,0.063389878,0.067360558,0.069479808,0.131026125,7.457420e-01,8.229098e-02,1.131884e-01,1.924782e-01,3.071369e-01,3.552809e-01,1.816606e+00,0.000000,0.000000,0.000000,0.000000,0.000000,0.000000,0.000000,0.000000,0.000000,0.000000,0.000000,0.000000,0.000000,0.000000,0.000000,2.439142662e-03
0.772525,0.001365635,0.057850828,0.060609258,0.063472987,0.067595369,0.069792469,0.133578735,7.409434e-01,5.689860e-02,7.723005e-02,1.260275e-01,1.805013e-01,2.159917e-01,1.699779e+00,0.000000,0.000000,0.000000,0.000000,0.000000,0.000000,0.000000,0.000000,0.000000,0.000000,0.000000,0.000000,0.000000,0.000000,0.000000,2.311692572e-03
0.773775,0.001019319,0.057714526,0.060573530,0.063540769,0.067814851,0.070089802,0.136116017,4.140744e-01,4.542437e-02,5.876632e-02,9.234388e-02,1.336855e-01,1.451533e-01,1.581642e+00,0.000000,0.000000,0.000000,0.000000,0.000000,0.000000,0.000000,0.000000,0.000000,0.000000,0.000000,0.000000,0.000000,0.000000,0.000000,1.735322627e-03
0.775025,0.000457642,0.057562896,0.060522473,0.063593222,0.068019006,0.070371806,0.138637971,1.006564e-01,5.080761e-02,6.016367e-02,9.390389e-02,1.304744e-01,1.212175e-01,1.514638e+00,0.000000,0.000000,0.000000,0.000000,0.000000,0.000000,0.000000,0.000000,0.000000,0.000000,0.000000,0.000000,0.000000,0.000000,0.000000,7.942268682e-04
0.776275,-0.000192877,0.057395938,0.060456089,0.063630347,0.068207832,0.070638483,0.141144596,8.416653e-02,9.875796e-02,1.298939e-01,2.116295e-01,3.089696e-01,3.232140e-01,2.250351e+00,0.000000,0.000000,0.000000,0.000000,0.000000,0.000000,0.000000,0.000000,0.000000,0.000000,0.000000,0.000000,0.000000,0.000000,0.000000,-3.472530186e-04
0.777525,-0.000828897,0.057213651,0.060374376,0.063652144,0.068381331,0.070889831,0.143635894,2.493588e-01,9.072321e-02,1.219223e-01,2.087839e-01,3.298492e-01,3.805131e-01,2.849331e+00,0.000000,0.000000,0.000000,0.000000,0.000000,0.000000,0.000000,0.000000,0.000000,0.000000,0.000000,0.000000,0.000000,0.000000,0.000000,-1.392376223e-03
0.778775,-0.001297777,0.057016037,0.060277336,0.063658613,0.068539501,0.071125851,0.146111863,6.836343e-01,5.533519e-02,7.658052e-02,1.256262e-01,1.915769e-01,2.362617e-01,2.352437e+00,0.000000,0.000000,0.000000,0.000000,0.000000,0.000000,0.000000,0.000000,0.000000,0.000000,0.000000,0.000000,0.000000,0.000000,0.000000,-2.211600779e-03
0.780025,-0.001520832,0.056803094,0.060164967,0.063649754,0.068682343,0.071346543,0.148572504,8.608778e-01,3.930222e-02,5.517758e-02,8.906053e-02,1.305587e-01,1.416204e-01,1.807615e+00,0.000000,0.000000,0.000000,0.000000,0.000000,0.000000,0.000000,0.000000,0.000000,0.000000,0.000000,0.000000,0.000000,0.000000,0.000000,-2.595354812e-03
0.781275,-0.001458777,0.056574823,0.060037270,0.063625567,0.068809857,0.071551907,0.151017817,8.101574e-01,4.834392e-02,5.411177e-02,8.496821e-02,1.124204e-01,1.093263e-01,1.769452e+00,0.000000,0.000000,0.000000,0.000000,0.000000,0.000000,0.000000,0.000000,0.000000,0.000000,0.000000,0.000000,0.000000,0.000000,0.000000,-2.463062755e-03
0.782525,-0.001105850,0.056331225,0.059894245,0.063586051,0.068922042,0.071741943,0.153447802,4.992051e-01,8.147455e-02,1.024132e-01,1.673200e-01,2.442740e-01,2.477833e-01,1.574222e+00,0.000000,0.000000,0.000000,0.000000,0.000000,0.000000,0.000000,0.000000,0.000000,0.000000,0.000000,0.000000,0.000000,0.000000,0.000000,-1.897677073e-03
0.783775,-0.000558340,0.056072298,0.059735892,0.063531208,0.069018900,0.071916651,0.155862459,1.188185e-01,9.162346e-02,1.250985e-01,2.140762e-01,3.365582e-01,3.723577e-01,1.510279e+00,0.000000,0.000000,0.000000,0.000000,0.000000,0.000000,0.000000,0.000000,0.000000,0.000000,0.000000,0.000000,0.000000,0.000000,0.000000,-9.398996281e-04
0.785025,0.000091974,0.055801207,0.059562210,0.063461036,0.069100429,0.072076030,0.158261788,7.148774e-02,6.517832e-02,9.295418e-02,1.563137e-01,2.430351e-01,3.030613e-01,1.972941e+00,0.000000,12.227633,0.000000,0.000000,0.000000,0.000000,0.000000,0.000000,0.000000,0.000000,0.000000,0.000000,0.000000,0.000000,0.000000,1.626141365e-04
0.786275,0.000698288,0.055574071,0.059373201,0.063375536,0.069166631,0.072220082,0.160645788,1.855061e-01,2.778068e-02,3.989803e-02,6.056202e-02,8.771010e-02,1.102715e-01,2.378303e+00,0.000000,64.813280,0.000000,0.000000,0.000000,0.000000,0.000000,0.000000,0.000000,0.000000,0.000000,0.000000,0.000000,0.000000,0.000000,1.188937808e-03
0.787525,0.001132462,0.055412539,0.059168863,0.063274708,0.069217504,0.072348805,0.163014460,5.024550e-01,1.006693e-01,4.956963e-02,7.861204e-02,1.016699e-01,8.443406e-02,2.161366e+00,0.000000,20.771427,0.000000,0.000000,0.000000,0.000000,0.000000,0.000000,0.000000,0.000000,0.000000,0.000000,0.000000,0.000000,0.000000,1.941949791e-03
0.788775,0.001331601,0.055258218,0.058949198,0.063158552,0.069253049,0.072462200,0.165367805,6.719285e-01,1.468278e-01,9.245740e-02,1.545978e-01,2.274785e-01,2.355162e-01,1.855167e+00,0.000000,20.437759,0.000000,0.000000,0.000000,0.000000,0.000000,0.000000,0.000000,0.000000,0.000000,0.000000,0.000000,0.000000,0.000000,2.254948386e-03
0.790025,0.001236580,0.055117357,0.058714204,0.063027068,0.069273266,0.072560267,0.167705821,5.714327e-01,1.591647e-01,1.139279e-01,1.916672e-01,3.012979e-01,3.366645e-01,1.810555e+00,0.000000,9.495762,0.000000,0.000000,0.000000,0.000000,0.000000,0.000000,0.000000,0.000000,0.000000,0.000000,0.000000,0.000000,0.000000,2.117810578e-03
0.791275,0.000893298,0.054967274,0.058463882,0.062880256,0.069278155,0.072643006,0.170028509,3.381962e-01,1.326027e-01,9.447966e-02,1.626375e-01,2.526093e-01,2.970286e-01,1.747203e+00,0.000000,7.657997,0.000000,0.000000,0.000000,0.000000,0.000000,0.000000,0.000000,0.000000,0.000000,0.000000,0.000000,0.000000,0.000000,1.516194668e-03
0.792525,0.000345142,0.054850807,0.058198232,0.062718115,0.069267716,0.072710417,0.172335869,4.540306e-02,5.993142e-02,5.671239e-02,9.161632e-02,1.372979e-01,1.705439e-01,1.645834e+00,0.000000,43.275536,0.000000,0.000000,0.000000,0.000000,0.000000,0.000000,0.000000,0.000000,0.000000,0.000000,0.000000,0.000000,0.000000,5.952560066e-04
0.793775,-0.000289140,0.054774516,0.057917254,0.062540646,0.069241948,0.072762500,0.174627901,6.057093e-02,4.715513e-02,3.132835e-02,4.891620e-02,6.524984e-02,6.351618e-02,1.841145e+00,0.000000,35.247056,0.000000,0.000000,0.000000,0.000000,0.000000,0.000000,0.000000,0.000000,0.000000,0.000000,0.000000,0.000000,0.000000,-4.811206112e-04
0.795025,-0.000877322,0.054725436,0.057620947,0.062347850,0.069200853,0.072799254,0.176904604,2.936311e-01,1.039685e-01,7.591475e-02,1.249333e-01,1.777570e-01,1.718698e-01,2.072377e+00,0.000000,11.050543,0.000000,0.000000,0.000000,0.000000,0.000000,0.000000,0.000000,0.000000,0.000000,0.000000,0.000000,0.000000,0.000000,-1.502296519e-03
0.796275,-0.001310922,0.054665431,0.057309313,0.062139725,0.069144429,0.072820681,0.179165980,6.382160e-01,1.121825e-01,1.143067e-01,1.938887e-01,2.983417e-01,3.271611e-01,1.945718e+00,0.000000,1.588293,0.000000,0.000000,0.000000,0.000000,0.000000,0.000000,0.000000,0.000000,0.000000,0.000000,0.000000,0.000000,0.000000,-2.220154126e-03
0.797525,-0.001487573,0.054597513,0.056982350,0.061916272,0.069072678,0.072826779,0.181412027,8.346551e-01,9.068838e-02,9.094149e-02,1.553830e-01,2.484298e-01,2.970034e-01,1.573454e+00,0.000000,12.444505,0.000000,0.000000,0.000000,0.000000,0.000000,0.000000,0.000000,0.000000,0.000000,0.000000,0.000000,0.000000,0.000000,-2.530403925e-03
0.798775,-0.001385044,0.054536804,0.056640060,0.061677491,0.068985598,0.072817549,0.183642747,7.000098e-01,7.645000e-02,6.643722e-02,1.100154e-01,1.649228e-01,1.966218e-01,1.482197e+00,0.000000,8.798328,0.000000,0.000000,0.000000,0.000000,0.000000,0.000000,0.000000,0.000000,0.000000,0.000000,0.000000,0.000000,0.000000,-2.357537946e-03
0.800025,-0.001022926,0.054466219,0.056282441,0.061423382,0.068883190,0.072792991,0.185858138,4.102972e-01,4.763645e-02,2.977501e-02,5.000583e-02,7.135486e-02,8.287539e-02,1.919194e+00,0.000000,0.284320,0.000000,0.000000,0.000000,0.000000,0.000000,0.000000,0.000000,0.000000,0.000000,0.000000,0.000000,0.000000,0.000000,-1.733176734e-03
0.801275,-0.000464976,0.054380342,0.055909494,0.061153944,0.068765454,0.072753105,0.188058201,8.422656e-02,6.296979e-02,5.586768e-02,8.835002e-02,1.212398e-01,1.113876e-01,2.323562e+00,0.000000,0.000000,0.000000,0.000000,0.000000,0.000000,0.000000,0.000000,0.000000,0.000000,0.000000,0.000000,0.000000,0.000000,0.000000,-7.965490647e-04
0.802525,0.000165863,0.054279292,0.055521219,0.060869179,0.068632389,0.072697891,0.190242936,2.852656e-02,1.279459e-01,1.021772e-01,1.778992e-01,2.741236e-01,2.845923e-01,2.352104e+00,0.000000,1.800180,0.000000,0.000000,0.000000,0.000000,0.000000,0.000000,0.000000,0.000000,0.000000,0.000000,0.000000,0.000000,0.000000,2.881980248e-04
0.803775,0.000743357,0.054199976,0.055117624,0.060569085,0.068483997,0.072627349,0.192412342,2.279838e-01,1.226793e-01,1.058883e-01,1.769909e-01,2.757836e-01,3.297306e-01,2.065479e+00,0.000000,69.469900,0.000000,0.513001,0.000000,0.000000,0.000000,0.000000,0.000000,0.000000,0.000000,0.000000,0.000000,0.000000,0.000000,1.277410658e-03
0.805025,0.001096429,0.054293452,0.054793869,0.060253664,0.068320277,0.072541478,0.194566421,4.573626e-01,1.775483e-01,1.278307e-01,9.913757e-02,1.585630e-01,1.990213e-01,1.409973e+00,0.000000,143.219664,0.000000,163.866846,0.000000,0.000000,0.000000,0.000000,0.000000,0.000000,0.000000,0.000000,0.000000,0.000000,0.000000,1.901306309e-03
0.806275,0.001132095,0.054554125,0.054722397,0.059922914,0.068141228,0.072440279,0.196705172,4.750732e-01,1.537141e-01,1.828042e-01,6.053420e-02,8.472979e-02,9.364505e-02,1.001660e+00,0.000000,100.792811,0.000000,104.701086,0.000000,0.000000,0.000000,0.000000,0.000000,0.000000,0.000000,0.000000,0.000000,0.000000,0.000000,1.939923800e-03
0.807525,0.000872238,0.054936133,0.054757804,0.059576836,0.067946851,0.072323753,0.198828594,2.843918e-01,1.098184e-01,1.577587e-01,7.977392e-02,1.105888e-01,1.087953e-01,1.482060e+00,0.000000,60.472054,0.000000,88.304405,0.000000,0.000000,0.000000,0.000000,0.000000,0.000000,0.000000,0.000000,0.000000,0.000000,0.000000,1.482111163e-03
0.808775,0.000387067,0.055348759,0.054892526,0.059215430,0.067737146,0.072191898,0.200936688,5.834698e-02,6.622490e-02,8.549645e-02,1.336143e-01,2.030178e-01,2.101903e-01,1.894116e+00,0.000000,2.484662,0.000000,37.885041,0.000000,0.000000,0.000000,0.000000,0.000000,0.000000,0.000000,0.000000,0.000000,0.000000,0.000000,6.760436177e-04
0.810025,-0.000179042,0.055746585,0.055036261,0.058838695,0.067512113,0.072044715,0.203029455,1.578662e-02,5.451643e-02,7.259077e-02,1.842409e-01,2.874471e-01,3.194905e-01,1.703243e+00,0.000000,0.000000,0.000000,9.415338,0.000000,0.000000,0.000000,0.000000,0.000000,0.000000,0.000000,0.000000,0.000000,0.000000,0.000000,-3.223910572e-04
0.811275,-0.000738153,0.056129083,0.055180528,0.058446633,0.067271752,0.071882204,0.205106893,2.005193e-01,8.318533e-02,8.092565e-02,1.321544e-01,2.091400e-01,2.625185e-01,1.961126e+00,0.000000,0.000000,0.000000,5.853583,0.000000,0.000000,0.000000,0.000000,0.000000,0.000000,0.000000,0.000000,0.000000,0.000000,0.000000,-1.240671194e-03
0.812525,-0.001147267,0.056496252,0.055311095,0.058039243,0.067016063,0.071704365,0.207169002,4.808077e-01,1.059686e-01,8.369655e-02,4.474192e-02,6.953842e-02,8.997804e-02,2.381166e+00,0.000000,0.000000,0.000000,0.000000,0.000000,0.000000,0.000000,0.000000,0.000000,0.000000,0.000000,0.000000,0.000000,0.000000,0.000000,-1.954412714e-03
0.813775,-0.001342311,0.056848093,0.055426335,0.057616524,0.066745046,0.071511197,0.209215784,6.625509e-01,1.084940e-01,1.044589e-01,6.428934e-02,8.395794e-02,7.281122e-02,1.955135e+00,0.000000,0.000000,0.000000,0.000000,0.000000,0.000000,0.000000,0.000000,0.000000,0.000000,0.000000,0.000000,0.000000,0.000000,0.000000,-2.290566815e-03
0.815025,-0.001287264,0.057184607,0.055526246,0.057178477,0.066458700,0.071302702,0.211247238,6.012796e-01,6.869979e-02,9.227512e-02,1.257950e-01,1.868044e-01,1.937229e-01,1.459590e+00,0.000000,0.000000,0.000000,0.000000,0.000000,0.000000,0.000000,0.000000,0.000000,0.000000,0.000000,0.000000,0.000000,0.000000,0.000000,-2.173378904e-03
0.816275,-0.000974955,0.057505792,0.055610829,0.056725102,0.066157026,0.071078878,0.213263363,3.530335e-01,5.243117e-02,6.474024e-02,1.635608e-01,2.586923e-01,2.907562e-01,1.497944e+00,0.000000,0.000000,0.000000,0.000000,0.000000,0.000000,0.000000,0.000000,0.000000,0.000000,0.000000,0.000000,0.000000,0.000000,0.000000,-1.672907906e-03
0.817525,-0.000495155,0.057811648,0.055680084,0.056256400,0.065840025,0.070839727,0.215264161,9.076870e-02,8.244886e-02,6.893196e-02,1.443946e-01,2.285822e-01,2.734497e-01,1.555180e+00,0.000000,0.000000,0.000000,0.000000,0.000000,0.000000,0.000000,0.000000,0.000000,0.000000,0.000000,0.000000,0.000000,0.000000,0.000000,-8.320327937e-04
0.818775,0.000077208,0.058102177,0.055734011,0.055772370,0.065507695,0.070585247,0.217249630,3.396639e-03,8.777501e-02,8.239599e-02,7.132380e-02,1.095402e-01,1.412454e-01,1.603008e+00,0.000000,0.000000,0.000000,0.000000,0.000000,0.000000,0.000000,0.182161,0.000000,0.000000,0.000000,0.000000,0.000000,0.000000,0.000000,1.344694430e-04
0.820025,0.000603527,0.058377378,0.055772625,0.055343299,0.065160037,0.070315439,0.219219771,1.444891e-01,1.071896e-01,9.558376e-02,6.196184e-02,4.482414e-02,4.129118e-02,1.999831e+00,0.000000,0.000000,0.000000,0.286994,0.000000,0.000000,0.000000,162.884248,0.000000,0.000000,0.000000,0.000000,0.000000,0.000000,0.000000,1.012110289e-03
0.821275,0.000893250,0.058637251,0.055798690,0.055260945,0.064797051,0.070030303,0.221174584,3.123190e-01,7.142741e-02,8.100196e-02,3.120819e-01,1.575477e-01,1.498303e-01,2.090613e+00,0.000000,0.000000,0.000000,2.720303,0.000000,0.000000,0.000000,178.254483,0.000000,0.000000,0.000000,0.000000,0.000000,0.000000,0.000000,1.538665621e-03
0.822525,0.000959337,0.058881795,0.055815216,0.055316646,0.064418736,0.069729839,0.223114069,3.416304e-01,4.917697e-02,7.205186e-02,2.024573e-01,2.559476e-01,2.867198e-01,1.457661e+00,0.000000,0.000000,0.000000,3.562785,0.000000,0.000000,0.000000,86.779253,0.000000,0.000000,0.000000,0.000000,0.000000,0.000000,0.000000,1.616146096e-03
0.823775,0.000754544,0.059111011,0.055866893,0.055552144,0.064025094,0.069414046,0.225038226,2.093433e-01,7.182286e-02,7.290418e-02,1.763850e-01,2.246447e-01,2.689530e-01,1.094795e+00,0.000000,0.000000,0.000000,60.519528,0.000000,0.000000,0.000000,103.473929,0.000000,0.000000,0.000000,0.000000,0.000000,0.000000,0.000000,1.296746705e-03
0.825025,0.000366501,0.059324899,0.055952489,0.055822631,0.063616124,0.069082926,0.226947055,4.974155e-02,7.756124e-02,5.143924e-02,2.117841e-01,1.343467e-01,1.657135e-01,1.696758e+00,0.000000,0.000000,0.000000,3.105732,0.000000,0.000000,0.000000,0.415709,0.000000,0.000000,0.000000,0.000000,0.000000,0.000000,0.000000,6.256536662e-04
0.826275,-0.000101442,0.059523460,0.056024127,0.056077865,0.063191825,0.068736477,0.228840555,4.662526e-03,9.866987e-02,6.193066e-02,2.197611e-01,5.686221e-02,6.715579e-02,2.315319e+00,0.000000,0.000000,0.000000,0.000000,0.000000,0.000000,0.000000,0.000000,0.000000,0.000000,0.000000,0.000000,0.000000,0.000000,0.000000,-1.833282069e-04
0.827525,-0.000567266,0.059706691,0.056080437,0.056317771,0.062752198,0.068374701,0.230718728,1.173074e-01,7.718619e-02,8.095496e-02,2.077212e-01,1.007577e-01,9.462136e-02,1.947624e+00,0.000000,0.000000,0.000000,0.000000,0.000000,0.000000,0.000000,0.000000,0.000000,0.000000,0.000000,0.000000,0.000000,0.000000,0.000000,-9.471506658e-04
0.828775,-0.000920718,0.059874595,0.056121419,0.056542349,0.062297243,0.067997596,0.232581572,3.102335e-01,5.440246e-02,4.979858e-02,1.237305e-01,2.328144e-01,2.446633e-01,1.391728e+00,0.000000,0.000000,0.000000,0.000000,0.000000,0.000000,0.000000,0.000000,0.000000,0.000000,0.000000,0.000000,0.000000,0.000000,0.000000,-1.577542410e-03
0.830025,-0.001107182,0.060027171,0.056147074,0.056751599,0.061826960,0.067605163,0.234429088,4.470689e-01,5.605536e-02,6.516898e-02,1.299905e-01,2.499302e-01,2.937686e-01,1.427548e+00,0.000000,0.000000,0.000000,0.000000,0.000000,0.000000,0.000000,0.000000,0.000000,0.000000,0.000000,0.000000,0.000000,0.000000,0.000000,-1.881082041e-03
0.831275,-0.001083977,0.060164419,0.056157399,0.056945521,0.061341349,0.067197402,0.236261276,4.270568e-01,7.344704e-02,5.196288e-02,2.219877e-01,1.493288e-01,1.890825e-01,1.406502e+00,0.000000,0.000000,0.000000,0.000000,0.000000,0.000000,0.000000,0.000000,0.000000,0.000000,0.000000,0.000000,0.000000,0.000000,0.000000,-1.833540366e-03
0.832525,-0.000851571,0.060286338,0.056152397,0.057124114,0.060840410,0.066774313,0.238078136,2.664322e-01,8.768539e-02,6.103616e-02,1.985326e-01,6.159593e-02,7.392337e-02,1.348134e+00,0.000000,0.000000,0.000000,0.000000,0.000000,0.000000,0.000000,0.000000,0.000000,0.000000,0.000000,0.000000,0.000000,0.000000,0.000000,-1.462346559e-03
0.833775,-0.000470594,0.060392929,0.056132067,0.057287380,0.060324143,0.066335895,0.239879668,8.064190e-02,8.082314e-02,5.479024e-02,1.822204e-01,7.701636e-02,7.319350e-02,1.748043e+00,0.000000,0.000000,0.000000,0.000000,0.000000,0.000000,0.000000,0.000000,0.000000,0.000000,0.000000,0.000000,0.000000,0.000000,0.000000,-7.872567789e-04
0.835025,-0.000001821,0.060484192,0.056096409,0.057435317,0.059792547,0.065882150,0.241665871,1.732355e-04,5.957274e-02,6.784176e-02,1.331980e-01,1.865831e-01,1.911068e-01,2.052079e+00,0.000000,0.000000,0.000000,0.000000,0.000000,0.000000,0.000000,0.000000,0.000000,0.000000,0.000000,0.000000,0.000000,0.000000,0.000000,-5.118014813e-06
0.836275,0.000450537,0.060560127,0.056045422,0.057567926,0.059245623,0.065413076,0.243436747,7.443952e-02,4.796581e-02,4.861073e-02,1.224126e-01,2.632078e-01,2.988695e-01,2.040613e+00,0.000000,0.000000,0.000000,0.000000,0.000000,0.000000,0.000000,0.000000,0.000000,0.000000,0.000000,0.000000,0.000000,0.000000,0.000000,7.620603082e-04
0.837525,0.000794356,0.060620734,0.055982302,0.057685207,0.058692086,0.064928675,0.245192294,2.317753e-01,6.046422e-02,4.824352e-02,2.011925e-01,1.807244e-01,2.344867e-01,1.972480e+00,0.000000,0.000000,0.000000,8.823512,0.000000,0.000000,0.000000,0.000000,0.000000,0.000000,0.000000,14.561456,0.000000,0.000000,0.000000,1.362270328e-03
0.838775,0.000954955,0.060666013,0.055958880,0.057787160,0.058138480,0.064428945,0.246932514,3.345756e-01,8.380724e-02,7.113351e-02,1.805382e-01,4.899717e-02,6.307782e-02,1.517233e+00,0.000000,0.000000,0.000000,54.253451,0.000000,0.000000,0.000000,0.000000,0.000000,0.000000,0.000000,1.152206,0.000000,0.000000,0.000000,1.622092860e-03
0.840025,0.000895879,0.060695964,0.055974526,0.057873785,0.057570124,0.063913887,0.248657405,2.959359e-01,8.351776e-02,5.474018e-02,1.718023e-01,7.856767e-02,5.719684e-02,9.712289e-01,0.000000,0.000000,0.000000,18.661291,0.000000,0.000000,0.000000,0.000000,0.000000,0.000000,0.000000,0.000000,0.000000,0.000000,0.000000,1.529197700e-03
0.841275,0.000645904,0.060710586,0.055995513,0.057945082,0.056986441,0.063383501,0.250366968,1.523954e-01,6.227617e-02,5.065230e-02,1.440756e-01,1.811568e-01,1.750481e-01,1.167130e+00,0.000000,0.000000,0.000000,7.264540,0.000000,0.000000,0.000000,0.000000,0.000000,0.000000,0.000000,0.000000,0.000000,0.000000,0.000000,1.100297485e-03
0.842525,0.000253749,0.060709881,0.056006953,0.058001050,0.056387429,0.062837787,0.252061203,2.624145e-02,4.253958e-02,6.210669e-02,1.104062e-01,2.495758e-01,2.687067e-01,1.734813e+00,0.000000,0.000000,0.000000,0.000000,0.000000,0.000000,0.000000,0.000000,0.000000,0.000000,0.000000,0.000000,0.000000,0.000000,0.000000,4.302514003e-04
0.843775,-0.000200187,0.060693847,0.056003064,0.058041691,0.055773089,0.062276744,0.253740110,1.464063e-02,5.161040e-02,5.858437e-02,1.405937e-01,2.058552e-01,2.444704e-01,1.783169e+00,0.000000,0.000000,0.000000,0.000000,0.000000,0.000000,0.000000,0.000000,0.000000,0.000000,0.000000,0.000000,0.000000,0.000000,0.000000,-3.357974267e-04
0.845025,-0.000620704,0.060662485,0.055983848,0.058067003,0.055143421,0.061700374,0.255403688,1.428796e-01,7.723334e-02,4.240933e-02,1.912226e-01,8.313943e-02,1.133016e-01,1.630305e+00,0.000000,0.000000,0.000000,0.000000,0.000000,0.000000,0.000000,0.000000,0.000000,0.000000,0.000000,0.000000,0.000000,0.000000,0.000000,-1.058192812e-03
0.846275,-0.000931879,0.060615795,0.055949303,0.058076987,0.054500313,0.061108675,0.257051939,3.170477e-01,8.799965e-02,5.972053e-02,1.972067e-01,4.404464e-02,3.485987e-02,1.785765e+00,0.000000,0.000000,0.000000,0.000000,0.000000,0.000000,0.000000,0.000000,0.000000,0.000000,0.000000,8.123310,0.000000,0.000000,0.000000,-1.583485837e-03
0.847525,-0.001084369,0.060553777,0.055899430,0.058071643,0.053913748,0.060501649,0.258684861,4.302019e-01,5.852431e-02,5.540068e-02,1.083256e-01,1.696525e-01,1.316973e-01,1.692632e+00,0.000000,0.000000,0.000000,0.000000,0.000000,0.000000,0.000000,0.000000,0.000000,0.000000,0.000000,88.948179,0.000000,0.000000,0.000000,-1.856524954e-03
0.848775,-0.001084801,0.060476431,0.055834229,0.058050971,0.053498857,0.059879294,0.260302456,4.331289e-01,4.089704e-02,3.894884e-02,1.073611e-01,2.630601e-01,2.572929e-01,1.260380e+00,0.000000,0.000000,0.000000,0.000000,0.000000,0.000000,0.000000,0.000000,0.000000,0.000000,0.000000,141.749978,0.000000,0.000000,0.000000,-1.867753796e-03
0.850025,-0.000937685,0.060383757,0.055753700,0.058014971,0.053245649,0.059241611,0.261904722,3.219012e-01,5.133016e-02,6.391439e-02,1.479224e-01,1.638808e-01,2.512594e-01,1.329304e+00,0.000000,0.000000,0.000000,0.000000,0.000000,0.000000,0.000000,0.000000,0.000000,0.000000,0.000000,84.288357,0.000000,0.000000,0.000000,-1.588926229e-03
0.851275,-0.000648291,0.060275754,0.055657843,0.057963643,0.053124331,0.058588600,0.263491660,1.582725e-01,6.428215e-02,4.609994e-02,1.549142e-01,1.210747e-01,1.444038e-01,1.857976e+00,0.000000,0.000000,0.000000,0.000000,0.000000,0.000000,0.000000,0.000000,0.000000,0.000000,0.000000,96.476640,0.000000,0.000000,0.000000,-1.117851953e-03
0.852525,-0.000277523,0.060152424,0.055546658,0.057896986,0.053085706,0.057920260,0.265063270,2.858731e-02,7.951807e-02,3.878730e-02,1.662095e-01,2.334873e-01,3.784445e-02,1.928776e+00,0.000000,0.000000,0.000000,0.000000,0.000000,0.000000,0.000000,0.000000,0.000000,0.000000,0.000000,42.063758,0.000000,0.000000,0.000000,-4.766201379e-04
0.853775,0.000114338,0.060013765,0.055426224,0.057815002,0.053107810,0.057236593,0.266619551,6.766378e-03,7.097879e-02,6.354826e-02,1.498795e-01,3.894503e-01,9.386726e-02,1.522397e+00,0.000000,0.000000,0.000000,6.222895,0.000000,0.000000,0.000000,0.000000,0.000000,0.000000,0.000000,45.493914,0.000000,0.000000,0.000000,2.056046054e-04
0.855025,0.000446038,0.059859778,0.055310166,0.057717689,0.053201966,0.056537598,0.268160505,7.403965e-02,4.449690e-02,5.204766e-02,8.632483e-02,4.158379e-01,2.294712e-01,1.282698e+00,0.000000,0.000000,0.000000,29.358434,0.000000,0.000000,0.000000,0.000000,0.000000,0.000000,0.000000,76.712922,0.000000,0.000000,0.000000,7.354783567e-04
0.856275,0.000606390,0.059690463,0.055247497,0.057613656,0.053431932,0.055823274,0.269686131,1.470860e-01,3.514275e-02,4.762616e-02,1.102797e-01,3.605216e-01,2.614552e-01,1.311531e+00,0.000000,0.000000,0.000000,51.641633,0.000000,0.000000,0.000000,13.738768,0.000000,0.000000,0.000000,103.169703,0.000000,0.000000,0.000000,1.036531910e-03
0.857525,0.000568898,0.059505820,0.055227400,0.057525192,0.053834517,0.055095607,0.271196428,1.336026e-01,5.620721e-02,6.140412e-02,1.757264e-01,2.200204e-01,1.611381e-01,1.390306e+00,0.000000,0.000000,0.000000,15.411538,0.000000,0.000000,0.000000,14.530371,0.000000,0.000000,0.000000,158.254922,12.731122,0.000000,0.000000,9.417518075e-04
0.858775,0.000306415,0.059305849,0.055205276,0.057426854,0.054447466,0.054453630,0.272691397,3.814950e-02,8.443522e-02,7.463416e-02,1.475708e-01,1.163406e-01,1.088364e-01,1.632681e+00,0.000000,0.000000,0.000000,5.014978,0.000000,0.000000,0.000000,2.232603,0.000000,0.000000,0.000000,101.071631,120.290063,0.000000,0.000000,4.787934100e-04
0.860025,-0.000134738,0.059090550,0.055170324,0.057321688,0.055148670,0.054024284,0.274171038,1.113327e-02,7.251501e-02,6.156781e-02,1.480244e-01,1.316494e-01,1.238132e-01,1.962783e+00,0.000000,0.000000,0.000000,0.000000,0.000000,0.000000,0.000000,4.357345,0.000000,0.000000,0.000000,39.151626,140.449645,0.000000,0.000000,-2.327152739e-04
0.861275,-0.000599484,0.058859922,0.055120044,0.057202202,0.055863974,0.053720996,0.275635352,1.339470e-01,4.031244e-02,3.481100e-02,9.202120e-02,1.548631e-01,1.495144e-01,1.839711e+00,0.000000,0.000000,0.000000,0.000000,0.000000,0.000000,0.000000,0.000000,0.000000,0.000000,0.000000,3.176370,51.207162,0.000000,0.000000,-1.031897326e-03
0.862525,-0.000985023,0.058613967,0.055054436,0.057067387,0.056564526,0.053493419,0.277084336,3.571426e-01,3.170576e-02,5.374274e-02,9.294100e-02,1.266160e-01,1.205993e-01,1.301068e+00,0.000000,0.000000,0.000000,0.000000,0.000000,0.000000,0.000000,0.000000,0.000000,0.000000,0.000000,0.000000,74.639486,0.000000,0.000000,-1.685421846e-03
0.863775,-0.001209013,0.058352683,0.054973500,0.056917245,0.057249751,0.053328473,0.278517993,5.367078e-01,5.185795e-02,5.853725e-02,1.433146e-01,1.404752e-01,7.365023e-02,1.084705e+00,0.000000,0.000000,0.000000,0.000000,0.000000,0.000000,0.000000,0.000000,0.000000,0.000000,0.000000,0.000000,19.574751,0.000000,0.000000,-2.051769845e-03
0.865025,-0.001210614,0.058076071,0.054877236,0.056751775,0.057919648,0.053191554,0.279936322,5.358357e-01,8.183526e-02,5.624405e-02,1.612646e-01,1.370016e-01,8.353470e-02,1.235018e+00,0.000000,0.000000,0.000000,0.000000,0.000000,0.000000,0.000000,0.000000,0.000000,0.000000,0.000000,0.000000,37.697083,0.000000,0.000000,-2.068623901e-03
0.866275,-0.001006893,0.057784131,0.054765643,0.056570976,0.058574216,0.053107873,0.281339322,3.749792e-01,6.853074e-02,6.308556e-02,1.409070e-01,7.894607e-02,1.064259e-01,1.273394e+00,0.000000,0.000000,0.000000,0.000000,0.000000,0.000000,0.000000,0.000000,0.000000,0.000000,0.000000,0.000000,43.020813,0.000000,0.000000,-1.722044434e-03
0.867525,-0.000627725,0.057476863,0.054640472,0.056374850,0.059213457,0.053045311,0.282726995,1.436376e-01,4.383698e-02,3.436004e-02,9.125010e-02,1.136256e-01,1.021724e-01,1.512081e+00,0.000000,0.000000,0.000000,3.176743,0.000000,0.000000,0.000000,0.000000,0.000000,0.000000,0.000000,0.000000,28.369554,0.000000,0.000000,-1.063819307e-03
0.868775,-0.000159998,0.057154267,0.054506258,0.056174330,0.059837369,0.053061392,0.284099339,1.651334e-02,3.338300e-02,4.684487e-02,8.885677e-02,1.859276e-01,1.817435e-01,2.033964e+00,0.000000,0.000000,0.000000,13.593096,0.000000,0.000000,0.000000,19.423616,0.000000,0.000000,0.000000,0.000000,92.377182,0.000000,0.000000,-3.006092911e-04
0.870025,0.000237145,0.056816343,0.054408897,0.056004414,0.060445953,0.053244478,0.285456355,3.476816e-02,4.318319e-02,7.181202e-02,1.465564e-01,1.376454e-01,2.530107e-01,2.016390e+00,0.000000,0.000000,0.000000,41.875233,0.000000,0.000000,0.000000,64.987330,0.000000,0.000000,0.000000,0.000000,115.462972,0.000000,0.000000,3.896187594e-04
0.871275,0.000473723,0.056463091,0.054364646,0.055970748,0.061039209,0.053582727,0.286798043,8.880138e-02,7.288635e-02,9.226921e-02,1.789867e-01,8.087400e-02,2.427235e-01,1.449487e+00,0.000000,0.024436,0.000000,54.070437,0.000000,0.000000,0.000000,80.237869,0.000000,0.000000,0.000000,0.000000,123.255400,0.000000,0.000000,7.923654833e-04
0.872525,0.000500537,0.056095221,0.054401650,0.056002016,0.061617137,0.054120322,0.288124403,9.260297e-02,7.137239e-02,1.109201e-01,1.280682e-01,1.000818e-01,1.723218e-01,1.156915e+00,0.000000,0.810438,0.000000,51.346033,0.000000,0.000000,0.000000,39.344709,0.000000,0.000000,0.000000,0.000000,137.527938,0.000000,0.000000,8.228775599e-04
0.873775,0.000333207,0.055718798,0.054481176,0.056056298,0.062179737,0.054797762,0.289435435,4.322304e-02,5.088766e-02,9.403711e-02,1.414139e-01,1.204403e-01,1.293944e-01,1.264786e+00,0.000000,9.674979,0.000000,33.868203,0.000000,0.000000,0.000000,6.618089,0.000000,0.000000,0.000000,0.000000,49.028245,0.000000,0.000000,5.831484545e-04
0.875025,0.000079472,0.055347415,0.054586387,0.056097283,0.062727009,0.055487847,0.290731139,2.562000e-03,3.838457e-02,6.558138e-02,1.816472e-01,1.411369e-01,7.892446e-02,1.390074e+00,0.000000,17.622226,0.000000,15.018006,0.000000,0.000000,0.000000,0.000000,0.000000,0.000000,0.000000,0.000000,0.360281,0.000000,0.000000,1.372184032e-04
0.876275,-0.000214967,0.054998998,0.054687547,0.056122940,0.063258952,0.056162635,0.292011514,1.875096e-02,5.404798e-02,3.917352e-02,1.683509e-01,1.443550e-01,7.571706e-02,1.478235e+00,0.000000,33.091350,0.000000,5.533502,0.000000,0.000000,0.000000,0.000000,0.000000,0.000000,0.000000,0.000000,0.000000,0.000000,0.000000,-3.693186209e-04
0.877525,-0.000498373,0.054694544,0.054786286,0.056133269,0.063775567,0.056822096,0.293276562,9.260657e-02,6.868702e-02,4.359857e-02,1.376008e-01,1.012355e-01,1.060674e-01,1.545858e+00,0.000000,38.498793,0.000000,7.933679,0.000000,0.000000,0.000000,0.000000,0.000000,0.000000,0.000000,0.000000,0.000000,0.000000,0.000000,-8.259761554e-04
0.878775,-0.000697516,0.054443848,0.054886394,0.056128270,0.064276855,0.057466228,0.294526281,1.793537e-01,5.801907e-02,8.745242e-02,1.402493e-01,9.306157e-02,1.275047e-01,1.505819e+00,0.000000,54.169929,0.000000,14.670792,0.000000,0.000000,0.000000,0.000000,0.000000,0.000000,0.000000,0.000000,0.000000,0.000000,0.000000,-1.193515211e-03
0.880025,-0.000797841,0.054247522,0.054984888,0.056107943,0.064762814,0.058095032,0.295760672,2.309728e-01,4.040994e-02,7.786564e-02,1.316274e-01,9.922628e-02,1.317602e-01,1.328505e+00,0.000000,26.568262,0.000000,1.969047,0.000000,0.000000,0.000000,0.000000,0.000000,0.000000,0.000000,0.000000,0.000000,0.000000,0.000000,-1.346091728e-03
0.881275,-0.000751407,0.054071801,0.055069779,0.056072503,0.065233445,0.058708508,0.296979735,2.054927e-01,4.976609e-02,5.272194e-02,1.271038e-01,1.194661e-01,9.860453e-02,1.165569e+00,0.000000,24.909187,0.000000,0.607187,0.000000,0.000000,0.000000,2.126863,0.000000,0.000000,0.000000,0.000000,0.000000,0.000000,0.000000,-1.276117151e-03
0.882525,-0.000577262,0.053915734,0.055139643,0.056029771,0.065688748,0.059306656,0.298183470,1.222054e-01,7.340690e-02,4.206500e-02,1.612914e-01,1.535098e-01,6.819239e-02,1.366048e+00,0.000000,19.271236,0.000000,0.000000,0.000000,0.000000,0.000000,3.612494,0.000000,0.000000,0.000000,0.000000,0.000000,0.000000,0.000000,-9.847828949e-04
0.883775,-0.000316494,0.053787386,0.055194179,0.055973693,0.066128723,0.059889476,0.299371877,3.782259e-02,8.572038e-02,3.652754e-02,1.471907e-01,1.227798e-01,7.386657e-02,1.677864e+00,0.000000,38.416128,0.000000,0.000000,0.000000,0.000000,0.000000,5.157963,0.000000,0.000000,0.000000,0.000000,0.000000,0.000000,0.000000,-5.230438183e-04
0.885025,-0.000019760,0.053725995,0.055233386,0.055926877,0.066553369,0.060456967,0.300544956,2.501848e-03,9.898426e-02,6.863616e-02,1.299374e-01,5.856905e-02,1.290757e-01,1.644913e+00,0.000000,73.710795,0.000000,0.000000,0.000000,0.000000,0.000000,18.703889,0.000000,0.000000,0.000000,0.000000,0.000000,0.000000,0.000000,-3.282811977e-05
0.886275,0.000232679,0.053777065,0.055257266,0.055876161,0.066962688,0.061009131,0.301702706,2.420359e-02,1.148604e-01,8.239331e-02,1.286490e-01,9.186101e-02,1.355476e-01,1.545358e+00,0.000000,88.715855,0.000000,0.000000,0.000000,0.000000,0.000000,0.000000,0.000000,0.000000,0.000000,0.000000,0.000000,0.000000,0.000000,4.116365033e-04
0.887525,0.000400260,0.053962575,0.055265817,0.055810772,0.067356678,0.061545966,0.302845128,6.246565e-02,1.150316e-01,6.356904e-02,1.409335e-01,1.440634e-01,9.630151e-02,1.513286e+00,0.000000,96.137687,0.000000,0.000000,0.000000,0.000000,0.000000,0.916142,0.000000,0.000000,0.000000,0.000000,0.000000,0.000000,0.000000,6.948885083e-04
0.888775,0.000447932,0.054282311,0.055261643,0.055730849,0.067735340,0.062067473,0.303972223,7.523113e-02,9.826816e-02,3.925827e-02,1.559051e-01,1.273254e-01,6.079200e-02,1.231357e+00,0.000000,90.124395,0.000000,13.863960,0.000000,0.000000,0.000000,0.536428,0.000000,0.000000,0.000000,0.000000,0.000000,0.000000,0.000000,7.657876060e-04
0.890025,0.000350008,0.054681055,0.055320094,0.055645782,0.068098675,0.062573652,0.305083989,4.925229e-02,5.565153e-02,3.958354e-02,1.413576e-01,1.001481e-01,7.736020e-02,9.984476e-01,0.000000,29.211546,0.000000,68.065413,0.000000,0.000000,0.000000,9.845684,0.000000,0.000000,0.000000,0.000000,0.000000,0.000000,0.000000,6.120587181e-04
0.891275,0.000158950,0.055095921,0.055417568,0.055553573,0.068446681,0.063064503,0.306180427,1.019533e-02,3.619065e-02,4.526778e-02,1.104463e-01,9.288847e-02,9.796543e-02,1.253556e+00,0.000000,12.313195,0.000000,8.973735,0.000000,0.000000,0.000000,1.550676,0.000000,0.000000,0.000000,0.000000,0.000000,0.000000,0.000000,2.608590456e-04
0.892525,-0.000088448,0.055503153,0.055514605,0.055446293,0.068779358,0.063540026,0.307261537,3.727241e-03,4.002018e-02,5.314562e-02,1.198343e-01,8.585840e-02,1.269285e-01,1.660341e+00,0.000000,0.508406,0.000000,7.011336,0.000000,0.000000,0.000000,0.000000,0.000000,0.000000,0.000000,0.000000,0.000000,0.000000,0.000000,-1.427204320e-04
0.893775,-0.000327379,0.055895733,0.055600399,0.055327539,0.069096708,0.064000221,0.308327319,4.033541e-02,5.191579e-02,4.422844e-02,1.468422e-01,1.009788e-01,1.147370e-01,1.803271e+00,0.000000,0.166440,0.000000,1.188573,0.000000,0.000000,0.000000,8.163133,0.000000,0.000000,0.000000,0.000000,0.000000,0.000000,0.000000,-5.533836678e-04
0.895025,-0.000511762,0.056273036,0.055671830,0.055203375,0.069398730,0.064445087,0.309377772,9.652299e-02,7.490943e-02,3.686740e-02,1.381697e-01,1.295275e-01,6.355926e-02,1.635300e+00,0.000000,0.000000,0.000000,0.000000,0.000000,0.000000,0.000000,1.269269,0.000000,0.000000,0.000000,0.000000,0.000000,0.000000,0.000000,-8.785762066e-04
0.896275,-0.000618861,0.056635010,0.055727933,0.055087375,0.069685423,0.064874626,0.310412898,1.413390e-01,5.640021e-02,3.729057e-02,1.308549e-01,1.223939e-01,4.621053e-02,1.181813e+00,0.000000,0.000000,0.000000,0.000000,0.000000,0.000000,0.000000,34.498563,0.000000,0.000000,0.000000,0.000000,0.000000,0.000000,0.000000,-1.040529807e-03
0.897525,-0.000614344,0.056981657,0.055768708,0.054992423,0.069956789,0.065288836,0.311432695,1.391661e-01,3.247682e-02,3.789916e-02,9.975709e-02,1.015549e-01,9.416455e-02,7.923255e-01,0.000000,0.000000,0.000000,0.000000,0.000000,0.000000,0.000000,6.268793,0.000000,0.000000,0.000000,0.000000,0.000000,0.000000,0.000000,-1.051514038e-03
0.898775,-0.000510133,0.057312975,0.055794155,0.054902054,0.070212826,0.065687718,0.312437165,9.548482e-02,3.910299e-02,5.048882e-02,9.798147e-02,6.720861e-02,1.391239e-01,9.864160e-01,0.000000,0.000000,0.000000,0.000000,0.000000,0.000000,0.000000,18.346341,0.000000,0.000000,0.000000,0.000000,0.000000,0.000000,0.000000,-8.666329992e-04
0.900025,-0.000320890,0.057628965,0.055804273,0.054812188,0.070453535,0.066071272,0.313426306,3.875589e-02,5.844570e-02,4.106346e-02,1.360435e-01,6.707696e-02,1.026995e-01,1.558623e+00,0.000000,0.000000,0.000000,0.000000,0.000000,0.000000,0.000000,3.208133,0.000000,0.000000,0.000000,0.000000,0.000000,0.000000,0.000000,-5.384193012e-04
0.901275,-0.000079293,0.057929627,0.055799063,0.054028363,0.071376646,0.066439498,0.314400119,2.993953e-03,5.516624e-02,3.910183e-02,9.284327e+01,3.316039e+01,5.663597e-02,1.750194e+00,0.000000,0.000000,0.000000,0.000000,0.000000,0.000000,0.000000,17.729671,0.000000,847.784040,0.000000,0.000000,0.000000,0.000000,0.000000,-1.451698986e-04
0.902525,0.000151784,0.058214961,0.055770107,0.051864877,0.073675490,0.066792396,0.315358604,1.166300e-02,4.968349e-02,4.263952e-02,1.888855e+02,6.759205e+01,5.420422e-02,1.522888e+00,0.000000,0.000000,0.000000,0.707481,0.000000,0.000000,0.000000,12.946091,139.536882,1052.766242,0.000000,0.000000,0.000000,0.000000,0.000000,2.679005335e-04
0.903775,0.000329897,0.058484967,0.055321985,0.048476116,0.077639719,0.067129966,0.316301760,4.161747e-02,4.469840e-02,1.077912e+00,7.809645e+01,7.805225e+01,9.186063e-02,1.437699e+00,0.000000,0.000000,0.000000,22.877857,0.000000,0.000000,0.000000,70.326542,139.191403,547.761949,0.000000,0.000000,0.000000,0.000000,0.000000,5.579530823e-04
0.905025,0.000347071,0.058739645,0.054808142,0.044171887,0.083170317,0.067133275,0.317229589,5.730950e-02,3.920567e-02,1.414308e+00,9.410272e+01,1.773690e+02,4.166970e+01,1.436137e+00,0.000000,0.000000,0.000000,44.544331,0.000000,0.000000,0.000000,284.610425,221.177799,655.161120,660.459354,0.000000,0.000000,0.000000,0.000000,5.819546994e-04
0.906275,0.000112198,0.058978994,0.054024188,0.037981670,0.092184750,0.066408221,0.318142090,7.585898e-02,4.908655e-02,1.649913e+00,1.861431e+02,1.751994e+02,1.883707e+01,1.195408e+00,0.000000,0.000000,0.000000,0.000000,0.000000,0.000000,0.000000,542.852868,69.140785,2467.911849,0.000000,0.000000,0.000000,0.000000,0.000000,1.819913094e-04
0.907525,-0.000561519,0.059203016,0.053148465,0.030528208,0.104089245,0.065667839,0.319039262,8.613897e-01,5.588520e-02,1.903636e+00,1.723921e+02,1.765904e+02,3.793370e+01,1.067611e+00,0.000000,0.000000,0.000000,0.000000,0.000000,0.000000,0.000000,869.882503,36.005458,498.076357,0.000000,704.244704,0.000000,0.000000,0.000000,-1.169759944e-03
0.908775,-0.001772190,0.059411709,0.052023634,0.024334399,0.117166264,0.064912128,0.319921106,1.692574e+00,4.506684e-02,3.352452e+00,1.885916e+02,2.484591e+02,5.125683e+01,1.335903e+00,0.000000,0.000000,0.000000,6.742969,0.000000,0.000000,0.000000,1200.979915,267.010955,179.265546,0.000000,0.000000,0.000000,0.000000,0.000000,-2.934657469e-03
0.910025,-0.003219826,0.059605074,0.050530539,0.020053460,0.131031683,0.064141089,0.320787623,4.615554e+00,4.490545e-02,3.234836e+00,1.438553e+02,1.447611e+02,3.045693e+01,1.550050e+00,0.000000,0.000000,0.000000,0.021503,0.000000,0.000000,0.000000,1594.177042,148.662874,106.391860,0.000000,547.369123,0.000000,0.000000,0.000000,-5.482993792e-03
0.911275,-0.004908388,0.059783111,0.048924842,0.018615132,0.145646812,0.063354723,0.321638811,1.001065e+01,4.474756e-02,2.418837e+00,1.473157e+02,2.530535e+02,1.623027e+01,1.424002e+00,0.000000,0.000000,0.000000,0.000000,0.000000,0.000000,0.000000,2040.022708,0.000000,0.000000,0.000000,0.000000,0.000000,0.000000,0.000000,-8.467030488e-03
0.912525,-0.006537165,0.059945820,0.047303817,0.020268195,0.160439826,0.062553028,0.322474670,1.681325e+01,3.938686e-02,2.758333e+00,1.505420e+02,1.991248e+02,3.123163e+01,1.265964e+00,0.000000,0.000000,0.000000,0.000000,0.000000,0.000000,0.000000,2146.263766,0.000000,322.476035,0.000000,0.000000,0.000000,0.000000,0.000000,-1.083979250e-02
0.913775,-0.007599442,0.060093201,0.045677202,0.024731526,0.175883656,0.061736005,0.323295202,2.212643e+01,4.414630e-02,2.383077e+00,1.304334e+02,1.722671e+02,3.975809e+01,1.191977e+00,0.000000,0.000000,0.000000,25.911047,0.000000,0.000000,0.000000,1809.607703,0.000000,0.000000,0.000000,266.905710,0.000000,0.000000,0.000000,-1.304336511e-02
0.915025,-0.007932279,0.060225254,0.044237056,0.031669145,0.191373709,0.060903654,0.324100406,2.318817e+01,5.198314e-02,2.737614e+00,1.082558e+02,1.362899e+02,2.480558e+01,1.076217e+00,0.000000,0.000000,0.000000,285.607394,0.000000,0.000000,0.000000,1306.004949,0.000000,0.000000,0.000000,0.000000,0.000000,0.000000,0.000000,-1.340006314e-02
0.916275,-0.007180102,0.060341978,0.043348031,0.040329094,0.206850142,0.060055974,0.324890281,1.887634e+01,4.649010e-02,2.616470e+00,9.852769e+01,1.761482e+02,1.582994e+01,1.155485e+00,0.000000,0.000000,0.000000,356.913116,0.000000,0.000000,0.000000,995.812854,0.000000,36.547887,0.000000,0.000000,0.000000,0.000000,0.000000,-1.205034665e-02
0.917525,-0.005376090,0.060123535,0.034001891,0.059373183,0.222366618,0.059192967,0.325664829,1.082513e+01,3.719851e+00,4.575127e+02,9.437166e+02,2.147914e+02,2.520110e+01,1.571075e+00,0.000000,0.000000,0.000000,495.469486,1951.986504,10757.454913,0.000000,252.948355,0.000000,0.000000,0.000000,0.000000,0.000000,0.000000,0.000000,-9.304503333e-03
0.918775,-0.002840909,0.056806184,0.017644004,0.089314981,0.237867793,0.058395441,0.326424048,3.018948e+00,6.286689e+01,4.461122e+02,1.104762e+03,1.581029e+02,3.111285e+01,1.763690e+00,0.000000,0.000000,0.000000,461.831190,238.391802,0.000000,0.000000,0.000000,0.000000,0.000000,0.000000,0.000000,115.902875,0.000000,0.000000,-4.705137624e-03
0.920025,0.000091406,0.052911850,0.002172463,0.119803106,0.253353639,0.057727400,0.327167939,7.376718e-02,5.521100e+01,4.944900e+02,9.024101e+02,1.327877e+02,2.013511e+01,1.388351e+00,0.000000,0.000000,0.000000,773.990086,425.214794,0.000000,0.000000,0.000000,0.000000,0.000000,0.000000,0.000000,90.766303,0.000000,0.000000,1.589470986e-04
0.921275,0.002666637,0.048910136,-0.012531082,0.150397692,0.268824158,0.057362759,0.327896502,2.674193e+00,4.778685e+01,4.848915e+02,7.691268e+02,1.613318e+02,1.566880e+01,9.849636e-01,0.000000,87.604468,0.000000,141.907367,0.000000,0.000000,0.000000,0.000000,0.000000,0.000000,0.000000,0.000000,277.807854,0.000000,302.911176,4.427894083e-03
0.922525,0.004512753,0.044964152,-0.027717359,0.181450581,0.284279348,0.057434357,0.328609737,7.686739e+00,5.027865e+01,4.295612e+02,7.670082e+02,1.616220e+02,2.684681e+01,8.932380e-01,0.000000,748.777489,0.000000,0.000000,404.560373,100.372924,0.000000,0.000000,0.000000,0.000000,0.000000,0.000000,354.879720,0.000000,84.287596,7.761401606e-03
0.923775,0.005047417,0.042702091,-0.043335295,0.212803470,0.299719210,0.057933813,0.329307644,9.744113e+00,5.828604e+01,2.661302e+02,5.072960e+02,1.230750e+02,2.462573e+01,1.037590e+00,373.654282,1136.622680,0.000000,0.000000,0.000000,0.000000,0.000000,0.000000,0.000000,0.000000,0.000000,0.000000,172.321448,0.000000,267.136577,8.757706587e-03
0.925025,0.004323472,0.042671012,-0.060231475,0.244141030,0.315143744,0.058796113,0.329990223,7.318085e+00,6.587869e+01,2.941392e+02,6.086901e+02,1.238968e+02,1.474021e+01,1.499924e+00,0.000000,1323.922223,0.000000,0.000000,0.000000,0.000000,0.000000,0.000000,0.000000,0.000000,0.000000,0.000000,234.282673,0.000000,638.203855,7.291142643e-03
0.926275,0.002437068,0.044402974,-0.077885356,0.275463263,0.330552950,0.059852858,0.330657473,2.531641e+00,4.866839e+01,5.795221e+02,8.556544e+02,1.296771e+02,1.896721e+01,1.909900e+00,210.290273,787.886892,0.000000,0.000000,0.000000,0.000000,0.000000,0.000000,0.000000,0.000000,0.000000,0.000000,71.488091,0.000000,217.146655,4.353516506e-03
0.927525,0.000020097,0.047669391,-0.096288458,0.306770167,0.345946828,0.060934961,0.331309396,7.584492e-02,4.938175e+01,4.681512e+02,6.510959e+02,1.539284e+02,2.218419e+01,1.611754e+00,223.296463,447.937313,0.000000,0.000000,0.000000,0.000000,0.000000,0.000000,0.000000,0.000000,0.000000,0.000000,19.367673,0.000000,13.020805,2.775078626e-06
0.928775,-0.002585908,0.051369721,-0.114753160,0.338061743,0.361325378,0.062028661,0.331945990,2.502840e+00,3.631678e+01,3.740055e+02,6.340812e+02,1.379406e+02,1.459912e+01,1.048674e+00,0.000000,167.715018,0.000000,0.000000,0.000000,0.000000,0.000000,0.000000,0.000000,0.000000,0.000000,0.000000,4.074491,0.000000,6.726699,-4.422321019e-03
0.930025,-0.004768125,0.055550511,-0.133233893,0.369337992,0.376688599,0.063107515,0.332567256,8.303941e+00,4.654374e+01,3.187264e+02,6.047163e+02,1.255242e+02,1.390977e+01,9.485557e-01,0.000000,378.024617,0.000000,0.000000,0.000000,0.000000,0.000000,0.000000,0.000000,0.000000,0.000000,0.000000,0.000000,0.000000,0.000000,-7.947003005e-03
0.931275,-0.005980607,0.060073522,-0.151729953,0.400598911,0.392036492,0.064171040,0.333173194,1.353072e+01,3.851593e+01,2.897777e+02,5.695277e+02,1.120565e+02,2.084975e+01,1.017819e+00,0.000000,130.310062,0.000000,0.000000,0.000000,0.000000,0.000000,0.000000,0.000000,0.000000,0.000000,0.000000,0.000000,0.000000,0.000000,-1.030657391e-02
0.932525,-0.006184059,0.064773711,-0.170241342,0.431844503,0.407369058,0.065219238,0.333763804,1.387601e+01,3.985719e+01,4.844151e+02,6.951880e+02,9.363290e+01,1.620523e+01,1.020930e+00,0.000000,170.658113,0.000000,0.000000,0.000000,0.000000,0.000000,0.000000,0.000000,0.000000,0.000000,0.000000,0.000000,0.000000,0.000000,-1.042948129e-02
0.933775,-0.005099257,0.069657317,-0.188768058,0.463561062,0.422200000,0.066252107,0.334339086,9.631148e+00,4.155943e+01,4.488017e+02,7.486276e+02,1.306731e+02,9.160782e+00,1.210197e+00,0.000000,23.872521,0.000000,0.000000,0.000000,0.000000,680.209596,0.000000,0.000000,0.000000,0.000000,0.000000,0.000000,0.000000,0.000000,-8.663714804e-03
0.935025,-0.003037308,0.074529149,-0.207310103,0.495838825,0.436439082,0.067269648,0.334899040,3.539580e+00,3.826417e+01,2.754755e+02,5.552101e+02,1.470293e+02,1.376771e+01,1.509102e+00,0.000000,0.000000,0.000000,0.000000,0.000000,0.000000,0.000000,0.000000,0.000000,0.000000,0.000000,0.000000,0.000000,0.000000,0.000000,-5.268493115e-03
0.936275,-0.000472939,0.079385653,-0.225867476,0.528101260,0.450662835,0.068271861,0.335443665,2.135604e-01,3.317062e+01,3.224349e+02,5.394504e+02,1.261917e+02,1.926898e+01,1.545642e+00,0.000000,0.000000,0.000000,0.000000,0.000000,0.000000,0.000000,0.000000,0.000000,0.000000,0.000000,0.000000,0.000000,0.000000,0.000000,-6.599242085e-04
0.937525,0.002303446,0.084226830,-0.244440177,0.560348367,0.464871260,0.069258746,0.335972963,2.107369e+00,3.289972e+01,3.125059e+02,5.719397e+02,8.797977e+01,1.335453e+01,1.274308e+00,0.000000,0.000000,0.000000,0.000000,0.000000,0.000000,0.000000,0.000000,0.000000,0.000000,0.000000,0.000000,0.000000,0.000000,0.000000,3.797413796e-03
0.938775,0.004462809,0.089052677,-0.263028207,0.592580145,0.479064358,0.070255824,0.336486932,7.331149e+00,3.971015e+01,3.381293e+02,5.984442e+02,1.057134e+02,8.784642e+00,1.080978e+00,0.000000,0.000000,0.000000,0.000000,0.000000,0.000000,0.000000,0.000000,0.000000,0.000000,0.000000,0.000000,34.968465,0.000000,0.000000,7.642535773e-03
0.940025,0.005745470,0.093863197,-0.281631564,0.625276701,0.492762022,0.071324252,0.336985573,1.221690e+01,2.929613e+01,3.895501e+02,6.888725e+02,1.353850e+02,1.300528e+01,1.127195e+00,0.000000,0.000000,0.000000,0.000000,0.000000,0.000000,1533.038917,0.000000,0.000000,0.000000,0.000000,0.000000,74.408607,0.000000,0.000000,9.795088332e-03
0.941275,0.005878458,0.098658389,-0.300250249,0.661722670,0.502679616,0.072462155,0.337468886,1.255533e+01,3.593889e+01,3.986518e+02,7.799714e+02,8.270761e+02,1.520424e+01,1.237921e+00,0.000000,0.000000,0.000000,0.000000,0.000000,0.000000,1536.841253,0.000000,0.000000,0.000000,0.000000,0.000000,41.301588,0.000000,0.000000,9.896440642e-03
0.942525,0.004693638,0.103438252,-0.318884263,0.698734639,0.512000554,0.073692584,0.337936871,8.296889e+00,2.955301e+01,2.170582e+02,4.701763e+02,6.384028e+02,1.046069e+01,1.412314e+00,0.000000,0.000000,0.000000,0.000000,0.000000,0.000000,579.160469,0.000000,0.000000,0.000000,0.000000,0.000000,66.502893,0.000000,0.000000,8.111576050e-03
0.943775,0.002675765,0.108202788,-0.337533605,0.737383086,0.519654358,0.074943780,0.338389528,2.706864e+00,3.359768e+01,2.002495e+02,6.395496e+02,4.634557e+02,7.454434e+00,1.549762e+00,0.000000,0.000000,0.000000,0.000000,0.000000,0.000000,631.003625,0.000000,0.000000,0.000000,0.000000,0.000000,1.794015,0.000000,0.000000,4.450585292e-03
0.945025,0.000047287,0.112951995,-0.356198274,0.776225793,0.527083246,0.076180845,0.338826856,1.775448e-02,3.165414e+01,3.879169e+02,8.629490e+02,2.782107e+02,1.251164e+01,1.212808e+00,0.000000,0.000000,0.000000,0.000000,0.000000,0.000000,0.000000,0.000000,0.000000,0.000000,0.000000,0.000000,0.000000,0.000000,0.000000,1.154598187e-04
0.946275,-0.002590839,0.117685874,-0.374878272,0.815064981,0.534484996,0.077402583,0.339248857,2.575290e+00,2.465291e+01,3.363370e+02,7.088979e+02,5.837169e+02,1.349379e+01,7.106431e-01,0.000000,0.000000,0.000000,0.000000,0.000000,0.000000,125.965524,0.000000,0.000000,0.000000,0.000000,0.000000,0.000000,0.000000,0.000000,-4.349847595e-03
0.947525,-0.004645419,0.122404425,-0.393573599,0.854073853,0.541686406,0.078608992,0.339655529,8.032107e+00,3.374141e+01,2.979194e+02,6.208908e+02,5.805692e+02,8.253515e+00,8.673165e-01,0.000000,0.000000,0.000000,0.000000,0.000000,0.000000,0.000000,0.000000,0.000000,0.000000,0.000000,0.000000,0.000000,0.000000,0.000000,-8.026372256e-03
0.948775,-0.005880969,0.127107648,-0.412284253,0.893067397,0.548872488,0.079800073,0.340046874,1.263624e+01,2.961276e+01,2.805748e+02,6.618178e+02,3.071319e+02,8.085594e+00,1.355028e+00,0.000000,0.000000,0.000000,0.000000,0.000000,0.000000,0.000000,0.000000,0.000000,0.000000,0.000000,0.000000,0.000000,0.000000,0.000000,-9.877582060e-03
0.950025,-0.005866976,0.131795543,-0.431010235,0.933011700,0.555077155,0.080975826,0.340422890,1.266359e+01,2.744184e+01,1.796006e+02,6.321626e+02,2.448250e+02,1.189142e+01,1.458301e+00,0.000000,0.000000,0.000000,0.000000,0.000000,0.000000,655.241881,0.000000,0.000000,0.000000,0.000000,0.000000,0.000000,0.000000,0.000000,-1.005027604e-02
0.951275,-0.004729336,0.136468110,-0.449751546,0.972998403,0.561208765,0.082136251,0.340783578,8.223116e+00,2.692987e+01,2.847296e+02,7.177501e+02,2.357615e+02,1.028303e+01,1.415985e+00,0.000000,0.000000,0.000000,0.000000,0.000000,0.000000,0.000000,0.000000,0.000000,0.000000,0.000000,0.000000,0.000000,0.000000,0.000000,-8.072196780e-03
0.952525,-0.002700636,0.141125348,-0.468508184,1.012997430,0.567297395,0.083281348,0.341128938,2.766476e+00,2.961875e+01,3.457530e+02,7.880330e+02,3.299671e+02,5.890968e+00,1.382635e+00,0.000000,0.000000,0.000000,0.000000,0.000000,0.000000,576.329265,0.000000,0.000000,0.000000,0.000000,0.000000,0.000000,0.000000,0.000000,-4.487397628e-03
0.953775,-0.000075004,0.145767259,-0.487280151,1.053919901,0.572431924,0.084411117,0.341458970,4.885617e-02,2.490727e+01,2.613260e+02,6.518894e+02,5.046041e+02,7.683306e+00,1.083368e+00,0.000000,0.000000,0.000000,0.000000,0.000000,0.000000,43.638180,0.000000,0.000000,0.000000,0.000000,0.000000,0.000000,0.000000,0.000000,-2.575730771e-04
0.955025,0.002456186,0.150393841,-0.506067446,1.094829319,0.577548851,0.085525557,0.341773673,2.362804e+00,2.912285e+01,2.802090e+02,5.819928e+02,3.826198e+02,1.038264e+01,7.979998e-01,0.000000,0.000000,0.000000,0.000000,0.000000,0.000000,0.000000,0.000000,0.000000,0.000000,0.000000,0.000000,0.000000,0.000000,0.000000,4.270064736e-03
0.956275,0.004530963,0.155005095,-0.524870069,1.135723409,0.582650450,0.086624670,0.342073049,7.519098e+00,2.540581e+01,1.959898e+02,5.442626e+02,2.416042e+02,8.593913e+00,8.824729e-01,0.000000,0.000000,0.000000,0.000000,0.000000,0.000000,0.000000,0.000000,0.000000,0.000000,0.000000,0.000000,0.000000,0.000000,0.000000,7.707476210e-03
0.957525,0.005685410,0.159601021,-0.543688020,1.176602171,0.587736720,0.087708454,0.342357096,1.178723e+01,2.182858e+01,1.891005e+02,6.171222e+02,3.180068e+02,7.262159e+00,1.162584e+00,0.000000,0.000000,0.000000,0.000000,0.000000,0.000000,0.000000,0.000000,0.000000,0.000000,0.000000,0.000000,0.000000,0.000000,0.000000,9.596148851e-03
0.958775,0.005638916,0.164181619,-0.562521299,1.217465604,0.592807662,0.088776910,0.342625815,1.181785e+01,2.779000e+01,3.020773e+02,6.760271e+02,4.318087e+02,8.031035e+00,1.459640e+00,0.000000,0.000000,0.000000,0.000000,0.000000,0.000000,0.000000,0.000000,0.000000,0.000000,0.000000,0.000000,0.000000,0.000000,0.000000,9.715318751e-03
0.960025,0.004537910,0.168746889,-0.581369906,1.258313710,0.597863277,0.089830038,0.342879207,7.471032e+00,2.498425e+01,3.276539e+02,7.083596e+02,3.317000e+02,8.174186e+00,1.660215e+00,0.000000,0.000000,0.000000,0.000000,0.000000,0.000000,0.000000,0.000000,0.000000,0.000000,0.000000,0.000000,0.000000,0.000000,0.000000,7.625810030e-03
0.961275,0.002460045,0.173296830,-0.600233842,1.299146487,0.602903563,0.090867838,0.343117270,2.336866e+00,2.424332e+01,2.294297e+02,4.933219e+02,2.217722e+02,6.473021e+00,1.525776e+00,0.000000,0.000000,0.000000,0.000000,0.000000,0.000000,0.000000,0.000000,0.000000,0.000000,0.000000,0.000000,0.000000,0.000000,0.000000,4.217047352e-03
0.962525,-0.000085377,0.177831444,-0.619113105,1.339963936,0.607928521,0.091890310,0.343340005,1.799444e-02,2.461390e+01,1.578374e+02,4.353883e+02,2.730124e+02,5.385297e+00,1.064100e+00,0.000000,0.000000,0.000000,0.000000,0.000000,0.000000,0.000000,0.000000,0.000000,0.000000,0.000000,0.000000,0.000000,0.000000,0.000000,-9.661222718e-05
0.963775,-0.002588239,0.182350729,-0.638007697,1.380766057,0.612938150,0.092897454,0.343547411,2.579830e+00,2.325955e+01,2.086962e+02,6.308085e+02,3.184275e+02,7.255252e+00,7.142678e-01,0.000000,0.000000,0.000000,0.000000,0.000000,0.000000,0.000000,0.000000,0.000000,0.000000,0.000000,0.000000,0.000000,0.000000,0.000000,-4.498183506e-03
0.965025,-0.004641526,0.186854687,-0.656917617,1.421552850,0.617932452,0.093889269,0.343739490,7.865806e+00,1.561242e+01,2.341954e+02,6.179617e+02,2.898365e+02,8.400682e+00,8.350821e-01,0.000000,0.000000,0.000000,0.000000,0.000000,0.000000,0.000000,0.000000,0.000000,0.000000,0.000000,0.000000,0.000000,0.000000,0.000000,-7.801958312e-03
0.966275,-0.005704424,0.191343316,-0.675842865,1.462324315,0.622911426,0.094865757,0.343916241,1.194384e+01,2.880562e+01,3.041946e+02,5.923219e+02,2.606081e+02,6.100032e+00,1.191251e+00,0.000000,0.000000,0.000000,0.000000,0.000000,0.000000,0.000000,0.000000,0.000000,0.000000,0.000000,0.000000,0.000000,0.000000,0.000000,-9.754388988e-03
0.967525,-0.005683268,0.195816617,-0.694783441,1.503080452,0.627875071,0.095826916,0.344077663,1.187439e+01,2.350556e+01,2.651743e+02,5.144856e+02,2.489892e+02,5.161423e+00,1.299536e+00,0.000000,0.000000,0.000000,0.000000,0.000000,0.000000,0.000000,0.000000,0.000000,0.000000,0.000000,0.000000,0.000000,0.000000,0.000000,-9.683930691e-03
0.968775,-0.004545444,0.200274590,-0.713739345,1.543821260,0.632823388,0.096772747,0.344223757,7.496115e+00,1.629075e+01,1.241010e+02,4.123082e+02,2.796724e+02,7.043877e+00,1.141013e+00,0.000000,0.000000,0.000000,0.000000,0.000000,0.000000,0.000000,0.000000,0.000000,0.000000,0.000000,0.000000,0.000000,0.000000,0.000000,-7.666418973e-03
0.970025,-0.002474435,0.204717234,-0.732710578,1.584546741,0.637756377,0.097703250,0.344354523,2.380765e+00,2.649160e+01,1.630592e+02,4.234395e+02,2.484773e+02,7.105145e+00,1.071185e+00,0.000000,0.000000,0.000000,0.000000,0.000000,0.000000,0.000000,0.000000,0.000000,0.000000,0.000000,0.000000,0.000000,0.000000,0.000000,-4.292498954e-03
0.971275,0.000003386,0.209144551,-0.751697138,1.625256893,0.642674038,0.098618425,0.344469961,4.571042e-02,1.742735e+01,2.614632e+02,6.146775e+02,2.284272e+02,4.578592e+00,1.132950e+00,0.000000,0.000000,0.000000,0.000000,0.000000,0.000000,0.000000,0.000000,0.000000,0.000000,0.000000,0.000000,0.000000,0.000000,0.000000,6.858135560e-05
0.972525,0.002512729,0.213556540,-0.770699027,1.665951717,0.647576371,0.099518272,0.344570071,2.337813e+00,2.211561e+01,2.393566e+02,6.062366e+02,2.335988e+02,4.828636e+00,1.151612e+00,0.000000,0.000000,0.000000,0.000000,0.000000,0.000000,0.000000,0.000000,0.000000,0.000000,0.000000,0.000000,0.000000,0.000000,0.000000,4.263356467e-03
0.973775,0.004482284,0.217953200,-0.789716243,1.706631214,0.652463376,0.100402791,0.344654853,7.378707e+00,2.344798e+01,2.472540e+02,4.631753e+02,1.979157e+02,5.944394e+00,1.227226e+00,0.000000,0.000000,0.000000,0.000000,0.000000,0.000000,0.000000,0.000000,0.000000,0.000000,0.000000,0.000000,0.000000,0.000000,0.000000,7.591977977e-03
0.975025,0.005515332,0.222334532,-0.808748788,1.747295381,0.657335053,0.101271981,0.344724307,1.117419e+01,1.692771e+01,1.892232e+02,4.228077e+02,2.380993e+02,5.352382e+00,1.405138e+00,0.000000,0.000000,0.000000,0.000000,0.000000,0.000000,0.000000,0.000000,0.000000,0.000000,0.000000,0.000000,0.000000,0.000000,0.000000,9.452878693e-03
0.976275,0.005489577,0.226700537,-0.827796661,1.787944221,0.662191401,0.102125844,0.344778432,1.102557e+01,1.785053e+01,1.087649e+02,3.748713e+02,2.218748e+02,5.579922e+00,1.401408e+00,0.000000,0.000000,0.000000,0.000000,0.000000,0.000000,0.000000,0.000000,0.000000,0.000000,0.000000,0.000000,0.000000,0.000000,0.000000,9.276759246e-03
0.977525,0.004303311,0.231051213,-0.846859862,1.828577733,0.667032422,0.102964378,0.344817230,6.795767e+00,2.012112e+01,1.925459e+02,5.196117e+02,2.327412e+02,6.003979e+00,1.118411e+00,0.000000,0.000000,0.000000,0.000000,0.000000,0.000000,0.000000,0.000000,0.000000,0.000000,0.000000,0.000000,0.000000,0.000000,0.000000,7.359422451e-03
0.978775,0.002286730,0.235386560,-0.865938392,1.869195917,0.671858114,0.103787584,0.344840699,1.972945e+00,2.062143e+01,2.782425e+02,5.761600e+02,2.248810e+02,5.312343e+00,8.321989e-01,0.000000,0.000000,0.000000,0.000000,0.000000,0.000000,0.000000,0.000000,0.000000,0.000000,0.000000,0.000000,0.000000,0.000000,0.000000,3.900969496e-03
0.980025,-0.000182343,0.239706580,-0.885032249,1.909798772,0.676668478,0.104595462,0.344848840,7.198589e-02,1.924646e+01,2.276109e+02,4.659005e+02,1.946291e+02,3.785618e+00,7.397368e-01,0.000000,0.000000,0.000000,0.000000,0.000000,0.000000,0.000000,0.000000,0.000000,0.000000,0.000000,0.000000,0.000000,0.000000,0.000000,-3.555825554e-04
0.981275,-0.002656191,0.244011272,-0.904141434,1.950386299,0.681463514,0.105388012,0.344841653,2.572391e+00,2.067086e+01,1.619195e+02,3.216819e+02,1.842915e+02,4.205781e+00,8.697153e-01,0.000000,0.000000,0.000000,0.000000,0.000000,0.000000,0.000000,0.000000,0.000000,0.000000,0.000000,0.000000,0.000000,0.000000,0.000000,-4.455771755e-03
0.982525,-0.004549920,0.248300635,-0.923265948,1.990958499,0.686243222,0.106165234,0.344819138,7.675983e+00,1.516596e+01,1.453795e+02,4.331401e+02,1.443838e+02,5.557050e+00,1.186729e+00,0.000000,0.000000,0.000000,0.000000,0.000000,0.000000,0.000000,0.000000,0.000000,0.000000,0.000000,0.000000,0.000000,0.000000,0.000000,-7.790173681e-03
0.983775,-0.005583517,0.252574671,-0.942405790,2.031515370,0.691007602,0.106927128,0.344781295,1.134889e+01,1.712080e+01,1.397427e+02,4.667470e+02,1.857880e+02,4.896724e+00,1.468703e+00,0.000000,0.000000,0.000000,0.000000,0.000000,0.000000,0.000000,0.000000,0.000000,0.000000,0.000000,0.000000,0.000000,0.000000,0.000000,-9.484718523e-03
0.985025,-0.005503024,0.256833378,-0.961560960,2.072056913,0.695756654,0.107673693,0.344728124,1.108455e+01,2.102792e+01,2.328410e+02,4.647625e+02,2.421902e+02,3.453291e+00,1.496363e+00,0.000000,0.000000,0.000000,0.000000,0.000000,0.000000,0.000000,0.000000,0.000000,0.000000,0.000000,0.000000,0.000000,0.000000,0.000000,-9.336375374e-03
0.986275,-0.004316443,0.261076757,-0.980731458,2.112583128,0.700490377,0.108404931,0.344659624,6.867467e+00,1.489843e+01,2.684836e+02,5.633706e+02,2.036592e+02,4.235770e+00,1.272105e+00,0.000000,0.000000,0.000000,0.000000,0.000000,0.000000,0.000000,0.000000,0.000000,0.000000,0.000000,0.000000,0.000000,0.000000,0.000000,-7.396817425e-03
0.987525,-0.002332202,0.265304808,-0.999917284,2.153094014,0.705208773,0.109120840,0.344575797,2.004593e+00,1.652034e+01,1.373482e+02,2.860485e+02,1.739347e+02,5.447614e+00,9.179709e-01,0.000000,0.000000,0.000000,0.000000,0.000000,0.000000,0.000000,0.000000,0.000000,0.000000,0.000000,0.000000,0.000000,0.000000,0.000000,-3.911494857e-03
0.988775,0.000140245,0.269517531,-1.019118438,2.193589573,0.709911840,0.109821421,0.344476641,7.402405e-02,1.845615e+01,1.353256e+02,3.179125e+02,1.249209e+02,4.813086e+00,6.611178e-01,0.000000,0.000000,0.000000,0.000000,0.000000,0.000000,0.000000,0.000000,0.000000,0.000000,0.000000,0.000000,0.000000,0.000000,0.000000,2.085254703e-04
0.990025,0.002539884,0.273714926,-1.038334920,2.234069803,0.714599579,0.110506674,0.344362157,2.350250e+00,1.770541e+01,1.513507e+02,4.371763e+02,1.548820e+02,3.580927e+00,7.337638e-01,0.000000,0.000000,0.000000,0.000000,0.000000,0.000000,0.000000,0.000000,0.000000,0.000000,0.000000,0.000000,0.000000,0.000000,0.000000,4.316690744e-03
0.991275,0.004405279,0.277896993,-1.057566731,2.274534706,0.719271990,0.111176599,0.344232345,7.188914e+00,1.502920e+01,1.722725e+02,4.392381e+02,1.985344e+02,3.476705e+00,1.117338e+00,0.000000,0.000000,0.000000,0.000000,0.000000,0.000000,0.000000,0.000000,0.000000,0.000000,0.000000,0.000000,0.000000,0.000000,0.000000,7.537753507e-03
0.992525,0.005407838,0.282063731,-1.076813869,2.314984280,0.723929073,0.111831196,0.344087205,1.062745e+01,1.855010e+01,2.483869e+02,5.157883e+02,1.748266e+02,3.966679e+00,1.448552e+00,0.000000,0.000000,0.000000,0.000000,0.000000,0.000000,0.000000,0.000000,0.000000,0.000000,0.000000,0.000000,0.000000,0.000000,0.000000,9.149091697e-03
0.993775,0.005276961,0.286215142,-1.096076336,2.355418526,0.728570828,0.112470464,0.343926737,1.024148e+01,1.534176e+01,2.066776e+02,3.771993e+02,1.447072e+02,3.444202e+00,1.382058e+00,0.000000,0.000000,0.000000,0.000000,0.000000,0.000000,0.000000,0.000000,0.000000,0.000000,0.000000,0.000000,0.000000,0.000000,0.000000,9.022342786e-03
0.995025,0.004116063,0.290351224,-1.115354131,2.395837444,0.733197255,0.113094405,0.343750940,6.213393e+00,1.314578e+01,8.613485e+01,2.617234e+02,1.387397e+02,3.599781e+00,1.099335e+00,0.000000,0.000000,0.000000,0.000000,0.000000,0.000000,0.000000,0.000000,0.000000,0.000000,0.000000,0.000000,0.000000,0.000000,0.000000,6.995189597e-03
0.996275,0.002123110,0.294471978,-1.134647254,2.436241034,0.737808353,0.113703017,0.343559816,1.648807e+00,1.903752e+01,1.198731e+02,3.598132e+02,1.594896e+02,4.547240e+00,1.011577e+00,0.000000,0.000000,0.000000,0.000000,0.000000,0.000000,0.000000,0.000000,0.000000,0.000000,0.000000,0.000000,0.000000,0.000000,0.000000,3.588767501e-03
0.997525,-0.000315617,0.298577404,-1.153955705,2.476629296,0.742404124,0.114296302,0.343353363,1.103445e-01,1.233941e+01,1.992876e+02,4.743120e+02,1.778298e+02,4.471706e+00,1.063980e+00,0.000000,0.000000,0.000000,0.000000,0.000000,0.000000,0.000000,0.000000,0.000000,0.000000,0.000000,0.000000,0.000000,0.000000,0.000000,-4.884944764e-04
0.998775,-0.002657505,0.302667502,-1.173279484,2.517002229,0.746984566,0.114874258,0.343131583,2.599417e+00,1.523772e+01,1.962643e+02,4.180092e+02,1.587314e+02,3.361639e+00,1.042878e+00,0.000000,0.000000,0.000000,0.000000,0.000000,0.000000,0.000000,0.000000,0.000000,0.000000,0.000000,0.000000,0.000000,0.000000,0.000000,-4.566142683e-03
1.000025,-0.004506818,0.306742272,-1.192618592,2.557359835,0.751549680,0.115436886,0.342894474,7.447158e+00,1.866355e+01,2.036523e+02,3.372378e+02,1.141816e+02,2.971777e+00,1.108330e+00,0.000000,0.000000,0.000000,0.000000,0.000000,0.000000,0.000000,0.000000,0.000000,0.000000,0.000000,0.000000,0.000000,0.000000,0.000000,-7.644670025e-03
1.001275,-0.005446658,0.310801713,-1.211973027,2.597702112,0.756099466,0.115984186,0.342642037,1.082423e+01,1.314017e+01,1.414597e+02,3.400305e+02,1.355152e+02,3.415017e+00,1.192722e+00,0.000000,0.000000,0.000000,0.000000,0.000000,0.000000,0.000000,0.000000,0.000000,0.000000,0.000000,0.000000,0.000000,0.000000,0.000000,-9.256424587e-03
1.002525,-0.005303384,0.314845827,-1.231342791,2.638029061,0.760633924,0.116516158,0.342374272,1.031114e+01,1.554642e+01,6.844862e+01,2.782882e+02,1.495728e+02,3.324938e+00,9.372772e-01,0.000000,0.000000,0.000000,0.000000,0.000000,0.000000,0.000000,0.000000,0.000000,0.000000,0.000000,0.000000,0.000000,0.000000,0.000000,-9.058893060e-03
1.003775,-0.004144197,0.318874612,-1.250727883,2.678340682,0.765153054,0.117032801,0.342091179,6.288736e+00,1.399363e+01,1.557841e+02,4.045682e+02,1.327162e+02,2.720117e+00,6.516113e-01,0.000000,0.000000,0.000000,0.000000,0.000000,0.000000,0.000000,0.000000,0.000000,0.000000,0.000000,0.000000,0.000000,0.000000,0.000000,-7.006256334e-03
1.005025,-0.002143758,0.322888070,-1.270128302,2.718636975,0.769656856,0.117534117,0.341792757,1.689786e+00,1.214749e+01,2.330571e+02,4.988090e+02,1.413847e+02,3.530097e+00,8.263830e-01,0.000000,0.000000,0.000000,0.000000,0.000000,0.000000,0.000000,0.000000,0.000000,0.000000,0.000000,0.000000,0.000000,0.000000,0.000000,-3.676955970e-03
1.006275,0.000239530,0.326886199,-1.289544050,2.758917940,0.774145329,0.118020104,0.341479008,8.428438e-02,1.395498e+01,1.738770e+02,3.287377e+02,1.415189e+02,4.121909e+00,1.160101e+00,0.000000,0.000000,0.000000,0.000000,0.000000,0.000000,0.000000,0.000000,0.000000,0.000000,0.000000,0.000000,0.000000,0.000000,0.000000,4.126982820e-04
1.007525,0.002557505,0.330869000,-1.308975126,2.799183577,0.778618474,0.118490764,0.341149930,2.403995e+00,1.736813e+01,1.402814e+02,2.627796e+02,1.339869e+02,3.147510e+00,1.298625e+00,0.000000,0.000000,0.000000,0.000000,0.000000,0.000000,0.000000,0.000000,0.000000,0.000000,0.000000,0.000000,0.000000,0.000000,0.000000,4.376617160e-03
1.008775,0.004362515,0.334836473,-1.328421531,2.839433886,0.783076292,0.118946095,0.340805525,6.953855e+00,1.153888e+01,9.552650e+01,2.868439e+02,1.219492e+02,3.025140e+00,1.393761e+00,0.000000,0.000000,0.000000,0.000000,0.000000,0.000000,0.000000,0.000000,0.000000,0.000000,0.000000,0.000000,0.000000,0.000000,0.000000,7.386528680e-03
1.010025,0.005251592,0.338788618,-1.347883263,2.879668866,0.787518781,0.119386098,0.340445791,1.012436e+01,1.307102e+01,1.102700e+02,3.347817e+02,1.198148e+02,3.422708e+00,1.393667e+00,0.000000,0.000000,0.000000,0.000000,0.000000,0.000000,0.000000,0.000000,0.000000,0.000000,0.000000,0.000000,0.000000,0.000000,0.000000,8.971535371e-03
1.011275,0.005107483,0.342725434,-1.367360324,2.919888518,0.791945942,0.119810773,0.340070729,9.505059e+00,1.563778e+01,1.995919e+02,4.234237e+02,1.384805e+02,2.695036e+00,1.079731e+00,0.000000,0.000000,0.000000,0.000000,0.000000,0.000000,0.000000,0.000000,0.000000,0.000000,0.000000,0.000000,0.000000,0.000000,0.000000,8.677501946e-03
1.012525,0.003923768,0.346646923,-1.386852712,2.960092843,0.796357775,0.120220120,0.339680339,5.663290e+00,1.149223e+01,2.104920e+02,4.179135e+02,1.325010e+02,2.184599e+00,6.803668e-01,0.000000,0.000000,0.000000,0.000000,0.000000,0.000000,0.000000,0.000000,0.000000,0.000000,0.000000,0.000000,0.000000,0.000000,0.000000,6.667576946e-03
1.013775,0.001945536,0.350553083,-1.406360429,3.000281839,0.800754280,0.120614138,0.339274620,1.393430e+00,1.481084e+01,1.224573e+02,2.480483e+02,9.973810e+01,2.698412e+00,6.004485e-01,0.000000,0.000000,0.000000,0.000000,0.000000,0.000000,0.000000,0.000000,0.000000,0.000000,0.000000,0.000000,0.000000,0.000000,0.000000,3.341168871e-03
1.015025,-0.000400798,0.354443915,-1.425883474,3.040455507,0.805135456,0.120992829,0.338853574,1.134266e-01,1.355643e+01,1.002502e+02,2.603599e+02,9.392806e+01,3.224076e+00,8.472519e-01,0.000000,0.000000,0.000000,0.000000,0.000000,0.000000,0.000000,0.000000,0.000000,0.000000,0.000000,0.000000,0.000000,0.000000,0.000000,-7.141350921e-04
1.016275,-0.002696014,0.358319420,-1.445421847,3.080613847,0.809501305,0.121356191,0.338417200,2.659396e+00,7.940395e+00,1.074380e+02,3.284932e+02,1.353691e+02,3.707724e+00,1.151514e+00,0.000000,0.000000,0.000000,0.000000,0.000000,0.000000,0.000000,0.000000,0.000000,0.000000,0.000000,0.000000,0.000000,0.000000,0.000000,-4.563816701e-03
1.017525,-0.004438856,0.362179596,-1.464975548,3.120756858,0.813851825,0.121704226,0.337965497,7.202155e+00,1.380167e+01,1.459640e+02,3.593780e+02,1.463700e+02,3.382477e+00,1.379538e+00,0.000000,0.000000,0.000000,0.000000,0.000000,0.000000,0.000000,0.000000,0.000000,0.000000,0.000000,0.000000,0.000000,0.000000,0.000000,-7.552892823e-03
1.018775,-0.005304799,0.366024444,-1.484544577,3.160884542,0.818187018,0.122036932,0.337498466,1.031851e+01,1.555341e+01,2.187469e+02,3.880650e+02,1.221791e+02,2.278785e+00,1.386535e+00,0.000000,0.000000,0.000000,0.000000,0.000000,0.000000,0.000000,0.000000,0.000000,0.000000,0.000000,0.000000,0.000000,0.000000,0.000000,-9.044189455e-03
1.020025,-0.005138231,0.369853963,-1.504128934,3.200996898,0.822506882,0.122354310,0.337016108,9.598060e+00,1.152701e+01,1.654750e+02,2.977536e+02,1.144547e+02,2.058076e+00,1.031969e+00,0.000000,0.000000,0.000000,0.000000,0.000000,0.000000,0.000000,0.000000,0.000000,0.000000,0.000000,0.000000,0.000000,0.000000,0.000000,-8.711950932e-03
1.021275,-0.003938146,0.373668155,-1.523728620,3.241093925,0.826811418,0.122656360,0.336518421,5.722896e+00,1.315830e+01,5.641805e+01,1.804631e+02,9.444310e+01,2.662334e+00,6.752850e-01,0.000000,0.000000,0.000000,0.000000,0.000000,0.000000,0.000000,0.000000,0.000000,0.000000,0.000000,0.000000,0.000000,0.000000,0.000000,-6.725718565e-03
1.022525,-0.001992189,0.377467019,-1.543343634,3.281175624,0.831100626,0.122943082,0.336005406,1.449933e+00,1.124944e+01,1.009340e+02,3.055506e+02,6.818458e+01,2.835559e+00,7.682438e-01,0.000000,0.000000,0.000000,0.000000,0.000000,0.000000,0.000000,0.000000,0.000000,0.000000,0.000000,0.000000,0.000000,0.000000,0.000000,-3.377723140e-03
1.023775,0.000339249,0.381250554,-1.562973975,3.321241995,0.835374506,0.123214475,0.335477062,7.511620e-02,1.010382e+01,1.591991e+02,4.130677e+02,1.096897e+02,2.706929e+00,1.035399e+00,0.000000,0.000000,0.000000,0.000000,0.000000,0.000000,0.000000,0.000000,0.000000,0.000000,0.000000,0.000000,0.000000,0.000000,0.000000,5.875698091e-04
1.025025,0.002588901,0.385018761,-1.582619645,3.361293038,0.839633057,0.123470541,0.334933391,2.465631e+00,1.229775e+01,1.710903e+02,3.414132e+02,1.363605e+02,2.444706e+00,1.066718e+00,0.000000,0.000000,0.000000,0.000000,0.000000,0.000000,0.000000,0.000000,0.000000,0.000000,0.000000,0.000000,0.000000,0.000000,0.000000,4.383162838e-03
1.026275,0.004283938,0.388771640,-1.602280643,3.401328753,0.843876281,0.123711278,0.334374391,6.719248e+00,1.347969e+01,1.762917e+02,2.968528e+02,1.371030e+02,2.471526e+00,1.043961e+00,0.000000,0.000000,0.000000,0.000000,0.000000,0.000000,0.000000,0.000000,0.000000,0.000000,0.000000,0.000000,0.000000,0.000000,0.000000,7.317419967e-03
1.027525,0.005129223,0.392509191,-1.621956969,3.441349140,0.848104176,0.123936688,0.333800064,9.622651e+00,1.004105e+01,9.877844e+01,2.169171e+02,1.165908e+02,2.741962e+00,1.086427e+00,0.000000,0.000000,0.000000,0.000000,0.000000,0.000000,0.000000,0.000000,0.000000,0.000000,0.000000,0.000000,0.000000,0.000000,0.000000,8.711924298e-03
1.028775,0.004925284,0.396231414,-1.641648623,3.481354199,0.852316743,0.124146769,0.333210408,8.843058e+00,1.010851e+01,5.917452e+01,2.168803e+02,6.377187e+01,3.158206e+00,9.787816e-01,0.000000,0.000000,0.000000,0.000000,0.000000,0.000000,0.000000,0.000000,0.000000,0.000000,0.000000,0.000000,0.000000,0.000000,0.000000,8.382518534e-03
1.030025,0.003730888,0.399938309,-1.661355606,3.521343929,0.856513983,0.124341522,0.332605424,5.125261e+00,1.328447e+01,1.302909e+02,3.269694e+02,8.789951e+01,2.828501e+00,8.701421e-01,0.000000,0.000000,0.000000,0.000000,0.000000,0.000000,0.000000,0.000000,0.000000,0.000000,0.000000,0.000000,0.000000,0.000000,0.000000,6.365750186e-03
1.031275,0.001800180,0.403629876,-1.681077916,3.561318332,0.860695894,0.124520947,0.331985112,1.193046e+00,1.083432e+01,1.893217e+02,3.999334e+02,1.101724e+02,1.508184e+00,1.094453e+00,0.000000,0.000000,0.000000,0.000000,0.000000,0.000000,0.000000,0.000000,0.000000,0.000000,0.000000,0.000000,0.000000,0.000000,0.000000,3.040422472e-03
1.032525,-0.000511389,0.407306114,-1.700815555,3.601277406,0.864862477,0.124685044,0.331349472,1.114298e-01,1.291884e+01,1.608171e+02,2.982645e+02,1.079327e+02,1.399969e+00,1.379213e+00,0.000000,0.000000,0.000000,0.000000,0.000000,0.000000,0.000000,0.000000,0.000000,0.000000,0.000000,0.000000,0.000000,0.000000,0.000000,-8.479792168e-04
1.033775,-0.002707118,0.410967025,-1.720568522,3.641221152,0.869013731,0.124833812,0.330698504,2.712070e+00,9.659983e+00,1.099620e+02,2.060380e+02,9.964611e+01,2.724323e+00,1.264611e+00,0.000000,0.000000,0.000000,0.000000,0.000000,0.000000,0.000000,0.000000,0.000000,0.000000,0.000000,0.000000,0.000000,0.000000,0.000000,-4.612790158e-03
1.035025,-0.004372940,0.414612607,-1.740336817,3.681149570,0.873149658,0.124967253,0.330032208,6.975000e+00,8.116388e+00,6.705722e+01,2.341958e+02,8.805791e+01,3.052623e+00,9.038971e-01,0.000000,0.000000,0.000000,0.000000,0.000000,0.000000,0.000000,0.000000,0.000000,0.000000,0.000000,0.000000,0.000000,0.000000,0.000000,-7.447573821e-03
1.036275,-0.005179998,0.418242861,-1.760120440,3.721062660,0.877270257,0.125085365,0.329350583,9.803728e+00,1.144560e+01,9.227399e+01,2.856799e+02,1.016708e+02,2.564071e+00,6.392485e-01,0.000000,0.000000,0.000000,0.000000,0.000000,0.000000,0.000000,0.000000,0.000000,0.000000,0.000000,0.000000,0.000000,0.000000,0.000000,-8.793100407e-03
1.037525,-0.004949529,0.421857787,-1.779919391,3.760960422,0.881375527,0.125188149,0.328653631,8.952736e+00,1.158949e+01,1.828378e+02,3.598848e+02,1.104366e+02,2.212882e+00,5.395766e-01,0.000000,0.000000,0.000000,0.000000,0.000000,0.000000,0.000000,0.000000,0.000000,0.000000,0.000000,0.000000,0.000000,0.000000,0.000000,-8.441981186e-03
1.038775,-0.003763608,0.425457385,-1.799733670,3.800842855,0.885465469,0.125275606,0.327941350,5.179199e+00,1.047161e+01,1.690530e+02,2.984695e+02,1.090229e+02,2.301429e+00,6.784389e-01,0.000000,0.000000,0.000000,0.000000,0.000000,0.000000,0.000000,0.000000,0.000000,0.000000,0.000000,0.000000,0.000000,0.000000,0.000000,-6.389464668e-03
1.040025,-0.001835245,0.429041655,-1.819563277,3.840709961,0.889540083,0.125347734,0.327213741,1.253311e+00,1.013020e+01,1.030662e+02,1.982398e+02,7.619165e+01,2.453017e+00,1.031667e+00,0.000000,0.000000,0.000000,0.000000,0.000000,0.000000,0.000000,0.000000,0.000000,0.000000,0.000000,0.000000,0.000000,0.000000,0.000000,-3.120505679e-03
1.041275,0.000439310,0.432610597,-1.839408213,3.880561738,0.893599369,0.125404534,0.326470804,7.526852e-02,1.211875e+01,8.404446e+01,2.039862e+02,6.621189e+01,1.829271e+00,1.289719e+00,0.000000,0.000000,0.000000,0.000000,0.000000,0.000000,0.000000,0.000000,0.000000,0.000000,0.000000,0.000000,0.000000,0.000000,0.000000,7.351156686e-04
1.042525,0.002594794,0.436164210,-1.859268476,3.920398188,0.897643327,0.125446005,0.325712539,2.504014e+00,7.253843e+00,7.977092e+01,2.793481e+02,8.906782e+01,1.784986e+00,1.330015e+00,0.000000,0.000000,0.000000,0.000000,0.000000,0.000000,0.000000,0.000000,0.000000,0.000000,0.000000,0.000000,0.000000,0.000000,0.000000,4.436371788e-03
1.043775,0.004228799,0.439702496,-1.879141107,3.960219309,0.901671957,0.125472149,0.324938946,6.508453e+00,1.195934e+01,1.358952e+02,3.432728e+02,1.102562e+02,2.186966e+00,1.275938e+00,0.000000,0.000000,38.041132,0.000000,0.000000,0.000000,0.000000,0.000000,0.000000,0.000000,0.000000,0.000000,0.000000,0.000000,0.000000,7.180918451e-03
1.045025,0.004990596,0.443225453,-1.897874945,4.000025102,0.905685259,0.125482965,0.324150025,9.114960e+00,9.294370e+00,1.895138e+02,3.151237e+02,1.080321e+02,2.087628e+00,1.054252e+00,0.000000,0.000000,1818.057964,0.000000,0.000000,0.000000,0.000000,0.000000,0.000000,0.000000,0.000000,0.000000,0.000000,0.000000,0.000000,8.498467014e-03
1.046275,0.004748897,0.446733082,-1.914231976,4.039815567,0.909683232,0.125478452,0.323345775,8.241724e+00,7.062463e+00,1.206317e+02,2.418304e+02,8.514019e+01,2.416734e+00,6.907442e-01,0.000000,0.000000,737.773045,0.000000,0.000000,0.000000,0.000000,0.000000,0.000000,0.000000,0.000000,0.000000,0.000000,0.000000,0.000000,8.089647649e-03
1.047525,0.003557543,0.450225383,-1.929381721,4.079590704,0.913665878,0.125458611,0.322526198,4.617079e+00,1.265092e+01,6.801878e+01,1.332888e+02,7.627785e+01,2.774605e+00,5.992870e-01,0.000000,0.000000,823.065585,0.000000,0.000000,0.000000,0.000000,0.000000,0.000000,0.000000,0.000000,0.000000,0.000000,0.000000,0.000000,6.038604142e-03
1.048775,0.001639164,0.453702356,-1.943921532,4.119350512,0.917633195,0.125423443,0.321691292,1.017614e+00,8.736429e+00,1.178802e+02,2.361374e+02,8.309354e+01,2.379475e+00,8.884361e-01,0.000000,0.000000,226.817282,0.000000,0.000000,0.000000,0.000000,0.000000,0.000000,0.000000,0.000000,0.000000,0.000000,0.000000,0.000000,2.807442404e-03
1.050025,-0.000595932,0.457164001,-1.956919719,4.159094993,0.921585184,0.125372946,0.320841058,1.308115e-01,9.859739e+00,2.058352e+02,3.269196e+02,9.194707e+01,1.764484e+00,1.130340e+00,0.000000,0.000000,2260.805833,0.000000,0.000000,0.000000,0.000000,0.000000,0.000000,0.000000,0.000000,0.000000,0.000000,0.000000,0.000000,-1.022201024e-03
1.051275,-0.002722549,0.460610317,-1.966124253,4.198824145,0.925521845,0.125307121,0.319975496,2.735961e+00,9.440843e+00,1.990147e+02,3.070706e+02,9.131745e+01,1.402668e+00,1.079980e+00,0.000000,0.000000,1955.026052,0.000000,0.000000,0.000000,0.000000,0.000000,0.000000,0.000000,0.000000,0.000000,0.000000,0.000000,0.000000,-4.632923665e-03
1.052525,-0.004311571,0.464041306,-1.972310486,4.238537970,0.929443178,0.125225967,0.319094606,6.771739e+00,1.013354e+01,1.297671e+02,2.429318e+02,8.712580e+01,1.618567e+00,9.384617e-01,0.000000,0.000000,2659.958642,0.000000,0.000000,0.000000,0.000000,0.000000,0.000000,0.000000,0.000000,0.000000,0.000000,0.000000,0.000000,-7.323327260e-03
1.053775,-0.005038950,0.467456966,-1.972884443,4.278236466,0.933349183,0.125129486,0.318198388,9.286824e+00,8.337503e+00,1.243075e+02,1.972103e+02,7.368579e+01,2.022697e+00,9.008758e-01,0.000000,0.000000,3542.393650,0.000000,0.000000,0.000000,0.000000,0.000000,0.000000,0.000000,0.000000,0.000000,0.000000,0.000000,0.000000,-8.588424325e-03
1.055025,-0.004784754,0.470857299,-1.968277587,4.317919634,0.937239860,0.125017677,0.317286841,8.355338e+00,8.751969e+00,1.358235e+02,1.829812e+02,7.367091e+01,2.345713e+00,8.997476e-01,0.000000,0.000000,3077.583056,0.000000,0.000000,0.000000,0.000000,0.000000,0.000000,0.000000,0.000000,0.000000,0.000000,0.000000,0.000000,-8.127935306e-03
1.056275,-0.003581649,0.474242303,-1.959761154,4.357587474,0.941115208,0.124890539,0.316359967,4.680203e+00,8.816896e+00,1.383886e+02,2.820673e+02,8.787835e+01,2.584541e+00,9.092703e-01,0.000000,0.000000,2064.973195,0.000000,0.000000,0.000000,0.000000,0.000000,0.000000,0.000000,0.000000,0.000000,0.000000,0.000000,0.000000,-6.096281370e-03
1.057525,-0.001685323,0.477611979,-1.949432367,4.397239986,0.944975229,0.124748073,0.315417764,1.069246e+00,6.644533e+00,9.098077e+01,3.327409e+02,9.386513e+01,2.376114e+00,1.028136e+00,0.000000,0.000000,370.641438,0.000000,0.000000,0.000000,0.000000,0.000000,0.000000,0.000000,0.000000,0.000000,0.000000,0.000000,0.000000,-2.873025810e-03
1.058775,0.000521711,0.480966327,-1.938691685,4.436877169,0.948819921,0.124590280,0.314460234,1.022192e-01,1.234845e+01,9.245371e+01,2.180114e+02,9.689353e+01,1.650592e+00,1.106784e+00,0.000000,0.000000,237.628859,0.000000,0.000000,0.000000,0.000000,0.000000,0.000000,0.000000,0.000000,0.000000,0.000000,0.000000,0.000000,9.023042058e-04
1.060025,0.002614484,0.484305347,-1.927809095,4.476499025,0.952649285,0.124417158,0.313487375,2.512400e+00,8.871046e+00,1.219840e+02,1.664170e+02,8.287997e+01,1.426680e+00,9.385752e-01,0.000000,0.000000,0.000000,0.000000,0.000000,0.000000,0.000000,0.000000,0.000000,0.000000,0.000000,0.000000,0.000000,0.000000,0.000000,4.437030852e-03
1.061275,0.004156507,0.487629038,-1.916941834,4.516105552,0.956463321,0.124228708,0.312499188,6.315869e+00,8.496081e+00,9.984548e+01,1.811918e+02,6.684129e+01,1.693577e+00,7.101908e-01,0.000000,0.000000,0.000000,0.000000,0.000000,0.000000,0.000000,0.000000,0.000000,0.000000,0.000000,0.000000,0.000000,0.000000,0.000000,7.081062847e-03
1.062525,0.004859268,0.490937402,-1.906089902,4.555696752,0.960262029,0.124024929,0.311495673,8.618358e+00,8.167364e+00,9.563803e+01,2.732617e+02,6.043938e+01,1.947860e+00,6.778885e-01,0.000000,0.000000,0.000000,0.000000,0.000000,0.000000,0.000000,0.000000,0.000000,0.000000,0.000000,0.000000,0.000000,0.000000,0.000000,8.271833712e-03
1.063775,0.004582220,0.494230437,-1.895253297,4.595272623,0.964045409,0.123805823,0.310476830,7.672842e+00,6.992706e+00,1.208047e+02,3.071316e+02,6.234744e+01,1.992008e+00,8.460187e-01,0.000000,0.000000,0.000000,0.000000,0.000000,0.000000,0.000000,0.000000,0.000000,0.000000,0.000000,0.000000,0.000000,0.000000,0.000000,7.788725189e-03
1.065025,0.003375513,0.497508145,-1.884432020,4.634833166,0.967813460,0.123571389,0.309442658,4.161539e+00,8.715080e+00,8.977305e+01,2.752121e+02,9.605487e+01,1.848825e+00,1.136822e+00,0.000000,0.000000,0.000000,0.000000,0.000000,0.000000,0.000000,0.000000,0.000000,0.000000,0.000000,0.000000,0.000000,0.000000,0.000000,5.757600876e-03
1.066275,0.001500404,0.500770524,-1.873626072,4.674378381,0.971566184,0.123321626,0.308393159,8.469058e-01,9.954612e+00,7.312074e+01,1.681210e+02,1.061922e+02,1.894460e+00,1.345104e+00,0.000000,0.000000,0.000000,0.000000,0.000000,0.000000,0.000000,0.000000,0.000000,0.000000,0.000000,0.000000,0.000000,0.000000,0.000000,2.545090084e-03
1.067525,-0.000684567,0.504017575,-1.862835452,4.713908268,0.975303579,0.123056535,0.307328331,1.758650e-01,7.425869e+00,1.202213e+02,1.316377e+02,8.324330e+01,2.209853e+00,1.228298e+00,0.000000,0.000000,0.000000,0.000000,0.000000,0.000000,0.000000,0.000000,0.000000,0.000000,0.000000,0.000000,0.000000,0.000000,0.000000,-1.161333896e-03
1.068775,-0.002734292,0.507249298,-1.851919986,4.753422827,0.979025647,0.122776117,0.306248176,2.737567e+00,5.993141e+00,9.692627e+01,2.254401e+02,6.870411e+01,2.221683e+00,8.897563e-01,0.000000,0.000000,174.339859,0.000000,0.000000,0.000000,0.000000,0.000000,0.000000,0.000000,0.000000,0.000000,0.000000,0.000000,0.000000,-4.645328123e-03
1.070025,-0.004238720,0.510465692,-1.840887616,4.792922057,0.982732386,0.122480370,0.305152692,6.573967e+00,1.072822e+01,7.751487e+01,2.886516e+02,6.421143e+01,1.702442e+00,6.334206e-01,0.000000,0.000000,0.000000,0.000000,0.000000,0.000000,0.000000,0.000000,0.000000,0.000000,0.000000,0.000000,0.000000,0.000000,0.000000,-7.221729891e-03
1.071275,-0.004913682,0.513666759,-1.829870574,4.832405960,0.986423797,0.122169294,0.304041880,8.792477e+00,8.563802e+00,1.109656e+02,2.827724e+02,6.486768e+01,1.188316e+00,5.795293e-01,0.000000,0.000000,0.000000,0.000000,0.000000,0.000000,0.000000,0.000000,0.000000,0.000000,0.000000,0.000000,0.000000,0.000000,0.000000,-8.349236284e-03
1.072525,-0.004611831,0.516852498,-1.818868860,4.871874534,0.990099880,0.121842891,0.302915740,7.781126e+00,7.424500e+00,8.444240e+01,2.022620e+02,7.163965e+01,1.172102e+00,6.863481e-01,0.000000,0.000000,0.000000,0.000000,0.000000,0.000000,0.000000,0.000000,0.000000,0.000000,0.000000,0.000000,0.000000,0.000000,0.000000,-7.851138479e-03
1.073775,-0.003409479,0.520022908,-1.807882474,4.911327780,0.993760635,0.121501160,0.301774271,4.237826e+00,8.628629e+00,8.098701e+01,1.245318e+02,7.454945e+01,1.844210e+00,8.769540e-01,0.000000,0.000000,0.000000,0.000000,0.000000,0.000000,0.000000,0.000000,0.000000,0.000000,0.000000,0.000000,0.000000,0.000000,0.000000,-5.802135672e-03
1.075025,-0.001547004,0.523177990,-1.796911416,4.950765698,0.997406061,0.121144101,0.300617475,8.908968e-01,5.212579e+00,1.038862e+02,2.010432e+02,8.351760e+01,2.489931e+00,1.060191e+00,0.000000,0.000000,0.000000,0.000000,0.000000,0.000000,0.000000,0.000000,0.000000,0.000000,0.000000,0.000000,0.000000,0.000000,0.000000,-2.622848557e-03
1.076275,0.000610227,0.526317745,-1.785955687,4.990188288,1.001036160,0.120771713,0.299445351,1.463790e-01,6.740832e+00,8.961991e+01,2.992933e+02,8.602442e+01,2.109042e+00,1.151628e+00,0.000000,0.000000,0.000000,0.000000,0.000000,0.000000,0.000000,0.000000,0.000000,0.000000,0.000000,0.000000,0.000000,0.000000,0.000000,1.029765155e-03
1.077525,0.002617704,0.529442171,-1.775015286,5.029595550,1.004650930,0.120383997,0.298257898,2.509167e+00,9.739384e+00,7.629982e+01,2.364304e+02,7.637262e+01,1.658795e+00,1.084933e+00,0.000000,0.000000,0.000000,0.000000,0.000000,0.000000,0.000000,0.000000,0.000000,0.000000,0.000000,0.000000,0.000000,0.000000,0.000000,4.462852680e-03
1.078775,0.004090168,0.532551269,-1.764090212,5.068987484,1.008250373,0.119980953,0.297055117,6.119722e+00,8.943081e+00,1.023622e+02,1.998689e+02,7.452635e+01,1.502120e+00,9.013665e-01,0.000000,0.000000,0.000000,0.000000,0.000000,0.000000,0.000000,0.000000,0.000000,0.000000,0.000000,0.000000,0.000000,0.000000,0.000000,6.959945789e-03
1.080025,0.004730228,0.535645038,-1.753180305,5.108364090,1.011834487,0.119562582,0.295837009,8.151717e+00,6.591222e+00,6.464498e+01,1.444332e+02,6.698160e+01,1.497016e+00,7.567783e-01,0.000000,0.000000,9.201612,0.000000,0.000000,0.000000,0.000000,0.000000,0.000000,0.000000,0.000000,0.000000,0.000000,0.000000,0.000000,8.045169350e-03
1.081275,0.004411016,0.538723480,-1.741975861,5.147725367,1.015403273,0.119128881,0.294603572,7.122237e+00,7.429864e+00,8.623048e+01,1.461913e+02,5.016982e+01,1.912800e+00,7.592272e-01,0.000000,0.000000,245.986721,0.000000,0.000000,0.000000,0.000000,0.000000,0.000000,0.000000,0.000000,0.000000,0.000000,0.000000,0.000000,7.515792762e-03
1.082525,0.003210701,0.541786594,-1.730698040,5.187071317,1.018956731,0.118679853,0.293354806,3.758379e+00,6.622159e+00,1.107649e+02,2.691655e+02,5.421479e+01,1.751231e+00,9.123629e-01,0.000000,0.000000,0.000000,0.000000,0.000000,0.000000,0.000000,0.000000,0.000000,0.000000,0.000000,0.000000,0.000000,0.000000,0.000000,5.456567781e-03
1.083775,0.001358581,0.544834379,-1.719435548,5.226401938,1.022494860,0.118215497,0.292090713,6.868489e-01,7.740542e+00,6.099579e+01,3.056490e+02,8.959752e+01,9.614616e-01,1.087980e+00,0.000000,0.000000,0.000000,0.000000,0.000000,0.000000,0.000000,0.000000,0.000000,0.000000,0.000000,0.000000,0.000000,0.000000,0.000000,2.316914742e-03
1.085025,-0.000764866,0.547866836,-1.708188383,5.265717231,1.026017662,0.117735812,0.290811292,2.290175e-01,8.212839e+00,7.330682e+01,2.078944e+02,9.810705e+01,1.409965e+00,1.031438e+00,0.000000,0.000000,0.000000,0.000000,0.000000,0.000000,0.000000,0.000000,0.000000,0.000000,0.000000,0.000000,0.000000,0.000000,0.000000,-1.297934137e-03
1.086275,-0.002737454,0.550883965,-1.696956547,5.305017196,1.029525136,0.117240800,0.289516542,2.735583e+00,5.179689e+00,1.029319e+02,1.031030e+02,6.833077e+01,2.416238e+00,7.309118e-01,0.000000,0.000000,0.000000,0.000000,0.000000,0.000000,0.000000,0.000000,0.000000,0.000000,0.000000,0.000000,0.000000,0.000000,0.000000,-4.663270032e-03
1.087525,-0.004174178,0.553885766,-1.685740039,5.344301833,1.033017281,0.116730459,0.288206465,6.365621e+00,6.731508e+00,6.447447e+01,1.619256e+02,5.718044e+01,2.366262e+00,5.967581e-01,0.000000,0.000000,0.000000,0.000000,0.000000,0.000000,0.000000,0.000000,0.000000,0.000000,0.000000,0.000000,0.000000,0.000000,0.000000,-7.093255954e-03
1.088775,-0.004779962,0.556872239,-1.674538859,5.383571142,1.036494098,0.116204790,0.286881059,8.331071e+00,8.473776e+00,6.873860e+01,2.045375e+02,5.916959e+01,1.674606e+00,8.371433e-01,0.000000,0.000000,0.000000,0.000000,0.000000,0.000000,0.000000,0.000000,0.000000,0.000000,0.000000,0.000000,0.000000,0.000000,0.000000,-8.137493986e-03
1.090025,-0.004448250,0.559843384,-1.663353007,5.422825122,1.039955588,0.115663793,0.285540325,7.226493e+00,7.234298e+00,1.099349e+02,2.661645e+02,7.102684e+01,1.183754e+00,1.101022e+00,0.000000,0.000000,0.000000,0.000000,0.000000,0.000000,0.000000,0.000000,0.000000,0.000000,0.000000,0.000000,0.000000,0.000000,0.000000,-7.567049965e-03
1.091275,-0.003244101,0.562799201,-1.652182483,5.462063775,1.043401749,0.115107468,0.284184263,3.842024e+00,7.296316e+00,6.192372e+01,2.537011e+02,7.409591e+01,1.014393e+00,1.101930e+00,0.000000,0.000000,0.000000,0.000000,0.000000,0.000000,0.000000,0.000000,0.000000,0.000000,0.000000,0.000000,0.000000,0.000000,0.000000,-5.514248743e-03
1.092525,-0.001407760,0.565739689,-1.641027288,5.501287099,1.046832582,0.114535815,0.282812873,7.295673e-01,7.782538e+00,6.126273e+01,1.248372e+02,6.077346e+01,1.257715e+00,9.538660e-01,0.000000,0.000000,0.000000,0.000000,0.000000,0.000000,0.000000,0.000000,0.000000,0.000000,0.000000,0.000000,0.000000,0.000000,0.000000,-2.401026504e-03
1.093775,0.000683963,0.568664850,-1.629887420,5.540495096,1.050248086,0.113948834,0.281426155,1.903791e-01,4.186221e+00,8.998498e+01,1.466346e+02,6.449024e+01,1.811280e+00,7.677714e-01,0.000000,0.000000,0.000000,0.000000,0.000000,0.000000,0.000000,0.000000,0.000000,0.000000,0.000000,0.000000,0.000000,0.000000,0.000000,1.171537829e-03
1.095025,0.002624313,0.571574682,-1.618762881,5.579687764,1.053648263,0.113346524,0.280024109,2.509475e+00,6.760788e+00,7.511461e+01,1.883681e+02,7.187138e+01,1.952355e+00,5.708635e-01,0.000000,0.000000,0.000000,0.000000,0.000000,0.000000,0.000000,0.000000,0.000000,0.000000,0.000000,0.000000,0.000000,0.000000,0.000000,4.464225947e-03
1.096275,0.004020810,0.574469186,-1.607653669,5.618865104,1.057033112,0.112728887,0.278606734,5.910475e+00,7.761165e+00,7.035191e+01,2.653336e+02,6.989194e+01,1.839511e+00,5.572821e-01,0.000000,0.000000,0.000000,0.000000,0.000000,0.000000,0.000000,0.000000,0.000000,0.000000,0.000000,0.000000,0.000000,0.000000,0.000000,6.841093408e-03
1.097525,0.004598458,0.577348362,-1.596559786,5.658027116,1.060402632,0.112095921,0.277174032,7.716648e+00,5.567297e+00,7.626147e+01,2.259826e+02,7.075966e+01,1.857375e+00,8.441399e-01,0.000000,0.000000,0.000000,0.000000,0.000000,0.000000,0.000000,0.000000,0.000000,0.000000,0.000000,0.000000,0.000000,0.000000,0.000000,7.831587619e-03
1.098775,0.004251553,0.580212210,-1.585481231,5.697173800,1.063756824,0.111447627,0.275726001,6.594364e+00,7.189420e+00,7.251382e+01,1.475771e+02,6.490372e+01,1.502599e+00,1.159841e+00,0.000000,0.000000,0.000000,0.000000,0.000000,0.000000,0.000000,0.000000,0.000000,0.000000,0.000000,0.000000,0.000000,0.000000,0.000000,7.229433241e-03
1.100025,0.003043650,0.583060730,-1.574418004,5.736305155,1.067095688,0.110784005,0.274262642,3.392986e+00,7.830300e+00,5.663672e+01,1.025282e+02,6.036859e+01,1.253519e+00,1.224201e+00,0.000000,0.000000,0.000000,0.000000,0.000000,0.000000,0.000000,0.000000,0.000000,0.000000,0.000000,0.000000,0.000000,0.000000,0.000000,5.184535424e-03
1.101275,0.001226810,0.585893922,-1.563370106,5.775421183,1.070419225,0.110105055,0.272783955,5.503179e-01,6.084613e+00,8.248309e+01,1.662912e+02,6.791178e+01,1.223639e+00,1.096296e+00,0.000000,0.000000,0.000000,0.000000,0.000000,0.000000,0.000000,0.000000,0.000000,0.000000,0.000000,0.000000,0.000000,0.000000,0.000000,2.088820056e-03
1.102525,-0.000838406,0.588711785,-1.552337535,5.814521883,1.073727432,0.109410777,0.271289940,2.748184e-01,5.646439e+00,8.308386e+01,2.834314e+02,6.394067e+01,1.268118e+00,8.954049e-01,0.000000,0.000000,0.000000,0.000000,0.000000,0.000000,0.000000,0.000000,0.000000,0.000000,0.000000,0.000000,0.000000,0.000000,0.000000,-1.428925727e-03
1.103775,-0.002742867,0.591514321,-1.541320293,5.853607254,1.077020312,0.108701171,0.269780597,2.739587e+00,6.675815e+00,5.837967e+01,2.235138e+02,5.052022e+01,1.573810e+00,6.526831e-01,0.000000,0.000000,0.000000,0.000000,0.000000,0.000000,0.000000,0.000000,0.000000,0.000000,0.000000,0.000000,0.000000,0.000000,0.000000,-4.660081186e-03
1.105025,-0.004101015,0.594301528,-1.530318378,5.892677297,1.080297864,0.107976236,0.268255926,6.145285e+00,5.083339e+00,6.265534e+01,1.778006e+02,5.777889e+01,1.733269e+00,5.297309e-01,0.000000,0.000000,0.000000,0.000000,0.000000,0.000000,0.000000,0.000000,0.000000,0.000000,0.000000,0.000000,0.000000,0.000000,0.000000,-6.981626680e-03
1.106275,-0.004653180,0.597073407,-1.519331792,5.931732012,1.083560087,0.107235974,0.266715926,7.896647e+00,6.787211e+00,6.558929e+01,1.208469e+02,7.491114e+01,1.732987e+00,6.874947e-01,0.000000,0.000000,0.000000,0.000000,0.000000,0.000000,0.000000,0.000000,0.000000,0.000000,0.000000,0.000000,0.000000,0.000000,0.000000,-7.914434277e-03
1.107525,-0.004287487,0.599829958,-1.508360534,5.970771399,1.086806983,0.106480383,0.265160599,6.701408e+00,7.021576e+00,7.083492e+01,1.048972e+02,8.388774e+01,1.901631e+00,9.283670e-01,0.000000,0.000000,0.000000,0.000000,0.000000,0.000000,0.000000,0.000000,0.000000,0.000000,0.000000,0.000000,0.000000,0.000000,0.000000,-7.292165143e-03
1.108775,-0.003080527,0.602571181,-1.497404604,6.009795458,1.090038550,0.105709464,0.263589943,3.475688e+00,4.595106e+00,7.727758e+01,2.116253e+02,7.158439e+01,1.623443e+00,9.619446e-01,0.000000,0.000000,0.000000,0.000000,0.000000,0.000000,0.000000,0.000000,0.000000,0.000000,0.000000,0.000000,0.000000,0.000000,0.000000,-5.244871573e-03
1.110025,-0.001280868,0.605297076,-1.486464002,6.048804189,1.093254789,0.104923217,0.262003959,5.966039e-01,6.998642e+00,6.247248e+01,2.773873e+02,4.907697e+01,1.073955e+00,8.752007e-01,0.000000,0.000000,0.000000,0.000000,0.000000,0.000000,0.000000,0.000000,0.000000,0.000000,0.000000,0.000000,0.000000,0.000000,0.000000,-2.173064073e-03
1.111275,0.000758491,0.608007642,-1.475538728,6.087797591,1.096455700,0.104121642,0.260402647,2.248353e-01,7.244964e+00,5.071045e+01,1.720959e+02,4.398011e+01,9.496179e-01,8.292133e-01,0.000000,0.000000,0.000000,0.000000,0.000000,0.000000,0.000000,0.000000,0.000000,0.000000,0.000000,0.000000,0.000000,0.000000,0.000000,1.288960644e-03
1.112525,0.002624470,0.610702881,-1.464628783,6.126775666,1.099641283,0.103304739,0.258786007,2.514791e+00,5.849187e+00,7.882009e+01,1.060664e+02,5.167819e+01,1.181169e+00,7.553895e-01,0.000000,0.000000,0.000000,0.000000,0.000000,0.000000,0.000000,0.000000,0.000000,0.000000,0.000000,0.000000,0.000000,0.000000,0.000000,4.467001701e-03
1.113775,0.003948915,0.613382791,-1.453734165,6.165738412,1.102811538,0.102472508,0.257154039,5.694451e+00,5.466046e+00,5.563086e+01,1.520840e+02,6.230600e+01,1.626465e+00,7.412279e-01,0.000000,0.000000,0.000000,0.000000,0.000000,0.000000,0.000000,0.000000,0.000000,0.000000,0.000000,0.000000,0.000000,0.000000,0.000000,6.723961470e-03
1.115025,0.004473106,0.616047374,-1.442854876,6.204685830,1.105966465,0.101624948,0.255506743,7.301398e+00,4.372661e+00,6.338620e+01,1.802955e+02,7.390774e+01,1.930815e+00,9.523608e-01,0.000000,0.000000,0.000000,0.000000,0.000000,0.000000,0.000000,0.000000,0.000000,0.000000,0.000000,0.000000,0.000000,0.000000,0.000000,7.608170520e-03
1.116275,0.004090015,0.618696628,-1.431990915,6.243617921,1.109106063,0.100762061,0.253844118,6.101422e+00,4.842245e+00,8.133445e+01,2.349626e+02,7.767802e+01,1.807620e+00,1.133068e+00,0.000000,0.000000,0.000000,0.000000,0.000000,0.000000,0.000000,0.000000,0.000000,0.000000,0.000000,0.000000,0.000000,0.000000,0.000000,6.964666605e-03
1.117525,0.002886140,0.621330554,-1.421142281,6.282534683,1.112230334,0.099883845,0.252166165,3.051000e+00,7.603422e+00,4.067668e+01,2.101548e+02,6.862216e+01,1.370745e+00,9.976680e-01,0.000000,0.000000,0.000000,0.000000,0.000000,0.000000,0.000000,0.000000,0.000000,0.000000,0.000000,0.000000,0.000000,0.000000,0.000000,4.911127742e-03
1.118775,0.001100362,0.623949152,-1.410308976,6.321436116,1.115339276,0.098990301,0.250472885,4.422438e-01,7.387501e+00,5.282782e+01,9.616004e+01,5.253167e+01,1.159847e+00,7.241475e-01,0.000000,0.000000,0.000000,0.000000,0.000000,0.000000,0.000000,0.000000,0.000000,0.000000,0.000000,0.000000,0.000000,0.000000,0.000000,1.872073274e-03
1.120025,-0.000909931,0.626552422,-1.399491000,6.360322222,1.118432890,0.098081429,0.248764276,3.119424e-01,4.266920e+00,8.454832e+01,9.688771e+01,4.943209e+01,1.264028e+00,5.639555e-01,0.000000,0.000000,0.000000,0.000000,0.000000,0.000000,0.000000,0.000000,0.000000,0.000000,0.000000,0.000000,0.000000,0.000000,0.000000,-1.543142993e-03
1.121275,-0.002739653,0.629140363,-1.388688351,6.399193000,1.121511176,0.097157229,0.247040339,2.743770e+00,5.740960e+00,5.547917e+01,1.833462e+02,4.679278e+01,1.502391e+00,5.942181e-01,0.000000,0.000000,0.000000,0.000000,0.000000,0.000000,0.000000,0.000000,0.000000,0.000000,0.000000,0.000000,0.000000,0.000000,0.000000,-4.664238881e-03
1.122525,-0.004031542,0.631712977,-1.377901030,6.438048449,1.124574134,0.096217701,0.245301074,5.924230e+00,5.427137e+00,4.800974e+01,2.374995e+02,5.136577e+01,1.373287e+00,8.366512e-01,0.000000,0.000000,0.000000,0.000000,0.000000,0.000000,0.000000,0.000000,0.000000,0.000000,0.000000,0.000000,0.000000,0.000000,0.000000,-6.856220448e-03
1.123775,-0.004525869,0.634270262,-1.367129038,6.476888571,1.127621764,0.095262845,0.243546481,7.476628e+00,5.002396e+00,7.473849e+01,2.277175e+02,6.873301e+01,9.859085e-01,1.097195e+00,0.000000,0.000000,0.000000,0.000000,0.000000,0.000000,0.000000,0.000000,0.000000,0.000000,0.000000,0.000000,0.000000,0.000000,0.000000,-7.699345162e-03
1.125025,-0.004129174,0.636812219,-1.356372373,6.515713364,1.130654066,0.094292660,0.241776559,6.214556e+00,6.855833e+00,4.657238e+01,1.330850e+02,7.275343e+01,1.256406e+00,1.071130e+00,0.000000,0.000000,0.000000,0.000000,0.000000,0.000000,0.000000,0.000000,0.000000,0.000000,0.000000,0.000000,0.000000,0.000000,0.000000,-7.027334725e-03
1.126275,-0.002926343,0.639338849,-1.345631037,6.554522829,1.133671039,0.093307148,0.239991310,3.130845e+00,4.389374e+00,5.285537e+01,7.010208e+01,6.779697e+01,1.887121e+00,7.977843e-01,0.000000,0.000000,0.000000,0.000000,0.000000,0.000000,0.000000,0.000000,0.000000,0.000000,0.000000,0.000000,0.000000,0.000000,0.000000,-4.974282884e-03
1.127525,-0.001155046,0.641850150,-1.334905029,6.593316966,1.136672685,0.092306307,0.238190732,4.899447e-01,4.221890e+00,7.140837e+01,1.436645e+02,5.896762e+01,1.958392e+00,5.808186e-01,0.000000,0.000000,0.000000,0.000000,0.000000,0.000000,0.000000,0.000000,0.000000,0.000000,0.000000,0.000000,0.000000,0.000000,0.000000,-1.966883434e-03
1.128775,0.000824819,0.644346123,-1.324194349,6.632095775,1.139659002,0.091290138,0.236374827,2.546428e-01,6.064687e+00,4.978640e+01,2.118911e+02,4.985245e+01,1.538331e+00,5.583550e-01,0.000000,0.000000,0.000000,0.000000,0.000000,0.000000,0.000000,0.000000,0.000000,0.000000,0.000000,0.000000,0.000000,0.000000,0.000000,1.405761300e-03
1.130025,0.002621486,0.646826767,-1.313498997,6.670859256,1.142629991,0.090258641,0.234543593,2.515770e+00,6.712096e+00,5.787218e+01,2.133877e+02,5.017120e+01,9.416100e-01,6.725880e-01,0.000000,0.000000,0.000000,0.000000,0.000000,0.000000,0.000000,0.000000,0.000000,0.000000,0.000000,0.000000,0.000000,0.000000,0.000000,4.463596600e-03
1.131275,0.003878752,0.649292084,-1.302818973,6.709607408,1.145585652,0.089211816,0.232697031,5.482720e+00,6.348143e+00,5.970820e+01,1.605856e+02,4.830197e+01,5.535464e-01,8.638085e-01,0.000000,0.000000,0.000000,0.000000,0.000000,0.000000,0.000000,0.000000,0.000000,0.000000,0.000000,0.000000,0.000000,0.000000,0.000000,6.598342165e-03
1.132525,0.004345154,0.651742073,-1.292154278,6.748340233,1.148525985,0.088149663,0.230835141,6.896838e+00,4.215029e+00,4.446808e+01,9.917319e+01,5.342467e+01,1.158802e+00,1.053316e+00,0.000000,0.000000,0.000000,0.000000,0.000000,0.000000,0.000000,0.000000,0.000000,0.000000,0.000000,0.000000,0.000000,0.000000,0.000000,7.398130226e-03
1.133775,0.003935979,0.654176733,-1.281504910,6.787057729,1.151450990,0.087072182,0.228957923,5.646818e+00,3.657595e+00,5.794552e+01,1.113943e+02,6.596996e+01,1.861426e+00,1.090241e+00,0.000000,0.000000,0.000000,0.000000,0.000000,0.000000,0.000000,0.000000,0.000000,0.000000,0.000000,0.000000,0.000000,0.000000,0.000000,6.697073568e-03
1.135025,0.002732442,0.656596065,-1.270870871,6.825759898,1.154360667,0.085979372,0.227065376,2.730363e+00,4.937360e+00,6.618168e+01,2.000754e+02,6.834748e+01,1.573052e+00,9.304226e-01,0.000000,0.000000,0.000000,0.000000,0.000000,0.000000,0.000000,0.000000,0.000000,0.000000,0.000000,0.000000,0.000000,0.000000,0.000000,4.650458271e-03
1.136275,0.000978299,0.659000069,-1.260252160,6.864446738,1.157255015,0.084871235,0.225157502,3.557099e-01,5.873215e+00,4.208213e+01,2.378100e+02,6.364149e+01,1.316805e+00,7.260103e-01,0.000000,0.000000,0.000000,0.000000,0.000000,0.000000,0.000000,0.000000,0.000000,0.000000,0.000000,0.000000,0.000000,0.000000,0.000000,1.668318067e-03
1.137525,-0.000973159,0.661388745,-1.249648777,6.903118250,1.160134036,0.083747769,0.223234299,3.480189e-01,5.415254e+00,5.323948e+01,1.374625e+02,5.251012e+01,1.511217e+00,6.058703e-01,0.000000,0.000000,0.000000,0.000000,0.000000,0.000000,0.000000,0.000000,0.000000,0.000000,0.000000,0.000000,0.000000,0.000000,0.000000,-1.657412988e-03
1.138775,-0.002736925,0.663762093,-1.239060722,6.941774434,1.162997728,0.082608975,0.221295769,2.739054e+00,5.235350e+00,5.862194e+01,7.565167e+01,4.529958e+01,1.460074e+00,6.127911e-01,0.000000,0.000000,0.000000,0.000000,0.000000,0.000000,0.000000,0.000000,0.000000,0.000000,0.000000,0.000000,0.000000,0.000000,0.000000,-4.653409805e-03
1.140025,-0.003958812,0.666120113,-1.228487995,6.980415290,1.165846092,0.081454853,0.219341910,5.710915e+00,5.234053e+00,4.130886e+01,1.155521e+02,4.645139e+01,1.203722e+00,7.837470e-01,0.000000,0.000000,0.000000,0.000000,0.000000,0.000000,0.000000,0.000000,0.000000,0.000000,0.000000,0.000000,0.000000,0.000000,0.000000,-6.735308091e-03
1.141275,-0.004400159,0.668462805,-1.217930596,7.019040817,1.168679128,0.080285403,0.217372723,7.066107e+00,4.443746e+00,5.729239e+01,1.727589e+02,5.681412e+01,1.019851e+00,9.696774e-01,0.000000,0.000000,0.000000,0.000000,0.000000,0.000000,0.000000,0.000000,0.000000,0.000000,0.000000,0.000000,0.000000,0.000000,0.000000,-7.487100312e-03
1.142525,-0.003976967,0.670790168,-1.207388525,7.057651017,1.171496836,0.079100625,0.215388208,5.764449e+00,5.489968e+00,6.852082e+01,2.222524e+02,6.889139e+01,7.991355e-01,8.995972e-01,0.000000,0.000000,0.000000,0.000000,0.000000,0.000000,0.000000,0.000000,0.000000,0.000000,0.000000,0.000000,0.000000,0.000000,0.000000,-6.763173800e-03
1.143775,-0.002774009,0.673102204,-1.196861783,7.096245888,1.174299216,0.077900519,0.213388365,2.809829e+00,4.978456e+00,3.348279e+01,1.986203e+02,5.891943e+01,1.064018e+00,6.685068e-01,0.000000,0.000000,0.000000,0.000000,0.000000,0.000000,0.000000,0.000000,0.000000,0.000000,0.000000,0.000000,0.000000,0.000000,0.000000,-4.721185898e-03
1.145025,-0.001044955,0.675398911,-1.186350369,7.134825432,1.177086268,0.076714163,0.211373193,4.068591e-01,3.912708e+00,3.940883e+01,9.441178e+01,3.804834e+01,1.748860e+00,6.190284e-01,0.000000,0.000000,0.000000,0.000000,0.000000,0.000000,0.000000,0.000000,0.000000,0.000000,0.000000,0.000000,32.136175,0.000000,0.000000,-1.786082007e-03
1.146275,0.000864465,0.677680290,-1.175854282,7.173389647,1.179857992,0.075533613,0.209342694,2.740056e-01,3.975990e+00,7.084163e+01,7.095789e+01,4.413075e+01,2.021094e+00,7.479970e-01,0.000000,0.000000,0.000000,0.000000,0.000000,0.000000,0.000000,0.000000,0.000000,0.000000,0.000000,0.000000,0.000000,0.000000,0.000000,1.477740761e-03
1.147525,0.002454923,0.679946341,-1.165373524,7.211938534,1.182614387,0.074340202,0.207378900,2.358277e+00,5.695923e+00,4.002988e+01,1.493007e+02,7.130357e+01,1.551936e+00,1.432671e+00,0.000000,0.000000,0.000000,0.000000,0.000000,0.000000,0.000000,0.000000,0.000000,0.000000,0.000000,0.000000,19.850639,905.946185,0.000000,4.337251170e-03
1.148775,0.003341906,0.682197064,-1.154908094,7.250472093,1.185355454,0.073278589,0.205573764,4.361396e+00,5.170896e+00,4.368520e+01,1.952355e+02,7.851711e+01,1.422839e+00,3.332520e+00,0.000000,0.000000,0.000000,0.000000,0.000000,0.000000,0.000000,0.000000,0.000000,0.000000,0.000000,0.000000,113.710667,228.029922,0.000000,5.665327021e-03
1.150025,0.003398145,0.684432459,-1.144457992,7.288990324,1.188081194,0.072295555,0.203828674,4.331096e+00,4.769520e+00,6.814812e+01,1.950399e+02,4.897362e+01,1.283322e+00,3.520060e+00,0.000000,0.000000,0.000000,0.000000,0.000000,0.000000,0.000000,0.000000,0.000000,0.000000,0.000000,0.000000,71.986151,510.324580,0.000000,5.742397652e-03
1.151275,0.002431832,0.686652526,-1.134023219,7.327493226,1.190791605,0.071481803,0.202257401,2.409093e+00,5.500302e+00,3.681203e+01,1.248328e+02,2.743526e+01,1.355584e+00,4.120939e+00,0.000000,0.000000,0.000000,0.000000,0.000000,0.000000,0.000000,0.000000,0.000000,0.000000,0.000000,0.000000,104.741668,501.509013,0.000000,4.361846027e-03
1.152525,0.001012810,0.688857264,-1.123603773,7.365980801,1.193486688,0.070729131,0.200737241,4.994454e-01,4.072563e+00,3.004354e+01,6.914653e+01,3.565726e+01,1.345894e+00,2.978478e+00,0.000000,0.000000,0.000000,0.000000,0.000000,0.000000,0.000000,0.000000,0.000000,0.000000,0.000000,0.000000,29.170988,335.154515,0.000000,1.487573158e-03
1.153775,-0.000959075,0.691046674,-1.113199656,7.404453048,1.196166442,0.070042466,0.199317118,4.710997e-01,3.930334e+00,6.861364e+01,1.444855e+02,5.909795e+01,1.324219e+00,2.177026e+00,0.000000,0.000000,0.000000,0.000000,0.000000,0.000000,0.000000,0.000000,0.000000,0.000000,0.000000,0.000000,63.288557,290.598130,0.000000,-1.416495848e-03
1.155025,-0.002626047,0.693220757,-1.102810866,7.442909966,1.198830869,0.069391216,0.197907316,2.642916e+00,4.432755e+00,5.149418e+01,1.984140e+02,7.039747e+01,1.503199e+00,2.085109e+00,0.000000,0.000000,0.000000,0.000000,0.000000,0.000000,0.000000,0.000000,0.000000,0.000000,0.000000,0.000000,8.235035,35.523805,0.000000,-4.549082195e-03
1.156275,-0.003931621,0.695379511,-1.092437405,7.481351556,1.201479968,0.068739283,0.196529403,5.655449e+00,3.738827e+00,3.241714e+01,1.729800e+02,6.573146e+01,1.653273e+00,2.242253e+00,0.000000,0.000000,0.000000,0.000000,0.000000,0.000000,0.000000,0.000000,0.000000,0.000000,0.000000,0.000000,19.192285,492.706020,0.000000,-6.676792291e-03
1.157525,-0.004588360,0.697522937,-1.082079272,7.519777818,1.204113738,0.068100013,0.195228564,7.653367e+00,5.056039e+00,5.077816e+01,1.357990e+02,5.518186e+01,1.387896e+00,3.058844e+00,0.000000,0.000000,0.000000,0.000000,0.000000,0.000000,0.000000,0.000000,0.000000,0.000000,0.000000,0.000000,5.281965,52.401360,0.000000,-7.620934774e-03
1.158775,-0.004222737,0.699651035,-1.071736467,7.558188752,1.206732180,0.067446664,0.193922815,6.928796e+00,5.923943e+00,3.913582e+01,7.025364e+01,4.355763e+01,1.011939e+00,2.936749e+00,0.000000,0.000000,0.000000,0.000000,0.000000,0.000000,0.000000,0.000000,0.000000,0.000000,0.000000,0.000000,0.538265,66.068009,0.000000,-7.443968536e-03
1.160025,-0.003358736,0.701763805,-1.061408990,7.596584358,1.209335295,0.066778749,0.192684348,4.285995e+00,4.182261e+00,4.809114e+01,8.310495e+01,4.267228e+01,1.016160e+00,2.257297e+00,0.000000,0.000000,0.000000,0.000000,0.000000,0.000000,0.000000,0.000000,0.000000,0.000000,0.000000,0.000000,0.000000,415.283547,0.000000,-5.397724286e-03
1.161275,-0.001674459,0.703861246,-1.051096841,7.634964636,1.211923081,0.066095513,0.191489680,1.212498e+00,4.067331e+00,5.814697e+01,1.969095e+02,4.598680e+01,1.035380e+00,1.834420e+00,0.000000,0.000000,0.000000,0.000000,0.000000,0.000000,0.000000,0.000000,0.000000,0.000000,0.000000,0.000000,0.375222,265.941845,0.000000,-2.979490886e-03
1.162525,0.000029582,0.705943360,-1.040800021,7.673329585,1.214495539,0.065412510,0.190403245,1.355614e-01,3.986591e+00,3.755272e+01,2.150779e+02,4.836800e+01,1.016329e+00,2.585953e+00,0.000000,0.000000,0.000000,0.000000,0.000000,0.000000,0.000000,0.000000,0.000000,0.000000,0.000000,0.000000,47.296076,442.448805,0.000000,6.454057550e-05
1.163775,0.001586429,0.708010145,-1.030518528,7.711679207,1.217052669,0.064856052,0.189377155,1.113874e+00,4.180976e+00,3.530307e+01,1.352046e+02,5.001244e+01,1.641823e+00,3.842862e+00,0.000000,0.000000,0.000000,0.000000,0.000000,0.000000,0.000000,0.000000,0.000000,0.000000,0.000000,0.000000,74.444677,440.985172,0.000000,2.897833966e-03
1.165025,0.002720655,0.710061603,-1.020252364,7.750013500,1.219594470,0.064385133,0.188480464,2.726272e+00,4.848752e+00,4.817514e+01,8.845745e+01,5.702421e+01,1.949170e+00,4.790607e+00,0.000000,0.000000,0.000000,0.000000,0.000000,0.000000,0.000000,0.000000,0.000000,0.000000,0.000000,0.000000,108.396546,376.921644,0.000000,4.434423638e-03
1.166275,0.003014865,0.712097732,-1.010001528,7.788332465,1.222120944,0.064173146,0.187624562,3.413179e+00,3.976846e+00,4.094326e+01,8.154839e+01,6.487165e+01,1.873229e+00,3.790449e+00,0.000000,0.000000,0.000000,0.000000,0.000000,0.000000,0.000000,0.000000,0.000000,0.000000,0.000000,0.000000,219.926017,210.262783,0.000000,5.228923485e-03
1.167525,0.002557524,0.714118533,-0.999766020,7.826636102,1.224632089,0.064150854,0.186868901,2.559607e+00,2.999658e+00,4.897902e+01,1.321620e+02,5.876740e+01,1.604764e+00,2.328846e+00,0.000000,0.000000,0.000000,0.000000,0.000000,0.000000,0.000000,0.000000,0.000000,0.000000,0.000000,0.000000,50.191909,535.383892,0.000000,4.487488984e-03
1.168775,0.001554699,0.716124006,-0.989545840,7.864924411,1.227127907,0.064177944,0.186166587,1.006087e+00,4.636106e+00,4.856628e+01,1.925865e+02,4.741067e+01,1.063361e+00,1.233381e+00,0.000000,0.000000,0.000000,0.000000,0.000000,0.000000,0.000000,0.000000,0.000000,0.000000,0.000000,0.000000,15.956512,96.042031,0.000000,2.467677112e-03
1.170025,0.000064881,0.718114150,-0.979340988,7.903197392,1.229608396,0.064209274,0.185465416,1.078692e-01,6.226158e+00,2.714788e+01,1.763516e+02,3.832230e+01,8.313965e-01,1.509896e+00,0.000000,0.000000,0.000000,0.000000,0.000000,0.000000,0.000000,0.000000,0.000000,0.000000,0.000000,0.000000,16.604510,32.958165,0.000000,2.709291673e-04
1.171275,-0.001316023,0.720088967,-0.969151464,7.941455045,1.232073557,0.064236517,0.184751919,7.529394e-01,4.180960e+00,4.459757e+01,7.951916e+01,3.335355e+01,1.170038e+00,2.571708e+00,0.000000,0.000000,0.000000,0.000000,0.000000,0.000000,0.000000,0.000000,0.000000,0.000000,0.000000,0.000000,0.000000,0.000000,0.000000,-2.301790530e-03
1.172525,-0.002504078,0.722048456,-0.958977268,7.979697369,1.234523390,0.064248433,0.184023094,2.316090e+00,3.453656e+00,5.117663e+01,7.714336e+01,4.083178e+01,1.434332e+00,2.929616e+00,0.000000,0.000000,0.000000,0.000000,0.000000,0.000000,0.000000,0.000000,0.000000,0.000000,0.000000,0.000000,0.000000,0.000000,0.000000,-4.309944076e-03
1.173775,-0.003235309,0.723992616,-0.948818401,8.017924366,1.236957895,0.064245020,0.183278941,3.864596e+00,3.039478e+00,3.406310e+01,1.536838e+02,5.925895e+01,1.481498e+00,2.175912e+00,0.000000,0.000000,0.000000,0.000000,0.000000,0.000000,0.000000,0.000000,0.000000,0.000000,0.000000,0.000000,0.000000,0.000000,0.000000,-5.366713428e-03
1.175025,-0.003219932,0.725921448,-0.938674862,8.056136034,1.239377071,0.064226279,0.182519459,4.000919e+00,3.168082e+00,4.168935e+01,1.727181e+02,7.456985e+01,1.538302e+00,1.145805e+00,0.000000,0.000000,0.000000,0.000000,0.000000,0.000000,0.000000,0.000000,0.000000,0.000000,0.000000,0.000000,0.000000,0.000000,0.000000,-5.635157266e-03
1.176275,-0.002708261,0.727834952,-0.928546650,8.094332374,1.241780920,0.064192210,0.181744650,2.683438e+00,4.918321e+00,4.598948e+01,1.696069e+02,6.273510e+01,1.579896e+00,1.098636e+00,0.000000,0.000000,0.000000,0.000000,0.000000,0.000000,0.000000,0.000000,0.000000,0.000000,0.000000,0.000000,0.000000,0.000000,0.000000,-4.501096979e-03
1.177525,-0.001580851,0.729733128,-0.918433767,8.132513386,1.244169440,0.064142813,0.180954512,9.841717e-01,5.050550e+00,3.113938e+01,9.866208e+01,3.784608e+01,1.237483e+00,2.119447e+00,0.000000,0.000000,0.000000,0.000000,0.000000,0.000000,0.000000,0.000000,0.000000,0.000000,0.000000,0.000000,0.000000,0.000000,0.000000,-2.698598668e-03
1.178775,-0.000163640,0.731615976,-0.908336212,8.170679070,1.246542633,0.064078088,0.180149046,4.102973e-02,4.041523e+00,3.874507e+01,4.189453e+01,2.822080e+01,8.756072e-01,2.780170e+00,0.000000,0.000000,0.000000,0.000000,0.000000,0.000000,0.000000,0.000000,0.000000,0.000000,0.000000,0.000000,0.000000,0.000000,0.000000,-3.646441846e-04
1.180025,0.001195020,0.733483496,-0.898253986,8.208829426,1.248900497,0.063998034,0.179328253,6.963296e-01,2.917900e+00,4.798876e+01,1.225087e+02,3.763028e+01,1.072981e+00,2.449154e+00,0.000000,0.000000,0.000000,0.000000,0.000000,0.000000,0.000000,0.000000,0.000000,0.000000,0.000000,0.000000,0.000000,0.000000,0.000000,2.175592072e-03
1.181275,0.002415837,0.735335688,-0.888187087,8.246964454,1.251243033,0.063902753,0.178492131,2.146091e+00,4.576008e+00,3.891161e+01,1.847886e+02,5.402495e+01,1.201136e+00,1.665067e+00,0.000000,0.000000,0.000000,0.000000,0.000000,0.000000,0.000000,0.000000,0.000000,0.000000,0.000000,0.000000,2.592986,0.000000,0.000000,3.983249480e-03
1.182525,0.003016849,0.737172551,-0.878135516,8.285084153,1.253570241,0.063866156,0.177640681,3.382684e+00,4.255186e+00,3.654882e+01,1.721653e+02,6.231979e+01,1.135761e+00,1.638873e+00,0.000000,0.000000,0.000000,0.000000,0.000000,0.000000,0.000000,0.000000,0.000000,0.000000,0.000000,0.000000,68.946250,0.000000,0.000000,5.173868424e-03
1.183775,0.003024696,0.738994087,-0.868099274,8.323188525,1.255882121,0.063860486,0.176773902,3.429850e+00,3.818476e+00,3.704399e+01,1.352041e+02,5.608914e+01,1.385027e+00,2.172633e+00,0.000000,0.000000,0.000000,0.000000,0.000000,0.000000,0.000000,0.000000,0.000000,0.000000,0.000000,0.000000,16.953975,0.000000,0.000000,5.189636193e-03
1.185025,0.002455638,0.740800294,-0.858078359,8.361277568,1.258178673,0.063863828,0.175891796,2.199720e+00,3.170627e+00,3.651076e+01,6.417686e+01,4.190126e+01,1.781772e+00,2.519848e+00,0.000000,0.000000,0.000000,0.000000,0.000000,0.000000,0.000000,0.000000,0.000000,0.000000,0.000000,0.000000,5.055228,0.000000,0.000000,4.073656763e-03
1.186275,0.001291405,0.742591173,-0.848072773,8.399351283,1.260459896,0.063853303,0.174994361,7.649712e-01,2.611544e+00,3.826827e+01,6.159936e+01,3.367536e+01,1.711534e+00,2.030099e+00,0.000000,0.000000,0.000000,0.000000,0.000000,0.000000,0.000000,0.000000,0.000000,0.000000,0.000000,0.000000,0.000000,0.000000,0.000000,2.320700232e-03
1.187525,-0.000033816,0.744366724,-0.838082515,8.437409670,1.262725792,0.063827450,0.174081599,2.473679e-02,4.462017e+00,4.123305e+01,1.666289e+02,4.917931e+01,1.185225e+00,1.397435e+00,0.000000,0.000000,0.000000,0.000000,0.000000,0.000000,0.000000,0.000000,0.000000,0.000000,0.000000,0.000000,0.000000,0.000000,0.000000,-1.374292253e-04
1.188775,-0.001418916,0.746126947,-0.828107585,8.475452729,1.264976359,0.063786269,0.173153508,7.883200e-01,4.749275e+00,3.631446e+01,1.849349e+02,6.590100e+01,8.733630e-01,1.382013e+00,0.000000,0.000000,0.000000,0.000000,0.000000,0.000000,0.000000,0.000000,0.000000,0.000000,0.000000,0.000000,0.000000,0.000000,0.000000,-2.409776996e-03
1.190025,-0.002535248,0.747871842,-0.818147983,8.513480460,1.267211598,0.063729760,0.172210089,2.363651e+00,4.512574e+00,3.842867e+01,1.038158e+02,5.237030e+01,8.938361e-01,2.080758e+00,0.000000,0.000000,0.000000,0.000000,0.000000,0.000000,0.000000,0.000000,0.000000,0.000000,0.000000,0.000000,0.000000,0.000000,0.000000,-4.236775727e-03
1.191275,-0.003086006,0.749601408,-0.808203710,8.551492863,1.269431509,0.063657923,0.171251342,3.595500e+00,3.386012e+00,3.393249e+01,8.733858e+01,3.022691e+01,1.177781e+00,2.667999e+00,0.000000,0.000000,0.000000,0.000000,0.000000,0.000000,0.000000,0.000000,0.000000,0.000000,0.000000,0.000000,0.000000,0.000000,0.000000,-5.367805149e-03
1.192525,-0.003137494,0.751315647,-0.798274764,8.589489937,1.271636092,0.063615964,0.170277267,3.624856e+00,3.174120e+00,3.018909e+01,9.303752e+01,2.756956e+01,1.466729e+00,2.246086e+00,0.000000,0.000000,0.000000,0.000000,0.000000,0.000000,0.000000,0.000000,0.000000,0.000000,0.000000,0.000000,46.129654,0.000000,0.000000,-5.247186788e-03
1.193775,-0.002519811,0.753014557,-0.788361147,8.627471684,1.273825347,0.063607457,0.169287864,2.330114e+00,2.772319e+00,4.506631e+01,1.255932e+02,4.876767e+01,1.620671e+00,1.467806e+00,0.000000,0.000000,0.000000,0.000000,0.000000,0.000000,0.000000,0.000000,0.000000,0.000000,0.000000,0.000000,47.437513,0.000000,0.000000,-4.333669652e-03
1.195025,-0.001452950,0.754698140,-0.778462857,8.665438102,1.275999274,0.063652845,0.168283132,8.548924e-01,3.833596e+00,4.203363e+01,1.876312e+02,6.454923e+01,1.536197e+00,1.163338e+00,0.000000,0.000000,0.000000,0.000000,0.000000,0.000000,0.000000,0.000000,0.000000,0.000000,0.000000,0.000000,45.599712,0.000000,0.000000,-2.515079648e-03
1.196275,-0.000176768,0.756366394,-0.768579896,8.703389192,1.278157873,0.063763260,0.167263073,5.588525e-02,4.121174e+00,2.193004e+01,1.410409e+02,6.024358e+01,1.545222e+00,1.573604e+00,0.000000,0.000000,0.000000,0.000000,0.000000,0.000000,0.000000,0.000000,0.000000,0.000000,0.000000,0.000000,48.473442,0.000000,0.000000,-2.107641628e-04
1.197525,0.001165742,0.758019320,-0.758712263,8.741324954,1.280301143,0.063958096,0.166227685,5.401431e-01,2.933773e+00,3.546184e+01,5.200866e+01,4.393326e+01,1.569538e+00,2.303832e+00,0.000000,0.000000,0.000000,0.000000,0.000000,0.000000,0.000000,0.000000,0.000000,0.000000,0.000000,0.000000,57.309266,0.000000,0.000000,1.868119736e-03
1.198775,0.002152691,0.759656918,-0.748859958,8.779245388,1.282429085,0.064240361,0.165176970,1.758167e+00,4.437286e+00,4.314795e+01,6.363241e+01,3.246524e+01,1.391746e+00,2.679764e+00,0.000000,0.000000,0.000000,0.000000,0.000000,0.000000,0.000000,0.000000,0.000000,0.000000,0.000000,0.000000,87.204165,0.000000,0.000000,3.712853143e-03
1.200025,0.002690796,0.761279188,-0.739022981,8.817150494,1.284541700,0.064671379,0.164110926,2.645878e+00,3.798005e+00,2.639993e+01,1.262644e+02,4.009397e+01,1.664767e+00,1.961155e+00,0.000000,0.000000,0.000000,0.000000,0.000000,0.000000,0.000000,0.000000,0.000000,0.000000,0.000000,0.000000,109.271555,0.000000,0.000000,4.567961363e-03
1.201275,0.002630257,0.762886129,-0.729201332,8.855040272,1.286638986,0.065282924,0.163029554,2.575130e+00,3.459859e+00,4.164053e+01,1.704600e+02,4.901789e+01,2.175581e+00,1.205244e+00,0.000000,0.000000,0.000000,0.000000,0.000000,0.000000,0.000000,0.000000,0.000000,0.000000,0.000000,0.000000,144.112890,0.000000,0.000000,4.375280576e-03
1.202525,0.001927118,0.764477743,-0.719395012,8.892914721,1.288720944,0.066062340,0.161932854,1.414203e+00,3.637920e+00,4.202543e+01,1.634555e+02,4.663468e+01,2.067331e+00,1.533043e+00,0.000000,0.000000,0.000000,0.000000,0.000000,0.000000,0.000000,0.000000,0.000000,0.000000,0.000000,0.000000,98.318033,0.000000,0.000000,3.369415508e-03
1.203775,0.000865168,0.766054028,-0.709604019,8.930773843,1.290787574,0.066959799,0.160820825,3.217992e-01,2.761249e+00,1.523179e+01,9.640043e+01,3.857693e+01,1.436884e+00,2.230960e+00,0.000000,0.000000,0.000000,0.000000,0.000000,0.000000,0.000000,0.000000,0.000000,0.000000,0.000000,0.000000,61.788107,0.000000,0.000000,1.393421671e-03
1.205025,-0.000459265,0.767614985,-0.699828355,8.968617636,1.292838875,0.067935681,0.159693469,1.070350e-01,3.004889e+00,3.336726e+01,4.709202e+01,3.929725e+01,1.222417e+00,2.513670e+00,0.000000,0.000000,0.000000,0.000000,0.000000,0.000000,0.000000,0.000000,0.000000,0.000000,0.000000,0.000000,56.454898,0.000000,0.000000,-7.788256858e-04
1.206275,-0.001697879,0.769160614,-0.690068019,9.006446101,1.294874849,0.068940491,0.158550785,1.058447e+00,3.633407e+00,4.909625e+01,9.869439e+01,5.713662e+01,1.508848e+00,2.156384e+00,0.000000,0.000000,0.000000,0.000000,0.000000,0.000000,0.000000,0.000000,0.000000,0.000000,0.000000,0.000000,7.798264,0.000000,0.000000,-2.834255863e-03
1.207525,-0.002573721,0.770690916,-0.680323011,9.044259238,1.296895494,0.069936335,0.157392772,2.520656e+00,3.428823e+00,2.569523e+01,1.516218e+02,6.430301e+01,1.298280e+00,1.459930e+00,0.000000,0.000000,0.000000,0.000000,0.000000,0.000000,0.000000,0.000000,0.000000,0.000000,0.000000,0.000000,1.135902,0.000000,0.000000,-4.459362628e-03
1.208775,-0.003007405,0.772205888,-0.670593331,9.082057047,1.298900812,0.070917143,0.156219431,3.275627e+00,3.455798e+00,3.136261e+01,1.448615e+02,4.628327e+01,8.038092e-01,1.111949e+00,0.000000,0.000000,0.000000,0.000000,0.000000,0.000000,0.000000,0.000000,0.000000,0.000000,0.000000,0.000000,0.000000,0.000000,0.000000,-5.045908654e-03
1.210025,-0.002792376,0.773705533,-0.660878979,9.119839528,1.300890801,0.071882624,0.155030762,2.913173e+00,4.416910e+00,3.876235e+01,1.121355e+02,2.594733e+01,8.658720e-01,1.561772e+00,0.000000,0.000000,0.000000,0.000000,0.000000,0.000000,0.000000,0.000000,0.000000,0.000000,0.000000,0.000000,0.000000,0.000000,0.000000,-4.778422232e-03
1.211275,-0.002067771,0.775189850,-0.651179955,9.157606681,1.302865462,0.072844236,0.153826765,1.579799e+00,3.566824e+00,1.882934e+01,6.185735e+01,2.564358e+01,1.215687e+00,1.996135e+00,0.000000,0.000000,0.000000,0.000000,0.000000,0.000000,0.000000,0.000000,0.000000,0.000000,0.000000,0.000000,12.236769,0.000000,0.000000,-3.542957406e-03
1.212525,-0.000962136,0.776658838,-0.641496260,9.195358505,1.304824795,0.073798181,0.152607440,3.649605e-01,2.831231e+00,3.724163e+01,8.063907e+01,3.803918e+01,1.383362e+00,1.885928e+00,0.000000,0.000000,0.000000,0.000000,0.000000,0.000000,0.000000,0.000000,0.000000,0.000000,0.000000,0.000000,0.000000,0.000000,0.000000,-1.575063211e-03
1.213775,0.000365244,0.778112499,-0.631827892,9.233095002,1.306768800,0.074745314,0.151372787,1.020840e-01,2.454835e+00,4.466446e+01,1.585072e+02,5.216093e+01,1.629838e+00,1.719167e+00,0.000000,0.000000,0.000000,0.000000,0.000000,0.000000,0.000000,0.000000,0.000000,0.000000,0.000000,0.000000,8.734652,0.000000,0.000000,5.540987193e-04
1.215025,0.001541324,0.779550831,-0.622174853,9.270816170,1.308697477,0.075682250,0.150122806,8.929815e-01,2.421111e+00,2.233224e+01,1.638144e+02,6.337038e+01,1.701391e+00,1.777947e+00,0.000000,0.000000,0.000000,0.000000,0.000000,0.000000,0.000000,0.000000,0.000000,0.000000,0.000000,0.000000,0.000000,0.000000,0.000000,2.668263711e-03
1.216275,0.002436492,0.780973835,-0.612537142,9.308522010,1.310610825,0.076603858,0.148857496,2.211380e+00,3.911634e+00,2.621628e+01,9.427057e+01,6.043782e+01,1.279018e+00,1.961317e+00,0.000000,0.000000,0.000000,0.000000,0.000000,0.000000,0.000000,0.000000,0.000000,0.000000,0.000000,0.000000,0.000000,0.000000,0.000000,4.145443269e-03
1.217525,0.002826437,0.782381511,-0.602914759,9.346212522,1.312508846,0.077510138,0.147576859,2.901269e+00,4.360587e+00,3.280788e+01,5.763999e+01,4.130898e+01,7.372284e-01,2.162085e+00,0.000000,0.000000,0.000000,0.000000,0.000000,0.000000,0.000000,0.000000,0.000000,0.000000,0.000000,0.000000,0.000000,0.000000,0.000000,4.772179671e-03
1.218775,0.002604281,0.783773859,-0.593307704,9.383887706,1.314391538,0.078416961,0.146280893,2.551526e+00,2.976117e+00,3.047488e+01,6.656901e+01,2.142111e+01,6.022653e-01,2.167651e+00,0.000000,0.000000,0.000000,0.000000,0.000000,0.000000,0.000000,0.000000,0.000000,0.000000,0.000000,0.000000,14.010118,0.000000,0.000000,4.489763336e-03
1.220025,0.001902910,0.785150879,-0.583715977,9.421547562,1.316258902,0.079314475,0.144969599,1.337552e+00,2.807564e+00,3.802702e+01,1.165770e+02,2.465389e+01,9.684417e-01,1.632348e+00,0.000000,0.000000,0.000000,0.000000,0.000000,0.000000,0.000000,0.000000,0.000000,0.000000,0.000000,0.000000,0.000000,0.000000,0.000000,3.185570631e-03
1.221275,0.000768449,0.786512570,-0.574139578,9.459192090,1.318110938,0.080196662,0.143642977,2.310660e-01,3.527451e+00,3.132546e+01,1.771546e+02,4.471141e+01,1.501721e+00,1.143610e+00,0.000000,0.000000,0.000000,0.000000,0.000000,0.000000,0.000000,0.000000,0.000000,0.000000,0.000000,0.000000,0.000000,0.000000,0.000000,1.335347272e-03
1.222525,-0.000506591,0.787858934,-0.564578508,9.496821290,1.319947646,0.081063520,0.142301027,1.377038e-01,3.127434e+00,1.815650e+01,1.397024e+02,5.802994e+01,1.584522e+00,1.391605e+00,0.000000,0.000000,0.000000,0.000000,0.000000,0.000000,0.000000,0.000000,0.000000,0.000000,0.000000,0.000000,0.000000,0.000000,0.000000,-8.475138668e-04
1.223775,-0.001672468,0.789189969,-0.555032765,9.534435161,1.321769026,0.081915050,0.140943749,1.041937e+00,3.369717e+00,3.380299e+01,5.982524e+01,5.373836e+01,1.457865e+00,2.115774e+00,0.000000,0.000000,0.000000,0.000000,0.000000,0.000000,0.000000,0.000000,0.000000,0.000000,0.000000,0.000000,0.000000,0.000000,0.000000,-2.890338235e-03
1.225025,-0.002552522,0.790505677,-0.545502351,9.572033704,1.323575078,0.082751252,0.139571142,2.400924e+00,2.521655e+00,3.525531e+01,5.823175e+01,4.106583e+01,1.175926e+00,2.299818e+00,0.000000,0.000000,0.000000,0.000000,0.000000,0.000000,0.000000,0.000000,0.000000,0.000000,0.000000,0.000000,0.000000,0.000000,0.000000,-4.285173328e-03
1.226275,-0.002887449,0.791806056,-0.535987265,9.609616919,1.325365802,0.083572125,0.138183208,3.073462e+00,1.859811e+00,2.391193e+01,1.028326e+02,3.557390e+01,1.019013e+00,1.751718e+00,0.000000,0.000000,0.000000,0.000000,0.000000,0.000000,0.000000,0.000000,0.000000,0.000000,0.000000,0.000000,0.000000,0.000000,0.000000,-4.952440624e-03
1.227525,-0.002687498,0.793091107,-0.526487506,9.647184807,1.327141197,0.084377671,0.136779945,2.651252e+00,3.420590e+00,3.102441e+01,1.441398e+02,3.986795e+01,1.008745e+00,1.256237e+00,0.000000,0.000000,0.000000,0.000000,0.000000,0.000000,0.000000,0.000000,0.000000,0.000000,0.000000,0.000000,0.000000,0.000000,0.000000,-4.566026489e-03
1.228775,-0.001964725,0.794360830,-0.517003077,9.684737365,1.328901264,0.085167888,0.135361354,1.432961e+00,4.657521e+00,3.307891e+01,1.382239e+02,4.488676e+01,8.808384e-01,1.241941e+00,0.000000,0.000000,0.000000,0.000000,0.000000,0.000000,0.000000,0.000000,0.000000,0.000000,0.000000,0.000000,0.000000,0.000000,0.000000,-3.310193421e-03
1.230025,-0.000838926,0.795615224,-0.507533975,9.722274596,1.330646004,0.085942778,0.133927436,2.738178e-01,3.736391e+00,2.105642e+01,7.511881e+01,4.383380e+01,9.576660e-01,1.692277e+00,0.000000,0.000000,0.000000,0.000000,0.000000,0.000000,0.000000,0.000000,0.000000,0.000000,0.000000,0.000000,0.000000,0.000000,0.000000,-1.478629020e-03
1.231275,0.000397185,0.796854291,-0.498080201,9.759796499,1.332375415,0.086702339,0.132478189,1.092020e-01,2.415916e+00,2.835970e+01,5.275127e+01,3.616113e+01,1.269927e+00,2.249993e+00,0.000000,0.000000,0.000000,0.000000,0.000000,0.000000,0.000000,0.000000,0.000000,0.000000,0.000000,0.000000,0.000000,0.000000,0.000000,7.250450345e-04
1.232525,0.001572107,0.798078030,-0.488641755,9.797303073,1.334089498,0.087446572,0.131013614,9.016715e-01,2.058144e+00,3.741175e+01,1.030674e+02,3.251022e+01,1.293868e+00,2.142747e+00,0.000000,0.000000,0.000000,0.000000,0.000000,0.000000,0.000000,0.000000,0.000000,0.000000,0.000000,0.000000,0.000000,0.000000,0.000000,2.656358521e-03
1.233775,0.002404599,0.799286440,-0.479218638,9.834794320,1.335788253,0.088175477,0.129533710,2.129695e+00,2.335947e+00,2.239270e+01,1.515738e+02,4.316340e+01,1.303329e+00,1.424626e+00,0.000000,0.000000,0.000000,0.000000,0.000000,0.000000,0.000000,0.000000,0.000000,0.000000,0.000000,0.000000,0.000000,0.000000,0.000000,4.076853867e-03
1.235025,0.002730497,0.800479522,-0.469810849,9.872270238,1.337471679,0.088889054,0.128038479,2.765592e+00,3.613966e+00,2.707106e+01,1.405304e+02,5.321024e+01,1.331045e+00,1.083521e+00,0.000000,0.000000,0.000000,0.000000,0.000000,0.000000,0.000000,0.000000,0.000000,0.000000,0.000000,0.000000,0.000000,0.000000,0.000000,4.690807799e-03
1.236275,0.002532267,0.801657276,-0.460418387,9.909730828,1.339139778,0.089587303,0.126527919,2.332265e+00,3.352040e+00,3.166530e+01,8.372516e+01,4.945936e+01,1.312717e+00,1.587450e+00,0.000000,0.000000,0.000000,0.000000,0.000000,0.000000,0.000000,0.000000,0.000000,0.000000,0.000000,0.000000,0.000000,0.000000,0.000000,4.261939068e-03
1.237525,0.001784131,0.802819702,-0.451041254,9.947176090,1.340792548,0.090270223,0.125002032,1.209002e+00,2.384166e+00,1.970653e+01,3.563856e+01,3.784906e+01,9.735617e-01,2.265425e+00,0.000000,0.000000,0.000000,0.000000,0.000000,0.000000,0.000000,0.000000,0.000000,0.000000,0.000000,0.000000,0.000000,0.000000,0.000000,3.067302472e-03
1.238775,0.000694573,0.803966800,-0.441679449,9.984606024,1.342429991,0.090937816,0.123460816,1.763514e-01,3.106192e+00,2.856834e+01,6.594144e+01,3.092755e+01,5.180951e-01,2.289404e+00,0.000000,0.000000,0.000000,0.000000,0.000000,0.000000,0.000000,0.000000,0.000000,0.000000,0.000000,0.000000,0.000000,0.000000,0.000000,1.184906548e-03
1.240025,-0.000539660,0.805098570,-0.432332973,10.022020630,1.344052105,0.091590080,0.121904272,1.444045e-01,3.439075e+00,3.593977e+01,1.442474e+02,3.647008e+01,7.079182e-01,1.739681e+00,0.000000,0.000000,0.000000,0.000000,0.000000,0.000000,0.000000,0.000000,0.000000,0.000000,0.000000,0.000000,0.000000,0.000000,0.000000,-9.476008051e-04
1.241275,-0.001695134,0.806215012,-0.423001824,10.059419908,1.345658891,0.092227017,0.120332400,1.052374e+00,3.063639e+00,2.279204e+01,1.542957e+02,4.351541e+01,1.289680e+00,1.205882e+00,0.000000,0.000000,0.000000,0.000000,0.000000,0.000000,0.000000,0.000000,0.000000,0.000000,0.000000,0.000000,0.000000,0.000000,0.000000,-2.839322818e-03
1.242525,-0.002488028,0.807316125,-0.413686003,10.096803857,1.347250349,0.092848625,0.118745200,2.289024e+00,2.993416e+00,2.443238e+01,1.039483e+02,4.504991e+01,1.592242e+00,1.206641e+00,0.000000,0.000000,0.000000,0.000000,0.000000,0.000000,0.000000,0.000000,0.000000,0.000000,0.000000,0.000000,0.000000,0.000000,0.000000,-4.267328472e-03
1.243775,-0.002821357,0.808401911,-0.404385511,10.134172479,1.348826479,0.093454905,0.117142672,2.923750e+00,2.266904e+00,2.695956e+01,5.968179e+01,3.683929e+01,1.460641e+00,1.671406e+00,0.000000,0.000000,0.000000,0.000000,0.000000,0.000000,0.000000,0.000000,0.000000,0.000000,0.000000,0.000000,0.000000,0.000000,0.000000,-4.788552986e-03
1.245025,-0.002594094,0.809472368,-0.395100347,10.171525772,1.350387281,0.094045857,0.115524816,2.447206e+00,1.572164e+00,2.129207e+01,5.406082e+01,3.202287e+01,1.099752e+00,1.930400e+00,0.000000,0.000000,0.000000,0.000000,0.000000,0.000000,0.000000,0.000000,0.000000,0.000000,0.000000,0.000000,0.000000,0.000000,0.000000,-4.395472186e-03
1.246275,-0.001851771,0.810527497,-0.385830510,10.208863737,1.351932754,0.094621480,0.113891631,1.297546e+00,3.070156e+00,3.310406e+01,1.073232e+02,4.407348e+01,8.095417e-01,1.612476e+00,0.000000,0.000000,0.000000,0.000000,0.000000,0.000000,0.000000,0.000000,0.000000,0.000000,0.000000,0.000000,0.000000,0.000000,0.000000,-3.184776155e-03
1.247525,-0.000782090,0.811567298,-0.376576002,10.246186374,1.353462900,0.095181776,0.112243118,2.262675e-01,3.783806e+00,2.866831e+01,1.486991e+02,5.576038e+01,8.636309e-01,1.271595e+00,0.000000,0.000000,0.000000,0.000000,0.000000,0.000000,0.000000,0.000000,0.000000,0.000000,0.000000,0.000000,0.000000,0.000000,0.000000,-1.293423996e-03
1.248775,0.000455378,0.812591771,-0.367336822,10.283493683,1.354977717,0.095726744,0.110579278,9.778451e-02,2.891652e+00,1.819102e+01,1.070144e+02,4.984675e+01,1.055773e+00,1.442227e+00,0.000000,0.000000,0.000000,0.000000,0.000000,0.000000,0.000000,0.000000,0.000000,0.000000,0.000000,0.000000,0.000000,0.000000,0.000000,7.563063593e-04
1.250025,0.001568611,0.813600916,-0.358112971,10.320785664,1.356477207,0.096256383,0.108900109,9.155147e-01,3.296037e+00,2.742484e+01,5.101789e+01,2.695495e+01,9.727113e-01,1.931228e+00,0.000000,0.000000,0.000000,0.000000,0.000000,0.000000,0.000000,0.000000,0.000000,0.000000,0.000000,0.000000,0.000000,0.000000,0.000000,2.666405489e-03
1.251275,0.002351779,0.814594732,-0.348904447,10.358062317,1.357961368,0.096770694,0.107205612,2.034133e+00,2.562068e+00,2.459008e+01,6.371305e+01,1.768008e+01,8.149114e-01,2.200812e+00,0.000000,0.000000,0.000000,0.000000,0.000000,0.000000,0.000000,0.000000,0.000000,0.000000,0.000000,0.000000,0.000000,0.000000,0.000000,4.027995836e-03
1.252525,0.002670976,0.815573221,-0.339711251,10.395323641,1.359430201,0.097269677,0.105495787,2.619329e+00,1.940625e+00,2.387580e+01,1.085183e+02,3.269984e+01,1.098940e+00,1.827113e+00,0.000000,0.000000,0.000000,0.000000,0.000000,0.000000,0.000000,0.000000,0.000000,0.000000,0.000000,0.000000,0.000000,0.000000,0.000000,4.513329623e-03
1.253775,0.002419599,0.816536381,-0.330533384,10.432569638,1.360883705,0.097753332,0.103770634,2.148309e+00,2.766287e+00,3.412808e+01,1.449791e+02,4.868522e+01,1.597824e+00,1.159896e+00,0.000000,0.000000,0.000000,0.000000,0.000000,0.000000,0.000000,0.000000,0.000000,0.000000,0.000000,0.000000,0.000000,0.000000,0.000000,4.144117625e-03
1.255025,0.001697373,0.817484214,-0.321370845,10.469800306,1.362321882,0.098221659,0.102030152,1.075271e+00,2.410782e+00,2.132574e+01,1.268865e+02,5.405154e+01,1.417860e+00,1.097114e+00,0.000000,0.000000,0.000000,0.000000,0.000000,0.000000,0.000000,0.000000,0.000000,0.000000,0.000000,0.000000,0.000000,0.000000,0.000000,2.882681213e-03
1.256275,0.000622373,0.818416718,-0.312223633,10.507015646,1.363744731,0.098674658,0.100274343,1.503926e-01,2.364438e+00,1.357852e+01,5.388607e+01,4.998839e+01,9.762436e-01,1.766052e+00,0.000000,0.000000,0.000000,0.000000,0.000000,0.000000,0.000000,0.000000,0.000000,0.000000,0.000000,0.000000,0.000000,0.000000,0.000000,1.046617125e-03
1.257525,-0.000594253,0.819333894,-0.303091750,10.544215658,1.365152251,0.099112329,0.098503205,1.406010e-01,3.344275e+00,3.008256e+01,3.167937e+01,3.978171e+01,7.280676e-01,2.186952e+00,0.000000,0.000000,0.000000,0.000000,0.000000,0.000000,0.000000,0.000000,0.000000,0.000000,0.000000,0.000000,0.000000,0.000000,0.000000,-9.825208376e-04
1.258775,-0.001677454,0.820235742,-0.293975195,10.581400342,1.366544444,0.099534671,0.096716739,1.059758e+00,3.165832e+00,2.881595e+01,8.561769e+01,2.893248e+01,5.832619e-01,1.898777e+00,0.000000,0.000000,0.000000,0.000000,0.000000,0.000000,0.000000,0.000000,0.000000,0.000000,0.000000,0.000000,0.000000,0.000000,0.000000,-2.880407300e-03
1.260025,-0.002456487,0.821122261,-0.284873969,10.618569698,1.367921308,0.099941685,0.094914946,2.193611e+00,2.390623e+00,2.169655e+01,1.362590e+02,2.484147e+01,7.109460e-01,1.187646e+00,0.000000,0.000000,0.000000,0.000000,0.000000,0.000000,0.000000,0.000000,0.000000,0.000000,0.000000,0.000000,0.000000,0.000000,0.000000,-4.163222026e-03
1.261275,-0.002797649,0.821993453,-0.275788070,10.655723725,1.369282844,0.100333372,0.093134318,2.881963e+00,2.765050e+00,2.737627e+01,1.379120e+02,2.933483e+01,1.143452e+00,1.165954e+00,0.000000,0.000000,0.000000,0.000000,0.000000,0.000000,0.000000,0.000000,0.000000,0.000000,0.000000,0.000000,0.000000,567.099291,0.000000,-4.658398681e-03
1.262525,-0.002790680,0.822849317,-0.266717499,10.692862425,1.370629052,0.100709730,0.091504241,3.056916e+00,2.668149e+00,2.001087e+01,9.217004e+01,4.072774e+01,1.496871e+00,3.213679e+00,0.000000,0.000000,0.000000,0.000000,0.000000,0.000000,0.000000,0.000000,0.000000,0.000000,0.000000,0.000000,0.000000,535.921259,0.000000,-4.700178084e-03
1.263775,-0.002385321,0.823689852,-0.257608336,10.729985796,1.371959932,0.101070760,0.089997429,2.566661e+00,2.003316e+00,1.616403e+01,3.763570e+01,5.117318e+01,1.465810e+00,5.143226e+00,0.000000,0.000000,45.828263,0.000000,0.000000,0.000000,0.000000,0.000000,0.000000,0.000000,0.000000,0.000000,0.000000,676.251734,0.000000,-3.999778523e-03
1.265025,-0.001876747,0.824515059,-0.248496815,10.767093839,1.373275484,0.101416462,0.088723547,1.633315e+00,2.353696e+00,2.965805e+01,6.146580e+01,4.983575e+01,1.126852e+00,8.508583e+00,0.000000,0.000000,0.000000,0.000000,0.000000,0.000000,0.000000,0.000000,0.000000,0.000000,0.000000,0.000000,0.000000,858.139488,0.000000,-3.051676302e-03
1.266275,-0.001191855,0.825324938,-0.239400623,10.804186555,1.374575707,0.101746835,0.087648288,6.193989e-01,2.139950e+00,3.002484e+01,1.244585e+02,4.057987e+01,7.432818e-01,1.069705e+01,0.000000,0.000000,0.000000,0.000000,0.000000,0.000000,0.000000,0.000000,0.000000,0.000000,0.000000,0.000000,0.000000,1194.751170,0.000000,-1.947590500e-03
1.267525,-0.000708273,0.826119489,-0.230319758,10.841263942,1.375860603,0.102061881,0.086855535,3.511365e-01,2.565340e+00,1.748690e+01,1.238121e+02,3.026745e+01,5.945338e-01,1.248841e+01,0.000000,0.000000,0.000000,0.000000,0.000000,0.000000,0.000000,0.000000,0.000000,0.000000,0.000000,0.000000,0.000000,770.323711,0.000000,-1.084262999e-03
1.268775,-0.000391893,0.826898712,-0.221254221,10.878326001,1.377130170,0.102361599,0.086308089,5.117835e-01,3.781246e+00,1.814501e+01,8.786418e+01,2.738504e+01,7.313468e-01,1.308666e+01,0.000000,0.000000,0.000000,0.000000,0.000000,0.000000,0.000000,0.000000,0.000000,0.000000,0.000000,0.000000,0.000000,1313.155977,0.000000,-5.582208865e-04
1.270025,-0.000363008,0.827662607,-0.212204013,10.915372731,1.378384409,0.102645988,0.086031706,6.861699e-01,3.231498e+00,2.444531e+01,5.000061e+01,3.511712e+01,1.076344e+00,1.276399e+01,0.000000,0.000000,0.000000,0.000000,0.000000,0.000000,0.000000,0.000000,0.000000,0.000000,0.000000,0.000000,0.000000,1145.709309,0.000000,-5.036277092e-04
1.271275,-0.000684130,0.828411174,-0.203169132,10.952404134,1.379623321,0.102915049,0.086049962,5.160261e-01,1.887016e+00,2.432134e+01,5.364585e+01,3.857147e+01,1.179075e+00,1.235075e+01,0.000000,0.000000,0.000000,0.000000,0.000000,0.000000,0.000000,0.000000,0.000000,0.000000,0.000000,0.000000,0.000000,864.845166,0.000000,-1.131320535e-03
1.272525,-0.001152268,0.829144412,-0.194149580,10.989420208,1.380846904,0.103168782,0.086294590,5.223145e-01,1.673536e+00,2.599876e+01,1.162482e+02,3.590265e+01,1.074020e+00,1.117671e+01,0.000000,0.000000,0.000000,0.000000,0.000000,0.000000,0.000000,0.000000,0.000000,0.000000,0.000000,0.000000,0.000000,840.297634,0.000000,-1.897037105e-03
1.273775,-0.001642632,0.829862322,-0.185145356,11.026420955,1.382055158,0.103407187,0.086695892,1.003993e+00,1.919834e+00,2.282178e+01,1.490550e+02,4.054694e+01,1.147770e+00,9.364091e+00,0.000000,0.000000,0.000000,0.000000,0.000000,0.000000,0.000000,0.000000,0.000000,0.000000,0.000000,0.000000,0.000000,647.506471,0.000000,-2.703940107e-03
1.275025,-0.001965399,0.830564905,-0.176156460,11.063406373,1.383248085,0.103630264,0.087206425,1.464451e+00,2.651447e+00,1.440985e+01,9.773957e+01,4.664536e+01,1.204392e+00,7.634363e+00,0.000000,0.000000,0.000000,0.000000,0.000000,0.000000,0.000000,0.000000,0.000000,0.000000,0.000000,0.000000,0.000000,370.712017,0.000000,-3.368061187e-03
1.276275,-0.001990449,0.831252159,-0.167182892,11.100376463,1.384425684,0.103838013,0.087774819,1.533384e+00,3.322183e+00,2.156434e+01,3.389176e+01,4.085747e+01,1.015920e+00,5.873235e+00,0.000000,0.000000,0.000000,0.000000,0.000000,0.000000,0.000000,0.000000,0.000000,0.000000,0.000000,0.000000,0.000000,139.068431,0.000000,-3.378802082e-03
1.277525,-0.001701558,0.831924085,-0.158213799,11.137331225,1.385587954,0.104030434,0.088363879,1.069915e+00,2.209466e+00,2.692519e+01,4.227977e+01,3.059831e+01,7.371562e-01,3.826844e+00,0.000000,0.000000,70.360179,0.000000,0.000000,0.000000,0.000000,0.000000,0.000000,0.000000,0.000000,0.000000,0.000000,184.110240,0.000000,-2.816904644e-03
1.278775,-0.001095333,0.832580683,-0.149080055,11.174270659,1.386734897,0.104207526,0.088964427,4.972617e-01,1.894297e+00,1.963395e+01,8.651971e+01,2.908641e+01,5.902322e-01,2.291142e+00,0.000000,0.000000,58.053331,0.000000,0.000000,0.000000,0.000000,0.000000,0.000000,0.000000,0.000000,0.000000,0.000000,0.000000,0.000000,-1.931191025e-03
1.280025,-0.000304831,0.833221953,-0.139951825,11.211194765,1.387866511,0.104369290,0.089554353,6.011269e-02,2.985980e+00,2.297478e+01,1.332806e+02,3.502274e+01,7.313319e-01,1.645653e+00,0.000000,0.000000,0.000000,0.000000,0.000000,0.000000,0.000000,0.000000,0.000000,0.000000,0.000000,0.000000,0.000000,31.713497,0.000000,-4.892313812e-04
1.281275,0.000520910,0.833847894,-0.130838924,11.248103543,1.388982797,0.104515727,0.090132503,1.228174e-01,3.088389e+00,2.160516e+01,1.319574e+02,3.907346e+01,1.013739e+00,2.461725e+00,0.000000,0.000000,0.000000,0.000000,0.000000,0.000000,0.000000,0.000000,0.000000,0.000000,0.000000,0.000000,0.000000,0.000000,0.000000,9.241381172e-04
1.282525,0.001250193,0.834458508,-0.121741351,11.284996992,1.390083755,0.104646835,0.090695325,6.186584e-01,2.286380e+00,1.546817e+01,6.093305e+01,3.776909e+01,1.291240e+00,4.238854e+00,0.000000,0.000000,0.000000,0.000000,0.000000,0.000000,0.000000,0.000000,0.000000,0.000000,0.000000,0.000000,0.000000,0.000000,0.000000,2.050768442e-03
1.283775,0.001687602,0.835053793,-0.112659105,11.321875113,1.391169385,0.104762615,0.091242819,1.063409e+00,1.521734e+00,2.495503e+01,3.276563e+01,3.500836e+01,1.449195e+00,5.961926e+00,0.000000,0.000000,0.000000,0.000000,0.000000,0.000000,0.000000,0.000000,0.000000,0.000000,0.000000,0.000000,0.000000,0.000000,0.000000,2.942122134e-03
1.285025,0.001798812,0.835633750,-0.103592188,11.358737907,1.392239687,0.104863067,0.091774985,1.216515e+00,1.316721e+00,2.251017e+01,7.871857e+01,3.614038e+01,1.133197e+00,7.019078e+00,0.000000,0.000000,0.000000,0.000000,0.000000,0.000000,0.000000,0.000000,0.000000,0.000000,0.000000,0.000000,0.000000,0.000000,0.000000,3.038336984e-03
1.286275,0.001531676,0.836198380,-0.094540599,11.395585372,1.393294660,0.104948191,0.092291823,8.661385e-01,2.388904e+00,1.561072e+01,1.177094e+02,3.833821e+01,5.932248e-01,7.298365e+00,0.000000,0.000000,0.000000,0.000000,0.000000,0.000000,0.000000,0.000000,0.000000,0.000000,0.000000,0.000000,0.000000,0.000000,0.000000,2.574594555e-03
1.287525,0.000939986,0.836747681,-0.085504339,11.432417509,1.394334306,0.105017986,0.092793332,3.611107e-01,3.644423e+00,2.502596e+01,1.142412e+02,3.969532e+01,4.965650e-01,6.877123e+00,0.000000,0.000000,0.000000,0.000000,0.000000,0.000000,0.000000,0.000000,0.000000,0.000000,0.000000,0.000000,0.000000,0.000000,0.000000,1.665618075e-03
1.288775,0.000174771,0.837281653,-0.076483406,11.469234318,1.395358623,0.105072454,0.093279514,4.358337e-02,3.013647e+00,2.085377e+01,7.235971e+01,4.032949e+01,8.235445e-01,5.605722e+00,0.000000,0.000000,0.000000,0.000000,0.000000,0.000000,0.000000,0.000000,0.000000,0.000000,0.000000,0.000000,0.000000,0.000000,0.000000,2.412462806e-04
1.290025,-0.000659986,0.837800298,-0.067477801,11.506035799,1.396367613,0.105111593,0.093750367,1.638310e-01,1.933156e+00,1.258413e+01,2.920922e+01,3.244835e+01,1.084710e+00,3.731268e+00,0.000000,0.000000,0.000000,0.000000,0.000000,0.000000,0.000000,0.000000,0.000000,0.000000,0.000000,0.000000,0.000000,0.000000,0.000000,-1.101049216e-03
1.291275,-0.001353557,0.838303615,-0.058379691,11.542821951,1.397361274,0.105135404,0.094205892,7.066737e-01,1.870619e+00,2.551331e+01,6.651407e+01,2.417788e+01,1.003866e+00,2.196210e+00,0.000000,0.000000,116.716466,0.000000,0.000000,0.000000,0.000000,0.000000,0.000000,0.000000,0.000000,0.000000,0.000000,0.000000,0.000000,-2.278956336e-03
1.292525,-0.001788253,0.838791603,-0.049222373,11.579592776,1.398339607,0.105143887,0.094646090,1.179336e+00,1.951584e+00,2.378983e+01,1.314539e+02,2.857331e+01,9.239039e-01,1.649659e+00,0.000000,0.000000,0.000000,0.000000,0.000000,0.000000,0.000000,0.000000,0.000000,0.000000,0.000000,0.000000,0.000000,0.000000,0.000000,-3.088061401e-03
1.293775,-0.001892834,0.839264264,-0.040079997,11.616348272,1.399302612,0.105137042,0.095070959,1.327917e+00,2.200184e+00,1.457897e+01,1.255650e+02,3.864697e+01,1.054494e+00,2.504590e+00,0.000000,0.000000,3.284571,0.000000,0.000000,0.000000,0.000000,0.000000,0.000000,0.000000,0.000000,0.000000,0.000000,0.000000,0.000000,-3.175984169e-03
1.295025,-0.001606143,0.839721596,-0.030944965,11.653088440,1.400250288,0.105114869,0.095480499,9.659547e-01,2.432238e+00,2.050588e+01,7.770354e+01,4.420535e+01,1.238180e+00,4.631578e+00,0.000000,0.000000,2.245724,0.000000,0.000000,0.000000,0.000000,0.000000,0.000000,0.000000,0.000000,0.000000,0.000000,0.000000,0.000000,-2.750305413e-03
1.296275,-0.001036394,0.840163600,-0.021824991,11.689813280,1.401182637,0.105077368,0.095874712,4.026210e-01,1.885683e+00,1.773768e+01,3.206722e+01,4.295975e+01,1.100529e+00,6.732956e+00,0.000000,0.000000,0.000000,0.000000,0.000000,0.000000,0.000000,0.000000,0.000000,0.000000,0.000000,0.000000,0.000000,0.000000,0.000000,-1.771741579e-03
1.297525,-0.000264447,0.840590276,-0.012720344,11.726522792,1.402099658,0.105024539,0.096253597,5.696153e-02,2.210407e+00,1.614283e+01,3.482766e+01,3.833607e+01,6.373379e-01,7.857013e+00,0.000000,0.000000,0.000000,0.000000,0.000000,0.000000,0.000000,0.000000,0.000000,0.000000,0.000000,0.000000,0.000000,0.000000,0.000000,-4.211433451e-04
1.298775,0.000553770,0.841001624,-0.003631026,11.763216976,1.403001350,0.104956381,0.096617153,1.121085e-01,2.894404e+00,2.599906e+01,9.783234e+01,3.296780e+01,3.674590e-01,7.359493e+00,0.000000,0.000000,0.000000,0.000000,0.000000,0.000000,0.000000,0.000000,0.000000,0.000000,0.000000,0.000000,0.000000,0.000000,0.000000,9.146685145e-04
1.300025,0.001224238,0.841397644,0.005442964,11.799895832,1.403887714,0.104872896,0.096965382,5.877561e-01,2.504730e+00,2.099182e+01,1.375484e+02,2.729554e+01,6.515284e-01,5.603609e+00,0.000000,0.000000,0.000000,0.000000,0.000000,0.000000,0.000000,0.000000,0.000000,0.000000,0.000000,0.000000,0.000000,0.000000,0.000000,2.102452081e-03
1.301275,0.001662104,0.841778335,0.014580924,11.836559360,1.404758750,0.104774082,0.097298282,1.010880e+00,2.365848e+00,1.341407e+01,9.994106e+01,2.272747e+01,1.113922e+00,3.777317e+00,0.000000,0.000000,80.772352,0.000000,0.000000,0.000000,0.000000,0.000000,0.000000,0.000000,0.000000,0.000000,0.000000,0.000000,0.000000,2.826788940e-03
1.302525,0.001740219,0.842143699,0.023751673,11.873207559,1.405614458,0.104659940,0.097615854,1.120821e+00,1.835808e+00,1.755981e+01,4.798428e+01,2.637538e+01,1.229429e+00,2.347571e+00,0.000000,0.000000,16.334206,0.000000,0.000000,0.000000,0.000000,0.000000,0.000000,0.000000,0.000000,0.000000,0.000000,0.000000,0.000000,2.952862075e-03
1.303775,0.001458720,0.842493734,0.033031082,11.909840431,1.406454838,0.104530470,0.097918098,8.040940e-01,1.303860e+00,1.861063e+01,4.160954e+01,4.068559e+01,1.277029e+00,1.948334e+00,0.000000,0.000000,79.526781,0.000000,0.000000,0.000000,0.000000,0.000000,0.000000,0.000000,0.000000,0.000000,0.000000,0.000000,0.000000,2.499696885e-03
1.305025,0.000893693,0.842828442,0.042319749,11.946457974,1.407279890,0.104385672,0.098205014,2.932134e-01,1.905408e+00,1.961122e+01,7.769994e+01,5.209165e+01,1.133066e+00,2.568457e+00,0.000000,0.000000,0.000000,0.000000,0.000000,0.000000,0.000000,0.000000,0.000000,0.000000,0.000000,0.000000,0.000000,0.000000,0.000000,1.505298466e-03
1.306275,0.000117708,0.843147821,0.051599970,11.983060189,1.408089614,0.104225546,0.098476602,3.676558e-02,2.548678e+00,2.220138e+01,1.182838e+02,4.910068e+01,6.917378e-01,3.727868e+00,0.000000,0.000000,19.700027,0.000000,0.000000,0.000000,0.000000,0.000000,0.000000,0.000000,0.000000,0.000000,0.000000,0.000000,0.000000,2.144227563e-04
1.307525,-0.000671534,0.843451872,0.060888965,12.019647076,1.408884009,0.104050091,0.098732861,1.661415e-01,2.390630e+00,1.571714e+01,1.032326e+02,3.076072e+01,4.088963e-01,5.245194e+00,0.000000,0.000000,0.133478,0.000000,0.000000,0.000000,0.000000,0.000000,0.000000,0.000000,0.000000,0.000000,0.000000,0.000000,0.000000,-1.145942324e-03
1.308775,-0.001340243,0.843740595,0.070162638,12.056218635,1.409663077,0.103859309,0.098973793,6.803166e-01,2.569418e+00,1.276145e+01,4.566194e+01,1.443046e+01,5.311656e-01,6.614834e+00,0.000000,0.000000,0.000000,0.000000,0.000000,0.000000,0.000000,0.000000,0.000000,0.000000,0.000000,0.000000,0.000000,0.000000,0.000000,-2.284541953e-03
1.310025,-0.001761906,0.844013989,0.079420982,12.092774866,1.410426816,0.103653198,0.099199396,1.138465e+00,2.666251e+00,1.988527e+01,3.180231e+01,1.938977e+01,9.083801e-01,7.366032e+00,0.000000,0.000000,0.000000,0.000000,0.000000,0.000000,0.000000,0.000000,0.000000,0.000000,0.000000,0.000000,0.000000,0.000000,0.000000,-2.981769248e-03
1.311275,-0.001822957,0.844272056,0.088663999,12.129315768,1.411175227,0.103431759,0.099409672,1.227734e+00,1.651420e+00,2.195536e+01,8.199636e+01,3.709214e+01,1.164805e+00,7.144223e+00,0.000000,0.000000,0.000000,0.000000,0.000000,0.000000,0.000000,0.000000,0.000000,0.000000,0.000000,0.000000,0.000000,0.000000,0.000000,-3.119440051e-03
1.312525,-0.001551910,0.844514795,0.097891687,12.165841343,1.411908310,0.103194992,0.099604619,8.989207e-01,1.505287e+00,1.741956e+01,1.219139e+02,4.507316e+01,1.166345e+00,5.748334e+00,0.000000,0.000000,0.000000,0.000000,0.000000,0.000000,0.000000,0.000000,0.000000,0.000000,0.000000,0.000000,0.000000,0.000000,0.000000,-2.624433299e-03
1.313775,-0.000975493,0.844742205,0.107114249,12.202351589,1.412626065,0.102942897,0.099784238,3.463284e-01,1.810623e+00,1.786932e+01,1.135430e+02,3.890352e+01,1.027755e+00,3.741174e+00,0.000000,0.000000,34.379890,0.000000,0.000000,0.000000,0.000000,0.000000,0.000000,0.000000,0.000000,0.000000,0.000000,0.000000,0.000000,-1.661342992e-03
1.315025,-0.000214896,0.844954287,0.116368881,12.238846507,1.413328492,0.102675474,0.099948529,4.284573e-02,2.025579e+00,1.263476e+01,6.495882e+01,3.474828e+01,8.388956e-01,2.010111e+00,0.000000,0.000000,2.604673,0.000000,0.000000,0.000000,0.000000,0.000000,0.000000,0.000000,0.000000,0.000000,0.000000,0.000000,0.000000,-3.759397994e-04
1.316275,0.000558952,0.845151041,0.125608374,12.275326098,1.414015590,0.102392723,0.100097491,1.236556e-01,2.420579e+00,1.255807e+01,1.933740e+01,3.564311e+01,8.013257e-01,1.399447e+00,0.000000,0.000000,0.000000,0.000000,0.000000,0.000000,0.000000,0.000000,0.000000,0.000000,0.000000,0.000000,0.000000,0.000000,0.000000,9.739539434e-04
1.317525,0.001224534,0.845332467,0.134832780,12.311790360,1.414687361,0.102094644,0.100231126,5.576783e-01,2.249558e+00,2.572650e+01,4.409512e+01,3.264208e+01,7.711515e-01,2.073677e+00,0.000000,0.000000,0.193499,0.000000,0.000000,0.000000,0.000000,0.000000,0.000000,0.000000,0.000000,0.000000,0.000000,0.000000,0.000000,2.064451573e-03
1.318775,0.001619705,0.845498565,0.144055448,12.348239293,1.415343803,0.101781236,0.100349433,9.749602e-01,1.986832e+00,2.016831e+01,1.058329e+02,2.719288e+01,6.042657e-01,3.522996e+00,0.000000,0.000000,17.624370,0.000000,0.000000,0.000000,0.000000,0.000000,0.000000,0.000000,0.000000,0.000000,0.000000,0.000000,0.000000,2.766424622e-03
1.320025,0.001681152,0.845649335,0.153288493,12.384672899,1.415984917,0.101452501,0.100452411,1.036450e+00,2.221393e+00,9.603594e+00,1.236248e+02,2.616884e+01,5.717607e-01,5.522069e+00,0.000000,0.000000,20.718265,0.000000,0.000000,0.000000,0.000000,0.000000,0.000000,0.000000,0.000000,0.000000,0.000000,0.000000,0.000000,2.869721375e-03
1.321275,0.001405168,0.845784777,0.162547895,12.421091177,1.416610704,0.101108437,0.100540061,7.399496e-01,2.499083e+00,1.750941e+01,8.390814e+01,3.115468e+01,8.724412e-01,7.210496e+00,0.000000,0.000000,30.434316,0.000000,0.000000,0.000000,0.000000,0.000000,0.000000,0.000000,0.000000,0.000000,0.000000,0.000000,0.000000,2.371935063e-03
1.322525,0.000824259,0.845904890,0.171832275,12.457494126,1.417221162,0.100749045,0.100612383,2.530074e-01,1.803121e+00,1.832059e+01,3.929993e+01,3.630383e+01,1.253493e+00,7.741427e+00,0.000000,0.000000,19.909710,0.000000,0.000000,0.000000,0.000000,0.000000,0.000000,0.000000,0.000000,0.000000,0.000000,0.000000,0.000000,1.426514985e-03
1.323775,0.000083825,0.846009676,0.181122034,12.493881748,1.417816292,0.100374325,0.100669377,2.034940e-02,1.368440e+00,1.327540e+01,3.969456e+01,3.769032e+01,1.308283e+00,6.938775e+00,0.000000,0.000000,2.353949,0.000000,0.000000,0.000000,0.000000,0.000000,0.000000,0.000000,0.000000,0.000000,0.000000,0.000000,0.000000,1.312045765e-04
1.325025,-0.000688330,0.846099133,0.190396783,12.530254041,1.418396093,0.099984277,0.100711043,1.837252e-01,1.260591e+00,2.055894e+01,8.871771e+01,3.720028e+01,9.508521e-01,4.804915e+00,0.000000,0.000000,0.000000,0.000000,0.000000,0.000000,0.000000,0.000000,0.000000,0.000000,0.000000,0.000000,0.000000,0.000000,0.000000,-1.173008174e-03
1.326275,-0.001335313,0.846173262,0.199656204,12.566611006,1.418960567,0.099578901,0.100737381,6.530460e-01,1.833906e+00,1.707622e+01,1.157219e+02,3.440734e+01,5.444857e-01,2.546118e+00,0.000000,0.000000,0.000000,0.000000,0.000000,0.000000,0.000000,0.000000,0.000000,0.000000,0.000000,0.000000,0.000000,0.000000,0.000000,-2.253723419e-03
1.327525,-0.001714582,0.846232063,0.208900296,12.602952643,1.419509713,0.099158196,0.100748391,1.096928e+00,3.185187e+00,9.384846e+00,7.830627e+01,2.980339e+01,4.295605e-01,1.555075e+00,0.000000,0.000000,0.000000,0.000000,0.000000,0.000000,0.000000,0.000000,0.000000,0.000000,0.000000,0.000000,0.000000,0.000000,0.000000,-2.937499340e-03
1.328775,-0.001896053,0.846275536,0.218129060,12.639278952,1.420043530,0.098722164,0.100825467,1.506941e+00,2.840353e+00,1.811480e+01,3.736815e+01,2.798876e+01,6.055903e-01,2.413589e+00,0.000000,0.000000,0.000000,0.000000,0.000000,0.000000,0.000000,0.000000,0.000000,0.000000,0.000000,0.000000,0.000000,844.339431,0.000000,-3.012521945e-03
1.330025,-0.001776378,0.846303681,0.227342497,12.675589933,1.420562019,0.098270803,0.101067888,1.605482e+00,1.558105e+00,1.990877e+01,3.742747e+01,2.943372e+01,9.104915e-01,4.833704e+00,0.000000,0.000000,0.000000,0.000000,0.000000,0.000000,0.000000,0.000000,0.000000,0.000000,0.000000,0.000000,0.000000,279.634858,0.000000,-3.007283074e-03
1.331275,-0.001519929,0.846316497,0.236540605,12.711885585,1.421065180,0.097804114,0.101453582,1.147288e+00,1.214430e+00,1.466575e+01,8.046813e+01,3.159791e+01,1.088051e+00,6.637655e+00,0.000000,0.000000,0.000000,0.000000,0.000000,0.000000,0.000000,0.000000,0.000000,0.000000,0.000000,0.000000,0.000000,1024.487440,0.000000,-2.496231253e-03
1.332525,-0.001144959,0.846313986,0.245723385,12.748165910,1.421553013,0.097322098,0.102004245,6.083050e-01,1.654789e+00,1.573090e+01,1.243132e+02,3.289632e+01,1.016020e+00,7.699585e+00,0.000000,0.000000,0.000000,0.000000,0.000000,0.000000,0.000000,0.000000,0.000000,0.000000,0.000000,0.000000,0.000000,403.621447,0.000000,-1.760073735e-03
1.333775,-0.000679658,0.846296146,0.254890837,12.784430906,1.422025518,0.096824753,0.102753846,1.979514e-01,2.039412e+00,1.373957e+01,1.048261e+02,3.349887e+01,9.006240e-01,8.386229e+00,0.000000,0.000000,0.000000,0.000000,0.000000,0.000000,0.000000,0.000000,0.000000,0.000000,0.000000,0.000000,0.000000,951.666787,0.000000,-1.165733109e-03
1.335025,-0.000283845,0.846262978,0.264045073,12.820680574,1.422482695,0.096312079,0.103621673,2.247238e-01,2.216051e+00,1.346154e+01,3.954111e+01,3.273081e+01,8.443811e-01,7.709994e+00,0.000000,0.000000,6.185413,0.000000,0.000000,0.000000,0.000000,0.000000,0.000000,0.000000,0.000000,0.000000,0.000000,273.614642,0.000000,-3.744267881e-04
1.336275,0.000093887,0.846214482,0.273191534,12.856914915,1.422924544,0.095784078,0.104578325,1.898462e-01,1.675181e+00,1.780805e+01,1.707040e+01,3.184060e+01,8.187688e-01,5.705933e+00,0.000000,0.000000,0.000000,0.000000,0.000000,0.000000,0.000000,0.000000,0.000000,0.000000,0.000000,0.000000,0.000000,679.401751,0.000000,2.328505058e-04
1.337525,0.000326355,0.846150659,0.282322666,12.893133927,1.423351064,0.095240749,0.105650771,1.494231e-01,1.368793e+00,1.509325e+01,5.919311e+01,3.609241e+01,7.626689e-01,3.470499e+00,0.000000,0.000000,0.000000,0.000000,0.000000,0.000000,0.000000,0.000000,0.000000,0.000000,0.000000,0.000000,0.000000,170.634147,0.000000,5.827113998e-04
1.338775,0.000391665,0.846071506,0.291438470,12.929337610,1.423762257,0.094682091,0.106793219,1.233991e-01,2.562237e+00,1.476236e+01,1.053776e+02,3.852365e+01,5.506068e-01,3.220689e+00,0.000000,0.000000,0.000000,0.000000,0.000000,0.000000,0.000000,0.000000,0.000000,0.000000,0.000000,0.000000,0.000000,404.784082,0.000000,7.138818550e-04
1.340025,0.000333980,0.845977026,0.300538946,12.965525966,1.424158121,0.094108106,0.107969505,6.955339e-02,2.803716e+00,1.788937e+01,1.094495e+02,2.918100e+01,4.946642e-01,4.855387e+00,0.000000,0.000000,0.000000,0.000000,0.000000,0.000000,0.000000,0.000000,0.000000,0.000000,0.000000,0.000000,0.000000,49.613049,0.000000,5.816891526e-04
1.341275,0.000199904,0.845867218,0.309624094,13.001698994,1.424538657,0.093518792,0.109136638,9.196032e-02,1.740043e+00,1.311978e+01,6.908757e+01,1.697472e+01,8.002787e-01,6.782837e+00,0.000000,0.000000,0.000000,0.000000,0.000000,0.000000,0.000000,0.000000,0.000000,0.000000,0.000000,0.000000,0.000000,6.904821,0.000000,2.946627089e-04
1.342525,-0.000023923,0.845742081,0.318693913,13.037856693,1.424903865,0.092914150,0.110288893,7.479907e-02,1.211609e+00,1.199688e+01,3.125607e+01,1.845382e+01,1.178887e+00,8.422492e+00,0.000000,0.000000,0.000000,0.000000,0.000000,0.000000,0.000000,0.000000,0.000000,0.000000,0.000000,0.000000,0.000000,0.000000,0.000000,2.271311063e-05
1.343775,-0.000204929,0.845601617,0.327748405,13.073999065,1.425253745,0.092294180,0.111425820,2.921743e-02,1.057885e+00,1.619423e+01,4.694743e+01,3.497582e+01,1.275060e+00,8.381644e+00,0.000000,0.000000,0.000000,0.000000,0.000000,0.000000,0.000000,0.000000,0.000000,0.000000,0.000000,0.000000,0.000000,0.000000,0.000000,-3.940881422e-04
1.345025,-0.000392232,0.845445824,0.336787568,13.110126108,1.425588297,0.091658882,0.112547419,1.117331e-01,1.540812e+00,1.559155e+01,9.620446e+01,4.915497e+01,9.339001e-01,7.228885e+00,0.000000,0.000000,0.000000,0.000000,0.000000,0.000000,0.000000,0.000000,0.000000,0.000000,0.000000,0.000000,0.000000,0.000000,0.000000,-6.552398932e-04
1.346275,-0.000504887,0.845274703,0.345811404,13.146237823,1.425907521,0.091008256,0.113653690,1.389603e-01,2.572099e+00,1.438874e+01,1.038635e+02,4.727789e+01,5.336665e-01,5.881443e+00,0.000000,0.000000,0.000000,0.000000,0.000000,0.000000,0.000000,0.000000,0.000000,0.000000,0.000000,0.000000,0.000000,0.000000,0.000000,-8.286687469e-04
1.347525,-0.000504989,0.845088254,0.354819911,13.182334210,1.426211416,0.090342301,0.114744632,1.087721e-01,2.429565e+00,1.526847e+01,6.066746e+01,3.123856e+01,4.558819e-01,4.955764e+00,0.000000,0.000000,0.000000,0.000000,0.000000,0.000000,0.000000,0.000000,0.000000,0.000000,0.000000,0.000000,0.000000,0.000000,0.000000,-9.117373539e-04
1.348775,-0.000457953,0.844886477,0.363813090,13.218415269,1.426499983,0.089661019,0.115820247,1.277365e-01,1.770271e+00,1.150417e+01,2.911959e+01,1.476989e+01,5.254374e-01,3.782140e+00,0.000000,0.000000,0.000000,0.000000,0.000000,0.000000,0.000000,0.000000,0.000000,0.000000,0.000000,0.000000,0.000000,0.000000,0.000000,-7.260192275e-04
1.350025,-0.000291777,0.844669372,0.372790941,13.254480999,1.426773223,0.088964408,0.116880533,5.781250e-02,1.870205e+00,1.281051e+01,4.180166e+01,1.224901e+01,6.559099e-01,2.775918e+00,0.000000,0.000000,0.000000,0.000000,0.000000,0.000000,0.000000,0.000000,0.000000,0.000000,0.000000,0.000000,0.000000,0.000000,0.000000,-5.210870817e-04
1.351275,-0.000099554,0.844436938,0.381753464,13.290531402,1.427031134,0.088252469,0.117925491,2.089440e-02,1.635825e+00,2.012418e+01,9.135244e+01,2.680497e+01,9.921296e-01,2.672614e+00,0.000000,0.000000,0.000000,0.000000,0.000000,0.000000,0.000000,0.000000,0.000000,0.000000,0.000000,0.000000,0.000000,0.000000,0.000000,-1.791449185e-04
1.352525,0.000091409,0.844189177,0.390700658,13.326566476,1.427273717,0.087525203,0.118955121,3.263874e-02,1.486740e+00,1.482225e+01,1.191235e+02,4.359032e+01,1.226991e+00,4.114249e+00,0.000000,0.000000,0.000000,0.000000,0.000000,0.000000,0.000000,0.000000,0.000000,0.000000,0.000000,0.000000,0.000000,0.000000,0.000000,1.981279830e-04
1.353775,0.000283289,0.843926087,0.399632525,13.362586223,1.427500972,0.086782608,0.119969423,5.734045e-02,1.739093e+00,8.341962e+00,8.050418e+01,4.353739e+01,1.038739e+00,6.797985e+00,0.000000,0.000000,0.000000,0.000000,0.000000,0.000000,0.000000,0.000000,0.000000,0.000000,0.000000,0.000000,0.000000,0.000000,0.000000,4.329912613e-04
1.355025,0.000367657,0.843647670,0.408552275,13.398590641,1.427712899,0.086024684,0.120968397,7.428689e-02,1.440370e+00,1.272063e+01,2.992821e+01,3.174057e+01,7.068241e-01,8.703953e+00,0.000000,0.000000,21.173562,0.000000,0.000000,0.000000,0.000000,0.000000,0.000000,0.000000,0.000000,0.000000,0.000000,0.000000,0.000000,6.627837522e-04
1.356275,0.000394503,0.843353924,0.417509752,13.434579731,1.427909497,0.085251433,0.121952043,6.440723e-02,1.618920e+00,1.536307e+01,2.461069e+01,2.646944e+01,5.370059e-01,8.686315e+00,0.000000,0.000000,16.531010,0.000000,0.000000,0.000000,0.000000,0.000000,0.000000,0.000000,0.000000,0.000000,0.000000,0.000000,0.000000,6.678081160e-04
1.357525,0.000326856,0.843044850,0.426454548,13.470553493,1.428090768,0.084462854,0.122920361,6.947452e-02,2.382308e+00,1.463440e+01,6.180205e+01,3.014226e+01,5.698124e-01,6.585978e+00,0.000000,0.000000,0.000000,0.000000,0.000000,0.000000,0.000000,0.000000,0.000000,0.000000,0.000000,0.000000,0.000000,0.000000,0.000000,5.310981950e-04
1.358775,0.000162870,0.842720448,0.435384015,13.506511927,1.428256710,0.083658946,0.123873350,2.237363e-02,2.078085e+00,1.646713e+01,1.056918e+02,3.030971e+01,6.711428e-01,4.663289e+00,0.000000,0.000000,0.000000,0.000000,0.000000,0.000000,0.000000,0.000000,0.000000,0.000000,0.000000,0.000000,0.000000,0.000000,0.000000,3.226006076e-04
1.360025,-0.000010745,0.842380717,0.444298155,13.542455032,1.428407325,0.082839711,0.124811011,1.915709e-02,1.693887e+00,1.215103e+01,9.923992e+01,2.287034e+01,6.976070e-01,3.975326e+00,0.000000,0.000000,0.000000,0.000000,0.000000,0.000000,0.000000,0.000000,0.000000,0.000000,0.000000,0.000000,0.000000,0.000000,0.000000,-5.688818770e-05
1.361275,-0.000224372,0.842025659,0.453196966,13.578382810,1.428542611,0.082005147,0.125733345,3.966195e-02,1.993378e+00,9.410404e+00,4.798273e+01,1.964143e+01,7.467751e-01,4.109112e+00,0.000000,0.000000,0.000000,0.000000,0.000000,0.000000,0.000000,0.000000,0.000000,0.000000,0.000000,0.000000,0.000000,0.000000,0.000000,-3.627006118e-04
1.362525,-0.000389782,0.841655272,0.462080449,13.614295260,1.428662569,0.081155255,0.126640350,5.793543e-02,1.391788e+00,1.474386e+01,3.003518e+01,2.913489e+01,9.589738e-01,4.175837e+00,0.000000,0.000000,0.000000,0.000000,0.000000,0.000000,0.000000,0.000000,0.000000,0.000000,0.000000,0.000000,0.000000,0.000000,0.000000,-6.500969746e-04
1.363775,-0.000480216,0.841269558,0.470948604,13.650192381,1.428767199,0.080290035,0.127532027,1.094915e-01,9.230759e-01,1.449527e+01,6.239047e+01,4.282391e+01,1.191896e+00,4.202478e+00,0.000000,0.000000,0.000000,0.000000,0.000000,0.000000,0.000000,0.000000,0.000000,0.000000,0.000000,0.000000,0.000000,0.000000,0.000000,-8.498107898e-04
1.365025,-0.000512525,0.840868515,0.479801431,13.686074174,1.428856501,0.079409487,0.128408375,1.038821e-01,1.546249e+00,1.386233e+01,9.187615e+01,4.385171e+01,1.021708e+00,4.891619e+00,0.000000,0.000000,0.000000,0.000000,0.000000,0.000000,0.000000,0.000000,0.000000,0.000000,0.000000,0.000000,0.000000,0.000000,0.000000,-8.312155404e-04
1.366275,-0.000423472,0.840452144,0.488638930,13.721940639,1.428930474,0.078513611,0.129269396,8.380658e-02,1.965419e+00,1.354059e+01,8.856226e+01,3.070812e+01,4.804675e-01,5.953190e+00,0.000000,0.000000,0.000000,0.000000,0.000000,0.000000,0.000000,0.000000,0.000000,0.000000,0.000000,0.000000,0.000000,0.000000,0.000000,-7.454386913e-04
1.367525,-0.000283267,0.840020445,0.497461100,13.757791776,1.428989120,0.077602406,0.130115089,3.761345e-02,2.183375e+00,8.145264e+00,5.298609e+01,1.827208e+01,2.371296e-01,7.097196e+00,0.000000,0.000000,0.000000,0.000000,0.000000,0.000000,0.000000,0.000000,0.000000,0.000000,0.000000,0.000000,0.000000,0.000000,0.000000,-4.789281550e-04
1.368775,-0.000096984,0.839573418,0.506267943,13.793627585,1.429032437,0.076675874,0.130945453,1.313668e-02,2.307306e+00,1.265902e+01,2.099418e+01,1.747308e+01,4.869195e-01,7.549138e+00,0.000000,0.000000,0.000000,0.000000,0.000000,0.000000,0.000000,0.000000,0.000000,0.000000,0.000000,0.000000,0.000000,0.000000,0.000000,-1.411456161e-04
1.370025,0.000113370,0.839111063,0.515059457,13.829448066,1.429060426,0.075734013,0.131760489,2.354430e-02,1.654176e+00,1.966759e+01,4.737977e+01,2.735400e+01,8.613692e-01,6.609272e+00,0.000000,0.000000,0.000000,0.000000,0.000000,0.000000,0.000000,0.000000,0.000000,0.000000,0.000000,0.000000,0.000000,0.000000,0.000000,1.594049824e-04
1.371275,0.000261254,0.838633379,0.523838775,13.865253218,1.429073088,0.074776825,0.132560198,3.022263e-02,1.080256e+00,1.207557e+01,1.004809e+02,3.577916e+01,1.044454e+00,4.747045e+00,0.000000,0.000000,2.893371,0.000000,0.000000,0.000000,0.000000,0.000000,0.000000,0.000000,0.000000,0.000000,0.000000,0.000000,0.000000,4.766207393e-04
1.372525,0.000369311,0.838140368,0.532604154,13.901043043,1.429070421,0.073804308,0.133344578,6.648178e-02,1.335808e+00,8.265930e+00,1.068304e+02,3.512162e+01,1.009976e+00,3.377408e+00,0.000000,0.000000,0.000000,0.000000,0.000000,0.000000,0.000000,0.000000,0.000000,0.000000,0.000000,0.000000,0.000000,0.000000,0.000000,6.174119816e-04
1.373775,0.000381611,0.837632028,0.541354205,13.936817539,1.429052426,0.072816463,0.134113630,5.710875e-02,1.628570e+00,1.331826e+01,6.404563e+01,3.117952e+01,8.641243e-01,2.982537e+00,0.000000,0.000000,0.000000,0.000000,0.000000,0.000000,0.000000,0.000000,0.000000,0.000000,0.000000,0.000000,0.000000,0.000000,0.000000,6.401602926e-04
1.375025,0.000298243,0.837108361,0.550088928,13.972576707,1.429019102,0.071813290,0.134867354,4.492379e-02,1.806900e+00,1.042193e+01,2.279455e+01,2.778256e+01,6.825254e-01,3.449610e+00,0.000000,0.000000,0.000000,0.000000,0.000000,0.000000,0.000000,0.000000,0.000000,0.000000,0.000000,0.000000,0.000000,0.000000,0.000000,5.365263897e-04
1.376275,0.000165917,0.836569365,0.558808322,14.008320547,1.428970451,0.070794788,0.135605749,2.424811e-02,1.643054e+00,1.254493e+01,2.807403e+01,2.519411e+01,5.693900e-01,4.565565e+00,0.000000,0.000000,0.000000,0.000000,0.000000,0.000000,0.000000,0.000000,0.000000,0.000000,0.000000,0.000000,0.000000,0.000000,0.000000,2.527154876e-04
1.377525,-0.000035757,0.836015041,0.567512389,14.044049059,1.428906472,0.069763836,0.136328817,3.845866e-03,1.371611e+00,1.862797e+01,7.138254e+01,2.831767e+01,5.975917e-01,6.024564e+00,0.000000,0.000000,0.000000,0.000000,0.000000,0.000000,0.000000,0.000000,0.000000,0.000000,0.000000,0.000000,16.299011,0.000000,0.000000,-4.478139887e-05
1.378775,-0.000235612,0.835445389,0.576201127,14.079762243,1.428827164,0.068754886,0.137036556,3.474590e-02,1.977989e+00,9.636047e+00,1.009681e+02,3.444681e+01,6.577418e-01,7.282950e+00,0.000000,0.000000,0.000000,0.000000,0.000000,0.000000,0.000000,0.000000,0.000000,0.000000,0.000000,0.000000,10.510065,0.000000,0.000000,-3.984983356e-04
1.380025,-0.000405150,0.834860408,0.584874537,14.115460099,1.428732528,0.067740177,0.137728968,6.373449e-02,2.430261e+00,7.007378e+00,8.082370e+01,3.213902e+01,6.208869e-01,7.761207e+00,0.000000,0.000000,0.000000,0.000000,0.000000,0.000000,0.000000,0.000000,0.000000,0.000000,0.000000,0.000000,23.963455,0.000000,0.000000,-7.134822031e-04
1.381275,-0.000524809,0.834260100,0.593560764,14.151142627,1.428622565,0.066743144,0.138406051,1.119877e-01,1.693550e+00,1.605182e+01,3.974361e+01,2.086539e+01,7.693905e-01,7.233945e+00,0.000000,0.000000,35.965225,0.000000,0.000000,0.000000,0.000000,0.000000,0.000000,0.000000,0.000000,0.000000,2.337861,0.000000,0.000000,-8.644334574e-04
1.382525,-0.000539859,0.833644464,0.602259713,14.186809826,1.428497273,0.065750744,0.139067806,1.163357e-01,8.151446e-01,1.305268e+01,3.231107e+01,1.583761e+01,9.931515e-01,5.813789e+00,0.000000,0.000000,0.000000,0.000000,0.000000,0.000000,0.000000,0.000000,0.000000,0.000000,0.000000,0.000000,24.992203,0.000000,0.000000,-9.434774751e-04
1.383775,-0.000483171,0.833013499,0.610943335,14.222461697,1.428356653,0.064771649,0.139714233,8.916503e-02,7.712311e-01,8.640794e+00,6.534803e+01,2.693859e+01,1.066417e+00,3.884749e+00,0.000000,0.000000,0.000000,0.000000,0.000000,0.000000,0.000000,0.000000,0.000000,0.000000,0.000000,0.000000,25.337786,0.000000,0.000000,-8.241954426e-04
1.385025,-0.000350196,0.832367206,0.619611628,14.258098241,1.428200704,0.063828724,0.140345332,5.791402e-02,1.427864e+00,1.307793e+01,9.580744e+01,4.273109e+01,9.479244e-01,2.462112e+00,0.000000,0.000000,0.000000,0.000000,0.000000,0.000000,0.000000,0.000000,0.000000,0.000000,0.000000,0.000000,35.693928,0.000000,0.000000,-5.830431064e-04
1.386275,-0.000174860,0.831705585,0.628264593,14.293719456,1.428029428,0.062937945,0.140961102,1.467077e-02,2.312422e+00,1.205657e+01,7.722390e+01,4.432149e+01,7.057572e-01,2.443483e+00,0.000000,0.000000,0.000000,0.000000,0.000000,0.000000,0.000000,0.000000,0.000000,0.000000,0.000000,0.000000,55.109407,0.000000,0.000000,-3.333876545e-04
1.387525,-0.000025689,0.831028636,0.636902231,14.329325343,1.427842824,0.062154276,0.141561545,1.486711e-02,2.390172e+00,9.898168e+00,3.085589e+01,2.915680e+01,5.830732e-01,3.569611e+00,0.000000,0.000000,0.000000,0.000000,0.000000,0.000000,0.000000,0.000000,0.000000,0.000000,0.000000,0.000000,79.877325,0.000000,0.000000,-3.612537282e-05
1.388775,0.000090076,0.830336359,0.645524540,14.364915902,1.427640891,0.061493482,0.142146659,8.439661e-03,1.436298e+00,1.324599e+01,2.295852e+01,1.461800e+01,6.615101e-01,5.114976e+00,0.000000,0.000000,0.000000,0.000000,0.000000,0.000000,0.000000,0.000000,0.000000,0.000000,0.000000,0.000000,105.336916,0.000000,0.000000,1.292410748e-04
1.390025,0.000121287,0.829628754,0.654131521,14.400491133,1.427423630,0.060973584,0.142716446,1.131875e-02,1.135729e+00,1.272096e+01,6.186367e+01,1.346573e+01,9.555956e-01,6.303468e+00,0.000000,0.000000,0.000000,0.000000,0.000000,0.000000,0.000000,0.000000,0.000000,0.000000,0.000000,0.000000,95.730486,0.000000,0.000000,1.859666423e-04
1.391275,0.000065685,0.828905821,0.662723173,14.436051035,1.427191042,0.060612159,0.143270904,9.154252e-03,1.562381e+00,1.048140e+01,9.843133e+01,2.377056e+01,1.255011e+00,6.859960e+00,0.000000,0.000000,0.000000,0.000000,0.000000,0.000000,0.000000,0.000000,0.000000,0.000000,0.000000,0.000000,101.790623,0.000000,0.000000,1.182642525e-04
1.392525,-0.000036326,0.828167559,0.671299498,14.471595610,1.426943125,0.060333079,0.143810034,3.271616e-03,1.639754e+00,1.127463e+01,9.451278e+01,3.609907e+01,1.306767e+00,6.708968e+00,0.000000,0.000000,0.000000,0.000000,0.000000,0.000000,0.000000,0.000000,0.000000,0.000000,0.000000,0.000000,48.594660,0.000000,0.000000,-8.622712425e-05
1.393775,-0.000168477,0.827413969,0.679860494,14.507124856,1.426679880,0.060098114,0.144333836,2.195662e-02,1.393427e+00,1.018410e+01,5.139617e+01,3.846514e+01,1.161422e+00,6.437105e+00,0.000000,0.000000,0.000000,0.000000,0.000000,0.000000,0.000000,0.000000,0.000000,0.000000,0.000000,0.000000,26.060304,0.000000,0.000000,-2.730272271e-04
1.395025,-0.000283151,0.826645052,0.688406163,14.542638774,1.426401306,0.059893050,0.144842310,3.033124e-02,1.102029e+00,9.872341e+00,1.507488e+01,3.149465e+01,8.180276e-01,6.019410e+00,0.000000,0.000000,0.000000,0.000000,0.000000,0.000000,0.000000,0.000000,0.000000,0.000000,0.000000,0.000000,31.445485,0.000000,0.000000,-4.878586124e-04
1.396275,-0.000372557,0.825860806,0.696936503,14.578137365,1.426107405,0.059731665,0.145335456,5.977864e-02,1.284589e+00,1.257346e+01,3.418776e+01,2.668337e+01,3.930576e-01,4.810253e+00,0.000000,0.000000,0.000000,0.000000,0.000000,0.000000,0.000000,0.000000,0.000000,0.000000,0.000000,0.000000,44.198039,0.000000,0.000000,-6.534321451e-04
1.397525,-0.000418002,0.825061232,0.705451515,14.613620627,1.425798176,0.059602641,0.145813273,6.832002e-02,2.005258e+00,1.233593e+01,8.171238e+01,2.743004e+01,3.344798e-01,3.064729e+00,0.000000,0.000000,0.000000,0.000000,0.000000,0.000000,0.000000,0.000000,0.000000,0.000000,0.000000,0.000000,25.368199,0.000000,0.000000,-6.939990975e-04
1.398775,-0.000395036,0.824246330,0.713951199,14.649088561,1.425473618,0.059505191,0.146275763,6.129244e-02,2.280906e+00,1.123202e+01,9.281981e+01,2.634743e+01,6.748192e-01,2.147745e+00,0.000000,0.000000,0.000000,0.000000,0.000000,0.000000,0.000000,0.000000,0.000000,0.000000,0.000000,0.000000,27.918147,0.000000,0.000000,-6.873847535e-04
1.400025,-0.000332739,0.823416100,0.722435555,14.684541167,1.425133732,0.059451619,0.146722924,5.005459e-02,1.713842e+00,1.136628e+01,6.197184e+01,1.994877e+01,1.038841e+00,3.176888e+00,0.000000,0.000000,0.000000,0.000000,0.000000,0.000000,0.000000,0.000000,0.000000,0.000000,0.000000,0.000000,40.995196,0.000000,0.000000,-5.735201286e-04
1.401275,-0.000232654,0.822570541,0.730904583,14.719978444,1.424778518,0.059457691,0.147154757,1.989176e-02,1.124521e+00,8.019153e+00,3.244029e+01,1.693323e+01,1.133919e+00,5.175335e+00,0.000000,0.000000,0.000000,0.000000,0.000000,0.000000,0.000000,0.000000,0.000000,0.000000,0.000000,0.000000,57.166420,0.000000,0.000000,-3.958394313e-04
1.402525,-0.000120607,0.821709655,0.739358282,14.755400394,1.424407977,0.059528985,0.147571262,1.450420e-02,8.753851e-01,9.483817e+00,3.897213e+01,2.530766e+01,8.892152e-01,6.798604e+00,0.000000,0.000000,0.000000,0.000000,0.000000,0.000000,0.000000,0.000000,0.000000,0.000000,0.000000,0.000000,40.946220,0.000000,0.000000,-2.206305986e-04
1.403775,-0.000016704,0.820833440,0.747796654,14.790807015,1.424022107,0.059622109,0.147972439,3.408385e-03,1.100050e+00,1.512806e+01,7.343898e+01,3.921546e+01,5.967517e-01,7.292372e+00,0.000000,0.000000,0.000000,0.000000,0.000000,0.000000,0.000000,0.000000,0.000000,0.000000,0.000000,0.000000,15.112468,0.000000,0.000000,-1.797755583e-05
1.405025,0.000086872,0.819941897,0.756219697,14.826198309,1.423620908,0.059714595,0.148358288,7.485052e-03,1.694279e+00,1.088313e+01,8.892620e+01,4.360277e+01,4.727978e-01,6.569749e+00,0.000000,0.000000,0.000000,0.000000,0.000000,0.000000,0.000000,0.000000,0.000000,0.000000,0.000000,0.000000,4.420867,0.000000,0.000000,1.442792828e-04
1.406275,0.000150421,0.819035026,0.764627413,14.861574274,1.423204382,0.059795727,0.148728809,1.493703e-02,1.742514e+00,6.456307e+00,6.077858e+01,3.291147e+01,4.672947e-01,5.205656e+00,0.000000,0.000000,0.000000,0.000000,0.000000,0.000000,0.000000,0.000000,0.000000,0.000000,0.000000,0.000000,0.000000,0.000000,0.000000,2.560473796e-04
1.407525,0.000173311,0.818112827,0.773019800,14.896934911,1.422772528,0.059865222,0.149084001,1.222805e-02,1.638274e+00,1.084958e+01,2.333078e+01,1.585676e+01,5.354517e-01,4.174909e+00,0.000000,0.000000,0.000000,0.000000,0.000000,0.000000,0.000000,0.000000,0.000000,0.000000,0.000000,0.000000,20.768968,0.000000,0.000000,2.978998449e-04
1.408775,0.000143166,0.817175300,0.781396859,14.932280220,1.422325345,0.059967026,0.149423866,1.591023e-02,1.840067e+00,1.199926e+01,2.600040e+01,8.407087e+00,6.757689e-01,3.640060e+00,0.000000,0.000000,0.000000,0.000000,0.000000,0.000000,0.000000,0.000000,0.000000,0.000000,0.000000,0.000000,14.774811,0.000000,0.000000,2.368501463e-04
1.410025,0.000052624,0.816222445,0.789758590,14.967610201,1.421862834,0.060076359,0.149748402,3.773274e-03,1.590485e+00,1.149523e+01,6.857910e+01,1.933030e+01,8.354805e-01,3.017272e+00,0.000000,0.000000,0.000000,0.000000,0.000000,0.000000,0.000000,0.000000,0.000000,0.000000,0.000000,0.000000,25.903908,0.000000,0.000000,9.372605417e-05
1.411275,-0.000060388,0.815254262,0.798104992,15.002924854,1.421384996,0.060223539,0.150057610,8.136560e-03,1.112600e+00,1.224409e+01,9.994938e+01,3.623518e+01,1.024538e+00,2.958925e+00,0.000000,0.000000,0.000000,0.000000,0.000000,0.000000,0.000000,0.000000,0.000000,0.000000,0.000000,0.000000,24.323895,0.000000,0.000000,-1.105792349e-04
1.412525,-0.000185163,0.814270750,0.806436067,15.038224179,1.420891829,0.060362326,0.150351490,1.633923e-02,1.151047e+00,7.609518e+00,8.035766e+01,4.015783e+01,9.030117e-01,4.203186e+00,0.000000,0.000000,0.000000,0.000000,0.000000,0.000000,0.000000,0.000000,0.000000,0.000000,0.000000,0.000000,3.742207,0.000000,0.000000,-3.078968901e-04
1.413775,-0.000288046,0.813271911,0.814751814,15.073508175,1.420383334,0.060511205,0.150630042,3.209385e-02,1.300360e+00,6.501231e+00,3.359714e+01,3.023580e+01,5.523295e-01,6.007271e+00,0.000000,0.000000,0.000000,0.000000,0.000000,0.000000,0.000000,0.000000,0.000000,0.000000,0.000000,0.000000,15.461252,0.000000,0.000000,-4.907639643e-04
1.415025,-0.000342475,0.812257743,0.823052232,15.108776844,1.419859510,0.060649063,0.150893266,5.027015e-02,1.277681e+00,1.147550e+01,1.833230e+01,2.199842e+01,4.018265e-01,7.163764e+00,0.000000,0.000000,0.000000,0.000000,0.000000,0.000000,0.000000,0.000000,0.000000,0.000000,0.000000,0.000000,0.000000,0.000000,0.000000,-5.884850670e-04
1.416275,-0.000351650,0.811228247,0.831337322,15.144030184,1.419320359,0.060784965,0.151141162,4.480315e-02,1.498307e+00,1.297085e+01,4.546569e+01,2.261215e+01,5.539907e-01,7.269729e+00,0.000000,0.000000,0.000000,0.000000,0.000000,0.000000,0.000000,0.000000,0.000000,0.000000,0.000000,0.000000,13.981442,0.000000,0.000000,-5.879642007e-04
1.417525,-0.000298636,0.810183423,0.839607084,15.179268197,1.418765880,0.060917801,0.151373730,3.999792e-02,1.695416e+00,1.151936e+01,7.854307e+01,2.551273e+01,7.247650e-01,6.275029e+00,0.000000,0.000000,0.000000,0.000000,0.000000,0.000000,0.000000,0.000000,0.000000,0.000000,0.000000,0.000000,10.072994,0.000000,0.000000,-5.198072811e-04
1.418775,-0.000207434,0.809123271,0.847861518,15.214490881,1.418196072,0.061054659,0.151590969,1.794111e-02,1.761153e+00,8.424855e+00,8.411041e+01,2.598777e+01,8.174487e-01,4.819662e+00,0.000000,0.000000,0.000000,0.000000,0.000000,0.000000,0.000000,0.000000,0.000000,0.000000,0.000000,0.000000,25.957375,0.000000,0.000000,-3.523983825e-04
1.420025,-0.000105624,0.808047791,0.856123929,15.249698237,1.417610936,0.061239998,0.151792880,7.217797e-03,1.762981e+00,6.684597e+00,5.244936e+01,2.577463e+01,9.408382e-01,3.856811e+00,0.000000,0.000000,22.487961,0.000000,0.000000,0.000000,0.000000,0.000000,0.000000,0.000000,0.000000,0.000000,28.545902,0.000000,0.000000,-1.779953338e-04
1.421275,-0.000011117,0.806956982,0.864382844,15.284890265,1.417010473,0.061473494,0.151979464,8.459656e-03,1.337145e+00,1.099616e+01,2.343205e+01,2.577981e+01,8.707820e-01,3.238555e+00,0.000000,0.000000,0.000000,0.000000,0.000000,0.000000,0.000000,0.000000,0.000000,0.000000,0.000000,0.000000,82.582161,0.000000,0.000000,-4.948240154e-05
1.422525,0.000035859,0.805850846,0.872626431,15.320066965,1.416394681,0.061811803,0.152150719,2.687514e-03,7.905427e-01,1.248353e+01,4.455513e+01,2.449692e+01,8.451368e-01,2.676760e+00,0.000000,0.000000,0.000000,0.000000,0.000000,0.000000,0.000000,0.000000,0.000000,0.000000,0.000000,0.000000,46.711997,0.000000,0.000000,7.155246520e-05
1.423775,0.000034301,0.804729381,0.880854690,15.355228336,1.415763561,0.062236704,0.152306646,8.977466e-03,7.875574e-01,8.269368e+00,8.319647e+01,2.464712e+01,8.013537e-01,2.450251e+00,0.000000,0.000000,0.000000,0.000000,0.000000,0.000000,0.000000,0.000000,0.000000,0.000000,0.000000,0.000000,78.868409,0.000000,0.000000,4.528910813e-05
1.425025,-0.000016568,0.803592588,0.889067621,15.390374380,1.415117112,0.062761566,0.152447245,5.097738e-03,1.314435e+00,9.187654e+00,7.971313e+01,2.966201e+01,7.247798e-01,3.325865e+00,0.000000,0.000000,0.000000,0.000000,0.000000,0.000000,0.000000,0.000000,0.000000,0.000000,0.000000,0.000000,89.975547,0.000000,0.000000,-6.360513337e-05
1.426275,-0.000122653,0.802440468,0.897265224,15.425505095,1.414455336,0.063417039,0.152572515,1.189230e-02,1.951763e+00,8.883844e+00,4.376637e+01,3.359194e+01,5.869644e-01,5.446864e+00,0.000000,0.000000,0.000000,0.000000,0.000000,0.000000,0.000000,0.000000,0.000000,0.000000,0.000000,0.000000,79.127275,0.000000,0.000000,-1.898771848e-04
1.427525,-0.000245893,0.801273019,0.905447498,15.460620483,1.413778232,0.064170791,0.152682458,2.852154e-02,2.013171e+00,7.653614e+00,1.887016e+01,2.922256e+01,5.000262e-01,7.590951e+00,0.000000,0.000000,0.000000,0.000000,0.000000,0.000000,0.000000,0.000000,0.000000,0.000000,0.000000,0.000000,77.179038,0.000000,0.000000,-4.460798873e-04
1.428775,-0.000359154,0.800090241,0.913614445,15.495720542,1.413085799,0.065002757,0.152777072,4.915076e-02,1.395113e+00,1.324850e+01,3.150749e+01,1.988029e+01,6.985232e-01,8.279017e+00,0.000000,0.000000,0.000000,0.000000,0.000000,0.000000,0.000000,0.000000,0.000000,0.000000,0.000000,0.000000,38.031175,0.000000,0.000000,-6.168179532e-04
1.430025,-0.000427747,0.798892136,0.921766063,15.530805273,1.412378038,0.065866027,0.152856359,7.418854e-02,1.021114e+00,1.238136e+01,7.432570e+01,1.522748e+01,9.677803e-01,6.841463e+00,0.000000,0.000000,0.000000,0.000000,0.000000,0.000000,0.000000,0.000000,0.000000,0.000000,0.000000,0.000000,22.754300,0.000000,0.000000,-7.051840687e-04
1.431275,-0.000426824,0.797678703,0.929902353,15.565874676,1.411654950,0.066745721,0.152920317,7.029429e-02,1.235925e+00,4.886164e+00,9.641855e+01,2.065096e+01,9.763158e-01,4.418748e+00,0.000000,0.000000,0.000000,0.000000,0.000000,0.000000,0.000000,0.000000,0.000000,0.000000,0.000000,0.000000,17.244991,0.000000,0.000000,-7.551048842e-04
1.432525,-0.000365833,0.796449941,0.938023315,15.600928751,1.410916533,0.067635560,0.152968947,5.420208e-02,1.416013e+00,6.970039e+00,6.705961e+01,2.999608e+01,7.030221e-01,2.920854e+00,0.000000,0.000000,0.000000,0.000000,0.000000,0.000000,0.000000,0.000000,0.000000,0.000000,0.000000,0.000000,12.878915,0.000000,0.000000,-6.074552515e-04
1.433775,-0.000244634,0.795205852,0.946128949,15.635967498,1.410162788,0.068528483,0.153002249,2.353801e-02,1.224653e+00,1.164078e+01,2.433468e+01,3.320307e+01,3.938690e-01,2.761238e+00,0.000000,0.000000,0.000000,0.000000,0.000000,0.000000,0.000000,0.000000,0.000000,0.000000,0.000000,0.000000,10.301889,0.000000,0.000000,-4.110671553e-04
1.435025,-0.000091195,0.793946434,0.954234525,15.670990917,1.409393714,0.069415108,0.153020223,7.743672e-03,1.014122e+00,9.205653e+00,1.787029e+01,2.961958e+01,3.046634e-01,3.131348e+00,0.000000,0.000000,39.546502,0.000000,0.000000,0.000000,0.000000,0.000000,0.000000,0.000000,0.000000,0.000000,3.257044,0.000000,0.000000,-1.736791048e-04
1.436275,0.000064032,0.792671688,0.962380396,15.705999007,1.408609313,0.070293187,0.153022868,7.142905e-03,1.081869e+00,9.352889e+00,5.139221e+01,2.545901e+01,4.398770e-01,3.534184e+00,0.000000,0.000000,30.141907,0.000000,0.000000,0.000000,0.000000,0.000000,0.000000,0.000000,0.000000,0.000000,5.232320,0.000000,0.000000,1.303812869e-04
1.437525,0.000198562,0.791381614,0.970584820,15.740991770,1.407809584,0.071159362,0.153010186,1.471362e-02,1.689979e+00,1.073527e+01,8.443898e+01,2.548136e+01,6.694493e-01,4.234740e+00,0.000000,0.000000,33.095067,0.000000,0.000000,0.000000,0.000000,0.000000,0.000000,0.000000,0.000000,0.000000,0.000000,0.000000,0.000000,3.293544836e-04
1.438775,0.000275061,0.790076212,0.978830453,15.775969204,1.406994526,0.072010209,0.152982176,3.386208e-02,2.261250e+00,7.046495e+00,7.203223e+01,2.502002e+01,7.443124e-01,5.381176e+00,0.000000,0.000000,34.539488,0.000000,0.000000,0.000000,0.000000,0.000000,0.000000,0.000000,0.000000,0.000000,0.000000,0.000000,0.000000,4.655604554e-04
1.440025,0.000289102,0.788755482,0.987100434,15.810931311,1.406164141,0.072846550,0.152938837,3.193965e-02,1.636261e+00,7.377916e+00,3.358497e+01,1.826373e+01,7.921420e-01,6.469520e+00,0.000000,0.000000,29.153300,0.000000,0.000000,0.000000,0.000000,0.000000,0.000000,0.000000,0.000000,0.000000,1.891850,0.000000,0.000000,5.054680182e-04
1.441275,0.000233092,0.787419423,0.995374218,15.845878089,1.405318427,0.073669696,0.152880170,2.372298e-02,6.391034e-01,1.116994e+01,2.761256e+01,1.424139e+01,8.129298e-01,6.696181e+00,0.000000,0.000000,0.000000,0.000000,0.000000,0.000000,0.000000,0.000000,0.000000,0.000000,0.000000,0.000000,0.000000,0.000000,0.000000,3.856213457e-04
1.442525,0.000114795,0.786068037,1.003632674,15.880809539,1.404457385,0.074477515,0.152806175,8.000316e-03,5.520536e-01,9.056485e+00,5.504366e+01,2.280597e+01,6.358866e-01,5.761741e+00,0.000000,0.000000,0.000000,0.000000,0.000000,0.000000,0.000000,0.000000,0.000000,0.000000,0.000000,0.000000,0.000000,0.000000,0.000000,2.026953455e-04
1.443775,-0.000030366,0.784701322,1.011875802,15.915725661,1.403581015,0.075270006,0.152716852,2.170524e-03,1.106155e+00,7.426460e+00,7.882935e+01,3.639437e+01,3.681399e-01,4.170596e+00,0.000000,0.000000,0.000000,0.000000,0.000000,0.000000,0.000000,0.000000,0.000000,0.000000,0.000000,0.000000,0.000000,0.000000,0.000000,-4.850511725e-05
1.445025,-0.000186660,0.783319279,1.020103602,15.950626455,1.402689317,0.076047168,0.152612201,1.759271e-02,1.639012e+00,9.702724e+00,7.259189e+01,3.970849e+01,3.011734e-01,3.082933e+00,0.000000,0.000000,0.000000,0.000000,0.000000,0.000000,0.000000,0.000000,0.000000,0.000000,0.000000,0.000000,0.000000,0.000000,0.000000,-3.221518521e-04
1.446275,-0.000314842,0.781921909,1.028316074,15.985511920,1.401782290,0.076809002,0.152492222,3.595656e-02,1.760498e+00,7.935793e+00,3.407651e+01,2.976732e+01,4.307655e-01,3.043179e+00,0.000000,0.000000,0.000000,0.000000,0.000000,0.000000,0.000000,0.000000,0.000000,0.000000,0.000000,0.000000,0.000000,0.000000,0.000000,-5.285367325e-04
1.447525,-0.000388354,0.780509210,1.036549100,16.020382058,1.400859936,0.077555508,0.152356914,5.998564e-02,1.359318e+00,7.740671e+00,9.330427e+00,1.646532e+01,6.441637e-01,3.434757e+00,0.000000,0.000000,103.411483,0.000000,0.000000,0.000000,0.000000,0.000000,0.000000,0.000000,0.000000,0.000000,0.000000,0.000000,0.000000,-6.623778020e-04
1.448775,-0.000402501,0.779081182,1.044899455,16.055236868,1.399922253,0.078286686,0.152206279,6.026842e-02,1.190718e+00,1.050788e+01,3.999374e+01,1.038743e+01,8.609895e-01,3.914964e+00,0.000000,0.000000,4.645910,0.000000,0.000000,0.000000,0.000000,0.000000,0.000000,0.000000,0.000000,0.000000,0.000000,0.000000,0.000000,-6.829956179e-04
1.450025,-0.000341638,0.777637827,1.053249068,16.090076349,1.398969243,0.079002536,0.152040315,4.494175e-02,1.492550e+00,8.620690e+00,8.512172e+01,1.539987e+01,8.391473e-01,4.708248e+00,0.000000,0.000000,47.003376,0.000000,0.000000,0.000000,0.000000,0.000000,0.000000,0.000000,0.000000,0.000000,0.000000,0.000000,0.000000,-5.793185675e-04
1.451275,-0.000227877,0.776179144,1.061647299,16.124900502,1.398000904,0.079703058,0.151859023,2.237771e-02,1.369692e+00,8.005245e+00,8.551362e+01,2.707282e+01,5.575548e-01,5.834762e+00,0.000000,0.000000,3.206698,0.000000,0.000000,0.000000,0.000000,0.000000,0.000000,0.000000,0.000000,0.000000,0.000000,0.000000,0.000000,-3.869612307e-04
1.452525,-0.000082483,0.774705132,1.070030423,16.159709328,1.397017237,0.080388252,0.151662403,2.993412e-03,1.022305e+00,7.877734e+00,5.117717e+01,3.585856e+01,4.480415e-01,6.750851e+00,0.000000,0.000000,0.000000,0.000000,0.000000,0.000000,0.000000,0.000000,0.000000,0.000000,0.000000,0.000000,0.000000,0.000000,0.000000,-1.378716941e-04
1.453775,0.000072368,0.773215793,1.078398219,16.194502825,1.396018242,0.081058117,0.151450455,6.380759e-03,7.617504e-01,5.325378e+00,1.959377e+01,3.429692e+01,4.755867e-01,6.761587e+00,0.000000,0.000000,0.000000,0.000000,0.000000,0.000000,0.000000,0.000000,0.000000,0.000000,0.000000,0.000000,0.000000,0.000000,0.000000,1.222609665e-04
1.455025,0.000194420,0.771711125,1.086750687,16.229280994,1.395003919,0.081712655,0.151223179,1.450587e-02,9.006135e-01,9.525763e+00,2.183915e+01,2.536326e+01,4.397117e-01,5.551246e+00,0.000000,0.000000,0.000000,0.000000,0.000000,0.000000,0.000000,0.000000,0.000000,0.000000,0.000000,0.000000,0.000000,0.000000,0.000000,3.356793987e-04
1.456275,0.000269547,0.770191129,1.095087827,16.264043835,1.393974267,0.082351864,0.150980575,2.959869e-02,1.607031e+00,1.230690e+01,5.943990e+01,1.925780e+01,4.662961e-01,3.521156e+00,0.000000,0.000000,0.000000,0.000000,0.000000,0.000000,0.000000,0.000000,0.000000,0.000000,0.000000,0.000000,0.000000,0.000000,0.000000,4.571308926e-04
1.457525,0.000279135,0.768655805,1.103409638,16.298791347,1.392929288,0.082975745,0.150722643,3.060402e-02,1.888731e+00,6.658154e+00,8.090182e+01,1.909131e+01,6.278230e-01,1.885964e+00,0.000000,0.000000,0.000000,0.000000,0.000000,0.000000,0.000000,0.000000,0.000000,0.000000,0.000000,0.000000,0.000000,0.000000,0.000000,4.766511321e-04
1.458775,0.000217884,0.767105153,1.111716122,16.333523532,1.391868980,0.083584298,0.150449382,1.873559e-02,1.523098e+00,5.853147e+00,5.795243e+01,1.999307e+01,7.227926e-01,1.589474e+00,0.000000,0.000000,0.000000,0.000000,0.000000,0.000000,0.000000,0.000000,0.000000,0.000000,0.000000,0.000000,0.000000,0.000000,0.000000,3.756355246e-04
1.460025,0.000107072,0.765539173,1.120013769,16.368240389,1.390793345,0.084177523,0.150160793,7.917458e-03,1.205443e+00,8.597783e+00,2.696868e+01,2.125198e+01,6.628527e-01,2.760127e+00,0.000000,0.000000,28.619260,0.000000,0.000000,0.000000,0.000000,0.000000,0.000000,0.000000,0.000000,0.000000,0.000000,0.000000,0.000000,1.777483660e-04
1.461275,-0.000040393,0.763957864,1.128347160,16.402941917,1.389702381,0.084755420,0.149856877,7.030648e-04,1.020706e+00,7.716369e+00,2.878454e+01,2.564640e+01,5.809829e-01,4.771429e+00,0.000000,0.000000,8.919740,0.000000,0.000000,0.000000,0.000000,0.000000,0.000000,0.000000,0.000000,0.000000,0.000000,0.000000,0.000000,-6.220769764e-05
1.462525,-0.000189535,0.762361228,1.136666314,16.437628118,1.388596089,0.085317988,0.149537632,1.654439e-02,7.596854e-01,9.039798e+00,6.031743e+01,2.968925e+01,5.566160e-01,6.186607e+00,0.000000,0.000000,0.000000,0.000000,0.000000,0.000000,0.000000,0.000000,0.000000,0.000000,0.000000,0.000000,0.000000,0.000000,0.000000,-3.222428353e-04
1.463775,-0.000310142,0.760749263,1.144970140,16.472298990,1.387474469,0.085865229,0.149203059,3.637818e-02,8.760900e-01,9.480719e+00,8.110261e+01,2.840544e+01,5.094882e-01,6.406129e+00,0.000000,0.000000,0.000000,0.000000,0.000000,0.000000,0.000000,0.000000,0.000000,0.000000,0.000000,0.000000,0.000000,0.000000,0.000000,-5.300916079e-04
1.465025,-0.000384095,0.759121970,1.153258637,16.506954534,1.386337521,0.086397141,0.148853158,5.516379e-02,1.323665e+00,4.871486e+00,6.004672e+01,2.362223e+01,4.290852e-01,6.156849e+00,0.000000,0.000000,0.000000,0.000000,0.000000,0.000000,0.000000,0.000000,0.000000,0.000000,0.000000,0.000000,0.000000,0.000000,0.000000,-6.453126621e-04
1.466275,-0.000388954,0.757479350,1.161531807,16.541594750,1.385185245,0.086913726,0.148487928,5.818360e-02,1.567980e+00,5.650108e+00,2.033948e+01,2.090437e+01,4.435728e-01,5.748572e+00,0.000000,0.000000,0.000000,0.000000,0.000000,0.000000,0.000000,0.000000,0.000000,0.000000,0.000000,0.000000,0.000000,0.000000,0.000000,-6.664458433e-04
1.467525,-0.000330400,0.755821401,1.169789648,16.576219638,1.384017640,0.087414982,0.148107371,3.990105e-02,1.569096e+00,1.051667e+01,1.401644e+01,2.223606e+01,5.274438e-01,5.016560e+00,0.000000,0.000000,0.000000,0.000000,0.000000,0.000000,0.000000,0.000000,0.000000,0.000000,0.000000,0.000000,0.000000,0.000000,0.000000,-5.589407012e-04
1.468775,-0.000218218,0.754148123,1.178032161,16.610829198,1.382834708,0.087900910,0.147711485,2.075173e-02,1.379105e+00,1.016844e+01,4.764971e+01,2.377246e+01,5.809462e-01,4.075148e+00,0.000000,0.000000,0.000000,0.000000,0.000000,0.000000,0.000000,0.000000,0.000000,0.000000,0.000000,0.000000,0.000000,0.000000,0.000000,-3.665163948e-04
1.470025,-0.000072227,0.752459518,1.186259346,16.645423429,1.381636447,0.088371510,0.147300272,2.347475e-03,1.117408e+00,6.899426e+00,8.161259e+01,2.262627e+01,6.297858e-01,2.854157e+00,0.000000,0.000000,0.000000,0.000000,0.000000,0.000000,0.000000,0.000000,0.000000,0.000000,0.000000,0.000000,0.000000,0.000000,0.000000,-1.280525479e-04
1.471275,0.000072358,0.750755585,1.194471203,16.680002333,1.380422858,0.088826781,0.146873730,4.485618e-03,1.004454e+00,5.495110e+00,8.045841e+01,2.056347e+01,7.614251e-01,1.889753e+00,0.000000,0.000000,0.000000,0.000000,0.000000,0.000000,0.000000,0.000000,0.000000,0.000000,0.000000,0.000000,0.000000,0.000000,0.000000,1.306253690e-04
1.472525,0.000193270,0.749036323,1.202667732,16.714565909,1.379193941,0.089266725,0.146431860,1.550388e-02,1.052643e+00,6.093136e+00,4.148735e+01,2.126828e+01,6.763890e-01,2.427004e+00,0.000000,0.000000,0.000000,0.000000,0.000000,0.000000,0.000000,0.000000,0.000000,0.000000,0.000000,0.000000,0.000000,0.000000,0.000000,3.279645880e-04
1.473775,0.000262475,0.747301734,1.210848933,16.749114156,1.377949696,0.089691341,0.145974662,2.577388e-02,9.953024e-01,7.926162e+00,1.059007e+01,2.612721e+01,3.915161e-01,4.216172e+00,0.000000,0.000000,0.000000,0.000000,0.000000,0.000000,0.000000,0.000000,0.000000,0.000000,0.000000,0.000000,0.000000,0.000000,0.000000,4.456398196e-04
1.475025,0.000266398,0.745551816,1.219014805,16.783647075,1.376690123,0.090100628,0.145502136,2.933417e-02,9.547170e-01,9.376785e+00,2.980266e+01,3.000068e+01,2.909706e-01,5.841607e+00,0.000000,0.000000,0.000000,0.000000,0.000000,0.000000,0.000000,0.000000,0.000000,0.000000,0.000000,0.000000,0.000000,0.000000,0.000000,4.602274916e-04
1.476275,0.000208462,0.743786570,1.227183641,16.818164666,1.375415222,0.090494587,0.145014282,1.580839e-02,1.176884e+00,8.461584e+00,6.679723e+01,2.720250e+01,3.518974e-01,6.431979e+00,0.000000,0.000000,16.383438,0.000000,0.000000,0.000000,0.000000,0.000000,0.000000,0.000000,0.000000,0.000000,0.000000,0.000000,0.000000,3.506652984e-04
1.477525,0.000094498,0.742005996,1.235344457,16.852666929,1.374124992,0.090873218,0.144511099,6.188591e-03,1.598772e+00,6.356943e+00,7.151680e+01,2.114484e+01,4.831123e-01,6.002826e+00,0.000000,0.000000,0.000000,0.000000,0.000000,0.000000,0.000000,0.000000,0.000000,0.000000,0.000000,0.000000,0.000000,0.000000,0.000000,1.648884904e-04
1.478775,-0.000047372,0.740210094,1.243489944,16.887153864,1.372819435,0.091236521,0.143992589,1.786566e-03,1.848569e+00,5.364222e+00,4.660109e+01,1.855015e+01,7.080579e-01,5.092192e+00,0.000000,0.000000,0.000000,0.000000,0.000000,0.000000,0.000000,0.000000,0.000000,0.000000,0.000000,0.000000,0.000000,0.000000,0.000000,-7.801151232e-05
1.480025,-0.000190941,0.738398864,1.251620103,16.921625471,1.371498549,0.091584496,0.143458750,1.464094e-02,1.351676e+00,6.773036e+00,2.350832e+01,1.930120e+01,7.858016e-01,4.264460e+00,0.000000,0.000000,0.000000,0.000000,0.000000,0.000000,0.000000,0.000000,0.000000,0.000000,0.000000,0.000000,0.000000,0.000000,0.000000,-3.274373627e-04
1.481275,-0.000309496,0.736572305,1.259734934,16.956081750,1.370162335,0.091917143,0.142909583,3.714432e-02,5.776158e-01,9.807853e+00,3.108696e+01,1.940138e+01,6.396240e-01,3.522402e+00,0.000000,0.000000,0.000000,0.000000,0.000000,0.000000,0.000000,0.000000,0.000000,0.000000,0.000000,0.000000,0.000000,0.000000,0.000000,-5.207113124e-04
1.482525,-0.000374664,0.734730419,1.267834437,16.990522701,1.368810793,0.092234462,0.142345088,5.138130e-02,4.619630e-01,8.533466e+00,6.541429e+01,2.077279e+01,5.179482e-01,2.677226e+00,0.000000,0.000000,0.000000,0.000000,0.000000,0.000000,0.000000,0.000000,0.000000,0.000000,0.000000,0.000000,0.000000,0.000000,0.000000,-6.389185935e-04
1.483775,-0.000379270,0.732873204,1.275918612,17.024948323,1.367443923,0.092536452,0.141765265,5.514491e-02,9.658394e-01,4.178839e+00,7.923050e+01,2.730192e+01,4.464950e-01,2.312793e+00,0.000000,0.000000,0.000000,0.000000,0.000000,0.000000,0.000000,0.000000,0.000000,0.000000,0.000000,0.000000,0.000000,0.000000,0.000000,-6.438307142e-04
1.485025,-0.000319026,0.731000661,1.283987459,17.059358618,1.366061725,0.092823115,0.141170114,3.728461e-02,1.524877e+00,5.656404e+00,4.772313e+01,3.336561e+01,2.732699e-01,3.155395e+00,0.000000,0.000000,0.000000,0.000000,0.000000,0.000000,0.000000,0.000000,0.000000,0.000000,0.000000,0.000000,0.000000,0.000000,0.000000,-5.391342601e-04
1.486275,-0.000206199,0.729112791,1.292040977,17.093753584,1.364664199,0.093094449,0.140559635,1.746048e-02,1.643267e+00,8.752464e+00,1.185463e+01,2.976438e+01,2.258043e-01,5.054677e+00,0.000000,0.000000,0.000000,0.000000,0.000000,0.000000,0.000000,0.000000,0.000000,0.000000,0.000000,0.000000,0.000000,0.000000,0.000000,-3.527530509e-04
1.487525,-0.000066947,0.727209592,1.300079168,17.128133222,1.363251345,0.093350455,0.139933828,3.261943e-03,1.208885e+00,7.581055e+00,1.603122e+01,1.864931e+01,5.086145e-01,6.763593e+00,0.000000,0.000000,0.000000,0.000000,0.000000,0.000000,0.000000,0.000000,0.000000,0.000000,0.000000,0.000000,0.000000,0.000000,0.000000,-1.096920274e-04
1.488775,0.000076155,0.725291064,1.308102030,17.162497533,1.361823162,0.093591133,0.139292692,2.603201e-03,9.731657e-01,7.785321e+00,5.470028e+01,1.177674e+01,8.542941e-01,6.954360e+00,0.000000,0.000000,0.000000,0.000000,0.000000,0.000000,0.000000,0.000000,0.000000,0.000000,0.000000,0.000000,0.000000,0.000000,0.000000,1.298270387e-04
1.490025,0.000190191,0.723357209,1.316109564,17.196846515,1.360379651,0.093816483,0.138636228,1.582232e-02,1.270315e+00,7.269887e+00,8.410673e+01,1.446247e+01,8.467117e-01,5.527182e+00,0.000000,0.000000,0.000000,0.000000,0.000000,0.000000,0.000000,0.000000,0.000000,0.000000,0.000000,0.000000,0.000000,0.000000,0.000000,3.243444682e-04
1.491275,0.000254137,0.721408026,1.324101770,17.231180169,1.358920813,0.094026505,0.137964437,2.378074e-02,1.303326e+00,4.234947e+00,6.828545e+01,2.153047e+01,5.390130e-01,3.728864e+00,0.000000,0.000000,0.000000,0.000000,0.000000,0.000000,0.000000,0.000000,0.000000,0.000000,0.000000,0.000000,0.000000,0.000000,0.000000,4.359742374e-04
1.492525,0.000257441,0.719443514,1.332078648,17.265498494,1.357446646,0.094221198,0.137277317,2.636832e-02,9.025847e-01,6.479472e+00,2.852649e+01,2.763392e+01,3.268814e-01,2.843327e+00,0.000000,0.000000,0.000000,0.000000,0.000000,0.000000,0.000000,0.000000,0.000000,0.000000,0.000000,0.000000,0.000000,0.000000,0.000000,4.369224494e-04
1.493775,0.000195310,0.717463675,1.340040198,17.299801492,1.355957151,0.094400564,0.136574869,1.494562e-02,6.008287e-01,8.773538e+00,1.351581e+01,3.080869e+01,3.260965e-01,2.912503e+00,0.000000,0.000000,0.000000,0.000000,0.000000,0.000000,0.000000,0.000000,0.000000,0.000000,0.000000,0.000000,0.000000,0.000000,0.000000,3.357237650e-04
1.495025,0.000084984,0.715468507,1.347986420,17.334089162,1.354452327,0.094564601,0.135857093,3.667439e-03,7.278361e-01,6.273145e+00,3.553276e+01,3.003783e+01,3.597232e-01,2.992859e+00,0.000000,0.000000,0.000000,0.000000,0.000000,0.000000,0.000000,0.000000,0.000000,0.000000,0.000000,0.000000,0.000000,0.000000,0.000000,1.454395765e-04
1.496275,-0.000054026,0.713458011,1.355917313,17.368361503,1.352932176,0.094713311,0.135123988,3.097613e-03,1.406747e+00,6.624223e+00,6.632728e+01,2.437575e+01,4.307398e-01,2.661851e+00,0.000000,0.000000,0.000000,0.000000,0.000000,0.000000,0.000000,0.000000,0.000000,0.000000,0.000000,0.000000,0.000000,0.000000,0.000000,-9.148854814e-05
1.497525,-0.000194431,0.711432187,1.363832879,17.402618517,1.351396697,0.094846692,0.134375556,1.375860e-02,1.966461e+00,7.602815e+00,6.774302e+01,1.546328e+01,5.828534e-01,2.933699e+00,0.000000,0.000000,0.000000,0.000000,0.000000,0.000000,0.000000,0.000000,0.000000,0.000000,0.000000,0.000000,0.000000,0.000000,0.000000,-3.272648444e-04
1.498775,-0.000305082,0.709391035,1.371733116,17.436860202,1.349845889,0.094964745,0.133611795,3.634406e-02,1.543160e+00,5.273430e+00,3.537395e+01,1.031897e+01,6.863841e-01,4.582095e+00,0.000000,0.000000,0.000000,0.000000,0.000000,0.000000,0.000000,0.000000,0.000000,0.000000,0.000000,0.000000,0.000000,0.000000,0.000000,-5.200656919e-04
1.500025,-0.000368362,0.707334555,1.379621701,17.471086559,1.348279754,0.095067470,0.132832707,4.958290e-02,7.694967e-01,6.140219e+00,1.630663e+01,1.488934e+01,6.479320e-01,6.606399e+00,0.000000,0.000000,14.075466,0.000000,0.000000,0.000000,0.000000,0.000000,0.000000,0.000000,0.000000,0.000000,0.000000,0.000000,0.000000,-6.238286432e-04
1.501275,-0.000368605,0.705262746,1.387514033,17.505297588,1.346698290,0.095154866,0.132038290,5.091715e-02,5.419525e-01,7.761866e+00,4.072830e+01,2.631549e+01,5.505548e-01,7.493039e+00,0.000000,0.000000,0.501229,0.000000,0.000000,0.000000,0.000000,0.000000,0.000000,0.000000,0.000000,0.000000,0.000000,0.000000,0.000000,-6.257610554e-04
1.502525,-0.000306820,0.703175610,1.395391062,17.539493289,1.345101498,0.095226935,0.131228545,3.569927e-02,7.672962e-01,6.706488e+00,7.093839e+01,3.393078e+01,4.113098e-01,6.600421e+00,0.000000,0.000000,0.000000,0.000000,0.000000,0.000000,0.000000,0.000000,0.000000,0.000000,0.000000,0.000000,0.000000,0.000000,0.000000,-5.222413514e-04
1.503775,-0.000197453,0.701073145,1.403252763,17.573673662,1.343489378,0.095283676,0.130403472,1.449157e-02,1.166543e+00,6.506430e+00,6.821846e+01,3.001728e+01,3.077354e-01,4.402878e+00,0.000000,0.000000,0.000000,0.000000,0.000000,0.000000,0.000000,0.000000,0.000000,0.000000,0.000000,0.000000,0.000000,0.000000,0.000000,-3.321237077e-04
1.505025,-0.000058905,0.698955352,1.411099135,17.607838707,1.341861930,0.095325088,0.129563071,3.414035e-03,1.271350e+00,5.251299e+00,3.720680e+01,1.988817e+01,3.776278e-01,2.460405e+00,0.000000,0.000000,0.000000,0.000000,0.000000,0.000000,0.000000,0.000000,0.000000,0.000000,0.000000,0.000000,0.000000,0.000000,0.000000,-1.009023294e-04
1.506275,0.000077677,0.696822232,1.418930180,17.641988424,1.340219153,0.095351172,0.128707342,2.263926e-03,1.102193e+00,4.815005e+00,9.059068e+00,1.455565e+01,4.979959e-01,1.948668e+00,0.000000,0.000000,0.000000,0.000000,0.000000,0.000000,0.000000,0.000000,0.000000,0.000000,0.000000,0.000000,0.000000,0.000000,0.000000,1.343456355e-04
1.507525,0.000186908,0.694673782,1.426745897,17.676122812,1.338561049,0.095361928,0.127836284,1.469298e-02,1.256259e+00,8.475760e+00,1.992750e+01,1.699370e+01,5.356859e-01,2.361042e+00,0.000000,0.000000,0.000000,0.000000,0.000000,0.000000,0.000000,0.000000,0.000000,0.000000,0.000000,0.000000,0.000000,0.000000,0.000000,3.204315709e-04
1.508775,0.000247794,0.692510005,1.434546285,17.710241873,1.336887617,0.095357357,0.126949899,2.309473e-02,1.429304e+00,8.457702e+00,6.098671e+01,2.199731e+01,5.563238e-01,2.822451e+00,0.000000,0.000000,0.000000,0.000000,0.000000,0.000000,0.000000,0.000000,0.000000,0.000000,0.000000,0.000000,0.000000,0.000000,0.000000,4.208834691e-04
1.510025,0.000245819,0.690330900,1.442331345,17.744345605,1.335198856,0.095337456,0.126048185,2.301601e-02,1.157081e+00,5.096240e+00,8.027955e+01,2.419440e+01,5.736170e-01,3.460111e+00,0.000000,0.000000,0.000000,0.000000,0.000000,0.000000,0.000000,0.000000,0.000000,0.000000,0.000000,0.000000,0.000000,0.000000,0.000000,4.220084809e-04
1.511275,0.000184907,0.688136467,1.450101077,17.778434010,1.333494767,0.095302228,0.125131143,1.418972e-02,8.397320e-01,4.939501e+00,5.630416e+01,2.237437e+01,5.427168e-01,4.719975e+00,0.000000,0.000000,0.000000,0.000000,0.000000,0.000000,0.000000,0.000000,0.000000,0.000000,0.000000,0.000000,0.000000,0.000000,0.000000,3.147784593e-04
1.512525,0.000075014,0.685926705,1.457855481,17.812507086,1.331775350,0.095251672,0.124198773,2.111388e-03,7.203849e-01,5.337348e+00,2.157498e+01,1.980235e+01,5.118783e-01,6.233173e+00,0.000000,0.000000,0.000000,0.000000,0.000000,0.000000,0.000000,0.000000,0.000000,0.000000,0.000000,0.000000,0.000000,0.000000,0.000000,1.287357493e-04
1.513775,-0.000061314,0.683701616,1.465594557,17.846564834,1.330040605,0.095185787,0.123251075,3.303624e-03,7.118206e-01,5.935871e+00,1.543500e+01,2.120318e+01,4.450761e-01,6.783236e+00,0.000000,0.000000,0.000000,0.000000,0.000000,0.000000,0.000000,0.000000,0.000000,0.000000,0.000000,0.000000,0.000000,0.000000,0.000000,-1.011802505e-04
1.515025,-0.000195286,0.681461198,1.473318305,17.880607254,1.328290532,0.095104575,0.122288049,1.418269e-02,1.001431e+00,8.305150e+00,4.246657e+01,2.591306e+01,3.133886e-01,5.618876e+00,0.000000,0.000000,0.000000,0.000000,0.000000,0.000000,0.000000,0.000000,0.000000,0.000000,0.000000,0.000000,0.000000,0.000000,0.000000,-3.330714619e-04
1.516275,-0.000303042,0.679205452,1.481026725,17.914634346,1.326525131,0.095008034,0.121309695,3.455056e-02,1.393300e+00,7.692185e+00,6.689218e+01,2.682259e+01,3.047244e-01,3.630303e+00,0.000000,0.000000,0.000000,0.000000,0.000000,0.000000,0.000000,0.000000,0.000000,0.000000,0.000000,0.000000,0.000000,0.000000,0.000000,-5.126280035e-04
1.517525,-0.000360582,0.676934378,1.488719816,17.948646109,1.324744401,0.094896165,0.120316013,4.847246e-02,1.468553e+00,3.520362e+00,5.532821e+01,2.031032e+01,4.640622e-01,2.398716e+00,0.000000,0.000000,0.000000,0.000000,0.000000,0.000000,0.000000,0.000000,0.000000,0.000000,0.000000,0.000000,0.000000,0.000000,0.000000,-6.123704229e-04
1.518775,-0.000358001,0.674647976,1.496397580,17.982642545,1.322948344,0.094768968,0.119307002,4.694744e-02,1.358980e+00,4.284595e+00,2.659540e+01,1.378046e+01,6.088163e-01,2.523225e+00,0.000000,0.000000,0.000000,0.000000,0.000000,0.000000,0.000000,0.000000,0.000000,0.000000,0.000000,0.000000,0.000000,0.000000,0.000000,-6.088772936e-04
1.520025,-0.000296610,0.672346246,1.504060015,18.016623653,1.321136958,0.094626443,0.118282664,3.370738e-02,1.063218e+00,7.975749e+00,2.084721e+01,1.577155e+01,6.314979e-01,3.277525e+00,0.000000,0.000000,0.000000,0.000000,0.000000,0.000000,0.000000,0.000000,0.000000,0.000000,0.000000,0.000000,0.000000,0.000000,0.000000,-5.013870819e-04
1.521275,-0.000186768,0.670029187,1.511707122,18.050589432,1.319310244,0.094468590,0.117242997,1.274373e-02,6.029355e-01,7.426332e+00,4.396349e+01,2.274977e+01,6.007862e-01,3.849886e+00,0.000000,0.000000,0.000000,0.000000,0.000000,0.000000,0.000000,0.000000,0.000000,0.000000,0.000000,0.000000,0.000000,0.000000,0.000000,-3.180606870e-04
1.522525,-0.000053134,0.667696801,1.519338901,18.084539883,1.317468202,0.094295409,0.116188002,2.519356e-03,5.120444e-01,5.592953e+00,6.991427e+01,2.531643e+01,5.150655e-01,4.137858e+00,0.000000,0.000000,0.000000,0.000000,0.000000,0.000000,0.000000,0.000000,0.000000,0.000000,0.000000,0.000000,0.000000,0.000000,0.000000,-8.827408177e-05
1.523775,0.000079499,0.665349086,1.526955352,18.118475007,1.315610832,0.094106899,0.115117679,2.986748e-03,9.009561e-01,4.722319e+00,6.440104e+01,2.284380e+01,3.516808e-01,4.584513e+00,0.000000,0.000000,0.000000,0.000000,0.000000,0.000000,0.000000,0.000000,0.000000,0.000000,0.000000,0.000000,0.000000,0.000000,0.000000,1.372318311e-04
1.525025,0.000184418,0.662986043,1.534556475,18.152394802,1.313738134,0.093903061,0.114032028,1.302555e-02,1.291016e+00,4.174084e+00,2.552903e+01,2.203239e+01,2.255382e-01,5.454290e+00,0.000000,0.000000,0.000000,0.000000,0.000000,0.000000,0.000000,0.000000,0.000000,0.000000,0.000000,0.000000,0.000000,0.000000,0.000000,3.137967793e-04
1.526275,0.000239547,0.660607672,1.542142269,18.186299269,1.311850108,0.093683896,0.112931048,2.250966e-02,1.405583e+00,6.444735e+00,4.276985e+00,2.386311e+01,2.735639e-01,6.048573e+00,0.000000,0.000000,0.000000,0.000000,0.000000,0.000000,0.000000,0.000000,0.000000,0.000000,0.000000,0.000000,0.000000,0.000000,0.000000,4.106410803e-04
1.527525,0.000236404,0.658213973,1.549712736,18.220188408,1.309946754,0.093449402,0.111814741,2.041238e-02,1.197860e+00,8.504382e+00,2.940376e+01,2.326014e+01,4.691701e-01,5.435333e+00,0.000000,0.000000,0.000000,0.000000,0.000000,0.000000,0.000000,0.000000,0.000000,0.000000,0.000000,0.000000,0.000000,0.000000,0.000000,4.026551137e-04
1.528775,0.000173713,0.655804946,1.557267874,18.254062218,1.308028071,0.093199580,0.110683106,1.264357e-02,9.451902e-01,5.902874e+00,6.466316e+01,1.832633e+01,6.518899e-01,3.627081e+00,0.000000,0.000000,0.000000,0.000000,0.000000,0.000000,0.000000,0.000000,0.000000,0.000000,0.000000,0.000000,0.000000,0.000000,0.000000,2.970432518e-04
1.530025,0.000065200,0.653380591,1.564807685,18.287920701,1.306094060,0.092934430,0.109536142,1.842378e-03,1.055470e+00,4.252648e+00,7.198656e+01,1.325169e+01,7.211056e-01,1.806141e+00,0.000000,0.000000,0.000000,0.000000,0.000000,0.000000,0.000000,0.000000,0.000000,0.000000,0.000000,0.000000,0.000000,0.000000,0.000000,1.132854303e-04
1.531275,-0.000066814,0.650940908,1.572332167,18.321763856,1.304144722,0.092653952,0.108373850,2.589497e-03,1.092748e+00,4.866147e+00,4.771866e+01,1.398234e+01,6.406278e-01,1.307407e+00,0.000000,0.000000,0.000000,0.000000,0.000000,0.000000,0.000000,0.000000,0.000000,0.000000,0.000000,0.000000,0.000000,0.000000,0.000000,-1.136439873e-04
1.532525,-0.000197743,0.648485896,1.579841321,18.355591682,1.302180055,0.092358145,0.107196230,1.517057e-02,7.379829e-01,5.223049e+00,1.701532e+01,2.115797e+01,3.873765e-01,2.383305e+00,0.000000,0.000000,0.000000,0.000000,0.000000,0.000000,0.000000,0.000000,0.000000,0.000000,0.000000,0.000000,0.000000,0.000000,0.000000,-3.338480388e-04
1.533775,-0.000299424,0.646015556,1.587335147,18.389404180,1.300200060,0.092047011,0.106003282,3.282776e-02,5.373683e-01,7.086885e+00,1.761528e+01,2.908695e+01,1.379034e-01,4.088789e+00,0.000000,0.000000,0.000000,0.000000,0.000000,0.000000,0.000000,0.000000,0.000000,0.000000,0.000000,0.000000,0.000000,0.000000,0.000000,-5.085494463e-04
1.535025,-0.000353206,0.643529889,1.594813645,18.423201351,1.298204737,0.091720548,0.104795006,4.686947e-02,7.671597e-01,6.667566e+00,4.848783e+01,3.138517e+01,2.165405e-01,5.439400e+00,0.000000,0.000000,0.000000,0.000000,0.000000,0.000000,0.000000,0.000000,0.000000,0.000000,0.000000,0.000000,0.000000,0.000000,0.000000,-5.999817029e-04
1.536275,-0.000348440,0.641028893,1.602276814,18.456983193,1.296194085,0.091378757,0.103571402,4.414122e-02,1.335041e+00,4.200607e+00,6.414373e+01,2.543385e+01,4.620969e-01,6.028341e+00,0.000000,0.000000,0.000000,0.000000,0.000000,0.000000,0.000000,0.000000,0.000000,0.000000,0.000000,0.000000,0.000000,0.000000,0.000000,-5.904033095e-04
1.537525,-0.000285145,0.638512569,1.609724656,18.490749707,1.294168106,0.091021639,0.102332470,3.082549e-02,1.751250e+00,4.921003e+00,4.502811e+01,1.505926e+01,5.576045e-01,5.941387e+00,0.000000,0.000000,0.000000,0.000000,0.000000,0.000000,0.000000,0.000000,0.000000,0.000000,0.000000,0.000000,0.000000,0.000000,0.000000,-4.849803359e-04
1.538775,-0.000178030,0.635980917,1.617157169,18.524500893,1.292126798,0.090649192,0.101078209,1.205481e-02,1.374130e+00,5.937833e+00,2.052742e+01,7.973124e+00,6.006744e-01,5.491419e+00,0.000000,0.000000,0.000000,0.000000,0.000000,0.000000,0.000000,0.000000,0.000000,0.000000,0.000000,0.000000,0.000000,0.000000,0.000000,-3.006975861e-04
1.540025,-0.000046913,0.633433936,1.624574354,18.558236751,1.290070163,0.090261416,0.099808620,1.280092e-03,5.989904e-01,5.993484e+00,2.233694e+01,9.842203e+00,6.374077e-01,4.601536e+00,0.000000,0.000000,0.000000,0.000000,0.000000,0.000000,0.000000,0.000000,0.000000,0.000000,0.000000,0.000000,0.000000,0.000000,0.000000,-7.844821853e-05
1.541275,0.000081322,0.630871628,1.631976212,18.591957280,1.287998199,0.089858313,0.098523704,3.624114e-03,3.850520e-01,6.597902e+00,5.076260e+01,2.094550e+01,5.363343e-01,3.191294e+00,0.000000,0.000000,0.000000,0.000000,0.000000,0.000000,0.000000,0.000000,0.000000,0.000000,0.000000,0.000000,0.000000,0.000000,0.000000,1.391028451e-04
1.542525,0.000179582,0.628293991,1.639362741,18.625662482,1.285910907,0.089439882,0.097224145,1.252643e-02,7.341052e-01,4.895614e+00,7.070015e+01,3.305450e+01,3.453056e-01,1.809874e+00,0.000000,0.000000,0.000000,0.000000,0.000000,0.000000,0.000000,0.000000,0.000000,0.000000,0.000000,0.000000,0.000000,28.357757,0.000000,3.094261158e-04
1.543775,0.000199922,0.625701027,1.646733941,18.659352355,1.283808287,0.089006122,0.095937067,2.199084e-02,1.098302e+00,3.394148e+00,5.151558e+01,3.377317e+01,2.084529e-01,1.544260e+00,0.000000,0.000000,0.000000,0.000000,0.000000,0.000000,0.000000,0.000000,0.000000,0.000000,0.000000,0.000000,0.000000,108.856544,0.000000,3.794806221e-04
1.545025,0.000147591,0.623092734,1.654089814,18.693026901,1.281690339,0.088557035,0.094670201,3.995394e-02,1.225328e+00,5.615015e+00,1.625299e+01,2.139941e+01,2.439685e-01,2.834050e+00,0.000000,0.000000,0.000000,0.000000,0.000000,0.000000,0.000000,0.000000,0.000000,0.000000,0.000000,0.000000,0.000000,320.575467,0.000000,2.744636168e-04
1.546275,-0.000041605,0.620469113,1.661430359,18.726686118,1.279557063,0.088092619,0.093481463,8.487924e-02,1.044657e+00,6.657117e+00,8.533376e+00,9.824302e+00,4.341840e-01,5.170038e+00,0.000000,0.000000,0.000000,0.000000,0.000000,0.000000,0.000000,0.000000,0.000000,0.000000,0.000000,0.000000,0.000000,289.602050,0.000000,1.697374589e-05
1.547525,-0.000310560,0.617830164,1.668755575,18.760330007,1.277408458,0.087612875,0.092386366,1.331298e-01,9.529725e-01,5.299681e+00,3.454503e+01,1.115631e+01,6.241583e-01,6.631315e+00,0.000000,0.000000,0.000000,0.000000,0.000000,0.000000,0.000000,0.000000,0.000000,0.000000,0.000000,0.000000,0.000000,549.554837,0.000000,-4.715165852e-04
1.548775,-0.000646277,0.615175887,1.676065464,18.793958568,1.275244526,0.087117803,0.091401338,2.300816e-01,1.215349e+00,5.621366e+00,6.560981e+01,1.997691e+01,6.324327e-01,6.247141e+00,0.000000,0.000000,0.000000,0.000000,0.000000,0.000000,0.000000,0.000000,0.000000,0.000000,0.000000,0.000000,0.000000,466.276975,0.000000,-1.026113807e-03
1.550025,-0.000975566,0.612506282,1.683360024,18.827571801,1.273065265,0.086607403,0.090536532,3.820730e-01,1.258658e+00,5.641067e+00,6.684950e+01,2.389604e+01,4.677338e-01,4.931086e+00,0.000000,0.000000,0.000000,0.000000,0.000000,0.000000,0.000000,0.000000,0.000000,0.000000,0.000000,0.000000,0.000000,493.058160,0.000000,-1.586012431e-03
1.551275,-0.001198340,0.609821348,1.690639256,18.861169706,1.270870676,0.086081675,0.089759632,5.477465e-01,8.057956e-01,4.013474e+00,3.547630e+01,2.090902e+01,3.687083e-01,3.561940e+00,0.000000,0.000000,0.000000,0.000000,0.000000,0.000000,0.000000,0.000000,0.000000,0.000000,0.000000,0.000000,0.000000,349.591987,0.000000,-2.022890406e-03
1.552525,-0.001276210,0.607121087,1.697903160,18.894752282,1.268660759,0.085540619,0.089047612,6.007512e-01,3.926206e-01,4.600785e+00,1.287694e+01,1.885514e+01,4.161377e-01,2.866499e+00,0.000000,0.000000,0.000000,0.000000,0.000000,0.000000,0.000000,0.000000,0.000000,0.000000,0.000000,0.000000,0.000000,196.561405,0.000000,-2.125606414e-03
1.553775,-0.001118399,0.604405497,1.705193502,18.928319531,1.266435514,0.084984234,0.088351058,4.652528e-01,4.891196e-01,5.910953e+00,2.675072e+01,2.223002e+01,4.025083e-01,2.959948e+00,0.000000,0.000000,36.439916,0.000000,0.000000,0.000000,0.000000,0.000000,0.000000,0.000000,0.000000,0.000000,0.000000,93.514112,0.000000,-1.923188682e-03
1.555025,-0.000785847,0.601674579,1.712483687,18.961871451,1.264194941,0.084412521,0.087655788,2.307327e-01,1.063737e+00,5.380292e+00,5.216066e+01,2.533046e+01,3.069344e-01,3.258503e+00,0.000000,0.000000,0.000000,0.000000,0.000000,0.000000,0.000000,0.000000,0.000000,0.000000,0.000000,0.000000,0.000000,24.127578,0.000000,-1.318229309e-03
1.556275,-0.000298076,0.598928334,1.719758544,18.995408043,1.261939040,0.083825481,0.086947456,3.434076e-02,1.534930e+00,5.305899e+00,5.622449e+01,2.207558e+01,3.314460e-01,3.463268e+00,0.000000,0.000000,0.000000,0.000000,0.000000,0.000000,0.000000,0.000000,0.000000,0.000000,0.000000,0.000000,0.000000,0.360873,0.000000,-5.072402741e-04
1.557525,0.000231995,0.596166760,1.727018073,19.028929308,1.259667810,0.083223112,0.086223804,2.408538e-02,1.388727e+00,5.062363e+00,3.642190e+01,1.516375e+01,4.689098e-01,4.164983e+00,0.000000,0.000000,0.000000,0.000000,0.000000,0.000000,0.000000,0.000000,0.000000,0.000000,0.000000,0.000000,0.000000,0.000000,0.000000,3.821733588e-04
1.558775,0.000693005,0.593389857,1.734262274,19.062435244,1.257381253,0.082605415,0.085484824,1.846384e-01,9.415300e-01,4.014967e+00,1.639820e+01,1.175825e+01,5.392528e-01,5.444553e+00,0.000000,0.000000,0.000000,0.000000,0.000000,0.000000,0.000000,0.000000,0.000000,0.000000,0.000000,0.000000,0.000000,0.000000,0.000000,1.202269270e-03
1.560025,0.001019341,0.590597627,1.741491147,19.095925852,1.255079367,0.081972390,0.084730516,3.770454e-01,7.085413e-01,5.589269e+00,2.641726e+01,1.577797e+01,5.360059e-01,6.098762e+00,0.000000,0.000000,0.000000,0.000000,0.000000,0.000000,0.000000,0.000000,0.000000,0.000000,0.000000,0.000000,0.000000,0.000000,0.000000,1.716770430e-03
1.561275,0.001113635,0.587790069,1.748704691,19.129401132,1.252762153,0.081324037,0.083960880,4.597874e-01,6.697806e-01,6.555937e+00,5.746580e+01,2.360253e+01,5.030238e-01,5.382003e+00,0.000000,0.000000,0.000000,0.000000,0.000000,0.000000,0.000000,0.000000,0.000000,0.000000,0.000000,0.000000,0.000000,0.000000,0.000000,1.904638356e-03
1.562525,0.000982534,0.584967182,1.755902908,19.162861083,1.250429612,0.080660355,0.083175916,3.553348e-01,7.041438e-01,4.499408e+00,6.572916e+01,2.666813e+01,4.326810e-01,3.666973e+00,0.000000,0.000000,0.000000,0.000000,0.000000,0.000000,0.000000,0.000000,0.000000,0.000000,0.000000,0.000000,0.000000,0.000000,0.000000,1.678881250e-03
1.563775,0.000648218,0.582128968,1.763085796,19.196305707,1.248081741,0.079981346,0.082375624,1.541808e-01,8.362097e-01,3.375191e+00,3.994938e+01,2.204900e+01,3.237318e-01,1.898908e+00,0.000000,0.000000,0.000000,0.000000,0.000000,0.000000,0.000000,0.000000,0.000000,0.000000,0.000000,0.000000,0.000000,0.000000,0.000000,1.088476895e-03
1.565025,0.000161857,0.579275425,1.770253356,19.229735002,1.245718543,0.079287008,0.081560003,1.443983e-02,9.761838e-01,4.140927e+00,1.175522e+01,1.659888e+01,2.538247e-01,1.336562e+00,0.000000,0.000000,0.000000,0.000000,0.000000,0.000000,0.000000,0.000000,0.000000,0.000000,0.000000,0.000000,0.000000,0.000000,0.000000,2.955243926e-04
1.566275,-0.000350517,0.576406554,1.777405588,19.263148970,1.243340017,0.078577342,0.080729055,4.818660e-02,1.140057e+00,5.684431e+00,1.159808e+01,1.682764e+01,3.033124e-01,2.107545e+00,0.000000,0.000000,0.000000,0.000000,0.000000,0.000000,0.000000,0.000000,0.000000,0.000000,0.000000,0.000000,0.000000,0.000000,0.000000,-6.078843274e-04
1.567525,-0.000813975,0.573522355,1.784550618,19.296547609,1.240946163,0.077852349,0.079882778,2.438569e-01,1.240963e+00,7.078330e+00,4.033960e+01,2.070438e+01,4.172549e-01,3.438222e+00,0.000000,0.000000,16.076309,0.000000,0.000000,0.000000,0.000000,0.000000,0.000000,0.000000,0.000000,0.000000,0.000000,0.000000,0.000000,-1.381914394e-03
1.568775,-0.001123960,0.570622828,1.791697313,19.329930920,1.238536980,0.077113760,0.079021173,4.591006e-01,1.068257e+00,5.226019e+00,6.559053e+01,2.177533e+01,5.329035e-01,4.643862e+00,0.000000,0.000000,0.000000,0.000000,0.000000,0.000000,0.000000,0.000000,0.000000,0.000000,0.000000,0.000000,10.034212,0.000000,0.000000,-1.904171395e-03
1.570025,-0.001219275,0.567707973,1.798828680,19.363298903,1.236112469,0.076384609,0.078144240,5.498761e-01,8.483376e-01,2.487005e+00,5.654188e+01,1.735384e+01,6.286744e-01,5.441302e+00,0.000000,0.000000,0.000000,0.000000,0.000000,0.000000,0.000000,0.000000,0.000000,0.000000,0.000000,0.000000,7.821161,0.000000,0.000000,-2.089059831e-03
1.571275,-0.001103384,0.564777789,1.805944719,19.396651558,1.233672631,0.075657366,0.077251979,4.424822e-01,7.404432e-01,3.944267e+00,2.740334e+01,1.227119e+01,5.666307e-01,5.808544e+00,0.000000,0.000000,0.000000,0.000000,0.000000,0.000000,0.000000,0.000000,0.000000,0.000000,0.000000,0.000000,20.413460,0.000000,0.000000,-1.866655059e-03
1.572525,-0.000771616,0.561832278,1.813045429,19.429988885,1.231217464,0.074934156,0.076344390,2.196389e-01,6.034012e-01,6.070766e+00,1.518981e+01,1.438928e+01,3.466862e-01,5.596296e+00,0.000000,0.000000,0.000000,0.000000,0.000000,0.000000,0.000000,0.000000,0.000000,0.000000,0.000000,0.000000,12.189027,0.000000,0.000000,-1.321500920e-03
1.573775,-0.000312175,0.558871438,1.820130812,19.463310884,1.228746969,0.074216762,0.075421473,3.851138e-02,5.945333e-01,5.456081e+00,3.100882e+01,2.410310e+01,1.890705e-01,4.726218e+00,0.000000,0.000000,0.000000,0.000000,0.000000,0.000000,0.000000,0.000000,0.000000,0.000000,0.000000,0.000000,3.804902,0.000000,0.000000,-5.278181386e-04
1.575025,0.000190148,0.555895270,1.827200866,19.496617554,1.226261146,0.073490818,0.074483227,1.529294e-02,8.951085e-01,4.724488e+00,5.311540e+01,3.118536e+01,2.121570e-01,3.441896e+00,0.000000,0.000000,0.000000,0.000000,0.000000,0.000000,0.000000,0.000000,0.000000,0.000000,0.000000,0.000000,6.616891,0.000000,0.000000,3.298728570e-04
1.576275,0.000651575,0.552903774,1.834266681,19.529908897,1.223759994,0.072753652,0.073529653,1.564034e-01,1.249956e+00,3.924404e+00,5.097980e+01,2.651854e+01,3.670755e-01,2.356285e+00,0.000000,0.000000,25.851737,0.000000,0.000000,0.000000,0.000000,0.000000,0.000000,0.000000,0.000000,0.000000,0.000000,0.000000,0.000000,1.097019516e-03
1.577525,0.000956028,0.549896950,1.841351918,19.563184911,1.221243515,0.072001157,0.072560752,3.366063e-01,1.406230e+00,3.739144e+00,2.575739e+01,1.400437e+01,5.725883e-01,1.829563e+00,0.000000,0.000000,21.530603,0.000000,0.000000,0.000000,0.000000,0.000000,0.000000,0.000000,0.000000,0.000000,0.000000,0.000000,0.000000,1.643728792e-03
1.578775,0.001064990,0.546874798,1.848476703,19.596445597,1.218711707,0.071240107,0.071576522,4.156034e-01,1.162411e+00,5.667890e+00,1.462589e+01,6.201267e+00,6.882873e-01,2.068912e+00,0.000000,0.000000,32.595721,0.000000,0.000000,0.000000,0.000000,0.000000,0.000000,0.000000,0.000000,0.000000,10.196046,0.000000,0.000000,1.801186792e-03
1.580025,0.000944845,0.543837318,1.855650936,19.629690955,1.216164572,0.070476503,0.070576964,3.259431e-01,5.956353e-01,6.186245e+00,3.457623e+01,9.596473e+00,6.278589e-01,2.914894e+00,0.000000,0.000000,42.560489,0.000000,0.000000,0.000000,0.000000,0.000000,0.000000,0.000000,0.000000,0.000000,11.491148,0.000000,0.000000,1.604666515e-03
1.581275,0.000612410,0.540784510,1.862876770,19.662920986,1.213602108,0.069719919,0.069562078,1.394350e-01,3.592438e-01,4.096160e+00,5.925109e+01,1.922012e+01,4.903705e-01,3.912356e+00,0.000000,0.000000,40.705438,0.000000,0.000000,0.000000,0.000000,0.000000,0.000000,0.000000,0.000000,0.000000,13.496095,0.000000,0.000000,1.057136834e-03
1.582525,0.000151418,0.537716373,1.870132024,19.696135687,1.211024316,0.068973869,0.068531864,1.109078e-02,6.519154e-01,3.152532e+00,5.902756e+01,2.749222e+01,3.622687e-01,4.947868e+00,0.000000,0.000000,21.415156,0.000000,0.000000,0.000000,0.000000,0.000000,0.000000,0.000000,0.000000,0.000000,15.629613,0.000000,0.000000,2.368156202e-04
1.583775,-0.000368618,0.534632908,1.877383312,19.729335061,1.208431196,0.068243898,0.067486321,4.951878e-02,1.010022e+00,3.602360e+00,3.193993e+01,2.995533e+01,2.482172e-01,5.640168e+00,0.000000,0.000000,0.000000,0.000000,0.000000,0.000000,0.000000,0.000000,0.000000,0.000000,0.000000,0.000000,22.136928,0.000000,0.000000,-6.168704202e-04
1.585025,-0.000830823,0.531534116,1.884619271,19.762519107,1.205822748,0.067535527,0.066425451,2.535562e-01,1.092929e+00,4.901364e+00,6.619267e+00,2.421534e+01,2.484787e-01,5.518011e+00,0.000000,0.000000,0.000000,0.000000,0.000000,0.000000,0.000000,0.000000,0.000000,0.000000,0.000000,0.000000,27.533187,0.000000,0.000000,-1.416500653e-03
1.586275,-0.001149263,0.528419995,1.891839902,19.795687825,1.203198972,0.066860838,0.065349252,4.854261e-01,9.504284e-01,6.666727e+00,1.507685e+01,1.378186e+01,4.635308e-01,4.562244e+00,0.000000,0.000000,0.000000,0.000000,0.000000,0.000000,0.000000,0.000000,0.000000,0.000000,0.000000,0.000000,35.461633,0.000000,0.000000,-1.973776113e-03
1.587525,-0.001274711,0.525290546,1.899045205,19.828841214,1.200559867,0.066229351,0.064257726,5.908468e-01,9.051099e-01,5.090423e+00,4.759499e+01,8.282743e+00,6.681244e-01,3.281094e+00,0.000000,0.000000,0.000000,0.000000,0.000000,0.000000,0.000000,0.000000,0.000000,0.000000,0.000000,0.000000,40.814750,0.000000,0.000000,-2.156473786e-03
1.588775,-0.001166376,0.522145769,1.906235180,19.861979275,1.197905435,0.065646213,0.063150871,5.001947e-01,1.112445e+00,2.957484e+00,6.318296e+01,1.243659e+01,6.309113e-01,2.210043e+00,0.000000,0.000000,0.000000,0.000000,0.000000,0.000000,0.000000,0.000000,0.000000,0.000000,0.000000,0.000000,42.878934,0.000000,0.000000,-2.003299014e-03
1.590025,-0.000864561,0.518985663,1.913409827,19.895102009,1.195235674,0.065113945,0.062028688,2.725198e-01,1.120739e+00,3.942182e+00,4.631612e+01,1.980969e+01,4.761159e-01,1.884825e+00,0.000000,0.000000,0.000000,0.000000,0.000000,0.000000,0.000000,0.000000,0.000000,0.000000,0.000000,0.000000,39.743608,0.000000,0.000000,-1.473442271e-03
1.591275,-0.000421547,0.515810230,1.920569439,19.928209414,1.192550585,0.064624918,0.060892611,6.918342e-02,6.335928e-01,4.589010e+00,2.063675e+01,2.216807e+01,3.642567e-01,2.591274e+00,0.000000,0.000000,4.715551,0.000000,0.000000,0.000000,0.000000,0.000000,0.000000,0.000000,0.000000,0.000000,35.477359,69.702601,0.000000,-7.070288925e-04
1.592525,0.000019900,0.512619468,1.927755666,19.961301491,1.189850168,0.064173907,0.059785798,1.595203e-02,2.983571e-01,4.673992e+00,1.685212e+01,2.089323e+01,3.300327e-01,4.049673e+00,0.000000,0.000000,27.933578,0.000000,0.000000,0.000000,0.000000,0.000000,0.000000,0.000000,0.000000,0.000000,31.997657,203.390537,0.000000,3.627390825e-05
1.593775,0.000372509,0.509413379,1.934974895,19.994378240,1.187134423,0.063755513,0.058707297,1.026120e-01,5.178110e-01,4.965334e+00,3.784119e+01,2.172831e+01,4.130879e-01,5.684779e+00,0.000000,0.000000,50.479165,0.000000,0.000000,0.000000,0.000000,0.000000,0.000000,0.000000,0.000000,0.000000,27.422815,154.449430,0.000000,6.523755974e-04
1.595025,0.000448463,0.506191961,1.942244147,20.027439661,1.184403350,0.063361167,0.057735562,2.217135e-01,1.000395e+00,3.802548e+00,5.320103e+01,2.323041e+01,5.290261e-01,6.964388e+00,0.000000,0.000000,48.068397,0.000000,0.000000,0.000000,0.000000,0.000000,0.000000,0.000000,0.000000,0.000000,22.314901,659.792876,0.000000,8.458777964e-04
1.596275,0.000295803,0.502955215,1.949565663,20.060485753,1.181656949,0.062980061,0.056870915,1.258304e-01,1.434625e+00,3.526503e+00,4.120313e+01,1.973316e+01,5.259222e-01,6.839159e+00,0.000000,0.000000,39.271022,0.000000,0.000000,0.000000,0.000000,0.000000,0.000000,0.000000,0.000000,0.000000,14.563077,417.219122,0.000000,4.778240567e-04
1.597525,-0.000172009,0.499703141,1.956923417,20.093516518,1.178895220,0.062601388,0.056137548,8.521155e-02,1.351887e+00,5.050128e+00,1.867620e+01,1.188267e+01,4.619895e-01,5.267596e+00,0.000000,0.000000,13.338212,0.000000,0.000000,0.000000,0.000000,0.000000,0.000000,0.000000,0.000000,0.000000,7.963879,650.856328,0.000000,-2.175215255e-04
1.598775,-0.000741539,0.496435739,1.964288673,20.126531954,1.176118162,0.062213543,0.055509720,2.430301e-01,7.381610e-01,5.048048e+00,1.628767e+01,8.063353e+00,5.002066e-01,3.459349e+00,0.000000,0.000000,7.834674,0.000000,0.000000,0.000000,0.000000,0.000000,0.000000,0.000000,0.000000,0.000000,1.839423,339.162225,0.000000,-1.244912516e-03
