{"magnitudes": [1.0, 3.020408163265306, 5.040816326530612, 7.061224489795918, 9.081632653061224, 11.102040816326529, 13.122448979591836, 15.142857142857142, 17.163265306122447, 19.183673469387752, 21.204081632653057, 23.224489795918366, 25.24489795918367, 27.265306122448976, 29.285714285714285, 31.30612244897959, 33.326530612244895, 35.3469387755102, 37.367346938775505, 39.38775510204081, 41.408163265306115, 43.42857142857142, 45.44897959183673, 47.469387755102034, 49.48979591836734, 51.51020408163265, 53.53061224489795, 55.55102040816326, 57.57142857142857, 59.59183673469387, 61.61224489795918, 63.63265306122448, 65.65306122448979, 67.67346938775509, 69.6938775510204, 71.71428571428571, 73.73469387755101, 75.75510204081633, 77.77551020408163, 79.79591836734693, 81.81632653061223, 83.83673469387755, 85.85714285714285, 87.87755102040815, 89.89795918367346, 91.91836734693877, 93.93877551020407, 95.95918367346938, 97.97959183673468, 100.0], "per_contact_injected": [0.25983993729994936, 0.9999999999999999, 1.0, 0.9999999999999999, 1.0, 1.0, 1.0, 1.0, 1.0, 1.0, 1.0, 1.0, 0.9999999999999998, 1.0, 1.0, 1.0, 0.9999999999999999, 0.9999999999999999, 1.0, 1.0, 1.0, 1.0, 0.9999999999999997, 0.9999999999999998, 1.0, 1.0, 1.0, 1.0, 0.9999999999999997, 1.0000000000000002, 1.0, 1.0, 0.9999999999999999, 0.9999999999999999, 0.9999999999999997, 0.9999999999999998, 1.0, 1.0, 0.9999999999999997, 1.0, 1.0, 1.0000000000000002, 1.0, 1.0, 1.0, 1.0, 1.0, 1.0, 1.0, 1.0], "aggregate_injected": [0.25983993729994936, 0.5000000000000001, 0.5000000000000001, 0.5000000000000001, 0.5, 0.49999999999999994, 0.5000000000000001, 0.49999999999999994, 0.49999999999999994, 0.5, 0.49999999999999994, 0.5000000000000001, 0.4999999999999999, 0.49999999999999994, 0.4999999999999998, 0.4999999999999999, 0.49999999999999994, 0.5000000000000001, 0.4999999999999999, 0.4999999999999999, 0.4999999999999999, 0.4999999999999999, 0.4999999999999999, 0.5000000000000001, 0.5000000000000001, 0.4999999999999999, 0.5000000000000001, 0.4999999999999998, 0.5000000000000001, 0.49999999999999994, 0.5000000000000001, 0.5, 0.49999999999999994, 0.4999999999999998, 0.49999999999999983, 0.5000000000000001, 0.5000000000000001, 0.4999999999999999, 0.5000000000000001, 0.49999999999999994, 0.4999999999999998, 0.5000000000000002, 0.5, 0.4999999999999998, 0.5000000000000001, 0.5, 0.5, 0.5000000000000001, 0.5, 0.49999999999999994], "E_max": 0.5}