t,com_y:support,com_y:plate_0,com_y:fork_0,com_y:knife_0,com_y:plate_1,com_y:fork_1,com_y:knife_1,com_y:plate_2,com_y:fork_2,com_y:knife_2,com_y:plate_3,com_y:fork_3,com_y:knife_3,com_y:candle_0,com_y:candle_1,com_y:candle_2,com_y:candle_3,com_y:pot,E_el:support,E_el:plate_0,E_el:fork_0,E_el:knife_0,E_el:plate_1,E_el:fork_1,E_el:knife_1,E_el:plate_2,E_el:fork_2,E_el:knife_2,E_el:plate_3,E_el:fork_3,E_el:knife_3,E_el:candle_0,E_el:candle_1,E_el:candle_2,E_el:candle_3,E_el:pot,F:candle_0->support,F:candle_1->support,F:candle_2->support,F:candle_3->support,F:fork_0->support,F:fork_1->support,F:fork_2->support,F:fork_3->support,F:knife_0->support,F:knife_1->support,F:knife_2->support,F:knife_3->support,F:plate_0->support,F:plate_1->support,F:plate_2->support,F:plate_3->support,F:pot->support,support_mid_uy
0.400050,0.014968777,0.039965002,0.035609209,0.035595724,0.039964565,0.035124846,0.035069838,0.039961995,0.035188082,0.035547876,0.039962151,0.035284140,0.035264431,0.074989411,0.074982907,0.074989827,0.074988916,0.595000016,3.259537e-03,4.820417e-06,6.281414e-05,2.870294e-05,4.876580e-06,7.571852e-05,7.064691e-05,6.144492e-06,1.126699e-04,1.048527e-04,4.806745e-06,6.093421e-05,5.742136e-05,1.382573e-06,1.374600e-06,1.801211e-06,1.506913e-06,1.417604e-13,0.080333,0.240216,0.031840,0.107346,0.011726,1.694641,2.061421,0.154453,0.000000,0.105791,0.465797,0.635037,2.590124,3.305370,4.108681,3.731325,0.000000,-5.033921363e-05
0.402550,0.014965902,0.039954642,0.035623553,0.035458180,0.039954744,0.035048597,0.035101317,0.039958036,0.035261070,0.035478388,0.039959147,0.035232482,0.035421412,0.074953487,0.074932335,0.074964833,0.074953404,0.594968134,3.888273e-03,1.319701e-05,5.915325e-05,3.230747e-05,1.258156e-05,1.690856e-05,1.453532e-04,1.394606e-05,4.068178e-05,5.409494e-05,1.342914e-05,1.035667e-04,4.746178e-05,1.482917e-05,3.459345e-05,7.310294e-06,1.456347e-05,3.197862e-14,0.550248,0.931190,0.383831,0.544696,0.018832,0.729844,1.415494,0.668466,0.001109,1.287360,0.642480,0.476784,4.627551,4.689257,4.825384,4.186843,0.000000,-5.492175049e-05
0.405050,0.014969708,0.039964973,0.035586795,0.035275198,0.039965026,0.035042892,0.035212662,0.039962160,0.035330235,0.035407679,0.039961977,0.035171443,0.035539311,0.074896049,0.074875982,0.074909959,0.074896475,0.594874939,3.068971e-03,4.942916e-06,1.840865e-05,3.843219e-05,3.926024e-06,8.475994e-05,5.817265e-05,6.130212e-06,5.658386e-05,5.465354e-05,9.103788e-06,8.868785e-06,2.599658e-05,9.334844e-05,1.423941e-04,6.498409e-05,9.189950e-05,6.817472e-14,1.824475,2.229870,1.548386,1.820446,0.183430,2.325897,0.019406,0.186980,0.511841,0.649423,0.553491,0.033547,4.570446,4.668047,4.058217,4.341319,0.000000,-4.878296000e-05
0.407550,0.014974271,0.039967919,0.035516903,0.035135974,0.039967093,0.035156866,0.035287696,0.039969384,0.035338720,0.035334245,0.039968060,0.035057760,0.035624287,0.074856109,0.074848714,0.074864419,0.074856744,0.594720431,2.215620e-03,7.931795e-06,5.448476e-05,6.947361e-05,1.030783e-05,6.116425e-05,9.822540e-05,1.121622e-05,7.408821e-05,4.191096e-05,1.167016e-05,6.282755e-05,4.571814e-05,2.054187e-04,2.208810e-04,1.867009e-04,2.035247e-04,8.260628e-14,2.581171,2.933458,2.321962,2.575658,0.300940,0.670768,0.058492,0.258323,1.235224,0.257162,0.352452,0.477537,3.149709,3.090113,3.916671,3.679654,0.000000,-4.131068712e-05
0.410050,0.014972162,0.039966536,0.035400648,0.035022221,0.039968057,0.035248374,0.035318654,0.039966226,0.035335286,0.035230421,0.039967143,0.035031018,0.035674463,0.074857997,0.074870834,0.074853167,0.074858297,0.594504611,2.592257e-03,8.139720e-06,3.994633e-05,9.336168e-05,5.487826e-06,1.123131e-04,1.253400e-04,5.657518e-06,4.431215e-05,3.103881e-05,7.667806e-06,5.661489e-05,5.377410e-05,1.869016e-04,1.520988e-04,1.992968e-04,1.850562e-04,5.402016e-14,3.341009,3.280161,3.295272,3.324236,0.012200,0.404906,1.006562,2.341796,0.995711,0.007899,0.582639,0.033630,3.829811,3.738636,2.834860,3.481667,0.000000,-4.475510887e-05
0.412550,0.014966436,0.039957529,0.035223230,0.035060617,0.039956095,0.035345279,0.035289023,0.039956938,0.035385997,0.035174117,0.039958484,0.035110745,0.035669225,0.074907050,0.074929561,0.074893616,0.074906864,0.594227479,3.767543e-03,8.029856e-06,4.004507e-05,2.782351e-05,1.023298e-05,6.417313e-05,5.119903e-05,1.267326e-05,1.110515e-04,6.934240e-05,1.257842e-05,4.499505e-05,7.781567e-05,7.696921e-05,4.027713e-05,1.027216e-04,7.677849e-05,6.500079e-14,2.586033,2.120090,2.816556,2.584724,0.004801,0.586658,0.849624,0.661811,2.131668,0.067501,1.394094,0.157815,3.507587,3.711544,4.503560,3.500914,0.000000,-5.406582268e-05
0.415050,0.014966378,0.039959949,0.035010219,0.035182377,0.039960833,0.035403216,0.035226001,0.039961076,0.035416912,0.035188265,0.039957587,0.035177290,0.035620820,0.074961140,0.074977855,0.074948232,0.074960552,0.593889034,3.779345e-03,5.767065e-06,5.970793e-05,3.290022e-05,4.732165e-06,1.660015e-04,1.258132e-04,5.582331e-06,4.909241e-05,2.922383e-05,1.076008e-05,7.480281e-05,1.012423e-04,9.844918e-06,3.559623e-06,1.814135e-05,1.009019e-05,7.988767e-14,1.319922,0.953710,1.588567,1.322709,0.952755,0.000000,0.088592,0.648594,1.054617,0.290825,0.821089,0.104030,5.297195,5.092495,4.423115,5.205203,0.000000,-5.420172887e-05
0.417550,0.014972988,0.039966239,0.034945508,0.035301001,0.039966372,0.035399840,0.035110429,0.039964989,0.035388333,0.035232051,0.039968424,0.035232874,0.035530858,0.074987687,0.074988332,0.074983500,0.074987105,0.593489276,2.441114e-03,7.446569e-06,5.313221e-05,5.836406e-05,5.167285e-06,3.950031e-05,6.741573e-05,7.412082e-06,6.627315e-05,6.525190e-05,1.247960e-05,4.406020e-05,5.916252e-05,1.955280e-06,4.075453e-07,3.296587e-06,2.151790e-06,6.366288e-14,0.678460,0.434099,0.891680,0.694124,2.901719,0.000000,0.000000,0.361726,0.190988,0.006557,1.365406,0.371390,3.193453,3.268064,4.026397,3.892289,0.000000,-4.341959500e-05
0.420050,0.014975436,0.039968945,0.035126903,0.035413554,0.039968825,0.035335154,0.034965670,0.039971104,0.035298565,0.035348499,0.039969807,0.035293576,0.035424877,0.074968941,0.074950890,0.074977748,0.074968831,0.593028206,2.019034e-03,5.068378e-06,5.592255e-05,3.687365e-05,7.485282e-06,1.124725e-04,1.033684e-04,1.009919e-05,6.874169e-05,5.659489e-05,3.323481e-06,3.139822e-05,9.402097e-05,6.902915e-06,1.770930e-05,4.429276e-06,7.043677e-06,5.434963e-14,0.312179,0.515860,0.267829,0.326077,1.928012,0.001659,0.022581,0.479865,0.785312,1.332644,0.778104,0.388831,4.100472,4.163609,3.425332,3.115527,0.000000,-3.949359748e-05
0.422550,0.014969920,0.039965223,0.035307172,0.035523645,0.039964644,0.035232785,0.035001966,0.039961960,0.035201980,0.035434916,0.039961891,0.035304068,0.035282490,0.074913528,0.074891562,0.074927687,0.074913906,0.592505824,3.025756e-03,6.346197e-06,4.887958e-05,5.744030e-05,5.828171e-06,4.832964e-05,8.157734e-05,7.627061e-06,1.114657e-04,7.175991e-05,1.636981e-05,5.570073e-05,1.205113e-05,6.144443e-05,1.022395e-04,4.018962e-05,6.054351e-05,7.271052e-14,1.422208,1.900213,1.124373,1.409173,0.001175,0.514066,1.201490,0.000000,0.314166,2.278322,0.025225,0.089436,2.950587,2.865655,3.268149,3.561512,0.000000,-4.840279712e-05
0.425050,0.014965186,0.039955258,0.035426132,0.035588684,0.039956172,0.035143459,0.035135770,0.039958968,0.035149641,0.035462585,0.039958200,0.035253247,0.035081178,0.074866707,0.074854763,0.074877406,0.074867410,0.591922129,4.052709e-03,5.881073e-06,5.713314e-05,6.266626e-05,4.990035e-06,9.972607e-05,4.583565e-05,6.896937e-06,3.906744e-05,7.187406e-05,5.688303e-06,5.871720e-05,7.158671e-05,1.646910e-04,1.994128e-04,1.363687e-04,1.630290e-04,5.762629e-14,2.451843,2.778454,2.194652,2.448800,0.000000,0.945346,0.423493,0.000000,0.024604,0.795200,0.042647,0.027659,4.670916,4.750964,4.703835,4.682547,0.000000,-5.609673377e-05
0.427550,0.014968456,0.039962467,0.035485928,0.035592725,0.039961674,0.035053321,0.035265059,0.039959317,0.035069136,0.035434402,0.039961473,0.035143780,0.034925546,0.074853741,0.074859758,0.074853590,0.074854199,0.591277121,3.330904e-03,1.016878e-05,9.389935e-05,6.600026e-05,1.094568e-05,4.610773e-05,8.735152e-05,1.072634e-05,1.619195e-04,2.881940e-05,7.353370e-06,6.588721e-05,4.420642e-05,2.000666e-04,1.793785e-04,2.017956e-04,1.977804e-04,5.654482e-14,2.993518,3.122911,2.857175,2.974372,0.040901,0.153818,0.913276,0.204292,0.000000,0.448940,0.244232,2.573616,4.463202,4.406053,4.019816,4.036279,0.000000,-5.077982373e-05
0.430050,0.014973150,0.039966901,0.035499589,0.035535454,0.039966708,0.035023430,0.035349317,0.039968721,0.035106190,0.035433919,0.039966317,0.035048240,0.035023063,0.074887145,0.074908481,0.074875196,0.074886901,0.590570801,2.411895e-03,5.125705e-06,7.862384e-05,2.145311e-05,5.371835e-06,1.286877e-04,2.864858e-05,7.094264e-06,5.703865e-05,5.642378e-05,1.277530e-05,3.804322e-05,5.025714e-05,1.143142e-04,7.314394e-05,1.413762e-04,1.144301e-04,7.615897e-14,3.044714,2.688024,3.198233,3.040344,0.266396,2.485389,1.618928,1.221852,0.000000,0.000000,0.921867,2.777289,3.572803,3.588184,4.443806,3.920653,0.000000,-4.315232008e-05
0.432550,0.014972358,0.039967382,0.035476358,0.035419906,0.039968103,0.035145482,0.035372262,0.039966180,0.035164177,0.035408415,0.039966369,0.035077262,0.035253023,0.074945210,0.074964869,0.074931261,0.074944527,0.589803169,2.555009e-03,4.748087e-06,5.970676e-05,5.515867e-05,2.604307e-06,2.549004e-05,1.111156e-04,4.047594e-06,1.395840e-04,1.293398e-04,5.982893e-06,2.720703e-05,6.418474e-05,2.465727e-05,7.255126e-06,4.302380e-05,2.562013e-05,4.967401e-14,1.716043,1.251446,2.015574,1.727875,0.210395,0.870613,0.446451,1.706003,0.153676,0.000000,0.274432,0.805002,3.415948,3.397302,2.450196,3.541366,0.000000,-4.451995649e-05
0.435050,0.014968958,0.039959864,0.035421104,0.035287732,0.039959291,0.035240035,0.035333895,0.039960282,0.035204796,0.035384582,0.039962366,0.035111065,0.035450495,0.074982609,0.074988845,0.074974951,0.074981774,0.588974224,3.222041e-03,1.011591e-05,7.190363e-05,2.893480e-05,1.380506e-05,1.599888e-04,2.396547e-05,1.498793e-05,1.650644e-04,1.307406e-04,6.873294e-06,3.745193e-05,2.288292e-05,4.536192e-06,3.107871e-06,5.664655e-06,4.842183e-06,4.361520e-14,0.820915,0.579226,1.031310,0.830393,0.379982,0.318242,0.417312,0.287648,0.466396,0.000000,0.772988,0.000518,4.024116,4.105163,4.867401,3.693193,0.000000,-5.000235211e-05
0.437550,0.014968062,0.039961951,0.035339323,0.035121822,0.039962007,0.035317334,0.035234215,0.039962293,0.035244786,0.035350827,0.039959976,0.035166330,0.035586655,0.074980143,0.074967823,0.074984750,0.074979797,0.588083966,3.410491e-03,5.320055e-06,2.407776e-05,4.692780e-05,2.814118e-06,9.053430e-05,9.550626e-05,2.841605e-06,3.591611e-05,9.202843e-05,1.377101e-05,5.438989e-05,5.762119e-05,1.483601e-06,5.571645e-06,4.994038e-07,1.650125e-06,6.260427e-14,0.398815,0.410081,0.477043,0.425488,0.150550,0.290800,0.777482,0.908024,0.452076,0.000292,0.156476,0.000000,4.501808,4.304957,3.649450,4.356499,0.000000,-5.148980999e-05
0.440050,0.014971487,0.039964880,0.035202220,0.035007280,0.039965311,0.035345210,0.035078917,0.039963729,0.035283426,0.035259654,0.039964627,0.035233870,0.035663078,0.074933613,0.074910827,0.074947493,0.074934000,0.587132396,2.718968e-03,3.138997e-06,7.472145e-05,6.402678e-05,4.251949e-06,7.424102e-05,3.007971e-05,9.036626e-06,1.537647e-04,4.554807e-05,7.581376e-06,6.238214e-05,2.594769e-05,3.503566e-05,6.697398e-05,2.018822e-05,3.453106e-05,3.753911e-14,0.833675,1.288064,0.597428,0.823629,0.195643,0.025099,0.144210,0.496900,1.514552,0.170802,0.000000,0.141438,3.608973,3.943594,4.592723,4.441310,0.000000,-4.587088878e-05
0.442550,0.014972901,0.039966202,0.035081687,0.035012047,0.039965838,0.035312567,0.034932068,0.039968929,0.035263099,0.035114497,0.039968834,0.035258901,0.035731870,0.074877949,0.074862220,0.074890479,0.074878781,0.586119514,2.457391e-03,1.016753e-05,3.242839e-05,9.586817e-05,1.016312e-05,1.279124e-04,6.299092e-05,7.601951e-06,7.329164e-05,5.079505e-05,5.186727e-06,8.224931e-05,2.838483e-05,1.338164e-04,1.781112e-04,1.049558e-04,1.321916e-04,4.143968e-14,2.260646,2.674703,1.962598,2.250888,1.186911,0.000000,0.000000,0.107040,2.260073,1.608683,0.399881,0.568177,3.901172,3.562969,2.995486,3.063918,0.000000,-4.354858161e-05
0.445050,0.014969375,0.039963064,0.034994794,0.035170316,0.039962831,0.035223378,0.035006466,0.039959529,0.035195275,0.035066481,0.039960616,0.035241708,0.035758012,0.074853996,0.074854076,0.074857992,0.074854841,0.585045319,3.137531e-03,3.240659e-06,6.007154e-05,2.111658e-05,3.784035e-06,1.208902e-04,5.786617e-05,8.927265e-06,1.261417e-04,1.092162e-05,1.431367e-05,1.138832e-04,3.312629e-05,2.070591e-04,2.025473e-04,1.994134e-04,2.046402e-04,5.609544e-14,2.880844,3.045136,2.713706,2.868258,0.991767,0.154613,0.630884,0.141546,1.057489,2.913816,2.019958,0.000000,3.605409,3.782201,4.118828,3.745321,0.000000,-4.923672295e-05
0.447550,0.014966533,0.039958872,0.035074518,0.035299680,0.039959569,0.035095893,0.035170021,0.039962536,0.035166128,0.035061024,0.039959726,0.035167544,0.035722840,0.074872336,0.074889740,0.074863890,0.074872540,0.583909811,3.744993e-03,4.904287e-06,4.723737e-05,8.974000e-05,5.426111e-06,2.794561e-05,3.220027e-05,3.708768e-06,1.357043e-04,9.805765e-05,4.595092e-06,4.838142e-05,3.766111e-05,1.434671e-04,1.029923e-04,1.654303e-04,1.426824e-04,1.355080e-14,3.070898,2.911511,3.102467,3.053176,2.432280,0.175277,0.597008,0.000000,0.039309,0.222075,0.809609,0.000000,4.231610,4.198621,4.068110,4.521049,0.000000,-5.388875648e-05
0.450050,0.014969765,0.039962602,0.035205694,0.035383538,0.039962010,0.034972995,0.035275827,0.039959702,0.035100868,0.035181920,0.039963092,0.035036315,0.035626356,0.074926560,0.074948722,0.074911996,0.074926055,0.582712991,3.058119e-03,9.488826e-06,5.481640e-05,6.407464e-05,9.620596e-06,1.660665e-04,8.483318e-05,1.084119e-05,1.641243e-04,6.100733e-05,1.027646e-05,3.010909e-05,4.137460e-05,4.434338e-05,1.891092e-05,6.596938e-05,4.487733e-05,3.657376e-14,2.275819,1.757195,2.575127,2.285182,0.202051,1.943462,0.545756,0.203813,0.266692,0.000000,1.974341,0.000000,4.256549,4.211824,4.206032,4.153526,0.000000,-4.868466913e-05
0.452550,0.014973213,0.039966828,0.035282263,0.035438993,0.039967058,0.035025047,0.035320655,0.039968972,0.035081720,0.035332121,0.039967143,0.034938912,0.035468560,0.074974367,0.074985089,0.074964229,0.074973479,0.581454859,2.399954e-03,3.578745e-06,9.404000e-05,3.302810e-05,3.550195e-06,5.293067e-05,1.468541e-05,4.966160e-06,5.827965e-05,7.246712e-05,6.194178e-06,3.982174e-05,6.218158e-05,3.573525e-06,1.400669e-06,8.061993e-06,3.901316e-06,3.886666e-14,0.945683,0.624077,1.198589,0.952388,0.095784,1.253604,0.800651,2.122332,0.425201,0.031354,0.086745,0.000000,3.817766,3.842527,4.116163,3.561634,0.000000,-4.309154656e-05
0.455050,0.014972255,0.039967338,0.035333805,0.035479952,0.039967158,0.035131526,0.035327974,0.039965305,0.035068673,0.035438466,0.039964936,0.035040722,0.035249451,0.074984215,0.074977791,0.074984467,0.074983493,0.580135414,2.574072e-03,4.610136e-06,2.181983e-05,5.452660e-05,5.149174e-06,9.462438e-05,6.647733e-05,7.137601e-06,1.491319e-04,4.539092e-05,9.186901e-06,4.406065e-05,5.390274e-05,2.815411e-06,2.072194e-06,3.921381e-06,2.930660e-06,-4.837903e-15,0.560455,0.504786,0.668152,0.581919,0.452461,1.380206,1.139610,1.768174,0.274157,0.515128,0.354967,0.000000,3.383265,3.453472,2.833006,3.753629,0.000000,-4.465624215e-05
0.457550,0.014968535,0.039960140,0.035394845,0.035472920,0.039960546,0.035244166,0.035330582,0.039961866,0.035109599,0.035527551,0.039962723,0.035159065,0.034993734,0.074952451,0.074931436,0.074964075,0.074952411,0.578754656,3.310892e-03,8.727595e-06,6.153096e-05,8.148758e-05,8.160214e-06,8.314272e-05,2.850088e-05,8.677141e-06,1.557916e-04,1.470942e-05,6.007090e-06,5.893089e-05,3.367743e-05,1.679947e-05,3.693589e-05,8.845087e-06,1.707691e-05,1.257402e-14,0.601229,0.884446,0.488207,0.612342,0.812475,0.020397,0.510541,0.279876,0.095171,0.370512,0.359433,0.944281,3.916640,3.864660,4.700690,3.891544,0.000000,-5.070771287e-05
0.460050,0.014967682,0.039960520,0.035428096,0.035423988,0.039959861,0.035295623,0.035290677,0.039959362,0.035139046,0.035582474,0.039959684,0.035248636,0.034919169,0.074894784,0.074875085,0.074908763,0.074895353,0.577312586,3.492832e-03,4.926551e-06,7.181166e-05,7.658891e-05,5.724687e-06,1.137828e-04,3.165092e-05,7.218115e-06,6.091401e-05,2.438837e-05,8.517837e-06,7.489180e-05,4.199407e-05,9.417751e-05,1.378286e-04,6.721303e-05,9.282299e-05,-4.002870e-15,1.701345,2.212360,1.372521,1.686103,0.000000,0.000000,0.776818,0.181876,0.461144,0.046207,0.247805,3.372338,4.530729,4.426443,3.579287,4.082202,0.000000,-5.203762142e-05
0.462550,0.014970300,0.039964796,0.035400035,0.035386217,0.039965351,0.035290763,0.035190381,0.039964103,0.035163116,0.035602649,0.039962722,0.035281188,0.035121047,0.074857340,0.074852427,0.074864159,0.074858111,0.575809204,2.950011e-03,4.424078e-06,8.711872e-05,6.825250e-05,5.214215e-06,1.435745e-04,3.155143e-05,7.926160e-06,2.281470e-04,2.469148e-05,8.479651e-06,8.675770e-05,4.398451e-05,1.927062e-04,2.097809e-04,1.710425e-04,1.900364e-04,-6.037704e-14,2.846633,3.068839,2.637793,2.837970,0.000000,0.199897,0.404147,0.000000,0.659605,0.027010,0.210743,2.182873,3.786022,4.111730,4.758210,4.400693,0.000000,-4.780022071e-05
0.465050,0.014973016,0.039965626,0.035310662,0.035322128,0.039965204,0.035255060,0.035062643,0.039967781,0.035168508,0.035588725,0.039967931,0.035252427,0.035333718,0.074862453,0.074874612,0.074858005,0.074862893,0.574244509,2.435348e-03,7.191822e-06,1.050914e-04,2.271105e-05,4.831413e-06,2.966760e-05,2.222539e-05,3.008969e-06,1.740194e-05,4.328415e-05,6.949005e-06,5.699290e-05,2.493897e-05,1.812354e-04,1.452450e-04,1.964795e-04,1.799627e-04,-4.899854e-14,3.007869,2.958996,2.972952,2.988942,0.000771,0.196399,0.164860,0.000000,0.057012,0.595624,0.352741,0.000000,3.900665,3.506784,2.943350,3.477148,0.000000,-4.339184305e-05
0.467550,0.014971603,0.039965581,0.035172023,0.035201359,0.039965581,0.035192127,0.034982098,0.039963261,0.035119561,0.035541355,0.039965327,0.035162671,0.035485077,0.074906729,0.074929234,0.074893008,0.074906466,0.572618501,2.696889e-03,4.362730e-06,4.437183e-05,3.385066e-05,7.215558e-06,1.164670e-04,4.751664e-05,1.131498e-05,2.164670e-04,1.598315e-05,5.537864e-06,3.389778e-05,7.574727e-05,7.350375e-05,3.923373e-05,9.903135e-05,7.393843e-05,-1.467673e-14,2.684365,2.285554,2.887079,2.683069,0.359745,0.680986,0.255293,0.019457,0.224725,1.865941,0.099871,0.000000,3.539357,3.784192,4.404799,3.664001,0.000000,-4.566974379e-05
0.470050,0.014967908,0.039960663,0.035019311,0.035071292,0.039960632,0.035116163,0.035066184,0.039963061,0.035096048,0.035434859,0.039959635,0.035060839,0.035575124,0.074962945,0.074978479,0.074950582,0.074962242,0.570931181,3.443431e-03,6.518808e-06,4.725831e-05,6.451383e-05,5.657413e-06,6.013946e-05,4.438273e-05,2.681263e-06,4.696549e-05,3.866846e-05,1.069898e-05,3.565695e-05,6.517689e-05,8.544555e-06,1.391787e-06,1.806845e-05,9.088651e-06,-1.392535e-13,1.357159,0.890845,1.679531,1.372602,0.432392,0.060468,1.355375,1.059337,0.733748,1.987188,0.000000,0.000000,4.028898,3.926080,3.391501,3.912611,0.000000,-5.170589603e-05
0.472550,0.014967829,0.039960899,0.034939001,0.035018558,0.039960981,0.035018558,0.035216167,0.039958841,0.035122936,0.035267051,0.039961408,0.035001113,0.035603858,0.074985842,0.074984607,0.074982825,0.074985195,0.569182549,3.461342e-03,4.719252e-06,3.268167e-05,3.984509e-05,4.642962e-06,9.049667e-05,1.624750e-05,8.608381e-06,9.884986e-05,2.126579e-05,6.302797e-06,2.378828e-05,7.787644e-05,2.598337e-06,2.714188e-06,2.312691e-06,2.561639e-06,-1.432602e-13,0.492164,0.394541,0.624914,0.500192,2.547390,1.111861,0.452598,0.875190,1.593435,0.370894,0.000000,0.000000,4.154028,4.196851,4.674616,4.610981,0.000000,-5.182054898e-05
0.475050,0.014971074,0.039963118,0.035077340,0.035062635,0.039963444,0.035060123,0.035314042,0.039965687,0.035124132,0.035048718,0.039965058,0.035038025,0.035572799,0.074965227,0.074948280,0.074973599,0.074965095,0.567372604,2.798060e-03,7.477932e-06,2.773066e-05,8.281647e-05,7.781535e-06,1.325267e-04,2.099712e-05,6.714240e-06,7.445524e-05,7.039134e-05,3.573719e-06,3.631839e-05,4.501001e-05,6.864648e-06,1.904230e-05,3.032669e-06,7.059897e-06,-1.270426e-13,0.597020,0.756915,0.564194,0.615018,1.733194,2.279449,0.611962,2.349075,1.965623,0.000000,0.661315,0.103227,4.195625,4.057695,3.768780,3.530447,0.000000,-4.652554639e-05
0.477550,0.014972196,0.039967814,0.035224938,0.035219274,0.039967343,0.035188771,0.035350604,0.039964524,0.035167168,0.035007224,0.039964776,0.035177717,0.035527375,0.074912901,0.074890858,0.074927479,0.074913401,0.565501346,2.585537e-03,3.789508e-06,8.391771e-05,6.129903e-05,4.038511e-06,3.889569e-05,3.552632e-05,8.606164e-06,1.133247e-04,8.421528e-05,1.159224e-05,2.620207e-05,6.204514e-05,6.693557e-05,1.068185e-04,4.498729e-05,6.576464e-05,-1.455691e-13,1.240760,1.703882,0.975210,1.232099,0.234015,0.572541,0.996120,0.311765,0.706597,0.000000,3.293279,0.798744,3.574589,3.815913,3.693970,3.878122,0.000000,-4.472454843e-05
0.480050,0.014970371,0.039962789,0.035324786,0.035332283,0.039963569,0.035288212,0.035326943,0.039965546,0.035200520,0.035118447,0.039964298,0.035261816,0.035489770,0.074864393,0.074854244,0.074874010,0.074865107,0.563568776,2.936248e-03,4.343430e-06,8.347305e-05,2.810472e-05,2.470818e-06,1.126513e-04,3.241248e-05,1.973199e-06,1.447356e-04,1.668973e-05,3.235093e-06,4.056237e-05,4.611362e-05,1.673205e-04,1.972937e-04,1.408588e-04,1.648512e-04,-1.255134e-13,2.599071,2.971912,2.305316,2.581431,0.078721,0.088411,0.385094,0.000238,0.000000,0.057253,0.799997,0.289648,3.586928,3.386708,3.887419,3.849362,0.000000,-4.768693149e-05
0.482550,0.014968731,0.039960975,0.035372337,0.035397968,0.039960472,0.035328843,0.035265623,0.039959147,0.035228429,0.035265834,0.039961997,0.035285645,0.035397381,0.074857518,0.074864756,0.074856462,0.074857996,0.561574894,3.269785e-03,9.342902e-06,9.665759e-05,5.078573e-05,1.144670e-05,9.979502e-05,5.748057e-05,1.254202e-05,8.158192e-05,4.239774e-05,6.752068e-06,4.128376e-05,6.017602e-05,1.954681e-04,1.725732e-04,1.993827e-04,1.936383e-04,-1.474149e-13,3.072095,3.058532,3.005783,3.060255,0.088278,0.028168,0.356046,0.056043,0.560962,0.415947,1.092864,0.000000,4.405552,4.482386,3.709265,3.897987,0.000000,-5.033013127e-05
0.485050,0.014969595,0.039963350,0.035362843,0.035472693,0.039963732,0.035318914,0.035178093,0.039964167,0.035205661,0.035401124,0.039961835,0.035266713,0.035254227,0.074890931,0.074911116,0.074879479,0.074890786,0.559519699,3.091506e-03,4.129628e-06,5.013386e-05,6.088415e-05,2.541794e-06,2.333357e-05,3.406586e-05,2.612247e-06,5.403036e-05,4.845148e-05,8.474188e-06,2.415314e-05,4.229179e-05,1.040225e-04,6.479999e-05,1.295966e-04,1.038716e-04,-2.253991e-13,2.745765,2.483748,2.860238,2.733996,0.001197,0.176696,0.000000,0.377259,0.305845,0.133170,0.005552,0.320722,3.897019,3.956005,4.750502,4.190036,0.000000,-4.895141892e-05
0.487550,0.014971964,0.039965678,0.035299103,0.035492057,0.039965224,0.035263494,0.035032638,0.039965659,0.035133400,0.035475129,0.039965618,0.035245709,0.035137093,0.074946257,0.074965804,0.074932163,0.074945571,0.557403191,2.628795e-03,3.234762e-06,4.534908e-05,6.405293e-05,3.617738e-06,1.259303e-04,9.651370e-06,5.718344e-06,9.971807e-05,5.044545e-05,6.429857e-06,3.676543e-05,4.630713e-05,2.077057e-05,6.397235e-06,3.563002e-05,2.145623e-05,-1.780784e-13,1.888829,1.392346,2.203625,1.905880,0.480928,0.128120,0.609486,0.607767,0.000000,0.013242,0.000000,1.266993,4.005358,3.931070,3.179323,4.035017,0.000000,-4.512849806e-05
0.490050,0.014971463,0.039964431,0.035310309,0.035450107,0.039965051,0.035188312,0.034934203,0.039964287,0.035129785,0.035487821,0.039966273,0.035202678,0.035060103,0.074983510,0.074987573,0.074977279,0.074982793,0.555225371,2.723950e-03,8.482783e-06,3.350248e-05,2.344617e-05,8.431510e-06,1.272749e-04,4.488527e-05,8.040864e-06,4.490598e-05,5.183877e-05,3.406169e-06,1.421070e-05,4.823399e-05,6.370881e-07,4.566126e-07,2.253361e-06,8.105833e-07,-2.928722e-13,0.636891,0.385302,0.859995,0.647506,1.327826,0.783754,1.162532,0.112622,0.000000,2.887932,0.000000,0.873074,3.351201,3.291725,4.314357,3.467110,0.000000,-4.592209017e-05
0.492550,0.014969077,0.039962218,0.035305471,0.035346846,0.039961304,0.035131160,0.035076311,0.039962591,0.035121122,0.035439360,0.039960504,0.035108559,0.035106257,0.074974983,0.074962324,0.074979992,0.074974649,0.552986239,3.197173e-03,4.107611e-06,4.462417e-05,8.334845e-05,3.939270e-06,1.827083e-05,1.610632e-05,4.787666e-06,3.549024e-05,5.303730e-05,1.088413e-05,2.462256e-05,2.148674e-05,4.344342e-06,8.131200e-06,4.004366e-06,4.701498e-06,-2.543743e-13,0.498710,0.626085,0.488687,0.511383,0.001762,0.424855,0.393746,0.307378,0.000000,1.352224,0.027074,2.078676,4.433784,4.595386,3.340599,3.919933,0.000000,-4.981157155e-05
0.495050,0.014968826,0.039963007,0.035239328,0.035182272,0.039963760,0.035038634,0.035196093,0.039961081,0.035138946,0.035362723,0.039961900,0.035038516,0.035219294,0.074931290,0.074909507,0.074944741,0.074931577,0.550685794,3.250734e-03,2.474851e-06,2.537773e-05,5.340903e-05,3.108106e-06,9.099028e-05,5.298438e-05,6.028015e-06,1.436263e-04,6.023071e-05,4.015325e-06,4.242881e-05,5.617785e-05,3.822231e-05,7.110796e-05,2.281848e-05,3.779037e-05,-4.566379e-13,1.017466,1.361171,0.841169,1.023607,0.000000,0.631538,1.173957,1.303836,0.000000,0.251720,0.740178,0.747389,3.711148,3.635532,4.686218,4.344560,0.000000,-5.021594049e-05
0.497550,0.014970693,0.039962160,0.035118980,0.034975856,0.039961735,0.035049913,0.035291175,0.039965233,0.035171414,0.035321421,0.039964833,0.035035723,0.035327791,0.074877170,0.074861701,0.074889464,0.074877850,0.548324036,2.872972e-03,9.252176e-06,4.015367e-05,5.353632e-05,8.265710e-06,4.341719e-05,2.572219e-05,7.194801e-06,1.324498e-04,5.150176e-05,6.662897e-06,2.352081e-05,4.732491e-05,1.364351e-04,1.762663e-04,1.078931e-04,1.349503e-04,-4.117398e-13,2.079551,2.550518,1.757974,2.060760,0.376640,1.915419,0.183696,1.029477,0.742523,0.215986,0.718006,0.237765,4.220979,4.170084,3.400511,3.835636,0.000000,-4.711603011e-05
0.500050,0.014970790,0.039965415,0.035088356,0.034958563,0.039965836,0.035131440,0.035334480,0.039963018,0.035176220,0.035244166,0.039964710,0.035113302,0.035383827,0.074854147,0.074856398,0.074856501,0.074854787,0.545900966,2.853675e-03,2.003900e-06,3.590312e-05,3.937485e-05,2.630218e-06,1.063446e-04,2.824169e-05,6.158872e-06,3.911743e-05,6.519543e-05,5.761204e-06,3.405048e-05,5.031349e-05,1.992658e-04,1.956351e-04,1.907571e-04,1.977260e-04,-6.166520e-13,3.108694,3.224590,2.956268,3.098472,2.087656,0.960459,0.675846,1.583173,3.835651,0.086595,0.023348,0.127875,3.631777,3.796931,4.215668,3.598871,0.000000,-4.699674669e-05
0.502550,0.014969019,0.039962025,0.035125086,0.035113450,0.039961738,0.035231912,0.035324978,0.039963761,0.035200267,0.035139530,0.039960639,0.035215997,0.035459341,0.074877406,0.074894418,0.074868959,0.074877602,0.543416584,3.209777e-03,4.799437e-06,3.774945e-05,7.970248e-05,4.701473e-06,7.175656e-05,3.078459e-05,3.361600e-06,4.964115e-05,6.142624e-05,7.214663e-06,3.204080e-05,7.721307e-05,1.394037e-04,9.817302e-05,1.630960e-04,1.393989e-04,-6.966552e-13,2.884366,2.665104,2.965774,2.876571,0.684084,0.328374,0.597935,0.114776,0.611001,0.046597,0.884456,1.213980,3.762478,3.556929,3.661233,4.163554,0.000000,-4.985770201e-05
0.505050,0.014969152,0.039961778,0.035183406,0.035276238,0.039962256,0.035282176,0.035257964,0.039960132,0.035198574,0.035103018,0.039963423,0.035259090,0.035541072,0.074927882,0.074949305,0.074913736,0.074927524,0.540870889,3.181982e-03,8.183673e-06,8.142746e-05,7.818305e-05,8.074375e-06,5.051289e-05,1.103399e-05,9.509700e-06,6.836937e-05,4.374404e-05,5.277167e-06,1.903319e-05,9.579481e-05,3.995855e-05,1.716682e-05,5.986034e-05,4.066240e-05,-6.013035e-13,2.192603,1.788794,2.429943,2.196983,0.776090,0.097267,0.293726,0.000000,0.379711,0.035125,1.229442,0.129067,4.358801,4.597611,4.005909,4.049043,0.000000,-4.966578071e-05
0.507550,0.014971402,0.039964501,0.035242543,0.035385193,0.039964149,0.035315020,0.035135466,0.039965838,0.035203169,0.035122213,0.039964205,0.035245135,0.035564260,0.074975553,0.074985663,0.074965972,0.074974863,0.538263881,2.734673e-03,3.944939e-06,4.527096e-05,3.205991e-05,3.600595e-06,8.419838e-05,3.052470e-05,3.436589e-06,9.548751e-05,4.189696e-05,4.720607e-06,3.814545e-05,8.277554e-05,2.628980e-06,3.901622e-07,6.594727e-06,2.905537e-06,-5.847795e-13,1.052975,0.647796,1.350066,1.067710,0.576360,0.575249,0.898261,0.244509,0.000000,0.254867,1.075657,0.000000,3.896286,3.581266,4.372195,3.734355,0.000000,-4.604283873e-05
0.510050,0.014972347,0.039967023,0.035310867,0.035432836,0.039966794,0.035311051,0.035052154,0.039966011,0.035210657,0.035183404,0.039965895,0.035224361,0.035526136,0.074982537,0.074974360,0.074984145,0.074982031,0.535595561,2.557006e-03,3.680512e-06,3.362299e-05,1.085326e-04,5.225763e-06,2.584381e-05,1.506132e-05,7.422744e-06,4.710409e-05,6.673190e-05,8.172453e-06,2.927808e-05,7.008482e-05,1.654217e-06,3.693449e-06,8.126310e-07,1.800543e-06,-8.628482e-13,0.360629,0.394010,0.419191,0.369496,0.413704,0.000000,0.284886,0.502187,0.000000,1.522393,1.113655,0.000000,3.838414,4.225904,3.304966,4.108473,0.000000,-4.450999458e-05
0.512550,0.014970910,0.039963433,0.035331073,0.035419167,0.039964135,0.035250697,0.035033128,0.039964246,0.035176026,0.035283409,0.039964659,0.035174304,0.035430863,0.074947323,0.074927458,0.074958529,0.074947351,0.532865929,2.829479e-03,7.057079e-06,6.565104e-05,9.066768e-05,4.380181e-06,9.606099e-05,5.626000e-05,3.549874e-06,7.808225e-05,4.482532e-05,3.746759e-06,4.917492e-05,5.455826e-05,1.909578e-05,4.183897e-05,1.059123e-05,1.920997e-05,-8.466538e-13,0.867762,1.167493,0.726852,0.875818,0.153558,0.239832,0.320265,0.243363,0.000000,1.124805,0.438412,0.189387,3.404335,2.970864,4.156146,3.562093,0.000000,-4.682176163e-05
0.515050,0.014968740,0.039961394,0.035327706,0.035344185,0.039960398,0.035193347,0.035080670,0.039961432,0.035148159,0.035335265,0.039961892,0.035083875,0.035319298,0.074894453,0.074875310,0.074908165,0.074894983,0.530074984,3.267654e-03,4.448829e-06,4.335719e-05,4.758565e-05,6.531316e-06,6.549154e-05,1.789496e-05,8.490959e-06,5.544681e-05,5.711571e-05,6.347343e-06,3.591790e-05,1.880373e-05,1.005054e-04,1.423799e-04,7.471672e-05,9.955407e-05,-8.644274e-13,1.677859,2.107128,1.410870,1.671352,0.504848,0.853057,0.737980,0.344801,0.000000,0.979187,0.024278,0.458919,4.475156,4.878174,3.626485,4.074155,0.000000,-5.032968091e-05
0.517550,0.014969037,0.039963009,0.035300673,0.035207913,0.039963774,0.035134692,0.035164481,0.039961944,0.035094741,0.035335578,0.039960945,0.035014597,0.035169628,0.074856985,0.074853110,0.074863039,0.074857678,0.527222726,3.206257e-03,4.624394e-06,3.309377e-05,7.170322e-05,3.391994e-06,3.617810e-05,1.363112e-05,3.651854e-06,1.692086e-04,4.770107e-05,6.774591e-06,5.847837e-05,7.408901e-05,1.864522e-04,1.989456e-04,1.687671e-04,1.849624e-04,-5.231131e-13,2.810108,3.105832,2.558062,2.793039,0.159992,0.191404,0.129871,1.105363,0.005466,0.672800,0.412981,0.134953,3.849349,3.612562,4.610030,4.031034,0.000000,-4.982601944e-05
0.520050,0.014971073,0.039964118,0.035228382,0.035039078,0.039963523,0.035047065,0.035208692,0.039965408,0.035053493,0.035371360,0.039965211,0.035002012,0.034980973,0.074865887,0.074879285,0.074860436,0.074866219,0.524309156,2.799023e-03,4.485839e-06,5.600791e-05,5.909989e-05,4.331144e-06,9.135458e-05,3.445816e-05,6.260805e-06,6.978998e-05,6.868860e-05,6.440840e-06,2.728543e-05,3.103073e-05,1.704471e-04,1.362159e-04,1.859613e-04,1.702390e-04,-7.554730e-13,3.122322,2.959912,3.152824,3.118459,0.231014,0.910482,1.433962,1.100905,0.816296,0.153453,0.939627,0.420831,3.968378,4.047782,3.400625,4.268911,0.000000,-4.650667127e-05
0.522550,0.014970417,0.039964158,0.035140275,0.034921886,0.039964479,0.035065133,0.035237832,0.039962636,0.035087387,0.035385750,0.039964305,0.035070147,0.034934020,0.074910464,0.074931513,0.074897445,0.074910186,0.521334274,2.927061e-03,4.879529e-06,2.516206e-05,6.343947e-05,6.049405e-06,3.050585e-05,4.712337e-05,5.376629e-06,3.519341e-05,6.346147e-05,1.853231e-06,2.971925e-05,5.709362e-05,6.766967e-05,3.591778e-05,9.224923e-05,6.833513e-05,-1.428090e-12,2.388419,2.038610,2.580108,2.385982,0.873331,1.521200,0.634563,1.308380,1.663080,0.636244,0.052055,3.514543,3.663576,3.680327,3.974071,3.028676,0.000000,-4.760070977e-05
0.525050,0.014968337,0.039961084,0.035097658,0.035016748,0.039960546,0.035088837,0.035253033,0.039962477,0.035119155,0.035339981,0.039960044,0.035141542,0.035098966,0.074961757,0.074976921,0.074949646,0.074961052,0.518298079,3.353834e-03,5.210980e-06,4.025083e-05,3.395679e-05,5.234487e-06,4.093057e-05,3.720231e-05,4.904562e-06,7.302462e-05,8.313072e-05,1.081295e-05,4.337605e-05,3.659200e-05,8.379225e-06,1.879047e-06,1.640311e-05,8.597895e-06,-1.024715e-12,1.480963,1.057599,1.765578,1.492074,0.774427,0.383886,1.089025,0.224959,2.304926,0.196272,0.000000,1.128910,4.160433,4.016110,3.912532,4.497077,0.000000,-5.103136949e-05
0.527550,0.014969176,0.039962370,0.035084873,0.035149170,0.039962952,0.035167801,0.035213453,0.039961634,0.035197668,0.035235272,0.039963010,0.035167420,0.035267174,0.074985208,0.074982652,0.074983155,0.074984609,0.515200571,3.177066e-03,3.685149e-06,4.005589e-05,1.201915e-04,2.439441e-06,5.168197e-05,1.170237e-05,3.822524e-06,5.056211e-05,1.021124e-04,2.174458e-06,6.925976e-05,8.082262e-05,6.367801e-07,5.870568e-07,7.072975e-07,7.661977e-07,-1.232057e-12,0.477981,0.321150,0.650262,0.491475,1.322383,1.426979,0.457476,0.206640,0.296333,0.040679,0.067652,0.475062,3.925439,4.154072,4.097185,3.999740,0.000000,-4.965961612e-05
0.530050,0.014972394,0.039964752,0.035148618,0.035255004,0.039964306,0.035258705,0.035153928,0.039966242,0.035225151,0.035085433,0.039965939,0.035175333,0.035401865,0.074961025,0.074943655,0.074969871,0.074960963,0.512041751,2.548579e-03,6.898413e-06,2.512767e-05,7.384191e-05,7.907032e-06,1.020590e-04,3.681228e-05,7.584813e-06,1.342133e-04,4.343033e-05,6.439690e-06,1.058969e-04,5.170162e-05,9.855675e-06,2.286675e-05,5.615352e-06,1.006826e-05,-1.662587e-12,0.583516,0.859520,0.471888,0.588606,0.895900,0.117760,0.000000,0.494891,0.253453,0.840411,0.324429,0.054265,4.068574,3.750087,4.270375,4.092060,0.000000,-4.440893248e-05
0.532550,0.014972734,0.039968089,0.035242742,0.035311629,0.039968046,0.035290915,0.035127636,0.039966313,0.035191361,0.034950389,0.039966739,0.035157550,0.035481960,0.074911214,0.074890725,0.074925010,0.074911744,0.508821619,2.486677e-03,2.595066e-06,3.157204e-05,5.584216e-05,2.258921e-06,1.132631e-04,3.481438e-05,4.094877e-06,9.805500e-05,4.406948e-05,5.421245e-06,5.322468e-05,4.052923e-05,6.911932e-05,1.100407e-04,4.701225e-05,6.841179e-05,-1.515174e-12,1.476579,1.855955,1.253160,1.477855,1.032127,0.000323,0.005762,0.190508,0.132188,0.679713,1.383923,0.250663,3.665502,4.029155,3.280389,3.378190,0.000000,-4.386006847e-05
0.535050,0.014969380,0.039962179,0.035345492,0.035335207,0.039962613,0.035270423,0.035066459,0.039962749,0.035104071,0.035011155,0.039961167,0.035115760,0.035546057,0.074866601,0.074856711,0.074875961,0.074867305,0.505540174,3.136033e-03,4.137387e-06,2.436742e-05,1.079712e-04,3.197578e-06,6.254505e-05,1.972463e-05,3.523086e-06,2.322100e-05,4.376969e-05,6.390636e-06,3.311155e-05,5.574247e-05,1.646683e-04,1.898620e-04,1.411661e-04,1.625971e-04,-1.958183e-12,2.403362,2.776404,2.127875,2.386536,0.237639,0.273402,0.230972,0.857072,0.368037,0.006072,2.778628,0.343108,3.495290,3.156391,3.923329,3.963768,0.000000,-4.924902405e-05
0.537550,0.014967051,0.039959322,0.035393261,0.035318877,0.039958723,0.035243604,0.035025131,0.039959158,0.035040300,0.035153921,0.039961509,0.035105496,0.035559603,0.074858847,0.074867478,0.074856756,0.074859270,0.502197416,3.630693e-03,7.453827e-06,4.055444e-05,3.314379e-05,8.433990e-06,5.425899e-05,4.178080e-05,8.899294e-06,1.053987e-04,5.042967e-05,2.830685e-06,4.271571e-05,4.768875e-05,1.806756e-04,1.582412e-04,1.859237e-04,1.793895e-04,-1.930466e-12,3.145177,3.148427,3.062899,3.134330,0.000000,0.669137,1.483430,0.505032,0.026374,1.991537,0.239337,0.000000,4.555922,4.813540,3.949445,4.052828,0.000000,-5.306554143e-05
0.540050,0.014969635,0.039962614,0.035380012,0.035243498,0.039963081,0.035198052,0.035091835,0.039962308,0.035033880,0.035259220,0.039960791,0.035054676,0.035511837,0.074894881,0.074914721,0.074883425,0.074894676,0.498793346,3.084107e-03,4.194411e-06,1.892567e-05,6.451651e-05,2.858815e-06,4.407335e-05,3.417938e-05,3.385080e-06,2.744555e-05,6.240990e-05,8.518214e-06,1.658889e-05,6.912611e-05,1.005354e-04,6.139499e-05,1.265122e-04,1.003090e-04,-1.957718e-12,2.677672,2.325697,2.851998,2.673030,0.004600,0.121659,0.742599,0.079698,0.097664,0.550125,0.473934,0.000000,4.199810,4.030808,4.656622,4.165981,0.000000,-4.888927504e-05
0.542550,0.014973206,0.039967887,0.035312425,0.035135147,0.039967470,0.035099856,0.035123913,0.039968441,0.035099537,0.035359821,0.039968283,0.035026922,0.035402759,0.074945906,0.074964026,0.074932556,0.074945151,0.495327964,2.401800e-03,1.691195e-06,3.973115e-05,5.923276e-05,2.886997e-06,4.207164e-05,7.316492e-05,4.259733e-06,5.906199e-05,5.053980e-05,3.355720e-06,3.511988e-05,6.754038e-05,2.150199e-05,8.053464e-06,3.538947e-05,2.172274e-05,-2.803613e-12,1.743538,1.356096,1.993704,1.746963,0.268696,0.171053,1.586544,1.622817,0.357024,0.473927,0.415713,0.000000,3.577653,3.669541,3.397127,4.130704,0.000000,-4.309745285e-05
0.545050,0.014972453,0.039965154,0.035246788,0.034991711,0.039965775,0.035022492,0.035163044,0.039965001,0.035198694,0.035415691,0.039966098,0.035076422,0.035240942,0.074981249,0.074984962,0.074975415,0.074980554,0.491801269,2.538106e-03,7.863715e-06,2.275827e-05,5.547265e-05,7.028496e-06,1.034618e-04,1.839518e-05,5.345077e-06,2.144992e-05,4.995452e-05,4.845283e-06,5.782648e-05,2.941262e-05,1.171753e-06,4.119388e-07,2.430948e-06,1.268443e-06,-2.614820e-12,0.845897,0.555626,1.083195,0.860144,0.792724,1.512594,0.216579,0.825541,0.513641,0.399230,0.000962,0.278661,3.492677,3.488131,3.689102,3.097536,0.000000,-4.435504473e-05
0.547550,0.014968076,0.039961219,0.035165381,0.034969465,0.039960325,0.035018070,0.035190614,0.039961789,0.035249139,0.035410273,0.039961158,0.035117994,0.035096219,0.074973449,0.074959575,0.074979403,0.074973191,0.488213261,3.407771e-03,2.139617e-06,2.392435e-05,2.987780e-05,3.155468e-06,4.312782e-05,4.623808e-05,5.306540e-06,5.946469e-05,1.423432e-05,6.049684e-06,1.945960e-05,4.424903e-05,2.737324e-06,9.010815e-06,1.055881e-06,2.856492e-06,-2.006289e-12,0.383107,0.528538,0.368928,0.392237,0.133734,0.853851,0.245128,0.212592,2.452969,0.654143,0.007853,1.084173,4.154879,4.032555,3.964199,4.204158,0.000000,-5.145185080e-05
0.550050,0.014966843,0.039959755,0.035102042,0.035085550,0.039960705,0.035079048,0.035185744,0.039959004,0.035289176,0.035382545,0.039958624,0.035157553,0.034981810,0.074927861,0.074907151,0.074940983,0.074928289,0.484563941,3.676111e-03,3.901445e-06,3.643644e-05,5.938537e-05,2.655897e-06,3.960665e-05,5.446029e-05,3.412616e-06,7.697650e-05,3.207038e-05,6.094201e-06,3.644816e-05,4.339238e-05,3.884222e-05,7.032948e-05,2.426769e-05,3.837493e-05,-2.818637e-12,1.143862,1.542113,0.924107,1.148365,1.487776,1.400756,0.640427,1.133720,1.393800,0.000000,0.722851,0.938455,3.990829,4.231298,4.150331,4.075386,0.000000,-5.339306352e-05
0.552550,0.014970566,0.039963599,0.035093860,0.035218489,0.039962884,0.035153987,0.035120475,0.039964104,0.035309518,0.035333257,0.039964215,0.035222103,0.035003428,0.074878493,0.074864187,0.074890195,0.074879245,0.480853309,2.899440e-03,6.292484e-06,3.336387e-05,7.277213e-05,6.502298e-06,1.254999e-04,4.316819e-05,7.363821e-06,1.988206e-05,5.023376e-05,5.195630e-06,2.196742e-05,6.774848e-05,1.385525e-04,1.739705e-04,1.116072e-04,1.362662e-04,-3.807752e-12,2.126787,2.487986,1.869582,2.111611,0.464151,0.211296,0.096128,0.230031,0.250095,0.097001,0.043193,2.921831,4.418006,4.109308,4.340294,4.542100,0.000000,-4.738040628e-05
0.555050,0.014973593,0.039967314,0.035102235,0.035307650,0.039967695,0.035178600,0.035049557,0.039966945,0.035270497,0.035230702,0.039968267,0.035229884,0.035165942,0.074855849,0.074858480,0.074857727,0.074856406,0.477081364,2.333189e-03,3.224070e-06,4.820760e-05,2.411544e-05,2.749472e-06,2.300043e-05,6.139175e-05,2.897180e-06,5.323655e-05,4.931250e-05,2.898205e-06,3.314202e-05,4.837188e-05,1.957339e-04,1.875928e-04,1.899778e-04,1.938266e-04,-1.836718e-12,2.957100,3.128010,2.779146,2.940225,1.577973,0.021184,0.000000,0.000000,0.124553,0.835506,0.108772,0.437434,3.576704,3.900085,3.425747,3.066350,0.000000,-4.242143844e-05
0.557550,0.014971381,0.039965765,0.035186164,0.035342033,0.039965517,0.035177148,0.035012790,0.039966122,0.035176701,0.035077033,0.039963524,0.035177675,0.035279542,0.074879812,0.074897565,0.074870624,0.074879838,0.473248106,2.739487e-03,2.778803e-06,4.643934e-05,6.432298e-05,3.863161e-06,1.024047e-04,3.832360e-05,4.774927e-06,1.053752e-04,3.400568e-05,7.728627e-06,2.363352e-05,7.059512e-05,1.327623e-04,9.358922e-05,1.554638e-04,1.326572e-04,-3.582175e-12,3.022969,2.747243,3.128433,3.016709,0.409879,0.705370,0.225277,0.074866,0.000211,1.430167,0.144735,0.009471,3.514253,3.227105,3.748116,4.031346,0.000000,-4.603034002e-05
0.560050,0.014967604,0.039959665,0.035219239,0.035315104,0.039959847,0.035161636,0.035041461,0.039959209,0.035064449,0.034937204,0.039961635,0.035104461,0.035331903,0.074931293,0.074951049,0.074917717,0.074930655,0.469353536,3.510748e-03,6.808436e-06,2.061312e-05,4.072150e-05,5.149833e-06,2.032133e-05,5.556361e-05,5.511059e-06,4.461729e-05,2.907515e-05,2.590251e-06,2.504954e-05,9.777075e-05,3.610883e-05,1.505452e-05,5.529130e-05,3.661172e-05,-2.567545e-12,1.993428,1.585244,2.245234,1.998100,0.058051,0.131260,0.504047,0.729138,0.000000,0.527373,1.717755,0.000000,3.939363,4.209149,3.744877,3.802488,0.000000,-5.219186507e-05
0.562550,0.014968046,0.039960262,0.035221817,0.035241992,0.039960599,0.035095641,0.035092688,0.039960499,0.034984465,0.035007182,0.039959992,0.035045244,0.035324480,0.074973672,0.074982859,0.074964628,0.074972918,0.465397654,3.414474e-03,4.443593e-06,5.153490e-05,6.277545e-05,5.452746e-06,1.088066e-04,2.506173e-05,5.789701e-06,5.417973e-05,5.480078e-05,5.852658e-06,2.648486e-05,4.766885e-05,3.754666e-06,1.299951e-06,7.142300e-06,3.885143e-06,-3.257413e-12,1.070908,0.758191,1.312234,1.084975,0.678456,0.197987,1.585916,0.646052,0.474108,0.861889,2.726513,0.160160,4.686981,4.418278,4.790380,4.439579,0.000000,-5.146975063e-05
0.565050,0.014971567,0.039966505,0.035237349,0.035155631,0.039965566,0.035037674,0.035124273,0.039966130,0.035015712,0.035168410,0.039965357,0.035006213,0.035357424,0.074980511,0.074971798,0.074982638,0.074980034,0.461380459,2.703354e-03,3.228610e-06,7.390358e-05,2.283141e-05,3.813117e-06,6.343684e-05,7.097532e-05,3.640603e-06,3.371688e-05,1.846534e-05,5.139959e-06,2.885593e-05,9.824529e-05,1.188399e-06,3.686987e-06,7.150767e-07,1.332532e-06,-4.575265e-12,0.456346,0.419292,0.552817,0.468230,0.495456,1.379889,1.621624,1.155550,0.159675,0.477934,0.352423,1.531136,3.529057,3.809429,3.551365,3.925384,0.000000,-4.576788147e-05
0.567550,0.014972871,0.039965802,0.035268849,0.035013298,0.039966941,0.035104704,0.035151647,0.039966201,0.035132870,0.035283951,0.039966407,0.035061757,0.035414801,0.074943508,0.074923431,0.074955095,0.074943665,0.457301951,2.461387e-03,4.380459e-06,5.260349e-05,5.627818e-05,3.078141e-06,3.394821e-05,5.113508e-05,4.393185e-06,6.985802e-05,5.385428e-05,5.133446e-06,3.572931e-05,8.224895e-05,2.308736e-05,4.743167e-05,1.316317e-05,2.317188e-05,-4.209682e-12,0.794501,1.171984,0.614041,0.803864,0.978218,1.354581,0.826919,1.235239,0.160114,0.332267,0.096417,0.152158,3.808143,3.608994,3.811448,3.669126,0.000000,-4.365491188e-05
0.570050,0.014970081,0.039963260,0.035297057,0.034962008,0.039962172,0.035158237,0.035157079,0.039963610,0.035239666,0.035351853,0.039964532,0.035112814,0.035413939,0.074892021,0.074874795,0.074904935,0.074892757,0.453162131,2.994109e-03,4.402046e-06,7.227525e-05,1.866529e-05,6.013390e-06,1.018038e-04,3.088706e-05,6.066937e-06,3.087447e-05,5.530619e-05,2.333426e-06,2.886267e-05,5.977285e-05,1.028361e-04,1.443212e-04,7.723205e-05,1.020467e-04,-5.922028e-12,1.911095,2.299122,1.653274,1.903600,0.195473,0.037576,0.232568,0.416607,2.886039,0.357646,0.151471,0.000000,3.653972,3.699205,3.641432,3.630857,0.000000,-4.816126061e-05
0.572550,0.014967617,0.039960515,0.035272877,0.035065567,0.039961439,0.035152797,0.035113952,0.039959654,0.035292199,0.035374284,0.039958501,0.035180386,0.035351863,0.074860021,0.074856713,0.074865669,0.074860733,0.448960999,3.506497e-03,4.160111e-06,3.588250e-05,3.885350e-05,2.867826e-06,3.347415e-05,4.916661e-05,4.197369e-06,6.643959e-05,6.943662e-05,8.707131e-06,2.480172e-05,6.501432e-05,1.827222e-04,1.903399e-04,1.675962e-04,1.804569e-04,-5.147008e-12,2.691650,2.930425,2.480212,2.674179,0.004798,0.163735,0.021178,0.798931,0.985960,0.083635,0.183410,0.015421,4.228369,4.327191,4.248084,4.110920,0.000000,-5.213002431e-05
0.575050,0.014969275,0.039962961,0.035187479,0.035172330,0.039962009,0.035154985,0.035053198,0.039963425,0.035291210,0.035359034,0.039963183,0.035229675,0.035244103,0.074868230,0.074882188,0.074862310,0.074868597,0.444698554,3.157201e-03,3.126305e-06,5.007709e-05,3.769534e-05,3.404754e-06,7.133824e-05,2.250338e-05,4.349561e-06,1.021344e-04,6.225172e-05,2.971299e-06,2.775381e-05,3.540839e-05,1.567059e-04,1.231343e-04,1.719344e-04,1.561643e-04,-3.439904e-12,3.070230,2.965952,3.063796,3.062611,0.008944,0.747165,0.108891,0.058290,0.506886,0.975549,0.251166,0.311891,4.163213,4.028372,4.042773,4.476582,0.000000,-4.946267062e-05
0.577550,0.014972649,0.039964776,0.035048694,0.035283989,0.039965471,0.035134995,0.035032344,0.039964875,0.035235961,0.035305004,0.039966407,0.035218422,0.035112331,0.074914217,0.074934879,0.074901215,0.074913889,0.440374796,2.502545e-03,6.026918e-06,1.267336e-05,1.879129e-05,6.015427e-06,6.306570e-05,1.533438e-05,5.382610e-06,7.118001e-05,3.570902e-05,4.049630e-06,9.003035e-06,4.169255e-05,6.462052e-05,3.412986e-05,8.823835e-05,6.516413e-05,-5.029277e-12,2.411947,1.978329,2.648755,2.407993,0.268140,0.201429,0.019031,0.000000,0.342763,0.582200,0.205632,0.431436,3.973718,4.086004,3.906900,3.406729,0.000000,-4.398502256e-05
0.580050,0.014972251,0.039967551,0.034976742,0.035341095,0.039966764,0.035061450,0.035043489,0.039967838,0.035124606,0.035232488,0.039965935,0.035145887,0.035015354,0.074962538,0.074975806,0.074951372,0.074961759,0.435989726,2.576456e-03,2.101044e-06,5.088816e-05,2.331702e-05,2.851791e-06,9.402392e-05,3.861091e-05,3.888432e-06,4.410926e-05,5.497255e-05,5.687449e-06,2.806578e-05,7.274211e-05,8.489490e-06,3.016753e-06,1.584206e-05,8.996579e-06,-6.893734e-12,1.297882,0.959489,1.547615,1.311778,2.162187,0.084532,0.176755,0.008754,0.000000,1.592857,0.736123,1.287876,3.424237,3.301605,3.704849,3.972067,0.000000,-4.463263477e-05
0.582550,0.014968614,0.039961186,0.035037800,0.035336890,0.039961403,0.035025959,0.035144906,0.039961021,0.034999817,0.035172352,0.039961414,0.035049446,0.035024223,0.074982469,0.074979602,0.074980747,0.074981879,0.431543344,3.295706e-03,3.441552e-06,5.711868e-05,3.221353e-05,2.520624e-06,4.737215e-05,5.154123e-05,2.595001e-06,4.868169e-05,1.376911e-05,3.861208e-06,2.001062e-05,5.808792e-05,1.045058e-06,1.046388e-06,1.326297e-06,1.143077e-06,-5.330864e-12,0.646069,0.505051,0.804020,0.662269,1.504666,2.154940,0.723339,0.827858,0.000000,0.660616,0.421446,2.200156,3.729841,3.889516,3.612056,3.574158,0.000000,-5.056696885e-05
0.585050,0.014967098,0.039959202,0.035170787,0.035271372,0.039959377,0.035108618,0.035199853,0.039959068,0.034951109,0.035071572,0.039959634,0.034985172,0.035154065,0.074959232,0.074941352,0.074968438,0.074959070,0.427035649,3.620216e-03,7.268954e-06,4.316538e-05,5.846195e-05,8.257660e-06,1.389853e-05,5.933611e-05,8.655225e-06,5.466628e-05,5.421186e-05,4.517890e-06,1.744950e-05,2.376725e-05,9.377775e-06,2.382026e-05,4.470534e-06,9.574571e-06,-7.018186e-12,0.543010,0.784527,0.455964,0.550896,0.714354,0.551523,2.089834,0.867111,0.000000,0.000000,0.144617,0.716139,4.536062,4.325169,4.523597,4.576172,0.000000,-5.302396024e-05
0.587550,0.014970589,0.039964536,0.035264001,0.035144989,0.039963787,0.035153078,0.035193487,0.039964074,0.035049524,0.034992038,0.039963742,0.035012336,0.035248136,0.074907276,0.074887788,0.074920562,0.074907726,0.422466641,2.895581e-03,2.793694e-06,4.850536e-05,5.336267e-05,2.203819e-06,4.253101e-05,1.143336e-05,1.723127e-06,2.673876e-05,2.764488e-05,5.101001e-06,2.592916e-05,5.068540e-05,7.216799e-05,1.112858e-04,5.041544e-05,7.143560e-05,-6.215866e-12,1.508189,1.957965,1.239484,1.510105,0.000000,0.402708,1.293050,2.225494,0.045008,0.000000,2.065784,0.341104,4.053524,4.318064,4.017563,3.800431,0.000000,-4.727387637e-05
0.590050,0.014973092,0.039967576,0.035295903,0.035015063,0.039968369,0.035219413,0.035128102,0.039967678,0.035157755,0.035072555,0.039966649,0.035138137,0.035354047,0.074866263,0.074858027,0.074874665,0.074866929,0.417836321,2.425596e-03,1.794659e-06,2.489288e-05,2.442785e-05,2.200368e-06,2.862995e-05,3.539459e-05,4.525403e-06,6.016234e-05,4.942968e-05,4.490725e-06,1.216114e-05,6.172859e-05,1.708995e-04,1.942241e-04,1.486942e-04,1.691371e-04,-6.692044e-12,2.555425,2.826080,2.331184,2.538122,0.000000,0.860814,0.565529,0.393852,1.313694,0.113468,1.147409,0.698690,3.624486,3.376087,3.667178,3.952144,0.000000,-4.330326781e-05
0.592550,0.014970871,0.039963173,0.035280539,0.034969333,0.039962475,0.035260191,0.035040817,0.039963726,0.035261183,0.035163860,0.039965374,0.035209329,0.035427139,0.074861310,0.074870059,0.074858961,0.074861714,0.413144689,2.838593e-03,6.643238e-06,4.925495e-05,2.719831e-05,6.609813e-06,2.930613e-05,2.577536e-05,4.704834e-06,6.345756e-05,3.891532e-05,2.587223e-06,2.317139e-05,4.884623e-05,1.787154e-04,1.542116e-04,1.856886e-04,1.775787e-04,-6.814024e-12,2.995931,3.023514,2.909217,2.984806,0.440344,0.000000,0.295251,0.000000,1.385719,0.723960,0.552850,0.004846,3.469752,3.635998,3.490721,3.384091,0.000000,-4.683764363e-05
0.595050,0.014967398,0.039960520,0.035265665,0.035056034,0.039961085,0.035239667,0.034997226,0.039960051,0.035313369,0.035238485,0.039959154,0.035220275,0.035438940,0.074897744,0.074917920,0.074886155,0.074897748,0.408391744,3.555169e-03,2.691637e-06,2.164302e-05,1.868578e-05,2.811128e-06,2.935173e-05,1.991554e-05,4.989075e-06,3.583468e-05,4.592363e-05,6.692899e-06,1.776116e-05,3.751735e-05,8.913509e-05,5.409929e-05,1.129029e-04,8.891873e-05,-6.583175e-12,2.742110,2.390622,2.911118,2.736789,0.519021,0.004645,0.004256,0.069880,1.713551,1.079163,0.541131,0.000000,4.393745,4.288527,4.283886,4.066356,0.000000,-5.248589288e-05
0.597550,0.014968703,0.039961846,0.035222947,0.035149631,0.039960985,0.035176914,0.035028267,0.039962148,0.035304272,0.035324898,0.039961530,0.035202647,0.035389427,0.074949861,0.074966538,0.074937445,0.074949335,0.403577486,3.278213e-03,2.787430e-06,3.854590e-05,3.429198e-05,3.238499e-06,3.787551e-05,2.525303e-05,2.381831e-06,2.979887e-05,6.259178e-05,3.984727e-06,2.387461e-05,5.328543e-05,1.694835e-05,5.344816e-06,2.968149e-05,1.738668e-05,-8.263202e-12,1.596736,1.173856,1.875650,1.602917,0.180773,0.536340,0.000000,0.539409,0.040108,1.554853,0.495487,0.000000,4.042959,4.120382,4.199340,4.576785,0.000000,-5.044527116e-05
0.600050,0.014972969,0.039966006,0.035140292,0.035206261,0.039966794,0.035142869,0.035098092,0.039966196,0.035234124,0.035368404,0.039967005,0.035164624,0.035278603,0.074979594,0.074982082,0.074974632,0.074979029,0.398701916,2.444126e-03,5.547403e-06,1.916998e-05,7.019429e-05,5.163017e-06,5.570214e-05,4.349767e-05,6.230765e-06,5.616171e-05,4.537987e-05,5.038191e-06,1.476205e-05,7.330286e-05,2.575920e-06,1.674428e-06,3.758960e-06,2.719243e-06,-9.563914e-12,0.768857,0.584066,0.950956,0.786156,0.298495,0.878346,0.028816,0.145790,0.484517,0.403833,0.015260,0.000000,4.080538,4.034003,4.005179,3.759679,0.000000,-4.349267099e-05
0.602550,0.014973752,0.039968213,0.035045197,0.035244836,0.039967435,0.035090597,0.035155976,0.039967786,0.035128844,0.035350789,0.039967788,0.035074736,0.035109816,0.074970151,0.074956289,0.074976264,0.074969882,0.393765034,2.304335e-03,2.269641e-06,6.188583e-05,7.949067e-05,2.594289e-06,1.023742e-05,3.376232e-05,2.877173e-06,2.930763e-05,8.038099e-05,2.740625e-06,2.359488e-05,3.838893e-05,4.746551e-06,1.292761e-05,2.290755e-06,4.877569e-06,-8.806784e-12,0.568978,0.661919,0.574871,0.575142,0.934887,0.050970,0.368658,0.201184,0.184983,0.470731,0.000000,0.144280,3.420696,3.404392,3.382413,3.422894,0.000000,-4.222302984e-05
0.605050,0.014969321,0.039963111,0.035049147,0.035227107,0.039963268,0.035026346,0.035175094,0.039963324,0.034990958,0.035271861,0.039961942,0.034992024,0.035008227,0.074925141,0.074904423,0.074938099,0.074925274,0.388766839,3.149836e-03,3.241354e-06,1.260524e-05,4.400190e-05,3.332124e-06,7.098234e-05,1.546539e-05,3.597564e-06,6.664556e-05,3.325533e-05,6.377060e-06,5.022863e-05,4.642409e-05,4.442516e-05,7.693318e-05,2.781378e-05,4.355867e-05,-9.059875e-12,1.100597,1.526355,0.865049,1.101784,1.419284,1.449410,0.651627,1.321496,0.000000,0.052020,0.000000,2.530650,3.809707,3.889960,3.778404,3.702843,0.000000,-4.941257648e-05
0.607550,0.014965634,0.039957263,0.035062458,0.035148239,0.039957338,0.035068268,0.035151825,0.039957134,0.034938662,0.035138901,0.039958151,0.035006622,0.035051112,0.074876901,0.074864338,0.074887471,0.074877435,0.383707331,3.949748e-03,6.026260e-06,4.927259e-05,4.037542e-05,5.479496e-06,3.609261e-05,4.808399e-05,5.930374e-06,4.199520e-05,4.429976e-05,3.249675e-06,2.101687e-05,6.648386e-05,1.335502e-04,1.666277e-04,1.085010e-04,1.317622e-04,-1.335661e-11,2.267891,2.629881,2.003280,2.255566,0.642091,0.824523,1.973311,1.251589,0.015685,0.330763,0.362879,1.051365,4.013851,3.874875,4.098780,4.428993,0.000000,-5.531259073e-05
0.610050,0.014968427,0.039960920,0.035144629,0.035027700,0.039960768,0.035082461,0.035096999,0.039961225,0.035042502,0.035047185,0.039961611,0.035057354,0.035104801,0.074859042,0.074862424,0.074860215,0.074859428,0.378586511,3.333824e-03,4.254209e-06,4.658469e-05,2.785596e-05,4.387700e-06,3.055187e-05,2.158883e-05,4.691421e-06,4.237903e-05,1.902743e-05,4.763037e-06,3.997384e-05,9.300678e-05,1.871829e-04,1.754778e-04,1.845466e-04,1.854378e-04,-1.235787e-11,2.891359,2.975119,2.769830,2.876267,1.157716,0.520655,1.543226,0.815472,0.670485,0.293307,1.091509,0.699681,4.669677,4.816182,4.737864,4.196836,0.000000,-5.082666121e-05
0.612550,0.014973137,0.039968361,0.035207821,0.034967044,0.039968487,0.035144891,0.035037180,0.039967764,0.035152384,0.034977748,0.039966460,0.035116670,0.035204755,0.074881730,0.074899383,0.074872426,0.074881769,0.373404379,2.413879e-03,2.659513e-06,2.067680e-05,4.174671e-05,2.945629e-06,4.309064e-05,1.260031e-05,3.927481e-06,4.751873e-05,3.461057e-05,4.822972e-06,3.337906e-05,4.072782e-05,1.267919e-04,8.853861e-05,1.495122e-04,1.265052e-04,-6.599941e-12,2.894980,2.683589,2.969985,2.890742,0.005496,1.200281,0.251011,0.386969,1.326375,0.618239,1.339133,0.692485,3.565114,3.443741,3.417267,3.889125,0.000000,-4.317797798e-05
0.615050,0.014972832,0.039965805,0.035209859,0.035027102,0.039965923,0.035212063,0.035013842,0.039966194,0.035222100,0.035083241,0.039967399,0.035132690,0.035267757,0.074932776,0.074952167,0.074919578,0.074932451,0.368160934,2.468562e-03,4.225493e-06,4.570703e-05,3.334178e-05,3.134032e-06,1.302988e-05,3.460040e-05,2.994936e-06,5.371401e-05,3.905472e-05,3.234010e-06,4.355930e-05,1.430302e-04,3.616948e-05,1.581636e-05,5.503122e-05,3.666920e-05,-1.073272e-11,2.087796,1.628254,2.367685,2.091126,0.016522,0.102589,0.104309,0.043969,2.015108,1.527433,1.900933,0.195852,3.392304,3.536819,3.607112,3.446783,0.000000,-4.370859936e-05
0.617550,0.014968676,0.039961682,0.035173238,0.035157282,0.039961586,0.035219691,0.035067963,0.039961404,0.035240293,0.035186757,0.039961156,0.035111882,0.035283030,0.074974189,0.074981561,0.074966375,0.074973641,0.362856176,3.280588e-03,4.269029e-06,2.591250e-05,2.411495e-05,5.514860e-06,4.950677e-05,2.496040e-05,6.775612e-06,8.638313e-05,4.822745e-05,3.862434e-06,5.095545e-05,7.353774e-05,2.609191e-06,1.282032e-06,5.536222e-06,2.723445e-06,-1.399914e-11,0.938375,0.663154,1.162938,0.948240,0.520930,0.000000,0.130012,0.679874,0.435225,0.783472,0.000704,0.018235,4.138511,3.930706,3.705319,3.615708,0.000000,-5.046179977e-05
0.620050,0.014967930,0.039960337,0.035144393,0.035236562,0.039960256,0.035178192,0.035129079,0.039960545,0.035210721,0.035231520,0.039960515,0.035102845,0.035243470,0.074977903,0.074968886,0.074980571,0.074977615,0.357490106,3.439297e-03,4.035439e-06,5.684468e-05,5.024932e-05,3.193917e-06,2.354688e-05,3.588317e-05,2.826196e-06,3.620079e-05,6.808034e-05,6.324723e-06,3.238192e-05,1.082944e-04,2.104084e-06,4.297741e-06,1.839038e-06,2.074751e-06,-1.495168e-11,0.550747,0.569883,0.607254,0.561679,0.759846,0.405538,0.093647,0.372172,0.000000,0.691701,0.037266,0.218745,4.239618,4.488247,4.670568,4.742648,0.000000,-5.168565416e-05
0.622550,0.014971628,0.039965334,0.035119248,0.035256141,0.039965609,0.035153746,0.035171436,0.039965762,0.035127952,0.035218655,0.039965004,0.035052089,0.035165771,0.074942385,0.074922449,0.074954033,0.074942487,0.352062724,2.692089e-03,2.640601e-06,6.608725e-05,1.591653e-05,2.579919e-06,5.460917e-05,9.303666e-06,4.236558e-06,5.333842e-05,5.066871e-05,3.917575e-06,2.002562e-05,5.702406e-05,2.528663e-05,4.988598e-05,1.431954e-05,2.493754e-05,-1.684204e-11,0.834691,1.145165,0.679859,0.830340,0.418233,0.875564,0.060608,0.208183,0.091779,0.077296,0.157540,0.076352,4.022285,3.799579,3.820788,3.899407,0.000000,-4.567181214e-05
0.625050,0.014973599,0.039967148,0.035096077,0.035247244,0.039966982,0.035126052,0.035157607,0.039966500,0.034998028,0.035231384,0.039968355,0.035004084,0.035044253,0.074890183,0.074873729,0.074902468,0.074890613,0.346574029,2.333217e-03,4.748590e-06,5.743618e-05,2.158441e-05,4.488151e-06,2.377207e-05,4.122257e-05,3.698935e-06,3.660525e-05,7.587787e-05,1.907487e-06,3.058820e-05,4.023619e-05,1.082715e-04,1.471814e-04,8.281976e-05,1.072579e-04,-1.255313e-11,1.875291,2.321383,1.580329,1.868788,0.809023,0.189505,0.378860,1.005370,0.601466,0.140012,1.460857,0.452328,3.550387,3.725324,3.644004,3.601318,0.000000,-4.239928524e-05
0.627550,0.014969731,0.039963918,0.035069009,0.035239770,0.039964006,0.035047568,0.035110232,0.039964272,0.034938076,0.035265114,0.039962497,0.035002089,0.034976745,0.074860553,0.074858888,0.074864969,0.074861028,0.341024021,3.066944e-03,2.208985e-06,4.365612e-05,2.032240e-05,2.477274e-06,3.978920e-05,2.013838e-05,3.842829e-06,3.159052e-05,6.166964e-05,6.592559e-06,3.033921e-05,1.819460e-05,1.820627e-04,1.875219e-04,1.693558e-04,1.809753e-04,-1.537808e-11,2.833437,2.999608,2.668511,2.824000,0.239952,0.370436,2.062707,1.004644,0.397645,0.251837,0.029654,1.670838,3.699345,3.582176,3.628384,3.406828,0.000000,-4.874114843e-05
0.630050,0.014965536,0.039957778,0.035035133,0.035189585,0.039957457,0.035044464,0.035044998,0.039957009,0.035021964,0.035237694,0.039957317,0.035065849,0.035035771,0.074871433,0.074885240,0.074865103,0.074871493,0.335412701,3.971890e-03,3.364941e-06,4.402631e-05,1.865265e-05,2.667602e-06,2.743500e-05,3.826118e-05,3.243379e-06,3.883505e-05,7.867150e-05,3.386904e-06,4.741227e-05,2.916505e-05,1.482131e-04,1.141634e-04,1.652434e-04,1.481699e-04,-1.622578e-11,2.914631,2.792865,2.927392,2.906809,1.142056,1.866778,1.605764,1.222296,0.022995,0.926856,0.000000,1.928136,3.984596,4.063818,4.029970,4.519219,0.000000,-5.549553389e-05
0.632550,0.014968057,0.039959889,0.035049662,0.035079442,0.039960290,0.035079639,0.035040872,0.039960958,0.035137706,0.035149826,0.039961703,0.035130419,0.035175198,0.074915167,0.074935579,0.074902174,0.074914866,0.329740069,3.412339e-03,6.298421e-06,6.920753e-05,2.623279e-05,7.227797e-06,1.642434e-05,1.857857e-05,7.053689e-06,3.853542e-05,5.851215e-05,4.278647e-06,2.017072e-05,1.164586e-04,5.769999e-05,3.032820e-05,7.990445e-05,5.846762e-05,-1.555161e-11,2.396719,2.011390,2.615704,2.404455,0.641301,0.171570,0.423419,0.104741,0.117200,0.839715,0.023161,0.476714,4.710885,4.686055,4.674563,4.195925,0.000000,-5.143927291e-05
0.635050,0.014974294,0.039969167,0.035057677,0.034990778,0.039968601,0.035105647,0.035033689,0.039968422,0.035222829,0.035010899,0.039967729,0.035135656,0.035265057,0.074963125,0.074975247,0.074952852,0.074962648,0.324006124,2.211287e-03,1.906092e-06,2.611769e-05,2.227804e-05,1.480941e-06,4.245654e-05,3.926465e-05,1.870632e-06,2.814968e-05,1.812181e-05,3.317224e-06,2.929323e-05,8.952125e-05,8.370905e-06,2.635422e-06,1.592626e-05,8.814356e-06,-1.818311e-11,1.300552,0.910487,1.579117,1.307740,0.710816,1.121289,0.068649,0.000000,1.456831,0.844907,0.297770,0.041896,3.819414,3.787164,3.789025,4.044006,0.000000,-4.135895820e-05
0.637550,0.014973947,0.039968042,0.035126030,0.034999453,0.039968725,0.035185819,0.035078648,0.039968782,0.035247797,0.034946136,0.039968783,0.035095671,0.035302670,0.074980045,0.074975946,0.074979419,0.074979759,0.318210866,2.270685e-03,2.266366e-06,5.003120e-05,4.781660e-05,2.333897e-06,1.735469e-05,2.524485e-05,3.388631e-06,1.933905e-05,4.737953e-05,4.217890e-06,1.466171e-05,6.450279e-05,1.892292e-06,3.006463e-06,1.947406e-06,2.055953e-06,-1.745226e-11,0.593500,0.544781,0.692709,0.605917,1.208447,0.561087,0.000000,0.569702,1.710350,0.873820,2.770592,0.097986,3.016268,3.144383,3.145010,3.093220,0.000000,-4.189294194e-05
0.640050,0.014968111,0.039960428,0.035194705,0.035121527,0.039959960,0.035220985,0.035100388,0.039959979,0.035211465,0.035070666,0.039960342,0.035074629,0.035283323,0.074956899,0.074939559,0.074966299,0.074957099,0.312354296,3.400045e-03,6.043646e-06,4.284715e-05,1.756286e-05,6.237217e-06,1.808938e-05,1.543629e-05,5.813868e-06,4.857759e-05,1.623971e-05,2.890710e-06,2.486057e-05,5.734317e-05,1.087287e-05,2.638021e-05,5.474565e-06,1.086613e-05,-1.770974e-11,0.727373,0.944268,0.643653,0.729795,0.124658,0.000000,0.004480,0.571847,1.111075,0.175462,1.050447,0.004803,4.007885,3.750175,3.861363,3.902109,0.000000,-5.137339509e-05
0.642550,0.014966386,0.039958509,0.035212999,0.035223336,0.039958606,0.035194888,0.035117740,0.039958800,0.035129913,0.035185554,0.039959097,0.035017749,0.035212829,0.074907804,0.074888753,0.074920940,0.074908273,0.306436414,3.780486e-03,3.428662e-06,3.378982e-05,1.485348e-05,3.361411e-06,2.343321e-05,3.823071e-05,4.225517e-06,4.355678e-05,6.151273e-05,6.537030e-06,1.987001e-05,3.292207e-05,7.020123e-05,1.070967e-04,4.926437e-05,6.966038e-05,-1.750850e-11,1.432419,1.860153,1.167172,1.423600,0.063075,0.015377,0.423364,0.185301,0.004559,0.840734,0.234738,0.226906,4.554087,4.860626,4.730999,4.531017,0.000000,-5.418354861e-05
0.645050,0.014970773,0.039965304,0.035181036,0.035264801,0.039965120,0.035153306,0.035138066,0.039964581,0.035058520,0.035252828,0.039962890,0.035004630,0.035142603,0.074866454,0.074859647,0.074873835,0.074866914,0.300457219,2.857725e-03,1.854422e-06,4.617436e-05,1.622413e-05,2.190243e-06,3.922574e-05,1.657480e-05,2.969869e-06,3.048630e-05,6.395835e-05,3.178415e-06,1.079570e-05,1.860048e-05,1.639460e-04,1.837019e-04,1.440662e-04,1.625868e-04,-2.129401e-11,2.560463,2.859087,2.323848,2.552305,0.206654,1.058861,0.752728,1.950600,0.075432,0.238143,0.127841,1.073674,4.131954,3.838978,3.887929,4.114775,0.000000,-4.699999326e-05
0.647550,0.014973897,0.039967149,0.035121532,0.035272033,0.039967271,0.035160093,0.035103773,0.039967826,0.035009572,0.035265825,0.039969764,0.035075778,0.035078078,0.074863598,0.074873065,0.074860438,0.074863698,0.294416712,2.279152e-03,4.848901e-06,1.516671e-05,3.694786e-05,4.260771e-06,2.378801e-05,2.826269e-05,3.991598e-06,3.661597e-05,9.262236e-05,3.320904e-06,1.806018e-05,1.616733e-05,1.787954e-04,1.526213e-04,1.878025e-04,1.786961e-04,-2.666194e-11,3.012336,2.949120,2.984716,3.003591,0.323951,0.573790,1.227989,0.402929,0.347436,0.075487,0.003965,0.034384,3.419794,3.669195,3.601951,3.584677,0.000000,-4.196294483e-05
0.650050,0.014971060,0.039964677,0.035031589,0.035237001,0.039964650,0.035121764,0.035055143,0.039964616,0.035038743,0.035221628,0.039963585,0.035112002,0.035023462,0.074898909,0.074918319,0.074887278,0.074898533,0.288314892,2.802045e-03,2.191050e-06,4.800664e-05,2.574139e-05,2.728303e-06,2.077544e-05,2.594974e-05,3.756532e-06,2.734442e-05,5.763713e-05,3.599093e-06,1.130036e-05,4.075582e-05,8.874612e-05,5.441329e-05,1.129908e-04,8.927379e-05,-1.521191e-11,2.623045,2.327373,2.768808,2.623115,0.489428,0.015842,1.058670,0.425392,0.033683,0.760740,0.177389,1.941776,3.753867,3.518481,3.632474,3.365133,0.000000,-4.655276344e-05
0.652550,0.014966398,0.039959439,0.034988360,0.035141587,0.039959133,0.035063130,0.035019576,0.039958830,0.035099234,0.035191331,0.039958681,0.035143909,0.035136388,0.074949746,0.074965831,0.074937612,0.074949194,0.282151759,3.775325e-03,3.224601e-06,4.716451e-05,2.936918e-05,3.095958e-06,5.267567e-05,2.341153e-05,3.522039e-06,4.234017e-05,5.784387e-05,5.810058e-06,1.958687e-05,5.442271e-05,1.586048e-05,5.325365e-06,2.757771e-05,1.655840e-05,-2.360227e-11,1.693805,1.265975,1.982406,1.708513,1.638997,1.102588,0.695724,0.430156,0.029697,0.636893,1.227422,1.426823,3.755219,3.982503,4.080149,4.436345,0.000000,-5.411436213e-05
0.655050,0.014967790,0.039959464,0.035062442,0.034993719,0.039960140,0.035088743,0.035016738,0.039960430,0.035161366,0.035179986,0.039960853,0.035132478,0.035245431,0.074979347,0.074980384,0.074975460,0.074979000,0.275927314,3.469138e-03,4.987390e-06,8.343456e-06,1.496423e-05,4.681035e-06,3.141310e-05,5.546854e-05,5.358349e-06,3.526704e-05,4.432115e-05,3.163970e-06,1.603570e-05,4.495234e-05,1.110205e-06,1.044435e-06,1.940425e-06,1.272002e-06,-1.991764e-11,0.681462,0.498935,0.858618,0.691649,1.215699,0.978264,0.597309,0.016759,0.206426,1.467418,0.201829,0.070185,4.800961,4.605433,4.367387,4.151535,0.000000,-5.191422893e-05
0.657550,0.014973391,0.039967871,0.035121868,0.034914671,0.039967090,0.035085629,0.035092232,0.039966883,0.035204552,0.035117033,0.039967197,0.035073365,0.035294637,0.074966945,0.074952971,0.074973603,0.074967049,0.269641557,2.368097e-03,3.309901e-06,3.639932e-05,1.465646e-05,3.458922e-06,1.140926e-05,4.767079e-06,3.531206e-06,4.226519e-05,3.070876e-05,3.663335e-06,2.042994e-05,1.659887e-05,6.141226e-06,1.488094e-05,3.784091e-06,6.227152e-06,-2.312524e-11,0.603929,0.769406,0.562236,0.609695,0.186929,0.096351,0.189304,0.430570,2.710263,0.651992,0.026925,0.000000,3.818232,3.963768,4.102449,4.185916,0.000000,-4.282056012e-05
0.660050,0.014973932,0.039967814,0.035177596,0.035046573,0.039968618,0.035106061,0.035124932,0.039969033,0.035193287,0.034997621,0.039968269,0.035036714,0.035283812,0.074923571,0.074903783,0.074936490,0.074924159,0.263294487,2.272827e-03,2.667700e-06,2.584549e-05,3.148176e-05,2.660924e-06,2.658734e-05,3.827323e-05,3.614613e-06,5.254357e-05,3.230737e-05,4.043786e-06,2.523213e-05,2.403087e-05,4.952084e-05,8.295938e-05,3.231679e-05,4.870170e-05,-2.660470e-11,1.219007,1.573805,1.016079,1.213688,0.658354,1.501944,0.000000,0.865175,1.600719,0.004621,0.390997,0.096281,3.372955,3.284480,3.137364,2.975086,0.000000,-4.190332224e-05
0.662550,0.014968740,0.039962434,0.035199763,0.035198699,0.039961701,0.035165859,0.035106842,0.039961037,0.035121357,0.035004729,0.039961212,0.034991453,0.035251575,0.074877094,0.074865342,0.074887198,0.074877678,0.256886104,3.267812e-03,3.852160e-06,2.737732e-05,2.036155e-05,3.097240e-06,2.712297e-05,1.666258e-05,3.132670e-06,4.195327e-05,2.100500e-05,3.385335e-06,2.125637e-05,2.694111e-05,1.356311e-04,1.652211e-04,1.117589e-04,1.334192e-04,-1.937586e-11,2.206281,2.592050,1.921190,2.185456,0.003101,0.231076,0.011903,0.512388,0.240868,0.363671,2.551782,0.559233,3.600682,3.593311,3.751858,4.088703,0.000000,-5.030538959e-05
0.665050,0.014966071,0.039956728,0.035161152,0.035295110,0.039957426,0.035168534,0.035093030,0.039958222,0.034992106,0.035085407,0.039959257,0.035012895,0.035191311,0.074861120,0.074865834,0.074861244,0.074861319,0.250416409,3.850194e-03,5.892407e-06,3.547184e-05,1.914447e-05,6.542838e-06,2.676178e-05,2.066485e-05,6.855099e-06,3.351303e-05,3.714160e-05,3.944084e-06,1.678908e-05,2.846967e-05,1.759863e-04,1.637622e-04,1.747718e-04,1.749010e-04,-2.524714e-11,2.962195,3.016155,2.863463,2.956771,0.023098,0.000000,0.288909,1.431946,0.000893,0.533601,0.449604,0.070284,4.549203,4.647272,4.571363,4.196748,0.000000,-5.466815254e-05
0.667550,0.014969836,0.039964602,0.035067601,0.035330739,0.039963941,0.035130466,0.035037123,0.039962981,0.034930172,0.035183960,0.039961469,0.035042221,0.035071202,0.074885691,0.074902934,0.074876093,0.074885352,0.243885402,3.042932e-03,2.499543e-06,2.076549e-05,2.010257e-05,2.467437e-06,4.305435e-05,2.447309e-05,2.612189e-06,3.405833e-05,2.270804e-05,5.033747e-06,1.609514e-05,5.455349e-05,1.181637e-04,8.097384e-05,1.414807e-04,1.185532e-04,-2.390214e-11,2.760198,2.507695,2.865300,2.754838,0.246159,0.686950,2.149415,0.382805,0.017962,0.016452,0.890099,0.037804,4.358558,4.206321,4.201029,4.400377,0.000000,-4.853565458e-05
0.670050,0.014973464,0.039967104,0.035029030,0.035312517,0.039967701,0.035144266,0.034974121,0.039968304,0.035038981,0.035263055,0.039969235,0.035095102,0.034954350,0.074933170,0.074951594,0.074920109,0.074932420,0.237293082,2.356066e-03,1.926496e-06,2.408821e-05,1.946358e-05,1.693628e-06,1.296043e-05,4.323583e-05,3.046759e-06,4.580255e-05,6.254843e-05,2.600844e-06,2.050999e-05,3.854210e-05,3.508147e-05,1.592338e-05,5.313094e-05,3.608699e-05,-3.140684e-11,2.023700,1.636530,2.273856,2.039147,1.963745,0.973292,1.774807,0.920890,0.118249,1.588023,0.016490,1.695868,3.224269,3.365952,3.610259,3.590012,0.000000,-4.264687137e-05
0.672550,0.014971690,0.039964929,0.035075462,0.035239310,0.039964484,0.035138048,0.035042012,0.039964233,0.035170360,0.035282439,0.039964105,0.035130934,0.035012771,0.074972872,0.074979290,0.074965698,0.074972325,0.230639449,2.680785e-03,4.936328e-06,4.131348e-05,7.941906e-06,5.357255e-06,3.043526e-05,2.506919e-05,4.659657e-06,3.245423e-05,3.008655e-05,2.816519e-06,2.625536e-05,1.930402e-05,3.370148e-06,1.235737e-06,6.373530e-06,3.590357e-06,-3.313337e-11,1.022744,0.714554,1.270185,1.039657,0.505337,0.031133,0.101477,0.028456,0.008764,1.089177,0.060330,1.734905,3.970285,3.845173,3.400018,3.405340,0.000000,-4.560011414e-05
0.675050,0.014968292,0.039961434,0.035102245,0.035127356,0.039961513,0.035094734,0.035088437,0.039961324,0.035241898,0.035254118,0.039961279,0.035107195,0.035086010,0.074975111,0.074965096,0.074978693,0.074975019,0.223924504,3.361452e-03,2.579150e-06,1.651099e-05,2.581022e-05,2.514494e-06,2.482908e-05,1.015762e-05,3.493081e-06,4.687054e-05,5.651150e-05,6.268241e-06,1.222471e-05,7.835351e-05,2.525180e-06,6.273145e-06,1.496401e-06,2.507660e-06,-3.164788e-11,0.512376,0.584374,0.528612,0.511732,0.552391,0.707749,0.000000,0.103295,0.580667,0.226775,0.254668,0.589965,3.789789,3.932581,4.360498,4.220454,0.000000,-5.108816071e-05
0.677550,0.014968261,0.039960723,0.035158001,0.035030596,0.039960952,0.035107480,0.035120569,0.039961763,0.035252124,0.035211068,0.039961072,0.035065680,0.035170291,0.074939515,0.074920422,0.074951234,0.074940023,0.217148247,3.368495e-03,2.890118e-06,4.792032e-06,1.173998e-05,2.481083e-06,1.564013e-05,2.623446e-05,2.550669e-06,5.178709e-05,3.622218e-05,2.513733e-06,1.500076e-05,6.158369e-05,2.612580e-05,5.057368e-05,1.512626e-05,2.544857e-05,-3.225423e-11,0.970664,1.287964,0.807755,0.970977,0.849177,1.069065,0.000000,0.736374,0.602589,0.535086,0.512092,0.376757,4.431760,4.263300,3.828257,4.073699,0.000000,-5.111667284e-05
0.680050,0.014971770,0.039965320,0.035182235,0.034952707,0.039965113,0.035106718,0.035120567,0.039964280,0.035201037,0.035141974,0.039965714,0.035028066,0.035211584,0.074890651,0.074875130,0.074902672,0.074891407,0.210310677,2.667226e-03,4.685525e-06,2.482007e-05,4.928874e-05,5.125690e-06,3.201448e-05,1.332732e-05,5.459287e-06,3.218099e-05,4.227633e-05,3.651323e-06,1.335795e-05,6.225123e-05,1.080858e-04,1.437396e-04,8.388359e-05,1.066364e-04,-3.123736e-11,1.854471,2.241494,1.584294,1.834991,0.000000,0.054074,0.000000,0.407124,1.711747,0.041997,0.241140,0.081987,3.777417,3.999498,4.493996,4.400841,0.000000,-4.544407028e-05
0.682550,0.014972639,0.039966144,0.035148959,0.035027765,0.039966334,0.035094928,0.035060305,0.039967454,0.035090821,0.035051019,0.039966287,0.034999259,0.035193820,0.074861622,0.074860971,0.074865310,0.074862049,0.203411794,2.504387e-03,2.295161e-06,3.986605e-05,1.890103e-05,2.045807e-06,4.168036e-05,3.057487e-05,2.294515e-06,3.904030e-05,3.840542e-05,3.668617e-06,2.781004e-05,3.044970e-05,1.789351e-04,1.809641e-04,1.686942e-04,1.775791e-04,-3.709371e-11,2.795155,2.993952,2.610973,2.784532,0.176896,1.148733,0.094524,1.130124,1.253208,0.066387,0.467202,0.000000,3.844225,3.592789,3.193395,2.969898,0.000000,-4.396333885e-05
0.685050,0.014969368,0.039963762,0.035103889,0.035122351,0.039963487,0.035135278,0.034993016,0.039961951,0.034953975,0.034954893,0.039962098,0.035029362,0.035115412,0.074874429,0.074888769,0.074867481,0.074874339,0.196451599,3.138347e-03,2.040051e-06,4.168948e-05,2.048346e-05,1.943652e-06,4.382717e-05,2.886026e-05,2.918476e-06,2.322020e-05,2.375827e-05,3.917283e-06,2.013382e-05,1.032923e-04,1.447212e-04,1.107703e-04,1.627821e-04,1.450335e-04,-3.594740e-11,2.956518,2.769931,3.012676,2.955034,0.674604,0.538183,0.774567,0.833781,0.938477,1.061161,1.001694,0.071463,3.440730,3.692010,3.852604,4.301200,0.000000,-4.926923727e-05
0.687550,0.014966744,0.039957961,0.035069345,0.035236296,0.039958668,0.035128770,0.034988345,0.039959444,0.034936003,0.035006645,0.039960339,0.035063198,0.035035264,0.074917880,0.074937149,0.074905057,0.074917217,0.189430092,3.700167e-03,5.898394e-06,3.111040e-05,2.663281e-05,6.003217e-06,2.206262e-05,2.328390e-05,6.285551e-06,4.376363e-05,4.114337e-05,2.577505e-06,1.698181e-05,2.035149e-05,5.334172e-05,2.790419e-05,7.483622e-05,5.430571e-05,-3.030036e-11,2.247571,1.888865,2.458197,2.253219,0.774690,0.003145,2.693320,0.706574,0.313011,1.245516,2.186645,1.057177,4.374818,4.154079,4.148802,3.740646,0.000000,-5.358805138e-05
0.690050,0.014969097,0.039962656,0.035078101,0.035297157,0.039961634,0.035082541,0.035038998,0.039961328,0.035063257,0.035103255,0.039960550,0.035107911,0.034992186,0.074962587,0.074973841,0.074952640,0.074961864,0.182347272,3.193519e-03,2.606030e-06,1.116350e-05,2.119880e-05,2.699593e-06,4.624012e-05,1.997690e-05,3.132574e-06,2.323070e-05,3.153327e-05,5.608391e-06,1.851322e-05,7.985230e-05,7.814278e-06,2.656216e-06,1.416170e-05,8.101821e-06,-3.508051e-11,1.329551,0.975231,1.593924,1.347485,0.859981,0.663056,0.754815,0.459044,0.000000,0.929028,0.314590,1.205405,4.407933,4.537203,4.375992,4.556498,0.000000,-4.977001148e-05
0.692550,0.014973401,0.039967252,0.035055085,0.035296706,0.039968318,0.035075676,0.035083867,0.039968489,0.035159545,0.035184174,0.039968589,0.035120787,0.035037466,0.074978076,0.074972973,0.074978095,0.074977743,0.175203139,2.365545e-03,2.126079e-06,2.550895e-05,2.887904e-05,2.016777e-06,3.580021e-05,1.555636e-05,2.987041e-06,4.070749e-05,2.769349e-05,2.409242e-06,1.398047e-05,3.413913e-05,1.814761e-06,3.357998e-06,1.697999e-06,1.897547e-06,-3.949244e-11,0.596801,0.525003,0.705272,0.603547,0.033820,0.743044,0.061831,0.174917,0.000000,0.086885,0.464952,1.015370,3.484509,3.469388,3.860256,3.803904,0.000000,-4.283286692e-05
0.695050,0.014973642,0.039967556,0.035040363,0.035234943,0.039966779,0.035033646,0.035091860,0.039966782,0.035197360,0.035227883,0.039966902,0.035079623,0.035105629,0.074952837,0.074935431,0.074962575,0.074953121,0.167997694,2.323410e-03,4.156506e-06,4.554305e-05,1.899239e-05,3.731166e-06,3.634324e-05,4.373243e-05,3.120144e-06,4.722616e-05,7.472669e-05,3.115878e-06,2.298447e-05,7.015229e-05,1.525369e-05,3.231635e-05,8.527608e-06,1.512504e-05,-3.907074e-11,0.770213,1.049626,0.646572,0.770673,1.407505,0.169276,0.048732,0.016273,0.000000,0.542926,0.067433,0.811003,3.722302,3.681233,3.271422,3.464622,0.000000,-4.240035796e-05
0.697550,0.014968720,0.039961521,0.035103931,0.035111867,0.039961898,0.035036447,0.035096868,0.039961941,0.035200844,0.035216746,0.039962396,0.034993494,0.035153725,0.074906316,0.074888504,0.074919162,0.074907090,0.160730937,3.271756e-03,2.675115e-06,2.692872e-05,1.478024e-05,3.064414e-06,5.066284e-05,2.540053e-05,4.452577e-06,2.129376e-05,2.535925e-05,4.115181e-06,2.519975e-05,9.471219e-05,7.446784e-05,1.104710e-04,5.314743e-05,7.361155e-05,-4.648345e-11,1.586397,1.960712,1.346009,1.578708,0.981236,1.699817,0.493159,0.582487,0.000000,0.363309,0.111747,0.003585,3.590891,3.679689,3.982616,3.625230,0.000000,-5.035913862e-05
0.700050,0.014966455,0.039959018,0.035164651,0.034933952,0.039958897,0.035074412,0.035059841,0.039958666,0.035192833,0.035192949,0.039957533,0.034962296,0.035141360,0.074868681,0.074862648,0.074875704,0.074869317,0.153402867,3.763021e-03,3.020161e-06,1.868174e-05,2.289310e-05,2.676504e-06,4.380040e-05,2.711601e-05,2.861330e-06,3.907887e-05,4.955589e-05,4.921735e-06,1.503500e-05,4.452854e-05,1.554544e-04,1.711365e-04,1.377626e-04,1.540317e-04,-2.926636e-11,2.463949,2.751072,2.231380,2.448461,0.220036,0.110020,0.292408,1.345285,0.464427,0.132632,0.868003,0.068089,4.639756,4.480484,4.196710,4.484776,0.000000,-5.400806955e-05
0.702550,0.014969465,0.039962852,0.035171326,0.034925937,0.039963113,0.035085655,0.034992567,0.039963099,0.035133065,0.035174430,0.039964238,0.035019093,0.035108582,0.074866389,0.074876737,0.074862660,0.074866556,0.146013484,3.118041e-03,3.618200e-06,1.163069e-05,1.973345e-05,3.688949e-06,3.787902e-05,1.785498e-05,4.449716e-06,8.660535e-06,2.955640e-05,2.775045e-06,1.989043e-05,8.990533e-05,1.635220e-04,1.377318e-04,1.734442e-04,1.634749e-04,-3.920899e-11,2.986866,2.927310,2.957470,2.980158,0.000944,0.648749,0.000728,1.404532,3.725077,0.587929,0.270481,0.661459,3.824305,4.061686,4.326363,4.328692,0.000000,-4.915166414e-05
0.705050,0.014973184,0.039965889,0.035139853,0.035111032,0.039965739,0.035090054,0.034979259,0.039966372,0.035017923,0.035111442,0.039966096,0.035090053,0.035052854,0.074901692,0.074920679,0.074890050,0.074901278,0.138562789,2.405108e-03,3.222819e-06,2.414257e-05,1.180374e-05,3.122431e-06,5.624371e-05,1.630803e-05,2.685375e-06,4.593895e-05,3.318954e-05,2.672860e-06,4.713840e-06,4.838230e-05,8.627801e-05,5.287647e-05,1.108510e-04,8.724551e-05,-5.055358e-11,2.549655,2.205446,2.729375,2.551484,0.610455,0.480059,0.307942,0.100662,0.676358,1.476197,0.105223,0.092460,4.182260,3.869745,3.599818,3.323374,0.000000,-4.309802157e-05
0.707550,0.014972069,0.039967602,0.035109170,0.035249567,0.039967540,0.035080461,0.035035366,0.039966556,0.034941881,0.035003488,0.039966245,0.035104294,0.034988990,0.074949042,0.074963891,0.074937360,0.074948295,0.131050782,2.608991e-03,1.628775e-06,2.771623e-05,1.716686e-05,1.837303e-06,3.278033e-05,2.658744e-05,3.068564e-06,3.627368e-05,2.988651e-05,4.185615e-06,1.857433e-05,4.218743e-05,1.796835e-05,7.502913e-06,2.939414e-05,1.857732e-05,-4.012994e-11,1.645905,1.285325,1.898153,1.657883,0.348387,0.199034,1.633525,0.149339,0.000000,0.966272,0.405217,1.276791,3.119767,3.457434,3.667344,3.973450,0.000000,-4.495776489e-05
0.710050,0.014968022,0.039959468,0.035048286,0.035326789,0.039959946,0.035031699,0.035091898,0.039960245,0.035007652,0.034972884,0.039960547,0.035099852,0.035033262,0.074977247,0.074977603,0.074973697,0.074976755,0.123477462,3.419349e-03,4.019607e-06,2.902352e-05,2.120225e-05,3.150904e-06,5.666404e-05,2.358995e-05,3.298775e-06,2.373605e-05,2.715827e-05,2.828102e-06,7.186524e-06,4.817664e-05,1.536343e-06,1.437894e-06,2.498410e-06,1.655074e-06,-4.626318e-11,0.801986,0.610468,0.986047,0.819217,0.398042,0.716150,1.816163,0.562564,0.000000,0.211633,2.057162,1.213321,4.029614,3.725032,3.743079,3.598290,0.000000,-5.151323604e-05
0.712550,0.014967380,0.039960500,0.035004026,0.035342699,0.039959821,0.035053402,0.035103553,0.039959609,0.035111121,0.035050220,0.039960052,0.035074967,0.035087528,0.074965067,0.074950477,0.074972083,0.074965067,0.115842829,3.557590e-03,4.510184e-06,1.857885e-05,4.163238e-06,5.262880e-06,1.792087e-05,2.287165e-05,5.468079e-06,5.449245e-05,3.069161e-05,3.999964e-06,1.442442e-05,4.724474e-05,5.996339e-06,1.554053e-05,2.961703e-06,5.998415e-06,-3.982432e-11,0.564228,0.746462,0.508303,0.564074,1.164629,1.168037,0.223658,0.213714,0.000000,0.279681,1.118035,0.582891,4.554876,4.792225,4.561946,4.596361,0.000000,-5.255908833e-05
0.715050,0.014971742,0.039964590,0.035035769,0.035297296,0.039965393,0.035067678,0.035107302,0.039965731,0.035159639,0.035140086,0.039965117,0.035010074,0.035134973,0.074921444,0.074902541,0.074933979,0.074921992,0.108146884,2.670285e-03,2.746886e-06,1.042438e-05,1.557696e-05,2.049533e-06,3.572723e-05,6.986989e-06,1.996155e-06,1.529552e-05,3.759966e-05,3.544480e-06,2.087709e-05,9.695527e-05,5.030135e-05,8.270894e-05,3.333815e-05,4.965396e-05,-6.123861e-11,1.288287,1.668227,1.068999,1.285929,1.193823,0.250341,0.001280,0.381628,0.000000,0.569874,0.265816,0.348420,3.877591,3.726878,4.004999,3.893919,0.000000,-4.546081320e-05
0.717550,0.014973974,0.039969336,0.035100663,0.035190581,0.039968465,0.035098035,0.035082434,0.039968303,0.035146850,0.035193356,0.039968133,0.034981310,0.035134678,0.074877782,0.074867178,0.074887378,0.074878529,0.100389627,2.265597e-03,1.682347e-06,2.799774e-05,1.759453e-05,1.642376e-06,2.156497e-05,1.927882e-05,2.749827e-06,4.689202e-05,3.200181e-05,3.136012e-06,1.589368e-05,3.385142e-05,1.402414e-04,1.673583e-04,1.174404e-04,1.385655e-04,-5.265408e-11,2.234222,2.552843,1.991692,2.220263,0.689165,1.150083,0.000535,1.354984,0.000000,0.085946,0.418216,0.009369,3.675448,3.770039,3.497163,3.796898,0.000000,-4.183940123e-05
0.720050,0.014879453,0.039963573,0.035158121,0.035029981,0.039964472,0.035134831,0.035011584,0.039964513,0.035097004,0.035230260,0.039965568,0.035016786,0.035095112,0.074864368,0.074869683,0.074864170,0.074864684,0.092742843,7.078562e-01,2.078195e-05,1.204402e-05,8.621222e-06,2.209269e-05,2.028068e-05,1.793601e-05,2.031490e-05,1.704250e-05,4.335532e-05,1.914171e-05,2.389847e-05,5.765447e-05,2.259799e-04,2.092797e-04,2.262272e-04,2.246896e-04,1.320497e+00,3.370961,3.453075,3.254668,3.360298,0.356417,0.074460,0.468235,1.188349,0.213675,0.509652,0.247431,0.463480,3.725339,3.754020,4.004050,3.730093,1740.537061,-3.538767062e-04
0.722550,0.013752606,0.039930834,0.035170372,0.034822898,0.039932817,0.035111116,0.034923693,0.039934526,0.035010420,0.035213353,0.039934405,0.035066112,0.035021471,0.074861055,0.074883046,0.074849772,0.074861423,0.087522980,5.739550e+00,8.053442e-06,1.232394e-05,2.415846e-05,7.506582e-06,1.237434e-05,2.178555e-05,7.932348e-06,4.126216e-05,3.534198e-05,8.710701e-06,6.642955e-06,5.270879e-05,7.862452e-05,7.359488e-05,8.121943e-05,8.014153e-05,1.320430e+01,0.116367,0.124908,0.118136,0.131958,0.000560,0.000000,0.000000,0.050722,0.000000,0.045244,0.000000,0.000930,0.000000,0.000000,0.000000,0.000000,3254.127701,-2.156922299e-03
0.725050,0.013086378,0.039836783,0.035121313,0.034554503,0.039839850,0.035026088,0.034774715,0.039843227,0.034862523,0.035135134,0.039841930,0.035054379,0.034886520,0.074796582,0.074835261,0.074774216,0.074797025,0.085502984,1.247355e+01,5.062135e-06,2.682558e-05,2.354854e-05,5.109630e-06,1.999128e-05,2.273147e-05,5.862877e-06,3.477786e-05,4.068473e-05,5.559500e-06,1.225830e-05,3.164034e-05,1.830704e-04,1.645349e-04,1.886069e-04,1.835665e-04,1.938942e+01,0.000000,0.000000,0.000000,0.000000,0.000000,0.000000,0.000000,0.000000,0.000000,0.000000,0.000000,0.000000,0.000000,0.000000,0.000000,0.000000,4512.111820,-3.184497983e-03
0.727550,0.013823850,0.039681419,0.035010955,0.034224795,0.039685570,0.034879748,0.034564434,0.039690616,0.034653314,0.034995602,0.039688143,0.034981334,0.034690257,0.074670798,0.074726163,0.074637547,0.074671316,0.086946147,4.705787e+00,5.211859e-06,1.958714e-05,7.779913e-06,5.224893e-06,2.697285e-05,1.885896e-05,4.958675e-06,4.198936e-05,2.582663e-05,4.087821e-06,1.592576e-05,9.087848e-05,8.661859e-05,8.305547e-05,8.935185e-05,8.587889e-05,1.935600e+01,0.002390,0.000000,0.117823,0.009021,0.008085,0.000000,0.000000,0.000000,0.000000,0.007327,0.000000,0.000000,0.000000,0.000000,0.000000,0.000000,4623.003965,-1.953344395e-03
0.730050,0.014739390,0.039513971,0.034927987,0.034155002,0.039515568,0.034744690,0.034573660,0.039521772,0.034414662,0.034801690,0.039518043,0.034855690,0.034583166,0.074569856,0.074613624,0.074544714,0.074569517,0.091756248,2.496037e-01,3.539170e-03,1.637446e-04,6.864733e-04,4.770353e-03,4.642395e-04,1.958260e-04,3.421528e-03,1.844064e-04,7.108411e-05,4.770251e-03,5.374126e-05,9.849983e-05,1.568716e-03,1.227909e-03,1.795998e-03,1.543491e-03,9.286584e+00,5.184870,4.617736,5.809156,5.511081,2.571602,3.180531,2.580077,0.819567,13.261492,8.160303,0.727243,3.637117,29.063652,30.058622,27.484687,29.887631,3747.385263,-4.373185658e-04
0.732550,0.015316413,0.040632678,0.035210253,0.035954037,0.040629778,0.035342214,0.035586443,0.040620623,0.035451913,0.035132138,0.040626184,0.035122316,0.035446924,0.074666288,0.074680999,0.074657664,0.074664775,0.097661113,3.691535e-01,1.672292e-03,8.776229e-05,6.417181e-05,1.871417e-03,2.881544e-04,3.604718e-05,1.657474e-03,6.582020e-05,1.206801e-04,1.903706e-03,8.934130e-05,3.297925e-04,2.422835e-03,2.160819e-03,2.456647e-03,2.270695e-03,3.595019e+00,9.336781,9.073686,9.397879,9.493030,5.129786,10.652119,18.841672,7.733173,11.255004,6.605288,10.684856,15.516061,87.037586,80.636213,87.446615,80.006003,95.412138,4.901682966e-04
0.735050,0.015262738,0.042107458,0.035893691,0.037994194,0.042021168,0.036690956,0.036731061,0.042079875,0.037295659,0.036051722,0.042005547,0.035900460,0.037146196,0.074970339,0.074941323,0.074987174,0.074966104,0.103515744,2.539542e-01,7.652993e-04,7.276207e-05,1.187269e-04,9.282347e-04,4.416713e-04,1.227976e-04,8.012611e-04,1.608760e-04,6.431787e-05,9.990378e-04,8.470290e-05,2.536696e-04,3.607978e-04,3.451794e-04,3.210344e-04,2.637183e-04,8.582004e+00,4.700435,4.177108,4.975766,4.361269,2.504294,2.899832,0.054836,1.688572,0.000000,0.000000,0.576441,0.889482,0.000000,0.000000,0.000000,0.000000,0.000000,4.002420020e-04
0.737550,0.014720763,0.043520927,0.036602016,0.039973038,0.043351246,0.038042332,0.037814367,0.043477815,0.039078345,0.036915746,0.043323597,0.036648968,0.038792460,0.075277299,0.075215577,0.075316980,0.075275727,0.109309063,2.735127e-01,8.810610e-04,8.865406e-05,2.208985e-05,9.185048e-04,3.119748e-04,2.475592e-05,8.578350e-04,1.064379e-04,1.044481e-04,8.908888e-04,6.664042e-05,1.670169e-04,1.083419e-03,1.040247e-03,1.099741e-03,1.044494e-03,4.756851e+00,0.551783,0.251369,0.365727,0.244634,0.000126,0.000000,0.000000,0.000000,0.000000,0.000000,0.000000,0.000000,0.000000,0.000000,0.000000,0.000000,0.000000,-4.672388306e-04
0.740050,0.014614746,0.044873083,0.037249029,0.041890569,0.044620011,0.039332396,0.038836361,0.044814443,0.040799717,0.037718458,0.044580336,0.037336163,0.040377412,0.075531626,0.075429080,0.075591130,0.075524670,0.115041070,4.993499e-01,1.267432e-03,7.325937e-05,8.736111e-05,1.228403e-03,5.058275e-04,1.181056e-04,1.246470e-03,1.121341e-04,5.920468e-05,1.260679e-03,1.627034e-05,1.146426e-04,9.854600e-05,8.054486e-05,1.350278e-04,9.475319e-05,7.300242e+00,0.000000,0.000000,0.000000,0.000000,0.000000,0.000000,0.000000,0.000000,0.000000,0.000000,0.000000,0.000000,0.000000,0.000000,0.000000,0.000000,0.000000,-6.233896942e-04
0.742550,0.015119964,0.046163926,0.037834729,0.043746789,0.045827463,0.040561148,0.039797042,0.046089758,0.042459777,0.038459858,0.045775761,0.037962046,0.041901051,0.075724642,0.075581270,0.075803969,0.075712300,0.120711764,5.410385e-02,4.086386e-04,8.805205e-05,1.128787e-04,4.994959e-04,2.735014e-04,5.837407e-05,4.004791e-04,8.690427e-05,9.154119e-05,5.163044e-04,8.053208e-05,1.290326e-04,9.381836e-04,1.024573e-03,8.992985e-04,9.008105e-04,8.350031e+00,0.000000,0.000000,0.000000,0.000000,0.000000,0.000000,0.000000,0.000000,0.000000,0.000000,0.000000,0.000000,0.000000,0.000000,0.000000,0.000000,0.000000,2.038190426e-04
0.745050,0.015368192,0.047393457,0.038359117,0.045541695,0.046973603,0.041728587,0.040696410,0.047303760,0.044058525,0.039139945,0.046909874,0.038526616,0.043363377,0.075856345,0.075672148,0.075955494,0.075838618,0.126321145,4.598358e-01,1.159207e-03,9.822266e-05,7.948638e-05,1.237825e-03,5.145979e-04,7.289738e-05,1.174360e-03,7.546546e-05,3.138658e-05,1.240935e-03,5.874286e-05,9.955132e-05,3.217918e-04,1.870236e-04,3.614407e-04,2.614645e-04,3.308613e+00,0.000000,0.000000,0.000000,0.000000,0.000000,0.000000,0.000000,0.000000,0.000000,0.000000,0.000000,0.000000,0.000000,0.000000,0.000000,0.000000,0.000000,6.080159472e-04
0.747550,0.014944788,0.048561675,0.038822192,0.047275289,0.048058430,0.042834714,0.041534466,0.048456450,0.045595960,0.039758719,0.047982675,0.039029874,0.044764391,0.075926735,0.075701713,0.076045708,0.075903623,0.131869214,1.238604e-02,7.954428e-04,4.615689e-05,8.886227e-05,8.461369e-04,1.819961e-04,6.184611e-05,7.781122e-04,1.114094e-04,9.550261e-05,8.994005e-04,3.625514e-05,2.191516e-04,5.807643e-04,7.419994e-04,5.527509e-04,5.925046e-04,7.247853e+00,0.000000,0.000000,0.000000,0.000000,0.000000,0.000000,0.000000,0.000000,0.000000,0.000000,0.000000,0.000000,0.000000,0.000000,0.000000,0.000000,0.000000,-8.495668655e-05
0.750050,0.014576676,0.049668581,0.039223955,0.048947571,0.049081945,0.043879528,0.042311210,0.049547827,0.047072083,0.040316181,0.048994163,0.039471819,0.046104092,0.075935813,0.075669965,0.076074608,0.075907316,0.137355971,6.081456e-01,5.661446e-04,5.634932e-05,8.351385e-05,5.878380e-04,3.483120e-04,3.915858e-05,5.499656e-04,8.339412e-05,2.557132e-05,5.827216e-04,2.162326e-05,2.076549e-04,6.692727e-04,5.250654e-04,7.029954e-04,5.982034e-04,7.821405e+00,0.000000,0.000000,0.000000,0.000000,0.000000,0.000000,0.000000,0.000000,0.000000,0.000000,0.000000,0.000000,0.000000,0.000000,0.000000,0.000000,0.000000,-6.904571148e-04
0.752550,0.014882686,0.050714175,0.039564405,0.050558540,0.050044148,0.044863029,0.043026641,0.050577892,0.048486893,0.040812330,0.049944338,0.039852452,0.047382481,0.075883578,0.075576905,0.076042197,0.075849696,0.142781415,4.712944e-02,9.454983e-04,4.710887e-05,1.711583e-05,8.693991e-04,4.797113e-05,4.729018e-05,9.328029e-04,7.711531e-05,1.015385e-04,8.515695e-04,5.051110e-05,1.915201e-04,1.775921e-04,3.033755e-04,1.821550e-04,1.841391e-04,4.538355e+00,0.000000,0.000000,0.000000,0.000000,0.000000,0.000000,0.000000,0.000000,0.000000,0.000000,0.000000,0.000000,0.000000,0.000000,0.000000,0.000000,0.000000,-1.933546287e-04
0.755050,0.015339753,0.051698456,0.039843543,0.052108197,0.050945038,0.045785218,0.043680759,0.051546645,0.049840391,0.041247167,0.050833201,0.040171773,0.048599558,0.075770031,0.075422533,0.075948472,0.075730764,0.148145547,3.896295e-01,7.706627e-04,5.650664e-05,7.487984e-05,9.465506e-04,3.400579e-04,6.709926e-05,7.697397e-04,8.762920e-05,5.040936e-05,1.016368e-03,4.022143e-05,1.632839e-04,9.261768e-04,8.833106e-04,9.262782e-04,8.920288e-04,6.955230e+00,0.000000,0.000000,0.000000,0.000000,0.000000,0.000000,0.000000,0.000000,0.000000,0.000000,0.000000,0.000000,0.000000,0.000000,0.000000,0.000000,0.000000,5.506740465e-04
0.757550,0.015172547,0.052621424,0.040061369,0.053596541,0.051784615,0.046646095,0.044273565,0.052454085,0.051132576,0.041620692,0.051660752,0.040429780,0.049755321,0.075595171,0.075206848,0.075793436,0.075550519,0.153448366,1.016156e-01,4.698441e-04,4.540257e-05,5.414987e-05,4.972360e-04,1.674728e-04,3.697154e-05,4.889526e-04,9.043014e-05,9.419548e-05,4.969830e-04,3.271336e-05,8.394050e-05,8.116550e-05,3.545317e-05,1.211100e-04,3.541014e-05,5.886048e+00,0.000000,0.000000,0.000000,0.000000,0.000000,0.000000,0.000000,0.000000,0.000000,0.000000,0.000000,0.000000,0.000000,0.000000,0.000000,0.000000,0.000000,2.790408224e-04
0.760050,0.014669166,0.053483080,0.040217882,0.055023573,0.052562880,0.047445659,0.044805059,0.053300212,0.052363449,0.041932904,0.052426990,0.040626476,0.050849773,0.075358999,0.074929850,0.075577086,0.075308962,0.158689872,3.673584e-01,9.464233e-04,9.952073e-05,8.304266e-05,9.012645e-04,3.820667e-04,8.879899e-05,9.065835e-04,6.149590e-05,2.942915e-05,9.022590e-04,1.554800e-05,4.753901e-05,8.685002e-04,9.211612e-04,8.697681e-04,8.269714e-04,4.497748e+00,0.000000,0.000000,0.000000,0.000000,0.000000,0.000000,0.000000,0.000000,0.000000,0.000000,0.000000,0.000000,0.000000,0.000000,0.000000,0.000000,0.000000,-5.366714925e-04
0.762550,0.014688710,0.054283423,0.040313082,0.056389292,0.053279833,0.048183911,0.045275240,0.054085027,0.053533009,0.042183803,0.053131915,0.040761859,0.051882912,0.075061515,0.074635898,0.075299425,0.075006092,0.163870066,3.257760e-01,5.374674e-04,4.909878e-05,8.235991e-05,5.589633e-04,1.750576e-04,2.731865e-05,5.308546e-04,8.701762e-05,8.814341e-05,5.918785e-04,4.038666e-05,1.566111e-04,2.770323e-04,1.408239e-03,3.334292e-04,2.332728e-04,8.710198e+00,0.000000,5.647566,0.000000,0.000000,0.000000,0.000000,0.000000,0.000000,0.000000,0.000000,0.000000,0.000000,0.000000,0.000000,0.000000,0.000000,0.000000,-5.048216375e-04
0.765050,0.015188510,0.055022454,0.040346970,0.057693699,0.053935473,0.048860850,0.045684108,0.054808530,0.054641257,0.042373390,0.053775528,0.040835929,0.052854738,0.074828431,0.074620476,0.074997240,0.074793977,0.168988948,1.208892e-01,5.755608e-04,5.966122e-05,7.262462e-05,6.145394e-04,3.083328e-04,5.911834e-05,5.787570e-04,4.370067e-05,1.242447e-05,5.986505e-04,3.112578e-05,1.247449e-04,1.215801e-03,2.513291e-03,6.916826e-04,1.291021e-03,5.674848e+00,7.210183,10.964796,4.364347,7.959197,0.000000,0.000000,0.000000,0.000000,0.000000,0.000000,0.000000,0.000000,0.000000,0.000000,0.000000,0.000000,0.000000,3.073908093e-04
0.767550,0.015314767,0.055700173,0.040319545,0.058936793,0.054529800,0.049476476,0.046031664,0.055470720,0.055688192,0.042501664,0.054357829,0.040848687,0.053765252,0.074741503,0.074811667,0.074773922,0.074741809,0.174046517,3.380107e-01,9.479861e-04,3.815679e-05,3.622737e-05,1.021625e-03,6.303216e-05,2.312752e-05,9.486880e-04,9.447738e-05,8.797953e-05,1.069721e-03,1.348273e-05,2.150812e-04,3.784438e-03,1.639586e-03,2.756680e-03,3.809417e-03,2.852420e+00,3.656913,4.060095,2.150190,4.091252,0.000000,0.000000,0.000000,0.000000,0.000000,0.000000,0.000000,0.000000,0.000000,0.000000,0.000000,0.000000,0.000000,5.135960219e-04
0.770050,0.014862496,0.056316578,0.040230808,0.060118575,0.055062815,0.050030790,0.046317908,0.056071597,0.056673815,0.042568626,0.054878817,0.040800132,0.054614453,0.074724148,0.075061968,0.074609479,0.074760740,0.179042773,6.483132e-02,2.545421e-04,4.079897e-05,4.515681e-05,2.610741e-04,1.800014e-04,4.653243e-05,2.385427e-04,4.192396e-05,4.527516e-05,2.783234e-04,2.016575e-05,1.955523e-04,1.798635e-03,1.411819e-03,1.491598e-03,1.786859e-03,7.966694e+00,6.898706,3.724704,6.699133,6.317493,0.000000,0.000000,0.000000,0.000000,0.000000,0.000000,0.000000,0.000000,0.000000,0.000000,0.000000,0.000000,0.000000,-2.235890892e-04
0.772550,0.014601480,0.056871672,0.040080759,0.061239044,0.055534518,0.050523792,0.046542839,0.056611162,0.057598125,0.042574276,0.055338492,0.040690265,0.055402342,0.074918019,0.075348260,0.074699199,0.074973099,0.183977717,5.355386e-01,7.626296e-04,2.405991e-05,1.900817e-05,7.001141e-04,5.393166e-05,3.432112e-05,7.411765e-04,9.670756e-05,7.808787e-05,6.658145e-04,2.461828e-05,1.189084e-04,4.408032e-04,2.892131e-04,4.277735e-04,3.350605e-04,6.469967e+00,5.920900,0.723600,8.658897,5.583947,0.000000,0.000000,0.000000,0.000000,0.000000,0.000000,0.000000,0.000000,0.000000,0.000000,0.000000,0.000000,0.000000,-6.488414815e-04
0.775050,0.014971816,0.057365453,0.039869396,0.062298200,0.055944908,0.050955481,0.046706457,0.057089415,0.058461122,0.042518613,0.055736856,0.040519085,0.056128919,0.075136426,0.075575636,0.074914375,0.075195330,0.188851349,5.045393e-03,7.579573e-04,6.206146e-05,6.959012e-05,8.021904e-04,2.420267e-04,6.735429e-05,7.504802e-04,2.745437e-05,5.034247e-05,8.441661e-04,2.761409e-05,6.959832e-05,7.517428e-04,1.364116e-03,6.869366e-04,8.719216e-04,4.286351e+00,0.000000,0.000000,1.316416,0.000000,0.000000,0.000000,0.000000,0.000000,0.000000,0.000000,0.000000,0.000000,0.000000,0.000000,0.000000,0.000000,0.000000,-4.517934606e-05
0.777550,0.015341834,0.057797921,0.039596722,0.063296045,0.056293985,0.051325858,0.046808763,0.057506354,0.059262808,0.042401637,0.056073906,0.040286593,0.056794183,0.075293522,0.075741700,0.075090714,0.075356248,0.193663668,3.917665e-01,3.349991e-04,6.138182e-05,6.169208e-05,4.594863e-04,1.773506e-04,3.727159e-05,3.490149e-04,1.080633e-04,7.369489e-05,4.841946e-04,1.119287e-05,9.718546e-05,5.564339e-04,2.625450e-04,5.768159e-04,4.702030e-04,6.712419e+00,0.000000,0.000000,2.182154,0.000000,0.000000,0.000000,0.000000,0.000000,0.000000,0.000000,0.000000,0.000000,0.000000,0.000000,0.000000,0.000000,0.000000,5.558588569e-04
0.780050,0.015082860,0.058169077,0.039262735,0.064232576,0.056581750,0.051634922,0.046849757,0.057861982,0.060003180,0.042223349,0.056349644,0.039992788,0.057398134,0.075389631,0.075846451,0.075298677,0.075455854,0.198414675,2.345766e-02,7.221606e-04,5.814986e-05,8.247067e-05,6.635104e-04,2.595794e-04,6.145268e-05,7.076760e-04,2.910773e-05,2.299859e-05,6.535255e-04,2.384751e-05,6.911978e-05,5.938839e-04,1.071516e-03,1.847393e-04,5.971518e-04,4.025788e+00,0.010638,0.000000,1.107880,0.000000,0.000000,0.000000,0.000000,0.000000,0.000000,0.000000,0.000000,0.000000,0.000000,0.000000,0.000000,0.000000,0.000000,1.350350147e-04
0.782550,0.014642089,0.058478920,0.038867435,0.065107796,0.056808202,0.051882673,0.046829438,0.058156297,0.060682240,0.041983749,0.056564070,0.039637671,0.057940773,0.075424471,0.075889890,0.075449926,0.075494147,0.203104369,4.289568e-01,5.574781e-04,4.550956e-05,6.627999e-05,5.550425e-04,1.428642e-04,1.869050e-05,5.266216e-04,7.290763e-05,6.124639e-05,5.826303e-04,1.594146e-05,1.686745e-04,7.350721e-04,6.789902e-04,3.490004e-04,7.309205e-04,7.177199e+00,0.000000,0.000000,0.000000,0.000000,0.000000,0.000000,0.000000,0.000000,0.000000,0.000000,0.000000,0.000000,0.000000,0.000000,0.000000,0.000000,0.000000,-5.811553187e-04
0.785050,0.014769094,0.058727451,0.038410823,0.065921702,0.056973342,0.052069113,0.046747806,0.058389299,0.061299988,0.041682835,0.056717183,0.039243868,0.058422099,0.075397998,0.075872016,0.075539862,0.075471127,0.207732750,1.809033e-01,4.259546e-04,4.957555e-05,4.309735e-05,4.377899e-04,1.322092e-04,4.045395e-05,4.315896e-04,5.698690e-05,3.619519e-05,4.271722e-04,8.692618e-05,2.056571e-04,3.843557e-04,4.029614e-04,3.508987e-04,3.692402e-04,6.864203e+00,0.000000,0.000000,0.000000,0.000000,0.000000,0.000000,0.000000,0.645478,0.000000,0.000000,0.000000,0.000000,0.000000,0.000000,0.000000,0.000000,0.000000,-3.757419280e-04
0.787550,0.015239101,0.058914670,0.037895844,0.066674296,0.057077170,0.052194239,0.046604862,0.058560989,0.061856423,0.041320610,0.056808983,0.038889745,0.058842113,0.075310213,0.075792830,0.075568486,0.075386795,0.212299819,1.922969e-01,7.710869e-04,4.178832e-05,2.227955e-05,8.265723e-04,5.398995e-05,2.036479e-05,7.717086e-04,6.134191e-05,7.521361e-05,8.473871e-04,1.949547e-04,1.533791e-04,8.542335e-04,1.203502e-03,1.880811e-04,7.839478e-04,1.658251e+00,0.002603,0.000000,0.000000,0.000000,0.214239,0.000000,0.000000,0.979038,0.000000,0.000000,0.000000,0.000000,0.000000,0.000000,0.000000,0.000000,0.000000,3.894400994e-04
0.790050,0.015253782,0.059040575,0.037400606,0.067365578,0.057119685,0.052258053,0.046400606,0.058671367,0.062351546,0.040897130,0.056839471,0.038524782,0.059200814,0.075168109,0.075652331,0.075535797,0.075241151,0.216805576,2.177667e-01,3.851320e-04,7.189160e-05,4.991132e-05,4.487950e-04,8.083389e-05,4.438928e-05,3.809178e-04,3.866204e-05,3.984166e-05,4.939423e-04,3.801775e-04,1.238718e-04,3.951122e-04,6.963312e-05,3.236427e-04,2.787637e-04,7.402068e+00,0.243654,0.000000,0.000000,0.000000,1.219252,0.000000,0.000000,0.051615,0.000000,0.000000,0.020342,0.000000,0.000000,0.000000,0.000000,0.000000,0.000000,4.135526184e-04
0.792550,0.014794776,0.059105169,0.036927608,0.067995547,0.057100887,0.052260555,0.046135037,0.058720432,0.062785356,0.040475447,0.056808647,0.038099012,0.059498203,0.074966250,0.075450520,0.075441795,0.075034194,0.221250020,1.430903e-01,3.775948e-04,2.319555e-04,2.977834e-05,2.984295e-04,1.233957e-04,4.134767e-05,3.587470e-04,8.464199e-05,1.158829e-04,2.661782e-04,4.245677e-04,8.045657e-05,7.259671e-04,1.240531e-03,1.654771e-04,7.535314e-04,6.859270e+00,0.000000,0.000000,0.000000,0.000000,0.222712,0.000000,0.000000,0.000000,0.000000,0.000000,1.017376,0.000000,0.000000,0.000000,0.000000,0.000000,0.000000,-3.341548307e-04
0.795050,0.014642920,0.059108450,0.036400854,0.068564204,0.057020777,0.052201744,0.045808155,0.058708184,0.063157854,0.040037379,0.056716510,0.037611929,0.059734280,0.074723542,0.075187396,0.075286482,0.074772776,0.225633151,4.267637e-01,8.220958e-04,4.063055e-04,7.892210e-05,8.107516e-04,1.864168e-04,5.261153e-05,8.026135e-04,2.555208e-05,8.396514e-05,8.231229e-04,5.112499e-04,3.628741e-05,1.003250e-03,2.651279e-04,3.141488e-04,5.570980e-04,3.296036e+00,3.418610,0.000000,0.000000,2.239829,0.171992,0.000000,0.000000,0.000000,0.000000,0.000000,0.000000,0.000000,0.000000,0.000000,0.000000,0.000000,0.000000,-5.801136006e-04
0.797550,0.015051738,0.059050418,0.035888237,0.069071548,0.056879355,0.052081621,0.045419961,0.058634624,0.063469039,0.039569978,0.056563060,0.037063534,0.059909044,0.074674906,0.074933318,0.075069855,0.074688366,0.229954971,9.266952e-03,2.962960e-04,4.031927e-04,6.831843e-05,4.019918e-04,1.928176e-04,3.180660e-05,3.101300e-04,8.004610e-05,3.055106e-04,4.404802e-04,5.223505e-04,1.038768e-04,1.695131e-03,1.406533e-03,1.396774e-04,1.388361e-03,6.717350e+00,8.888066,4.175360,0.000000,8.935045,1.319449,0.000000,0.000000,0.000000,0.000000,0.000000,1.075115,0.000000,0.000000,0.000000,0.000000,0.000000,0.000000,8.476606364e-05
0.800050,0.015321620,0.058931074,0.035474600,0.069517580,0.056676620,0.051900185,0.044970455,0.058499752,0.063718912,0.039149478,0.056348298,0.036453826,0.060022495,0.074766840,0.074770023,0.074827762,0.074754996,0.234215477,3.462816e-01,5.036792e-04,3.309439e-04,5.392293e-05,5.208076e-04,1.643095e-04,3.880024e-05,5.022983e-04,3.673317e-05,5.783167e-04,5.126856e-04,1.950825e-04,1.476643e-04,1.502748e-03,3.277000e-03,1.054982e-03,2.054444e-03,4.233454e+00,3.329888,3.812037,2.928163,3.645431,1.503123,0.000000,0.000000,0.000000,0.000000,0.000000,0.311283,0.000000,0.000000,0.000000,0.000000,0.000000,0.000000,5.230845409e-04
0.802550,0.014996127,0.058750417,0.035283363,0.069902299,0.056412572,0.051657436,0.044459636,0.058303566,0.063907472,0.038671890,0.056072224,0.035782806,0.060074634,0.074978441,0.074675520,0.074713480,0.074930851,0.238414671,6.686794e-04,5.849155e-04,4.557932e-04,3.322737e-05,5.382312e-04,9.115679e-05,1.318872e-05,5.581584e-04,6.752270e-05,8.003997e-04,5.593823e-04,8.281778e-05,1.856353e-04,6.112678e-04,2.059517e-03,1.142264e-03,8.516642e-04,4.835628e+00,6.485409,5.431066,6.769414,6.369571,5.054229,0.000000,0.000000,0.000000,0.000000,0.000000,0.000000,0.000000,0.000000,0.000000,0.000000,0.000000,0.000000,-5.439253487e-06
0.805050,0.014635263,0.058508448,0.035491778,0.070225706,0.056087212,0.051353375,0.043887504,0.058046069,0.064034720,0.038132989,0.055734837,0.035050786,0.060065460,0.075259660,0.074787035,0.074733973,0.075194853,0.242552553,4.460465e-01,2.967402e-04,9.973109e-05,3.578508e-05,2.982633e-04,4.944385e-05,3.872961e-05,2.845377e-04,3.813652e-05,8.380545e-04,2.943315e-04,2.144079e-04,1.573431e-04,2.427942e-04,6.269980e-04,3.556630e-04,3.626226e-04,7.448846e+00,0.684832,9.278824,4.957415,1.444079,1.843352,0.000000,0.000000,0.060177,0.000000,0.000000,0.000000,0.000000,0.000000,0.000000,0.000000,0.000000,0.000000,-5.930269353e-04
0.807550,0.014849654,0.058205167,0.035737293,0.070487800,0.055700540,0.050988002,0.043254060,0.057727259,0.064100655,0.037532960,0.055336137,0.034684032,0.059994974,0.075481828,0.075013132,0.074849138,0.075405922,0.246629122,7.643403e-02,6.673188e-04,2.589578e-04,9.512852e-06,6.901114e-04,5.448603e-05,2.276759e-05,6.714100e-04,6.769531e-05,6.514757e-04,6.880031e-04,2.866257e-04,1.270823e-04,4.172274e-04,4.822587e-04,2.252864e-04,5.968043e-04,3.838089e+00,0.000000,0.237854,3.958927,0.000000,1.433859,0.000000,0.000000,10.166445,0.000000,0.000000,0.057772,0.000000,0.000000,0.000000,0.000000,0.000000,0.000000,-2.444220720e-04
0.810050,0.015267382,0.057840573,0.036081795,0.070688582,0.055252557,0.050561316,0.042559304,0.057347136,0.064105278,0.036985611,0.054877486,0.035486891,0.059863176,0.075642684,0.075178667,0.075028807,0.075555679,0.250644378,2.417889e-01,4.570698e-04,2.920310e-04,6.441493e-05,5.465834e-04,7.969437e-05,5.838484e-05,4.560372e-04,3.847691e-05,5.266318e-04,8.821538e-04,3.558361e-04,5.284338e-05,2.063440e-04,4.951883e-04,2.916530e-04,3.080391e-04,3.955366e+00,0.000000,0.193769,2.416834,0.000000,1.114891,0.000000,0.000000,10.009371,0.000000,0.000000,1.752366,0.000000,0.000000,0.026676,0.000000,0.889557,0.000000,4.358603231e-04
0.812550,0.015181003,0.057414666,0.036472254,0.070828051,0.054778841,0.050073318,0.041803235,0.056905701,0.064048588,0.036522053,0.054415995,0.036709321,0.059670064,0.075742227,0.075325332,0.075174540,0.075644123,0.254598322,1.097949e-01,2.186993e-04,7.188020e-04,5.683315e-05,1.022497e-03,1.661464e-04,2.970481e-05,2.088285e-04,4.662973e-05,5.086564e-04,1.440744e-03,2.406940e-04,5.070308e-05,2.564342e-04,4.615454e-04,5.629297e-05,4.239657e-04,7.027962e+00,0.000000,1.189363,0.000000,0.000000,0.800946,0.000000,0.000000,0.334607,0.000000,0.000000,1.281986,0.000000,0.000000,4.861885,0.000000,5.435375,0.000000,2.946337693e-04
0.815050,0.014743165,0.056927447,0.036834515,0.070906207,0.054296660,0.049524007,0.040985854,0.056402954,0.063930585,0.036059999,0.053936402,0.037874509,0.059415641,0.075780458,0.075416092,0.075258960,0.075671255,0.258490954,2.216701e-01,6.655963e-04,7.725740e-04,7.216580e-05,2.914302e-03,1.681043e-04,4.883711e-05,6.405956e-04,6.095018e-05,4.111799e-04,3.746569e-03,4.098796e-04,9.229798e-05,2.059219e-04,3.842716e-04,2.599600e-04,2.506807e-04,4.649112e+00,0.000000,0.000000,0.000000,0.000000,0.029220,0.000000,0.000000,0.000000,0.000000,0.000000,0.000000,0.000000,0.000000,0.922825,0.000000,0.297704,0.000000,-4.176879716e-04
0.817550,0.014700263,0.056378915,0.037135763,0.070923052,0.053765813,0.048913383,0.040111141,0.055838894,0.063751271,0.035536631,0.053399363,0.038978385,0.059099905,0.075757376,0.075445541,0.075282069,0.075637074,0.262322273,3.006339e-01,4.403726e-04,8.326742e-04,5.459888e-05,3.784988e-03,1.686236e-04,4.907588e-05,4.401782e-04,3.608570e-05,1.447061e-04,4.438718e-03,1.940266e-04,1.486163e-04,1.133552e-04,4.154633e-04,9.888042e-05,2.607278e-04,4.566326e+00,0.000000,0.000000,0.000000,0.000000,0.000000,0.000000,0.000000,0.000000,0.000000,0.272497,0.000000,0.000000,0.000000,2.384255,0.000000,1.186306,0.000000,-4.867723798e-04
0.820050,0.015118597,0.055769087,0.037375700,0.070878583,0.053248202,0.048241447,0.039282985,0.055218996,0.063510643,0.035264334,0.052869888,0.040020948,0.058722856,0.075672982,0.075413676,0.075243864,0.075541581,0.266092280,4.722586e-02,3.076282e-04,7.306434e-04,4.309283e-05,5.045511e-03,8.496341e-05,2.827308e-04,1.305390e-03,5.775407e-05,9.775350e-04,4.448953e-03,4.903060e-05,1.685573e-04,2.448647e-04,5.373849e-04,1.644620e-04,2.799028e-04,5.418429e+00,0.000000,0.000000,0.000000,0.000000,0.000000,0.000000,0.000000,0.000000,0.000000,1.855644,9.831860,0.000000,0.094250,6.855409,2.483341,8.109684,0.000000,1.934489169e-04
0.822550,0.015279393,0.055161191,0.037554323,0.070772802,0.052769692,0.047508199,0.038603921,0.054650182,0.063208704,0.035899955,0.052390363,0.041002198,0.058284495,0.075527275,0.075320499,0.075145220,0.075384776,0.269800974,2.618161e-01,4.077283e-03,3.629997e-04,1.043335e-05,6.226679e-03,5.345588e-05,4.339476e-04,5.702248e-03,4.922012e-05,5.807763e-04,6.675350e-03,3.202805e-04,1.636526e-04,1.832121e-05,1.577455e-04,1.853594e-04,8.155222e-05,3.426155e+00,0.000000,0.000000,0.398400,0.000000,0.000000,0.000000,0.000000,0.000000,0.000000,1.651495,2.953139,0.000000,8.748830,3.854872,9.299760,3.352592,0.000000,4.548953549e-04
0.825050,0.014917713,0.054600235,0.037671635,0.070605709,0.052249237,0.046713638,0.037965791,0.054097152,0.062845451,0.036524421,0.051863589,0.041922137,0.057784821,0.075320255,0.075166010,0.075022581,0.075166657,0.273448355,2.286652e-02,3.925516e-03,3.324371e-04,3.786001e-05,1.643668e-03,2.238811e-05,7.586536e-04,5.859624e-03,4.285319e-05,1.672454e-03,1.117650e-03,3.393715e-04,1.185351e-04,2.464996e-04,4.831001e-04,7.452760e-05,2.749082e-04,7.076983e+00,0.000000,0.000000,0.809735,0.000000,0.000000,0.000000,0.000000,0.000000,0.000000,0.482719,0.000000,0.000000,2.782993,0.000000,0.796295,0.000000,0.000000,-1.332350568e-04
0.827550,0.014655676,0.053990146,0.037727633,0.070377303,0.051667543,0.045857765,0.037285977,0.053484395,0.062420886,0.037106230,0.051275502,0.042780762,0.057223835,0.075051924,0.074950277,0.074842388,0.074887714,0.277034424,3.986025e-01,3.773432e-03,3.088538e-04,3.524358e-05,2.409166e-03,7.367807e-05,8.983010e-04,5.726135e-03,5.652152e-05,1.999916e-03,3.625214e-03,1.917363e-04,3.777057e-05,5.993762e-05,3.612169e-04,2.391207e-04,6.910598e-05,5.620358e+00,0.000000,0.069365,0.000000,0.350094,0.000000,0.000000,0.000000,0.000000,0.000000,0.001336,0.792904,0.000000,0.356812,0.104379,0.000000,0.000000,0.000000,-5.601071788e-04
0.830050,0.014932497,0.053334061,0.037722319,0.070087585,0.051041443,0.044940579,0.036544855,0.052831298,0.061935009,0.037740540,0.050630282,0.043578075,0.056601537,0.074802754,0.074780975,0.074686160,0.074701627,0.280559181,1.528393e-02,4.815817e-03,6.417029e-04,6.817738e-05,2.417803e-03,1.283210e-04,8.025460e-04,3.333300e-03,4.043205e-05,1.304346e-03,2.336649e-03,4.126734e-04,5.914305e-05,9.288524e-04,9.174847e-04,1.318644e-03,1.184051e-03,1.337537e+00,4.569006,5.302351,5.896945,7.146625,0.000000,0.000000,0.000000,0.000000,0.000000,0.000000,0.706450,0.000000,3.095494,1.606654,4.663795,0.437937,0.000000,-1.091592427e-04
0.832550,0.015270537,0.052708613,0.037697455,0.069736554,0.050363786,0.043999171,0.035799577,0.052215170,0.061387819,0.038594685,0.049926413,0.044314076,0.055917926,0.074673580,0.074712345,0.074738436,0.074677610,0.284022625,2.465133e-01,4.161979e-03,5.797757e-04,5.899802e-05,4.921972e-03,5.890253e-04,8.220482e-04,6.522788e-03,3.660707e-05,1.897850e-03,5.901725e-03,3.764862e-04,9.317785e-05,2.805022e-03,2.250079e-03,2.018627e-03,2.708174e-03,6.811846e+00,6.385507,5.480921,7.900174,6.502473,1.073472,1.192986,0.000000,0.000000,0.000000,3.593424,4.147072,0.000000,5.892814,0.000000,4.368297,0.000000,0.000000,4.408695764e-04
0.835050,0.015096828,0.052058749,0.037722548,0.069324211,0.049624816,0.043177084,0.035962740,0.051559602,0.060779317,0.039562070,0.049161232,0.044988764,0.055173002,0.074723053,0.074791102,0.074904504,0.074828533,0.287424756,3.147592e-02,2.440464e-03,4.073082e-04,5.818611e-05,1.674027e-03,9.429234e-04,6.732893e-04,9.210068e-04,6.042197e-05,2.482645e-03,1.794161e-03,6.206892e-05,1.250412e-04,1.651959e-03,9.034914e-04,2.363608e-04,1.105622e-03,5.926202e+00,6.788802,6.557413,3.025272,6.373990,0.509132,1.406800,0.000000,0.000000,0.000000,9.111845,0.000000,0.000000,0.011918,0.000000,0.000000,0.000000,0.000000,1.575755991e-04
0.837550,0.014713790,0.051347578,0.037698152,0.068850555,0.048824533,0.042346772,0.036361146,0.050842721,0.060109502,0.040468143,0.048334738,0.045602140,0.054366766,0.074924003,0.075014672,0.075110318,0.075076042,0.290765575,2.742425e-01,3.852192e-03,1.105210e-04,2.704810e-05,2.321591e-03,1.307657e-03,8.640170e-04,6.140247e-03,2.489683e-05,2.653916e-03,3.434451e-03,1.758960e-04,1.890383e-04,3.789007e-04,2.905054e-04,6.619391e-04,4.505736e-04,2.922885e+00,5.841745,3.259559,2.090460,3.081472,0.000000,0.000000,0.000000,0.000000,0.000000,0.000000,0.000000,0.000000,0.000000,0.000000,0.000000,0.000000,0.000000,-4.651149918e-04
0.840050,0.014775214,0.050575095,0.037612443,0.068315587,0.047962938,0.041455147,0.036699643,0.050064528,0.059378375,0.041312904,0.047446932,0.046154203,0.053499217,0.075170253,0.075210002,0.075280258,0.075304447,0.294045082,1.692325e-01,2.695565e-03,2.194495e-04,2.433927e-05,1.627099e-03,1.275331e-03,7.746005e-04,1.250421e-03,6.663735e-05,1.491770e-03,1.748530e-03,3.116000e-04,1.604279e-04,7.662658e-05,1.801226e-04,1.246493e-04,2.828966e-04,6.313738e+00,0.067584,0.000000,0.000000,0.000000,0.000000,0.000000,0.000000,0.000000,0.000000,0.131263,0.000000,0.000000,0.000000,0.000000,0.000000,0.000000,0.000000,-3.652945821e-04
0.842550,0.015171250,0.049741300,0.037465421,0.067719306,0.047040030,0.040502209,0.037222722,0.049225023,0.058585935,0.042096352,0.046497813,0.046644954,0.052570356,0.075355319,0.075344020,0.075388887,0.075471539,0.297263276,9.819737e-02,5.057154e-03,2.186357e-04,2.127159e-05,5.087907e-03,1.062601e-03,1.663400e-03,6.684870e-03,2.948996e-05,4.405071e-04,5.919827e-03,1.343133e-04,8.938355e-05,3.362255e-04,2.434368e-04,4.404645e-04,4.944176e-04,2.951532e+00,0.000000,0.000000,0.000000,0.000000,0.000000,0.000000,0.000000,0.000000,0.000000,5.222920,0.000000,0.000000,0.000000,0.000000,0.000000,0.000000,0.000000,2.786828794e-04
0.845050,0.015226514,0.048846192,0.037257087,0.067061713,0.046055810,0.039522223,0.038098592,0.048324205,0.057732183,0.042818487,0.045487381,0.047074392,0.051580182,0.075479072,0.075416726,0.075436203,0.075577318,0.300420158,1.729424e-01,1.954115e-03,6.185793e-04,5.135075e-05,2.399475e-03,9.383205e-04,1.054452e-03,7.288454e-04,6.099204e-05,5.537997e-04,2.318244e-03,2.926498e-04,6.402558e-05,2.617355e-04,1.429847e-04,3.687892e-04,3.065039e-04,5.465300e+00,0.000000,0.000000,0.000000,0.000000,0.000000,1.450339,0.000000,0.000000,0.000000,1.297221,0.000000,0.000000,0.000000,0.000000,0.000000,0.000000,0.000000,3.690627851e-04
0.847550,0.014853002,0.047889771,0.036987440,0.066342807,0.045010278,0.038665200,0.038944602,0.047362074,0.056817118,0.043479310,0.044415638,0.047442518,0.050528696,0.075541512,0.075428118,0.075422206,0.075621785,0.303515727,7.244011e-02,3.802418e-03,5.565714e-04,5.114957e-05,2.218168e-03,6.029022e-04,1.486805e-03,6.053603e-03,2.444237e-05,9.300331e-04,2.927557e-03,4.726896e-04,5.199925e-05,7.770753e-05,2.048322e-04,1.867884e-04,2.320562e-04,6.552064e+00,0.000000,0.000000,0.000000,0.000000,0.000000,0.819366,0.000000,0.000000,0.000000,0.000000,0.000000,0.000000,0.000000,0.000000,0.000000,0.000000,0.000000,-2.388349266e-04
0.850050,0.014688179,0.046872038,0.036666226,0.065562589,0.043903433,0.037764753,0.039729300,0.046338631,0.055840741,0.044078821,0.043282581,0.047749331,0.049415898,0.075542641,0.075378199,0.075346897,0.075604940,0.306549983,3.264652e-01,2.237705e-03,6.785775e-04,7.657658e-05,1.610288e-03,1.009558e-03,7.916626e-04,1.403522e-03,6.532573e-05,1.746410e-03,1.658899e-03,2.114436e-04,6.567802e-05,2.680849e-04,1.529499e-04,5.461955e-04,4.070573e-04,1.593914e+00,0.000000,0.000000,0.000000,0.000000,0.457120,0.000000,0.000000,0.000000,0.000000,0.000000,0.000000,0.000000,0.000000,0.000000,0.000000,0.000000,0.000000,-5.070955966e-04
0.852550,0.015007312,0.045792992,0.036468628,0.064721058,0.042737073,0.036855625,0.040452686,0.045253876,0.054803051,0.044617019,0.042098416,0.047994831,0.048241787,0.075482456,0.075266967,0.075210275,0.075526782,0.309522927,4.906327e-04,5.001814e-03,8.494544e-04,4.508200e-05,5.050792e-03,1.042894e-03,6.643765e-04,6.548423e-03,1.869481e-05,2.760919e-03,7.010595e-03,1.467584e-04,1.499487e-04,1.996870e-04,1.527851e-04,6.936658e-05,1.329781e-04,5.248430e+00,0.000000,0.000000,0.000000,0.000000,3.435646,1.729959,0.000000,0.000000,0.000000,0.000000,0.000000,0.000000,0.000000,1.401299,0.000000,4.125536,0.000000,1.269545441e-05
0.855050,0.015258125,0.044652634,0.036536523,0.063818214,0.041650598,0.036184318,0.041114759,0.044120011,0.053704049,0.045093904,0.041075763,0.048179019,0.047006363,0.075360959,0.075094440,0.075054929,0.075387311,0.312434559,2.234850e-01,1.662637e-03,5.694091e-04,3.137232e-05,6.991833e-03,1.265157e-04,4.642484e-04,2.594628e-03,5.143439e-05,2.375611e-03,8.718812e-03,2.901371e-04,1.785392e-04,1.054868e-04,1.245336e-04,7.881650e-04,2.397549e-04,6.253660e+00,0.000000,0.016591,2.929807,0.000000,1.416488,2.899213,0.000000,0.000000,0.000000,0.000000,0.000000,0.000000,0.000000,17.806724,4.142871,22.072130,0.000000,4.203685845e-04
0.857550,0.015004379,0.043511408,0.036574834,0.062854059,0.040826135,0.035745763,0.041731318,0.043058718,0.052543734,0.045509477,0.040507909,0.048301895,0.045709627,0.075178150,0.074909804,0.074921762,0.075186528,0.315284878,1.451707e-04,7.577175e-03,5.366007e-04,1.874991e-05,1.866840e-02,8.442934e-04,3.379997e-04,1.082427e-02,4.215394e-05,1.273833e-03,1.771116e-02,1.304803e-04,1.312094e-04,1.854307e-04,3.122225e-04,8.439151e-04,1.921558e-04,3.279344e+00,0.000000,2.707674,1.372553,0.000000,0.026753,5.450652,0.000000,0.000000,0.000000,0.398128,0.000000,0.000000,10.095039,24.151051,8.741342,46.368639,0.000000,8.040023526e-06
0.860050,0.014678137,0.042449466,0.036582120,0.061828590,0.040395004,0.036106725,0.042348142,0.041994150,0.051322106,0.045863737,0.040455306,0.048363458,0.044351578,0.074934035,0.074734140,0.074753881,0.074924432,0.318073885,3.469118e-01,3.945689e-03,3.730033e-04,2.859927e-05,2.942779e-02,1.125870e-03,7.438116e-04,5.937920e-03,4.379456e-05,7.142213e-04,3.034121e-02,1.183667e-04,1.186863e-04,1.972474e-04,4.287257e-04,4.888811e-04,2.185190e-04,5.076654e+00,0.014462,2.589370,1.123915,0.000000,0.638661,6.560869,0.000000,0.000000,0.000000,0.555632,0.000000,0.000000,4.028426,25.028767,1.804397,23.625959,0.000000,-5.227800898e-04
0.862550,0.014836472,0.041426696,0.036637530,0.060741809,0.040221823,0.036728959,0.042930057,0.041100735,0.050039167,0.046156685,0.040678679,0.048364297,0.042932217,0.074703931,0.074652483,0.074698807,0.074689270,0.320801579,8.998208e-02,7.734150e-03,2.319812e-04,2.881302e-05,3.610641e-03,1.508730e-03,1.101925e-03,1.488100e-02,3.289290e-05,3.706480e-04,1.752989e-02,4.257249e-04,4.243941e-05,1.095862e-03,1.103490e-03,8.143722e-04,1.350374e-03,3.855122e+00,5.172810,6.425725,8.559727,5.719069,1.743094,1.679235,0.000000,0.076538,0.000000,0.086364,0.000000,0.000000,14.692264,23.763113,31.851891,32.406750,0.000000,-2.648183386e-04
0.865050,0.015181676,0.040799293,0.036973406,0.059593716,0.040580493,0.037406377,0.043459413,0.040896696,0.048699504,0.046388321,0.041293675,0.048367295,0.041451544,0.074649022,0.074764242,0.074820160,0.074646235,0.323467960,1.117585e-01,2.116911e-02,4.421114e-04,7.366077e-05,1.174151e-02,2.748791e-03,4.026877e-04,3.520601e-02,1.748495e-04,6.776060e-04,1.509811e-02,5.218570e-04,4.175716e-05,2.411042e-03,1.291072e-03,1.633130e-03,2.590854e-03,3.714232e+00,8.164713,6.688989,3.137105,8.713330,4.352723,0.525028,0.485169,1.227658,0.000000,0.152196,0.000000,0.000000,53.451049,43.134760,60.802451,7.645743,0.000000,2.968492680e-04
0.867550,0.015132365,0.041051726,0.037537977,0.058384310,0.041266036,0.038039758,0.043940554,0.041248722,0.047581469,0.046558644,0.041865545,0.048426628,0.039909557,0.074781179,0.074977186,0.074964102,0.074796357,0.326073029,5.906091e-02,1.227579e-02,4.062624e-04,5.250532e-05,1.674134e-02,1.836101e-03,6.421063e-04,1.888221e-02,8.936000e-04,2.113795e-03,1.359563e-02,2.193501e-04,8.240818e-05,1.000538e-03,1.771495e-04,6.741593e-04,1.014124e-03,6.492889e+00,5.730774,2.562917,3.907012,5.541585,0.788171,0.000000,3.500998,0.602925,0.000000,0.014677,0.000000,0.000000,36.898980,19.389627,9.664707,2.330463,0.000000,2.158287074e-04
0.870050,0.014799398,0.041498680,0.038055962,0.057113592,0.042119457,0.038611827,0.044360481,0.041919384,0.046529818,0.046667654,0.042431083,0.048441599,0.038351092,0.075026038,0.075180536,0.075160652,0.075036646,0.328616786,1.356145e-01,9.845771e-03,1.360913e-04,5.164144e-05,1.921736e-02,1.579440e-03,5.425303e-04,3.696526e-02,1.981862e-03,2.599311e-03,1.614368e-02,1.232164e-04,3.487840e-04,4.023478e-04,6.368216e-04,4.557080e-04,6.226057e-04,3.889754e+00,3.473834,0.570426,1.150982,3.369907,0.000000,0.000000,0.000000,0.000000,0.000000,0.000000,0.000000,1.252126,27.077898,2.414178,43.227444,1.802364,0.000000,-3.257458060e-04
0.872550,0.014752303,0.042364808,0.038512633,0.055781561,0.042915323,0.039122584,0.044719095,0.042848736,0.045416854,0.046715352,0.042979010,0.048395258,0.036994133,0.075258916,0.075327474,0.075303707,0.075279546,0.331099230,2.063980e-01,1.754334e-02,2.968994e-04,3.175976e-05,2.221181e-02,1.003294e-03,2.699013e-04,2.286697e-02,2.290615e-03,2.131031e-03,1.094472e-02,6.380274e-04,7.281912e-04,1.551122e-04,1.400207e-04,6.091484e-04,1.643726e-04,2.551566e+00,0.010413,0.000000,0.000000,0.030771,0.000000,0.000000,0.000000,0.000000,0.000000,0.000000,0.000000,3.836576,11.120299,0.000000,1.022428,10.571612,0.000000,-4.020308347e-04
0.875050,0.015074913,0.043224021,0.038907992,0.054388218,0.043649877,0.039572028,0.045016397,0.043777328,0.044242579,0.046701738,0.043692793,0.048287605,0.036013539,0.075430496,0.075413099,0.075385450,0.075461196,0.333520361,1.887559e-02,1.558255e-02,2.666764e-04,1.837148e-05,1.167514e-02,1.260511e-03,4.604038e-04,1.785628e-02,2.616054e-03,1.585623e-03,1.344107e-02,7.208823e-04,5.825980e-04,5.251401e-04,4.279168e-04,3.949801e-04,5.990359e-04,5.922897e+00,0.000000,0.000000,0.000000,0.000000,0.000000,0.000000,0.003749,0.000000,0.000000,0.000000,0.000000,3.701822,4.933200,0.000000,3.647990,11.165652,0.000000,1.222279140e-04
0.877550,0.015218497,0.044067743,0.039242039,0.052934293,0.044323118,0.039960159,0.045252386,0.044656097,0.043075161,0.046626811,0.044419718,0.048118639,0.035334044,0.075540763,0.075437412,0.075405881,0.075581533,0.335880181,1.607094e-01,3.320028e-02,1.647025e-04,4.815017e-05,1.139237e-02,8.434102e-04,9.436404e-04,1.262621e-02,3.370050e-03,6.343729e-04,1.810461e-02,6.690664e-04,1.584906e-03,1.388312e-04,3.730799e-04,6.550927e-04,2.104850e-04,4.521209e+00,0.000000,0.000000,0.000000,0.000000,0.000000,0.000000,1.604165,0.000000,0.115543,0.000000,0.000000,7.348525,0.000000,0.000000,0.000000,0.091404,0.000000,3.558138637e-04
0.880050,0.014940655,0.044850153,0.039514773,0.051568449,0.044935046,0.040286979,0.045427063,0.045473552,0.041991734,0.046490571,0.045085384,0.047888361,0.036003692,0.075589718,0.075400412,0.075364999,0.075640557,0.338178687,1.194849e-02,3.151212e-02,1.007666e-04,3.608298e-04,1.527021e-02,1.981080e-03,5.779115e-04,1.012387e-02,2.069685e-03,8.665954e-05,1.370082e-02,6.100380e-04,4.235029e-04,3.642897e-04,2.012462e-04,3.797401e-04,4.140225e-04,3.438695e+00,0.000000,0.000000,0.000000,0.000000,0.000000,0.000000,0.588161,0.000000,2.954019,0.000000,0.000000,12.120167,0.000000,0.000000,0.000000,0.000000,0.000000,-9.582665201e-05
0.882550,0.014720728,0.045571251,0.039726981,0.050344407,0.045488965,0.040552485,0.045540428,0.046229696,0.040862278,0.046293019,0.045689738,0.047596770,0.037041569,0.075577360,0.075302100,0.075262804,0.075638270,0.340415881,2.625383e-01,2.600177e-02,3.493568e-04,1.017682e-03,2.055663e-02,2.129842e-03,6.268484e-04,1.378710e-02,2.055386e-03,1.030787e-03,5.566589e-03,4.658993e-04,4.215309e-04,2.293023e-04,5.186479e-04,5.867792e-04,3.100477e-04,5.038693e+00,0.000000,0.000000,0.000000,0.000000,0.087629,0.000000,0.000000,0.000000,0.370883,0.000000,0.000000,0.040921,0.000000,1.495130,0.000000,0.000000,0.000000,-4.540851974e-04
0.885050,0.014930392,0.046231036,0.039942780,0.049067140,0.046018356,0.040756679,0.045592480,0.046924526,0.039671509,0.046034155,0.046232779,0.047243867,0.038041383,0.075503689,0.075142475,0.075100889,0.075574669,0.342591763,1.641406e-02,1.763206e-02,2.838515e-04,1.327319e-03,1.103758e-02,1.898866e-03,6.954217e-04,2.728918e-02,1.338968e-03,2.019011e-03,6.791386e-03,2.391441e-05,8.078926e-04,2.557033e-04,7.642745e-05,4.547608e-04,2.777889e-04,2.634428e+00,0.000000,0.000000,0.497942,0.000000,1.453346,0.000000,0.000000,0.000000,0.262476,0.000000,0.000000,0.913824,0.000000,1.258083,0.000000,0.000000,0.000000,-1.129366246e-04
0.887550,0.015208369,0.046829509,0.040356366,0.047894049,0.046489366,0.040899744,0.045583219,0.047558045,0.038464518,0.045713977,0.046714508,0.046829651,0.039192341,0.075368706,0.074972743,0.074940820,0.075449757,0.344706332,1.466959e-01,1.501444e-02,5.026078e-04,1.977346e-03,9.025137e-03,1.493005e-03,2.817163e-04,3.024914e-02,7.208730e-04,2.296329e-03,1.336541e-02,2.798965e-04,7.567225e-04,2.567360e-04,7.837528e-04,7.537347e-04,4.246054e-04,5.686577e+00,0.000000,4.085632,2.584155,0.000000,3.078349,0.031536,1.799973,0.000000,2.651131,0.000000,0.000000,2.609667,0.000000,0.000000,0.000000,0.000000,0.000000,3.395476675e-04
0.890050,0.015083437,0.047366669,0.040907198,0.046822679,0.046899064,0.041010816,0.045512656,0.048130250,0.037443583,0.045332488,0.047134924,0.046356016,0.040423419,0.075173144,0.074880134,0.074828645,0.075263531,0.346759588,2.364399e-02,1.010052e-02,2.463232e-04,3.555991e-03,1.122225e-02,1.103560e-03,2.009364e-04,3.006062e-02,8.303687e-04,2.397539e-03,1.441364e-02,5.150831e-04,5.850132e-04,2.440361e-04,1.329596e-03,1.360820e-03,1.366734e-04,5.667741e+00,0.081482,2.090087,3.418218,0.000000,0.479988,0.388968,1.218088,0.129824,0.316066,0.008930,0.000000,0.102831,0.000000,0.000000,0.000000,0.000000,0.000000,1.358264230e-04
0.892550,0.014773171,0.047842516,0.041404548,0.045694952,0.047247449,0.041074875,0.045445333,0.048641144,0.036383263,0.044889686,0.047494028,0.045861648,0.041593981,0.074921984,0.074766316,0.074745341,0.075015993,0.348751532,1.724810e-01,1.102150e-02,2.962459e-04,3.507629e-03,2.072045e-02,5.641180e-04,7.022822e-04,1.578334e-02,5.318627e-04,1.526682e-03,9.879942e-03,4.632681e-04,1.648021e-03,4.310105e-04,5.372646e-04,7.191672e-04,4.593086e-04,8.371553e-01,0.335358,2.160694,3.168303,0.000000,0.000000,0.000000,0.009286,0.489573,0.000000,1.462517,0.000000,0.000000,0.000000,0.000000,0.000000,0.000000,0.000000,-3.685127340e-04
0.895050,0.014803456,0.048257051,0.041840586,0.044505913,0.047534522,0.041077622,0.045464912,0.049090724,0.035619984,0.044385571,0.047791819,0.045328762,0.042703230,0.074677213,0.074778517,0.074806912,0.074745090,0.350682164,1.297816e-01,1.124136e-02,1.167699e-04,2.930650e-03,9.924233e-03,1.039872e-03,2.623951e-04,1.212170e-02,2.270736e-03,2.853334e-04,5.788761e-03,6.115647e-04,1.968199e-03,1.357531e-03,4.954327e-04,3.672917e-04,9.669754e-04,5.075315e+00,5.107351,7.444321,6.976320,4.208336,0.000000,0.000000,9.887840,0.007551,0.000000,0.800280,0.000000,0.000000,0.000000,0.000000,0.000000,0.000000,0.000000,-3.190881739e-04
0.897550,0.015115277,0.048610274,0.042215311,0.043255561,0.047760282,0.041019056,0.045469826,0.049478993,0.036152218,0.043820144,0.048028298,0.044734603,0.043751166,0.074645038,0.074905913,0.074933388,0.074667339,0.352551483,4.453572e-02,2.589311e-02,1.654471e-04,9.663957e-04,1.058979e-02,2.022929e-03,6.199068e-04,7.729033e-03,2.053898e-03,3.806624e-04,1.179484e-02,5.900560e-04,2.325566e-03,2.249148e-03,1.082604e-03,6.835585e-04,2.019293e-03,5.876685e+00,8.798241,1.791061,1.009865,8.437632,0.000000,0.000000,12.493295,0.000000,0.000000,0.664645,0.000000,0.000000,0.000000,0.000000,0.000000,0.000000,0.000000,1.877694912e-04
0.900050,0.015178752,0.048902184,0.042528723,0.041946014,0.047924729,0.040899177,0.045497465,0.049805948,0.037482301,0.043193405,0.048203464,0.044079132,0.044737790,0.074805484,0.075012301,0.075055948,0.074766651,0.354359490,1.079681e-01,2.605787e-02,1.028300e-04,4.860704e-04,6.658572e-03,1.871466e-03,4.732682e-04,1.368021e-02,4.711063e-03,1.045212e-03,1.310291e-02,9.228412e-05,1.397439e-03,1.294680e-03,5.083889e-04,4.285257e-04,1.615065e-03,2.544746e+00,5.700702,2.769938,2.537781,5.060628,0.000000,0.000000,3.732023,0.000000,0.168827,0.629241,0.000000,0.000000,0.000000,0.000000,0.000000,0.000000,0.000000,2.913633649e-04
0.902550,0.014892604,0.049132781,0.042780823,0.040661444,0.048027864,0.040717986,0.045503907,0.050071592,0.038950467,0.042505353,0.048317318,0.043365028,0.045663102,0.075053851,0.075168946,0.075166025,0.074966923,0.356106184,3.859717e-02,2.288571e-02,3.936845e-04,5.035742e-04,1.969703e-02,2.199517e-03,4.759831e-04,1.319341e-02,5.646641e-03,1.708957e-03,9.840274e-03,2.095571e-04,8.446857e-04,5.683448e-04,2.277051e-04,4.005913e-04,6.310307e-04,4.851027e+00,2.668760,1.315368,0.055777,4.427496,0.000000,0.000000,0.751359,0.158901,1.429654,0.147279,0.000000,0.000000,0.000000,0.000000,0.000000,0.000000,0.000000,-1.742808263e-04
0.905050,0.014746567,0.049302066,0.042971611,0.039415011,0.048069687,0.040475483,0.045452218,0.050275922,0.040382934,0.041755988,0.048369859,0.042637724,0.046527101,0.075285466,0.075270804,0.075215086,0.075205004,0.357791565,2.160700e-01,1.036122e-02,2.923029e-04,1.310668e-03,1.087430e-02,1.569170e-03,1.123628e-03,2.172672e-02,1.853312e-03,2.530776e-03,5.062953e-03,3.700553e-04,2.857835e-04,2.990475e-04,3.609761e-04,4.592723e-04,4.420177e-04,3.247228e+00,0.274282,0.000000,0.000000,0.782232,0.000000,0.000000,0.000000,0.652488,0.253525,0.000000,0.000000,0.000000,0.000000,0.000000,0.000000,0.000000,0.000000,-4.121415534e-04
0.907550,0.014986076,0.049410039,0.043101086,0.038112327,0.048050197,0.040171858,0.045339217,0.050418941,0.041754235,0.040945311,0.048361088,0.041891792,0.047329788,0.075457419,0.075311349,0.075202835,0.075385297,0.359415634,7.827556e-04,8.274686e-03,3.818060e-04,1.435639e-03,1.070277e-02,1.111068e-03,5.962480e-04,2.272610e-02,2.140579e-03,2.455418e-03,7.825759e-03,5.824690e-04,8.171127e-04,7.935839e-04,1.594522e-04,2.349371e-04,6.393985e-04,3.860565e+00,0.000000,0.000000,0.000000,0.000000,0.000000,0.049534,0.046629,0.101797,0.000000,0.000000,0.000000,0.000000,0.000000,0.000000,0.000000,0.000000,0.000000,-2.218532984e-05
0.910050,0.015200675,0.049456699,0.043169248,0.036820254,0.047969395,0.039910303,0.045164903,0.050500646,0.043184800,0.040090371,0.048291005,0.041086194,0.048071162,0.075568061,0.075290582,0.075129621,0.075504278,0.360978391,1.353784e-01,9.293912e-03,2.300391e-04,2.630851e-03,4.676318e-03,8.442334e-04,4.499041e-04,2.492035e-02,3.713096e-03,1.363931e-03,1.237778e-02,1.054676e-03,1.188617e-03,2.617294e-04,3.624928e-04,3.153904e-04,2.997288e-04,5.928728e+00,0.000000,0.000000,0.138950,0.000000,0.000000,2.289847,2.634101,0.000000,3.526707,0.000000,0.888176,0.000000,0.000000,0.000000,0.000000,0.000000,0.000000,3.267672072e-04
0.912550,0.015024200,0.049442046,0.043176098,0.036215227,0.047827280,0.039794861,0.044929277,0.050521040,0.044766385,0.039402581,0.048159608,0.040226467,0.048751223,0.075617390,0.075208503,0.075022385,0.075561945,0.362479835,2.071667e-03,1.263865e-02,2.087941e-04,3.551221e-03,1.713585e-02,2.106038e-03,5.674701e-04,1.301454e-02,1.287764e-03,2.016035e-03,1.301889e-02,1.307373e-03,2.291473e-03,4.879056e-04,2.680437e-04,3.114256e-04,4.756707e-04,2.099470e+00,0.000000,0.000000,1.046355,0.000000,0.000000,0.840698,0.619252,0.276166,8.037095,0.000000,2.315211,0.000000,0.000000,0.000000,0.000000,0.000000,0.000000,3.957910804e-05
0.915050,0.014761933,0.049366081,0.043121636,0.036118379,0.047623852,0.039638366,0.044632965,0.050480120,0.046297351,0.038742157,0.047966900,0.039374087,0.049369973,0.075605406,0.075065111,0.074870467,0.075558301,0.363919967,1.898278e-01,1.250190e-02,3.126874e-05,4.366070e-03,1.100043e-02,1.219733e-03,3.942501e-04,9.165600e-03,3.024408e-03,2.453961e-03,7.242120e-03,1.026455e-03,1.908982e-03,4.217750e-04,3.064847e-04,2.503975e-04,3.474404e-04,3.560683e+00,0.000000,0.000000,0.438177,0.000000,0.000000,0.000000,0.000000,0.990525,4.102459,0.038652,0.058968,0.000000,0.000000,0.000000,0.000000,0.000000,0.000000,-3.867225278e-04
0.917550,0.014858929,0.049228804,0.043005861,0.036607863,0.047361238,0.039420558,0.044295837,0.050377889,0.047767003,0.038123752,0.047712878,0.038566361,0.049927409,0.075532110,0.074888561,0.074762567,0.075493344,0.365298786,6.690787e-02,1.731834e-02,2.188687e-04,6.516313e-03,1.210815e-02,3.477245e-04,2.440171e-04,3.158104e-03,4.570398e-03,7.661026e-04,6.898534e-03,9.971113e-04,1.517192e-03,4.746043e-04,7.010735e-04,7.849216e-04,3.756279e-04,5.668527e+00,0.000000,3.146722,5.893240,0.000000,0.000000,0.000000,0.000000,0.935590,6.317742,0.455366,2.531235,0.000000,0.000000,1.145594,0.000000,0.000000,0.000000,-2.290582446e-04
0.920050,0.015144682,0.049030214,0.042828774,0.037415492,0.047115847,0.039175829,0.043957474,0.050214344,0.049175344,0.037715440,0.047397545,0.037770553,0.050423533,0.075397917,0.074812716,0.074786291,0.075367096,0.366616292,7.034392e-02,2.118076e-02,2.371284e-04,7.407944e-03,9.007935e-03,1.616082e-03,1.057409e-03,1.410106e-02,6.525158e-04,4.253515e-04,9.062591e-03,6.360290e-04,6.417036e-04,3.860283e-04,1.242551e-03,1.350736e-03,3.752727e-04,3.024855e+00,0.125524,3.997664,4.647889,0.027457,0.000000,1.212585,0.000000,0.370751,2.050866,0.520481,1.355734,0.000000,0.000000,10.656298,0.000000,0.000000,0.000000,2.358151656e-04
0.922550,0.015133255,0.048770311,0.042590374,0.038248565,0.046972476,0.039040935,0.043586539,0.049989488,0.050522371,0.037281609,0.047020898,0.036926563,0.050858345,0.075213684,0.074812424,0.074903300,0.075185656,0.367872486,6.003279e-02,1.884550e-02,3.403827e-04,3.484669e-03,1.292402e-02,6.970379e-04,6.455811e-04,1.343130e-02,3.154905e-03,8.552525e-04,1.135033e-02,4.602837e-04,4.520610e-04,5.425677e-04,1.163664e-03,6.949745e-04,2.951161e-04,4.120993e+00,0.463320,4.249491,3.922125,0.250458,0.000000,1.035412,0.000000,0.001458,0.000000,0.045769,0.000000,0.000000,0.000000,5.145994,0.000000,0.000000,0.000000,2.172850655e-04
0.925050,0.014850986,0.048449096,0.042290661,0.039020325,0.046788688,0.038873357,0.043154795,0.049703318,0.051808087,0.036786466,0.046583430,0.036021266,0.051231844,0.074986257,0.074899196,0.075057185,0.074950806,0.369067368,7.454417e-02,1.024994e-02,3.406300e-04,5.046550e-03,8.896277e-03,5.398810e-04,1.841851e-04,2.065258e-02,3.717859e-03,5.593983e-04,8.054159e-03,5.815201e-05,3.693712e-04,8.490803e-04,4.088288e-04,4.183373e-04,5.567555e-04,3.854047e+00,0.526540,4.433444,1.987841,0.308363,0.000000,0.000000,0.000000,0.000000,0.000000,0.000000,0.000000,0.000000,0.000000,0.005221,0.000000,0.672471,0.000000,-2.421326274e-04
0.927550,0.014776468,0.048066569,0.041929636,0.039733939,0.046543591,0.038644465,0.042661738,0.049355837,0.053032489,0.036274215,0.046196066,0.035060323,0.051544031,0.074755968,0.075031607,0.075182739,0.074707615,0.370200937,1.676102e-01,4.276809e-03,3.135124e-04,5.941102e-03,1.225723e-02,2.095022e-03,7.533807e-04,1.557095e-02,2.059412e-03,7.254578e-04,5.316798e-03,3.867627e-04,1.652473e-03,1.384051e-03,2.386158e-04,2.252749e-04,1.178504e-03,2.333713e+00,4.499563,1.380463,0.021975,4.578282,0.000000,0.000000,0.000000,0.843316,0.205875,0.000000,3.030478,0.000000,0.000000,0.000000,0.000000,13.743799,0.000000,-3.630126083e-04
0.930050,0.015028610,0.047622729,0.041528140,0.040464849,0.046237181,0.038357290,0.042107369,0.048947042,0.054195579,0.036611032,0.045890728,0.034892163,0.051794905,0.074717012,0.075118623,0.075247028,0.074665609,0.371273194,2.914802e-03,6.178580e-03,3.679032e-04,5.292206e-03,6.066234e-03,1.353535e-03,6.394981e-04,1.905068e-02,1.302356e-03,1.875915e-03,3.744284e-03,4.121803e-04,1.819897e-03,2.072171e-03,2.957010e-04,4.591790e-04,2.086878e-03,5.875838e+00,8.220003,0.177490,0.000000,8.126334,1.018017,0.287372,0.000000,14.696934,1.280321,0.000000,10.384381,0.000000,0.000000,0.000000,0.000000,2.254808,0.000000,4.724867657e-05
0.932550,0.015178677,0.047117577,0.041336610,0.041248110,0.045873054,0.038247382,0.041491687,0.048476936,0.055297357,0.037375718,0.045529317,0.035844393,0.051984466,0.074845845,0.075163628,0.075250004,0.074789249,0.372284138,1.071413e-01,1.249802e-02,5.845500e-04,7.335299e-03,1.238538e-02,1.456130e-03,1.140164e-04,1.073104e-02,5.151122e-03,3.793958e-03,7.553240e-03,7.197663e-04,2.071880e-03,1.729729e-03,2.514065e-04,2.557365e-04,1.495692e-03,4.268383e+00,4.777464,0.670852,0.000000,5.429248,2.614677,4.459358,0.000000,7.054383,0.523171,0.000000,0.536919,0.000000,0.000000,1.514677,0.000000,0.000000,0.000000,2.910587272e-04
0.935050,0.014976444,0.046551112,0.041170053,0.041983929,0.045493279,0.038455008,0.040814693,0.047945516,0.056337822,0.038092546,0.045106594,0.037120381,0.052112715,0.075036475,0.075156685,0.075192319,0.075019682,0.373233769,1.862968e-03,1.481747e-02,1.021987e-03,7.822707e-03,9.809869e-03,2.002593e-03,9.223457e-04,9.837736e-03,1.236117e-03,4.890090e-03,1.301457e-02,6.984310e-04,1.364552e-03,1.259604e-03,2.726477e-04,2.308329e-04,7.369794e-04,1.301364e+00,2.635795,0.000000,0.080486,3.799397,0.000000,1.782287,0.000000,0.947359,0.000000,0.000000,0.041858,0.000000,0.000000,2.100506,0.000000,0.000000,0.000000,-3.798524562e-05
0.937550,0.014771338,0.045923712,0.040942184,0.042658436,0.045059418,0.038660973,0.040076387,0.047352785,0.057316975,0.038748511,0.044622559,0.038360812,0.052179652,0.075225584,0.075088429,0.075075889,0.075254053,0.374122088,1.751186e-01,1.375964e-02,9.350351e-04,2.975847e-03,1.368667e-02,9.566720e-04,7.689016e-04,2.235003e-03,2.223761e-03,4.428062e-03,7.490431e-03,6.251532e-04,7.687655e-04,3.584870e-04,3.636725e-04,4.005852e-04,2.865536e-04,4.871330e+00,0.589556,0.000000,0.031602,0.259469,0.000000,0.000000,0.000000,0.000000,0.000000,0.000000,0.000000,0.000000,0.174963,0.000000,0.000000,0.000000,0.000000,-3.715394347e-04
0.940050,0.014909651,0.045259531,0.040660221,0.043271630,0.044564255,0.038805627,0.039276767,0.046764880,0.058234815,0.039343163,0.044077210,0.039539931,0.052185276,0.075358731,0.074962361,0.074910786,0.075428221,0.374949095,2.738337e-02,1.722689e-02,9.686734e-04,5.746538e-03,9.070764e-03,4.889698e-04,2.380367e-04,1.005338e-02,3.475333e-03,2.257455e-03,5.952126e-03,4.654787e-04,4.067971e-05,9.442726e-04,2.076214e-04,4.013483e-04,6.426428e-04,4.653895e+00,0.000000,0.477285,1.394100,0.000000,0.392268,0.004372,0.000000,0.000000,0.000000,0.000000,0.000000,0.000000,10.018741,0.056235,10.812928,0.000000,0.000000,-1.460946910e-04
0.942550,0.015146461,0.044843401,0.040433688,0.043823512,0.044063833,0.038996180,0.038415836,0.046285269,0.059091343,0.039876503,0.043470550,0.040657738,0.052129588,0.075430565,0.074851942,0.074808426,0.075541077,0.375714789,7.200938e-02,2.267095e-02,1.060668e-03,6.449922e-03,8.104097e-03,1.424692e-03,6.924496e-04,1.631664e-02,3.175823e-03,1.156023e-03,6.805890e-03,1.720746e-04,8.461854e-04,7.743639e-04,7.085999e-04,1.038774e-03,4.400283e-04,2.723529e+00,0.000000,4.045567,5.221600,0.000000,1.543043,2.731168,0.000000,0.000000,0.000000,0.000000,0.000000,0.000000,14.649485,8.298165,9.625997,0.000000,0.000000,2.388144504e-04
0.945050,0.015081822,0.044419861,0.040241056,0.044314081,0.043596792,0.039422106,0.037493592,0.045909925,0.059886558,0.040348563,0.042802577,0.041754732,0.052012587,0.075441088,0.074820763,0.074828611,0.075592620,0.376419171,2.273941e-02,1.928599e-02,7.426990e-04,4.057943e-03,1.202429e-02,4.195230e-04,7.222893e-04,1.533800e-02,2.323076e-04,5.117470e-04,1.257923e-02,3.447754e-04,1.198589e-03,4.050453e-04,1.093599e-03,1.469401e-03,2.608636e-04,4.235140e+00,0.000000,4.032531,4.495251,0.000000,0.196868,1.575826,0.000000,0.919352,0.000000,0.000000,0.018134,0.000000,0.000000,1.485006,7.416701,0.000000,0.000000,1.335445436e-04
0.947550,0.014833326,0.043935009,0.039990039,0.044743338,0.043072584,0.039831922,0.036510035,0.045507188,0.060620461,0.040878515,0.042090973,0.042850273,0.051834273,0.075392244,0.074856225,0.074882502,0.075582851,0.377062240,9.323975e-02,1.088464e-02,8.934210e-04,6.846675e-03,1.086575e-02,1.818470e-03,2.849339e-05,1.585426e-02,4.618110e-03,2.220878e-03,8.229528e-03,8.322386e-05,2.024072e-03,6.618768e-04,4.257228e-04,5.076311e-04,4.408976e-04,2.545113e+00,0.118645,2.752340,2.337835,0.000000,0.000000,0.000000,0.000000,0.047265,0.000000,0.000000,2.882971,0.000000,0.000000,1.030704,0.000000,5.738656,0.000000,-2.706863066e-04
0.950050,0.014819389,0.043388843,0.039677709,0.045111282,0.042671987,0.040180424,0.035467143,0.045043137,0.061293051,0.041585369,0.041476470,0.043887058,0.051595234,0.075286735,0.074941387,0.075000746,0.075511769,0.377643996,1.093572e-01,5.828869e-03,3.613275e-04,8.195409e-03,7.657244e-03,1.760228e-03,7.680646e-04,1.696375e-02,2.278101e-03,3.651579e-03,2.194170e-03,3.597127e-04,1.918257e-03,9.484970e-04,2.960621e-04,3.511447e-04,5.388303e-04,4.505596e+00,0.168305,3.829361,3.524946,0.000000,0.000000,0.000000,0.000000,0.043860,0.000000,0.234779,0.635784,0.099546,0.000000,21.894990,0.000000,7.161886,0.000000,-2.934314209e-04
0.952550,0.015059753,0.042798538,0.039304067,0.045417914,0.042442187,0.040467615,0.034824601,0.044524392,0.061904329,0.042241885,0.040861299,0.044885539,0.051398594,0.075142636,0.075053935,0.075115449,0.075379376,0.378164440,1.232269e-02,1.357410e-02,1.464588e-04,4.105062e-03,7.113590e-03,5.354630e-04,3.968132e-04,1.789557e-02,1.587586e-03,2.760102e-03,1.524346e-02,1.798929e-04,1.067305e-03,5.427026e-04,3.453462e-04,5.173884e-04,2.551661e-04,5.216689e+00,1.699532,0.922840,0.450741,0.002542,0.000000,0.000000,0.000000,0.458761,0.000000,11.004719,0.000000,1.920676,3.005725,10.621413,2.897439,14.755434,0.000000,9.872291011e-05
0.955050,0.015133298,0.042239484,0.038871575,0.045663233,0.042386737,0.040698775,0.035541518,0.044025517,0.062454294,0.042837088,0.040858910,0.045853676,0.051270915,0.075018313,0.075127616,0.075186261,0.075194602,0.378623572,5.968956e-02,1.194151e-02,5.593232e-04,5.034924e-03,1.852097e-02,1.496163e-03,1.310785e-03,1.212507e-02,2.736635e-03,1.118786e-03,1.783008e-02,3.274740e-04,9.537306e-05,1.467531e-03,2.001615e-04,2.089860e-04,5.886925e-04,9.601663e-01,2.168415,0.923254,0.626586,0.632641,0.278444,0.315518,0.000000,0.041149,0.000000,11.968237,0.000000,0.266125,6.249125,13.676123,3.403350,46.769228,0.000000,2.172435865e-04
0.957550,0.014926807,0.041653988,0.038582875,0.045847240,0.042358178,0.040979731,0.036768431,0.043475979,0.062942947,0.043370978,0.041067204,0.046760940,0.051085513,0.074889694,0.075163430,0.075209218,0.074980803,0.379021391,1.798546e-02,1.105295e-02,1.291223e-03,6.549709e-03,9.390987e-03,1.222266e-03,7.450541e-04,6.638113e-03,4.141146e-03,2.523276e-03,6.510314e-03,1.150990e-04,8.499448e-04,1.841783e-03,3.032638e-04,4.563126e-04,9.103466e-04,3.848272e+00,1.504564,0.165866,0.081195,1.226928,3.709921,1.802302,0.000000,0.000000,0.000000,0.411560,0.000000,0.000000,0.000000,0.288134,0.000000,3.575634,0.000000,-1.186935245e-04
0.960050,0.014798376,0.041020870,0.038536993,0.045969934,0.042291320,0.041406656,0.037938655,0.042865129,0.063370287,0.043843556,0.041295601,0.047606891,0.050847296,0.074795014,0.075138814,0.075171241,0.074778443,0.379357898,1.362143e-01,1.225332e-02,6.384060e-04,2.975050e-03,1.351593e-02,2.770074e-04,6.229966e-04,9.542700e-03,2.123128e-04,1.831761e-03,1.930618e-02,2.462700e-04,2.116970e-03,1.449431e-03,1.542187e-04,2.939308e-04,1.337504e-03,5.372241e+00,5.140847,0.000000,0.000000,4.091096,1.181011,2.038496,0.000000,0.000000,0.000000,0.000000,0.000000,0.468487,6.753345,7.662284,0.000000,10.458181,0.000000,-3.272221620e-04
0.962550,0.014944405,0.040840123,0.038456577,0.046031316,0.042520718,0.041925374,0.039047567,0.042197305,0.063736315,0.044254822,0.041754433,0.048391529,0.050693434,0.074867510,0.075053517,0.075071951,0.074739680,0.379633092,1.042622e-02,1.831573e-02,2.532861e-04,5.771544e-03,1.717605e-02,4.871992e-04,1.090671e-03,1.492412e-02,3.294602e-03,1.402958e-03,1.471623e-02,1.194438e-04,2.773835e-03,1.814890e-03,1.915165e-04,2.573943e-04,1.923624e-03,2.309562e+00,6.330779,0.201284,0.000000,7.500323,0.000000,0.539168,0.000000,0.000000,0.000000,0.000000,0.000000,2.136833,50.185528,26.130341,3.252503,17.959593,0.000000,-8.990177809e-05
0.965050,0.015114253,0.041245390,0.038314849,0.046031385,0.042838300,0.042395115,0.040095166,0.041733716,0.064041030,0.044604775,0.042258847,0.049114855,0.050649307,0.075047872,0.074945975,0.074942630,0.074863475,0.379846973,4.468709e-02,2.411511e-02,1.105844e-03,7.825418e-03,1.778527e-02,5.346550e-04,2.704196e-04,1.659773e-02,3.298524e-03,3.198868e-03,2.091709e-02,2.355876e-04,2.561008e-03,6.505889e-04,4.397047e-04,6.191134e-04,1.458023e-03,4.150936e+00,3.600277,2.198778,3.357318,5.225891,0.000000,0.000000,0.000000,0.000000,0.000000,0.000000,0.000000,0.668104,38.013754,0.367764,25.456673,0.007417,0.000000,1.864396876e-04
0.967550,0.015028693,0.041928912,0.038111809,0.045970142,0.043131242,0.042803543,0.041081452,0.041657856,0.064292739,0.044893416,0.042701968,0.049776869,0.050559637,0.075257578,0.074882736,0.074881332,0.075058833,0.379999542,2.783927e-03,1.128302e-02,1.744068e-03,5.128311e-03,1.819347e-02,5.133986e-04,3.455071e-04,2.225842e-02,1.608312e-03,3.265170e-03,1.376199e-02,2.060079e-04,7.707681e-04,8.590866e-04,4.329230e-04,7.404342e-04,9.073155e-04,3.092425e+00,1.329638,2.963614,2.334074,2.373734,0.000000,0.000000,0.494886,0.000000,0.000000,0.000000,0.000000,0.000000,2.190200,6.796134,31.497323,0.000000,0.000000,4.705840381e-05
0.970050,0.014844272,0.042554711,0.037847502,0.045847586,0.043462593,0.043150659,0.042006426,0.041774231,0.064638133,0.045120744,0.043083776,0.050377570,0.050408654,0.075421024,0.074830150,0.074811717,0.075246928,0.380090799,8.246416e-02,2.041182e-02,1.130235e-03,4.815108e-03,1.772640e-02,2.946905e-04,1.063072e-03,2.713490e-02,1.127157e-03,1.479689e-03,2.042330e-02,2.268385e-04,5.880189e-04,6.962197e-04,5.218436e-04,5.301181e-04,3.609469e-04,2.665631e+00,0.001252,1.868837,1.574715,0.759184,0.017595,0.000000,2.125486,0.000000,0.000000,0.000000,0.000000,0.000000,0.000000,1.909408,6.537444,0.000000,0.000000,-2.529330944e-04
0.972550,0.014877237,0.043119197,0.037602775,0.045663718,0.043787599,0.043436462,0.042870088,0.041919791,0.065055754,0.045286759,0.043404272,0.050916958,0.050196358,0.075523159,0.074827028,0.074822580,0.075381406,0.380120743,5.041335e-02,2.771122e-02,1.293430e-03,7.174898e-03,1.367623e-02,6.176628e-04,6.060116e-04,1.035720e-02,3.620075e-03,2.719595e-03,1.495750e-02,1.913697e-04,5.971713e-04,6.065711e-04,4.044444e-04,5.305662e-04,5.375528e-04,5.357850e+00,0.000000,5.112949,6.188388,0.000000,2.366068,0.000000,0.263290,0.000000,0.000000,0.000000,0.000000,0.000000,0.000000,11.440138,1.483128,0.000000,0.000000,-1.989886720e-04
0.975050,0.015068528,0.043622371,0.037687527,0.045418537,0.044215651,0.043660953,0.043672437,0.042044908,0.065415601,0.045415947,0.043663456,0.051395034,0.049922750,0.075563982,0.074909371,0.074935666,0.075454572,0.380089374,1.631288e-02,2.515620e-02,2.465794e-04,2.531828e-03,8.944791e-03,3.051594e-04,7.245680e-04,2.336216e-02,1.717710e-03,1.736049e-03,1.825849e-02,1.637644e-04,2.249999e-03,6.198832e-04,5.628834e-04,8.165773e-04,5.935181e-04,2.755027e+00,0.000000,2.014566,2.183788,0.000000,3.756733,0.000000,0.000000,0.000000,0.000000,0.000000,0.859847,0.000000,0.000000,2.832838,9.938456,0.000000,0.000000,1.119158086e-04
0.977550,0.015091207,0.044064232,0.037931475,0.045112044,0.044589692,0.043824131,0.044413473,0.042382791,0.065714136,0.045605772,0.043861327,0.051812811,0.049587830,0.075543492,0.074974545,0.075020387,0.075466426,0.379996694,2.820898e-02,1.262428e-02,7.177270e-04,4.579013e-03,1.353907e-02,2.987023e-04,1.095429e-03,2.026479e-02,3.241758e-03,1.399851e-03,8.814795e-03,1.791676e-04,2.635690e-03,6.937919e-04,4.270185e-04,4.209311e-04,3.200930e-04,2.161303e+00,0.000000,1.828335,1.328392,0.000000,1.203488,0.000000,0.000000,0.094745,0.000000,0.000000,0.744744,0.000000,0.000000,0.000000,13.599128,0.000000,0.000000,1.487721490e-04
0.980050,0.014912915,0.044444780,0.038240666,0.044744238,0.044902420,0.043925997,0.045093197,0.042715263,0.065951357,0.045754995,0.043997886,0.052212917,0.049191597,0.075461689,0.075048761,0.075114807,0.075416967,0.379842700,2.581942e-02,1.647680e-02,2.247351e-03,6.777698e-03,1.280969e-02,4.878799e-04,4.922668e-04,3.783521e-02,2.559272e-03,2.778909e-03,1.492921e-02,9.642380e-05,3.348562e-03,1.515929e-04,1.696541e-04,3.300494e-04,3.715034e-04,4.813076e+00,0.000000,1.377009,1.160899,0.000000,0.732044,0.000000,0.000000,0.657649,0.000000,0.000000,0.000000,0.000000,0.000000,0.000000,0.000000,0.000000,0.000000,-1.412145734e-04
0.982550,0.014839700,0.044764016,0.038510993,0.044315120,0.045153836,0.043966550,0.045711609,0.042986423,0.066127267,0.045842906,0.044073132,0.052602865,0.048734051,0.075318587,0.075088353,0.075154449,0.075306196,0.379627394,8.679555e-02,2.472565e-02,2.105190e-03,5.566097e-03,1.376727e-02,4.608983e-04,2.568588e-04,1.768950e-02,1.952071e-03,2.851686e-03,1.369919e-02,2.490955e-04,1.974867e-03,7.744585e-04,3.159782e-04,3.682296e-04,7.856763e-04,3.375870e+00,0.020659,0.252575,0.000059,0.000000,0.000000,0.000000,0.000000,0.227552,0.000000,0.000000,0.000000,0.000000,0.000000,0.000000,0.000000,0.000000,0.000000,-2.606566698e-04
0.985050,0.014993447,0.045021940,0.038720007,0.043824689,0.045344933,0.043946535,0.046268708,0.043196271,0.066241863,0.045869836,0.044087065,0.052937769,0.048215193,0.075142311,0.075074393,0.075133183,0.075150466,0.379350776,3.477415e-04,2.592632e-02,1.290394e-03,4.508096e-03,6.543478e-03,3.555823e-04,7.822139e-04,2.202336e-02,6.913930e-04,7.352621e-04,1.931075e-02,1.633226e-04,1.134886e-03,8.862474e-04,2.917051e-04,3.132474e-04,3.961353e-04,3.132648e+00,2.239439,0.538230,0.095834,1.424952,0.000000,0.089919,0.000000,0.000000,0.000000,0.000000,0.041984,0.000000,0.000000,0.798754,0.000000,0.000000,0.000000,-1.021107788e-05
0.987550,0.015110363,0.045221302,0.038871808,0.043276533,0.045513904,0.043931213,0.046764494,0.043344807,0.066295148,0.045862262,0.044039687,0.053211360,0.047635023,0.075009289,0.075042298,0.075078285,0.075011457,0.379012845,4.157108e-02,1.830860e-02,2.061975e-03,7.995766e-03,1.325854e-02,5.550085e-04,5.793582e-04,1.594159e-02,2.499729e-03,3.507618e-03,1.278694e-02,1.265632e-04,1.551009e-04,1.084582e-03,1.715781e-04,3.178384e-04,1.153571e-03,3.481206e+00,2.669305,1.606425,1.425558,2.477958,0.238195,1.247121,0.000000,0.000000,0.315653,0.000000,0.406402,0.000000,2.132982,2.256293,0.020458,0.000000,0.000000,1.801584877e-04
0.990050,0.014990034,0.045511012,0.039012830,0.042782296,0.045633036,0.043960101,0.047198968,0.043510185,0.066287119,0.045812992,0.043930995,0.053423933,0.046993540,0.074879548,0.074986813,0.074997203,0.074888635,0.378613601,4.329896e-04,1.546095e-02,9.654813e-04,1.769372e-03,1.121287e-02,8.829898e-04,4.984728e-04,2.776270e-02,1.805949e-03,1.734096e-03,1.396726e-02,1.474962e-04,1.076047e-03,2.259900e-03,5.095643e-04,4.393433e-04,1.913205e-03,2.061272e+00,1.716347,0.530480,0.388506,2.207631,0.401833,0.392624,0.000000,0.031656,1.292250,0.000000,0.000497,0.000000,13.581992,1.970302,11.212883,0.000000,0.000000,-1.573973967e-05
0.992550,0.014838284,0.045839508,0.039104576,0.042282339,0.045788617,0.043935578,0.047572130,0.043727878,0.066217779,0.045702411,0.043760991,0.053593472,0.046290744,0.074794955,0.074880992,0.074863549,0.074811280,0.378153046,8.795133e-02,1.583579e-02,1.743756e-04,5.393615e-03,1.281963e-02,3.986318e-04,1.127745e-03,1.731469e-02,2.275914e-03,1.373348e-03,1.330842e-02,2.274967e-04,1.635394e-03,1.655993e-03,3.593207e-04,5.060743e-04,1.274056e-03,4.778535e+00,5.279955,0.648653,0.748940,4.611653,0.000000,0.000000,0.000000,0.229425,0.528919,0.000000,0.000000,0.000000,0.633244,7.451717,1.149719,0.000000,0.000000,-2.625576799e-04
0.995050,0.014914857,0.046107951,0.039135010,0.041928275,0.045928425,0.043849742,0.047883979,0.043885961,0.066087125,0.045530518,0.043529675,0.053710322,0.045526636,0.074855980,0.074812415,0.074772517,0.074875325,0.377631177,2.426756e-02,1.797684e-02,1.564299e-03,3.032380e-03,1.151352e-02,7.877417e-04,7.073635e-04,1.212748e-02,3.257965e-03,2.272469e-03,1.589837e-02,5.467005e-05,3.171012e-03,1.583877e-03,4.551203e-04,5.377679e-04,1.508789e-03,4.424516e+00,5.224471,4.594289,5.670210,6.065142,0.000000,0.000000,0.000000,0.000000,2.861589,0.000000,0.000000,0.000000,0.529660,0.000000,0.000000,0.000000,0.000000,-1.380359982e-04
0.997550,0.015086471,0.046407281,0.039152947,0.041663312,0.046006920,0.043702593,0.048134516,0.043982731,0.065895160,0.045297312,0.043237046,0.053771274,0.044701216,0.075010791,0.074820468,0.074804255,0.075051110,0.377047996,2.544959e-02,1.273067e-02,2.242633e-03,4.561831e-03,8.770558e-03,1.461054e-03,2.567540e-04,1.755125e-02,2.598836e-03,2.887849e-03,1.148539e-02,2.511156e-04,2.862232e-03,1.001058e-03,9.376746e-04,1.211782e-03,7.749675e-04,8.814539e-01,4.100499,3.193696,3.371468,4.009311,1.661179,0.000000,0.000000,0.235286,0.117915,0.000000,0.000000,0.000000,8.003103,0.000000,0.000000,0.000000,0.000000,1.410070982e-04
1.000050,0.015061846,0.046686094,0.039377621,0.041337957,0.046029877,0.043494132,0.048323740,0.044018189,0.065641881,0.045002793,0.042901512,0.053838579,0.043814483,0.075229343,0.074895917,0.074893358,0.075273393,0.376403503,1.305459e-02,9.629568e-03,1.271561e-03,2.831117e-03,9.557289e-03,9.292771e-04,7.055581e-04,2.412358e-02,1.356126e-03,6.689998e-04,8.557435e-03,3.462717e-04,2.249390e-03,2.746182e-04,3.026824e-04,4.766702e-04,3.929454e-04,3.705927e+00,2.484827,4.443354,4.453530,1.808502,2.276071,0.000000,0.000000,0.889118,0.000000,0.000000,0.000000,0.000000,0.000000,3.224255,0.000000,2.429157,0.000000,1.013133096e-04
1.002550,0.014885766,0.046903596,0.039637574,0.040951289,0.046109179,0.043224359,0.048451651,0.043992334,0.065327291,0.044646962,0.042524213,0.053896179,0.042866437,0.075422886,0.075026304,0.075042431,0.075457262,0.375697697,4.408828e-02,9.040940e-03,2.321075e-03,7.093075e-03,8.426527e-03,5.077609e-04,4.751808e-04,2.151329e-02,1.643598e-03,3.348426e-03,1.162777e-02,2.934953e-04,7.461439e-04,7.950109e-04,2.562557e-04,2.773754e-04,6.542501e-04,4.720867e+00,0.096967,1.771107,1.828454,0.007214,0.033835,0.000000,0.000000,0.085493,0.000000,0.000000,0.000000,0.000000,0.000000,6.059765,0.000000,0.000000,0.000000,-1.855152027e-04
1.005050,0.014859734,0.047059785,0.039836412,0.040503309,0.046148800,0.042910016,0.048518250,0.043923790,0.064951387,0.044229819,0.042085603,0.053893821,0.041857079,0.075555475,0.075124453,0.075160611,0.075579830,0.374930578,6.608689e-02,2.179509e-02,1.364294e-03,2.542477e-04,7.208271e-03,9.016227e-04,2.772769e-04,1.271325e-02,1.983248e-03,2.026320e-03,1.579806e-02,1.676439e-04,5.946132e-04,6.779957e-04,1.576052e-04,3.696003e-04,3.306536e-04,2.112809e+00,0.000000,0.218374,0.239515,0.000000,0.000000,0.598365,0.000000,0.004805,0.000000,0.000000,0.000000,0.000000,0.000000,0.000000,3.768730,0.000000,0.000000,-2.278728692e-04
1.007550,0.015025037,0.047154661,0.039973939,0.039994016,0.046127107,0.042652777,0.048523537,0.043891446,0.064514172,0.043751363,0.041585679,0.053844400,0.040786409,0.075626751,0.075162767,0.075220006,0.075641085,0.374102147,2.398246e-03,1.821317e-02,4.572369e-04,6.627185e-03,5.551265e-03,3.792689e-04,1.019441e-03,2.236880e-02,1.017721e-03,1.385451e-03,1.727661e-02,4.310351e-04,5.128073e-04,4.012427e-04,1.152668e-04,2.517673e-04,3.962755e-04,3.799437e+00,0.000000,0.000000,0.050790,0.000000,0.000000,1.590918,0.000000,0.332107,0.000000,0.000000,0.000000,0.000000,0.000000,0.000000,9.042675,0.000000,0.000000,4.132651785e-05
1.010050,0.015098230,0.047188225,0.040050152,0.039423428,0.046049678,0.042507824,0.048467511,0.043987501,0.064015643,0.043211595,0.041030040,0.053774433,0.039654426,0.075636715,0.075139768,0.075220437,0.075641028,0.373212404,3.251720e-02,1.405197e-02,1.699330e-03,3.101349e-03,8.866155e-03,2.025762e-04,8.506865e-04,1.658173e-02,2.971179e-03,1.889719e-03,1.009059e-02,2.751741e-04,2.116140e-03,6.899746e-04,2.523300e-04,2.900003e-04,4.853533e-04,2.521982e+00,0.000000,0.000000,0.023468,0.000000,0.000000,1.331450,0.000000,0.268138,0.015539,0.000000,0.000000,0.000000,0.000000,1.419217,12.634163,0.662924,0.000000,1.601233034e-04
1.012550,0.014956316,0.047160476,0.040074287,0.039046732,0.045946363,0.042365598,0.048350172,0.044121434,0.063455803,0.042610514,0.040427866,0.053651153,0.038461381,0.075585367,0.075058535,0.075159616,0.075579658,0.372261348,6.507554e-03,8.565686e-03,2.780875e-03,4.924909e-03,8.329657e-03,5.934676e-04,4.027451e-04,2.270780e-02,2.826444e-03,2.956750e-03,1.128240e-02,1.652924e-04,2.795153e-03,1.921906e-04,1.518248e-04,3.347158e-04,6.222701e-05,3.143384e+00,0.000000,0.371934,0.000000,0.000000,0.295335,0.283718,0.000000,0.000000,5.994540,0.000000,0.000000,0.061995,0.000000,1.581028,0.514337,5.266263,0.000000,-7.052428364e-05
1.015050,0.014837775,0.047071415,0.040067945,0.039082875,0.045787612,0.042241753,0.048193466,0.044194640,0.062834649,0.041948121,0.040135590,0.053466559,0.037347624,0.075472705,0.074947904,0.075038239,0.075456975,0.371248980,8.826867e-02,1.394455e-02,1.199939e-03,3.053774e-03,8.823245e-03,4.773307e-04,6.888995e-04,5.508525e-03,2.428768e-03,4.197917e-04,5.262781e-03,3.091340e-04,3.003544e-03,2.726245e-04,3.327597e-04,2.467210e-04,5.104061e-04,5.111645e+00,0.000000,1.574141,0.179088,0.000000,0.108129,1.173238,0.000000,0.000000,1.194600,0.632315,0.000000,3.017509,0.000000,0.000000,0.000000,32.174759,0.000000,-2.634744616e-04
1.017550,0.014941300,0.046921041,0.040002249,0.039078819,0.045583387,0.042176947,0.048057272,0.044206534,0.062152184,0.041224415,0.040194201,0.053226552,0.036503365,0.075309805,0.074867098,0.074902817,0.075276218,0.370175299,1.176284e-02,1.558521e-02,2.422261e-03,9.081785e-03,7.897803e-03,2.025277e-04,2.096908e-04,2.177981e-02,1.402582e-03,3.072143e-03,1.609019e-02,2.183692e-04,8.713443e-04,7.666672e-04,6.711378e-04,5.717435e-04,4.973659e-04,1.201841e+00,1.098434,3.581843,3.001002,0.511491,0.000000,0.857416,0.000000,0.298354,0.000000,0.506349,0.000000,2.691681,0.000000,4.754457,0.000000,40.286062,0.000000,-9.466145499e-05
1.020050,0.015084545,0.046709355,0.039875240,0.039013451,0.045454028,0.042088754,0.047874607,0.044157115,0.061408405,0.040439396,0.040806705,0.053019213,0.035771085,0.075153983,0.074853985,0.074828986,0.075084494,0.369040305,2.430361e-02,1.267675e-02,1.998796e-03,7.610223e-03,1.066634e-02,5.308391e-04,4.213627e-04,1.161714e-02,2.542374e-03,2.202491e-03,7.639542e-03,1.521645e-04,1.325452e-03,8.231527e-04,6.886477e-04,9.331652e-04,5.422239e-04,2.710029e+00,2.361555,3.782457,3.653975,2.203563,0.000000,0.031184,0.000000,1.292502,0.000000,0.000000,0.000000,1.607478,0.000000,8.487241,0.000000,15.185632,0.000000,1.379536398e-04
1.022550,0.015032992,0.046436357,0.039686919,0.038886771,0.045319594,0.041939553,0.047673419,0.044046384,0.060603315,0.039647226,0.041401026,0.052826946,0.035711230,0.075011852,0.074920674,0.074839799,0.074906719,0.367843999,3.807704e-03,8.273383e-03,6.556430e-04,8.262704e-03,1.101158e-02,8.746825e-04,1.223233e-03,2.508395e-02,3.670535e-04,1.674587e-03,1.060379e-02,4.410396e-05,5.092277e-03,1.642981e-03,6.790014e-04,7.950802e-04,1.603101e-03,4.826184e+00,2.036921,3.605340,4.544831,1.983728,0.000000,0.000000,0.000000,0.116141,0.000000,1.284801,1.675877,12.397736,0.000000,0.090801,0.000000,0.000000,0.000000,5.418203822e-05
1.025050,0.014877403,0.046102046,0.039437285,0.038698778,0.045123914,0.041729039,0.047584020,0.043874340,0.059736911,0.039031740,0.041934034,0.052574915,0.036489577,0.074890637,0.074998024,0.074911006,0.074758148,0.366586381,5.055326e-02,1.255640e-02,8.002436e-04,2.976573e-03,5.758750e-03,1.084673e-03,8.209688e-04,4.657582e-03,2.063052e-03,3.414536e-04,8.549643e-03,1.930654e-04,2.142303e-03,2.059980e-03,2.538222e-04,4.711129e-04,1.728207e-03,2.378885e+00,3.252376,0.980825,2.314576,4.197292,0.000000,0.000000,0.000000,0.000000,0.000000,1.227396,1.684722,2.632468,0.000000,0.000000,0.000000,0.000000,0.000000,-1.990499024e-04
1.027550,0.014884232,0.045733660,0.039126339,0.038449473,0.044866925,0.041457212,0.047479994,0.043640984,0.058822624,0.038413799,0.042412167,0.052261571,0.037262664,0.074863042,0.075045098,0.074992924,0.074763417,0.365267450,4.495706e-02,1.724143e-02,2.515426e-03,3.533542e-03,6.056033e-03,7.342839e-04,6.525601e-04,2.126704e-02,2.435958e-03,2.506124e-03,1.180373e-02,9.917289e-05,4.302821e-03,1.424906e-03,1.523214e-04,1.772817e-04,1.414230e-03,3.425972e+00,5.154191,1.091184,1.554394,6.981340,0.000000,0.000000,0.623140,0.000000,0.000000,0.008989,0.081309,0.000000,11.364416,0.012212,0.000000,2.312341,0.000000,-1.875049525e-04
1.030050,0.015033698,0.045650123,0.038754080,0.038138855,0.044555874,0.041124073,0.047314702,0.043348791,0.058009810,0.037785943,0.042911905,0.051886915,0.037974438,0.074941587,0.075067784,0.075044304,0.074909736,0.363887207,3.827577e-03,1.029323e-02,1.211602e-03,8.115337e-04,9.048089e-03,6.436391e-04,6.910383e-04,1.056915e-02,2.695893e-03,2.031753e-03,1.110013e-02,1.564420e-04,1.348810e-03,1.396408e-03,3.975688e-04,4.665910e-04,1.212789e-03,2.914003e+00,4.389505,0.893903,0.743441,4.711231,0.000000,0.000000,2.122230,0.000000,0.000000,0.000000,1.161646,0.000000,16.201958,0.835035,1.084444,5.809983,0.000000,5.524510345e-05
1.032550,0.015074334,0.045562599,0.038320509,0.037977427,0.044193301,0.040729622,0.047088105,0.043039422,0.057268927,0.037275661,0.043389641,0.051450946,0.038629716,0.075102925,0.075053434,0.075065457,0.075128065,0.362445651,1.883372e-02,1.058895e-02,2.008923e-03,4.765730e-03,1.034138e-02,1.961530e-04,1.073273e-04,3.191161e-02,3.890915e-04,2.408514e-03,7.126464e-03,7.221724e-05,4.802935e-03,7.077134e-04,7.472194e-05,2.866045e-04,4.625675e-04,1.916390e+00,3.823379,0.360041,0.821528,2.993120,0.000000,0.000000,0.258738,0.000000,5.649363,0.005865,1.690250,0.293350,0.000000,1.628287,5.554783,0.834468,0.000000,1.214226079e-04
1.035050,0.014934535,0.045413763,0.037825625,0.038198402,0.043839511,0.040418064,0.046851269,0.042907730,0.056470202,0.036779340,0.043845540,0.050953665,0.039314198,0.075306047,0.075002350,0.075040744,0.075358652,0.360942782,1.437238e-02,1.968759e-02,2.698294e-03,7.902095e-03,4.653913e-03,1.360009e-03,5.322934e-04,1.022763e-02,1.329915e-03,1.533083e-03,7.818433e-03,1.445443e-04,2.967983e-03,4.247966e-04,2.663431e-04,1.864731e-04,4.004704e-04,4.748096e+00,1.737051,1.569348,0.746468,0.979866,0.000000,3.624431,0.000000,0.000000,0.707674,1.257943,0.009628,1.239928,0.000000,7.614761,25.045973,2.591660,0.000000,-1.060411800e-04
1.037550,0.014852845,0.045203614,0.037269428,0.038366038,0.043535581,0.040387683,0.046700163,0.042988874,0.055610164,0.036376761,0.044252430,0.050395071,0.040023064,0.075470164,0.074944670,0.074998204,0.075536992,0.359378601,7.275990e-02,1.914553e-02,1.494407e-03,3.902223e-03,7.323572e-03,1.163248e-03,2.236647e-04,2.313350e-02,1.546286e-03,2.179316e-03,9.875664e-03,3.360471e-05,4.485027e-03,5.790032e-04,3.596333e-04,3.921850e-04,3.875374e-04,3.090684e+00,0.010446,1.159085,1.178043,0.000000,0.000000,1.416268,0.000000,0.000000,0.000000,0.921493,5.055364,0.245056,0.000000,3.224189,4.910498,0.000000,0.000000,-2.390006129e-04
1.040050,0.014974495,0.044932152,0.036667846,0.038472362,0.043180064,0.040334367,0.046517257,0.043020763,0.054688814,0.036722249,0.044598008,0.049775165,0.040674832,0.075572984,0.074869055,0.074938299,0.075654019,0.357753108,2.226613e-03,9.644336e-03,7.190635e-04,2.128309e-03,1.382764e-02,1.359921e-03,2.105690e-04,8.423656e-03,2.164711e-03,1.700794e-04,9.034111e-03,1.268616e-04,1.887681e-03,3.780157e-04,3.297170e-04,3.503561e-04,1.286837e-04,1.498635e+00,0.000000,1.902607,1.553544,0.000000,1.030582,0.000000,0.000000,0.000000,0.000000,0.000000,6.687782,0.000000,0.000000,0.000000,0.000000,0.000000,0.000000,-4.111771610e-05
1.042550,0.015091727,0.044599378,0.036344005,0.038517373,0.042763322,0.040219738,0.046273039,0.042991339,0.053706151,0.037265617,0.044882274,0.049093946,0.041265286,0.075614492,0.074857218,0.074895057,0.075709733,0.356066302,2.838186e-02,6.387701e-03,1.573628e-03,6.920378e-03,1.237702e-02,1.160147e-03,1.932821e-04,1.622173e-02,1.875460e-03,7.333122e-04,5.175742e-03,9.869866e-05,3.606339e-03,2.564681e-04,7.719466e-04,6.019305e-04,2.075204e-04,3.812392e+00,0.000000,4.951769,3.327850,0.000000,4.057457,0.000000,0.000000,0.000000,0.000000,0.000000,0.003452,0.000000,0.000000,0.212031,0.000000,0.000000,0.000000,1.496041378e-04
1.045050,0.015003574,0.044205292,0.036142754,0.038555767,0.042399391,0.040043797,0.045967508,0.042934367,0.052662176,0.037803296,0.045105227,0.048351963,0.041794428,0.075594687,0.074919892,0.074915672,0.075704135,0.354318184,1.692829e-04,1.618022e-02,6.708972e-04,4.498430e-03,7.034032e-03,1.817604e-03,2.345933e-04,5.691001e-03,3.474792e-03,7.428468e-04,6.702906e-03,1.531541e-04,1.081336e-03,2.962078e-04,6.053572e-04,7.954994e-04,1.416519e-04,3.528858e+00,0.000000,2.175216,2.814789,0.000000,0.094720,0.000000,0.000000,0.046513,1.468643,0.000000,2.000343,0.000000,0.000000,12.958911,5.489347,0.000000,0.000000,6.283286125e-06
1.047550,0.014861191,0.043749893,0.035897214,0.038695747,0.042073503,0.039806543,0.045600664,0.042898650,0.051556888,0.038548153,0.045266868,0.047563419,0.042262258,0.075513569,0.074976347,0.074934883,0.075637225,0.352508753,6.453365e-02,2.207005e-02,1.785352e-03,3.735293e-03,4.675350e-03,1.473711e-03,1.490526e-04,1.893385e-02,1.350895e-03,1.969642e-03,8.753487e-03,9.070572e-05,4.089110e-03,1.565213e-04,3.178436e-04,2.948735e-04,2.037491e-04,2.597293e+00,0.000000,1.949183,1.517530,0.000000,0.882604,0.000000,0.000000,0.171594,0.820387,0.000000,1.634292,0.000000,0.000000,2.061230,2.409341,0.000000,0.000000,-2.253587182e-04
1.050050,0.014907230,0.043233181,0.035922839,0.038817785,0.041802489,0.039507977,0.045172508,0.042808706,0.050390288,0.039286204,0.045367196,0.046723280,0.042668775,0.075373278,0.075055011,0.074976263,0.075509002,0.350638009,2.886123e-02,1.633361e-02,8.506068e-04,9.813569e-03,9.794169e-03,4.911032e-04,4.153540e-04,3.082580e-03,1.311480e-03,2.167069e-03,1.107549e-02,1.619094e-04,2.421974e-03,3.957428e-04,2.861103e-04,4.520592e-04,3.089179e-04,3.041913e+00,0.326879,2.263780,2.971220,0.000000,5.609538,0.000000,0.000000,0.033809,0.930527,0.000000,0.000000,0.000000,0.000000,14.408634,0.000000,0.000000,0.000000,-1.503023716e-04
1.052550,0.015058763,0.042699102,0.036447013,0.039031066,0.041668438,0.039148098,0.044683040,0.042707899,0.049162375,0.039962943,0.045406211,0.045837271,0.043013980,0.075210259,0.075120395,0.075038615,0.075330129,0.348705953,1.161231e-02,7.137547e-03,1.597347e-03,3.328612e-03,8.977439e-03,9.075339e-04,2.831237e-04,1.513366e-02,1.020949e-03,1.635214e-03,6.074657e-03,8.732591e-05,4.767512e-03,8.865457e-04,2.455950e-04,4.182552e-04,4.402082e-04,1.986844e+00,1.970982,0.597794,1.597787,0.838064,4.140282,0.000000,0.000000,0.349297,1.080840,0.000000,0.000000,0.000000,9.353223,4.989694,8.726321,0.000000,0.000000,9.613037097e-05
1.055050,0.015057387,0.042343054,0.037138507,0.039217473,0.041486148,0.038726907,0.044132259,0.042657446,0.047873149,0.040580527,0.045383914,0.044934324,0.043297872,0.075075802,0.075141620,0.075083950,0.075139616,0.346712585,1.122290e-02,2.752833e-02,8.846833e-04,4.487254e-03,1.191928e-02,9.475347e-04,2.408923e-04,1.082884e-02,1.673298e-03,2.039569e-03,6.845230e-03,8.099578e-05,2.218203e-03,1.207333e-03,1.806308e-04,1.769565e-04,6.637352e-04,3.665413e+00,2.939755,0.512747,0.923686,1.946268,0.354064,0.000000,0.000000,0.350359,0.000000,0.000000,0.113213,0.000000,17.688105,0.000000,1.944398,0.000000,0.000000,9.385071221e-05
1.057550,0.014909489,0.042138324,0.037776107,0.039342567,0.041260129,0.038259069,0.043520166,0.042559181,0.046522612,0.041173670,0.045300305,0.043984352,0.043520452,0.074971048,0.075113916,0.075082798,0.074960197,0.344657904,2.745190e-02,2.148783e-02,1.412126e-03,7.818185e-03,9.785808e-03,1.066521e-03,2.094029e-04,2.471336e-02,9.768266e-04,3.902459e-03,5.657326e-03,1.901015e-04,4.105060e-03,1.645882e-03,3.099096e-04,3.885635e-04,1.093874e-03,4.559491e+00,2.466769,0.108776,0.091252,2.328840,0.000000,0.665647,0.000000,0.000000,0.000000,0.000000,0.488462,0.000000,6.118371,5.946624,1.855320,0.000000,0.000000,-1.466519871e-04
1.060050,0.014866004,0.041894483,0.038352395,0.039406349,0.041288188,0.037892042,0.042846760,0.042420457,0.045110761,0.041730868,0.045155383,0.042973068,0.043681719,0.074928254,0.075025500,0.075021639,0.074849381,0.342541911,6.021674e-02,2.075005e-02,5.856369e-04,3.090498e-03,2.095685e-02,1.528308e-03,2.200943e-04,1.008456e-02,3.186402e-03,1.175949e-03,9.937650e-03,2.963014e-04,8.269540e-04,1.612585e-03,1.768251e-04,1.596214e-04,1.625481e-03,7.599311e-01,4.774974,0.000000,0.005820,5.391030,0.000000,1.977273,0.000000,0.000000,0.000000,0.000000,0.018240,0.000000,0.000000,28.609076,0.983060,0.000000,0.000000,-2.173934995e-04
1.062550,0.014996680,0.041589329,0.038867415,0.039449940,0.041555362,0.037594797,0.042112041,0.042440403,0.043637598,0.042228962,0.044949149,0.041900471,0.043781673,0.074986329,0.074891309,0.074903693,0.074876449,0.340364605,9.044414e-05,2.906662e-03,1.577599e-03,2.390989e-03,1.320723e-02,2.690656e-03,5.591369e-05,1.134270e-02,2.341420e-03,2.369754e-03,4.948011e-03,2.950752e-04,3.520910e-03,1.510567e-03,3.800315e-04,2.839634e-04,1.810954e-03,2.622090e+00,3.966929,1.704107,0.759086,5.250844,0.011361,0.392895,0.000000,0.000000,2.135460,0.000000,0.122150,0.000000,0.000000,8.397896,23.638529,0.000000,0.000000,-4.884617113e-06
1.065050,0.015079613,0.041366898,0.039354044,0.039822767,0.041800969,0.037244586,0.041316010,0.042563628,0.042109025,0.042704798,0.044681602,0.040766562,0.043820315,0.075106315,0.074828549,0.074826539,0.074992612,0.338125986,2.143399e-02,2.253962e-02,5.849625e-04,5.865487e-03,1.056618e-02,5.681631e-04,3.416529e-04,1.447960e-02,1.956366e-03,2.231748e-03,7.222887e-03,2.237643e-04,1.578600e-03,9.646837e-04,7.384952e-04,6.736449e-04,9.847426e-04,4.630516e+00,3.645506,5.009587,4.735021,3.830693,0.831471,0.000000,0.372598,0.000000,2.633791,0.000000,0.640130,0.000000,25.414328,0.139817,0.408043,0.000000,0.000000,1.303111984e-04
1.067550,0.014974653,0.041409316,0.039915841,0.040199408,0.042008777,0.036835773,0.040458667,0.042683667,0.040642874,0.043209966,0.044352742,0.039582331,0.043797645,0.075296437,0.074846545,0.074843658,0.075184403,0.335826055,2.192398e-03,1.783518e-02,1.217531e-03,3.586514e-04,1.011234e-02,1.140824e-03,2.807490e-04,4.180020e-03,8.143511e-04,1.735212e-03,4.756053e-03,1.749682e-04,4.509207e-03,2.442435e-04,4.818369e-04,5.794103e-04,3.157057e-04,1.897879e+00,3.265616,2.892672,3.711784,3.742998,1.409284,0.201444,1.706480,0.352904,0.000000,0.000000,1.030709,0.000000,6.093051,2.227581,7.043769,0.000000,0.000000,-4.080160691e-05
1.070050,0.014865351,0.041416122,0.040492436,0.040514737,0.042166753,0.036458649,0.039540011,0.042812952,0.039301077,0.043764626,0.043962571,0.038396806,0.043713662,0.075484568,0.074893317,0.074896014,0.075393270,0.333464812,6.070038e-02,2.329226e-02,4.539674e-04,4.789705e-03,9.958143e-03,2.876780e-03,2.720872e-04,1.332833e-02,1.897976e-03,2.762884e-04,1.070952e-02,1.630072e-04,2.220920e-03,2.983527e-04,3.872720e-04,4.648594e-04,1.268461e-04,3.216137e+00,0.352420,2.936921,2.350371,0.607421,0.120057,1.827560,3.777073,0.609776,0.000000,0.000000,0.964770,0.000000,1.354375,0.000000,0.939555,0.000000,0.000000,-2.185046660e-04
1.072550,0.014935635,0.041414220,0.041009262,0.040768753,0.042263415,0.036316233,0.038560561,0.042882742,0.038710959,0.044309976,0.043512361,0.037191357,0.043568367,0.075613584,0.074988220,0.074995187,0.075544351,0.331042256,1.390586e-02,2.408521e-02,1.332626e-03,3.536419e-03,4.350212e-03,1.839251e-03,2.796210e-04,8.697502e-03,1.501658e-03,1.987226e-03,5.759606e-03,1.247673e-04,4.746337e-03,2.389165e-04,2.443003e-04,1.378336e-04,1.106822e-04,2.538313e+00,0.000000,2.543786,3.299255,0.000000,0.000000,3.768358,9.163237,0.191257,0.000000,0.096925,0.080269,0.000000,5.270729,0.000000,0.000000,0.951828,0.000000,-1.042663591e-04
1.075050,0.015061716,0.041492389,0.041464776,0.040961457,0.042317261,0.036436771,0.037640046,0.042910797,0.038556731,0.044795104,0.043071261,0.035942260,0.043362396,0.075681287,0.075058190,0.075096133,0.075634120,0.328558388,1.280730e-02,1.489451e-02,7.578573e-04,3.786319e-03,5.212191e-03,1.354151e-03,5.916608e-04,1.476085e-02,4.308615e-03,5.190465e-04,6.918333e-03,4.703694e-05,1.085006e-03,8.516158e-05,2.619937e-04,4.148976e-04,1.165250e-04,2.289432e+00,0.000000,0.079088,0.580669,0.000000,0.000000,1.435311,0.659981,0.211335,0.000000,2.600074,0.000000,0.075154,8.388076,2.586452,5.257488,6.354208,0.000000,1.007392336e-04
1.077550,0.015028970,0.041650709,0.041858978,0.041092848,0.042331712,0.036533404,0.037031177,0.043004197,0.038348980,0.045218921,0.042611892,0.034779181,0.043143809,0.075687677,0.075069054,0.075143653,0.075662576,0.326013207,3.155620e-03,1.968573e-02,1.729877e-03,2.166690e-03,1.122561e-02,1.523126e-03,8.012519e-04,6.107618e-03,2.598581e-03,1.075536e-03,6.531422e-03,7.891417e-04,3.062860e-03,2.588635e-04,3.039280e-04,1.982244e-04,1.090014e-04,4.476154e+00,0.000000,0.396297,0.156641,0.000000,0.000000,0.001234,0.017767,6.556775,0.000000,4.196735,0.000000,0.816220,21.409118,0.000000,8.190541,0.038730,0.000000,4.785771361e-05
1.080050,0.014891905,0.042020947,0.042191867,0.041162926,0.042297378,0.036589961,0.036750038,0.043102530,0.038339782,0.045581424,0.042091232,0.035079502,0.042912100,0.075632755,0.075048402,0.075142650,0.075629720,0.323406713,3.928599e-02,8.991927e-03,7.999589e-04,6.118408e-03,1.682095e-02,9.795193e-04,8.573860e-04,1.815056e-02,3.353011e-03,1.058927e-03,9.503405e-03,3.258661e-04,7.317640e-04,1.880009e-04,1.322656e-04,1.474445e-04,1.340771e-04,1.821025e+00,0.000000,1.062183,0.656064,0.000000,0.000000,0.935031,7.354313,15.736977,0.000000,2.614670,0.000000,0.048463,3.886167,3.169039,0.157896,0.000000,0.000000,-1.754829461e-04
1.082550,0.014886192,0.042408789,0.042463443,0.041179205,0.042249667,0.036823053,0.036525453,0.043139663,0.039303014,0.045882615,0.041542272,0.036083085,0.042619454,0.075516521,0.075003404,0.075105848,0.075535551,0.320738907,4.351778e-02,7.561370e-03,1.659453e-03,7.573004e-04,1.386978e-02,1.243060e-03,8.436385e-04,1.264901e-02,7.156156e-04,1.414387e-03,6.259073e-03,7.022963e-04,4.161545e-03,1.162004e-04,4.079393e-04,3.690948e-04,7.857704e-05,1.821166e+00,0.000000,0.996181,0.610082,0.000000,0.000000,3.589889,8.074914,1.315085,0.657328,0.111923,0.000000,0.000000,9.119885,0.791436,0.000000,8.273362,0.000000,-1.845913558e-04
1.085050,0.015015313,0.042829169,0.042673707,0.041508277,0.042246925,0.037375826,0.036475886,0.043206956,0.040529652,0.046122494,0.041120324,0.037098061,0.042265496,0.075342392,0.074937328,0.075032002,0.075382428,0.318009789,8.323749e-04,1.675371e-02,2.655162e-04,5.549522e-03,1.011177e-02,1.803163e-03,1.942731e-03,1.471999e-02,1.210202e-03,1.287282e-04,1.821531e-03,4.058440e-04,2.466944e-03,3.720380e-04,3.778208e-04,1.680507e-04,1.774039e-04,4.115267e+00,0.321517,2.076170,1.067777,0.229268,0.000000,2.565874,0.095086,1.017461,5.478799,6.958205,0.000000,0.000000,0.888001,17.715648,12.775889,8.384672,0.000000,2.545017665e-05
1.087550,0.015058228,0.043189386,0.042822658,0.042040134,0.042394588,0.037965960,0.037237789,0.043333879,0.041695626,0.046301060,0.040815858,0.038140286,0.041859279,0.075141461,0.074927930,0.074964433,0.075190177,0.315219358,1.138407e-02,1.551828e-02,1.296150e-03,1.708157e-03,1.103999e-02,3.837888e-04,1.037830e-03,1.033007e-02,2.965929e-03,1.872909e-03,4.237441e-03,7.459702e-04,5.239427e-03,4.531122e-04,3.468794e-04,4.436398e-04,3.101342e-04,2.506470e+00,1.928896,3.578752,2.857815,1.208858,0.000000,0.000000,0.010302,0.398156,0.066766,5.020813,0.000000,0.504472,0.000000,2.888624,0.924031,18.583626,0.000000,9.502575527e-05
1.090050,0.014951866,0.043488291,0.042914670,0.042511098,0.042486301,0.038494780,0.038078565,0.043401135,0.042826996,0.046418313,0.040641113,0.039144163,0.041499505,0.074960056,0.074930473,0.074919682,0.074998367,0.312367615,7.771780e-03,1.305779e-02,3.085586e-04,7.133487e-03,4.552850e-03,1.068642e-03,8.520824e-04,8.082541e-03,4.662311e-03,6.065955e-04,7.352695e-03,4.784922e-04,1.406128e-03,1.037024e-03,5.443458e-04,6.036499e-04,9.077372e-04,2.884031e+00,2.339904,0.712882,1.317482,2.347397,0.164590,0.000000,0.460738,0.020128,0.000000,0.000000,0.000000,0.871129,0.000000,0.000000,0.000000,11.844524,0.000000,-7.741697538e-05
1.092550,0.014876783,0.043725883,0.042993828,0.042920748,0.042516701,0.038962288,0.038858028,0.043407080,0.043919384,0.046474254,0.040865243,0.040086842,0.041104901,0.074830885,0.074907662,0.074849804,0.074867968,0.309454559,5.086463e-02,5.226792e-03,1.750041e-03,2.597956e-03,1.077876e-02,2.160132e-03,7.808110e-04,1.172891e-02,4.547875e-03,9.534938e-04,1.335753e-02,5.813879e-04,3.472237e-03,1.884789e-03,3.349275e-04,3.038731e-04,1.577032e-03,2.734716e+00,4.789105,2.428116,1.688559,4.991868,0.802930,0.000000,0.000000,0.000000,0.000000,0.000000,0.000000,0.000000,0.000000,0.000000,0.000000,34.359024,0.000000,-1.999342421e-04
1.095050,0.014961227,0.043907789,0.043096169,0.043269087,0.042485789,0.039368484,0.039576179,0.043351711,0.044950460,0.046468883,0.041291266,0.040990959,0.040656675,0.074824296,0.074927265,0.074839207,0.074864215,0.306480190,5.091811e-03,1.324170e-02,3.343871e-04,6.724345e-03,6.566113e-03,6.996998e-04,4.681926e-04,9.041322e-03,3.446227e-03,9.635706e-04,1.018941e-02,5.943777e-04,3.144637e-04,1.959206e-03,3.624241e-04,4.788280e-04,1.872244e-03,1.408491e+00,5.046639,2.600543,4.751075,5.265462,0.685967,0.000000,0.000000,0.442234,0.000000,0.000000,0.000000,0.502617,2.055026,0.000000,0.000000,3.272976,0.000000,-6.269798660e-05
1.097550,0.015062079,0.044136197,0.043180881,0.043556113,0.042407175,0.039713367,0.040233017,0.043235031,0.045920223,0.046402199,0.041665140,0.041857079,0.040324557,0.074918852,0.074941420,0.074896448,0.074964688,0.303444509,1.313943e-02,1.855982e-02,1.267344e-03,9.219840e-04,1.064214e-02,9.055896e-04,4.178560e-04,1.342458e-02,1.525581e-03,1.479259e-03,9.859652e-03,3.388197e-04,2.621819e-03,1.268742e-03,3.019151e-04,4.951242e-04,1.225474e-03,4.000888e+00,4.641378,0.758264,2.156674,4.385003,0.096490,0.000000,0.000000,0.000000,0.000000,0.000000,0.000000,2.483226,11.252538,3.641217,0.000000,0.000000,0.000000,1.016882464e-04
1.100050,0.015008559,0.044439685,0.043205559,0.043785530,0.042330998,0.039996938,0.040863600,0.043057037,0.046828674,0.046274202,0.041977702,0.042661887,0.040071900,0.075118638,0.074959281,0.074958187,0.075154457,0.300347516,2.631695e-04,9.903157e-03,1.556821e-04,5.197982e-03,4.895220e-03,2.160163e-03,2.723666e-04,5.657809e-03,8.335772e-04,8.027576e-05,1.857153e-03,5.268768e-04,1.368599e-03,4.845442e-04,2.384456e-04,2.305551e-04,3.818351e-04,3.541109e+00,4.504007,3.012205,2.556010,3.982939,0.000000,0.000000,0.000000,0.000000,0.293463,1.244453,0.000000,0.156383,4.108466,1.558259,0.000000,0.000000,0.000000,1.427494287e-05
1.102550,0.014894661,0.044705919,0.043168925,0.044056938,0.042199453,0.040225694,0.041632883,0.042817731,0.047675812,0.046084893,0.042228951,0.043405383,0.039759361,0.075362687,0.074999378,0.075041671,0.075376576,0.297189210,3.719723e-02,8.527636e-03,1.228188e-03,2.833234e-04,1.020260e-02,7.525492e-04,1.390654e-03,1.092377e-02,7.441157e-04,1.673557e-03,1.013202e-02,2.811809e-04,2.906866e-03,6.415581e-05,2.259616e-04,1.615299e-04,9.374526e-05,9.850515e-01,1.433167,1.608837,1.755362,1.223016,0.000000,0.246482,0.000000,0.000000,1.335862,1.735460,0.000000,0.000000,0.121193,0.378971,0.000000,0.000000,0.000000,-1.710312599e-04
1.105050,0.014914562,0.044910967,0.043070978,0.044335561,0.042038135,0.040441105,0.042421904,0.042517299,0.048461638,0.045834272,0.042418888,0.044095103,0.039385510,0.075564117,0.075010261,0.075103542,0.075551846,0.293969592,2.441313e-02,1.157327e-02,3.316580e-04,6.131797e-03,1.484574e-02,7.751808e-04,1.190532e-03,7.364873e-03,2.966568e-03,7.483790e-04,1.168580e-02,5.162939e-04,2.798209e-04,8.162243e-05,1.131676e-04,2.198130e-04,1.147895e-04,2.833566e+00,0.039354,0.410056,0.452054,0.019745,0.000000,0.578050,0.000000,0.207398,0.060665,0.059302,0.000000,0.000000,0.000000,5.665643,0.385280,0.000000,0.000000,-1.383959689e-04
1.107550,0.015028696,0.045054703,0.042911719,0.044553377,0.042044338,0.040686719,0.043150077,0.042316317,0.049186151,0.045522338,0.042553707,0.044758594,0.038950346,0.075704339,0.074991168,0.075111479,0.075665857,0.290688661,2.810014e-03,1.377008e-02,1.370244e-03,9.555176e-04,1.172619e-02,2.475255e-03,7.885521e-04,1.320786e-02,3.972579e-03,8.107906e-04,9.373326e-03,1.682043e-04,2.953094e-03,7.111351e-05,2.926046e-04,1.724736e-04,6.257627e-05,3.776801e+00,0.000000,1.879196,0.378057,0.000000,0.000000,1.402804,0.000000,0.471808,0.000000,0.000000,0.000000,0.000000,0.000000,17.668838,21.892940,0.732028,0.000000,4.688495159e-05
1.110050,0.015042614,0.045137127,0.042691147,0.044709881,0.042098228,0.041015258,0.043816938,0.042257337,0.049855994,0.045149091,0.042632457,0.045390038,0.038477520,0.075783250,0.074975784,0.075090401,0.075718554,0.287346417,6.142764e-03,1.110113e-02,5.388254e-04,6.139572e-03,1.510175e-02,1.468530e-03,8.334253e-04,1.557493e-02,5.063219e-03,9.002582e-04,3.383080e-03,5.752363e-04,1.015415e-03,7.435936e-05,3.949846e-04,2.369775e-04,1.008908e-04,2.038783e+00,0.000000,1.271146,1.241218,0.000000,0.000000,0.846232,0.435817,0.011416,0.000000,0.000000,0.000000,1.179112,0.000000,0.060597,1.162786,0.000000,0.000000,6.964968650e-05
1.112550,0.014937814,0.045158238,0.042409263,0.044805073,0.042090839,0.041313410,0.044422486,0.042139047,0.050623673,0.044714532,0.042649894,0.045960223,0.038274002,0.075800847,0.074933664,0.075047215,0.075709939,0.283942861,1.296175e-02,8.899255e-03,1.219553e-03,7.413487e-04,5.334200e-03,2.622972e-04,1.968687e-03,1.581335e-02,4.595491e-03,1.482439e-03,6.376726e-03,9.693100e-05,3.625345e-03,5.564802e-05,2.612962e-04,3.468196e-04,9.130837e-05,2.752101e+00,0.000000,1.215491,1.022442,0.000000,0.000000,0.009995,2.479168,0.000000,0.000000,0.000000,0.000000,4.446796,0.000000,0.000000,0.000000,0.000000,0.000000,-1.007122793e-04
1.115050,0.014892907,0.045118037,0.042066066,0.044838952,0.042022138,0.041550310,0.044966722,0.041987014,0.051542256,0.044218661,0.042606018,0.046469096,0.038299912,0.075757132,0.074904852,0.074982558,0.075640012,0.280477993,3.852063e-02,1.091233e-02,3.887917e-04,5.658889e-03,7.154908e-03,2.548694e-03,3.520656e-04,1.217700e-02,5.760366e-03,1.101657e-04,1.055409e-02,5.299275e-04,2.883005e-03,8.958395e-05,3.559306e-04,3.222005e-04,8.445013e-05,1.963279e+00,0.000000,2.994708,1.622786,0.000000,0.000000,0.000000,0.999796,0.000000,0.000000,0.000000,0.000000,0.692632,0.000000,0.000000,4.762432,0.000000,0.000000,-1.738387962e-04
1.117550,0.014982610,0.045016523,0.041661557,0.044811518,0.041893193,0.041725898,0.045449645,0.041916254,0.052432151,0.043661477,0.042500831,0.046916656,0.038277680,0.075652105,0.074923130,0.074958420,0.075508772,0.276951812,1.065747e-03,1.216249e-02,9.140682e-04,7.066924e-05,9.589369e-03,1.401912e-03,1.178380e-03,4.552081e-03,3.076156e-03,1.463454e-03,9.208689e-03,9.088827e-05,6.913921e-03,3.638691e-05,4.128694e-04,4.537352e-04,7.650825e-05,2.788016e+00,0.000000,2.782255,3.844311,0.000000,0.000000,0.000000,0.182315,0.000000,0.000000,0.000000,0.000000,0.000000,0.000000,0.592773,10.741442,0.000000,0.000000,-2.782290439e-05
1.120050,0.015052763,0.044853697,0.041195843,0.044722772,0.041785946,0.041840173,0.045871256,0.041856274,0.053343906,0.043042980,0.042340937,0.047302904,0.038194135,0.075485918,0.074948916,0.074978975,0.075316233,0.273364319,9.423581e-03,1.242434e-02,4.275091e-04,5.549625e-03,1.242413e-02,5.771281e-04,1.267809e-03,8.457333e-03,2.564037e-03,8.569306e-04,4.195962e-03,5.215758e-04,3.751252e-03,7.817757e-05,2.260286e-04,4.959510e-04,8.482930e-05,4.336523e+00,0.078732,1.852122,2.023872,0.015457,0.025735,0.000000,1.420819,0.000000,0.000000,0.000000,0.000000,0.000000,0.000000,10.160562,0.000000,2.829979,0.000000,8.636265785e-05
1.122550,0.014982791,0.044629558,0.040710476,0.044572714,0.041715219,0.041893136,0.046231554,0.041734982,0.054307296,0.042368765,0.042286479,0.047627840,0.038049277,0.075275123,0.074991171,0.074997905,0.075077156,0.269715513,1.028077e-03,9.379830e-03,1.010038e-03,6.153566e-04,5.017079e-03,1.737568e-03,7.351872e-04,1.193506e-02,4.523691e-04,8.516289e-04,6.415988e-03,6.631434e-05,4.855292e-03,3.004684e-04,2.032467e-04,3.668067e-04,3.261432e-04,9.267202e-01,1.018821,1.602961,1.887521,1.290696,0.924540,0.000000,0.380118,0.000000,0.000000,0.000000,0.408104,0.000000,0.000000,0.995432,0.000000,13.834212,0.000000,-2.767428457e-05
1.125050,0.014894213,0.044344106,0.040271270,0.044361343,0.041584843,0.041884786,0.046530540,0.041614884,0.055217000,0.041794101,0.042257732,0.047891463,0.037843107,0.075061472,0.075000683,0.075016841,0.074863768,0.266005394,3.743425e-02,9.436948e-03,8.578075e-04,5.862881e-03,1.141423e-02,2.211029e-03,5.917298e-04,9.650554e-03,1.544306e-03,7.658612e-04,3.681698e-03,5.557654e-04,1.915357e-03,6.336203e-04,7.868988e-05,2.338169e-04,9.815008e-04,1.929481e+00,2.494165,0.448405,1.307839,3.758298,0.773990,0.000000,0.000000,0.000000,0.000000,0.000000,2.452439,0.000000,0.000000,0.000000,10.372173,0.000000,0.000000,-1.715004259e-04
1.127550,0.014937851,0.043997342,0.039804090,0.044091847,0.041393154,0.041815123,0.046774191,0.041565071,0.056065392,0.041332011,0.042167672,0.048093773,0.037585800,0.074891359,0.074955866,0.075004276,0.074746351,0.262233964,1.297924e-02,8.657861e-03,6.674287e-04,8.602597e-04,1.824989e-02,3.645684e-05,1.844846e-03,5.123715e-03,8.722028e-04,2.006183e-03,6.939975e-03,5.009635e-05,2.814049e-03,1.597734e-03,1.531934e-04,1.519073e-04,1.843995e-03,4.084716e+00,3.529223,0.501403,0.599588,5.059765,0.032613,0.000000,0.000000,0.000000,0.161019,0.273809,0.490745,0.692737,0.000000,0.000000,3.054688,0.000000,0.000000,-1.007334398e-04
1.130050,0.015034488,0.043631579,0.039276027,0.043881098,0.041159654,0.041684149,0.046995217,0.041614188,0.056852472,0.040817357,0.042016300,0.048234771,0.037518777,0.074821047,0.074900832,0.074964686,0.074770538,0.258401220,4.038829e-03,1.535881e-02,8.994198e-04,6.323524e-03,1.188943e-02,1.893660e-03,3.833560e-04,1.488601e-02,3.068871e-03,1.854438e-03,3.273172e-03,4.909496e-04,1.330126e-03,2.171848e-03,3.065519e-04,2.353755e-04,1.828967e-03,1.951295e+00,5.986891,2.391123,1.566928,6.675943,0.000000,0.000000,0.000000,0.000000,2.719636,0.189473,0.000000,3.140006,10.807725,3.172739,20.890259,0.000000,0.000000,5.673765438e-05
1.132550,0.015015457,0.043446752,0.038686650,0.043928279,0.040909112,0.041491861,0.047158524,0.041800857,0.057578238,0.040241390,0.041805871,0.048314457,0.037532009,0.074903528,0.074871129,0.074930238,0.074949248,0.254507164,9.319599e-04,5.198519e-03,5.896487e-04,1.426617e-03,7.766051e-03,1.959148e-03,1.090448e-03,1.669488e-02,2.337750e-03,3.042133e-03,5.676886e-03,5.647546e-05,3.389807e-03,1.583906e-03,3.251458e-04,2.514925e-04,9.593264e-04,2.788837e+00,5.532881,2.509594,2.043310,4.922359,0.000000,0.000000,0.000000,0.000000,2.178014,0.000000,0.000000,0.041515,10.172324,6.794476,1.180030,0.899942,0.000000,2.598574129e-05
1.135050,0.014917988,0.043243864,0.038035962,0.044011643,0.040903553,0.041238261,0.047260519,0.041927645,0.058242693,0.039604111,0.041565527,0.048370202,0.037484158,0.075080340,0.074879554,0.074909961,0.075174689,0.250551796,2.258668e-02,5.790314e-03,1.151981e-03,5.632185e-03,8.964107e-03,6.899166e-04,1.314502e-03,8.433415e-03,3.687618e-03,1.600317e-03,2.908669e-03,3.943266e-04,1.461591e-03,4.778765e-04,3.953133e-04,2.655308e-04,1.368999e-04,2.468226e+00,3.535346,2.904130,2.236984,1.572330,0.000000,0.000000,0.000000,1.091287,0.145459,0.000000,0.000000,0.000000,0.000000,23.386486,0.000000,2.163961,0.000000,-1.331206092e-04
1.137550,0.014910170,0.042979664,0.037323961,0.044035807,0.040989707,0.040923349,0.047301200,0.041993493,0.058845835,0.038905520,0.041327019,0.048474077,0.037493249,0.075293639,0.074925177,0.074897126,0.075374674,0.246535115,2.709792e-02,1.100027e-02,5.773361e-04,1.074902e-03,5.054671e-03,1.005821e-03,6.896938e-04,5.757034e-03,1.337479e-03,1.743681e-03,8.799585e-03,2.180306e-04,2.591476e-03,1.314269e-04,2.033583e-04,2.981303e-04,1.994943e-04,1.577522e+00,1.998968,2.975530,1.838443,0.648605,0.000000,0.000000,0.000000,0.388280,0.000000,0.000000,0.000000,3.114827,0.000000,0.130333,0.492291,11.236968,0.000000,-1.457246088e-04
1.140050,0.015002582,0.042654151,0.036550647,0.043998657,0.041014643,0.040547725,0.047280570,0.042118841,0.059387664,0.038145616,0.041253023,0.048523946,0.037675804,0.075486081,0.074990702,0.074907112,0.075524636,0.242457122,2.138840e-04,1.491063e-02,1.182645e-03,5.145553e-03,9.411354e-03,2.564940e-03,5.790287e-04,1.192645e-02,1.876688e-03,5.866596e-04,5.321638e-03,4.661954e-04,3.210852e-03,8.227634e-05,2.553557e-04,5.227138e-04,3.355391e-04,3.918860e+00,0.395649,1.360742,3.071992,0.053551,0.000000,0.074086,0.000000,0.000000,0.000000,0.000000,0.000000,0.372509,0.000000,0.000000,15.346387,10.862207,0.000000,4.817985956e-06
1.142550,0.015038119,0.042274803,0.035716318,0.043900196,0.041058945,0.040147657,0.047198626,0.042365915,0.059868181,0.037375915,0.041236940,0.048512504,0.037864670,0.075621077,0.075024675,0.074951237,0.075613500,0.238317816,4.923480e-03,9.383830e-03,4.071396e-04,1.586408e-04,5.816630e-03,3.098204e-04,1.800781e-03,7.725334e-03,1.437456e-04,1.014444e-03,1.189893e-02,2.043170e-04,3.056007e-03,2.759451e-05,2.172706e-04,5.680039e-04,5.939983e-05,2.330266e+00,0.000000,0.830566,2.045562,0.000000,0.068092,0.447891,0.000000,0.000000,0.000000,0.000000,1.936941,0.993998,3.487493,17.277960,4.642456,4.338413,0.000000,6.250743329e-05
1.145050,0.014956946,0.041945351,0.035040699,0.043740421,0.041275646,0.039703196,0.047055371,0.042567471,0.060287385,0.036748288,0.041178653,0.048439766,0.038038373,0.075694761,0.075035186,0.074988569,0.075641052,0.234117197,6.243101e-03,6.974272e-03,6.730194e-04,4.671568e-03,1.090780e-02,1.371161e-03,5.159291e-04,4.036460e-03,1.915710e-03,1.850400e-03,6.006096e-03,5.854107e-04,5.207985e-03,5.378009e-05,8.169723e-05,2.702272e-04,2.424932e-04,1.279074e+00,0.000000,1.149898,1.491951,0.000000,5.741395,0.009416,0.000000,0.007415,0.000000,0.000000,0.591788,0.000000,6.224899,3.186630,0.000000,0.000000,0.000000,-6.973205715e-05
1.147550,0.014901386,0.041629225,0.035061331,0.043519335,0.041436404,0.039247169,0.046850803,0.042707714,0.060645277,0.036092547,0.041059054,0.048325294,0.038150765,0.075707132,0.075025083,0.075030840,0.075607292,0.229855266,3.254895e-02,1.537481e-02,1.197484e-03,1.091615e-03,1.389186e-02,2.077207e-03,9.334318e-04,6.414639e-03,1.419774e-03,2.050867e-03,7.172877e-03,2.188194e-04,4.906279e-03,8.213684e-05,1.782816e-04,2.141471e-04,3.029105e-04,3.210108e+00,0.000000,1.041754,2.262369,0.000000,7.500963,1.089957,0.000000,0.358277,0.000000,0.000000,1.252921,0.000000,11.708658,0.000000,0.000000,0.000000,0.000000,-1.596369156e-04
1.150050,0.014961737,0.041535776,0.035738567,0.043236935,0.041536958,0.038820170,0.046584922,0.042796725,0.060941856,0.035693556,0.040878700,0.048178724,0.038201844,0.075658191,0.074983165,0.075083110,0.075512219,0.225532023,4.986702e-03,1.673005e-02,4.526149e-04,5.224400e-03,1.054492e-02,1.142189e-03,1.386323e-03,9.510781e-03,3.605452e-03,8.887476e-04,3.697927e-03,5.019365e-04,4.506673e-03,2.145988e-05,1.127587e-04,2.929198e-04,6.415109e-05,2.825153e+00,0.000000,1.044242,1.509058,0.000000,4.502337,0.305528,0.000000,0.204338,0.000000,0.000000,3.777108,0.000000,14.948936,0.821913,4.474990,0.695160,0.000000,-6.161061177e-05
1.152550,0.015032893,0.041492584,0.036537731,0.042893224,0.041626377,0.038354693,0.046257756,0.043013308,0.061177123,0.035673973,0.040788239,0.047992788,0.038204447,0.075547937,0.074943267,0.075104562,0.075355833,0.221147467,3.738879e-03,1.475498e-02,1.017254e-03,1.388463e-03,3.298750e-03,9.504078e-04,7.491646e-04,8.494148e-03,2.333302e-03,3.177407e-03,1.483598e-02,2.893340e-04,2.358742e-03,5.926275e-05,1.621578e-04,9.124864e-05,2.290125e-04,2.360321e+00,0.000000,2.275927,0.618461,0.000000,0.264552,0.566610,0.000000,0.344771,0.000000,0.014809,6.417611,0.413277,1.826537,3.385263,12.027552,17.443701,0.000000,5.409540759e-05
1.155050,0.014996319,0.041485504,0.037279599,0.042488199,0.041673524,0.037906136,0.045943044,0.043227466,0.061351077,0.036230195,0.040785699,0.047801887,0.038293078,0.075377269,0.074905520,0.075098232,0.075145573,0.216701599,1.272501e-04,1.018112e-02,5.673250e-04,5.236956e-03,5.924986e-03,2.680689e-03,4.020758e-04,8.378212e-03,2.777969e-03,1.262217e-03,2.447885e-03,4.894628e-04,3.989808e-03,8.715833e-05,3.549110e-04,1.753472e-04,4.187545e-04,2.440440e+00,0.188092,1.364425,1.050391,0.800915,0.000000,0.464086,0.000000,0.562732,0.000000,1.776749,3.109655,3.390802,11.574101,2.088971,0.000000,1.320320,0.000000,-5.387743261e-06
1.157550,0.014917889,0.041519564,0.037960154,0.042021863,0.041721866,0.037408804,0.045757882,0.043389641,0.061463719,0.036875074,0.040724899,0.047584506,0.038625006,0.075167006,0.074866314,0.075047908,0.074936457,0.212194418,2.274121e-02,5.809164e-03,1.317517e-03,5.613585e-04,9.409926e-03,3.980236e-04,4.128627e-04,4.540016e-03,8.212959e-04,2.591036e-03,1.311768e-02,7.395185e-05,2.133997e-03,3.071650e-04,1.988026e-04,2.184531e-04,7.251666e-04,1.335979e+00,1.272406,2.450790,0.060644,2.690779,0.000000,0.000000,0.000000,0.091580,0.000000,1.026002,1.314258,0.749824,1.516022,2.783022,4.110157,0.000000,0.000000,-1.331356077e-04
1.160050,0.014929564,0.041616995,0.038579396,0.041494213,0.041717924,0.036850160,0.045540247,0.043654734,0.061515048,0.037579314,0.040602788,0.047307325,0.038905200,0.074972283,0.074872274,0.074939518,0.074789730,0.207625924,1.665256e-02,8.164126e-03,3.090000e-04,4.122171e-03,9.958613e-03,1.648012e-03,3.486077e-04,8.559469e-03,1.273041e-03,2.911589e-03,5.777607e-03,4.010637e-04,2.647951e-03,1.139466e-03,2.683520e-04,9.764949e-05,1.637762e-03,3.121889e+00,3.152471,3.344490,0.718213,4.651161,0.000000,0.000000,0.000000,0.000000,0.000000,0.000000,0.471311,0.000000,13.406762,0.000000,9.832670,0.000000,0.000000,-1.140236933e-04
1.162550,0.015010998,0.041751480,0.039137326,0.040905252,0.041652669,0.036230203,0.045261299,0.043950251,0.061505065,0.038233960,0.040466918,0.046976233,0.039124081,0.074865655,0.074904245,0.074859321,0.074784370,0.202996118,4.914869e-04,1.887632e-02,1.170985e-03,7.918997e-04,4.043938e-03,1.747211e-03,6.549592e-04,6.009306e-03,5.134042e-04,5.312936e-04,1.138981e-02,2.400602e-04,1.456383e-03,1.767100e-03,2.473447e-04,3.429904e-04,1.673155e-03,3.802446e+00,5.552138,1.554497,4.017488,6.751840,0.000000,0.000000,0.000000,0.272636,0.000000,0.000000,0.079201,0.000000,0.064677,0.000000,7.595866,10.941299,0.000000,1.856079117e-05
1.165050,0.015021714,0.041824687,0.039633944,0.040257144,0.041526102,0.035628034,0.044921039,0.044289002,0.061433770,0.038878133,0.040449542,0.046636513,0.039281650,0.074899461,0.074946435,0.074836143,0.074924659,0.198305000,1.642885e-03,9.114310e-03,3.920489e-04,4.497238e-03,4.810666e-03,1.029945e-03,6.883711e-04,2.412235e-03,2.265655e-03,3.180913e-03,3.498111e-03,1.945638e-04,4.187100e-03,1.941493e-03,1.713997e-04,5.554593e-04,1.153564e-03,7.897855e-01,5.431933,2.840646,2.518179,4.411143,0.000000,2.495169,0.000000,0.470218,0.242496,0.000000,0.906944,0.000000,0.000000,0.000000,2.613607,5.166404,0.000000,3.563939818e-05
1.167550,0.014945184,0.041854300,0.040069248,0.039748453,0.041338222,0.035440343,0.044519467,0.044573977,0.061301161,0.039537729,0.040467618,0.046252775,0.039377907,0.075030244,0.075007429,0.074856414,0.075101216,0.193552569,1.012527e-02,9.398046e-03,9.456406e-04,1.874637e-03,7.616175e-03,1.145092e-03,3.653769e-04,3.774893e-03,2.425408e-03,1.736909e-03,1.235286e-02,2.322335e-04,6.431093e-04,1.076277e-03,1.417495e-04,4.423980e-04,5.169564e-04,2.049469e+00,3.714964,1.537293,3.725629,1.559623,0.000000,5.533838,0.000000,0.000000,4.578016,0.000000,0.297260,0.000000,1.661915,0.000000,0.000000,14.272517,0.000000,-8.841802442e-05
1.170050,0.014910181,0.041830849,0.040443241,0.039786031,0.041101851,0.035548902,0.044056582,0.044797640,0.061107241,0.040141554,0.040662093,0.045807725,0.039412851,0.075207091,0.075045987,0.074941898,0.075257521,0.188738826,2.711150e-02,4.373372e-03,3.266942e-04,1.636817e-03,1.136377e-02,2.595743e-03,3.053961e-04,4.116863e-03,3.148773e-03,1.636807e-03,2.589301e-03,4.229819e-04,3.399385e-03,2.948069e-04,6.788646e-05,1.376903e-04,2.245635e-04,3.686346e+00,2.555940,0.811406,3.067989,0.916344,0.000000,1.273834,0.000000,0.000000,4.706035,0.000000,0.000000,0.000000,0.000000,4.511367,0.000000,6.986459,0.000000,-1.457394715e-04
1.172550,0.014975681,0.041865632,0.040755921,0.039945248,0.040955330,0.035848620,0.043532385,0.044959991,0.060852007,0.040684066,0.040818608,0.045301362,0.039387141,0.075393704,0.075048658,0.075025040,0.075374300,0.183863770,2.098511e-03,1.342263e-02,1.274419e-03,1.742057e-03,4.173201e-03,2.863795e-04,3.414552e-04,3.368628e-03,2.222734e-03,1.939123e-03,9.288452e-03,6.425794e-05,2.187222e-03,2.863919e-04,1.180326e-04,2.356236e-04,5.287835e-04,1.794592e+00,1.428919,0.740235,0.536086,0.352409,0.000000,3.789315,0.000000,0.000000,0.010700,0.000000,0.000000,0.101494,18.776720,10.719364,0.000000,0.093603,0.000000,-3.935154514e-05
1.175050,0.015028357,0.042027383,0.041007288,0.040043186,0.040910472,0.036425822,0.042946875,0.045061029,0.060535462,0.041165266,0.040913938,0.044733686,0.039384680,0.075549187,0.075016618,0.075063413,0.075435112,0.178927401,2.851562e-03,8.979020e-03,3.436913e-04,1.822474e-03,3.018682e-03,2.384404e-03,1.895879e-04,2.834905e-03,1.650086e-03,2.564499e-03,4.747118e-03,3.003567e-04,2.154002e-03,1.383808e-04,1.681907e-04,2.055944e-04,3.227063e-04,2.438572e+00,0.374138,0.722570,0.919572,0.014407,0.000000,2.292240,0.000000,0.000000,0.000000,0.000000,0.000000,1.573566,1.026069,12.072836,0.000000,0.000000,0.000000,4.661360510e-05
1.177550,0.014984549,0.042129414,0.041197343,0.040079813,0.040935837,0.037059586,0.042300053,0.045100754,0.060157604,0.041585154,0.040947955,0.044105339,0.039439870,0.075647742,0.074953814,0.075074017,0.075434651,0.173929720,8.218652e-04,1.189366e-02,1.004594e-03,3.106927e-03,6.043997e-03,8.207836e-04,4.745426e-04,2.321657e-03,6.529222e-04,4.408013e-04,1.003365e-02,2.946808e-04,2.049259e-03,9.032521e-05,1.850562e-04,1.211188e-04,2.877252e-04,2.018575e+00,0.000710,1.233401,0.689423,0.000000,0.000000,0.208382,0.000000,0.032716,0.000000,0.000000,0.000000,0.333941,0.000000,3.090006,0.000000,0.000000,0.000000,-2.486838224e-05
1.180050,0.014922094,0.042170132,0.041326086,0.040055127,0.040916614,0.037634690,0.041591918,0.045079168,0.059718433,0.041943729,0.040920660,0.043418799,0.039447813,0.075684985,0.074889537,0.075052960,0.075372877,0.168870727,2.039226e-02,8.283556e-03,5.757808e-04,3.153442e-03,7.929557e-03,1.833253e-03,6.935618e-04,4.227131e-03,8.380928e-04,2.965408e-03,3.636633e-03,1.948083e-04,5.103627e-03,1.678226e-04,2.263644e-04,2.364201e-04,4.511889e-04,2.025088e+00,0.000000,2.251396,1.243007,0.000000,0.000000,0.000000,0.000000,0.003576,0.000000,0.000000,0.000000,0.321017,0.000000,0.477129,0.000000,0.000000,0.000000,-1.264636225e-04
1.182550,0.014944877,0.042149537,0.041393515,0.039969128,0.040985758,0.038148481,0.040822470,0.044996268,0.059217950,0.042240992,0.040837119,0.042670966,0.039427422,0.075660915,0.074861804,0.075020788,0.075249792,0.163750421,1.023861e-02,1.365131e-02,8.165547e-04,3.534610e-03,9.363251e-03,1.100662e-03,5.013065e-04,3.353673e-03,1.687844e-03,1.685472e-03,8.511104e-03,1.623884e-04,9.157458e-04,1.807690e-04,2.709905e-04,1.839268e-04,3.474774e-04,3.918931e+00,0.000000,3.140792,1.471744,0.002522,0.000000,0.000000,0.000000,0.000000,0.000000,0.000000,0.000000,0.093854,0.000000,20.902126,0.000000,2.327713,0.000000,-8.891377921e-05
1.185050,0.015010820,0.042067630,0.041399633,0.039828459,0.041240661,0.038600959,0.039991710,0.044852056,0.058656154,0.042476942,0.040826351,0.041865007,0.039346982,0.075575533,0.074871222,0.074982454,0.075071117,0.158568803,4.122910e-04,1.172754e-02,2.788505e-04,2.265105e-03,7.676726e-03,2.376864e-03,4.356324e-04,2.436910e-03,2.337934e-03,1.707022e-03,3.798981e-03,4.069476e-04,4.627727e-03,4.571371e-05,2.724587e-04,2.576576e-04,2.988337e-04,1.365010e+00,0.000000,2.751870,1.803008,0.657383,0.000000,0.000000,0.000000,0.141622,0.406532,0.000000,0.000000,0.004542,0.000000,5.993187,0.000000,15.110188,0.000000,1.810727435e-05
1.187550,0.015009022,0.041925474,0.041344438,0.039774647,0.041471512,0.038992125,0.039124107,0.044656024,0.058033046,0.042651579,0.040907279,0.041036624,0.039229536,0.075428839,0.074919792,0.074941750,0.074895790,0.153325872,3.170559e-04,1.195041e-02,9.898881e-04,1.530000e-03,3.021412e-03,1.129007e-04,6.852952e-04,3.128659e-03,3.047781e-03,1.655703e-03,4.808576e-03,1.932099e-04,3.193282e-03,2.026592e-04,1.451570e-04,3.863036e-04,1.049934e-03,1.277654e+00,0.000000,2.784235,1.534476,2.992650,0.000000,0.000000,0.000000,0.537484,2.222793,1.135472,0.000000,0.506770,1.156920,0.472841,2.859346,1.370277,0.000000,1.509303228e-05
1.190050,0.014941884,0.041825791,0.041227930,0.039881587,0.041641802,0.039321978,0.038435019,0.044492514,0.057348625,0.042764904,0.040928612,0.040184826,0.039084678,0.075220838,0.074976802,0.074897614,0.074775204,0.148021629,1.132628e-02,6.524220e-03,5.085858e-04,1.360242e-03,6.424736e-03,2.303883e-03,1.332993e-03,6.573010e-03,2.370357e-03,2.757719e-03,7.649290e-03,1.786230e-04,2.434473e-03,1.529381e-04,2.729235e-05,2.633425e-04,1.566211e-03,3.520599e+00,0.011196,1.042350,1.850847,3.621582,0.000000,0.000000,0.000000,0.109394,2.571389,2.365730,0.000000,0.052201,8.712847,0.000000,6.694546,0.000000,0.000000,-9.410332066e-05
1.192550,0.014924993,0.041742909,0.041050110,0.040267644,0.041750779,0.039590519,0.037838906,0.044317229,0.056602892,0.042816917,0.040889290,0.039273879,0.038878996,0.074973267,0.074990565,0.074871711,0.074757194,0.142656073,1.887782e-02,1.131988e-02,7.616251e-04,4.552349e-03,6.050386e-03,7.615887e-04,1.634376e-03,8.138036e-03,1.891838e-03,2.677583e-04,7.682047e-03,2.457454e-04,1.941394e-03,5.817739e-04,1.205048e-04,2.928581e-04,1.456467e-03,2.061484e+00,2.033576,0.304864,3.056771,6.286344,0.000000,0.000000,0.000000,0.000000,3.013651,1.021889,0.000000,0.000000,2.577142,0.000000,1.063391,0.444476,0.000000,-1.216570082e-04
1.195050,0.014987061,0.041610235,0.040811194,0.040755814,0.041798444,0.039797748,0.037247754,0.044123389,0.055795846,0.042807617,0.040814582,0.038301619,0.038612268,0.074804647,0.074961011,0.074894055,0.074909823,0.137229204,6.097324e-04,1.298936e-02,7.149073e-04,2.488876e-03,8.176483e-03,1.782020e-03,3.766268e-03,6.383484e-03,4.794593e-04,2.647848e-03,3.408543e-03,3.757105e-04,4.641791e-03,1.589538e-03,1.152764e-04,3.048546e-04,1.000702e-03,2.425411e+00,5.693832,0.973637,2.469887,5.871715,0.069640,0.000000,0.000000,0.000000,0.300304,0.243134,0.000000,0.047242,0.000000,0.000000,4.359039,2.852139,0.000000,-2.062884284e-05
1.197550,0.015017631,0.041416249,0.040668468,0.041188885,0.041784797,0.039953268,0.036719264,0.043975228,0.054927488,0.042737005,0.040853736,0.037268047,0.038455537,0.074776965,0.074920215,0.074924141,0.075133650,0.131741023,1.188379e-03,1.136446e-02,5.417854e-04,5.009593e-03,4.498015e-03,7.696916e-04,3.791670e-03,3.303935e-03,1.114995e-03,1.652383e-03,5.978246e-03,1.763463e-04,7.813847e-04,1.862791e-03,2.588134e-04,1.269049e-04,2.866578e-04,2.345292e+00,5.475716,1.721879,2.327313,1.921505,2.424373,0.505916,0.000000,0.000000,0.000000,2.321624,0.000000,3.457479,0.004082,0.000000,7.659139,22.404667,0.000000,2.934318162e-05
1.200050,0.014963967,0.041203803,0.040566503,0.041560644,0.041709837,0.040176759,0.036358919,0.043838397,0.053997817,0.042605080,0.041089177,0.036173179,0.038435604,0.074869593,0.074894352,0.074977534,0.075335045,0.126191530,4.376629e-03,4.338739e-03,1.204466e-03,1.108182e-03,6.588262e-03,1.537680e-03,3.275670e-03,2.077951e-03,9.141563e-04,1.669418e-03,5.070501e-03,2.988727e-04,3.117839e-03,1.613189e-03,3.184111e-04,9.901126e-05,4.173361e-04,1.133402e+00,5.090749,2.807570,2.062129,0.562802,0.000000,1.453988,0.000000,0.009439,0.000000,2.382675,0.000000,0.047166,8.982377,0.000000,3.466403,4.609444,0.000000,-5.802905083e-05
1.202550,0.014920645,0.041096943,0.040403226,0.041871090,0.041573564,0.040405484,0.036175715,0.043767735,0.053006834,0.042411842,0.041277553,0.035135093,0.038354660,0.075047493,0.074909116,0.075020571,0.075482585,0.120580724,2.113491e-02,5.081371e-03,1.536707e-03,3.427056e-03,5.910391e-03,8.300035e-05,8.784228e-04,3.384906e-03,2.636786e-03,1.453499e-03,3.830748e-03,1.314339e-04,1.524034e-03,6.886059e-04,2.156933e-04,1.120545e-04,2.032156e-04,3.271510e+00,2.815932,2.735311,0.735253,0.004085,0.000000,0.012775,0.000000,3.022069,0.000000,1.462567,0.000000,0.000000,7.485811,0.000000,10.028894,0.000000,0.000000,-1.287217144e-04
1.205050,0.014963241,0.040981231,0.040178637,0.042120223,0.041379552,0.040572950,0.036060245,0.043701845,0.051954539,0.042157293,0.041404616,0.034720069,0.038212403,0.075222534,0.074940828,0.075019676,0.075568817,0.114908606,4.619257e-03,8.788657e-03,8.285346e-04,4.195876e-04,7.752596e-03,1.877640e-03,1.610719e-03,2.817141e-03,2.388276e-03,2.867215e-03,2.743972e-03,8.409921e-04,3.815719e-03,1.990174e-04,2.448772e-04,1.460399e-04,2.637169e-04,2.780274e+00,1.018064,1.729575,0.784066,0.000000,0.000000,0.000000,0.000000,13.481990,0.000000,0.964933,0.001362,0.000000,0.564865,0.391031,0.298269,0.000000,0.000000,-5.910447456e-05
1.207550,0.015018197,0.040827435,0.039892735,0.042308044,0.041182497,0.040679103,0.036068897,0.043575024,0.050840930,0.041879216,0.041470366,0.035712325,0.038008834,0.075374037,0.074963501,0.075008955,0.075593738,0.109175175,1.214872e-03,1.264456e-02,7.562212e-04,3.655848e-03,5.330262e-03,9.010631e-04,2.225810e-03,1.542704e-03,3.147195e-03,4.937982e-04,3.084259e-03,2.223029e-04,5.936883e-04,6.711014e-04,1.571089e-04,2.084292e-04,3.309040e-04,9.274864e-01,1.127275,1.497366,1.798570,0.000000,0.000000,0.000000,0.000000,6.788000,0.000000,4.508185,1.117965,0.000000,4.133524,13.712664,0.000000,0.000000,0.000000,3.002450711e-05
1.210050,0.014988519,0.040750832,0.039564747,0.042434553,0.041164203,0.040723944,0.036384355,0.043386891,0.049666196,0.041710815,0.041474804,0.036799429,0.037743952,0.075489713,0.074979030,0.074987365,0.075557345,0.103380431,5.090269e-04,4.326812e-03,9.399908e-04,1.867096e-03,7.804173e-03,1.632621e-03,3.520253e-03,2.184157e-03,1.250289e-03,1.176178e-03,3.863231e-03,3.953397e-04,4.440432e-03,2.252259e-04,7.327350e-05,2.955811e-04,2.240506e-04,2.451025e+00,0.235511,1.441922,1.258842,0.000000,0.852700,0.000000,0.032560,0.000000,0.000000,0.538821,1.432241,0.000000,8.578020,6.649760,0.000000,0.000000,0.000000,-1.833349463e-05
1.212550,0.014929874,0.040711447,0.039273963,0.042499749,0.041141701,0.040707472,0.036644265,0.043137445,0.048461721,0.041538165,0.041468912,0.037825221,0.037446795,0.075545930,0.074973431,0.074968679,0.075459641,0.097524375,1.648540e-02,7.841370e-03,2.641819e-04,5.171519e-03,4.314902e-03,1.117362e-03,3.594360e-03,2.642916e-03,1.387517e-03,1.413418e-03,3.595539e-03,6.956648e-04,1.283426e-03,2.140130e-04,9.346459e-05,3.138279e-04,2.658824e-04,2.911010e+00,0.000000,0.992639,2.525022,0.000000,0.314186,0.000000,0.571613,0.000000,0.000000,0.000000,0.000498,1.372362,9.212648,4.087905,0.000000,8.855609,0.000000,-1.134707215e-04
1.215050,0.014735604,0.040796685,0.038925674,0.042503633,0.041087133,0.040629688,0.036843650,0.042826711,0.047234227,0.041304206,0.041497554,0.038789701,0.037447900,0.075540834,0.074943194,0.074979388,0.075300624,0.091971379,2.966818e-01,1.061640e-02,7.779124e-04,1.848346e-03,5.297351e-03,1.873086e-03,3.146758e-03,2.199553e-03,3.054005e-04,2.472847e-03,2.137255e-03,2.273168e-04,1.938368e-03,5.984360e-04,3.416262e-05,2.201720e-04,3.361862e-04,4.583729e+00,0.000000,0.864001,2.183273,0.000000,0.000000,0.000000,0.078301,0.000000,0.000000,0.026234,0.000000,4.034863,10.633912,0.007961,0.090435,0.606706,1681.049186,-4.754950673e-04
1.217550,0.014005969,0.040887124,0.038516072,0.042446204,0.040971256,0.040490592,0.036983668,0.042490854,0.045946824,0.041008933,0.041465903,0.039692868,0.037565698,0.075474426,0.074862819,0.074966151,0.075080294,0.088223494,3.448115e+00,8.625875e-03,1.032115e-03,3.993383e-03,2.908347e-03,2.360537e-04,2.802655e-03,5.054641e-03,1.858671e-03,2.149278e-03,5.659929e-03,4.185736e-04,3.271923e-03,1.265259e-04,5.345959e-05,7.539660e-05,2.221709e-04,1.235525e+01,0.000000,0.000000,0.179391,0.000000,0.000000,0.000000,0.045272,0.000000,0.000000,0.000000,0.000000,0.034818,0.000000,0.000000,5.194072,0.000000,2865.083649,-1.680952659e-03
1.220050,0.013587138,0.040916251,0.038045158,0.042327463,0.040803494,0.040290182,0.037062373,0.042197687,0.044646722,0.040652349,0.041372939,0.040534723,0.037622445,0.075346706,0.074721132,0.074892995,0.074801171,0.087065531,6.868298e+00,6.430342e-03,4.663471e-04,4.871681e-04,8.327006e-03,1.310594e-03,5.418535e-03,3.857208e-03,2.387917e-03,2.670958e-03,5.904660e-03,5.069733e-04,2.164469e-03,2.630912e-04,6.585254e-05,1.549137e-04,2.433652e-04,1.538923e+01,0.000000,0.000000,0.031200,0.250852,0.000000,0.000000,1.676817,0.000000,0.000000,0.000000,0.000000,0.000000,0.000000,2.414045,7.488886,0.000000,3742.430684,-2.367229100e-03
1.222550,0.013959113,0.040899768,0.037512932,0.042147409,0.040685547,0.040028461,0.037079766,0.041924545,0.043735635,0.040234451,0.041218663,0.041315265,0.037617880,0.075157673,0.074541326,0.074763187,0.074496065,0.088919498,3.888089e+00,9.847138e-03,7.490018e-04,2.928613e-03,6.194986e-03,9.373150e-04,2.800921e-03,7.172497e-03,2.754819e-03,7.734331e-04,4.785563e-03,3.303399e-04,8.274652e-04,5.848144e-04,4.752691e-04,1.871057e-04,1.392151e-03,1.007995e+01,0.000000,2.807812,0.510464,3.040053,0.000000,0.000000,6.935686,0.000000,0.000000,0.000000,0.000000,0.000000,5.795626,12.537262,2.077549,0.000000,4089.877157,-1.781164190e-03
1.225050,0.014670302,0.040999864,0.036919393,0.041906042,0.040684666,0.039705484,0.037058637,0.041627211,0.043402065,0.039755241,0.041052261,0.042035123,0.037574058,0.074911312,0.074478095,0.074628653,0.074358460,0.093447605,3.859996e-01,5.311193e-03,1.235793e-03,9.033265e-04,6.258056e-03,1.222496e-03,2.887775e-03,1.152855e-02,1.391943e-03,1.093886e-03,6.739637e-03,1.307724e-04,3.774552e-03,4.075184e-04,2.328140e-03,1.062559e-03,4.025689e-03,2.624752e+00,1.000465,7.308850,4.100176,10.256219,0.000000,0.023041,3.148158,0.064877,0.000000,0.648229,0.000000,1.042530,9.655668,5.940531,7.749483,15.260084,2080.590422,-5.528160687e-04
1.227550,0.015518152,0.041114709,0.036288167,0.041675559,0.040827704,0.039411821,0.037055016,0.041555235,0.043099966,0.039214719,0.041155989,0.042785259,0.037716418,0.074757427,0.074674833,0.074683532,0.074583748,0.098583947,9.064313e-01,4.296091e-03,2.708941e-04,5.385297e-03,1.498334e-02,1.798078e-03,4.359415e-03,1.311489e-02,7.192508e-04,6.287900e-04,5.684229e-03,1.012728e-03,1.243067e-03,2.853251e-03,3.310958e-03,2.820476e-03,5.187106e-03,2.571141e+00,7.977548,9.874034,9.434237,12.293855,0.594462,2.114479,0.156829,1.849286,2.463162,1.111458,0.000000,2.823022,8.403119,37.426624,22.423187,12.940712,97.202885,8.329251790e-04
1.230050,0.015405558,0.041463272,0.035688473,0.041797470,0.041434736,0.039267379,0.037161481,0.041636424,0.042829021,0.038623614,0.041296827,0.043586504,0.038013889,0.074825861,0.075087343,0.074960072,0.075081893,0.103670762,5.551245e-01,1.299047e-02,6.851223e-04,3.641282e-03,3.010129e-03,2.584533e-03,2.490104e-03,4.952847e-03,2.919146e-03,1.888668e-03,8.334769e-03,9.710070e-04,2.672895e-03,2.794106e-03,3.911981e-04,1.010234e-03,8.146583e-04,4.813196e+00,6.740092,5.117780,5.138584,5.876331,1.945101,0.990946,1.198608,0.053815,3.475430,1.230993,0.608588,1.338670,18.507734,8.510667,4.228112,4.712601,0.000000,6.525219073e-04
1.232550,0.014559678,0.041847744,0.035251084,0.041994123,0.042001780,0.039086290,0.037245153,0.041671077,0.042544355,0.038137063,0.041411573,0.044326794,0.038306180,0.074989095,0.075520305,0.075260341,0.075601111,0.108696263,6.564750e-01,9.387846e-03,1.051430e-03,6.244408e-03,1.807830e-02,1.542616e-03,3.423263e-03,5.571148e-03,3.227300e-03,9.656465e-04,7.315667e-03,3.830366e-04,4.465544e-03,1.328981e-03,1.133803e-03,1.279009e-03,1.903675e-03,3.050452e+00,2.782367,0.306840,0.404515,0.196547,0.975644,0.000000,0.000000,0.000000,0.033811,0.000000,1.826240,0.000000,0.000000,1.620667,2.063227,0.000000,0.000000,-7.183678184e-04
1.235050,0.014419359,0.042170904,0.035039132,0.042129632,0.042534173,0.038843887,0.037267512,0.041772140,0.042198376,0.037667150,0.041495042,0.045005771,0.038537159,0.075162492,0.075893219,0.075500405,0.076059714,0.113660453,1.127715e+00,1.152911e-02,1.900241e-03,3.806059e-03,2.544264e-02,9.285508e-04,4.598899e-03,1.426908e-02,4.395098e-03,1.574138e-03,7.917154e-03,8.524108e-04,1.590544e-03,9.827919e-04,3.332324e-04,4.245225e-04,7.250754e-04,2.799042e+00,1.066656,0.000000,0.000000,0.000000,6.595270,0.000000,0.000000,0.000000,0.000000,0.000000,0.009159,0.000000,0.000000,1.517960,16.568897,10.887106,0.000000,-9.402197948e-04
1.237550,0.015204505,0.042477114,0.035592870,0.042203829,0.043045673,0.038540173,0.037228558,0.042105525,0.041810692,0.037152471,0.041885960,0.045623436,0.038711223,0.075286792,0.076204820,0.075679157,0.076457004,0.118563330,1.424255e-01,4.743226e-03,9.079588e-04,3.520331e-03,1.306628e-02,3.674175e-03,2.449621e-03,1.527934e-02,3.995793e-03,3.469847e-04,1.864178e-02,1.394855e-03,3.313745e-03,1.223386e-03,9.334886e-04,1.734928e-03,1.902252e-03,3.799462e+00,0.062805,0.000000,0.000000,0.000000,5.918972,0.000000,1.185593,0.000000,0.000000,0.000000,0.796306,0.433979,10.158581,3.457143,12.393943,23.607032,0.000000,3.372937773e-04
1.240050,0.015575015,0.042904448,0.036328276,0.042216713,0.043532357,0.038175196,0.037138724,0.042499780,0.041793553,0.036771340,0.042399020,0.046179788,0.039166771,0.075354879,0.076455109,0.075796596,0.076792982,0.123404894,1.108740e+00,1.736706e-02,3.786863e-04,3.412289e-04,2.858939e-03,2.784760e-03,3.311414e-03,2.277648e-02,1.723957e-03,9.625313e-04,1.796903e-02,3.952265e-04,1.552762e-03,1.126481e-03,5.006208e-04,1.816751e-04,8.930660e-04,3.964578e+00,0.528609,0.000000,0.000000,0.000000,0.333292,0.019970,6.811819,0.000000,0.000000,0.550264,2.658270,6.395756,5.830436,0.505557,6.006636,4.220521,0.000000,9.375837240e-04
1.242550,0.014915295,0.043293499,0.037065650,0.042168284,0.043958519,0.037800913,0.037122337,0.042862778,0.042244237,0.036653130,0.042873432,0.046674828,0.040062701,0.075406275,0.076644086,0.075852723,0.077067647,0.128185146,2.704666e-02,1.078308e-02,1.085631e-03,2.861903e-03,1.985478e-02,1.287637e-03,4.391132e-03,3.585988e-02,2.273648e-03,1.426646e-03,2.032567e-02,6.373675e-04,2.244615e-03,8.355699e-04,5.324672e-04,1.399446e-03,1.215150e-03,3.204443e+00,1.335037,0.000000,0.000000,0.000000,1.260274,0.985646,2.651913,0.000000,0.000000,1.490318,2.821302,1.693142,0.000000,0.000000,0.000000,0.000000,0.000000,-1.363922900e-04
1.245050,0.014362540,0.043621238,0.037849551,0.042058543,0.044323368,0.037421561,0.037136658,0.043164464,0.042879963,0.036598641,0.043286532,0.047108556,0.040936230,0.075411740,0.076771750,0.075847537,0.077281000,0.132904085,1.366258e+00,2.489098e-02,1.671708e-03,1.957017e-03,2.819562e-02,2.435093e-03,1.899119e-03,1.645680e-02,7.643687e-03,2.447575e-03,8.686019e-03,1.165207e-03,1.184959e-03,6.185783e-04,9.743823e-04,8.233961e-04,1.913170e-03,2.077304e+00,0.000183,0.000000,0.000000,0.000000,0.386823,0.174764,2.385105,0.000000,0.000000,0.452476,0.071961,0.000000,0.000000,0.000000,0.000000,0.000000,0.000000,-1.037998735e-03
1.247550,0.014849002,0.043887664,0.038580225,0.041887489,0.044626905,0.037157016,0.037119275,0.043404837,0.043735673,0.036483434,0.043638320,0.047480970,0.041748446,0.075355893,0.076838101,0.075781039,0.077433040,0.137561712,8.030386e-02,6.229542e-03,2.011252e-03,5.470055e-03,1.691704e-02,2.734582e-03,3.930661e-03,1.011839e-02,1.095594e-02,1.978840e-03,9.322038e-03,3.833179e-04,3.114136e-03,1.263843e-03,1.550557e-04,5.785805e-04,1.985830e-04,3.672936e+00,0.000000,0.000000,0.000000,0.000000,0.000000,3.978570,3.034347,0.000000,0.000000,0.077891,0.000000,0.000000,0.000000,0.000000,0.000000,0.000000,0.000000,-2.470898273e-04
1.250050,0.015535309,0.044092777,0.039249585,0.041662123,0.044869129,0.037364299,0.037072570,0.043583898,0.044777525,0.036558284,0.043973725,0.047842177,0.042504431,0.075241210,0.076843140,0.075653277,0.077523768,0.142158027,9.693550e-01,1.534743e-02,1.459769e-03,4.797799e-03,2.036886e-03,8.378092e-04,2.989103e-03,1.391476e-02,9.035039e-03,1.428726e-03,1.079300e-02,6.999002e-04,2.845529e-04,4.570317e-04,1.140550e-03,1.366690e-03,2.209256e-03,4.431191e+00,0.772386,0.000000,0.028113,0.000000,0.000000,4.667473,0.995315,1.588017,0.471915,0.758686,6.468510,0.250893,0.000000,0.000000,0.000000,7.656040,0.000000,8.713676265e-04
1.252550,0.015256934,0.044236578,0.039857634,0.041526894,0.045093030,0.037733518,0.037046032,0.043751262,0.045779869,0.037324622,0.044366133,0.048331623,0.043234822,0.075128802,0.076786866,0.075473646,0.077553184,0.146693029,2.233380e-01,7.982196e-03,9.575431e-04,5.504450e-03,1.317074e-02,3.583144e-03,3.538150e-03,2.287554e-02,5.396770e-03,1.292978e-03,1.035263e-02,3.135076e-04,2.488773e-03,7.621736e-04,2.394675e-04,4.047351e-04,5.668081e-04,2.189539e+00,1.481958,0.000000,0.359593,0.000000,0.000000,0.178852,0.000000,0.927376,1.881991,0.992763,4.325569,0.186026,0.000000,7.657274,4.870243,4.328942,0.000000,4.178459289e-04
1.255050,0.014498258,0.044319067,0.040404370,0.041420017,0.045348372,0.038042832,0.037059612,0.043883796,0.046720900,0.038149861,0.044721248,0.048782121,0.043908614,0.074967944,0.076669280,0.075237213,0.077521287,0.151166718,8.471251e-01,2.346594e-02,2.365108e-04,4.711756e-04,1.874986e-02,1.218333e-03,1.916230e-03,1.431297e-02,2.185023e-03,7.592452e-04,7.914050e-03,2.878300e-04,1.336619e-03,1.298958e-03,7.606170e-04,1.335818e-03,1.345743e-03,2.911884e+00,0.060729,0.000000,0.050689,0.000000,0.000000,0.000000,0.000000,0.000000,0.029465,0.361586,0.000000,0.000000,0.000000,1.159897,0.000000,0.000000,0.000000,-8.157030503e-04
1.257550,0.014553004,0.044340243,0.040889793,0.041251981,0.045544427,0.038334778,0.037018073,0.043955016,0.047600618,0.038913787,0.045015051,0.049171306,0.044521092,0.074751521,0.076490382,0.074972083,0.077428077,0.155579095,6.705073e-01,8.824410e-03,4.167829e-04,3.055354e-03,1.123187e-02,2.145925e-03,4.570200e-03,7.363679e-03,7.255855e-04,9.618727e-04,1.922562e-02,4.258324e-04,1.609105e-03,5.287038e-04,5.852698e-04,1.582220e-03,1.318761e-03,4.599925e+00,1.676635,0.000000,3.119682,0.000000,0.000000,2.201776,0.000000,0.000000,0.000000,0.000000,0.000000,0.000000,0.000000,0.000000,0.000000,0.000000,0.000000,-7.257120280e-04
1.260050,0.015316627,0.044302147,0.041313904,0.041022633,0.045679169,0.039214741,0.036915225,0.043964925,0.048419065,0.039616401,0.045247541,0.049499178,0.045073790,0.074724826,0.076250171,0.074878472,0.077273555,0.159930159,3.375559e-01,1.506767e-02,7.655839e-04,2.709808e-03,5.632255e-03,3.192537e-03,6.506051e-04,1.565306e-02,3.220600e-03,9.644323e-04,1.572734e-02,7.942817e-04,1.164542e-03,3.277234e-03,4.383484e-04,2.582502e-03,9.596119e-04,2.079528e+00,9.877981,0.000000,8.888790,0.000000,0.000000,9.171524,0.022027,0.000000,0.000000,0.005141,0.000000,0.181362,1.392503,0.000000,0.000000,0.000000,0.000000,5.151906742e-04
1.262550,0.015481714,0.044340570,0.041676702,0.040733698,0.045752599,0.040666070,0.036919235,0.043913521,0.049451618,0.040257702,0.045432353,0.049765738,0.045681201,0.074880490,0.075948647,0.074949088,0.077057720,0.164219911,7.800651e-01,5.446104e-03,1.631015e-03,6.929672e-03,7.649896e-03,3.716915e-03,2.814684e-03,2.576715e-02,7.635132e-03,1.302112e-03,1.810643e-02,4.428044e-04,1.823498e-03,2.790555e-03,8.212613e-04,4.043969e-03,1.408665e-03,2.259613e+00,4.928749,0.000000,3.403760,0.000000,0.000000,1.607945,5.433433,0.000000,0.164445,3.945648,0.000000,1.633659,12.290106,0.000000,0.000000,4.661342,0.000000,7.841732392e-04
1.265050,0.014780373,0.044391599,0.041978188,0.040440590,0.045764717,0.042082347,0.037141009,0.043800804,0.050726424,0.040837691,0.045646405,0.049970985,0.046298807,0.075103340,0.075585811,0.075037674,0.076780573,0.168448351,1.624615e-01,2.117052e-02,1.748967e-03,5.518062e-03,1.828138e-02,1.822541e-03,4.062189e-04,1.871105e-02,8.211982e-03,1.199394e-03,1.178699e-02,5.485406e-04,1.000120e-04,2.047797e-03,2.700073e-04,2.755492e-03,7.220488e-04,4.225018e+00,2.348530,0.000000,2.254382,0.000000,0.000000,0.000000,0.111647,0.000000,0.641098,0.386151,0.000000,0.000000,0.000000,0.000000,0.000000,2.772574,0.000000,-3.566603749e-04
1.267550,0.014414278,0.044381316,0.042218362,0.040138795,0.045715521,0.043437312,0.037305985,0.043629763,0.051940800,0.041356367,0.045862016,0.050114920,0.046855100,0.075293315,0.075161729,0.075148275,0.076442113,0.172615478,1.153817e+00,1.663176e-02,1.786939e-03,6.845308e-03,1.201663e-02,5.600481e-03,3.004052e-03,9.208833e-03,2.026894e-03,1.341406e-03,1.067055e-02,3.967869e-04,1.991104e-03,1.642029e-03,9.577729e-04,1.264777e-03,1.790507e-03,3.149076e+00,0.064869,0.030216,1.810996,0.000000,0.000000,0.000000,0.000000,0.000000,0.547069,0.000000,0.000000,0.000000,0.000000,0.000000,2.270109,9.963599,0.000000,-9.528055267e-04
1.270050,0.014994185,0.044309720,0.042397223,0.039815074,0.045605014,0.044730964,0.037409649,0.043561474,0.053093863,0.041821625,0.046157723,0.050197543,0.047350081,0.075422178,0.074730016,0.075227462,0.076042341,0.176721292,8.233017e-04,1.547772e-02,8.384979e-04,1.939205e-03,6.329016e-03,1.151532e-03,1.440060e-03,2.263933e-02,2.764558e-03,8.779910e-04,7.337796e-03,2.438308e-04,1.023429e-03,2.072608e-03,1.042695e-03,2.290323e-03,2.665614e-04,2.597405e+00,0.000000,4.496944,0.309307,0.000000,0.000000,0.000000,0.000000,0.000000,0.193703,0.000000,0.383847,0.000000,0.000000,0.000000,17.280152,2.679098,0.000000,-8.863617958e-06
1.272550,0.015527949,0.044177149,0.042514771,0.039542399,0.045444892,0.045963303,0.037452016,0.043662427,0.054185613,0.042325373,0.046397348,0.050218852,0.047797878,0.075489732,0.074467171,0.075277342,0.075589112,0.180765794,9.364733e-01,3.734005e-03,5.229541e-04,2.475951e-03,7.451335e-03,3.223472e-03,3.142225e-03,1.475999e-02,4.635939e-03,1.316552e-03,9.027802e-03,1.617457e-04,1.419813e-03,1.073947e-03,6.452243e-03,1.845734e-03,2.279877e-03,3.176572e+00,0.009748,9.155577,2.098254,1.167922,0.000000,0.000000,0.000000,0.000000,2.571310,0.008585,1.105967,0.583176,0.471330,4.088329,8.620710,0.000000,0.000000,8.595425284e-04
1.275050,0.015111134,0.044066072,0.042571007,0.039525122,0.045338577,0.047134330,0.037490900,0.043745079,0.055216051,0.042815438,0.046575660,0.050178850,0.048278170,0.075502760,0.074547708,0.075328570,0.075187718,0.184748983,4.168139e-02,1.887689e-02,7.995027e-05,4.818497e-04,1.257633e-02,1.989886e-03,1.188366e-03,1.237150e-02,3.610143e-03,9.407096e-04,5.580835e-03,5.912199e-04,2.088202e-03,2.305991e-03,2.798169e-03,1.630591e-03,1.942720e-03,2.887802e+00,0.321216,12.776740,0.612178,5.174238,0.000000,0.000000,0.000000,0.000000,2.499721,1.363395,0.001365,0.878422,9.934589,5.700989,0.038942,0.000000,0.000000,1.809360748e-04
1.277550,0.014462506,0.043986845,0.042565930,0.039556957,0.045197090,0.048244045,0.037702461,0.043766580,0.056185176,0.043244196,0.046692660,0.050077535,0.048758263,0.075459178,0.074916958,0.075339727,0.074911777,0.188670860,9.676217e-01,8.452372e-03,8.282026e-04,1.915096e-03,9.857009e-03,3.744212e-03,2.042714e-03,1.269548e-02,5.464477e-03,2.173876e-03,6.500576e-03,4.630006e-04,2.245901e-03,6.774016e-04,3.257108e-04,1.721079e-03,2.376162e-03,3.216305e+00,0.000000,5.568114,0.627767,4.577907,0.000000,0.000000,0.000000,0.000000,0.010569,2.480888,0.000000,0.189764,1.018439,0.000000,0.000000,0.000000,0.000000,-8.736908779e-04
1.280050,0.014686220,0.043864219,0.042499541,0.039527517,0.044994290,0.049292447,0.038123414,0.043726768,0.057092989,0.043611641,0.046748347,0.049914907,0.049184423,0.075354282,0.075299352,0.075294344,0.074706310,0.192531425,3.298578e-01,1.667581e-02,1.198899e-03,1.988871e-03,9.236511e-03,8.221982e-04,5.165287e-04,2.028816e-02,9.599810e-03,2.006617e-03,5.499627e-03,5.612445e-04,7.301809e-04,1.961588e-03,6.166762e-04,1.842076e-03,4.692691e-03,2.097171e+00,0.000000,0.031414,0.000000,4.057577,0.000000,0.000000,0.000000,0.000000,0.000000,3.728792,0.000000,0.396453,1.781936,0.000000,0.000000,0.000000,0.000000,-5.098971140e-04
1.282550,0.015391131,0.043692409,0.042371840,0.039468962,0.044730178,0.050383377,0.038741046,0.043626324,0.057939489,0.043917773,0.046742722,0.049690967,0.049756111,0.075200945,0.075620488,0.075202761,0.074667693,0.196330677,5.124091e-01,2.751025e-03,1.940729e-03,3.599816e-03,6.611854e-03,5.657345e-03,1.136526e-03,1.698204e-02,5.649705e-03,2.666553e-03,7.416171e-03,5.694614e-04,1.399411e-03,1.580539e-03,5.786818e-04,1.499746e-03,4.429724e-03,3.255136e+00,2.035147,0.000000,1.892285,9.650539,0.000000,2.709204,0.000000,0.000000,1.539375,0.323821,0.000000,3.363290,0.000000,0.000000,0.466305,0.000000,0.000000,6.364583532e-04
1.285050,0.015375802,0.043459286,0.042182826,0.039690686,0.044404754,0.051706137,0.039300322,0.043475282,0.058724677,0.044162593,0.046675785,0.049405714,0.050492699,0.075117503,0.075880312,0.075149617,0.074911875,0.200068616,4.753861e-01,1.562217e-02,1.592194e-03,1.420311e-03,1.257105e-02,4.278571e-03,7.695913e-04,2.277652e-02,3.077395e-03,1.374619e-03,6.575626e-03,3.875567e-04,1.437569e-03,6.160413e-04,3.749986e-04,2.751585e-03,2.774297e-03,4.259824e+00,2.775425,0.000000,2.335001,8.264364,0.000000,1.484204,0.000000,0.000000,3.403465,0.000000,0.000000,0.511180,0.000000,0.000000,0.867396,0.000000,0.000000,6.119991908e-04
1.287550,0.014678380,0.043164852,0.041932499,0.039992359,0.044018017,0.053007415,0.039798286,0.043331547,0.059448552,0.044346328,0.046547534,0.049059149,0.051175397,0.074999107,0.076078823,0.075067138,0.075289458,0.203745243,3.469016e-01,9.207436e-03,1.228776e-03,4.666105e-03,9.955475e-03,3.013812e-03,1.041653e-03,1.279901e-02,4.514352e-03,1.620096e-03,7.127730e-03,1.199337e-04,1.775489e-03,2.220769e-03,7.538422e-04,1.972215e-03,1.030065e-03,1.719651e+00,0.138462,0.000000,0.001795,3.157550,0.000000,0.000000,0.000000,0.000000,0.001714,0.000000,0.037367,0.000000,0.000000,0.000000,6.114983,0.000000,0.000000,-5.229468254e-04
1.290050,0.014487436,0.042814705,0.041620860,0.040232726,0.043569967,0.054247380,0.040234937,0.043196982,0.060111115,0.044522955,0.046357972,0.048651272,0.051796783,0.074824081,0.076216022,0.074963463,0.075653007,0.207360558,8.818666e-01,1.988431e-02,3.771605e-04,3.443978e-03,8.681438e-03,2.525811e-03,2.796583e-04,2.282591e-02,2.705643e-03,5.803377e-04,6.421374e-03,3.315863e-04,1.744641e-03,8.158542e-04,2.813725e-04,2.569909e-03,7.243139e-04,2.127156e+00,1.680276,0.000000,3.847292,0.064136,0.000000,0.000000,0.000000,0.000000,0.000000,0.000000,1.251449,0.000000,2.528527,0.000000,8.645988,0.000000,0.000000,-8.335324902e-04
1.292550,0.015113216,0.042549560,0.041247908,0.040412259,0.043060605,0.055426033,0.040610276,0.043214456,0.060712365,0.044799808,0.046107097,0.048182081,0.052356856,0.074824882,0.076291909,0.075025455,0.075955389,0.210914559,4.401821e-02,8.953210e-03,2.695719e-04,6.262550e-03,3.753129e-03,8.385156e-03,5.808067e-04,1.397042e-02,2.197218e-03,2.179500e-03,6.370622e-03,3.851856e-04,5.912201e-04,2.749983e-03,6.353813e-04,3.856652e-03,1.138037e-03,4.227437e+00,7.681592,0.000000,7.129489,0.000000,0.000000,0.000000,0.000000,0.000000,0.077328,0.000000,1.437550,0.000000,17.345753,0.000000,9.953936,0.000000,0.000000,1.849760572e-04
1.295050,0.015489264,0.042455881,0.040813644,0.040622194,0.042507786,0.056543373,0.040924302,0.043215627,0.061252303,0.045098125,0.045794909,0.047661808,0.052855617,0.074911112,0.076306482,0.075202202,0.076196458,0.214407249,8.025351e-01,1.828930e-02,4.207735e-04,9.222910e-03,1.283221e-02,3.739034e-03,1.617931e-04,3.561654e-02,7.429507e-03,6.342074e-04,5.794704e-03,5.059132e-04,1.003501e-03,3.488906e-03,3.683731e-04,1.843526e-03,9.126383e-04,2.215008e+00,3.782677,0.000000,3.173293,0.000000,0.000000,0.000000,0.000000,0.433339,1.911404,0.000000,0.166022,0.000000,6.560680,4.952768,1.023135,0.000000,0.000000,7.962628074e-04
1.297550,0.014984245,0.042329243,0.040318068,0.040938394,0.042017525,0.057599401,0.041177016,0.043177229,0.061730929,0.045337673,0.045421409,0.047170546,0.053293065,0.075080673,0.076259744,0.075411336,0.076376215,0.217838626,1.006291e-03,2.242504e-02,1.247686e-03,4.253879e-03,6.611718e-03,4.844043e-03,8.110370e-04,1.703907e-02,7.956854e-03,1.921933e-03,5.098824e-03,6.553129e-04,7.317690e-04,1.578732e-03,4.980138e-04,3.798579e-03,6.581654e-04,2.224161e+00,3.274658,0.000000,2.038383,0.000000,0.000000,0.000000,0.000000,0.900544,0.628036,0.000000,0.000000,0.000000,0.000000,5.730538,0.532800,0.000000,0.000000,-2.537821773e-05
1.300050,0.014466943,0.042141292,0.039761179,0.041206092,0.041491152,0.058594116,0.041368417,0.043078238,0.062148241,0.045515909,0.044986596,0.046656371,0.053669200,0.075230246,0.076151693,0.075586608,0.076494659,0.221208690,9.516590e-01,2.543480e-02,1.636040e-03,1.769188e-03,1.075114e-02,5.157598e-03,6.962421e-04,1.651135e-02,4.639703e-03,6.658321e-04,5.693196e-03,9.148802e-04,9.991975e-04,2.071128e-03,4.890113e-04,1.859798e-03,9.489026e-04,3.579887e+00,0.280725,0.000000,0.072420,0.000000,0.000000,0.000000,0.000000,0.000070,0.000000,0.000000,0.000000,0.000000,0.000000,0.000000,0.000000,0.000000,0.000000,-8.665275072e-04
1.302550,0.014811519,0.041899210,0.039142977,0.041412476,0.040903642,0.059527519,0.041498506,0.042917935,0.062504242,0.045632831,0.044640244,0.046080884,0.053984023,0.075325238,0.075982329,0.075700869,0.076551791,0.224517442,1.199165e-01,1.258669e-02,1.837729e-03,3.559590e-03,1.098911e-02,4.001103e-03,1.083233e-03,6.685292e-03,5.799528e-03,1.997114e-03,8.919217e-03,8.095466e-04,1.501240e-03,1.932951e-03,3.767880e-04,1.488806e-03,9.844667e-04,3.144448e+00,0.000000,0.000000,0.000000,0.000000,0.000000,0.000000,0.000000,0.000000,0.000000,0.000000,0.000000,0.000000,4.333825,0.443085,0.000000,26.191908,0.000000,-3.063282562e-04
1.305050,0.015405663,0.041928098,0.038463845,0.041557549,0.040789440,0.060399609,0.041567282,0.042706257,0.062798929,0.045688442,0.044519703,0.045452271,0.054237534,0.075358918,0.075751653,0.075759801,0.076547610,0.227764882,5.538032e-01,1.323917e-02,1.198957e-03,3.132393e-03,1.769647e-02,5.939430e-04,5.518044e-04,2.974517e-02,4.069994e-03,4.246435e-04,2.148754e-02,6.229212e-04,1.987326e-03,9.558200e-04,5.940454e-04,3.084187e-03,4.657411e-04,2.208877e+00,0.000000,0.000000,0.878359,0.000000,0.049824,0.000000,0.000000,0.377562,0.000000,0.000000,0.000000,0.000000,26.369573,75.274408,3.548401,1.956319,0.000000,6.608431463e-04
1.307550,0.015241863,0.042171464,0.037750444,0.041641308,0.041366098,0.061210387,0.041574746,0.042533901,0.063032305,0.045682739,0.044340769,0.044850005,0.054429732,0.075331285,0.075459664,0.075804209,0.076492010,0.230951008,1.975108e-01,4.098260e-02,6.648629e-04,4.494829e-03,1.454494e-02,6.320444e-03,6.979850e-04,1.251138e-02,7.324209e-04,2.046227e-03,9.408470e-03,3.898450e-04,9.859275e-04,2.189010e-03,1.717715e-04,1.403133e-03,1.343899e-03,2.012358e+00,0.000000,0.000000,0.990428,1.010441,0.335231,0.000000,0.000000,0.972543,0.000000,0.000000,0.000000,0.000000,21.757553,9.707552,4.999938,0.000000,0.000000,3.942663414e-04
1.310050,0.014618741,0.042599873,0.036990684,0.041663756,0.042054039,0.061959852,0.041530882,0.042323228,0.063204368,0.045615725,0.044100522,0.044232572,0.054560618,0.075251999,0.075106363,0.075799421,0.076424061,0.234075823,4.887893e-01,2.333571e-02,2.070832e-04,9.292300e-03,2.079388e-02,4.688578e-03,6.456147e-05,1.403979e-02,3.483845e-03,5.293242e-04,2.560455e-02,3.413824e-04,1.203633e-03,7.784607e-04,6.104324e-04,1.331431e-03,7.995427e-04,3.268897e+00,0.371644,0.000000,0.000000,1.139832,0.102484,0.000000,0.000000,0.013656,0.000000,0.311808,0.000000,0.000000,3.032606,13.116383,0.000000,0.000000,0.000000,-6.200568264e-04
1.312550,0.014601468,0.042972446,0.036282226,0.041624890,0.042764178,0.062648005,0.041482633,0.042051243,0.063315118,0.045487398,0.043798963,0.043553894,0.054630191,0.075114645,0.074729096,0.075733320,0.076317070,0.237139325,5.323003e-01,1.720117e-02,9.077280e-04,6.766575e-03,2.298343e-02,4.113759e-03,5.022081e-04,1.245602e-02,7.406602e-03,1.892622e-03,9.208159e-03,2.935986e-05,6.562212e-04,1.447904e-03,1.265031e-03,3.156247e-03,7.168454e-04,3.341313e+00,0.000000,3.852830,0.000000,0.520355,3.236360,0.000000,0.000000,0.000000,0.000000,0.713835,0.000000,0.000000,0.000000,0.578875,0.000000,0.000000,0.000000,-6.475700592e-04
1.315050,0.015211799,0.043283707,0.035995154,0.041524712,0.043457438,0.063274845,0.041440107,0.041727621,0.063364556,0.045297758,0.043440588,0.042814296,0.054638451,0.074967790,0.074567019,0.075605907,0.076227204,0.240141514,1.507883e-01,1.309051e-02,1.183300e-04,3.685733e-03,1.414279e-02,5.752421e-03,8.312273e-04,3.133864e-02,5.159253e-03,5.202467e-04,2.128856e-02,2.533909e-04,6.523502e-04,2.197059e-03,3.714716e-03,1.159104e-03,2.603230e-03,1.889425e+00,4.727088,10.654636,0.000000,4.808016,3.694447,0.000000,0.000000,0.049086,0.000000,0.413303,0.000000,0.000000,0.000000,3.633140,6.646412,1.973140,0.000000,3.455121995e-04
1.317550,0.015399237,0.043579008,0.035803976,0.041363222,0.044107400,0.063840373,0.041352473,0.041875371,0.063352681,0.045046806,0.043105348,0.042041097,0.054585399,0.074967367,0.074690502,0.075417181,0.076271283,0.243082391,5.347285e-01,3.474815e-02,7.288113e-04,4.013177e-03,1.336450e-02,5.836488e-03,1.810060e-03,2.268337e-02,6.618906e-03,2.054110e-03,8.164689e-03,2.869546e-04,9.134244e-04,1.359271e-03,4.053240e-03,1.358212e-03,3.570608e-03,2.549283e+00,4.324033,7.966069,0.000000,4.883404,1.575195,0.000000,0.000000,0.359894,0.000000,0.002616,0.000000,0.000000,10.416498,0.000000,52.958655,7.082181,0.000000,6.500452738e-04
1.320050,0.014852770,0.043986721,0.036134340,0.041140419,0.044696050,0.064344589,0.041203536,0.042373760,0.063279494,0.044734541,0.042770422,0.041221083,0.054471035,0.075008314,0.074959162,0.075168739,0.076366563,0.245961956,7.260980e-02,1.932803e-02,6.228112e-04,2.064209e-03,1.171595e-02,9.890003e-04,1.743483e-03,1.523086e-02,6.774258e-03,2.668321e-04,2.025545e-02,3.425072e-04,1.916475e-03,2.329520e-03,1.257628e-03,3.016432e-03,1.617586e-03,3.917547e+00,1.779602,5.043480,0.134290,2.377407,7.718539,0.000000,0.000000,0.000000,0.000000,0.000000,0.000000,0.000000,4.311349,0.000000,1.610960,0.653005,0.000000,-2.390340630e-04
1.322550,0.014516568,0.044344167,0.036815577,0.040856304,0.045223387,0.064787491,0.041005626,0.042813091,0.063144994,0.044360964,0.042375305,0.040361404,0.054295358,0.075002451,0.075293288,0.074862608,0.076527229,0.248780208,7.840132e-01,1.220093e-02,3.580894e-04,1.801300e-03,1.913691e-02,3.736108e-03,1.755190e-03,2.068444e-02,2.521997e-03,2.027183e-03,1.026681e-02,5.355853e-04,1.191722e-03,1.776925e-03,9.241696e-04,5.430719e-04,1.697719e-03,1.482217e+00,0.457721,1.355486,0.288921,5.275529,0.561414,0.000000,0.000000,0.914591,0.000000,0.475130,0.000000,0.000000,0.000000,0.000000,0.158997,0.000000,0.000000,-7.861687023e-04
1.325050,0.014956225,0.044640300,0.037444885,0.040510876,0.045691128,0.065169082,0.040860464,0.043198246,0.062949182,0.043926074,0.041918876,0.039654829,0.054058369,0.075029710,0.075574629,0.074678785,0.076800700,0.251537147,6.539404e-03,2.025476e-02,1.825659e-04,7.300555e-03,1.771939e-02,4.965257e-03,1.166887e-03,2.467180e-02,9.083182e-04,4.008381e-04,1.738254e-02,1.987261e-04,1.558788e-03,1.905614e-03,1.379347e-03,3.318329e-03,1.647564e-03,1.806968e+00,3.026892,0.000000,9.110648,3.392997,0.000000,0.000000,0.000000,2.636074,0.000000,1.561205,0.000000,0.000000,0.000000,1.199347,0.331877,0.000000,0.000000,-7.094772203e-05
1.327550,0.015416293,0.044875121,0.038012881,0.040104136,0.046175500,0.065489359,0.040786499,0.043522555,0.062772950,0.043429872,0.041402495,0.039075856,0.053760067,0.075045201,0.075794658,0.074708277,0.077065271,0.254232774,5.825714e-01,3.003689e-02,2.657686e-04,7.577818e-03,2.691288e-02,2.958907e-03,1.501565e-03,1.993783e-02,6.642407e-03,1.890146e-03,6.195580e-03,1.164539e-03,9.667068e-04,3.282656e-03,4.605148e-04,5.565977e-03,4.120862e-04,4.146845e+00,2.212986,0.000000,7.283122,0.462714,0.000000,0.000000,2.667523,0.974052,0.000000,0.645102,0.000000,0.000000,0.000000,8.070234,0.000000,2.070751,0.000000,6.780157713e-04
1.330050,0.015108933,0.045048629,0.038519564,0.039642542,0.046717471,0.065748325,0.040671629,0.043785553,0.062934158,0.042872357,0.041310431,0.038491081,0.053400452,0.075116737,0.075953374,0.074894508,0.077298078,0.256867088,3.983041e-02,2.491408e-02,6.885419e-04,5.490938e-03,1.426458e-02,5.010990e-03,5.630898e-04,1.303044e-02,4.551944e-03,3.607691e-04,6.732960e-03,1.915573e-03,5.662226e-04,1.106395e-03,1.434983e-03,1.913987e-03,1.136302e-03,2.514193e+00,2.829639,0.000000,5.476901,1.019672,0.000000,0.000000,3.062461,0.098880,0.177359,0.000000,0.000000,0.000000,0.000000,5.005981,0.000000,49.691213,0.000000,1.775048074e-04
1.332550,0.014568888,0.045160825,0.038964935,0.039131651,0.047222614,0.065945977,0.040495447,0.043987238,0.063152492,0.042253530,0.041486738,0.037846130,0.052979525,0.075167640,0.076050777,0.075178337,0.077483729,0.259440090,6.239476e-01,1.162467e-02,7.940770e-04,5.891347e-03,1.604147e-02,7.004583e-03,5.871079e-04,1.663804e-02,1.446093e-03,2.043169e-03,1.646785e-02,2.515866e-03,4.539105e-04,2.407491e-03,4.596755e-04,2.816343e-03,7.684164e-04,1.462403e+00,0.780171,0.000000,2.775534,0.000600,0.000000,0.000000,0.012049,0.000000,0.000000,0.000000,0.000000,0.000000,0.000000,0.000000,0.000000,0.669900,0.000000,-7.010017976e-04
1.335050,0.014719808,0.045211708,0.039348993,0.038589403,0.047666444,0.066082318,0.040277604,0.044127610,0.063309558,0.041573390,0.041622158,0.037148893,0.052497286,0.075183366,0.076086869,0.075430890,0.077608068,0.261951780,2.629510e-01,1.533865e-02,6.801035e-04,3.508297e-03,9.586281e-03,3.284732e-03,6.275127e-04,2.427793e-02,3.236073e-03,2.209339e-04,1.117763e-02,3.253067e-03,1.496118e-03,2.073461e-03,1.354685e-03,2.036661e-03,7.008902e-04,3.448013e+00,0.269982,0.000000,0.000000,0.000000,0.000000,0.000000,0.000000,0.622858,1.372660,0.857633,0.000000,0.000000,0.000000,0.000000,0.000000,2.497266,0.000000,-4.552144105e-04
1.337550,0.015296052,0.045201279,0.039671739,0.038385987,0.048048962,0.066157345,0.040181511,0.044206670,0.063405312,0.040846292,0.041717434,0.036777398,0.051953734,0.075141503,0.076061647,0.075622130,0.077671095,0.264402157,2.942543e-01,2.520620e-02,6.882547e-04,1.248422e-03,8.774307e-03,2.232136e-03,1.170364e-03,2.054594e-02,4.505664e-03,2.069315e-03,1.956571e-02,2.920153e-03,1.048764e-03,1.018644e-03,7.533889e-04,1.296324e-03,7.927803e-04,2.501102e+00,0.000000,0.000000,0.000000,0.000000,0.000000,0.000000,0.000000,7.876350,5.645748,1.862162,0.828427,0.000000,0.000000,0.000000,0.000000,0.000000,0.000000,4.820111385e-04
1.340050,0.015316190,0.045129537,0.039933172,0.038511248,0.048370167,0.066171061,0.040107731,0.044225082,0.063439753,0.040291167,0.041751398,0.037130088,0.051350750,0.075055076,0.075975114,0.075752058,0.077672809,0.266791221,3.356097e-01,2.771138e-02,3.246053e-04,6.103103e-03,7.386992e-03,5.156306e-03,5.094168e-04,1.231612e-02,4.894648e-04,2.813723e-04,6.781857e-03,2.641071e-04,1.751631e-03,2.320230e-03,7.699605e-04,2.887875e-03,9.176019e-04,1.997614e+00,1.590586,0.000000,0.000000,0.000000,0.000000,0.000000,0.000000,3.898686,1.070878,0.030704,2.563534,0.187472,0.000000,0.000000,0.731810,0.000000,0.000000,5.147246784e-04
1.342550,0.014753351,0.044996483,0.040133293,0.038597741,0.048630060,0.066123463,0.039972809,0.044285222,0.063412988,0.039781057,0.041724049,0.037532059,0.050772249,0.075014268,0.075827267,0.075820673,0.077613210,0.269118973,2.039012e-01,1.473520e-02,1.043628e-04,2.293805e-03,1.470631e-02,2.177328e-03,1.456620e-03,2.203181e-02,2.777528e-03,3.627751e-03,1.465254e-02,2.126883e-03,1.448311e-03,1.177153e-03,1.196607e-03,1.352708e-03,4.693433e-04,2.251276e+00,2.557070,0.000000,0.000000,0.000000,0.000000,0.000000,0.025774,0.007241,0.000000,0.000000,0.006319,1.263608,0.000000,0.000000,16.038826,0.000000,0.000000,-4.006409189e-04
1.345050,0.014565541,0.044812025,0.040272102,0.038623689,0.048828641,0.066014554,0.039776575,0.044542939,0.063378190,0.039209655,0.041635387,0.038080330,0.050218937,0.074932525,0.075618116,0.075827976,0.077492299,0.271385412,6.336117e-01,1.317109e-02,3.266477e-04,1.452299e-03,1.933841e-02,3.266064e-03,1.397342e-04,1.260734e-02,4.871451e-03,2.182767e-03,6.424553e-03,3.615948e-03,1.252553e-03,7.500568e-04,2.354682e-04,1.672423e-03,8.978140e-04,3.073718e+00,0.059156,0.018695,0.000000,0.000000,0.000000,0.000000,1.237854,5.188553,0.137249,0.000000,0.000000,0.337317,2.910905,0.000000,8.540558,0.000000,0.000000,-7.064985210e-04
1.347550,0.015064713,0.044664468,0.040349597,0.038880613,0.048965908,0.065844331,0.039519028,0.044788842,0.063422448,0.038576940,0.041510304,0.039032177,0.049676696,0.074898388,0.075396313,0.075773966,0.077310076,0.273590539,1.419054e-02,1.429783e-02,5.920318e-04,8.854251e-03,1.767823e-02,6.230915e-03,1.457693e-03,8.854914e-03,2.824680e-03,4.158777e-03,1.681839e-02,3.840315e-03,6.590486e-04,2.241561e-03,1.872440e-03,2.331947e-03,8.833307e-04,3.322673e+00,7.031360,3.577567,0.000000,0.000000,0.000000,0.000000,0.938648,1.659802,7.070776,0.000000,0.000000,1.500134,6.172586,0.000000,1.535669,8.052562,0.000000,1.059241915e-04
1.350050,0.015393684,0.044491307,0.040365781,0.039918539,0.049041864,0.065612797,0.039200168,0.045038666,0.063441272,0.037882913,0.041590455,0.039963628,0.049261265,0.075016623,0.075272860,0.075658692,0.077067416,0.275734354,5.210099e-01,3.280344e-02,6.210910e-04,4.085231e-03,1.212251e-02,5.773445e-03,7.662015e-04,9.860206e-03,5.063281e-03,2.059686e-03,1.302970e-02,1.727873e-03,2.383965e-03,1.722723e-03,2.500002e-03,1.247486e-03,2.926261e-04,1.115366e+00,3.309763,4.305329,0.008545,0.137030,0.000000,0.000000,0.002270,0.000181,5.344059,0.000000,0.000000,1.350222,0.550014,0.000000,10.100249,17.667003,0.000000,6.410875487e-04
1.352550,0.015002461,0.044263526,0.040324751,0.041067291,0.049056507,0.065319949,0.038826515,0.045336580,0.063398791,0.037127573,0.041776322,0.040833768,0.048833041,0.075119045,0.075192164,0.075482638,0.076776597,0.277816856,1.186878e-04,2.276247e-02,8.434705e-04,1.869516e-03,9.564206e-03,2.079819e-03,1.177069e-03,1.413157e-02,7.333783e-03,3.177918e-03,1.254335e-02,2.518461e-03,4.461429e-03,1.986923e-03,2.326443e-03,1.418087e-03,1.360670e-03,2.232343e+00,0.352957,2.286408,0.009585,0.664365,0.154343,0.000000,0.000000,0.000000,0.000000,0.440489,0.000000,0.000000,0.000000,0.000000,0.647002,4.544866,0.000000,4.152094240e-06
1.355050,0.014566049,0.043974433,0.040241255,0.042154731,0.049009837,0.064965790,0.038547681,0.045573860,0.063295994,0.036335038,0.041915292,0.041642594,0.048343505,0.075165386,0.075153648,0.075245321,0.076461215,0.279838045,6.311411e-01,1.662179e-02,6.411656e-04,1.009405e-02,8.923808e-03,5.518240e-03,8.344226e-04,7.832196e-03,2.183909e-03,3.159496e-04,1.088650e-02,2.056013e-03,5.935515e-03,2.158601e-03,2.411059e-03,2.187360e-03,4.927559e-04,3.772677e+00,0.000000,3.972250,0.000000,1.458805,0.171124,0.000000,0.133243,0.000000,0.000000,2.327219,1.149554,0.000000,0.000000,0.000000,0.000000,0.000000,0.000000,-7.053911239e-04
1.357550,0.014823240,0.043624027,0.040150994,0.043180858,0.048901855,0.064550318,0.038395612,0.045749828,0.063268238,0.035757724,0.041995013,0.042390108,0.047792657,0.075150419,0.075192242,0.074966217,0.076153912,0.281797922,1.046166e-01,8.677021e-03,2.539701e-04,5.603944e-03,8.176757e-03,2.714887e-03,2.261324e-03,4.967735e-03,3.254907e-03,2.796420e-03,1.037827e-02,6.167788e-03,4.794720e-03,1.330393e-03,1.831317e-03,1.353607e-03,1.616322e-03,1.477105e+00,0.006960,3.024710,2.830598,2.769945,1.068484,0.000000,2.970902,0.000000,0.000000,0.957144,3.097675,0.000000,0.000000,0.000000,0.000000,1.290392,0.000000,-2.869527731e-04
1.360050,0.015326798,0.043212309,0.040202225,0.044145672,0.048732560,0.064073533,0.038233198,0.045864483,0.063537387,0.035425140,0.042104773,0.043076310,0.047180496,0.075089424,0.075245276,0.074811946,0.075904726,0.283696486,3.581168e-01,2.739919e-02,4.252473e-04,4.540235e-03,8.290665e-03,1.853198e-03,1.640141e-03,5.997696e-03,3.015117e-03,1.091679e-03,1.949787e-02,4.771388e-03,2.678385e-03,2.428529e-03,2.370530e-03,3.276100e-03,2.991745e-03,1.894010e+00,1.731232,2.732479,7.039209,3.903840,2.633306,0.000000,2.546380,0.000000,0.000000,0.159727,5.232599,0.000000,0.000000,0.000000,0.000000,12.123976,0.000000,5.320618099e-04
1.362550,0.015218259,0.042771106,0.040382295,0.045049174,0.048501953,0.063535436,0.038022610,0.045917826,0.063838252,0.035768271,0.042349389,0.043701199,0.046507022,0.075086055,0.075381194,0.074803197,0.075738767,0.285533738,1.604225e-01,2.282480e-02,1.475114e-04,7.520143e-03,1.078008e-02,3.888744e-03,2.534185e-03,1.287393e-02,1.267758e-03,2.192320e-03,8.093565e-03,5.022832e-03,4.030363e-04,9.473611e-04,6.491880e-04,3.662061e-03,2.540916e-03,3.776324e+00,3.598380,4.262301,3.643707,4.272984,0.621308,0.000000,0.000000,0.000000,0.000000,0.551653,7.587062,0.000000,4.821401,0.000000,0.000000,6.411654,0.000000,3.556494492e-04
1.365050,0.014694080,0.042312098,0.040514829,0.045891364,0.048210033,0.062936026,0.037888627,0.045909857,0.064077805,0.036598536,0.042552891,0.044264776,0.045772236,0.075080073,0.075531836,0.074877145,0.075653844,0.287309678,3.137706e-01,1.480345e-02,1.684536e-04,4.948857e-03,1.695791e-02,6.744196e-03,1.643073e-03,8.724910e-03,3.183993e-03,3.338724e-03,2.289328e-02,3.323323e-03,5.704302e-04,1.745889e-03,1.514824e-03,2.355130e-03,2.033494e-03,2.078082e+00,0.577301,0.361076,5.553066,4.015926,0.000000,0.000000,0.000000,0.000000,0.000000,1.836582,1.284705,0.000000,0.000000,0.000000,0.000000,0.000000,0.000000,-4.972545311e-04
1.367550,0.014648397,0.041791776,0.040586050,0.046672241,0.047856801,0.062275304,0.037867985,0.045840574,0.064256045,0.037386946,0.042695080,0.044767040,0.044982315,0.075028916,0.075622977,0.075073179,0.075650249,0.289024305,4.149770e-01,6.093646e-03,4.197583e-04,5.277298e-04,1.437895e-02,2.492466e-03,1.509930e-03,6.595376e-03,1.858288e-03,1.913926e-03,2.015852e-02,2.637248e-03,2.171932e-03,2.534353e-03,1.309669e-03,1.793885e-03,6.944673e-04,1.580708e+00,0.212490,0.000000,2.866758,3.987539,0.000000,0.000000,0.000000,0.000000,0.000000,1.285920,0.000000,0.414286,0.000000,0.000000,0.000000,0.000000,0.000000,-5.717603665e-04
1.370050,0.015151123,0.041220712,0.040596684,0.047450312,0.047442256,0.061644752,0.037896463,0.045709980,0.064372973,0.038114043,0.042775957,0.045207992,0.044423000,0.074939581,0.075652805,0.075229561,0.075691255,0.290677619,7.703942e-02,2.621565e-02,2.765391e-04,9.418458e-03,1.131097e-02,6.702073e-03,1.099397e-03,4.127077e-03,1.679481e-03,3.734397e-03,2.240821e-02,6.441355e-04,3.747442e-03,1.120522e-03,6.885532e-04,1.825384e-03,1.226130e-03,2.422747e+00,2.544560,0.000000,0.000000,1.916972,0.064172,2.997058,0.000000,0.000000,1.997299,1.113982,0.000000,5.639303,6.362577,0.000000,0.000000,0.000000,0.000000,2.468122973e-04
1.372550,0.015336703,0.040991484,0.040567204,0.048511997,0.046966399,0.061417936,0.037962784,0.045518073,0.064428589,0.038779828,0.042812992,0.045587631,0.044275271,0.074909684,0.075621320,0.075328073,0.075712145,0.292269621,3.805921e-01,1.833013e-02,1.371943e-04,8.996069e-03,4.946660e-03,4.333055e-03,6.971741e-04,1.175719e-02,1.209613e-03,1.817323e-03,8.291601e-03,3.458383e-03,1.123938e-03,2.595783e-03,1.334909e-03,1.231222e-03,5.591896e-04,2.789776e+00,3.504579,0.000000,0.413786,0.785994,0.211142,3.661158,0.000000,0.000000,3.344579,0.406488,0.000000,1.753562,44.957350,0.000000,0.000000,3.084847,0.000000,5.484109109e-04
1.375050,0.014893175,0.041310769,0.040483166,0.049674996,0.046429230,0.061266841,0.037976550,0.045264853,0.064422891,0.039384300,0.042850863,0.045905958,0.044108480,0.074943956,0.075528523,0.075379294,0.075694127,0.293800311,3.838666e-02,7.753418e-03,4.480315e-04,2.472808e-03,8.527989e-03,3.681156e-03,8.480868e-04,8.581633e-03,3.378127e-03,2.044911e-03,1.258156e-02,4.403756e-03,3.161343e-04,1.323700e-03,1.009834e-03,1.785748e-03,5.009578e-04,2.293268e+00,2.784329,0.000000,0.185257,0.333649,0.000000,0.000000,0.000000,0.000000,0.099004,0.000000,0.000000,0.000000,22.854777,0.000000,0.000000,2.638988,0.000000,-1.736473765e-04
1.377550,0.014586653,0.041791209,0.040337816,0.050777382,0.045830747,0.061054432,0.037929003,0.044950321,0.064355882,0.039927460,0.042837238,0.046163925,0.043880376,0.074963563,0.075374413,0.075372538,0.075618065,0.295269688,5.723019e-01,1.486379e-02,2.159875e-04,4.618031e-03,6.770505e-03,3.936347e-03,7.455891e-04,7.751518e-03,8.978186e-04,1.548781e-03,1.282354e-02,4.928312e-03,2.209228e-03,6.641349e-04,8.315535e-04,1.260786e-03,8.280313e-04,2.106172e+00,0.776587,0.000000,0.000000,0.000000,0.000000,0.000000,0.000000,0.113264,0.000000,0.000000,0.000000,0.000000,9.639319,0.000000,0.000000,0.000000,0.000000,-6.718923300e-04
1.380050,0.014934801,0.042391002,0.040131154,0.051818455,0.045170953,0.060780712,0.037820144,0.044580707,0.064227559,0.040431738,0.042762300,0.046439565,0.043590960,0.075033285,0.075175567,0.075304470,0.075480691,0.296677752,1.429213e-02,1.130554e-02,1.375970e-04,1.076061e-02,1.050799e-02,3.884562e-03,8.992807e-04,4.339231e-03,3.045890e-03,3.056479e-03,1.763995e-02,4.724839e-03,4.278895e-03,1.729488e-03,1.658781e-03,9.682906e-04,2.609537e-04,2.363753e+00,4.942787,2.027910,0.000000,0.000000,0.000000,0.000000,0.000000,1.417852,0.000000,0.000000,0.711355,0.000000,17.604282,0.000000,4.989276,0.000000,0.000000,-1.053979440e-04
1.382550,0.015332249,0.043141710,0.039907661,0.052798216,0.044546159,0.060445679,0.037734714,0.044501020,0.064037925,0.040979287,0.042626049,0.046774499,0.043240231,0.075150644,0.075047772,0.075221799,0.075297216,0.298024504,3.710163e-01,4.435135e-03,6.389926e-04,2.558845e-03,7.282277e-03,2.902947e-04,1.260276e-03,1.401643e-02,2.101872e-03,1.466637e-03,8.057118e-03,2.101880e-03,6.356040e-03,1.215139e-03,2.131120e-03,2.168588e-03,1.212036e-03,2.877700e+00,1.254819,4.767635,3.511607,1.563710,1.839048,0.000000,0.000000,0.504300,0.000000,2.352956,0.861540,0.000000,4.268144,16.723818,24.864394,0.000000,0.000000,5.410026850e-04
1.385050,0.015111384,0.043843552,0.039865167,0.053716664,0.044049488,0.060049333,0.037817069,0.044469014,0.063786978,0.041503085,0.042428486,0.047059598,0.042828190,0.075243976,0.075008465,0.075194136,0.075139748,0.299309943,4.186804e-02,8.145746e-03,1.134607e-03,6.890226e-03,1.947070e-02,3.109715e-03,2.637758e-03,2.547041e-02,2.360535e-03,3.740809e-03,1.428565e-02,1.142980e-03,5.217300e-03,1.900443e-03,2.245774e-03,1.146105e-03,1.545629e-03,1.327318e+00,1.124570,3.204256,1.789391,2.654122,1.179182,0.000000,0.000000,0.000000,0.000000,0.831959,0.007333,0.000000,0.000000,1.785721,0.000000,0.000000,0.000000,1.816054795e-04
1.387550,0.014659685,0.044484082,0.039788965,0.054573799,0.043494967,0.059591675,0.037856035,0.044375695,0.063474718,0.041965602,0.042169610,0.047283384,0.042355438,0.075294746,0.075007235,0.075132617,0.075005582,0.300534070,3.888819e-01,1.574267e-02,1.905468e-03,9.918684e-03,1.495502e-02,4.247345e-03,9.929403e-04,2.500705e-02,4.692841e-04,1.789489e-03,1.394928e-02,1.580421e-03,3.268705e-03,2.087367e-03,2.899398e-03,1.715681e-03,2.141146e-03,1.852400e+00,0.025922,3.204953,0.269452,2.901905,0.000000,0.000000,0.000000,0.000000,0.000000,0.000000,0.000000,0.091381,0.000000,0.000000,0.000000,0.000000,0.000000,-5.532869204e-04
1.390050,0.014743580,0.045063299,0.039651452,0.055369623,0.042879134,0.059082118,0.037833687,0.044221064,0.063101146,0.042366806,0.041849422,0.047445858,0.041972079,0.075284258,0.075070807,0.075032679,0.074984181,0.301696885,2.204374e-01,1.316590e-02,2.526020e-03,3.424003e-03,2.213183e-02,3.653659e-03,2.454939e-03,9.414258e-03,3.239838e-03,1.968399e-03,2.107470e-02,4.196235e-03,1.387719e-03,1.247717e-03,1.634310e-03,2.235363e-03,2.955907e-03,3.706892e+00,0.000000,3.453974,2.541195,7.531847,0.000000,0.652630,0.000000,0.000000,0.000000,0.000000,0.000000,4.293697,0.000000,0.000000,0.000000,0.000000,0.000000,-4.166427305e-04
1.392550,0.015210465,0.045587376,0.039452625,0.056104133,0.042234890,0.058773414,0.037750028,0.044005121,0.062666261,0.042706698,0.041467922,0.047547020,0.042374366,0.075228104,0.075165031,0.075012431,0.075177011,0.302798387,1.493911e-01,6.450476e-03,1.532469e-03,3.423246e-03,8.311564e-03,3.082540e-03,2.621640e-03,9.919286e-03,8.097440e-04,2.188086e-03,7.991162e-03,4.632639e-03,1.700074e-03,1.975979e-03,1.687527e-03,1.956856e-03,4.122440e-03,1.831114e+00,1.672851,2.426368,3.643320,6.811339,0.000000,4.031655,0.000000,0.000000,0.000000,0.000000,0.000000,10.089952,2.410142,8.587780,0.000000,0.000000,0.000000,3.430905615e-04
1.395050,0.015262192,0.046150988,0.039208706,0.056777331,0.041684064,0.058681106,0.037605056,0.043738529,0.062170064,0.042985277,0.041057007,0.047586869,0.043406237,0.075220462,0.075327599,0.075037972,0.075490804,0.303838576,2.307056e-01,5.571260e-03,1.705716e-03,1.010401e-02,2.451775e-02,3.521345e-04,3.072298e-03,1.965130e-02,2.399548e-03,3.013189e-03,9.828604e-03,6.434427e-03,9.622398e-04,1.340851e-03,1.966424e-03,2.379057e-03,2.531837e-03,1.340379e+00,3.504493,4.569925,3.264196,4.279038,0.672745,0.694231,0.000000,0.000000,0.000000,0.000000,0.000000,2.674735,9.531576,6.853100,3.585113,5.958915,0.000000,4.272745089e-04
1.397550,0.014817703,0.046751783,0.039025326,0.057389217,0.041163731,0.058538460,0.037399572,0.043517754,0.061612554,0.043202544,0.040678124,0.047565406,0.044489464,0.075215881,0.075533089,0.075135529,0.075881272,0.304817453,1.116166e-01,7.000998e-03,6.354753e-04,2.759732e-03,5.734691e-03,1.911187e-03,1.139976e-03,2.014173e-02,2.121551e-03,1.134277e-03,6.847586e-03,4.310015e-03,1.356877e-03,1.184590e-03,1.140290e-03,1.406488e-03,8.017455e-04,3.170527e+00,0.366587,1.069067,3.760539,3.210933,1.149476,0.000000,0.000000,0.000000,0.000000,0.066772,0.000000,0.168388,1.384241,2.842260,5.602016,4.549903,0.000000,-2.960899442e-04
1.400050,0.014639298,0.047293968,0.038838930,0.057939790,0.040647163,0.058334501,0.037161756,0.043261422,0.060993732,0.043358499,0.040368459,0.047482630,0.045513522,0.075152641,0.075685642,0.075248014,0.076274739,0.305735017,4.363244e-01,1.177200e-02,5.212205e-04,5.311001e-03,2.515438e-02,3.305330e-03,2.949432e-03,7.889177e-03,3.006458e-03,3.691745e-03,1.220542e-02,2.920384e-03,7.425036e-04,2.452146e-03,1.304079e-03,1.148978e-03,1.076578e-03,2.067503e+00,0.000000,0.000000,0.720553,0.728028,0.069468,0.000000,0.000000,0.000000,0.000000,0.634014,0.000000,0.000000,0.000000,13.001237,0.000000,9.207097,0.000000,-5.862706940e-04
1.402550,0.015014346,0.047774840,0.038591904,0.058429051,0.040625573,0.058069230,0.037074843,0.042943777,0.060313597,0.043453140,0.040246699,0.047338542,0.046476268,0.075039878,0.075776882,0.075305225,0.076619301,0.306591269,1.290325e-03,8.689340e-03,6.814394e-04,1.036940e-02,1.475015e-02,6.536829e-03,1.114362e-03,7.402725e-03,5.323426e-04,1.981649e-03,1.398743e-02,5.583172e-04,7.374872e-04,1.062674e-03,9.968145e-04,1.709594e-03,1.208673e-03,1.435068e+00,1.638279,0.000000,0.000005,0.124450,0.000000,0.000000,0.000000,0.000000,0.000000,3.362765,0.000000,0.000000,0.000000,58.640349,0.000000,42.816973,0.000000,2.464110934e-05
1.405050,0.015292464,0.048194400,0.038283566,0.058856999,0.041154561,0.057742647,0.037144034,0.042564820,0.059572150,0.043486470,0.040849441,0.047133141,0.047377701,0.074928497,0.075806811,0.075301175,0.076903710,0.307386209,2.878971e-01,4.037538e-03,6.067180e-04,4.674281e-03,2.368651e-02,5.811760e-03,2.067987e-03,1.687696e-02,2.783275e-03,2.078073e-03,1.136445e-02,2.339002e-03,7.560207e-05,1.783150e-03,9.277113e-04,6.307198e-04,6.830510e-04,2.434734e+00,1.699219,0.000000,0.019373,0.000000,0.000000,0.000000,0.000000,0.000000,0.000000,0.407990,0.000000,0.000000,0.000000,10.424752,0.000000,26.865667,0.000000,4.763062200e-04
1.407550,0.015020839,0.048552648,0.037914161,0.059223635,0.041803071,0.057354751,0.037158285,0.042151963,0.058865110,0.043458487,0.041519204,0.046866428,0.048258666,0.074879663,0.075775426,0.075245079,0.077126807,0.308119836,1.677353e-03,3.026818e-03,7.327727e-04,2.936697e-03,2.097021e-02,5.729238e-03,6.283859e-04,2.066789e-02,1.362760e-03,1.813648e-03,1.496993e-02,2.165960e-03,7.896392e-04,1.604787e-03,1.102615e-03,1.425979e-03,1.052216e-03,2.726590e+00,4.414535,0.000000,0.640327,0.000000,0.024089,0.000000,2.466543,0.000000,0.000000,0.000000,0.000000,1.397178,0.000000,16.323570,5.755318,4.810087,0.000000,3.442597838e-05
1.410050,0.014664796,0.048849781,0.037488000,0.059528958,0.042557946,0.056905542,0.037111223,0.041795789,0.058377217,0.043369191,0.042207210,0.046538402,0.049305019,0.074864767,0.075682729,0.075150515,0.077288591,0.308792150,3.769683e-01,9.228702e-03,1.393063e-03,9.660536e-03,1.702763e-02,2.134391e-03,2.804612e-03,1.180434e-02,3.341949e-03,3.068092e-03,1.770996e-02,5.551800e-03,2.037152e-03,6.242191e-04,1.159449e-03,1.088101e-03,8.478220e-04,2.446319e+00,2.024188,0.000000,0.341682,0.000000,0.024922,0.000000,2.179376,0.000000,0.000000,0.000000,0.000000,2.041802,0.317982,8.272045,5.892671,2.150752,0.000000,-5.447741733e-04
1.412550,0.014826116,0.049154814,0.037000831,0.059772969,0.043421070,0.056395021,0.037005868,0.041637295,0.058109062,0.043218583,0.042840825,0.046179327,0.050392455,0.074937559,0.075528720,0.074997252,0.077389063,0.309403152,1.012135e-01,9.554219e-03,1.179923e-03,3.111361e-03,2.030649e-02,1.388482e-03,2.576508e-04,1.171974e-02,1.979079e-03,7.119724e-04,1.323960e-02,5.315398e-03,4.817259e-03,1.516042e-03,1.295082e-03,6.238802e-04,7.427465e-04,1.125353e+00,5.142606,0.000000,0.014355,0.000000,0.002862,0.000000,4.048560,1.091176,0.000000,0.361104,0.000000,0.201005,8.737120,6.705521,32.435293,0.000000,0.000000,-2.822041710e-04
1.415050,0.015221578,0.049478835,0.036565350,0.059955667,0.044258922,0.055823187,0.037115569,0.041868950,0.058466777,0.043006662,0.043413127,0.045933093,0.051496687,0.075046643,0.075313398,0.074886638,0.077428222,0.309952842,1.649431e-01,6.550929e-03,6.486103e-04,3.550751e-03,1.779541e-02,5.504435e-04,2.621917e-03,1.076973e-02,2.139057e-03,3.475703e-03,1.023904e-02,3.523393e-03,5.929095e-03,1.325042e-03,1.067590e-03,1.768248e-03,8.354604e-04,2.120319e+00,1.077834,0.000000,6.797838,0.000000,2.941247,0.000000,8.406692,1.287229,0.000000,5.175107,0.000000,1.721040,0.576048,4.079600,19.265179,0.000000,0.000000,3.610458423e-04
1.417550,0.015183653,0.049742643,0.036284041,0.060077053,0.045130040,0.055190041,0.037573709,0.042212117,0.059312767,0.042733429,0.043924117,0.045668880,0.052757910,0.075135015,0.075075721,0.074912787,0.077406069,0.310441219,1.130615e-01,4.523261e-03,8.075776e-04,9.911378e-03,2.051042e-02,3.776705e-03,6.385423e-04,1.352498e-02,3.859764e-03,2.090244e-03,1.449189e-02,1.360669e-03,7.212503e-03,1.493945e-03,1.182159e-03,2.072458e-03,1.016254e-03,3.087800e+00,1.378658,2.582050,2.848306,0.000000,0.225199,0.000000,1.381805,0.000000,0.000000,1.306274,0.000000,1.624765,0.060972,3.045888,5.253449,0.000000,0.000000,2.989689024e-04
1.420050,0.014788603,0.049945768,0.035958113,0.060137126,0.045946834,0.054535198,0.037994156,0.042537271,0.060128755,0.042398883,0.044373795,0.045343355,0.054019155,0.075191625,0.074845214,0.074929917,0.077322603,0.310868283,1.496749e-01,9.763186e-03,1.217353e-03,5.809910e-03,1.352019e-02,5.615685e-03,2.666299e-03,9.550959e-03,3.936322e-03,2.270142e-03,1.679454e-02,1.702892e-03,6.944664e-03,1.627557e-03,1.317107e-03,1.751865e-03,8.088050e-04,1.362833e+00,0.240072,1.068253,1.355931,0.000000,0.929968,1.712363,0.000000,0.000000,0.000000,0.000000,0.000000,0.000000,0.000000,0.000000,0.005434,0.000000,0.000000,-3.434112236e-04
1.422550,0.014709232,0.050087580,0.035916338,0.060135887,0.046702315,0.054200599,0.038353291,0.042829288,0.060883430,0.042003025,0.044762160,0.044956517,0.055219087,0.075188217,0.074637284,0.074954206,0.077177825,0.311234035,2.836769e-01,1.100777e-02,1.573901e-03,2.785647e-03,1.090014e-02,6.447391e-03,1.358028e-03,2.071310e-02,4.675225e-04,1.590018e-03,1.428100e-02,1.556512e-03,4.217753e-03,9.908548e-04,2.228224e-03,1.267313e-03,7.479695e-04,1.698215e+00,0.000000,5.272962,2.866782,0.000000,4.729015,4.492652,0.000000,0.000000,0.000000,0.000000,0.000000,0.000000,0.000000,0.000000,7.473449,0.000000,0.000000,-4.725951007e-04
1.425050,0.015071902,0.050177270,0.036066497,0.060073335,0.047396483,0.054079674,0.038651113,0.043288707,0.061576793,0.041563305,0.045089212,0.044508367,0.056357717,0.075147599,0.074634122,0.074994138,0.076971734,0.311538474,1.752483e-02,1.066368e-02,2.588090e-03,9.555699e-03,7.716832e-03,2.029605e-03,3.175558e-03,6.476793e-03,4.022527e-03,2.994863e-03,7.073597e-03,5.249694e-03,1.208953e-03,1.529038e-03,3.046790e-03,1.892513e-03,1.067310e-03,3.477263e+00,2.191053,8.950575,0.710481,0.000000,0.259935,0.555661,0.000000,0.000000,0.000000,0.000000,0.512586,0.009338,2.295030,0.000000,13.964719,0.000000,0.000000,1.173184982e-04
1.427550,0.015259798,0.050292547,0.036160054,0.059949470,0.048029339,0.053905515,0.038887623,0.043764899,0.062208843,0.041112762,0.045354952,0.043998904,0.057500066,0.075153677,0.074849457,0.075018457,0.076704331,0.311781601,2.268608e-01,2.917953e-03,2.904758e-04,4.007014e-03,1.626063e-02,3.233860e-03,6.725122e-04,2.175377e-02,3.133046e-03,3.965961e-04,8.818626e-03,6.385487e-03,4.321120e-04,1.132541e-03,2.268592e-03,1.889753e-03,4.488731e-04,1.567290e+00,2.990450,6.201690,3.649705,0.000000,0.162276,0.000000,0.000000,0.000000,0.000000,0.000000,0.163757,1.548568,7.490519,0.000000,0.000000,0.000000,0.000000,4.231022532e-04
1.430050,0.014958921,0.050407516,0.036268244,0.059764294,0.048600883,0.053670044,0.039071374,0.044179777,0.062779581,0.040603419,0.045559380,0.043428129,0.058731221,0.075171696,0.075176420,0.075136850,0.076375624,0.311963416,5.788473e-03,4.330389e-03,1.393736e-03,2.056787e-03,1.317508e-02,4.138217e-03,2.149875e-03,2.087680e-02,1.583086e-03,3.485475e-03,1.520496e-02,6.019448e-03,1.974867e-03,8.803713e-04,8.436933e-04,5.388221e-04,8.634349e-04,1.057039e+00,0.997289,4.058652,2.835725,0.010572,1.431708,0.000000,0.000000,0.000000,0.000000,0.521715,0.000000,0.650044,0.288971,0.000000,0.000000,0.000000,0.000000,-6.649540319e-05
1.432550,0.014685606,0.050461493,0.036525973,0.059517804,0.049111114,0.053373260,0.039389161,0.044533344,0.063289006,0.040032763,0.045702495,0.042796041,0.059915898,0.075137587,0.075524550,0.075225171,0.075993244,0.312083918,3.314476e-01,9.686321e-03,7.328067e-04,8.816616e-03,1.519090e-02,9.994512e-03,7.994515e-04,2.192620e-02,2.371138e-03,2.268654e-03,1.585647e-02,3.705898e-03,2.611536e-03,1.701535e-03,6.083600e-04,1.071998e-03,1.174199e-03,2.775376e+00,0.000189,0.545619,0.005299,0.738973,2.146930,0.000000,0.000000,0.000000,0.000000,3.253514,0.000000,0.000000,0.000000,0.000000,0.000000,0.000000,0.000000,-5.110531382e-04
1.435050,0.014902193,0.050454156,0.036841432,0.059214741,0.049560032,0.053015163,0.039951461,0.044826255,0.063737119,0.039400795,0.045784297,0.042102641,0.061039262,0.075050238,0.075814554,0.075252189,0.075614187,0.312143107,3.212211e-02,1.072372e-02,2.176128e-03,6.357291e-03,1.009379e-02,9.816056e-03,1.533433e-03,7.378885e-03,4.987171e-03,2.635172e-03,1.051047e-02,2.596053e-03,4.000728e-03,6.443949e-04,9.137924e-04,1.197532e-03,8.658056e-04,2.296751e+00,0.798526,0.000000,0.000000,2.964064,0.214317,0.000000,0.000000,0.000000,0.317218,1.567072,0.000000,0.000000,0.000000,0.000000,0.900024,0.000000,0.000000,-1.586459103e-04
1.437550,0.015234798,0.050385508,0.037099831,0.058950537,0.049947638,0.052607752,0.040499210,0.045173299,0.064123919,0.038735320,0.045804787,0.041347928,0.062101314,0.074942044,0.076043246,0.075217893,0.075278177,0.312140984,1.850185e-01,4.661743e-03,5.452861e-04,2.428646e-03,1.815285e-02,9.075733e-03,3.038133e-04,2.593274e-02,6.444448e-04,1.943966e-03,6.570558e-03,3.140011e-04,4.016327e-03,1.367652e-03,4.506591e-04,6.866214e-04,3.307872e-03,1.585757e+00,1.805232,0.000000,0.000000,2.694848,0.000000,0.702159,0.000000,0.000000,1.211888,0.000000,1.482449,0.000000,0.000000,0.000000,11.513989,0.000000,0.000000,3.823075815e-04
1.440050,0.015118321,0.050255547,0.037296917,0.058680062,0.050273932,0.052322419,0.040985647,0.045552891,0.064449407,0.038244527,0.045763965,0.040531903,0.063102054,0.074914192,0.076210626,0.075124358,0.074992530,0.312077549,4.715561e-02,2.868014e-03,2.065723e-03,1.066907e-02,1.320090e-02,4.296272e-03,1.991683e-03,9.314971e-03,3.035159e-03,4.011384e-03,1.296421e-02,1.949394e-03,2.621956e-03,1.515302e-03,8.272682e-04,1.229846e-03,3.664609e-03,2.287833e+00,5.085588,0.000000,0.287773,4.701211,0.000000,1.871823,0.000000,0.000000,0.006664,0.000000,1.294628,0.000000,0.000000,0.000000,2.758652,0.000000,0.000000,1.929398864e-04
1.442550,0.014756612,0.050064273,0.037432690,0.058348299,0.050538913,0.052135867,0.041410771,0.045922444,0.064713582,0.037717900,0.045661830,0.039683795,0.064041481,0.074924522,0.076316693,0.074998320,0.074875423,0.311952801,1.985256e-01,7.123113e-03,1.225413e-04,5.424639e-03,1.263380e-02,5.305683e-03,3.440473e-04,1.651131e-02,3.518923e-03,1.187118e-03,1.533014e-02,5.008776e-03,6.799689e-04,4.508777e-04,6.463164e-04,8.826758e-04,2.059155e-03,2.136687e+00,1.316222,0.000000,1.268615,7.392816,0.000000,2.984341,0.000000,1.579968,0.000000,0.000000,0.000000,0.000000,0.000000,0.000000,1.988200,0.000000,0.000000,-3.954155366e-04
1.445050,0.014763915,0.049811687,0.037507151,0.057955223,0.050742581,0.052427220,0.041774583,0.046237586,0.064916445,0.037129961,0.045498382,0.039223519,0.064919595,0.074972661,0.076361448,0.074841872,0.074902081,0.311766740,1.869616e-01,1.116998e-02,2.007615e-03,1.514459e-03,3.170924e-03,3.045408e-03,1.479425e-03,9.995188e-03,2.255989e-03,4.354191e-03,1.114552e-02,5.113897e-03,1.105259e-03,1.244031e-03,5.026053e-04,6.689892e-04,1.926127e-03,2.061567e+00,3.501316,0.000000,1.286639,4.481981,0.000000,5.425549,0.000000,4.602065,0.000000,0.000000,0.000000,0.000000,0.000000,0.000000,0.000000,0.000000,0.000000,-3.837164370e-04
1.447550,0.015123905,0.049497788,0.037520300,0.057500842,0.050884937,0.052945853,0.042077082,0.046491416,0.065057995,0.036480709,0.045273622,0.038867519,0.065736397,0.075024146,0.076344890,0.074770622,0.075021515,0.311519367,5.167465e-02,7.023755e-03,2.280645e-04,1.002456e-02,1.328428e-02,7.834599e-03,7.560150e-04,1.801883e-02,8.924131e-04,6.118214e-04,4.615242e-03,2.065999e-03,1.181310e-03,1.068978e-03,7.185251e-04,1.900233e-03,1.100362e-03,1.263633e+00,0.947061,0.000000,6.154228,4.970199,0.000000,0.430530,0.000000,0.000000,0.006447,0.000000,0.000000,0.000000,0.000000,0.000000,0.000000,0.000000,0.000000,2.019887822e-04
1.450050,0.015222724,0.049122577,0.037472136,0.057005353,0.050965981,0.053408882,0.042318269,0.046683933,0.065138233,0.035770191,0.045049558,0.038450205,0.066491886,0.075036335,0.076267019,0.074830691,0.075223188,0.311210681,1.665629e-01,1.948819e-03,2.196125e-03,7.500421e-03,1.284079e-02,4.232791e-03,1.429886e-03,8.621977e-03,4.995008e-03,3.001574e-03,1.009513e-02,2.062327e-04,2.847721e-03,1.143289e-03,5.128193e-04,1.420812e-03,1.193394e-04,1.982180e+00,0.564895,0.000000,5.330597,1.970991,0.000000,0.000000,0.000000,0.000000,0.278228,0.000000,0.019187,0.000000,0.000000,0.000000,0.000000,14.596912,0.000000,3.627584582e-04
1.452550,0.014893770,0.048686053,0.037362659,0.056457994,0.050985712,0.053810598,0.042498143,0.046815138,0.065157158,0.035222880,0.044979495,0.037996165,0.067186063,0.075036497,0.076127837,0.074977952,0.075381745,0.310840683,3.782081e-02,4.484018e-03,4.009105e-04,2.537567e-03,1.823311e-02,1.943547e-03,2.599196e-04,1.892795e-02,1.618039e-03,5.162539e-04,8.569936e-03,3.779204e-03,4.125507e-03,9.552445e-04,5.339794e-04,1.242331e-03,7.179209e-04,3.187290e+00,2.259836,0.000000,2.410623,0.000000,0.000000,0.000000,0.000000,1.503731,0.000000,0.000000,5.316027,0.000000,0.000000,0.000000,0.000000,3.588076,0.000000,-1.724626433e-04
1.455050,0.014701574,0.048188217,0.037191870,0.055849322,0.050944130,0.054151002,0.042616705,0.046885031,0.065114771,0.035307051,0.044854938,0.037969503,0.067818928,0.075015814,0.075927341,0.075106946,0.075479665,0.310409373,2.983920e-01,1.034444e-02,2.238831e-03,1.062739e-02,6.648513e-03,7.831452e-03,1.818762e-03,1.285267e-02,1.959179e-03,1.881583e-03,7.432218e-03,2.873459e-03,3.961790e-03,5.885598e-04,7.113259e-04,1.014820e-03,4.458243e-04,1.363648e+00,0.001290,0.000000,0.543129,0.095838,0.000000,0.000000,0.000000,6.946935,0.000000,0.000000,5.875310,0.000000,0.000000,0.000000,0.000000,0.000000,0.000000,-4.850379340e-04
1.457550,0.014970056,0.047629068,0.036960616,0.055179337,0.050865727,0.054430094,0.042673954,0.046893611,0.065011071,0.035728654,0.044669068,0.038367401,0.068390480,0.074970841,0.075665533,0.075182206,0.075528053,0.309916750,3.028104e-03,9.560074e-03,2.201352e-04,6.935377e-03,1.269787e-02,4.563968e-03,4.037154e-04,2.069476e-02,3.500923e-03,1.662543e-03,1.262885e-02,3.148967e-03,2.027308e-03,1.307005e-03,4.608220e-04,8.673603e-04,5.107520e-04,1.227146e+00,3.157482,0.000000,0.000000,0.672248,0.049575,0.000000,0.000000,1.405122,0.000000,0.000000,2.106784,0.000000,0.000000,6.228178,0.000000,0.000000,0.000000,-4.823620393e-05
1.460050,0.015238809,0.047008607,0.036768683,0.054485310,0.050843361,0.054647872,0.042669891,0.046840878,0.064846191,0.036165236,0.044421886,0.038731482,0.068900719,0.075008648,0.075342556,0.075200209,0.075555849,0.309362814,1.913490e-01,3.456061e-03,1.438257e-03,1.605086e-03,1.436953e-02,2.122477e-03,1.342411e-03,7.801018e-03,3.173939e-03,3.796736e-03,1.099557e-02,4.899355e-03,1.507810e-03,8.771594e-04,5.694300e-04,1.340557e-03,1.478218e-03,3.036257e+00,3.908758,0.057450,0.472216,1.859071,2.496513,0.000000,0.048815,0.000000,1.668083,0.000000,0.096782,0.000000,0.000000,3.504582,0.000000,0.000000,0.000000,3.888530650e-04
1.462550,0.015052560,0.046326834,0.036785708,0.054080555,0.050769916,0.054804339,0.042604515,0.046726833,0.064755131,0.036564627,0.044113391,0.039034251,0.069349646,0.075092261,0.074979162,0.075185774,0.075603358,0.308747566,9.362672e-03,2.419316e-03,2.710374e-04,5.357649e-03,2.322885e-02,5.707979e-03,7.331265e-04,1.303627e-02,1.667272e-03,2.479747e-03,9.329685e-03,1.293843e-03,4.151384e-04,9.447587e-04,1.159383e-03,5.756120e-04,1.449338e-03,1.536984e+00,1.837802,1.573663,0.862146,2.563156,1.397644,0.000000,2.978689,0.000000,3.528766,0.000000,0.946160,0.000000,0.000000,0.000000,0.000000,0.000000,0.000000,8.596191477e-05
1.465050,0.014732932,0.045583748,0.036780474,0.053770191,0.050635159,0.054899493,0.042477827,0.046551476,0.064912514,0.037034800,0.043743584,0.039284745,0.069737260,0.075135533,0.074675872,0.075128628,0.075692595,0.308071006,2.390708e-01,7.566273e-03,1.654174e-03,2.959168e-03,7.861412e-03,6.742897e-03,1.438283e-03,7.575998e-03,8.194707e-03,2.142692e-03,5.313917e-03,1.264865e-03,1.274704e-03,1.387770e-03,1.337284e-03,5.674922e-04,1.458368e-03,1.172510e+00,0.000000,5.936591,0.197363,3.658285,0.000000,0.000000,1.878145,0.413222,0.022113,0.000000,0.600673,0.000000,0.000000,0.000000,0.000000,0.000000,0.000000,-4.340383096e-04
1.467550,0.014823230,0.044779349,0.036714344,0.053398599,0.050439089,0.054933334,0.042289826,0.046314806,0.065074569,0.037453478,0.043312465,0.039615603,0.070063562,0.075122126,0.074569811,0.075013772,0.075862737,0.307333132,1.047367e-01,1.080333e-02,5.350157e-04,2.286449e-03,7.871999e-03,5.748888e-04,2.067536e-04,1.687442e-02,7.880132e-03,1.137111e-03,8.908058e-03,6.606791e-03,2.966671e-03,3.124607e-04,2.822077e-03,1.136583e-03,1.778694e-03,2.594189e+00,0.338502,7.937341,0.347648,4.067818,0.058565,0.000000,0.000000,2.684161,0.000000,0.000000,0.000000,0.000000,0.000000,0.000000,0.000000,0.000000,0.000000,-2.871301608e-04
1.470050,0.015164200,0.043913638,0.036726446,0.052965694,0.050227942,0.054905863,0.042041066,0.046016823,0.065198024,0.037810843,0.042820033,0.040217689,0.070328552,0.075070694,0.074691920,0.074888919,0.076098487,0.306533947,9.060358e-02,5.326587e-03,1.358405e-03,4.746857e-03,9.410852e-03,6.586506e-03,1.665060e-03,1.002344e-02,2.365693e-03,1.188947e-03,8.061088e-03,3.778712e-03,4.202138e-03,1.515271e-03,2.840373e-03,6.378451e-04,1.421796e-03,2.320600e+00,1.333733,8.551367,3.289563,3.391263,2.399626,0.000000,0.925649,2.495615,0.000000,0.086423,0.000000,0.000000,0.000000,6.757123,0.000000,0.000000,0.000000,2.676705977e-04
1.472550,0.015174889,0.042989528,0.036797853,0.052471476,0.050017032,0.054817079,0.041844797,0.045657528,0.065466499,0.038233299,0.042266420,0.040863306,0.070532229,0.075045564,0.074995827,0.074855316,0.076390665,0.305673449,1.027017e-01,1.927864e-03,8.689496e-04,3.725292e-03,1.903164e-02,5.806889e-03,1.028627e-03,1.518220e-02,7.182498e-03,8.579442e-04,8.860546e-03,4.896842e-04,3.243778e-03,8.991622e-04,4.307276e-04,1.407498e-03,1.311064e-03,1.735660e+00,3.354067,4.692528,4.337060,3.283146,0.046738,0.000000,2.366621,0.057369,0.000000,2.127257,3.129583,0.000000,1.283290,0.148923,0.000000,0.254298,0.000000,2.849876444e-04
1.475050,0.014842064,0.042044592,0.036817983,0.051915946,0.049744932,0.054666983,0.041723725,0.045236921,0.065798313,0.038805341,0.041680694,0.041448092,0.070674593,0.075039263,0.075327770,0.074903801,0.076710296,0.304751638,8.359217e-02,6.376950e-03,1.617272e-03,1.056962e-03,7.759818e-03,2.789023e-03,1.852834e-03,1.080823e-02,7.227852e-03,1.313816e-03,7.391219e-03,4.488128e-03,2.815176e-03,6.443479e-04,9.469374e-04,1.309626e-03,7.583235e-04,1.218543e+00,0.943328,0.971320,3.376727,1.595249,0.260231,0.000000,0.112436,0.000000,0.000000,0.226421,0.115443,0.000000,2.560347,0.000000,0.000000,2.533364,0.000000,-2.565942893e-04
1.477550,0.014732687,0.041131889,0.036800174,0.051299103,0.049411520,0.054455574,0.041544652,0.044755000,0.066069775,0.039316792,0.041123501,0.041971566,0.070755645,0.075010785,0.075607416,0.074961795,0.077003091,0.303768515,2.395144e-01,1.788662e-02,8.213375e-04,4.966408e-03,1.002267e-02,3.160679e-03,8.096436e-04,1.629001e-02,3.795655e-03,1.261379e-03,9.484492e-03,4.270145e-03,9.542971e-04,1.438867e-03,1.099016e-03,4.377476e-04,2.251906e-04,2.091768e+00,1.386093,0.000000,1.392052,0.635587,0.356033,0.000000,0.000000,0.000000,0.000000,0.000000,0.000000,0.000000,22.868267,0.000000,0.000000,14.956130,0.000000,-4.338771125e-04
1.480050,0.015013995,0.040987214,0.036879252,0.050620948,0.049016794,0.054182853,0.041311613,0.044211768,0.066279924,0.039766930,0.040746889,0.042433727,0.070775384,0.074958608,0.075825749,0.075035056,0.077254572,0.302724080,7.470044e-04,2.390060e-02,1.673194e-03,3.031548e-03,8.927994e-03,8.291989e-03,2.510815e-03,9.558945e-03,4.473884e-03,4.745367e-04,1.322845e-02,5.230745e-04,3.943776e-04,6.230100e-04,5.117459e-04,1.068001e-03,6.343915e-04,2.366124e+00,1.379718,0.000000,2.432180,0.537105,2.842470,0.000000,0.000000,0.000000,0.000000,0.365027,0.000000,0.000000,58.200681,0.000000,0.000000,12.236378,0.000000,2.346817169e-05
1.482550,0.015210721,0.041188024,0.037155932,0.049881481,0.048560757,0.053848819,0.041066721,0.043607223,0.066428762,0.040155756,0.040583985,0.042834575,0.070733811,0.074909729,0.075982770,0.075094087,0.077460418,0.301618332,1.490687e-01,1.448618e-02,1.010360e-03,1.976211e-03,2.011929e-02,9.373297e-04,1.210844e-03,1.009872e-02,5.593482e-03,1.158818e-03,1.768446e-02,4.499919e-03,1.401451e-03,1.345013e-03,8.304233e-04,9.697221e-04,2.612422e-04,1.382094e+00,2.564751,0.000000,1.070917,0.370389,1.169902,0.000000,0.000000,0.000000,0.000000,0.208960,0.000000,0.000000,3.506551,0.000000,0.000000,20.652133,0.000000,3.432165182e-04
1.485050,0.014998567,0.041358956,0.037403278,0.049080701,0.048043407,0.053453473,0.040763500,0.042941365,0.066516286,0.040483270,0.040594678,0.043174111,0.070630926,0.074923799,0.076078478,0.075125939,0.077613293,0.300451271,1.670444e-04,1.841751e-02,5.229614e-04,4.250058e-03,1.183855e-02,4.479660e-03,2.062229e-03,6.776710e-03,4.386561e-04,1.177049e-03,1.621684e-02,5.552178e-03,3.209891e-03,1.103321e-03,8.672181e-04,4.661971e-04,1.963781e-04,1.626869e+00,3.663974,0.000000,0.529947,0.076614,0.000000,0.000000,0.000000,0.000000,0.000000,0.000000,0.000000,0.000000,13.316069,0.000000,0.000000,15.662754,0.000000,-9.430181070e-07
1.487550,0.014734646,0.041987064,0.037589312,0.048218608,0.047464744,0.053057251,0.040398968,0.042238293,0.066542499,0.040749471,0.040871013,0.043452335,0.070466728,0.074948096,0.076112873,0.075107545,0.077705342,0.299222898,2.363938e-01,1.246748e-02,1.315246e-03,4.284425e-03,9.497407e-03,7.054468e-03,1.381417e-03,1.144334e-02,3.921622e-03,8.334475e-04,1.019291e-02,1.048001e-03,3.427376e-03,3.986092e-04,2.821646e-04,1.023555e-03,4.944719e-04,3.043016e+00,0.789645,0.000000,0.454178,0.000000,0.000000,2.528561,0.000000,0.000000,0.000000,0.001975,0.000000,0.000000,26.738676,0.000000,3.991424,12.901266,0.000000,-4.314007342e-04
1.490050,0.014872442,0.042638257,0.037769339,0.047295205,0.046824769,0.053165467,0.040033269,0.041532109,0.066507398,0.040954359,0.041125523,0.043669246,0.070241217,0.074978930,0.076085956,0.075038205,0.077736078,0.297933213,5.447465e-02,1.452959e-02,1.224953e-03,8.923296e-04,4.764043e-03,5.290420e-03,1.616871e-03,1.668296e-02,6.933746e-03,1.167499e-03,1.075486e-02,2.958833e-03,3.992648e-03,1.203696e-03,8.674956e-04,6.623543e-04,1.915922e-04,1.154061e+00,3.655799,0.000000,0.034860,0.000000,1.383218,6.834517,0.000000,0.000000,0.004484,1.708568,0.000000,0.000000,0.000000,0.000000,6.959387,0.000000,0.000000,-2.067897951e-04
1.492550,0.015168733,0.043228138,0.038030598,0.046426465,0.046123481,0.053640267,0.039802248,0.041206431,0.066410986,0.041097935,0.041323983,0.043824977,0.069954394,0.075074822,0.075997727,0.074929225,0.077705502,0.296582215,9.558726e-02,1.774515e-02,1.495412e-03,7.002605e-03,1.454724e-02,1.040520e-03,1.282476e-03,1.256796e-02,4.979162e-03,1.457964e-03,1.279690e-02,5.236834e-03,2.395950e-03,7.720247e-04,9.286019e-04,9.329791e-04,3.789424e-04,8.753013e-01,2.586926,0.000000,2.480765,0.000000,0.702027,0.889318,0.000000,0.038969,3.122051,0.987299,0.000000,0.000000,0.000000,0.000000,41.695619,2.643608,0.000000,2.749657101e-04
1.495050,0.015120184,0.043756706,0.038249907,0.046083427,0.045360881,0.054067629,0.039534803,0.041191004,0.066253260,0.041180199,0.041529468,0.044023923,0.069606258,0.075167059,0.075848185,0.074896898,0.077613655,0.295169904,4.853865e-02,2.151830e-02,2.074961e-03,6.243488e-03,1.274239e-02,8.942403e-03,1.303882e-03,1.482058e-02,4.325162e-03,4.665579e-04,1.564960e-02,1.838711e-03,8.110280e-04,7.080239e-04,3.450039e-04,1.033487e-03,4.113318e-04,2.833201e+00,1.020594,0.000000,4.262628,0.012229,0.000000,0.000000,0.000000,2.523488,6.682949,0.000000,0.000000,0.000000,0.000000,0.000000,6.394616,2.381000,0.000000,1.958730935e-04
1.497550,0.014820878,0.044223962,0.038407903,0.046044346,0.044536968,0.054433678,0.039206044,0.041201949,0.066034222,0.041201150,0.041678551,0.044468393,0.069196810,0.075212928,0.075637415,0.074924380,0.077462247,0.293696281,1.075366e-01,1.529070e-02,1.115629e-03,7.074638e-03,1.079785e-02,6.466470e-03,1.416367e-03,1.381434e-02,7.308490e-03,1.032883e-03,1.138196e-02,8.652827e-04,4.631268e-04,1.257602e-03,1.093547e-03,6.274014e-04,2.223407e-04,1.994276e+00,0.014524,0.033090,1.872253,0.087507,0.000000,0.000000,0.000000,2.169662,0.509411,0.000000,0.000000,0.000000,0.000000,0.000000,17.395656,0.000000,0.000000,-2.905604135e-04
1.500050,0.014779023,0.044629905,0.038504588,0.045950576,0.043651743,0.054738414,0.038815974,0.041565444,0.065753872,0.041160789,0.041766321,0.044932983,0.068726050,0.075197574,0.075383571,0.074917705,0.077253622,0.292161345,1.637879e-01,1.297819e-02,7.797743e-04,1.056817e-02,6.320820e-03,6.877772e-03,1.195509e-03,1.156948e-02,2.253421e-03,1.118373e-03,6.675741e-03,2.014117e-03,1.760842e-03,2.320735e-04,7.484481e-04,9.109022e-04,3.744773e-04,1.017549e+00,0.014038,1.437380,1.189525,0.174088,0.000000,0.000000,0.000000,0.000000,0.000000,0.000000,0.000000,0.000000,0.000000,0.000000,22.300718,0.000000,0.000000,-3.591304017e-04
1.502550,0.015064053,0.044974536,0.038539959,0.045795493,0.042705205,0.054981838,0.038364591,0.042049446,0.065412209,0.041059115,0.041792778,0.045336261,0.068193977,0.075139794,0.075154943,0.074955270,0.076995315,0.290565097,1.390472e-02,1.669015e-02,2.108791e-03,1.398872e-02,1.277305e-02,6.010326e-03,1.166178e-03,2.781375e-02,1.384104e-03,7.323356e-04,1.052955e-02,2.325770e-03,2.390015e-03,1.245342e-03,1.097922e-03,6.442300e-04,4.176658e-04,2.355303e+00,1.511993,3.308219,3.398218,0.557290,0.000000,0.000000,0.000000,0.000000,0.000000,0.000000,0.000000,0.000000,0.000000,0.000000,2.916987,0.000000,0.000000,1.045939322e-04
1.505050,0.015190097,0.045257854,0.038519685,0.045579098,0.041754215,0.055164524,0.037851895,0.042481438,0.065009234,0.040949490,0.041759389,0.045678226,0.067600591,0.075110562,0.074985030,0.074987109,0.076712675,0.288907537,1.215491e-01,2.056577e-02,1.679417e-03,3.683886e-03,1.752601e-02,7.025054e-03,1.263243e-03,3.138587e-02,5.147944e-03,8.521358e-04,1.389456e-02,9.171186e-04,4.115549e-03,8.720932e-04,3.074279e-03,8.149653e-04,9.342739e-04,2.064197e+00,3.312079,3.551193,0.714656,1.755560,0.172079,0.094312,0.000000,0.000000,0.000000,0.000000,1.489597,0.000000,0.000000,13.081093,0.000000,1.006413,0.000000,3.099354407e-04
1.507550,0.014940016,0.045479860,0.038451383,0.045301390,0.041074644,0.055394448,0.037291309,0.042852118,0.064544946,0.040943119,0.041712549,0.045958879,0.066945893,0.075107204,0.074891129,0.075020128,0.076453398,0.287188664,1.212596e-02,1.626237e-02,1.007678e-03,1.007555e-02,1.170699e-02,8.029077e-04,1.397680e-03,2.240481e-02,5.061706e-03,1.158009e-03,1.078782e-02,2.618808e-03,3.707317e-03,5.639252e-04,2.524344e-03,7.754854e-04,1.368238e-03,1.233844e+00,1.204515,4.543698,2.565820,3.095480,0.010428,2.216539,0.000000,0.000000,0.000000,0.763636,0.788900,0.000000,0.000000,20.243582,0.000000,2.907668,0.000000,-9.722307956e-05
1.510050,0.014744696,0.045640553,0.038328907,0.044962370,0.040495751,0.055775177,0.036885398,0.043161486,0.064019346,0.040894851,0.041616226,0.046178219,0.066229882,0.075057474,0.074908751,0.075040420,0.076251150,0.285408478,2.183993e-01,8.722928e-03,2.363303e-03,5.713796e-03,2.151745e-02,6.791839e-03,1.000837e-03,8.450767e-03,3.404048e-03,3.564163e-04,6.052863e-03,1.943772e-03,2.189098e-03,1.511677e-03,1.542783e-03,4.348002e-04,1.401024e-03,1.397793e+00,0.039137,5.141303,0.433226,3.740081,0.400410,1.095490,0.000000,0.000000,0.000000,2.748929,0.000000,0.000000,0.000000,12.209500,0.000000,0.000000,0.000000,-4.146013034e-04
1.512550,0.014929890,0.045739934,0.038245547,0.044562037,0.040335293,0.056128179,0.036655692,0.043409541,0.063432433,0.040785271,0.041458591,0.046336246,0.065452559,0.074960090,0.075035988,0.075014404,0.076144275,0.283566980,1.644299e-02,1.326783e-02,1.443526e-03,4.844509e-03,1.527251e-02,7.164082e-03,2.529894e-03,1.613826e-02,7.703248e-03,1.607691e-03,8.158317e-03,6.839896e-04,8.039082e-04,5.928595e-04,1.630342e-03,8.182405e-04,1.726438e-03,2.064304e+00,1.577995,4.732072,0.529043,5.225716,1.161340,0.000000,0.000000,0.000000,0.000000,2.112182,0.000000,0.000000,0.000000,34.753568,0.000000,0.000000,0.000000,-1.134123622e-04
1.515050,0.015176914,0.045778002,0.038208191,0.044100392,0.040537102,0.056425383,0.036533622,0.043648993,0.062859194,0.040614378,0.041241240,0.046437856,0.064613924,0.074895076,0.075247499,0.074979604,0.076145666,0.281664170,1.055557e-01,1.822947e-02,1.266389e-03,7.713544e-03,2.193472e-02,2.154422e-03,7.907240e-04,1.892004e-02,6.430478e-03,8.774095e-04,1.344962e-02,1.397290e-03,9.181342e-04,1.388957e-03,6.628457e-04,5.732612e-04,1.816169e-03,2.658617e+00,3.377334,3.086092,3.016662,3.960949,1.098965,0.319915,2.444563,0.375909,0.000000,0.581558,0.000000,0.000000,0.000000,42.491546,11.558036,0.277908,0.000000,2.888462386e-04
1.517550,0.015062565,0.045754757,0.038204769,0.043577434,0.041312638,0.056759600,0.036433727,0.043989479,0.062599033,0.040382172,0.040968755,0.046621287,0.063713976,0.074907737,0.075450662,0.074976478,0.076189174,0.279700047,1.316216e-02,2.011640e-02,1.804227e-03,1.422815e-02,2.203031e-02,4.364390e-03,2.707904e-03,1.106482e-02,4.083921e-03,1.655444e-03,1.126319e-02,1.740483e-03,9.508039e-04,1.304875e-03,6.212396e-04,5.240983e-04,7.199681e-04,9.449497e-01,3.938231,0.255449,1.522165,2.357537,0.404610,1.344742,2.994110,1.964716,0.000000,2.333558,0.000000,0.000000,0.000000,12.702905,2.584413,2.046060,0.000000,1.020703875e-04
1.520050,0.014795021,0.045670201,0.038149269,0.042993164,0.042053822,0.057110052,0.036614180,0.044274572,0.062394711,0.040088654,0.040739566,0.046847856,0.062752715,0.074953805,0.075593846,0.074955629,0.076250841,0.277674611,1.407935e-01,8.802348e-03,1.286970e-03,5.201475e-03,1.431622e-02,6.187302e-03,1.931629e-03,7.352440e-03,1.195291e-02,9.167222e-04,7.484986e-03,6.541024e-04,2.989416e-03,4.763421e-04,8.071350e-04,8.843713e-04,2.537410e-04,1.343523e+00,1.781131,0.000000,0.967573,2.008936,0.000000,0.083383,0.000000,0.090318,0.000000,2.756788,0.000000,0.000000,0.000000,0.000000,0.000000,6.651736,0.000000,-3.329621575e-04
1.522550,0.014832189,0.045524331,0.038032456,0.042350520,0.042733694,0.057399890,0.036871155,0.044498353,0.062129076,0.039733823,0.040477591,0.047013857,0.061730142,0.075019583,0.075675717,0.074907354,0.076288302,0.275587863,9.436142e-02,1.151894e-02,7.452554e-04,1.123510e-02,1.917146e-02,1.625438e-03,6.414704e-04,2.682393e-02,6.716677e-03,1.361162e-03,3.847060e-03,2.091178e-03,3.975137e-03,8.477655e-04,5.618256e-04,3.891969e-04,4.374446e-04,2.732194e+00,3.077201,0.000000,1.351110,0.239040,0.000000,0.000000,0.000000,0.000000,0.299465,0.252762,0.000000,0.000000,0.000000,0.000000,0.000000,0.206037,0.000000,-2.725347389e-04
1.525050,0.015105604,0.045317150,0.037854332,0.041826023,0.043352253,0.057628417,0.037109227,0.044660821,0.061802284,0.039317680,0.040238147,0.047118546,0.060646256,0.075102172,0.075696276,0.074892144,0.076266825,0.273439802,3.746713e-02,1.359635e-02,1.949636e-03,5.284623e-03,1.842689e-02,2.829548e-03,2.707878e-03,2.447665e-02,1.080515e-03,1.712481e-04,4.889091e-03,1.807053e-03,3.470133e-03,8.368761e-04,4.038248e-04,1.139544e-03,3.597297e-04,1.151243e+00,1.071102,0.000000,3.722169,0.041849,0.000000,0.000000,0.047561,0.000000,3.035109,1.399589,0.000000,0.000000,0.000000,0.000000,0.000000,16.258268,0.000000,1.723881615e-04
1.527550,0.015142871,0.045048655,0.037614894,0.041442428,0.043913531,0.057795631,0.037496625,0.044761977,0.061527081,0.038840225,0.040401706,0.047161921,0.059501058,0.075153592,0.075655522,0.074931975,0.076190540,0.271230429,6.875522e-02,2.166416e-02,1.309490e-03,3.489595e-03,2.334041e-02,6.817592e-03,1.048741e-03,1.679057e-02,7.030314e-03,1.350433e-03,9.120135e-03,6.039705e-04,2.083095e-03,7.609693e-04,1.047642e-03,7.852741e-04,2.422613e-04,9.979311e-01,1.011213,0.000000,3.345153,0.284872,0.000000,0.000000,2.432561,0.000000,0.410184,1.340630,0.000000,0.000000,0.000000,1.642033,0.000000,34.811347,0.000000,2.330480800e-04
1.530050,0.014887186,0.044718849,0.037314144,0.041002987,0.044442799,0.057901532,0.037859308,0.044801820,0.061391837,0.038301457,0.040775602,0.047143985,0.058294548,0.075173023,0.075553455,0.075015682,0.076057818,0.268959744,4.273641e-02,9.006619e-03,1.536219e-03,1.085524e-02,1.411876e-02,2.282533e-03,1.520351e-03,4.878036e-03,3.549654e-03,6.322705e-04,1.479313e-02,1.945784e-03,1.301899e-03,1.073934e-03,2.810803e-04,3.974340e-04,4.310769e-04,2.795726e+00,0.405891,0.000000,1.816897,0.004275,0.000000,0.000000,0.647150,0.000000,0.000000,0.000000,0.000000,0.000000,0.000000,0.532572,0.000000,1.380582,0.000000,-1.831643431e-04
1.532550,0.014780456,0.044327729,0.036978011,0.040518869,0.044911399,0.057946121,0.038160678,0.044788594,0.061206710,0.037723123,0.041090836,0.047064735,0.057026725,0.075136823,0.075394991,0.075068818,0.075863791,0.266627746,1.617965e-01,1.086164e-02,1.374035e-03,1.613996e-02,1.962960e-02,3.121738e-03,1.855103e-03,1.819768e-02,5.404342e-04,1.602875e-03,7.968807e-03,1.865136e-03,1.412625e-04,5.419184e-04,9.209645e-04,7.486084e-04,3.806143e-04,1.843517e+00,0.083928,0.718022,0.839096,0.000000,0.858494,0.000000,0.000000,0.000000,0.669128,0.000000,0.878792,0.000000,0.000000,0.000000,2.453080,0.025007,0.000000,-3.569334848e-04
1.535050,0.014999044,0.043885132,0.036733612,0.040127391,0.045318686,0.057929397,0.038428295,0.044763127,0.060960271,0.037259241,0.041345304,0.046924174,0.055697589,0.075070343,0.075252932,0.075080515,0.075613904,0.264234435,2.425384e-04,1.095734e-02,1.830776e-03,1.174577e-02,1.377577e-02,6.185173e-03,9.065697e-04,1.983731e-02,6.442470e-03,2.324005e-04,6.317929e-03,9.412264e-04,1.404850e-03,1.287212e-03,1.702917e-03,3.627712e-04,3.433635e-04,1.043931e+00,2.456651,3.885074,0.137813,0.556105,1.715255,0.000000,0.000000,0.000000,2.209816,0.548205,1.649959,0.000000,4.351770,0.000000,2.016209,0.510279,0.000000,-8.995649971e-07
1.537550,0.015165545,0.043613330,0.036562787,0.039957391,0.045664661,0.057851361,0.038668264,0.044695365,0.060652519,0.036799977,0.041569992,0.046789270,0.054307141,0.075073672,0.075206825,0.075042111,0.075352881,0.261779812,9.204168e-02,1.987164e-02,8.870985e-04,1.360013e-02,2.207636e-02,3.760033e-03,1.028601e-03,1.431606e-02,4.927807e-03,1.134189e-03,6.834852e-03,1.664609e-03,2.990825e-03,9.806278e-04,1.640746e-03,4.968630e-04,7.523515e-04,1.644910e+00,4.199795,4.418899,0.845413,2.236972,1.014329,0.000000,0.000000,2.042216,2.529211,0.044726,0.000299,0.000000,17.379998,0.000000,0.499192,2.091894,0.000000,2.697305606e-04
1.540050,0.015001277,0.043377832,0.036501729,0.039837664,0.045949323,0.057712013,0.038889240,0.044567591,0.060283454,0.036279402,0.041741968,0.046881871,0.052873818,0.075126765,0.075227139,0.074986936,0.075115613,0.259263877,5.848103e-05,7.445514e-03,2.066065e-03,6.304125e-03,9.180625e-03,7.922167e-04,2.577872e-03,8.136299e-03,3.656194e-04,3.089680e-04,1.171957e-02,2.603351e-03,3.904925e-03,8.787365e-04,2.777689e-03,7.040605e-04,1.348924e-03,1.867019e+00,1.884944,3.053529,1.400890,2.796382,2.082624,0.000000,0.000000,2.146686,0.016099,1.246053,0.000000,0.828418,0.000000,0.000000,0.000000,0.000000,0.000000,2.421431601e-06
1.542550,0.014790219,0.043081022,0.036498819,0.039656687,0.046172673,0.057511352,0.039197014,0.044378504,0.059853077,0.035741352,0.041852632,0.046993716,0.051558128,0.075147164,0.075291554,0.074915821,0.074951354,0.256686629,1.472988e-01,1.995665e-02,1.507386e-03,6.649482e-04,1.844342e-02,6.441690e-03,9.511357e-04,1.933717e-02,5.444684e-03,1.542466e-03,7.297134e-03,1.629326e-03,2.854729e-03,1.549835e-03,1.691924e-03,3.088477e-04,2.332364e-03,1.688209e+00,0.201874,3.267244,1.158885,5.258789,0.145144,0.000000,0.000000,0.000000,0.000000,0.789022,1.991557,1.924032,0.000000,0.000000,0.000000,0.000000,0.000000,-3.405982531e-04
1.545050,0.014890088,0.042722899,0.036436178,0.039422711,0.046334710,0.057251377,0.039466381,0.044128105,0.059361388,0.035837337,0.041906911,0.047044248,0.050277987,0.075120270,0.075413692,0.074841016,0.074943767,0.254048068,4.053444e-02,1.225512e-02,1.403076e-03,1.004960e-02,9.956766e-03,3.455981e-03,2.491120e-03,2.349797e-02,5.565691e-03,1.239334e-03,4.637551e-03,4.576879e-03,2.577822e-03,3.801889e-04,1.026118e-03,9.357458e-04,2.839789e-03,1.480790e+00,0.802824,3.489673,2.942543,6.759263,0.042101,0.262955,0.000000,0.000000,0.858030,0.098094,10.239469,0.078445,0.000000,0.000000,0.000000,1.489618,0.000000,-1.783209385e-04
1.547550,0.015124663,0.042303464,0.036393887,0.039664854,0.046435435,0.057165082,0.039726979,0.043816393,0.058808386,0.036533971,0.041934633,0.047033468,0.048937174,0.075078269,0.075592456,0.074860066,0.075088033,0.251348195,5.215008e-02,2.114454e-02,1.840899e-03,6.525626e-03,2.510380e-02,4.443809e-03,1.966442e-03,1.920613e-02,2.546431e-04,1.290553e-03,7.005084e-03,2.028247e-03,5.224750e-04,1.318001e-03,1.750548e-03,1.019221e-03,2.471335e-03,1.794693e+00,1.846040,3.159549,5.102275,5.380979,2.040718,4.698025,0.000000,0.000000,8.562795,0.706841,1.503312,0.000000,0.000000,0.000000,0.000000,3.408438,0.000000,2.032047023e-04
1.550050,0.015092927,0.041823248,0.036619445,0.040432336,0.046482502,0.057488083,0.039958072,0.043456932,0.058194071,0.037198805,0.042031705,0.046961375,0.047535048,0.075072319,0.075799560,0.074947824,0.075345778,0.248587010,2.923902e-02,5.714333e-03,8.797125e-04,4.651949e-03,9.301079e-03,8.523490e-04,8.764614e-04,7.756267e-03,4.128766e-03,1.164315e-03,7.978311e-03,3.218902e-03,2.224168e-03,9.967285e-04,4.045996e-04,6.459490e-04,1.932983e-03,2.227008e+00,3.545447,1.742907,2.631516,4.706016,3.179547,2.576794,0.000000,0.000000,2.449413,0.013435,0.000000,0.000000,0.378174,0.818423,3.945320,8.796380,0.000000,1.517498428e-04
1.552550,0.014854108,0.041325951,0.036942480,0.041243443,0.046473390,0.057827357,0.040127940,0.043167637,0.057518444,0.037802328,0.042111094,0.046827970,0.046071610,0.075093875,0.075972410,0.075038691,0.075671585,0.245764512,7.142866e-02,1.966803e-02,1.605170e-03,6.494414e-03,2.024878e-02,4.570702e-03,1.488008e-03,8.729736e-03,6.484194e-03,9.669889e-05,9.457413e-03,1.153398e-03,5.408686e-03,4.486460e-04,7.924946e-04,9.534965e-04,7.739539e-04,1.003856e+00,1.099328,0.083959,0.792077,2.305409,0.251150,0.000000,0.000000,0.000000,0.008438,0.000000,0.000000,0.000000,10.160534,0.000000,8.984462,0.000000,0.000000,-2.369440916e-04
1.555050,0.014813733,0.041052175,0.037208747,0.041993265,0.046402965,0.058105318,0.040236495,0.042886087,0.056781505,0.038344538,0.042129171,0.046633252,0.044564919,0.075077110,0.076084262,0.075080269,0.075979655,0.242880701,1.164081e-01,1.105805e-02,1.664795e-03,4.668967e-03,6.520222e-03,5.066038e-03,2.110954e-03,1.843848e-02,1.049983e-03,1.234084e-03,6.104278e-03,2.558913e-03,5.219647e-03,1.219364e-03,9.722491e-04,1.768231e-04,2.924713e-04,9.734397e-01,0.978394,0.000000,0.090059,0.642786,0.000000,0.000000,0.000000,0.000000,0.000000,0.000000,0.000000,0.772772,15.443502,0.000000,1.645689,0.000000,0.000000,-3.027169569e-04
1.557550,0.015040153,0.040840795,0.037413701,0.042681775,0.046271228,0.058321967,0.040283738,0.042606287,0.055983253,0.038825435,0.042085935,0.046377222,0.043185398,0.075040347,0.076134801,0.075070058,0.076244137,0.239935578,5.653642e-03,2.254569e-02,1.669497e-03,9.921944e-03,2.319875e-02,7.615442e-03,4.397726e-04,1.386452e-02,3.045393e-03,1.236077e-03,6.480381e-03,3.824804e-04,6.843104e-03,6.540159e-04,4.159023e-04,8.315764e-04,8.410636e-04,2.664823e+00,1.106877,0.000000,0.720070,0.401402,0.000000,0.000000,0.000000,0.000000,0.000000,0.000000,0.000000,2.691504,7.768720,0.000000,4.598563,0.000000,0.000000,6.595800500e-05
1.560050,0.015145968,0.040770694,0.037583335,0.043317825,0.046098638,0.058477303,0.040285936,0.042287607,0.055123688,0.039269262,0.041981387,0.046059879,0.042118193,0.074981166,0.076124029,0.075050288,0.076454839,0.236929142,7.147583e-02,2.171783e-02,1.640076e-03,1.701602e-02,6.294367e-03,5.590456e-03,2.234165e-03,1.362040e-02,6.908798e-03,9.035296e-04,6.523788e-03,3.711542e-03,8.275492e-03,7.781717e-04,7.799183e-04,7.283110e-04,4.869185e-04,1.565468e+00,1.465621,0.000000,2.214696,0.041916,0.848553,0.000000,0.000000,0.000000,0.555670,0.512746,0.541489,4.168908,14.872048,3.128984,0.000000,0.000000,0.000000,2.377942401e-04
1.562550,0.014952540,0.040887784,0.037788024,0.044028274,0.045893271,0.058571327,0.040299392,0.041907615,0.054202811,0.039690739,0.041815526,0.045681224,0.041258688,0.074939945,0.076051943,0.075029526,0.076604438,0.233861394,7.566561e-03,9.050131e-03,1.402621e-03,1.023608e-02,2.120439e-02,4.082539e-03,1.516165e-03,8.367364e-03,1.520410e-03,1.500062e-03,7.636419e-03,2.285844e-03,3.386257e-03,1.173846e-03,9.334421e-04,3.069180e-04,2.355386e-04,8.974433e-01,3.149197,0.000000,1.033559,0.000000,0.442858,0.000000,0.000000,0.000000,1.175924,0.454135,0.073654,0.609241,13.395489,0.006890,0.000000,0.000000,0.000000,-7.678463987e-05
1.565050,0.014795124,0.041038800,0.037943563,0.044713220,0.045634930,0.058604038,0.040263414,0.041466310,0.053220622,0.040051776,0.041588353,0.045241257,0.040355017,0.074925326,0.075918546,0.074989418,0.076692724,0.230732334,1.405233e-01,1.921915e-02,1.367671e-03,8.675769e-03,7.591084e-03,1.385446e-03,7.138123e-04,1.708812e-02,1.712249e-03,1.390170e-03,4.629651e-03,3.602314e-03,3.609971e-03,6.964305e-04,5.316402e-04,8.863033e-04,8.119804e-04,2.317521e+00,1.207649,0.000000,1.382087,0.000000,0.000000,0.000000,0.000000,0.000000,0.000000,0.000000,0.000000,0.640929,10.381270,3.229016,0.000000,0.000000,0.000000,-3.325010985e-04
1.567550,0.014932734,0.041356941,0.038037789,0.045434375,0.045493157,0.058575437,0.040166124,0.041055198,0.052177120,0.040351501,0.041299867,0.044739976,0.039633076,0.074908676,0.075723835,0.074934079,0.076719698,0.227541961,1.526566e-02,1.628958e-02,1.238905e-03,8.640433e-03,1.356535e-02,1.780580e-03,1.189354e-03,1.631487e-02,6.775375e-03,8.700976e-05,5.443949e-03,1.872028e-03,3.066769e-03,1.177559e-03,6.890830e-04,4.682160e-04,4.776736e-04,1.714296e+00,3.514963,0.000000,1.425649,0.000000,0.000000,0.000000,0.000000,0.000000,2.920575,0.000000,0.000000,3.056886,7.737578,15.522450,16.801249,0.000000,0.000000,-1.089424767e-04
1.570050,0.015128451,0.041637838,0.038070703,0.046497415,0.045397087,0.058485523,0.040007521,0.040843655,0.051178843,0.040590578,0.040992309,0.044177384,0.038995365,0.074993672,0.075467813,0.074897280,0.076686997,0.224290275,5.543809e-02,1.827907e-02,2.174924e-03,2.406326e-03,7.211137e-03,2.852080e-03,1.722145e-03,1.386218e-02,3.246993e-03,1.265431e-03,3.654001e-03,3.026974e-03,7.220810e-04,1.051548e-03,1.052741e-03,8.776716e-04,3.145095e-04,8.415197e-01,4.534679,0.000000,3.196426,0.261684,0.000000,0.000000,3.210978,0.000000,2.985959,0.000000,0.072608,0.116889,0.000000,0.015849,9.565394,6.484151,0.000000,2.093741649e-04
1.572550,0.015053336,0.041857423,0.038042305,0.047613688,0.045239712,0.058334297,0.039787605,0.040718079,0.050555380,0.040802180,0.040706798,0.043553478,0.038370606,0.075128299,0.075150477,0.074922486,0.076617781,0.220977277,9.846207e-03,1.634556e-02,1.552809e-03,8.202071e-03,1.940549e-02,5.210565e-03,3.182577e-04,1.121907e-02,5.208591e-03,1.218803e-03,1.015300e-02,2.495375e-04,6.794019e-03,7.440894e-04,1.470705e-04,1.083263e-03,9.858009e-04,1.533544e+00,1.884642,0.000000,3.290588,1.151310,0.000000,0.000000,3.379704,0.000000,0.000000,0.000000,0.380083,3.629053,0.000000,0.000000,18.799274,7.391373,0.000000,8.778218862e-05
1.575050,0.014833565,0.042015696,0.037958016,0.048668648,0.045021024,0.058121758,0.039506377,0.040876387,0.050180389,0.040965122,0.040518641,0.042868261,0.038393413,0.075230135,0.074782633,0.074949712,0.076533675,0.217602967,9.321368e-02,1.505094e-02,2.412291e-03,9.798143e-03,8.322148e-03,7.007833e-03,1.963474e-03,1.761238e-02,1.268697e-02,1.000940e-03,7.305970e-03,2.316589e-03,1.574168e-03,1.203426e-03,1.157716e-03,3.583869e-04,5.681484e-04,2.043071e+00,0.082209,1.502833,0.911151,1.351846,0.146396,0.000000,3.199313,0.000000,0.000000,0.000000,0.000000,5.320100,0.000000,0.000000,11.537024,5.725473,0.000000,-2.705293044e-04
1.577550,0.014849545,0.042112656,0.037822512,0.049662296,0.044741791,0.057847907,0.039163837,0.041014539,0.049952989,0.041066752,0.040331700,0.042121730,0.038505343,0.075272627,0.074539269,0.074975358,0.076434921,0.214167344,7.579076e-02,1.465529e-02,1.154712e-03,1.673132e-03,1.294712e-02,6.073570e-03,1.751310e-03,1.867183e-02,5.023989e-03,1.749053e-03,9.290780e-03,1.937055e-03,1.078472e-02,2.652911e-04,2.597039e-03,7.989763e-04,1.020558e-03,2.029926e+00,0.122906,9.221474,2.943800,1.474098,0.002692,0.000000,0.462812,0.000000,0.000000,0.000000,0.000000,0.078453,0.000000,0.882227,0.130396,7.219453,0.000000,-2.440935314e-04
1.580050,0.015068090,0.042148304,0.037696975,0.050594632,0.044479828,0.057512743,0.038759984,0.041149776,0.049670925,0.041107070,0.040287252,0.041313888,0.038691058,0.075265648,0.074587102,0.075042530,0.076334038,0.210670408,1.578411e-02,1.620554e-02,1.756645e-03,1.096012e-02,7.731751e-03,4.439436e-03,9.002648e-04,1.714744e-02,7.692368e-03,1.876089e-03,3.551377e-03,3.118839e-03,1.080680e-02,1.122461e-03,3.215479e-03,7.949089e-04,1.942933e-03,8.982043e-01,0.818411,9.521103,2.114344,1.865871,1.718066,0.000000,0.000000,0.000000,0.000000,0.000000,0.000000,2.765791,0.000000,6.846928,7.424562,14.199616,0.000000,1.113462319e-04
1.582550,0.015112916,0.042131697,0.037674915,0.051465654,0.044199062,0.057116267,0.038294818,0.041339667,0.049327600,0.041187747,0.040464166,0.040444733,0.039163079,0.075251455,0.074844304,0.075091686,0.076238448,0.207112160,4.275212e-02,1.742100e-02,1.121770e-03,9.692214e-03,1.722926e-02,1.687438e-03,1.141711e-03,1.148939e-02,1.545608e-02,8.025581e-04,3.493731e-03,2.421135e-03,7.878869e-03,7.936287e-04,1.245439e-03,2.926161e-04,1.748460e-03,1.356312e+00,2.188948,6.504666,0.716844,2.122557,0.966448,0.000000,0.009703,0.000000,0.000000,0.000000,2.763154,3.221895,3.549266,0.073585,6.386605,20.724581,0.000000,1.840379634e-04
1.585050,0.014913092,0.042157500,0.037645077,0.052275365,0.043869077,0.056658478,0.037777781,0.041511683,0.048924667,0.041440415,0.040722769,0.039521923,0.039731202,0.075240371,0.075216981,0.075100868,0.076181322,0.203492600,2.527045e-02,8.872169e-03,1.773951e-03,2.807353e-03,6.827510e-03,1.770803e-03,1.779852e-03,1.108750e-02,4.114712e-03,1.532598e-03,9.802318e-03,3.452103e-03,1.547439e-02,5.286736e-04,1.123374e-03,9.045845e-04,1.802126e-03,2.297052e+00,1.051862,2.976853,0.525107,3.797295,0.112372,0.000000,0.007629,0.391633,0.000000,0.530783,0.518797,0.087902,5.551682,1.540825,0.000000,0.974155,0.000000,-1.408808349e-04
1.587550,0.014814918,0.042151786,0.037555676,0.053023763,0.043578034,0.056139377,0.037342797,0.041622386,0.048460951,0.041638665,0.040923765,0.038621846,0.040238589,0.075182185,0.075564458,0.075060003,0.076210672,0.199811727,1.147012e-01,1.405590e-02,8.114331e-04,7.137233e-03,1.253018e-02,1.704977e-03,3.189829e-04,2.091377e-02,4.339612e-03,8.526508e-04,9.293936e-03,9.214539e-04,6.578965e-03,1.233802e-03,6.924796e-04,3.034535e-04,1.539888e-03,9.852683e-01,0.024004,0.015232,0.098230,4.213353,0.000000,0.000000,0.122618,0.731716,0.000000,1.777722,0.000000,0.000000,0.024780,11.639603,0.000000,0.000000,0.000000,-3.005370182e-04
1.590050,0.014981341,0.042112481,0.037404962,0.053710848,0.043343743,0.055594063,0.037027331,0.041698157,0.048154058,0.041775603,0.041090883,0.037685769,0.040684664,0.075072287,0.075850649,0.074973419,0.076297055,0.196069541,1.203918e-03,1.193118e-02,1.896731e-03,9.912193e-03,1.589334e-02,6.020437e-03,1.978092e-03,1.648840e-02,9.923630e-03,1.278628e-03,7.625798e-03,1.554120e-03,3.806832e-03,6.749544e-04,6.918841e-04,7.435391e-04,1.130221e-03,1.006560e+00,1.080048,0.000000,1.419830,2.524993,0.000000,1.124737,4.574604,0.000000,0.000000,1.952974,0.000000,0.000000,4.146470,2.767963,4.556840,8.619719,0.000000,-2.983464361e-05
1.592550,0.015122659,0.042049066,0.037192936,0.054336621,0.043137255,0.055203028,0.036814973,0.041782955,0.048181065,0.041851457,0.041414747,0.036741097,0.041069426,0.074981108,0.076075528,0.074925895,0.076392346,0.192266043,5.066698e-02,1.971533e-02,1.120985e-03,1.044021e-03,1.667459e-02,7.665250e-03,1.434586e-03,1.405819e-02,4.102182e-03,1.677588e-04,6.770061e-03,1.812974e-03,1.100668e-02,1.233595e-03,8.265573e-04,1.035284e-03,1.258860e-03,2.666411e+00,3.340164,0.000000,4.204135,1.720134,0.000000,2.526559,1.496497,1.786940,0.000000,0.660151,0.017274,0.000000,0.007999,7.175242,1.975875,11.739344,0.000000,2.000952207e-04
1.595050,0.015005766,0.041924341,0.036919877,0.054901081,0.042911310,0.054919071,0.036555915,0.041811794,0.048178110,0.041870667,0.041789177,0.036030058,0.041392876,0.074957817,0.076239094,0.074945291,0.076480384,0.188401232,1.641111e-04,7.311269e-03,2.052349e-03,8.941587e-03,2.160614e-02,1.273370e-02,5.559966e-04,4.322165e-03,5.372594e-03,9.311209e-04,2.801719e-03,8.392473e-04,1.232036e-02,1.207856e-03,7.328433e-04,6.134221e-04,5.090691e-04,1.517481e+00,3.650989,0.000000,2.265759,1.288062,0.059244,0.451357,0.000000,2.607793,0.000000,0.000000,0.152003,0.000000,0.000000,0.065802,0.000000,3.031298,0.000000,9.805590670e-06
1.597550,0.014833598,0.041749450,0.036679625,0.055404229,0.042651592,0.054582080,0.036244874,0.041779321,0.048113844,0.041873789,0.042110397,0.035661544,0.041702310,0.074973390,0.076341348,0.074951944,0.076538671,0.184475109,9.290172e-02,1.709118e-02,4.850646e-04,1.058384e-02,7.582454e-03,1.113028e-02,2.435420e-03,2.084503e-02,1.376454e-02,3.764755e-04,4.997511e-03,6.159570e-04,7.255895e-03,6.895430e-04,7.451957e-04,1.078397e-03,2.925905e-04,6.001509e-01,1.830520,0.000000,1.071390,0.561536,2.153180,0.000000,0.000000,5.533737,0.000000,0.704962,0.709147,1.864683,4.228864,4.184906,0.000000,0.000000,0.000000,-2.702165312e-04
