scene,solver,step,t_s,Eimp_J,Eslab_mJ,Erest_mJ,ErestKE_mJ,lift_mm,min_gap_m,Fimp_sum_N,Frest_sum_N
shelf,avbd,0,0.00000,1.60192,0.486934,-0.149625,0.00159887,-0.0154153,0.471958,0.0000,0.0000
shelf,avbd,1,0.00833,1.97853,0.577287,-0.298649,0.00153243,-0.0305995,0.465451,0.0000,0.0000
shelf,avbd,2,0.01667,2.39486,0.674426,-0.445503,0.00147972,-0.045564,0.458266,0.0000,0.0000
shelf,avbd,3,0.02500,2.85092,0.777852,-0.590237,0.00142792,-0.0603124,0.450403,0.0000,0.0000
shelf,avbd,4,0.03333,3.34815,0.887183,-0.732954,0.00138295,-0.074856,0.441861,0.0000,0.0000
shelf,avbd,5,0.04167,3.88533,1.00213,-0.873694,0.00134162,-0.0891984,0.432638,0.0000,0.0000
shelf,avbd,6,0.05000,4.46246,1.12239,-1.0125,0.00129805,-0.103343,0.422735,0.0000,0.0000
shelf,avbd,7,0.05833,5.07953,1.24771,-1.14936,0.00126086,-0.117291,0.412153,0.0000,0.0000
shelf,avbd,8,0.06667,5.73656,1.37782,-1.28436,0.00122422,-0.131048,0.40089,0.0000,0.0000
shelf,avbd,9,0.07500,6.43353,1.51247,-1.41745,0.00119087,-0.144612,0.388947,0.0000,0.0000
shelf,avbd,10,0.08333,7.17045,1.65147,-1.54872,0.00115525,-0.15799,0.376324,0.0000,0.0000
shelf,avbd,11,0.09167,7.94732,1.79471,-1.67819,0.00112549,-0.171185,0.363021,0.0000,0.0000
shelf,avbd,12,0.10000,8.76413,1.9419,-1.80592,0.00109348,-0.184201,0.349038,0.0000,0.0000
shelf,avbd,13,0.10833,9.62089,2.09284,-1.93192,0.00106195,-0.197042,0.334375,0.0000,0.0000
shelf,avbd,14,0.11667,10.5176,2.24723,-2.05627,0.00103602,-0.209715,0.319032,0.0000,0.0000
shelf,avbd,15,0.12500,11.4543,2.40488,-2.17895,0.00100535,-0.222217,0.303009,0.0000,0.0000
shelf,avbd,16,0.13333,12.4309,2.5656,-2.29994,0.000980162,-0.234548,0.286306,0.0000,0.0000
shelf,avbd,17,0.14167,13.4474,2.72919,-2.41928,0.000952832,-0.246711,0.268923,0.0000,0.0000
shelf,avbd,18,0.15000,14.5039,2.89563,-2.53698,0.000925879,-0.258707,0.25086,0.0000,0.0000
shelf,avbd,19,0.15833,15.6004,3.06474,-2.65311,0.000901706,-0.270542,0.232116,0.0000,0.0000
shelf,avbd,20,0.16667,16.7368,3.2362,-2.76767,0.000875486,-0.282217,0.212693,0.0000,0.0000
shelf,avbd,21,0.17500,17.9135,3.41002,-2.88065,0.00085432,-0.293732,0.19259,0.0000,0.0000
shelf,avbd,22,0.18333,19.1307,3.58591,-2.99214,0.000828803,-0.305094,0.171806,0.0000,0.0000
shelf,avbd,23,0.19167,20.3879,3.76379,-3.10213,0.000808213,-0.316303,0.150341,0.0000,0.0000
shelf,avbd,24,0.20000,21.6851,3.94354,-3.21061,0.000787883,-0.32736,0.128196,0.0000,0.0000
shelf,avbd,25,0.20833,23.0223,4.12512,-3.3176,0.000765596,-0.338264,0.105371,0.0000,0.0000
shelf,avbd,26,0.21667,24.3994,4.3082,-3.4232,0.000745811,-0.349026,0.081865,0.0000,0.0000
shelf,avbd,27,0.22500,25.8174,4.49262,-3.52741,0.000724133,-0.359647,0.0576784,0.0000,0.0000
shelf,avbd,28,0.23333,27.2756,4.67825,-3.63016,0.000704896,-0.370119,0.0328108,0.0000,0.0000
shelf,avbd,29,0.24167,28.774,4.86501,-3.73155,0.000688007,-0.380453,0.00726225,0.0000,0.0000
shelf,avbd,30,0.25000,0.0315584,1389.91,-4.44484,0.594953,-0.51374,-0.000416769,0.0000,1571.0682
shelf,avbd,31,0.25833,0.0381804,571.593,-5.68949,5.85094,-1.17639,-9.34651e-06,0.0000,18.6931
shelf,avbd,32,0.26667,0.0149919,367.213,-6.69238,17.7878,-2.49543,-2.679e-05,0.0000,53.5814
shelf,avbd,33,0.27500,0.00924074,246.591,-35.7166,0.00564538,-3.64142,2.01456e-05,0.0000,0.0000
shelf,avbd,34,0.28333,0.000430553,226.528,-33.9455,0.12047,-3.47257,-1.41128e-05,0.0000,28.2262
shelf,avbd,35,0.29167,3.47207e-05,219.311,-33.6097,0.00238669,-3.42631,-2.02886e-05,0.0000,73.0136
shelf,avbd,36,0.30000,6.20759e-06,216.466,-33.4321,0.00528837,-3.4085,-1.5487e-05,0.0000,60.1430
shelf,avbd,37,0.30833,9.3165e-06,213.798,-33.1846,0.00453965,-3.3832,-1.51465e-05,0.0000,60.1508
shelf,avbd,38,0.31667,1.85605e-05,206.903,-32.5477,0.0335596,-3.32123,-1.53348e-05,0.0000,60.8734
shelf,avbd,39,0.32500,3.44471e-05,199.669,-31.9113,0.0261559,-3.2556,-1.53974e-05,0.0000,61.0086
shelf,avbd,40,0.33333,4.34391e-05,193.295,-31.3672,0.0192314,-3.19944,-1.52871e-05,0.0000,60.5478
shelf,avbd,41,0.34167,3.76754e-05,187.49,-30.8877,0.0154462,-3.15017,-1.52209e-05,0.0000,60.1008
shelf,avbd,42,0.35000,3.52469e-05,182.084,-30.41,0.0158186,-3.10151,-1.52382e-05,0.0000,60.1764
shelf,avbd,43,0.35833,3.54117e-05,176.912,-29.9448,0.0153158,-3.05403,-1.52136e-05,0.0000,60.1391
shelf,avbd,44,0.36667,3.51851e-05,171.949,-29.4925,0.0146383,-3.00786,-1.51796e-05,0.0000,60.1081
shelf,avbd,45,0.37500,3.34194e-05,167.187,-29.0528,0.0139182,-2.96297,-1.51397e-05,0.0000,60.0591
shelf,avbd,46,0.38333,3.07745e-05,162.621,-28.6256,0.0131758,-2.91935,-1.51132e-05,0.0000,60.0280
shelf,avbd,47,0.39167,2.83548e-05,158.244,-28.2104,0.0124397,-2.87695,-1.50929e-05,0.0000,59.9685
shelf,avbd,48,0.40000,2.65906e-05,154.048,-27.8072,0.0117276,-2.83577,-1.50972e-05,0.0000,59.9410
shelf,avbd,49,0.40833,2.50457e-05,150.028,-27.4156,0.0110637,-2.79579,-1.51048e-05,0.0000,59.9098
shelf,avbd,50,0.41667,2.36255e-05,146.178,-27.0356,0.0104286,-2.75698,-1.5111e-05,0.0000,59.8811
shelf,avbd,51,0.42500,2.23169e-05,142.488,-26.6663,0.00984514,-2.71928,-1.51132e-05,0.0000,59.8600
shelf,avbd,52,0.43333,2.14909e-05,138.948,-26.3075,0.00929465,-2.68265,-1.51014e-05,0.0000,59.8130
shelf,avbd,53,0.44167,2.08635e-05,135.553,-25.9589,0.00876774,-2.64706,-1.50825e-05,0.0000,59.7781
shelf,avbd,54,0.45000,2.0012e-05,132.295,-25.6203,0.00827869,-2.6125,-1.50556e-05,0.0000,59.7301
shelf,avbd,55,0.45833,1.8674e-05,129.172,-25.2915,0.00781074,-2.57893,-1.50434e-05,0.0000,59.7403
shelf,avbd,56,0.46667,1.73766e-05,126.174,-24.972,0.0073776,-2.54631,-1.50232e-05,0.0000,59.7000
shelf,avbd,57,0.47500,1.59787e-05,123.293,-24.6614,0.00697702,-2.51462,-1.50055e-05,0.0000,59.6454
shelf,avbd,58,0.48333,1.49296e-05,120.53,-24.3599,0.00657466,-2.48384,-1.5009e-05,0.0000,59.6619
shelf,avbd,59,0.49167,1.40287e-05,117.875,-24.067,0.00620939,-2.45395,-1.49966e-05,0.0000,59.5982
shelf,avbd,60,0.50000,1.32194e-05,115.327,-23.7825,0.00586104,-2.42491,-1.50075e-05,0.0000,59.6085
shelf,avbd,61,0.50833,1.24261e-05,112.88,-23.5062,0.00552906,-2.39671,-1.50105e-05,0.0000,59.5982
shelf,avbd,62,0.51667,1.17719e-05,110.529,-23.238,0.00522405,-2.36934,-1.49969e-05,0.0000,59.5284
shelf,avbd,63,0.52500,1.12847e-05,108.269,-22.9772,0.0049333,-2.34273,-1.49949e-05,0.0000,59.5213
shelf,avbd,64,0.53333,1.08746e-05,106.096,-22.7239,0.00465632,-2.31688,-1.49881e-05,0.0000,59.5107
shelf,avbd,65,0.54167,1.04557e-05,104.007,-22.4778,0.00440852,-2.29176,-1.49773e-05,0.0000,59.4970
shelf,avbd,66,0.55000,9.96758e-06,101.997,-22.2387,0.0041572,-2.26736,-1.49668e-05,0.0000,59.4822
shelf,avbd,67,0.55833,9.35768e-06,100.066,-22.0066,0.00392325,-2.24368,-1.49543e-05,0.0000,59.4660
shelf,avbd,68,0.56667,8.70859e-06,98.2079,-21.7811,0.00371065,-2.22067,-1.49401e-05,0.0000,59.4329
shelf,avbd,69,0.57500,8.06137e-06,96.4198,-21.562,0.00350869,-2.19832,-1.49301e-05,0.0000,59.4042
shelf,avbd,70,0.58333,7.45993e-06,94.699,-21.3493,0.0033078,-2.17661,-1.49242e-05,0.0000,59.3947
shelf,avbd,71,0.59167,5.77716e-06,93.5431,-21.2419,2.88909e-05,-2.16534,-1.47648e-05,0.0000,59.0286
shelf,avbd,72,0.60000,1.52401e-06,93.1072,-21.2308,1.86222e-05,-2.1642,-1.47495e-05,0.0000,58.7576
shelf,avbd,73,0.60833,5.96336e-07,92.8845,-21.2205,2.29005e-05,-2.16315,-1.47635e-05,0.0000,58.8455
shelf,avbd,74,0.61667,2.92773e-07,92.7608,-21.2154,4.58842e-05,-2.16263,-1.47616e-05,0.0000,58.8318
shelf,avbd,75,0.62500,1.7402e-07,92.6976,-21.2139,5.10445e-05,-2.16248,-1.47637e-05,0.0000,58.8280
shelf,avbd,76,0.63333,9.93002e-08,92.6722,-21.2149,2.91016e-05,-2.16258,-1.47642e-05,0.0000,58.8222
shelf,avbd,77,0.64167,4.57764e-08,92.6717,-21.2175,4.99592e-06,-2.16285,-1.47654e-05,0.0000,58.8217
shelf,avbd,78,0.65000,1.08002e-08,92.686,-21.2211,3.50085e-06,-2.16321,-1.47656e-05,0.0000,58.8139
shelf,avbd,79,0.65833,4.77365e-11,92.7103,-21.2253,1.96649e-05,-2.16364,-1.47639e-05,0.0000,58.8110
shelf,avbd,80,0.66667,1.05244e-08,92.7404,-21.2299,3.00362e-05,-2.16411,-1.47616e-05,0.0000,58.8024
shelf,avbd,81,0.67500,4.07639e-08,92.7752,-21.2348,2.24156e-05,-2.16461,-1.47632e-05,0.0000,58.8164
shelf,avbd,82,0.68333,7.02529e-08,92.8124,-21.2397,7.30888e-06,-2.16511,-1.47598e-05,0.0000,58.8079
shelf,avbd,83,0.69167,8.40784e-08,92.8508,-21.2448,1.93497e-06,-2.16562,-1.47549e-05,0.0000,58.8036
shelf,avbd,84,0.70000,7.75184e-08,92.8899,-21.2498,1.01446e-05,-2.16614,-1.47557e-05,0.0000,58.8125
shelf,avbd,85,0.70833,5.29658e-08,92.9289,-21.2548,1.99426e-05,-2.16665,-1.47549e-05,0.0000,58.8173
shelf,avbd,86,0.71667,2.53414e-08,92.9679,-21.2598,1.99425e-05,-2.16715,-1.4753e-05,0.0000,58.8158
shelf,avbd,87,0.72500,5.69983e-09,93.0066,-21.2647,1.05108e-05,-2.16766,-1.47509e-05,0.0000,58.8085
shelf,avbd,88,0.73333,5.6943e-09,93.0451,-21.2697,2.483e-06,-2.16816,-1.47507e-05,0.0000,58.8089
shelf,avbd,89,0.74167,2.64733e-08,93.0844,-21.2746,3.32754e-06,-2.16867,-1.47557e-05,0.0000,58.8256
shelf,avbd,90,0.75000,4.83436e-08,93.1251,-21.2796,1.02614e-05,-2.16918,-1.47601e-05,0.0000,58.8385
shelf,avbd,91,0.75833,7.16813e-08,93.1649,-21.2846,1.5169e-05,-2.16969,-1.47637e-05,0.0000,58.8454
shelf,avbd,92,0.76667,7.82688e-08,93.2043,-21.2896,1.30525e-05,-2.17019,-1.47641e-05,0.0000,58.8433
shelf,avbd,93,0.77500,7.78854e-08,93.2431,-21.2944,6.47332e-06,-2.17068,-1.47629e-05,0.0000,58.8339
shelf,avbd,94,0.78333,5.9002e-08,93.2807,-21.2991,1.68913e-06,-2.17117,-1.47665e-05,0.0000,58.8381
shelf,avbd,95,0.79167,3.89102e-08,93.3194,-21.3039,2.97531e-06,-2.17165,-1.47712e-05,0.0000,58.8537
shelf,avbd,96,0.80000,2.25326e-08,93.3578,-21.3086,7.58471e-06,-2.17213,-1.47734e-05,0.0000,58.8609
shelf,avbd,97,0.80833,4.9713e-09,93.3952,-21.3132,1.09177e-05,-2.1726,-1.477e-05,0.0000,58.8470
shelf,avbd,98,0.81667,7.06039e-09,93.4315,-21.3178,9.63232e-06,-2.17307,-1.4772e-05,0.0000,58.8532
shelf,avbd,99,0.82500,1.5667e-08,93.467,-21.3222,5.34166e-06,-2.17352,-1.47683e-05,0.0000,58.8430
shelf,avbd,100,0.83333,2.88225e-08,93.502,-21.3266,1.71608e-06,-2.17397,-1.47686e-05,0.0000,58.8406
shelf,avbd,101,0.84167,4.72295e-08,93.5361,-21.3309,1.77149e-06,-2.17441,-1.47684e-05,0.0000,58.8497
shelf,avbd,102,0.85000,6.4247e-08,93.5699,-21.3352,4.78507e-06,-2.17484,-1.47669e-05,0.0000,58.8500
shelf,avbd,103,0.85833,6.42587e-08,93.6032,-21.3393,7.71413e-06,-2.17526,-1.47682e-05,0.0000,58.8545
shelf,avbd,104,0.86667,6.39322e-08,93.6358,-21.3434,8.12953e-06,-2.17568,-1.47627e-05,0.0000,58.8380
shelf,avbd,105,0.87500,5.22763e-08,93.6677,-21.3474,5.6572e-06,-2.17609,-1.47606e-05,0.0000,58.8335
shelf,avbd,106,0.88333,3.26166e-08,93.6992,-21.3514,2.48662e-06,-2.17649,-1.47611e-05,0.0000,58.8375
shelf,avbd,107,0.89167,1.75873e-08,93.7302,-21.3553,1.09076e-06,-2.17689,-1.47606e-05,0.0000,58.8402
shelf,avbd,108,0.90000,7.77024e-09,93.7606,-21.3591,1.9985e-06,-2.17728,-1.47595e-05,0.0000,58.8348
shelf,avbd,109,0.90833,2.85766e-09,93.7905,-21.3629,4.38214e-06,-2.17766,-1.47595e-05,0.0000,58.8314
shelf,avbd,110,0.91667,2.84699e-09,93.8201,-21.3666,6.11518e-06,-2.17804,-1.47593e-05,0.0000,58.8373
shelf,avbd,111,0.92500,7.47995e-09,93.8492,-21.3702,6.11531e-06,-2.17841,-1.4758e-05,0.0000,58.8322
shelf,avbd,112,0.93333,1.73059e-08,93.8778,-21.3738,4.30377e-06,-2.17878,-1.476e-05,0.0000,58.8348
shelf,avbd,113,0.94167,3.2031e-08,93.906,-21.3774,2.01179e-06,-2.17914,-1.47583e-05,0.0000,58.8303
shelf,avbd,114,0.95000,5.168e-08,93.9339,-21.3809,8.65351e-07,-2.1795,-1.47599e-05,0.0000,58.8302
shelf,avbd,115,0.95833,6.96408e-08,93.9615,-21.3844,1.45399e-06,-2.17985,-1.4761e-05,0.0000,58.8301
shelf,avbd,116,0.96667,6.96386e-08,93.9887,-21.3878,3.08246e-06,-2.1802,-1.47619e-05,0.0000,58.8312
shelf,avbd,117,0.97500,6.93863e-08,94.0156,-21.3911,4.61242e-06,-2.18054,-1.47648e-05,0.0000,58.8387
shelf,avbd,118,0.98333,6.93784e-08,94.0418,-21.3944,5.02821e-06,-2.18088,-1.47627e-05,0.0000,58.8271
shelf,avbd,119,0.99167,5.7085e-08,94.0678,-21.3977,4.0149e-06,-2.18121,-1.47627e-05,0.0000,58.8242
shelf,avbd,120,1.00000,3.62268e-08,94.0934,-21.4009,2.39369e-06,-2.18154,-1.47651e-05,0.0000,58.8351
shelf,avbd,121,1.00833,2.025e-08,94.1191,-21.4041,9.99973e-07,-2.18187,-1.47648e-05,0.0000,58.8297
shelf,avbd,122,1.01667,8.94892e-09,94.1443,-21.4073,6.79513e-07,-2.18219,-1.47614e-05,0.0000,58.8195
shelf,avbd,123,1.02500,2.8054e-09,94.1691,-21.4104,1.44901e-06,-2.18251,-1.47643e-05,0.0000,58.8266
shelf,avbd,124,1.03333,1.58145e-09,94.1934,-21.4135,2.70723e-06,-2.18282,-1.47636e-05,0.0000,58.8273
shelf,avbd,125,1.04167,5.2594e-09,94.2174,-21.4165,3.87693e-06,-2.18313,-1.47615e-05,0.0000,58.8156
shelf,avbd,126,1.05000,1.38672e-08,94.2409,-21.4194,4.03412e-06,-2.18343,-1.47612e-05,0.0000,58.8175
shelf,avbd,127,1.05833,2.71443e-08,94.2641,-21.4223,3.3306e-06,-2.18372,-1.47613e-05,0.0000,58.8176
shelf,avbd,128,1.06667,4.55576e-08,94.2871,-21.4253,2.11357e-06,-2.18402,-1.47596e-05,0.0000,58.8152
shelf,avbd,129,1.07500,6.25889e-08,94.3097,-21.4281,9.27264e-07,-2.18431,-1.47599e-05,0.0000,58.8167
shelf,avbd,130,1.08333,6.25981e-08,94.332,-21.4309,5.18015e-07,-2.1846,-1.47598e-05,0.0000,58.8171
shelf,avbd,131,1.09167,6.25913e-08,94.3542,-21.4337,9.27278e-07,-2.18488,-1.47569e-05,0.0000,58.8139
shelf,avbd,132,1.10000,6.25924e-08,94.3763,-21.4365,1.86265e-06,-2.18517,-1.47562e-05,0.0000,58.8080
shelf,avbd,133,1.10833,6.25877e-08,94.398,-21.4392,2.83174e-06,-2.18544,-1.47567e-05,0.0000,58.8154
shelf,avbd,134,1.11667,5.66083e-08,94.4195,-21.4419,3.35008e-06,-2.18572,-1.47559e-05,0.0000,58.8150
shelf,avbd,135,1.12500,3.55271e-08,94.4405,-21.4445,3.21552e-06,-2.18599,-1.47534e-05,0.0000,58.8039
shelf,avbd,136,1.13333,1.9568e-08,94.4611,-21.4471,2.47688e-06,-2.18625,-1.47542e-05,0.0000,58.8069
shelf,avbd,137,1.14167,8.51795e-09,94.4815,-21.4497,1.44891e-06,-2.18651,-1.47542e-05,0.0000,58.8092
shelf,avbd,138,1.15000,2.37398e-09,94.5015,-21.4522,6.59496e-07,-2.18676,-1.4752e-05,0.0000,58.8064
shelf,avbd,139,1.15833,1.14974e-09,94.5213,-21.4546,4.1289e-07,-2.18702,-1.47533e-05,0.0000,58.8081
shelf,avbd,140,1.16667,4.83211e-09,94.5408,-21.4571,7.68991e-07,-2.18727,-1.47537e-05,0.0000,58.8098
shelf,avbd,141,1.17500,1.34201e-08,94.5601,-21.4595,1.53198e-06,-2.18751,-1.47546e-05,0.0000,58.8110
shelf,avbd,142,1.18333,2.69302e-08,94.5793,-21.4619,2.26267e-06,-2.18775,-1.47555e-05,0.0000,58.8123
shelf,avbd,143,1.19167,4.51602e-08,94.5978,-21.4642,2.72966e-06,-2.18799,-1.47556e-05,0.0000,58.8158
shelf,avbd,144,1.20000,6.21898e-08,94.616,-21.4665,2.7295e-06,-2.18822,-1.47568e-05,0.0000,58.8138
shelf,avbd,145,1.20833,6.22044e-08,94.6341,-21.4687,2.21647e-06,-2.18846,-1.4757e-05,0.0000,58.8098
shelf,avbd,146,1.21667,6.21884e-08,94.6519,-21.471,1.47906e-06,-2.18868,-1.47539e-05,0.0000,58.8005
shelf,avbd,147,1.22500,6.21955e-08,94.6695,-21.4732,7.75456e-07,-2.18891,-1.47564e-05,0.0000,58.8116
shelf,avbd,148,1.23333,6.20321e-08,94.6869,-21.4753,3.53549e-07,-2.18913,-1.47556e-05,0.0000,58.8035
shelf,avbd,149,1.24167,6.21975e-08,94.7042,-21.4774,3.91783e-07,-2.18934,-1.47588e-05,0.0000,58.8108
shelf,avbd,150,1.25000,6.20305e-08,94.7213,-21.4796,8.03046e-07,-2.18956,-1.47567e-05,0.0000,58.8030
shelf,avbd,151,1.25833,4.49885e-08,94.7382,-21.4818,1.43606e-06,-2.18978,-1.47549e-05,0.0000,58.7988
shelf,avbd,152,1.26667,2.65738e-08,94.755,-21.4838,2.0544e-06,-2.18999,-1.47559e-05,0.0000,58.7966
shelf,avbd,153,1.27500,1.30675e-08,94.7716,-21.486,2.34219e-06,-2.19021,-1.47577e-05,0.0000,58.8024
shelf,avbd,154,1.28333,4.47714e-09,94.7882,-21.488,2.32826e-06,-2.19042,-1.47592e-05,0.0000,58.8035
shelf,avbd,155,1.29167,7.89134e-10,94.8046,-21.4901,1.90756e-06,-2.19063,-1.47572e-05,0.0000,58.7975
shelf,avbd,156,1.30000,2.01872e-09,94.8207,-21.4921,1.30987e-06,-2.19083,-1.47572e-05,0.0000,58.8007
shelf,avbd,157,1.30833,8.16121e-09,94.8364,-21.494,7.3234e-07,-2.19103,-1.4757e-05,0.0000,58.8020
shelf,avbd,158,1.31667,1.91979e-08,94.852,-21.496,3.08563e-07,-2.19123,-1.47581e-05,0.0000,58.8023
shelf,avbd,159,1.32500,3.51653e-08,94.8674,-21.4979,2.84766e-07,-2.19142,-1.47578e-05,0.0000,58.8057
shelf,avbd,160,1.33333,5.58909e-08,94.8822,-21.4997,5.40461e-07,-2.19161,-1.47546e-05,0.0000,58.7930
shelf,avbd,161,1.34167,6.18799e-08,94.8968,-21.5016,9.69512e-07,-2.1918,-1.47572e-05,0.0000,58.8061
shelf,avbd,162,1.35000,6.1879e-08,94.9113,-21.5034,1.4837e-06,-2.19199,-1.47561e-05,0.0000,58.8005
shelf,avbd,163,1.35833,6.23729e-08,94.927,-21.5052,1.91935e-06,-2.19217,-1.47661e-05,0.0000,58.8418
shelf,avbd,164,1.36667,6.20225e-08,94.9433,-21.5071,2.07848e-06,-2.19237,-1.47669e-05,0.0000,58.8458
shelf,avbd,165,1.37500,6.18879e-08,94.9589,-21.5089,1.97137e-06,-2.19255,-1.47647e-05,0.0000,58.8401
shelf,avbd,166,1.38333,6.18781e-08,94.9735,-21.5108,1.62162e-06,-2.19274,-1.4764e-05,0.0000,58.8398
shelf,avbd,167,1.39167,6.18786e-08,94.9881,-21.5126,1.11314e-06,-2.19293,-1.47629e-05,0.0000,58.8399
shelf,avbd,168,1.40000,3.97737e-08,95.0024,-21.5144,6.14321e-07,-2.19311,-1.47646e-05,0.0000,58.8404
shelf,avbd,169,1.40833,2.25852e-08,95.0166,-21.5162,2.61171e-07,-2.19329,-1.47638e-05,0.0000,58.8410
shelf,avbd,170,1.41667,1.03082e-08,95.0306,-21.5179,2.13203e-07,-2.19347,-1.47609e-05,0.0000,58.8330
shelf,avbd,171,1.42500,2.93765e-09,95.0444,-21.5196,4.23776e-07,-2.19364,-1.4761e-05,0.0000,58.8342
shelf,avbd,172,1.43333,3.52545e-10,95.0577,-21.5213,8.33038e-07,-2.19381,-1.47621e-05,0.0000,58.8370
shelf,avbd,173,1.44167,2.81601e-09,95.071,-21.523,1.27436e-06,-2.19398,-1.47621e-05,0.0000,58.8384
shelf,avbd,174,1.45000,1.01818e-08,95.0842,-21.5246,1.64726e-06,-2.19415,-1.47641e-05,0.0000,58.8364
shelf,avbd,175,1.45833,2.24646e-08,95.097,-21.5262,1.84853e-06,-2.19432,-1.47624e-05,0.0000,58.8363
shelf,avbd,176,1.46667,3.96534e-08,95.1097,-21.5278,1.79717e-06,-2.19448,-1.47649e-05,0.0000,58.8400
shelf,avbd,177,1.47500,5.57669e-08,95.1222,-21.5293,1.58483e-06,-2.19463,-1.47626e-05,0.0000,58.8412
shelf,avbd,178,1.48333,5.57693e-08,95.1346,-21.5309,1.15918e-06,-2.19479,-1.47614e-05,0.0000,58.8249
shelf,avbd,179,1.49167,5.57675e-08,95.1465,-21.5324,7.37112e-07,-2.19494,-1.47602e-05,0.0000,58.8251
shelf,avbd,180,1.50000,5.60422e-08,95.1599,-21.5339,3.53687e-07,-2.1951,-1.47696e-05,0.0000,58.8556
shelf,avbd,181,1.50833,5.6034e-08,95.1735,-21.5355,1.74341e-07,-2.19526,-1.47686e-05,0.0000,58.8527
shelf,avbd,182,1.51667,5.57676e-08,95.1862,-21.537,1.69771e-07,-2.19542,-1.4767e-05,0.0000,58.8408
shelf,avbd,183,1.52500,5.57605e-08,95.1983,-21.5385,4.30327e-07,-2.19557,-1.47679e-05,0.0000,58.8462
shelf,avbd,184,1.53333,5.57691e-08,95.2102,-21.54,7.37729e-07,-2.19572,-1.47693e-05,0.0000,58.8425
shelf,avbd,185,1.54167,5.00858e-08,95.2217,-21.5414,1.12884e-06,-2.19586,-1.47693e-05,0.0000,58.8444
shelf,avbd,186,1.55000,3.04419e-08,95.2336,-21.5429,1.50454e-06,-2.19601,-1.47686e-05,0.0000,58.8465
shelf,avbd,187,1.55833,1.56046e-08,95.2456,-21.5444,1.69631e-06,-2.19616,-1.47682e-05,0.0000,58.8446
shelf,avbd,188,1.56667,5.79149e-09,95.2573,-21.5459,1.66593e-06,-2.19632,-1.4769e-05,0.0000,58.8414
shelf,avbd,189,1.57500,9.8221e-10,95.2692,-21.5473,1.50442e-06,-2.19646,-1.47694e-05,0.0000,58.8465
shelf,avbd,190,1.58333,9.81576e-10,95.281,-21.5488,1.15938e-06,-2.19662,-1.47693e-05,0.0000,58.8464
shelf,avbd,191,1.59167,5.89113e-09,95.2927,-21.5503,7.06722e-07,-2.19677,-1.47699e-05,0.0000,58.8509
shelf,avbd,192,1.60000,1.56097e-08,95.3042,-21.5517,4.09763e-07,-2.19691,-1.47687e-05,0.0000,58.8448
shelf,avbd,193,1.60833,3.0447e-08,95.3155,-21.5531,1.61969e-07,-2.19706,-1.47684e-05,0.0000,58.8466
shelf,avbd,194,1.61667,5.00821e-08,95.3268,-21.5545,1.49421e-07,-2.1972,-1.47685e-05,0.0000,58.8517
shelf,avbd,195,1.62500,4.99745e-08,95.3375,-21.5559,3.23051e-07,-2.19734,-1.47653e-05,0.0000,58.8365
shelf,avbd,196,1.63333,4.99748e-08,95.3478,-21.5572,5.64464e-07,-2.19747,-1.47642e-05,0.0000,58.8349
shelf,avbd,197,1.64167,4.99758e-08,95.3583,-21.5585,9.3907e-07,-2.1976,-1.47659e-05,0.0000,58.8384
shelf,avbd,198,1.65000,4.9977e-08,95.3687,-21.5598,1.22518e-06,-2.19774,-1.47647e-05,0.0000,58.8354
shelf,avbd,199,1.65833,4.99755e-08,95.3787,-21.561,1.44685e-06,-2.19786,-1.47633e-05,0.0000,58.8362
shelf,avbd,200,1.66667,4.99841e-08,95.3886,-21.5623,1.49401e-06,-2.19799,-1.47641e-05,0.0000,58.8359
shelf,avbd,201,1.67500,4.99865e-08,95.3984,-21.5635,1.40113e-06,-2.19811,-1.47637e-05,0.0000,58.8355
shelf,avbd,202,1.68333,4.99916e-08,95.4081,-21.5647,1.18328e-06,-2.19823,-1.47636e-05,0.0000,58.8384
shelf,avbd,203,1.69167,3.95583e-08,95.4176,-21.5658,8.76263e-07,-2.19835,-1.47656e-05,0.0000,58.8449
shelf,avbd,204,1.70000,2.22823e-08,95.4269,-21.567,5.11737e-07,-2.19847,-1.47638e-05,0.0000,58.8438
shelf,avbd,205,1.70833,1.00882e-08,95.4362,-21.5681,2.62336e-07,-2.19859,-1.47632e-05,0.0000,58.8443
shelf,avbd,206,1.71667,2.71987e-09,95.4451,-21.5693,9.80068e-08,-2.1987,-1.47644e-05,0.0000,58.8414
shelf,avbd,207,1.72500,1.73525e-10,95.454,-21.5704,1.03966e-07,-2.19882,-1.47624e-05,0.0000,58.8361
shelf,avbd,208,1.73333,2.63269e-09,95.4624,-21.5714,2.38262e-07,-2.19892,-1.47614e-05,0.0000,58.8298
shelf,avbd,209,1.74167,9.98835e-09,95.471,-21.5725,4.87761e-07,-2.19903,-1.47634e-05,0.0000,58.8372
shelf,avbd,210,1.75000,2.22626e-08,95.4793,-21.5736,7.96969e-07,-2.19914,-1.4761e-05,0.0000,58.8304
shelf,avbd,211,1.75833,3.94472e-08,95.4875,-21.5746,1.11804e-06,-2.19924,-1.47632e-05,0.0000,58.8375
shelf,avbd,212,1.76667,4.4514e-08,95.4957,-21.5756,1.33189e-06,-2.19934,-1.4763e-05,0.0000,58.8367
shelf,avbd,213,1.77500,4.45182e-08,95.5038,-21.5766,1.40217e-06,-2.19945,-1.47667e-05,0.0000,58.8425
shelf,avbd,214,1.78333,4.45204e-08,95.5118,-21.5776,1.37698e-06,-2.19955,-1.4764e-05,0.0000,58.8347
shelf,avbd,215,1.79167,4.45233e-08,95.5196,-21.5786,1.20105e-06,-2.19965,-1.4765e-05,0.0000,58.8360
shelf,avbd,216,1.80000,4.45288e-08,95.5273,-21.5795,8.87845e-07,-2.19975,-1.47648e-05,0.0000,58.8372
shelf,avbd,217,1.80833,4.44637e-08,95.5349,-21.5805,5.47436e-07,-2.19984,-1.47665e-05,0.0000,58.8441
shelf,avbd,218,1.81667,4.44663e-08,95.5421,-21.5814,2.69175e-07,-2.19994,-1.47634e-05,0.0000,58.8294
shelf,avbd,219,1.82500,4.4533e-08,95.5494,-21.5823,1.06117e-07,-2.20003,-1.47657e-05,0.0000,58.8412
shelf,xpbd,0,0.00000,1.62398,2.33702,-1.63917,0.825725,-0.251263,0.47166,0.0000,0.0000
shelf,xpbd,1,0.00833,2.00492,6.25604,-5.24055,1.13854,-0.650264,0.465311,0.0000,0.0000
shelf,xpbd,2,0.01667,2.42595,9.94641,-8.72862,0.166964,-0.906788,0.458157,0.0000,0.0000
shelf,xpbd,3,0.02500,2.88708,9.00961,-8.20737,0.207067,-0.857741,0.450236,0.0000,0.0000
shelf,xpbd,4,0.03333,3.38831,4.62141,-4.36992,0.955473,-0.542853,0.441485,0.0000,0.0000
shelf,xpbd,5,0.04167,3.92964,1.24905,-1.34882,0.634954,-0.20222,0.432053,0.0000,0.0000
shelf,xpbd,6,0.05000,4.51107,0.167077,-0.674937,0.00206047,-0.069011,0.422005,0.0000,0.0000
shelf,xpbd,7,0.05833,5.13259,1.29763,-1.78977,0.44851,-0.228163,0.411453,0.0000,0.0000
shelf,xpbd,8,0.06667,5.79422,4.35196,-4.6085,0.837994,-0.555199,0.400285,0.0000,0.0000
shelf,xpbd,9,0.07500,6.49594,7.69444,-7.72753,0.237287,-0.811908,0.38838,0.0000,0.0000
shelf,xpbd,10,0.08333,7.23776,7.83287,-8.0435,0.0606638,-0.826113,0.375706,0.0000,0.0000
shelf,xpbd,11,0.09167,8.01967,4.65346,-5.24587,0.604086,-0.596326,0.36223,0.0000,0.0000
shelf,xpbd,12,0.10000,8.84169,1.40722,-2.35869,0.555816,-0.297096,0.348048,0.0000,0.0000
shelf,xpbd,13,0.10833,9.70381,0.0492457,-1.32163,0.0351406,-0.138305,0.333239,0.0000,0.0000
shelf,xpbd,14,0.11667,10.606,0.706465,-1.98841,0.215225,-0.224631,0.317869,0.0000,0.0000
shelf,xpbd,15,0.12500,11.5483,3.05868,-4.15624,0.593232,-0.484146,0.301894,0.0000,0.0000
shelf,xpbd,16,0.13333,12.5307,5.98388,-6.86452,0.268138,-0.72708,0.285221,0.0000,0.0000
shelf,xpbd,17,0.14167,13.5533,6.77559,-7.7065,0.00601633,-0.786189,0.267793,0.0000,0.0000
shelf,xpbd,18,0.15000,14.6159,4.61402,-5.80845,0.351228,-0.627898,0.249583,0.0000,0.0000
shelf,xpbd,19,0.15833,15.7186,1.70314,-3.22024,0.449477,-0.374079,0.230652,0.0000,0.0000
shelf,xpbd,20,0.16667,16.8614,0.153618,-1.93806,0.0756829,-0.205275,0.211077,0.0000,0.0000
shelf,xpbd,21,0.17500,18.0443,0.398302,-2.2252,0.0835756,-0.235349,0.190907,0.0000,0.0000
shelf,xpbd,22,0.18333,19.2673,2.17515,-3.85976,0.395438,-0.433762,0.170133,0.0000,0.0000
shelf,xpbd,23,0.19167,20.5304,4.67072,-6.15392,0.260735,-0.653889,0.148685,0.0000,0.0000
shelf,xpbd,24,0.20000,21.8336,5.81897,-7.27595,0.00204115,-0.741895,0.126499,0.0000,0.0000
shelf,xpbd,25,0.20833,23.1769,4.48411,-6.11616,0.185169,-0.642337,0.103547,0.0000,0.0000
shelf,xpbd,26,0.21667,24.5603,2.01685,-3.91721,0.340583,-0.434026,0.0798666,0.0000,0.0000
shelf,xpbd,27,0.22500,25.9837,0.383083,-2.51581,0.103483,-0.267003,0.0555236,0.0000,0.0000
shelf,xpbd,28,0.23333,27.4473,0.287248,-2.48597,0.0225201,-0.255708,0.0305673,0.0000,0.0000
shelf,xpbd,29,0.24167,28.951,1.58685,-3.68288,0.246161,-0.400513,0.00500015,0.0000,0.0000
shelf,xpbd,30,0.25000,0.233836,3303.25,-4.51828,5.40155,-1.0112,-2.24046e-05,0.0000,1897.0137
shelf,xpbd,31,0.25833,0.0199951,3183.3,-5.35367,17.24,-2.30313,0.00156675,0.0000,0.0000
shelf,xpbd,32,0.26667,1.78697,2162.18,-6.18903,35.7615,-4.27631,-2.26582e-05,0.0000,1942.5383
shelf,xpbd,33,0.27500,1.48593,1105.63,390.753,387.282,0.35375,0.00235879,0.0000,0.0000
shelf,xpbd,34,0.28333,1.17242,1014.25,389.917,318.694,7.26026,0.00365264,0.0000,0.0000
shelf,xpbd,35,0.29167,0.899012,942.269,389.082,256.789,13.4855,0.00729148,0.0000,0.0000
shelf,xpbd,36,0.30000,0.6657,867.831,388.247,201.567,19.0295,0.0105862,0.0000,0.0000
shelf,xpbd,37,0.30833,0.472486,804.819,387.411,153.028,23.8923,0.0134581,0.0000,0.0000
shelf,xpbd,38,0.31667,0.319371,760.629,386.576,111.172,28.0738,0.0147867,0.0000,0.0000
shelf,xpbd,39,0.32500,0.206354,713.779,385.74,75.9991,31.574,0.0128721,0.0000,0.0000
shelf,xpbd,40,0.33333,0.133435,672.38,384.905,47.5092,34.393,0.0117705,0.0000,0.0000
shelf,xpbd,41,0.34167,0.100615,641.963,384.07,25.7025,36.5308,0.0113197,0.0000,0.0000
shelf,xpbd,42,0.35000,0.107893,609.162,383.234,10.5787,37.9873,0.0109661,0.0000,0.0000
shelf,xpbd,43,0.35833,0.15527,584.06,382.399,2.13809,38.7626,0.0106874,0.0000,0.0000
shelf,xpbd,44,0.36667,0.242745,566.389,381.564,0.380501,38.8566,0.00694108,0.0000,0.0000
shelf,xpbd,45,0.37500,0.370318,541.108,380.728,5.30597,38.2693,0.00160536,0.0000,0.0000
shelf,xpbd,46,0.38333,0.0143741,553.473,379.893,16.9145,37.0008,-1.20438e-05,0.0000,374.5977
shelf,xpbd,47,0.39167,0.0444619,503.353,379.057,35.2061,35.0511,0.000221639,0.0000,0.0000
shelf,xpbd,48,0.40000,0.0745474,496.645,378.222,60.1808,32.4201,0.00251732,0.0000,0.0000
shelf,xpbd,49,0.40833,0.144731,478.959,377.387,91.8385,29.1079,0.00312136,0.0000,0.0000
shelf,xpbd,50,0.41667,0.255014,465.25,376.551,130.179,25.1144,0.000937407,0.0000,0.0000
shelf,xpbd,51,0.42500,0.307151,344.441,375.716,175.203,20.4396,-1.23008e-06,0.0000,44.7414
shelf,xpbd,52,0.43333,0.440236,255.859,374.88,226.91,15.0836,0.000924057,0.0000,0.0000
shelf,xpbd,53,0.44167,0.530315,247.996,374.045,285.3,9.04639,0.00310246,0.0000,0.0000
shelf,xpbd,54,0.45000,0.660492,244.245,373.21,350.373,2.3279,0.00450407,0.0000,0.0000
shelf,xpbd,55,0.45833,0.830768,288.141,39.5412,58.0553,-1.88727,0.00505044,0.0000,0.0000
shelf,xpbd,56,0.46667,1.04114,282.546,-1.47877,20.5067,-2.24113,0.000583352,0.0000,0.0000
shelf,xpbd,57,0.47500,0.112354,244.78,3.31414,15.6192,-1.25434,-8.46753e-07,0.0000,63.2972
shelf,xpbd,58,0.48333,0.00116926,216.978,20.3491,21.1957,-0.0862963,3.59742e-05,0.0000,0.0000
shelf,xpbd,59,0.49167,0.0245162,180.856,19.5137,9.50539,1.02022,-5.85465e-08,0.0000,4.7185
shelf,xpbd,60,0.50000,0.000854546,175.527,21.2047,5.46468,1.60449,0.000178023,0.0000,0.0000
shelf,xpbd,61,0.50833,0.00455562,173.903,20.3693,3.01162,1.76939,0.000113362,0.0000,0.0000
shelf,xpbd,62,0.51667,0.0397589,170.134,16.9137,4.86693,1.22801,-2.76233e-07,0.0000,14.8173
shelf,xpbd,63,0.52500,0.00880003,193.164,13.1072,12.9072,0.0203848,-8.13271e-07,0.0000,72.7088
shelf,xpbd,64,0.53333,0.000128891,195.792,-2.69865,0.0677382,-0.281997,-8.64672e-07,0.0000,77.3248
shelf,xpbd,65,0.54167,0.0029997,177.172,1.36654,1.97524,-0.0620484,-9.07503e-07,0.0000,79.7922
shelf,xpbd,66,0.55000,0.0127709,151.353,8.38842,4.23894,0.422984,-7.41616e-07,0.0000,64.6525
shelf,xpbd,67,0.55833,0.00436052,134.717,12.3687,4.31241,0.821229,-4.49831e-07,0.0000,38.5266
shelf,xpbd,68,0.56667,6.83842e-05,125.689,12.3291,4.68458,0.77926,-4.17659e-07,0.0000,34.6231
shelf,xpbd,69,0.57500,0.00462962,121.882,10.9098,9.21061,0.173211,-4.51202e-07,0.0000,38.9583
shelf,xpbd,70,0.58333,0.0078334,125.712,3.99257,11.7713,-0.792939,-7.04919e-07,0.0000,62.5039
shelf,xpbd,71,0.59167,0.00472051,134.956,-10.3808,2.44318,-1.30724,-9.06405e-07,0.0000,80.1971
shelf,xpbd,72,0.60000,5.44034e-05,135.379,-15.0053,0.164384,-1.54635,-1.08683e-06,0.0000,93.6195
shelf,xpbd,73,0.60833,0.00168064,123.368,-11.3984,1.56681,-1.32163,-8.47513e-07,0.0000,73.5782
shelf,xpbd,74,0.61667,0.00953627,104.301,-4.36109,2.88003,-0.738136,-8.20964e-07,0.0000,70.8948
shelf,xpbd,75,0.62500,0.00330486,90.5906,-0.147932,1.62834,-0.181068,-4.44321e-07,0.0000,37.3739
shelf,xpbd,76,0.63333,0.00010001,83.4814,0.209998,0.00373752,0.0210255,-5.17733e-07,0.0000,43.6094
shelf,xpbd,77,0.64167,0.00320584,81.0023,-1.21074,1.13501,-0.239119,-4.68993e-07,0.0000,39.4850
shelf,xpbd,78,0.65000,0.00574711,84.4593,-5.23093,2.37282,-0.775103,-7.7023e-07,0.0000,65.6918
shelf,xpbd,79,0.65833,0.00302576,91.4096,-11.3047,1.11299,-1.26582,-8.67943e-07,0.0000,74.7856
shelf,xpbd,80,0.66667,1.03854e-05,91.7516,-13.8917,0.000669438,-1.41615,-1.02615e-06,0.0000,88.7876
shelf,xpbd,81,0.67500,0.0025555,81.2486,-10.6555,0.901061,-1.17804,-8.38084e-07,0.0000,72.9116
shelf,xpbd,82,0.68333,0.00455539,66.7465,-5.12915,1.77937,-0.704233,-7.61147e-07,0.0000,65.6919
shelf,xpbd,83,0.69167,0.00236111,56.5222,-1.99953,0.808627,-0.286255,-5.02895e-07,0.0000,42.9689
shelf,xpbd,84,0.70000,7.54049e-06,51.6424,-1.51513,0.000609997,-0.15451,-4.90073e-07,0.0000,41.4841
shelf,xpbd,85,0.70833,0.00191173,51.1564,-2.88723,0.834849,-0.379417,-5.29036e-07,0.0000,44.9077
shelf,xpbd,86,0.71667,0.00383151,55.1355,-6.43411,1.4726,-0.805985,-7.15862e-07,0.0000,61.2872
shelf,xpbd,87,0.72500,0.00152156,60.678,-10.9236,0.638045,-1.17856,-8.71451e-07,0.0000,75.2419
shelf,xpbd,88,0.73333,1.31969e-05,60.6699,-12.5515,0.00531525,-1.28,-9.4015e-07,0.0000,81.4561
shelf,xpbd,89,0.74167,0.00193434,52.509,-9.75418,0.708136,-1.06649,-8.6866e-07,0.0000,75.2124
shelf,xpbd,90,0.75000,0.0030985,41.5232,-5.46682,1.17683,-0.677232,-7.08575e-07,0.0000,61.0006
shelf,xpbd,91,0.75833,0.00131763,33.7297,-2.96292,0.457374,-0.348654,-5.65995e-07,0.0000,48.3188
shelf,xpbd,92,0.76667,2.05517e-05,30.4688,-2.63335,0.0111243,-0.269569,-5.05668e-07,0.0000,42.9201
shelf,xpbd,93,0.77500,0.0015315,31.2579,-4.01634,0.632198,-0.473857,-5.68937e-07,0.0000,48.4737
shelf,xpbd,94,0.78333,0.00247793,35.7317,-7.14666,0.977281,-0.828128,-7.00642e-07,0.0000,60.1800
shelf,xpbd,95,0.79167,0.000908077,40.6468,-10.6049,0.361251,-1.11786,-8.34064e-07,0.0000,72.0695
shelf,xpbd,96,0.80000,3.97901e-05,40.5795,-11.537,0.0128094,-1.17736,-8.77653e-07,0.0000,75.9906
shelf,xpbd,97,0.80833,0.00139612,34.1724,-9.1251,0.518892,-0.983078,-8.20205e-07,0.0000,70.8835
shelf,xpbd,98,0.81667,0.00206604,25.8319,-5.71999,0.766038,-0.661165,-6.95323e-07,0.0000,59.7832
shelf,xpbd,99,0.82500,0.000730042,20.1482,-3.72257,0.25876,-0.405844,-5.86493e-07,0.0000,50.0795
shelf,xpbd,100,0.83333,3.80216e-05,18.2775,-3.54247,0.0200916,-0.363156,-5.49966e-07,0.0000,46.7916
shelf,xpbd,101,0.84167,0.00113269,19.8993,-4.90449,0.464531,-0.547301,-6.06103e-07,0.0000,51.7519
shelf,xpbd,102,0.85000,0.00159652,24.2516,-7.59536,0.639564,-0.839442,-7.14439e-07,0.0000,61.4114
shelf,xpbd,103,0.85833,0.000504685,28.3277,-10.2322,0.201522,-1.06358,-8.0896e-07,0.0000,69.8735
shelf,xpbd,104,0.86667,5.75951e-05,28.1255,-10.6964,0.0197671,-1.09237,-8.31979e-07,0.0000,71.9737
shelf,xpbd,105,0.87500,0.001005,23.0887,-8.63622,0.375877,-0.918664,-7.74644e-07,0.0000,66.9017
shelf,xpbd,106,0.88333,0.00132608,16.7464,-5.92537,0.489834,-0.653945,-6.7491e-07,0.0000,58.0285
shelf,xpbd,107,0.89167,0.000392936,12.5864,-4.3493,0.136829,-0.457302,-5.9312e-07,0.0000,50.7132
shelf,xpbd,108,0.90000,5.53543e-05,11.6404,-4.29163,0.0268656,-0.440214,-5.75609e-07,0.0000,49.0955
shelf,xpbd,109,0.90833,0.000824028,13.6874,-5.58668,0.335564,-0.603694,-6.30087e-07,0.0000,53.9003
shelf,xpbd,110,0.91667,0.00102449,17.718,-7.86329,0.409274,-0.843279,-7.21671e-07,0.0000,62.0464
shelf,xpbd,111,0.92500,0.000266437,21.0222,-9.85231,0.107651,-1.01529,-7.94197e-07,0.0000,68.5308
shelf,xpbd,112,0.93333,7.02286e-05,20.6659,-10.008,0.0240944,-1.02264,-8.0528e-07,0.0000,69.5697
shelf,xpbd,113,0.94167,0.000727715,16.6101,-8.25665,0.270416,-0.869222,-7.50909e-07,0.0000,64.7886
shelf,xpbd,114,0.95000,0.000846053,11.7138,-6.0899,0.312508,-0.652641,-6.65604e-07,0.0000,57.2285
shelf,xpbd,115,0.95833,0.000202838,8.65338,-4.85991,0.0701677,-0.502557,-5.99842e-07,0.0000,51.3597
shelf,xpbd,116,0.96667,6.66817e-05,8.29455,-4.90703,0.0303233,-0.503298,-5.90776e-07,0.0000,50.5025
shelf,xpbd,117,0.97500,0.000599538,10.4247,-6.1023,0.243572,-0.646878,-6.41091e-07,0.0000,54.9319
shelf,xpbd,118,0.98333,0.000656891,13.9559,-8.00049,0.262608,-0.842314,-7.18687e-07,0.0000,61.8155
shelf,xpbd,119,0.99167,0.000136354,16.5631,-9.489,0.0552638,-0.972912,-7.76857e-07,0.0000,67.0025
shelf,xpbd,120,1.00000,7.40744e-05,16.1114,-9.44675,0.0261777,-0.96564,-7.82729e-07,0.0000,67.5616
shelf,xpbd,121,1.00833,0.000523101,12.8261,-7.96397,0.194138,-0.831611,-7.35472e-07,0.0000,63.4007
shelf,xpbd,122,1.01667,0.000538687,9.0043,-6.23181,0.197643,-0.655398,-6.64842e-07,0.0000,57.1411
shelf,xpbd,123,1.02500,0.000101729,6.72914,-5.28292,0.03421,-0.542011,-6.12495e-07,0.0000,52.4770
shelf,xpbd,124,1.03333,6.84098e-05,6.7276,-5.40987,0.0301218,-0.554536,-6.07638e-07,0.0000,52.0186
shelf,xpbd,125,1.04167,0.00043026,8.76993,-6.49121,0.173524,-0.679381,-6.50564e-07,0.0000,55.8123
shelf,xpbd,126,1.05000,0.000418094,11.7646,-8.05475,0.166511,-0.838049,-7.13649e-07,0.0000,61.4131
shelf,xpbd,127,1.05833,6.71731e-05,13.7575,-9.15663,0.0273769,-0.936188,-7.58903e-07,0.0000,65.4461
shelf,xpbd,128,1.06667,6.99208e-05,13.2158,-8.99524,0.0250395,-0.919499,-7.60809e-07,0.0000,65.6387
shelf,xpbd,129,1.07500,0.000368894,10.5134,-7.74481,0.136944,-0.803441,-7.20494e-07,0.0000,62.0769
shelf,xpbd,130,1.08333,0.000337861,7.50582,-6.35811,0.123782,-0.660744,-6.63595e-07,0.0000,57.0236
shelf,xpbd,131,1.09167,4.82649e-05,5.82356,-5.6354,0.0157852,-0.576064,-6.24094e-07,0.0000,53.4976
shelf,xpbd,132,1.10000,6.35129e-05,6.05017,-5.81871,0.0275225,-0.595946,-6.24064e-07,0.0000,53.4750
shelf,xpbd,133,1.10833,0.000302305,7.9244,-6.78019,0.121828,-0.70357,-6.61307e-07,0.0000,56.7750
shelf,xpbd,134,1.11667,0.000261134,10.4093,-8.05518,0.103916,-0.831712,-7.11885e-07,0.0000,61.2750
shelf,xpbd,135,1.12500,3.0773e-05,11.896,-8.86086,0.0125503,-0.904527,-7.45337e-07,0.0000,64.2652
shelf,xpbd,136,1.13333,6.18629e-05,11.2977,-8.63239,0.0225076,-0.882253,-7.42842e-07,0.0000,64.0647
shelf,xpbd,137,1.14167,0.000255908,9.05215,-7.58255,0.0950243,-0.782628,-7.0756e-07,0.0000,60.9420
shelf,xpbd,138,1.15000,0.000208197,6.66328,-6.47398,0.0759601,-0.66768,-6.61683e-07,0.0000,56.8611
shelf,xpbd,139,1.15833,2.08851e-05,5.42024,-5.93132,0.00652772,-0.605285,-6.32557e-07,0.0000,54.2556
shelf,xpbd,140,1.16667,5.59784e-05,5.7807,-6.14924,0.02381,-0.629261,-6.36406e-07,0.0000,54.5795
shelf,xpbd,141,1.17500,0.000209924,7.45533,-6.99173,0.0842742,-0.721306,-6.69327e-07,0.0000,57.4963
shelf,xpbd,142,1.18333,0.000160562,9.48879,-8.0222,0.0638758,-0.824269,-7.10551e-07,0.0000,61.1642
shelf,xpbd,143,1.19167,1.25901e-05,10.5742,-8.60285,0.00520313,-0.877477,-7.35446e-07,0.0000,63.3924
shelf,xpbd,144,1.20000,5.28165e-05,9.95529,-8.34212,0.0193246,-0.852339,-7.30127e-07,0.0000,62.9392
shelf,xpbd,145,1.20833,0.000176165,8.08648,-7.46314,0.0654461,-0.76744,-6.9906e-07,0.0000,60.1905
shelf,xpbd,146,1.21667,0.000126725,6.18848,-6.57886,0.046142,-0.675332,-6.61571e-07,0.0000,56.8570
shelf,xpbd,147,1.22500,7.91837e-06,5.27999,-6.17957,0.002291,-0.630159,-6.39812e-07,0.0000,54.9101
shelf,xpbd,148,1.23333,4.74602e-05,5.70724,-6.415,0.0199353,-0.655957,-6.4566e-07,0.0000,55.4147
shelf,xpbd,149,1.24167,0.000144688,7.1676,-7.14378,0.0579391,-0.734121,-6.74299e-07,0.0000,57.9515
shelf,xpbd,150,1.25000,9.77265e-05,8.80864,-7.97,0.0388201,-0.816394,-7.0788e-07,0.0000,60.9381
shelf,xpbd,151,1.25833,4.39781e-06,9.58275,-8.38107,0.00182948,-0.854526,-7.26566e-07,0.0000,62.6099
shelf,xpbd,152,1.26667,4.35526e-05,8.97344,-8.11102,0.0160207,-0.828445,-7.20169e-07,0.0000,62.0555
shelf,xpbd,153,1.27500,0.000120421,7.42075,-7.37741,0.0446789,-0.756584,-6.93615e-07,0.0000,59.7045
shelf,xpbd,154,1.28333,7.64183e-05,5.91683,-6.67428,0.0276869,-0.683177,-6.63335e-07,0.0000,57.0124
shelf,xpbd,155,1.29167,2.44159e-06,5.26665,-6.38745,0.000595951,-0.651177,-6.47109e-07,0.0000,55.5615
shelf,xpbd,156,1.30000,3.87538e-05,5.7216,-6.62721,0.0161019,-0.677198,-6.5363e-07,0.0000,56.1307
shelf,xpbd,157,1.30833,9.87375e-05,6.97646,-7.25095,0.0394348,-0.743158,-6.77901e-07,0.0000,58.2822
shelf,xpbd,158,1.31667,5.8744e-05,8.28621,-7.90846,0.0233277,-0.808541,-7.04842e-07,0.0000,60.6789
shelf,xpbd,159,1.32500,1.14696e-06,8.82108,-8.19278,0.000480687,-0.835195,-7.18584e-07,0.0000,61.9091
shelf,xpbd,160,1.33333,3.47486e-05,8.23925,-7.92815,0.0128441,-0.80948,-7.11764e-07,0.0000,61.3132
shelf,xpbd,161,1.34167,8.13908e-05,6.95131,-7.3177,0.0302055,-0.749022,-6.89398e-07,0.0000,59.3307
shelf,xpbd,162,1.35000,4.53851e-05,5.76402,-6.76095,0.0163721,-0.690859,-6.65324e-07,0.0000,57.1884
shelf,xpbd,163,1.35833,4.84287e-07,5.31163,-6.56117,6.34622e-05,-0.668831,-6.53659e-07,0.0000,56.1435
shelf,xpbd,164,1.36667,3.06412e-05,5.76789,-6.79555,0.0126553,-0.694007,-6.6055e-07,0.0000,56.7479
shelf,xpbd,165,1.37500,6.65166e-05,6.83517,-7.32437,0.0265329,-0.749327,-6.81004e-07,0.0000,58.5629
shelf,xpbd,166,1.38333,3.46679e-05,7.87278,-7.84391,0.0137632,-0.800986,-7.02369e-07,0.0000,60.4655
shelf,xpbd,167,1.39167,1.51543e-07,8.22918,-8.03428,5.17047e-05,-0.818994,-7.12092e-07,0.0000,61.3382
shelf,xpbd,168,1.40000,2.70331e-05,7.68735,-7.78417,0.0100239,-0.794515,-7.0505e-07,0.0000,60.7208
shelf,xpbd,169,1.40833,5.43847e-05,6.62093,-7.27803,0.0201678,-0.743955,-6.86183e-07,0.0000,59.0472
shelf,xpbd,170,1.41667,2.6431e-05,5.68683,-6.83929,0.00948256,-0.698142,-6.67101e-07,0.0000,57.3477
shelf,xpbd,171,1.42500,5.62572e-08,5.38348,-6.70594,1.20006e-05,-0.683583,-6.58965e-07,0.0000,56.6168
shelf,xpbd,172,1.43333,2.36805e-05,5.82297,-6.92822,0.00972088,-0.707231,-6.65984e-07,0.0000,57.2335
shelf,xpbd,173,1.44167,4.4314e-05,6.72272,-7.37282,0.017661,-0.753362,-6.83301e-07,0.0000,58.7703
shelf,xpbd,174,1.45000,2.00353e-05,7.5388,-7.78038,0.00796636,-0.793919,-7.0028e-07,0.0000,60.2832
shelf,xpbd,175,1.45833,9.01662e-08,7.76408,-7.90188,9.49636e-06,-0.805493,-7.06996e-07,0.0000,60.8879
shelf,xpbd,176,1.46667,2.0639e-05,7.26994,-7.67133,0.00766818,-0.782773,-7.00015e-07,0.0000,60.2747
shelf,xpbd,177,1.47500,3.59979e-05,6.39017,-7.25322,0.0133382,-0.740729,-6.84079e-07,0.0000,58.8609
shelf,xpbd,178,1.48333,1.50842e-05,5.65931,-6.90947,0.00537426,-0.704877,-6.68932e-07,0.0000,57.5115
shelf,xpbd,179,1.49167,1.97992e-07,5.46702,-6.8261,0.000117458,-0.695843,-6.63374e-07,0.0000,57.0108
shelf,xpbd,180,1.50000,1.79573e-05,5.87796,-7.03198,0.00733539,-0.717565,-6.70171e-07,0.0000,57.6090
shelf,xpbd,181,1.50833,2.92479e-05,6.63011,-7.40299,0.0116434,-0.755824,-6.84747e-07,0.0000,58.9028
shelf,xpbd,182,1.51667,1.13426e-05,7.26695,-7.72039,0.00451511,-0.787452,-6.98208e-07,0.0000,60.1023
shelf,xpbd,183,1.52500,3.2116e-07,7.39706,-7.79209,9.26681e-05,-0.79431,-7.02748e-07,0.0000,60.5120
shelf,xpbd,184,1.53333,1.54857e-05,6.95347,-7.58349,0.00575649,-0.773624,-6.96155e-07,0.0000,59.9317
shelf,xpbd,185,1.54167,2.36184e-05,6.23045,-7.23936,0.00873485,-0.738848,-6.82828e-07,0.0000,58.7490
shelf,xpbd,186,1.55000,8.42778e-06,5.66252,-6.97184,0.00297569,-0.71099,-6.70876e-07,0.0000,57.6841
shelf,xpbd,187,1.55833,4.56922e-07,5.55216,-6.92535,0.000234524,-0.705972,-6.67202e-07,0.0000,57.3522
shelf,xpbd,188,1.56667,1.33711e-05,5.92831,-7.11252,0.00543941,-0.725582,-6.7353e-07,0.0000,57.9103
shelf,xpbd,189,1.57500,1.91118e-05,6.55248,-7.42,0.00760355,-0.757147,-6.85665e-07,0.0000,58.9877
shelf,xpbd,190,1.58333,6.26998e-06,7.0453,-7.66528,0.00250143,-0.781629,-6.96231e-07,0.0000,59.9296
shelf,xpbd,191,1.59167,5.58869e-07,7.10743,-7.70155,0.000185044,-0.78509,-6.99138e-07,0.0000,60.1930
shelf,xpbd,192,1.60000,1.14208e-05,6.71413,-7.51564,0.00424817,-0.766553,-6.93075e-07,0.0000,59.6583
shelf,xpbd,193,1.60833,1.53371e-05,6.12216,-7.23352,0.00566139,-0.737939,-6.82035e-07,0.0000,58.6781
shelf,xpbd,194,1.61667,4.58557e-06,5.68406,-7.02683,0.00160009,-0.716455,-6.72714e-07,0.0000,57.8471
shelf,xpbd,195,1.62500,6.57744e-07,5.63278,-7.00692,0.000313086,-0.714295,-6.70467e-07,0.0000,57.6430
shelf,xpbd,196,1.63333,9.78906e-06,5.97129,-7.17455,0.00396981,-0.731755,-6.76248e-07,0.0000,58.1535
shelf,xpbd,197,1.64167,1.23503e-05,6.48597,-7.42774,0.00491155,-0.757661,-6.86279e-07,0.0000,59.0446
shelf,xpbd,198,1.65000,3.36188e-06,6.86414,-7.61575,0.00134529,-0.776462,-6.94487e-07,0.0000,59.7768
shelf,xpbd,199,1.65833,7.11004e-07,6.87896,-7.62734,0.000246959,-0.777531,-6.96168e-07,0.0000,59.9304
shelf,xpbd,200,1.66667,8.29673e-06,6.5339,-7.46363,0.00308616,-0.761133,-6.90665e-07,0.0000,59.4446
shelf,xpbd,201,1.67500,9.85102e-06,6.05107,-7.23325,0.00362827,-0.737704,-6.81554e-07,0.0000,58.6352
shelf,xpbd,202,1.68333,2.41103e-06,5.71587,-7.07496,0.000828909,-0.721283,-6.74337e-07,0.0000,57.9914
shelf,xpbd,203,1.69167,7.60722e-07,5.70597,-7.07369,0.000346118,-0.721104,-6.73138e-07,0.0000,57.8812
shelf,xpbd,204,1.70000,7.06515e-06,6.0063,-7.22185,0.00285759,-0.736464,-6.78359e-07,0.0000,58.3425
shelf,xpbd,205,1.70833,7.89246e-06,6.42807,-7.42907,0.00313884,-0.757616,-6.86631e-07,0.0000,59.0776
shelf,xpbd,206,1.71667,1.73455e-06,6.71554,-7.57185,0.000697241,-0.771921,-6.92973e-07,0.0000,59.6436
shelf,xpbd,207,1.72500,7.68409e-07,6.69858,-7.56683,0.000273205,-0.771366,-6.93775e-07,0.0000,59.7184
shelf,xpbd,208,1.73333,5.94943e-06,6.39865,-7.42408,0.00221258,-0.757013,-6.88843e-07,0.0000,59.2827
shelf,xpbd,209,1.74167,6.25987e-06,6.00649,-7.23681,0.00229954,-0.737932,-6.81343e-07,0.0000,58.6164
shelf,xpbd,210,1.75000,1.21472e-06,5.75244,-7.11675,0.000409135,-0.7255,-6.75783e-07,0.0000,58.1201
shelf,xpbd,211,1.75833,7.75433e-07,5.7705,-7.12803,0.00034264,-0.726644,-6.75313e-07,0.0000,58.0753
shelf,xpbd,212,1.76667,5.03538e-06,6.03376,-7.25758,0.00203155,-0.740021,-6.79958e-07,0.0000,58.4859
shelf,xpbd,213,1.77500,4.98939e-06,6.37733,-7.42621,0.00198413,-0.757206,-6.86751e-07,0.0000,59.0898
shelf,xpbd,214,1.78333,8.52969e-07,6.59349,-7.5335,0.000344861,-0.767976,-6.91623e-07,0.0000,59.5248
shelf,xpbd,215,1.79167,7.49737e-07,6.55614,-7.51771,0.000270149,-0.766359,-6.91823e-07,0.0000,59.5455
shelf,xpbd,216,1.80000,4.21471e-06,6.29754,-7.39436,0.00156658,-0.753917,-6.87469e-07,0.0000,59.1605
shelf,xpbd,217,1.80833,3.9346e-06,5.98043,-7.24278,0.00144099,-0.738453,-6.81329e-07,0.0000,58.6149
shelf,xpbd,218,1.81667,5.79186e-07,5.79003,-7.15278,0.00018951,-0.729151,-6.77078e-07,0.0000,58.2353
shelf,xpbd,219,1.82500,7.26784e-07,5.82606,-7.1721,0.000314665,-0.731133,-6.77104e-07,0.0000,58.2351
ledge,avbd,0,0.00000,13.5202,0.575088,-0.192152,0.00950336,-0.0411123,0.771662,0.0000,0.0000
ledge,avbd,1,0.00833,16.6916,0.0708651,-0.0937277,0.00114342,-0.0193417,0.765105,0.0000,0.0000
ledge,avbd,2,0.01667,20.1969,0.251487,-0.121819,2.25611e-05,-0.0248402,0.757872,0.0000,0.0000
ledge,avbd,3,0.02500,24.036,0.17997,-0.110438,1.03597e-06,-0.0225157,0.749955,0.0000,0.0000
ledge,avbd,4,0.03333,28.2089,0.198256,-0.167808,0.000884655,-0.0343919,0.741359,0.0000,0.0000
ledge,avbd,5,0.04167,32.7156,0.121951,-0.104495,0.000243568,-0.0213534,0.732081,0.0000,0.0000
ledge,avbd,6,0.05000,37.5562,0.217956,-0.116938,6.19025e-06,-0.0238419,0.722123,0.0000,0.0000
ledge,avbd,7,0.05833,42.7306,0.185245,-0.111462,2.04636e-07,-0.0227243,0.711483,0.0000,0.0000
ledge,avbd,8,0.06667,48.2388,0.354129,-0.154306,0.000280147,-0.031516,0.700164,0.0000,0.0000
ledge,avbd,9,0.07500,54.0809,0.141829,-0.104006,1.54756e-06,-0.0212044,0.688161,0.0000,0.0000
ledge,avbd,10,0.08333,60.2568,0.385639,-0.160229,0.000423648,-0.0327528,0.675481,0.0000,0.0000
ledge,avbd,11,0.09167,66.7666,0.137971,-0.102911,4.60432e-07,-0.0209808,0.662116,0.0000,0.0000
ledge,avbd,12,0.10000,73.6101,0.388969,-0.160848,0.000461711,-0.0328869,0.648074,0.0000,0.0000
ledge,avbd,13,0.10833,80.7875,0.13783,-0.102911,2.04636e-07,-0.0209808,0.633347,0.0000,0.0000
ledge,avbd,14,0.11667,88.2988,0.389687,-0.161141,0.000461711,-0.0329465,0.617943,0.0000,0.0000
ledge,avbd,15,0.12500,96.1439,0.137393,-0.102838,2.04636e-07,-0.0209659,0.601854,0.0000,0.0000
ledge,avbd,16,0.13333,104.323,0.171335,-0.159594,0.00471238,-0.0334978,0.585087,0.0000,0.0000
ledge,avbd,17,0.14167,112.836,0.212181,-0.11385,0.000755223,-0.023365,0.567638,0.0000,0.0000
ledge,avbd,18,0.15000,121.682,0.22127,-0.115478,7.7813e-05,-0.0235587,0.549509,0.0000,0.0000
ledge,avbd,19,0.15833,130.862,0.364205,-0.131382,0.00127713,-0.0270456,0.530699,0.0000,0.0000
ledge,avbd,20,0.16667,140.377,0.196112,-0.11013,9.02446e-05,-0.022471,0.511207,0.0000,0.0000
ledge,avbd,21,0.17500,150.225,0.192196,-0.17013,0.000755223,-0.0348389,0.491034,0.0000,0.0000
ledge,avbd,22,0.18333,160.407,0.119953,-0.104282,0.00023656,-0.0213087,0.47018,0.0000,0.0000
ledge,avbd,23,0.19167,170.922,0.182551,-0.160731,0.00562198,-0.033915,0.448647,0.0000,0.0000
ledge,avbd,24,0.20000,181.772,0.207026,-0.112903,0.000825145,-0.0231862,0.426432,0.0000,0.0000
ledge,avbd,25,0.20833,192.955,0.223817,-0.115914,7.98209e-05,-0.0236481,0.403536,0.0000,0.0000
ledge,avbd,26,0.21667,204.475,0.185235,-0.11153,5.64029e-06,-0.0227392,0.379959,0.0000,0.0000
ledge,avbd,27,0.22500,216.334,0.19991,-0.167687,0.000932374,-0.034377,0.3557,0.0000,0.0000
ledge,avbd,28,0.23333,228.528,0.121709,-0.104488,0.000250679,-0.0213534,0.33076,0.0000,0.0000
ledge,avbd,29,0.24167,241.056,0.218315,-0.117011,6.76579e-06,-0.0238568,0.30514,0.0000,0.0000
ledge,avbd,30,0.25000,253.919,0.345778,-0.15337,0.000265209,-0.0313222,0.278838,0.0000,0.0000
ledge,avbd,31,0.25833,267.115,0.142107,-0.104298,2.16147e-06,-0.021264,0.251853,0.0000,0.0000
ledge,avbd,32,0.26667,280.646,0.203406,-0.115405,4.14389e-06,-0.0235289,0.224188,0.0000,0.0000
ledge,avbd,33,0.27500,294.512,0.344561,-0.152539,0.000219485,-0.0311434,0.195842,0.0000,0.0000
ledge,avbd,34,0.28333,308.711,0.142652,-0.10437,2.8777e-06,-0.0212789,0.166812,0.0000,0.0000
ledge,avbd,35,0.29167,323.245,0.170207,-0.158905,0.00474348,-0.0333637,0.137103,0.0000,0.0000
ledge,avbd,36,0.30000,338.108,0.211365,-0.113856,0.00074902,-0.023365,0.106713,0.0000,0.0000
ledge,avbd,37,0.30833,353.305,0.182575,-0.158734,0.00681567,-0.0337511,0.0756406,0.0000,0.0000
ledge,avbd,38,0.31667,368.836,0.211027,-0.113624,0.000981346,-0.023365,0.0438876,0.0000,0.0000
ledge,avbd,39,0.32500,384.702,0.185437,-0.159705,0.00723266,-0.0340343,0.0114532,0.0000,0.0000
ledge,avbd,40,0.33333,19.0204,44974.1,-0.45612,0.106748,-0.114754,-0.00826078,0.0000,33091.4438
ledge,avbd,41,0.34167,74.0186,555.166,-1.30178,1.45665,-0.56237,0.000100336,0.0000,0.0000
ledge,avbd,42,0.35000,67.155,77.3804,5.71202,3.21679,0.508711,0.0141878,0.0000,0.0000
ledge,avbd,43,0.35833,60.6261,10.7775,6.99456,1.03098,1.21582,0.0269425,0.0000,0.0000
ledge,avbd,44,0.36667,54.4313,1.17278,6.87345,0.00516001,1.40026,0.0390234,0.0000,0.0000
ledge,avbd,45,0.37500,48.5706,0.623216,6.3842,1.64072,0.96707,0.0504416,0.0000,0.0000
ledge,avbd,46,0.38333,43.0439,0.238148,5.85126,6.44614,-0.121281,0.06118,0.0000,0.0000
ledge,avbd,47,0.39167,37.8512,2.13719,0.0843013,0.203146,-0.0242293,0.0712378,0.0000,0.0000
ledge,avbd,48,0.40000,32.9927,0.596179,0.325289,0.00668932,0.0649542,0.0806256,0.0000,0.0000
ledge,avbd,49,0.40833,28.4682,1.83023,-0.270219,0.000799635,-0.0552535,0.0893339,0.0000,0.0000
ledge,avbd,50,0.41667,24.2778,0.0603967,-0.0742849,4.78065e-05,-0.0151545,0.0973505,0.0000,0.0000
ledge,avbd,51,0.42500,20.4214,0.261564,-0.12572,6.83794e-05,-0.0256449,0.1047,0.0000,0.0000
ledge,avbd,52,0.43333,16.8992,0.184273,-0.110647,1.17179e-05,-0.0225604,0.111368,0.0000,0.0000
ledge,avbd,53,0.44167,13.7109,0.193762,-0.113141,2.35864e-06,-0.023067,0.117358,0.0000,0.0000
ledge,avbd,54,0.45000,10.8568,0.192267,-0.112631,8.188e-07,-0.0229627,0.12267,0.0000,0.0000
ledge,avbd,55,0.45833,8.33607,0.192119,-0.112705,2.4771e-07,-0.0229776,0.127303,0.0000,0.0000
ledge,avbd,56,0.46667,6.14943,0.191775,-0.112559,1.97416e-07,-0.0229478,0.131258,0.0000,0.0000
ledge,avbd,57,0.47500,4.2971,0.192064,-0.112632,1.56832e-07,-0.0229627,0.134534,0.0000,0.0000
ledge,avbd,58,0.48333,2.77906,0.191605,-0.112559,1.34251e-07,-0.0229478,0.137131,0.0000,0.0000
ledge,avbd,59,0.49167,1.59532,0.191163,-0.112413,9.3273e-08,-0.022918,0.13905,0.0000,0.0000
ledge,avbd,60,0.50000,0.745886,0.19192,-0.114927,4.34773e-05,-0.0234395,0.14029,0.0000,0.0000
ledge,avbd,61,0.50833,0.23075,0.268208,-0.129431,0.000450323,-0.0264794,0.140852,0.0000,0.0000
ledge,avbd,62,0.51667,0.0499141,0.243855,-0.1244,0.000218597,-0.0254065,0.140735,0.0000,0.0000
ledge,avbd,63,0.52500,0.203379,0.253343,-0.126141,0.000305232,-0.025779,0.13994,0.0000,0.0000
ledge,avbd,64,0.53333,0.691145,0.250826,-0.125593,0.000268058,-0.0256598,0.138466,0.0000,0.0000
ledge,avbd,65,0.54167,1.51321,0.251508,-0.125799,0.000281848,-0.0257045,0.136313,0.0000,0.0000
ledge,avbd,66,0.55000,2.66958,0.25129,-0.125725,0.000282132,-0.0256896,0.133482,0.0000,0.0000
ledge,avbd,67,0.55833,4.16025,0.251092,-0.125582,0.000278844,-0.0256598,0.129973,0.0000,0.0000
ledge,avbd,68,0.56667,5.98522,0.251192,-0.125652,0.000282688,-0.0256747,0.125785,0.0000,0.0000
ledge,avbd,69,0.57500,8.14449,0.250827,-0.125733,0.000274271,-0.0256896,0.120918,0.0000,0.0000
ledge,avbd,70,0.58333,10.6374,0.251544,-0.125798,0.000282178,-0.0257045,0.115373,0.0000,0.0000
ledge,avbd,71,0.59167,13.4641,0.251034,-0.125652,0.000282287,-0.0256747,0.10915,0.0000,0.0000
ledge,avbd,72,0.60000,16.6249,0.25108,-0.12566,0.000274707,-0.0256747,0.102249,0.0000,0.0000
ledge,avbd,73,0.60833,20.1198,0.250995,-0.125725,0.00028299,-0.0256896,0.09467,0.0000,0.0000
ledge,avbd,74,0.61667,23.9487,0.250972,-0.125582,0.00027923,-0.0256598,0.0864125,0.0000,0.0000
ledge,avbd,75,0.62500,28.1117,0.251283,-0.125801,0.000279319,-0.0257045,0.0774768,0.0000,0.0000
ledge,avbd,76,0.63333,32.6088,0.251221,-0.125728,0.000279437,-0.0256896,0.0678631,0.0000,0.0000
ledge,avbd,77,0.64167,37.4399,0.250668,-0.125582,0.000279114,-0.0256598,0.0575712,0.0000,0.0000
ledge,avbd,78,0.65000,42.6051,0.251556,-0.125801,0.0002798,-0.0257045,0.0466011,0.0000,0.0000
ledge,avbd,79,0.65833,48.1044,0.251045,-0.125578,0.000283096,-0.0256598,0.034953,0.0000,0.0000
ledge,avbd,80,0.66667,53.9377,0.251256,-0.125728,0.000279443,-0.0256896,0.0226268,0.0000,0.0000
ledge,avbd,81,0.67500,60.1051,0.250878,-0.125581,0.000279885,-0.0256598,0.00962251,0.0000,0.0000
ledge,avbd,82,0.68333,47.6905,631.916,-0.23758,0.0103418,-0.0505447,-0.00274412,0.0000,5512.9115
ledge,avbd,83,0.69167,29.9123,217.037,-0.897632,0.649468,-0.315413,-0.00181563,0.0000,3641.2869
ledge,avbd,84,0.70000,31.8827,1.96392,1.68576,0.800642,0.180453,0.00239583,0.0000,0.0000
ledge,avbd,85,0.70833,3.04949,2251.53,2.04345,0.0139524,0.413761,-0.00282337,0.0000,5672.4100
ledge,avbd,86,0.71667,6.30975,10.0576,1.55218,0.941947,0.12441,0.00163125,0.0000,0.0000
ledge,avbd,87,0.72500,4.88237,3.40481,-0.420312,0.0405217,-0.0939518,0.0064306,0.0000,0.0000
ledge,avbd,88,0.73333,3.78905,0.129328,0.0473924,0.00156483,0.00934303,0.010526,0.0000,0.0000
ledge,avbd,89,0.74167,3.0298,0.717013,-0.217472,0.00442937,-0.0452399,0.0107014,0.0000,0.0000
ledge,avbd,90,0.75000,2.60461,0.103127,-0.110784,2.11832e-05,-0.0225902,0.00954013,0.0000,0.0000
ledge,avbd,91,0.75833,2.5135,0.242468,-0.163403,0.00031866,-0.0333786,0.00775584,0.0000,0.0000
ledge,avbd,92,0.76667,2.75644,0.176739,-0.15856,0.00508871,-0.0333637,0.0053422,0.0000,0.0000
ledge,avbd,93,0.77500,3.33346,0.23444,-0.169904,0.00427007,-0.0355095,0.00230335,0.0000,0.0000
ledge,avbd,94,0.78333,2.10182,45.6337,-0.209752,0.0116384,-0.0451356,-0.000739188,0.0000,1480.1933
ledge,avbd,95,0.79167,1.9417,7.41607,-0.444805,0.0125931,-0.0932515,-0.000144777,0.0000,289.6121
ledge,avbd,96,0.80000,2.42309,0.0533732,0.129959,0.036404,0.0190735,0.000804262,0.0000,0.0000
ledge,avbd,97,0.80833,3.23855,0.221882,-0.157006,0.000429931,-0.0320971,0.00116005,0.0000,0.0000
ledge,avbd,98,0.81667,4.38826,0.233113,-0.119455,0.0165657,-0.0277311,0.000901794,0.0000,0.0000
ledge,avbd,99,0.82500,5.87219,0.308533,-0.12014,0.000678005,-0.0246316,3.15036e-05,0.0000,0.0000
ledge,avbd,100,0.83333,0.584786,703.422,-0.565577,0.25581,-0.167459,-0.00132419,0.0000,3763.3926
ledge,avbd,101,0.84167,0.849939,12.5769,0.289375,1.04732,-0.154525,4.66269e-05,0.0000,0.0000
ledge,avbd,102,0.85000,0.362449,0.73208,1.72205,0.361475,0.277385,0.000550528,0.0000,0.0000
ledge,avbd,103,0.85833,0.209143,0.861627,1.57703,0.111643,0.298753,0.000380553,0.0000,0.0000
ledge,avbd,104,0.86667,0.216077,10.1642,-0.338566,0.0469119,-0.0785887,-0.000211481,0.0000,423.1096
ledge,avbd,105,0.87500,0.482355,0.956576,-0.132005,0.019876,-0.0309646,-8.09178e-05,0.0000,161.8552
ledge,avbd,106,0.88333,0.114659,73.1389,-0.295131,0.0999942,-0.0805557,-0.00050466,0.0000,1286.1810
ledge,avbd,107,0.89167,0.056897,19.6638,-0.340573,0.0877357,-0.0873208,-0.000173845,0.0000,602.6484
ledge,avbd,108,0.90000,0.000435781,0.738606,-0.0671421,0.00243981,-0.0141859,-4.65382e-05,0.0000,138.5437
ledge,avbd,109,0.90833,0.00738785,14.1208,-0.343647,0.0014854,-0.0703633,-0.000158051,0.0000,597.9773
ledge,avbd,110,0.91667,0.0036346,12.423,-0.329582,0.00239338,-0.0676811,-0.000144882,0.0000,575.4838
ledge,avbd,111,0.92500,0.000572319,6.03945,-0.246533,0.000877587,-0.0504404,-0.000113005,0.0000,411.0783
ledge,avbd,112,0.93333,0.000499895,8.70376,-0.278925,6.04081e-05,-0.0568777,-0.000132801,0.0000,492.4527
ledge,avbd,113,0.94167,0.000970793,9.88429,-0.298833,0.000325614,-0.0609905,-0.000133893,0.0000,518.1789
ledge,avbd,114,0.95000,0.00101549,8.44637,-0.279572,0.000363029,-0.0570714,-0.000121427,0.0000,476.8320
ledge,avbd,115,0.95833,0.000235175,8.85388,-0.283493,9.66083e-05,-0.0578165,-0.000128099,0.0000,485.4657
ledge,avbd,116,0.96667,5.80558e-05,9.34142,-0.290708,0.00019053,-0.0593066,-0.000131232,0.0000,497.2466
ledge,avbd,117,0.97500,0.000527755,8.94461,-0.285961,0.000260649,-0.0583529,-0.000125591,0.0000,488.8084
ledge,avbd,118,0.98333,0.000603244,8.78681,-0.283536,0.000199886,-0.0578463,-0.000123184,0.0000,487.9634
ledge,avbd,119,0.99167,0.000191994,8.8461,-0.284563,0.000196758,-0.0580549,-0.00012731,0.0000,491.3317
ledge,avbd,120,1.00000,4.6939e-06,8.77984,-0.283822,0.000206249,-0.0579059,-0.000127677,0.0000,490.1183
ledge,avbd,121,1.00833,0.000235976,8.79416,-0.283908,0.000193679,-0.0579208,-0.000125691,0.0000,489.3977
ledge,avbd,122,1.01667,0.000400906,8.896,-0.285083,0.000187568,-0.0581592,-0.000122822,0.0000,490.1965
ledge,avbd,123,1.02500,0.000235691,8.96162,-0.285884,0.000190633,-0.0583231,-0.000124989,0.0000,490.2327
ledge,avbd,124,1.03333,2.04665e-05,8.98748,-0.286317,0.000196841,-0.0584126,-0.000126252,0.0000,489.9711
ledge,avbd,125,1.04167,4.93612e-05,8.98546,-0.286387,0.000199989,-0.0584275,-0.00012585,0.0000,490.0730
ledge,avbd,126,1.05000,0.00020964,8.94602,-0.285869,0.000206353,-0.0583231,-0.000124138,0.0000,490.0690
ledge,avbd,127,1.05833,0.000244076,8.89196,-0.285065,0.00020637,-0.0581592,-0.000122959,0.0000,490.0151
ledge,avbd,128,1.06667,0.000110948,8.85066,-0.284629,0.000203202,-0.0580698,-0.000124635,0.0000,489.9956
ledge,avbd,129,1.07500,4.33459e-06,8.83286,-0.28441,0.000203242,-0.0580251,-0.000125318,0.0000,489.9967
ledge,avbd,130,1.08333,4.07263e-05,8.84073,-0.284419,0.000193848,-0.0580251,-0.000124905,0.0000,490.0033
ledge,avbd,131,1.09167,0.000141518,8.86857,-0.284858,0.000193857,-0.0581145,-0.000123715,0.0000,489.9942
ledge,avbd,132,1.10000,0.000166349,8.90423,-0.285296,0.000193918,-0.0582039,-0.000122696,0.0000,489.9926
ledge,avbd,133,1.10833,9.35738e-05,8.93399,-0.285586,0.000197023,-0.0582635,-0.000123926,0.0000,490.0012
ledge,avbd,134,1.11667,1.28698e-05,8.95029,-0.285805,0.000197032,-0.0583082,-0.00012457,0.0000,490.0703
ledge,avbd,135,1.12500,9.94416e-06,8.95014,-0.285802,0.000200193,-0.0583082,-0.000124491,0.0000,490.0415
ledge,avbd,136,1.13333,7.13835e-05,8.93487,-0.285729,0.000200203,-0.0582933,-0.000123834,0.0000,490.0544
ledge,avbd,137,1.14167,0.000118427,8.91219,-0.285433,0.000203387,-0.0582337,-0.000122853,0.0000,490.0278
ledge,avbd,138,1.15000,0.000101894,8.88699,-0.285071,0.000200246,-0.0581592,-0.000123099,0.0000,490.0188
ledge,avbd,139,1.15833,4.43256e-05,8.86953,-0.284848,0.00020343,-0.0581145,-0.000123812,0.0000,489.9877
ledge,avbd,140,1.16667,2.97347e-06,8.86026,-0.284708,0.000197152,-0.0580847,-0.000124124,0.0000,489.9905
ledge,avbd,141,1.17500,1.18526e-05,8.86488,-0.284778,0.000200341,-0.0580996,-0.000123992,0.0000,489.9889
ledge,avbd,142,1.18333,5.54717e-05,8.87459,-0.284855,0.000197198,-0.0581145,-0.000123507,0.0000,489.9833
ledge,avbd,143,1.19167,8.93232e-05,8.88992,-0.285074,0.000197218,-0.0581592,-0.000122828,0.0000,489.9993
ledge,avbd,144,1.20000,8.39904e-05,8.90869,-0.285293,0.000197245,-0.0582039,-0.000122826,0.0000,489.9922
ledge,avbd,145,1.20833,4.62784e-05,8.91952,-0.285366,0.000197269,-0.0582188,-0.000123396,0.0000,490.0087
ledge,avbd,146,1.21667,9.51188e-06,8.93071,-0.285585,0.000197288,-0.0582635,-0.000123704,0.0000,489.9933
ledge,avbd,147,1.22500,1.18307e-06,8.93036,-0.285506,0.000203614,-0.0582486,-0.000123752,0.0000,490.0551
ledge,avbd,148,1.23333,2.30031e-05,8.92619,-0.285436,0.000200468,-0.0582337,-0.000123528,0.0000,490.0826
ledge,avbd,149,1.24167,5.43279e-05,8.91572,-0.285439,0.000197347,-0.0582337,-0.000123099,0.0000,490.0045
ledge,avbd,150,1.25000,7.13019e-05,8.9033,-0.285287,0.000203674,-0.0582039,-0.0001226,0.0000,489.9986
ledge,avbd,151,1.25833,6.19604e-05,8.89312,-0.285144,0.000200548,-0.0581741,-0.000122841,0.0000,490.0072
ledge,avbd,152,1.26667,3.61388e-05,8.88467,-0.28507,0.000200554,-0.0581592,-0.000123229,0.0000,490.0046
ledge,avbd,153,1.27500,9.48696e-06,8.87672,-0.284924,0.000200568,-0.0581294,-0.000123462,0.0000,489.9985
ledge,avbd,154,1.28333,1.1062e-07,8.87685,-0.284927,0.000197458,-0.0581294,-0.000123513,0.0000,489.9978
ledge,avbd,155,1.29167,1.18291e-05,8.87818,-0.285074,0.000197482,-0.0581592,-0.000123394,0.0000,489.9888
ledge,avbd,156,1.30000,3.53094e-05,8.8841,-0.28507,0.000200636,-0.0581592,-0.000123139,0.0000,489.9788
ledge,avbd,157,1.30833,5.64804e-05,8.89433,-0.285147,0.000197531,-0.0581741,-0.000122812,0.0000,489.9991
ledge,avbd,158,1.31667,6.31147e-05,8.901,-0.285217,0.000200688,-0.058189,-0.000122509,0.0000,490.0141
ledge,avbd,159,1.32500,5.22581e-05,8.90774,-0.285293,0.000197593,-0.0582039,-0.000122855,0.0000,490.0282
ledge,avbd,160,1.33333,2.9607e-05,8.91628,-0.28529,0.000200764,-0.0582039,-0.000123127,0.0000,490.0305
ledge,avbd,161,1.34167,8.63548e-06,8.9197,-0.285439,0.00019763,-0.0582337,-0.0001233,0.0000,490.0670
ledge,avbd,162,1.35000,3.30765e-08,8.92044,-0.285436,0.000200793,-0.0582337,-0.000123329,0.0000,490.0025
ledge,avbd,163,1.35833,7.02976e-06,8.91763,-0.285436,0.00020081,-0.0582337,-0.000123258,0.0000,489.9919
ledge,avbd,164,1.36667,2.43851e-05,8.91474,-0.285289,0.000200838,-0.0582039,-0.000123096,0.0000,489.9814
ledge,avbd,165,1.37500,4.33331e-05,8.90871,-0.285289,0.000200862,-0.0582039,-0.000122877,0.0000,489.9920
ledge,avbd,166,1.38333,5.53724e-05,8.90476,-0.285293,0.000197746,-0.0582039,-0.000122622,0.0000,490.0184
ledge,avbd,167,1.39167,5.43078e-05,8.90186,-0.285289,0.000200949,-0.0582039,-0.000122613,0.0000,490.0675
ledge,avbd,168,1.40000,4.23951e-05,8.89366,-0.285143,0.00020094,-0.0581741,-0.000122842,0.0000,490.0333
ledge,avbd,169,1.40833,2.44726e-05,9.09887,-0.288363,0.000342804,-0.0588596,-0.000122719,0.0000,488.4650
ledge,avbd,170,1.41667,8.47855e-06,8.60052,-0.279545,2.54793e-05,-0.0569969,-0.000123354,0.0000,490.8801
ledge,avbd,171,1.42500,5.72456e-07,8.89575,-0.287552,0.000203935,-0.0586659,-0.000122995,0.0000,489.2204
ledge,avbd,172,1.43333,3.01148e-06,8.66194,-0.281311,0.000158878,-0.0573844,-0.000123402,0.0000,491.0156
ledge,avbd,173,1.44167,1.43743e-05,8.59988,-0.277971,0.000283679,-0.0567287,-0.000123369,0.0000,491.5562
ledge,avbd,174,1.45000,2.95529e-05,8.63162,-0.276967,0.000264198,-0.0565201,-0.000123163,0.0000,491.1314
ledge,avbd,175,1.45833,4.33067e-05,8.61852,-0.278145,0.000182133,-0.0567436,-0.000123047,0.0000,491.3704
ledge,avbd,176,1.46667,5.11681e-05,8.65172,-0.284075,2.65114e-05,-0.0579208,-0.000122814,0.0000,491.1306
ledge,avbd,177,1.47500,5.01549e-05,8.64591,-0.288117,7.74515e-05,-0.0587553,-0.000123073,0.0000,491.7409
ledge,avbd,178,1.48333,4.05571e-05,8.66466,-0.28951,7.3493e-05,-0.0590384,-0.000123105,0.0000,491.2887
ledge,avbd,179,1.49167,2.65373e-05,8.66325,-0.289428,8.22668e-05,-0.0590235,-0.000123264,0.0000,491.3273
ledge,avbd,180,1.50000,1.28055e-05,8.66881,-0.289504,7.93937e-05,-0.0590384,-0.000123385,0.0000,491.4079
ledge,avbd,181,1.50833,3.22363e-06,8.6676,-0.289431,7.89968e-05,-0.0590235,-0.00012343,0.0000,491.3562
ledge,avbd,182,1.51667,6.31725e-08,8.66862,-0.289579,7.78133e-05,-0.0590533,-0.000123433,0.0000,491.3199
ledge,avbd,183,1.52500,4.32636e-06,8.66925,-0.289504,7.92916e-05,-0.0590384,-0.000123416,0.0000,491.3749
ledge,avbd,184,1.53333,1.44024e-05,8.66682,-0.289507,7.65266e-05,-0.0590384,-0.000123338,0.0000,491.3321
ledge,avbd,185,1.54167,2.65439e-05,8.66395,-0.289504,7.9406e-05,-0.0590384,-0.000123228,0.0000,491.2925
ledge,avbd,186,1.55000,3.78626e-05,8.66425,-0.289582,7.49039e-05,-0.0590533,-0.000123133,0.0000,491.3792
ledge,avbd,187,1.55833,4.62021e-05,8.66226,-0.289505,7.88541e-05,-0.0590384,-0.000123003,0.0000,491.3925
ledge,avbd,188,1.56667,4.81723e-05,8.65768,-0.289505,7.86635e-05,-0.0590384,-0.000122851,0.0000,491.3348
ledge,avbd,189,1.57500,4.42779e-05,8.65053,-0.289285,7.91402e-05,-0.0589937,-0.000122897,0.0000,491.3241
ledge,avbd,190,1.58333,3.5272e-05,8.65118,-0.289359,7.79295e-05,-0.0590086,-0.000123023,0.0000,491.3496
ledge,avbd,191,1.59167,2.36832e-05,8.64868,-0.289284,7.99806e-05,-0.0589937,-0.000123127,0.0000,491.3664
ledge,avbd,192,1.60000,1.23081e-05,8.64793,-0.289286,7.81637e-05,-0.0589937,-0.000123189,0.0000,491.3119
ledge,avbd,193,1.60833,4.32601e-06,8.64534,-0.289288,7.62611e-05,-0.0589937,-0.000123246,0.0000,491.3593
ledge,avbd,194,1.61667,1.55393e-07,8.645,-0.289212,7.90521e-05,-0.0589788,-0.000123255,0.0000,491.3320
ledge,avbd,195,1.62500,1.86315e-06,8.64428,-0.289287,7.7099e-05,-0.0589937,-0.00012324,0.0000,491.3074
ledge,avbd,196,1.63333,7.79719e-06,8.64837,-0.289289,7.53451e-05,-0.0589937,-0.000123223,0.0000,491.3982
ledge,avbd,197,1.64167,1.72359e-05,8.64716,-0.289286,7.76666e-05,-0.0589937,-0.000123155,0.0000,491.3470
ledge,avbd,198,1.65000,2.80304e-05,8.64849,-0.289287,7.7389e-05,-0.0589937,-0.00012307,0.0000,491.3087
ledge,avbd,199,1.65833,3.7853e-05,8.65171,-0.289286,7.78395e-05,-0.0589937,-0.000123009,0.0000,491.4055
ledge,avbd,200,1.66667,4.52302e-05,8.65326,-0.289361,7.66721e-05,-0.0590086,-0.000122893,0.0000,491.3351
ledge,avbd,201,1.67500,4.81514e-05,8.65428,-0.289361,7.62693e-05,-0.0590086,-0.000122818,0.0000,491.2983
ledge,avbd,202,1.68333,4.61869e-05,8.66037,-0.289507,7.64046e-05,-0.0590384,-0.000122937,0.0000,491.3759
ledge,avbd,203,1.69167,4.05437e-05,8.66003,-0.289431,7.90436e-05,-0.0590235,-0.000123041,0.0000,491.4079
ledge,avbd,204,1.70000,3.19489e-05,8.6618,-0.289434,7.65393e-05,-0.0590235,-0.000123101,0.0000,491.3069
ledge,avbd,205,1.70833,2.16353e-05,8.66242,-0.289433,7.73189e-05,-0.0590235,-0.00012318,0.0000,491.3325
ledge,avbd,206,1.71667,1.2304e-05,8.66355,-0.289509,7.43832e-05,-0.0590384,-0.000123239,0.0000,491.3546
ledge,avbd,207,1.72500,4.32356e-06,8.66661,-0.289504,7.98391e-05,-0.0590384,-0.000123279,0.0000,491.3632
ledge,avbd,208,1.73333,4.36003e-07,8.6666,-0.289581,7.57921e-05,-0.0590533,-0.000123278,0.0000,491.3040
ledge,avbd,209,1.74167,6.41278e-07,8.66592,-0.289579,7.69516e-05,-0.0590533,-0.000123284,0.0000,491.3382
ledge,avbd,210,1.75000,4.93931e-06,8.66553,-0.289505,7.84848e-05,-0.0590384,-0.000123263,0.0000,491.3410
ledge,avbd,211,1.75833,1.23072e-05,8.66526,-0.289505,7.85291e-05,-0.0590384,-0.000123226,0.0000,491.3427
ledge,avbd,212,1.76667,2.16391e-05,8.6635,-0.289508,7.54151e-05,-0.0590384,-0.000123179,0.0000,491.3548
ledge,avbd,213,1.77500,3.11503e-05,8.66134,-0.289431,7.96126e-05,-0.0590235,-0.000123123,0.0000,491.3695
ledge,avbd,214,1.78333,3.9643e-05,8.66143,-0.289433,7.69068e-05,-0.0590235,-0.000123037,0.0000,491.3093
ledge,avbd,215,1.79167,4.61974e-05,8.65899,-0.289359,7.83249e-05,-0.0590086,-0.00012297,0.0000,491.3554
ledge,avbd,216,1.80000,4.91595e-05,8.65678,-0.28936,7.70178e-05,-0.0590086,-0.000122879,0.0000,491.3112
ledge,avbd,217,1.80833,4.8162e-05,8.65584,-0.289358,7.95626e-05,-0.0590086,-0.00012282,0.0000,491.3471
ledge,avbd,218,1.81667,4.33274e-05,8.65131,-0.289285,7.87702e-05,-0.0589937,-0.000122907,0.0000,491.3782
ledge,avbd,219,1.82500,3.61232e-05,8.65284,-0.28936,7.74874e-05,-0.0590086,-0.000122977,0.0000,491.3675
ledge,xpbd,0,0.00000,13.5332,0.0722297,0.0691327,0.000208663,0.0140518,0.0906242,0.0000,0.0000
ledge,xpbd,1,0.00833,16.7077,0.0312267,0.123919,0.00105426,0.0250489,0.0906241,0.0000,0.0000
ledge,xpbd,2,0.01667,20.2163,0.0560982,0.156399,0.00159428,0.0315607,0.0906242,0.0000,0.0000
ledge,xpbd,3,0.02500,24.059,0.103129,0.18227,0.000275787,0.0371039,0.0906243,0.0000,0.0000
ledge,xpbd,4,0.03333,28.2359,0.100933,0.224107,0.000377951,0.0456125,0.0906243,0.0000,0.0000
ledge,xpbd,5,0.04167,32.747,0.0528138,0.28125,0.000364764,0.0572652,0.0906242,0.0000,0.0000
ledge,xpbd,6,0.05000,37.5922,0.0113209,0.338458,0.000196415,0.0689626,0.0906242,0.0000,0.0000
ledge,xpbd,7,0.05833,42.7716,0.00769322,0.383932,0.00079351,0.0781119,0.0906242,0.0000,0.0000
ledge,xpbd,8,0.06667,48.2851,0.0362585,0.418571,0.000567833,0.0852197,0.0906242,0.0000,0.0000
ledge,xpbd,9,0.07500,54.1328,0.0574652,0.455571,0.000146486,0.0928491,0.0906243,0.0000,0.0000
ledge,xpbd,10,0.08333,60.3146,0.0447887,0.503368,0.000215542,0.10258,0.0906243,0.0000,0.0000
ledge,xpbd,11,0.09167,66.8306,0.0160091,0.557238,0.000144119,0.113577,0.0906242,0.0000,0.0000
ledge,xpbd,12,0.10000,73.6808,0.000640173,0.607616,0.000310012,0.123814,0.0906242,0.0000,0.0000
ledge,xpbd,13,0.10833,80.8651,0.00956192,0.627078,0.000475804,0.127748,0.0906242,0.0000,0.0000
ledge,xpbd,14,0.11667,88.3835,0.0285816,0.644453,0.000308677,0.131324,0.0906242,0.0000,0.0000
ledge,xpbd,15,0.12500,96.2361,0.0340127,0.665797,0.000237224,0.13569,0.0906246,0.0000,0.0000
ledge,xpbd,16,0.13333,104.423,0.0213371,0.693465,0.000204624,0.141338,0.0906253,0.0000,0.0000
ledge,xpbd,17,0.14167,112.944,0.00633081,0.722252,0.000120647,0.147223,0.090624,0.0000,0.0000
ledge,xpbd,18,0.15000,121.799,0.00363783,0.746843,0.000153919,0.15223,0.0906247,0.0000,0.0000
ledge,xpbd,19,0.15833,130.988,0.0133961,0.76802,0.000354115,0.156507,0.0906258,0.0000,0.0000
ledge,xpbd,20,0.16667,140.511,0.0233919,0.752036,1.07533e-05,0.153318,0.0906266,0.0000,0.0000
ledge,xpbd,21,0.17500,150.369,0.0217125,0.751356,0.0029854,0.152573,0.0906268,0.0000,0.0000
ledge,xpbd,22,0.18333,160.561,0.0123374,0.766517,2.02189e-05,0.156268,0.0906271,0.0000,0.0000
ledge,xpbd,23,0.19167,171.086,0.00597683,0.757056,0.00115685,0.154108,0.0906279,0.0000,0.0000
ledge,xpbd,24,0.20000,181.946,0.00790883,0.778395,5.76609e-05,0.158682,0.0906275,0.0000,0.0000
ledge,xpbd,25,0.20833,193.141,0.0153622,0.760459,2.85674e-05,0.155032,0.0906286,0.0000,0.0000
ledge,xpbd,26,0.21667,204.669,0.018632,0.782875,5.43411e-06,0.159606,0.0906295,0.0000,0.0000
ledge,xpbd,27,0.22500,216.531,0.0150489,0.772987,0.00100858,0.157386,0.0906312,0.0000,0.0000
ledge,xpbd,28,0.23333,228.728,0.00914979,0.772463,0.00318883,0.156835,0.0906304,0.0000,0.0000
ledge,xpbd,29,0.24167,241.259,0.007545,0.787473,0.000656955,0.160411,0.0906345,0.0000,0.0000
ledge,xpbd,30,0.25000,254.123,0.01092,0.772583,0.00265045,0.156969,0.0906356,0.0000,0.0000
ledge,xpbd,31,0.25833,267.322,0.0146809,0.793797,0.000256686,0.161782,0.0906389,0.0000,0.0000
ledge,xpbd,32,0.26667,280.856,0.0153015,0.778948,0.00046471,0.158712,0.0906407,0.0000,0.0000
ledge,xpbd,33,0.27500,294.723,0.0128853,0.801379,1.82571e-05,0.163376,0.0906416,0.0000,0.0000
ledge,xpbd,34,0.28333,308.925,0.010755,0.795984,3.16546e-05,0.162274,0.0906434,0.0000,0.0000
ledge,xpbd,35,0.29167,323.46,0.0101804,0.795524,0.00366497,0.161439,0.0906459,0.0000,0.0000
ledge,xpbd,36,0.30000,338.33,0.0115817,0.812702,1.23579e-05,0.165686,0.0906502,0.0000,0.0000
ledge,xpbd,37,0.30833,353.534,0.0132214,0.804753,2.99493e-05,0.164062,0.0906512,0.0000,0.0000
ledge,xpbd,38,0.31667,369.072,0.0130722,0.829519,9.12536e-05,0.169098,0.0906536,0.0000,0.0000
ledge,xpbd,39,0.32500,384.944,0.0117041,0.82301,1.45657e-05,0.167787,0.0906541,0.0000,0.0000
ledge,xpbd,40,0.33333,2.36508,21206.1,0.649134,0.939302,-0.0591576,0.0911452,0.0000,0.0000
ledge,xpbd,41,0.34167,4.79747,14132.4,79.1726,59.932,3.92264,0.0953586,0.0000,0.0000
ledge,xpbd,42,0.35000,3.18987,12888.3,78.5718,41.8673,7.48308,0.097974,0.0000,0.0000
ledge,xpbd,43,0.35833,1.91642,11890.5,77.9633,27.2307,10.343,0.0994374,0.0000,0.0000
ledge,xpbd,44,0.36667,0.977123,10940,77.358,15.9852,12.5123,0.100758,0.0000,0.0000
ledge,xpbd,45,0.37500,0.371981,10066.4,76.823,8.22109,13.9861,0.102468,0.0000,0.0000
ledge,xpbd,46,0.38333,0.100993,9367.93,76.3722,3.94075,14.7669,0.104127,0.0000,0.0000
ledge,xpbd,47,0.39167,0.164157,8692.02,75.9635,3.07606,14.8598,0.1047,0.0000,0.0000
ledge,xpbd,48,0.40000,0.561475,8062.86,75.6326,5.6994,14.2575,0.103573,0.0000,0.0000
ledge,xpbd,49,0.40833,1.29295,7579.4,75.3564,11.7919,12.9591,0.101136,0.0000,0.0000
ledge,xpbd,50,0.41667,2.35857,7097.69,75.1925,21.4153,10.9638,0.0983235,0.0000,0.0000
ledge,xpbd,51,0.42500,3.75835,6620.18,75.0392,34.4656,8.27189,0.0957835,0.0000,0.0000
ledge,xpbd,52,0.43333,1.30605,5647.54,77.6826,53.7091,4.88758,0.0933782,0.0000,0.0000
ledge,xpbd,53,0.44167,2.06369,4542.58,32.7869,26.1161,1.36,0.0913936,0.0000,0.0000
ledge,xpbd,54,0.45000,2.44027,3975.37,40.8468,23.2811,3.58118,0.0933171,0.0000,0.0000
ledge,xpbd,55,0.45833,0.5241,2897.18,39.0579,11.7624,5.56482,0.0944339,0.0000,0.0000
ledge,xpbd,56,0.46667,0.141268,2759.48,38.6057,5.00444,6.85041,0.0952203,0.0000,0.0000
ledge,xpbd,57,0.47500,0.0925896,2616.21,38.1801,1.63197,7.45121,0.0959438,0.0000,0.0000
ledge,xpbd,58,0.48333,0.378064,2513.69,37.7755,1.64732,7.36558,0.0964374,0.0000,0.0000
ledge,xpbd,59,0.49167,0.403516,2531.54,37.3931,5.04976,6.59396,0.0961433,0.0000,0.0000
ledge,xpbd,60,0.50000,0.453713,1967.61,37.0174,11.824,5.13627,0.0945862,0.0000,0.0000
ledge,xpbd,61,0.50833,0.027193,1517.35,36.6955,22.0132,2.99333,0.0919482,0.0000,0.0000
ledge,xpbd,62,0.51667,0.0437823,1294.39,10.5066,2.26928,1.67938,0.0907241,0.0000,0.0000
ledge,xpbd,63,0.52500,0.494111,1258.95,10.0494,0.825997,1.88041,0.0911048,0.0000,0.0000
ledge,xpbd,64,0.53333,0.0871928,1137.05,8.82359,0.476907,1.70167,0.091184,0.0000,0.0000
ledge,xpbd,65,0.54167,0.0144283,1030.98,9.52516,0.677149,1.80387,0.0913244,0.0000,0.0000
ledge,xpbd,66,0.55000,0.275817,923.515,8.41801,1.99294,1.3099,0.0909793,0.0000,0.0000
ledge,xpbd,67,0.55833,0.00677906,835.332,8.39506,0.384888,1.63306,0.0910839,0.0000,0.0000
ledge,xpbd,68,0.56667,0.00280702,481.754,7.94606,0.706768,1.4759,0.0908499,0.0000,0.0000
ledge,xpbd,69,0.57500,0.0135251,408.067,7.23507,0.350263,1.40363,0.0907667,0.0000,0.0000
ledge,xpbd,70,0.58333,0.0149353,536.049,6.60117,0.0708582,1.33136,0.0908084,0.0000,0.0000
ledge,xpbd,71,0.59167,0.00595124,730.586,6.18187,0.0227766,1.25568,0.0908173,0.0000,0.0000
ledge,xpbd,72,0.60000,0.0109988,566.215,6.2746,0.125521,1.25363,0.0908269,0.0000,0.0000
ledge,xpbd,73,0.60833,0.000200347,388.564,6.32981,0.0086066,1.28873,0.090835,0.0000,0.0000
ledge,xpbd,74,0.61667,0.000548418,470.898,6.33983,0.0135049,1.28977,0.0908412,0.0000,0.0000
ledge,xpbd,75,0.62500,3.13544e-05,355.358,6.24502,0.000562157,1.27308,0.0908469,0.0000,0.0000
ledge,xpbd,76,0.63333,1.09136e-05,389.091,6.27706,0.00292607,1.27913,0.090852,0.0000,0.0000
ledge,xpbd,77,0.64167,0.000505978,318.487,6.33294,0.00069587,1.29098,0.0908556,0.0000,0.0000
ledge,xpbd,78,0.65000,0.00023856,267.329,6.35654,0.00229608,1.29546,0.0908618,0.0000,0.0000
ledge,xpbd,79,0.65833,3.40424e-06,263.314,6.29936,0.00169156,1.28393,0.0908668,0.0000,0.0000
ledge,xpbd,80,0.66667,2.5997e-06,224.4,6.30776,0.00197954,1.28558,0.0908729,0.0000,0.0000
ledge,xpbd,81,0.67500,1.96891e-05,228.249,6.3375,0.00123995,1.2918,0.090878,0.0000,0.0000
ledge,xpbd,82,0.68333,1.91417e-05,203.932,6.30627,0.0014353,1.28539,0.0908826,0.0000,0.0000
ledge,xpbd,83,0.69167,6.17036e-06,181.919,6.319,0.00167191,1.28794,0.0908882,0.0000,0.0000
ledge,xpbd,84,0.70000,1.8811e-05,166.302,6.32624,0.00137544,1.28947,0.0908941,0.0000,0.0000
ledge,xpbd,85,0.70833,1.51887e-06,149.905,6.29084,0.00164506,1.2822,0.0909003,0.0000,0.0000
ledge,xpbd,86,0.71667,9.855e-06,147.401,6.3066,0.00169771,1.2854,0.0909064,0.0000,0.0000
ledge,xpbd,87,0.72500,7.58549e-07,139.297,6.31822,0.0016166,1.28779,0.0909118,0.0000,0.0000
ledge,xpbd,88,0.73333,2.79281e-07,130.885,6.28259,0.00187739,1.28047,0.090917,0.0000,0.0000
ledge,xpbd,89,0.74167,4.24928e-06,122.448,6.29478,0.00200197,1.28293,0.090923,0.0000,0.0000
ledge,xpbd,90,0.75000,9.57177e-07,115.659,6.29935,0.00167523,1.28393,0.090929,0.0000,0.0000
ledge,xpbd,91,0.75833,4.25685e-06,113.795,6.25878,0.00277375,1.27544,0.0909345,0.0000,0.0000
ledge,xpbd,92,0.76667,1.31843e-06,111.538,6.2717,0.00239148,1.27815,0.0909402,0.0000,0.0000
ledge,xpbd,93,0.77500,6.59788e-07,108.67,6.28136,0.00218561,1.28016,0.0909457,0.0000,0.0000
ledge,xpbd,94,0.78333,1.28198e-06,104.334,6.24619,0.00334082,1.27275,0.0909512,0.0000,0.0000
ledge,xpbd,95,0.79167,4.06473e-07,100.305,6.24848,0.00233483,1.27342,0.0909573,0.0000,0.0000
ledge,xpbd,96,0.80000,1.23509e-06,98.3597,6.19733,0.00337884,1.26278,0.0909632,0.0000,0.0000
ledge,xpbd,97,0.80833,1.64644e-06,97.1854,6.14955,0.00229541,1.25326,0.0909682,0.0000,0.0000
ledge,xpbd,98,0.81667,4.01559e-07,96.0541,6.15564,0.00239862,1.25448,0.090974,0.0000,0.0000
ledge,xpbd,99,0.82500,3.01677e-07,93.9988,6.10139,0.00376511,1.24314,0.0909797,0.0000,0.0000
ledge,xpbd,100,0.83333,3.0518e-07,91.6654,6.05035,0.00250674,1.233,0.0909849,0.0000,0.0000
ledge,xpbd,101,0.84167,3.68106e-08,90.0439,6.05336,0.00251111,1.23361,0.0909902,0.0000,0.0000
ledge,xpbd,102,0.85000,4.01887e-07,89.1086,6.05195,0.00263577,1.23329,0.0909958,0.0000,0.0000
ledge,xpbd,103,0.85833,2.07771e-08,88.4728,5.66279,0.00260882,1.15396,0.0909982,0.0000,0.0000
ledge,xpbd,104,0.86667,5.56471e-07,87.3398,5.66211,0.00288646,1.15377,0.0909939,0.0000,0.0000
ledge,xpbd,105,0.87500,5.00339e-07,85.9808,5.65868,0.00295977,1.15305,0.0909973,0.0000,0.0000
ledge,xpbd,106,0.88333,2.52886e-07,84.886,5.65672,0.00552797,1.15213,0.0909286,0.0000,0.0000
ledge,xpbd,107,0.89167,3.37095e-08,84.2359,5.65562,0.00509031,1.15199,0.0909346,0.0000,0.0000
ledge,xpbd,108,0.90000,2.5749e-07,83.9372,5.65207,0.00468417,1.15135,0.0909406,0.0000,0.0000
ledge,xpbd,109,0.90833,2.68628e-08,83.6413,5.64728,0.00442634,1.15043,0.0909459,0.0000,0.0000
ledge,xpbd,110,0.91667,1.62865e-07,83.1543,5.63372,0.000879438,1.14839,0.0909583,0.0000,0.0000
ledge,xpbd,111,0.92500,1.10785e-07,82.6452,5.60624,7.10058e-05,1.14295,0.09098,0.0000,0.0000
ledge,xpbd,112,0.93333,1.03285e-10,82.2975,5.58111,0.000232303,1.13779,0.0909978,0.0000,0.0000
ledge,xpbd,113,0.94167,1.21081e-07,82.1329,5.44374,0.00246565,1.10933,0.0909897,0.0000,0.0000
ledge,xpbd,114,0.95000,1.35075e-07,82.0112,5.41216,0.00194958,1.103,0.0909938,0.0000,0.0000
ledge,xpbd,115,0.95833,2.80915e-08,81.8298,5.32269,0.00106549,1.08494,0.0909963,0.0000,0.0000
ledge,xpbd,116,0.96667,5.27938e-08,81.5665,5.28459,0.00441036,1.07649,0.0909941,0.0000,0.0000
ledge,xpbd,117,0.97500,1.12036e-09,81.3258,5.20297,0.000774676,1.06059,0.0909932,0.0000,0.0000
ledge,xpbd,118,0.98333,5.33383e-08,81.1914,5.10145,0.00524066,1.03898,0.0909949,0.0000,0.0000
ledge,xpbd,119,0.99167,6.19448e-08,81.111,5.06156,0.00115872,1.03168,0.0909981,0.0000,0.0000
ledge,xpbd,120,1.00000,6.68725e-09,81.0054,4.91277,0.00147381,1.00128,0.0909932,0.0000,0.0000
ledge,xpbd,121,1.00833,8.53735e-09,80.836,4.87282,0.00106271,0.993222,0.0910004,0.0000,0.0000
ledge,xpbd,122,1.01667,1.1922e-07,80.6811,4.83411,0.000578195,0.985429,0.0909246,0.0000,0.0000
ledge,xpbd,123,1.02500,1.01014e-07,80.4783,4.67992,0.000836736,0.953943,0.0909307,0.0000,0.0000
ledge,xpbd,124,1.03333,2.96195e-08,80.3306,4.64063,0.000207318,0.94606,0.0909369,0.0000,0.0000
ledge,xpbd,125,1.04167,3.06558e-08,80.2228,4.54165,0.00128668,0.92566,0.0909432,0.0000,0.0000
ledge,xpbd,126,1.05000,1.69862e-08,80.0773,4.42732,0.00682363,0.901222,0.09095,0.0000,0.0000
ledge,xpbd,127,1.05833,4.5708e-08,79.8917,4.37086,0.0148338,0.888079,0.0909702,0.0000,0.0000
ledge,xpbd,128,1.06667,8.6105e-08,79.7123,4.23179,0.00256955,0.862226,0.0909786,0.0000,0.0000
ledge,xpbd,129,1.07500,3.31537e-08,79.548,4.16233,0.00349687,0.847876,0.0909905,0.0000,0.0000
ledge,xpbd,130,1.08333,2.39386e-08,79.4111,4.04466,0.00204569,0.824183,0.0909912,0.0000,0.0000
ledge,xpbd,131,1.09167,6.13214e-08,79.263,3.92158,0.00109616,0.799283,0.0909905,0.0000,0.0000
ledge,xpbd,132,1.10000,5.90029e-08,79.1016,3.84759,0.00150938,0.784114,0.090994,0.0000,0.0000
ledge,xpbd,133,1.10833,1.42379e-07,78.946,3.7818,0.000993076,0.770807,0.0909894,0.0000,0.0000
ledge,xpbd,134,1.11667,2.65315e-08,78.8037,3.33129,0.00210863,0.678733,0.0909931,0.0000,0.0000
ledge,xpbd,135,1.12500,2.65969e-09,78.6634,3.25458,0.00221416,0.663072,0.0909931,0.0000,0.0000
ledge,xpbd,136,1.13333,1.01901e-08,78.5418,3.17524,0.00166684,0.647008,0.091001,0.0000,0.0000
ledge,xpbd,137,1.14167,8.36275e-08,78.44,3.09868,0.00104478,0.631526,0.0909251,0.0000,0.0000
ledge,xpbd,138,1.15000,9.61845e-08,78.2801,3.02497,0.00101127,0.616506,0.0909313,0.0000,0.0000
ledge,xpbd,139,1.15833,2.38486e-08,78.1375,2.94668,0.000927758,0.600561,0.0909375,0.0000,0.0000
ledge,xpbd,140,1.16667,7.1222e-08,78.0317,2.86497,0.000933076,0.583902,0.0909438,0.0000,0.0000
ledge,xpbd,141,1.17500,5.39686e-09,77.932,2.77654,0.000868008,0.565886,0.0909521,0.0000,0.0000
ledge,xpbd,142,1.18333,5.1883e-10,77.8175,2.67193,0.0582228,0.532866,0.090964,0.0000,0.0000
ledge,xpbd,143,1.19167,6.72146e-10,77.7073,2.59656,0.181151,0.492439,0.0909801,0.0000,0.0000
ledge,xpbd,144,1.20000,1.8388e-08,77.6024,2.49627,0.387256,0.429973,0.0909892,0.0000,0.0000
ledge,xpbd,145,1.20833,1.43884e-09,77.4745,1.8904,0.281388,0.328034,0.090992,0.0000,0.0000
ledge,xpbd,146,1.21667,3.36876e-08,77.3675,1.68551,0.50678,0.240311,0.0909943,0.0000,0.0000
ledge,xpbd,147,1.22500,1.47468e-08,77.274,1.52852,0.859164,0.136465,0.090997,0.0000,0.0000
ledge,xpbd,148,1.23333,1.29818e-07,77.1739,1.30905,1.37557,-0.0135601,0.0909206,0.0000,0.0000
ledge,xpbd,149,1.24167,1.06126e-09,77.0376,1.00406,1.98713,-0.200421,0.0909267,0.0000,0.0000
ledge,xpbd,150,1.25000,8.51545e-08,76.9392,0.65026,2.74941,-0.427961,0.0909329,0.0000,0.0000
ledge,xpbd,151,1.25833,2.52052e-09,76.8489,0.281268,3.72294,-0.701666,0.0909391,0.0000,0.0000
ledge,xpbd,152,1.26667,3.3503e-08,76.7455,-0.170432,5.02036,-1.05827,0.0909454,0.0000,0.0000
ledge,xpbd,153,1.27500,3.64214e-09,76.6246,-0.693779,6.55838,-1.47852,0.0909545,0.0000,0.0000
ledge,xpbd,154,1.28333,2.1977e-09,76.5224,-1.3823,8.51821,-2.01845,0.0909668,0.0000,0.0000
ledge,xpbd,155,1.29167,1.54665e-09,76.4236,-2.12743,11.0599,-2.68854,0.0909793,0.0000,0.0000
ledge,xpbd,156,1.30000,7.92528e-10,76.3208,-3.00325,14.1676,-3.50069,0.0909857,0.0000,0.0000
ledge,xpbd,157,1.30833,1.38231e-09,76.2155,-4.0519,18.1365,-4.52363,0.0909893,0.0000,0.0000
ledge,xpbd,158,1.31667,4.22654e-09,76.1216,-5.20792,23.2016,-5.79195,0.0910004,0.0000,0.0000
ledge,xpbd,159,1.32500,4.7067e-08,76.0483,-6.34789,29.6658,-7.34225,0.090924,0.0000,0.0000
ledge,xpbd,160,1.33333,2.92356e-08,75.9276,-7.65985,37.749,-9.25767,0.0909307,0.0000,0.0000
ledge,xpbd,161,1.34167,1.87065e-08,75.8215,-8.66358,48.07,-11.5665,0.0909374,0.0000,0.0000
ledge,xpbd,162,1.35000,3.45888e-08,75.7373,-9.62556,60.4476,-14.2861,0.0909473,0.0000,0.0000
ledge,xpbd,163,1.35833,3.6159e-10,75.6534,-10.4249,75.1883,-17.4543,0.0909605,0.0000,0.0000
ledge,xpbd,164,1.36667,1.36193e-09,75.5529,-11.1313,92.3641,-21.1,0.0909708,0.0000,0.0000
ledge,xpbd,165,1.37500,8.82089e-09,75.4609,-11.6267,112.199,-25.2447,0.0909792,0.0000,0.0000
ledge,xpbd,166,1.38333,2.10905e-09,75.3753,-12.0006,134.796,-29.9279,0.0909893,0.0000,0.0000
ledge,xpbd,167,1.39167,2.63122e-09,75.2757,-12.3909,159.987,-35.1434,0.090995,0.0000,0.0000
ledge,xpbd,168,1.40000,2.53672e-06,75.3777,-11.6391,183.827,-39.8504,0.0909967,0.0000,0.0000
ledge,xpbd,169,1.40833,3.85281e-05,75.0629,-90.3884,90.8701,-36.9538,0.090741,0.0000,0.0000
ledge,xpbd,170,1.41667,7.47826e-06,75.2147,-87.5947,98.0638,-37.8509,0.0901973,0.0000,0.0000
ledge,xpbd,171,1.42500,5.12949e-05,75.1578,-85.2167,118.19,-41.4693,0.0900071,0.0000,0.0000
ledge,xpbd,172,1.43333,1.01938e-06,74.4935,-83.67,141.088,-45.8222,0.0900179,0.0000,0.0000
ledge,xpbd,173,1.44167,2.76982e-05,74.5992,-83.5791,166.841,-51.054,0.0900296,0.0000,0.0000
ledge,xpbd,174,1.45000,5.78085e-07,74.7824,-154.569,120.749,-56.1301,0.0900412,0.0000,0.0000
ledge,xpbd,175,1.45833,8.2081e-06,74.6298,-171.898,130.171,-61.5838,0.0900527,0.0000,0.0000
ledge,xpbd,176,1.46667,2.48894e-07,74.3266,-175.537,154.605,-67.3073,0.0900648,0.0000,0.0000
ledge,xpbd,177,1.47500,2.45561e-06,74.2584,-175.955,185.445,-73.6799,0.090077,0.0000,0.0000
ledge,xpbd,178,1.48333,8.28158e-08,74.278,-178.158,217.683,-80.7016,0.0900892,0.0000,0.0000
ledge,xpbd,179,1.49167,1.49375e-06,74.2275,-216.236,214.884,-87.8938,0.0901003,0.0000,0.0000
ledge,xpbd,180,1.50000,3.28314e-05,74.1033,-437.122,1.42559,-89.4083,0.0901134,0.0000,0.0000
ledge,xpbd,181,1.50833,6.49405e-06,74.2425,-437.492,0.636427,-89.3228,0.0901256,0.0000,0.0000
ledge,xpbd,182,1.51667,8.40582e-06,73.8666,-437.63,0.487359,-89.3206,0.0901378,0.0000,0.0000
ledge,xpbd,183,1.52500,1.32346e-06,73.6374,-437.776,0.484838,-89.3497,0.0901502,0.0000,0.0000
ledge,xpbd,184,1.53333,2.28296e-06,73.666,-437.929,0.636649,-89.412,0.0901626,0.0000,0.0000
ledge,xpbd,185,1.54167,2.76006e-07,73.6442,-438.379,0.655215,-89.5075,0.0901748,0.0000,0.0000
ledge,xpbd,186,1.55000,3.73384e-07,73.494,-438.706,0.698901,-89.5831,0.0901874,0.0000,0.0000
ledge,xpbd,187,1.55833,3.77744e-08,73.3784,-438.947,0.824502,-89.6577,0.0901998,0.0000,0.0000
ledge,xpbd,188,1.56667,9.23201e-08,73.3112,-439.138,1.01656,-89.7358,0.0902123,0.0000,0.0000
ledge,xpbd,189,1.57500,2.74996e-09,73.2256,-439.454,0.855415,-89.7675,0.0902249,0.0000,0.0000
ledge,xpbd,190,1.58333,1.24114e-09,73.1314,-440.049,0.536076,-89.8236,0.0902354,0.0000,0.0000
ledge,xpbd,191,1.59167,8.10606e-09,73.0418,-440.371,0.487504,-89.8794,0.0902424,0.0000,0.0000
ledge,xpbd,192,1.60000,1.47701e-09,72.9608,-440.688,0.454227,-89.9372,0.0902495,0.0000,0.0000
ledge,xpbd,193,1.60833,2.32077e-09,72.8726,-441.002,0.433955,-89.9972,0.0902565,0.0000,0.0000
ledge,xpbd,194,1.61667,2.2922e-09,72.7787,-441.318,0.425687,-90.06,0.0902635,0.0000,0.0000
ledge,xpbd,195,1.62500,4.46043e-11,72.6852,-441.639,0.429171,-90.126,0.0902705,0.0000,0.0000
ledge,xpbd,196,1.63333,1.85344e-09,72.5959,-441.967,0.444724,-90.1961,0.0902775,0.0000,0.0000
ledge,xpbd,197,1.64167,9.09605e-10,72.5104,-442.306,0.47329,-90.2709,0.0902845,0.0000,0.0000
ledge,xpbd,198,1.65000,1.57423e-11,72.4237,-442.658,0.516588,-90.3516,0.0902915,0.0000,0.0000
ledge,xpbd,199,1.65833,6.74495e-10,72.334,-443.028,0.577706,-90.4394,0.0903027,0.0000,0.0000
ledge,xpbd,200,1.66667,1.99773e-10,72.2407,-443.418,0.660288,-90.5358,0.0903129,0.0000,0.0000
ledge,xpbd,201,1.67500,7.74497e-11,72.1521,-443.83,0.771464,-90.6424,0.0903249,0.0000,0.0000
ledge,xpbd,202,1.68333,4.06317e-10,72.0665,-444.271,0.914553,-90.7617,0.0903406,0.0000,0.0000
ledge,xpbd,203,1.69167,1.37326e-11,71.9804,-444.744,1.10008,-90.8959,0.090352,0.0000,0.0000
ledge,xpbd,204,1.70000,6.1782e-11,71.8898,-445.256,1.33573,-91.0483,0.090363,0.0000,0.0000
ledge,xpbd,205,1.70833,8.92255e-10,71.8016,-445.809,1.63788,-91.2226,0.0903759,0.0000,0.0000
ledge,xpbd,206,1.71667,2.12532e-10,71.7122,-446.409,2.02154,-91.4231,0.0903871,0.0000,0.0000
ledge,xpbd,207,1.72500,2.09021e-09,71.6243,-447.058,2.50953,-91.655,0.0903983,0.0000,0.0000
ledge,xpbd,208,1.73333,8.48175e-10,71.5389,-447.766,3.12587,-91.925,0.0904109,0.0000,0.0000
ledge,xpbd,209,1.74167,1.53073e-09,71.4542,-448.526,3.91386,-92.2405,0.0904238,0.0000,0.0000
ledge,xpbd,210,1.75000,4.02639e-11,71.3625,-449.349,4.90992,-92.6113,0.0904362,0.0000,0.0000
ledge,xpbd,211,1.75833,1.82893e-09,71.2701,-450.234,6.16994,-93.0487,0.0904481,0.0000,0.0000
ledge,xpbd,212,1.76667,7.01182e-11,71.1874,-451.178,7.76444,-93.5663,0.0904595,0.0000,0.0000
ledge,xpbd,213,1.77500,4.09556e-09,71.102,-452.188,9.76659,-94.1804,0.0904708,0.0000,0.0000
ledge,xpbd,214,1.78333,6.85849e-11,71.0138,-453.258,12.2777,-94.9105,0.090481,0.0000,0.0000
ledge,xpbd,215,1.79167,1.94395e-09,70.9274,-454.395,15.4035,-95.7796,0.0904927,0.0000,0.0000
ledge,xpbd,216,1.80000,8.82577e-10,70.8389,-455.595,19.2801,-96.8146,0.0905045,0.0000,0.0000
ledge,xpbd,217,1.80833,4.24869e-10,70.7506,-456.834,24.0848,-98.0467,0.0905182,0.0000,0.0000
ledge,xpbd,218,1.81667,4.97137e-11,70.6633,-458.089,30.0197,-99.5124,0.0905266,0.0000,0.0000
ledge,xpbd,219,1.82500,3.14172e-10,70.5763,-459.372,37.2771,-101.254,0.0905412,0.0000,0.0000
dinner,avbd,0,0.00000,2.14711,0.375845,0.00698041,7.6086e-06,0.00177696,-1.71264e-07,0.0000,0.6840
dinner,avbd,1,0.00833,2.65125,0.330661,0.0123417,4.07023e-06,0.00314415,-1.67265e-07,0.0000,0.6668
dinner,avbd,2,0.01667,3.2085,0.298203,0.0164333,2.58956e-06,0.00418723,-1.6399e-07,0.0000,0.6520
dinner,avbd,3,0.02500,3.81887,0.272823,0.0197945,1.69559e-06,0.00504404,-1.61481e-07,0.0000,0.6446
dinner,avbd,4,0.03333,4.48235,0.254533,0.0223081,9.44624e-07,0.00568479,-1.58028e-07,0.0000,0.6279
dinner,avbd,5,0.04167,5.19895,0.239981,0.0243836,6.68607e-07,0.00621378,-1.56083e-07,0.0000,0.6205
dinner,avbd,6,0.05000,5.96866,0.228177,0.0260936,4.42133e-07,0.00664964,-1.56963e-07,0.0000,0.6246
dinner,avbd,7,0.05833,6.79149,0.21854,0.0275407,3.15869e-07,0.00701845,-1.55731e-07,0.0000,0.6170
dinner,avbd,8,0.06667,7.66838,0.21066,0.0287393,2.35277e-07,0.00732392,-1.54152e-07,0.0000,0.6123
dinner,avbd,9,0.07500,8.5995,0.204144,0.0297625,1.66064e-07,0.00758469,-1.51588e-07,0.0000,0.6014
dinner,avbd,10,0.08333,9.58397,0.198796,0.0305957,1.10647e-07,0.00779703,-1.51269e-07,0.0000,0.6001
dinner,avbd,11,0.09167,10.6218,0.19426,0.0313119,7.88343e-08,0.00797957,-1.48125e-07,0.0000,0.5891
dinner,avbd,12,0.10000,11.7129,0.190521,0.0319259,5.25934e-08,0.00813603,-1.4739e-07,0.0000,0.5871
dinner,avbd,13,0.10833,12.8574,0.187487,0.0324082,4.17385e-08,0.00825897,-1.51011e-07,0.0000,0.6010
dinner,avbd,14,0.11667,14.0552,0.184985,0.0328175,2.33227e-08,0.00836328,-1.48795e-07,0.0000,0.5943
dinner,avbd,15,0.12500,15.3064,0.182935,0.0331537,1.63207e-08,0.00844896,-1.48065e-07,0.0000,0.5897
dinner,avbd,16,0.13333,16.6109,0.181206,0.0334461,1.62245e-08,0.00852346,-1.47931e-07,0.0000,0.5914
dinner,avbd,17,0.14167,17.9687,0.179775,0.0336946,5.94603e-09,0.00858679,-1.47925e-07,0.0000,0.5896
dinner,avbd,18,0.15000,19.3799,0.178584,0.0338846,5.93176e-09,0.00863522,-1.48424e-07,0.0000,0.5906
dinner,avbd,19,0.15833,20.8444,0.177659,0.0340308,2.57939e-09,0.00867248,-1.48578e-07,0.0000,0.5928
dinner,avbd,20,0.16667,22.3622,0.176884,0.034177,2.56902e-09,0.00870973,-1.47838e-07,0.0000,0.5893
dinner,avbd,21,0.17500,23.9334,0.176244,0.0342793,6.4575e-10,0.00873581,-1.50946e-07,0.0000,0.5995
dinner,avbd,22,0.18333,25.5579,0.175736,0.034367,7.47479e-11,0.00875816,-1.46717e-07,0.0000,0.5866
dinner,avbd,23,0.19167,27.2359,0.175257,0.0344401,2.58478e-09,0.00877678,-1.47899e-07,0.0000,0.5868
dinner,avbd,24,0.20000,28.9678,0.174912,0.0344986,6.49534e-10,0.00879169,-1.51045e-07,0.0000,0.5967
dinner,avbd,25,0.20833,30.753,0.174552,0.034557,6.45962e-10,0.00880659,-1.50906e-07,0.0000,0.5988
dinner,avbd,26,0.21667,32.5915,0.174265,0.0346155,6.4407e-10,0.00882149,-1.49235e-07,0.0000,0.5952
dinner,avbd,27,0.22500,34.4835,0.174038,0.0346448,2.07949e-12,0.00882894,-1.48284e-07,0.0000,0.5922
dinner,avbd,28,0.23333,36.4288,0.174021,0.0346448,1.42761e-12,0.00882894,-1.48912e-07,0.0000,0.5941
dinner,avbd,29,0.24167,38.4286,0.174014,0.0346448,3.02419e-12,0.00882894,-1.49612e-07,0.0000,0.5953
dinner,avbd,30,0.25000,0.00278333,3518.02,-0.192046,0.0751284,-0.0680871,0.002729,0.0000,0.0000
dinner,avbd,31,0.25833,0.377616,921.164,-0.898299,0.990966,-0.481464,0.000898349,0.0000,0.0000
dinner,avbd,32,0.26667,0.204807,95.4917,-0.470617,0.357276,-0.210982,-1.59632e-06,0.0000,6.0532
dinner,avbd,33,0.27500,0.0835825,24.5751,-0.302383,0.00180341,-0.0775196,-9.25008e-07,0.0000,3.5180
dinner,avbd,34,0.28333,0.0157895,3.92172,-0.140477,0.0126471,-0.0390224,9.39572e-05,0.0000,0.0000
dinner,avbd,35,0.29167,0.00142839,0.802366,-0.0145449,0.000540886,-0.0038445,0.000175293,0.0000,0.0000
dinner,avbd,36,0.30000,0.0404993,0.573506,0.0012847,4.21643e-05,0.00031665,0.000146791,0.0000,0.0000
dinner,avbd,37,0.30833,0.133002,0.546712,0.00519221,0.000119748,0.00129268,-3.98843e-07,0.0000,1.5890
dinner,avbd,38,0.31667,0.0644769,22.4526,-0.0198362,0.0019008,-0.00553951,5.57251e-05,0.0000,0.0000
dinner,avbd,39,0.32500,0.000515391,28.2424,-0.532447,0.120058,-0.166286,0.000174857,0.0000,0.0000
dinner,avbd,40,0.33333,4.92335e-05,20.0694,-0.533027,0.00137943,-0.136189,-4.20413e-07,0.0000,1.6693
dinner,avbd,41,0.34167,3.5584e-05,16.9246,-0.481777,0.000822993,-0.122987,-2.98128e-07,0.0000,1.1828
dinner,avbd,42,0.35000,3.819e-05,12.9338,-0.408471,0.000877935,-0.104319,-2.71368e-07,0.0000,1.0703
dinner,avbd,43,0.35833,1.05447e-05,10.4525,-0.358381,0.00025765,-0.0913963,-2.37708e-07,0.0000,0.9465
dinner,avbd,44,0.36667,3.07082e-06,9.32707,-0.33343,8.01551e-05,-0.0849925,-2.1342e-07,0.0000,0.8473
dinner,avbd,45,0.37500,1.84684e-06,8.57793,-0.315881,4.3643e-05,-0.080511,-2.00504e-07,0.0000,0.7957
dinner,avbd,46,0.38333,1.06083e-06,8.03475,-0.302671,2.47352e-05,-0.0771396,-1.90956e-07,0.0000,0.7615
dinner,avbd,47,0.39167,6.76583e-07,7.6276,-0.292492,1.54391e-05,-0.0745431,-1.84423e-07,0.0000,0.7313
dinner,avbd,48,0.40000,3.87223e-07,7.31485,-0.284472,9.22644e-06,-0.0724979,-1.77695e-07,0.0000,0.7038
dinner,avbd,49,0.40833,2.43568e-07,7.07294,-0.278161,5.6392e-06,-0.0708885,-1.72033e-07,0.0000,0.6825
dinner,avbd,50,0.41667,1.66218e-07,6.88271,-0.273134,3.87677e-06,-0.069607,-1.67141e-07,0.0000,0.6650
dinner,avbd,51,0.42500,1.17871e-07,6.72732,-0.268984,2.68782e-06,-0.0685491,-1.63729e-07,0.0000,0.6534
dinner,avbd,52,0.43333,7.00372e-08,6.60515,-0.265681,1.65207e-06,-0.0677072,-1.62834e-07,0.0000,0.6456
dinner,avbd,53,0.44167,4.91646e-08,6.50472,-0.262963,1.17698e-06,-0.0670142,-1.58009e-07,0.0000,0.6292
dinner,avbd,54,0.45000,3.45835e-08,6.42236,-0.260697,8.28946e-07,-0.0664368,-1.55574e-07,0.0000,0.6188
dinner,avbd,55,0.45833,2.47614e-08,6.35275,-0.258797,6.18368e-07,-0.0659525,-1.59942e-07,0.0000,0.6390
dinner,avbd,56,0.46667,1.84688e-08,6.29383,-0.257175,4.74116e-07,-0.065539,-1.56772e-07,0.0000,0.6257
dinner,avbd,57,0.47500,1.47857e-08,6.2439,-0.255801,3.23482e-07,-0.0651889,-1.5315e-07,0.0000,0.6107
dinner,avbd,58,0.48333,1.00273e-08,6.20142,-0.254617,2.48359e-07,-0.0648871,-1.55768e-07,0.0000,0.6180
dinner,avbd,59,0.49167,7.36876e-09,6.16523,-0.253608,2.04666e-07,-0.0646301,-1.54205e-07,0.0000,0.6150
dinner,avbd,60,0.50000,5.11615e-09,6.13445,-0.252746,1.49008e-07,-0.0644103,-1.51369e-07,0.0000,0.6031
dinner,avbd,61,0.50833,4.1444e-09,6.10844,-0.252029,1.3305e-07,-0.0642277,-1.52112e-07,0.0000,0.6052
dinner,avbd,62,0.51667,3.27418e-09,6.08633,-0.251401,1.04884e-07,-0.0640675,-1.49868e-07,0.0000,0.5954
dinner,avbd,63,0.52500,2.50918e-09,6.06744,-0.250889,8.19003e-08,-0.0639372,-1.49843e-07,0.0000,0.5972
dinner,avbd,64,0.53333,1.84188e-09,6.05157,-0.250451,7.23438e-08,-0.0638254,-1.51502e-07,0.0000,0.6033
dinner,avbd,65,0.54167,1.27918e-09,6.03818,-0.250071,7.23964e-08,-0.0637285,-1.52823e-07,0.0000,0.6039
dinner,avbd,66,0.55000,8.1877e-10,6.02685,-0.249749,5.70536e-08,-0.0636466,-1.51795e-07,0.0000,0.6022
dinner,avbd,67,0.55833,8.18617e-10,6.01712,-0.249486,5.7035e-08,-0.0635795,-1.50982e-07,0.0000,0.5991
dinner,avbd,68,0.56667,4.60489e-10,6.00908,-0.249252,4.67073e-08,-0.0635199,-1.48855e-07,0.0000,0.5912
dinner,avbd,69,0.57500,2.06021e-10,6.00235,-0.249062,5.13018e-08,-0.0634715,-1.49248e-07,0.0000,0.5949
dinner,avbd,70,0.58333,2.04817e-10,5.9966,-0.248901,4.68031e-08,-0.0634305,-1.52504e-07,0.0000,0.6069
dinner,avbd,71,0.59167,2.04816e-10,5.99161,-0.24877,4.38798e-08,-0.063397,-1.51015e-07,0.0000,0.6023
dinner,avbd,72,0.60000,2.0464e-10,5.98751,-0.248653,4.38434e-08,-0.0633672,-1.52255e-07,0.0000,0.6086
dinner,avbd,73,0.60833,2.04641e-10,5.9841,-0.248565,4.17064e-08,-0.0633448,-1.50947e-07,0.0000,0.6015
dinner,avbd,74,0.61667,5.11637e-11,5.98094,-0.248477,4.17701e-08,-0.0633225,-1.50996e-07,0.0000,0.6029
dinner,avbd,75,0.62500,5.1164e-11,5.97826,-0.248404,4.16579e-08,-0.0633039,-1.49967e-07,0.0000,0.5974
dinner,avbd,76,0.63333,5.11643e-11,5.97547,-0.248317,4.17701e-08,-0.0632815,-1.50171e-07,0.0000,0.5989
dinner,avbd,77,0.64167,5.11645e-11,5.97349,-0.248273,4.11999e-08,-0.0632703,-1.49969e-07,0.0000,0.5989
dinner,avbd,78,0.65000,5.11648e-11,5.97178,-0.248214,4.16457e-08,-0.0632554,-1.51498e-07,0.0000,0.6044
dinner,avbd,79,0.65833,6.02801e-15,5.97002,-0.24817,4.16774e-08,-0.0632443,-1.49552e-07,0.0000,0.5965
dinner,avbd,80,0.66667,5.11654e-11,5.9681,-0.248112,4.166e-08,-0.0632294,-1.495e-07,0.0000,0.5946
dinner,avbd,81,0.67500,6.62687e-15,5.96684,-0.248083,4.17275e-08,-0.0632219,-1.50592e-07,0.0000,0.5972
dinner,avbd,82,0.68333,5.11657e-11,5.96582,-0.248054,5.64092e-11,-0.0632145,-1.48679e-07,0.0000,0.5908
dinner,avbd,83,0.69167,6.58591e-15,5.96516,-0.248039,1.56814e-10,-0.0632107,-1.50923e-07,0.0000,0.6004
dinner,avbd,84,0.70000,6.56545e-15,5.96522,-0.248039,1.84962e-10,-0.0632107,-1.50202e-07,0.0000,0.5966
dinner,avbd,85,0.70833,6.54501e-15,5.9652,-0.248039,1.29911e-10,-0.0632107,-1.49653e-07,0.0000,0.5961
dinner,avbd,86,0.71667,6.52461e-15,5.96518,-0.248039,9.50116e-11,-0.0632107,-1.49655e-07,0.0000,0.5958
dinner,avbd,87,0.72500,6.50424e-15,5.96515,-0.248039,5.6241e-11,-0.0632107,-1.49795e-07,0.0000,0.5957
dinner,avbd,88,0.73333,6.4839e-15,5.96514,-0.248039,5.40346e-12,-0.0632107,-1.49631e-07,0.0000,0.5954
dinner,avbd,89,0.74167,6.46359e-15,5.96512,-0.248039,2.14692e-11,-0.0632107,-1.49695e-07,0.0000,0.5954
dinner,avbd,90,0.75000,6.44332e-15,5.9651,-0.248039,2.29869e-11,-0.0632107,-1.49279e-07,0.0000,0.5952
dinner,avbd,91,0.75833,6.42308e-15,5.96509,-0.248039,2.03694e-11,-0.0632107,-1.49921e-07,0.0000,0.5952
dinner,avbd,92,0.76667,6.40287e-15,5.96508,-0.248039,1.89366e-11,-0.0632107,-1.50083e-07,0.0000,0.5950
dinner,avbd,93,0.77500,6.38269e-15,5.96507,-0.248039,1.93028e-11,-0.0632107,-1.4995e-07,0.0000,0.5950
dinner,avbd,94,0.78333,6.36254e-15,5.96506,-0.248039,4.03834e-11,-0.0632107,-1.50064e-07,0.0000,0.5949
dinner,avbd,95,0.79167,6.34242e-15,5.96505,-0.248039,2.48304e-11,-0.0632107,-1.49865e-07,0.0000,0.5948
dinner,avbd,96,0.80000,6.32234e-15,5.96505,-0.248039,3.71464e-11,-0.0632107,-1.49896e-07,0.0000,0.5948
dinner,avbd,97,0.80833,6.30229e-15,5.96504,-0.248039,2.79364e-11,-0.0632107,-1.50103e-07,0.0000,0.5948
dinner,avbd,98,0.81667,6.28227e-15,5.96504,-0.248039,1.73724e-11,-0.0632107,-1.49947e-07,0.0000,0.5948
dinner,avbd,99,0.82500,6.26228e-15,5.96503,-0.248039,2.53427e-11,-0.0632107,-1.49882e-07,0.0000,0.5948
dinner,avbd,100,0.83333,6.24232e-15,5.96503,-0.248039,1.65766e-11,-0.0632107,-1.49773e-07,0.0000,0.5946
dinner,avbd,101,0.84167,6.2224e-15,5.96503,-0.248039,1.58828e-11,-0.0632107,-1.49738e-07,0.0000,0.5947
dinner,avbd,102,0.85000,6.2025e-15,5.96502,-0.248039,2.66931e-11,-0.0632107,-1.49711e-07,0.0000,0.5947
dinner,avbd,103,0.85833,6.18264e-15,5.96502,-0.248039,2.06892e-11,-0.0632107,-1.49747e-07,0.0000,0.5948
dinner,avbd,104,0.86667,6.16255e-15,5.96502,-0.248039,1.52047e-11,-0.0632107,-1.49709e-07,0.0000,0.5945
dinner,avbd,105,0.87500,6.14222e-15,5.96502,-0.248039,1.10823e-11,-0.0632107,-1.49772e-07,0.0000,0.5945
dinner,avbd,106,0.88333,6.12192e-15,5.96502,-0.248039,1.64189e-11,-0.0632107,-1.49901e-07,0.0000,0.5945
dinner,avbd,107,0.89167,6.10165e-15,5.96502,-0.248039,6.95174e-12,-0.0632107,-1.50074e-07,0.0000,0.5946
dinner,avbd,108,0.90000,6.08142e-15,5.96502,-0.248039,8.61368e-12,-0.0632107,-1.49731e-07,0.0000,0.5943
dinner,avbd,109,0.90833,6.06123e-15,5.96502,-0.248039,6.56308e-12,-0.0632107,-1.49965e-07,0.0000,0.5943
dinner,avbd,110,0.91667,6.04106e-15,5.96502,-0.248039,1.58389e-12,-0.0632107,-1.49798e-07,0.0000,0.5945
dinner,avbd,111,0.92500,6.02093e-15,5.96502,-0.248039,0,-0.0632107,-1.49134e-07,0.0000,0.5945
dinner,avbd,112,0.93333,6.00084e-15,5.96501,-0.248039,5.55354e-12,-0.0632107,-1.49472e-07,0.0000,0.5947
dinner,avbd,113,0.94167,5.98077e-15,5.96501,-0.248039,4.70024e-12,-0.0632107,-1.49962e-07,0.0000,0.5950
dinner,avbd,114,0.95000,5.96075e-15,5.96501,-0.248039,1.47617e-11,-0.0632107,-1.49355e-07,0.0000,0.5946
dinner,avbd,115,0.95833,5.94075e-15,5.96501,-0.248039,3.10535e-11,-0.0632107,-1.49813e-07,0.0000,0.5945
dinner,avbd,116,0.96667,5.92079e-15,5.96501,-0.248039,4.46732e-11,-0.0632107,-1.49486e-07,0.0000,0.5948
dinner,avbd,117,0.97500,5.90086e-15,5.96501,-0.248039,5.3015e-11,-0.0632107,-1.50067e-07,0.0000,0.5948
dinner,avbd,118,0.98333,5.88096e-15,5.96501,-0.248039,2.34561e-11,-0.0632107,-1.4976e-07,0.0000,0.5948
dinner,avbd,119,0.99167,5.8611e-15,5.96501,-0.248039,7.95665e-12,-0.0632107,-1.49453e-07,0.0000,0.5948
dinner,avbd,120,1.00000,5.84128e-15,5.96502,-0.248039,4.65157e-12,-0.0632107,-1.49534e-07,0.0000,0.5943
dinner,avbd,121,1.00833,5.82148e-15,5.96502,-0.248039,2.46347e-12,-0.0632107,-1.49823e-07,0.0000,0.5944
dinner,avbd,122,1.01667,5.80172e-15,5.96501,-0.248039,7.88683e-12,-0.0632107,-1.49707e-07,0.0000,0.5946
dinner,avbd,123,1.02500,5.782e-15,5.96501,-0.248039,1.4449e-11,-0.0632107,-1.50008e-07,0.0000,0.5948
dinner,avbd,124,1.03333,5.7623e-15,5.96501,-0.248039,1.81981e-11,-0.0632107,-1.49831e-07,0.0000,0.5947
dinner,avbd,125,1.04167,5.74264e-15,5.96501,-0.248039,1.71686e-11,-0.0632107,-1.4975e-07,0.0000,0.5947
dinner,avbd,126,1.05000,5.72302e-15,5.96501,-0.248039,4.7202e-12,-0.0632107,-1.49701e-07,0.0000,0.5948
dinner,avbd,127,1.05833,5.62795e-15,5.96502,-0.248039,7.39706e-13,-0.0632107,-1.49616e-07,0.0000,0.5944
dinner,avbd,128,1.06667,5.31217e-15,5.96501,-0.248039,3.175e-12,-0.0632107,-1.49739e-07,0.0000,0.5948
dinner,avbd,129,1.07500,5.0055e-15,5.96501,-0.248039,1.10596e-11,-0.0632107,-1.4977e-07,0.0000,0.5948
dinner,avbd,130,1.08333,4.70796e-15,5.96501,-0.248039,9.90151e-12,-0.0632107,-1.49295e-07,0.0000,0.5946
dinner,avbd,131,1.09167,4.41953e-15,5.96502,-0.248039,1.66378e-12,-0.0632107,-1.49855e-07,0.0000,0.5946
dinner,avbd,132,1.10000,4.14021e-15,5.96502,-0.248039,1.46958e-11,-0.0632107,-1.49931e-07,0.0000,0.5945
dinner,avbd,133,1.10833,3.87001e-15,5.96501,-0.248039,4.01759e-11,-0.0632107,-1.49668e-07,0.0000,0.5948
dinner,avbd,134,1.11667,3.60893e-15,5.96502,-0.248039,5.66516e-11,-0.0632107,-1.49287e-07,0.0000,0.5946
dinner,avbd,135,1.12500,3.35697e-15,5.96502,-0.248039,4.97217e-11,-0.0632107,-1.49431e-07,0.0000,0.5946
dinner,avbd,136,1.13333,3.11412e-15,5.96502,-0.248039,3.02308e-11,-0.0632107,-1.49602e-07,0.0000,0.5946
dinner,avbd,137,1.14167,2.88039e-15,5.96502,-0.248039,2.06157e-11,-0.0632107,-1.49791e-07,0.0000,0.5946
dinner,avbd,138,1.15000,2.65578e-15,5.96501,-0.248039,2.83846e-12,-0.0632107,-1.49546e-07,0.0000,0.5946
dinner,avbd,139,1.15833,2.44028e-15,5.96502,-0.248039,3.47124e-12,-0.0632107,-1.49726e-07,0.0000,0.5945
dinner,avbd,140,1.16667,2.2339e-15,5.96502,-0.248039,1.62978e-11,-0.0632107,-1.49528e-07,0.0000,0.5946
dinner,avbd,141,1.17500,2.03664e-15,5.96502,-0.248039,2.57707e-11,-0.0632107,-1.49665e-07,0.0000,0.5944
dinner,avbd,142,1.18333,1.84849e-15,5.96502,-0.248039,5.16678e-11,-0.0632107,-1.49484e-07,0.0000,0.5946
dinner,avbd,143,1.19167,1.66946e-15,5.96502,-0.248039,5.55275e-11,-0.0632107,-1.49241e-07,0.0000,0.5944
dinner,avbd,144,1.20000,1.49955e-15,5.96502,-0.248039,3.571e-11,-0.0632107,-1.49548e-07,0.0000,0.5945
dinner,avbd,145,1.20833,1.33875e-15,5.96502,-0.248039,1.38418e-11,-0.0632107,-1.49419e-07,0.0000,0.5945
dinner,avbd,146,1.21667,1.18707e-15,5.96502,-0.248039,3.78811e-12,-0.0632107,-1.49387e-07,0.0000,0.5946
dinner,avbd,147,1.22500,1.04451e-15,5.96502,-0.248039,1.01883e-12,-0.0632107,-1.49365e-07,0.0000,0.5945
dinner,avbd,148,1.23333,9.11065e-16,5.96502,-0.248039,6.3622e-12,-0.0632107,-1.49447e-07,0.0000,0.5946
dinner,avbd,149,1.24167,7.86736e-16,5.96502,-0.248039,2.61858e-11,-0.0632107,-1.49593e-07,0.0000,0.5946
dinner,avbd,150,1.25000,6.71524e-16,5.96502,-0.248039,4.82353e-11,-0.0632107,-1.49312e-07,0.0000,0.5945
dinner,avbd,151,1.25833,5.65428e-16,5.96502,-0.248039,5.93867e-11,-0.0632107,-1.49552e-07,0.0000,0.5944
dinner,avbd,152,1.26667,4.6845e-16,5.96502,-0.248039,4.15764e-11,-0.0632107,-1.49469e-07,0.0000,0.5944
dinner,avbd,153,1.27500,3.80588e-16,5.96502,-0.248039,8.30281e-12,-0.0632107,-1.49469e-07,0.0000,0.5945
dinner,avbd,154,1.28333,3.01843e-16,5.96502,-0.248039,3.26388e-12,-0.0632107,-1.49543e-07,0.0000,0.5947
dinner,avbd,155,1.29167,2.32214e-16,5.96502,-0.248039,6.17129e-13,-0.0632107,-1.49501e-07,0.0000,0.5943
dinner,avbd,156,1.30000,1.71703e-16,5.96502,-0.248039,3.55741e-12,-0.0632107,-1.49558e-07,0.0000,0.5944
dinner,avbd,157,1.30833,1.20308e-16,5.96502,-0.248039,1.28737e-11,-0.0632107,-1.49263e-07,0.0000,0.5946
dinner,avbd,158,1.31667,7.80301e-17,5.96502,-0.248039,3.27435e-11,-0.0632107,-1.49883e-07,0.0000,0.5945
dinner,avbd,159,1.32500,4.48689e-17,5.96502,-0.248039,4.884e-11,-0.0632107,-1.49666e-07,0.0000,0.5945
dinner,avbd,160,1.33333,2.08245e-17,5.96502,-0.248039,3.1692e-11,-0.0632107,-1.49498e-07,0.0000,0.5946
dinner,avbd,161,1.34167,5.89689e-18,5.96503,-0.248039,1.58953e-11,-0.0632107,-1.49763e-07,0.0000,0.5944
dinner,avbd,162,1.35000,8.60319e-20,5.96503,-0.248039,9.05368e-12,-0.0632107,-1.49598e-07,0.0000,0.5943
dinner,avbd,163,1.35833,3.39196e-18,5.96502,-0.248039,3.80597e-12,-0.0632107,-1.49554e-07,0.0000,0.5946
dinner,avbd,164,1.36667,1.58147e-17,5.96502,-0.248039,1.55685e-12,-0.0632107,-1.49876e-07,0.0000,0.5945
dinner,avbd,165,1.37500,3.73541e-17,5.96502,-0.248039,1.55961e-12,-0.0632107,-1.49865e-07,0.0000,0.5947
dinner,avbd,166,1.38333,6.80104e-17,5.96502,-0.248039,3.2283e-12,-0.0632107,-1.49797e-07,0.0000,0.5945
dinner,avbd,167,1.39167,1.07783e-16,5.96502,-0.248039,8.33795e-12,-0.0632107,-1.4923e-07,0.0000,0.5943
dinner,avbd,168,1.40000,1.56673e-16,5.96502,-0.248039,1.74575e-11,-0.0632107,-1.49248e-07,0.0000,0.5945
dinner,avbd,169,1.40833,2.1468e-16,5.96502,-0.248039,3.21937e-11,-0.0632107,-1.49745e-07,0.0000,0.5945
dinner,avbd,170,1.41667,2.81803e-16,5.96502,-0.248039,5.38693e-11,-0.0632107,-1.49802e-07,0.0000,0.5945
dinner,avbd,171,1.42500,3.58043e-16,5.96502,-0.248039,2.96346e-11,-0.0632107,-1.49873e-07,0.0000,0.5945
dinner,avbd,172,1.43333,4.434e-16,5.96503,-0.248039,1.06054e-11,-0.0632107,-1.49477e-07,0.0000,0.5944
dinner,avbd,173,1.44167,5.37874e-16,5.96502,-0.248039,4.77612e-12,-0.0632107,-1.49616e-07,0.0000,0.5945
dinner,avbd,174,1.45000,6.41465e-16,5.96502,-0.248039,1.41855e-12,-0.0632107,-1.49357e-07,0.0000,0.5946
dinner,avbd,175,1.45833,7.54172e-16,5.96502,-0.248039,1.44616e-12,-0.0632107,-1.49101e-07,0.0000,0.5947
dinner,avbd,176,1.46667,8.75996e-16,5.96502,-0.248039,2.56699e-12,-0.0632107,-1.49755e-07,0.0000,0.5945
dinner,avbd,177,1.47500,1.00694e-15,5.96502,-0.248039,4.23433e-12,-0.0632107,-1.49531e-07,0.0000,0.5944
dinner,avbd,178,1.48333,1.14699e-15,5.96502,-0.248039,1.8251e-11,-0.0632107,-1.49849e-07,0.0000,0.5945
dinner,avbd,179,1.49167,1.29617e-15,5.96502,-0.248039,3.54756e-11,-0.0632107,-1.49303e-07,0.0000,0.5946
dinner,avbd,180,1.50000,1.45446e-15,5.96502,-0.248039,2.24257e-11,-0.0632107,-1.49201e-07,0.0000,0.5943
dinner,avbd,181,1.50833,1.62187e-15,5.96502,-0.248039,8.21668e-12,-0.0632107,-1.49298e-07,0.0000,0.5946
dinner,avbd,182,1.51667,1.79839e-15,5.96502,-0.248039,9.75679e-13,-0.0632107,-1.49304e-07,0.0000,0.5945
dinner,avbd,183,1.52500,1.98403e-15,5.96502,-0.248039,4.32014e-12,-0.0632107,-1.49392e-07,0.0000,0.5945
dinner,avbd,184,1.53333,2.17879e-15,5.96502,-0.248039,2.31875e-11,-0.0632107,-1.49089e-07,0.0000,0.5946
dinner,avbd,185,1.54167,2.38267e-15,5.96502,-0.248039,3.0972e-11,-0.0632107,-1.4974e-07,0.0000,0.5947
dinner,avbd,186,1.55000,2.59566e-15,5.96502,-0.248039,1.84578e-11,-0.0632107,-1.494e-07,0.0000,0.5944
dinner,avbd,187,1.55833,2.81777e-15,5.96502,-0.248039,8.96813e-12,-0.0632107,-1.49639e-07,0.0000,0.5947
dinner,avbd,188,1.56667,3.04899e-15,5.96502,-0.248039,8.55448e-13,-0.0632107,-1.49414e-07,0.0000,0.5948
dinner,avbd,189,1.57500,3.28934e-15,5.96503,-0.248039,4.39744e-12,-0.0632107,-1.49483e-07,0.0000,0.5943
dinner,avbd,190,1.58333,3.53879e-15,5.96502,-0.248039,1.08267e-11,-0.0632107,-1.49736e-07,0.0000,0.5944
dinner,avbd,191,1.59167,3.79737e-15,5.96502,-0.248039,2.51677e-11,-0.0632107,-1.49952e-07,0.0000,0.5946
dinner,avbd,192,1.60000,4.06506e-15,5.96502,-0.248039,1.47635e-11,-0.0632107,-1.49656e-07,0.0000,0.5945
dinner,avbd,193,1.60833,4.34187e-15,5.96502,-0.248039,2.43223e-12,-0.0632107,-1.49401e-07,0.0000,0.5946
dinner,avbd,194,1.61667,4.6278e-15,5.96502,-0.248039,2.17738e-12,-0.0632107,-1.49583e-07,0.0000,0.5946
dinner,avbd,195,1.62500,4.92284e-15,5.96502,-0.248039,1.1613e-11,-0.0632107,-1.49772e-07,0.0000,0.5943
dinner,avbd,196,1.63333,5.227e-15,5.96502,-0.248039,1.67328e-11,-0.0632107,-1.49559e-07,0.0000,0.5943
dinner,avbd,197,1.64167,5.54028e-15,5.96502,-0.248039,1.37819e-11,-0.0632107,-1.49472e-07,0.0000,0.5947
dinner,avbd,198,1.65000,5.55959e-15,5.96502,-0.248039,1.03209e-11,-0.0632107,-1.49275e-07,0.0000,0.5946
dinner,avbd,199,1.65833,5.57893e-15,5.96502,-0.248039,5.96243e-12,-0.0632107,-1.49596e-07,0.0000,0.5946
dinner,avbd,200,1.66667,5.59831e-15,5.96502,-0.248039,1.32526e-12,-0.0632107,-1.49956e-07,0.0000,0.5946
dinner,avbd,201,1.67500,5.61772e-15,5.96503,-0.248039,4.99909e-12,-0.0632107,-1.49379e-07,0.0000,0.5944
dinner,avbd,202,1.68333,5.63716e-15,5.96502,-0.248039,9.22843e-12,-0.0632107,-1.49338e-07,0.0000,0.5945
dinner,avbd,203,1.69167,5.65664e-15,5.96502,-0.248039,1.03873e-11,-0.0632107,-1.49842e-07,0.0000,0.5947
dinner,avbd,204,1.70000,5.67615e-15,5.96502,-0.248039,1.07634e-11,-0.0632107,-1.49254e-07,0.0000,0.5945
dinner,avbd,205,1.70833,5.6957e-15,5.96502,-0.248039,1.16427e-11,-0.0632107,-1.49685e-07,0.0000,0.5945
dinner,avbd,206,1.71667,5.71528e-15,5.96502,-0.248039,6.00497e-12,-0.0632107,-1.49662e-07,0.0000,0.5945
dinner,avbd,207,1.72500,5.73489e-15,5.96503,-0.248039,2.09827e-12,-0.0632107,-1.49193e-07,0.0000,0.5943
dinner,avbd,208,1.73333,5.75454e-15,5.96502,-0.248039,1.15168e-12,-0.0632107,-1.49755e-07,0.0000,0.5945
dinner,avbd,209,1.74167,5.77422e-15,5.96502,-0.248039,1.22126e-12,-0.0632107,-1.49943e-07,0.0000,0.5946
dinner,avbd,210,1.75000,5.79393e-15,5.96502,-0.248039,4.73834e-12,-0.0632107,-1.49649e-07,0.0000,0.5945
dinner,avbd,211,1.75833,5.81368e-15,5.96503,-0.248039,9.40902e-12,-0.0632107,-1.49821e-07,0.0000,0.5944
dinner,avbd,212,1.76667,5.83346e-15,5.96502,-0.248039,8.83427e-12,-0.0632107,-1.49596e-07,0.0000,0.5944
dinner,avbd,213,1.77500,5.85327e-15,5.96502,-0.248039,8.10602e-12,-0.0632107,-1.49441e-07,0.0000,0.5946
dinner,avbd,214,1.78333,5.87312e-15,5.96502,-0.248039,7.80915e-12,-0.0632107,-1.49719e-07,0.0000,0.5947
dinner,avbd,215,1.79167,5.893e-15,5.96502,-0.248039,7.52761e-12,-0.0632107,-1.49535e-07,0.0000,0.5945
dinner,avbd,216,1.80000,5.91292e-15,5.96502,-0.248039,2.63519e-12,-0.0632107,-1.49315e-07,0.0000,0.5943
dinner,avbd,217,1.80833,5.93287e-15,5.96502,-0.248039,7.46828e-12,-0.0632107,-1.49716e-07,0.0000,0.5945
dinner,avbd,218,1.81667,5.95285e-15,5.96502,-0.248039,2.53524e-12,-0.0632107,-1.4962e-07,0.0000,0.5945
dinner,avbd,219,1.82500,5.97286e-15,5.96502,-0.248039,3.92735e-12,-0.0632107,-1.49597e-07,0.0000,0.5946
dinner,xpbd,0,0.00000,2.16531,0.107432,0.0587501,0.00192978,0.0144802,-1.46256e-09,0.0000,0.5848
dinner,xpbd,1,0.00833,2.67322,0.08141,0.0736416,0.000668355,0.0185966,-1.42996e-09,0.0000,0.5711
dinner,xpbd,2,0.01667,3.2346,0.188567,-0.00197338,0.000160856,-0.000543892,-1.51451e-09,0.0000,0.6056
dinner,xpbd,3,0.02500,3.84944,0.0705741,0.075201,0.00171611,0.018727,-1.4775e-09,0.0000,0.5907
dinner,xpbd,4,0.03333,4.51775,0.0957571,0.0556119,0.00149594,0.013791,-1.4163e-09,0.0000,0.5657
dinner,xpbd,5,0.04167,5.23952,0.165868,0.00531727,5.47804e-05,0.0013411,-1.54452e-09,0.0000,0.6175
dinner,xpbd,6,0.05000,6.01476,0.0485886,0.0827649,0.000772341,0.0208952,-1.43846e-09,0.0000,0.5749
dinner,xpbd,7,0.05833,6.84346,0.109135,0.0390316,0.00160941,0.00953674,-1.44368e-09,0.0000,0.5769
dinner,xpbd,8,0.06667,7.72562,0.13838,0.0170748,0.000454117,0.00423566,-1.54301e-09,0.0000,0.6169
dinner,xpbd,9,0.07500,8.66125,0.0353346,0.0850265,0.000168777,0.0216253,-1.40975e-09,0.0000,0.5632
dinner,xpbd,10,0.08333,9.65034,0.12154,0.0240507,0.00129042,0.00580028,-1.48921e-09,0.0000,0.5953
dinner,xpbd,11,0.09167,10.6929,0.106357,0.0325311,0.00091227,0.0080578,-1.50334e-09,0.0000,0.6012
dinner,xpbd,12,0.10000,11.7889,0.0325192,0.0809707,1.33995e-06,0.0206344,-1.43038e-09,0.0000,0.5714
dinner,xpbd,13,0.10833,12.9384,0.128436,0.0136853,0.000806762,0.00328198,-1.48143e-09,0.0000,0.5923
dinner,xpbd,14,0.11667,14.1414,0.0741331,0.0487421,0.00129192,0.0120923,-1.51333e-09,0.0000,0.6051
dinner,xpbd,15,0.12500,15.3978,0.0385742,0.0714346,0.000273997,0.0181347,-1.4044e-09,0.0000,0.5609
dinner,xpbd,16,0.13333,16.7077,0.12622,0.00993392,0.000198305,0.00248104,-1.52604e-09,0.0000,0.6102
dinner,xpbd,17,0.14167,18.071,0.0484457,0.0613208,0.00103605,0.0153631,-1.46607e-09,0.0000,0.5861
dinner,xpbd,18,0.15000,19.4878,0.0484978,0.0597749,0.000601033,0.01508,-1.43555e-09,0.0000,0.5735
dinner,xpbd,19,0.15833,20.9581,0.117578,0.0113771,4.26859e-06,0.00289828,-1.51729e-09,0.0000,0.6067
dinner,xpbd,20,0.16667,22.4818,0.0276984,0.0709727,0.000703761,0.0179075,-1.45725e-09,0.0000,0.5825
dinner,xpbd,21,0.17500,24.059,0.0621794,0.046156,0.000913178,0.0115298,-1.44571e-09,0.0000,0.5777
dinner,xpbd,22,0.18333,25.6897,0.100288,0.0189181,0.000119302,0.00479072,-1.51979e-09,0.0000,0.6077
dinner,xpbd,23,0.19167,27.3738,0.0164103,0.0747614,0.000253248,0.0189878,-1.4431e-09,0.0000,0.5767
dinner,xpbd,24,0.20000,29.1114,0.0742401,0.0340484,0.000880111,0.00845268,-1.45919e-09,0.0000,0.5832
dinner,xpbd,25,0.20833,30.9025,0.0792753,0.0295078,0.000417944,0.00741333,-1.52004e-09,0.0000,0.6078
dinner,xpbd,26,0.21667,32.747,0.0125113,0.0738798,1.48718e-05,0.0188239,-1.4236e-09,0.0000,0.5688
dinner,xpbd,27,0.22500,34.645,0.0830512,0.024598,0.000580541,0.00612065,-1.49087e-09,0.0000,0.5960
dinner,xpbd,28,0.23333,36.5965,0.0570927,0.0412897,0.00062232,0.0103638,-1.49263e-09,0.0000,0.5968
dinner,xpbd,29,0.24167,38.6014,0.0151536,0.0688924,4.14397e-05,0.0175461,-1.43596e-09,0.0000,0.5737
dinner,xpbd,30,0.25000,0.166997,1497.44,-0.265267,1.35133,-0.411976,0.000311104,0.0000,0.0000
dinner,xpbd,31,0.25833,0.811335,1033.85,20.1674,18.4345,0.441603,1.97542e-10,0.0000,0.0126
dinner,xpbd,32,0.26667,0.543525,1018.69,19.8332,9.96922,2.51377,0.0009262,0.0000,0.0000
dinner,xpbd,33,0.27500,0.329179,994.08,19.4991,4.17712,3.90468,0.00212306,0.0000,0.0000
dinner,xpbd,34,0.28333,0.168298,962.412,19.1649,1.05825,4.61434,0.000653867,0.0000,0.0000
dinner,xpbd,35,0.29167,0.0608814,945.96,18.8308,0.612605,4.64275,6.60161e-05,0.0000,0.0000
dinner,xpbd,36,0.30000,0.00692915,928.966,18.4966,2.84018,3.98992,-1.6516e-08,0.0000,6.2174
dinner,xpbd,37,0.30833,0.00644145,886.931,18.2562,5.31291,3.2985,0.00013898,0.0000,0.0000
dinner,xpbd,38,0.31667,0.0594182,865.919,17.922,9.05927,2.25859,0.00152143,0.0000,0.0000
dinner,xpbd,39,0.32500,0.16586,845.348,7.92129,5.18238,0.697989,0.00143449,0.0000,0.0000
dinner,xpbd,40,0.33333,0.325765,790.91,7.99803,3.17883,1.22814,-2.03725e-09,0.0000,0.4074
dinner,xpbd,41,0.34167,0.539136,768.152,7.66387,0.491518,1.82782,-8.70293e-10,0.0000,0.1740
dinner,xpbd,42,0.35000,0.35849,636.432,7.32972,0.47743,1.74625,-3.29476e-09,0.0000,1.5123
dinner,xpbd,43,0.35833,0.178029,304.029,6.50626,1.66464,1.23385,0.000568848,0.0000,0.0000
dinner,xpbd,44,0.36667,0.0667895,296.124,6.1721,5.68685,0.123661,0.0011616,0.0000,0.0000
dinner,xpbd,45,0.37500,0.00901416,264.498,5.83658,4.33499,0.382669,3.29975e-06,0.0000,0.0000
dinner,xpbd,46,0.38333,0.00470327,260.371,5.50243,0.904341,1.17179,7.61905e-05,0.0000,0.0000
dinner,xpbd,47,0.39167,0.0538569,255.109,5.16827,0.146919,1.27965,-8.07476e-09,0.0000,3.1803
dinner,xpbd,48,0.40000,0.156475,244.135,4.73232,1.31639,0.870522,3.38908e-05,0.0000,0.0000
dinner,xpbd,49,0.40833,0.312558,240.044,3.36649,2.99345,0.0950657,0.000471227,0.0000,0.0000
dinner,xpbd,50,0.41667,0.03475,271.465,-1.10765,0.721171,-0.46606,6.0232e-05,0.0000,0.0000
dinner,xpbd,51,0.42500,0.105113,198.256,4.32946,2.2107,0.539951,-9.44834e-11,0.0000,0.0189
dinner,xpbd,52,0.43333,0.0258281,193.982,3.99532,0.167838,0.975404,0.000351097,0.0000,0.0000
dinner,xpbd,53,0.44167,7.89736e-06,190.785,3.66116,0.798205,0.729602,-9.14558e-09,0.0000,3.3859
dinner,xpbd,54,0.45000,0.0276522,181.211,1.94326,0.0397473,0.485096,7.33765e-05,0.0000,0.0000
dinner,xpbd,55,0.45833,0.108761,176.191,1.60911,0.915817,0.176679,0.000356773,0.0000,0.0000
dinner,xpbd,56,0.46667,0.0572611,89.0959,0.868767,1.32814,-0.117067,-7.28459e-09,0.0000,2.9735
dinner,xpbd,57,0.47500,0.0204755,77.2539,1.84437,0.253297,0.405472,9.09969e-06,0.0000,0.0000
dinner,xpbd,58,0.48333,0.000416524,75.2712,1.51023,0.488658,0.260338,-1.43301e-09,0.0000,0.3767
dinner,xpbd,59,0.49167,0.033822,67.702,1.35919,1.22392,0.0344738,-2.11219e-09,0.0000,0.8324
dinner,xpbd,60,0.50000,4.57107e-05,41.3975,1.36924,0.0288421,0.34159,7.49032e-06,0.0000,0.0000
dinner,xpbd,61,0.50833,0.0245734,40.7579,0.764448,0.723079,0.0105426,-2.25341e-09,0.0000,0.8862
dinner,xpbd,62,0.51667,0.010133,14.3447,0.555899,0.291956,0.0672638,-1.87842e-09,0.0000,0.7684
dinner,xpbd,63,0.52500,0.00207013,13.3186,0.418022,0.143071,0.070069,-3.54613e-10,0.0000,0.1123
dinner,xpbd,64,0.53333,0.00114537,18.0994,-0.501064,0.0136079,-0.13116,-2.32681e-09,0.0000,0.9925
dinner,xpbd,65,0.54167,0.00786652,8.87719,0.277221,0.150848,0.0322051,-1.00429e-09,0.0000,0.4329
dinner,xpbd,66,0.55000,0.00207725,7.74139,0.322802,0.0381596,0.0725389,-1.32425e-09,0.0000,0.5245
dinner,xpbd,67,0.55833,0.00108531,13.2882,-0.401237,0.0418209,-0.11291,-1.46463e-09,0.0000,0.6312
dinner,xpbd,68,0.56667,0.004853,6.79421,0.21416,0.146025,0.0173636,-1.79212e-09,0.0000,0.7451
dinner,xpbd,69,0.57500,0.000809112,5.16396,0.285847,0.0288764,0.0654869,-8.14668e-10,0.0000,0.3289
dinner,xpbd,70,0.58333,0.00157012,9.80794,-0.319084,0.029659,-0.0888743,-1.81362e-09,0.0000,0.7626
dinner,xpbd,71,0.59167,0.00376254,5.14384,0.0796207,0.083056,-0.000875443,-1.49845e-09,0.0000,0.6314
dinner,xpbd,72,0.60000,0.000381328,3.32938,0.255932,0.00755691,0.0632964,-9.7621e-10,0.0000,0.3959
dinner,xpbd,73,0.60833,0.00142155,7.2128,-0.253886,0.0357408,-0.0738092,-1.65943e-09,0.0000,0.6970
dinner,xpbd,74,0.61667,0.00247972,4.11772,0.0193565,0.0589129,-0.0100806,-1.47366e-09,0.0000,0.6234
dinner,xpbd,75,0.62500,0.000102323,2.07514,0.220567,0.00199779,0.0557005,-1.23449e-09,0.0000,0.5008
dinner,xpbd,76,0.63333,0.0012202,5.30162,-0.193957,0.0340113,-0.0580959,-1.39428e-09,0.0000,0.5901
dinner,xpbd,77,0.64167,0.00154442,3.38109,-0.0270032,0.0423594,-0.0176765,-1.75915e-09,0.0000,0.7358
dinner,xpbd,78,0.65000,1.23702e-06,1.25046,0.191048,0.000487268,0.0485629,-9.78048e-10,0.0000,0.4038
dinner,xpbd,79,0.65833,0.00117504,3.88549,-0.150714,0.0239861,-0.0445209,-1.65929e-09,0.0000,0.6907
dinner,xpbd,80,0.66667,0.00107963,2.79497,-0.0711585,0.021359,-0.0235774,-1.44378e-09,0.0000,0.6119
dinner,xpbd,81,0.67500,1.66923e-06,0.707756,0.167604,0.000476168,0.0425912,-1.3435e-09,0.0000,0.5495
dinner,xpbd,82,0.68333,0.000863557,2.86633,-0.112826,0.0250364,-0.0351332,-1.33018e-09,0.0000,0.5589
dinner,xpbd,83,0.69167,0.000532038,2.44972,-0.0824346,0.0163249,-0.0251681,-1.6483e-09,0.0000,0.6909
dinner,xpbd,84,0.70000,4.08591e-05,0.377937,0.135038,0.000522835,0.0342801,-1.14262e-09,0.0000,0.4727
dinner,xpbd,85,0.70833,0.000771128,2.1,-0.0827952,0.0162274,-0.0252351,-1.46557e-09,0.0000,0.6100
dinner,xpbd,86,0.71667,0.000335534,2.08999,-0.101591,0.0071674,-0.0277162,-1.52878e-09,0.0000,0.6433
dinner,xpbd,87,0.72500,6.08782e-05,0.191897,0.114239,0.00186992,0.0286363,-1.28421e-09,0.0000,0.5307
dinner,xpbd,88,0.73333,0.000536468,1.54337,-0.0612879,0.013688,-0.019107,-1.4056e-09,0.0000,0.5855
dinner,xpbd,89,0.74167,0.000171416,1.82796,-0.10228,0.00425624,-0.0271499,-1.52657e-09,0.0000,0.6420
dinner,xpbd,90,0.75000,9.27175e-05,0.0978067,0.0889405,0.00227017,0.0220872,-1.33394e-09,0.0000,0.5523
dinner,xpbd,91,0.75833,0.000385082,1.13862,-0.0423706,0.00991812,-0.0133254,-1.35072e-09,0.0000,0.5635
dinner,xpbd,92,0.76667,7.60406e-05,1.60734,-0.102463,0.00207064,-0.0266396,-1.58894e-09,0.0000,0.6656
dinner,xpbd,93,0.77500,0.000109269,0.0746114,0.0675927,0.00226471,0.0166483,-1.28846e-09,0.0000,0.5362
dinner,xpbd,94,0.78333,0.000290596,0.843458,-0.0291714,0.00639427,-0.00906363,-1.41446e-09,0.0000,0.5877
dinner,xpbd,95,0.79167,3.45021e-05,1.41255,-0.0996197,0.000616156,-0.0255443,-1.45971e-09,0.0000,0.6139
dinner,xpbd,96,0.80000,9.51582e-05,0.0920424,0.0502641,0.00278469,0.0120997,-1.39422e-09,0.0000,0.5789
dinner,xpbd,97,0.80833,0.000181765,0.630461,-0.0198938,0.0050446,-0.00635535,-1.32872e-09,0.0000,0.5538
dinner,xpbd,98,0.81667,7.22339e-06,1.25308,-0.0922117,0.000291203,-0.0235736,-1.53706e-09,0.0000,0.6433
dinner,xpbd,99,0.82500,0.000100955,0.124299,0.0316836,0.00209673,0.00753999,-1.34948e-09,0.0000,0.5624
dinner,xpbd,100,0.83333,0.000127539,0.482672,-0.0120752,0.00280593,-0.00379235,-1.38676e-09,0.0000,0.5764
dinner,xpbd,101,0.84167,1.56242e-06,1.10528,-0.0866267,1.43989e-05,-0.0220798,-1.46767e-09,0.0000,0.6152
dinner,xpbd,102,0.85000,8.04731e-05,0.175489,0.0191141,0.00212795,0.00432879,-1.39631e-09,0.0000,0.5815
dinner,xpbd,103,0.85833,7.69187e-05,0.378476,-0.00839899,0.00197982,-0.00264496,-1.36658e-09,0.0000,0.5684
dinner,xpbd,104,0.86667,3.12758e-07,0.985264,-0.0782475,2.88278e-06,-0.0199415,-1.47286e-09,0.0000,0.6163
dinner,xpbd,105,0.87500,6.66227e-05,0.224795,0.00629849,0.00164995,0.00118464,-1.39978e-09,0.0000,0.5834
dinner,xpbd,106,0.88333,4.77689e-05,0.310892,-0.00519438,0.00113523,-0.00161305,-1.35132e-09,0.0000,0.5625
dinner,xpbd,107,0.89167,2.51132e-06,0.876495,-0.0711591,4.54094e-05,-0.0181459,-1.46659e-09,0.0000,0.6131
dinner,xpbd,108,0.90000,5.42271e-05,0.270705,-0.00338672,0.00127644,-0.00118837,-1.39242e-09,0.0000,0.5811
dinner,xpbd,109,0.90833,2.72079e-05,0.267171,-0.00413567,0.000615195,-0.00121072,-1.38559e-09,0.0000,0.5763
dinner,xpbd,110,0.91667,3.87278e-06,0.781962,-0.0641936,0.000125737,-0.0163913,-1.44002e-09,0.0000,0.6023
dinner,xpbd,111,0.92500,4.11475e-05,0.311749,-0.0109856,0.00105962,-0.00306964,-1.4291e-09,0.0000,0.5960
dinner,xpbd,112,0.93333,1.22565e-05,0.241937,-0.00427166,0.000362255,-0.00118092,-1.36076e-09,0.0000,0.5669
dinner,xpbd,113,0.94167,6.2146e-06,0.702606,-0.057287,0.000132681,-0.0146329,-1.45279e-09,0.0000,0.6069
dinner,xpbd,114,0.95000,3.19857e-05,0.345027,-0.0177645,0.000698059,-0.00470504,-1.41209e-09,0.0000,0.5896
dinner,xpbd,115,0.95833,6.78049e-06,0.232672,-0.00467804,0.000145912,-0.00122935,-1.38967e-09,0.0000,0.5784
dinner,xpbd,116,0.96667,6.93475e-06,0.635517,-0.051804,0.000192316,-0.0132509,-1.42759e-09,0.0000,0.5964
dinner,xpbd,117,0.97500,2.06695e-05,0.375888,-0.0220829,0.000545845,-0.00576675,-1.42229e-09,0.0000,0.5936
dinner,xpbd,118,0.98333,2.69906e-06,0.23227,-0.0063327,6.99996e-05,-0.00163168,-1.37625e-09,0.0000,0.5733
dinner,xpbd,119,0.99167,7.79102e-06,0.57979,-0.0462975,0.000173289,-0.0118427,-1.42551e-09,0.0000,0.5952
dinner,xpbd,120,1.00000,1.44497e-05,0.396438,-0.0260065,0.000349803,-0.0067167,-1.42251e-09,0.0000,0.5938
dinner,xpbd,121,1.00833,8.74046e-07,0.238359,-0.00785888,2.02419e-05,-0.00200793,-1.38656e-09,0.0000,0.5776
dinner,xpbd,122,1.01667,6.96124e-06,0.531475,-0.0419759,0.000167869,-0.01074,-1.42575e-09,0.0000,0.5950
dinner,xpbd,123,1.02500,9.81042e-06,0.410998,-0.0284315,0.000234451,-0.00730529,-1.41898e-09,0.0000,0.5925
dinner,xpbd,124,1.03333,1.31268e-07,0.247939,-0.00982084,2.48214e-06,-0.0025034,-1.39288e-09,0.0000,0.5803
dinner,xpbd,125,1.04167,5.94175e-06,0.492005,-0.0381465,0.000152772,-0.00976026,-1.41477e-09,0.0000,0.5905
dinner,xpbd,126,1.05000,5.92476e-06,0.42149,-0.0301503,0.000152894,-0.00772253,-1.42882e-09,0.0000,0.5963
dinner,xpbd,127,1.05833,4.02285e-09,0.260952,-0.0118845,6.72223e-09,-0.00302866,-1.3905e-09,0.0000,0.5796
dinner,xpbd,128,1.06667,5.28727e-06,0.460655,-0.0348623,0.000118696,-0.00891462,-1.41724e-09,0.0000,0.5913
dinner,xpbd,129,1.07500,3.7309e-06,0.427047,-0.0313133,8.62709e-05,-0.00800192,-1.41768e-09,0.0000,0.5920
dinner,xpbd,130,1.08333,9.99355e-08,0.27486,-0.0137373,3.68834e-06,-0.00350177,-1.3983e-09,0.0000,0.5829
dinner,xpbd,131,1.09167,3.92772e-06,0.434132,-0.0323782,0.000103128,-0.0082776,-1.41006e-09,0.0000,0.5884
dinner,xpbd,132,1.10000,2.11495e-06,0.429076,-0.0317705,5.29287e-05,-0.00810996,-1.42567e-09,0.0000,0.5951
dinner,xpbd,133,1.10833,3.44083e-07,0.288093,-0.0157666,6.25029e-06,-0.00401959,-1.40086e-09,0.0000,0.5841
dinner,xpbd,134,1.11667,3.00898e-06,0.413443,-0.0301564,7.3698e-05,-0.0077039,-1.41182e-09,0.0000,0.5890
dinner,xpbd,135,1.12500,1.2081e-06,0.428333,-0.0320303,2.70455e-05,-0.00816956,-1.4204e-09,0.0000,0.5929
dinner,xpbd,136,1.13333,4.49378e-07,0.301926,-0.0174431,1.08814e-05,-0.004448,-1.40249e-09,0.0000,0.5848
dinner,xpbd,137,1.14167,2.29854e-06,0.39775,-0.0285656,5.65611e-05,-0.00729412,-1.41045e-09,0.0000,0.5883
dinner,xpbd,138,1.15000,5.18135e-07,0.426857,-0.0318982,1.29491e-05,-0.00813231,-1.4196e-09,0.0000,0.5925
dinner,xpbd,139,1.15833,4.62295e-07,0.31507,-0.0190787,1.24964e-05,-0.00486523,-1.40499e-09,0.0000,0.5859
dinner,xpbd,140,1.16667,1.71156e-06,0.385841,-0.0272661,4.03562e-05,-0.00695884,-1.40599e-09,0.0000,0.5865
dinner,xpbd,141,1.17500,1.94923e-07,0.423318,-0.0315983,5.9432e-06,-0.00805408,-1.41819e-09,0.0000,0.5919
dinner,xpbd,142,1.18333,5.08881e-07,0.326226,-0.0205113,1.24702e-05,-0.00523031,-1.40413e-09,0.0000,0.5856
dinner,xpbd,143,1.19167,1.16938e-06,0.376415,-0.0263,2.70831e-05,-0.00670925,-1.40939e-09,0.0000,0.5878
dinner,xpbd,144,1.20000,8.13603e-08,0.418368,-0.0312079,1.6355e-06,-0.00795349,-1.41767e-09,0.0000,0.5916
dinner,xpbd,145,1.20833,5.11282e-07,0.335967,-0.0217096,1.27735e-05,-0.00553578,-1.40908e-09,0.0000,0.5877
dinner,xpbd,146,1.21667,7.04059e-07,0.36945,-0.0256361,1.85518e-05,-0.00653788,-1.40669e-09,0.0000,0.5868
dinner,xpbd,147,1.22500,1.7468e-08,0.413402,-0.0306536,4.45572e-07,-0.00781193,-1.41725e-09,0.0000,0.5914
dinner,xpbd,148,1.23333,4.72714e-07,0.344607,-0.0228082,1.05938e-05,-0.00581518,-1.40883e-09,0.0000,0.5877
dinner,xpbd,149,1.24167,4.74005e-07,0.365154,-0.0251461,1.15445e-05,-0.00641122,-1.4086e-09,0.0000,0.5875
dinner,xpbd,150,1.25000,5.37742e-11,0.408517,-0.0301716,6.164e-09,-0.007689,-1.41578e-09,0.0000,0.5908
dinner,xpbd,151,1.25833,3.72288e-07,0.352192,-0.0236719,9.32938e-06,-0.00603497,-1.40958e-09,0.0000,0.5880
dinner,xpbd,152,1.26667,2.90913e-07,0.362263,-0.0248582,7.0708e-06,-0.00633672,-1.40695e-09,0.0000,0.5869
dinner,xpbd,153,1.27500,6.42005e-09,0.40357,-0.029616,1.44823e-07,-0.00754744,-1.41396e-09,0.0000,0.5900
dinner,xpbd,154,1.28333,3.04753e-07,0.358192,-0.0244194,7.36773e-06,-0.00622496,-1.41079e-09,0.0000,0.5885
dinner,xpbd,155,1.29167,1.63254e-07,0.360549,-0.0247003,4.17756e-06,-0.00629574,-1.40838e-09,0.0000,0.5874
dinner,xpbd,156,1.30000,1.73164e-08,0.39877,-0.0291041,4.39013e-07,-0.00741705,-1.4148e-09,0.0000,0.5903
dinner,xpbd,157,1.30833,2.4182e-07,0.363098,-0.0250204,5.70396e-06,-0.0063777,-1.41061e-09,0.0000,0.5885
dinner,xpbd,158,1.31667,9.03248e-08,0.3599,-0.0246439,2.10908e-06,-0.00628084,-1.40824e-09,0.0000,0.5874
dinner,xpbd,159,1.32500,2.93244e-08,0.394489,-0.0286214,7.31308e-07,-0.00729412,-1.41283e-09,0.0000,0.5895
dinner,xpbd,160,1.33333,1.65747e-07,0.367215,-0.0254896,4.29773e-06,-0.00649691,-1.41161e-09,0.0000,0.5889
dinner,xpbd,161,1.34167,4.89302e-08,0.36006,-0.0246741,1.16087e-06,-0.00628829,-1.40821e-09,0.0000,0.5874
dinner,xpbd,162,1.35000,4.11599e-08,0.390662,-0.0281827,8.47538e-07,-0.00718236,-1.41274e-09,0.0000,0.5894
dinner,xpbd,163,1.35833,1.20256e-07,0.370238,-0.0258563,3.02477e-06,-0.00659004,-1.41081e-09,0.0000,0.5886
dinner,xpbd,164,1.36667,2.1172e-08,0.360523,-0.0247333,4.49448e-07,-0.00630319,-1.40832e-09,0.0000,0.5874
dinner,xpbd,165,1.37500,3.7168e-08,0.386986,-0.0278026,9.4896e-07,-0.0070855,-1.41205e-09,0.0000,0.5891
dinner,xpbd,166,1.38333,8.9693e-08,0.372368,-0.0261203,2.11496e-06,-0.00665709,-1.41222e-09,0.0000,0.5892
dinner,xpbd,167,1.39167,5.24751e-09,0.361204,-0.0248505,1.78497e-07,-0.00633299,-1.40958e-09,0.0000,0.5880
dinner,xpbd,168,1.40000,3.23235e-08,0.383822,-0.0274518,8.80257e-07,-0.0069961,-1.41211e-09,0.0000,0.5891
dinner,xpbd,169,1.40833,6.35863e-08,0.37395,-0.0263257,1.43726e-06,-0.00670925,-1.41186e-09,0.0000,0.5890
dinner,xpbd,170,1.41667,9.34001e-10,0.362298,-0.0249822,3.42154e-08,-0.00636652,-1.40927e-09,0.0000,0.5879
dinner,xpbd,171,1.42500,3.17647e-08,0.381305,-0.0271595,8.02845e-07,-0.00692159,-1.41167e-09,0.0000,0.5889
dinner,xpbd,172,1.43333,3.69825e-08,0.375229,-0.0264578,8.83745e-07,-0.00674278,-1.41187e-09,0.0000,0.5890
dinner,xpbd,173,1.44167,1.13379e-10,0.363602,-0.0251284,1.4179e-09,-0.00640377,-1.40976e-09,0.0000,0.5881
dinner,xpbd,174,1.45000,2.952e-08,0.379198,-0.0269111,6.89202e-07,-0.00685826,-1.41095e-09,0.0000,0.5886
dinner,xpbd,175,1.45833,2.12113e-08,0.375985,-0.0265458,5.73588e-07,-0.00676513,-1.41145e-09,0.0000,0.5889
dinner,xpbd,176,1.46667,2.16081e-10,0.364772,-0.02526,7.48539e-09,-0.0064373,-1.4095e-09,0.0000,0.5880
dinner,xpbd,177,1.47500,2.35092e-08,0.377335,-0.0267066,5.49737e-07,-0.00680611,-1.41121e-09,0.0000,0.5887
dinner,xpbd,178,1.48333,1.33741e-08,0.376299,-0.0266045,3.14094e-07,-0.00678003,-1.41189e-09,0.0000,0.5890
dinner,xpbd,179,1.49167,1.19231e-09,0.365879,-0.0254061,2.95349e-08,-0.00647455,-1.41026e-09,0.0000,0.5883
dinner,xpbd,180,1.50000,1.71002e-08,0.375804,-0.0265459,4.29548e-07,-0.00676513,-1.41087e-09,0.0000,0.5886
dinner,xpbd,181,1.50833,7.45606e-09,0.376427,-0.0266193,1.86077e-07,-0.00678375,-1.41159e-09,0.0000,0.5889
dinner,xpbd,182,1.51667,1.98834e-09,0.366987,-0.0255377,4.71491e-08,-0.00650808,-1.41017e-09,0.0000,0.5883
dinner,xpbd,183,1.52500,1.35436e-08,0.374668,-0.0264145,3.26646e-07,-0.0067316,-1.41088e-09,0.0000,0.5886
dinner,xpbd,184,1.53333,3.49688e-09,0.376409,-0.0266194,8.61338e-08,-0.00678375,-1.41168e-09,0.0000,0.5889
dinner,xpbd,185,1.54167,2.39064e-09,0.368006,-0.0256546,6.02677e-08,-0.00653788,-1.41036e-09,0.0000,0.5884
dinner,xpbd,186,1.55000,9.5114e-09,0.373726,-0.0263122,2.30569e-07,-0.00670552,-1.41059e-09,0.0000,0.5885
dinner,xpbd,187,1.55833,1.80648e-09,0.376185,-0.0266048,4.12795e-08,-0.00678003,-1.41135e-09,0.0000,0.5888
dinner,xpbd,188,1.56667,3.01828e-09,0.368851,-0.0257569,6.6281e-08,-0.00656396,-1.41062e-09,0.0000,0.5885
dinner,xpbd,189,1.57500,6.03774e-09,0.372977,-0.0262392,1.66752e-07,-0.0066869,-1.4109e-09,0.0000,0.5886
dinner,xpbd,190,1.58333,8.11664e-10,0.375886,-0.0265756,1.4589e-08,-0.00677258,-1.41167e-09,0.0000,0.5889
dinner,xpbd,191,1.59167,3.04259e-09,0.369629,-0.0258592,6.45743e-08,-0.00659004,-1.41072e-09,0.0000,0.5885
dinner,xpbd,192,1.60000,4.22455e-09,0.372481,-0.0261808,1.0583e-07,-0.00667199,-1.41068e-09,0.0000,0.5885
dinner,xpbd,193,1.60833,1.63083e-10,0.375607,-0.0265317,3.88711e-09,-0.0067614,-1.41124e-09,0.0000,0.5888
dinner,xpbd,194,1.61667,2.23221e-09,0.370367,-0.0259323,5.87895e-08,-0.00660866,-1.41072e-09,0.0000,0.5885
dinner,xpbd,195,1.62500,3.22599e-09,0.37217,-0.026137,7.34853e-08,-0.00666082,-1.41067e-09,0.0000,0.5885
dinner,xpbd,196,1.63333,3.43403e-13,0.375299,-0.0265025,1.87645e-10,-0.00675395,-1.41125e-09,0.0000,0.5887
dinner,xpbd,197,1.64167,1.81672e-09,0.370944,-0.0260054,5.02593e-08,-0.00662729,-1.41067e-09,0.0000,0.5885
dinner,xpbd,198,1.65000,1.96634e-09,0.371908,-0.0261224,4.27845e-08,-0.00665709,-1.41053e-09,0.0000,0.5884
dinner,xpbd,199,1.65833,1.84059e-11,0.374906,-0.0264587,3.45036e-10,-0.00674278,-1.41115e-09,0.0000,0.5887
dinner,xpbd,200,1.66667,1.73952e-09,0.371372,-0.0260639,4.07876e-08,-0.00664219,-1.41092e-09,0.0000,0.5886
dinner,xpbd,201,1.67500,9.59754e-10,0.371715,-0.0261078,2.6561e-08,-0.00665337,-1.41081e-09,0.0000,0.5885
dinner,xpbd,202,1.68333,3.90254e-11,0.374529,-0.0264294,1.74474e-09,-0.00673532,-1.41124e-09,0.0000,0.5887
dinner,xpbd,203,1.69167,1.49565e-09,0.371736,-0.0261078,3.31753e-08,-0.00665337,-1.41092e-09,0.0000,0.5886
dinner,xpbd,204,1.70000,4.99929e-10,0.37164,-0.0260932,1.3923e-08,-0.00664964,-1.41067e-09,0.0000,0.5885
dinner,xpbd,205,1.70833,1.0836e-10,0.374219,-0.0263856,3.18996e-09,-0.00672415,-1.4111e-09,0.0000,0.5887
dinner,xpbd,206,1.71667,1.02672e-09,0.372061,-0.026137,2.36301e-08,-0.00666082,-1.41097e-09,0.0000,0.5886
dinner,xpbd,207,1.72500,3.05892e-10,0.37164,-0.0260932,7.80435e-09,-0.00664964,-1.41078e-09,0.0000,0.5885
dinner,xpbd,208,1.73333,1.74101e-10,0.373931,-0.0263563,4.40843e-09,-0.0067167,-1.41103e-09,0.0000,0.5887
dinner,xpbd,209,1.74167,7.34947e-10,0.372295,-0.0261663,1.81836e-08,-0.00666827,-1.41089e-09,0.0000,0.5886
dinner,xpbd,210,1.75000,1.26922e-10,0.371649,-0.0260932,3.29135e-09,-0.00664964,-1.4107e-09,0.0000,0.5885
dinner,xpbd,211,1.75833,1.76279e-10,0.37365,-0.0263271,4.67288e-09,-0.00670925,-1.41104e-09,0.0000,0.5887
dinner,xpbd,212,1.76667,5.44745e-10,0.37246,-0.0261955,1.21151e-08,-0.00667572,-1.41103e-09,0.0000,0.5886
dinner,xpbd,213,1.77500,4.56618e-11,0.371692,-0.0261078,1.36639e-09,-0.00665337,-1.41084e-09,0.0000,0.5886
dinner,xpbd,214,1.78333,1.8212e-10,0.373415,-0.0262978,4.65027e-09,-0.0067018,-1.411e-09,0.0000,0.5886
dinner,xpbd,215,1.79167,3.42902e-10,0.372596,-0.0262101,8.75025e-09,-0.00667945,-1.41093e-09,0.0000,0.5886
dinner,xpbd,216,1.80000,1.94301e-11,0.37177,-0.0261078,3.58604e-10,-0.00665337,-1.41074e-09,0.0000,0.5885
dinner,xpbd,217,1.80833,2.02731e-10,0.373223,-0.0262832,4.41954e-09,-0.00669807,-1.41094e-09,0.0000,0.5886
dinner,xpbd,218,1.81667,1.95687e-10,0.372691,-0.0262248,5.27047e-09,-0.00668317,-1.41098e-09,0.0000,0.5886
dinner,xpbd,219,1.82500,3.85009e-12,0.371844,-0.0261224,5.25701e-11,-0.00665709,-1.4108e-09,0.0000,0.5885
