step,t,body_name,x,y,z,qx,qy,qz,qw,vx,vy,vz,wx,wy,wz,tilt_deg,drift_m
0,0.025000,book_0,-1.499901e-01,5.490037e-02,1.991365e-05,4.912078e-17,-7.779268e-05,-1.767896e-16,1.000000e+00,1.190388e-17,8.326673e-17,-1.041416e-17,-2.659960e-16,-8.576441e-17,-4.281969e-16,0.000000,0.000000e+00
1,0.050000,book_0,-1.499901e-01,5.490037e-02,1.991365e-05,5.269776e-17,-7.779268e-05,-1.806313e-16,1.000000e+00,6.555202e-18,8.326673e-17,-5.581036e-18,2.861819e-16,3.028944e-17,-3.073133e-16,0.000000,1.389134e-19
2,0.075000,book_0,-1.499901e-01,5.490037e-02,1.991365e-05,6.170915e-17,-7.779268e-05,-1.849149e-16,1.000000e+00,1.010655e-17,8.326673e-17,2.776669e-17,7.209376e-16,1.005413e-16,-3.426330e-16,0.000000,5.556536e-19
3,0.100000,book_0,-1.499901e-01,5.490037e-02,1.991365e-05,4.815170e-17,-7.779268e-05,-2.053946e-16,1.000000e+00,6.891671e-17,8.326673e-17,-9.277548e-17,-1.084468e-15,1.257685e-16,-1.638457e-15,0.000000,1.765217e-18
4,0.125000,book_0,-1.499901e-01,5.490037e-02,1.991365e-05,4.698864e-17,-7.779268e-05,-2.354108e-16,1.000000e+00,9.609221e-17,8.326673e-17,2.973183e-18,-9.285810e-17,9.260815e-17,-2.401300e-15,0.000000,1.690678e-18
5,0.150000,book_0,-1.499901e-01,5.490037e-02,1.991365e-05,3.806242e-17,-7.779268e-05,-2.760380e-16,1.000000e+00,1.322951e-16,8.326673e-17,-9.571355e-18,-7.138446e-16,1.704374e-16,-3.250234e-15,0.000000,1.931235e-18
6,0.175000,book_0,-1.499901e-01,5.490037e-02,1.991365e-05,5.672280e-17,-7.779268e-05,-2.772612e-16,1.000000e+00,-3.320921e-18,8.326673e-17,2.139672e-17,1.492838e-15,-3.248039e-16,-9.774017e-17,0.000000,1.395910e-18
7,0.200000,book_0,-1.499901e-01,5.490037e-02,1.991365e-05,5.232022e-17,-7.779268e-05,-2.835734e-16,1.000000e+00,2.936862e-17,8.326673e-17,-1.784621e-17,-3.521677e-16,1.823354e-16,-5.050008e-16,0.000000,1.843144e-18
8,0.225000,book_0,-1.499901e-01,5.490037e-02,1.991365e-05,5.209279e-17,-7.779268e-05,-3.033348e-16,1.000000e+00,6.005760e-17,2.775558e-17,-2.299302e-17,-1.807131e-17,1.075040e-16,-1.580920e-15,0.000000,2.419126e-18
9,0.250000,book_0,-1.499901e-01,5.490037e-02,1.991365e-05,6.766806e-17,-7.779268e-05,-3.329486e-16,1.000000e+00,8.415574e-17,2.775558e-17,6.363636e-18,1.246206e-15,1.266634e-16,-2.369001e-15,0.000000,2.259884e-18
10,0.275000,book_0,-1.499901e-01,5.490037e-02,1.991365e-05,5.228964e-17,-7.779268e-05,-3.773091e-16,1.000000e+00,1.409445e-16,5.551115e-17,-7.433493e-17,-1.229997e-15,-1.056440e-16,-3.548941e-15,0.000000,4.116580e-18
11,0.300000,book_0,-1.499901e-01,5.490037e-02,1.991365e-05,6.098277e-17,-7.779268e-05,-2.652725e-16,1.000000e+00,-3.612863e-16,8.326673e-17,7.695840e-18,6.947530e-16,-7.099134e-18,8.962982e-15,0.000000,3.923457e-18
12,0.325000,book_0,-1.499901e-01,5.490037e-02,1.991365e-05,3.334599e-17,-7.779268e-05,-2.831461e-16,1.000000e+00,4.570787e-17,2.775558e-17,-9.497669e-17,-2.210831e-15,1.498787e-16,-1.430057e-15,0.000000,6.298537e-18
13,0.350000,book_0,-1.499901e-01,5.490037e-02,1.991365e-05,4.387699e-17,-7.779268e-05,-3.005156e-16,1.000000e+00,5.341671e-17,5.551115e-17,5.842620e-18,8.425875e-16,2.789134e-16,-1.389498e-15,0.000000,6.152847e-18
14,0.375000,book_0,-1.497511e-01,5.569741e-02,2.582258e-05,-1.414264e-04,-7.778966e-05,8.814823e-03,9.999611e-01,9.561646e-03,3.188189e-02,2.363570e-04,-1.136941e-02,8.878882e-17,7.052123e-01,1.010247,2.391142e-04
15,0.400000,book_0,-1.495120e-01,5.036321e-02,3.173150e-05,-2.828418e-04,-7.778059e-05,1.762896e-02,9.998446e-01,9.561646e-03,-2.133681e-01,2.363570e-04,-1.136941e-02,8.878882e-17,7.052123e-01,2.020495,4.782283e-04
16,0.425000,book_0,-1.493553e-01,5.125287e-02,3.814141e-05,-2.756222e-04,-7.631119e-05,1.556638e-02,9.998788e-01,6.266905e-03,3.558635e-02,2.563965e-04,5.890172e-04,8.125863e-05,-1.650296e-01,1.784127,6.350166e-04
17,0.450000,book_0,-1.502014e-01,6.674179e-02,6.164113e-04,-1.355124e-02,-3.456214e-04,-6.227874e-03,9.998887e-01,-3.384122e-02,6.195568e-01,2.313079e-02,-1.061798e+00,-3.856752e-02,-1.743984e+00,1.709063,6.328086e-04
18,0.475000,book_0,-1.510474e-01,7.609946e-02,1.194681e-03,-2.681803e-02,-6.147065e-04,-2.801807e-02,9.992474e-01,-3.384122e-02,3.743068e-01,2.313079e-02,-1.061798e+00,-3.856752e-02,-1.743984e+00,4.445464,1.580498e-03
19,0.500000,book_0,-1.518934e-01,7.932588e-02,1.772951e-03,-4.006735e-02,-8.833912e-04,-4.979002e-02,9.979553e-01,-3.384122e-02,1.290568e-01,2.313079e-02,-1.061798e+00,-3.856752e-02,-1.743984e+00,7.328497,2.587630e-03
20,0.525000,book_0,-1.527395e-01,7.642105e-02,2.351221e-03,-5.329058e-02,-1.151501e-03,-7.152953e-02,9.960132e-01,-3.384122e-02,-1.161932e-01,2.313079e-02,-1.061798e+00,-3.856752e-02,-1.743984e+00,10.234990,3.604721e-03
21,0.550000,book_0,-1.535855e-01,6.738497e-02,2.929491e-03,-6.647910e-02,-1.418860e-03,-9.322247e-02,9.934224e-01,-3.384122e-02,-3.614432e-01,2.313079e-02,-1.061798e+00,-3.856752e-02,-1.743984e+00,13.149396,4.625205e-03
22,0.575000,book_0,-1.544315e-01,5.221764e-02,3.507761e-03,-7.962432e-02,-1.685295e-03,-1.148547e-01,9.901846e-01,-3.384122e-02,-6.066932e-01,2.313079e-02,-1.061798e+00,-3.856752e-02,-1.743984e+00,16.067409,5.647243e-03
23,0.600000,book_0,-1.530649e-01,4.834938e-02,9.315126e-03,2.470171e-02,1.167761e-02,-1.312669e-01,9.909705e-01,5.466408e-02,-1.547304e-01,2.322946e-01,8.441998e+00,-4.511636e-03,-1.371696e+00,15.351974,9.790584e-03
24,0.625000,book_0,-1.504318e-01,4.929232e-02,1.183976e-02,2.192716e-02,-1.215364e-04,-1.582334e-01,9.871582e-01,1.053260e-01,3.771774e-02,1.009852e-01,-3.616860e-01,-8.497986e-01,-2.199576e+00,18.384243,1.182809e-02
25,0.650000,book_0,-1.456686e-01,6.147081e-02,1.272890e-02,2.974025e-02,-9.753318e-04,-2.859918e-01,9.577699e-01,1.905253e-01,4.871398e-01,3.556573e-02,6.647399e-01,5.799490e-02,-1.055388e+01,33.420759,1.342361e-02
26,0.675000,book_0,-1.409055e-01,6.751806e-02,1.361804e-02,3.704040e-02,-1.812305e-03,-4.088176e-01,9.118623e-01,1.905253e-01,2.418898e-01,3.556573e-02,6.647399e-01,5.799490e-02,-1.055388e+01,48.471512,1.635356e-02
27,0.700000,book_0,-1.379697e-01,6.834510e-02,1.490378e-02,7.585654e-02,7.323806e-02,-4.586185e-01,8.823554e-01,1.174335e-01,3.308146e-02,5.142945e-02,5.409178e+00,4.371573e+00,-4.392986e+00,55.400980,1.913165e-02
28,0.725000,book_0,-1.353781e-01,6.314219e-02,1.603827e-02,1.116785e-01,1.599579e-01,-4.930666e-01,8.478365e-01,1.036646e-01,-2.081163e-01,4.537981e-02,5.750118e+00,5.247759e+00,-3.400751e+00,60.736524,2.168178e-02
29,0.750000,book_0,-1.367814e-01,5.381317e-02,1.612620e-02,1.113936e-01,1.847445e-01,-4.929281e-01,8.429014e-01,-5.613379e-02,-3.731609e-01,3.516894e-03,1.004578e+00,1.754916e+00,3.984146e-02,60.710230,2.082984e-02
30,0.775000,book_0,-1.381847e-01,3.835289e-02,1.621412e-02,1.110376e-01,2.094131e-01,-4.924746e-01,8.374279e-01,-5.613379e-02,-6.184109e-01,3.516894e-03,1.004578e+00,1.754916e+00,3.984146e-02,60.641094,2.004043e-02
31,0.800000,book_0,-1.379288e-01,2.565939e-02,1.342711e-02,-2.638396e-02,7.471059e-02,-5.949729e-01,7.998309e-01,1.023738e-02,-5.077399e-01,-1.114803e-01,-1.629546e+01,-2.121737e+00,-7.424070e+00,73.104782,1.803407e-02
32,0.825000,book_0,-1.390472e-01,2.052448e-02,1.116140e-02,-1.027423e-01,3.560705e-04,-7.065820e-01,7.001327e-01,-4.473605e-02,-2.053966e-01,-9.062830e-02,-9.462221e+00,-7.759828e-01,-1.146710e+01,88.875321,1.561664e-02
33,0.850000,book_0,-1.400102e-01,1.752291e-02,1.181078e-02,9.685192e-02,1.763635e-01,-7.879609e-01,5.819220e-01,-3.851814e-02,-1.200629e-01,2.597513e-02,2.111987e+01,-2.189687e+00,-1.330040e+01,74.898766,1.544745e-02
34,0.875000,book_0,-1.411878e-01,1.812733e-02,1.107820e-02,6.335827e-02,1.512269e-01,-7.747304e-01,6.106628e-01,-4.710462e-02,2.417673e-02,-2.930326e-02,-3.184195e+00,4.337082e-01,2.709192e+00,77.968888,1.413388e-02
35,0.900000,book_0,-1.431558e-01,2.330364e-02,1.026764e-02,-2.465975e-02,7.252206e-02,-7.151445e-01,6.947667e-01,-7.872098e-02,2.070524e-01,-3.242225e-02,-8.993832e+00,2.943422e-01,8.898811e+00,88.620216,1.231761e-02
36,0.925000,book_0,-1.449920e-01,2.041154e-02,9.817945e-03,-4.246272e-02,5.029249e-02,-6.977934e-01,7.132685e-01,-7.344878e-02,-1.156837e-01,-1.798799e-02,-2.125681e+00,-2.903380e-01,2.171630e+00,88.707153,1.099919e-02
37,0.950000,book_0,-1.459661e-01,1.426201e-02,9.608553e-03,-4.715427e-02,4.628943e-02,-7.511594e-01,6.568054e-01,-3.896312e-02,-2.459815e-01,-8.375663e-03,-9.004250e-01,7.960869e-02,-6.183408e+00,82.361187,1.039878e-02
38,0.975000,book_0,-1.467332e-01,1.821442e-02,9.591329e-03,-4.901717e-02,3.961909e-02,-8.082944e-01,5.853955e-01,-3.068507e-02,1.580963e-01,-6.889511e-04,-9.838244e-01,-1.904344e-01,-7.291953e+00,71.851260,1.011035e-02
39,1.000000,book_0,-1.473556e-01,1.934903e-02,9.474510e-03,-4.667954e-02,3.884589e-02,-7.949772e-01,6.035920e-01,-2.489657e-02,4.538458e-02,-4.672765e-03,1.730862e-01,-1.928718e-01,1.796405e+00,74.434768,9.814772e-03
40,1.025000,book_0,-1.498421e-01,2.027628e-02,9.680389e-03,-3.395344e-02,4.455872e-02,-6.491624e-01,7.585842e-01,-9.945927e-02,3.709006e-02,8.235153e-03,2.056542e+00,-4.815899e-01,1.722913e+01,81.090697,9.661609e-03
41,1.050000,book_0,-1.503976e-01,2.150893e-02,9.765916e-03,-3.357702e-02,4.327975e-02,-6.481687e-01,7.595241e-01,-2.221951e-02,4.930593e-02,3.421064e-03,-3.748218e-02,-9.781629e-02,1.112459e-01,80.938192,9.754518e-03
42,1.075000,book_0,-1.505143e-01,1.943198e-02,9.636997e-03,-3.754553e-02,4.037846e-02,-7.056544e-01,7.064077e-01,-4.666273e-03,-8.307806e-02,-5.156761e-03,-7.355547e-01,5.916778e-02,-6.244882e+00,89.926409,9.631357e-03
43,1.100000,book_0,-1.511131e-01,2.162340e-02,9.871090e-03,-4.529046e-02,3.930727e-02,-7.589110e-01,6.484271e-01,-2.395400e-02,8.765694e-02,9.363749e-03,-8.469943e-01,4.052815e-01,-6.274207e+00,81.025530,9.914982e-03
44,1.125000,book_0,-1.515589e-01,2.056262e-02,9.927731e-03,-4.438328e-02,4.040095e-02,-7.423177e-01,6.673547e-01,-1.783105e-02,-4.243140e-02,2.265636e-03,2.342921e-01,2.259398e-03,2.003737e+00,83.914594,1.003125e-02
45,1.150000,book_0,-1.539489e-01,1.895468e-02,1.036022e-02,-3.930376e-02,5.243664e-02,-5.962754e-01,8.001008e-01,-9.560114e-02,-6.431759e-02,1.729968e-02,1.967778e+00,4.390059e-01,1.593263e+01,73.392025,1.107223e-02
46,1.175000,book_0,-1.540728e-01,1.876923e-02,1.027716e-02,-4.102454e-02,5.097505e-02,-6.239748e-01,7.787002e-01,-4.956178e-03,-7.417709e-03,-3.322684e-03,-3.635756e-01,-8.795471e-03,-2.783740e+00,77.411652,1.103991e-02
47,1.200000,book_0,-1.536525e-01,1.426666e-02,1.010056e-02,-4.561933e-02,4.688833e-02,-6.945056e-01,7.165071e-01,1.681225e-02,-1.801030e-01,-7.063896e-03,-9.863573e-01,-3.093579e-03,-7.499485e+00,88.214271,1.072533e-02
48,1.225000,book_0,-1.538331e-01,1.614054e-02,1.021869e-02,-4.883600e-02,4.680582e-02,-7.168226e-01,6.939666e-01,-7.221619e-03,7.495508e-02,4.725441e-03,-3.551220e-01,1.771841e-01,-2.520501e+00,88.141042,1.089879e-02
49,1.250000,book_0,-1.542797e-01,1.831899e-02,1.023866e-02,-4.856017e-02,4.707282e-02,-7.155796e-01,6.952496e-01,-1.786717e-02,8.713820e-02,7.986576e-04,4.029191e-02,-9.424369e-04,1.405098e-01,88.348254,1.108259e-02
50,1.275000,book_0,-1.540150e-01,2.197451e-02,1.001451e-02,-4.747479e-02,4.812588e-02,-7.130898e-01,6.978059e-01,1.058865e-02,1.462208e-01,-8.966086e-03,1.399610e-01,-3.516834e-03,2.766466e-01,88.767947,1.077460e-02
51,1.300000,book_0,-1.537503e-01,1.949878e-02,9.790357e-03,-4.638870e-02,4.917823e-02,-7.105892e-01,7.003517e-01,1.058865e-02,-9.902921e-02,-8.966086e-03,1.399610e-01,-3.516834e-03,2.766466e-01,89.187635,1.046904e-02
52,1.325000,book_0,-1.537673e-01,1.954386e-02,9.783215e-03,-4.696859e-02,4.857661e-02,-7.093124e-01,7.016482e-01,-6.810073e-04,1.803211e-03,-2.856940e-04,-5.685593e-02,-1.104207e-03,1.497503e-01,89.389194,1.046850e-02
53,1.350000,book_0,-1.537821e-01,1.959526e-02,9.777206e-03,-4.748460e-02,4.806764e-02,-7.082477e-01,7.027232e-01,-5.925299e-04,2.055783e-03,-2.403470e-04,-4.966885e-02,5.342340e-04,1.246880e-01,89.556573,1.046826e-02
54,1.375000,book_0,-1.539739e-01,2.128108e-02,9.626555e-03,-6.453909e-02,3.160661e-02,-6.925379e-01,7.177931e-01,-7.670141e-03,6.743280e-02,-6.026046e-03,-1.774707e+00,4.265095e-02,1.866106e+00,88.140320,1.039992e-02
55,1.400000,book_0,-1.538031e-01,1.804414e-02,9.747957e-03,-4.678868e-02,5.343099e-02,-7.096724e-01,7.009429e-01,6.831743e-03,-1.294776e-01,4.856075e-03,2.099539e+00,2.240959e-01,-2.076459e+00,89.332587,1.044863e-02
56,1.425000,book_0,-1.538648e-01,1.862750e-02,9.701868e-03,-3.975946e-02,6.002375e-02,-7.151946e-01,6.952072e-01,-2.468402e-03,2.333463e-02,-1.843561e-03,7.234449e-01,-2.553791e-02,-6.900757e-01,88.500497,1.042850e-02
57,1.450000,book_0,-1.542452e-01,2.006860e-02,9.596013e-03,-5.350987e-02,4.510713e-02,-7.029849e-01,7.077530e-01,-1.521430e-02,5.764395e-02,-4.234189e-03,-1.520224e+00,-6.430474e-02,1.510895e+00,89.662074,1.047890e-02
58,1.475000,book_0,-1.542656e-01,1.698973e-02,9.973542e-03,-1.557322e-02,8.073708e-02,-7.052991e-01,7.041251e-01,-8.165785e-04,-1.231548e-01,1.510118e-02,4.133522e+00,-1.131044e-01,-6.253303e-01,89.735215,1.083303e-02
59,1.500000,book_0,-1.543738e-01,1.851443e-02,9.791880e-03,1.007551e-02,1.084870e-01,-7.058482e-01,6.999338e-01,-4.327231e-03,6.098805e-02,-7.266477e-03,3.003956e+00,1.424425e-01,-4.680009e-01,89.807858,1.071018e-02
60,1.525000,book_0,-1.544935e-01,1.620531e-02,8.984647e-03,-3.407391e-02,6.496902e-02,-7.053480e-01,7.050548e-01,-4.788032e-03,-9.236484e-02,-3.228933e-02,-4.938842e+00,1.142008e-02,6.665645e-01,89.848374,1.003229e-02
61,1.550000,book_0,-1.544944e-01,1.693529e-02,8.954124e-03,-3.721537e-02,6.184379e-02,-7.053449e-01,7.051801e-01,-3.657551e-05,2.919919e-02,-1.220943e-03,-3.531873e-01,3.464825e-04,3.209349e-02,89.873537,1.000543e-02
62,1.575000,book_0,-1.545824e-01,1.798300e-02,8.824676e-03,-3.914398e-02,5.993993e-02,-7.055943e-01,7.049906e-01,-3.519013e-03,4.190861e-02,-5.177899e-03,-2.180309e-01,1.616968e-03,-9.551521e-03,89.930730,9.930394e-03
63,1.600000,book_0,-1.545833e-01,1.836913e-02,8.800157e-03,-4.121928e-02,5.786439e-02,-7.055586e-01,7.050814e-01,-3.687103e-05,1.544483e-02,-9.807510e-04,-2.337495e-01,-2.373921e-04,2.359182e-02,89.944070,9.909088e-03
64,1.625000,book_0,-1.545501e-01,1.981068e-02,8.796917e-03,-4.281283e-02,5.625078e-02,-7.054481e-01,7.052276e-01,1.326283e-03,5.766216e-02,-1.296142e-04,-1.799731e-01,-1.382867e-03,2.718225e-02,89.941547,9.890887e-03
65,1.650000,book_0,-1.546249e-01,1.637555e-02,8.417306e-03,-8.480172e-02,1.393835e-02,-7.017078e-01,7.072628e-01,-2.990719e-03,-1.374051e-01,-1.518443e-02,-4.741541e+00,-1.388572e-02,6.609317e-01,89.952457,9.591534e-03
66,1.675000,book_0,-1.547126e-01,1.780618e-02,8.497517e-03,-1.017935e-01,-5.815821e-03,-6.996465e-01,7.071768e-01,-3.506930e-03,5.722525e-02,3.208449e-03,-2.069335e+00,-1.498224e-01,2.648547e-01,89.984776,9.704199e-03
67,1.700000,book_0,-1.546646e-01,1.523929e-02,9.217847e-03,-5.383351e-02,4.102383e-02,-7.050268e-01,7.059435e-01,1.919396e-03,-1.026757e-01,2.881317e-02,5.339530e+00,-7.905535e-02,-7.341958e-01,89.995505,1.031760e-02
68,1.725000,book_0,-1.546675e-01,1.657323e-02,9.105903e-03,-3.783917e-02,5.674603e-02,-7.060464e-01,7.048734e-01,-1.159136e-04,5.335760e-02,-4.477754e-03,1.782548e+00,-1.507956e-02,-2.382035e-01,89.992360,1.021925e-02
69,1.750000,book_0,-1.546696e-01,1.724105e-02,9.088082e-03,-3.972031e-02,5.486899e-02,-7.058753e-01,7.050899e-01,-8.344791e-05,2.671279e-02,-7.128316e-04,-2.106683e-01,-5.666874e-05,3.609258e-02,89.981401,1.020437e-02
70,1.775000,book_0,-1.548385e-01,1.838653e-02,9.028640e-03,-4.092439e-02,5.367806e-02,-7.061590e-01,7.048286e-01,-6.758745e-03,4.581922e-02,-2.377692e-03,-1.372459e-01,1.063250e-03,-2.168420e-02,89.961574,1.023057e-02
71,1.800000,book_0,-1.548407e-01,1.869235e-02,9.013026e-03,-4.220028e-02,5.240048e-02,-7.060257e-01,7.049830e-01,-8.831523e-05,1.223257e-02,-6.245582e-04,-1.430395e-01,-1.865694e-04,2.589953e-02,89.970988,1.021787e-02
72,1.825000,book_0,-1.548703e-01,1.962827e-02,9.037962e-03,-4.332456e-02,5.125932e-02,-7.060166e-01,7.050078e-01,-1.182985e-03,3.743692e-02,9.974242e-04,-1.277402e-01,-9.315982e-04,1.048136e-02,89.961444,1.025386e-02
73,1.850000,book_0,-1.548716e-01,1.968587e-02,9.027242e-03,-4.411901e-02,5.046148e-02,-7.059113e-01,7.051215e-01,-5.128534e-05,2.304036e-03,-4.287717e-04,-8.904535e-02,-2.286353e-04,1.838563e-02,89.970521,1.024505e-02
74,1.875000,book_0,-1.550697e-01,2.041915e-02,8.954554e-03,-4.425895e-02,5.031684e-02,-7.064529e-01,7.045805e-01,-7.924360e-03,2.933135e-02,-2.907514e-03,-2.015846e-02,1.642363e-05,-6.003221e-02,89.881446,1.027766e-02
75,1.900000,book_0,-1.552678e-01,1.502119e-02,8.881867e-03,-4.439887e-02,5.017216e-02,-7.069941e-01,7.040390e-01,-7.924360e-03,-2.159187e-01,-2.907514e-03,-2.015846e-02,1.642363e-05,-6.003221e-02,89.792372,1.031448e-02
76,1.925000,book_0,-1.552687e-01,1.597658e-02,8.877395e-03,-4.497091e-02,4.959227e-02,-7.066995e-01,7.043394e-01,-3.732429e-05,3.821590e-02,-1.788759e-04,-6.276818e-02,-4.665576e-04,3.794039e-02,89.834233,1.031112e-02
77,1.950000,book_0,-1.552705e-01,1.676207e-02,8.873529e-03,-4.543395e-02,4.912423e-02,-7.064511e-01,7.045916e-01,-7.058528e-05,3.141926e-02,-1.546231e-04,-5.065982e-02,-3.014803e-04,3.177574e-02,89.869659,1.030870e-02
78,1.975000,book_0,-1.552725e-01,1.739034e-02,8.870310e-03,-4.580247e-02,4.874989e-02,-7.062579e-01,7.047875e-01,-8.060546e-05,2.513105e-02,-1.287612e-04,-4.045670e-02,-3.407046e-04,2.477295e-02,89.897094,1.030697e-02
79,2.000000,book_0,-1.552730e-01,1.789295e-02,8.867162e-03,-4.609386e-02,4.845207e-02,-7.061098e-01,7.049374e-01,-1.784745e-05,2.010437e-02,-1.259414e-04,-3.212991e-02,-3.698657e-04,1.904322e-02,89.917987,1.030449e-02
80,2.025000,book_0,-1.552741e-01,1.829491e-02,8.864670e-03,-4.632531e-02,4.821031e-02,-7.059929e-01,7.050559e-01,-4.386628e-05,1.607831e-02,-9.964515e-05,-2.581936e-02,-5.883794e-04,1.507524e-02,89.934454,1.030292e-02
81,2.050000,book_0,-1.553634e-01,1.945955e-02,8.900234e-03,-4.663659e-02,4.789390e-02,-7.061451e-01,7.049045e-01,-3.574529e-03,4.658547e-02,1.422542e-03,-3.657612e-02,-2.463552e-04,-1.475833e-02,89.906515,1.037944e-02
82,2.075000,book_0,-1.553641e-01,1.955145e-02,8.898540e-03,-4.675914e-02,4.776504e-02,-7.060184e-01,7.050320e-01,-2.517661e-05,3.676225e-03,-6.773974e-05,-1.322925e-02,-3.591844e-04,1.529511e-02,89.925700,1.037832e-02
83,2.100000,book_0,-1.555680e-01,2.095665e-02,8.952031e-03,-4.703573e-02,4.747651e-02,-7.065643e-01,7.044859e-01,-8.159315e-03,5.620793e-02,2.139628e-03,-3.602570e-02,-6.074155e-04,-5.949806e-02,89.834354,1.053073e-02
84,2.125000,book_0,-1.557720e-01,1.623060e-02,9.005522e-03,-4.731228e-02,4.718794e-02,-7.071098e-01,7.039394e-01,-8.159315e-03,-1.890421e-01,2.139628e-03,-3.602570e-02,-6.074155e-04,-5.949806e-02,89.743009,1.068513e-02
85,2.150000,book_0,-1.557731e-01,1.694712e-02,9.005659e-03,-4.729539e-02,4.719631e-02,-7.067905e-01,7.042605e-01,-4.369043e-05,2.866069e-02,5.466374e-06,3.844432e-03,-4.881856e-04,3.604698e-02,89.794916,1.068583e-02
86,2.175000,book_0,-1.557755e-01,1.753817e-02,9.005495e-03,-4.727763e-02,4.722100e-02,-7.066157e-01,7.044354e-01,-9.360038e-05,2.364222e-02,-6.547776e-06,3.719085e-03,3.878936e-04,1.958203e-02,89.823425,1.068696e-02
87,2.200000,book_0,-1.557766e-01,1.801113e-02,9.005592e-03,-4.727030e-02,4.722097e-02,-7.063772e-01,7.046751e-01,-4.652387e-05,1.891849e-02,3.895474e-06,2.219017e-03,-4.191095e-04,2.695960e-02,89.862121,1.068767e-02
88,2.225000,book_0,-1.560512e-01,1.973849e-02,9.107387e-03,-4.760767e-02,4.687564e-02,-7.069254e-01,7.041254e-01,-1.098193e-02,6.909439e-02,4.071774e-03,-4.268292e-02,-4.000048e-04,-5.938423e-02,89.769667,1.092332e-02
89,2.250000,book_0,-1.560544e-01,1.977658e-02,9.108550e-03,-4.753151e-02,4.694657e-02,-7.066424e-01,7.044099e-01,-1.306774e-04,1.523365e-03,4.655275e-05,1.044606e-02,-3.002100e-04,3.147443e-02,89.816343,1.092610e-02
90,2.275000,book_0,-1.567148e-01,2.199470e-02,9.105737e-03,-4.710204e-02,4.735773e-02,-7.085447e-01,7.024978e-01,-2.641519e-02,8.872511e-02,-1.125221e-04,3.302958e-02,-1.160585e-03,-2.184721e-01,89.512506,1.130372e-02
91,2.300000,book_0,-1.573752e-01,1.808158e-02,9.102924e-03,-4.667222e-02,4.776852e-02,-7.104415e-01,7.005803e-01,-2.641519e-02,-1.565249e-01,-1.125221e-04,3.302958e-02,-1.160585e-03,-2.184721e-01,89.208666,1.170644e-02
92,2.325000,book_0,-1.573860e-01,1.843191e-02,9.101687e-03,-4.677501e-02,4.765409e-02,-7.094566e-01,7.015786e-01,-4.328411e-04,1.401319e-02,-4.947960e-05,-4.773591e-03,-7.090075e-04,1.127667e-01,89.367840,1.171231e-02
93,2.350000,book_0,-1.576137e-01,2.029837e-02,9.079534e-03,-4.663739e-02,4.777337e-02,-7.093307e-01,7.017069e-01,-9.107032e-03,7.465849e-02,-8.861347e-04,1.545464e-02,-1.134267e-03,1.337706e-02,89.389781,1.184044e-02
94,2.375000,book_0,-1.580364e-01,1.713554e-02,9.129345e-03,-4.488970e-02,4.945258e-02,-6.808365e-01,7.293840e-01,-1.690890e-02,-1.265134e-01,1.992457e-03,4.058836e-01,-4.379860e-03,3.159700e+00,86.049581,1.215422e-02
95,2.400000,book_0,-1.580621e-01,1.862597e-02,9.125957e-03,-4.365658e-02,5.068961e-02,-6.600145e-01,7.482684e-01,-1.028101e-03,5.961710e-02,-1.355270e-04,2.896384e-01,5.084365e-03,2.235117e+00,82.822133,1.216871e-02
96,2.425000,book_0,-1.574326e-01,1.619054e-02,9.034955e-03,-4.610256e-02,4.845441e-02,-6.945549e-01,7.163241e-01,2.517982e-02,-9.741694e-02,-3.640067e-03,-5.166495e-01,4.259124e-03,-3.740774e+00,88.227215,1.169026e-02
97,2.450000,book_0,-1.576382e-01,1.767779e-02,9.024659e-03,-4.693452e-02,4.633918e-02,-7.168774e-01,6.940724e-01,-8.221403e-03,5.948966e-02,-4.118796e-04,-3.339724e-01,-7.109802e-02,-2.505834e+00,88.152909,1.181433e-02
98,2.475000,book_0,-1.576634e-01,1.812620e-02,9.026865e-03,-4.687734e-02,4.639387e-02,-7.146436e-01,6.963725e-01,-1.008580e-03,1.793647e-02,8.826234e-05,2.322855e-02,-3.820825e-04,2.555296e-01,88.520121,1.183235e-02
99,2.500000,book_0,-1.576839e-01,1.848182e-02,9.029107e-03,-4.683093e-02,4.644089e-02,-7.128371e-01,6.982216e-01,-8.211268e-04,1.422480e-02,8.966862e-05,1.891353e-02,-1.217505e-04,2.060039e-01,88.816198,1.184737e-02
100,2.525000,book_0,-1.578595e-01,2.000854e-02,8.876856e-03,-4.596522e-02,4.728588e-02,-7.119022e-01,6.991756e-01,-7.024092e-03,6.106908e-02,-6.090043e-03,1.035911e-01,-2.211755e-03,1.002441e-01,88.978069,1.184791e-02
101,2.550000,book_0,-1.582999e-01,1.660609e-02,8.876889e-03,-4.364490e-02,4.866972e-02,-6.802738e-01,7.300370e-01,-1.761388e-02,-1.360980e-01,1.313091e-06,4.421615e-01,-5.523754e-02,3.516312e+00,85.948937,1.214488e-02
102,2.575000,book_0,-1.581982e-01,1.792994e-02,8.856013e-03,-4.299318e-02,4.942993e-02,-6.669066e-01,7.422559e-01,4.064968e-03,5.295362e-02,-8.350377e-04,1.741732e-01,8.029211e-03,1.440707e+00,83.870592,1.206027e-02
103,2.600000,book_0,-1.575801e-01,1.512915e-02,8.768145e-03,-4.561246e-02,4.697374e-02,-7.042714e-01,7.069051e-01,2.472344e-02,-1.120314e-01,-3.514689e-03,-5.566611e-01,5.179299e-03,-4.091431e+00,89.779832,1.158190e-02
104,2.625000,book_0,-1.577921e-01,1.679757e-02,8.789972e-03,-4.688285e-02,4.546568e-02,-7.235817e-01,6.871422e-01,-8.479174e-03,6.673674e-02,8.730652e-04,-3.016070e-01,-9.909063e-03,-2.196086e+00,87.045840,1.173821e-02
105,2.650000,book_0,-1.578341e-01,1.742282e-02,8.793363e-03,-4.674518e-02,4.560508e-02,-7.200332e-01,6.908598e-01,-1.679241e-03,2.500996e-02,1.356501e-04,4.248786e-02,-5.185634e-04,4.092492e-01,87.634972,1.176868e-02
106,2.675000,book_0,-1.579372e-01,1.819210e-02,8.757598e-03,-4.643248e-02,4.591093e-02,-7.173782e-01,6.936172e-01,-4.124622e-03,3.077138e-02,-1.430595e-03,5.489855e-02,-1.239741e-03,3.032870e-01,88.075941,1.181118e-02
107,2.700000,book_0,-1.579647e-01,1.853570e-02,8.759755e-03,-4.638495e-02,4.596825e-02,-7.150373e-01,6.960294e-01,-1.098190e-03,1.374385e-02,8.627650e-05,2.348576e-02,2.883021e-04,2.679453e-01,88.460853,1.183126e-02
108,2.725000,book_0,-1.579874e-01,1.880935e-02,8.761872e-03,-4.634198e-02,4.599827e-02,-7.131236e-01,6.979909e-01,-9.079270e-04,1.094593e-02,8.467476e-05,1.842609e-02,-8.980019e-04,2.184942e-01,88.774593,1.184813e-02
109,2.750000,book_0,-1.581254e-01,1.967446e-02,8.886159e-03,-4.687406e-02,4.547460e-02,-7.119929e-01,6.991431e-01,-5.522274e-03,3.460463e-02,4.971478e-03,-5.115385e-02,1.066002e-03,1.327731e-01,88.953605,1.203304e-02
110,2.775000,book_0,-1.586296e-01,1.579968e-02,8.980917e-03,-4.462712e-02,4.804669e-02,-6.753871e-01,7.345421e-01,-2.016862e-02,-1.549913e-01,3.790325e-03,5.387955e-01,2.439565e-02,4.051177e+00,85.197503,1.244754e-02
111,2.800000,book_0,-1.584649e-01,1.696597e-02,8.945280e-03,-4.451623e-02,4.865322e-02,-6.716394e-01,7.379375e-01,6.588451e-03,4.665171e-02,-1.425482e-03,6.581604e-02,2.998025e-02,4.010980e-01,84.615574,1.230793e-02
112,2.825000,book_0,-1.578582e-01,1.378342e-02,8.865433e-03,-4.721863e-02,4.605182e-02,-7.128794e-01,6.981780e-01,2.427113e-02,-1.273022e-01,-3.193895e-03,-6.024174e-01,-4.850015e-04,-4.558655e+00,88.805106,1.183848e-02
113,2.850000,book_0,-1.579545e-01,1.529705e-02,8.876709e-03,-4.759479e-02,4.558631e-02,-7.193465e-01,6.915180e-01,-3.855172e-03,6.054509e-02,4.510569e-04,-9.654609e-02,-4.441862e-03,-7.379247e-01,87.739131,1.191113e-02
114,2.875000,book_0,-1.579766e-01,1.622033e-02,8.880191e-03,-4.739880e-02,4.578876e-02,-7.166202e-01,6.943430e-01,-8.825683e-04,3.693149e-02,1.392822e-04,4.319213e-02,-9.664262e-07,3.119103e-01,88.190163,1.192848e-02
115,2.900000,book_0,-1.581956e-01,1.765139e-02,8.824806e-03,-4.696757e-02,4.622335e-02,-7.149305e-01,6.960832e-01,-8.758270e-03,5.724209e-02,-2.215407e-03,6.165608e-02,-5.488547e-04,1.903925e-01,88.472126,1.203560e-02
116,2.925000,book_0,-1.582164e-01,1.810480e-02,8.826809e-03,-4.689228e-02,4.628844e-02,-7.130402e-01,6.980202e-01,-8.341942e-04,1.813655e-02,8.009689e-05,2.218513e-02,-7.416233e-04,2.155358e-01,88.782355,1.205129e-02
117,2.950000,book_0,-1.583515e-01,1.886345e-02,8.845285e-03,-4.685581e-02,4.631135e-02,-7.118509e-01,6.992339e-01,-5.403873e-03,3.034596e-02,7.390494e-04,1.230004e-02,-8.339506e-04,1.354246e-01,88.976969,1.215732e-02
118,2.975000,book_0,-1.583669e-01,1.907300e-02,8.847204e-03,-4.680406e-02,4.636942e-02,-7.106218e-01,7.004826e-01,-6.177638e-04,8.382233e-03,7.676520e-05,1.543609e-02,2.821574e-04,1.394499e-01,89.177889,1.216934e-02
119,3.000000,book_0,-1.583798e-01,1.923888e-02,8.848742e-03,-4.675831e-02,4.641118e-02,-7.096310e-01,7.014866e-01,-5.154590e-04,6.635187e-03,6.150709e-05,1.237233e-02,-2.757678e-04,1.122747e-01,89.339645,1.217932e-02
120,3.025000,book_0,-1.584357e-01,2.001068e-02,8.849736e-03,-4.669779e-02,4.646766e-02,-7.089919e-01,7.021329e-01,-2.233358e-03,3.087169e-02,3.978614e-05,1.139321e-02,-2.742863e-04,7.212485e-02,89.444205,1.221857e-02
121,3.050000,book_0,-1.589108e-01,1.604880e-02,8.913637e-03,-4.429383e-02,4.871107e-02,-6.727389e-01,7.369448e-01,-1.900435e-02,-1.584750e-01,2.556037e-03,5.277644e-01,-4.318530e-03,3.998611e+00,84.783422,1.259670e-02
122,3.075000,book_0,-1.587855e-01,1.738693e-02,8.903520e-03,-4.360740e-02,4.912665e-02,-6.634858e-01,7.452997e-01,5.012726e-03,5.352527e-02,-4.046958e-04,1.285094e-01,-1.221244e-02,9.911114e-01,83.351955,1.250108e-02
123,3.100000,book_0,-1.581393e-01,1.453346e-02,8.817848e-03,-4.623762e-02,4.665636e-02,-7.031990e-01,7.079523e-01,2.584731e-02,-1.141388e-01,-3.426884e-03,-5.751709e-01,5.581130e-04,-4.337738e+00,89.613451,1.199220e-02
124,3.125000,book_0,-1.582018e-01,1.582290e-02,8.818673e-03,-4.653172e-02,4.609364e-02,-7.097558e-01,7.013964e-01,-2.502477e-03,5.157747e-02,3.299899e-05,-9.704053e-02,-1.510976e-02,-7.370144e-01,89.321773,1.203540e-02
125,3.150000,book_0,-1.582079e-01,1.664008e-02,8.819387e-03,-4.648672e-02,4.613430e-02,-7.089275e-01,7.022338e-01,-2.436956e-04,3.268742e-02,2.856570e-05,1.100485e-02,-2.785073e-04,9.370933e-02,89.456910,1.204008e-02
126,3.175000,book_0,-1.584769e-01,1.822083e-02,8.729109e-03,-4.600797e-02,4.660809e-02,-7.088946e-01,7.022673e-01,-1.075872e-02,6.322995e-02,-3.611110e-03,5.401257e-02,-5.359230e-04,2.232122e-04,89.467340,1.216043e-02
127,3.200000,book_0,-1.584846e-01,1.856089e-02,8.728407e-03,-4.606716e-02,4.654127e-02,-7.082032e-01,7.029652e-01,-3.093000e-04,1.360210e-02,-2.807344e-05,-1.968585e-03,-4.544246e-04,7.888739e-02,89.579000,1.216532e-02
128,3.225000,book_0,-1.584906e-01,1.882917e-02,8.728224e-03,-4.611447e-02,4.648656e-02,-7.076620e-01,7.035105e-01,-2.398873e-04,1.073158e-02,-7.308862e-06,-1.735493e-03,-4.325843e-04,6.170520e-02,89.666303,1.216938e-02
129,3.250000,book_0,-1.584293e-01,1.989681e-02,8.737063e-03,-4.622626e-02,4.638164e-02,-7.071066e-01,7.040683e-01,2.452886e-03,4.270532e-02,3.535540e-04,-8.107797e-03,3.982793e-04,6.363968e-02,89.755161,1.213297e-02
130,3.275000,book_0,-1.587625e-01,1.614836e-02,8.798486e-03,-4.402571e-02,4.849986e-02,-6.729309e-01,7.367995e-01,-1.332921e-02,-1.499377e-01,2.456893e-03,4.921775e-01,-2.372824e-04,3.764749e+00,84.810426,1.241044e-02
131,3.300000,book_0,-1.585924e-01,1.750094e-02,8.749957e-03,-4.368998e-02,4.967843e-02,-6.626427e-01,7.460080e-01,6.806689e-03,5.410317e-02,-1.941157e-03,1.556035e-01,5.190722e-02,1.096820e+00,83.223785,1.225613e-02
132,3.325000,book_0,-1.579409e-01,1.468178e-02,8.660282e-03,-4.635694e-02,4.718875e-02,-7.020560e-01,7.090427e-01,2.605714e-02,-1.127666e-01,-3.587003e-03,-5.778353e-01,1.949761e-03,-4.298800e+00,89.430659,1.174189e-02
133,3.350000,book_0,-1.580780e-01,1.619629e-02,8.650214e-03,-4.673740e-02,4.583694e-02,-7.155536e-01,6.954838e-01,-5.483554e-03,6.058059e-02,-4.027177e-04,-1.987799e-01,-5.419115e-02,-1.520990e+00,88.372429,1.182780e-02
134,3.375000,book_0,-1.580958e-01,1.694007e-02,8.652081e-03,-4.664594e-02,4.591632e-02,-7.135681e-01,6.975216e-01,-7.110882e-04,2.975128e-02,7.470043e-05,2.453296e-02,-8.680781e-04,2.264981e-01,88.698673,1.184132e-02
135,3.400000,book_0,-1.582809e-01,1.856644e-02,8.652663e-03,-4.650602e-02,4.605005e-02,-7.124321e-01,6.986824e-01,-7.402586e-03,6.505454e-02,2.327619e-05,2.394686e-02,-5.501323e-04,1.286413e-01,88.885840,1.196918e-02
136,3.425000,book_0,-1.582972e-01,1.883795e-02,8.654168e-03,-4.645816e-02,4.609337e-02,-7.110672e-01,7.000717e-01,-6.530288e-04,1.086043e-02,6.019021e-05,1.534071e-02,-3.465988e-04,1.551316e-01,89.109016,1.198158e-02
137,3.450000,book_0,-1.583104e-01,1.905092e-02,8.655519e-03,-4.641893e-02,4.612501e-02,-7.099751e-01,7.011798e-01,-5.282208e-04,8.519003e-03,5.406032e-05,1.214247e-02,-4.867379e-04,1.239334e-01,89.287288,1.199172e-02
138,3.475000,book_0,-1.584710e-01,2.013663e-02,8.650818e-03,-4.628382e-02,4.625211e-02,-7.095788e-01,7.015814e-01,-6.423716e-03,4.342836e-02,-1.880743e-04,1.775183e-02,-5.539174e-04,4.407080e-02,89.353195,1.210034e-02
139,3.500000,book_0,-1.589664e-01,1.640588e-02,8.713621e-03,-4.410014e-02,4.834962e-02,-6.755731e-01,7.343831e-01,-1.981756e-02,-1.492303e-01,2.512138e-03,4.894607e-01,-1.694658e-03,3.759020e+00,85.221016,1.249621e-02
140,3.525000,book_0,-1.591485e-01,1.792644e-02,8.811598e-03,-4.210330e-02,4.762575e-02,-6.591015e-01,7.493626e-01,-7.281034e-03,6.082273e-02,3.919087e-03,1.948018e-01,-1.503141e-01,1.772571e+00,82.667629,1.269525e-02
141,3.550000,book_0,-1.586960e-01,1.543083e-02,8.812114e-03,-4.375703e-02,4.474055e-02,-6.957975e-01,7.155064e-01,1.809981e-02,-9.982445e-02,2.063657e-05,-5.057541e-01,-8.047532e-02,-3.974014e+00,88.401104,1.237316e-02
142,3.575000,book_0,-1.587311e-01,1.648787e-02,8.812623e-03,-4.406080e-02,4.428056e-02,-7.024711e-01,7.089656e-01,-1.404271e-03,4.228133e-02,2.034036e-05,-8.977981e-02,-9.372098e-03,-7.434195e-01,89.473667,1.239824e-02
143,3.600000,book_0,-1.587243e-01,1.717178e-02,8.812048e-03,-4.407589e-02,4.426744e-02,-7.031915e-01,7.082510e-01,2.717535e-04,2.735667e-02,-2.296589e-05,-6.663351e-03,9.640119e-05,-8.092013e-02,89.589862,1.239305e-02
144,3.625000,book_0,-1.587182e-01,1.771810e-02,8.811515e-03,-4.409465e-02,4.424248e-02,-7.036778e-01,7.077682e-01,2.443499e-04,2.185285e-02,-2.133194e-05,-5.892527e-03,-3.637617e-04,-5.456581e-02,89.668464,1.238836e-02
145,3.650000,book_0,-1.587306e-01,1.902446e-02,8.836301e-03,-4.421136e-02,4.412753e-02,-7.041487e-01,7.072996e-01,-4.978538e-04,5.225434e-02,9.914261e-04,-1.639864e-02,5.836706e-05,-5.221954e-02,89.745608,1.241473e-02
146,3.675000,book_0,-1.587258e-01,1.920339e-02,8.836142e-03,-4.420271e-02,4.412952e-02,-7.044312e-01,7.070187e-01,1.945219e-04,7.157258e-03,-6.341360e-06,-1.389386e-03,-3.820089e-04,-3.184952e-02,89.791121,1.241119e-02
147,3.700000,book_0,-1.587296e-01,2.006613e-02,8.804677e-03,-4.402933e-02,4.430696e-02,-7.047248e-01,7.067258e-01,-1.550167e-04,3.450950e-02,-1.258606e-03,1.773384e-02,2.618776e-04,-3.435173e-02,89.836776,1.239159e-02
148,3.725000,book_0,-1.583242e-01,1.616200e-02,8.736021e-03,-4.620205e-02,4.214282e-02,-7.383487e-01,6.715136e-01,1.621752e-02,-1.561654e-01,-2.746256e-03,-4.886440e-01,6.521463e-03,-3.875509e+00,84.572455,1.205934e-02
149,3.750000,book_0,-1.585819e-01,1.748368e-02,8.739413e-03,-4.617888e-02,4.122355e-02,-7.466916e-01,6.622838e-01,-1.030707e-02,5.286748e-02,1.356827e-04,-1.153063e-01,-5.047612e-02,-9.901297e-01,83.144742,1.224125e-02
150,3.775000,book_0,-1.592479e-01,1.461033e-02,8.820254e-03,-4.386915e-02,4.367428e-02,-7.091128e-01,7.023725e-01,-2.664014e-02,-1.149342e-01,3.233653e-03,5.416226e-01,-1.508406e-03,4.375698e+00,89.453915,1.277311e-02
151,3.800000,book_0,-1.593714e-01,1.615264e-02,8.799116e-03,-4.356639e-02,4.518574e-02,-6.955740e-01,7.157074e-01,-4.942313e-03,6.169229e-02,-8.455245e-04,1.968938e-01,6.868944e-02,1.511125e+00,88.363551,1.284850e-02
152,3.825000,book_0,-1.593550e-01,1.690512e-02,8.796739e-03,-4.373338e-02,4.501216e-02,-6.975311e-01,7.138008e-01,6.583726e-04,3.009945e-02,-9.508688e-05,-3.293936e-02,-5.755992e-04,-2.169407e-01,88.677758,1.283486e-02
153,3.850000,book_0,-1.593144e-01,1.758611e-02,8.793374e-03,-4.386946e-02,4.488633e-02,-6.991211e-01,7.122432e-01,1.621496e-03,2.723930e-02,-1.346039e-04,-2.596765e-02,4.541984e-04,-1.767844e-01,88.933647,1.280300e-02
154,3.875000,book_0,-1.593002e-01,1.804993e-02,8.791509e-03,-4.397204e-02,4.478476e-02,-7.004500e-01,7.109364e-01,5.690029e-04,1.855296e-02,-7.457353e-05,-2.088347e-02,-2.144927e-05,-1.480800e-01,89.147832,1.279137e-02
155,3.900000,book_0,-1.592879e-01,1.842060e-02,8.789822e-03,-4.405070e-02,4.470921e-02,-7.015469e-01,7.098539e-01,4.933654e-04,1.482670e-02,-6.749182e-05,-1.644583e-02,1.302084e-04,-1.225007e-01,89.324870,1.278124e-02
156,3.925000,book_0,-1.592780e-01,1.871695e-02,8.788414e-03,-4.411202e-02,4.464441e-02,-7.024093e-01,7.090008e-01,3.936071e-04,1.185423e-02,-5.630363e-05,-1.321031e-02,-2.255864e-04,-9.640855e-02,89.464248,1.277311e-02
157,3.950000,book_0,-1.593375e-01,1.958999e-02,8.795814e-03,-4.417467e-02,4.457263e-02,-7.032136e-01,7.082038e-01,-2.378998e-03,3.492131e-02,2.959926e-04,-1.327186e-02,-5.422643e-04,-8.992681e-02,89.594425,1.282149e-02
158,3.975000,book_0,-1.593305e-01,1.965498e-02,8.795092e-03,-4.421800e-02,4.453641e-02,-7.037411e-01,7.076791e-01,2.801603e-04,2.599725e-03,-2.890632e-05,-8.227641e-03,3.916787e-04,-5.911892e-02,89.679916,1.281589e-02
159,4.000000,book_0,-1.593214e-01,1.975203e-02,8.780650e-03,-4.417356e-02,4.457741e-02,-7.041414e-01,7.072811e-01,3.642408e-04,3.881960e-03,-5.776627e-04,1.990059e-03,-1.781426e-04,-4.537519e-02,89.744042,1.279936e-02
0,0.025000,book_1,-1.099901e-01,5.490037e-02,1.991365e-05,5.626623e-17,-7.779268e-05,2.006626e-16,1.000000e+00,1.028048e-16,8.326673e-17,-4.050447e-18,4.229832e-16,3.814662e-18,-2.493332e-15,0.000000,0.000000e+00
1,0.050000,book_1,-1.099901e-01,5.490037e-02,1.991365e-05,5.169521e-17,-7.779268e-05,1.613794e-16,1.000000e+00,1.308953e-16,8.326673e-17,-1.014773e-17,-3.654365e-16,-5.571662e-17,-3.142689e-15,0.000000,2.541099e-19
2,0.075000,book_1,-1.099901e-01,5.490037e-02,1.991365e-05,4.532723e-17,-7.779268e-05,1.627174e-16,1.000000e+00,5.950647e-18,8.326673e-17,-2.071535e-17,-5.094474e-16,-3.318748e-16,1.070026e-16,0.000000,7.724940e-19
3,0.100000,book_1,-1.099901e-01,5.490037e-02,1.991365e-05,5.504214e-17,-7.779268e-05,1.590986e-16,1.000000e+00,1.179580e-17,2.775558e-17,2.668127e-17,7.772155e-16,1.638799e-16,-2.894485e-16,0.000000,1.050321e-19
4,0.125000,book_1,-1.099901e-01,5.490037e-02,1.991365e-05,4.583928e-17,-7.779268e-05,1.413826e-16,1.000000e+00,5.792554e-17,2.775558e-17,-2.231855e-17,-7.361185e-16,1.524268e-16,-1.417337e-15,0.000000,6.640738e-19
5,0.150000,book_1,-1.099901e-01,5.490037e-02,1.991365e-05,4.011464e-17,-7.779268e-05,1.241423e-16,1.000000e+00,5.248982e-17,5.551115e-17,-3.098433e-18,-4.578635e-16,1.291263e-16,-1.379257e-15,0.000000,7.420009e-19
6,0.175000,book_1,-1.099901e-01,5.490037e-02,1.991365e-05,3.560925e-17,-7.779268e-05,9.863285e-17,1.000000e+00,8.909029e-17,8.326673e-17,-9.236738e-18,-3.602731e-16,-6.991307e-17,-2.040784e-15,0.000000,9.723938e-19
7,0.200000,book_1,-1.099901e-01,5.490037e-02,1.991365e-05,3.581355e-17,-7.779268e-05,8.414543e-17,1.000000e+00,4.699732e-17,8.326673e-17,-2.154179e-17,1.643422e-17,1.586186e-16,-1.158992e-15,0.000000,1.511107e-18
8,0.225000,book_1,-1.099901e-01,5.490037e-02,1.991365e-05,4.406562e-17,-7.779268e-05,7.877869e-17,1.000000e+00,1.186207e-17,2.775558e-17,-1.176130e-17,6.601994e-16,-1.870476e-16,-4.292883e-16,0.000000,1.805874e-18
9,0.250000,book_1,-1.099901e-01,5.490037e-02,1.991365e-05,5.116963e-17,-7.779268e-05,6.750217e-17,1.000000e+00,3.705652e-17,5.551115e-17,-1.824479e-18,5.683906e-16,5.776399e-17,-9.020773e-16,0.000000,1.849920e-18
10,0.275000,book_1,-1.099901e-01,5.490037e-02,1.991365e-05,4.700536e-17,-7.779268e-05,4.087703e-17,1.000000e+00,9.913050e-17,5.551115e-17,-2.655369e-17,-3.329758e-16,-2.630035e-16,-2.130037e-15,0.000000,2.513994e-18
11,0.300000,book_1,-1.099901e-01,5.490037e-02,1.991365e-05,4.999327e-17,-7.779268e-05,1.096758e-17,1.000000e+00,9.574768e-17,8.326673e-17,9.960732e-19,2.392190e-16,8.238435e-17,-2.392738e-15,0.000000,2.490277e-18
12,0.325000,book_1,-1.099901e-01,5.490037e-02,1.991365e-05,7.054204e-17,-7.779268e-05,-1.768697e-17,1.000000e+00,9.147146e-17,8.326673e-17,3.363241e-17,1.644080e-15,-1.360494e-16,-2.292236e-15,0.000000,1.650020e-18
13,0.350000,book_1,-1.099901e-01,5.490037e-02,1.991365e-05,4.662569e-17,-7.779268e-05,-5.326027e-17,1.000000e+00,1.136096e-16,8.326673e-17,-8.825645e-17,-1.913087e-15,-5.430942e-17,-2.846013e-15,0.000000,3.855694e-18
14,0.375000,book_1,-1.103113e-01,5.599688e-02,9.081413e-05,-1.699647e-03,-7.778711e-05,-1.184460e-02,9.999284e-01,-1.284887e-02,4.386046e-02,2.836019e-03,-1.359078e-01,-1.728227e-16,-9.476468e-01,1.371227,3.289534e-04
15,0.400000,book_1,-1.106325e-01,5.096214e-02,1.617146e-04,-3.399051e-03,-7.777041e-05,-2.368751e-02,9.997136e-01,-1.284887e-02,-2.013895e-01,2.836019e-03,-1.359078e-01,-1.728227e-16,-9.476468e-01,2.742454,6.579068e-04
16,0.425000,book_1,-1.108258e-01,5.173459e-02,2.142053e-04,-2.775914e-03,-7.851685e-05,-2.113272e-02,9.997728e-01,-7.728562e-03,3.089790e-02,2.099628e-03,4.983559e-02,-5.454675e-04,2.044415e-01,2.442619,8.579470e-04
17,0.450000,book_1,-1.106169e-01,6.827232e-02,7.478159e-04,-1.563115e-02,2.640374e-04,-2.607107e-02,9.995378e-01,8.354568e-03,6.615091e-01,2.134442e-02,-1.027725e+00,4.803782e-02,-3.955692e-01,3.483881,9.605789e-04
18,0.475000,book_1,-1.104080e-01,7.867879e-02,1.281427e-03,-2.848342e-02,6.065416e-04,-3.100446e-02,9.991131e-01,8.354568e-03,4.162591e-01,2.134442e-02,-1.027725e+00,4.803782e-02,-3.955692e-01,4.825965,1.328939e-03
19,0.500000,book_1,-1.101992e-01,8.295402e-02,1.815037e-03,-4.133028e-02,9.489306e-04,-3.593197e-02,9.984988e-01,8.354568e-03,1.710091e-01,2.134442e-02,-1.027725e+00,4.803782e-02,-3.955692e-01,6.278846,1.807257e-03
20,0.525000,book_1,-1.099903e-01,8.109800e-02,2.348648e-03,-5.416930e-02,1.291139e-03,-4.085265e-02,9.976949e-01,8.354568e-03,-7.424089e-02,2.134442e-02,-1.027725e+00,4.803782e-02,-3.955692e-01,7.780702,2.328734e-03
21,0.550000,book_1,-1.097814e-01,7.311073e-02,2.882258e-03,-6.699803e-02,1.633103e-03,-4.576559e-02,9.967016e-01,8.354568e-03,-3.194909e-01,2.134442e-02,-1.027725e+00,4.803782e-02,-3.955692e-01,9.307856,2.869940e-03
22,0.575000,book_1,-1.095726e-01,5.899220e-02,3.415869e-03,-7.981405e-02,1.974757e-03,-5.066983e-02,9.955192e-01,8.354568e-03,-5.647409e-01,2.134442e-02,-1.027725e+00,4.803782e-02,-3.955692e-01,10.849630,3.421526e-03
23,0.600000,book_1,-1.093477e-01,5.493780e-02,8.808090e-03,4.302316e-03,1.660644e-02,-4.643304e-02,9.987741e-01,8.993662e-03,-1.621762e-01,2.156888e-01,6.804819e+00,8.539794e-01,2.448008e-01,5.345564,8.811622e-03
24,0.625000,book_1,-1.096111e-01,5.493345e-02,1.114592e-02,4.308159e-03,1.662521e-02,-4.311329e-02,9.989226e-01,-1.053540e-02,-1.739562e-04,9.351317e-02,4.895858e-03,1.381450e-04,2.658062e-01,4.966578,1.113246e-02
25,0.650000,book_1,-1.114251e-01,7.087799e-02,1.171047e-02,6.477055e-03,1.766504e-02,-6.360492e-02,9.977978e-01,-7.255963e-02,6.377815e-01,2.258206e-02,1.500767e-01,8.419294e-02,-1.644321e+00,7.331280,1.177830e-02
26,0.675000,book_1,-1.132391e-01,8.069128e-02,1.227502e-02,8.643186e-03,1.869733e-02,-8.406939e-02,9.962470e-01,-7.255963e-02,3.925315e-01,2.258206e-02,1.500767e-01,8.419294e-02,-1.644321e+00,9.695987,1.267847e-02
27,0.700000,book_1,-1.132258e-01,8.346227e-02,1.244298e-02,-7.025942e-03,-5.344171e-02,-1.334337e-01,9.895909e-01,5.322067e-04,1.108399e-01,6.718346e-03,-1.810416e+00,-5.622286e+00,-4.021483e+00,15.357495,1.283754e-02
28,0.725000,book_1,-1.128683e-01,8.000071e-02,1.276218e-02,-2.295156e-02,-1.382491e-01,-1.873832e-01,9.722386e-01,1.430107e-02,-1.384624e-01,1.276799e-02,-1.955602e+00,-6.684093e+00,-4.500662e+00,21.763606,1.306328e-02
29,0.750000,book_1,-1.085158e-01,6.840277e-02,1.412795e-02,-1.476517e-02,-1.144894e-01,-1.881011e-01,9.753421e-01,1.740995e-01,-4.639177e-01,5.463090e-02,1.006863e+00,1.758855e+00,3.761220e-02,21.751486,1.418487e-02
30,0.775000,book_1,-1.041633e-01,5.067358e-02,1.549373e-02,-6.569316e-03,-9.065628e-02,-1.886983e-01,9.778196e-01,1.740995e-01,-7.091677e-01,5.463090e-02,1.006863e+00,1.758855e+00,3.761220e-02,21.766994,1.653453e-02
31,0.800000,book_1,-9.592346e-02,4.892632e-02,1.737055e-02,7.651035e-03,-8.726838e-02,-2.972146e-01,9.507835e-01,3.295931e-01,-6.989005e-02,7.507299e-02,1.948739e+00,-2.040561e-01,-8.851831e+00,34.592580,2.233640e-02
32,0.825000,book_1,-8.374151e-02,4.192532e-02,1.944301e-02,2.025868e-02,-5.692247e-02,-4.759481e-01,8.773955e-01,4.872780e-01,-2.800400e-01,8.289834e-02,3.031475e+00,1.636898e+00,-1.553161e+01,56.898361,3.265341e-02
33,0.850000,book_1,-7.531621e-02,3.322493e-02,2.034718e-02,2.497006e-02,-9.323762e-02,-6.254380e-01,7.742806e-01,3.370120e-01,-3.480159e-01,3.616695e-02,-2.077311e-01,-3.007303e+00,-1.470894e+01,77.501882,4.019299e-02
34,0.875000,book_1,-6.693953e-02,1.891102e-02,2.142847e-02,4.116899e-02,-1.063453e-01,-7.650520e-01,6.337912e-01,3.350670e-01,-5.725562e-01,4.325145e-02,1.703364e+00,-2.439839e+00,-1.589807e+01,79.979598,4.807990e-02
35,0.900000,book_1,-6.475367e-02,2.175214e-02,2.171813e-02,4.793515e-02,-9.642149e-02,-7.757476e-01,6.217884e-01,8.743432e-02,1.136450e-01,1.158640e-02,1.081187e+00,2.216706e-02,-1.186917e+00,77.985205,5.017117e-02
36,0.925000,book_1,-6.341171e-02,2.277281e-02,2.164731e-02,5.572013e-02,-9.178879e-02,-7.730676e-01,6.251692e-01,5.367845e-02,4.082655e-02,-2.832666e-03,6.411478e-01,-2.369006e-01,4.209622e-01,78.376681,5.135455e-02
37,0.950000,book_1,-6.303733e-02,2.088853e-02,2.152171e-02,5.631454e-02,-9.971070e-02,-7.008011e-01,7.041053e-01,1.497545e-02,-7.537117e-02,-5.023934e-03,-1.350509e+00,-1.764802e-01,8.514221e+00,89.346067,5.164194e-02
38,0.975000,book_1,-6.309138e-02,1.494139e-02,2.288770e-02,1.596451e-01,3.177701e-03,-6.653500e-01,7.292549e-01,-2.162329e-03,-2.378857e-01,5.463928e-02,1.132379e+01,4.381665e-02,4.749653e+00,86.350914,5.217686e-02
39,1.000000,book_1,-6.284469e-02,1.597074e-02,2.266486e-02,1.165204e-01,-3.970334e-02,-7.010151e-01,7.024418e-01,9.867617e-03,4.117389e-02,-8.913341e-03,-4.477743e+00,2.567927e-01,-4.056157e+00,89.427124,5.230184e-02
40,1.025000,book_1,-6.324730e-02,2.218130e-02,2.291267e-02,5.137852e-02,-1.015708e-01,-7.545619e-01,6.462816e-01,-1.610421e-02,2.484224e-01,9.912230e-03,-6.482363e+00,5.008666e-01,-6.991487e+00,81.720225,5.204774e-02
41,1.050000,book_1,-6.334045e-02,2.557115e-02,2.394728e-02,1.651989e-02,-1.438285e-01,-7.330346e-01,6.646057e-01,-3.725895e-03,1.355942e-01,4.138432e-02,-4.612167e+00,-2.021746e-02,1.765559e+00,85.685828,5.242813e-02
42,1.075000,book_1,-6.367183e-02,2.469045e-02,2.486911e-02,3.830118e-02,-1.328351e-01,-6.570081e-01,7.410993e-01,-1.325526e-02,-3.522815e-02,3.687320e-02,8.319723e-01,8.740353e-02,8.847250e+00,82.313845,5.256295e-02
43,1.100000,book_1,-6.351463e-02,2.381092e-02,2.466673e-02,8.956240e-02,-7.251293e-02,-6.196904e-01,7.763403e-01,6.287754e-03,-3.518114e-02,-8.094920e-03,5.730698e+00,1.147313e+00,4.815788e+00,77.530212,5.260641e-02
44,1.125000,book_1,-6.351051e-02,2.232464e-02,2.455784e-02,8.801446e-02,-7.208272e-02,-6.444952e-01,7.560976e-01,1.650244e-04,-5.945126e-02,-4.355599e-03,2.142312e-01,1.638400e-01,-2.551301e+00,81.155176,5.255913e-02
45,1.150000,book_1,-6.252609e-02,2.699178e-02,2.488388e-02,1.106238e-01,-5.499255e-02,-7.324640e-01,6.695033e-01,3.937665e-02,1.866855e-01,1.304150e-02,3.392973e+00,-1.203327e-02,-9.612190e+00,84.405787,5.358216e-02
46,1.175000,book_1,-6.196393e-02,3.020241e-02,2.554105e-02,1.393294e-01,-3.684285e-02,-7.479397e-01,6.479321e-01,2.248671e-02,1.284253e-01,2.628672e-02,2.862644e+00,-6.685244e-01,-1.807659e+00,80.929301,5.438604e-02
47,1.200000,book_1,-6.226512e-02,2.999501e-02,2.609044e-02,1.786435e-01,-4.859025e-03,-7.082147e-01,6.830043e-01,-1.204788e-02,-8.295745e-03,2.197553e-02,3.452855e+00,-1.036701e+00,4.642542e+00,86.160430,5.438148e-02
48,1.225000,book_1,-6.312898e-02,2.444667e-02,2.620522e-02,2.143723e-01,3.587192e-02,-6.523705e-01,7.260651e-01,-3.455450e-02,-2.219338e-01,4.591243e-03,3.637207e+00,-5.824003e-01,6.111206e+00,86.737272,5.368085e-02
49,1.250000,book_1,-6.345524e-02,2.545838e-02,2.634196e-02,2.124444e-01,2.888392e-02,-6.548281e-01,7.247298e-01,-1.305016e-02,4.046865e-02,5.469522e-03,-4.608518e-01,-2.593091e-01,-3.267646e-01,87.011530,5.346347e-02
50,1.275000,book_1,-6.384414e-02,2.806392e-02,2.605203e-02,1.620018e-01,-1.937475e-02,-6.684663e-01,7.256259e-01,-1.555588e-02,1.042213e-01,-1.159723e-02,-5.513358e+00,7.443953e-02,-1.451067e+00,86.915049,5.298227e-02
51,1.300000,book_1,-6.400354e-02,2.755966e-02,2.575999e-02,1.123441e-01,-8.012394e-02,-6.442540e-01,7.522604e-01,-6.376218e-03,-2.017037e-02,-1.168124e-02,-6.538419e+00,-1.147719e+00,1.972933e+00,81.684075,5.270024e-02
52,1.325000,book_1,-6.340746e-02,2.730758e-02,2.474180e-02,-8.769093e-03,-2.246914e-01,-6.394126e-01,7.352471e-01,2.384325e-02,-1.008313e-02,-4.072775e-02,-1.488491e+01,-2.658238e+00,-2.709757e+00,79.505030,5.273626e-02
53,1.350000,book_1,-6.302959e-02,2.586046e-02,2.405522e-02,6.187483e-04,-2.212684e-01,-6.689705e-01,7.095903e-01,1.511468e-02,-5.788482e-02,-2.746310e-02,1.241619e+00,-7.614181e-01,-2.887022e+00,83.975362,5.275400e-02
54,1.375000,book_1,-6.346832e-02,2.648542e-02,2.478662e-02,8.877958e-02,-1.379645e-01,-6.570091e-01,7.358145e-01,-1.754917e-02,2.499838e-02,2.925603e-02,9.322283e+00,4.780978e-01,3.675743e+00,83.055117,5.270356e-02
55,1.400000,book_1,-6.390705e-02,2.097913e-02,2.551802e-02,1.755605e-01,-5.251638e-02,-6.348360e-01,7.506023e-01,-1.754917e-02,-2.202516e-01,2.925603e-02,9.322283e+00,4.780978e-01,3.675743e+00,82.396119,5.266688e-02
56,1.425000,book_1,-6.327265e-02,1.291869e-02,2.584614e-02,1.780822e-01,-6.461937e-02,-7.163198e-01,6.715631e-01,2.537612e-02,-3.224173e-01,1.312458e-02,9.956702e-01,-4.274912e-02,-9.125997e+00,84.856262,5.338084e-02
57,1.450000,book_1,-6.348692e-02,1.489023e-02,2.578676e-02,1.494554e-01,-9.625390e-02,-7.328334e-01,6.567751e-01,-8.570777e-03,7.886150e-02,-2.375108e-03,-3.058300e+00,9.984006e-02,-2.336004e+00,83.179260,5.316461e-02
58,1.475000,book_1,-6.359173e-02,1.586694e-02,2.569045e-02,1.363114e-01,-1.096252e-01,-7.225589e-01,6.688125e-01,-4.192457e-03,3.906816e-02,-3.852511e-03,-1.698076e+00,3.789267e-02,9.847665e-01,85.334155,5.302626e-02
59,1.500000,book_1,-6.374753e-02,1.762802e-02,2.559567e-02,1.212644e-01,-1.253043e-01,-7.124094e-01,6.797548e-01,-6.231922e-03,7.044336e-02,-3.791264e-03,-1.920426e+00,1.616370e-02,8.729312e-01,87.451539,5.284406e-02
60,1.525000,book_1,-6.378550e-02,1.807750e-02,2.559236e-02,1.215674e-01,-1.250533e-01,-7.092818e-01,6.830098e-01,-1.518784e-03,1.797928e-02,-1.321902e-04,-3.214335e-02,-1.326089e-03,3.610644e-01,87.953039,5.280923e-02
61,1.550000,book_1,-6.393086e-02,1.878445e-02,2.563423e-02,1.216164e-01,-1.250719e-01,-7.070386e-01,6.853196e-01,-5.814468e-03,2.827805e-02,1.674565e-03,-4.328496e-02,-2.507800e-03,2.539461e-01,88.315940,5.270243e-02
62,1.575000,book_1,-6.402581e-02,1.964469e-02,2.545255e-02,1.280421e-01,-1.160621e-01,-6.983189e-01,6.946118e-01,-3.798024e-03,3.440933e-02,-7.267107e-03,6.843609e-01,1.386720e-01,1.155776e+00,89.536581,5.253127e-02
63,1.600000,book_1,-6.403795e-02,1.966697e-02,2.543319e-02,1.265411e-01,-1.175854e-01,-6.978332e-01,6.951186e-01,-4.858126e-04,8.914940e-04,-7.742528e-04,-1.782145e-01,-1.067963e-03,2.576295e-02,89.658081,5.251128e-02
64,1.625000,book_1,-6.385837e-02,2.069267e-02,2.538111e-02,1.115826e-01,-1.299973e-01,-6.903001e-01,7.029479e-01,7.183239e-03,4.102779e-02,-2.083113e-03,-1.675287e+00,1.422875e-01,5.897793e-01,88.735368,5.264339e-02
65,1.650000,book_1,-6.368123e-02,1.603134e-02,2.553586e-02,1.330754e-01,-1.058710e-01,-7.158255e-01,6.772563e-01,7.085689e-03,-1.864531e-01,6.189998e-03,3.039395e+00,1.306644e-01,-2.418196e+00,86.546963,5.287319e-02
66,1.675000,book_1,-6.364309e-02,1.736502e-02,2.561601e-02,1.529437e-01,-8.618124e-02,-7.229526e-01,6.682219e-01,1.525758e-03,5.334706e-02,3.205702e-03,2.361658e+00,-7.165089e-02,-5.258611e-01,84.715308,5.294530e-02
67,1.700000,book_1,-6.368936e-02,1.784573e-02,2.553066e-02,1.459003e-01,-9.320126e-02,-7.179168e-01,6.742567e-01,-1.851040e-03,1.922857e-02,-3.414093e-03,-8.911660e-01,1.208114e-02,4.838198e-01,85.791692,5.286356e-02
68,1.725000,book_1,-6.369192e-02,1.877583e-02,2.530456e-02,1.333832e-01,-1.039166e-01,-7.105537e-01,6.830254e-01,-1.023784e-04,3.720411e-02,-9.044001e-03,-1.448136e+00,1.203722e-01,6.825270e-01,87.400448,5.275257e-02
69,1.750000,book_1,-6.372690e-02,1.897133e-02,2.526023e-02,1.300804e-01,-1.072293e-01,-7.077771e-01,6.860266e-01,-1.399091e-03,7.819872e-03,-1.773142e-03,-4.238942e-01,2.048771e-03,2.595176e-01,87.951889,5.270063e-02
70,1.775000,book_1,-6.372426e-02,1.971751e-02,2.514087e-02,1.198793e-01,-1.163685e-01,-7.017501e-01,6.925562e-01,1.055116e-04,2.984699e-02,-4.774112e-03,-1.197149e+00,6.933833e-02,5.179456e-01,89.217971,5.264589e-02
71,1.800000,book_1,-6.420379e-02,1.569351e-02,2.496656e-02,1.129733e-01,-1.227876e-01,-6.649373e-01,7.280237e-01,-1.918102e-02,-1.609599e-01,-6.972401e-03,-1.427778e+00,9.206306e-03,3.910171e+00,84.825420,5.214136e-02
72,1.825000,book_1,-6.404113e-02,1.700169e-02,2.501824e-02,1.115015e-01,-1.235974e-01,-6.582173e-01,7.341942e-01,6.506145e-03,5.232728e-02,2.066975e-03,-2.505853e-01,3.100609e-02,6.978759e-01,83.763379,5.230892e-02
73,1.850000,book_1,-6.344259e-02,1.405109e-02,2.522239e-02,1.181973e-01,-1.172465e-01,-6.983228e-01,6.961523e-01,2.394157e-02,-1.180241e-01,8.165914e-03,1.465896e+00,2.037783e-03,-4.242609e+00,89.813754,5.293236e-02
74,1.875000,book_1,-6.352203e-02,1.551280e-02,2.518058e-02,1.197119e-01,-1.161955e-01,-7.059983e-01,6.882834e-01,-3.177493e-03,5.846849e-02,-1.672418e-03,2.894879e-01,-2.731203e-02,-8.429717e-01,88.537133,5.284259e-02
75,1.900000,book_1,-6.353582e-02,1.639252e-02,2.517551e-02,1.193887e-01,-1.165242e-01,-7.043205e-01,6.900008e-01,-5.515301e-04,3.518875e-02,-2.025899e-04,-6.840872e-02,4.575581e-05,1.832263e-01,88.817212,5.282806e-02
76,1.925000,book_1,-6.343381e-02,1.800166e-02,2.522441e-02,1.181283e-01,-1.179575e-01,-7.036486e-01,6.906593e-01,4.080485e-03,6.436543e-02,1.955881e-03,-1.628860e-01,-8.379246e-03,4.875687e-02,88.959945,5.294105e-02
77,1.950000,book_1,-6.344131e-02,1.837316e-02,2.522053e-02,1.180012e-01,-1.181726e-01,-7.024227e-01,6.918911e-01,-2.999845e-04,1.486011e-02,-1.552135e-04,-4.234077e-02,-4.686487e-03,1.338420e-01,89.160938,5.293260e-02
78,1.975000,book_1,-6.368547e-02,1.946796e-02,2.526551e-02,1.173924e-01,-1.187885e-01,-7.021769e-01,6.921387e-01,-9.766362e-03,4.379212e-02,1.799288e-03,-7.296840e-02,1.378940e-04,1.594953e-02,89.216933,5.273954e-02
79,2.000000,book_1,-6.370039e-02,1.954240e-02,2.526781e-02,1.176365e-01,-1.185530e-01,-7.010666e-01,6.932622e-01,-5.970919e-04,2.977366e-03,9.220469e-05,5.642695e-03,-4.273389e-04,1.291202e-01,89.388903,5.272753e-02
80,2.025000,book_1,-6.371297e-02,1.959484e-02,2.526977e-02,1.178933e-01,-1.183029e-01,-7.001165e-01,6.942208e-01,-5.030092e-04,2.097620e-03,7.812928e-05,1.023837e-02,-3.784602e-04,1.112490e-01,89.534534,5.271743e-02
81,2.050000,book_1,-6.381090e-02,2.043975e-02,2.540348e-02,1.256083e-01,-1.119655e-01,-6.914321e-01,7.025724e-01,-3.917137e-03,3.379645e-02,5.348429e-03,6.225435e-01,-8.302052e-02,1.082996e+00,89.295907,5.269576e-02
82,2.075000,book_1,-6.372343e-02,1.587625e-02,2.553546e-02,1.061000e-01,-1.376793e-01,-7.162034e-01,6.758993e-01,3.498696e-03,-1.825398e-01,5.279389e-03,-2.031315e+00,-3.565925e-01,-3.304742e+00,87.225277,5.283604e-02
83,2.100000,book_1,-6.393174e-02,1.733889e-02,2.559495e-02,8.723926e-02,-1.547344e-01,-7.333184e-01,6.562702e-01,-8.332433e-03,5.850531e-02,2.379402e-03,-1.643003e+00,8.757437e-02,-2.404211e+00,84.794207,5.268258e-02
84,2.125000,book_1,-6.411172e-02,1.785414e-02,2.566598e-02,9.423552e-02,-1.484096e-01,-7.263364e-01,6.644770e-01,-7.199162e-03,2.061029e-02,2.841313e-03,5.947181e-01,-2.551887e-02,9.788698e-01,85.820016,5.255993e-02
85,2.150000,book_1,-6.440934e-02,1.939052e-02,2.584260e-02,1.103098e-01,-1.339610e-01,-7.099170e-01,6.825716e-01,-1.190464e-02,6.145506e-02,7.064856e-03,1.363415e+00,-7.495194e-02,2.225204e+00,88.148977,5.238718e-02
86,2.175000,book_1,-6.444367e-02,1.949309e-02,2.587287e-02,1.121215e-01,-1.327324e-01,-7.084823e-01,6.840056e-01,-1.373233e-03,4.102754e-03,1.210639e-03,1.406756e-01,-3.309981e-02,1.900442e-01,88.336081,5.237225e-02
87,2.200000,book_1,-6.447859e-02,1.955717e-02,2.589304e-02,1.141224e-01,-1.307755e-01,-7.061813e-01,6.864269e-01,-1.396972e-03,2.563355e-03,8.068098e-04,1.742567e-01,-1.256141e-03,3.019502e-01,88.657335,5.235184e-02
88,2.225000,book_1,-6.484317e-02,2.083786e-02,2.605864e-02,1.266808e-01,-1.190462e-01,-6.925887e-01,7.000720e-01,-1.458326e-02,5.122731e-02,6.624028e-03,1.085849e+00,-4.673273e-02,1.756356e+00,89.510360,5.211775e-02
89,2.250000,book_1,-6.506546e-02,1.533308e-02,2.627274e-02,1.299423e-01,-1.172596e-01,-6.910611e-01,7.012844e-01,-8.891407e-03,-2.201910e-01,8.564164e-03,2.548200e-01,-8.458636e-02,2.018961e-01,89.364053,5.203301e-02
90,2.275000,book_1,-6.505448e-02,1.622397e-02,2.626524e-02,1.286620e-01,-1.185651e-01,-6.921158e-01,7.002600e-01,4.390455e-04,3.563571e-02,-3.003318e-04,-1.234595e-01,-1.106795e-03,-1.413867e-01,89.493296,5.203870e-02
91,2.300000,book_1,-6.504340e-02,1.695638e-02,2.625698e-02,1.276510e-01,-1.195898e-01,-6.930542e-01,6.993421e-01,4.433524e-04,2.929615e-02,-3.301047e-04,-9.502745e-02,-4.706431e-04,-1.235319e-01,89.612554,5.204411e-02
92,2.325000,book_1,-6.512596e-02,1.791014e-02,2.630455e-02,1.267740e-01,-1.204860e-01,-6.937523e-01,6.986553e-01,-3.302667e-03,3.815064e-02,1.902551e-03,-8.505640e-02,-9.580917e-04,-9.467845e-02,89.697929,5.199685e-02
93,2.350000,book_1,-6.501813e-02,1.907834e-02,2.626684e-02,1.264155e-01,-1.208437e-01,-6.939685e-01,6.984437e-01,4.313380e-03,4.672807e-02,-1.508127e-03,-3.566619e-02,5.610974e-05,-3.091059e-02,89.721907,5.207090e-02
94,2.375000,book_1,-6.501226e-02,1.923704e-02,2.626252e-02,1.258099e-01,-1.214537e-01,-6.944029e-01,6.980154e-01,2.349489e-04,6.348014e-03,-1.728698e-04,-5.916545e-02,-2.074639e-04,-6.007614e-02,89.773518,5.207380e-02
95,2.400000,book_1,-6.490848e-02,2.062426e-02,2.626772e-02,1.254775e-01,-1.218054e-01,-6.944343e-01,6.979827e-01,4.150908e-03,5.548844e-02,2.080487e-04,-3.746776e-02,-1.174131e-03,-1.033282e-02,89.768934,5.216607e-02
96,2.425000,book_1,-6.481789e-02,1.581201e-02,2.630366e-02,1.249201e-01,-1.229651e-01,-6.954321e-01,6.968851e-01,3.623893e-03,-1.924900e-01,1.437678e-03,-7.481352e-02,-3.447255e-02,-1.337678e-01,89.911854,5.226245e-02
97,2.450000,book_1,-6.481288e-02,1.660623e-02,2.630159e-02,1.246759e-01,-1.232505e-01,-6.956161e-01,6.966947e-01,2.002810e-04,3.176882e-02,-8.282324e-05,-2.577489e-02,-2.359821e-03,-2.610363e-02,89.934203,5.226574e-02
98,2.475000,book_1,-6.481205e-02,1.726077e-02,2.630076e-02,1.244731e-01,-1.234358e-01,-6.957640e-01,6.965505e-01,3.335235e-05,2.618180e-02,-3.340196e-05,-1.872179e-02,1.013697e-03,-2.011619e-02,89.951989,5.226604e-02
99,2.500000,book_1,-6.481226e-02,1.777735e-02,2.630193e-02,1.243282e-01,-1.235804e-01,-6.958769e-01,6.964379e-01,-8.685183e-06,2.066320e-02,4.664288e-05,-1.388793e-02,1.845539e-05,-1.542896e-02,89.965865,5.226644e-02
100,2.525000,book_1,-6.467851e-02,1.926457e-02,2.601193e-02,1.256382e-01,-1.222957e-01,-6.956460e-01,6.966602e-01,5.350135e-03,5.948885e-02,-1.160001e-02,1.400127e-01,-1.444545e-03,5.096473e-02,89.966579,5.223719e-02
101,2.550000,book_1,-6.467672e-02,1.938721e-02,2.600922e-02,1.252792e-01,-1.226670e-01,-6.957709e-01,6.965349e-01,7.167082e-05,4.905313e-03,-1.082142e-04,-3.819036e-02,-6.934992e-04,-2.117541e-02,89.976161,5.223740e-02
102,2.575000,book_1,-6.447806e-02,2.039844e-02,2.599207e-02,1.253657e-01,-1.226039e-01,-6.952485e-01,6.970518e-01,7.946295e-03,4.044930e-02,-6.858619e-04,-1.974921e-03,-1.456735e-03,5.936313e-02,89.895381,5.240132e-02
103,2.600000,book_1,-6.457149e-02,1.442101e-02,2.618142e-02,1.184893e-01,-1.329163e-01,-7.081236e-01,6.832675e-01,-3.736994e-03,-2.390971e-01,7.573757e-03,-6.926800e-01,-1.987203e-01,-1.655946e+00,88.225981,5.241445e-02
104,2.625000,book_1,-6.459066e-02,1.547343e-02,2.619163e-02,1.196636e-01,-1.319177e-01,-7.058825e-01,6.855714e-01,-7.669792e-04,4.209657e-02,4.086813e-04,7.509818e-02,-8.686529e-03,2.749722e-01,88.557191,5.240294e-02
105,2.650000,book_1,-6.460444e-02,1.635171e-02,2.619620e-02,1.208127e-01,-1.308169e-01,-7.039443e-01,6.875709e-01,-5.513194e-04,3.513130e-02,1.826306e-04,8.558365e-02,-1.967317e-03,2.418792e-01,88.838735,5.239328e-02
106,2.675000,book_1,-6.486880e-02,1.793722e-02,2.611701e-02,1.217349e-01,-1.299114e-01,-7.030384e-01,6.885061e-01,-1.057445e-02,6.342054e-02,-3.167668e-03,8.320234e-02,-1.094551e-03,1.209044e-01,88.959184,5.212475e-02
107,2.700000,book_1,-6.487795e-02,1.832452e-02,2.611711e-02,1.221948e-01,-1.294074e-01,-7.019094e-01,6.896704e-01,-3.657263e-04,1.549197e-02,3.940966e-06,3.060790e-02,2.999196e-03,1.373538e-01,89.128104,5.211688e-02
108,2.725000,book_1,-6.488857e-02,1.863027e-02,2.612108e-02,1.227521e-01,-1.289007e-01,-7.008802e-01,6.907123e-01,-4.250168e-04,1.223014e-02,1.588736e-04,3.835911e-02,-2.612591e-03,1.260129e-01,89.277923,5.210967e-02
109,2.750000,book_1,-6.487470e-02,1.945694e-02,2.629820e-02,1.224795e-01,-1.291552e-01,-6.998631e-01,6.917437e-01,5.549552e-04,3.306674e-02,7.084720e-03,-4.995120e-02,1.868641e-03,1.087234e-01,89.448853,5.221060e-02
110,2.775000,book_1,-6.490208e-02,1.950225e-02,2.631412e-02,1.232335e-01,-1.283871e-01,-6.989134e-01,6.927123e-01,-1.095234e-03,1.812118e-03,6.369704e-04,6.543063e-02,9.918375e-04,1.220999e-01,89.579848,5.219497e-02
111,2.800000,book_1,-6.479033e-02,2.000880e-02,2.627692e-02,1.287402e-01,-1.227706e-01,-6.928748e-01,6.987688e-01,4.470013e-03,2.026224e-02,-1.488146e-03,4.975008e-01,6.022252e-03,7.852696e-01,89.616058,5.227283e-02
112,2.825000,book_1,-6.452760e-02,1.604308e-02,2.574202e-02,8.211775e-02,-1.689989e-01,-7.004055e-01,6.885697e-01,1.050923e-02,-1.586289e-01,-2.139579e-02,-5.000872e+00,-2.260654e-02,-1.924645e+00,89.691882,5.223472e-02
113,2.850000,book_1,-6.463023e-02,1.713953e-02,2.585708e-02,7.999539e-02,-1.703586e-01,-7.106875e-01,6.778657e-01,-4.105202e-03,4.385805e-02,4.602403e-03,1.623401e-02,-3.315259e-02,-1.203924e+00,88.684830,5.220227e-02
114,2.875000,book_1,-6.502168e-02,1.398100e-02,2.653502e-02,1.343984e-01,-1.175674e-01,-7.008189e-01,6.906285e-01,-1.565818e-02,-1.263412e-01,2.711763e-02,5.752784e+00,-1.198340e-01,2.347133e+00,88.944539,5.220354e-02
115,2.900000,book_1,-6.517190e-02,1.561139e-02,2.652291e-02,1.463957e-01,-1.020764e-01,-6.974831e-01,6.940216e-01,-6.008766e-03,6.521561e-02,-4.843324e-04,1.463803e+00,1.793324e-01,6.540677e-01,89.093038,5.206803e-02
116,2.925000,book_1,-6.516795e-02,1.646692e-02,2.648873e-02,1.419165e-01,-1.066135e-01,-6.972259e-01,6.945281e-01,1.582513e-04,3.422128e-02,-1.367450e-03,-5.098991e-01,-8.548821e-04,-4.716975e-02,89.282154,5.205404e-02
117,2.950000,book_1,-6.537933e-02,1.794203e-02,2.656689e-02,1.380262e-01,-1.105245e-01,-6.975467e-01,6.943786e-01,-8.455289e-03,5.900425e-02,3.126610e-03,-4.298713e-01,2.062924e-03,-1.037521e-01,89.355674,5.191207e-02
118,2.975000,book_1,-6.537924e-02,1.832917e-02,2.653910e-02,1.352494e-01,-1.133179e-01,-6.972902e-01,6.947324e-01,3.637561e-06,1.548562e-02,-1.111854e-03,-3.163172e-01,7.876614e-05,-2.140548e-02,89.483646,5.189794e-02
119,3.000000,book_1,-6.537880e-02,1.863533e-02,2.651538e-02,1.330079e-01,-1.155668e-01,-6.970366e-01,6.950490e-01,1.762371e-05,1.224654e-02,-9.485496e-04,-2.557526e-01,1.696181e-04,-1.289678e-02,89.593063,5.188620e-02
120,3.025000,book_1,-6.533180e-02,1.942350e-02,2.647841e-02,1.314620e-01,-1.171498e-01,-6.967310e-01,6.953845e-01,1.879858e-03,3.152676e-02,-1.478840e-03,-1.806264e-01,-1.964430e-03,4.568714e-03,89.688735,5.190776e-02
121,3.050000,book_1,-6.533588e-02,1.948867e-02,2.645792e-02,1.296898e-01,-1.189764e-01,-6.965134e-01,6.956251e-01,-1.630405e-04,2.606772e-03,-8.195319e-04,-2.049738e-01,-2.869554e-03,-1.030615e-02,89.776509,5.189381e-02
122,3.075000,book_1,-6.529208e-02,2.024819e-02,2.640037e-02,1.189763e-01,-1.287925e-01,-6.915387e-01,7.007363e-01,1.752015e-03,3.038093e-02,-2.302170e-03,-1.243712e+00,4.774116e-02,3.578700e-01,89.126911,5.190223e-02
123,3.100000,book_1,-6.483318e-02,1.626079e-02,2.662666e-02,1.259636e-01,-1.216892e-01,-7.260415e-01,6.649727e-01,1.835580e-02,-1.594962e-01,9.051628e-03,1.482482e+00,-2.847538e-02,-3.777987e+00,85.066118,5.241246e-02
124,3.125000,book_1,-6.511443e-02,1.774351e-02,2.657346e-02,1.278903e-01,-1.182131e-01,-7.400937e-01,6.495622e-01,-1.125004e-02,5.930877e-02,-2.127874e-03,5.966277e-01,6.460665e-02,-1.589218e+00,82.635026,5.214323e-02
125,3.150000,book_1,-6.572203e-02,1.532147e-02,2.638714e-02,1.223542e-01,-1.240737e-01,-7.070842e-01,6.853226e-01,-2.430412e-02,-9.688160e-02,-7.452856e-03,-1.314324e+00,2.372159e-02,3.724843e+00,88.287907,5.152564e-02
126,3.175000,book_1,-6.583326e-02,1.681660e-02,2.632892e-02,1.195495e-01,-1.262955e-01,-6.899512e-01,7.026555e-01,-4.449219e-03,5.980534e-02,-2.328919e-03,-6.193554e-01,4.119735e-02,1.870772e+00,88.891230,5.140029e-02
127,3.200000,book_1,-6.582271e-02,1.742956e-02,2.633649e-02,1.201259e-01,-1.257329e-01,-6.912045e-01,7.014252e-01,4.220726e-04,2.451842e-02,3.027925e-04,8.788422e-02,-6.298359e-04,-1.271532e-01,89.105455,5.141323e-02
128,3.225000,book_1,-6.581649e-02,1.791245e-02,2.634591e-02,1.206081e-01,-1.252199e-01,-6.922344e-01,7.004179e-01,2.487955e-04,1.931540e-02,3.767536e-04,7.546454e-02,1.876946e-03,-1.037080e-01,89.282035,5.142339e-02
129,3.250000,book_1,-6.559813e-02,1.900965e-02,2.635423e-02,1.212575e-01,-1.245622e-01,-6.925359e-01,7.001249e-01,8.734462e-03,4.388829e-02,3.326835e-04,7.865781e-02,8.733710e-04,-2.026884e-02,89.347885,5.161533e-02
130,3.275000,book_1,-6.558961e-02,1.918236e-02,2.636210e-02,1.215582e-01,-1.242717e-01,-6.933239e-01,6.993441e-01,3.408805e-04,6.908422e-03,3.149310e-04,4.836171e-02,-5.297097e-04,-8.158412e-02,89.481400,5.162668e-02
131,3.300000,book_1,-6.538440e-02,2.000855e-02,2.631329e-02,1.223287e-01,-1.235083e-01,-6.933309e-01,6.993380e-01,8.208294e-03,3.304759e-02,-1.952247e-03,8.558659e-02,-1.803061e-05,1.435337e-02,89.504055,5.177847e-02
132,3.325000,book_1,-6.498924e-02,1.542721e-02,2.651839e-02,1.292757e-01,-1.162141e-01,-7.327083e-01,6.579670e-01,1.580666e-02,-1.832537e-01,8.203736e-03,1.589859e+00,-6.558877e-04,-4.365066e+00,83.849100,5.222304e-02
133,3.350000,book_1,-6.509981e-02,1.694280e-02,2.646845e-02,1.310624e-01,-1.150826e-01,-7.417368e-01,6.476150e-01,-4.422973e-03,6.062362e-02,-1.997454e-03,3.514065e-01,-4.804626e-02,-1.053821e+00,82.258638,5.210243e-02
134,3.375000,book_1,-6.572320e-02,1.440141e-02,2.625039e-02,1.244899e-01,-1.220540e-01,-7.059215e-01,6.864983e-01,-2.493552e-02,-1.016556e-01,-8.722372e-03,-1.493773e+00,1.130341e-02,4.035075e+00,88.415816,5.145480e-02
135,3.400000,book_1,-6.583407e-02,1.610965e-02,2.624237e-02,1.219011e-01,-1.256499e-01,-6.881962e-01,7.040868e-01,-4.435001e-03,6.832958e-02,-3.206868e-04,-6.937158e-01,-5.609507e-02,1.906273e+00,88.679094,5.135535e-02
136,3.425000,book_1,-6.582238e-02,1.685287e-02,2.623150e-02,1.212448e-01,-1.258523e-01,-6.902212e-01,7.021792e-01,4.676625e-04,2.972868e-02,-4.349830e-04,-9.154288e-03,2.530084e-02,-2.276550e-01,88.980723,5.135985e-02
137,3.450000,book_1,-6.581004e-02,1.745361e-02,2.622949e-02,1.211378e-01,-1.258214e-01,-6.917721e-01,7.006753e-01,4.936799e-04,2.402950e-02,-8.027763e-05,2.589836e-02,7.553182e-03,-1.709394e-01,89.223396,5.136944e-02
138,3.475000,book_1,-6.588695e-02,1.866886e-02,2.622744e-02,1.213608e-01,-1.255909e-01,-6.929937e-01,6.994700e-01,-3.076549e-03,4.861020e-02,-8.207489e-05,4.923527e-02,2.805865e-04,-1.307011e-01,89.423445,5.130226e-02
139,3.500000,book_1,-6.587871e-02,1.891120e-02,2.623159e-02,1.216823e-01,-1.252834e-01,-6.936681e-01,6.988004e-01,3.299237e-04,9.693673e-03,1.662097e-04,4.831295e-02,-7.913689e-04,-6.864471e-02,89.539572,5.131147e-02
140,3.525000,book_1,-6.611647e-02,2.050509e-02,2.648173e-02,1.205597e-01,-1.264587e-01,-6.947870e-01,6.976708e-01,-9.510459e-03,6.375566e-02,1.000539e-02,-1.057689e-01,-3.836334e-03,-1.479283e-01,89.686434,5.123595e-02
141,3.550000,book_1,-6.657683e-02,1.512382e-02,2.679323e-02,1.080364e-01,-1.395304e-01,-7.124040e-01,6.792201e-01,-1.841460e-02,-2.152511e-01,1.246017e-02,-1.069883e+00,-5.027534e-02,-2.262695e+00,87.800289,5.100512e-02
142,3.575000,book_1,-6.659309e-02,1.604151e-02,2.680304e-02,1.103393e-01,-1.372311e-01,-7.099274e-01,6.819062e-01,-6.502984e-04,3.670763e-02,3.924249e-04,2.053198e-01,2.272266e-03,3.332471e-01,88.146545,5.099643e-02
143,3.600000,book_1,-6.661975e-02,1.680565e-02,2.681695e-02,1.129769e-01,-1.346587e-01,-7.073417e-01,6.846685e-01,-1.066384e-03,3.056565e-02,5.562952e-04,2.372183e-01,-1.969767e-03,3.496121e-01,88.499134,5.098106e-02
144,3.625000,book_1,-6.662807e-02,1.741195e-02,2.682050e-02,1.144791e-01,-1.329793e-01,-7.056751e-01,6.864647e-01,-3.328733e-04,2.425204e-02,1.417312e-04,1.431239e-01,1.127090e-02,2.242880e-01,88.729908,5.097584e-02
145,3.650000,book_1,-6.648177e-02,1.867060e-02,2.683607e-02,1.162819e-01,-1.313089e-01,-7.035733e-01,6.886371e-01,5.852021e-03,5.034624e-02,6.231635e-04,1.510567e-01,-6.182499e-03,2.725406e-01,89.021692,5.110852e-02
146,3.675000,book_1,-6.648539e-02,1.891924e-02,2.684805e-02,1.172695e-01,-1.303420e-01,-7.027393e-01,6.895044e-01,-1.446067e-04,9.945283e-03,4.788906e-04,9.199944e-02,-9.725547e-04,1.141379e-01,89.129688,5.111173e-02
147,3.700000,book_1,-6.634664e-02,1.965931e-02,2.679375e-02,1.242788e-01,-1.231172e-01,-6.952005e-01,6.972038e-01,5.549976e-03,2.960289e-02,-2.171727e-03,6.420349e-01,1.403319e-02,9.896699e-01,89.856643,5.120147e-02
148,3.725000,book_1,-6.633816e-02,1.970015e-02,2.678880e-02,1.237992e-01,-1.235015e-01,-6.956611e-01,6.967616e-01,3.391101e-04,1.633709e-03,-1.979669e-04,-3.919451e-02,5.458026e-03,-5.882765e-02,89.916416,5.120610e-02
149,3.750000,book_1,-6.638664e-02,2.054021e-02,2.676861e-02,1.237472e-01,-1.235911e-01,-6.960005e-01,6.964160e-01,-1.939432e-03,3.360245e-02,-8.079538e-04,-1.109241e-03,-2.151888e-03,-3.955424e-02,89.969061,5.115421e-02
150,3.775000,book_1,-6.713060e-02,1.376556e-02,2.726410e-02,1.096999e-01,-1.476429e-01,-7.236611e-01,6.651932e-01,-2.975830e-02,-2.709863e-01,1.981964e-02,-1.541174e+00,-5.934765e-01,-3.661152e+00,85.903356,5.078564e-02
151,3.800000,book_1,-6.717543e-02,1.495433e-02,2.727139e-02,1.126376e-01,-1.447188e-01,-7.188336e-01,6.705576e-01,-1.793094e-03,4.755110e-02,2.916244e-04,2.215281e-01,6.532402e-03,6.278383e-01,86.628032,5.075173e-02
152,3.825000,book_1,-6.721172e-02,1.593621e-02,2.728335e-02,1.157955e-01,-1.417261e-01,-7.142829e-01,6.755036e-01,-1.451778e-03,3.927505e-02,4.783602e-04,2.442571e-01,-4.799026e-03,5.920962e-01,87.293644,5.072755e-02
153,3.850000,book_1,-6.724751e-02,1.672066e-02,2.729591e-02,1.183060e-01,-1.393129e-01,-7.106166e-01,6.794260e-01,-1.431349e-03,3.137812e-02,5.025929e-04,1.956620e-01,-2.539163e-03,4.730921e-01,87.825418,5.070413e-02
154,3.875000,book_1,-6.741057e-02,1.780434e-02,2.727539e-02,1.203079e-01,-1.373855e-01,-7.080257e-01,6.821662e-01,-6.522494e-03,4.334719e-02,-8.206694e-04,1.635759e-01,-3.029905e-03,3.371624e-01,88.192082,5.055568e-02
155,3.900000,book_1,-6.743670e-02,1.821422e-02,2.728682e-02,1.218940e-01,-1.358949e-01,-7.055832e-01,6.847092e-01,-1.045219e-03,1.639495e-02,4.569444e-04,1.196735e-01,-4.047059e-03,3.091199e-01,88.543862,5.053984e-02
156,3.925000,book_1,-6.745853e-02,1.854113e-02,2.729648e-02,1.231757e-01,-1.346539e-01,-7.036126e-01,6.867498e-01,-8.733532e-04,1.307670e-02,3.862983e-04,9.892779e-02,-1.399970e-03,2.491619e-01,88.826158,5.052667e-02
157,3.950000,book_1,-6.735789e-02,1.925368e-02,2.725045e-02,1.246438e-01,-1.331951e-01,-7.017209e-01,6.887022e-01,4.025672e-03,2.850206e-02,-1.841106e-03,1.231597e-01,-1.031437e-04,2.440195e-01,89.089149,5.058663e-02
158,3.975000,book_1,-6.757512e-02,2.000101e-02,2.730539e-02,1.312938e-01,-1.264246e-01,-6.941284e-01,6.963940e-01,-8.689133e-03,2.989317e-02,2.197683e-03,5.889254e-01,5.963239e-03,9.885917e-01,89.891397,5.043339e-02
159,4.000000,book_1,-6.758780e-02,1.555309e-02,2.729229e-02,7.936451e-02,-1.781560e-01,-7.020940e-01,6.848545e-01,-5.072833e-04,-1.779169e-01,-5.241038e-04,-5.579485e+00,-3.151617e-02,-2.159149e+00,89.912304,5.041564e-02
0,0.025000,book_2,-6.999010e-02,5.490037e-02,1.991365e-05,5.388562e-17,-7.779268e-05,1.814932e-16,1.000000e+00,2.559998e-17,8.326673e-17,-1.933009e-17,2.782439e-16,-1.532063e-16,-5.619681e-16,0.000000,0.000000e+00
1,0.050000,book_2,-6.999010e-02,5.490037e-02,1.991365e-05,5.426271e-17,-7.779268e-05,1.680618e-16,1.000000e+00,4.428719e-17,8.326673e-17,-6.165800e-18,3.025060e-17,2.493474e-17,-1.074505e-15,0.000000,1.524659e-19
2,0.075000,book_2,-6.999010e-02,5.490037e-02,1.991365e-05,4.688939e-17,-7.779268e-05,1.455699e-16,1.000000e+00,6.991764e-17,8.326673e-17,-1.579248e-17,-5.897255e-16,-2.233014e-17,-1.799402e-15,0.000000,5.488773e-19
3,0.100000,book_2,-6.999010e-02,5.490037e-02,1.991365e-05,4.541046e-17,-7.779268e-05,1.229422e-16,1.000000e+00,7.556413e-17,8.326673e-17,-5.347765e-18,-1.181736e-16,1.187387e-16,-1.810229e-15,0.000000,6.810145e-19
4,0.125000,book_2,-6.999010e-02,5.490037e-02,1.991365e-05,4.798242e-17,-7.779268e-05,9.910932e-17,1.000000e+00,8.072209e-17,8.326673e-17,-1.479712e-17,2.059053e-16,-1.553013e-16,-1.906610e-15,0.000000,1.050321e-18
5,0.150000,book_2,-6.999010e-02,5.490037e-02,1.991365e-05,5.209373e-17,-7.779268e-05,6.805396e-17,1.000000e+00,9.401735e-17,8.326673e-17,-1.818273e-17,3.290980e-16,2.175559e-16,-2.484403e-15,0.000000,1.504331e-18
6,0.175000,book_2,-6.999010e-02,5.490037e-02,1.991365e-05,6.922642e-17,-7.779268e-05,3.853814e-17,1.000000e+00,1.013939e-16,8.326673e-17,-4.779399e-18,1.370799e-15,-2.022138e-16,-2.361159e-15,0.000000,1.622915e-18
7,0.200000,book_2,-6.999010e-02,5.490037e-02,1.991365e-05,6.003817e-17,-7.779268e-05,4.796574e-18,1.000000e+00,1.040058e-16,8.326673e-17,-5.847398e-17,-7.348498e-16,7.093070e-18,-2.699382e-15,0.000000,3.083200e-18
8,0.225000,book_2,-6.999010e-02,5.490037e-02,1.991365e-05,2.775589e-17,-7.779268e-05,-2.967314e-17,1.000000e+00,1.099403e-16,2.775558e-17,-7.491331e-17,-2.582368e-15,-3.250037e-17,-2.757778e-15,0.000000,4.956837e-18
9,0.250000,book_2,-6.999010e-02,5.490037e-02,1.991365e-05,3.306563e-17,-7.779268e-05,-4.302207e-17,1.000000e+00,4.237613e-17,2.775558e-17,-1.840174e-17,4.248627e-16,-7.979816e-17,-1.067881e-15,0.000000,5.417623e-18
10,0.275000,book_2,-6.999010e-02,5.490037e-02,1.991365e-05,3.341820e-17,-7.779268e-05,-3.821506e-17,1.000000e+00,-1.330586e-17,2.775558e-17,-1.011782e-17,2.817505e-17,9.921670e-17,3.845630e-16,0.000000,5.671733e-18
11,0.300000,book_2,-6.999010e-02,5.490037e-02,1.991365e-05,2.751358e-17,-7.779268e-05,-2.707353e-17,1.000000e+00,-3.300170e-17,2.775558e-17,-2.084708e-17,-4.724385e-16,-1.445719e-16,8.912853e-16,0.000000,6.193505e-18
12,0.325000,book_2,-6.999010e-02,5.490037e-02,1.991365e-05,3.857451e-17,-7.779268e-05,-7.656522e-18,1.000000e+00,-6.099349e-17,2.775558e-17,1.797159e-18,8.847536e-16,-3.237863e-16,1.553430e-15,0.000000,6.149459e-18
13,0.350000,book_2,-6.999010e-02,5.490037e-02,1.991365e-05,3.575317e-17,-7.779268e-05,2.529831e-17,1.000000e+00,-9.782546e-17,2.775558e-17,-1.534045e-17,-2.259128e-16,-7.253031e-17,2.636369e-15,0.000000,6.532318e-18
14,0.375000,book_2,-7.171332e-02,6.065741e-02,1.357871e-04,-2.773377e-03,-7.763579e-05,-6.341879e-02,9.979831e-01,-6.892887e-02,2.302817e-01,4.634937e-03,-2.219231e-01,1.653528e-16,-5.083774e+00,7.279098,1.727113e-03
15,0.400000,book_2,-7.343654e-02,6.028320e-02,2.516605e-04,-5.535567e-03,-7.716573e-05,-1.265818e-01,9.919407e-01,-6.892887e-02,-1.496826e-02,4.634937e-03,-2.219231e-01,1.653528e-16,-5.083774e+00,14.558196,3.454226e-03
16,0.425000,book_2,-7.515976e-02,5.377775e-02,3.675339e-04,-8.275428e-03,-7.638441e-05,-1.892342e-01,9.818971e-01,-6.892887e-02,-2.602183e-01,4.634937e-03,-2.219231e-01,1.653528e-16,-5.083774e+00,21.837294,5.181339e-03
17,0.450000,book_2,-7.791463e-02,5.056949e-02,1.556245e-03,5.170081e-02,2.801578e-03,-1.774736e-01,9.827626e-01,-1.101947e-01,-1.283301e-01,4.754844e-02,4.764230e+00,-6.753685e-01,9.371303e-01,21.304878,8.072082e-03
18,0.475000,book_2,-7.830089e-02,5.136210e-02,8.527112e-04,4.237506e-02,9.012263e-04,-1.726301e-01,9.840744e-01,-1.545060e-02,3.170440e-02,-2.814136e-02,-7.645655e-01,-3.733084e-02,3.936800e-01,20.478028,8.352418e-03
19,0.500000,book_2,-7.162835e-02,8.022690e-02,-2.169940e-03,-3.042418e-02,-3.799525e-02,-2.856045e-01,9.571106e-01,2.669016e-01,1.154592e+00,-1.209060e-01,-6.248535e+00,-1.688993e+00,-9.489341e+00,33.383238,2.734839e-03
20,0.525000,book_2,-6.495581e-02,1.029604e-01,-5.192591e-03,-1.026057e-01,-7.612032e-02,-3.927803e-01,9.107148e-01,2.669016e-01,9.093419e-01,-1.209060e-01,-6.248535e+00,-1.688993e+00,-9.489341e+00,47.902722,7.246668e-03
21,0.550000,book_2,-5.828327e-02,1.195627e-01,-8.215241e-03,-1.727041e-01,-1.126999e-01,-4.919816e-01,8.458287e-01,2.669016e-01,6.640919e-01,-1.209060e-01,-6.248535e+00,-1.688993e+00,-9.489341e+00,62.854293,1.431319e-02
22,0.575000,book_2,-5.161073e-02,1.300338e-01,-1.123789e-02,-2.392960e-01,-1.469914e-01,-5.811941e-01,7.637698e-01,2.669016e-01,4.188419e-01,-1.209060e-01,-6.248535e+00,-1.688993e+00,-9.489341e+00,77.883412,2.155317e-02
23,0.600000,book_2,-4.493819e-02,1.343736e-01,-1.426054e-02,-3.010295e-01,-1.782985e-01,-6.586067e-01,6.662042e-01,2.669016e-01,1.735919e-01,-1.209060e-01,-6.248535e+00,-1.688993e+00,-9.489341e+00,87.204964,2.883625e-02
24,0.625000,book_2,-3.826566e-02,1.325821e-01,-1.728319e-02,-3.566513e-01,-2.059856e-01,-7.226477e-01,5.551127e-01,2.669016e-01,-7.165810e-02,-1.209060e-01,-6.248535e+00,-1.688993e+00,-9.489341e+00,72.612074,3.613638e-02
25,0.650000,book_2,-3.159312e-02,1.246594e-01,-2.030584e-02,-4.050320e-01,-2.294906e-01,-7.720168e-01,4.327507e-01,2.669016e-01,-3.169081e-01,-1.209060e-01,-6.248535e+00,-1.688993e+00,-9.489341e+00,58.659583,4.344496e-02
26,0.675000,book_2,-2.492058e-02,1.106055e-01,-2.332850e-02,-4.451893e-01,-2.483363e-01,-8.057117e-01,3.016027e-01,2.669016e-01,-5.621581e-01,-1.209060e-01,-6.248535e+00,-1.688993e+00,-9.489341e+00,45.994309,5.075835e-02
27,0.700000,book_2,-1.824804e-02,9.042028e-02,-2.635115e-02,-4.763080e-01,-2.621400e-01,-8.230483e-01,1.643312e-01,2.669016e-01,-8.074081e-01,-1.209060e-01,-6.248535e+00,-1.688993e+00,-9.489341e+00,36.044939,5.807472e-02
28,0.725000,book_2,-1.102595e-02,6.541049e-02,-3.198001e-02,-5.009801e-01,-2.342366e-01,-8.290051e-01,8.308283e-02,2.888834e-01,-1.000392e+00,-2.251545e-01,-1.463973e+00,6.072442e-02,-7.036905e+00,28.781646,6.708774e-02
29,0.750000,book_2,-3.706913e-03,4.680108e-02,-4.036613e-02,-5.428888e-01,-1.899544e-01,-8.173926e-01,-3.253254e-02,2.927616e-01,-7.443764e-01,-3.354450e-01,-2.212075e+00,1.384552e+00,-1.023871e+01,22.223145,7.761761e-02
30,0.775000,book_2,9.403984e-03,4.143080e-02,-4.845647e-02,-6.301059e-01,-1.238123e-01,-7.333837e-01,-2.231264e-01,5.244359e-01,-2.148113e-01,-3.236134e-01,-5.144632e+00,6.462266e+00,-1.736043e+01,29.568053,9.302354e-02
31,0.800000,book_2,2.007712e-02,4.209136e-02,-6.015702e-02,-6.237485e-01,-1.899112e-01,-6.582929e-01,-3.761942e-01,4.269256e-01,2.642252e-02,-4.680222e-01,-1.266320e+01,3.128319e+00,-7.043964e+00,49.847570,1.083207e-01
32,0.825000,book_2,3.067873e-02,3.685911e-02,-7.178605e-02,-5.877758e-01,-2.569808e-01,-5.642466e-01,-5.197174e-01,4.240644e-01,-2.092900e-01,-4.651610e-01,-1.344219e+01,2.683703e+00,-6.611998e+00,70.870206,1.236540e-01
33,0.850000,book_2,3.984177e-02,3.172013e-02,-8.447601e-02,-3.341379e-01,-4.710563e-01,-4.698758e-01,-6.675886e-01,3.665216e-01,-2.055592e-01,-5.075984e-01,-3.130843e+01,-1.238194e+00,5.037066e+00,70.419111,1.385734e-01
34,0.875000,book_2,4.528877e-02,3.283671e-02,-9.344993e-02,-3.389275e-01,-4.917085e-01,-4.534308e-01,-6.616278e-01,2.178799e-01,4.466307e-02,-3.589568e-01,-9.812635e-01,1.947978e+00,-2.827550e-01,68.957694,1.484110e-01
35,0.900000,book_2,5.038706e-02,3.466004e-02,-1.004029e-01,-5.317718e-01,-3.351170e-01,-4.633705e-01,-6.246624e-01,2.039315e-01,7.293340e-02,-2.781194e-01,1.784451e+01,-1.120521e-01,-1.028973e+01,89.712780,1.567654e-01
36,0.925000,book_2,5.548534e-02,3.035213e-02,-1.073559e-01,-6.910214e-01,-1.573544e-01,-4.440368e-01,-5.482339e-01,2.039315e-01,-1.723166e-01,-2.781194e-01,1.784451e+01,-1.120521e-01,-1.028973e+01,69.551919,1.651474e-01
37,0.950000,book_2,5.843472e-02,2.869383e-02,-1.126010e-01,-6.116777e-01,-1.743502e-01,-4.925093e-01,-5.940429e-01,1.179752e-01,-6.633195e-02,-2.098023e-01,-6.039183e+00,-5.358974e+00,2.450558e+00,76.500903,1.708110e-01
38,0.975000,book_2,6.135339e-02,2.207428e-02,-1.181970e-01,-4.969446e-01,-2.217905e-01,-5.385601e-01,-6.432792e-01,1.167466e-01,-2.647822e-01,-2.238423e-01,-9.180331e+00,-5.258730e+00,4.212335e+00,85.756133,1.767098e-01
39,1.000000,book_2,6.322898e-02,1.280037e-02,-1.244062e-01,-3.468188e-01,-3.334477e-01,-6.457827e-01,-5.928694e-01,7.502380e-02,-3.709562e-01,-2.483673e-01,-8.846944e+00,-4.193082e+00,1.516438e+01,85.719631,1.822887e-01
40,1.025000,book_2,6.330473e-02,1.824717e-02,-1.252976e-01,-2.144609e-01,-4.450030e-01,-6.963024e-01,-5.207128e-01,3.030106e-03,2.178719e-01,-3.565469e-02,-8.858310e+00,-1.043481e+00,1.299493e+01,86.464840,1.829535e-01
41,1.050000,book_2,6.304212e-02,2.184603e-02,-1.255968e-01,-2.004185e-01,-4.580928e-01,-6.960464e-01,-5.152696e-01,-1.050477e-02,1.439544e-01,-1.197114e-02,-1.230095e+00,-3.877264e-02,1.017247e+00,87.174377,1.829676e-01
42,1.075000,book_2,6.378716e-02,2.267261e-02,-1.252760e-01,-2.616977e-01,-4.128858e-01,-6.628550e-01,-5.671533e-01,2.980158e-02,3.306323e-02,1.283519e-02,3.009498e+00,1.803874e-01,-7.262662e+00,89.098989,1.832905e-01
43,1.100000,book_2,6.493502e-02,1.886290e-02,-1.246780e-01,-3.585008e-01,-3.211763e-01,-6.121347e-01,-6.273867e-01,4.591453e-02,-1.523885e-01,2.392000e-02,6.395705e+00,4.509350e-02,-1.074169e+01,89.629669,1.837236e-01
44,1.125000,book_2,6.446948e-02,1.429993e-02,-1.251771e-01,-3.047768e-01,-3.740520e-01,-6.400534e-01,-5.979363e-01,-1.862139e-02,-1.825188e-01,-1.996578e-02,-3.737536e+00,-2.111497e-02,5.761459e+00,89.706957,1.837217e-01
45,1.150000,book_2,6.443233e-02,1.893908e-02,-1.256123e-01,-2.024554e-01,-4.688408e-01,-6.786516e-01,-5.278562e-01,-1.486311e-03,1.855661e-01,-1.740697e-02,-6.974570e+00,4.568107e-01,1.094932e+01,89.821678,1.839914e-01
46,1.175000,book_2,6.444015e-02,2.155427e-02,-1.256198e-01,-2.025895e-01,-4.688848e-01,-6.783693e-01,-5.281285e-01,3.130090e-04,1.046078e-01,-2.997683e-04,-1.172342e-02,3.499951e-03,-3.102286e-02,89.859354,1.840022e-01
47,1.200000,book_2,6.532965e-02,2.097734e-02,-1.249991e-01,-2.711064e-01,-4.125909e-01,-6.543650e-01,-5.727796e-01,3.557985e-02,-2.307740e-02,2.482534e-02,4.348501e+00,5.437276e-02,-6.956159e+00,89.806082,1.842314e-01
48,1.225000,book_2,6.665018e-02,1.608087e-02,-1.239265e-01,-3.822681e-01,-3.089043e-01,-5.960085e-01,-6.349986e-01,5.282149e-02,-1.958587e-01,4.290708e-02,7.357757e+00,2.843657e-01,-1.203189e+01,89.844729,1.844811e-01
49,1.250000,book_2,6.660426e-02,1.683306e-02,-1.239617e-01,-3.753664e-01,-3.164367e-01,-6.001466e-01,-6.314998e-01,-1.836845e-03,3.008769e-02,-1.409309e-03,-5.005294e-01,1.348546e-02,7.780012e-01,89.876716,1.844708e-01
50,1.275000,book_2,6.653856e-02,1.745142e-02,-1.239967e-01,-3.696688e-01,-3.225555e-01,-6.034854e-01,-6.285764e-01,-2.628147e-03,2.473421e-02,-1.400784e-03,-4.093256e-01,9.316013e-03,6.370357e-01,89.902639,1.844457e-01
51,1.300000,book_2,6.646714e-02,1.914325e-02,-1.241391e-01,-3.658850e-01,-3.265477e-01,-6.058915e-01,-6.264107e-01,-2.856872e-03,6.767311e-02,-5.695072e-03,-2.568799e-01,2.799353e-03,4.412666e-01,89.888122,1.844886e-01
52,1.325000,book_2,6.601908e-02,1.595929e-02,-1.245025e-01,-3.271547e-01,-3.652681e-01,-6.274939e-01,-6.048144e-01,-1.792251e-02,-1.273581e-01,-1.453432e-02,-2.626404e+00,-5.067942e-03,4.282941e+00,89.910760,1.844026e-01
53,1.350000,book_2,6.597949e-02,1.777190e-02,-1.241806e-01,-2.950262e-01,-3.891628e-01,-6.427280e-01,-5.902649e-01,-1.583518e-03,7.250427e-02,1.287525e-02,-1.930059e+00,-4.306843e-01,3.034811e+00,89.983987,1.841561e-01
54,1.375000,book_2,6.663140e-02,1.600085e-02,-1.238081e-01,-3.375833e-01,-3.474280e-01,-6.215079e-01,-6.156779e-01,2.607660e-02,-7.084184e-02,1.489984e-02,2.901821e+00,-7.307108e-02,-4.629454e+00,89.973129,1.843876e-01
55,1.400000,book_2,6.664251e-02,1.677288e-02,-1.238009e-01,-3.386164e-01,-3.464046e-01,-6.209041e-01,-6.162961e-01,4.443524e-04,3.088101e-02,2.883337e-04,6.829043e-02,8.743054e-05,-1.168292e-01,89.979038,1.843910e-01
56,1.425000,book_2,6.665070e-02,1.739916e-02,-1.237962e-01,-3.393908e-01,-3.456371e-01,-6.204427e-01,-6.167656e-01,3.274795e-04,2.505104e-02,1.866321e-04,5.080319e-02,1.114032e-04,-8.832151e-02,89.984505,1.843940e-01
57,1.450000,book_2,6.679761e-02,1.896683e-02,-1.240794e-01,-3.404694e-01,-3.445831e-01,-6.207076e-01,-6.164942e-01,5.876624e-03,6.270686e-02,-1.132922e-02,1.202259e-01,1.844843e-03,-3.190006e-02,89.862796,1.846931e-01
58,1.475000,book_2,6.680587e-02,1.915829e-02,-1.240779e-01,-3.408738e-01,-3.441802e-01,-6.202847e-01,-6.169213e-01,3.302272e-04,7.658605e-03,5.927049e-05,1.666475e-02,-4.404799e-05,-6.418396e-02,89.891354,1.846982e-01
59,1.500000,book_2,6.713094e-02,2.040330e-02,-1.239957e-01,-3.398776e-01,-3.451780e-01,-6.210257e-01,-6.161675e-01,1.300279e-02,4.980031e-02,3.288320e-03,-5.772183e-02,3.571507e-04,1.286110e-01,89.863668,1.848839e-01
60,1.525000,book_2,6.745601e-02,1.551706e-02,-1.239135e-01,-3.388804e-01,-3.461747e-01,-6.217647e-01,-6.154119e-01,1.300279e-02,-1.954497e-01,3.288320e-03,-5.772183e-02,3.571507e-04,1.286110e-01,89.835985,1.850701e-01
61,1.550000,book_2,6.746436e-02,1.637545e-02,-1.239095e-01,-3.396121e-01,-3.454564e-01,-6.211342e-01,-6.160486e-01,3.341927e-04,3.433561e-02,1.596537e-04,3.703244e-02,4.910449e-04,-1.024511e-01,89.868900,1.850736e-01
62,1.575000,book_2,6.749117e-02,1.758221e-02,-1.240568e-01,-3.405162e-01,-3.445682e-01,-6.207845e-01,-6.163992e-01,1.072230e-03,4.827034e-02,-5.888973e-03,6.949921e-02,9.655499e-04,-8.377631e-02,89.848200,1.851921e-01
63,1.600000,book_2,6.749767e-02,1.804852e-02,-1.240552e-01,-3.409231e-01,-3.441692e-01,-6.203470e-01,-6.168376e-01,2.600916e-04,1.865260e-02,6.267823e-05,1.587900e-02,3.645955e-04,-6.543202e-02,89.878655,1.851959e-01
64,1.625000,book_2,6.755343e-02,1.860451e-02,-1.240306e-01,-3.410324e-01,-3.440677e-01,-6.201390e-01,-6.170430e-01,2.230179e-03,2.223953e-02,9.823515e-04,-8.975374e-04,4.322007e-04,-2.623330e-02,89.899684,1.852208e-01
65,1.650000,book_2,6.769714e-02,1.976478e-02,-1.241135e-01,-3.411977e-01,-3.439073e-01,-6.203767e-01,-6.168019e-01,5.748737e-03,4.641068e-02,-3.313727e-03,2.924297e-02,4.356966e-04,1.476850e-02,89.852955,1.853831e-01
66,1.675000,book_2,6.770741e-02,1.977987e-02,-1.241128e-01,-3.415630e-01,-3.435433e-01,-6.198064e-01,-6.173757e-01,4.105029e-04,6.038341e-04,2.728737e-05,4.734806e-03,-5.157426e-05,-7.660135e-02,89.905428,1.853902e-01
67,1.700000,book_2,6.759120e-02,2.023061e-02,-1.241559e-01,-3.443358e-01,-3.397240e-01,-6.138621e-01,-6.238540e-01,-4.648213e-03,1.802941e-02,-1.724339e-03,-1.406694e-02,-6.676661e-02,-7.954191e-01,89.472164,1.853328e-01
68,1.725000,book_2,6.717248e-02,1.555848e-02,-1.241061e-01,-3.304668e-01,-3.529567e-01,-6.454944e-01,-5.912277e-01,-1.674890e-02,-1.868850e-01,1.991113e-03,4.169376e-01,-5.332362e-03,3.927179e+00,87.034038,1.849888e-01
69,1.750000,book_2,6.723684e-02,1.681011e-02,-1.240775e-01,-3.243951e-01,-3.567674e-01,-6.558180e-01,-5.808508e-01,2.574594e-03,5.006507e-02,1.146589e-03,8.189004e-02,-1.132383e-01,1.296507e+00,85.948171,1.850173e-01
70,1.775000,book_2,6.731787e-02,1.742295e-02,-1.240859e-01,-3.279314e-01,-3.536541e-01,-6.485042e-01,-5.889245e-01,3.241078e-03,2.451337e-02,-3.360058e-04,-9.061388e-02,2.388195e-04,-9.452403e-01,86.778658,1.850830e-01
71,1.800000,book_2,6.734803e-02,1.807193e-02,-1.240627e-01,-3.318648e-01,-3.502862e-01,-6.402380e-01,-5.977129e-01,1.206468e-03,2.595945e-02,9.265909e-04,-1.043934e-01,1.360356e-02,-1.045125e+00,87.703094,1.850899e-01
72,1.825000,book_2,6.743158e-02,1.842432e-02,-1.240700e-01,-3.349375e-01,-3.474143e-01,-6.336548e-01,-6.046502e-01,3.341694e-03,1.409552e-02,-2.924890e-04,-7.463560e-02,4.327348e-04,-8.325134e-01,88.429724,1.851568e-01
73,1.850000,book_2,6.740775e-02,1.910810e-02,-1.241490e-01,-3.397536e-01,-3.415718e-01,-6.229094e-01,-6.163442e-01,-9.531672e-04,2.735130e-02,-3.159216e-03,-8.286819e-02,-7.557490e-02,-1.403197e+00,89.604817,1.851920e-01
74,1.875000,book_2,6.752241e-02,1.967200e-02,-1.242096e-01,-3.420789e-01,-3.390519e-01,-6.174416e-01,-6.219258e-01,4.586462e-03,2.255612e-02,-2.422496e-03,-6.089822e-02,-1.227704e-02,-6.798073e-01,89.799703,1.853177e-01
75,1.900000,book_2,6.751187e-02,1.970277e-02,-1.242096e-01,-3.416786e-01,-3.394584e-01,-6.181085e-01,-6.212613e-01,-4.216420e-04,1.230413e-03,-2.862472e-07,-3.721931e-03,2.233164e-04,8.798793e-02,89.862762,1.853099e-01
76,1.925000,book_2,6.755583e-02,1.996309e-02,-1.242540e-01,-3.403779e-01,-3.410595e-01,-6.215291e-01,-6.176754e-01,1.758524e-03,1.041318e-02,-1.776170e-03,4.709212e-02,1.914096e-02,4.264218e-01,89.752993,1.853723e-01
77,1.950000,book_2,6.785492e-02,1.569953e-02,-1.247053e-01,-3.218605e-01,-3.586765e-01,-5.873559e-01,-6.502076e-01,1.196373e-02,-1.705425e-01,-1.805196e-02,-3.614448e+00,-7.302978e-03,-2.324602e+00,84.097403,1.858968e-01
78,1.975000,book_2,6.772765e-02,1.726217e-02,-1.244347e-01,-3.161977e-01,-3.645610e-01,-5.758045e-01,-6.599723e-01,-5.090761e-03,6.250551e-02,1.082335e-02,-1.154116e+00,5.726085e-02,-7.457931e-01,82.129403,1.856209e-01
79,2.000000,book_2,6.737460e-02,1.472021e-02,-1.238584e-01,-3.353281e-01,-3.469784e-01,-6.101415e-01,-6.284015e-01,-1.412225e-02,-1.016783e-01,2.305142e-02,3.625183e+00,5.085131e-03,2.267735e+00,88.248494,1.849727e-01
80,2.025000,book_2,6.736737e-02,1.574536e-02,-1.238440e-01,-3.365239e-01,-3.458355e-01,-6.120098e-01,-6.265728e-01,-2.891498e-04,4.100573e-02,5.744403e-04,2.168182e-01,1.554838e-03,1.193297e-01,88.602340,1.849577e-01
81,2.050000,book_2,6.745878e-02,1.706500e-02,-1.237227e-01,-3.370482e-01,-3.453397e-01,-6.136577e-01,-6.249506e-01,3.656448e-03,5.278579e-02,4.854278e-03,1.398245e-01,1.337143e-03,1.341773e-01,88.874330,1.849444e-01
82,2.075000,book_2,6.745367e-02,1.763490e-02,-1.237096e-01,-3.378852e-01,-3.445218e-01,-6.147978e-01,-6.238285e-01,-2.044245e-04,2.279607e-02,5.223642e-04,1.437503e-01,4.600132e-04,6.690784e-02,89.099588,1.849318e-01
83,2.100000,book_2,6.760695e-02,1.904658e-02,-1.237971e-01,-3.384392e-01,-3.439875e-01,-6.162351e-01,-6.224033e-01,6.131268e-03,5.646702e-02,-3.500421e-03,1.320654e-01,1.009732e-03,1.121153e-01,89.345297,1.851043e-01
84,2.125000,book_2,6.760427e-02,1.922169e-02,-1.237871e-01,-3.389961e-01,-3.434394e-01,-6.168560e-01,-6.217875e-01,-1.073812e-04,7.004633e-03,4.005948e-04,8.851088e-02,2.954741e-04,3.110964e-02,89.476275,1.850956e-01
85,2.150000,book_2,6.760153e-02,1.935780e-02,-1.237788e-01,-3.394448e-01,-3.430022e-01,-6.173499e-01,-6.212936e-01,-1.094406e-04,5.444272e-03,3.329580e-04,7.085844e-02,5.750129e-04,2.475563e-02,89.581017,1.850880e-01
86,2.175000,book_2,6.747542e-02,2.029348e-02,-1.237429e-01,-3.400942e-01,-3.423512e-01,-6.172912e-01,-6.213559e-01,-5.044437e-03,3.742735e-02,1.436188e-03,6.112644e-02,-4.027533e-04,-4.149783e-02,89.623273,1.849703e-01
87,2.200000,book_2,6.734931e-02,1.509792e-02,-1.237070e-01,-3.407433e-01,-3.416998e-01,-6.172319e-01,-6.214177e-01,-5.044437e-03,-2.078227e-01,1.436188e-03,6.112644e-02,-4.027533e-04,-4.149783e-02,89.665530,1.848525e-01
88,2.225000,book_2,6.734708e-02,1.603880e-02,-1.237038e-01,-3.408433e-01,-3.416135e-01,-6.176487e-01,-6.209962e-01,-8.932788e-05,3.763535e-02,1.275282e-04,3.211834e-02,8.063442e-04,3.644985e-02,89.732314,1.848487e-01
89,2.250000,book_2,6.734481e-02,1.681163e-02,-1.237021e-01,-3.409740e-01,-3.414782e-01,-6.180501e-01,-6.205993e-01,-9.075061e-05,3.091317e-02,6.762117e-05,3.497160e-02,-3.592440e-04,3.228934e-02,89.799368,1.848459e-01
90,2.275000,book_2,6.713369e-02,1.852789e-02,-1.239553e-01,-3.422369e-01,-3.402072e-01,-6.179451e-01,-6.207067e-01,-8.444635e-03,6.865018e-02,-1.012652e-02,1.197440e-01,-7.262987e-04,-7.969490e-02,89.883370,1.848588e-01
91,2.300000,book_2,6.712914e-02,1.880730e-02,-1.239561e-01,-3.420350e-01,-3.404164e-01,-6.182201e-01,-6.204293e-01,-1.821223e-04,1.117647e-02,-3.354081e-05,-5.288325e-03,4.239544e-04,3.859658e-02,89.906504,1.848560e-01
92,2.325000,book_2,6.735537e-02,2.064752e-02,-1.243853e-01,-3.427250e-01,-3.397263e-01,-6.195539e-01,-6.190949e-01,9.049184e-03,7.360883e-02,-1.716685e-02,1.412124e-01,-2.840008e-04,9.452324e-02,89.850176,1.853117e-01
93,2.350000,book_2,6.758160e-02,1.635649e-02,-1.248144e-01,-3.434134e-01,-3.390347e-01,-6.208849e-01,-6.177578e-01,9.049184e-03,-1.716412e-01,-1.716685e-02,1.412124e-01,-2.840008e-04,9.452324e-02,89.606856,1.857676e-01
94,2.375000,book_2,6.758331e-02,1.704946e-02,-1.248194e-01,-3.429747e-01,-3.394790e-01,-6.205737e-01,-6.180701e-01,6.841792e-05,2.771876e-02,-1.963988e-04,-6.077439e-02,2.423809e-04,-6.790926e-03,89.685640,1.857721e-01
95,2.400000,book_2,6.782264e-02,1.860094e-02,-1.249936e-01,-3.425977e-01,-3.398422e-01,-6.211571e-01,-6.174933e-01,9.573157e-03,6.205926e-02,-6.970617e-03,-4.998264e-03,-1.102796e-03,7.768625e-02,89.632241,1.860665e-01
96,2.425000,book_2,6.782590e-02,1.886527e-02,-1.249988e-01,-3.423216e-01,-3.401217e-01,-6.207920e-01,-6.178596e-01,1.305710e-04,1.057329e-02,-2.051587e-04,-4.748887e-02,1.360886e-04,-2.106525e-02,89.705862,1.860723e-01
97,2.450000,book_2,6.793246e-02,2.003163e-02,-1.252709e-01,-3.427730e-01,-3.396719e-01,-6.211157e-01,-6.175314e-01,4.262416e-03,4.665420e-02,-1.088787e-02,6.244144e-02,2.528221e-04,7.694275e-03,89.624368,1.863342e-01
98,2.475000,book_2,6.818259e-02,1.636609e-02,-1.256754e-01,-3.265848e-01,-3.552457e-01,-5.919259e-01,-6.455746e-01,1.000532e-02,-1.466216e-01,-1.618001e-02,-3.139139e+00,3.410935e-03,-1.970647e+00,85.070375,1.867914e-01
99,2.500000,book_2,6.801135e-02,1.813997e-02,-1.253275e-01,-3.154541e-01,-3.662848e-01,-5.708212e-01,-6.636922e-01,-6.849803e-03,7.095526e-02,1.391652e-02,-2.171851e+00,7.958303e-02,-1.343853e+00,81.413427,1.864306e-01
100,2.525000,book_2,6.766572e-02,1.606708e-02,-1.247786e-01,-3.326908e-01,-3.507129e-01,-6.021296e-01,-6.354189e-01,-1.382498e-02,-8.291557e-02,2.195592e-02,3.261002e+00,-1.295662e-03,2.057778e+00,86.932436,1.858058e-01
101,2.550000,book_2,6.764915e-02,1.682626e-02,-1.247512e-01,-3.345564e-01,-3.489723e-01,-6.055484e-01,-6.321404e-01,-6.631092e-04,3.036707e-02,1.098301e-03,3.618688e-01,2.379078e-03,2.330489e-01,87.548927,1.857751e-01
102,2.575000,book_2,6.763374e-02,1.744241e-02,-1.247265e-01,-3.360764e-01,-3.475297e-01,-6.082997e-01,-6.294818e-01,-6.164757e-04,2.464627e-02,9.873843e-04,2.947198e-01,1.264700e-03,1.868869e-01,88.048796,1.857471e-01
103,2.600000,book_2,6.762024e-02,1.793503e-02,-1.247051e-01,-3.372639e-01,-3.463765e-01,-6.104817e-01,-6.273663e-01,-5.396013e-04,1.970477e-02,8.571301e-04,2.334659e-01,-1.299892e-04,1.488064e-01,88.445356,1.857227e-01
104,2.625000,book_2,6.770841e-02,1.866218e-02,-1.246951e-01,-3.379227e-01,-3.457704e-01,-6.124484e-01,-6.254263e-01,3.526473e-03,2.908578e-02,4.005117e-04,1.695029e-01,2.443694e-03,1.588447e-01,88.772025,1.857813e-01
105,2.650000,book_2,6.770010e-02,1.891179e-02,-1.246787e-01,-3.387313e-01,-3.449766e-01,-6.137834e-01,-6.241172e-01,-3.323718e-04,9.984568e-03,6.532635e-04,1.516772e-01,2.672572e-05,8.711046e-02,89.022365,1.857642e-01
106,2.675000,book_2,6.772166e-02,1.966143e-02,-1.248284e-01,-3.398481e-01,-3.438669e-01,-6.150549e-01,-6.228694e-01,8.626850e-04,2.998544e-02,-5.987630e-03,1.791552e-01,-5.883589e-04,6.386654e-02,89.288289,1.858807e-01
107,2.700000,book_2,6.744363e-02,1.568633e-02,-1.245562e-01,-3.571561e-01,-3.258804e-01,-6.464257e-01,-5.902332e-01,-1.112154e-02,-1.590038e-01,1.089059e-02,3.502436e+00,2.657873e-04,2.206840e+00,84.787298,1.854918e-01
108,2.725000,book_2,6.756811e-02,1.696985e-02,-1.247155e-01,-3.591769e-01,-3.228431e-01,-6.513176e-01,-5.852775e-01,4.979235e-03,5.134054e-02,-6.373824e-03,5.216381e-01,-4.949107e-02,3.478105e-01,83.889565,1.856911e-01
109,2.750000,book_2,6.790609e-02,1.396381e-02,-1.252490e-01,-3.403479e-01,-3.426352e-01,-6.171679e-01,-6.211829e-01,1.351936e-02,-1.202415e-01,-2.133915e-02,-3.832732e+00,-4.701063e-04,-2.418687e+00,89.625619,1.862999e-01
110,2.775000,book_2,6.786932e-02,1.536558e-02,-1.251902e-01,-3.376233e-01,-3.453015e-01,-6.122285e-01,-6.260620e-01,-1.470944e-03,5.607079e-02,2.349341e-03,-5.352981e-01,-1.271362e-03,-3.390895e-01,88.717988,1.862332e-01
111,2.800000,book_2,6.786307e-02,1.627441e-02,-1.251802e-01,-3.383521e-01,-3.445969e-01,-6.135615e-01,-6.247504e-01,-2.500517e-04,3.635352e-02,3.997675e-04,1.432613e-01,6.321211e-04,9.184158e-02,88.961735,1.862218e-01
112,2.825000,book_2,6.785799e-02,1.700055e-02,-1.251706e-01,-3.389743e-01,-3.439872e-01,-6.146840e-01,-6.236448e-01,-2.029718e-04,2.904542e-02,3.864890e-04,1.218884e-01,1.642548e-04,7.671095e-02,89.168026,1.862116e-01
113,2.850000,book_2,6.785233e-02,1.758116e-02,-1.251617e-01,-3.394829e-01,-3.434920e-01,-6.155843e-01,-6.227525e-01,-2.266049e-04,2.322441e-02,3.536272e-04,9.870025e-02,4.484688e-04,6.137611e-02,89.334506,1.862015e-01
114,2.875000,book_2,6.784822e-02,1.804560e-02,-1.251540e-01,-3.399103e-01,-3.430678e-01,-6.163382e-01,-6.220070e-01,-1.644182e-04,1.857757e-02,3.078302e-04,8.314846e-02,-7.907943e-05,5.100682e-02,89.474220,1.861932e-01
115,2.900000,book_2,6.784483e-02,1.903653e-02,-1.253338e-01,-3.408323e-01,-3.421448e-01,-6.170564e-01,-6.212984e-01,-1.353319e-04,3.963721e-02,-7.190763e-03,1.303722e-01,-5.485672e-04,2.026828e-02,89.647654,1.863116e-01
116,2.925000,book_2,6.784068e-02,1.921218e-02,-1.253298e-01,-3.409446e-01,-3.420415e-01,-6.174527e-01,-6.208998e-01,-1.660187e-04,7.025832e-03,1.600311e-04,3.239638e-02,5.099045e-04,3.348701e-02,89.712494,1.863059e-01
117,2.950000,book_2,6.801910e-02,2.013172e-02,-1.254622e-01,-3.409760e-01,-3.420224e-01,-6.185309e-01,-6.198190e-01,7.136719e-03,3.678187e-02,-5.296440e-03,6.148612e-02,7.678395e-04,1.055664e-01,89.867659,1.865270e-01
118,2.975000,book_2,6.819752e-02,1.492002e-02,-1.255946e-01,-3.410065e-01,-3.420025e-01,-6.196077e-01,-6.187367e-01,7.136719e-03,-2.084681e-01,-5.296440e-03,6.148612e-02,7.678395e-04,1.055664e-01,89.977177,1.867480e-01
119,3.000000,book_2,6.819931e-02,1.589625e-02,-1.255936e-01,-3.411060e-01,-3.419090e-01,-6.195202e-01,-6.188212e-01,7.146377e-05,3.904936e-02,4.279313e-05,4.855604e-03,3.751230e-04,-1.379016e-02,89.981832,1.867486e-01
120,3.025000,book_2,6.828707e-02,1.706418e-02,-1.256603e-01,-3.411707e-01,-3.418501e-01,-6.196861e-01,-6.186518e-01,3.510659e-03,4.671714e-02,-2.669759e-03,1.528435e-02,4.018771e-04,1.323191e-02,89.953204,1.868585e-01
121,3.050000,book_2,6.828882e-02,1.763359e-02,-1.256599e-01,-3.412390e-01,-3.417865e-01,-6.195824e-01,-6.187532e-01,7.012917e-05,2.277649e-02,1.470340e-05,9.292600e-04,2.984836e-04,-1.376605e-02,89.962597,1.868595e-01
122,3.075000,book_2,6.840018e-02,1.847760e-02,-1.256969e-01,-3.411293e-01,-3.419109e-01,-6.198548e-01,-6.184722e-01,4.454090e-03,3.376020e-02,-1.478627e-03,3.525775e-03,9.643935e-04,3.381113e-02,89.932489,1.869668e-01
123,3.100000,book_2,6.840285e-02,1.876411e-02,-1.256969e-01,-3.412343e-01,-3.418065e-01,-6.197511e-01,-6.185758e-01,1.068173e-04,1.146046e-02,-8.748074e-07,4.706771e-03,3.931536e-05,-1.599347e-02,89.939008,1.869688e-01
124,3.125000,book_2,6.848094e-02,1.947789e-02,-1.258215e-01,-3.415175e-01,-3.415268e-01,-6.200192e-01,-6.183053e-01,3.123709e-03,2.855104e-02,-4.984296e-03,4.259608e-02,2.774060e-04,1.130438e-02,89.878762,1.871104e-01
125,3.150000,book_2,6.848347e-02,1.956475e-02,-1.258225e-01,-3.415185e-01,-3.415317e-01,-6.198476e-01,-6.184741e-01,1.011852e-04,3.474505e-03,-3.971125e-05,-9.491917e-03,3.635363e-04,-1.675925e-02,89.903068,1.871129e-01
126,3.175000,book_2,6.848513e-02,1.963208e-02,-1.258234e-01,-3.415236e-01,-3.415352e-01,-6.197085e-01,-6.186087e-01,6.646493e-05,2.693132e-03,-3.494532e-05,-7.399435e-03,5.511178e-04,-1.359681e-02,89.922422,1.871147e-01
127,3.200000,book_2,6.846415e-02,1.982710e-02,-1.257881e-01,-3.414607e-01,-3.416028e-01,-6.194827e-01,-6.188322e-01,-8.392652e-04,7.801086e-03,1.410385e-03,-1.874297e-02,2.873148e-04,-1.868836e-02,89.959410,1.870755e-01
128,3.225000,book_2,6.846498e-02,1.984234e-02,-1.257884e-01,-3.414761e-01,-3.415895e-01,-6.194172e-01,-6.188965e-01,3.309573e-05,6.094631e-04,-1.022654e-05,-2.120953e-03,1.383559e-04,-7.215619e-03,89.967493,1.870763e-01
129,3.250000,book_2,6.846572e-02,1.985397e-02,-1.257886e-01,-3.414873e-01,-3.415785e-01,-6.193652e-01,-6.189485e-01,2.957716e-05,4.652491e-04,-7.732385e-06,-1.744051e-03,1.037275e-05,-5.760444e-03,89.974008,1.870770e-01
130,3.275000,book_2,6.851557e-02,2.063330e-02,-1.259929e-01,-3.421368e-01,-3.409289e-01,-6.197017e-01,-6.186111e-01,1.994269e-03,3.117325e-02,-8.171547e-03,8.276004e-02,4.561763e-05,-2.107002e-03,89.875346,1.872513e-01
131,3.300000,book_2,6.856543e-02,1.528138e-02,-1.261972e-01,-3.427859e-01,-3.402790e-01,-6.200376e-01,-6.182729e-01,1.994269e-03,-2.140768e-01,-8.171547e-03,8.276004e-02,4.561763e-05,-2.107002e-03,89.776685,1.874257e-01
132,3.325000,book_2,6.856628e-02,1.618518e-02,-1.261989e-01,-3.425364e-01,-3.405366e-01,-6.198603e-01,-6.184471e-01,3.414549e-05,3.615194e-02,-6.795874e-05,-3.471900e-02,4.845019e-04,-3.556951e-03,89.821468,1.874275e-01
133,3.350000,book_2,6.861092e-02,1.709768e-02,-1.262255e-01,-3.423078e-01,-3.407693e-01,-6.198396e-01,-6.184663e-01,1.785527e-03,3.649981e-02,-1.066554e-03,-2.394243e-02,2.245143e-04,1.063052e-02,89.842354,1.874784e-01
134,3.375000,book_2,6.861153e-02,1.765948e-02,-1.262275e-01,-3.421861e-01,-3.408942e-01,-6.197383e-01,-6.185662e-01,2.431104e-05,2.247208e-02,-7.681822e-05,-1.771144e-02,1.937009e-04,-3.227146e-03,89.866279,1.874802e-01
135,3.400000,book_2,6.874680e-02,1.876448e-02,-1.263727e-01,-3.421321e-01,-3.409511e-01,-6.201025e-01,-6.181997e-01,5.410778e-03,4.419999e-02,-5.810410e-03,1.447476e-02,1.656926e-04,3.922275e-02,89.818774,1.876780e-01
136,3.425000,book_2,6.874835e-02,1.899460e-02,-1.263750e-01,-3.419829e-01,-3.411049e-01,-6.198720e-01,-6.184286e-01,6.193395e-05,9.204740e-03,-9.305106e-05,-2.756152e-02,2.669903e-04,-1.447830e-02,89.863230,1.876807e-01
137,3.450000,book_2,6.875034e-02,1.917622e-02,-1.263765e-01,-3.419025e-01,-3.411848e-01,-6.197445e-01,-6.185567e-01,7.965514e-05,7.264938e-03,-5.889207e-05,-1.492577e-02,-3.943784e-05,-8.274722e-03,89.887636,1.876832e-01
138,3.475000,book_2,6.873992e-02,2.005253e-02,-1.264997e-01,-3.422966e-01,-3.407989e-01,-6.196650e-01,-6.186311e-01,-4.166874e-04,3.505235e-02,-4.928599e-03,3.443008e-02,5.872447e-04,-2.893989e-02,89.868031,1.877585e-01
139,3.500000,book_2,6.899748e-02,1.616752e-02,-1.269167e-01,-3.252808e-01,-3.570631e-01,-5.889720e-01,-6.479277e-01,1.030245e-02,-1.554005e-01,-1.667863e-02,-3.291326e+00,3.142861e-03,-2.064473e+00,84.571197,1.882298e-01
140,3.525000,book_2,6.892857e-02,1.771908e-02,-1.266086e-01,-2.909854e-01,-3.887884e-01,-5.886184e-01,-6.462967e-01,-2.756565e-03,6.206231e-02,1.232398e-02,-3.243699e+00,8.441903e-02,1.865780e+00,82.084549,1.879712e-01
141,3.550000,book_2,6.879471e-02,1.525122e-02,-1.259126e-01,-3.147371e-01,-3.672574e-01,-6.191099e-01,-6.186804e-01,-5.354294e-03,-9.871412e-02,2.783879e-02,3.838410e+00,1.545768e-01,1.639220e+00,87.977790,1.874039e-01
142,3.575000,book_2,6.881112e-02,1.617293e-02,-1.258749e-01,-3.200710e-01,-3.620691e-01,-6.192474e-01,-6.188645e-01,6.563999e-04,3.686844e-02,1.509789e-03,5.203851e-01,-1.480472e-03,-2.896665e-01,88.385507,1.873907e-01
143,3.600000,book_2,6.882736e-02,1.692068e-02,-1.258420e-01,-3.243347e-01,-3.579079e-01,-6.193194e-01,-6.189930e-01,6.494345e-04,2.990980e-02,1.316080e-03,4.160424e-01,-3.569080e-04,-2.328560e-01,88.710690,1.873806e-01
144,3.625000,book_2,6.884347e-02,1.751837e-02,-1.258135e-01,-3.277147e-01,-3.545797e-01,-6.193523e-01,-6.190953e-01,6.444422e-04,2.390750e-02,1.138603e-03,3.305617e-01,-1.130090e-03,-1.865812e-01,88.967955,1.873735e-01
145,3.650000,book_2,6.906086e-02,1.867680e-02,-1.257873e-01,-3.297765e-01,-3.525850e-01,-6.199697e-01,-6.185215e-01,8.695788e-03,4.633718e-02,1.049991e-03,2.335073e-01,3.452992e-03,-5.176302e-02,89.211012,1.875170e-01
146,3.675000,book_2,6.907907e-02,1.890879e-02,-1.257611e-01,-3.323132e-01,-3.500787e-01,-6.198947e-01,-6.186626e-01,7.282039e-04,9.279809e-03,1.047206e-03,2.439919e-01,-1.989488e-04,-1.483906e-01,89.392825,1.875129e-01
147,3.700000,book_2,6.909292e-02,1.908818e-02,-1.257389e-01,-3.343863e-01,-3.480274e-01,-6.198334e-01,-6.187643e-01,5.540907e-04,7.175593e-03,8.860934e-04,1.999067e-01,6.042537e-05,-1.206715e-01,89.542501,1.875083e-01
148,3.725000,book_2,6.898907e-02,1.967165e-02,-1.257740e-01,-3.428564e-01,-3.409063e-01,-6.198585e-01,-6.180678e-01,-4.153858e-03,2.333897e-02,-1.401945e-03,7.917806e-01,8.622839e-02,-3.905653e-01,89.796583,1.874548e-01
149,3.750000,book_2,6.898989e-02,1.971946e-02,-1.257768e-01,-3.426798e-01,-3.410903e-01,-6.196906e-01,-6.182325e-01,3.278643e-05,1.912113e-03,-1.139838e-04,-2.695629e-02,4.559031e-04,-6.604569e-03,89.834303,1.874574e-01
150,3.775000,book_2,6.890615e-02,2.030599e-02,-1.256378e-01,-3.422642e-01,-3.415128e-01,-6.191093e-01,-6.188116e-01,-3.349582e-03,2.346127e-02,5.559452e-03,-7.323987e-02,4.225868e-04,-3.453794e-02,89.949445,1.873020e-01
151,3.800000,book_2,6.882241e-02,1.476127e-02,-1.254989e-01,-3.418482e-01,-3.419349e-01,-6.185274e-01,-6.193901e-01,-3.349582e-03,-2.217887e-01,5.559452e-03,-7.323987e-02,4.225868e-04,-3.453794e-02,89.935412,1.871467e-01
152,3.825000,book_2,6.882215e-02,1.576810e-02,-1.254970e-01,-3.418600e-01,-3.419350e-01,-6.186112e-01,-6.193000e-01,-1.051448e-05,4.027305e-02,7.235658e-05,5.337606e-03,7.600928e-04,8.290832e-03,89.948207,1.871453e-01
153,3.850000,book_2,6.882193e-02,1.659532e-02,-1.254962e-01,-3.418686e-01,-3.419319e-01,-6.186792e-01,-6.192290e-01,-9.009924e-06,3.308893e-02,3.326099e-05,4.383591e-03,3.548293e-04,6.564370e-03,89.958528,1.871445e-01
154,3.875000,book_2,6.876865e-02,1.766591e-02,-1.255933e-01,-3.422532e-01,-3.415515e-01,-6.186575e-01,-6.192481e-01,-2.131077e-03,4.282339e-02,-3.883722e-03,3.676439e-02,2.659158e-04,-2.294349e-02,89.985608,1.871702e-01
155,3.900000,book_2,6.876781e-02,1.811507e-02,-1.255935e-01,-3.421840e-01,-3.416271e-01,-6.187156e-01,-6.191866e-01,-3.376306e-05,1.796645e-02,-7.284232e-06,-3.900653e-03,4.033707e-04,9.882601e-03,89.988415,1.871697e-01
156,3.925000,book_2,6.877049e-02,1.871453e-02,-1.255251e-01,-3.418994e-01,-3.419177e-01,-6.187189e-01,-6.191800e-01,1.073971e-04,2.397870e-02,2.733978e-03,-2.821191e-02,4.030028e-04,1.622290e-02,89.966579,1.871258e-01
157,3.950000,book_2,6.878111e-02,1.899368e-02,-1.255299e-01,-3.418880e-01,-3.419325e-01,-6.188059e-01,-6.190913e-01,4.249656e-04,1.116574e-02,-1.886425e-04,3.512753e-03,2.154304e-04,9.415360e-03,89.978019,1.871368e-01
158,3.975000,book_2,6.868815e-02,1.977627e-02,-1.256839e-01,-3.427113e-01,-3.411184e-01,-6.186093e-01,-6.192817e-01,-3.718715e-03,3.130378e-02,-6.160613e-03,7.048585e-02,6.079993e-04,-6.394893e-02,89.985282,1.871713e-01
159,4.000000,book_2,6.868672e-02,1.980379e-02,-1.256856e-01,-3.425643e-01,-3.412623e-01,-6.187004e-01,-6.191927e-01,-5.698783e-05,1.100629e-03,-6.802157e-05,-9.475670e-03,-2.154535e-04,1.687245e-02,89.983905,1.871714e-01
0,0.025000,book_3,-2.999010e-02,5.490037e-02,1.991365e-05,3.044328e-17,-7.779268e-05,-1.036123e-16,1.000000e+00,-3.033116e-17,2.775558e-17,6.911932e-18,1.277815e-15,-9.236842e-17,7.661160e-16,0.000000,0.000000e+00
1,0.050000,book_3,-2.999010e-02,5.490037e-02,1.991365e-05,4.632626e-17,-7.779268e-05,-1.216125e-16,1.000000e+00,5.025511e-17,2.775558e-17,7.343065e-18,1.270750e-15,1.133870e-16,-1.439920e-15,0.000000,1.829591e-19
2,0.075000,book_3,-2.999010e-02,5.490037e-02,1.991365e-05,7.258715e-17,-7.779268e-05,-1.677957e-16,1.000000e+00,1.337650e-16,5.551115e-17,5.351112e-17,2.101159e-15,-6.803901e-17,-3.694489e-15,0.000000,3.788315e-18
3,0.100000,book_3,-2.999010e-02,5.490037e-02,1.991365e-05,5.602395e-17,-7.779268e-05,-1.772933e-16,1.000000e+00,3.139293e-17,8.326673e-17,-9.169512e-17,-1.324997e-15,-4.844688e-17,-7.599106e-16,0.000000,3.554407e-18
4,0.125000,book_3,-2.999010e-02,5.490037e-02,1.991365e-05,5.677787e-17,-7.779268e-05,-2.013005e-16,1.000000e+00,7.776591e-17,8.326673e-17,-3.546844e-17,6.046314e-17,2.251401e-16,-1.920573e-15,0.000000,7.134736e-18
5,0.150000,book_3,-2.999010e-02,5.490037e-02,1.991365e-05,5.154117e-17,-7.779268e-05,-2.243915e-16,1.000000e+00,7.183073e-17,8.326673e-17,3.774228e-18,-4.187927e-16,4.858860e-17,-1.847313e-15,0.000000,1.052539e-17
6,0.175000,book_3,-2.999010e-02,5.490037e-02,1.991365e-05,5.179282e-17,-7.779268e-05,-2.549178e-16,1.000000e+00,9.541008e-17,8.326673e-17,-2.256136e-17,2.032248e-17,-7.209243e-17,-2.442104e-15,0.000000,1.403995e-17
7,0.200000,book_3,-2.999010e-02,5.490037e-02,1.991365e-05,5.585423e-17,-7.779268e-05,-3.051546e-16,1.000000e+00,1.632674e-16,1.110223e-16,8.408997e-18,3.252255e-16,1.975496e-16,-4.018916e-15,0.000000,1.745291e-17
8,0.225000,book_3,-2.999010e-02,5.490037e-02,1.991365e-05,6.095524e-17,-7.779268e-05,-3.054302e-16,1.000000e+00,-2.447221e-18,5.551115e-17,2.339033e-17,4.080826e-16,1.316531e-17,-2.202102e-17,0.000000,1.739826e-17
9,0.250000,book_3,-2.999010e-02,5.490037e-02,1.991365e-05,3.700070e-17,-7.779268e-05,-3.052597e-16,1.000000e+00,-6.606241e-18,8.326673e-17,-7.293051e-17,-1.916364e-15,1.076718e-17,1.348946e-17,0.000000,1.763169e-17
10,0.275000,book_3,-2.999010e-02,5.490037e-02,1.991365e-05,3.736610e-17,-7.779268e-05,-3.034954e-16,1.000000e+00,-1.611133e-17,8.326673e-17,-1.014103e-17,2.922112e-17,3.917695e-17,1.411489e-16,0.000000,1.767892e-17
11,0.300000,book_3,-2.999010e-02,5.490037e-02,1.991365e-05,3.207267e-17,-7.779268e-05,-3.030416e-16,1.000000e+00,-1.005593e-17,8.326673e-17,-1.590698e-17,-4.234776e-16,9.447196e-17,3.627490e-17,0.000000,1.775961e-17
12,0.325000,book_3,-2.999010e-02,5.490037e-02,1.991365e-05,3.094598e-17,-7.779268e-05,-2.970710e-16,1.000000e+00,-1.875664e-17,8.326673e-17,-2.615060e-17,-9.017192e-17,4.983592e-17,4.776356e-16,0.000000,1.791109e-17
13,0.350000,book_3,-2.999010e-02,5.490037e-02,1.991365e-05,3.468684e-17,-7.779268e-05,-2.967029e-16,1.000000e+00,-2.719535e-18,2.775558e-17,-9.231514e-18,2.992658e-16,2.150411e-16,2.947205e-17,0.000000,1.796983e-17
14,0.375000,book_3,-3.349635e-02,7.636111e-02,2.859498e-05,-2.093671e-04,-7.715043e-05,-1.282329e-01,9.917441e-01,-1.402502e-01,8.584297e-01,3.472532e-04,-1.608411e-02,1.317973e-15,-1.034403e+01,14.735002,3.506265e-03
15,0.400000,book_3,-3.700260e-02,9.169060e-02,3.727631e-05,-4.152772e-04,-7.523428e-05,-2.543485e-01,9.671125e-01,-1.402502e-01,6.131797e-01,3.472532e-04,-1.608411e-02,1.317973e-15,-1.034403e+01,29.470005,7.012529e-03
16,0.425000,book_3,-4.050886e-02,1.008888e-01,4.595764e-05,-6.143302e-04,-7.207587e-05,-3.762642e-01,9.265122e-01,-1.402502e-01,3.679297e-01,3.472532e-04,-1.608411e-02,1.317973e-15,-1.034403e+01,44.205007,1.051879e-02
17,0.450000,book_3,-4.076600e-02,1.019189e-01,1.199266e-03,-1.721302e-02,1.413486e-02,-3.655699e-01,9.305174e-01,-1.028577e-02,4.120360e-02,4.613234e-02,-8.027750e-01,1.553693e+00,9.127164e-01,42.935190,1.084025e-02
18,0.475000,book_3,-4.102315e-02,9.681778e-02,2.352575e-03,-3.380125e-02,2.833321e-02,-3.546534e-01,9.339570e-01,-1.028577e-02,-2.040464e-01,4.613234e-02,-8.027750e-01,1.553693e+00,9.127164e-01,41.741442,1.127695e-02
19,0.500000,book_3,-4.128029e-02,8.558537e-02,3.505883e-03,-5.036894e-02,4.251434e-02,-3.435214e-01,9.368290e-01,-1.028577e-02,-4.492964e-01,4.613234e-02,-8.027750e-01,1.553693e+00,9.127164e-01,40.631621,1.181611e-02
20,0.525000,book_3,-4.153743e-02,6.822171e-02,4.659192e-03,-6.690602e-02,5.666963e-02,-3.321806e-01,9.391316e-01,-1.028577e-02,-6.945464e-01,4.613234e-02,-8.027750e-01,1.553693e+00,9.127164e-01,39.613836,1.244443e-02
21,0.550000,book_3,-4.251873e-02,4.554010e-02,5.838988e-03,-1.005819e-01,3.046824e-02,-3.256165e-01,9.396429e-01,-3.925177e-02,-9.072644e-01,4.719184e-02,-3.196860e+00,-1.041760e+00,8.004122e-01,39.850919,1.381406e-02
22,0.575000,book_3,-3.949073e-02,3.187464e-02,1.113891e-02,4.293189e-03,1.655504e-01,-4.849257e-01,8.587326e-01,1.211199e-01,-5.466182e-01,2.119967e-01,1.069002e+01,6.537680e+00,-1.591243e+01,58.017693,1.462512e-02
23,0.600000,book_3,-3.279000e-02,2.432894e-02,1.476153e-02,1.304788e-01,2.793713e-01,-7.788125e-01,5.462399e-01,2.680292e-01,-3.018280e-01,1.449049e-01,1.040728e+01,8.017106e+00,-3.798844e+01,75.691238,1.500516e-02
24,0.625000,book_3,-2.951596e-02,2.716567e-02,1.564357e-02,-1.138447e-02,2.728324e-01,-8.122025e-01,5.155191e-01,1.309616e-01,1.134692e-01,3.528167e-02,-7.111333e+00,9.695936e+00,-2.738794e-01,71.360952,1.563085e-02
25,0.650000,book_3,-2.951833e-02,3.549700e-02,1.609490e-02,-3.648173e-01,7.982169e-02,-5.730494e-01,7.294870e-01,-9.494690e-05,3.332531e-01,1.805316e-02,-2.501930e+01,1.216503e+01,3.649397e+01,85.581237,1.608191e-02
26,0.675000,book_3,-3.051263e-02,4.626119e-02,1.519422e-02,-4.639815e-01,4.443415e-02,-4.541617e-01,7.592654e-01,-3.977175e-02,4.305676e-01,-3.602732e-02,-5.857607e+00,5.836713e+00,1.010121e+01,80.972025,1.518330e-02
27,0.700000,book_3,-3.150692e-02,5.089413e-02,1.429353e-02,-5.510326e-01,7.886565e-03,-3.234173e-01,7.692218e-01,-3.977175e-02,1.853176e-01,-3.602732e-02,-5.857607e+00,5.836713e+00,1.010121e+01,79.424635,1.435399e-02
28,0.725000,book_3,-3.499964e-02,5.089325e-02,1.395101e-02,-5.934290e-01,2.392785e-03,-2.827472e-01,7.535850e-01,-1.397088e-01,-3.507234e-05,-1.370089e-02,-3.421146e+00,2.566351e+00,2.371512e+00,82.195574,1.480443e-02
29,0.750000,book_3,-3.921787e-02,4.559344e-02,1.293824e-02,-6.375196e-01,-1.620417e-02,-2.519429e-01,7.278949e-01,-1.687291e-01,-2.119924e-01,-4.051095e-02,-4.300850e+00,1.346125e+00,2.171540e+00,86.549451,1.587561e-02
30,0.775000,book_3,-4.252207e-02,3.859601e-02,1.040176e-02,-7.098356e-01,-1.139857e-03,-2.505152e-01,6.583117e-01,-1.321680e-01,-2.798972e-01,-1.014590e-01,-7.496758e+00,2.329387e+00,-2.192685e+00,82.342629,1.627370e-02
31,0.800000,book_3,-4.272551e-02,4.797934e-02,8.411795e-03,-7.972685e-01,1.230987e-02,-3.049634e-01,5.207771e-01,-8.137565e-03,3.753333e-01,-7.959867e-02,-1.232333e+01,-6.535969e-01,-6.492036e+00,62.788307,1.525170e-02
32,0.825000,book_3,-4.239447e-02,5.411574e-02,5.225515e-03,-8.294571e-01,4.397897e-02,-3.528715e-01,4.307535e-01,1.324141e-02,2.454557e-01,-1.274512e-01,-6.397217e+00,-8.676802e-01,-6.219148e+00,51.315271,1.345239e-02
33,0.850000,book_3,-3.643354e-02,6.476490e-02,5.760973e-03,-8.404493e-01,1.513298e-01,-2.190576e-01,4.719724e-01,2.384375e-01,4.259665e-01,2.141832e-02,5.950617e+00,1.294634e+01,-1.330686e+00,59.423882,8.630045e-03
34,0.875000,book_3,-3.047260e-02,6.928281e-02,6.296430e-03,-8.251774e-01,2.539515e-01,-7.839813e-02,4.984422e-01,2.384375e-01,1.807165e-01,2.141832e-02,5.950617e+00,1.294634e+01,-1.330686e+00,68.029576,6.295035e-03
35,0.900000,book_3,-2.451166e-02,6.766947e-02,6.831888e-03,-7.841185e-01,3.486372e-01,6.471130e-02,5.093356e-01,2.384375e-01,-6.453351e-02,2.141832e-02,5.950617e+00,1.294634e+01,-1.330686e+00,76.228010,8.741639e-03
36,0.925000,book_3,-1.955826e-02,6.495404e-02,7.079800e-03,-7.202028e-01,3.850067e-01,2.531123e-01,5.186636e-01,1.981358e-01,-1.086175e-01,9.916454e-03,8.428659e+00,1.365072e+01,3.638926e+00,80.472804,1.259623e-02
37,0.950000,book_3,-1.460487e-02,5.610735e-02,7.327711e-03,-6.267661e-01,4.055948e-01,4.311382e-01,5.067317e-01,1.981358e-01,-3.538675e-01,9.916454e-03,8.428659e+00,1.365072e+01,3.638926e+00,80.942149,1.703259e-02
38,0.975000,book_3,-8.496872e-03,4.885659e-02,7.506970e-03,-4.469137e-01,4.580853e-01,5.391931e-01,5.474457e-01,2.443198e-01,-2.900303e-01,7.170370e-03,1.130177e+01,1.273658e+01,-5.627893e+00,88.906848,2.275994e-02
39,1.000000,book_3,-1.887737e-03,4.370662e-02,8.588839e-03,-2.445395e-01,4.510237e-01,6.357799e-01,5.766819e-01,2.643654e-01,-2.059989e-01,4.327475e-02,1.411384e+01,1.108583e+01,-4.305119e+00,85.872926,2.937974e-02
40,1.025000,book_3,3.310215e-03,4.383456e-02,1.506292e-02,-1.319094e-01,3.693167e-01,6.858555e-01,6.130313e-01,2.079181e-01,5.117798e-03,2.589634e-01,1.200913e+01,1.646293e+00,-2.027568e+00,88.601599,3.654043e-02
41,1.050000,book_3,7.790488e-03,4.039586e-02,2.318289e-02,-5.221575e-03,2.684283e-01,6.992510e-01,6.625458e-01,1.792109e-01,-1.375481e-01,3.247988e-01,1.285242e+01,6.917638e-01,-4.807592e+00,88.737015,4.431587e-02
42,1.075000,book_3,1.225316e-02,3.091907e-02,3.125753e-02,1.239393e-01,1.561148e-01,6.894229e-01,6.963930e-01,1.785069e-01,-3.790714e-01,3.229856e-01,1.313244e+01,5.496830e-01,-5.220777e+00,88.930217,5.253838e-02
43,1.100000,book_3,1.283575e-02,3.280203e-02,3.499712e-02,2.307365e-01,4.777585e-02,7.082009e-01,6.655296e-01,2.330373e-02,7.531815e-02,1.495836e-01,1.261994e+01,5.449791e-02,3.445894e-01,83.709146,5.529429e-02
44,1.125000,book_3,1.416782e-02,2.850042e-02,3.870381e-02,3.235502e-01,-6.356612e-02,7.163662e-01,6.148936e-01,5.328263e-02,-1.720642e-01,1.482676e-01,1.236185e+01,-6.343376e-01,9.042764e-01,76.365311,5.870575e-02
45,1.150000,book_3,1.710613e-02,2.401077e-02,4.062754e-02,2.761888e-01,-4.147457e-02,6.801364e-01,6.778009e-01,1.175323e-01,-1.795861e-01,7.694918e-02,-5.060125e+00,-3.713419e-01,-5.076707e+00,85.541804,6.218548e-02
46,1.175000,book_3,1.885275e-02,1.736216e-02,4.135959e-02,1.601891e-01,7.320052e-02,7.105597e-01,6.812386e-01,6.986474e-02,-2.659442e-01,2.928164e-02,-1.288389e+01,-7.648354e-01,3.661926e+00,86.496404,6.398900e-02
47,1.200000,book_3,1.858696e-02,2.198333e-02,4.144144e-02,1.053375e-01,1.255731e-01,7.242286e-01,6.697973e-01,-1.063131e-02,1.848467e-01,3.274240e-03,-5.757273e+00,-3.730684e-01,2.394966e+00,85.916741,6.383943e-02
48,1.225000,book_3,1.879461e-02,2.251720e-02,4.148658e-02,1.036979e-01,1.290492e-01,7.028228e-01,6.918332e-01,8.305795e-03,2.135465e-02,1.805504e-03,-6.903230e-01,5.031070e-02,-2.379097e+00,89.459902,6.402680e-02
49,1.250000,book_3,1.934393e-02,2.267111e-02,4.155273e-02,1.547091e-01,8.478799e-02,7.138551e-01,6.777072e-01,2.197309e-02,6.156386e-03,2.645978e-03,5.556570e+00,4.739041e-01,5.122703e-01,86.155557,6.448892e-02
50,1.275000,book_3,1.930234e-02,2.389247e-02,4.176478e-02,1.602427e-01,7.959674e-02,7.154210e-01,6.753958e-01,-1.663820e-03,4.885439e-02,8.482252e-03,6.357283e-01,3.086216e-02,1.151224e-01,85.698211,6.459395e-02
51,1.300000,book_3,1.925335e-02,2.485978e-02,4.195220e-02,1.643047e-01,7.574405e-02,7.167569e-01,6.734436e-01,-1.959486e-03,3.869230e-02,7.496678e-03,4.735242e-01,1.962518e-02,1.086564e-01,85.326758,6.467792e-02
52,1.325000,book_3,1.946904e-02,2.708363e-02,4.176610e-02,1.164080e-01,1.230044e-01,6.933331e-01,7.004343e-01,8.627609e-03,8.895436e-02,-7.444169e-03,-5.803953e+00,-5.606993e-02,-1.903715e+00,89.342421,6.472210e-02
53,1.350000,book_3,2.125020e-02,2.346742e-02,4.239515e-02,7.621625e-02,1.678439e-01,6.692180e-01,7.198380e-01,7.124646e-02,-1.446487e-01,2.516208e-02,-5.169081e+00,3.176315e-01,-1.618174e+00,84.682390,6.649232e-02
54,1.375000,book_3,2.201278e-02,2.338201e-02,4.390538e-02,1.068203e-01,1.260374e-01,7.106483e-01,6.838735e-01,3.050321e-02,-3.416285e-03,6.040931e-02,4.789843e+00,-5.402917e-01,3.655859e+00,88.116738,6.804582e-02
55,1.400000,book_3,2.230865e-02,1.984025e-02,4.493481e-02,1.622740e-01,6.800125e-02,7.754957e-01,6.063409e-01,1.183483e-02,-1.416702e-01,4.117721e-02,7.714006e+00,2.068215e-01,6.958535e+00,75.199572,6.893843e-02
56,1.425000,book_3,2.219080e-02,2.213200e-02,4.496324e-02,1.571038e-01,7.419757e-02,7.789193e-01,6.025760e-01,-4.714093e-03,9.166985e-02,1.136931e-03,-5.677368e-01,-4.415739e-02,5.082306e-01,74.764106,6.886761e-02
57,1.450000,book_3,2.269985e-02,2.491106e-02,4.487723e-02,1.437745e-01,8.894258e-02,7.704250e-01,6.147059e-01,2.036193e-02,1.111626e-01,-3.440038e-03,-1.764784e+00,-8.506821e-02,-9.011689e-01,76.794070,6.919834e-02
58,1.475000,book_3,2.347941e-02,2.702641e-02,4.510413e-02,1.591387e-01,7.623386e-02,7.664465e-01,6.175946e-01,3.118234e-02,8.461382e-02,9.075949e-03,1.477627e+00,3.472723e-01,-6.293193e-01,76.965914,6.993979e-02
59,1.500000,book_3,2.450824e-02,2.860157e-02,4.534487e-02,1.534418e-01,7.787654e-02,7.417964e-01,6.481735e-01,4.115323e-02,6.300652e-02,9.629334e-03,-9.225597e-01,-1.409329e-01,-3.039611e+00,81.511400,7.088314e-02
60,1.525000,book_3,2.524731e-02,2.501086e-02,4.550640e-02,1.615751e-01,7.020138e-02,7.249682e-01,6.658726e-01,2.956287e-02,-1.436287e-01,6.461221e-03,5.553130e-01,1.810437e-01,-2.068568e+00,84.066685,7.155551e-02
61,1.550000,book_3,2.672600e-02,2.304393e-02,4.581354e-02,2.045057e-01,2.935783e-02,6.509719e-01,7.304458e-01,5.914753e-02,-7.867704e-02,1.228583e-02,3.428034e+00,9.139786e-01,-8.511892e+00,86.053444,7.289562e-02
62,1.575000,book_3,2.683059e-02,2.425226e-02,4.591363e-02,1.885495e-01,4.225986e-02,6.498719e-01,7.350712e-01,4.183548e-03,4.833316e-02,4.003426e-03,-1.682951e+00,-6.990729e-02,-5.661345e-02,85.168186,7.303987e-02
63,1.600000,book_3,2.681461e-02,2.283075e-02,4.594103e-02,2.128211e-01,1.814644e-02,6.810096e-01,7.004311e-01,-6.392871e-04,-5.686041e-02,1.096189e-03,3.314271e+00,-5.095538e-01,3.191550e+00,88.960951,7.304467e-02
64,1.625000,book_3,2.678626e-02,2.381883e-02,4.613438e-02,1.843317e-01,3.908538e-02,7.079518e-01,6.806603e-01,-1.133824e-03,3.952343e-02,7.733788e-03,-2.364228e+00,-8.097846e-01,2.988216e+00,85.966035,7.314437e-02
65,1.650000,book_3,2.625335e-02,2.500228e-02,4.635518e-02,1.502159e-01,6.914266e-02,7.440977e-01,6.472813e-01,-2.131639e-02,4.733768e-02,8.831904e-03,-2.961429e+00,-7.257698e-01,4.418539e+00,81.228600,7.287168e-02
66,1.675000,book_3,2.621976e-02,2.281195e-02,4.596870e-02,7.694175e-02,1.349753e-01,7.617239e-01,6.289979e-01,-1.343542e-03,-8.761306e-02,-1.545903e-02,-7.434443e+00,-1.069093e+00,3.214168e+00,80.079198,7.260054e-02
67,1.700000,book_3,2.680215e-02,1.838447e-02,4.846982e-02,5.710469e-02,1.176196e-01,7.179357e-01,6.837200e-01,2.329565e-02,-1.770992e-01,1.000447e-01,-7.523508e-01,-2.410277e+00,-5.445962e+00,87.857484,7.465087e-02
68,1.725000,book_3,2.726262e-02,1.893264e-02,4.880061e-02,8.879061e-02,8.575517e-02,6.834813e-01,7.194551e-01,1.841852e-02,2.192684e-02,1.323185e-02,3.082733e+00,-1.021138e-01,-4.390578e+00,87.137508,7.521589e-02
69,1.750000,book_3,2.688197e-02,1.627530e-02,4.906906e-02,1.067115e-01,6.933490e-02,7.231254e-01,6.788924e-01,-1.522589e-02,-1.062935e-01,1.073791e-02,2.494145e+00,3.152770e-02,4.268223e+00,86.066683,7.510160e-02
70,1.775000,book_3,2.691781e-02,1.697068e-02,4.902862e-02,1.026685e-01,7.330773e-02,7.188130e-01,6.836615e-01,1.433462e-03,2.781524e-02,-1.617857e-03,-5.140600e-01,-7.755299e-03,-4.537774e-01,86.877788,7.510234e-02
71,1.800000,book_3,2.694957e-02,1.753987e-02,4.899284e-02,9.944662e-02,7.646529e-02,7.152980e-01,6.874679e-01,1.270536e-03,2.276736e-02,-1.430812e-03,-4.096761e-01,-6.030001e-03,-3.663148e-01,87.530832,7.510309e-02
72,1.825000,book_3,2.697723e-02,1.799436e-02,4.896198e-02,9.687846e-02,7.899664e-02,7.124625e-01,6.904863e-01,1.106551e-03,1.817958e-02,-1.234702e-03,-3.274592e-01,-3.647467e-03,-2.928223e-01,88.052916,7.510394e-02
73,1.850000,book_3,2.698608e-02,1.841797e-02,4.893948e-02,9.435807e-02,8.135040e-02,7.098573e-01,6.932396e-01,3.538206e-04,1.694455e-02,-8.999791e-04,-3.111887e-01,-1.084588e-02,-2.666729e-01,88.532964,7.509599e-02
74,1.875000,book_3,2.716125e-02,1.928456e-02,4.886617e-02,9.317665e-02,8.253224e-02,7.086367e-01,6.945074e-01,7.006774e-03,3.466369e-02,-2.932496e-03,-1.501504e-01,-5.837189e-04,-1.230836e-01,88.756832,7.518133e-02
75,1.900000,book_3,2.726181e-02,1.939243e-02,4.865862e-02,7.816545e-02,9.753606e-02,6.992445e-01,7.038707e-01,4.022343e-03,4.314585e-03,-8.301710e-03,-1.816988e+00,-9.192277e-03,-8.419564e-01,89.433078,7.512326e-02
76,1.925000,book_3,2.747251e-02,2.063547e-02,4.882857e-02,7.918603e-02,9.655255e-02,7.004687e-01,7.026740e-01,8.428269e-03,4.972166e-02,6.797822e-03,1.295219e-01,3.392484e-03,1.217661e-01,89.647845,7.539387e-02
77,1.950000,book_3,2.746737e-02,1.646676e-02,4.921436e-02,1.063629e-01,7.051329e-02,7.159825e-01,6.863555e-01,-2.057570e-04,-1.667483e-01,1.543185e-02,3.213192e+00,8.700940e-02,1.413018e+00,87.255171,7.564030e-02
78,1.975000,book_3,2.741064e-02,1.775457e-02,4.934521e-02,1.247850e-01,5.060709e-02,7.253414e-01,6.750907e-01,-2.269354e-03,5.151230e-02,5.233997e-03,2.301464e+00,-5.394480e-02,8.862337e-01,85.216959,7.568242e-02
79,2.000000,book_3,2.746167e-02,1.816628e-02,4.925076e-02,1.162554e-01,5.917201e-02,7.202468e-01,6.813427e-01,2.041248e-03,1.646831e-02,-3.778258e-03,-1.040805e+00,-6.833588e-03,-5.179538e-01,86.299471,7.565964e-02
80,2.025000,book_3,2.764600e-02,1.853012e-02,4.884030e-02,8.219829e-02,9.333535e-02,7.009345e-01,7.022983e-01,7.373417e-03,1.455368e-02,-1.641817e-02,-4.117626e+00,-1.982348e-02,-1.783965e+00,89.778342,7.553377e-02
81,2.050000,book_3,2.776697e-02,1.955906e-02,4.893620e-02,7.460978e-02,1.028829e-01,6.957347e-01,7.069666e-01,4.838760e-03,4.115739e-02,3.835915e-03,-1.031356e+00,1.102424e-01,-4.345192e-01,88.809689,7.568806e-02
82,2.075000,book_3,2.775755e-02,1.961410e-02,4.898001e-02,7.760729e-02,9.994189e-02,6.970033e-01,7.058153e-01,-3.768917e-04,2.201904e-03,1.752347e-03,3.505424e-01,2.405009e-03,9.360598e-02,89.064482,7.570919e-02
83,2.100000,book_3,2.778398e-02,2.076567e-02,4.920869e-02,9.157696e-02,8.379555e-02,7.062738e-01,6.969715e-01,1.057300e-03,4.606249e-02,9.147285e-03,1.818717e+00,-1.196398e-01,8.049010e-01,89.173884,7.587740e-02
84,2.125000,book_3,2.808853e-02,1.690634e-02,4.910126e-02,6.559846e-02,1.075135e-01,6.920459e-01,7.107813e-01,1.218209e-02,-1.543728e-01,-4.297113e-03,-2.987600e+00,-1.338243e-01,-1.226677e+00,88.078025,7.604016e-02
85,2.150000,book_3,2.804448e-02,1.790351e-02,4.926678e-02,5.524701e-02,1.203130e-01,6.843051e-01,7.170767e-01,-1.762219e-03,3.988671e-02,6.620440e-03,-1.397113e+00,1.412201e-01,-6.326120e-01,86.712369,7.611350e-02
86,2.175000,book_3,2.801567e-02,1.830072e-02,4.934602e-02,6.209040e-02,1.135907e-01,6.880347e-01,7.140379e-01,-1.152269e-03,1.588843e-02,3.169827e-03,8.099648e-01,1.767063e-03,2.847494e-01,87.391801,7.614285e-02
87,2.200000,book_3,2.799167e-02,1.860519e-02,4.941311e-02,6.753955e-02,1.082252e-01,6.910014e-01,7.115074e-01,-9.600464e-04,1.217871e-02,2.683432e-03,6.461582e-01,1.700712e-03,2.325928e-01,87.942018,7.616806e-02
88,2.225000,book_3,2.788045e-02,2.000194e-02,4.963566e-02,8.473115e-02,9.039464e-02,7.014976e-01,7.018195e-01,-4.448674e-03,5.586982e-02,8.902021e-03,2.108312e+00,-3.741995e-02,8.881738e-01,89.917295,7.622809e-02
89,2.250000,book_3,2.800574e-02,1.608902e-02,5.021466e-02,1.304528e-01,4.370803e-02,6.945542e-01,7.061629e-01,5.011525e-03,-1.565168e-01,2.316000e-02,5.118560e+00,-3.978414e-02,-1.283483e+00,89.933939,7.670091e-02
90,2.275000,book_3,2.768567e-02,1.845762e-02,5.022468e-02,1.809095e-01,-3.095560e-04,6.829703e-01,7.076887e-01,-1.280278e-02,9.474431e-02,4.007174e-04,5.251958e+00,4.334604e-01,-1.378182e+00,89.905645,7.646576e-02
91,2.300000,book_3,2.735032e-02,1.622789e-02,4.994464e-02,1.315825e-01,5.157576e-02,6.942038e-01,7.057670e-01,-1.341419e-02,-8.918947e-02,-1.120144e-02,-5.614760e+00,7.996504e-02,1.494617e+00,89.912097,7.602895e-02
92,2.325000,book_3,2.726161e-02,1.809923e-02,5.014857e-02,8.250983e-02,9.763285e-02,7.015819e-01,7.010299e-01,-3.548138e-03,7.485381e-02,8.157399e-03,-5.260356e+00,-1.834099e-01,1.370113e+00,89.888270,7.609626e-02
93,2.350000,book_3,2.726292e-02,1.846325e-02,5.016576e-02,8.396864e-02,9.618571e-02,7.015481e-01,7.010904e-01,5.240664e-05,1.456056e-02,6.875783e-04,1.623733e-01,4.688023e-04,-2.623966e-02,89.910675,7.610857e-02
94,2.375000,book_3,2.726474e-02,1.875127e-02,5.018049e-02,8.518413e-02,9.498035e-02,7.014824e-01,7.011739e-01,7.257131e-05,1.152081e-02,5.889767e-04,1.347575e-01,4.112431e-04,-2.581547e-02,89.923676,7.611964e-02
95,2.400000,book_3,2.748914e-02,2.026815e-02,5.020118e-02,8.582947e-02,9.434094e-02,7.021357e-01,7.005273e-01,8.975963e-03,6.067550e-02,8.278382e-04,8.145268e-02,8.095836e-04,6.366861e-02,89.958600,7.630218e-02
96,2.425000,book_3,2.766096e-02,1.644217e-02,5.072812e-02,1.304241e-01,4.944242e-02,6.951362e-01,7.052167e-01,6.873102e-03,-1.530394e-01,2.107740e-02,4.946222e+00,1.380441e-03,-1.303192e+00,89.974241,7.677869e-02
97,2.450000,book_3,2.772780e-02,1.836427e-02,5.064272e-02,1.636855e-01,1.292303e-02,6.881114e-01,7.067834e-01,2.673270e-03,7.688404e-02,-3.416109e-03,3.868080e+00,-1.437136e-01,-9.972891e-01,89.966744,7.677254e-02
98,2.475000,book_3,2.746491e-02,1.584938e-02,5.005620e-02,1.136619e-01,6.392368e-02,6.980542e-01,7.040703e-01,-1.051533e-02,-1.005957e-01,-2.346048e-02,-5.604788e+00,2.583455e-03,1.434845e+00,89.977227,7.618864e-02
99,2.500000,book_3,2.742932e-02,1.701073e-02,5.011926e-02,9.558702e-02,8.101399e-02,7.006437e-01,7.024232e-01,-1.423597e-03,4.645405e-02,2.522314e-03,-1.944868e+00,-6.189941e-02,4.858238e-01,89.995597,7.620324e-02
100,2.525000,book_3,2.745151e-02,1.779783e-02,5.004875e-02,9.433378e-02,8.226430e-02,7.008879e-01,7.022036e-01,8.876268e-04,3.148410e-02,-2.820586e-03,-1.372443e-01,-4.313924e-04,4.371707e-02,89.983645,7.617364e-02
101,2.550000,book_3,2.744823e-02,1.821983e-02,5.003555e-02,9.312390e-02,8.347645e-02,7.010218e-01,7.020883e-01,-1.315079e-04,1.687997e-02,-5.278759e-04,-1.341821e-01,2.606146e-06,3.109376e-02,89.988123,7.616249e-02
102,2.575000,book_3,2.770471e-02,1.942895e-02,4.998789e-02,9.217753e-02,8.441988e-02,7.018318e-01,7.012907e-01,1.025941e-02,4.836469e-02,-1.906637e-03,-9.471299e-02,-7.916342e-04,1.035745e-01,89.878008,7.632489e-02
103,2.600000,book_3,2.770358e-02,1.952657e-02,4.997784e-02,9.140444e-02,8.520523e-02,7.017780e-01,7.013508e-01,-4.508177e-05,3.905050e-03,-4.019263e-04,-8.827434e-02,6.456608e-04,4.617729e-03,89.902932,7.631746e-02
104,2.625000,book_3,2.800011e-02,2.086034e-02,5.015703e-02,8.956435e-02,8.705529e-02,7.026532e-01,7.004842e-01,1.186087e-02,5.335086e-02,7.167711e-03,-1.948078e-01,3.509121e-06,1.238382e-01,89.800229,7.665895e-02
105,2.650000,book_3,2.829663e-02,1.606287e-02,5.033622e-02,8.772351e-02,8.890462e-02,7.035226e-01,6.996116e-01,1.186087e-02,-1.918991e-01,7.167711e-03,-1.948078e-01,3.509121e-06,1.238382e-01,89.697532,7.700047e-02
106,2.675000,book_3,2.829964e-02,1.681037e-02,5.033516e-02,8.783541e-02,8.883380e-02,7.031299e-01,7.000013e-01,1.202950e-04,2.990011e-02,-4.245852e-05,4.721512e-03,2.318629e-03,-4.520163e-02,89.758582,7.700206e-02
107,2.700000,book_3,2.830260e-02,1.742927e-02,5.033622e-02,8.797784e-02,8.866870e-02,7.029023e-01,7.002329e-01,1.186571e-04,2.475593e-02,4.246034e-05,1.401831e-02,-1.280286e-03,-2.794593e-02,89.792385,7.700500e-02
108,2.725000,book_3,2.830615e-02,1.807128e-02,5.029283e-02,8.822922e-02,8.843107e-02,7.026245e-01,7.005101e-01,1.420237e-04,2.568040e-02,-1.735609e-03,2.352210e-02,8.131909e-04,-3.461009e-02,89.832062,7.697934e-02
109,2.750000,book_3,2.831566e-02,1.850309e-02,5.031162e-02,8.814659e-02,8.852544e-02,7.024192e-01,7.007144e-01,3.802518e-04,1.727260e-02,7.516453e-04,-1.282922e-02,6.471242e-04,-2.173538e-02,89.866779,7.699881e-02
110,2.775000,book_3,2.832085e-02,1.878988e-02,5.030755e-02,8.834348e-02,8.831860e-02,7.022938e-01,7.008414e-01,2.076717e-04,1.147146e-02,-1.628771e-04,2.087635e-02,-5.455273e-04,-1.701762e-02,89.882981,7.700008e-02
111,2.800000,book_3,2.835026e-02,1.911731e-02,5.029282e-02,8.838708e-02,8.827650e-02,7.022225e-01,7.009127e-01,1.176446e-03,1.309706e-02,-5.891743e-04,3.802081e-03,8.964499e-05,-8.613219e-03,89.893584,7.701274e-02
112,2.825000,book_3,2.835423e-02,1.926629e-02,5.029544e-02,8.831449e-02,8.828357e-02,7.020774e-01,7.010663e-01,1.586004e-04,5.959442e-03,1.048592e-04,-6.578544e-03,-3.740643e-03,-1.620241e-02,89.918403,7.701746e-02
113,2.850000,book_3,2.849647e-02,2.000401e-02,5.035110e-02,8.784196e-02,8.873049e-02,7.023792e-01,7.007668e-01,5.689625e-03,2.950878e-02,2.226237e-03,-4.735601e-02,-1.491302e-03,4.024326e-02,89.879364,7.716156e-02
114,2.875000,book_3,2.884745e-02,1.532860e-02,5.034100e-02,8.161539e-02,9.267512e-02,6.603323e-01,7.407506e-01,1.403927e-02,-1.870163e-01,-4.040872e-04,-1.152138e+00,-1.172769e-01,-4.539753e+00,83.419428,7.742137e-02
115,2.900000,book_3,2.869814e-02,1.684497e-02,5.039769e-02,8.057155e-02,9.378207e-02,6.514809e-01,7.485224e-01,-5.972512e-03,6.065457e-02,2.267520e-03,-2.367197e-01,1.062880e-02,-9.201960e-01,82.058506,7.734487e-02
116,2.925000,book_3,2.802700e-02,1.406222e-02,5.059006e-02,8.602307e-02,8.898595e-02,6.935231e-01,7.097233e-01,-2.684526e-02,-1.113097e-01,7.695152e-03,1.143828e+00,1.705284e-02,4.475346e+00,88.667676,7.696313e-02
117,2.950000,book_3,2.807025e-02,1.572995e-02,5.070621e-02,8.568933e-02,8.524668e-02,7.087329e-01,6.950453e-01,1.729832e-03,6.670886e-02,4.645853e-03,3.978921e-01,-2.310576e-01,1.654964e+00,88.894696,7.707207e-02
118,2.975000,book_3,2.808097e-02,1.656706e-02,5.070534e-02,8.564618e-02,8.530457e-02,7.073714e-01,6.964292e-01,4.287282e-04,3.348459e-02,-3.483095e-05,-2.445312e-02,6.685854e-04,-1.534786e-01,89.116518,7.707958e-02
119,3.000000,book_3,2.809039e-02,1.723451e-02,5.070405e-02,8.562958e-02,8.533210e-02,7.063194e-01,6.974947e-01,3.766740e-04,2.669797e-02,-5.157630e-05,-1.696192e-02,5.302204e-04,-1.186048e-01,89.287273,7.708582e-02
120,3.025000,book_3,2.823077e-02,1.824362e-02,5.064812e-02,8.574091e-02,8.523148e-02,7.058015e-01,6.980175e-01,5.615258e-03,4.036435e-02,-2.237131e-03,4.781051e-03,6.557688e-04,-5.988836e-02,89.368905,7.715494e-02
121,3.050000,book_3,2.823929e-02,1.857716e-02,5.064644e-02,8.568623e-02,8.529837e-02,7.049932e-01,6.988324e-01,3.408174e-04,1.334149e-02,-6.731951e-05,-1.793209e-02,6.352677e-04,-9.031824e-02,89.500659,7.716026e-02
122,3.075000,book_3,2.831933e-02,1.960071e-02,5.068576e-02,8.538836e-02,8.560413e-02,7.045821e-01,6.992459e-01,3.201855e-03,4.094236e-02,1.572938e-03,-3.953682e-02,2.902040e-04,-4.217265e-02,89.572895,7.724647e-02
123,3.100000,book_3,2.832558e-02,1.966199e-02,5.068536e-02,8.539865e-02,8.560786e-02,7.040467e-01,6.997832e-01,2.498749e-04,2.450960e-03,-1.628076e-05,-6.971804e-03,7.663180e-04,-6.028581e-02,89.659121,7.725092e-02
124,3.125000,book_3,2.844293e-02,2.087288e-02,5.076655e-02,8.487362e-02,8.614384e-02,7.039874e-01,6.998410e-01,4.694115e-03,4.843552e-02,3.247785e-03,-6.038275e-02,4.433385e-04,6.797909e-04,89.678940,7.739276e-02
125,3.150000,book_3,2.856029e-02,1.595251e-02,5.084774e-02,8.434853e-02,8.667977e-02,7.039276e-01,6.998984e-01,4.694115e-03,-1.968145e-01,3.247785e-03,-6.038275e-02,4.433385e-04,6.797909e-04,89.698762,7.753461e-02
126,3.175000,book_3,2.856258e-02,1.672387e-02,5.085008e-02,8.458912e-02,8.645674e-02,7.035238e-01,7.003029e-01,9.188765e-05,3.085413e-02,9.332879e-05,2.050069e-02,9.803507e-04,-4.856570e-02,89.759241,7.753787e-02
127,3.200000,book_3,2.856618e-02,1.735965e-02,5.085188e-02,8.478000e-02,8.627590e-02,7.032020e-01,7.006253e-01,1.437586e-04,2.543124e-02,7.210432e-05,1.646438e-02,5.599792e-04,-3.871594e-02,89.807411,7.754177e-02
128,3.225000,book_3,2.856823e-02,1.786727e-02,5.085429e-02,8.492659e-02,8.614029e-02,7.029400e-01,7.008871e-01,8.217427e-05,2.030483e-02,9.654821e-05,1.226134e-02,6.159149e-04,-3.134369e-02,89.846776,7.754490e-02
129,3.250000,book_3,2.857047e-02,1.827439e-02,5.085610e-02,8.505035e-02,8.602669e-02,7.027315e-01,7.010950e-01,8.967635e-05,1.628483e-02,7.210653e-05,1.047899e-02,5.729089e-04,-2.500399e-02,89.877939,7.754778e-02
130,3.275000,book_3,2.842734e-02,1.942346e-02,5.092484e-02,8.494486e-02,8.613490e-02,7.021691e-01,7.016578e-01,-5.725507e-03,4.596273e-02,2.749603e-03,-1.969988e-02,9.224872e-05,-6.172187e-02,89.970538,7.748489e-02
131,3.300000,book_3,2.842692e-02,1.952191e-02,5.092720e-02,8.506465e-02,8.602650e-02,7.021154e-01,7.017103e-01,-1.653874e-05,3.938112e-03,9.439994e-05,1.208621e-02,6.476823e-04,-7.526270e-03,89.976845,7.748612e-02
132,3.325000,book_3,2.842727e-02,1.959604e-02,5.092879e-02,8.515233e-02,8.595207e-02,7.020690e-01,7.017552e-01,1.386993e-05,2.965041e-03,6.382355e-05,8.477361e-03,7.532573e-04,-6.238238e-03,89.982603,7.748743e-02
133,3.350000,book_3,2.867806e-02,2.058551e-02,5.091638e-02,8.506616e-02,8.604582e-02,7.028289e-01,7.009931e-01,1.003146e-02,3.957884e-02,-4.964997e-04,3.140859e-04,4.871355e-04,8.669562e-02,89.861948,7.766854e-02
134,3.375000,book_3,2.892884e-02,1.544373e-02,5.090397e-02,8.497989e-02,8.613946e-02,7.035880e-01,7.002302e-01,1.003146e-02,-2.056712e-01,-4.964997e-04,3.140859e-04,4.871355e-04,8.669562e-02,89.741294,7.785004e-02
135,3.400000,book_3,2.893059e-02,1.631574e-02,5.090501e-02,8.510258e-02,8.603181e-02,7.032509e-01,7.005671e-01,6.986953e-05,3.488060e-02,4.164634e-05,8.319080e-03,8.449337e-04,-3.942477e-02,89.793249,7.785204e-02
136,3.425000,book_3,2.912085e-02,1.702069e-02,5.247667e-02,8.514434e-02,8.615758e-02,7.028151e-01,7.009837e-01,7.610345e-03,2.819768e-02,6.286654e-02,-1.057127e-02,9.497435e-03,-4.729217e-02,89.862644,7.903047e-02
137,3.450000,book_3,2.912638e-02,1.759635e-02,5.377982e-02,8.522139e-02,8.602794e-02,7.026205e-01,7.011854e-01,2.212403e-04,2.302657e-02,5.212585e-02,8.894649e-03,-3.001995e-03,-2.366681e-02,89.892487,7.990547e-02
138,3.475000,book_3,2.911806e-02,1.891583e-02,5.455994e-02,8.640287e-02,8.481720e-02,7.024672e-01,7.013419e-01,-3.326158e-04,5.277934e-02,3.120480e-02,1.322078e-01,-1.537089e-03,-3.378479e-02,89.893939,8.042629e-02
139,3.500000,book_3,2.912035e-02,1.911675e-02,5.510240e-02,8.630357e-02,8.496647e-02,7.023910e-01,7.014123e-01,9.146609e-05,8.036626e-03,2.169849e-02,-1.496225e-02,2.842932e-03,-6.519700e-03,89.908156,8.079681e-02
140,3.525000,book_3,2.904292e-02,2.078114e-02,5.570138e-02,8.595181e-02,8.531734e-02,7.020416e-01,7.017626e-01,-3.097218e-03,6.657560e-02,2.395919e-02,-4.424837e-02,-4.585402e-05,-3.447954e-02,89.971334,8.115000e-02
141,3.550000,book_3,2.895678e-02,1.633369e-02,5.647930e-02,8.764244e-02,8.431238e-02,7.025863e-01,7.011296e-01,-3.445508e-03,-1.778981e-01,3.111659e-02,1.594268e-01,3.910706e-02,4.768389e-02,89.850031,8.162350e-02
142,3.575000,book_3,2.895882e-02,1.703442e-02,5.677116e-02,8.730987e-02,8.452542e-02,7.024968e-01,7.012352e-01,8.142571e-05,2.802936e-02,1.167452e-02,-3.197279e-02,-6.826990e-03,-7.219276e-03,89.871117,8.182712e-02
143,3.600000,book_3,2.896049e-02,1.760831e-02,5.677139e-02,8.703409e-02,8.478525e-02,7.023649e-01,7.013701e-01,6.679126e-05,2.295530e-02,9.324748e-06,-3.190742e-02,-9.147230e-04,-1.130284e-02,89.897853,8.182849e-02
144,3.625000,book_3,2.896229e-02,1.806903e-02,5.686573e-02,8.674243e-02,8.496435e-02,7.022573e-01,7.014923e-01,7.208182e-05,1.842917e-02,3.773660e-03,-2.800932e-02,-6.418159e-03,-9.678969e-03,89.920981,8.189524e-02
145,3.650000,book_3,2.920906e-02,1.927393e-02,5.685240e-02,8.651554e-02,8.505225e-02,7.028625e-01,7.009033e-01,9.870677e-03,4.819594e-02,-5.333307e-04,-9.469961e-03,-8.010262e-03,6.920992e-02,89.828034,8.206382e-02
146,3.675000,book_3,2.907068e-02,1.987873e-02,5.686945e-02,8.647082e-02,8.489123e-02,7.023221e-01,7.014699e-01,-5.535202e-03,2.419197e-02,6.821249e-04,-1.052319e-03,-1.165802e-02,-6.297154e-02,89.915945,8.197588e-02
147,3.700000,book_3,2.914834e-02,2.016438e-02,5.686117e-02,8.649335e-02,8.481671e-02,7.023939e-01,7.014042e-01,3.106430e-03,1.142582e-02,-3.313461e-04,6.393944e-03,-2.966891e-03,7.053465e-03,89.903935,8.202611e-02
148,3.725000,book_3,2.922598e-02,1.432556e-02,5.687637e-02,8.656821e-02,8.449647e-02,7.025182e-01,7.013091e-01,3.105778e-03,-2.335529e-01,6.079322e-04,2.369550e-02,-1.397788e-02,9.589304e-03,89.882446,8.209263e-02
149,3.750000,book_3,2.922536e-02,1.541781e-02,5.687641e-02,8.636656e-02,8.471103e-02,7.023960e-01,7.014305e-01,-2.505223e-05,4.369016e-02,1.511840e-06,-2.503850e-02,7.307913e-04,-1.082926e-02,89.906117,8.209221e-02
150,3.775000,book_3,2.922552e-02,1.631486e-02,5.687592e-02,8.619173e-02,8.488020e-02,7.022980e-01,7.015297e-01,6.613798e-06,3.588185e-02,-1.936330e-05,-2.066573e-02,-3.261562e-04,-8.720625e-03,89.925352,8.209199e-02
151,3.800000,book_3,2.944323e-02,1.775880e-02,5.686183e-02,8.598321e-02,8.509539e-02,7.026782e-01,7.011484e-01,8.708364e-03,5.775782e-02,-5.637230e-04,-1.858183e-02,3.294706e-04,4.566092e-02,89.868253,8.223943e-02
152,3.825000,book_3,2.940168e-02,1.833287e-02,5.686042e-02,8.593474e-02,8.515333e-02,7.024146e-01,7.014113e-01,-1.661845e-03,2.296277e-02,-5.633295e-05,-9.578980e-03,5.482851e-04,-2.883626e-02,89.911645,8.220843e-02
153,3.850000,book_3,2.940222e-02,1.864742e-02,5.685995e-02,8.586409e-02,8.524110e-02,7.023133e-01,7.015107e-01,2.153831e-05,1.258198e-02,-1.882240e-05,-1.026952e-02,9.734873e-04,-1.018259e-02,89.929336,8.220850e-02
154,3.875000,book_3,2.933442e-02,1.948457e-02,5.683356e-02,8.599347e-02,8.512218e-02,7.020407e-01,7.017821e-01,-2.712009e-03,3.348589e-02,-1.055703e-03,1.021899e-02,6.171947e-04,-3.224783e-02,89.970660,8.214127e-02
155,3.900000,book_3,2.933335e-02,1.957050e-02,5.683289e-02,8.591141e-02,8.521739e-02,7.020127e-01,7.018086e-01,-4.295266e-05,3.437399e-03,-2.650757e-05,-1.032762e-02,7.489861e-04,-1.845805e-03,89.976780,8.214004e-02
156,3.925000,book_3,2.924155e-02,2.005421e-02,5.691805e-02,8.547508e-02,8.566669e-02,7.016922e-01,7.021277e-01,-3.672074e-03,1.934810e-02,3.406164e-03,-5.410798e-02,7.485925e-04,-2.984942e-02,89.963097,8.213273e-02
157,3.950000,book_3,2.914974e-02,1.440666e-02,5.700320e-02,8.503870e-02,8.611593e-02,7.013713e-01,7.024463e-01,-3.672074e-03,-2.259019e-01,3.406164e-03,-5.410798e-02,7.485925e-04,-2.984942e-02,89.902972,8.212561e-02
158,3.975000,book_3,2.914766e-02,1.548372e-02,5.700475e-02,8.515375e-02,8.601757e-02,7.014773e-01,7.023385e-01,-8.342261e-05,4.308239e-02,6.198417e-05,1.344809e-02,9.490098e-04,1.054624e-02,89.922264,8.212518e-02
159,4.000000,book_3,2.914632e-02,1.636780e-02,5.700581e-02,8.524431e-02,8.593614e-02,7.015625e-01,7.022524e-01,-5.338348e-05,3.536319e-02,4.253266e-05,1.083101e-02,5.195867e-04,8.441083e-03,89.937729,8.212496e-02
0,0.025000,book_4,1.000990e-02,5.490037e-02,1.991365e-05,-2.023967e-18,-7.779268e-05,3.092722e-16,1.000000e+00,-1.458499e-17,2.775558e-17,3.188269e-17,2.334470e-16,-3.779419e-16,4.214526e-16,0.000000,0.000000e+00
1,0.050000,book_4,1.000990e-02,5.490037e-02,1.991365e-05,1.877924e-17,-7.779268e-05,3.272652e-16,1.000000e+00,-4.711454e-17,5.551115e-17,3.068026e-17,1.664145e-15,-2.027572e-16,1.439566e-15,0.000000,1.896204e-18
2,0.075000,book_4,1.000990e-02,5.490037e-02,1.991365e-05,8.683343e-18,-7.779268e-05,3.671236e-16,1.000000e+00,-1.302599e-16,5.551115e-17,-1.969366e-17,-8.079200e-16,-6.279510e-17,3.188613e-15,0.000000,5.211402e-18
3,0.100000,book_4,1.000990e-02,5.490037e-02,1.991365e-05,2.344763e-17,-7.779268e-05,2.576776e-16,1.000000e+00,3.543679e-16,5.551115e-17,2.802106e-18,1.181824e-15,-2.607024e-16,-8.755592e-15,0.000000,3.486616e-18
4,0.125000,book_4,1.000990e-02,5.490037e-02,1.991365e-05,2.795134e-17,-7.779268e-05,2.743011e-16,1.000000e+00,-5.061447e-17,8.326673e-17,-2.049146e-17,3.601936e-16,-7.359495e-17,1.329908e-15,0.000000,1.742650e-18
5,0.150000,book_4,1.000990e-02,5.490037e-02,1.991365e-05,4.517103e-17,-7.779268e-05,2.989148e-16,1.000000e+00,-9.043171e-17,2.775558e-17,-4.656520e-18,1.377422e-15,8.670503e-17,1.969202e-15,0.000000,2.812149e-19
6,0.175000,book_4,1.000990e-02,5.490037e-02,1.991365e-05,4.696341e-17,-7.779268e-05,3.144506e-16,1.000000e+00,-5.698778e-17,5.551115e-17,2.662439e-17,1.432934e-16,2.026068e-16,1.242876e-15,0.000000,1.776470e-18
7,0.200000,book_4,1.000990e-02,5.490037e-02,1.991365e-05,5.078430e-17,-7.779268e-05,3.237638e-16,1.000000e+00,-2.719683e-17,5.551115e-17,2.157365e-17,3.056135e-16,-2.001454e-16,7.450794e-16,0.000000,1.964322e-18
8,0.225000,book_4,1.000990e-02,5.490037e-02,1.991365e-05,5.237255e-17,-7.779268e-05,3.350699e-16,1.000000e+00,-3.244020e-17,8.326673e-17,1.241526e-17,1.269894e-16,-1.232128e-16,9.044986e-16,0.000000,2.128437e-18
9,0.250000,book_4,1.000990e-02,5.490037e-02,1.991365e-05,5.827633e-17,-7.779268e-05,3.348533e-16,1.000000e+00,6.696908e-20,2.775558e-17,1.275694e-17,4.723040e-16,-6.550410e-17,-1.729443e-17,0.000000,2.327496e-18
10,0.275000,book_4,1.000990e-02,5.490037e-02,1.991365e-05,3.055473e-17,-7.779268e-05,3.317080e-16,1.000000e+00,8.535301e-18,5.551115e-17,-1.004396e-16,-2.217709e-15,-3.048297e-16,-2.517905e-16,0.000000,1.982080e-18
11,0.300000,book_4,1.000990e-02,5.490037e-02,1.991365e-05,4.058257e-17,-7.779268e-05,3.433504e-16,1.000000e+00,-3.302798e-17,5.551115e-17,1.177131e-18,8.021552e-16,-2.040856e-16,9.314479e-16,0.000000,1.967510e-18
12,0.325000,book_4,1.000990e-02,5.490037e-02,1.991365e-05,5.316433e-17,-7.779268e-05,3.453804e-16,1.000000e+00,-6.396831e-18,8.326673e-17,-9.273094e-18,1.006528e-15,2.181674e-16,1.624796e-16,0.000000,2.086132e-18
13,0.350000,book_4,1.000990e-02,5.490037e-02,1.991365e-05,6.319707e-17,-7.779268e-05,3.235560e-16,1.000000e+00,5.803939e-17,2.775558e-17,1.504933e-17,8.027545e-16,6.736481e-17,-1.745886e-15,0.000000,7.826584e-19
14,0.375000,book_4,7.834490e-03,7.645512e-02,4.352969e-05,-5.661324e-04,-7.754355e-05,-7.996596e-02,9.967974e-01,-8.701659e-02,8.621903e-01,9.446416e-04,-4.493684e-02,7.357432e-16,-6.417834e+00,9.173449,2.175543e-03
15,0.400000,book_4,5.659075e-03,9.187863e-02,6.714573e-05,-1.128639e-03,-7.679773e-05,-1.594197e-01,9.872102e-01,-8.701659e-02,6.169403e-01,9.446416e-04,-4.493684e-02,7.357432e-16,-6.417834e+00,18.346898,4.351086e-03
16,0.425000,book_4,3.483660e-03,1.011709e-01,9.076177e-05,-1.683916e-03,-7.556002e-05,-2.378524e-01,9.712998e-01,-8.701659e-02,3.716903e-01,9.446416e-04,-4.493684e-02,7.357432e-16,-6.417834e+00,27.520346,6.526629e-03
17,0.450000,book_4,1.308246e-03,1.043319e-01,1.143778e-04,-2.228407e-03,-7.383834e-05,-3.147616e-01,9.491681e-01,-8.701659e-02,1.264403e-01,9.446416e-04,-4.493684e-02,7.357432e-16,-6.417834e+00,36.693795,8.702172e-03
18,0.475000,book_4,-8.671692e-04,1.013617e-01,1.379938e-04,-2.758626e-03,-7.164371e-05,-3.896547e-01,9.209569e-01,-8.701659e-02,-1.188097e-01,9.446416e-04,-4.493684e-02,7.357432e-16,-6.417834e+00,45.867244,1.087771e-02
19,0.500000,book_4,-3.042584e-03,9.226016e-02,1.616099e-04,-3.271174e-03,-6.899019e-05,-4.620520e-01,8.868468e-01,-8.701659e-02,-3.640597e-01,9.446416e-04,-4.493684e-02,7.357432e-16,-6.417834e+00,55.040693,1.305326e-02
20,0.525000,book_4,-5.217999e-03,7.702741e-02,1.852259e-04,-3.762771e-03,-6.589479e-05,-5.314898e-01,8.470563e-01,-8.701659e-02,-6.093097e-01,9.446416e-04,-4.493684e-02,7.357432e-16,-6.417834e+00,64.214141,1.522880e-02
21,0.550000,book_4,-6.669264e-03,5.485012e-02,1.823544e-04,1.878795e-02,4.557631e-02,-5.664289e-01,8.226348e-01,-5.805059e-02,-8.870918e-01,-1.148623e-04,3.469289e+00,2.128129e+00,-3.427190e+00,69.046474,1.667996e-02
22,0.575000,book_4,-7.642235e-03,2.635279e-02,3.326843e-04,4.247792e-02,1.120892e-01,-5.891848e-01,7.990575e-01,-3.891887e-02,-1.139893e+00,6.013196e-03,4.539259e+00,3.434343e+00,-2.560136e+00,72.415397,1.765491e-02
23,0.600000,book_4,-6.306442e-03,-5.799051e-04,-1.825751e-03,-1.186943e-01,-3.575963e-02,-7.535006e-01,6.456545e-01,5.343174e-02,-1.077308e+00,-8.633741e-02,-1.916652e+01,8.372651e-02,-1.766021e+01,80.578098,1.642040e-02
24,0.625000,book_4,-6.145690e-03,3.384948e-03,-2.053982e-03,-1.026028e-01,-1.960225e-02,-7.451086e-01,6.587120e-01,6.430086e-03,1.585941e-01,-9.129229e-03,1.905837e+00,-1.839417e-02,1.113612e+00,82.447858,1.628816e-02
25,0.650000,book_4,-6.919379e-03,2.084455e-02,-2.636438e-03,-2.597534e-02,5.791203e-02,-6.904166e-01,7.206223e-01,-3.094758e-02,6.983841e-01,-2.329827e-02,9.166691e+00,6.371284e-02,6.113579e+00,87.403585,1.713642e-02
26,0.675000,book_4,-8.422750e-03,2.934746e-02,-3.588484e-03,-3.983190e-02,5.755251e-02,-6.190628e-01,7.822163e-01,-6.013482e-02,3.401165e-01,-3.808182e-02,-3.617537e-01,6.102995e-01,7.615077e+00,76.682365,1.878253e-02
27,0.700000,book_4,-9.145741e-03,3.614407e-02,-5.240940e-03,-1.921767e-01,-8.727692e-02,-6.326276e-01,7.451397e-01,-2.891965e-02,2.718641e-01,-6.609823e-02,-1.728188e+01,-1.423221e+00,-1.557758e+00,82.778764,1.986493e-02
28,0.725000,book_4,-7.334866e-03,3.595527e-02,-5.430328e-03,-2.494362e-01,-8.206288e-02,-6.367259e-01,7.250016e-01,7.243500e-02,-7.551916e-03,-7.575546e-03,-3.436818e+00,3.010725e+00,-1.746711e+00,86.289028,1.818093e-02
29,0.750000,book_4,-2.573149e-03,2.401224e-02,-4.514494e-03,-3.159981e-01,-1.378916e-01,-7.446864e-01,5.714659e-01,1.904687e-01,-4.777211e-01,3.663338e-02,-9.257427e+00,-3.075631e+00,-1.369845e+01,72.011546,1.337513e-02
30,0.775000,book_4,-1.303448e-03,1.700585e-02,5.804310e-04,-1.543070e-01,-1.264221e-02,-7.634746e-01,6.270056e-01,5.078803e-02,-2.802556e-01,2.037970e-01,1.684640e+01,-3.856240e+00,1.091931e+00,77.677842,1.132723e-02
31,0.800000,book_4,-9.863760e-04,1.754522e-02,2.423709e-03,-1.297602e-01,-1.509878e-03,-7.541335e-01,6.437722e-01,1.268289e-02,2.157473e-02,7.373113e-02,2.109901e+00,-8.090387e-01,1.380780e+00,80.147630,1.125595e-02
32,0.825000,book_4,-1.099962e-03,1.803765e-02,2.772713e-03,-1.134305e-01,1.437928e-02,-7.435109e-01,6.588765e-01,-4.543441e-03,1.969731e-02,1.396016e-02,1.955965e+00,-5.478927e-02,1.295923e+00,82.452394,1.144583e-02
33,0.850000,book_4,-1.585140e-03,2.579355e-02,3.799982e-03,3.000706e-02,1.430762e-01,-6.516798e-01,7.442729e-01,-1.940712e-02,3.102361e-01,4.109076e-02,1.653318e+01,-1.040584e+00,8.820154e+00,81.441103,1.219565e-02
34,0.875000,book_4,-1.785419e-03,3.076920e-02,5.162135e-03,5.682168e-02,1.622797e-01,-6.313066e-01,7.562331e-01,-8.011143e-03,1.990259e-01,5.448611e-02,2.804543e+00,-4.407221e-01,1.577069e+00,78.670765,1.286748e-02
35,0.900000,book_4,3.840117e-05,3.629531e-02,4.634543e-03,-7.689871e-02,3.991091e-03,-7.394656e-01,6.687759e-01,7.295279e-02,2.210445e-01,-2.110368e-02,-1.764014e+01,-1.234130e+00,-1.026362e+01,83.947156,1.098752e-02
36,0.925000,book_4,2.869762e-03,3.066103e-02,4.394497e-03,-2.020927e-01,-1.474138e-01,-7.792621e-01,5.746114e-01,1.132544e-01,-2.253715e-01,-9.601819e-03,-1.665528e+01,-9.319618e-01,-6.897460e+00,72.771585,8.373686e-03
37,0.950000,book_4,3.471824e-03,2.632649e-02,5.124509e-03,-1.609267e-01,-1.449115e-01,-7.348061e-01,6.427777e-01,2.408246e-02,-1.733815e-01,2.920047e-02,2.637130e+00,-9.325463e-01,6.766327e+00,82.433611,8.294781e-03
38,0.975000,book_4,3.824237e-03,2.300193e-02,5.130128e-03,-4.312763e-02,-8.248119e-02,-7.608429e-01,6.422266e-01,1.409655e-02,-1.329826e-01,2.247530e-04,1.011549e+01,-4.093814e+00,-8.169064e-01,80.706969,8.023514e-03
39,1.000000,book_4,2.921174e-03,1.701597e-02,4.217935e-03,1.525182e-01,3.598683e-02,-7.907284e-01,5.917701e-01,-3.612253e-02,-2.394384e-01,-3.648770e-02,1.778154e+01,-6.437284e+00,-3.831186e+00,72.720917,8.238537e-03
40,1.025000,book_4,2.348102e-03,2.271811e-02,4.518175e-03,2.313892e-01,1.329274e-01,-6.843121e-01,6.786062e-01,-2.292288e-02,2.280857e-01,1.200957e-02,9.272890e+00,-1.982534e+00,1.168830e+01,87.498363,8.884682e-03
41,1.050000,book_4,2.232893e-03,2.324029e-02,3.289922e-03,2.037720e-01,1.095054e-01,-6.895440e-01,6.863051e-01,-4.608384e-03,2.088707e-02,-4.913012e-02,-2.981773e+00,2.555136e-01,-2.437433e-03,88.052269,8.436520e-03
42,1.075000,book_4,2.129051e-03,2.161138e-02,8.874910e-04,7.643793e-02,-1.261018e-02,-6.992979e-01,7.106199e-01,-4.153644e-03,-6.515630e-02,-9.609722e-02,-1.443902e+01,2.698002e-01,-7.056148e-02,89.411023,7.928464e-03
43,1.100000,book_4,2.282694e-03,1.695124e-02,-6.142553e-04,-8.017037e-02,-1.492870e-01,-7.009678e-01,6.927700e-01,6.145711e-03,-1.864055e-01,-6.006985e-02,-1.680423e+01,1.005332e+00,-2.133733e+00,89.745959,7.753190e-03
44,1.125000,book_4,2.712373e-03,1.295405e-02,-1.070089e-04,-3.041175e-03,-5.909922e-02,-7.050086e-01,7.067255e-01,1.718715e-02,-1.598875e-01,2.028986e-02,9.538052e+00,8.197565e-01,9.078488e-01,89.661530,7.298635e-03
45,1.150000,book_4,2.592510e-03,1.782836e-02,2.604045e-04,1.177202e-01,6.463595e-02,-6.953710e-01,7.059910e-01,-4.794528e-03,1.949723e-01,1.469654e-02,1.397008e+01,1.863861e-01,1.060209e+00,89.701928,7.421293e-03
46,1.175000,book_4,2.578534e-03,2.051405e-02,4.814023e-04,1.278505e-01,7.481842e-02,-6.936852e-01,7.048810e-01,-5.590509e-04,1.074276e-01,8.839910e-03,1.157894e+00,1.417046e-03,7.697735e-02,89.718674,7.445687e-03
47,1.200000,book_4,2.480457e-03,2.192648e-02,-7.666571e-04,4.953566e-02,-9.727257e-03,-7.049007e-01,7.075073e-01,-3.923069e-03,5.649728e-02,-4.992238e-02,-9.264187e+00,-3.246873e-01,-8.886415e-01,89.924227,7.570421e-03
48,1.225000,book_4,2.488637e-03,1.599034e-02,-1.822593e-03,1.250975e-02,-5.353683e-02,-7.118087e-01,7.002184e-01,3.272159e-04,-2.374458e-01,-4.223745e-02,-4.539636e+00,-3.706059e-01,-1.006166e+00,89.217537,7.743662e-03
49,1.250000,book_4,2.486306e-03,1.671736e-02,-1.791140e-03,1.685617e-02,-4.920372e-02,-7.107661e-01,7.015030e-01,-9.326721e-05,2.908089e-02,1.258121e-03,4.844818e-01,-3.166403e-04,1.545095e-01,89.372877,7.738505e-03
50,1.275000,book_4,2.478575e-03,1.733174e-02,-1.761518e-03,2.031633e-02,-4.582348e-02,-7.099448e-01,7.024712e-01,-3.092181e-04,2.457515e-02,1.184898e-03,3.818565e-01,-4.345918e-03,1.193227e-01,89.491844,7.739149e-03
51,1.300000,book_4,2.469676e-03,1.782397e-02,-1.735419e-03,2.313535e-02,-4.300502e-02,-7.092733e-01,7.032402e-01,-3.559625e-04,1.968936e-02,1.043946e-03,3.147895e-01,1.121420e-05,9.632944e-02,89.587025,7.741850e-03
52,1.325000,book_4,2.817939e-03,2.069074e-02,-1.717174e-03,2.509352e-02,-4.097050e-02,-7.078859e-01,7.046909e-01,1.393051e-02,1.146707e-01,7.298283e-04,2.181505e-01,5.772888e-03,1.708789e-01,89.801516,7.398773e-03
53,1.350000,book_4,2.887404e-03,1.638003e-02,-1.591357e-03,6.161780e-02,-1.641301e-04,-6.964483e-01,7.149566e-01,2.778607e-03,-1.724287e-01,5.032674e-03,4.318857e+00,2.431487e-01,1.430097e+00,88.720706,7.302480e-03
54,1.375000,book_4,3.058024e-03,1.751554e-02,-1.720032e-03,7.307396e-02,1.090421e-02,-6.835497e-01,7.261550e-01,6.824805e-03,4.542075e-02,-5.147011e-03,1.216895e+00,-6.867347e-02,1.416780e+00,86.856321,7.166314e-03
55,1.400000,book_4,3.116107e-03,1.797445e-02,-1.806276e-03,6.443960e-02,2.472357e-03,-6.886723e-01,7.221994e-01,2.323315e-03,1.835640e-02,-3.449770e-03,-9.441102e-01,1.573271e-02,-5.557048e-01,87.526570,7.131579e-03
56,1.425000,book_4,3.208931e-03,1.852937e-02,-1.940073e-03,5.568625e-02,-6.481996e-03,-6.948252e-01,7.169902e-01,3.712956e-03,2.219652e-02,-5.351859e-03,-9.735333e-01,-2.341458e-03,-6.869902e-01,88.382098,7.077767e-03
57,1.450000,book_4,3.613300e-03,1.962433e-02,-2.439731e-03,1.489386e-02,-4.821225e-02,-7.276003e-01,6.841429e-01,1.617476e-02,4.379866e-02,-1.998634e-02,-4.508641e+00,2.856017e-03,-3.923766e+00,86.603347,6.853204e-03
58,1.475000,book_4,3.910820e-03,2.117945e-02,-2.554109e-03,2.010951e-02,-4.565943e-02,-7.364828e-01,6.746139e-01,1.190082e-02,6.220473e-02,-4.575131e-03,4.797168e-01,-1.900621e-01,-1.017763e+00,85.088172,6.620002e-03
59,1.500000,book_4,3.822572e-03,2.309059e-02,-2.441753e-03,2.418799e-02,-4.690424e-02,-7.199513e-01,6.920152e-01,-3.529950e-03,7.644541e-02,4.494272e-03,5.840643e-02,-2.705929e-01,1.930924e+00,87.831995,6.659046e-03
60,1.525000,book_4,4.092938e-03,2.102771e-02,-2.474722e-03,7.769187e-03,-6.454104e-02,-7.636707e-01,6.423248e-01,1.081466e-02,-8.251492e-02,-1.318784e-03,-1.668712e+00,-1.329215e-01,-5.391445e+00,80.415235,6.421347e-03
61,1.550000,book_4,4.171537e-03,2.212455e-02,-2.418381e-03,1.449667e-02,-5.866874e-02,-7.639869e-01,6.423954e-01,3.143961e-03,4.387353e-02,2.253644e-03,7.060750e-01,-1.086959e-01,2.645430e-02,80.341687,6.327070e-03
62,1.575000,book_4,4.231424e-03,2.307224e-02,-2.397166e-03,1.974709e-02,-5.356110e-02,-7.631738e-01,6.436668e-01,2.395457e-03,3.790740e-02,8.486195e-04,5.767277e-01,-5.338758e-02,1.500567e-01,80.465089,6.263634e-03
63,1.600000,book_4,4.331607e-03,2.383350e-02,-2.376213e-03,2.433770e-02,-4.990610e-02,-7.639338e-01,6.429014e-01,4.007313e-03,3.045048e-02,8.380890e-04,4.640106e-01,-9.414702e-02,-6.041649e-02,80.306691,6.163156e-03
64,1.625000,book_4,4.473471e-03,2.462359e-02,-2.340565e-03,2.790478e-02,-4.752942e-02,-7.594826e-01,6.481886e-01,5.674573e-03,3.160369e-02,1.425919e-03,3.006580e-01,-8.332399e-02,5.709397e-01,81.072468,6.018634e-03
65,1.650000,book_4,3.640719e-03,2.307516e-02,-2.114953e-03,2.728675e-02,-4.700266e-02,-7.194000e-01,6.924665e-01,-3.331007e-02,-6.193740e-02,9.024477e-03,-2.517461e-01,1.440037e-01,4.776103e+00,87.904698,6.717454e-03
66,1.675000,book_4,4.167670e-03,1.974824e-02,-2.461768e-03,-1.333800e-02,-9.108682e-02,-7.672502e-01,6.347066e-01,2.107803e-02,-1.330768e-01,-1.387260e-02,-4.502375e+00,-2.178493e-01,-6.252784e+00,79.764098,6.347476e-03
67,1.700000,book_4,4.103101e-03,2.130349e-02,-2.864790e-03,-2.629400e-03,-8.022491e-02,-7.684879e-01,6.348098e-01,-2.582735e-03,6.221025e-02,-1.612087e-02,1.219722e+00,-1.063449e-01,9.927431e-03,79.562603,6.573571e-03
68,1.725000,book_4,4.102315e-03,2.260850e-02,-3.045629e-03,-7.023145e-03,-8.589044e-02,-7.584586e-01,6.459985e-01,-3.145159e-05,5.220021e-02,-7.233569e-03,-6.335488e-01,5.632749e-02,1.170366e+00,81.337288,6.655612e-03
69,1.750000,book_4,3.994332e-03,2.385437e-02,-3.139451e-03,-4.143816e-03,-8.458030e-02,-7.422203e-01,6.647842e-01,-4.319343e-03,4.983490e-02,-3.752849e-03,1.273161e-01,3.121376e-02,1.998718e+00,84.156228,6.794756e-03
70,1.775000,book_4,3.901973e-03,2.440597e-02,-3.315607e-03,-1.409863e-02,-9.420569e-02,-7.335378e-01,6.729405e-01,-3.694338e-03,2.206402e-02,-7.046250e-03,-1.157196e+00,1.372783e-01,8.820424e-01,85.609551,6.959348e-03
71,1.800000,book_4,3.541473e-03,2.480922e-02,-3.693047e-03,-2.280704e-02,-1.053152e-01,-7.180653e-01,6.875832e-01,-1.442000e-02,1.612973e-02,-1.509762e-02,-1.221251e+00,4.077045e-02,1.639678e+00,88.150401,7.458330e-03
72,1.825000,book_4,3.433224e-03,2.522655e-02,-3.953755e-03,-4.440742e-02,-1.235600e-01,-7.040876e-01,6.978693e-01,-4.329949e-03,1.669335e-02,-1.042832e-02,-2.336523e+00,3.496125e-01,1.211723e+00,89.737739,7.683929e-03
73,1.850000,book_4,3.393997e-03,2.582414e-02,-3.970874e-03,-3.666645e-02,-1.153299e-01,-6.979269e-01,7.058702e-01,-1.569100e-03,2.390375e-02,-6.847648e-04,8.633794e-01,1.244471e-01,8.419906e-01,88.675930,7.726359e-03
74,1.875000,book_4,3.451330e-03,2.639093e-02,-3.860211e-03,-2.065774e-02,-9.751942e-02,-7.040687e-01,7.031006e-01,2.293328e-03,2.267152e-02,4.426541e-03,1.947582e+00,6.836890e-02,-4.061276e-01,89.557611,7.620385e-03
75,1.900000,book_4,3.297069e-03,2.181525e-02,-4.059055e-03,-4.139024e-02,-1.140822e-01,-6.827082e-01,7.205426e-01,-6.170443e-03,-1.830273e-01,-7.953751e-03,-2.238530e+00,4.078165e-01,2.051043e+00,86.308010,7.854944e-03
76,1.925000,book_4,3.314469e-03,2.296618e-02,-4.245670e-03,-4.368489e-02,-1.173988e-01,-6.869819e-01,7.157968e-01,6.959869e-04,4.603711e-02,-7.464598e-03,-2.901294e-01,-1.233192e-01,-5.155270e-01,87.002348,7.938770e-03
77,1.950000,book_4,3.325032e-03,2.392040e-02,-4.454274e-03,-4.580378e-02,-1.209161e-01,-6.907269e-01,7.114617e-01,4.225158e-04,3.816884e-02,-8.344195e-03,-2.946274e-01,-1.387700e-01,-4.603234e-01,87.615991,8.043997e-03
78,1.975000,book_4,3.281507e-03,2.537400e-02,-4.396714e-03,-2.682577e-02,-1.020314e-01,-6.948639e-01,7.113608e-01,-1.740998e-03,5.814396e-02,2.302438e-03,2.164146e+00,1.003744e-02,-1.267042e-01,88.115248,8.048474e-03
79,2.000000,book_4,3.344672e-03,2.561367e-02,-4.686622e-03,-3.481540e-02,-1.071177e-01,-6.993895e-01,7.058102e-01,2.526614e-03,9.587056e-03,-1.159635e-02,-7.124437e-01,9.967093e-02,-6.204420e-01,88.895008,8.159461e-03
80,2.025000,book_4,3.439986e-03,2.478033e-02,-5.449700e-03,-5.114197e-02,-1.108486e-01,-7.152315e-01,6.881431e-01,3.812571e-03,-3.333387e-02,-3.052309e-02,-1.044515e+00,5.075195e-01,-2.013380e+00,88.375834,8.548713e-03
81,2.050000,book_4,3.507535e-03,2.563770e-02,-5.376537e-03,-3.597657e-02,-9.416531e-02,-7.271296e-01,6.790590e-01,2.701965e-03,3.429497e-02,2.926510e-03,1.858495e+00,-7.856854e-02,-1.108964e+00,86.558839,8.449999e-03
82,2.075000,book_4,3.170537e-03,2.268716e-02,-5.409554e-03,-3.561467e-02,-9.836460e-02,-6.965424e-01,7.098484e-01,-1.347994e-02,-1.180215e-01,-1.320703e-03,-3.667674e-01,7.086686e-02,3.470780e+00,88.445915,8.732472e-03
83,2.100000,book_4,3.014835e-03,2.437092e-02,-5.246405e-03,-1.777619e-02,-8.609940e-02,-6.815666e-01,7.264557e-01,-6.228082e-03,6.735041e-02,6.525980e-03,1.626725e+00,-1.242116e-01,1.882200e+00,85.968669,8.755862e-03
84,2.125000,book_4,3.725302e-03,2.361264e-02,-5.523173e-03,-4.076466e-02,-1.082376e-01,-7.102295e-01,6.944040e-01,2.841870e-02,-3.033130e-02,-1.107071e-02,-2.394684e+00,-2.950926e-01,-3.545363e+00,89.302377,8.379859e-03
85,2.150000,book_4,3.683183e-03,2.006153e-02,-4.823405e-03,2.963376e-02,-3.420360e-02,-7.220108e-01,6.904002e-01,-1.684775e-03,-1.420441e-01,2.799071e-02,8.249932e+00,3.995622e-02,-5.165585e-01,87.457784,7.967756e-03
86,2.175000,book_4,3.612699e-03,2.116755e-02,-4.747204e-03,1.715414e-02,-4.288057e-02,-7.197538e-01,6.926915e-01,-2.819345e-03,4.424042e-02,3.048043e-03,-1.202216e+00,2.425360e-01,2.023111e-01,87.897941,7.978073e-03
87,2.200000,book_4,3.505838e-03,2.207653e-02,-4.732782e-03,-4.889867e-03,-5.937955e-02,-7.117303e-01,6.999215e-01,-4.274475e-03,3.635949e-02,5.768709e-04,-2.210005e+00,3.689571e-01,7.630083e-01,89.245519,8.055496e-03
88,2.225000,book_4,3.252117e-03,2.372980e-02,-4.625238e-03,1.045184e-02,-4.449880e-02,-6.910932e-01,7.213188e-01,-1.014883e-02,6.613087e-02,4.301783e-03,1.617747e+00,6.946106e-02,2.442571e+00,87.445940,8.200313e-03
89,2.250000,book_4,2.937164e-03,2.022232e-02,-4.581284e-03,-3.712166e-03,-6.237232e-02,-6.782827e-01,7.321397e-01,-1.259810e-02,-1.402992e-01,1.758143e-03,-1.860920e+00,-2.205877e-01,1.272639e+00,85.420762,8.437694e-03
90,2.275000,book_4,2.924845e-03,2.149006e-02,-4.843166e-03,-1.625915e-02,-7.355726e-02,-6.855751e-01,7.240937e-01,-4.927531e-04,5.070955e-02,-1.047527e-02,-1.308079e+00,-1.659994e-02,-9.231957e-01,86.592057,8.593463e-03
91,2.300000,book_4,2.881100e-03,2.058237e-02,-5.241879e-03,-3.677046e-02,-8.953104e-02,-7.156137e-01,6.917580e-01,-1.749823e-03,-3.630781e-02,-1.594852e-02,-1.932097e+00,-2.975072e-02,-3.618216e+00,88.457976,8.860379e-03
92,2.325000,book_4,2.731958e-03,2.219678e-02,-5.433696e-03,-2.675600e-02,-7.394000e-02,-7.265982e-01,6.825482e-01,-5.965681e-03,6.457645e-02,-7.672684e-03,1.498775e+00,1.912749e-01,-1.109575e+00,86.713916,9.094524e-03
93,2.350000,book_4,2.710615e-03,2.300774e-02,-5.557613e-03,-3.036907e-02,-7.719825e-02,-7.238439e-01,6.849585e-01,-8.537101e-04,3.243867e-02,-4.956677e-03,-3.978227e-01,5.226045e-02,2.761036e-01,87.148670,9.186318e-03
94,2.375000,book_4,2.715140e-03,2.363459e-02,-5.682984e-03,-3.607989e-02,-8.305434e-02,-7.192333e-01,6.888423e-01,1.810092e-04,2.507387e-02,-5.014843e-03,-6.711188e-01,4.499454e-02,4.565249e-01,87.868297,9.259408e-03
95,2.400000,book_4,2.556930e-03,2.485779e-02,-5.661146e-03,-2.080943e-02,-7.260459e-02,-6.956981e-01,7.143526e-01,-6.328395e-03,4.892784e-02,8.735273e-04,1.361090e+00,-6.540274e-02,2.838290e+00,88.215397,9.371300e-03
96,2.425000,book_4,2.516147e-03,2.423621e-02,-5.405650e-03,-1.213931e-03,-4.858400e-02,-6.851893e-01,7.267419e-01,-1.631318e-03,-2.486294e-02,1.021983e-02,2.417801e+00,3.718130e-01,1.364759e+00,86.501165,9.251656e-03
97,2.450000,book_4,2.811576e-03,2.567803e-02,-5.501268e-03,2.076488e-02,-2.689325e-02,-7.167292e-01,6.965234e-01,1.181713e-02,5.767260e-02,-3.824705e-03,2.590173e+00,-6.429089e-02,-3.411696e+00,88.380390,9.071901e-03
98,2.475000,book_4,3.024656e-03,2.311559e-02,-5.973662e-03,-1.175507e-02,-5.410882e-02,-7.462890e-01,6.633150e-01,8.523211e-03,-1.024974e-01,-1.889576e-02,-3.259959e+00,3.264112e-01,-3.673349e+00,83.444200,9.204164e-03
99,2.500000,book_4,2.960108e-03,2.376370e-02,-6.066841e-03,-1.973824e-02,-6.105533e-02,-7.397826e-01,6.697794e-01,-2.581916e-03,2.592419e-02,-3.727179e-03,-8.605266e-01,1.421171e-01,7.032476e-01,84.529358,9.313872e-03
100,2.525000,book_4,2.887277e-03,2.427968e-02,-6.166119e-03,-2.855972e-02,-6.872865e-02,-7.325685e-01,6.766123e-01,-2.913246e-03,2.063930e-02,-3.971118e-03,-9.513615e-01,1.557078e-01,7.600560e-01,85.701970,9.433919e-03
101,2.550000,book_4,2.824054e-03,2.467619e-02,-6.314361e-03,-3.883990e-02,-7.804381e-02,-7.241582e-01,6.841020e-01,-2.528923e-03,1.586036e-02,-5.929695e-03,-1.131686e+00,1.586764e-01,8.590717e-01,87.029181,9.579118e-03
102,2.575000,book_4,2.748872e-03,2.503384e-02,-6.493359e-03,-4.872973e-02,-8.694620e-02,-7.118770e-01,6.951956e-01,-3.007275e-03,1.430611e-02,-7.159904e-03,-1.099447e+00,1.931990e-01,1.281012e+00,88.952174,9.754246e-03
103,2.600000,book_4,2.532093e-03,2.184556e-02,-6.468115e-03,-4.833013e-02,-9.032833e-02,-6.804457e-01,7.256022e-01,-8.671173e-03,-1.275312e-01,1.009761e-03,-2.707389e-01,1.232929e-01,3.499069e+00,86.025319,9.900111e-03
104,2.625000,book_4,2.812988e-03,2.364174e-02,-6.500685e-03,-3.246643e-02,-8.064060e-02,-6.696870e-01,7.375380e-01,1.123579e-02,7.184686e-02,-1.302813e-03,1.417048e+00,-1.733996e-01,1.351839e+00,84.207250,9.711531e-03
105,2.650000,book_4,3.208543e-03,2.252143e-02,-6.111241e-03,-4.776125e-02,-1.033920e-01,-7.034212e-01,7.015893e-01,1.582221e-02,-4.481232e-02,1.557777e-02,-2.000269e+00,-8.438548e-01,-3.962250e+00,89.665682,9.156942e-03
106,2.675000,book_4,3.121031e-03,2.368708e-02,-6.182229e-03,-3.452259e-02,-8.904770e-02,-7.158464e-01,6.916955e-01,-3.500483e-03,4.662621e-02,-2.839505e-03,1.615734e+00,-6.921824e-02,-1.199836e+00,88.438172,9.269474e-03
107,2.700000,book_4,3.090799e-03,2.421690e-02,-6.212183e-03,-3.626062e-02,-9.085417e-02,-7.147638e-01,6.924907e-01,-1.209269e-03,2.119281e-02,-1.198151e-03,-2.051443e-01,8.225346e-03,9.805220e-02,88.601600,9.311984e-03
108,2.725000,book_4,3.022884e-03,2.515647e-02,-6.226014e-03,-2.208537e-02,-7.623624e-02,-7.139047e-01,6.957300e-01,-2.716601e-03,3.758257e-02,-5.532535e-04,1.624666e+00,2.530792e-02,2.935077e-01,88.837073,9.371770e-03
109,2.750000,book_4,3.051897e-03,2.247953e-02,-6.566649e-03,-7.030117e-02,-1.228203e-01,-7.187083e-01,6.807579e-01,1.160527e-03,-1.070773e-01,-1.362538e-02,-5.353993e+00,6.126834e-02,-1.337382e+00,87.537370,9.581058e-03
110,2.775000,book_4,2.971190e-03,2.328988e-02,-6.582533e-03,-6.665458e-02,-1.201987e-01,-7.167751e-01,6.836248e-01,-3.228290e-03,3.241368e-02,-6.353701e-04,3.464642e-01,-2.785097e-02,2.912102e-01,87.912892,9.650689e-03
111,2.800000,book_4,2.890839e-03,2.398009e-02,-6.563908e-03,-6.387278e-02,-1.186573e-01,-7.146584e-01,6.863702e-01,-3.214030e-03,2.760859e-02,7.449975e-04,2.348089e-01,-3.753051e-02,2.917287e-01,88.301925,9.696793e-03
112,2.825000,book_4,2.860132e-03,2.439268e-02,-6.548522e-03,-6.078944e-02,-1.148454e-01,-7.126794e-01,6.893499e-01,-1.228285e-03,1.650343e-02,6.154441e-04,3.836933e-01,7.143014e-02,2.888134e-01,88.669782,9.708944e-03
113,2.850000,book_4,2.867953e-03,2.510354e-02,-6.418212e-03,-4.651677e-02,-1.011055e-01,-7.117811e-01,6.935283e-01,3.128499e-04,2.843464e-02,5.212398e-03,1.582873e+00,-1.326364e-02,3.521537e-01,88.991979,9.615453e-03
114,2.875000,book_4,3.227842e-03,2.207461e-02,-5.886074e-03,-1.214363e-02,-5.550957e-02,-7.115683e-01,7.003154e-01,1.439554e-02,-1.211573e-01,2.128553e-02,4.534477e+00,6.292007e-01,5.074701e-01,89.257774,8.993168e-03
115,2.900000,book_4,3.107234e-03,2.350652e-02,-5.889029e-03,-1.467814e-03,-4.311933e-02,-7.108698e-01,7.019991e-01,-4.824317e-03,5.727636e-02,-1.182021e-04,1.302145e+00,9.460787e-02,1.703703e-01,89.388294,9.086389e-03
116,2.925000,book_4,3.086387e-03,2.120569e-02,-6.226810e-03,-4.839839e-02,-8.639743e-02,-7.242806e-01,6.823567e-01,-8.338786e-04,-9.203337e-02,-1.351127e-02,-5.064623e+00,1.694885e-01,-2.031727e+00,86.913147,9.325056e-03
117,2.950000,book_4,3.002550e-03,2.227469e-02,-6.337479e-03,-5.058447e-02,-8.972690e-02,-7.206779e-01,6.855755e-01,-3.353488e-03,4.276032e-02,-4.426736e-03,-3.246980e-01,-1.888742e-02,3.809636e-01,87.485585,9.461473e-03
118,2.975000,book_4,2.954434e-03,2.314110e-02,-6.441963e-03,-5.212627e-02,-9.249468e-02,-7.176839e-01,6.882277e-01,-1.924625e-03,3.465642e-02,-4.179373e-03,-2.548967e-01,-3.175638e-02,3.172547e-01,87.961287,9.567420e-03
119,3.000000,book_4,2.880953e-03,2.403750e-02,-6.477022e-03,-4.753697e-02,-8.822303e-02,-7.158792e-01,6.909949e-01,-2.939231e-03,3.585602e-02,-1.402373e-03,4.961317e-01,-3.027102e-04,2.743932e-01,88.310354,9.645316e-03
120,3.025000,book_4,2.911421e-03,2.493373e-02,-6.438171e-03,-3.659465e-02,-7.897997e-02,-7.144967e-01,6.942027e-01,1.218708e-03,3.584902e-02,1.554046e-03,1.136806e+00,-8.782926e-02,3.022501e-01,88.642566,9.596631e-03
121,3.050000,book_4,2.919884e-03,2.517819e-02,-6.525176e-03,-3.864641e-02,-8.142330e-02,-7.137321e-01,6.945957e-01,3.385190e-04,9.778541e-03,-3.480173e-03,-2.572895e-01,-1.369322e-02,5.912051e-02,88.750050,9.649176e-03
122,3.075000,book_4,2.798702e-03,2.580479e-02,-6.545043e-03,-2.934195e-02,-7.460328e-02,-7.003069e-01,7.093262e-01,-4.847277e-03,2.506394e-02,-7.946836e-04,8.647622e-01,-1.484386e-02,1.627042e+00,89.001944,9.751928e-03
123,3.100000,book_4,2.799235e-03,2.115672e-02,-6.582839e-03,-4.949035e-02,-9.813495e-02,-6.728895e-01,7.315326e-01,2.131091e-05,-1.859229e-01,-1.511841e-03,-2.576041e+00,-9.644211e-03,2.737938e+00,84.862814,9.777019e-03
124,3.125000,book_4,3.106868e-03,2.262444e-02,-6.720587e-03,-5.652421e-02,-1.034149e-01,-6.790599e-01,7.245606e-01,1.230531e-02,5.870871e-02,-5.509915e-03,-6.750844e-01,-9.523707e-03,-7.707946e-01,85.907587,9.648122e-03
125,3.150000,book_4,3.541938e-03,2.389790e-02,-6.859889e-03,-6.342583e-02,-1.086377e-01,-6.837875e-01,7.187557e-01,1.740282e-02,5.093870e-02,-5.572089e-03,-6.709610e-01,2.787272e-03,-6.229052e-01,86.742484,9.442790e-03
126,3.175000,book_4,3.678745e-03,2.518166e-02,-6.794220e-03,-4.072133e-02,-8.814015e-02,-6.891665e-01,7.180686e-01,5.472293e-03,5.135003e-02,2.626742e-03,2.471255e+00,-9.669466e-02,-2.536850e-01,87.318580,9.301398e-03
127,3.200000,book_4,4.180097e-03,2.273987e-02,-6.719192e-03,-5.676333e-02,-1.033195e-01,-7.255526e-01,6.779944e-01,2.005406e-02,-9.767130e-02,3.001148e-03,-1.635205e+00,-3.893071e-01,-4.370777e+00,86.600519,8.910791e-03
128,3.225000,book_4,4.227690e-03,2.352827e-02,-6.696445e-03,-5.527163e-02,-1.023597e-01,-7.230801e-01,6.808985e-01,1.903721e-03,3.153593e-02,9.098474e-04,1.293705e-01,7.043360e-04,3.106453e-01,87.030775,8.862476e-03
129,3.250000,book_4,4.255476e-03,2.416881e-02,-6.693147e-03,-5.593291e-02,-1.031919e-01,-7.196160e-01,6.843799e-01,1.111433e-03,2.562155e-02,1.319534e-04,-9.713464e-02,3.674870e-02,3.883551e-01,87.595665,8.841868e-03
130,3.275000,book_4,4.128405e-03,2.518755e-02,-6.616520e-03,-3.999161e-02,-8.418642e-02,-7.188098e-01,6.889309e-01,-5.082825e-03,4.074965e-02,3.065044e-03,1.981263e+00,1.640569e-01,3.528091e-01,87.904015,8.867598e-03
131,3.300000,book_4,4.110454e-03,2.536428e-02,-6.632650e-03,-4.163381e-02,-8.552150e-02,-7.169509e-01,6.906042e-01,-7.180440e-04,7.068968e-03,-6.451770e-04,-1.744499e-01,3.806906e-02,1.918837e-01,88.194659,8.891576e-03
132,3.325000,book_4,3.724818e-03,2.196213e-02,-6.471921e-03,-4.150284e-02,-8.704213e-02,-6.823318e-01,7.246547e-01,-1.542544e-02,-1.360859e-01,6.429139e-03,-2.036634e-01,2.570495e-01,3.876190e+00,86.250084,9.035831e-03
133,3.350000,book_4,4.172433e-03,2.373805e-02,-6.718144e-03,-3.204134e-02,-7.948661e-02,-6.734217e-01,7.342741e-01,1.790459e-02,7.103696e-02,-9.848909e-03,9.309778e-01,1.811111e-02,1.082599e+00,84.781555,8.915016e-03
134,3.375000,book_4,5.384215e-03,2.271573e-02,-7.431591e-03,-5.663322e-02,-9.460443e-02,-7.054921e-01,7.000882e-01,4.847130e-02,-4.089285e-02,-2.853789e-02,-2.145974e+00,1.374221e-01,-3.849061e+00,89.893832,8.770515e-03
135,3.400000,book_4,5.864948e-03,1.907431e-02,-7.129809e-03,1.801457e-02,-6.527293e-03,-7.221689e-01,6.914513e-01,1.922932e-02,-1.456567e-01,1.207129e-02,9.302547e+00,5.829315e-01,-1.264214e+00,87.495092,8.264333e-03
136,3.425000,book_4,5.852583e-03,2.041137e-02,-7.146923e-03,1.659550e-02,-7.844504e-03,-7.289351e-01,6.843366e-01,-4.946053e-04,5.348232e-02,-6.845472e-04,-1.408177e-01,1.515849e-02,-7.879980e-01,86.373986,8.285341e-03
137,3.450000,book_4,5.895579e-03,2.149939e-02,-7.172124e-03,1.545763e-02,-9.160809e-03,-7.342922e-01,6.785957e-01,1.719826e-03,4.352066e-02,-1.008046e-03,-1.280750e-01,-2.199950e-03,-6.305452e-01,85.477656,8.285716e-03
138,3.475000,book_4,5.774495e-03,2.296377e-02,-7.216191e-03,1.402265e-02,-1.042723e-02,-7.250261e-01,6.884996e-01,-4.843359e-03,5.857519e-02,-1.762695e-03,-1.713499e-01,1.134510e-02,1.082305e+00,87.035393,8.384504e-03
139,3.500000,book_4,5.400732e-03,2.053916e-02,-7.787665e-03,-3.170225e-02,-4.883941e-02,-7.418703e-01,6.680106e-01,-1.495052e-02,-9.698451e-02,-2.285894e-02,-4.719553e+00,5.393543e-01,-2.202115e+00,84.102275,9.066574e-03
140,3.525000,book_4,5.354814e-03,2.160110e-02,-7.888418e-03,-3.159191e-02,-4.885092e-02,-7.398122e-01,6.702935e-01,-1.836698e-03,4.247778e-02,-4.030135e-03,2.962887e-03,6.975414e-03,2.459318e-01,84.454256,9.176687e-03
141,3.550000,book_4,5.039695e-03,1.902468e-02,-7.728963e-03,-1.216885e-02,-2.887014e-02,-7.226566e-01,6.904968e-01,-1.260479e-02,-1.030567e-01,6.378202e-03,2.209744e+00,4.423244e-02,2.142669e+00,87.434506,9.205872e-03
142,3.575000,book_4,5.212506e-03,2.111978e-02,-7.946883e-03,1.557168e-02,7.766976e-04,-7.065821e-01,7.074593e-01,6.912458e-03,8.380406e-02,-8.716794e-03,3.229269e+00,8.885658e-02,1.905898e+00,89.942787,9.299725e-03
143,3.600000,book_4,5.074895e-03,1.985316e-02,-8.266424e-03,-1.849887e-02,-2.836746e-02,-7.281976e-01,6.845301e-01,-5.504459e-03,-5.066490e-02,-1.278164e-02,-3.553817e+00,3.052371e-01,-2.557506e+00,86.489711,9.644569e-03
144,3.625000,book_4,5.095132e-03,2.100937e-02,-8.278524e-03,-1.715014e-02,-2.744337e-02,-7.312717e-01,6.813182e-01,8.094853e-04,4.624850e-02,-4.839906e-04,1.299185e-01,-3.980492e-02,-3.537692e-01,85.979991,9.644639e-03
145,3.650000,book_4,5.183338e-03,2.218015e-02,-8.330260e-03,-7.040045e-03,-1.931887e-02,-7.298631e-01,6.832841e-01,3.528226e-03,4.683101e-02,-2.069452e-03,1.026046e+00,-1.423922e-01,2.028525e-01,86.244475,9.644747e-03
146,3.675000,book_4,5.196922e-03,2.300649e-02,-8.355605e-03,-2.013959e-03,-1.427598e-02,-7.313935e-01,6.818033e-01,5.433735e-04,3.305358e-02,-1.013814e-03,5.707361e-01,-2.096142e-02,-1.651955e-01,85.992848,9.659924e-03
147,3.700000,book_4,5.177596e-03,2.357055e-02,-8.365713e-03,-2.087250e-03,-1.440664e-02,-7.355398e-01,6.773251e-01,-7.730183e-04,2.256227e-02,-4.043160e-04,-7.629402e-03,-8.621268e-03,-4.882492e-01,85.293808,9.678323e-03
148,3.725000,book_4,5.170488e-03,2.426900e-02,-8.366594e-03,3.059341e-03,-8.728602e-03,-7.312102e-01,6.820895e-01,-2.843548e-04,2.793795e-02,-3.523803e-05,6.088234e-01,1.104324e-02,5.199653e-01,86.023038,9.682638e-03
149,3.750000,book_4,4.729833e-03,2.093801e-02,-8.508655e-03,-4.505394e-02,-4.696838e-02,-7.511291e-01,6.569393e-01,-1.762619e-02,-1.332396e-01,-5.682423e-03,-4.853911e+00,7.168728e-01,-2.607347e+00,82.388841,1.003073e-02
150,3.775000,book_4,3.829507e-03,1.735074e-02,-8.094536e-03,-3.620467e-02,-3.754759e-02,-7.129368e-01,6.992857e-01,-3.601302e-02,-1.434904e-01,1.656476e-02,1.042078e+00,2.605732e-01,4.558895e+00,88.901035,1.020008e-02
151,3.800000,book_4,3.755828e-03,1.913531e-02,-8.167546e-03,-4.362729e-02,-4.458373e-02,-7.097238e-01,7.017130e-01,-2.947173e-03,7.138269e-02,-2.920398e-03,-8.192185e-01,4.632720e-02,3.162871e-01,89.356989,1.030281e-02
152,3.825000,book_4,3.619839e-03,2.081800e-02,-8.152472e-03,-4.479451e-02,-4.363117e-02,-7.091050e-01,7.023246e-01,-5.439557e-03,6.730771e-02,6.029521e-04,-1.151258e-02,1.240878e-01,6.198022e-02,89.445778,1.037405e-02
153,3.850000,book_4,3.498341e-03,2.192901e-02,-8.192192e-03,-5.218326e-02,-4.950808e-02,-7.080268e-01,7.025126e-01,-4.859925e-03,4.444038e-02,-1.588783e-03,-7.516557e-01,9.347618e-02,6.651321e-02,89.538760,1.048042e-02
154,3.875000,book_4,3.386504e-03,2.305543e-02,-8.193822e-03,-4.396421e-02,-3.971976e-02,-7.085202e-01,7.031989e-01,-4.473468e-03,4.505662e-02,-6.522766e-05,1.021253e+00,8.523449e-02,2.836447e-03,89.549230,1.055153e-02
155,3.900000,book_4,3.312193e-03,2.367651e-02,-8.281522e-03,-5.103830e-02,-4.580386e-02,-7.076242e-01,7.032532e-01,-2.972442e-03,2.484332e-02,-3.507988e-03,-7.455051e-01,6.203056e-02,5.240335e-02,89.617612,1.066645e-02
156,3.925000,book_4,3.267673e-03,2.433978e-02,-8.360979e-03,-5.128167e-02,-4.586791e-02,-7.073062e-01,7.035512e-01,-1.780827e-03,2.653053e-02,-3.178302e-03,-1.726620e-02,1.256434e-02,3.413580e-02,89.666330,1.075626e-02
157,3.950000,book_4,3.426419e-03,2.065727e-02,-8.605782e-03,-9.631610e-02,-8.898286e-02,-7.277482e-01,6.731922e-01,6.349869e-03,-1.473004e-01,-9.792106e-03,-5.037061e+00,-7.389287e-02,-2.864266e+00,85.538541,1.085103e-02
158,3.975000,book_4,3.284448e-03,2.180511e-02,-8.588799e-03,-9.271361e-02,-8.732543e-02,-7.232002e-01,6.787930e-01,-5.678858e-03,4.591361e-02,6.793254e-04,3.012993e-01,-4.556346e-02,5.839037e-01,86.374846,1.092436e-02
159,4.000000,book_4,2.908990e-03,1.972212e-02,-8.316737e-03,-4.948246e-02,-4.951474e-02,-7.231881e-01,6.870944e-01,-1.501833e-02,-8.331965e-02,1.088247e-02,4.604416e+00,-3.905053e-01,5.033599e-01,87.082436,1.095092e-02
0,0.025000,drop,1.500000e-01,6.588688e-01,0.000000e+00,0.000000e+00,0.000000e+00,0.000000e+00,1.000000e+00,0.000000e+00,-2.452500e-01,0.000000e+00,0.000000e+00,0.000000e+00,0.000000e+00,0.000000,0.000000e+00
1,0.050000,drop,1.500000e-01,6.466063e-01,0.000000e+00,0.000000e+00,0.000000e+00,0.000000e+00,1.000000e+00,0.000000e+00,-4.905000e-01,0.000000e+00,0.000000e+00,0.000000e+00,0.000000e+00,0.000000,0.000000e+00
2,0.075000,drop,1.500000e-01,6.282125e-01,0.000000e+00,0.000000e+00,0.000000e+00,0.000000e+00,1.000000e+00,0.000000e+00,-7.357500e-01,0.000000e+00,0.000000e+00,0.000000e+00,0.000000e+00,0.000000,0.000000e+00
3,0.100000,drop,1.500000e-01,6.036875e-01,0.000000e+00,0.000000e+00,0.000000e+00,0.000000e+00,1.000000e+00,0.000000e+00,-9.810000e-01,0.000000e+00,0.000000e+00,0.000000e+00,0.000000e+00,0.000000,0.000000e+00
4,0.125000,drop,1.500000e-01,5.730312e-01,0.000000e+00,0.000000e+00,0.000000e+00,0.000000e+00,1.000000e+00,0.000000e+00,-1.226250e+00,0.000000e+00,0.000000e+00,0.000000e+00,0.000000e+00,0.000000,0.000000e+00
5,0.150000,drop,1.500000e-01,5.362438e-01,0.000000e+00,0.000000e+00,0.000000e+00,0.000000e+00,1.000000e+00,0.000000e+00,-1.471500e+00,0.000000e+00,0.000000e+00,0.000000e+00,0.000000e+00,0.000000,0.000000e+00
6,0.175000,drop,1.500000e-01,4.933250e-01,0.000000e+00,0.000000e+00,0.000000e+00,0.000000e+00,1.000000e+00,0.000000e+00,-1.716750e+00,0.000000e+00,0.000000e+00,0.000000e+00,0.000000e+00,0.000000,0.000000e+00
7,0.200000,drop,1.500000e-01,4.442750e-01,0.000000e+00,0.000000e+00,0.000000e+00,0.000000e+00,1.000000e+00,0.000000e+00,-1.962000e+00,0.000000e+00,0.000000e+00,0.000000e+00,0.000000e+00,0.000000,0.000000e+00
8,0.225000,drop,1.500000e-01,3.890938e-01,0.000000e+00,0.000000e+00,0.000000e+00,0.000000e+00,1.000000e+00,0.000000e+00,-2.207250e+00,0.000000e+00,0.000000e+00,0.000000e+00,0.000000e+00,0.000000,0.000000e+00
9,0.250000,drop,1.500000e-01,3.277813e-01,0.000000e+00,0.000000e+00,0.000000e+00,0.000000e+00,1.000000e+00,0.000000e+00,-2.452500e+00,0.000000e+00,0.000000e+00,0.000000e+00,0.000000e+00,0.000000,0.000000e+00
10,0.275000,drop,1.500000e-01,2.603375e-01,0.000000e+00,0.000000e+00,0.000000e+00,0.000000e+00,1.000000e+00,0.000000e+00,-2.697750e+00,0.000000e+00,0.000000e+00,0.000000e+00,0.000000e+00,0.000000,0.000000e+00
11,0.300000,drop,1.500000e-01,1.867625e-01,0.000000e+00,0.000000e+00,0.000000e+00,0.000000e+00,1.000000e+00,0.000000e+00,-2.943000e+00,0.000000e+00,0.000000e+00,0.000000e+00,0.000000e+00,0.000000,0.000000e+00
12,0.325000,drop,1.500000e-01,1.070562e-01,0.000000e+00,0.000000e+00,0.000000e+00,0.000000e+00,1.000000e+00,0.000000e+00,-3.188250e+00,0.000000e+00,0.000000e+00,0.000000e+00,0.000000e+00,0.000000,0.000000e+00
13,0.350000,drop,1.500000e-01,2.121875e-02,0.000000e+00,0.000000e+00,0.000000e+00,0.000000e+00,1.000000e+00,0.000000e+00,-3.433500e+00,0.000000e+00,0.000000e+00,0.000000e+00,0.000000e+00,0.000000,0.000000e+00
14,0.375000,drop,1.499922e-01,3.641461e-02,2.059013e-06,-1.732160e-05,-2.784545e-05,-2.674641e-05,1.000000e+00,-3.112367e-04,6.078344e-01,8.236051e-05,-1.385728e-03,-2.227636e-03,-2.139713e-03,0.003652,8.048739e-06
15,0.400000,drop,1.499844e-01,4.547922e-02,4.118025e-06,-3.464319e-05,-5.569089e-05,-5.349283e-05,1.000000e+00,-3.112367e-04,3.625844e-01,8.236051e-05,-1.385728e-03,-2.227636e-03,-2.139713e-03,0.007303,1.609748e-05
16,0.425000,drop,1.498126e-01,5.514566e-02,3.478896e-05,-3.972260e-04,-5.682765e-05,-2.113029e-03,9.999977e-01,-6.874384e-03,3.866576e-01,1.226837e-03,-2.899752e-02,-9.510754e-05,-1.647649e-01,0.246377,1.906228e-04
17,0.450000,drop,1.496407e-01,5.868085e-02,6.545989e-05,-7.598071e-04,-5.796416e-05,-4.172555e-03,9.999910e-01,-6.874384e-03,1.414076e-01,1.226837e-03,-2.899752e-02,-9.510754e-05,-1.647649e-01,0.486004,3.651956e-04
18,0.475000,drop,1.495629e-01,5.986953e-02,7.968465e-05,-6.150724e-04,-6.247924e-05,-3.365170e-03,9.999941e-01,-3.111492e-03,4.754740e-02,5.689902e-04,1.157361e-02,-3.604250e-04,6.459226e-02,0.392009,4.442728e-04
19,0.500000,drop,1.498252e-01,6.634381e-02,7.235025e-05,-3.214387e-04,-7.104607e-05,1.384662e-03,9.999990e-01,1.048911e-02,2.589710e-01,-2.933759e-04,2.346502e-02,-5.306547e-04,3.799919e-01,0.162890,1.892188e-04
20,0.525000,drop,1.500874e-01,6.668683e-02,6.501586e-05,-2.779761e-05,-7.961128e-05,6.134463e-03,9.999812e-01,1.048911e-02,1.372100e-02,-2.933759e-04,2.346502e-02,-5.306547e-04,3.799919e-01,0.702969,1.089201e-04
21,0.550000,drop,1.503496e-01,6.089861e-02,5.768146e-05,2.658441e-04,-8.817469e-05,1.088413e-02,9.999407e-01,1.048911e-02,-2.315290e-01,-2.933759e-04,2.346502e-02,-5.306547e-04,3.799919e-01,1.247626,3.543414e-04
22,0.575000,drop,1.505891e-01,6.203951e-02,5.098251e-05,1.798501e-04,-1.076954e-04,8.378135e-03,9.999649e-01,9.580776e-03,4.563592e-02,-2.679579e-04,-6.844973e-03,-1.582982e-03,-2.004901e-01,0.960296,5.913363e-04
23,0.600000,drop,1.510907e-01,6.600884e-02,6.867906e-05,-1.526361e-04,-1.147011e-04,1.248008e-02,9.999221e-01,2.006160e-02,1.587733e-01,7.078619e-04,-2.662821e-02,-8.426777e-04,3.281726e-01,1.430256,1.092835e-03
24,0.625000,drop,1.519799e-01,6.513934e-02,7.279184e-05,-1.259696e-04,-1.200020e-04,3.631536e-03,9.999934e-01,3.556771e-02,-3.478000e-02,1.645113e-04,2.220594e-03,-5.048320e-04,-7.079270e-01,0.416395,1.981205e-03
25,0.650000,drop,1.554194e-01,6.450408e-02,9.195648e-05,-3.255406e-04,1.034031e-04,-6.142634e-02,9.981116e-01,1.375808e-01,-2.541060e-02,7.665856e-04,-1.545762e-02,1.717701e-02,-5.215099e+00,7.043473,5.420166e-03
26,0.675000,drop,1.557965e-01,6.625439e-02,1.012192e-04,-2.522805e-04,1.140750e-04,-6.383835e-02,9.979602e-01,1.508430e-02,7.001261e-02,3.705079e-04,5.878305e-03,4.305626e-04,-1.933420e-01,7.320372,5.797377e-03
27,0.700000,drop,1.542866e-01,6.564746e-02,1.079520e-04,-2.015606e-04,1.210671e-04,-4.769423e-02,9.988620e-01,-6.039582e-02,-2.427714e-02,2.693112e-04,4.251110e-03,6.168786e-04,1.293669e+00,5.467479,4.287957e-03
28,0.725000,drop,1.506157e-01,6.667010e-02,2.055842e-04,-1.552785e-03,-1.185227e-03,3.892652e-02,9.992402e-01,-1.468349e-01,4.090536e-02,3.905290e-03,-1.125365e-01,-9.820450e-02,6.949335e+00,4.465328,6.491402e-04
29,0.750000,drop,1.488768e-01,6.893408e-02,2.479200e-04,-1.183536e-03,-1.248648e-03,5.466898e-02,9.985031e-01,-6.955751e-02,9.055937e-02,1.693432e-03,2.813418e-02,-2.034475e-03,1.260935e+00,6.269199,1.150247e-03
30,0.775000,drop,1.501033e-01,7.320397e-02,2.550009e-04,-6.584692e-04,-1.557447e-03,1.100873e-02,9.999380e-01,4.906201e-02,1.707957e-01,2.832377e-04,4.783583e-02,-2.638629e-02,-3.497123e+00,1.263788,2.751441e-04
31,0.800000,drop,1.513299e-01,7.134262e-02,2.620819e-04,-1.321455e-04,-1.863274e-03,-3.267253e-02,9.994644e-01,4.906201e-02,-7.445433e-02,2.832377e-04,4.783583e-02,-2.638629e-02,-3.497123e+00,3.744693,1.355467e-03
32,0.825000,drop,1.525564e-01,6.335001e-02,2.691628e-04,3.944304e-04,-2.165544e-03,-7.629143e-02,9.970831e-01,4.906201e-02,-3.197043e-01,2.832377e-04,4.783583e-02,-2.638629e-02,-3.497123e+00,8.750974,2.570569e-03
33,0.850000,drop,1.485913e-01,6.241110e-02,2.442745e-04,2.377799e-04,-2.183120e-03,-3.677476e-02,9.993212e-01,-1.586066e-01,-3.755647e-02,-9.955333e-04,-1.953469e-02,-1.306132e-03,3.168226e+00,4.215115,1.429749e-03
34,0.875000,drop,1.431954e-01,5.820238e-02,2.149151e-04,7.816022e-05,-2.185594e-03,2.074103e-02,9.997825e-01,-2.158355e-01,-1.683488e-01,-1.174377e-03,-2.285988e-02,-7.428844e-04,4.607090e+00,2.376935,6.808006e-03
35,0.900000,drop,1.436434e-01,6.153041e-02,2.405363e-04,-3.368248e-04,-2.572493e-03,4.039619e-02,9.991804e-01,1.792080e-02,1.331214e-01,1.024850e-03,-3.598946e-02,-3.186813e-02,1.573299e+00,4.630483,6.361142e-03
36,0.925000,drop,1.448003e-01,6.179487e-02,2.532089e-04,-2.657504e-04,-2.590388e-03,2.859738e-02,9.995876e-01,4.627730e-02,1.057835e-02,5.069024e-04,8.178858e-03,-1.434978e-03,-9.444980e-01,3.277606,5.205822e-03
37,0.950000,drop,1.449643e-01,6.399423e-02,3.956461e-04,-2.155938e-03,-5.921820e-04,-5.145570e-03,9.999843e-01,6.556804e-03,8.797453e-02,5.697488e-03,-1.488084e-01,1.549198e-01,-2.701212e+00,0.639307,5.051259e-03
38,0.975000,drop,1.448805e-01,6.419574e-02,4.195908e-04,-1.467900e-03,-5.778607e-04,-5.169886e-03,9.999854e-01,-3.348658e-03,8.060143e-03,9.577872e-04,5.504945e-02,8.583235e-04,-1.914615e-03,0.615845,5.136623e-03
39,1.000000,drop,1.447807e-01,6.423796e-02,4.490511e-04,-1.170991e-03,-5.923841e-04,-4.171453e-03,9.999904e-01,-3.993394e-03,1.689039e-03,1.178416e-03,2.370085e-02,-1.167176e-03,7.989099e-02,0.496492,5.238574e-03
40,1.025000,drop,1.447301e-01,6.552503e-02,5.501992e-04,-2.140696e-03,-5.872943e-04,-3.020220e-03,9.999930e-01,-2.024410e-03,5.148249e-02,4.045924e-03,-7.762842e-02,8.387529e-04,9.205233e-02,0.424211,5.298546e-03
41,1.050000,drop,1.446795e-01,6.068084e-02,6.513473e-04,-3.110397e-03,-5.822032e-04,-1.868979e-03,9.999932e-01,-2.024410e-03,-1.937675e-01,4.045924e-03,-7.762842e-02,8.387529e-04,9.205233e-02,0.415822,5.360234e-03
42,1.075000,drop,1.446527e-01,6.178858e-02,7.184530e-04,-2.430753e-03,-5.994511e-04,-1.604185e-03,9.999956e-01,-1.070235e-03,4.430963e-02,2.684227e-03,5.435684e-02,-1.415445e-03,2.121972e-02,0.333735,5.395318e-03
43,1.100000,drop,1.443299e-01,6.338662e-02,8.172298e-04,-2.757506e-03,-6.273738e-04,-5.585507e-03,9.999804e-01,-1.291296e-02,6.392186e-02,3.951069e-03,-2.595593e-02,-2.966827e-03,-3.185191e-01,0.713807,5.728683e-03
44,1.125000,drop,1.442190e-01,6.361511e-02,8.716191e-04,-2.217295e-03,-6.332903e-04,-4.504767e-03,9.999872e-01,-4.436160e-03,9.139353e-03,2.175574e-03,4.316069e-02,-4.759536e-04,8.648898e-02,0.575354,5.846335e-03
45,1.150000,drop,1.441562e-01,6.482311e-02,8.920718e-04,-1.500876e-03,-6.371298e-04,-3.362245e-03,9.999930e-01,-2.510980e-03,4.831985e-02,8.181095e-04,5.725460e-02,-3.623734e-04,9.143977e-02,0.421930,5.911467e-03
46,1.175000,drop,1.427087e-01,6.266935e-02,9.046696e-04,-1.203714e-03,-8.315044e-04,1.823376e-02,9.998327e-01,-5.790090e-02,-8.615031e-02,5.039091e-04,2.260579e-02,-1.304797e-02,1.728066e+00,2.094099,7.347202e-03
47,1.200000,drop,1.432961e-01,6.346426e-02,9.238729e-04,-9.503095e-04,-8.051853e-04,1.961946e-02,9.998067e-01,2.349662e-02,3.179642e-02,7.681321e-04,2.013588e-02,2.606533e-03,1.108899e-01,2.251005,6.767238e-03
48,1.225000,drop,1.455416e-01,6.201168e-02,1.067915e-03,-2.521586e-03,9.602937e-04,-9.939281e-03,9.999470e-01,8.982102e-02,-5.810325e-02,5.761677e-03,-1.265898e-01,1.365667e-01,-2.365738e+00,1.175060,4.584468e-03
49,1.250000,drop,1.450526e-01,6.348096e-02,1.089620e-03,-1.516955e-03,4.372441e-04,-2.263353e-02,9.997426e-01,-1.956135e-02,5.877142e-02,8.682002e-04,7.894030e-02,-4.518931e-02,-1.015702e+00,2.599653,5.065955e-03
50,1.275000,drop,1.432690e-01,6.234757e-02,1.122917e-03,-1.197704e-03,4.226071e-04,-4.408568e-03,9.999895e-01,-7.134466e-02,-4.533581e-02,1.331895e-03,2.617882e-02,4.544325e-04,1.458301e+00,0.523498,6.824026e-03
51,1.300000,drop,1.434735e-01,6.334621e-02,1.125908e-03,-7.149087e-04,6.975459e-04,6.090895e-03,9.999810e-01,8.181917e-03,3.994566e-02,1.196462e-04,3.907647e-02,2.283217e-02,8.399489e-01,0.702761,6.622860e-03
52,1.325000,drop,1.435804e-01,6.357082e-02,1.140017e-03,-5.746160e-04,6.906235e-04,5.017906e-03,9.999870e-01,4.273028e-03,8.984310e-03,5.643390e-04,1.116705e-02,-5.471259e-04,-8.584787e-02,0.578770,6.520067e-03
53,1.350000,drop,1.436788e-01,6.373593e-02,1.151484e-03,-4.601401e-04,6.879432e-04,4.028605e-03,9.999915e-01,3.935385e-03,6.604553e-03,4.586961e-04,9.104577e-03,-2.141930e-04,-7.915114e-02,0.464647,6.425266e-03
54,1.375000,drop,1.437583e-01,6.386712e-02,1.160520e-03,-3.684415e-04,6.879491e-04,3.226433e-03,9.999945e-01,3.182970e-03,5.247714e-03,3.614128e-04,7.291789e-03,3.343403e-07,-6.417919e-02,0.372126,6.348641e-03
55,1.400000,drop,1.438357e-01,6.404618e-02,1.133131e-03,2.176314e-04,6.897127e-04,2.791968e-03,9.999958e-01,3.095336e-03,7.162478e-03,-1.095544e-03,4.686126e-02,2.794826e-04,-3.478974e-02,0.320907,6.267568e-03
56,1.425000,drop,1.438911e-01,6.411664e-02,1.128748e-03,1.784063e-04,6.898215e-04,2.237489e-03,9.999972e-01,2.214019e-03,2.818348e-03,-1.753108e-04,-3.168636e-03,9.515368e-06,-4.435626e-02,0.257211,6.212340e-03
57,1.450000,drop,1.440188e-01,6.443660e-02,1.095281e-03,5.881225e-04,6.905026e-04,3.049446e-03,9.999949e-01,5.110239e-03,1.279841e-02,-1.338705e-03,3.282194e-02,1.163691e-04,6.493419e-02,0.355881,6.080638e-03
58,1.475000,drop,1.440788e-01,6.443334e-02,1.083634e-03,4.767600e-04,6.782081e-04,2.440924e-03,9.999967e-01,2.397373e-03,-1.307307e-04,-4.658508e-04,-8.939658e-03,-9.821903e-04,-4.867632e-02,0.284995,6.019586e-03
59,1.500000,drop,1.441340e-01,6.468499e-02,1.162910e-03,-9.383064e-04,6.747889e-04,2.073638e-03,9.999972e-01,2.210278e-03,1.006616e-02,3.171013e-03,-1.132243e-01,-5.358825e-04,-2.930628e-02,0.260816,5.980149e-03
60,1.525000,drop,1.441754e-01,6.463153e-02,1.181637e-03,-7.614374e-04,6.752429e-04,1.661468e-03,9.999981e-01,1.655503e-03,-2.138380e-03,7.491022e-04,1.412723e-02,3.467260e-05,-3.298324e-02,0.209432,5.943252e-03
61,1.550000,drop,1.442277e-01,6.497421e-02,1.149748e-03,8.364880e-05,6.761639e-04,1.636516e-03,9.999984e-01,2.090251e-03,1.370723e-02,-1.275552e-03,6.760534e-02,1.844692e-04,-2.041890e-03,0.187776,5.885736e-03
62,1.575000,drop,1.459144e-01,6.245455e-02,1.109882e-03,7.674939e-05,1.051193e-03,-2.270328e-02,9.997417e-01,6.746843e-02,-1.007864e-01,-1.594669e-03,-1.916516e-03,3.018709e-02,-1.947721e+00,2.601843,4.233703e-03
63,1.600000,drop,1.453228e-01,6.313375e-02,1.108984e-03,3.169056e-05,1.073393e-03,-1.883408e-02,9.998220e-01,-2.366248e-02,2.716818e-02,-3.591140e-05,-3.238590e-03,1.826848e-03,3.096086e-01,2.158357,4.806871e-03
64,1.625000,drop,1.430248e-01,6.109468e-02,1.114989e-03,4.932654e-05,1.093556e-03,8.665322e-03,9.999619e-01,-9.192199e-02,-8.156280e-02,2.402048e-04,3.803503e-03,1.505033e-03,2.200602e+00,0.993001,7.063799e-03
65,1.650000,drop,1.433520e-01,6.209832e-02,1.131440e-03,-2.159692e-04,8.148750e-04,9.068266e-03,9.999585e-01,1.308957e-02,4.014560e-02,6.580586e-04,-2.099440e-02,-2.247881e-02,3.225877e-02,1.039456,6.743601e-03
66,1.675000,drop,1.435298e-01,6.256837e-02,1.135010e-03,-1.807227e-04,8.284209e-04,7.286124e-03,9.999731e-01,7.111176e-03,1.880177e-02,1.427875e-04,2.693859e-03,1.077458e-03,-1.425788e-01,0.835192,6.569025e-03
67,1.700000,drop,1.436357e-01,6.307688e-02,1.077738e-03,7.414615e-04,8.345639e-04,5.335410e-03,9.999851e-01,4.239068e-03,2.034048e-02,-2.290900e-03,7.364023e-02,9.999532e-04,-1.561215e-01,0.617272,6.454859e-03
68,1.725000,drop,1.437426e-01,6.335608e-02,1.058137e-03,6.764363e-04,8.231207e-04,4.304961e-03,9.999902e-01,4.275429e-03,1.116789e-02,-7.840133e-04,-5.266151e-03,-8.824046e-04,-8.243326e-02,0.499366,6.346201e-03
69,1.750000,drop,1.438721e-01,6.369756e-02,1.059625e-03,3.259825e-04,8.213982e-04,4.125223e-03,9.999911e-01,5.179028e-03,1.365945e-02,5.950481e-05,-2.804733e-02,-2.488274e-04,-1.435623e-02,0.474191,6.218829e-03
70,1.775000,drop,1.439539e-01,6.383997e-02,1.052937e-03,2.550438e-04,8.253334e-04,3.316918e-03,9.999941e-01,3.269799e-03,5.696163e-03,-2.675036e-04,-5.729540e-03,3.122796e-04,-6.466005e-02,0.381213,6.137144e-03
71,1.800000,drop,1.440009e-01,6.407234e-02,1.063529e-03,-2.818986e-05,8.244108e-04,2.393111e-03,9.999968e-01,1.881388e-03,9.294855e-03,4.236857e-04,-2.271937e-02,-1.302891e-04,-7.388618e-02,0.274250,6.092652e-03
72,1.825000,drop,1.440483e-01,6.413867e-02,1.064053e-03,-2.434758e-05,8.246883e-04,1.914465e-03,9.999978e-01,1.897685e-03,2.653323e-03,2.093783e-05,2.757624e-04,2.178189e-05,-3.829201e-02,0.219399,6.046036e-03
73,1.850000,drop,1.440817e-01,6.431242e-02,1.057863e-03,7.915899e-05,8.245749e-04,1.471474e-03,9.999986e-01,1.334471e-03,6.949980e-03,-2.475997e-04,8.251301e-03,5.871578e-06,-3.544614e-02,0.168862,6.012106e-03
74,1.875000,drop,1.441102e-01,6.433054e-02,1.056413e-03,6.594604e-05,8.121345e-04,1.167094e-03,9.999990e-01,1.138437e-03,7.246898e-04,-5.799868e-05,-1.075651e-03,-9.948876e-04,-2.434963e-02,0.133953,5.983835e-03
75,1.900000,drop,1.441334e-01,6.434197e-02,1.055134e-03,5.277159e-05,8.120050e-04,9.352595e-04,9.999992e-01,9.285455e-04,4.571914e-04,-5.114986e-05,-1.069007e-03,-1.038304e-05,-1.854593e-02,0.107343,5.960761e-03
76,1.925000,drop,1.441723e-01,6.457863e-02,1.065820e-03,-1.327285e-04,8.118342e-04,1.058415e-03,9.999991e-01,1.557814e-03,9.466423e-03,4.274537e-04,-1.483198e-02,-2.805328e-05,9.864532e-03,0.122235,5.924347e-03
77,1.950000,drop,1.441934e-01,6.454566e-02,1.068442e-03,-1.073780e-04,8.121988e-04,8.499728e-04,9.999993e-01,8.445501e-04,-1.318684e-03,1.048410e-04,2.014471e-03,2.909109e-05,-1.667707e-02,0.098174,5.904053e-03
78,1.975000,drop,1.442876e-01,6.472011e-02,1.134217e-03,-1.038131e-03,8.111340e-04,1.838349e-03,9.999974e-01,3.765855e-03,6.977870e-03,2.631015e-03,-7.439601e-02,-1.398635e-04,7.913072e-02,0.241928,5.823938e-03
79,2.000000,drop,1.444254e-01,6.455451e-02,1.255665e-03,1.930182e-04,8.059931e-04,4.466117e-04,9.999996e-01,5.511680e-03,-6.624026e-03,4.857915e-03,9.840250e-02,-3.459298e-04,-1.114187e-01,0.055753,5.714301e-03
80,2.025000,drop,1.444141e-01,6.470375e-02,1.211903e-03,1.483829e-03,7.417928e-04,-6.948658e-04,9.999984e-01,-4.493890e-04,5.969578e-03,-1.750486e-03,1.031937e-01,-5.072206e-03,-9.140248e-02,0.187755,5.715823e-03
81,2.050000,drop,1.444274e-01,6.476635e-02,1.234501e-03,4.549937e-04,7.353361e-04,-1.932625e-04,9.999996e-01,5.318618e-04,2.504083e-03,9.039325e-04,-8.227746e-02,-5.189619e-04,4.018858e-02,0.056647,5.707674e-03
82,2.075000,drop,1.444236e-01,6.469314e-02,1.225540e-03,3.596029e-04,7.348965e-04,-1.527656e-04,9.999997e-01,-1.512106e-04,-2.928430e-03,-3.584230e-04,-7.628888e-03,-3.516955e-05,3.245343e-03,0.044772,5.709435e-03
83,2.100000,drop,1.444505e-01,6.488475e-02,1.238021e-03,-3.806300e-06,7.346378e-04,3.239910e-04,9.999997e-01,1.074658e-03,7.664538e-03,4.992089e-04,-2.904471e-02,-2.997593e-05,3.816188e-02,0.037129,5.685902e-03
84,2.125000,drop,1.444565e-01,6.479119e-02,1.238095e-03,-1.016065e-05,7.285719e-04,2.613575e-04,9.999997e-01,2.397615e-04,-3.742437e-03,2.957432e-06,-5.118715e-04,-4.854563e-04,-5.010300e-03,0.029972,5.680068e-03
85,2.150000,drop,1.444793e-01,6.491547e-02,1.231201e-03,9.728578e-05,7.282775e-04,4.750783e-04,9.999996e-01,9.121242e-04,4.971206e-03,-2.757325e-04,8.608175e-03,-2.112319e-05,1.709140e-02,0.055570,5.656311e-03
86,2.175000,drop,1.444645e-01,6.494663e-02,1.219318e-03,2.282230e-04,7.287198e-04,1.965136e-05,9.999997e-01,-5.933682e-04,1.246195e-03,-4.753416e-04,1.044842e-02,4.390192e-05,-3.644177e-02,0.026249,5.668222e-03
87,2.200000,drop,1.444649e-01,6.483750e-02,1.214755e-03,1.837981e-04,7.287400e-04,1.305152e-05,9.999997e-01,1.543020e-05,-4.365055e-03,-1.824909e-04,-3.554374e-03,1.658814e-06,-5.253968e-04,0.021115,5.666866e-03
88,2.225000,drop,1.444922e-01,6.502954e-02,1.226244e-03,-7.849619e-05,7.283045e-04,4.162156e-04,9.999996e-01,1.094340e-03,7.681687e-03,4.595463e-04,-2.096004e-02,-4.103024e-05,3.226840e-02,0.048536,5.642632e-03
89,2.250000,drop,1.461927e-01,6.243663e-02,1.236269e-03,-8.783745e-05,6.011420e-04,-2.421099e-02,9.997067e-01,6.802016e-02,-1.037167e-01,4.010082e-04,-2.180456e-03,-1.031402e-02,-1.970763e+00,2.774665,4.002961e-03
90,2.275000,drop,1.456410e-01,6.346137e-02,1.222015e-03,1.675262e-04,3.385412e-04,-2.430916e-02,9.997044e-01,-2.206889e-02,4.098989e-02,-5.701892e-04,1.990974e-02,-2.149709e-02,-7.866035e-03,2.785965,4.527049e-03
91,2.300000,drop,1.433495e-01,6.186241e-02,1.205004e-03,1.529215e-04,1.711729e-04,-7.349369e-04,9.999997e-01,-9.166180e-02,-6.395866e-02,-6.804292e-04,-8.592505e-04,-1.368485e-02,1.886477e+00,0.086021,6.758827e-03
92,2.325000,drop,1.435504e-01,6.282028e-02,1.217561e-03,-1.089824e-04,-7.539678e-05,4.859761e-03,9.999882e-01,8.038612e-03,3.831489e-02,5.022809e-04,-2.089037e-02,-1.977877e-02,4.475826e-01,0.557030,6.563497e-03
93,2.350000,drop,1.436400e-01,6.314705e-02,1.219964e-03,-9.304401e-05,-8.577723e-05,3.961249e-03,9.999921e-01,3.581385e-03,1.307084e-02,9.614402e-05,1.284546e-03,-8.320395e-04,-7.188148e-02,0.454052,6.475990e-03
94,2.375000,drop,1.437175e-01,6.339693e-02,1.221807e-03,-7.552296e-05,-8.544258e-05,3.176431e-03,9.999949e-01,3.099771e-03,9.995175e-03,7.368833e-05,1.406974e-03,2.650159e-05,-6.278578e-02,0.364096,6.400251e-03
95,2.400000,drop,1.438497e-01,6.383730e-02,1.220653e-03,-2.201162e-05,-8.527167e-05,3.596390e-03,9.999935e-01,5.291696e-03,1.761486e-02,-4.614963e-05,4.277964e-03,2.979885e-05,3.359725e-02,0.412124,6.270218e-03
96,2.425000,drop,1.439212e-01,6.395415e-02,1.220891e-03,-2.158158e-05,-8.118452e-05,2.896435e-03,9.999958e-01,2.857299e-03,4.674125e-03,9.505367e-06,3.800577e-05,3.258763e-04,-5.599671e-02,0.331917,6.200214e-03
97,2.450000,drop,1.439971e-01,6.438051e-02,1.176484e-03,6.471602e-04,-7.953680e-05,2.625019e-03,9.999963e-01,3.037165e-03,1.705403e-02,-1.776257e-03,5.350051e-02,2.863093e-04,-2.170891e-02,0.309812,6.117094e-03
98,2.475000,drop,1.440485e-01,6.439029e-02,1.163694e-03,5.255653e-04,-9.148075e-05,2.093784e-03,9.999977e-01,2.056984e-03,3.914279e-04,-5.115850e-04,-9.721737e-03,-9.535357e-04,-4.250032e-02,0.247373,6.064171e-03
99,2.500000,drop,1.441370e-01,6.468585e-02,1.293683e-03,-1.667272e-03,-9.677247e-05,2.393718e-03,9.999957e-01,3.537515e-03,1.182253e-02,5.199558e-03,-1.754282e-01,-8.032698e-04,2.397873e-02,0.334280,6.004061e-03
100,2.525000,drop,1.442832e-01,6.453189e-02,1.426111e-03,-3.415974e-04,-1.025843e-04,9.135323e-04,9.999995e-01,5.849307e-03,-6.158647e-03,5.297089e-03,1.060668e-01,-4.084847e-04,-1.184043e-01,0.111762,5.891992e-03
101,2.550000,drop,1.442505e-01,6.471016e-02,1.358535e-03,1.681885e-03,-1.852295e-04,-8.915032e-04,9.999982e-01,-1.309344e-03,7.130920e-03,-2.703043e-03,1.618999e-01,-6.513094e-03,-1.443843e-01,0.218131,5.907853e-03
102,2.575000,drop,1.442347e-01,6.465032e-02,1.327056e-03,1.374465e-03,-1.879572e-04,-7.406728e-04,9.999988e-01,-6.296103e-04,-2.393541e-03,-1.259123e-03,-2.459605e-02,-2.165705e-04,1.206153e-02,0.178915,5.916033e-03
103,2.600000,drop,1.442201e-01,6.459755e-02,1.299811e-03,1.101859e-03,-1.887775e-04,-5.942927e-04,9.999992e-01,-5.860615e-04,-2.111071e-03,-1.089803e-03,-2.181077e-02,-6.556654e-05,1.170623e-02,0.143458,5.924274e-03
104,2.625000,drop,1.442281e-01,6.463420e-02,1.312004e-03,3.748640e-04,-1.888011e-04,-1.812562e-04,9.999999e-01,3.190053e-04,1.466175e-03,4.877115e-04,-5.816584e-02,-3.723174e-06,3.303196e-02,0.047714,5.919184e-03
105,2.650000,drop,1.442244e-01,6.458641e-02,1.304536e-03,2.963037e-04,-1.887307e-04,-1.428903e-04,9.999999e-01,-1.440812e-04,-1.911545e-03,-2.987169e-04,-6.285399e-03,5.627565e-06,3.068089e-03,0.037696,5.921047e-03
106,2.675000,drop,1.442880e-01,6.476668e-02,1.257019e-03,8.606979e-04,-1.891949e-04,8.761666e-04,9.999992e-01,2.540811e-03,7.210732e-03,-1.900699e-03,4.513619e-02,-6.775673e-05,8.153310e-02,0.140741,5.848708e-03
107,2.700000,drop,1.443055e-01,6.469574e-02,1.239804e-03,6.945612e-04,-1.890153e-04,7.092806e-04,9.999995e-01,7.009447e-04,-2.837752e-03,-6.885899e-04,-1.328843e-02,1.421889e-05,-1.335339e-02,0.113757,5.827909e-03
108,2.725000,drop,1.443777e-01,6.475790e-02,1.204222e-03,8.839453e-04,-1.895867e-04,1.439826e-03,9.999986e-01,2.889923e-03,2.486520e-03,-1.423297e-03,1.513976e-02,-7.557484e-05,5.844652e-02,0.193604,5.749777e-03
109,2.750000,drop,1.444062e-01,6.468697e-02,1.186861e-03,7.054164e-04,-1.991372e-04,1.159527e-03,9.999991e-01,1.136442e-03,-2.837287e-03,-6.944079e-04,-1.427697e-02,-7.647692e-04,-2.242734e-02,0.155529,5.718371e-03
110,2.775000,drop,1.444336e-01,6.473178e-02,1.225109e-03,-2.152613e-04,-2.000799e-04,9.977772e-04,9.999995e-01,1.098241e-03,1.792496e-03,1.529888e-03,-7.365154e-02,-1.516889e-04,-1.295474e-02,0.116967,5.699614e-03
111,2.800000,drop,1.444535e-01,6.466503e-02,1.229420e-03,-1.784511e-04,-1.999047e-04,7.995519e-04,9.999996e-01,7.969807e-04,-2.669886e-03,1.724722e-04,2.947976e-03,1.354121e-05,-1.585744e-02,0.093876,5.681089e-03
112,2.825000,drop,1.444557e-01,6.465110e-02,1.217174e-03,9.278789e-05,-1.999301e-04,4.359725e-04,9.999999e-01,8.828028e-05,-5.572880e-04,-4.898572e-04,2.170494e-02,1.013441e-05,-2.908202e-02,0.051078,5.676296e-03
113,2.850000,drop,1.444604e-01,6.460855e-02,1.212403e-03,1.148153e-04,-2.062041e-04,2.930469e-04,9.999999e-01,1.854181e-04,-1.702100e-03,-1.908336e-04,1.764700e-03,-5.000909e-04,-1.143374e-02,0.036066,5.670746e-03
114,2.875000,drop,1.444662e-01,6.456423e-02,1.210092e-03,9.249515e-05,-2.062355e-04,2.341987e-04,9.999999e-01,2.325960e-04,-1.772882e-03,-9.244802e-05,-1.784644e-03,-2.497687e-06,-4.708227e-03,0.028854,5.664572e-03
115,2.900000,drop,1.444959e-01,6.470706e-02,1.211480e-03,2.641915e-05,-2.063072e-04,5.628758e-04,9.999998e-01,1.188613e-03,5.713177e-03,5.553548e-05,-5.291501e-03,-9.408135e-06,2.629308e-02,0.064572,5.635844e-03
116,2.925000,drop,1.445067e-01,6.464739e-02,1.210952e-03,1.594776e-05,-2.124255e-04,4.521576e-04,9.999999e-01,4.298380e-04,-2.386604e-03,-2.113308e-05,-8.356087e-04,-4.896938e-04,-8.857642e-03,0.051846,5.625236e-03
117,2.950000,drop,1.445788e-01,6.479743e-02,1.248559e-03,-5.541248e-04,-2.128935e-04,1.308636e-03,9.999990e-01,2.884083e-03,6.001617e-03,1.504264e-03,-4.562036e-02,-5.917497e-05,6.850862e-02,0.162848,5.563165e-03
118,2.975000,drop,1.446049e-01,6.471987e-02,1.259635e-03,-4.478465e-04,-2.127529e-04,1.055269e-03,9.999993e-01,1.046389e-03,-3.102433e-03,4.430714e-04,8.506567e-03,1.115006e-05,-2.026759e-02,0.131364,5.540184e-03
119,3.000000,drop,1.446633e-01,6.473447e-02,1.284824e-03,-6.030227e-04,-2.129160e-04,1.406026e-03,9.999988e-01,2.333899e-03,5.839261e-04,1.007556e-03,-1.242006e-02,-1.359260e-05,2.805802e-02,0.175312,5.489222e-03
120,3.025000,drop,1.446924e-01,6.466909e-02,1.296221e-03,-4.750732e-04,-2.128843e-04,1.146128e-03,9.999992e-01,1.164838e-03,-2.615174e-03,4.558829e-04,1.024039e-02,4.401596e-06,-2.078973e-02,0.142172,5.463607e-03
121,3.050000,drop,1.447152e-01,6.461252e-02,1.305708e-03,-3.806211e-04,-2.128953e-04,9.182500e-04,9.999995e-01,9.145314e-04,-2.262832e-03,3.794593e-04,7.560056e-03,-8.761397e-07,-1.822862e-02,0.113905,5.443667e-03
122,3.075000,drop,1.447537e-01,6.473379e-02,1.322599e-03,-4.455801e-04,-2.129044e-04,1.041403e-03,9.999993e-01,1.539310e-03,4.851078e-03,6.756363e-04,-5.198821e-03,-1.757094e-06,9.851118e-03,0.129801,5.410419e-03
123,3.100000,drop,1.447745e-01,6.466815e-02,1.331489e-03,-3.577164e-04,-2.126519e-04,8.363368e-04,9.999996e-01,8.319335e-04,-2.625777e-03,3.556221e-04,7.032571e-03,2.021651e-05,-1.640379e-02,0.104236,5.392443e-03
124,3.125000,drop,1.448036e-01,6.484244e-02,1.341753e-03,-3.357045e-04,-2.128724e-04,8.612163e-04,9.999996e-01,1.163395e-03,6.971588e-03,4.105354e-04,1.760543e-03,-1.545777e-05,1.990740e-03,0.105921,5.366820e-03
125,3.150000,drop,1.448208e-01,6.475652e-02,1.348447e-03,-2.689491e-04,-2.124673e-04,6.911448e-04,9.999997e-01,6.887769e-04,-3.436882e-03,2.677820e-04,5.343304e-03,3.244261e-05,-1.360460e-02,0.084985,5.351832e-03
126,3.175000,drop,1.449270e-01,6.488315e-02,1.314563e-03,3.706694e-04,-2.120914e-04,1.939909e-03,9.999980e-01,4.246634e-03,5.065479e-03,-1.355357e-03,5.114823e-02,9.228298e-05,9.991218e-02,0.226319,5.240557e-03
127,3.200000,drop,1.467715e-01,6.235528e-02,1.278101e-03,3.236073e-04,1.016975e-04,-2.265733e-02,9.997432e-01,7.378131e-02,-1.011152e-01,-1.458485e-03,-3.389775e-03,2.582865e-02,-1.968323e+00,2.596826,3.472257e-03
128,3.225000,drop,1.461507e-01,6.312686e-02,1.279699e-03,1.265386e-04,2.381816e-04,-2.043717e-02,9.997911e-01,-2.483332e-02,3.086352e-02,6.392509e-05,-1.549728e-02,1.121529e-02,1.776593e-01,2.342135,4.056448e-03
129,3.250000,drop,1.437860e-01,6.125494e-02,1.291761e-03,9.648362e-05,3.957572e-04,5.718773e-03,9.999836e-01,-9.458798e-02,-7.487715e-02,4.824867e-04,-1.650385e-03,1.238834e-02,2.093071e+00,0.655420,6.346848e-03
130,3.275000,drop,1.440285e-01,6.217714e-02,1.288255e-03,1.128671e-04,4.239949e-04,5.992898e-03,9.999819e-01,9.698711e-03,3.688827e-02,-1.402398e-04,1.306429e-03,2.264409e-03,2.193010e-02,0.686861,6.108915e-03
131,3.300000,drop,1.441462e-01,6.262963e-02,1.286293e-03,8.650073e-05,4.156789e-04,4.802188e-03,9.999884e-01,4.708888e-03,1.809942e-02,-7.850360e-05,-2.145731e-03,-6.673772e-04,-9.525742e-02,0.550382,5.993470e-03
132,3.325000,drop,1.441925e-01,6.307766e-02,1.280200e-03,1.377549e-04,4.038321e-04,3.164369e-03,9.999949e-01,1.853475e-03,1.792118e-02,-2.437055e-04,4.050329e-03,-9.169208e-04,-1.310285e-01,0.362954,5.946906e-03
133,3.350000,drop,1.442975e-01,6.343147e-02,1.267581e-03,2.624409e-04,3.997165e-04,3.170260e-03,9.999949e-01,4.199131e-03,1.415269e-02,-5.047769e-04,9.976062e-03,-2.977471e-04,4.672235e-04,0.364528,5.841682e-03
134,3.375000,drop,1.443601e-01,6.362607e-02,1.262663e-03,2.135150e-04,3.944334e-04,2.546452e-03,9.999967e-01,2.503750e-03,7.783734e-03,-1.967159e-04,-3.932693e-03,-4.220141e-04,-4.990340e-02,0.292826,5.779519e-03
135,3.400000,drop,1.444349e-01,6.399520e-02,1.271564e-03,-2.186485e-05,3.938770e-04,2.419723e-03,9.999970e-01,2.993950e-03,1.476522e-02,3.560359e-04,-1.883422e-02,-9.031030e-05,-1.013093e-02,0.277291,5.708478e-03
136,3.425000,drop,1.444831e-01,6.407956e-02,1.271771e-03,-2.327255e-05,3.981090e-04,1.948880e-03,9.999980e-01,1.927481e-03,3.374362e-03,8.303443e-06,-1.282693e-04,3.374316e-04,-3.766749e-02,0.223341,5.661558e-03
137,3.450000,drop,1.445217e-01,6.414156e-02,1.272174e-03,-1.888254e-05,3.976770e-04,1.560372e-03,9.999987e-01,1.544122e-03,2.480182e-03,1.609050e-05,3.388951e-04,-3.461978e-05,-3.108088e-02,0.178819,5.624039e-03
138,3.475000,drop,1.445568e-01,6.436630e-02,1.268237e-03,4.865652e-05,3.977640e-04,1.318851e-03,9.999991e-01,1.402794e-03,8.989413e-03,-1.574723e-04,5.395424e-03,1.501500e-05,-1.932382e-02,0.151232,5.588990e-03
139,3.500000,drop,1.445823e-01,6.437483e-02,1.267399e-03,4.135259e-05,3.854134e-04,1.045864e-03,9.999994e-01,1.017907e-03,3.414478e-04,-3.351903e-05,-5.916992e-04,-9.877679e-04,-2.183879e-02,0.119941,5.564018e-03
140,3.525000,drop,1.446437e-01,6.467366e-02,1.318379e-03,-7.383633e-04,3.843681e-04,1.452965e-03,9.999986e-01,2.457841e-03,1.195322e-02,2.039206e-03,-6.236461e-02,-1.501835e-04,3.259215e-02,0.186763,5.516167e-03
141,3.550000,drop,1.446727e-01,6.462329e-02,1.333110e-03,-5.968898e-04,3.847864e-04,1.168226e-03,9.999991e-01,1.160712e-03,-2.014807e-03,5.892533e-04,1.130909e-02,3.307244e-05,-2.278345e-02,0.150330,5.491552e-03
142,3.575000,drop,1.447834e-01,6.483279e-02,1.251020e-03,9.209130e-04,3.867956e-04,2.252034e-03,9.999970e-01,4.428905e-03,8.379843e-03,-3.283622e-03,1.214574e-01,3.544076e-04,8.665803e-02,0.278807,5.364473e-03
143,3.600000,drop,1.449284e-01,6.464702e-02,1.132607e-03,-2.727641e-04,3.882556e-04,7.962035e-04,9.999996e-01,5.799699e-03,-7.430805e-03,-4.736493e-03,-9.553955e-02,8.913094e-06,-1.164297e-01,0.096444,5.196500e-03
144,3.625000,drop,1.448847e-01,6.482203e-02,1.235311e-03,-2.610912e-03,5.495156e-04,-1.207253e-03,9.999957e-01,-1.748421e-03,7.000552e-03,4.108158e-03,-1.871252e-01,1.270833e-02,-1.602078e-01,0.329624,5.262327e-03
145,3.650000,drop,1.447661e-01,6.464052e-02,1.382371e-03,-1.132531e-03,5.537774e-04,-2.754066e-06,9.999992e-01,-4.743488e-03,-7.260501e-03,5.882386e-03,1.183243e-01,4.495922e-04,9.629411e-02,0.129779,5.413346e-03
146,3.675000,drop,1.447550e-01,6.477710e-02,1.374451e-03,3.175598e-04,7.306239e-04,5.849838e-04,9.999995e-01,-4.450129e-04,5.463298e-03,-3.168030e-04,1.160334e-01,1.420065e-02,4.693878e-02,0.076274,5.422090e-03
147,3.700000,drop,1.447640e-01,6.470331e-02,1.370204e-03,2.754614e-04,7.201427e-04,4.734749e-04,9.999996e-01,3.600821e-04,-2.951859e-03,-1.698695e-04,-3.373900e-03,-8.376382e-04,-8.918517e-03,0.062770,5.412306e-03
148,3.725000,drop,1.447765e-01,6.477174e-02,1.357462e-03,3.331827e-04,7.201418e-04,4.292072e-04,9.999996e-01,4.988000e-04,2.737436e-03,-5.096902e-04,4.615147e-03,3.084552e-06,-3.544735e-03,0.062263,5.397024e-03
149,3.750000,drop,1.448110e-01,6.475505e-02,1.338602e-03,4.507207e-04,7.203511e-04,7.341127e-04,9.999994e-01,1.382676e-03,-6.677460e-04,-7.544080e-04,9.420602e-03,1.266543e-05,2.438567e-02,0.098713,5.358833e-03
150,3.775000,drop,1.448345e-01,6.478292e-02,1.379002e-03,-3.755972e-04,7.195112e-04,7.245605e-04,9.999994e-01,9.385384e-04,1.114942e-03,1.616019e-03,-6.610591e-02,-1.153736e-04,-7.165892e-04,0.093521,5.346394e-03
151,3.800000,drop,1.448490e-01,6.470582e-02,1.386508e-03,-3.065733e-04,7.196455e-04,5.814461e-04,9.999995e-01,5.794059e-04,-3.084218e-03,3.002173e-04,5.513664e-03,1.043608e-05,-1.145313e-02,0.075323,5.334346e-03
152,3.825000,drop,1.448903e-01,6.481408e-02,1.402634e-03,-3.975942e-04,7.195367e-04,9.134042e-04,9.999992e-01,1.653611e-03,4.330376e-03,6.450602e-04,-7.262563e-03,-4.779369e-06,2.656189e-02,0.114155,5.298684e-03
153,3.850000,drop,1.449078e-01,6.473251e-02,1.410702e-03,-3.176255e-04,7.069519e-04,7.239142e-04,9.999994e-01,6.988916e-04,-3.262661e-03,3.227150e-04,6.387509e-03,-1.006980e-03,-1.516340e-02,0.090588,5.283985e-03
154,3.875000,drop,1.449228e-01,6.479934e-02,1.409712e-03,-1.455794e-04,7.069354e-04,5.914257e-04,9.999996e-01,5.993252e-04,2.673097e-03,-3.961903e-05,1.375619e-02,5.272692e-06,-1.060881e-02,0.069795,5.269282e-03
155,3.900000,drop,1.449338e-01,6.471985e-02,1.412751e-03,-1.138845e-04,6.943620e-04,4.626626e-04,9.999996e-01,4.409550e-04,-3.179442e-03,1.215782e-04,2.528908e-03,-1.005874e-03,-1.030269e-02,0.054600,5.259477e-03
156,3.925000,drop,1.449421e-01,6.479345e-02,1.444510e-03,-5.320657e-04,6.940182e-04,3.577891e-04,9.999996e-01,3.295895e-04,2.943891e-03,1.270374e-03,-3.346030e-02,-4.393471e-05,-8.366643e-03,0.073473,5.260173e-03
157,3.950000,drop,1.449484e-01,6.471525e-02,1.455289e-03,-4.277605e-04,6.814285e-04,2.753530e-04,9.999996e-01,2.546655e-04,-3.128004e-03,4.311559e-04,8.340201e-03,-1.007704e-03,-6.600145e-03,0.058295,5.257025e-03
158,3.975000,drop,1.449890e-01,6.480490e-02,1.469221e-03,-4.251400e-04,6.814848e-04,7.475236e-04,9.999994e-01,1.624535e-03,3.586078e-03,5.572773e-04,2.353760e-04,2.072925e-05,3.777350e-02,0.098544,5.221914e-03
159,4.000000,drop,1.450040e-01,6.472468e-02,1.477693e-03,-3.408491e-04,6.816667e-04,6.026819e-04,9.999995e-01,5.979915e-04,-3.208783e-03,3.388791e-04,6.735360e-03,1.466090e-05,-1.159193e-02,0.079342,5.209966e-03
