step,t,t_rigid_solve_ms,t_modal_step_ms,t_deformed_normal_ms,t_distant_response_ms,t_total_step_ms
0,0.001000,30.970334,0.012167,0.000000,0.030708,33.103834
1,0.002000,31.258250,0.011000,0.000000,0.022500,33.289584
2,0.003000,31.212292,0.008916,0.000000,0.015833,33.096208
3,0.004000,30.940584,0.010250,0.000000,0.017333,32.850042
4,0.005000,30.999583,0.009209,0.000000,0.016833,33.175917
5,0.006000,30.703709,0.010334,0.000000,0.017417,32.730375
6,0.007000,31.239292,0.009250,0.000000,0.015625,33.406875
7,0.008000,30.753542,0.010291,0.000000,0.017333,32.766417
8,0.009000,30.519541,0.008666,0.000000,0.014459,32.659333
9,0.010000,31.096750,0.008875,0.000000,0.014625,32.967750
10,0.011000,31.067209,0.009708,0.000000,0.016209,33.046083
11,0.012000,31.365583,0.008750,0.000000,0.015166,33.435667
12,0.013000,31.119458,0.008709,0.000000,0.014542,32.985667
13,0.014000,31.128500,0.009666,0.000000,0.016208,33.057666
14,0.015000,31.060791,0.010250,0.000000,0.016917,33.150000
15,0.016000,31.024000,0.008708,0.000000,0.014417,32.960792
16,0.017000,30.874875,0.009958,0.000000,0.016625,32.776542
17,0.018000,30.875084,0.010209,0.000000,0.016834,33.073875
18,0.019000,30.732375,0.009500,0.000000,0.015875,32.801667
19,0.020000,30.649083,0.010084,0.000000,0.016709,32.692583
20,0.021000,30.513917,0.009333,0.000000,0.015458,32.505916
21,0.022000,30.942167,0.010042,0.000000,0.016667,32.966917
22,0.023000,30.878333,0.009333,0.000000,0.015459,32.779541
23,0.024000,30.978333,0.008708,0.000000,0.014333,32.978125
24,0.025000,30.379500,0.008791,0.000000,0.014542,32.244875
25,0.026000,30.940625,0.009584,0.000000,0.016000,32.836833
26,0.027000,30.645209,0.010333,0.000000,0.017875,32.725208
27,0.028000,30.682209,0.009709,0.000000,0.017833,32.767625
28,0.029000,36.812375,0.010583,0.000000,0.032750,38.866542
29,0.030000,29.433667,0.009958,0.000000,0.023292,31.430958
30,0.031000,29.282834,0.009125,0.000000,0.018333,31.202041
31,0.032000,29.646375,0.009000,0.000000,0.016833,31.494209
32,0.033000,29.244833,0.008750,0.000000,0.014917,31.094458
33,0.034000,29.134834,0.008792,0.000000,0.014666,30.970834
34,0.035000,28.999000,0.008708,0.000000,0.014416,30.828167
35,0.036000,29.090542,0.008667,0.000000,0.014250,30.921917
36,0.037000,29.326625,0.008708,0.000000,0.014750,31.155417
37,0.038000,29.103083,0.008709,0.000000,0.014500,30.940500
38,0.039000,29.250916,0.008542,0.000000,0.014167,31.077250
39,0.040000,29.065042,0.008708,0.000000,0.021083,30.908041
40,0.041000,28.855125,0.008459,0.000000,0.013959,30.685333
41,0.042000,29.195500,0.008750,0.000000,0.014250,31.059375
42,0.043000,28.924750,0.008625,0.000000,0.014333,30.751459
43,0.044000,29.066084,0.008459,0.000000,0.014000,30.886667
44,0.045000,29.655084,0.010000,0.000000,0.021459,31.514625
45,0.046000,30.339292,0.009625,0.000000,0.020875,32.319125
46,0.047000,30.387458,0.009584,0.000000,0.019542,32.385250
47,0.048000,36.829500,0.011625,0.000000,0.029250,38.824333
48,0.049000,33.385250,0.010584,0.000000,0.027792,35.394583
49,0.050000,31.066916,0.010666,0.000000,0.026541,33.068541
50,0.051000,34.679375,0.010458,0.000000,0.026583,36.689500
51,0.052000,30.226750,0.009208,0.000000,0.017666,32.155542
52,0.053000,30.768541,0.009459,0.000000,0.016375,32.668000
53,0.054000,30.463000,0.009959,0.000000,0.023583,32.577625
54,0.055000,30.029000,0.009708,0.000000,0.022291,31.979208
55,0.056000,29.950375,0.009666,0.000000,0.022667,31.881458
56,0.057000,29.958208,0.009084,0.000000,0.017208,31.834042
57,0.058000,31.006417,0.008708,0.000000,0.016250,32.852167
58,0.059000,32.228958,0.010708,0.000000,0.018250,34.097333
59,0.060000,31.329792,0.010167,0.000000,0.016791,33.581917
60,0.061000,32.028334,0.010167,0.000000,0.017208,34.169625
61,0.062000,31.812208,0.009458,0.000000,0.019250,33.676792
62,0.063000,32.180459,0.009833,0.000000,0.026291,34.175333
63,0.064000,30.417500,0.009625,0.000000,0.019541,32.339500
64,0.065000,29.852375,0.008750,0.000000,0.016541,31.755417
65,0.066000,29.873417,0.008958,0.000000,0.016375,31.734541
66,0.067000,29.852500,0.009000,0.000000,0.015125,31.705666
67,0.068000,29.616959,0.008667,0.000000,0.014459,31.462417
68,0.069000,29.686500,0.008708,0.000000,0.014584,31.525083
69,0.070000,29.451708,0.008750,0.000000,0.014458,31.295750
70,0.071000,29.665084,0.008750,0.000000,0.014625,31.526833
71,0.072000,30.213166,0.008708,0.000000,0.014291,32.083750
72,0.073000,30.393542,0.008541,0.000000,0.014208,32.243167
73,0.074000,30.042459,0.008792,0.000000,0.014417,31.911375
74,0.075000,30.065167,0.008875,0.000000,0.014667,31.931750
75,0.076000,30.165708,0.008792,0.000000,0.014250,32.000333
76,0.077000,29.660750,0.008917,0.000000,0.014667,31.507625
77,0.078000,31.958583,0.009959,0.000000,0.021083,33.905958
78,0.079000,30.202167,0.009250,0.000000,0.020083,32.176083
79,0.080000,29.958667,0.008917,0.000000,0.016250,31.897250
80,0.081000,29.950834,0.008917,0.000000,0.015250,31.852792
81,0.082000,29.689500,0.009000,0.000000,0.014959,31.621125
82,0.083000,30.426875,0.009375,0.000000,0.015667,32.334792
83,0.084000,30.751625,0.009375,0.000000,0.015584,32.777167
84,0.085000,31.306833,0.009375,0.000000,0.015833,33.334000
85,0.086000,30.751583,0.008958,0.000000,0.014875,32.726125
86,0.087000,30.972625,0.009208,0.000000,0.015375,32.906750
87,0.088000,30.873042,0.009500,0.000000,0.015500,32.814334
88,0.089000,30.760709,0.009750,0.000000,0.015959,32.796708
89,0.090000,30.850584,0.009042,0.000000,0.014875,32.947417
90,0.091000,30.911125,0.009208,0.000000,0.015458,32.848625
91,0.092000,31.338417,0.009750,0.000000,0.015917,33.312750
92,0.093000,30.669583,0.009500,0.000000,0.015583,32.643375
93,0.094000,30.625458,0.008791,0.000000,0.014541,32.672750
94,0.095000,31.173583,0.009750,0.000000,0.016125,33.199333
95,0.096000,30.322459,0.009209,0.000000,0.015292,32.436292
96,0.097000,31.063750,0.008625,0.000000,0.014250,33.096417
97,0.098000,30.692500,0.009667,0.000000,0.016416,32.601750
98,0.099000,30.581875,0.008708,0.000000,0.014417,32.688208
99,0.100000,31.098916,0.009833,0.000000,0.016208,33.012791
100,0.101000,30.289084,0.009125,0.000000,0.014875,32.377250
101,0.102000,30.747875,0.009417,0.000000,0.015417,32.755542
102,0.103000,30.633209,0.009292,0.000000,0.015375,32.665209
103,0.104000,31.040708,0.009000,0.000000,0.015125,32.928041
104,0.105000,31.078875,0.008792,0.000000,0.014459,33.031583
105,0.106000,30.412583,0.009167,0.000000,0.015000,32.295791
106,0.107000,30.934833,0.009042,0.000000,0.015208,32.863583
107,0.108000,30.739417,0.008750,0.000000,0.014375,32.740125
108,0.109000,30.897083,0.009709,0.000000,0.016000,32.857667
109,0.110000,30.731334,0.009041,0.000000,0.014833,32.812125
110,0.111000,30.833917,0.008542,0.000000,0.014250,32.851583
111,0.112000,30.665042,0.009208,0.000000,0.015166,32.548584
112,0.113000,31.009167,0.009250,0.000000,0.015250,32.970542
113,0.114000,30.318000,0.008834,0.000000,0.014458,32.317417
114,0.115000,31.026625,0.009292,0.000000,0.015334,32.913250
115,0.116000,30.327959,0.008792,0.000000,0.014541,32.310083
116,0.117000,30.818750,0.009708,0.000000,0.015958,32.756833
117,0.118000,30.588875,0.008709,0.000000,0.014750,32.616500
118,0.119000,30.655583,0.009792,0.000000,0.016042,32.546542
119,0.120000,30.425166,0.008625,0.000000,0.014167,32.415875
120,0.121000,30.496042,0.008792,0.000000,0.016292,32.411750
121,0.122000,30.608542,0.009250,0.000000,0.015375,32.552500
122,0.123000,30.498833,0.008791,0.000000,0.014375,32.500458
123,0.124000,30.772708,0.008750,0.000000,0.014375,32.684000
124,0.125000,30.523625,0.008791,0.000000,0.014458,32.402667
125,0.126000,30.671834,0.008791,0.000000,0.014375,32.603291
126,0.127000,30.659875,0.008916,0.000000,0.014584,32.559500
127,0.128000,30.603125,0.009125,0.000000,0.015125,32.495125
128,0.129000,30.911584,0.009833,0.000000,0.016083,32.876542
129,0.130000,30.350584,0.008875,0.000000,0.014834,32.249916
130,0.131000,30.595333,0.008792,0.000000,0.014416,32.473000
131,0.132000,30.548792,0.008625,0.000000,0.014375,32.539708
132,0.133000,30.363583,0.009166,0.000000,0.015333,32.258458
133,0.134000,30.606750,0.010792,0.000000,0.023250,32.549458
134,0.135000,30.815916,0.010750,0.000000,0.023500,32.970625
135,0.136000,35.653458,0.010083,0.000000,0.024875,37.623625
136,0.137000,29.990042,0.008750,0.000000,0.016917,31.907291
137,0.138000,29.685250,0.008708,0.000000,0.014625,31.563666
138,0.139000,30.156291,0.008666,0.000000,0.014292,32.029917
139,0.140000,29.605000,0.008667,0.000000,0.014416,31.468541
140,0.141000,29.928750,0.008791,0.000000,0.014417,31.793459
141,0.142000,30.043750,0.008250,0.000000,0.014042,31.914250
142,0.143000,29.655125,0.008708,0.000000,0.014792,31.529417
143,0.144000,33.055917,0.017459,0.008755,97.944500,132.878209
144,0.145000,13.641000,0.009125,0.000000,0.016333,15.435875
145,0.146000,13.705333,0.008667,0.000000,0.013792,15.530209
146,0.147000,13.733459,0.008666,0.000000,0.013584,15.521583
147,0.148000,13.676291,0.008708,0.000000,0.013750,15.473791
148,0.149000,13.692083,0.008625,0.000000,0.013458,15.500709
149,0.150000,13.665875,0.008375,0.000000,0.013125,15.447125
150,0.151000,10.503875,0.008375,0.000000,0.013125,12.287750
151,0.152000,10.498875,0.008375,0.000000,0.013000,12.264084
152,0.153000,10.352000,0.008458,0.000000,0.012917,12.139500
153,0.154000,10.381292,0.008459,0.000000,0.013000,12.140125
154,0.155000,10.418250,0.008375,0.000000,0.013000,12.203667
155,0.156000,10.451167,0.008583,0.000000,0.013125,12.206375
156,0.157000,10.409167,0.008625,0.000000,0.013208,12.151917
157,0.158000,10.456041,0.008417,0.000000,0.012917,12.238583
158,0.159000,10.357750,0.008375,0.000000,0.012875,12.112459
159,0.160000,20.244542,0.017624,0.000000,35.207250,57.240958
160,0.161000,20.556209,0.010000,0.000000,0.021875,22.421042
161,0.162000,20.943459,0.009958,0.000000,0.020250,22.828166
162,0.163000,21.212042,0.010583,0.000000,0.024208,23.222500
163,0.164000,21.647833,0.009750,0.000000,0.021500,24.697833
164,0.165000,20.530583,0.008958,0.000000,0.015250,22.361416
165,0.166000,20.840000,0.008292,0.000000,0.013375,22.657083
166,0.167000,20.617000,0.008500,0.000000,0.013667,22.431041
167,0.168000,20.836125,0.009083,0.000000,0.015125,22.764625
168,0.169000,20.437416,0.009000,0.000000,0.014667,22.380083
169,0.170000,20.266667,0.008750,0.000000,0.014250,22.068583
170,0.171000,20.716166,0.008458,0.000000,0.013708,22.597042
171,0.172000,27.083166,0.016084,0.004167,58.687417,87.613667
172,0.173000,20.771917,0.008541,0.000000,0.014917,22.688000
173,0.174000,26.880084,0.015541,0.003501,58.325500,87.020083
174,0.175000,26.615333,0.008750,0.000000,0.015625,28.522459
175,0.176000,26.756792,0.008458,0.000000,0.014208,28.665834
176,0.177000,26.424584,0.008458,0.000000,0.013917,28.279500
177,0.178000,32.638000,0.015875,0.005501,82.177667,116.655375
178,0.179000,16.496083,0.008792,0.000000,0.015292,18.327291
179,0.180000,16.743833,0.008500,0.000000,0.013625,18.572208
180,0.181000,22.707833,0.015875,0.002460,46.815917,71.342125
181,0.182000,30.680667,0.019125,0.005457,60.433125,93.004375
182,0.183000,39.448125,0.018207,0.007168,90.059166,131.525500
183,0.184000,39.021250,0.010334,0.000000,0.030541,41.077750
184,0.185000,33.671458,0.010833,0.000000,0.029334,35.817708
185,0.186000,39.047625,0.010416,0.000000,0.028542,41.071750
186,0.187000,33.669125,0.011917,0.000000,0.029250,35.707458
187,0.188000,35.834417,0.008958,0.000000,0.017041,38.043125
188,0.189000,35.379750,0.008625,0.000000,0.015166,37.366167
189,0.190000,34.387500,0.010250,0.000000,0.017459,36.282292
190,0.191000,33.773167,0.008584,0.000000,0.014417,35.936750
191,0.192000,34.587167,0.008625,0.000000,0.014542,36.508750
192,0.193000,33.864250,0.009917,0.000000,0.016334,35.747167
193,0.194000,33.434667,0.009250,0.000000,0.015500,35.508000
194,0.195000,33.873167,0.009166,0.000000,0.015667,35.874958
195,0.196000,33.554250,0.009583,0.000000,0.016167,35.585333
196,0.197000,33.525958,0.009459,0.000000,0.015834,35.583708
197,0.198000,33.405875,0.009375,0.000000,0.015667,35.404291
198,0.199000,33.134208,0.009167,0.000000,0.015333,35.059250
199,0.200000,33.457833,0.009333,0.000000,0.015417,35.384750
200,0.201000,32.904625,0.009125,0.000000,0.015375,34.791542
201,0.202000,33.406125,0.009125,0.000000,0.015125,35.312584
202,0.203000,33.131875,0.008833,0.000000,0.014583,34.994584
203,0.204000,33.294291,0.009083,0.000000,0.015291,35.372250
204,0.205000,33.626667,0.009209,0.000000,0.015333,35.626875
205,0.206000,33.676459,0.008625,0.000000,0.014292,35.671500
206,0.207000,33.487250,0.008875,0.000000,0.014750,35.367458
207,0.208000,33.953709,0.008334,0.000000,0.013833,35.883833
208,0.209000,33.453625,0.009041,0.000000,0.014958,35.321708
209,0.210000,33.350625,0.009208,0.000000,0.015292,35.323875
210,0.211000,33.345083,0.009084,0.000000,0.015084,35.308083
211,0.212000,33.367584,0.009250,0.000000,0.015292,35.303125
212,0.213000,33.351000,0.008959,0.000000,0.014959,35.252875
213,0.214000,33.379291,0.009000,0.000000,0.015000,35.267708
214,0.215000,33.292417,0.008959,0.000000,0.014750,35.149834
215,0.216000,33.576000,0.008625,0.000000,0.014375,35.493291
216,0.217000,33.425250,0.008500,0.000000,0.014167,35.323542
217,0.218000,33.558333,0.008458,0.000000,0.014083,35.426333
218,0.219000,33.390958,0.008417,0.000000,0.014125,35.250375
219,0.220000,33.553458,0.009167,0.000000,0.015208,35.428542
220,0.221000,33.152500,0.008750,0.000000,0.014458,35.146917
221,0.222000,33.539417,0.009208,0.000000,0.015375,35.452084
222,0.223000,33.666084,0.008500,0.000000,0.014125,35.681250
223,0.224000,33.552041,0.008542,0.000000,0.014125,35.438750
224,0.225000,33.488125,0.008875,0.000000,0.014708,35.360250
225,0.226000,33.481208,0.009041,0.000000,0.014917,35.472291
226,0.227000,33.619875,0.008542,0.000000,0.014166,35.684208
227,0.228000,33.126791,0.009041,0.000000,0.015000,34.981917
228,0.229000,33.652125,0.008708,0.000000,0.014583,35.652042
229,0.230000,33.015250,0.008583,0.000000,0.014167,34.872458
230,0.231000,33.411708,0.008792,0.000000,0.014625,35.280208
231,0.232000,33.334584,0.008500,0.000000,0.014292,35.231083
232,0.233000,33.116000,0.009125,0.000000,0.015125,34.978916
233,0.234000,33.392417,0.008709,0.000000,0.014500,35.397541
234,0.235000,33.687000,0.008833,0.000000,0.015875,35.567750
235,0.236000,33.570458,0.008708,0.000000,0.014959,35.425792
236,0.237000,33.265625,0.009166,0.000000,0.015458,35.153125
237,0.238000,33.208417,0.008500,0.000000,0.014375,35.164625
238,0.239000,33.092458,0.008958,0.000000,0.014875,34.960084
239,0.240000,33.616541,0.008459,0.000000,0.014250,35.539500
240,0.241000,33.277542,0.009166,0.000000,0.015333,35.146250
241,0.242000,32.974166,0.009000,0.000000,0.015083,34.868917
242,0.243000,33.224917,0.009167,0.000000,0.015250,35.128750
243,0.244000,33.310792,0.009041,0.000000,0.014959,35.203625
244,0.245000,33.063041,0.014417,0.000000,0.020125,35.068042
245,0.246000,33.343250,0.008333,0.000000,0.014000,35.340792
246,0.247000,32.760542,0.008459,0.000000,0.014125,34.614792
247,0.248000,33.387417,0.008792,0.000000,0.015417,35.320125
248,0.249000,33.046084,0.008834,0.000000,0.014750,34.915125
249,0.250000,33.685042,0.008791,0.000000,0.014459,35.621125
250,0.251000,32.660375,0.009166,0.000000,0.015000,34.545584
251,0.252000,33.223167,0.008667,0.000000,0.014333,35.165375
252,0.253000,32.931208,0.008459,0.000000,0.014125,34.793042
253,0.254000,32.925750,0.008541,0.000000,0.014250,34.802500
254,0.255000,32.809084,0.008584,0.000000,0.014208,34.681833
255,0.256000,33.071250,0.008584,0.000000,0.014875,34.952958
256,0.257000,32.527709,0.008333,0.000000,0.014208,34.394209
257,0.258000,32.771083,0.009459,0.000000,0.015708,34.656042
258,0.259000,32.345250,0.008541,0.000000,0.014209,34.291458
259,0.260000,32.677750,0.008833,0.000000,0.014500,34.552125
260,0.261000,32.823083,0.009083,0.000000,0.015125,34.715042
261,0.262000,32.817042,0.008917,0.000000,0.014750,34.807833
262,0.263000,33.102250,0.009250,0.000000,0.015291,35.005792
263,0.264000,32.491709,0.008792,0.000000,0.014458,34.478417
264,0.265000,32.740791,0.009042,0.000000,0.015416,34.647792
265,0.266000,32.627666,0.009166,0.000000,0.015208,34.619333
266,0.267000,32.446084,0.008750,0.000000,0.014458,34.543333
267,0.268000,32.946208,0.008500,0.000000,0.014125,34.853375
268,0.269000,32.812083,0.008750,0.000000,0.016000,34.678916
269,0.270000,36.037875,0.010375,0.000000,0.027958,37.957375
270,0.271000,33.897417,0.010167,0.000000,0.025875,36.050250
271,0.272000,35.981542,0.009291,0.000000,0.019000,38.159250
272,0.273000,36.684083,0.008791,0.000000,0.017041,38.823375
273,0.274000,35.996084,0.008542,0.000000,0.014917,38.115166
274,0.275000,36.316792,0.008917,0.000000,0.014917,38.416250
275,0.276000,36.094709,0.008583,0.000000,0.014458,38.203416
276,0.277000,36.971667,0.008916,0.000000,0.014833,39.120625
277,0.278000,37.120875,0.008541,0.000000,0.014292,39.242375
278,0.279000,36.909667,0.009250,0.000000,0.015541,39.013375
279,0.280000,36.605416,0.008750,0.000000,0.014708,38.771792
280,0.281000,36.761333,0.009042,0.000000,0.015084,38.911875
281,0.282000,37.195459,0.009250,0.000000,0.015459,39.378125
282,0.283000,36.612291,0.008541,0.000000,0.014292,38.888667
283,0.284000,36.782459,0.008667,0.000000,0.014333,38.900875
284,0.285000,37.110541,0.009542,0.000000,0.015708,39.218542
285,0.286000,36.601458,0.009166,0.000000,0.015417,38.825083
286,0.287000,36.236625,0.008917,0.000000,0.014750,38.489958
287,0.288000,36.597833,0.009084,0.000000,0.015084,38.709667
288,0.289000,36.503334,0.008666,0.000000,0.014500,38.612917
289,0.290000,36.732333,0.009333,0.000000,0.016125,38.858791
290,0.291000,36.375375,0.009041,0.000000,0.015083,38.623542
291,0.292000,36.818375,0.008709,0.000000,0.014667,38.971875
292,0.293000,36.703500,0.008917,0.000000,0.014875,38.888291
293,0.294000,36.885708,0.009000,0.000000,0.015042,39.037125
294,0.295000,37.011583,0.008916,0.000000,0.016583,39.173334
295,0.296000,36.911833,0.008709,0.000000,0.014500,39.063958
296,0.297000,36.496417,0.008833,0.000000,0.014959,38.612333
297,0.298000,36.906625,0.009000,0.000000,0.014833,39.005875
298,0.299000,36.710917,0.008666,0.000000,0.014417,38.851834
299,0.300000,36.370208,0.008667,0.000000,0.014417,38.464333
300,0.301000,36.396000,0.009000,0.000000,0.015125,38.535625
301,0.302000,36.555791,0.008708,0.000000,0.014584,38.711500
302,0.303000,36.336208,0.009208,0.000000,0.015625,38.434375
303,0.304000,36.356375,0.008750,0.000000,0.014666,38.594083
304,0.305000,37.005583,0.009583,0.000000,0.015959,39.137792
305,0.306000,36.292042,0.009375,0.000000,0.015583,38.411083
306,0.307000,36.105417,0.009084,0.000000,0.015292,38.333000
307,0.308000,36.410208,0.008833,0.000000,0.014833,38.645000
308,0.309000,36.568167,0.008708,0.000000,0.014542,38.758917
309,0.310000,36.839334,0.009250,0.000000,0.015667,38.971791
310,0.311000,36.162333,0.009250,0.000000,0.015458,38.419041
311,0.312000,36.480833,0.009083,0.000000,0.015166,38.734583
312,0.313000,36.408250,0.008875,0.000000,0.014625,38.664750
313,0.314000,36.431083,0.009667,0.000000,0.015708,38.567583
314,0.315000,36.225375,0.008667,0.000000,0.014500,38.501125
315,0.316000,36.653041,0.008958,0.000000,0.015166,38.810791
316,0.317000,36.481292,0.009584,0.000000,0.017375,38.601834
317,0.318000,36.173959,0.008917,0.000000,0.014875,38.422375
318,0.319000,36.695500,0.008458,0.000000,0.014334,38.842500
319,0.320000,39.856084,0.016417,0.008668,94.171584,136.142417
320,0.321000,17.100000,0.008666,0.000000,0.015834,19.157500
321,0.322000,17.147625,0.008583,0.000000,0.013708,19.145000
322,0.323000,17.002625,0.009000,0.000000,0.014292,19.006083
323,0.324000,16.795875,0.008791,0.000000,0.013916,18.808583
324,0.325000,17.138250,0.008625,0.000000,0.013833,19.165709
325,0.326000,17.189458,0.008750,0.000000,0.013750,19.187542
326,0.327000,16.977708,0.009291,0.000000,0.014667,18.973833
327,0.328000,17.116666,0.009167,0.000000,0.014417,19.245167
328,0.329000,13.497958,0.008541,0.000000,0.013334,15.488833
329,0.330000,13.883959,0.009208,0.000000,0.014209,15.894500
330,0.331000,13.653958,0.008750,0.000000,0.013667,15.795500
331,0.332000,13.672333,0.008875,0.000000,0.014000,15.681875
332,0.333000,14.200875,0.009416,0.000000,0.014625,16.251584
333,0.334000,13.539833,0.008458,0.000000,0.013250,15.547125
334,0.335000,13.607583,0.008542,0.000000,0.013333,15.576458
335,0.336000,10.218875,0.008833,0.000000,0.013542,11.987709
336,0.337000,10.127916,0.008542,0.000000,0.013041,11.992958
337,0.338000,10.347416,0.008875,0.000000,0.013583,12.064167
338,0.339000,10.716792,0.009375,0.000000,0.014417,12.505500
339,0.340000,10.020833,0.008583,0.000000,0.013166,11.786209
340,0.341000,11.008958,0.010708,0.000000,0.022125,12.788750
341,0.342000,21.323041,0.010709,0.000000,0.026000,23.165917
342,0.343000,17.304250,0.010166,0.000000,0.024875,19.187375
343,0.344000,13.585792,0.015959,0.000000,11.653125,27.035333
344,0.345000,13.714875,0.008833,0.000000,0.015542,15.490125
345,0.346000,13.599584,0.008917,0.000000,0.016625,15.373542
346,0.347000,13.657542,0.008750,0.000000,0.014709,15.411500
347,0.348000,13.603416,0.008375,0.000000,0.013750,15.358958
348,0.349000,13.534958,0.008834,0.000000,0.014958,15.296750
349,0.350000,13.455625,0.008542,0.000000,0.013750,15.194625
350,0.351000,13.476666,0.008458,0.000000,0.013666,15.207917
351,0.352000,13.500666,0.008542,0.000000,0.013500,15.232500
352,0.353000,13.484583,0.008417,0.000000,0.013375,15.215792
353,0.354000,13.505583,0.008625,0.000000,0.013791,15.236708
354,0.355000,13.554292,0.008583,0.000000,0.013542,15.286041
355,0.356000,13.393459,0.008625,0.000000,0.013625,15.140375
356,0.357000,13.813083,0.008625,0.000000,0.013750,15.532208
357,0.358000,14.314458,0.009250,0.000000,0.014667,16.071666
358,0.359000,13.640583,0.008917,0.000000,0.014208,15.422333
359,0.360000,14.039542,0.008625,0.000000,0.013416,15.768250
360,0.361000,13.762166,0.009459,0.000000,0.014916,15.512166
361,0.362000,13.723333,0.008833,0.000000,0.013917,15.632667
362,0.363000,17.430667,0.015626,0.002084,24.222667,43.449167
363,0.364000,13.487708,0.008542,0.000000,0.014291,15.222542
364,0.365000,16.938583,0.017084,0.001499,23.785333,42.454625
365,0.366000,17.259292,0.008625,0.000000,0.014500,19.082125
366,0.367000,17.207083,0.008417,0.000000,0.013625,18.947083
367,0.368000,17.197125,0.008959,0.000000,0.014500,18.969500
368,0.369000,17.166083,0.008375,0.000000,0.013541,19.038458
369,0.370000,17.502542,0.009292,0.000000,0.014875,19.323083
370,0.371000,17.077458,0.008333,0.000000,0.014625,18.934833
371,0.372000,17.279708,0.009209,0.000000,0.014709,19.043000
372,0.373000,17.051958,0.009584,0.000000,0.014708,18.982000
373,0.374000,17.320875,0.009125,0.000000,0.014500,19.083375
374,0.375000,17.080375,0.008250,0.000000,0.013416,18.939500
375,0.376000,17.242791,0.008375,0.000000,0.013542,19.027250
376,0.377000,20.801250,0.008625,0.000000,0.013958,22.798333
377,0.378000,21.089667,0.009708,0.000000,0.015625,23.171084
378,0.379000,20.571583,0.009417,0.000000,0.015125,22.657375
379,0.380000,20.484833,0.008459,0.000000,0.013667,22.671084
380,0.381000,21.018542,0.008500,0.000000,0.013583,23.144958
381,0.382000,20.680542,0.009083,0.000000,0.014958,22.671792
382,0.383000,20.839250,0.009125,0.000000,0.014667,22.974833
383,0.384000,20.637542,0.009042,0.000000,0.014625,22.714875
384,0.385000,20.892500,0.009500,0.000000,0.015291,23.040416
385,0.386000,20.515166,0.009375,0.000000,0.014833,22.567458
386,0.387000,20.685125,0.009291,0.000000,0.014833,22.826375
387,0.388000,20.799250,0.008584,0.000000,0.013791,22.808500
388,0.389000,20.583125,0.008625,0.000000,0.013875,22.560041
389,0.390000,20.779333,0.008500,0.000000,0.013709,22.795708
390,0.391000,20.988041,0.008334,0.000000,0.013625,23.008584
391,0.392000,20.662791,0.009417,0.000000,0.015125,22.655792
392,0.393000,20.258000,0.009166,0.000000,0.014708,22.334250
393,0.394000,20.647958,0.008333,0.000000,0.014750,22.762250
394,0.395000,17.216250,0.008417,0.000000,0.013417,18.995917
395,0.396000,17.214125,0.008292,0.000000,0.013250,18.979000
396,0.397000,17.025875,0.009417,0.000000,0.014917,18.819084
397,0.398000,17.074041,0.008500,0.000000,0.013375,19.022958
398,0.399000,17.129041,0.008708,0.000000,0.013833,18.914750
399,0.400000,17.115666,0.008541,0.000000,0.013625,18.962625
400,0.401000,17.254333,0.008583,0.000000,0.013542,19.033625
401,0.402000,17.078292,0.009584,0.000000,0.015209,18.892125
402,0.403000,17.114708,0.008458,0.000000,0.013375,19.055583
403,0.404000,17.025792,0.008542,0.000000,0.013958,18.787500
404,0.405000,17.083042,0.008583,0.000000,0.013375,18.935792
405,0.406000,17.279875,0.009041,0.000000,0.014292,19.050208
406,0.407000,17.126916,0.009417,0.000000,0.015000,19.033667
407,0.408000,16.973875,0.008459,0.000000,0.013459,18.928250
408,0.409000,17.220625,0.008375,0.000000,0.013334,18.986125
409,0.410000,17.032375,0.008750,0.000000,0.013791,18.888916
410,0.411000,17.401209,0.008375,0.000000,0.013250,19.214625
411,0.412000,16.881750,0.009458,0.000000,0.015250,18.665917
412,0.413000,17.009375,0.008292,0.000000,0.013292,18.975750
413,0.414000,17.177875,0.008333,0.000000,0.013292,18.968625
414,0.415000,17.549250,0.009167,0.000000,0.015208,19.360417
415,0.416000,17.584000,0.008833,0.000000,0.013958,19.533208
416,0.417000,17.225208,0.008417,0.000000,0.013333,19.044083
417,0.418000,17.090208,0.008375,0.000000,0.013250,18.870083
418,0.419000,16.966791,0.008708,0.000000,0.013833,18.729541
419,0.420000,17.250875,0.009333,0.000000,0.015500,19.099000
420,0.421000,16.731167,0.008542,0.000000,0.013375,18.558542
421,0.422000,17.167209,0.008500,0.000000,0.013500,18.935583
422,0.423000,16.852000,0.009375,0.000000,0.014875,18.628458
423,0.424000,17.335667,0.009375,0.000000,0.014917,19.294792
424,0.425000,16.761667,0.008334,0.000000,0.013250,18.522709
425,0.426000,17.226959,0.008500,0.000000,0.013500,19.033375
426,0.427000,17.081708,0.009334,0.000000,0.015000,18.863625
427,0.428000,17.055250,0.008334,0.000000,0.013458,19.007208
428,0.429000,17.351458,0.009416,0.000000,0.014916,19.136875
429,0.430000,17.040208,0.008542,0.000000,0.013542,18.846042
430,0.431000,17.425250,0.009500,0.000000,0.015167,19.313375
431,0.432000,16.892542,0.008250,0.000000,0.013458,18.865041
432,0.433000,17.361459,0.008416,0.000000,0.013500,19.138125
433,0.434000,16.830375,0.008458,0.000000,0.013459,18.615958
434,0.435000,17.174500,0.009250,0.000000,0.014708,19.154584
435,0.436000,17.182708,0.009333,0.000000,0.014917,19.031667
436,0.437000,16.891584,0.008416,0.000000,0.013542,18.863459
437,0.438000,17.356125,0.008500,0.000000,0.013583,19.151334
438,0.439000,16.742584,0.008583,0.000000,0.013708,18.518875
439,0.440000,17.365167,0.009250,0.000000,0.014750,19.358458
440,0.441000,16.837041,0.008500,0.000000,0.013666,18.666333
441,0.442000,17.303250,0.008458,0.000000,0.013625,19.085500
442,0.443000,16.825458,0.009334,0.000000,0.014875,18.605500
443,0.444000,17.067375,0.009000,0.000000,0.014291,19.030709
444,0.445000,17.114667,0.008834,0.000000,0.014000,18.896792
445,0.446000,17.143500,0.008500,0.000000,0.013542,18.992458
446,0.447000,17.148542,0.008458,0.000000,0.013500,18.948875
447,0.448000,17.182875,0.009334,0.000000,0.014875,19.005625
448,0.449000,17.221750,0.008667,0.000000,0.013625,19.178333
449,0.450000,17.022125,0.008583,0.000000,0.013583,18.797375
450,0.451000,17.215959,0.008416,0.000000,0.013333,18.991125
451,0.452000,17.005500,0.008625,0.000000,0.013750,18.772208
452,0.453000,17.252083,0.009000,0.000000,0.014334,19.049000
453,0.454000,16.901208,0.008500,0.000000,0.013500,18.797166
454,0.455000,16.971583,0.008292,0.000000,0.013458,18.860333
455,0.456000,17.165875,0.008708,0.000000,0.013750,18.998000
456,0.457000,17.173500,0.009417,0.000000,0.015167,18.986666
457,0.458000,16.970167,0.008375,0.000000,0.013250,18.921375
458,0.459000,17.353125,0.014667,0.000000,0.020416,19.160500
459,0.460000,16.809792,0.008375,0.000000,0.013333,18.571958
460,0.461000,17.198708,0.009417,0.000000,0.014917,18.989875
461,0.462000,16.818833,0.008375,0.000000,0.013833,18.772417
462,0.463000,17.457375,0.008500,0.000000,0.013458,19.229541
463,0.464000,16.768917,0.008666,0.000000,0.013750,18.535667
464,0.465000,23.846542,0.017041,0.002666,47.747459,73.452292
465,0.466000,19.990500,0.008583,0.000000,0.014833,21.847166
466,0.467000,20.151750,0.008416,0.000000,0.013792,22.065875
467,0.468000,23.396083,0.015583,0.003542,47.599583,72.808292
468,0.469000,23.732375,0.008542,0.000000,0.015333,25.591125
469,0.470000,23.651834,0.008375,0.000000,0.013708,25.450542
470,0.471000,23.353667,0.008416,0.000000,0.013709,25.153584
471,0.472000,23.350167,0.008542,0.000000,0.013917,25.152584
472,0.473000,23.146875,0.009334,0.000000,0.014958,24.959625
473,0.474000,23.139666,0.009250,0.000000,0.015333,25.084125
474,0.475000,29.506584,0.015125,0.004083,71.194791,102.712042
475,0.476000,19.599333,0.008875,0.000000,0.015541,21.427625
476,0.477000,19.816417,0.008542,0.000000,0.020000,21.733917
477,0.478000,23.449666,0.015124,0.003251,48.022542,73.301583
478,0.479000,20.160042,0.015209,0.001332,35.795708,57.740041
479,0.480000,23.544250,0.015125,0.003375,48.084667,73.416959
480,0.481000,32.973166,0.015376,0.004834,82.915333,117.724333
481,0.482000,33.117834,0.009167,0.000000,0.016875,35.046875
482,0.483000,33.029833,0.008667,0.000000,0.014750,34.917875
483,0.484000,33.471458,0.008375,0.000000,0.014125,35.403875
484,0.485000,33.305166,0.009458,0.000000,0.016125,35.372875
485,0.486000,33.032958,0.009000,0.000000,0.015250,35.095375
486,0.487000,33.504833,0.008417,0.000000,0.014250,35.510708
487,0.488000,33.020750,0.009041,0.000000,0.015250,34.912834
488,0.489000,30.167875,0.008333,0.000000,0.013917,32.160000
489,0.490000,29.745208,0.008250,0.000000,0.013917,31.584167
490,0.491000,30.046833,0.008583,0.000000,0.014041,31.892417
491,0.492000,29.860292,0.008875,0.000000,0.015375,31.695583
492,0.493000,30.245958,0.008709,0.000000,0.014542,32.143375
493,0.494000,33.406584,0.015542,0.006752,82.341542,117.666333
494,0.495000,33.448334,0.009291,0.000000,0.017084,35.400625
495,0.496000,32.953292,0.008333,0.000000,0.014208,34.942292
496,0.497000,33.156834,0.008292,0.000000,0.014083,35.040458
497,0.498000,33.449375,0.008625,0.000000,0.014333,35.323375
498,0.499000,32.983250,0.008625,0.000000,0.014417,34.878583
499,0.500000,33.262583,0.008166,0.000000,0.013917,35.140542
500,0.501000,33.259709,0.008250,0.000000,0.014000,35.195667
501,0.502000,33.144666,0.009541,0.000000,0.015792,35.020542
502,0.503000,33.129167,0.008458,0.000000,0.015125,35.074083
503,0.504000,33.080542,0.008708,0.000000,0.014625,34.956959
504,0.505000,33.138750,0.008584,0.000000,0.014417,35.060333
505,0.506000,32.868792,0.008375,0.000000,0.014125,34.737583
506,0.507000,33.027875,0.008625,0.000000,0.014416,34.936167
507,0.508000,32.729292,0.008666,0.000000,0.014375,34.705625
508,0.509000,33.170500,0.009375,0.000000,0.015792,35.085042
509,0.510000,32.744042,0.009458,0.000000,0.015792,34.720208
510,0.511000,34.167833,0.011375,0.000000,0.032667,36.357959
511,0.512000,35.575917,0.010084,0.000000,0.026833,39.917042
512,0.513000,33.859833,0.011000,0.000000,0.030125,35.881959
513,0.514000,38.437334,0.010333,0.000000,0.027666,42.467625
514,0.515000,38.507458,0.010916,0.000000,0.027833,40.556333
515,0.516000,33.977250,0.011167,0.000000,0.030916,36.119708
516,0.517000,39.578875,0.023416,0.000000,0.042333,41.615167
517,0.518000,33.768917,0.010959,0.000000,0.029792,35.815625
518,0.519000,39.750167,0.011167,0.000000,0.028959,41.795834
519,0.520000,33.578416,0.009792,0.000000,0.025834,35.591209
520,0.521000,33.847125,0.009333,0.000000,0.017166,35.800875
521,0.522000,34.581041,0.009666,0.000000,0.016709,36.472167
522,0.523000,34.439959,0.009583,0.000000,0.016791,36.512916
523,0.524000,34.379083,0.009125,0.000000,0.016000,36.312875
524,0.525000,34.282625,0.008792,0.000000,0.014625,36.235167
525,0.526000,33.786208,0.008958,0.000000,0.015167,35.663750
526,0.527000,33.949500,0.008792,0.000000,0.014500,35.863250
527,0.528000,33.795416,0.008750,0.000000,0.014459,35.694291
528,0.529000,33.427041,0.009083,0.000000,0.019750,35.398500
529,0.530000,33.638125,0.008792,0.000000,0.014667,35.630792
530,0.531000,33.222833,0.008750,0.000000,0.014542,35.115333
531,0.532000,33.404459,0.008750,0.000000,0.014417,35.302458
532,0.533000,33.285000,0.009250,0.000000,0.015334,35.161958
533,0.534000,32.941375,0.008958,0.000000,0.014792,34.935375
534,0.535000,33.061834,0.009166,0.000000,0.014917,34.999208
535,0.536000,33.230000,0.008667,0.000000,0.014334,35.169458
536,0.537000,33.048708,0.009083,0.000000,0.014917,34.948333
537,0.538000,33.178750,0.008750,0.000000,0.014708,35.109000
538,0.539000,32.865625,0.008958,0.000000,0.014834,34.771875
539,0.540000,32.874333,0.008959,0.000000,0.014791,34.807666
540,0.541000,32.912542,0.008958,0.000000,0.014750,34.809042
541,0.542000,33.020667,0.008916,0.000000,0.014625,34.924167
542,0.543000,32.821292,0.008875,0.000000,0.014625,34.741792
543,0.544000,33.062125,0.008791,0.000000,0.014500,34.964959
544,0.545000,33.255292,0.008875,0.000000,0.015833,35.157084
545,0.546000,32.893041,0.009125,0.000000,0.014917,34.784083
546,0.547000,33.265666,0.008667,0.000000,0.014541,35.218459
547,0.548000,33.172875,0.008584,0.000000,0.014334,35.067167
548,0.549000,33.331875,0.008792,0.000000,0.014583,35.212291
549,0.550000,33.445875,0.008750,0.000000,0.014500,35.316292
550,0.551000,33.211708,0.008959,0.000000,0.014708,35.130375
551,0.552000,33.540250,0.009209,0.000000,0.015250,35.455416
552,0.553000,32.922417,0.009083,0.000000,0.015042,34.932500
553,0.554000,33.703125,0.009375,0.000000,0.015625,35.647917
554,0.555000,33.638000,0.009291,0.000000,0.015291,35.648750
555,0.556000,33.561958,0.008625,0.000000,0.014209,35.503250
556,0.557000,33.524833,0.009209,0.000000,0.015292,35.403417
557,0.558000,33.133709,0.008708,0.000000,0.014375,35.016333
558,0.559000,33.180333,0.008792,0.000000,0.014500,35.067917
559,0.560000,33.538250,0.008500,0.000000,0.014042,35.468666
560,0.561000,33.199333,0.009000,0.000000,0.015292,35.082167
561,0.562000,32.923416,0.008666,0.000000,0.014375,34.938000
562,0.563000,33.034208,0.008709,0.000000,0.014542,34.914041
563,0.564000,33.423042,0.008458,0.000000,0.014041,35.335167
564,0.565000,32.937166,0.008750,0.000000,0.014334,34.796875
565,0.566000,34.156791,0.010541,0.000000,0.027875,36.100750
566,0.567000,33.330750,0.009000,0.000000,0.017000,35.280459
567,0.568000,33.284667,0.008750,0.000000,0.015250,35.168583
568,0.569000,34.047875,0.009625,0.000000,0.016583,35.939292
569,0.570000,34.795833,0.009833,0.000000,0.016541,36.845167
570,0.571000,34.898792,0.008250,0.000000,0.014250,36.982958
571,0.572000,35.198250,0.009417,0.000000,0.016333,37.087000
572,0.573000,34.654458,0.009666,0.000000,0.020000,36.611542
573,0.574000,33.500625,0.008625,0.000000,0.015834,35.414084
574,0.575000,33.088166,0.008792,0.000000,0.014875,34.962042
575,0.576000,33.352916,0.008583,0.000000,0.014625,35.246291
576,0.577000,33.167833,0.008417,0.000000,0.014125,35.057875
577,0.578000,33.139792,0.008500,0.000000,0.014209,35.002917
578,0.579000,33.137958,0.008500,0.000000,0.014250,35.016417
579,0.580000,33.108292,0.008500,0.000000,0.014250,34.976542
580,0.581000,32.966167,0.008458,0.000000,0.014208,34.837375
581,0.582000,34.583750,0.010583,0.000000,0.025542,36.483333
582,0.583000,56.942583,0.010458,0.000000,0.025333,58.931167
583,0.584000,33.181041,0.009250,0.000000,0.019125,35.132500
584,0.585000,33.483875,0.009375,0.000000,0.019375,35.436125
585,0.586000,33.160750,0.009083,0.000000,0.016500,35.115250
586,0.587000,33.266167,0.009000,0.000000,0.015417,35.182583
587,0.588000,33.334667,0.008875,0.000000,0.015042,35.265959
588,0.589000,33.829375,0.009666,0.000000,0.016500,35.774333
589,0.590000,34.558417,0.008708,0.000000,0.014875,36.503625
590,0.591000,34.626625,0.009000,0.000000,0.015083,36.530583
591,0.592000,34.338292,0.009375,0.000000,0.015833,36.252709
592,0.593000,34.254458,0.009459,0.000000,0.016000,36.268625
593,0.594000,34.512708,0.008750,0.000000,0.014667,36.561709
594,0.595000,34.456375,0.008750,0.000000,0.014625,36.359250
595,0.596000,34.485083,0.008916,0.000000,0.014959,36.403125
596,0.597000,34.438584,0.008791,0.000000,0.014583,36.349333
597,0.598000,34.470541,0.008917,0.000000,0.014708,36.381750
598,0.599000,34.045500,0.009417,0.000000,0.015709,35.955875
599,0.600000,34.395125,0.009667,0.000000,0.015958,36.445042
600,0.601000,34.175250,0.009958,0.000000,0.017042,36.124209
601,0.602000,34.421166,0.008959,0.000000,0.014792,36.529459
602,0.603000,34.345917,0.009500,0.000000,0.016334,36.292542
603,0.604000,34.353916,0.009417,0.000000,0.015709,36.358833
604,0.605000,34.381625,0.008500,0.000000,0.014375,36.421291
605,0.606000,33.695667,0.009375,0.000000,0.016250,35.609334
606,0.607000,33.815667,0.009250,0.000000,0.015584,35.855834
607,0.608000,34.202333,0.009417,0.000000,0.015666,36.231708
608,0.609000,33.817916,0.009458,0.000000,0.015584,35.753416
609,0.610000,34.357291,0.009292,0.000000,0.015500,36.395875
610,0.611000,34.047292,0.009334,0.000000,0.015708,36.085875
611,0.612000,34.076542,0.010917,0.000000,0.018208,36.132958
612,0.613000,34.354917,0.009292,0.000000,0.015458,36.348792
613,0.614000,33.852209,0.008666,0.000000,0.014417,35.878250
614,0.615000,34.100459,0.009875,0.000000,0.016500,36.039834
615,0.616000,33.646125,0.008750,0.000000,0.014500,35.764083
616,0.617000,34.155500,0.008667,0.000000,0.014292,36.081833
617,0.618000,34.330917,0.009375,0.000000,0.015458,36.282208
618,0.619000,34.014333,0.009125,0.000000,0.015084,36.055500
619,0.620000,34.060959,0.009000,0.000000,0.014958,36.055292
620,0.621000,34.322292,0.009625,0.000000,0.016042,36.278292
621,0.622000,33.664667,0.008792,0.000000,0.014584,35.654541
622,0.623000,33.786875,0.009292,0.000000,0.015500,35.860333
623,0.624000,33.833125,0.009250,0.000000,0.015458,35.893459
624,0.625000,33.631166,0.008709,0.000000,0.014375,35.678625
625,0.626000,33.885834,0.008792,0.000000,0.014541,35.811209
626,0.627000,34.236584,0.009583,0.000000,0.015917,36.159125
627,0.628000,33.824833,0.008625,0.000000,0.014916,35.781709
628,0.629000,34.163000,0.008709,0.000000,0.014500,36.064083
629,0.630000,33.626666,0.009458,0.000000,0.015834,35.538250
630,0.631000,33.610667,0.009541,0.000000,0.015708,35.657333
631,0.632000,33.917083,0.009417,0.000000,0.016041,35.984125
632,0.633000,33.813625,0.009792,0.000000,0.016250,35.837250
633,0.634000,33.602500,0.008792,0.000000,0.014583,35.550542
634,0.635000,33.720834,0.009459,0.000000,0.015708,35.629833
635,0.636000,33.636458,0.009042,0.000000,0.015000,35.692000
636,0.637000,33.335166,0.008958,0.000000,0.014792,35.264000
637,0.638000,33.852333,0.009583,0.000000,0.016250,35.847000
638,0.639000,33.160208,0.008750,0.000000,0.014500,35.280458
639,0.640000,33.638917,0.008833,0.000000,0.014792,35.570250
640,0.641000,33.944125,0.009333,0.000000,0.015625,35.888417
641,0.642000,33.655375,0.009292,0.000000,0.015791,35.601833
642,0.643000,33.701125,0.008708,0.000000,0.014583,35.734583
643,0.644000,33.625209,0.008750,0.000000,0.014417,35.530500
644,0.645000,33.221125,0.009792,0.000000,0.016084,35.131542
645,0.646000,33.055875,0.008625,0.000000,0.014542,35.170416
646,0.647000,33.519333,0.008709,0.000000,0.014416,35.416208
647,0.648000,33.386500,0.008750,0.000000,0.014417,35.270791
648,0.649000,33.512917,0.008875,0.000000,0.014667,35.409666
649,0.650000,33.566292,0.009708,0.000000,0.016208,35.504875
650,0.651000,33.250584,0.008666,0.000000,0.014459,35.330375
651,0.652000,33.669000,0.008583,0.000000,0.014375,35.600000
652,0.653000,33.884042,0.009167,0.000000,0.016166,35.833500
653,0.654000,33.450916,0.009417,0.000000,0.015625,35.364875
654,0.655000,33.347167,0.009417,0.000000,0.015625,35.403083
655,0.656000,33.562458,0.008875,0.000000,0.016000,35.601416
656,0.657000,33.239000,0.009291,0.000000,0.015458,35.163834
657,0.658000,33.232542,0.008667,0.000000,0.014666,35.278334
658,0.659000,33.324292,0.008750,0.000000,0.014625,35.235750
659,0.660000,33.217875,0.008750,0.000000,0.014458,35.145500
660,0.661000,33.210959,0.008750,0.000000,0.014542,35.119208
661,0.662000,33.524667,0.008708,0.000000,0.014459,35.421250
662,0.663000,33.813000,0.009208,0.000000,0.015417,35.763334
663,0.664000,33.474833,0.009000,0.000000,0.014958,35.414917
664,0.665000,33.997834,0.008542,0.000000,0.014333,36.021250
665,0.666000,33.488750,0.009750,0.000000,0.016208,35.408291
666,0.667000,33.340167,0.009417,0.000000,0.015625,35.475167
667,0.668000,33.419916,0.009292,0.000000,0.015625,35.461416
668,0.669000,33.362750,0.008833,0.000000,0.014666,35.411916
669,0.670000,33.454125,0.009083,0.000000,0.015166,35.392667
670,0.671000,33.460958,0.008791,0.000000,0.014417,35.430542
671,0.672000,33.648167,0.009375,0.000000,0.015625,35.584167
672,0.673000,33.175125,0.008500,0.000000,0.014583,35.135166
673,0.674000,33.513750,0.008875,0.000000,0.014584,35.466750
674,0.675000,33.504500,0.009375,0.000000,0.015542,35.482666
675,0.676000,33.125791,0.009250,0.000000,0.015500,35.193083
676,0.677000,33.617667,0.008666,0.000000,0.014417,35.670459
677,0.678000,32.993083,0.008625,0.000000,0.014458,34.914667
678,0.679000,33.277792,0.009458,0.000000,0.015625,35.175666
679,0.680000,33.785250,0.008625,0.000000,0.014458,35.822542
680,0.681000,33.051125,0.008584,0.000000,0.014375,34.953209
681,0.682000,33.218833,0.008667,0.000000,0.014500,35.120250
682,0.683000,33.223708,0.009334,0.000000,0.015958,35.119792
683,0.684000,33.169666,0.009625,0.000000,0.016417,35.239417
684,0.685000,32.968583,0.008625,0.000000,0.014375,35.069292
685,0.686000,33.625917,0.009125,0.000000,0.015459,35.556750
686,0.687000,33.612416,0.008792,0.000000,0.014500,35.629833
687,0.688000,33.402084,0.009334,0.000000,0.015625,35.352833
688,0.689000,33.574167,0.008792,0.000000,0.014833,35.521584
689,0.690000,33.083625,0.009375,0.000000,0.015583,35.027625
690,0.691000,33.457583,0.008708,0.000000,0.014375,35.490542
691,0.692000,33.196791,0.009334,0.000000,0.015500,35.103958
692,0.693000,33.271958,0.009791,0.000000,0.016208,35.326250
693,0.694000,33.225334,0.009541,0.000000,0.015625,35.340833
694,0.695000,33.481500,0.008792,0.000000,0.014875,35.536375
695,0.696000,33.298875,0.009500,0.000000,0.015875,35.213042
696,0.697000,33.151042,0.009417,0.000000,0.015666,35.193500
697,0.698000,33.152959,0.009125,0.000000,0.015458,35.196958
698,0.699000,32.909875,0.008666,0.000000,0.014333,34.956791
699,0.700000,37.027375,0.016583,0.008753,95.417791,134.355250
700,0.701000,13.705458,0.008708,0.000000,0.015958,15.598167
701,0.702000,17.222416,0.008708,0.000000,0.013833,19.250625
702,0.703000,17.002792,0.008750,0.000000,0.013875,19.033042
703,0.704000,17.022625,0.009541,0.000000,0.015417,19.060416
704,0.705000,17.013166,0.008917,0.000000,0.014000,19.266292
705,0.706000,17.099709,0.008542,0.000000,0.013500,19.124417
706,0.707000,17.368375,0.009583,0.000000,0.015167,19.417792
707,0.708000,13.184625,0.008750,0.000000,0.013750,15.151208
708,0.709000,10.508750,0.009292,0.000000,0.014291,12.350833
709,0.710000,10.361834,0.008917,0.000000,0.013792,12.235875
710,0.711000,10.486958,0.009250,0.000000,0.014250,12.276667
711,0.712000,10.271625,0.008666,0.000000,0.013583,12.144458
712,0.713000,10.350834,0.009167,0.000000,0.014250,12.135208
713,0.714000,10.090542,0.009167,0.000000,0.014125,11.843875
714,0.715000,10.140167,0.008625,0.000000,0.013334,12.006583
715,0.716000,10.228167,0.009334,0.000000,0.014250,12.004500
716,0.717000,10.244708,0.008667,0.000000,0.013291,12.117208
717,0.718000,10.334459,0.008500,0.000000,0.013000,12.127833
718,0.719000,10.144333,0.009250,0.000000,0.014250,11.893583
719,0.720000,10.166459,0.008458,0.000000,0.013041,12.031916
720,0.721000,10.463041,0.009541,0.000000,0.014708,12.254583
721,0.722000,10.274417,0.008500,0.000000,0.013083,12.212541
722,0.723000,10.740875,0.008458,0.000000,0.013041,12.664458
723,0.724000,10.866000,0.008459,0.000000,0.013417,12.818166
724,0.725000,10.148708,0.008375,0.000000,0.013042,12.066334
725,0.726000,9.979125,0.008584,0.000000,0.013375,11.729542
726,0.727000,10.071792,0.009083,0.000000,0.014000,11.828042
727,0.728000,10.254417,0.008458,0.000000,0.013000,12.120750
728,0.729000,10.335709,0.008875,0.000000,0.013708,12.081625
729,0.730000,10.381166,0.008459,0.000000,0.013000,12.250625
730,0.731000,10.256209,0.008875,0.000000,0.013583,12.027875
731,0.732000,10.642000,0.008583,0.000000,0.013125,12.451084
732,0.733000,10.568583,0.009250,0.000000,0.014250,12.325875
733,0.734000,10.194167,0.008917,0.000000,0.013625,12.010459
734,0.735000,10.517334,0.009291,0.000000,0.014125,12.339459
735,0.736000,10.361667,0.009541,0.000000,0.014750,12.216209
736,0.737000,13.486375,0.016166,0.000000,11.889500,27.308084
737,0.738000,13.544958,0.009666,0.000000,0.015208,15.321458
738,0.739000,13.518125,0.009375,0.000000,0.014625,15.392208
739,0.740000,10.073167,0.008583,0.000000,0.013541,11.679667
740,0.741000,10.181458,0.009083,0.000000,0.014208,11.748250
741,0.742000,10.005375,0.008541,0.000000,0.013292,11.656750
742,0.743000,10.037000,0.009292,0.000000,0.015041,11.603875
743,0.744000,10.137750,0.008625,0.000000,0.013292,11.782459
744,0.745000,10.245875,0.009167,0.000000,0.014084,11.800334
745,0.746000,10.009541,0.008666,0.000000,0.013666,11.591459
746,0.747000,10.172083,0.009166,0.000000,0.014084,11.767083
747,0.748000,10.245250,0.009292,0.000000,0.014292,11.856667
748,0.749000,10.130125,0.008625,0.000000,0.013250,11.782583
749,0.750000,10.207125,0.009208,0.000000,0.014125,11.776167
750,0.751000,9.989833,0.008542,0.000000,0.013291,11.614542
751,0.752000,10.146958,0.009375,0.000000,0.014375,11.728958
752,0.753000,10.103083,0.008708,0.000000,0.020708,11.765750
753,0.754000,10.061333,0.009250,0.000000,0.014292,11.626125
754,0.755000,10.226458,0.008708,0.000000,0.013417,11.876458
755,0.756000,10.020916,0.008667,0.000000,0.013583,11.592291
756,0.757000,10.123542,0.009208,0.000000,0.014292,11.702500
757,0.758000,10.148209,0.008625,0.000000,0.013292,11.805875
758,0.759000,10.108417,0.009000,0.000000,0.014000,11.650542
759,0.760000,10.445041,0.008500,0.000000,0.013250,12.043000
760,0.761000,10.279458,0.009292,0.000000,0.014250,11.833000
761,0.762000,10.016709,0.008917,0.000000,0.013792,11.658833
762,0.763000,10.393666,0.008541,0.000000,0.013333,12.009958
763,0.764000,10.215625,0.009084,0.000000,0.014083,11.778583
764,0.765000,9.927125,0.008792,0.000000,0.013666,11.534833
765,0.766000,10.180209,0.009375,0.000000,0.014584,11.782000
766,0.767000,10.030959,0.008583,0.000000,0.013500,11.684834
767,0.768000,10.119417,0.009125,0.000000,0.014208,11.680958
768,0.769000,10.057417,0.008666,0.000000,0.013291,11.710958
769,0.770000,10.286500,0.009291,0.000000,0.014334,11.853875
770,0.771000,10.002708,0.008792,0.000000,0.013625,11.553583
771,0.772000,10.295333,0.009208,0.000000,0.014250,11.867792
772,0.773000,9.833959,0.008959,0.000000,0.014125,11.495375
773,0.774000,10.086875,0.008792,0.000000,0.013542,11.737375
774,0.775000,10.050209,0.008916,0.000000,0.013834,11.628375
775,0.776000,10.183083,0.008709,0.000000,0.013541,11.783583
776,0.777000,10.207209,0.009375,0.000000,0.014459,11.786958
777,0.778000,10.001916,0.008625,0.000000,0.013417,11.646542
778,0.779000,10.199542,0.008542,0.000000,0.013333,11.755834
779,0.780000,9.901667,0.008833,0.000000,0.013709,11.441334
780,0.781000,10.142375,0.009208,0.000000,0.014292,11.732792
781,0.782000,9.944000,0.009209,0.000000,0.014250,11.557209
782,0.783000,13.165666,0.015458,0.001501,23.709542,38.514584
783,0.784000,9.867958,0.009208,0.000000,0.014959,11.423250
784,0.785000,9.946458,0.008500,0.000000,0.013333,11.590417
785,0.786000,9.995792,0.009000,0.000000,0.014083,11.543208
786,0.787000,10.368834,0.008584,0.000000,0.013291,11.970750
787,0.788000,10.023250,0.009208,0.000000,0.014167,11.576667
788,0.789000,6.780625,0.008875,0.000000,0.013458,8.430333
789,0.790000,6.957958,0.008875,0.000000,0.013500,8.549042
790,0.791000,6.937250,0.008417,0.000000,0.012833,8.573167
791,0.792000,6.928333,0.009041,0.000000,0.013709,8.456500
792,0.793000,6.812208,0.008625,0.000000,0.013042,8.444125
793,0.794000,6.805166,0.008750,0.000000,0.013375,8.334708
794,0.795000,6.933458,0.008959,0.000000,0.013417,8.511667
795,0.796000,7.108625,0.008541,0.000000,0.013167,8.720625
796,0.797000,6.820833,0.008709,0.000000,0.013209,8.358917
797,0.798000,7.003333,0.009250,0.000000,0.013958,8.563041
798,0.799000,6.717833,0.008667,0.000000,0.013209,8.353459
799,0.800000,6.743250,0.009125,0.000000,0.014042,8.295708
800,0.801000,6.941708,0.008459,0.000000,0.012958,8.586917
801,0.802000,6.866875,0.009083,0.000000,0.013833,8.407625
802,0.803000,6.764542,0.008542,0.000000,0.013000,8.393625
803,0.804000,6.831583,0.008709,0.000000,0.013209,8.361417
804,0.805000,6.924625,0.008917,0.000000,0.013542,8.474167
805,0.806000,7.169541,0.008625,0.000000,0.013000,8.749541
806,0.807000,6.797583,0.008416,0.000000,0.012791,8.327209
807,0.808000,6.979042,0.009000,0.000000,0.015083,8.575709
808,0.809000,7.256166,0.009583,0.000000,0.014500,8.858583
809,0.810000,6.916917,0.008500,0.000000,0.013000,8.610833
810,0.811000,6.853166,0.008541,0.000000,0.012875,8.384875
811,0.812000,6.996416,0.008625,0.000000,0.013125,8.542459
812,0.813000,6.923458,0.008958,0.000000,0.013666,8.496334
813,0.814000,6.890333,0.008625,0.000000,0.013125,8.519208
814,0.815000,6.923917,0.008583,0.000000,0.013542,8.481584
815,0.816000,6.964916,0.008708,0.000000,0.013292,8.511834
816,0.817000,6.957167,0.009292,0.000000,0.014167,8.539000
817,0.818000,7.031750,0.008542,0.000000,0.013041,8.674167
818,0.819000,6.914833,0.008667,0.000000,0.013167,8.459917
819,0.820000,6.930291,0.009250,0.000000,0.014125,8.480625
820,0.821000,6.921625,0.008667,0.000000,0.013167,8.549584
821,0.822000,6.810791,0.008541,0.000000,0.012917,8.352334
822,0.823000,6.962584,0.008959,0.000000,0.013584,8.513083
823,0.824000,7.115834,0.009542,0.000000,0.014541,8.725875
824,0.825000,7.064917,0.008416,0.000000,0.012916,8.764583
825,0.826000,6.812000,0.008667,0.000000,0.013250,8.329791
826,0.827000,6.811042,0.008625,0.000000,0.013208,8.352500
827,0.828000,7.037625,0.009292,0.000000,0.013959,8.630750
828,0.829000,6.958042,0.008458,0.000000,0.012959,8.582875
829,0.830000,6.955583,0.008791,0.000000,0.013417,8.499833
830,0.831000,6.999042,0.009083,0.000000,0.013750,8.595958
831,0.832000,6.890500,0.008375,0.000000,0.012833,8.514709
832,0.833000,6.869833,0.008666,0.000000,0.013250,8.409584
833,0.834000,8.571500,0.015958,0.000000,5.993750,16.101500
834,0.835000,8.324500,0.008833,0.000000,0.013708,9.862708
835,0.836000,10.235292,0.015625,0.001083,12.131708,23.959750
836,0.837000,9.854291,0.008625,0.000000,0.013834,11.410958
837,0.838000,7.967333,0.009208,0.000000,0.014167,9.564625
838,0.839000,6.700625,0.008500,0.000000,0.012875,8.246500
839,0.840000,6.827708,0.009166,0.000000,0.014083,8.362417
840,0.841000,6.847208,0.008542,0.000000,0.012958,8.486666
841,0.842000,6.770416,0.008667,0.000000,0.013208,8.296500
842,0.843000,6.866708,0.009250,0.000000,0.014083,8.425208
843,0.844000,6.846833,0.008625,0.000000,0.013125,8.489000
844,0.845000,13.354500,0.015626,0.000000,23.505333,38.413291
845,0.846000,13.542000,0.009750,0.000000,0.015416,15.121250
846,0.847000,13.113625,0.008625,0.000000,0.013625,14.781916
847,0.848000,13.500167,0.008875,0.000000,0.014167,15.081709
848,0.849000,13.373500,0.009125,0.000000,0.014625,14.945875
849,0.850000,13.242208,0.009208,0.000000,0.014375,14.889791
850,0.851000,13.311584,0.009333,0.000000,0.014416,14.964583
851,0.852000,13.258584,0.009334,0.000000,0.014625,14.902791
852,0.853000,10.632875,0.008917,0.000000,0.013917,12.271917
853,0.854000,10.189542,0.009250,0.000000,0.014334,11.805167
854,0.855000,10.033042,0.008792,0.000000,0.013584,11.686459
855,0.856000,10.384625,0.008667,0.000000,0.013375,12.003041
856,0.857000,10.321000,0.009167,0.000000,0.014250,11.870583
857,0.858000,10.679375,0.016333,0.001542,14.923250,27.235250
858,0.859000,11.577208,0.015542,0.001792,17.614416,30.757125
859,0.860000,13.103083,0.015459,0.002041,23.754042,38.406875
860,0.861000,13.246417,0.008875,0.000000,0.014708,14.803125
861,0.862000,13.310583,0.008458,0.000000,0.013542,14.883959
862,0.863000,13.354333,0.008500,0.000000,0.013459,14.913709
863,0.864000,13.272416,0.009208,0.000000,0.014458,14.849958
864,0.865000,13.158500,0.009083,0.000000,0.014167,14.720375
865,0.866000,13.345916,0.008542,0.000000,0.013500,15.023958
866,0.867000,13.229417,0.008625,0.000000,0.013625,14.909042
867,0.868000,13.639167,0.008625,0.000000,0.013417,15.216125
868,0.869000,12.921708,0.008667,0.000000,0.013542,14.489625
869,0.870000,13.193833,0.009083,0.000000,0.014209,14.781750
870,0.871000,13.192541,0.008666,0.000000,0.013750,14.861875
871,0.872000,13.266959,0.009167,0.000000,0.014542,14.847250
872,0.873000,13.267708,0.009250,0.000000,0.014542,14.884000
873,0.874000,13.093250,0.009166,0.000000,0.014542,14.723083
874,0.875000,13.168667,0.008958,0.000000,0.014125,14.812875
875,0.876000,13.164208,0.009167,0.000000,0.014458,14.774125
876,0.877000,13.245125,0.009042,0.000000,0.014292,14.907000
877,0.878000,12.936083,0.008750,0.000000,0.013792,14.590666
878,0.879000,13.283791,0.008583,0.000000,0.013500,14.886250
879,0.880000,13.449750,0.009541,0.000000,0.014917,15.020750
880,0.881000,12.831792,0.008667,0.000000,0.013750,14.545208
881,0.882000,13.198833,0.022375,0.000000,0.027292,14.809375
882,0.883000,13.126708,0.008417,0.000000,0.013333,14.684625
883,0.884000,13.280292,0.009667,0.000000,0.015000,14.850333
884,0.885000,12.921750,0.008458,0.000000,0.013292,14.645625
885,0.886000,13.237208,0.009208,0.000000,0.015500,14.802125
886,0.887000,13.146875,0.008917,0.000000,0.014000,14.817583
887,0.888000,13.690458,0.008541,0.000000,0.013458,15.316959
888,0.889000,13.144708,0.008833,0.000000,0.022708,14.722375
889,0.890000,13.320792,0.008667,0.000000,0.013417,14.907542
890,0.891000,13.405125,0.009583,0.000000,0.014959,14.991708
891,0.892000,13.058416,0.008667,0.000000,0.013542,14.780959
892,0.893000,13.281417,0.008541,0.000000,0.013375,14.854958
893,0.894000,13.218166,0.008583,0.000000,0.013333,14.779959
894,0.895000,13.372875,0.008416,0.000000,0.013167,14.931500
895,0.896000,13.165833,0.009083,0.000000,0.014250,14.737916
896,0.897000,13.146667,0.008750,0.000000,0.013666,14.820083
897,0.898000,13.337375,0.008625,0.000000,0.013500,14.940833
898,0.899000,13.309542,0.009167,0.000000,0.014458,14.881958
899,0.900000,13.239709,0.009125,0.000000,0.014208,14.918667
900,0.901000,13.451583,0.008791,0.000000,0.013625,15.075291
901,0.902000,13.354000,0.009208,0.000000,0.014375,14.969042
902,0.903000,13.413709,0.009667,0.000000,0.015083,15.099667
903,0.904000,13.193666,0.008584,0.000000,0.013500,14.923125
904,0.905000,13.043667,0.008750,0.000000,0.013708,14.598042
905,0.906000,13.318000,0.008459,0.000000,0.013375,14.931875
906,0.907000,13.304792,0.008583,0.000000,0.013417,14.864459
907,0.908000,13.399459,0.009667,0.000000,0.015083,14.980875
908,0.909000,13.171542,0.008541,0.000000,0.013334,14.893667
909,0.910000,13.200166,0.009500,0.000000,0.015166,14.781583
910,0.911000,13.194375,0.008500,0.000000,0.013500,14.936541
911,0.912000,13.097959,0.008750,0.000000,0.013666,14.670125
912,0.913000,13.400125,0.008667,0.000000,0.014416,15.023167
913,0.914000,13.221292,0.009166,0.000000,0.014375,14.810084
914,0.915000,13.156000,0.008875,0.000000,0.013833,14.830708
915,0.916000,13.304334,0.008417,0.000000,0.013416,14.897583
916,0.917000,13.205708,0.009666,0.000000,0.015250,14.795958
917,0.918000,13.201292,0.008625,0.000000,0.013750,14.943000
918,0.919000,13.158125,0.008792,0.000000,0.013875,14.770958
919,0.920000,13.341834,0.008417,0.000000,0.013209,14.958125
920,0.921000,13.164250,0.008958,0.000000,0.014042,14.751000
921,0.922000,13.345375,0.009375,0.000000,0.014584,15.036666
922,0.923000,13.161250,0.015541,0.000000,0.020500,14.849209
923,0.924000,13.188416,0.008750,0.000000,0.013833,14.865125
924,0.925000,13.426458,0.008625,0.000000,0.013458,15.057584
925,0.926000,13.036083,0.008958,0.000000,0.013916,14.598709
926,0.927000,13.466666,0.009292,0.000000,0.014708,15.060875
927,0.928000,13.411250,0.009083,0.000000,0.014333,14.992250
928,0.929000,13.091542,0.008709,0.000000,0.013750,14.652583
929,0.930000,13.146250,0.008667,0.000000,0.013667,14.813666
930,0.931000,13.484458,0.009667,0.000000,0.015084,15.069250
931,0.932000,12.813666,0.008500,0.000000,0.013250,14.410875
932,0.933000,13.304125,0.009000,0.000000,0.014334,14.884500
933,0.934000,13.155500,0.008750,0.000000,0.013875,14.808500
934,0.935000,13.271083,0.008667,0.000000,0.013584,14.913875
935,0.936000,13.678042,0.011083,0.000000,0.020917,15.299625
936,0.937000,17.366042,0.010542,0.000000,0.027000,19.097000
937,0.938000,14.473250,0.010625,0.000000,0.026708,16.582958
938,0.939000,13.714459,0.009375,0.000000,0.021916,15.418333
939,0.940000,13.759709,0.009875,0.000000,0.023000,15.507458
940,0.941000,13.981042,0.010875,0.000000,0.026000,15.670292
941,0.942000,18.651209,0.010334,0.000000,0.026875,20.376500
942,0.943000,13.947083,0.010250,0.000000,0.024459,16.188083
943,0.944000,13.772542,0.009833,0.000000,0.025084,15.443833
944,0.945000,13.793583,0.010708,0.000000,0.025958,15.486250
945,0.946000,17.192833,0.010584,0.000000,0.026958,18.940416
946,0.947000,14.210292,0.010083,0.000000,0.024167,16.212667
947,0.948000,13.796209,0.009625,0.000000,0.021250,15.442584
948,0.949000,13.919291,0.009792,0.000000,0.023125,15.558750
949,0.950000,17.178042,0.027750,0.000000,0.062709,19.019959
950,0.951000,14.491167,0.010250,0.000000,0.024500,17.392334
951,0.952000,13.925750,0.010583,0.000000,0.026333,15.599041
952,0.953000,13.928875,0.010125,0.000000,0.024250,15.605250
953,0.954000,14.361959,0.010834,0.000000,0.027833,16.047875
954,0.955000,16.714959,0.010625,0.000000,0.026458,18.508250
955,0.956000,13.963500,0.010500,0.000000,0.025625,15.626958
956,0.957000,14.030958,0.009834,0.000000,0.023208,15.748250
957,0.958000,13.532458,0.008958,0.000000,0.016333,15.148792
958,0.959000,13.485209,0.008541,0.000000,0.014125,15.063416
959,0.960000,13.439625,0.009375,0.000000,0.014959,15.007000
960,0.961000,14.099375,0.008542,0.000000,0.013584,15.760667
961,0.962000,14.025875,0.009542,0.000000,0.015250,15.596625
962,0.963000,14.014167,0.008500,0.000000,0.013541,15.737041
963,0.964000,14.024792,0.009667,0.000000,0.015167,15.593084
964,0.965000,13.643583,0.008500,0.000000,0.013333,15.348708
965,0.966000,13.876000,0.009125,0.000000,0.014625,15.484667
966,0.967000,13.571791,0.008500,0.000000,0.013625,15.156125
967,0.968000,13.614584,0.009166,0.000000,0.014625,15.286417
968,0.969000,13.800583,0.008584,0.000000,0.013542,15.463666
969,0.970000,13.745541,0.008584,0.000000,0.013458,15.300000
970,0.971000,13.627959,0.008458,0.000000,0.013250,15.182542
971,0.972000,13.604417,0.008458,0.000000,0.013500,15.157000
972,0.973000,13.651000,0.008500,0.000000,0.013541,15.214000
973,0.974000,13.879584,0.008791,0.000000,0.013791,15.435375
974,0.975000,13.694958,0.008459,0.000000,0.013375,15.253459
975,0.976000,13.761917,0.009459,0.000000,0.014750,15.334208
976,0.977000,13.344458,0.008458,0.000000,0.013334,15.063459
977,0.978000,13.455791,0.008625,0.000000,0.013875,15.032291
978,0.979000,13.465375,0.008458,0.000000,0.013166,15.014000
979,0.980000,13.483750,0.009208,0.000000,0.014250,15.044042
980,0.981000,13.346125,0.009042,0.000000,0.014208,15.012959
981,0.982000,13.307084,0.009083,0.000000,0.014250,14.976500
982,0.983000,13.313083,0.009250,0.000000,0.014625,14.977458
983,0.984000,14.628583,0.012000,0.000000,0.033250,16.362166
984,0.985000,13.906208,0.009792,0.000000,0.024375,15.575250
985,0.986000,13.641250,0.009291,0.000000,0.019500,15.220250
986,0.987000,13.186000,0.009708,0.000000,0.022917,14.787250
987,0.988000,13.434041,0.009083,0.000000,0.018541,15.044750
988,0.989000,13.407375,0.009333,0.000000,0.019541,14.996209
989,0.990000,13.312084,0.008708,0.000000,0.015333,14.896541
990,0.991000,13.182917,0.008375,0.000000,0.014125,14.750709
991,0.992000,13.186625,0.008625,0.000000,0.013833,14.747792
992,0.993000,13.196083,0.008583,0.000000,0.013541,14.747792
993,0.994000,13.123791,0.008542,0.000000,0.013584,14.673625
994,0.995000,13.188708,0.008458,0.000000,0.013334,14.738208
995,0.996000,13.158250,0.008416,0.000000,0.013208,14.712584
996,0.997000,13.129209,0.008500,0.000000,0.013292,14.673959
997,0.998000,13.151958,0.008542,0.000000,0.013500,14.699292
998,0.999000,13.119625,0.008375,0.000000,0.013208,14.662125
999,1.000000,13.226667,0.008667,0.000000,0.013542,14.767417
1000,1.001000,17.239583,0.008541,0.000000,0.013625,19.062459
1001,1.002000,17.316125,0.009458,0.000000,0.014708,19.148375
1002,1.003000,17.142291,0.009000,0.000000,0.014334,19.056166
1003,1.004000,17.034125,0.008500,0.000000,0.013500,18.933083
1004,1.005000,17.220333,0.008375,0.000000,0.013167,19.036709
1005,1.006000,17.085875,0.008333,0.000000,0.013291,18.863041
1006,1.007000,17.165625,0.008417,0.000000,0.013125,18.950167
1007,1.008000,16.831833,0.008459,0.000000,0.013209,18.614916
1008,1.009000,17.095583,0.008625,0.000000,0.013625,18.871250
1009,1.010000,17.473375,0.009209,0.000000,0.015042,19.334000
1010,1.011000,16.733708,0.008458,0.000000,0.013417,18.625708
1011,1.012000,17.058500,0.008542,0.000000,0.013625,18.835125
1012,1.013000,16.891792,0.008625,0.000000,0.014750,18.674792
1013,1.014000,17.317792,0.009084,0.000000,0.015417,19.165167
1014,1.015000,16.728666,0.008667,0.000000,0.014000,18.552292
1015,1.016000,17.018750,0.008708,0.000000,0.013792,18.847459
1016,1.017000,17.202084,0.009042,0.000000,0.014458,19.040625
1017,1.018000,20.206708,0.016250,0.003290,35.284584,57.397583
1018,1.019000,13.713000,0.009167,0.000000,0.015791,15.553875
1019,1.020000,13.605667,0.008833,0.000000,0.014166,15.450083
1020,1.021000,13.842042,0.008500,0.000000,0.013416,15.686083
1021,1.022000,13.494166,0.009125,0.000000,0.014541,15.259792
1022,1.023000,13.562542,0.008208,0.000000,0.013500,15.463667
1023,1.024000,13.715416,0.008458,0.000000,0.013167,15.470375
1024,1.025000,13.447209,0.008583,0.000000,0.013542,15.217084
1025,1.026000,14.096042,0.008417,0.000000,0.013125,15.921875
1026,1.027000,10.314625,0.008375,0.000000,0.012917,12.052583
1027,1.028000,10.525791,0.008625,0.000000,0.013167,12.335375
1028,1.029000,6.938333,0.008667,0.000000,0.013166,8.489458
1029,1.030000,7.243875,0.009000,0.000000,0.013708,8.821125
1030,1.031000,6.800000,0.008208,0.000000,0.012500,8.310875
1031,1.032000,6.814542,0.008333,0.000000,0.012667,8.317875
1032,1.033000,6.800042,0.008167,0.000000,0.012666,8.325875
1033,1.034000,7.021708,0.008041,0.000000,0.012375,8.634667
1034,1.035000,6.784459,0.008167,0.000000,0.012500,8.297833
1035,1.036000,6.825583,0.008917,0.000000,0.013584,8.326875
1036,1.037000,6.977459,0.008208,0.000000,0.012500,8.574625
1037,1.038000,6.829334,0.008500,0.000000,0.012958,8.336667
1038,1.039000,6.814667,0.008542,0.000000,0.013250,8.336750
1039,1.040000,7.050666,0.008542,0.000000,0.013125,8.624000
1040,1.041000,6.934084,0.008667,0.000000,0.013083,8.470625
1041,1.042000,6.826792,0.008916,0.000000,0.013667,8.376541
1042,1.043000,6.812250,0.008292,0.000000,0.012792,8.439209
1043,1.044000,6.808375,0.008583,0.000000,0.013792,8.310291
1044,1.045000,6.849625,0.008625,0.000000,0.013375,8.384917
1045,1.046000,6.983667,0.008458,0.000000,0.013083,8.554292
1046,1.047000,7.034584,0.008459,0.000000,0.013042,8.587583
1047,1.048000,7.093375,0.008209,0.000000,0.012584,8.680125
1048,1.049000,9.968208,0.016292,0.000000,11.868083,23.337666
1049,1.050000,10.096625,0.009083,0.000000,0.014333,11.684167
1050,1.051000,10.081375,0.008333,0.000000,0.012833,11.698333
1051,1.052000,10.315958,0.008583,0.000000,0.013416,11.865541
1052,1.053000,10.201917,0.008458,0.000000,0.013042,11.757166
1053,1.054000,10.036292,0.008625,0.000000,0.013333,11.583625
1054,1.055000,10.395708,0.008208,0.000000,0.012708,11.972583
1055,1.056000,9.923916,0.008292,0.000000,0.012792,11.436417
1056,1.057000,10.007584,0.008458,0.000000,0.013125,11.530709
1057,1.058000,10.046167,0.008375,0.000000,0.013167,11.590166
1058,1.059000,10.406000,0.009042,0.000000,0.014000,11.985250
1059,1.060000,9.998958,0.008416,0.000000,0.013417,11.602875
1060,1.061000,10.305500,0.008250,0.000000,0.012750,11.871375
1061,1.062000,9.956459,0.008375,0.000000,0.013000,11.463250
1062,1.063000,10.054750,0.008791,0.000000,0.013625,11.616541
1063,1.064000,10.123541,0.008333,0.000000,0.012834,11.738792
1064,1.065000,10.102083,0.008334,0.000000,0.012917,11.630417
1065,1.066000,9.992500,0.008542,0.000000,0.013333,11.540625
1066,1.067000,10.457583,0.008917,0.000000,0.013792,12.048667
1067,1.068000,10.018208,0.008417,0.000000,0.013083,11.656167
1068,1.069000,10.027125,0.008583,0.000000,0.013416,11.568750
1069,1.070000,10.165583,0.008917,0.000000,0.013750,11.732666
1070,1.071000,9.893750,0.008333,0.000000,0.012875,11.517708
1071,1.072000,9.999291,0.008500,0.000000,0.013125,11.523792
1072,1.073000,10.065375,0.008667,0.000000,0.013333,11.605333
1073,1.074000,9.983625,0.008291,0.000000,0.013042,11.533875
1074,1.075000,10.235625,0.008917,0.000000,0.013791,11.779250
1075,1.076000,10.106541,0.008250,0.000000,0.013000,11.730125
1076,1.077000,9.951875,0.008291,0.000000,0.012750,11.469958
1077,1.078000,9.966042,0.009042,0.000000,0.014000,11.515292
1078,1.079000,9.919041,0.008208,0.000000,0.012666,11.529542
1079,1.080000,13.295167,0.015000,0.001709,23.392292,38.186666
1080,1.081000,9.858625,0.008750,0.000000,0.014250,11.381291
1081,1.082000,10.091417,0.008416,0.000000,0.013167,11.678542
1082,1.083000,13.191500,0.015250,0.001499,23.677500,38.409541
1083,1.084000,13.029042,0.008666,0.000000,0.014375,14.556417
1084,1.085000,13.443042,0.008292,0.000000,0.013000,15.025250
1085,1.086000,11.468875,0.008917,0.000000,0.014000,13.012584
1086,1.087000,10.056958,0.008375,0.000000,0.013000,11.678917
1087,1.088000,9.889291,0.008541,0.000000,0.013375,11.406792
1088,1.089000,11.642708,0.014874,0.001500,17.661709,30.817875
1089,1.090000,13.211542,0.015001,0.001833,23.135500,37.858208
1090,1.091000,13.035208,0.008375,0.000000,0.013958,14.565333
1091,1.092000,13.476209,0.009125,0.000000,0.014375,15.047208
1092,1.093000,13.113417,0.008333,0.000000,0.013208,14.746042
1093,1.094000,13.201750,0.008500,0.000000,0.013292,14.746875
1094,1.095000,13.133875,0.008292,0.000000,0.013208,14.687666
1095,1.096000,13.262709,0.009125,0.000000,0.014292,14.818084
1096,1.097000,13.187542,0.008541,0.000000,0.013583,14.834958
1097,1.098000,13.170833,0.008875,0.000000,0.013833,14.751250
1098,1.099000,13.389459,0.008875,0.000000,0.014042,14.989792
1099,1.100000,13.197875,0.008417,0.000000,0.013208,14.831042
1100,1.101000,13.097459,0.008834,0.000000,0.013791,14.669333
1101,1.102000,13.479000,0.008334,0.000000,0.013041,15.077500
1102,1.103000,13.054750,0.008167,0.000000,0.012833,14.580375
1103,1.104000,13.041416,0.008333,0.000000,0.013125,14.576042
1104,1.105000,13.116333,0.008500,0.000000,0.013375,14.660041
1105,1.106000,13.334917,0.009042,0.000000,0.014042,14.921958
1106,1.107000,13.026542,0.008250,0.000000,0.012917,14.564292
1107,1.108000,13.042583,0.008417,0.000000,0.013250,14.587917
1108,1.109000,13.347458,0.008875,0.000000,0.014084,14.902292
1109,1.110000,13.155417,0.008791,0.000000,0.013750,14.765500
1110,1.111000,13.198833,0.008458,0.000000,0.013292,14.756958
1111,1.112000,13.206500,0.008375,0.000000,0.013167,14.749917
1112,1.113000,13.244000,0.008417,0.000000,0.013291,14.811666
1113,1.114000,13.290666,0.008416,0.000000,0.013250,14.860792
1114,1.115000,13.347125,0.008333,0.000000,0.013209,14.929333
1115,1.116000,13.160208,0.009167,0.000000,0.014291,14.694834
1116,1.117000,12.971500,0.008292,0.000000,0.013000,14.617667
1117,1.118000,13.130958,0.008500,0.000000,0.013291,14.682041
1118,1.119000,12.986667,0.008292,0.000000,0.013083,14.556875
1119,1.120000,13.108167,0.008542,0.000000,0.013541,14.684834
1120,1.121000,13.461333,0.008166,0.000000,0.012959,15.043167
1121,1.122000,12.912667,0.008625,0.000000,0.013500,14.459834
1122,1.123000,13.098333,0.008250,0.000000,0.013125,14.701125
1123,1.124000,13.090834,0.008458,0.000000,0.013208,14.650250
1124,1.125000,16.839625,0.009000,0.000000,0.014375,18.635584
1125,1.126000,16.341833,0.008209,0.000000,0.013208,18.152000
1126,1.127000,16.352125,0.008583,0.000000,0.013625,18.137042
1127,1.128000,16.977791,0.008583,0.000000,0.013708,18.834500
1128,1.129000,16.737750,0.008458,0.000000,0.013166,18.622250
1129,1.130000,16.683000,0.008333,0.000000,0.013334,18.467417
1130,1.131000,16.347875,0.008500,0.000000,0.013458,18.113458
1131,1.132000,16.682584,0.008292,0.000000,0.013292,18.505625
1132,1.133000,16.691625,0.008209,0.000000,0.013167,18.514417
1133,1.134000,16.592583,0.008917,0.000000,0.014042,18.389625
1134,1.135000,16.662708,0.008250,0.000000,0.013209,18.566916
1135,1.136000,16.621625,0.008459,0.000000,0.013209,18.390458
1136,1.137000,16.833833,0.008375,0.000000,0.013167,18.625042
1137,1.138000,16.512958,0.008583,0.000000,0.013583,18.278250
1138,1.139000,16.611083,0.008500,0.000000,0.013375,18.394584
1139,1.140000,16.564041,0.008333,0.000000,0.013208,18.357125
1140,1.141000,16.758917,0.008916,0.000000,0.014208,18.563500
1141,1.142000,16.812375,0.008666,0.000000,0.013708,18.712875
1142,1.143000,17.128292,0.008958,0.000000,0.019125,18.984542
1143,1.144000,16.687167,0.008667,0.000000,0.013834,18.586250
1144,1.145000,16.721833,0.008375,0.000000,0.013292,18.559250
1145,1.146000,16.776000,0.009000,0.000000,0.014375,18.555250
1146,1.147000,16.444834,0.008708,0.000000,0.014250,18.288500
1147,1.148000,16.927459,0.008375,0.000000,0.013209,18.761917
1148,1.149000,16.484209,0.008416,0.000000,0.013208,18.242583
1149,1.150000,16.783792,0.008875,0.000000,0.014125,18.577959
1150,1.151000,16.543375,0.008875,0.000000,0.014084,18.429458
1151,1.152000,16.522000,0.008167,0.000000,0.013084,18.395917
1152,1.153000,16.774625,0.008500,0.000000,0.013417,18.595583
1153,1.154000,16.714583,0.008416,0.000000,0.013375,18.485208
1154,1.155000,16.712750,0.008292,0.000000,0.013292,18.511875
1155,1.156000,16.882209,0.008459,0.000000,0.013542,18.679625
1156,1.157000,16.648333,0.008333,0.000000,0.013334,18.437500
1157,1.158000,16.723750,0.008625,0.000000,0.013541,18.503167
1158,1.159000,16.626583,0.008458,0.000000,0.013500,18.449375
1159,1.160000,16.666667,0.008417,0.000000,0.013375,18.544042
1160,1.161000,16.669500,0.008375,0.000000,0.013208,18.431500
1161,1.162000,16.467000,0.008584,0.000000,0.013375,18.233083
1162,1.163000,16.684459,0.008292,0.000000,0.013167,18.466708
1163,1.164000,16.450167,0.008334,0.000000,0.013250,18.199958
1164,1.165000,16.549500,0.008625,0.000000,0.013584,18.299750
1165,1.166000,16.732125,0.008333,0.000000,0.013125,18.533500
1166,1.167000,16.689750,0.008750,0.000000,0.013791,18.476958
1167,1.168000,16.546042,0.008625,0.000000,0.013708,18.349459
1168,1.169000,16.943750,0.008958,0.000000,0.014292,18.762292
1169,1.170000,16.295333,0.008417,0.000000,0.013250,18.088042
1170,1.171000,16.553375,0.008542,0.000000,0.013583,18.340000
1171,1.172000,16.768833,0.008625,0.000000,0.013625,18.576500
1172,1.173000,16.861500,0.008792,0.000000,0.014166,18.730375
1173,1.174000,16.487792,0.008666,0.000000,0.013833,18.359833
1174,1.175000,16.851458,0.009042,0.000000,0.014209,18.679667
1175,1.176000,16.812209,0.008625,0.000000,0.013584,18.702375
1176,1.177000,16.534500,0.008958,0.000000,0.014166,18.309208
1177,1.178000,16.511458,0.008791,0.000000,0.013708,18.387500
1178,1.179000,16.885625,0.008125,0.000000,0.012917,18.703000
1179,1.180000,16.416375,0.008625,0.000000,0.013625,18.174541
1180,1.181000,16.623875,0.008542,0.000000,0.013375,18.425375
1181,1.182000,16.328500,0.008625,0.000000,0.013459,18.086041
1182,1.183000,16.694167,0.008292,0.000000,0.013166,18.447667
1183,1.184000,16.448542,0.008416,0.000000,0.013333,18.211625
1184,1.185000,16.691625,0.008250,0.000000,0.013084,18.448667
1185,1.186000,16.633375,0.009084,0.000000,0.014292,18.393958
1186,1.187000,16.367083,0.008334,0.000000,0.013250,18.220625
1187,1.188000,16.494417,0.008541,0.000000,0.013417,18.269250
1188,1.189000,16.514750,0.008667,0.000000,0.013500,18.293333
1189,1.190000,16.795875,0.008542,0.000000,0.013458,18.661666
1190,1.191000,16.806250,0.008417,0.000000,0.013375,18.607750
1191,1.192000,16.582042,0.008458,0.000000,0.013417,18.340959
1192,1.193000,16.582625,0.008625,0.000000,0.013750,18.373041
1193,1.194000,16.840458,0.008542,0.000000,0.013500,18.660459
1194,1.195000,17.140584,0.008459,0.000000,0.013375,18.936208
1195,1.196000,16.479125,0.008500,0.000000,0.013292,18.231292
1196,1.197000,16.937625,0.009000,0.000000,0.014167,18.709000
1197,1.198000,16.652333,0.008291,0.000000,0.013125,18.525375
1198,1.199000,16.668041,0.008500,0.000000,0.013458,18.420666
1199,1.200000,16.779292,0.008833,0.000000,0.013792,18.562625
1200,1.201000,16.873667,0.008500,0.000000,0.013875,18.710709
1201,1.202000,16.643833,0.008541,0.000000,0.013375,18.394375
1202,1.203000,16.756125,0.008958,0.000000,0.014417,18.562542
1203,1.204000,16.493417,0.008584,0.000000,0.013625,18.319291
1204,1.205000,16.656167,0.009083,0.000000,0.014375,18.456625
1205,1.206000,17.160625,0.009125,0.000000,0.014583,18.990417
1206,1.207000,16.496084,0.008208,0.000000,0.013083,18.243209
1207,1.208000,16.655209,0.008917,0.000000,0.014041,18.423875
1208,1.209000,16.563167,0.008333,0.000000,0.013209,18.432042
1209,1.210000,17.000084,0.010250,0.000000,0.022208,18.774959
1210,1.211000,17.019917,0.009250,0.000000,0.018667,18.820250
1211,1.212000,16.812417,0.009042,0.000000,0.016833,18.640750
1212,1.213000,16.735500,0.008792,0.000000,0.014792,18.529667
1213,1.214000,16.999708,0.008875,0.000000,0.014458,18.783958
1214,1.215000,16.844958,0.008625,0.000000,0.013792,18.624708
1215,1.216000,16.916625,0.008584,0.000000,0.013917,18.690250
1216,1.217000,16.955250,0.008500,0.000000,0.013542,18.735584
1217,1.218000,16.924042,0.008667,0.000000,0.013708,18.711958
1218,1.219000,16.924875,0.008791,0.000000,0.013917,18.727250
1219,1.220000,16.964084,0.008625,0.000000,0.013584,18.746792
1220,1.221000,16.941000,0.008625,0.000000,0.013542,18.717583
1221,1.222000,16.850208,0.008542,0.000000,0.013458,18.635459
1222,1.223000,16.837292,0.008542,0.000000,0.013375,18.616708
1223,1.224000,16.959167,0.008750,0.000000,0.013708,18.772959
1224,1.225000,16.943708,0.008583,0.000000,0.013542,18.729417
1225,1.226000,16.941167,0.008542,0.000000,0.013417,18.712625
1226,1.227000,16.879917,0.008416,0.000000,0.013333,18.676667
1227,1.228000,17.119709,0.008708,0.000000,0.013625,18.913625
1228,1.229000,16.894750,0.008584,0.000000,0.013500,18.668750
1229,1.230000,16.679042,0.008500,0.000000,0.013458,18.447375
1230,1.231000,16.573542,0.008416,0.000000,0.013250,18.342541
1231,1.232000,16.680917,0.008458,0.000000,0.013208,18.462709
1232,1.233000,16.713125,0.008541,0.000000,0.013375,18.497000
1233,1.234000,16.941459,0.008625,0.000000,0.013500,18.711541
1234,1.235000,16.829625,0.008542,0.000000,0.013459,18.603084
1235,1.236000,16.824042,0.008542,0.000000,0.013416,18.591083
1236,1.237000,16.818125,0.008459,0.000000,0.013375,18.592125
1237,1.238000,16.800500,0.008500,0.000000,0.013333,18.571750
1238,1.239000,16.881917,0.008500,0.000000,0.013250,18.653625
1239,1.240000,16.857542,0.008459,0.000000,0.013292,18.635459
1240,1.241000,16.806375,0.008500,0.000000,0.013292,18.574375
1241,1.242000,17.036208,0.008458,0.000000,0.013250,18.809833
1242,1.243000,16.794791,0.008583,0.000000,0.013458,18.584833
1243,1.244000,16.802166,0.008459,0.000000,0.013334,18.589708
1244,1.245000,16.767000,0.008375,0.000000,0.013291,18.540875
1245,1.246000,16.801208,0.008500,0.000000,0.013292,18.572084
1246,1.247000,16.761500,0.008625,0.000000,0.013875,18.534583
1247,1.248000,16.836500,0.008417,0.000000,0.013375,18.602541
1248,1.249000,16.755792,0.008667,0.000000,0.014291,18.524042
1249,1.250000,16.696542,0.008416,0.000000,0.013333,18.470500
1250,1.251000,16.626375,0.008333,0.000000,0.013167,18.399417
1251,1.252000,16.952875,0.008625,0.000000,0.013500,18.741666
1252,1.253000,16.649583,0.008334,0.000000,0.013291,18.415916
1253,1.254000,16.697083,0.008292,0.000000,0.013292,18.466750
1254,1.255000,16.760542,0.008667,0.000000,0.014959,18.552417
1255,1.256000,16.622542,0.008250,0.000000,0.013625,18.407084
1256,1.257000,16.851916,0.008417,0.000000,0.013167,18.635458
1257,1.258000,16.812167,0.008167,0.000000,0.013000,18.587292
1258,1.259000,16.678250,0.008292,0.000000,0.013125,18.450667
1259,1.260000,16.715250,0.008500,0.000000,0.013417,18.481458
1260,1.261000,16.817417,0.008958,0.000000,0.014083,18.585792
1261,1.262000,16.728917,0.008500,0.000000,0.013333,18.507000
1262,1.263000,16.766459,0.008458,0.000000,0.013375,18.538167
1263,1.264000,16.719500,0.008375,0.000000,0.013292,18.495458
1264,1.265000,16.714000,0.008375,0.000000,0.013209,18.481292
1265,1.266000,16.833375,0.008959,0.000000,0.013750,18.609208
1266,1.267000,16.708041,0.008417,0.000000,0.013208,18.476750
1267,1.268000,16.834167,0.008458,0.000000,0.013792,18.609584
1268,1.269000,16.735167,0.008458,0.000000,0.013291,18.510542
1269,1.270000,16.829750,0.008416,0.000000,0.013250,18.607250
1270,1.271000,16.612625,0.008584,0.000000,0.013500,18.392084
1271,1.272000,16.611042,0.008542,0.000000,0.013625,18.385459
1272,1.273000,16.723959,0.008375,0.000000,0.013250,18.501708
1273,1.274000,16.789583,0.008458,0.000000,0.013292,18.559959
1274,1.275000,16.721583,0.008459,0.000000,0.013417,18.507042
1275,1.276000,16.788541,0.008542,0.000000,0.013500,18.558417
1276,1.277000,16.795375,0.008542,0.000000,0.013458,18.566709
1277,1.278000,16.777875,0.008458,0.000000,0.013334,18.569208
1278,1.279000,16.705250,0.008292,0.000000,0.013333,18.505500
1279,1.280000,16.896917,0.008459,0.000000,0.013500,18.676042
1280,1.281000,19.064584,0.009958,0.000000,0.024708,20.873833
1281,1.282000,17.276584,0.010000,0.000000,0.022708,19.116375
1282,1.283000,17.048000,0.011000,0.000000,0.018084,18.880333
1283,1.284000,16.936042,0.008708,0.000000,0.013958,18.765042
1284,1.285000,17.101750,0.008667,0.000000,0.013750,18.900708
1285,1.286000,17.085292,0.008583,0.000000,0.013583,18.871958
1286,1.287000,17.026583,0.008583,0.000000,0.013458,18.803084
1287,1.288000,17.061458,0.008625,0.000000,0.013500,18.846084
1288,1.289000,16.971042,0.008500,0.000000,0.013500,18.747209
1289,1.290000,17.091750,0.008708,0.000000,0.013583,18.866916
1290,1.291000,16.957917,0.008500,0.000000,0.013375,18.748584
1291,1.292000,16.990875,0.008541,0.000000,0.013417,18.767333
1292,1.293000,16.935917,0.008541,0.000000,0.013583,18.706250
1293,1.294000,17.005750,0.008583,0.000000,0.013542,18.780375
1294,1.295000,17.034542,0.008584,0.000000,0.013500,18.813458
1295,1.296000,16.978041,0.008583,0.000000,0.013500,18.750834
1296,1.297000,17.061625,0.008416,0.000000,0.013292,18.845291
1297,1.298000,16.951792,0.008542,0.000000,0.013333,18.727292
1298,1.299000,17.057333,0.008584,0.000000,0.013375,18.838584
1299,1.300000,16.864209,0.008666,0.000000,0.013500,18.650542
1300,1.301000,17.925875,0.010250,0.000000,0.022666,19.738458
1301,1.302000,17.037625,0.009250,0.000000,0.019083,18.882458
1302,1.303000,17.141500,0.008708,0.000000,0.014209,18.919667
1303,1.304000,17.037042,0.008792,0.000000,0.013834,18.838916
1304,1.305000,16.905041,0.008583,0.000000,0.013500,18.684917
1305,1.306000,17.081333,0.008750,0.000000,0.013625,18.861958
1306,1.307000,16.988084,0.008667,0.000000,0.013750,18.775584
1307,1.308000,17.045042,0.008791,0.000000,0.014500,18.848458
1308,1.309000,17.026209,0.008583,0.000000,0.013500,18.823375
1309,1.310000,17.076583,0.010916,0.000000,0.017083,18.880625
1310,1.311000,17.019625,0.008625,0.000000,0.013500,18.808125
1311,1.312000,16.959875,0.008542,0.000000,0.013791,18.745166
1312,1.313000,18.199292,0.010375,0.000000,0.025541,20.016833
1313,1.314000,17.959917,0.010250,0.000000,0.025583,19.813208
1314,1.315000,17.541000,0.010125,0.000000,0.023834,19.539125
1315,1.316000,17.417541,0.009333,0.000000,0.019333,19.251917
1316,1.317000,17.351750,0.008625,0.000000,0.014250,19.164459
1317,1.318000,17.340083,0.008875,0.000000,0.014209,19.135083
1318,1.319000,17.388958,0.008750,0.000000,0.014167,19.221625
1319,1.320000,17.344208,0.008708,0.000000,0.013959,19.143708
1320,1.321000,27.387917,0.022208,0.000000,0.054500,29.598083
1321,1.322000,21.986208,0.010209,0.000000,0.024667,25.957750
1322,1.323000,17.324541,0.010042,0.000000,0.021917,19.200333
1323,1.324000,17.277125,0.009084,0.000000,0.019000,19.123542
1324,1.325000,17.192500,0.009542,0.000000,0.020458,19.033125
1325,1.326000,17.250000,0.009584,0.000000,0.020708,19.103292
1326,1.327000,17.459792,0.009167,0.000000,0.019708,19.366458
1327,1.328000,17.076875,0.008750,0.000000,0.014916,18.888500
1328,1.329000,16.933042,0.008708,0.000000,0.014208,18.744958
1329,1.330000,16.925417,0.008583,0.000000,0.013875,18.709667
1330,1.331000,17.010291,0.008541,0.000000,0.013708,18.784833
1331,1.332000,17.299666,0.009667,0.000000,0.020708,19.129125
1332,1.333000,17.202375,0.008834,0.000000,0.014667,19.007333
1333,1.334000,17.132875,0.008709,0.000000,0.014250,18.951250
1334,1.335000,17.053042,0.008541,0.000000,0.013750,18.823667
1335,1.336000,16.963875,0.008584,0.000000,0.013875,18.738833
1336,1.337000,17.134333,0.008792,0.000000,0.013834,18.903083
1337,1.338000,16.939750,0.008708,0.000000,0.013792,18.708750
1338,1.339000,17.066792,0.008417,0.000000,0.013542,18.834125
1339,1.340000,17.035792,0.008750,0.000000,0.013958,18.809125
1340,1.341000,17.510834,0.008541,0.000000,0.013791,19.327292
1341,1.342000,17.857666,0.008667,0.000000,0.013792,19.653292
1342,1.343000,17.846541,0.009375,0.000000,0.015208,19.640042
1343,1.344000,17.344459,0.008541,0.000000,0.013750,19.302291
1344,1.345000,17.453209,0.009166,0.000000,0.014625,19.219792
1345,1.346000,17.662834,0.009375,0.000000,0.014750,19.582833
1346,1.347000,17.646417,0.008667,0.000000,0.013750,19.535042
1347,1.348000,17.506041,0.008959,0.000000,0.014417,19.266167
1348,1.349000,18.972708,0.010667,0.000000,0.026708,20.871542
1349,1.350000,16.933083,0.009750,0.000000,0.020250,19.170375
1350,1.351000,16.775084,0.009459,0.000000,0.018125,18.572917
1351,1.352000,16.695083,0.008750,0.000000,0.015584,18.466250
1352,1.353000,18.019792,0.008417,0.000000,0.014125,19.784125
1353,1.354000,17.844125,0.008541,0.000000,0.013708,19.680000
1354,1.355000,17.186458,0.008250,0.000000,0.013500,19.014917
1355,1.356000,16.539125,0.008666,0.000000,0.013833,18.275834
1356,1.357000,16.639125,0.008375,0.000000,0.013292,18.360208
1357,1.358000,16.546459,0.008333,0.000000,0.013291,18.286125
1358,1.359000,16.605375,0.008167,0.000000,0.013792,18.336667
1359,1.360000,16.583334,0.008208,0.000000,0.013083,18.325083
1360,1.361000,16.507917,0.008292,0.000000,0.013041,18.240625
1361,1.362000,16.431708,0.008417,0.000000,0.013333,18.172750
1362,1.363000,16.540542,0.008208,0.000000,0.013000,18.286041
1363,1.364000,16.503792,0.008250,0.000000,0.013167,18.239000
1364,1.365000,16.685917,0.008250,0.000000,0.013000,18.414042
1365,1.366000,16.442250,0.008416,0.000000,0.013250,18.179375
1366,1.367000,16.483667,0.008250,0.000000,0.013125,18.207333
1367,1.368000,16.530209,0.008291,0.000000,0.013166,18.263750
1368,1.369000,16.465875,0.008250,0.000000,0.013125,18.191750
1369,1.370000,16.480666,0.008458,0.000000,0.013333,18.210166
1370,1.371000,16.464709,0.008292,0.000000,0.013083,18.188250
1371,1.372000,16.465250,0.008417,0.000000,0.013083,18.214000
1372,1.373000,16.271292,0.008458,0.000000,0.013208,17.998875
1373,1.374000,16.291375,0.008416,0.000000,0.013333,18.024666
1374,1.375000,16.486375,0.008500,0.000000,0.013250,18.214041
1375,1.376000,16.274791,0.008375,0.000000,0.013167,18.010792
1376,1.377000,16.256334,0.008208,0.000000,0.012958,17.990583
1377,1.378000,16.315958,0.008375,0.000000,0.013209,18.051000
1378,1.379000,16.437750,0.008417,0.000000,0.013417,18.175166
1379,1.380000,16.402791,0.008500,0.000000,0.013375,18.164750
1380,1.381000,16.310334,0.008291,0.000000,0.013125,18.047917
1381,1.382000,16.278792,0.008375,0.000000,0.013500,18.018292
1382,1.383000,16.434958,0.008375,0.000000,0.013416,18.186875
1383,1.384000,16.576333,0.008458,0.000000,0.013375,18.343959
1384,1.385000,16.475708,0.008292,0.000000,0.013125,18.218792
1385,1.386000,16.396917,0.008291,0.000000,0.013166,18.130792
1386,1.387000,16.388917,0.008291,0.000000,0.013167,18.124166
1387,1.388000,16.421958,0.008292,0.000000,0.013250,18.167375
1388,1.389000,16.498333,0.008417,0.000000,0.013250,18.240916
1389,1.390000,16.459209,0.008292,0.000000,0.013292,18.202834
1390,1.391000,16.484834,0.008334,0.000000,0.013166,18.234084
1391,1.392000,16.446917,0.009000,0.000000,0.016250,18.191375
1392,1.393000,17.454542,0.009583,0.000000,0.021667,19.308291
1393,1.394000,17.119041,0.009250,0.000000,0.017667,18.947750
1394,1.395000,17.091542,0.008833,0.000000,0.015416,18.924083
1395,1.396000,17.054792,0.008625,0.000000,0.014125,18.844500
1396,1.397000,17.051833,0.008708,0.000000,0.013958,18.845875
1397,1.398000,17.198500,0.008958,0.000000,0.014125,18.979292
1398,1.399000,16.971208,0.008625,0.000000,0.013875,18.753375
1399,1.400000,17.596542,0.008625,0.000000,0.013834,19.393333
1400,1.401000,17.947375,0.008500,0.000000,0.013542,19.785833
1401,1.402000,17.725958,0.009459,0.000000,0.015375,19.530875
1402,1.403000,17.637000,0.009584,0.000000,0.015250,19.618709
1403,1.404000,17.615583,0.009541,0.000000,0.015125,19.583792
1404,1.405000,17.659125,0.009750,0.000000,0.015458,19.626875
1405,1.406000,17.727791,0.009416,0.000000,0.014958,19.694708
1406,1.407000,17.680750,0.009292,0.000000,0.015250,19.650917
1407,1.408000,17.699750,0.009708,0.000000,0.015292,19.674542
1408,1.409000,17.787000,0.009791,0.000000,0.015500,19.760917
1409,1.410000,17.692167,0.009334,0.000000,0.014916,19.741250
1410,1.411000,17.535208,0.009584,0.000000,0.015042,19.507333
1411,1.412000,17.764375,0.008458,0.000000,0.014375,19.723250
1412,1.413000,17.567750,0.008709,0.000000,0.013833,19.540167
1413,1.414000,17.655583,0.008459,0.000000,0.013458,19.574083
1414,1.415000,17.650333,0.008416,0.000000,0.013375,19.490625
1415,1.416000,17.713167,0.008500,0.000000,0.013834,19.532500
1416,1.417000,17.766792,0.008834,0.000000,0.013750,19.547375
1417,1.418000,17.662291,0.008459,0.000000,0.013542,19.426375
1418,1.419000,17.678500,0.008458,0.000000,0.013500,19.436625
1419,1.420000,17.803208,0.008333,0.000000,0.013333,19.570750
1420,1.421000,18.064125,0.008417,0.000000,0.013459,19.829833
1421,1.422000,17.885958,0.008584,0.000000,0.013583,19.666125
1422,1.423000,17.670667,0.008417,0.000000,0.013416,19.424917
1423,1.424000,17.879042,0.008334,0.000000,0.013416,19.639292
1424,1.425000,17.556666,0.008875,0.000000,0.013917,19.315958
1425,1.426000,17.612625,0.008375,0.000000,0.013333,19.550500
1426,1.427000,17.664834,0.008584,0.000000,0.013500,19.504250
1427,1.428000,17.761625,0.008416,0.000000,0.013291,19.597709
1428,1.429000,17.779625,0.008459,0.000000,0.013417,19.571000
1429,1.430000,17.832417,0.008416,0.000000,0.013333,19.589792
1430,1.431000,17.868917,0.008458,0.000000,0.013416,19.623709
1431,1.432000,17.753958,0.008500,0.000000,0.013416,19.510375
1432,1.433000,17.695459,0.008333,0.000000,0.013416,19.461000
1433,1.434000,18.036334,0.008584,0.000000,0.014334,19.834209
1434,1.435000,17.682959,0.008416,0.000000,0.013500,19.458875
1435,1.436000,17.856500,0.008667,0.000000,0.013542,19.634750
1436,1.437000,17.696334,0.009417,0.000000,0.015167,19.503666
1437,1.438000,17.752625,0.009541,0.000000,0.015292,19.554250
1438,1.439000,17.855709,0.009875,0.000000,0.015917,19.698708
1439,1.440000,17.757875,0.009708,0.000000,0.015666,19.647167
1440,1.441000,17.513333,0.009666,0.000000,0.015583,19.432000
1441,1.442000,17.445167,0.009375,0.000000,0.015083,19.375542
1442,1.443000,17.269834,0.009375,0.000000,0.014958,19.242334
1443,1.444000,17.437500,0.009333,0.000000,0.015166,19.408083
1444,1.445000,17.403750,0.009375,0.000000,0.015000,19.376833
1445,1.446000,17.346333,0.009417,0.000000,0.015458,19.317208
1446,1.447000,17.360042,0.008500,0.000000,0.013416,19.327042
1447,1.448000,17.445333,0.008333,0.000000,0.013416,19.401500
1448,1.449000,17.624084,0.008417,0.000000,0.013542,19.524500
1449,1.450000,17.652750,0.008500,0.000000,0.013666,19.508750
1450,1.451000,17.715792,0.008500,0.000000,0.013500,19.501042
1451,1.452000,17.886917,0.008459,0.000000,0.013458,19.653959
1452,1.453000,17.904542,0.008417,0.000000,0.013416,19.677542
1453,1.454000,17.654250,0.008375,0.000000,0.013416,19.412458
1454,1.455000,17.671041,0.008500,0.000000,0.013625,19.432875
1455,1.456000,17.648625,0.008500,0.000000,0.013584,19.413708
1456,1.457000,17.926458,0.008250,0.000000,0.013208,19.678583
1457,1.458000,17.740875,0.008375,0.000000,0.013416,19.491917
1458,1.459000,21.085000,0.016084,0.003500,36.526833,59.374042
1459,1.460000,14.359292,0.008625,0.000000,0.014750,16.298458
1460,1.461000,13.972041,0.010084,0.000000,0.015917,15.746750
1461,1.462000,14.041500,0.008375,0.000000,0.013417,16.068167
1462,1.463000,14.761750,0.010000,0.000000,0.015667,16.524583
1463,1.464000,14.114208,0.009125,0.000000,0.014666,15.930334
1464,1.465000,14.235833,0.008542,0.000000,0.013375,16.099541
1465,1.466000,14.192792,0.009167,0.000000,0.014625,15.943250
1466,1.467000,10.816667,0.008417,0.000000,0.013000,12.730292
1467,1.468000,10.576458,0.008667,0.000000,0.013416,12.307208
1468,1.469000,10.731541,0.009958,0.000000,0.015250,12.519209
1469,1.470000,10.817500,0.009541,0.000000,0.014500,12.817292
1470,1.471000,10.719375,0.008541,0.000000,0.013125,12.629375
1471,1.472000,10.900166,0.009792,0.000000,0.015084,12.633125
1472,1.473000,10.633167,0.008417,0.000000,0.012958,12.537333
1473,1.474000,14.270083,0.017750,0.000000,12.549584,28.556875
1474,1.475000,13.799500,0.009417,0.000000,0.015208,15.568250
1475,1.476000,14.178584,0.008416,0.000000,0.013334,16.101000
1476,1.477000,14.167958,0.010000,0.000000,0.015750,15.929458
1477,1.478000,13.880666,0.008334,0.000000,0.013167,15.890125
1478,1.479000,14.231042,0.009709,0.000000,0.015000,16.023208
1479,1.480000,13.905500,0.009333,0.000000,0.014875,15.689125
1480,1.481000,14.157167,0.008250,0.000000,0.013083,16.085125
1481,1.482000,14.061833,0.009500,0.000000,0.014958,15.819375
1482,1.483000,13.879583,0.008542,0.000000,0.013375,15.823042
1483,1.484000,17.599000,0.015708,0.001666,24.579792,43.918917
1484,1.485000,17.401333,0.009667,0.000000,0.015958,19.394834
1485,1.486000,17.337959,0.009458,0.000000,0.015000,19.301958
1486,1.487000,17.366916,0.009375,0.000000,0.015083,19.342708
1487,1.488000,17.433375,0.008458,0.000000,0.013541,19.384833
1488,1.489000,17.441166,0.008500,0.000000,0.013333,19.403750
1489,1.490000,17.449250,0.008459,0.000000,0.013458,19.339958
1490,1.491000,17.491459,0.008584,0.000000,0.013542,19.300375
1491,1.492000,17.588833,0.008500,0.000000,0.013458,19.355750
1492,1.493000,17.576625,0.008584,0.000000,0.013500,19.371125
1493,1.494000,17.584167,0.008291,0.000000,0.013375,19.334667
1494,1.495000,17.691084,0.008916,0.000000,0.014125,19.483833
1495,1.496000,17.216833,0.008583,0.000000,0.013542,19.118375
1496,1.497000,17.527459,0.008541,0.000000,0.013458,19.565083
1497,1.498000,17.336083,0.008541,0.000000,0.013542,19.224084
1498,1.499000,17.571750,0.008459,0.000000,0.013542,19.410750
1499,1.500000,17.539416,0.008541,0.000000,0.014042,19.333959
1500,1.501000,17.553917,0.008375,0.000000,0.013375,19.322083
1501,1.502000,17.604875,0.008458,0.000000,0.013417,19.377333
1502,1.503000,17.720583,0.008542,0.000000,0.013584,19.472667
1503,1.504000,18.305208,0.025750,0.000000,0.062333,20.396250
1504,1.505000,21.094709,0.010292,0.000000,0.027333,23.992458
1505,1.506000,17.482500,0.009709,0.000000,0.021625,19.387708
1506,1.507000,17.626125,0.010167,0.000000,0.025125,19.504666
1507,1.508000,20.755167,0.011000,0.000000,0.027916,22.694125
1508,1.509000,18.440750,0.010083,0.000000,0.025000,21.407875
1509,1.510000,17.891083,0.010250,0.000000,0.025042,19.959083
1510,1.511000,18.327208,0.011416,0.000000,0.030166,20.235084
1511,1.512000,21.601125,0.011125,0.000000,0.027208,24.805417
1512,1.513000,17.835166,0.010125,0.000000,0.024250,19.786000
1513,1.514000,17.746583,0.011417,0.000000,0.030875,19.705417
1514,1.515000,23.031083,0.010708,0.000000,0.027375,24.976625
1515,1.516000,17.735042,0.010333,0.000000,0.024750,19.624208
1516,1.517000,17.495417,0.010792,0.000000,0.026291,19.533041
1517,1.518000,19.520750,0.010750,0.000000,0.028125,21.463917
1518,1.519000,19.475500,0.010375,0.000000,0.025625,22.703500
1519,1.520000,17.677959,0.010208,0.000000,0.024333,19.583958
1520,1.521000,17.321375,0.009333,0.000000,0.017834,19.161208
1521,1.522000,19.938750,0.009583,0.000000,0.016292,21.849333
1522,1.523000,19.101708,0.009958,0.000000,0.016542,21.061417
1523,1.524000,18.822167,0.009541,0.000000,0.015333,20.748000
1524,1.525000,18.606000,0.010292,0.000000,0.016417,20.581333
1525,1.526000,18.399958,0.010542,0.000000,0.016708,20.552083
1526,1.527000,18.427292,0.010208,0.000000,0.016375,20.570542
1527,1.528000,18.362583,0.009625,0.000000,0.015750,20.501583
1528,1.529000,18.161292,0.010417,0.000000,0.016459,20.212584
1529,1.530000,18.190875,0.009667,0.000000,0.015666,20.305083
1530,1.531000,18.306792,0.010125,0.000000,0.015958,20.294875
1531,1.532000,18.312542,0.009708,0.000000,0.015584,20.246500
1532,1.533000,18.466583,0.010209,0.000000,0.016458,20.366958
1533,1.534000,18.045833,0.009959,0.000000,0.015667,19.891167
1534,1.535000,18.133708,0.010042,0.000000,0.015833,19.971541
1535,1.536000,18.227500,0.009417,0.000000,0.014958,20.058417
1536,1.537000,18.047166,0.009750,0.000000,0.015583,19.849375
1537,1.538000,18.228750,0.009792,0.000000,0.015542,20.062875
1538,1.539000,18.312416,0.009792,0.000000,0.015583,20.126750
1539,1.540000,18.126125,0.009917,0.000000,0.015625,19.918500
1540,1.541000,18.095708,0.009833,0.000000,0.015792,19.887333
1541,1.542000,18.011875,0.009708,0.000000,0.015541,19.804625
1542,1.543000,17.820042,0.009875,0.000000,0.016291,19.637041
1543,1.544000,17.728292,0.009708,0.000000,0.015417,19.585959
1544,1.545000,17.929959,0.010125,0.000000,0.015875,19.842000
1545,1.546000,17.837375,0.010000,0.000000,0.016041,19.758541
1546,1.547000,17.799375,0.009792,0.000000,0.015625,19.744375
1547,1.548000,17.782125,0.009667,0.000000,0.015500,19.764708
1548,1.549000,17.820625,0.010041,0.000000,0.015958,19.839584
1549,1.550000,17.720791,0.009583,0.000000,0.015208,19.737750
1550,1.551000,17.813417,0.010083,0.000000,0.016417,19.782833
1551,1.552000,17.712708,0.009709,0.000000,0.015916,19.763375
1552,1.553000,17.596042,0.009625,0.000000,0.015334,19.646792
1553,1.554000,18.032542,0.009958,0.000000,0.015875,20.001500
1554,1.555000,17.770042,0.009917,0.000000,0.015750,19.816625
1555,1.556000,17.784625,0.009458,0.000000,0.014958,19.828750
1556,1.557000,17.864083,0.009417,0.000000,0.015250,19.820167
1557,1.558000,17.846500,0.009708,0.000000,0.015583,19.807750
1558,1.559000,17.776375,0.009500,0.000000,0.015084,19.821916
1559,1.560000,17.800666,0.009334,0.000000,0.014916,19.749083
1560,1.561000,17.873291,0.009500,0.000000,0.015000,19.816375
1561,1.562000,17.883875,0.009458,0.000000,0.015000,19.834208
1562,1.563000,17.721917,0.009458,0.000000,0.015042,19.678708
1563,1.564000,17.968333,0.009625,0.000000,0.015041,19.921667
1564,1.565000,17.756583,0.009833,0.000000,0.016500,19.714167
1565,1.566000,17.857625,0.009167,0.000000,0.014667,19.885250
1566,1.567000,17.762625,0.009292,0.000000,0.014875,19.714334
1567,1.568000,17.573875,0.009750,0.000000,0.015625,19.535125
1568,1.569000,17.889333,0.009459,0.000000,0.015000,19.921625
1569,1.570000,17.733500,0.008166,0.000000,0.013083,19.669708
1570,1.571000,17.853000,0.008292,0.000000,0.013167,19.781375
1571,1.572000,17.877459,0.008334,0.000000,0.013417,19.734750
1572,1.573000,17.900375,0.008542,0.000000,0.013500,19.789541
1573,1.574000,18.152792,0.008458,0.000000,0.013708,20.076375
1574,1.575000,17.937500,0.008333,0.000000,0.013334,19.820041
1575,1.576000,17.721333,0.008458,0.000000,0.013375,19.544750
1576,1.577000,17.976834,0.008334,0.000000,0.013291,19.800041
1577,1.578000,18.295708,0.008542,0.000000,0.013375,20.131542
1578,1.579000,18.106042,0.008292,0.000000,0.013250,19.927292
1579,1.580000,17.999583,0.008458,0.000000,0.013375,19.820041
1580,1.581000,18.086166,0.008458,0.000000,0.013334,19.889417
1581,1.582000,18.195958,0.008625,0.000000,0.013750,20.023333
1582,1.583000,18.082708,0.008583,0.000000,0.013542,19.941000
1583,1.584000,18.044125,0.008416,0.000000,0.013542,19.853875
1584,1.585000,18.042042,0.008458,0.000000,0.013333,19.856708
1585,1.586000,17.949292,0.008417,0.000000,0.013416,19.746125
1586,1.587000,17.975459,0.008583,0.000000,0.013417,19.738833
1587,1.588000,18.117417,0.008500,0.000000,0.013500,19.852416
1588,1.589000,18.000916,0.008417,0.000000,0.013417,19.734417
1589,1.590000,17.989916,0.008458,0.000000,0.013584,19.716125
1590,1.591000,18.066167,0.008375,0.000000,0.013417,19.806875
1591,1.592000,17.960291,0.008459,0.000000,0.013458,19.697667
1592,1.593000,17.968125,0.008417,0.000000,0.013292,19.704875
1593,1.594000,18.116250,0.008375,0.000000,0.013292,19.852416
1594,1.595000,18.220000,0.009041,0.000000,0.014333,19.960083
1595,1.596000,17.704875,0.009875,0.000000,0.015667,19.589041
1596,1.597000,17.662333,0.009542,0.000000,0.015083,19.692500
1597,1.598000,17.722833,0.009250,0.000000,0.015000,19.660791
1598,1.599000,17.606000,0.009250,0.000000,0.014792,19.541791
1599,1.600000,17.865167,0.009292,0.000000,0.014875,19.796875
1600,1.601000,17.631542,0.009542,0.000000,0.015000,19.568916
1601,1.602000,17.598792,0.008709,0.000000,0.013666,19.528042
1602,1.603000,17.767041,0.008541,0.000000,0.013375,19.758500
1603,1.604000,17.642791,0.008375,0.000000,0.013208,19.538167
1604,1.605000,17.707000,0.008458,0.000000,0.013375,19.545375
1605,1.606000,17.765750,0.008583,0.000000,0.013458,19.575541
1606,1.607000,17.860541,0.008542,0.000000,0.013542,19.629750
1607,1.608000,17.967417,0.008209,0.000000,0.013292,19.732042
1608,1.609000,17.807042,0.008583,0.000000,0.014042,19.565250
1609,1.610000,17.845917,0.008375,0.000000,0.013500,19.639875
1610,1.611000,17.839167,0.008458,0.000000,0.013708,19.587292
1611,1.612000,17.968875,0.008375,0.000000,0.013459,19.723667
1612,1.613000,20.462792,0.010583,0.000000,0.027750,22.262292
1613,1.614000,19.102083,0.010875,0.000000,0.027875,21.569167
1614,1.615000,17.756167,0.010333,0.000000,0.026750,19.762709
1615,1.616000,17.298000,0.009250,0.000000,0.020333,19.467209
1616,1.617000,16.930250,0.009833,0.000000,0.019208,18.713791
1617,1.618000,17.372792,0.009084,0.000000,0.018958,19.241916
1618,1.619000,17.215375,0.009084,0.000000,0.016583,19.017208
1619,1.620000,17.319166,0.008792,0.000000,0.014583,19.141333
1620,1.621000,17.193958,0.008709,0.000000,0.014167,19.018416
1621,1.622000,17.211416,0.008750,0.000000,0.014166,19.015375
1622,1.623000,17.278875,0.008708,0.000000,0.013875,19.074959
1623,1.624000,17.073833,0.008541,0.000000,0.013833,18.885666
1624,1.625000,17.141542,0.008708,0.000000,0.013875,18.937417
1625,1.626000,17.258042,0.008708,0.000000,0.014666,19.050625
1626,1.627000,17.419833,0.008625,0.000000,0.013958,19.208083
1627,1.628000,17.764500,0.009333,0.000000,0.015125,19.701084
1628,1.629000,17.375000,0.008583,0.000000,0.013709,19.231666
1629,1.630000,17.564042,0.008708,0.000000,0.014083,19.376334
1630,1.631000,17.808375,0.009292,0.000000,0.014792,19.613541
1631,1.632000,17.437917,0.008500,0.000000,0.013584,19.361959
1632,1.633000,17.670084,0.008750,0.000000,0.014042,19.459125
1633,1.634000,17.691584,0.009667,0.000000,0.015625,19.519041
1634,1.635000,17.957625,0.010000,0.000000,0.026083,19.973083
1635,1.636000,17.433000,0.010958,0.000000,0.026917,19.344667
1636,1.637000,17.378042,0.009583,0.000000,0.022917,19.462083
1637,1.638000,17.368166,0.010041,0.000000,0.020041,19.212959
1638,1.639000,20.581166,0.016333,0.003333,35.560250,57.974042
1639,1.640000,13.798333,0.008917,0.000000,0.015750,15.598666
1640,1.641000,13.625000,0.008625,0.000000,0.013958,15.404833
1641,1.642000,13.558334,0.008625,0.000000,0.013708,15.340709
1642,1.643000,13.691416,0.008583,0.000000,0.013625,15.473250
1643,1.644000,14.136833,0.008834,0.000000,0.013875,15.959666
1644,1.645000,14.128041,0.008833,0.000000,0.013792,15.908792
1645,1.646000,14.297458,0.008375,0.000000,0.013208,16.049875
1646,1.647000,14.155375,0.008417,0.000000,0.013458,15.938708
1647,1.648000,14.341750,0.009208,0.000000,0.014417,16.163500
1648,1.649000,10.816000,0.009042,0.000000,0.014000,12.612167
1649,1.650000,10.621833,0.009459,0.000000,0.014333,12.485334
1650,1.651000,10.698250,0.008459,0.000000,0.013416,12.566625
1651,1.652000,10.763417,0.008458,0.000000,0.013083,12.523708
1652,1.653000,10.610334,0.009125,0.000000,0.014459,12.354625
1653,1.654000,10.677000,0.009625,0.000000,0.014875,12.559666
1654,1.655000,10.742208,0.008625,0.000000,0.013250,12.669792
1655,1.656000,10.630125,0.009208,0.000000,0.014334,12.394000
1656,1.657000,10.666750,0.008666,0.000000,0.013417,12.541625
1657,1.658000,10.772541,0.008625,0.000000,0.013166,12.554083
1658,1.659000,13.974208,0.017249,0.000000,12.467167,28.182958
1659,1.660000,13.712625,0.009000,0.000000,0.014375,15.577667
1660,1.661000,14.087625,0.008542,0.000000,0.013500,15.970167
1661,1.662000,13.846042,0.008708,0.000000,0.013584,15.599916
1662,1.663000,10.243125,0.009084,0.000000,0.014167,11.764209
1663,1.664000,10.371625,0.009333,0.000000,0.014709,11.953541
1664,1.665000,10.310209,0.008917,0.000000,0.013625,11.978459
1665,1.666000,10.210291,0.008875,0.000000,0.013834,11.731459
1666,1.667000,10.715291,0.008458,0.000000,0.013167,12.317125
1667,1.668000,10.190000,0.009000,0.000000,0.014083,11.708834
1668,1.669000,10.513500,0.008500,0.000000,0.013208,12.085708
1669,1.670000,13.675708,0.015208,0.001793,23.918792,39.101708
1670,1.671000,16.834042,0.016584,0.012083,36.283667,54.683083
1671,1.672000,11.223792,0.009166,0.000000,0.015584,12.844334
1672,1.673000,13.909667,0.009375,0.000000,0.014958,15.808084
1673,1.674000,17.183917,0.015792,0.001375,24.245500,43.324333
1674,1.675000,17.150417,0.009375,0.000000,0.015709,18.953000
1675,1.676000,17.228209,0.009167,0.000000,0.014750,19.208166
1676,1.677000,13.947583,0.009042,0.000000,0.014500,15.913083
1677,1.678000,17.067208,0.016124,0.001375,24.196792,43.141208
1678,1.679000,17.274042,0.008875,0.000000,0.014584,19.126666
1679,1.680000,17.570708,0.008500,0.000000,0.013666,19.376250
1680,1.681000,17.140750,0.009292,0.000000,0.014875,18.927916
1681,1.682000,17.280000,0.009250,0.000000,0.014541,19.193333
1682,1.683000,17.372917,0.009334,0.000000,0.014875,19.288208
1683,1.684000,17.200417,0.008417,0.000000,0.013459,18.978000
1684,1.685000,17.156834,0.008459,0.000000,0.013458,18.948666
1685,1.686000,17.361791,0.008709,0.000000,0.013750,19.145083
1686,1.687000,17.553250,0.008458,0.000000,0.013583,19.365917
1687,1.688000,17.298917,0.009125,0.000000,0.014667,19.075125
1688,1.689000,17.169291,0.008833,0.000000,0.014042,19.062417
1689,1.690000,23.758334,0.015918,0.002583,47.959333,73.693041
1690,1.691000,17.179042,0.008459,0.000000,0.014167,19.048167
1691,1.692000,17.143750,0.008708,0.000000,0.013917,18.922375
1692,1.693000,17.058125,0.008792,0.000000,0.014041,18.873375
1693,1.694000,17.425875,0.008917,0.000000,0.014250,19.275292
1694,1.695000,17.177625,0.009250,0.000000,0.014792,18.982875
1695,1.696000,10.247625,0.008458,0.000000,0.013417,12.106750
1696,1.697000,10.595083,0.009000,0.000000,0.013958,12.367583
1697,1.698000,13.777750,0.015208,0.000000,12.294750,27.915375
1698,1.699000,14.196958,0.009416,0.000000,0.015208,15.968750
1699,1.700000,13.774791,0.008625,0.000000,0.013583,15.741334
1700,1.701000,14.206000,0.009750,0.000000,0.015250,16.025500
1701,1.702000,13.750834,0.008875,0.000000,0.014042,15.597834
1702,1.703000,14.186208,0.008458,0.000000,0.013333,16.017750
1703,1.704000,17.140208,0.015459,0.001458,23.904916,42.799084
1704,1.705000,13.953417,0.008750,0.000000,0.014291,15.817375
1705,1.706000,14.079916,0.009292,0.000000,0.021458,15.941500
1706,1.707000,13.922125,0.009041,0.000000,0.014250,15.822750
1707,1.708000,13.757500,0.008750,0.000000,0.013708,15.680834
1708,1.709000,14.149500,0.008250,0.000000,0.013250,16.023542
1709,1.710000,17.264750,0.015375,0.001501,23.778667,42.844625
1710,1.711000,17.368542,0.008541,0.000000,0.014167,19.322666
1711,1.712000,17.114583,0.008458,0.000000,0.013750,18.914167
1712,1.713000,17.315250,0.008959,0.000000,0.014583,19.253459
1713,1.714000,17.002000,0.009041,0.000000,0.014666,18.888250
1714,1.715000,17.146375,0.008541,0.000000,0.013584,19.102125
1715,1.716000,17.157792,0.009250,0.000000,0.015709,18.977750
1716,1.717000,17.080750,0.009291,0.000000,0.014916,19.045458
1717,1.718000,17.137375,0.009208,0.000000,0.014750,19.143542
1718,1.719000,17.082417,0.008333,0.000000,0.013375,18.905916
1719,1.720000,17.585875,0.008500,0.000000,0.013750,19.412750
1720,1.721000,17.312250,0.008375,0.000000,0.013458,19.103166
1721,1.722000,17.560042,0.008208,0.000000,0.013208,19.354583
1722,1.723000,17.126958,0.009000,0.000000,0.014375,18.946584
1723,1.724000,17.269375,0.008916,0.000000,0.014209,19.224500
1724,1.725000,17.537416,0.009417,0.000000,0.015000,19.497333
1725,1.726000,16.884667,0.008417,0.000000,0.013541,18.752416
1726,1.727000,24.112542,0.016833,0.002833,47.974042,73.893375
1727,1.728000,17.153333,0.008417,0.000000,0.014333,19.094042
1728,1.729000,17.103292,0.008792,0.000000,0.014167,18.897708
1729,1.730000,17.138750,0.008500,0.000000,0.013542,19.000375
1730,1.731000,17.160375,0.009000,0.000000,0.014542,19.021875
1731,1.732000,17.239208,0.008417,0.000000,0.013542,19.170458
1732,1.733000,10.622625,0.009084,0.000000,0.014125,12.396041
1733,1.734000,10.487667,0.009500,0.000000,0.014709,12.294500
1734,1.735000,13.828708,0.016083,0.000000,11.944500,27.722500
1735,1.736000,14.184084,0.008459,0.000000,0.013417,16.042167
1736,1.737000,13.787291,0.008334,0.000000,0.013166,15.559084
1737,1.738000,14.071792,0.008375,0.000000,0.013333,15.850000
1738,1.739000,13.729084,0.008667,0.000000,0.013750,15.499125
1739,1.740000,14.027125,0.008500,0.000000,0.013375,15.800583
1740,1.741000,13.964167,0.008875,0.000000,0.014041,15.820166
1741,1.742000,17.129666,0.016208,0.001376,24.093958,43.016250
1742,1.743000,13.768625,0.008584,0.000000,0.014042,15.550958
1743,1.744000,13.916166,0.009167,0.000000,0.014542,15.726792
1744,1.745000,13.659041,0.008875,0.000000,0.014084,15.472667
1745,1.746000,13.932500,0.008375,0.000000,0.013208,15.703208
1746,1.747000,13.801959,0.008458,0.000000,0.013250,15.608417
1747,1.748000,14.124084,0.008708,0.000000,0.013542,15.888750
1748,1.749000,13.765709,0.008375,0.000000,0.013250,15.531250
1749,1.750000,13.951958,0.008291,0.000000,0.013167,15.719250
1750,1.751000,16.996459,0.015168,0.001458,23.664084,42.452167
1751,1.752000,17.451666,0.009041,0.000000,0.014958,19.307708
1752,1.753000,17.536542,0.009417,0.000000,0.015000,19.467292
1753,1.754000,16.824542,0.008458,0.000000,0.013541,18.609708
1754,1.755000,17.519750,0.009125,0.000000,0.014791,19.355583
1755,1.756000,17.390916,0.008333,0.000000,0.013458,19.302292
1756,1.757000,17.037583,0.008625,0.000000,0.013708,18.816583
1757,1.758000,17.173584,0.009083,0.000000,0.014542,18.964166
1758,1.759000,17.117666,0.008375,0.000000,0.013375,19.061333
1759,1.760000,17.258583,0.009125,0.000000,0.014500,19.155292
1760,1.761000,16.996750,0.008375,0.000000,0.013333,18.869792
1761,1.762000,17.150916,0.008917,0.000000,0.014917,18.975167
1762,1.763000,17.050958,0.009416,0.000000,0.015209,18.876500
1763,1.764000,17.088041,0.008875,0.000000,0.014167,19.065250
1764,1.765000,17.244333,0.009084,0.000000,0.014500,19.221958
1765,1.766000,17.000333,0.008333,0.000000,0.013333,18.865959
1766,1.767000,20.800375,0.015499,0.002542,35.678625,58.261833
1767,1.768000,20.513917,0.008709,0.000000,0.014750,22.411458
1768,1.769000,20.426708,0.009458,0.000000,0.015500,22.273083
1769,1.770000,20.453208,0.009416,0.000000,0.015000,22.470333
1770,1.771000,20.175875,0.008625,0.000000,0.013875,22.120833
1771,1.772000,20.399125,0.008625,0.000000,0.013708,22.221709
1772,1.773000,20.578042,0.008666,0.000000,0.013959,22.390416
1773,1.774000,20.241042,0.008250,0.000000,0.013625,22.056042
1774,1.775000,20.426375,0.009209,0.000000,0.014917,22.268125
1775,1.776000,20.324458,0.009542,0.000000,0.015500,22.178583
1776,1.777000,20.349416,0.009125,0.000000,0.014792,22.373208
1777,1.778000,20.355375,0.009084,0.000000,0.015042,22.217750
1778,1.779000,20.324541,0.009208,0.000000,0.014958,22.280041
1779,1.780000,20.366042,0.009250,0.000000,0.014917,22.260584
1780,1.781000,20.189417,0.008500,0.000000,0.013750,22.153250
1781,1.782000,20.603459,0.008666,0.000000,0.013833,22.409209
1782,1.783000,20.345833,0.008250,0.000000,0.013500,22.149042
1783,1.784000,20.646000,0.008666,0.000000,0.014000,22.454083
1784,1.785000,20.173916,0.009084,0.000000,0.014500,22.012500
1785,1.786000,20.071833,0.008375,0.000000,0.013625,22.008333
1786,1.787000,20.349709,0.008833,0.000000,0.014458,22.178875
1787,1.788000,20.589791,0.009375,0.000000,0.015125,22.521334
1788,1.789000,20.138041,0.008958,0.000000,0.014583,21.991958
1789,1.790000,20.451250,0.008542,0.000000,0.013916,22.385000
1790,1.791000,20.090917,0.009125,0.000000,0.014666,21.912708
1791,1.792000,20.302208,0.008792,0.000000,0.014125,22.239541
1792,1.793000,20.566083,0.008459,0.000000,0.013542,22.442500
1793,1.794000,20.426500,0.008375,0.000000,0.013625,22.230750
1794,1.795000,20.423250,0.008625,0.000000,0.013917,22.235625
1795,1.796000,20.368875,0.009000,0.000000,0.014500,22.194250
1796,1.797000,20.208333,0.008375,0.000000,0.013458,22.130500
1797,1.798000,20.420875,0.008333,0.000000,0.013375,22.331375
1798,1.799000,20.601167,0.008500,0.000000,0.013709,22.400750
1799,1.800000,20.368833,0.009459,0.000000,0.015291,22.206583
1800,1.801000,20.138875,0.008958,0.000000,0.014459,22.137667
1801,1.802000,20.163125,0.009291,0.000000,0.019875,22.044666
1802,1.803000,50.202833,0.018833,0.004251,51.342958,103.542250
1803,1.804000,13.842291,0.009625,0.000000,0.021834,15.755292
1804,1.805000,14.032833,0.008875,0.000000,0.017625,15.860542
1805,1.806000,13.627375,0.008834,0.000000,0.015708,15.393583
1806,1.807000,13.524875,0.009417,0.000000,0.018167,15.302167
1807,1.808000,13.535292,0.008833,0.000000,0.015292,15.368250
1808,1.809000,13.613750,0.009125,0.000000,0.017500,15.571625
1809,1.810000,13.640542,0.008958,0.000000,0.015000,15.459083
1810,1.811000,16.863375,0.016209,0.001833,23.531875,42.209292
1811,1.812000,16.672750,0.008709,0.000000,0.015083,18.497250
1812,1.813000,16.786125,0.008625,0.000000,0.014041,18.595208
1813,1.814000,16.811541,0.008916,0.000000,0.014000,18.623584
1814,1.815000,16.679667,0.008583,0.000000,0.013750,18.518375
1815,1.816000,19.906958,0.015624,0.002500,35.443708,57.192875
1816,1.817000,19.944250,0.008541,0.000000,0.014667,21.760500
1817,1.818000,19.911792,0.008459,0.000000,0.013583,21.728000
1818,1.819000,19.889959,0.008583,0.000000,0.013750,21.708167
1819,1.820000,19.833958,0.008583,0.000000,0.013625,21.667834
1820,1.821000,19.788708,0.008500,0.000000,0.013542,21.603666
1821,1.822000,20.817833,0.010792,0.000000,0.028208,22.707250
1822,1.823000,20.455333,0.009292,0.000000,0.019209,22.380375
1823,1.824000,20.341417,0.008959,0.000000,0.015083,22.182834
1824,1.825000,20.081292,0.008500,0.000000,0.014083,21.897000
1825,1.826000,20.229875,0.008500,0.000000,0.013834,22.060584
1826,1.827000,20.272166,0.008625,0.000000,0.014333,22.107250
1827,1.828000,20.111542,0.008833,0.000000,0.014708,21.930833
1828,1.829000,20.079791,0.008416,0.000000,0.013792,21.965042
1829,1.830000,20.144416,0.008417,0.000000,0.013541,21.968041
1830,1.831000,20.094834,0.008583,0.000000,0.013792,21.922084
1831,1.832000,20.301792,0.008708,0.000000,0.013959,22.130250
1832,1.833000,20.210583,0.008625,0.000000,0.013791,22.041375
1833,1.834000,20.186584,0.008459,0.000000,0.013541,22.022625
1834,1.835000,20.209833,0.008458,0.000000,0.013791,22.020625
1835,1.836000,20.207833,0.008416,0.000000,0.013583,22.040791
1836,1.837000,20.055084,0.008542,0.000000,0.013625,21.873042
1837,1.838000,20.183208,0.008667,0.000000,0.013916,22.016042
1838,1.839000,20.151750,0.008542,0.000000,0.013583,21.962125
1839,1.840000,20.178959,0.008583,0.000000,0.013792,21.996417
1840,1.841000,23.252166,0.016500,0.003750,46.912917,71.975125
1841,1.842000,23.296833,0.008833,0.000000,0.015458,25.127333
1842,1.843000,23.260375,0.008459,0.000000,0.013792,25.087917
1843,1.844000,23.247792,0.008833,0.000000,0.015000,25.064875
1844,1.845000,23.188792,0.008375,0.000000,0.013541,25.044375
1845,1.846000,23.170750,0.008625,0.000000,0.013875,24.987625
1846,1.847000,23.179291,0.008584,0.000000,0.013750,25.025042
1847,1.848000,23.107500,0.008416,0.000000,0.013708,24.927791
1848,1.849000,23.132542,0.008416,0.000000,0.013583,24.951084
1849,1.850000,23.427750,0.008875,0.000000,0.014125,25.252375
1850,1.851000,23.378083,0.008542,0.000000,0.013625,25.249750
1851,1.852000,23.154500,0.008458,0.000000,0.013625,24.986375
1852,1.853000,30.064584,0.015792,0.004374,70.127750,102.026292
1853,1.854000,29.624000,0.008708,0.000000,0.015625,31.494083
1854,1.855000,29.688083,0.008459,0.000000,0.014125,31.582125
1855,1.856000,29.647917,0.009375,0.000000,0.015334,31.541625
1856,1.857000,29.599292,0.008541,0.000000,0.014125,31.595875
1857,1.858000,29.370583,0.008541,0.000000,0.014041,31.234875
1858,1.859000,29.973041,0.008959,0.000000,0.014666,31.852208
1859,1.860000,29.956792,0.008833,0.000000,0.014667,31.899583
1860,1.861000,29.944917,0.008792,0.000000,0.014750,31.901000
1861,1.862000,29.764666,0.008666,0.000000,0.014292,31.760333
1862,1.863000,28.280750,0.008625,0.000000,0.014083,30.178084
1863,1.864000,27.523834,0.009042,0.000000,0.015000,29.401959
1864,1.865000,28.111541,0.016042,0.005376,64.177167,94.266834
1865,1.866000,28.532792,0.015791,0.005665,67.226542,97.620250
1866,1.867000,29.557416,0.008375,0.000000,0.039625,31.440500
1867,1.868000,29.853209,0.008542,0.000000,0.014292,31.769458
1868,1.869000,29.536916,0.008833,0.000000,0.014500,31.417375
1869,1.870000,29.343875,0.009125,0.000000,0.015125,31.235667
1870,1.871000,29.426917,0.008500,0.000000,0.014042,31.343125
1871,1.872000,29.936958,0.008791,0.000000,0.014541,31.821125
1872,1.873000,29.809625,0.008542,0.000000,0.014083,31.757792
1873,1.874000,29.379041,0.008666,0.000000,0.014208,31.252709
1874,1.875000,29.735250,0.008334,0.000000,0.013959,31.687958
1875,1.876000,29.064417,0.008375,0.000000,0.013916,30.911834
1876,1.877000,29.595541,0.009125,0.000000,0.015041,31.459375
1877,1.878000,29.263416,0.009042,0.000000,0.014875,31.143541
1878,1.879000,29.547250,0.008583,0.000000,0.014166,31.532958
1879,1.880000,29.648917,0.009000,0.000000,0.014958,31.569375
1880,1.881000,29.212333,0.009084,0.000000,0.015042,31.136583
1881,1.882000,34.323125,0.015167,0.006377,86.229791,122.551000
1882,1.883000,21.097500,0.009250,0.000000,0.016417,22.942083
1883,1.884000,21.392166,0.008500,0.000000,0.013708,23.336208
1884,1.885000,28.187792,0.015959,0.003916,55.608250,85.831208
1885,1.886000,34.515541,0.015667,0.003666,78.297792,114.906375
1886,1.887000,37.546083,0.015666,0.006793,87.610958,127.274500
1887,1.888000,37.397541,0.015251,0.007665,86.215916,125.741959
1888,1.889000,36.312459,0.008875,0.000000,0.016542,38.468458
1889,1.890000,35.460792,0.008667,0.000000,0.014750,37.601458
1890,1.891000,36.533000,0.009042,0.000000,0.041375,38.698250
1891,1.892000,37.827458,0.015376,0.007540,90.072250,130.149000
1892,1.893000,37.389458,0.008625,0.000000,0.016083,39.557000
1893,1.894000,39.193042,0.016499,0.007667,93.012958,134.336584
1894,1.895000,37.961875,0.009167,0.000000,0.017417,40.154625
1895,1.896000,39.100250,0.008458,0.000000,0.038458,41.402167
1896,1.897000,39.177042,0.008667,0.000000,0.014917,41.311958
1897,1.898000,39.624458,0.009167,0.000000,0.015709,41.791458
1898,1.899000,39.118375,0.008375,0.000000,0.014334,41.384542
1899,1.900000,39.091625,0.008459,0.000000,0.014291,41.240125
1900,1.901000,38.894042,0.008666,0.000000,0.020334,41.053708
1901,1.902000,39.318750,0.009042,0.000000,0.015334,41.503000
1902,1.903000,39.609083,0.009167,0.000000,0.016000,41.889208
1903,1.904000,39.313250,0.008292,0.000000,0.014458,41.542750
1904,1.905000,39.424959,0.008334,0.000000,0.014208,41.536959
1905,1.906000,38.998917,0.010833,0.000000,0.028500,41.184041
1906,1.907000,45.266417,0.010042,0.000000,0.030000,47.538167
1907,1.908000,40.554792,0.011000,0.000000,0.035292,42.951000
1908,1.909000,47.922542,0.018000,0.010460,119.172375,171.233125
1909,1.910000,17.748250,0.010709,0.000000,0.028542,19.945208
1910,1.911000,20.931875,0.010333,0.000000,0.029750,23.181208
1911,1.912000,19.190708,0.010375,0.000000,0.024541,22.769667
1912,1.913000,18.065625,0.010459,0.000000,0.025709,20.198125
1913,1.914000,17.788917,0.009916,0.000000,0.022459,19.938958
1914,1.915000,18.173417,0.009375,0.000000,0.017250,20.256750
1915,1.916000,15.323333,0.009959,0.000000,0.016042,17.419042
1916,1.917000,15.254000,0.009583,0.000000,0.015667,17.447125
1917,1.918000,15.336583,0.010875,0.000000,0.017292,17.503458
1918,1.919000,10.914583,0.009334,0.000000,0.014541,12.881333
1919,1.920000,11.174792,0.009625,0.000000,0.014917,13.057042
1920,1.921000,10.881500,0.008458,0.000000,0.013208,12.627167
1921,1.922000,10.744584,0.010125,0.000000,0.015833,12.517167
1922,1.923000,10.946000,0.009583,0.000000,0.014708,12.972625
1923,1.924000,11.051542,0.008625,0.000000,0.013250,12.976708
1924,1.925000,10.823541,0.008666,0.000000,0.013208,12.562250
1925,1.926000,10.961000,0.010209,0.000000,0.015875,12.785042
1926,1.927000,10.803625,0.009792,0.000000,0.015084,12.838333
1927,1.928000,10.700084,0.009000,0.000000,0.013542,12.499500
1928,1.929000,10.868083,0.008583,0.000000,0.013125,12.626666
1929,1.930000,10.809292,0.009584,0.000000,0.014875,12.740583
1930,1.931000,10.805125,0.008667,0.000000,0.013334,12.757042
1931,1.932000,10.672750,0.009041,0.000000,0.013875,12.417625
1932,1.933000,10.855000,0.009958,0.000000,0.015292,12.685209
1933,1.934000,10.950000,0.009500,0.000000,0.014792,12.967667
1934,1.935000,10.559292,0.008792,0.000000,0.013625,12.423583
1935,1.936000,10.817791,0.008584,0.000000,0.013125,12.632458
1936,1.937000,10.792834,0.009583,0.000000,0.014833,12.590459
1937,1.938000,10.875750,0.009500,0.000000,0.014709,12.819666
1938,1.939000,10.652750,0.008875,0.000000,0.013792,12.450875
1939,1.940000,10.783417,0.008500,0.000000,0.013042,12.586250
1940,1.941000,10.716584,0.009250,0.000000,0.014042,12.612875
1941,1.942000,10.932167,0.008500,0.000000,0.013125,12.785875
1942,1.943000,7.325959,0.009458,0.000000,0.014292,8.862500
1943,1.944000,7.042250,0.009000,0.000000,0.013750,8.663000
1944,1.945000,7.087667,0.009542,0.000000,0.014417,8.727250
1945,1.946000,7.085209,0.009125,0.000000,0.013917,8.797250
1946,1.947000,7.122166,0.008584,0.000000,0.013041,8.743709
1947,1.948000,7.308875,0.008292,0.000000,0.012792,8.913792
1948,1.949000,7.270584,0.009625,0.000000,0.014667,8.803583
1949,1.950000,7.049417,0.009250,0.000000,0.014042,8.737750
1950,1.951000,7.058292,0.008542,0.000000,0.012917,8.705458
1951,1.952000,7.129750,0.008500,0.000000,0.012958,8.744208
1952,1.953000,7.550584,0.008250,0.000000,0.012708,9.071375
1953,1.954000,7.258125,0.008417,0.000000,0.012791,8.770625
1954,1.955000,7.409041,0.008375,0.000000,0.012750,8.928083
1955,1.956000,7.130083,0.009167,0.000000,0.013875,8.650250
1956,1.957000,7.139708,0.009417,0.000000,0.014291,8.743667
1957,1.958000,6.942167,0.008625,0.000000,0.013167,8.621959
1958,1.959000,7.141417,0.009542,0.000000,0.014500,8.711959
1959,1.960000,7.134917,0.008500,0.000000,0.012792,8.810875
1960,1.961000,7.251916,0.008667,0.000000,0.013334,8.824625
1961,1.962000,7.289000,0.008834,0.000000,0.013250,8.847584
1962,1.963000,7.307250,0.008792,0.000000,0.013416,8.869500
1963,1.964000,7.468459,0.008583,0.000000,0.013000,9.047541
1964,1.965000,7.104250,0.009250,0.000000,0.013958,8.634250
1965,1.966000,7.158333,0.009542,0.000000,0.014500,8.763209
1966,1.967000,6.989208,0.009042,0.000000,0.013875,8.672875
1967,1.968000,7.014500,0.009208,0.000000,0.013875,8.645375
1968,1.969000,7.136208,0.008459,0.000000,0.012792,8.765375
1969,1.970000,7.364541,0.008459,0.000000,0.012916,8.924542
1970,1.971000,7.049000,0.009167,0.000000,0.013875,8.577042
1971,1.972000,7.006167,0.009458,0.000000,0.014250,8.644417
1972,1.973000,7.179125,0.008375,0.000000,0.012791,8.858458
1973,1.974000,7.120541,0.009000,0.000000,0.013625,8.655833
1974,1.975000,7.061833,0.009625,0.000000,0.014625,8.695417
1975,1.976000,7.069958,0.008875,0.000000,0.013667,8.743166
1976,1.977000,10.573417,0.015875,0.000000,12.306125,24.450041
1977,1.978000,10.328500,0.009250,0.000000,0.015000,11.895708
1978,1.979000,10.494875,0.009916,0.000000,0.015167,12.159167
1979,1.980000,10.312167,0.009250,0.000000,0.014375,11.934125
1980,1.981000,10.649125,0.009167,0.000000,0.014125,12.303875
1981,1.982000,10.467250,0.008500,0.000000,0.013125,12.102708
1982,1.983000,10.555125,0.009416,0.000000,0.014584,12.127417
1983,1.984000,10.262500,0.008916,0.000000,0.013667,11.969708
1984,1.985000,10.490875,0.009458,0.000000,0.014792,12.148125
1985,1.986000,10.300542,0.008625,0.000000,0.013458,12.019459
1986,1.987000,10.591709,0.008667,0.000000,0.013417,12.157083
1987,1.988000,10.689875,0.009625,0.000000,0.014875,12.272625
1988,1.989000,10.415708,0.008458,0.000000,0.013166,12.068666
1989,1.990000,10.480041,0.008542,0.000000,0.013250,12.021458
1990,1.991000,10.772250,0.008375,0.000000,0.013042,12.309791
1991,1.992000,10.354166,0.009166,0.000000,0.014167,11.898584
1992,1.993000,10.458584,0.009500,0.000000,0.014708,12.123458
1993,1.994000,10.381916,0.008750,0.000000,0.013625,11.950834
1994,1.995000,10.568375,0.009500,0.000000,0.014709,12.144625
1995,1.996000,10.133916,0.009250,0.000000,0.014542,11.797500
1996,1.997000,10.454042,0.009167,0.000000,0.014166,12.112209
1997,1.998000,10.376583,0.009125,0.000000,0.014167,12.026209
1998,1.999000,10.357708,0.008542,0.000000,0.013250,11.897084
1999,2.000000,10.371708,0.008541,0.000000,0.013250,11.927083
2000,2.001000,10.344709,0.009583,0.000000,0.014875,11.934000
2001,2.002000,10.265333,0.008750,0.000000,0.013458,11.964667
2002,2.003000,10.691291,0.008584,0.000000,0.013250,12.261583
2003,2.004000,10.351083,0.008583,0.000000,0.013166,11.882709
2004,2.005000,10.268459,0.008583,0.000000,0.013209,11.800042
2005,2.006000,10.310084,0.009459,0.000000,0.014666,11.892166
2006,2.007000,10.388583,0.009167,0.000000,0.014209,12.102334
2007,2.008000,11.823708,0.017042,0.002292,18.482166,31.934583
2008,2.009000,8.764500,0.008875,0.000000,0.014500,10.294042
2009,2.010000,10.266500,0.016584,0.000875,12.127084,23.911209
2010,2.011000,10.634584,0.008584,0.000000,0.013791,12.200417
2011,2.012000,10.481417,0.009708,0.000000,0.014833,12.030416
2012,2.013000,8.454792,0.008917,0.000000,0.013666,10.115292
2013,2.014000,8.892125,0.008625,0.000000,0.013292,10.507083
2014,2.015000,7.120042,0.009250,0.000000,0.014166,8.667792
2015,2.016000,7.022834,0.009542,0.000000,0.014625,8.665250
2016,2.017000,6.964208,0.009000,0.000000,0.013750,8.653500
2017,2.018000,7.212000,0.009291,0.000000,0.014000,8.799792
2018,2.019000,10.424500,0.015249,0.000000,12.178333,24.165041
2019,2.020000,10.357541,0.009500,0.000000,0.015084,11.916333
2020,2.021000,10.411542,0.008875,0.000000,0.013833,12.110958
2021,2.022000,10.571834,0.009208,0.000000,0.014291,12.168708
2022,2.023000,10.422750,0.009250,0.000000,0.014334,12.072000
2023,2.024000,10.361584,0.009167,0.000000,0.014167,12.003959
2024,2.025000,10.490833,0.008500,0.000000,0.013250,12.065875
2025,2.026000,11.777500,0.016541,0.001543,18.251417,31.557792
2026,2.027000,8.647833,0.009166,0.000000,0.014917,10.314000
2027,2.028000,10.371208,0.016291,0.000791,12.100750,24.086708
2028,2.029000,8.906625,0.009458,0.000000,0.015208,10.473041
2029,2.030000,6.907083,0.008833,0.000000,0.013375,8.585584
2030,2.031000,7.114833,0.009500,0.000000,0.014541,8.689333
2031,2.032000,10.391708,0.016833,0.000000,12.237167,24.335958
2032,2.033000,10.365958,0.010292,0.000000,0.026125,11.935833
2033,2.034000,14.054250,0.009042,0.000000,0.018708,15.929834
2034,2.035000,13.716125,0.008958,0.000000,0.014958,15.557208
2035,2.036000,13.741416,0.008959,0.000000,0.014875,15.539875
2036,2.037000,13.754291,0.009125,0.000000,0.017875,15.571250
2037,2.038000,13.751167,0.008875,0.000000,0.015084,15.580917
2038,2.039000,16.117333,0.016667,0.002208,20.868416,38.776166
2039,2.040000,13.644000,0.015541,0.001210,11.905292,27.353750
2040,2.041000,13.443917,0.008834,0.000000,0.014666,15.260959
2041,2.042000,13.572625,0.008541,0.000000,0.013708,15.368416
2042,2.043000,16.921375,0.015500,0.001499,23.646125,42.351709
2043,2.044000,15.300250,0.008667,0.000000,0.014250,17.117000
2044,2.045000,17.080583,0.015500,0.002000,23.739958,42.611334
2045,2.046000,10.423250,0.008542,0.000000,0.013917,12.195375
2046,2.047000,13.673500,0.015209,0.000000,11.855500,27.309375
2047,2.048000,16.805000,0.015292,0.001375,23.839125,42.434083
2048,2.049000,13.534292,0.008459,0.000000,0.013833,15.325500
2049,2.050000,13.467584,0.008500,0.000000,0.013292,15.246750
2050,2.051000,16.801584,0.015458,0.001415,23.607791,42.188209
2051,2.052000,16.864625,0.008500,0.000000,0.014166,18.687958
2052,2.053000,16.834500,0.008417,0.000000,0.013458,18.653959
2053,2.054000,16.888208,0.008541,0.000000,0.013542,18.685000
2054,2.055000,16.799416,0.008500,0.000000,0.013417,18.588125
2055,2.056000,16.703250,0.008375,0.000000,0.013458,18.495209
2056,2.057000,16.704542,0.008458,0.000000,0.013625,18.490291
2057,2.058000,16.590583,0.008500,0.000000,0.013459,18.385375
2058,2.059000,16.742041,0.008709,0.000000,0.013666,18.532916
2059,2.060000,16.696208,0.008500,0.000000,0.013542,18.496917
2060,2.061000,16.806334,0.008709,0.000000,0.013875,18.623125
2061,2.062000,17.233041,0.008458,0.000000,0.013417,19.106167
2062,2.063000,16.868750,0.008458,0.000000,0.013459,18.681500
2063,2.064000,16.876833,0.008791,0.000000,0.013792,18.675292
2064,2.065000,16.768541,0.008667,0.000000,0.013625,18.606666
2065,2.066000,17.022125,0.008708,0.000000,0.014000,18.895417
2066,2.067000,16.973542,0.008417,0.000000,0.013709,18.811291
2067,2.068000,17.172084,0.009292,0.000000,0.014500,18.994417
2068,2.069000,16.784042,0.008375,0.000000,0.013334,18.704625
2069,2.070000,16.791875,0.008625,0.000000,0.013584,18.575834
2070,2.071000,16.981791,0.008458,0.000000,0.013458,18.811959
2071,2.072000,16.932334,0.008459,0.000000,0.013416,18.750000
2072,2.073000,17.019625,0.008708,0.000000,0.013834,18.829417
2073,2.074000,16.974959,0.008625,0.000000,0.013750,18.806917
2074,2.075000,17.189416,0.008792,0.000000,0.014042,19.027833
2075,2.076000,16.728416,0.008708,0.000000,0.013667,18.539500
2076,2.077000,17.076042,0.009000,0.000000,0.014291,18.942417
2077,2.078000,16.994208,0.008583,0.000000,0.013625,18.906625
2078,2.079000,16.964208,0.008250,0.000000,0.013250,18.753125
2079,2.080000,17.025250,0.008541,0.000000,0.013500,18.843417
2080,2.081000,17.195458,0.008458,0.000000,0.013375,19.002500
2081,2.082000,16.903792,0.008750,0.000000,0.013750,18.692958
2082,2.083000,16.889625,0.009125,0.000000,0.014375,18.723625
2083,2.084000,16.983292,0.008333,0.000000,0.013291,18.931083
2084,2.085000,17.099417,0.008292,0.000000,0.013416,18.890375
2085,2.086000,16.866125,0.008958,0.000000,0.014250,18.681333
2086,2.087000,16.865292,0.008542,0.000000,0.013625,18.781750
2087,2.088000,16.958417,0.008542,0.000000,0.013542,18.766667
2088,2.089000,16.892208,0.008667,0.000000,0.013667,18.683583
2089,2.090000,17.292958,0.008334,0.000000,0.013333,19.101000
2090,2.091000,16.866833,0.008625,0.000000,0.013708,18.663083
2091,2.092000,17.090333,0.008750,0.000000,0.013583,18.936791
2092,2.093000,17.145875,0.008500,0.000000,0.013500,18.943583
2093,2.094000,19.042666,0.010625,0.000000,0.027291,20.889916
2094,2.095000,17.668833,0.009958,0.000000,0.023833,21.392208
2095,2.096000,17.272167,0.009417,0.000000,0.020542,19.116875
2096,2.097000,17.441500,0.008750,0.000000,0.017084,19.276542
2097,2.098000,16.882167,0.008542,0.000000,0.013750,18.679834
2098,2.099000,16.881708,0.008417,0.000000,0.013500,18.680541
2099,2.100000,16.805792,0.008375,0.000000,0.013333,18.592709
2100,2.101000,16.893333,0.008667,0.000000,0.013584,18.698834
2101,2.102000,16.955125,0.008666,0.000000,0.013917,18.744250
2102,2.103000,17.100959,0.008458,0.000000,0.013500,18.884333
2103,2.104000,17.395583,0.009250,0.000000,0.014625,19.199875
2104,2.105000,17.268833,0.008708,0.000000,0.013792,19.199792
2105,2.106000,17.319667,0.008792,0.000000,0.013792,19.203417
2106,2.107000,17.097750,0.008750,0.000000,0.013750,18.915666
2107,2.108000,17.214958,0.008833,0.000000,0.014000,19.037666
2108,2.109000,17.499625,0.008375,0.000000,0.013250,19.365375
2109,2.110000,17.346542,0.008750,0.000000,0.013959,19.143833
2110,2.111000,17.335291,0.008750,0.000000,0.013791,19.193167
2111,2.112000,17.103125,0.009125,0.000000,0.014417,18.917000
2112,2.113000,17.099125,0.008625,0.000000,0.013583,19.007542
2113,2.114000,17.139250,0.008417,0.000000,0.013292,18.959916
2114,2.115000,16.947584,0.008917,0.000000,0.014042,18.727542
2115,2.116000,17.385041,0.009208,0.000000,0.014500,19.253875
2116,2.117000,17.203167,0.008875,0.000000,0.014167,19.121500
2117,2.118000,16.903416,0.008541,0.000000,0.013666,18.815958
2118,2.119000,17.347166,0.009084,0.000000,0.015125,19.204916
2119,2.120000,17.069292,0.008833,0.000000,0.013875,18.926458
2120,2.121000,17.020666,0.008625,0.000000,0.013625,18.852750
2121,2.122000,17.347750,0.008625,0.000000,0.013667,19.203209
2122,2.123000,17.312750,0.008375,0.000000,0.013208,19.123583
2123,2.124000,16.836542,0.008708,0.000000,0.013750,18.629875
2124,2.125000,17.069791,0.008917,0.000000,0.013875,18.916334
2125,2.126000,17.425375,0.008708,0.000000,0.013709,19.283458
2126,2.127000,17.232583,0.008625,0.000000,0.013542,19.050084
2127,2.128000,16.804084,0.008834,0.000000,0.013958,18.647375
2128,2.129000,17.060125,0.009041,0.000000,0.014209,18.907458
2129,2.130000,16.829583,0.008625,0.000000,0.013625,18.694958
2130,2.131000,16.984917,0.008542,0.000000,0.013500,18.795583
2131,2.132000,17.168458,0.008458,0.000000,0.013500,18.977625
2132,2.133000,17.227167,0.008917,0.000000,0.014250,19.046750
2133,2.134000,16.853000,0.008791,0.000000,0.013792,18.657166
2134,2.135000,17.156625,0.009125,0.000000,0.014333,18.981708
2135,2.136000,16.845000,0.009250,0.000000,0.014458,18.768208
2136,2.137000,16.945083,0.008541,0.000000,0.013625,18.883750
2137,2.138000,17.175166,0.009000,0.000000,0.014500,19.019750
2138,2.139000,16.684792,0.008500,0.000000,0.013417,18.523792
2139,2.140000,17.076917,0.008416,0.000000,0.013458,18.873750
2140,2.141000,16.698166,0.009042,0.000000,0.014292,18.501291
2141,2.142000,16.957959,0.008500,0.000000,0.013459,18.875083
2142,2.143000,16.835458,0.009000,0.000000,0.014291,18.659541
2143,2.144000,16.737042,0.008875,0.000000,0.014083,18.670750
2144,2.145000,16.946000,0.008500,0.000000,0.013667,18.783292
2145,2.146000,17.267334,0.009125,0.000000,0.014375,19.111459
2146,2.147000,16.754000,0.008542,0.000000,0.013458,18.559042
2147,2.148000,16.896250,0.008500,0.000000,0.013792,18.717708
2148,2.149000,16.856459,0.009208,0.000000,0.014416,18.672041
2149,2.150000,16.770625,0.008791,0.000000,0.014167,18.676000
2150,2.151000,16.795791,0.008541,0.000000,0.013291,18.689250
2151,2.152000,16.848458,0.008541,0.000000,0.013583,18.651209
2152,2.153000,16.738542,0.008792,0.000000,0.013750,18.523792
2153,2.154000,17.037917,0.008375,0.000000,0.013166,18.871709
2154,2.155000,16.681458,0.008791,0.000000,0.013750,18.473042
2155,2.156000,16.823125,0.008625,0.000000,0.013625,18.649375
2156,2.157000,16.882958,0.009167,0.000000,0.014375,18.720708
2157,2.158000,17.187959,0.009250,0.000000,0.014292,19.103542
2158,2.159000,16.468000,0.008416,0.000000,0.013166,18.269833
2159,2.160000,16.890625,0.008708,0.000000,0.013833,18.675166
2160,2.161000,17.287375,0.008333,0.000000,0.013125,19.139542
2161,2.162000,16.858792,0.008708,0.000000,0.013625,18.650791
2162,2.163000,16.826083,0.008541,0.000000,0.013417,18.650625
2163,2.164000,16.924000,0.009083,0.000000,0.014250,18.735625
2164,2.165000,16.761667,0.008708,0.000000,0.013625,18.669125
2165,2.166000,17.227458,0.009167,0.000000,0.014250,19.061333
2166,2.167000,16.745084,0.008792,0.000000,0.013625,18.528667
2167,2.168000,16.659000,0.008667,0.000000,0.013625,18.493708
2168,2.169000,16.791583,0.008584,0.000000,0.013625,18.612208
2169,2.170000,16.862041,0.008708,0.000000,0.013584,18.704500
2170,2.171000,16.816125,0.008458,0.000000,0.013333,18.656875
2171,2.172000,16.803209,0.008791,0.000000,0.013750,18.614084
2172,2.173000,16.957000,0.008458,0.000000,0.013167,18.780125
2173,2.174000,16.731166,0.008834,0.000000,0.013916,18.522416
2174,2.175000,17.155500,0.009083,0.000000,0.014292,18.999500
2175,2.176000,16.759666,0.008583,0.000000,0.013625,18.664708
2176,2.177000,16.834166,0.009125,0.000000,0.014208,18.673250
2177,2.178000,16.859541,0.008666,0.000000,0.013333,18.765792
2178,2.179000,16.981750,0.008417,0.000000,0.013125,18.762083
2179,2.180000,16.671208,0.008417,0.000000,0.013500,18.451209
2180,2.181000,17.006042,0.008958,0.000000,0.014209,18.801416
2181,2.182000,16.863458,0.008625,0.000000,0.013583,18.767500
2182,2.183000,16.712417,0.008458,0.000000,0.013375,18.501584
2183,2.184000,16.707709,0.008667,0.000000,0.013584,18.513500
2184,2.185000,16.833167,0.009125,0.000000,0.014291,18.672500
2185,2.186000,16.879792,0.008584,0.000000,0.013500,18.798000
2186,2.187000,16.742583,0.008583,0.000000,0.013542,18.551042
2187,2.188000,16.837583,0.008500,0.000000,0.013458,18.663042
2188,2.189000,16.971416,0.008667,0.000000,0.013666,18.813583
2189,2.190000,17.006708,0.008500,0.000000,0.013458,18.870833
2190,2.191000,16.668250,0.008625,0.000000,0.013709,18.477542
2191,2.192000,16.804000,0.008875,0.000000,0.013916,18.642708
2192,2.193000,16.919708,0.009042,0.000000,0.014292,18.761416
2193,2.194000,17.169791,0.009000,0.000000,0.014042,19.106375
2194,2.195000,16.527958,0.008500,0.000000,0.013375,18.357542
2195,2.196000,16.773917,0.008625,0.000000,0.013542,18.560625
2196,2.197000,16.940667,0.009167,0.000000,0.014375,18.735667
2197,2.198000,16.828416,0.008375,0.000000,0.013167,18.738291
2198,2.199000,16.858084,0.008583,0.000000,0.013500,18.652750
2199,2.200000,16.565917,0.008667,0.000000,0.013625,18.407042
2200,2.201000,16.613375,0.008792,0.000000,0.013750,18.441083
2201,2.202000,16.901750,0.008750,0.000000,0.013542,18.817792
2202,2.203000,16.666500,0.008500,0.000000,0.013291,18.494500
2203,2.204000,16.809875,0.009125,0.000000,0.014375,18.647959
2204,2.205000,16.753042,0.008541,0.000000,0.013458,18.663291
2205,2.206000,23.159167,0.016167,0.003667,46.853125,71.811583
2206,2.207000,16.491583,0.008959,0.000000,0.015166,18.323334
2207,2.208000,16.713167,0.008583,0.000000,0.013750,18.546791
2208,2.209000,19.823583,0.015584,0.002708,35.395292,57.036125
2209,2.210000,23.325083,0.015375,0.003625,46.667292,71.822583
2210,2.211000,22.914042,0.009083,0.000000,0.015791,24.783833
2211,2.212000,17.125541,0.008542,0.000000,0.013541,18.987875
2212,2.213000,16.539833,0.008416,0.000000,0.013333,18.320375
2213,2.214000,16.622292,0.008500,0.000000,0.013542,18.423125
2214,2.215000,16.693500,0.008791,0.000000,0.013833,18.511375
2215,2.216000,16.846750,0.008500,0.000000,0.013417,18.720125
2216,2.217000,16.522833,0.008458,0.000000,0.013167,18.337125
2217,2.218000,16.862916,0.009125,0.000000,0.014250,18.663333
2218,2.219000,16.729584,0.008750,0.000000,0.013667,18.644333
2219,2.220000,16.855334,0.009209,0.000000,0.014583,18.667667
2220,2.221000,16.419583,0.008500,0.000000,0.013291,18.219791
2221,2.222000,16.602500,0.008541,0.000000,0.013500,18.378500
2222,2.223000,16.712125,0.009083,0.000000,0.014292,18.532834
2223,2.224000,16.777209,0.008791,0.000000,0.013833,18.697917
2224,2.225000,16.514958,0.008875,0.000000,0.014208,18.379916
2225,2.226000,23.251292,0.015500,0.002541,46.852166,71.961542
2226,2.227000,16.349500,0.008500,0.000000,0.014083,18.154708
2227,2.228000,16.088375,0.008792,0.000000,0.013875,17.871709
2228,2.229000,19.639000,0.015625,0.002710,35.096875,56.578959
2229,2.230000,22.537000,0.015043,0.003541,46.627792,70.998167
2230,2.231000,22.546125,0.009209,0.000000,0.016000,24.402791
2231,2.232000,16.560125,0.008875,0.000000,0.014250,18.476583
2232,2.233000,16.582166,0.008458,0.000000,0.013292,18.499041
2233,2.234000,16.574458,0.008834,0.000000,0.014000,18.371209
2234,2.235000,16.831583,0.009000,0.000000,0.014250,18.693042
2235,2.236000,16.551042,0.008375,0.000000,0.013541,18.446958
2236,2.237000,19.836833,0.015250,0.002625,34.942000,56.584292
2237,2.238000,16.601291,0.014916,0.001417,23.286583,41.677250
2238,2.239000,22.630042,0.015291,0.002416,46.758708,71.200208
2239,2.240000,23.062667,0.015625,0.003291,46.350209,71.240709
2240,2.241000,23.038375,0.008417,0.000000,0.014458,24.854250
2241,2.242000,22.789542,0.008625,0.000000,0.014000,24.603000
2242,2.243000,19.692333,0.008833,0.000000,0.013916,21.526625
2243,2.244000,19.835166,0.008458,0.000000,0.013500,21.665041
2244,2.245000,19.518541,0.009083,0.000000,0.014417,21.318375
2245,2.246000,19.835708,0.008584,0.000000,0.013666,21.758958
2246,2.247000,19.728042,0.008708,0.000000,0.013708,21.554959
2247,2.248000,22.933750,0.015375,0.003584,46.082250,70.831250
2248,2.249000,25.961458,0.015333,0.004753,57.464375,85.226458
2249,2.250000,26.238916,0.008333,0.000000,0.014916,28.075750
2250,2.251000,26.001917,0.009084,0.000000,0.014875,27.831167
2251,2.252000,26.139167,0.008875,0.000000,0.014417,28.140917
2252,2.253000,26.001125,0.008375,0.000000,0.013916,27.843917
2253,2.254000,26.225917,0.008458,0.000000,0.013834,28.065334
2254,2.255000,25.961458,0.008667,0.000000,0.014250,27.818833
2255,2.256000,26.420541,0.008375,0.000000,0.013750,28.305042
2256,2.257000,25.908959,0.008541,0.000000,0.013875,27.728000
2257,2.258000,29.336250,0.015250,0.005752,68.969167,100.201959
2258,2.259000,25.639375,0.008417,0.000000,0.015292,27.527291
2259,2.260000,26.290042,0.008541,0.000000,0.014084,28.140334
2260,2.261000,26.205417,0.009250,0.000000,0.015000,28.048292
2261,2.262000,26.136875,0.009000,0.000000,0.014833,28.093000
2262,2.263000,29.213333,0.015042,0.005707,69.887667,101.062500
2263,2.264000,23.917459,0.008292,0.000000,0.014792,25.749583
2264,2.265000,29.804542,0.015126,0.004541,68.755250,100.524458
2265,2.266000,23.990916,0.008583,0.000000,0.015000,25.819750
2266,2.267000,29.191000,0.015042,0.005249,68.975083,100.023750
2267,2.268000,28.423917,0.008833,0.000000,0.016375,30.302917
2268,2.269000,30.261625,0.015791,0.006419,71.617750,103.772209
2269,2.270000,29.723167,0.014958,0.006333,71.798833,103.443250
2270,2.271000,28.485042,0.008250,0.000000,0.015125,30.319250
2271,2.272000,28.115417,0.008917,0.000000,0.014917,29.986292
2272,2.273000,28.436792,0.009041,0.000000,0.014917,30.432334
2273,2.274000,29.085375,0.009041,0.000000,0.040709,31.096292
2274,2.275000,30.177459,0.016083,0.006876,74.567250,106.690500
2275,2.276000,25.798500,0.008583,0.000000,0.015666,27.687125
2276,2.277000,32.277459,0.014875,0.005916,80.295042,114.487625
2277,2.278000,26.124167,0.008208,0.000000,0.014750,27.952500
2278,2.279000,30.537042,0.015084,0.005542,73.975291,106.345625
2279,2.280000,28.942375,0.008417,0.000000,0.015250,30.787083
2280,2.281000,32.297291,0.015166,0.006707,80.187625,114.385916
2281,2.282000,31.918667,0.009083,0.000000,0.016625,33.825791
2282,2.283000,32.299083,0.008958,0.000000,0.014917,34.300000
2283,2.284000,32.004042,0.008334,0.000000,0.014042,33.883166
2284,2.285000,32.499625,0.009000,0.000000,0.015000,34.392667
2285,2.286000,31.998000,0.009042,0.000000,0.014875,33.995708
2286,2.287000,32.264291,0.009125,0.000000,0.015333,34.212042
2287,2.288000,32.133875,0.009042,0.000000,0.015042,34.138667
2288,2.289000,32.342292,0.008542,0.000000,0.014375,34.346167
2289,2.290000,32.287209,0.008667,0.000000,0.014542,34.170583
2290,2.291000,32.539416,0.009125,0.000000,0.015000,34.530917
2291,2.292000,32.222625,0.009083,0.000000,0.015041,34.168167
2292,2.293000,32.075750,0.009458,0.000000,0.016333,34.144917
2293,2.294000,32.038042,0.008542,0.000000,0.014333,34.079625
2294,2.295000,32.335042,0.008666,0.000000,0.014583,34.275334
2295,2.296000,32.678791,0.008542,0.000000,0.014208,34.629167
2296,2.297000,32.478292,0.008375,0.000000,0.014000,34.397250
2297,2.298000,32.569083,0.008459,0.000000,0.014042,34.476375
2298,2.299000,32.340250,0.008375,0.000000,0.014000,34.215500
2299,2.300000,32.425916,0.008583,0.000000,0.014417,34.343042
2300,2.301000,32.347375,0.008583,0.000000,0.014916,34.268000
2301,2.302000,32.373542,0.008584,0.000000,0.014208,34.296666
2302,2.303000,32.646958,0.008375,0.000000,0.014084,34.529209
2303,2.304000,32.207708,0.009209,0.000000,0.015292,34.088375
2304,2.305000,32.819208,0.009333,0.000000,0.015666,34.831083
2305,2.306000,32.371667,0.008792,0.000000,0.014625,34.261084
2306,2.307000,32.586458,0.009125,0.000000,0.015250,34.472084
2307,2.308000,32.552375,0.008375,0.000000,0.013958,34.497708
2308,2.309000,32.068875,0.008584,0.000000,0.014417,33.948041
2309,2.310000,32.220250,0.008666,0.000000,0.014333,34.145333
2310,2.311000,32.531833,0.008708,0.000000,0.014375,34.428542
2311,2.312000,32.770667,0.008625,0.000000,0.014292,34.686792
2312,2.313000,32.600583,0.008375,0.000000,0.014125,34.472958
2313,2.314000,32.239875,0.008625,0.000000,0.014333,34.145666
2314,2.315000,32.096833,0.009000,0.000000,0.015166,33.985666
2315,2.316000,31.937333,0.008750,0.000000,0.014542,33.911125
2316,2.317000,32.000667,0.008667,0.000000,0.014459,33.879542
2317,2.318000,33.027084,0.008417,0.000000,0.014000,34.927459
2318,2.319000,32.054834,0.008542,0.000000,0.014250,33.913625
2319,2.320000,32.517833,0.008542,0.000000,0.014250,34.410084
2320,2.321000,32.446041,0.008542,0.000000,0.014041,34.342833
2321,2.322000,32.172125,0.008625,0.000000,0.014375,34.044083
2322,2.323000,32.212375,0.008584,0.000000,0.014333,34.113541
2323,2.324000,32.422958,0.009208,0.000000,0.015333,34.328500
2324,2.325000,32.184709,0.008917,0.000000,0.015458,34.183625
2325,2.326000,32.593084,0.008542,0.000000,0.014166,34.587125
2326,2.327000,32.241875,0.008375,0.000000,0.014042,34.123708
2327,2.328000,32.479166,0.008709,0.000000,0.014542,34.365375
2328,2.329000,33.034583,0.008458,0.000000,0.014125,34.933167
2329,2.330000,32.393458,0.008500,0.000000,0.014208,34.256417
2330,2.331000,32.798375,0.008542,0.000000,0.014209,34.706792
2331,2.332000,38.712375,0.011333,0.000000,0.033875,40.690667
2332,2.333000,34.013292,0.011125,0.000000,0.029292,36.034541
2333,2.334000,39.000500,0.011333,0.000000,0.031083,41.093791
2334,2.335000,34.360916,0.010542,0.000000,0.028417,36.782625
2335,2.336000,39.542542,0.010042,0.000000,0.027958,41.550125
2336,2.337000,34.170458,0.010500,0.000000,0.027166,36.184916
2337,2.338000,39.434250,0.010750,0.000000,0.027917,41.444833
2338,2.339000,34.724750,0.010875,0.000000,0.033292,36.775584
2339,2.340000,39.363000,0.010875,0.000000,0.029375,41.437083
2340,2.341000,34.325166,0.010833,0.000000,0.027500,36.471625
2341,2.342000,36.214209,0.009917,0.000000,0.018958,38.357167
2342,2.343000,36.090583,0.008833,0.000000,0.015875,38.205042
2343,2.344000,35.372334,0.008667,0.000000,0.015042,37.331000
2344,2.345000,35.117459,0.009583,0.000000,0.016375,37.053458
2345,2.346000,34.466541,0.008542,0.000000,0.014416,36.534167
2346,2.347000,35.066458,0.008625,0.000000,0.014458,37.138875
2347,2.348000,34.718583,0.009584,0.000000,0.016125,36.624542
2348,2.349000,34.255542,0.008541,0.000000,0.014959,36.289125
2349,2.350000,34.571167,0.008709,0.000000,0.014750,36.589542
2350,2.351000,34.623958,0.009542,0.000000,0.016125,36.530417
2351,2.352000,34.177541,0.009166,0.000000,0.015625,36.270250
2352,2.353000,34.274083,0.009042,0.000000,0.015292,36.221417
2353,2.354000,34.373750,0.008833,0.000000,0.014750,36.400791
2354,2.355000,34.382583,0.009250,0.000000,0.015916,36.308750
2355,2.356000,33.869584,0.009042,0.000000,0.015292,35.912208
2356,2.357000,34.178292,0.009416,0.000000,0.015708,36.106917
2357,2.358000,34.368542,0.009333,0.000000,0.015709,36.396333
2358,2.359000,34.147667,0.009334,0.000000,0.015666,36.177125
2359,2.360000,34.222958,0.008583,0.000000,0.014459,36.228125
2360,2.361000,34.224375,0.009375,0.000000,0.015916,36.173833
2361,2.362000,34.010042,0.008833,0.000000,0.014833,36.119125
2362,2.363000,34.238708,0.008417,0.000000,0.014250,36.167334
2363,2.364000,34.062542,0.009250,0.000000,0.015416,35.969208
2364,2.365000,34.531791,0.009166,0.000000,0.015625,36.508459
2365,2.366000,34.089875,0.008666,0.000000,0.014500,36.117750
2366,2.367000,34.057208,0.009083,0.000000,0.015250,35.976750
2367,2.368000,33.679125,0.009333,0.000000,0.015583,35.703458
2368,2.369000,34.217584,0.009166,0.000000,0.015375,36.215041
2369,2.370000,33.483167,0.009541,0.000000,0.016125,35.377125
2370,2.371000,33.557959,0.009250,0.000000,0.015333,35.646083
2371,2.372000,33.658583,0.009625,0.000000,0.016166,35.696667
2372,2.373000,33.211542,0.009333,0.000000,0.015500,35.306709
2373,2.374000,33.629875,0.008666,0.000000,0.014542,35.638375
2374,2.375000,33.831792,0.009375,0.000000,0.015542,35.747125
2375,2.376000,33.628959,0.009084,0.000000,0.015167,35.639916
2376,2.377000,33.625333,0.008417,0.000000,0.014292,35.676250
2377,2.378000,33.779542,0.009542,0.000000,0.016041,35.749250
2378,2.379000,33.571459,0.009041,0.000000,0.015333,35.670000
2379,2.380000,33.917875,0.008458,0.000000,0.014208,35.954917
2380,2.381000,33.149791,0.009125,0.000000,0.015333,35.053042
2381,2.382000,34.045083,0.009209,0.000000,0.015542,36.078291
2382,2.383000,34.027083,0.008458,0.000000,0.014333,36.052625
2383,2.384000,33.622250,0.009334,0.000000,0.015666,35.530250
2384,2.385000,33.406083,0.009000,0.000000,0.015333,35.305333
2385,2.386000,33.495750,0.008625,0.000000,0.014625,35.519292
2386,2.387000,33.952334,0.008541,0.000000,0.014458,35.837750
2387,2.388000,33.705083,0.008375,0.000000,0.014167,35.605292
2388,2.389000,33.101917,0.008875,0.000000,0.015084,35.008375
2389,2.390000,33.905000,0.008708,0.000000,0.014583,35.860083
2390,2.391000,33.163375,0.008459,0.000000,0.014250,35.068208
2391,2.392000,33.531917,0.008666,0.000000,0.014459,35.452250
2392,2.393000,33.364625,0.008250,0.000000,0.014000,35.346333
2393,2.394000,33.927292,0.008458,0.000000,0.014292,35.851542
2394,2.395000,33.201875,0.009125,0.000000,0.015375,35.107167
2395,2.396000,33.558292,0.009083,0.000000,0.015250,35.600083
2396,2.397000,33.415583,0.008666,0.000000,0.014459,35.497042
2397,2.398000,33.838417,0.009250,0.000000,0.015500,35.752166
2398,2.399000,33.391875,0.009209,0.000000,0.015458,35.429958
2399,2.400000,33.134042,0.008625,0.000000,0.014500,35.166375
2400,2.401000,33.390167,0.008833,0.000000,0.014917,35.340042
2401,2.402000,33.369000,0.009458,0.000000,0.016625,35.364541
2402,2.403000,32.986167,0.017583,0.000000,0.023500,35.008708
2403,2.404000,33.683291,0.009458,0.000000,0.016209,35.601125
2404,2.405000,33.330458,0.008875,0.000000,0.014875,35.274667
2405,2.406000,33.138208,0.009292,0.000000,0.015542,35.252875
2406,2.407000,33.601750,0.008375,0.000000,0.014125,35.505167
2407,2.408000,33.487417,0.008500,0.000000,0.014416,35.372458
2408,2.409000,33.457500,0.008792,0.000000,0.014709,35.378834
2409,2.410000,33.429708,0.009416,0.000000,0.015833,35.379417
2410,2.411000,33.153916,0.009166,0.000000,0.015542,35.274917
2411,2.412000,33.299667,0.009417,0.000000,0.016000,35.376042
2412,2.413000,33.011209,0.008458,0.000000,0.014250,35.116125
2413,2.414000,33.512250,0.009250,0.000000,0.016000,35.424250
2414,2.415000,33.486167,0.008375,0.000000,0.014208,35.506708
2415,2.416000,33.559042,0.009250,0.000000,0.015583,35.476708
2416,2.417000,33.292667,0.009125,0.000000,0.015459,35.258250
2417,2.418000,33.625916,0.008459,0.000000,0.014416,35.544792
2418,2.419000,33.401666,0.009000,0.000000,0.015250,35.337583
2419,2.420000,33.085750,0.009458,0.000000,0.016000,35.123708
2420,2.421000,33.144417,0.008500,0.000000,0.014458,35.286375
2421,2.422000,33.330417,0.008875,0.000000,0.015291,35.259709
2422,2.423000,33.247750,0.009167,0.000000,0.015417,35.278875
2423,2.424000,33.479208,0.008875,0.000000,0.016334,35.510750
2424,2.425000,33.285459,0.009875,0.000000,0.017333,35.190000
2425,2.426000,33.216125,0.008416,0.000000,0.014292,35.298750
2426,2.427000,33.172250,0.008708,0.000000,0.014875,35.075709
2427,2.428000,33.517917,0.008750,0.000000,0.014583,35.444459
2428,2.429000,33.265791,0.009292,0.000000,0.015833,35.194166
2429,2.430000,32.903166,0.009250,0.000000,0.015542,34.976208
2430,2.431000,33.180250,0.008292,0.000000,0.014083,35.167375
2431,2.432000,33.233375,0.008458,0.000000,0.014625,35.158333
2432,2.433000,33.518875,0.008458,0.000000,0.014375,35.436209
2433,2.434000,33.130667,0.009375,0.000000,0.015917,35.024750
2434,2.435000,32.753375,0.008500,0.000000,0.014333,34.684875
2435,2.436000,33.592625,0.008458,0.000000,0.014208,35.533500
2436,2.437000,33.119375,0.008292,0.000000,0.014041,35.058167
2437,2.438000,33.137000,0.008583,0.000000,0.022417,35.198542
2438,2.439000,33.615833,0.008583,0.000000,0.014334,35.572875
2439,2.440000,32.805416,0.008708,0.000000,0.015375,35.557875
2440,2.441000,33.267958,0.008333,0.000000,0.014125,35.141542
2441,2.442000,33.338291,0.009666,0.000000,0.016208,35.239375
2442,2.443000,33.134667,0.009084,0.000000,0.015292,35.231375
2443,2.444000,33.453333,0.008583,0.000000,0.014459,35.487666
2444,2.445000,33.216125,0.009333,0.000000,0.015750,35.097833
2445,2.446000,33.003584,0.009084,0.000000,0.015292,35.102458
2446,2.447000,32.919750,0.009292,0.000000,0.015584,34.932625
2447,2.448000,33.155792,0.009041,0.000000,0.015625,35.197208
2448,2.449000,33.198500,0.008958,0.000000,0.015083,35.213333
2449,2.450000,33.433042,0.008958,0.000000,0.015167,35.403125
2450,2.451000,33.451209,0.011583,0.000000,0.017375,35.442875
2451,2.452000,33.599917,0.009459,0.000000,0.017583,35.566541
2452,2.453000,33.147792,0.008541,0.000000,0.014500,35.055583
2453,2.454000,32.972084,0.008375,0.000000,0.014125,34.992542
2454,2.455000,33.256959,0.008583,0.000000,0.014375,35.264250
2455,2.456000,33.619125,0.008625,0.000000,0.014750,35.509250
2456,2.457000,33.003500,0.008542,0.000000,0.014333,34.880208
2457,2.458000,33.083125,0.008541,0.000000,0.014541,34.973750
2458,2.459000,33.245292,0.008500,0.000000,0.014417,35.116292
2459,2.460000,33.127959,0.008542,0.000000,0.014541,35.013250
2460,2.461000,33.116667,0.009708,0.000000,0.016667,35.034292
2461,2.462000,33.076083,0.009208,0.000000,0.015958,35.192250
2462,2.463000,32.863334,0.009375,0.000000,0.015708,34.957458
2463,2.464000,32.955791,0.009167,0.000000,0.015375,34.983333
2464,2.465000,33.008541,0.009125,0.000000,0.015291,35.031334
2465,2.466000,32.951250,0.008375,0.000000,0.014375,34.960500
2466,2.467000,33.018083,0.009292,0.000000,0.015584,34.899250
2467,2.468000,33.285416,0.009167,0.000000,0.015375,35.299750
2468,2.469000,33.009500,0.008333,0.000000,0.013917,35.015833
2469,2.470000,33.315167,0.009084,0.000000,0.015541,35.201541
2470,2.471000,33.101583,0.009209,0.000000,0.015583,35.132166
2471,2.472000,32.840958,0.009167,0.000000,0.015750,34.861125
2472,2.473000,33.301167,0.008375,0.000000,0.014042,35.322292
2473,2.474000,32.958833,0.009042,0.000000,0.015250,34.839458
2474,2.475000,32.967375,0.009417,0.000000,0.015542,34.996416
2475,2.476000,33.118458,0.008542,0.000000,0.014375,35.140167
2476,2.477000,33.102667,0.008792,0.000000,0.016000,34.992833
2477,2.478000,33.196667,0.008416,0.000000,0.014291,35.092125
2478,2.479000,32.999417,0.009042,0.000000,0.015166,34.898292
2479,2.480000,33.416333,0.008625,0.000000,0.015750,35.435709
2480,2.481000,33.049916,0.008417,0.000000,0.014333,34.948500
2481,2.482000,33.056542,0.008667,0.000000,0.014458,34.945416
2482,2.483000,32.926125,0.008459,0.000000,0.014291,34.807209
2483,2.484000,33.269500,0.008458,0.000000,0.014125,35.143792
2484,2.485000,33.021833,0.008458,0.000000,0.014250,34.898833
2485,2.486000,32.954875,0.008375,0.000000,0.014459,34.840166
2486,2.487000,32.823708,0.009041,0.000000,0.015042,34.736541
2487,2.488000,33.315459,0.009250,0.000000,0.015458,35.291000
2488,2.489000,32.812166,0.008709,0.000000,0.014833,34.828208
2489,2.490000,33.083333,0.008625,0.000000,0.014542,35.014500
2490,2.491000,33.019375,0.008541,0.000000,0.014208,34.949042
2491,2.492000,33.029958,0.008458,0.000000,0.014334,34.916083
2492,2.493000,33.017458,0.008959,0.000000,0.015125,34.887708
2493,2.494000,32.895083,0.008541,0.000000,0.014458,34.924666
2494,2.495000,32.881709,0.009125,0.000000,0.015333,34.768667
2495,2.496000,32.804750,0.008709,0.000000,0.014500,34.834500
2496,2.497000,32.869125,0.009084,0.000000,0.015291,34.762459
2497,2.498000,32.938416,0.008417,0.000000,0.014250,34.972709
2498,2.499000,33.063792,0.009084,0.000000,0.015167,34.950125
2499,2.500000,33.195375,0.009667,0.000000,0.016000,35.234959
2500,2.501000,32.814750,0.009208,0.000000,0.015292,34.897417
2501,2.502000,32.796708,0.008542,0.000000,0.014375,34.831500
2502,2.503000,32.856917,0.008625,0.000000,0.014709,34.741042
2503,2.504000,32.798000,0.009250,0.000000,0.015417,34.749541
2504,2.505000,32.896000,0.008875,0.000000,0.014834,34.915583
2505,2.506000,33.228708,0.009000,0.000000,0.015167,35.205125
2506,2.507000,32.800541,0.008500,0.000000,0.014250,34.806417
2507,2.508000,33.111083,0.009291,0.000000,0.015500,35.010250
2508,2.509000,33.187167,0.009209,0.000000,0.016750,35.209875
2509,2.510000,32.836542,0.009208,0.000000,0.015459,34.777375
2510,2.511000,33.000833,0.009000,0.000000,0.015208,35.017208
2511,2.512000,32.895625,0.008708,0.000000,0.014583,34.927667
2512,2.513000,32.963583,0.009167,0.000000,0.015541,34.882917
2513,2.514000,32.921416,0.008667,0.000000,0.014584,34.955458
2514,2.515000,32.834750,0.009208,0.000000,0.015375,34.753459
2515,2.516000,32.869208,0.008584,0.000000,0.014625,34.901084
2516,2.517000,32.790917,0.009042,0.000000,0.015333,34.704667
2517,2.518000,32.786500,0.009083,0.000000,0.015375,34.815709
2518,2.519000,32.914959,0.009500,0.000000,0.016084,34.957875
2519,2.520000,32.736667,0.008625,0.000000,0.014625,34.820208
2520,2.521000,33.359708,0.008834,0.000000,0.014875,35.273625
2521,2.522000,33.132167,0.008375,0.000000,0.014250,35.092125
2522,2.523000,32.812750,0.008584,0.000000,0.014292,34.708542
2523,2.524000,32.907042,0.009250,0.000000,0.015542,34.812250
2524,2.525000,32.921417,0.008375,0.000000,0.014042,34.955292
2525,2.526000,32.766875,0.009000,0.000000,0.015209,34.643459
2526,2.527000,32.804792,0.009292,0.000000,0.015542,34.838833
2527,2.528000,32.919375,0.008667,0.000000,0.014666,34.935875
2528,2.529000,33.087583,0.008500,0.000000,0.014334,35.002416
2529,2.530000,33.028667,0.009000,0.000000,0.015333,34.919959
2530,2.531000,33.010083,0.008583,0.000000,0.014500,35.038666
2531,2.532000,32.822250,0.009208,0.000000,0.015458,34.723625
2532,2.533000,33.084666,0.009084,0.000000,0.015333,35.120958
2533,2.534000,33.208750,0.008667,0.000000,0.014542,35.223084
2534,2.535000,33.324083,0.009458,0.000000,0.015875,35.228542
2535,2.536000,32.914916,0.009167,0.000000,0.015834,35.018000
2536,2.537000,33.013500,0.008834,0.000000,0.014792,35.036083
2537,2.538000,32.947417,0.009417,0.000000,0.016833,34.937875
2538,2.539000,32.873583,0.009042,0.000000,0.015333,34.897000
2539,2.540000,32.820750,0.008500,0.000000,0.014458,34.841708
2540,2.541000,32.845375,0.008666,0.000000,0.014459,34.764250
2541,2.542000,32.869750,0.009166,0.000000,0.015458,34.798375
2542,2.543000,32.636833,0.008709,0.000000,0.014625,34.655458
2543,2.544000,32.983542,0.008458,0.000000,0.014250,35.031542
2544,2.545000,32.786625,0.008500,0.000000,0.014250,34.654042
2545,2.546000,32.624375,0.008792,0.000000,0.014541,34.542708
2546,2.547000,32.811000,0.009166,0.000000,0.015291,34.706250
2547,2.548000,32.684875,0.009708,0.000000,0.016083,34.648916
2548,2.549000,32.311250,0.008292,0.000000,0.014000,34.315167
2549,2.550000,32.419459,0.008583,0.000000,0.014500,34.307084
2550,2.551000,32.511791,0.009167,0.000000,0.015500,34.451500
2551,2.552000,32.843542,0.009458,0.000000,0.016042,34.883208
2552,2.553000,32.479625,0.008583,0.000000,0.014417,34.582875
2553,2.554000,33.115792,0.008417,0.000000,0.014208,34.998958
2554,2.555000,32.801333,0.008333,0.000000,0.014167,34.694042
2555,2.556000,32.989667,0.008875,0.000000,0.015000,34.860958
2556,2.557000,32.780792,0.009334,0.000000,0.015625,34.754750
2557,2.558000,33.674750,0.009958,0.000000,0.022250,35.712667
2558,2.559000,33.843459,0.009250,0.000000,0.020500,35.894833
2559,2.560000,32.743458,0.008917,0.000000,0.015667,34.640167
2560,2.561000,33.559625,0.009333,0.000000,0.015666,35.464917
2561,2.562000,33.346625,0.009250,0.000000,0.015667,35.365792
2562,2.563000,33.327750,0.009417,0.000000,0.015708,35.356875
2563,2.564000,33.259292,0.008792,0.000000,0.014917,35.233917
2564,2.565000,33.613125,0.008958,0.000000,0.014958,35.606041
2565,2.566000,33.827542,0.009084,0.000000,0.017500,35.850667
2566,2.567000,33.449000,0.009042,0.000000,0.015125,35.362667
2567,2.568000,33.635250,0.008500,0.000000,0.014250,35.590166
2568,2.569000,33.354958,0.008834,0.000000,0.015000,35.238292
2569,2.570000,33.749750,0.008542,0.000000,0.014416,35.700375
2570,2.571000,33.228708,0.009042,0.000000,0.015083,35.105959
2571,2.572000,33.256250,0.008584,0.000000,0.014416,35.206750
2572,2.573000,33.628750,0.009167,0.000000,0.015625,35.508708
2573,2.574000,33.183708,0.009083,0.000000,0.015500,35.189709
2574,2.575000,33.658750,0.008792,0.000000,0.014959,35.636792
2575,2.576000,33.631458,0.009458,0.000000,0.016750,35.577667
2576,2.577000,33.326334,0.009042,0.000000,0.015459,35.207792
2577,2.578000,33.420292,0.008750,0.000000,0.014917,35.437584
2578,2.579000,33.853250,0.009000,0.000000,0.015125,35.803750
2579,2.580000,33.600333,0.008292,0.000000,0.014166,35.559500
2580,2.581000,33.290667,0.008791,0.000000,0.015209,35.163458
2581,2.582000,33.446584,0.008458,0.000000,0.014292,35.354500
2582,2.583000,33.552375,0.009125,0.000000,0.015292,35.438083
2583,2.584000,33.471541,0.009167,0.000000,0.015416,35.485708
2584,2.585000,33.216833,0.008667,0.000000,0.014666,35.191125
2585,2.586000,33.367417,0.008542,0.000000,0.014416,35.342708
2586,2.587000,33.655250,0.009083,0.000000,0.015583,35.554166
2587,2.588000,33.435583,0.009042,0.000000,0.015500,35.331083
2588,2.589000,33.076084,0.008959,0.000000,0.015208,35.093250
2589,2.590000,33.434292,0.008750,0.000000,0.014750,35.433583
2590,2.591000,33.691042,0.008875,0.000000,0.015083,35.617708
2591,2.592000,33.093333,0.008416,0.000000,0.014083,35.077375
2592,2.593000,33.377584,0.008750,0.000000,0.014875,35.250334
2593,2.594000,33.803292,0.009000,0.000000,0.016333,35.762792
2594,2.595000,33.166292,0.008459,0.000000,0.014292,35.043333
2595,2.596000,33.431667,0.009084,0.000000,0.015292,35.318000
2596,2.597000,33.146292,0.008458,0.000000,0.014250,35.150500
2597,2.598000,32.997708,0.008834,0.000000,0.014750,34.882292
2598,2.599000,33.181625,0.008916,0.000000,0.014875,35.140666
2599,2.600000,33.170792,0.008834,0.000000,0.014875,35.136792
2600,2.601000,33.573042,0.008334,0.000000,0.014041,35.525042
2601,2.602000,32.894291,0.008667,0.000000,0.014500,34.778459
2602,2.603000,32.948125,0.008875,0.000000,0.014791,34.846208
2603,2.604000,33.188708,0.008500,0.000000,0.014416,35.156084
2604,2.605000,33.096625,0.008750,0.000000,0.014708,35.026125
2605,2.606000,33.519791,0.009250,0.000000,0.015375,35.442667
2606,2.607000,33.132166,0.008791,0.000000,0.014917,35.051416
2607,2.608000,33.320625,0.008333,0.000000,0.014042,35.245458
2608,2.609000,33.526125,0.008500,0.000000,0.014292,35.462833
2609,2.610000,33.402708,0.008417,0.000000,0.014334,35.285458
2610,2.611000,33.284917,0.008917,0.000000,0.015000,35.158000
2611,2.612000,33.342666,0.009500,0.000000,0.015709,35.368416
2612,2.613000,33.296917,0.009334,0.000000,0.020542,35.350625
2613,2.614000,38.537084,0.010750,0.000000,0.028541,40.542833
2614,2.615000,34.121250,0.010666,0.000000,0.028292,36.255083
2615,2.616000,39.143917,0.010875,0.000000,0.030583,41.247666
2616,2.617000,34.445375,0.011084,0.000000,0.031000,36.554791
2617,2.618000,38.845125,0.010583,0.000000,0.028625,41.388291
2618,2.619000,38.295375,0.010917,0.000000,0.029709,40.340958
2619,2.620000,34.235167,0.010625,0.000000,0.027709,37.167875
2620,2.621000,39.863250,0.010625,0.000000,0.028791,42.246000
2621,2.622000,34.739542,0.010375,0.000000,0.029250,37.010416
2622,2.623000,36.001459,0.010542,0.000000,0.020958,38.014084
2623,2.624000,36.744375,0.009666,0.000000,0.016833,38.846958
2624,2.625000,36.695541,0.008542,0.000000,0.014625,38.721958
2625,2.626000,36.148375,0.010291,0.000000,0.017292,38.063667
2626,2.627000,35.644375,0.010625,0.000000,0.017958,37.747958
2627,2.628000,35.241167,0.008709,0.000000,0.014667,37.533250
2628,2.629000,39.063583,0.018875,0.009123,98.808250,139.938625
2629,2.630000,14.147000,0.008750,0.000000,0.015583,16.062500
2630,2.631000,14.617833,0.008875,0.000000,0.014125,16.674750
2631,2.632000,14.525000,0.009833,0.000000,0.015917,16.371917
2632,2.633000,14.122500,0.008708,0.000000,0.013791,16.134083
2633,2.634000,14.491083,0.008583,0.000000,0.013500,16.406500
2634,2.635000,14.389250,0.010000,0.000000,0.015625,16.180959
2635,2.636000,14.221042,0.008750,0.000000,0.013583,16.270375
2636,2.637000,14.587584,0.009625,0.000000,0.015208,16.392584
2637,2.638000,7.335583,0.009458,0.000000,0.014458,8.876708
2638,2.639000,7.291584,0.009708,0.000000,0.014708,8.931291
2639,2.640000,7.260084,0.010125,0.000000,0.015334,8.965542
2640,2.641000,7.197042,0.009584,0.000000,0.014542,8.946000
2641,2.642000,7.205875,0.008375,0.000000,0.012708,8.871292
2642,2.643000,7.326667,0.008334,0.000000,0.012916,8.997000
2643,2.644000,7.356083,0.008500,0.000000,0.012958,8.901333
2644,2.645000,7.361750,0.008583,0.000000,0.013083,8.884667
2645,2.646000,7.337541,0.009166,0.000000,0.013959,8.895208
2646,2.647000,7.400542,0.009083,0.000000,0.013917,9.034833
2647,2.648000,7.634541,0.009750,0.000000,0.014792,9.222417
2648,2.649000,7.193333,0.009292,0.000000,0.014083,8.836625
2649,2.650000,7.061458,0.009666,0.000000,0.014500,8.733375
2650,2.651000,7.076708,0.009583,0.000000,0.014542,8.757208
2651,2.652000,7.192916,0.008459,0.000000,0.012834,8.862708
2652,2.653000,7.314416,0.008542,0.000000,0.012958,8.942792
2653,2.654000,7.371708,0.008333,0.000000,0.012625,8.886625
2654,2.655000,7.217750,0.008666,0.000000,0.013250,8.728042
2655,2.656000,7.386000,0.008458,0.000000,0.012875,8.905250
2656,2.657000,7.287708,0.009542,0.000000,0.014375,8.805458
2657,2.658000,7.144834,0.009459,0.000000,0.014292,8.736792
2658,2.659000,7.097500,0.009292,0.000000,0.014125,8.778042
2659,2.660000,7.123708,0.009542,0.000000,0.014542,8.794333
2660,2.661000,7.177542,0.008333,0.000000,0.012708,8.839667
2661,2.662000,7.310459,0.008667,0.000000,0.013167,8.906375
2662,2.663000,7.420583,0.008458,0.000000,0.012875,8.970500
2663,2.664000,7.399875,0.008625,0.000000,0.013000,8.905250
2664,2.665000,7.285666,0.008834,0.000000,0.013375,8.792958
2665,2.666000,7.499500,0.009334,0.000000,0.014500,9.049417
2666,2.667000,7.253834,0.009583,0.000000,0.014500,8.809208
2667,2.668000,7.264416,0.009500,0.000000,0.014416,8.935375
2668,2.669000,7.149250,0.009375,0.000000,0.014208,8.826291
2669,2.670000,7.117958,0.009166,0.000000,0.013917,8.792042
2670,2.671000,7.237833,0.008417,0.000000,0.012916,8.851125
2671,2.672000,7.353417,0.008459,0.000000,0.013042,8.929709
2672,2.673000,7.349375,0.009209,0.000000,0.013958,8.858584
2673,2.674000,7.139500,0.009500,0.000000,0.014542,8.761375
2674,2.675000,7.216666,0.008458,0.000000,0.012791,8.878083
2675,2.676000,7.324875,0.008417,0.000000,0.012833,8.987083
2676,2.677000,10.765500,0.017208,0.000000,12.277625,24.588875
2677,2.678000,10.555000,0.008542,0.000000,0.013583,12.187375
2678,2.679000,10.635125,0.008583,0.000000,0.013292,12.150500
2679,2.680000,10.871125,0.008708,0.000000,0.013542,12.392458
2680,2.681000,10.693292,0.008541,0.000000,0.013250,12.257083
2681,2.682000,10.611708,0.008916,0.000000,0.013750,12.134709
2682,2.683000,10.859750,0.009500,0.000000,0.014708,12.627833
2683,2.684000,10.569583,0.009167,0.000000,0.014042,12.262042
2684,2.685000,10.812125,0.008833,0.000000,0.015042,12.392958
2685,2.686000,10.619334,0.008250,0.000000,0.013000,12.149750
2686,2.687000,10.664083,0.009625,0.000000,0.015000,12.323541
2687,2.688000,10.578500,0.009458,0.000000,0.014583,12.262875
2688,2.689000,10.445541,0.008708,0.000000,0.013500,12.036583
2689,2.690000,10.585250,0.008709,0.000000,0.013500,12.144250
2690,2.691000,10.789917,0.009292,0.000000,0.014625,12.399916
2691,2.692000,10.482709,0.009292,0.000000,0.014333,12.169458
2692,2.693000,10.650834,0.008167,0.000000,0.012791,12.262041
2693,2.694000,10.563042,0.008458,0.000000,0.013209,12.069958
2694,2.695000,10.563333,0.008750,0.000000,0.013583,12.082667
2695,2.696000,10.747792,0.009416,0.000000,0.014584,12.496458
2696,2.697000,10.461833,0.009125,0.000000,0.014125,12.138666
2697,2.698000,10.672666,0.008542,0.000000,0.013167,12.222083
2698,2.699000,10.547083,0.008416,0.000000,0.013000,12.057625
2699,2.700000,10.600083,0.009625,0.000000,0.014709,12.185541
2700,2.701000,10.447834,0.009042,0.000000,0.013958,12.132500
2701,2.702000,10.517833,0.008500,0.000000,0.013083,12.126084
2702,2.703000,10.584291,0.009000,0.000000,0.014042,12.107875
2703,2.704000,10.570459,0.008500,0.000000,0.013250,12.194250
2704,2.705000,10.539625,0.008541,0.000000,0.013208,12.051750
2705,2.706000,15.642750,0.027000,0.000000,0.082292,17.795625
2706,2.707000,10.701417,0.010125,0.000000,0.026000,13.946708
2707,2.708000,10.280209,0.008875,0.000000,0.015125,11.877291
2708,2.709000,10.246250,0.009000,0.000000,0.015792,11.790875
2709,2.710000,11.964500,0.016709,0.002249,17.805042,31.319500
2710,2.711000,13.264125,0.015918,0.002167,23.582459,38.380833
2711,2.712000,10.150333,0.008666,0.000000,0.014417,11.685458
2712,2.713000,10.211334,0.008583,0.000000,0.013583,11.741833
2713,2.714000,13.546750,0.015875,0.001582,23.565250,38.630291
2714,2.715000,13.429750,0.008709,0.000000,0.014542,14.978125
2715,2.716000,13.430625,0.008750,0.000000,0.013709,14.971500
2716,2.717000,11.682958,0.008458,0.000000,0.013333,13.208166
2717,2.718000,10.907167,0.008625,0.000000,0.013417,12.434541
2718,2.719000,11.717875,0.015166,0.001626,17.330167,30.565250
2719,2.720000,11.577791,0.008583,0.000000,0.013708,13.115291
2720,2.721000,11.602166,0.008583,0.000000,0.013334,13.127500
2721,2.722000,11.549292,0.008500,0.000000,0.013292,13.079542
2722,2.723000,13.278541,0.015167,0.001917,23.046375,37.850417
2723,2.724000,13.095000,0.008458,0.000000,0.013958,14.662042
2724,2.725000,13.195042,0.008667,0.000000,0.013541,14.733125
2725,2.726000,13.206541,0.008417,0.000000,0.013292,14.754917
2726,2.727000,13.213458,0.008417,0.000000,0.013500,14.744542
2727,2.728000,13.197792,0.008375,0.000000,0.013250,14.733959
2728,2.729000,13.147417,0.008209,0.000000,0.013041,14.690834
2729,2.730000,13.254791,0.008625,0.000000,0.013375,14.793166
2730,2.731000,13.204666,0.008291,0.000000,0.013208,14.745750
2731,2.732000,13.170000,0.008459,0.000000,0.013458,14.705917
2732,2.733000,13.144875,0.008333,0.000000,0.013250,14.684459
2733,2.734000,13.097542,0.008458,0.000000,0.013292,14.633958
2734,2.735000,13.294083,0.008416,0.000000,0.013333,14.843083
2735,2.736000,13.168542,0.008375,0.000000,0.013208,14.714875
2736,2.737000,13.047083,0.008250,0.000000,0.013125,14.602167
2737,2.738000,12.952625,0.008417,0.000000,0.013250,14.488000
2738,2.739000,13.087250,0.008417,0.000000,0.013167,14.632083
2739,2.740000,12.998041,0.008333,0.000000,0.013084,14.539083
2740,2.741000,12.901583,0.008417,0.000000,0.013125,14.435709
2741,2.742000,12.915750,0.008375,0.000000,0.013459,14.455250
2742,2.743000,12.987792,0.008417,0.000000,0.013125,14.530917
2743,2.744000,12.972708,0.008458,0.000000,0.013125,14.500625
2744,2.745000,13.052250,0.008333,0.000000,0.013167,14.591542
2745,2.746000,13.019083,0.008250,0.000000,0.013042,14.544042
2746,2.747000,13.101750,0.013875,0.000000,0.018833,14.644417
2747,2.748000,13.039292,0.008209,0.000000,0.012959,14.570084
2748,2.749000,13.119833,0.008500,0.000000,0.013208,14.649583
2749,2.750000,13.053500,0.008416,0.000000,0.014084,14.595541
2750,2.751000,13.145000,0.008208,0.000000,0.013166,14.675375
2751,2.752000,13.128709,0.008375,0.000000,0.013125,14.661834
2752,2.753000,13.187167,0.008417,0.000000,0.013000,14.712459
2753,2.754000,13.201083,0.008417,0.000000,0.013125,14.733917
2754,2.755000,13.217792,0.008375,0.000000,0.013000,14.744209
2755,2.756000,13.146041,0.008333,0.000000,0.013125,14.672167
2756,2.757000,13.197208,0.008291,0.000000,0.013166,14.719625
2757,2.758000,13.108917,0.008333,0.000000,0.013083,14.635667
2758,2.759000,13.161875,0.008166,0.000000,0.012917,14.685209
2759,2.760000,13.044917,0.008375,0.000000,0.013125,14.564666
2760,2.761000,13.129792,0.008208,0.000000,0.012916,14.649958
2761,2.762000,13.101000,0.008292,0.000000,0.013042,14.621792
2762,2.763000,13.220541,0.008584,0.000000,0.013292,14.746333
2763,2.764000,13.204292,0.008292,0.000000,0.013166,14.737458
2764,2.765000,13.176708,0.008417,0.000000,0.013250,14.700334
2765,2.766000,13.162208,0.008291,0.000000,0.013083,14.691166
2766,2.767000,13.131791,0.008458,0.000000,0.013167,14.657250
2767,2.768000,13.212500,0.008459,0.000000,0.013208,14.742667
2768,2.769000,13.172167,0.008292,0.000000,0.013083,14.706583
2769,2.770000,13.080667,0.008375,0.000000,0.013208,14.604084
2770,2.771000,13.193250,0.008417,0.000000,0.013333,14.723875
2771,2.772000,13.190333,0.008459,0.000000,0.013250,14.719375
2772,2.773000,13.136417,0.008375,0.000000,0.013166,14.674125
2773,2.774000,13.181917,0.008333,0.000000,0.013167,14.704958
2774,2.775000,12.988625,0.008208,0.000000,0.012959,14.523458
2775,2.776000,13.161250,0.008291,0.000000,0.013167,14.694583
2776,2.777000,13.145000,0.008833,0.000000,0.014541,14.686167
2777,2.778000,13.187542,0.008250,0.000000,0.012958,14.735500
2778,2.779000,13.093375,0.008375,0.000000,0.013292,14.633583
2779,2.780000,13.129542,0.008250,0.000000,0.013125,14.660833
2780,2.781000,13.100917,0.008375,0.000000,0.013250,14.644542
2781,2.782000,13.132167,0.008625,0.000000,0.013750,14.667458
2782,2.783000,13.121834,0.008292,0.000000,0.013250,14.661583
2783,2.784000,13.152625,0.008458,0.000000,0.013292,14.702042
2784,2.785000,13.223542,0.008208,0.000000,0.013208,14.761750
2785,2.786000,13.171208,0.008375,0.000000,0.013208,14.763167
2786,2.787000,13.157458,0.008459,0.000000,0.013250,14.693833
2787,2.788000,16.754041,0.008417,0.000000,0.013375,18.517750
2788,2.789000,16.539666,0.008416,0.000000,0.013292,18.307208
2789,2.790000,16.475292,0.008292,0.000000,0.013209,18.231292
2790,2.791000,16.573041,0.008333,0.000000,0.013375,18.330417
2791,2.792000,16.463459,0.008250,0.000000,0.013125,18.219917
2792,2.793000,16.455583,0.008334,0.000000,0.013042,18.210708
2793,2.794000,16.508583,0.008333,0.000000,0.013125,18.266083
2794,2.795000,16.722208,0.008417,0.000000,0.013416,18.479875
2795,2.796000,16.683042,0.008458,0.000000,0.013333,18.441083
2796,2.797000,16.762541,0.008459,0.000000,0.013417,18.521000
2797,2.798000,16.661834,0.008292,0.000000,0.013209,18.416416
2798,2.799000,16.589625,0.008375,0.000000,0.013209,18.362709
2799,2.800000,16.702875,0.008333,0.000000,0.013292,18.462875
2800,2.801000,16.680584,0.008292,0.000000,0.013375,18.455250
2801,2.802000,16.615459,0.008291,0.000000,0.013125,18.375750
2802,2.803000,16.577625,0.008209,0.000000,0.013083,18.334666
2803,2.804000,16.715334,0.008292,0.000000,0.013208,18.470125
2804,2.805000,16.696584,0.008500,0.000000,0.013333,18.458166
2805,2.806000,16.605625,0.008333,0.000000,0.013167,18.358333
2806,2.807000,16.680375,0.008292,0.000000,0.013208,18.437416
2807,2.808000,16.619333,0.008292,0.000000,0.013000,18.377708
2808,2.809000,16.575709,0.008459,0.000000,0.013333,18.334250
2809,2.810000,16.740417,0.008292,0.000000,0.013166,18.494125
2810,2.811000,16.633125,0.008208,0.000000,0.013125,18.389125
2811,2.812000,16.675875,0.008542,0.000000,0.014291,18.436417
2812,2.813000,16.595125,0.008333,0.000000,0.013208,18.349292
2813,2.814000,16.634750,0.008542,0.000000,0.013333,18.388542
2814,2.815000,16.627959,0.008417,0.000000,0.013292,18.385250
2815,2.816000,16.733375,0.008209,0.000000,0.013042,18.488708
2816,2.817000,16.743458,0.008208,0.000000,0.013416,18.495750
2817,2.818000,16.638667,0.008083,0.000000,0.012875,18.394917
2818,2.819000,16.727417,0.008416,0.000000,0.013250,18.480958
2819,2.820000,16.536584,0.008417,0.000000,0.013208,18.311500
2820,2.821000,16.582042,0.008375,0.000000,0.013167,18.347958
2821,2.822000,16.648375,0.008292,0.000000,0.013083,18.404709
2822,2.823000,16.744583,0.008208,0.000000,0.013041,18.506959
2823,2.824000,16.757792,0.008500,0.000000,0.013292,18.512291
2824,2.825000,16.616542,0.008167,0.000000,0.013042,18.370833
2825,2.826000,16.573500,0.008208,0.000000,0.013041,18.335584
2826,2.827000,16.620792,0.008500,0.000000,0.013375,18.372542
2827,2.828000,16.693791,0.008375,0.000000,0.013292,18.462166
2828,2.829000,16.668250,0.008333,0.000000,0.013083,18.426500
2829,2.830000,16.605583,0.008459,0.000000,0.013375,18.361416
2830,2.831000,16.595792,0.008375,0.000000,0.013167,18.363166
2831,2.832000,16.762542,0.008250,0.000000,0.013084,18.543208
2832,2.833000,16.559917,0.008459,0.000000,0.013208,18.328959
2833,2.834000,16.570500,0.008458,0.000000,0.013334,18.340334
2834,2.835000,16.601416,0.008333,0.000000,0.013250,18.376250
2835,2.836000,16.649458,0.008250,0.000000,0.013208,18.413459
2836,2.837000,16.609042,0.008250,0.000000,0.013333,18.372875
2837,2.838000,16.765417,0.008375,0.000000,0.013375,18.532375
2838,2.839000,16.663708,0.008375,0.000000,0.013375,18.432333
2839,2.840000,16.777333,0.008208,0.000000,0.013208,18.544625
2840,2.841000,16.880375,0.008333,0.000000,0.013167,18.647209
2841,2.842000,16.702916,0.008458,0.000000,0.013375,18.473000
2842,2.843000,16.771291,0.008417,0.000000,0.013375,18.531292
2843,2.844000,16.753958,0.008208,0.000000,0.013917,18.513958
2844,2.845000,16.793125,0.008333,0.000000,0.013208,18.549584
2845,2.846000,16.781584,0.008417,0.000000,0.013250,18.534042
2846,2.847000,16.762875,0.008291,0.000000,0.013083,18.525375
2847,2.848000,16.709792,0.008333,0.000000,0.013125,18.472875
2848,2.849000,16.676708,0.008334,0.000000,0.013208,18.433375
2849,2.850000,16.800917,0.008291,0.000000,0.013167,18.561333
2850,2.851000,16.787792,0.008416,0.000000,0.013208,18.557167
2851,2.852000,16.837834,0.008500,0.000000,0.013250,18.594334
2852,2.853000,16.773333,0.008292,0.000000,0.013166,18.530792
2853,2.854000,18.116500,0.015375,0.002583,28.779583,48.643708
2854,2.855000,13.390458,0.015375,0.000875,11.551417,26.675625
2855,2.856000,13.323667,0.008375,0.000000,0.013542,15.060459
2856,2.857000,10.218084,0.008167,0.000000,0.012666,11.948708
2857,2.858000,10.184042,0.008542,0.000000,0.013084,11.908625
2858,2.859000,10.183667,0.008292,0.000000,0.012750,11.910875
2859,2.860000,10.172250,0.008292,0.000000,0.012791,11.894166
2860,2.861000,10.185375,0.008250,0.000000,0.012750,11.919292
2861,2.862000,10.144083,0.008334,0.000000,0.012833,11.874667
2862,2.863000,10.117459,0.008458,0.000000,0.012834,11.837708
2863,2.864000,10.205833,0.008416,0.000000,0.012875,11.920917
2864,2.865000,10.110917,0.008208,0.000000,0.012541,11.845958
2865,2.866000,10.114959,0.008292,0.000000,0.012708,11.844166
2866,2.867000,10.118708,0.008417,0.000000,0.012875,11.844166
2867,2.868000,10.142042,0.008375,0.000000,0.012833,11.867250
2868,2.869000,10.316125,0.008292,0.000000,0.013167,12.063042
2869,2.870000,10.196167,0.008167,0.000000,0.012625,11.938750
2870,2.871000,10.250416,0.008250,0.000000,0.012708,11.987541
2871,2.872000,10.278917,0.008125,0.000000,0.012541,12.003000
2872,2.873000,10.333917,0.008375,0.000000,0.012750,12.061541
2873,2.874000,10.251209,0.008417,0.000000,0.012750,11.981833
2874,2.875000,10.266416,0.008208,0.000000,0.012542,11.992334
2875,2.876000,11.765875,0.015624,0.000000,5.872375,19.370917
2876,2.877000,13.374958,0.015125,0.000999,11.549041,26.655708
2877,2.878000,11.730000,0.008250,0.000000,0.013209,13.462541
2878,2.879000,11.833042,0.008375,0.000000,0.013083,13.580166
2879,2.880000,11.662917,0.008375,0.000000,0.013042,13.403250
2880,2.881000,11.687208,0.008375,0.000000,0.012875,13.432250
2881,2.882000,11.686125,0.008417,0.000000,0.013125,13.414375
2882,2.883000,11.744334,0.008292,0.000000,0.013000,13.476250
2883,2.884000,11.745458,0.008250,0.000000,0.012833,13.478833
2884,2.885000,11.713708,0.008167,0.000000,0.012667,13.448834
2885,2.886000,11.759917,0.008584,0.000000,0.013167,13.521042
2886,2.887000,11.627000,0.008250,0.000000,0.012916,13.371917
2887,2.888000,11.682292,0.008250,0.000000,0.012833,13.423250
2888,2.889000,11.681708,0.008208,0.000000,0.012750,13.447833
2889,2.890000,13.540250,0.015292,0.000959,11.615791,26.890250
2890,2.891000,11.689291,0.008542,0.000000,0.013542,13.447167
2891,2.892000,11.725083,0.008375,0.000000,0.012917,13.464209
2892,2.893000,11.657875,0.008333,0.000000,0.012917,13.392667
2893,2.894000,11.694875,0.008375,0.000000,0.012959,13.435500
2894,2.895000,11.671750,0.008291,0.000000,0.012833,13.411417
2895,2.896000,11.687500,0.008458,0.000000,0.013042,13.427041
2896,2.897000,13.278709,0.015041,0.000874,11.645291,26.660625
2897,2.898000,10.073125,0.008416,0.000000,0.013250,11.800125
2898,2.899000,13.316042,0.015542,0.000000,11.757500,26.815542
2899,2.900000,13.341459,0.008500,0.000000,0.013458,15.085250
2900,2.901000,13.321084,0.008458,0.000000,0.013125,15.062250
2901,2.902000,13.310334,0.008291,0.000000,0.013000,15.054833
2902,2.903000,13.386625,0.008375,0.000000,0.012958,15.140167
2903,2.904000,13.321250,0.008292,0.000000,0.012958,15.070834
2904,2.905000,13.394167,0.008583,0.000000,0.013333,15.138959
2905,2.906000,13.360750,0.008458,0.000000,0.013208,15.106000
2906,2.907000,13.324917,0.008375,0.000000,0.013042,15.071125
2907,2.908000,13.299209,0.008416,0.000000,0.013042,15.039083
2908,2.909000,13.358334,0.008458,0.000000,0.013208,15.105084
2909,2.910000,13.294625,0.008291,0.000000,0.012959,15.037791
2910,2.911000,13.393834,0.008375,0.000000,0.013083,15.138708
2911,2.912000,13.347125,0.008459,0.000000,0.013042,15.088417
2912,2.913000,13.463625,0.008333,0.000000,0.013209,15.214667
2913,2.914000,13.390792,0.008583,0.000000,0.013250,15.147292
2914,2.915000,13.415833,0.008250,0.000000,0.012833,15.160125
2915,2.916000,13.512417,0.008250,0.000000,0.012958,15.253459
2916,2.917000,13.463958,0.008416,0.000000,0.013125,15.213917
2917,2.918000,13.416791,0.008625,0.000000,0.013291,15.171792
2918,2.919000,13.535750,0.008542,0.000000,0.013125,15.277500
2919,2.920000,13.505292,0.008333,0.000000,0.012958,15.244333
2920,2.921000,13.479834,0.008333,0.000000,0.012875,15.222250
2921,2.922000,13.456416,0.008250,0.000000,0.012875,15.206375
2922,2.923000,13.486250,0.008375,0.000000,0.013125,15.228833
2923,2.924000,13.429125,0.008375,0.000000,0.013084,15.177000
2924,2.925000,13.532917,0.008375,0.000000,0.012959,15.278042
2925,2.926000,13.456791,0.008292,0.000000,0.013041,15.205959
2926,2.927000,13.501458,0.008500,0.000000,0.013333,15.240666
2927,2.928000,13.495417,0.008709,0.000000,0.013542,15.280500
2928,2.929000,13.474292,0.008375,0.000000,0.012958,15.216209
2929,2.930000,13.434209,0.008333,0.000000,0.013042,15.189625
2930,2.931000,13.520792,0.008250,0.000000,0.012875,15.263750
2931,2.932000,13.354250,0.008333,0.000000,0.012875,15.105375
2932,2.933000,13.533083,0.008625,0.000000,0.013334,15.273416
2933,2.934000,13.417292,0.009125,0.000000,0.013791,15.162292
2934,2.935000,13.418958,0.008334,0.000000,0.013541,15.218333
2935,2.936000,13.456000,0.008292,0.000000,0.013041,15.212292
2936,2.937000,13.446500,0.008292,0.000000,0.013125,15.216708
2937,2.938000,13.469459,0.008458,0.000000,0.013250,15.236458
2938,2.939000,13.458708,0.008334,0.000000,0.013125,15.212709
2939,2.940000,13.446542,0.008458,0.000000,0.013209,15.202708
2940,2.941000,13.471750,0.008416,0.000000,0.013250,15.231583
2941,2.942000,13.370459,0.008500,0.000000,0.013208,15.125125
2942,2.943000,13.459584,0.008417,0.000000,0.013166,15.212167
2943,2.944000,13.415167,0.008416,0.000000,0.013166,15.174542
2944,2.945000,13.463333,0.008333,0.000000,0.013084,15.222000
2945,2.946000,13.244125,0.008333,0.000000,0.013500,14.994500
2946,2.947000,13.249375,0.008417,0.000000,0.013208,15.009375
2947,2.948000,13.312542,0.008250,0.000000,0.012917,15.062500
2948,2.949000,13.271042,0.008334,0.000000,0.013042,15.030709
2949,2.950000,13.286083,0.008333,0.000000,0.012875,15.037958
2950,2.951000,13.260417,0.008167,0.000000,0.012791,15.021542
2951,2.952000,13.434125,0.008500,0.000000,0.013292,15.186458
2952,2.953000,13.428666,0.008500,0.000000,0.013125,15.182084
2953,2.954000,13.332417,0.008292,0.000000,0.012917,15.083708
2954,2.955000,13.276750,0.008333,0.000000,0.013042,15.030083
2955,2.956000,13.263625,0.008250,0.000000,0.013042,15.015250
2956,2.957000,13.320083,0.008458,0.000000,0.013333,15.080791
2957,2.958000,13.375083,0.008417,0.000000,0.013333,15.127000
2958,2.959000,13.382625,0.008208,0.000000,0.012958,15.133542
2959,2.960000,13.338250,0.008167,0.000000,0.012958,15.088292
2960,2.961000,13.484375,0.008500,0.000000,0.013167,15.232000
2961,2.962000,13.390625,0.008417,0.000000,0.013083,15.137250
2962,2.963000,13.453791,0.008292,0.000000,0.013083,15.199208
2963,2.964000,13.394708,0.008208,0.000000,0.013083,15.147916
2964,2.965000,13.439000,0.008417,0.000000,0.013250,15.196166
2965,2.966000,13.395584,0.008417,0.000000,0.013083,15.147333
2966,2.967000,13.484334,0.008250,0.000000,0.012916,15.231041
2967,2.968000,13.434542,0.008167,0.000000,0.013291,15.181709
2968,2.969000,13.567625,0.008417,0.000000,0.013042,15.319625
2969,2.970000,13.566667,0.008250,0.000000,0.013000,15.317750
2970,2.971000,13.647875,0.008666,0.000000,0.013375,15.402958
2971,2.972000,13.539167,0.008208,0.000000,0.013166,15.294000
2972,2.973000,13.475333,0.008250,0.000000,0.013041,15.227292
2973,2.974000,13.531792,0.008250,0.000000,0.013083,15.287791
2974,2.975000,13.520750,0.008375,0.000000,0.013208,15.280291
2975,2.976000,13.585292,0.008542,0.000000,0.013292,15.337000
2976,2.977000,13.613459,0.008292,0.000000,0.013042,15.366291
2977,2.978000,13.525666,0.008125,0.000000,0.012792,15.283000
2978,2.979000,13.497125,0.008250,0.000000,0.013042,15.259792
2979,2.980000,13.578875,0.008500,0.000000,0.013125,15.331250
2980,2.981000,13.610500,0.008208,0.000000,0.012875,15.356667
2981,2.982000,13.548083,0.008375,0.000000,0.013166,15.325833
2982,2.983000,13.611167,0.008208,0.000000,0.012917,15.360041
2983,2.984000,13.617000,0.008250,0.000000,0.012917,15.380583
2984,2.985000,13.601542,0.008625,0.000000,0.013334,15.364833
2985,2.986000,13.514500,0.008291,0.000000,0.012958,15.259666
2986,2.987000,13.529875,0.008333,0.000000,0.012916,15.284625
2987,2.988000,13.512458,0.008416,0.000000,0.013125,15.270625
2988,2.989000,13.494083,0.008292,0.000000,0.012916,15.249375
2989,2.990000,13.660000,0.008500,0.000000,0.013166,15.416042
2990,2.991000,13.526125,0.008209,0.000000,0.012917,15.295292
2991,2.992000,13.540708,0.008333,0.000000,0.013083,15.323500
2992,2.993000,13.491417,0.008375,0.000000,0.013083,15.261166
2993,2.994000,13.609292,0.008583,0.000000,0.013458,15.383042
2994,2.995000,13.469750,0.008458,0.000000,0.013209,15.227375
2995,2.996000,13.476083,0.008250,0.000000,0.012958,15.235125
2996,2.997000,13.637417,0.008375,0.000000,0.013083,15.391250
2997,2.998000,13.571917,0.008250,0.000000,0.012958,15.342959
2998,2.999000,13.488167,0.008708,0.000000,0.013417,15.247333
2999,3.000000,13.501208,0.008333,0.000000,0.014250,15.261750
3000,3.001000,13.535333,0.010250,0.000000,0.015083,15.295875
3001,3.002000,13.515792,0.008208,0.000000,0.012833,15.271375
3002,3.003000,13.513667,0.008291,0.000000,0.013041,15.265709
3003,3.004000,13.498375,0.008542,0.000000,0.013333,15.253542
3004,3.005000,13.534666,0.008333,0.000000,0.013083,15.287625
3005,3.006000,13.445167,0.008250,0.000000,0.012917,15.191458
3006,3.007000,13.529458,0.008333,0.000000,0.013042,15.282958
3007,3.008000,13.529666,0.008458,0.000000,0.013166,15.277250
3008,3.009000,13.608792,0.008375,0.000000,0.013125,15.360041
3009,3.010000,13.526167,0.008292,0.000000,0.013167,15.282417
3010,3.011000,13.611000,0.008333,0.000000,0.013083,15.368208
3011,3.012000,13.592750,0.008167,0.000000,0.012917,15.336875
3012,3.013000,13.589334,0.008417,0.000000,0.013167,15.345500
3013,3.014000,13.513500,0.008334,0.000000,0.013209,15.270583
3014,3.015000,13.527250,0.008333,0.000000,0.012958,15.280750
3015,3.016000,13.554834,0.008375,0.000000,0.013166,15.308042
3016,3.017000,13.600417,0.008334,0.000000,0.013000,15.347375
3017,3.018000,13.629625,0.008458,0.000000,0.013250,15.388416
3018,3.019000,13.541375,0.008333,0.000000,0.013041,15.287625
3019,3.020000,13.548334,0.008375,0.000000,0.013125,15.298167
3020,3.021000,13.549416,0.008167,0.000000,0.012959,15.299000
3021,3.022000,13.550917,0.008209,0.000000,0.013041,15.304666
3022,3.023000,13.507375,0.008583,0.000000,0.013417,15.253292
3023,3.024000,13.483583,0.008250,0.000000,0.012916,15.229875
3024,3.025000,13.459500,0.008250,0.000000,0.013333,15.208125
3025,3.026000,13.399625,0.008291,0.000000,0.013041,15.158875
3026,3.027000,13.639625,0.008458,0.000000,0.013500,15.406084
3027,3.028000,13.584834,0.008375,0.000000,0.013167,15.333542
3028,3.029000,13.506708,0.008375,0.000000,0.013041,15.256667
3029,3.030000,13.577375,0.008375,0.000000,0.013000,15.327375
3030,3.031000,13.491583,0.008208,0.000000,0.012958,15.249208
3031,3.032000,13.606667,0.008458,0.000000,0.013041,15.354083
3032,3.033000,13.685583,0.008417,0.000000,0.013125,15.432416
3033,3.034000,13.484916,0.008333,0.000000,0.013042,15.231750
3034,3.035000,13.562666,0.008250,0.000000,0.012959,15.306208
3035,3.036000,16.689666,0.015791,0.001710,23.259750,41.689417
3036,3.037000,13.094084,0.008625,0.000000,0.013875,14.854917
3037,3.038000,13.279958,0.008250,0.000000,0.012958,15.046166
3038,3.039000,13.241833,0.008292,0.000000,0.013000,14.994041
3039,3.040000,13.300084,0.008166,0.000000,0.012958,15.066500
3040,3.041000,13.301541,0.008416,0.000000,0.013042,15.056458
3041,3.042000,13.401666,0.008500,0.000000,0.013208,15.159916
3042,3.043000,13.319375,0.008334,0.000000,0.013041,15.072542
3043,3.044000,13.384667,0.008458,0.000000,0.013250,15.135458
3044,3.045000,13.311208,0.008333,0.000000,0.013083,15.071958
3045,3.046000,13.343000,0.008583,0.000000,0.013375,15.104791
3046,3.047000,9.900083,0.008459,0.000000,0.012958,11.420708
3047,3.048000,9.952208,0.008375,0.000000,0.012916,11.470083
3048,3.049000,9.951625,0.008417,0.000000,0.013000,11.476208
3049,3.050000,9.928084,0.008292,0.000000,0.013041,11.463291
3050,3.051000,10.289458,0.008500,0.000000,0.013167,11.826333
3051,3.052000,10.436000,0.008292,0.000000,0.012833,12.065500
3052,3.053000,10.316417,0.008500,0.000000,0.013666,11.966375
3053,3.054000,10.443250,0.008375,0.000000,0.013042,11.980875
3054,3.055000,10.004292,0.008375,0.000000,0.013209,11.642375
3055,3.056000,9.831125,0.008583,0.000000,0.013250,11.350084
3056,3.057000,9.845542,0.008333,0.000000,0.012958,11.360459
3057,3.058000,9.884084,0.008250,0.000000,0.012834,11.399209
3058,3.059000,9.802166,0.008375,0.000000,0.012917,11.324167
3059,3.060000,9.821417,0.008208,0.000000,0.012833,11.341166
3060,3.061000,9.838375,0.008334,0.000000,0.013083,11.364417
3061,3.062000,9.851041,0.008250,0.000000,0.012875,11.370583
3062,3.063000,9.823625,0.008291,0.000000,0.013042,11.340167
3063,3.064000,9.856125,0.008209,0.000000,0.012834,11.366750
3064,3.065000,9.756834,0.008416,0.000000,0.013083,11.278042
3065,3.066000,9.873125,0.008166,0.000000,0.012750,11.389458
3066,3.067000,9.895667,0.008375,0.000000,0.012958,11.427250
3067,3.068000,9.837625,0.008416,0.000000,0.013125,11.349250
3068,3.069000,9.930541,0.008291,0.000000,0.014083,11.452708
3069,3.070000,9.891875,0.008458,0.000000,0.013042,11.411708
3070,3.071000,10.577875,0.015500,0.001583,14.477792,26.571958
3071,3.072000,11.232500,0.015708,0.001583,17.360334,30.107958
3072,3.073000,12.865292,0.015249,0.001959,23.166292,37.548750
3073,3.074000,12.039417,0.008458,0.000000,0.013917,13.566958
3074,3.075000,12.038167,0.008542,0.000000,0.013375,13.565750
3075,3.076000,12.876458,0.014917,0.002083,23.096500,37.486625
3076,3.077000,12.858875,0.008542,0.000000,0.013959,14.402000
3077,3.078000,12.872250,0.008500,0.000000,0.013333,14.404791
3078,3.079000,12.936334,0.008500,0.000000,0.013208,14.473250
3079,3.080000,12.934792,0.008334,0.000000,0.013375,14.465583
3080,3.081000,12.839000,0.008417,0.000000,0.013166,14.367750
3081,3.082000,12.866084,0.008250,0.000000,0.012958,14.397750
3082,3.083000,12.876958,0.008417,0.000000,0.013209,14.415000
3083,3.084000,12.834458,0.008500,0.000000,0.013333,14.369792
3084,3.085000,13.044208,0.008333,0.000000,0.013041,14.574834
3085,3.086000,12.837000,0.008333,0.000000,0.013041,14.361708
3086,3.087000,12.866792,0.008250,0.000000,0.013000,14.395375
3087,3.088000,12.852875,0.008250,0.000000,0.013042,14.378625
3088,3.089000,12.920625,0.008458,0.000000,0.013208,14.452334
3089,3.090000,12.813375,0.008375,0.000000,0.013208,14.342583
3090,3.091000,12.730417,0.008208,0.000000,0.013000,14.251917
3091,3.092000,12.923916,0.008333,0.000000,0.013083,14.461583
3092,3.093000,12.990667,0.008458,0.000000,0.013125,14.516292
3093,3.094000,13.053625,0.008334,0.000000,0.013042,14.589041
3094,3.095000,12.957042,0.008334,0.000000,0.013166,14.495584
3095,3.096000,13.113083,0.008292,0.000000,0.012917,14.634375
3096,3.097000,13.056208,0.008333,0.000000,0.013083,14.602709
3097,3.098000,13.105791,0.008375,0.000000,0.013125,14.633041
3098,3.099000,13.033208,0.008125,0.000000,0.012875,14.578625
3099,3.100000,12.947834,0.008375,0.000000,0.013042,14.480542
3100,3.101000,13.126500,0.008250,0.000000,0.013083,14.655209
3101,3.102000,12.997875,0.008250,0.000000,0.013125,14.527458
3102,3.103000,13.146208,0.008584,0.000000,0.013292,14.681833
3103,3.104000,13.006750,0.008333,0.000000,0.013000,14.542167
3104,3.105000,13.061875,0.008416,0.000000,0.013208,14.596042
3105,3.106000,13.039417,0.008250,0.000000,0.013083,14.586417
3106,3.107000,13.002667,0.008375,0.000000,0.013083,14.539417
3107,3.108000,13.148167,0.008541,0.000000,0.013291,14.683041
3108,3.109000,16.670834,0.008250,0.000000,0.013125,18.446834
3109,3.110000,16.604958,0.008334,0.000000,0.013208,18.371083
3110,3.111000,16.590666,0.008291,0.000000,0.013334,18.351625
3111,3.112000,16.519083,0.008417,0.000000,0.013416,18.301000
3112,3.113000,16.643958,0.009000,0.000000,0.016250,18.440000
3113,3.114000,17.127250,0.008667,0.000000,0.014750,18.954625
3114,3.115000,17.088250,0.008375,0.000000,0.013875,18.891541
3115,3.116000,17.044959,0.008625,0.000000,0.013791,18.904209
3116,3.117000,17.033041,0.008792,0.000000,0.013917,18.825084
3117,3.118000,16.957791,0.008542,0.000000,0.013667,18.760500
3118,3.119000,17.009166,0.008458,0.000000,0.013500,18.800542
3119,3.120000,17.030750,0.008417,0.000000,0.013416,18.837000
3120,3.121000,17.038959,0.009500,0.000000,0.015542,18.835250
3121,3.122000,17.334334,0.008583,0.000000,0.013750,19.126792
3122,3.123000,17.655667,0.009208,0.000000,0.014541,19.455833
3123,3.124000,17.738209,0.008500,0.000000,0.013583,19.656709
3124,3.125000,17.466667,0.008583,0.000000,0.013458,19.269458
3125,3.126000,17.544583,0.008541,0.000000,0.013625,19.357333
3126,3.127000,18.639125,0.016376,0.003207,27.156917,47.650084
3127,3.128000,11.740250,0.008666,0.000000,0.014625,13.644875
3128,3.129000,11.810542,0.009541,0.000000,0.014958,13.585333
3129,3.130000,11.594667,0.009292,0.000000,0.014583,13.485125
3130,3.131000,11.472875,0.009500,0.000000,0.014625,13.445583
3131,3.132000,12.306125,0.017709,0.000625,6.405416,20.656292
3132,3.133000,11.426917,0.009250,0.000000,0.014792,13.208542
3133,3.134000,10.661625,0.008667,0.000000,0.013250,12.424000
3134,3.135000,11.031166,0.008542,0.000000,0.013167,12.817916
3135,3.136000,14.423791,0.015666,0.000000,12.188375,28.366875
3136,3.137000,14.340917,0.009542,0.000000,0.015208,16.165833
3137,3.138000,14.231875,0.008541,0.000000,0.013375,16.013500
3138,3.139000,14.207667,0.008625,0.000000,0.013500,15.992833
3139,3.140000,14.038125,0.008708,0.000000,0.013709,15.818834
3140,3.141000,14.457125,0.009709,0.000000,0.015083,16.292583
3141,3.142000,14.357792,0.008625,0.000000,0.013458,16.203000
3142,3.143000,14.285250,0.008500,0.000000,0.013542,16.071375
3143,3.144000,14.353958,0.008500,0.000000,0.013292,16.125459
3144,3.145000,14.316167,0.008625,0.000000,0.013459,16.106542
3145,3.146000,14.315541,0.008792,0.000000,0.013708,16.156709
3146,3.147000,17.291125,0.015875,0.001668,24.322708,43.391875
3147,3.148000,14.274500,0.009708,0.000000,0.015959,16.112750
3148,3.149000,14.190417,0.008625,0.000000,0.013417,15.994584
3149,3.150000,13.948500,0.009708,0.000000,0.015083,15.735167
3150,3.151000,17.306458,0.016583,0.001375,24.673583,43.943500
3151,3.152000,17.724000,0.008375,0.000000,0.013958,19.513750
3152,3.153000,14.123542,0.008375,0.000000,0.013125,15.902875
3153,3.154000,14.254792,0.008625,0.000000,0.013375,16.033500
3154,3.155000,14.284125,0.009667,0.000000,0.015209,16.081000
3155,3.156000,13.956584,0.008667,0.000000,0.013625,15.904791
3156,3.157000,20.989166,0.015708,0.001458,36.419042,59.297542
3157,3.158000,17.393458,0.008500,0.000000,0.014000,19.262375
3158,3.159000,17.559666,0.008459,0.000000,0.013583,19.364833
3159,3.160000,17.513041,0.008625,0.000000,0.013625,19.330833
3160,3.161000,17.488083,0.009333,0.000000,0.014833,19.311042
3161,3.162000,20.690167,0.016666,0.002334,36.729292,59.423625
3162,3.163000,14.314292,0.008459,0.000000,0.014250,16.120792
3163,3.164000,14.381708,0.009500,0.000000,0.015125,16.202792
3164,3.165000,14.315542,0.009625,0.000000,0.015166,16.319792
3165,3.166000,14.407083,0.008375,0.000000,0.013209,16.234542
3166,3.167000,14.217583,0.008417,0.000000,0.013292,15.997792
3167,3.168000,14.375792,0.008458,0.000000,0.013292,16.154500
3168,3.169000,14.287083,0.009667,0.000000,0.015250,16.075917
3169,3.170000,13.951000,0.008375,0.000000,0.013291,15.818500
3170,3.171000,14.064834,0.009583,0.000000,0.015125,16.050250
3171,3.172000,14.048959,0.009416,0.000000,0.014833,16.026833
3172,3.173000,13.968042,0.009208,0.000000,0.014458,15.947667
3173,3.174000,14.126458,0.008583,0.000000,0.013458,16.040500
3174,3.175000,14.330208,0.008333,0.000000,0.013292,16.180584
3175,3.176000,14.090166,0.008458,0.000000,0.013333,15.859458
3176,3.177000,21.030875,0.016542,0.001708,36.529125,59.352125
3177,3.178000,20.616625,0.016291,0.002751,36.668417,59.073417
3178,3.179000,20.600916,0.008750,0.000000,0.014791,22.428875
3179,3.180000,21.606166,0.015417,0.003959,38.728042,62.129500
3180,3.181000,17.821958,0.008792,0.000000,0.015417,19.666459
3181,3.182000,15.076334,0.015417,0.000583,15.094459,32.061875
3182,3.183000,15.114583,0.008541,0.000000,0.013792,17.021959
3183,3.184000,14.951166,0.009375,0.000000,0.014791,16.731250
3184,3.185000,14.745250,0.009167,0.000000,0.014625,16.736334
3185,3.186000,14.931208,0.009417,0.000000,0.014916,16.903750
3186,3.187000,14.090542,0.009292,0.000000,0.014584,15.977292
3187,3.188000,14.049125,0.008667,0.000000,0.013417,15.812500
3188,3.189000,14.289125,0.009250,0.000000,0.014666,16.066208
3189,3.190000,16.647625,0.016543,0.001333,21.246791,39.838875
3190,3.191000,16.192667,0.008208,0.000000,0.013791,17.984167
3191,3.192000,16.372750,0.009083,0.000000,0.014500,18.336458
3192,3.193000,17.369667,0.009666,0.000000,0.042000,19.342625
3193,3.194000,17.287250,0.009333,0.000000,0.015208,19.289542
3194,3.195000,17.279333,0.009334,0.000000,0.015042,19.278084
3195,3.196000,17.122250,0.009292,0.000000,0.014875,19.114416
3196,3.197000,17.254042,0.008584,0.000000,0.013583,19.233209
3197,3.198000,17.279583,0.008583,0.000000,0.013625,19.185500
3198,3.199000,17.245667,0.008416,0.000000,0.013333,19.121291
3199,3.200000,17.363125,0.008292,0.000000,0.013208,19.143667
3200,3.201000,17.481375,0.008500,0.000000,0.013458,19.268042
3201,3.202000,17.323125,0.008625,0.000000,0.013459,19.111458
3202,3.203000,17.524583,0.008625,0.000000,0.013708,19.304584
3203,3.204000,17.128250,0.008292,0.000000,0.013333,18.909417
3204,3.205000,18.034250,0.017751,0.003874,32.203958,52.087500
3205,3.206000,14.882166,0.010875,0.000000,0.026291,16.980833
3206,3.207000,18.023292,0.018583,0.002500,31.774458,51.667167
3207,3.208000,18.642458,0.010292,0.000000,0.025875,20.721209
3208,3.209000,18.243083,0.010750,0.000000,0.026708,20.160958
3209,3.210000,22.810291,0.010875,0.000000,0.028542,24.761083
3210,3.211000,25.184292,0.021291,0.003876,58.419250,86.021875
3211,3.212000,18.223792,0.011750,0.000000,0.028417,20.149666
3212,3.213000,25.008584,0.017833,0.003585,55.691250,82.794959
3213,3.214000,24.050000,0.009708,0.000000,0.019958,25.937958
3214,3.215000,23.829334,0.008625,0.000000,0.014958,25.671708
3215,3.216000,24.241083,0.009667,0.000000,0.016042,26.075333
3216,3.217000,24.305917,0.009000,0.000000,0.014875,26.279125
3217,3.218000,24.686792,0.009084,0.000000,0.015208,26.594416
3218,3.219000,27.437292,0.016000,0.004961,61.719292,91.116750
3219,3.220000,13.414750,0.008709,0.000000,0.015333,15.205042
3220,3.221000,13.626333,0.008708,0.000000,0.013708,15.412208
3221,3.222000,13.630708,0.008875,0.000000,0.013750,15.391292
3222,3.223000,13.638375,0.008500,0.000000,0.013291,15.449208
3223,3.224000,15.282750,0.008584,0.000000,0.013625,17.242583
3224,3.225000,19.983958,0.016500,0.001583,26.553250,48.513834
3225,3.226000,17.448167,0.015834,0.001666,17.600208,37.017125
3226,3.227000,11.805333,0.008625,0.000000,0.014000,13.773625
3227,3.228000,12.631416,0.008375,0.000000,0.013000,14.579083
3228,3.229000,12.696166,0.015749,0.000000,2.956083,17.625875
3229,3.230000,16.391458,0.015458,0.000500,14.790500,33.143250
3230,3.231000,21.951708,0.015250,0.001624,38.391875,62.320500
3231,3.232000,22.867167,0.015167,0.003668,40.679416,65.540583
3232,3.233000,13.419583,0.015250,0.000542,5.894542,21.264625
3233,3.234000,13.388541,0.008458,0.000000,0.013500,15.338667
3234,3.235000,11.858708,0.008500,0.000000,0.013125,13.805792
3235,3.236000,15.162292,0.015125,0.000000,11.836333,28.944167
3236,3.237000,15.158708,0.008458,0.000000,0.013459,17.119416
3237,3.238000,15.115542,0.008458,0.000000,0.013208,17.075417
3238,3.239000,15.147125,0.008459,0.000000,0.013250,17.113833
3239,3.240000,15.113584,0.008666,0.000000,0.013458,17.070334
3240,3.241000,15.138417,0.008500,0.000000,0.013291,17.102583
3241,3.242000,15.898541,0.015333,0.001542,14.609041,32.456334
3242,3.243000,18.971750,0.015459,0.001542,26.976750,47.915416
3243,3.244000,19.126334,0.008333,0.000000,0.014042,21.101833
3244,3.245000,21.945792,0.015334,0.002665,37.948417,61.863709
3245,3.246000,21.064542,0.015209,0.003083,34.905834,57.948083
3246,3.247000,23.318875,0.015625,0.002667,43.942250,69.247208
3247,3.248000,21.906375,0.015459,0.003459,40.644166,64.542167
3248,3.249000,24.225500,0.015334,0.003499,49.823417,76.036583
3249,3.250000,24.383000,0.008417,0.000000,0.014750,26.402541
3250,3.251000,24.371375,0.008666,0.000000,0.014042,26.365208
3251,3.252000,24.343542,0.008292,0.000000,0.013625,26.366875
3252,3.253000,24.276167,0.008500,0.000000,0.013916,26.276583
3253,3.254000,24.980541,0.015250,0.004877,52.540875,79.524916
3254,3.255000,11.719250,0.015500,0.000000,2.954667,16.602959
3255,3.256000,11.752959,0.008458,0.000000,0.013334,13.684292
3256,3.257000,18.144625,0.015667,0.000542,26.632542,46.707042
3257,3.258000,24.423417,0.015375,0.002624,52.684916,78.894125
3258,3.259000,18.151250,0.008541,0.000000,0.014333,19.952875
3259,3.260000,18.227208,0.008375,0.000000,0.013417,20.023000
3260,3.261000,18.070791,0.008334,0.000000,0.013250,19.869875
3261,3.262000,24.262791,0.015542,0.002876,52.540000,78.603292
3262,3.263000,24.453000,0.008541,0.000000,0.014500,26.286541
3263,3.264000,24.395292,0.008500,0.000000,0.013667,26.232208
3264,3.265000,24.543750,0.008542,0.000000,0.013792,26.396333
3265,3.266000,24.510166,0.008458,0.000000,0.013541,26.355833
3266,3.267000,24.198625,0.008541,0.000000,0.013792,26.029958
3267,3.268000,24.421792,0.008708,0.000000,0.014041,26.246709
3268,3.269000,24.182625,0.008500,0.000000,0.013792,26.018584
3269,3.270000,24.229167,0.008334,0.000000,0.013667,26.059417
3270,3.271000,24.136291,0.008625,0.000000,0.013834,25.974083
3271,3.272000,24.486458,0.008458,0.000000,0.013708,26.316459
3272,3.273000,24.390583,0.008541,0.000000,0.013750,26.223958
3273,3.274000,24.357375,0.008959,0.000000,0.015417,26.187458
3274,3.275000,24.179833,0.008416,0.000000,0.013792,26.017500
3275,3.276000,24.073000,0.008458,0.000000,0.013709,25.901750
3276,3.277000,24.221750,0.008250,0.000000,0.013417,26.070667
3277,3.278000,24.156459,0.008583,0.000000,0.013750,25.970292
3278,3.279000,24.101666,0.008250,0.000000,0.013458,25.926583
3279,3.280000,24.189250,0.008667,0.000000,0.013833,26.005291
3280,3.281000,28.030083,0.015625,0.005210,67.631333,97.474125
3281,3.282000,13.942958,0.008542,0.000000,0.014625,15.724750
3282,3.283000,17.060959,0.015125,0.001583,26.252625,45.068125
3283,3.284000,17.306791,0.008333,0.000000,0.013833,19.090292
3284,3.285000,17.174000,0.008291,0.000000,0.013125,18.976833
3285,3.286000,17.317875,0.008459,0.000000,0.013416,19.102500
3286,3.287000,17.040750,0.008500,0.000000,0.013375,18.837417
3287,3.288000,17.204667,0.008250,0.000000,0.013083,18.984375
3288,3.289000,16.547041,0.008416,0.000000,0.013125,18.328166
3289,3.290000,16.499625,0.008334,0.000000,0.013125,18.270125
3290,3.291000,16.522542,0.008542,0.000000,0.013333,18.313583
3291,3.292000,16.440291,0.008333,0.000000,0.013125,18.240875
3292,3.293000,16.481834,0.008500,0.000000,0.013292,18.255583
3293,3.294000,16.367667,0.008416,0.000000,0.013125,18.161333
3294,3.295000,16.380458,0.008375,0.000000,0.013875,18.151584
3295,3.296000,16.409166,0.008625,0.000000,0.013417,18.193125
3296,3.297000,16.387583,0.008416,0.000000,0.013334,18.159333
3297,3.298000,16.485958,0.008333,0.000000,0.012959,18.273958
3298,3.299000,16.444917,0.008375,0.000000,0.013084,18.222708
3299,3.300000,16.377666,0.008125,0.000000,0.012916,18.169458
3300,3.301000,16.522916,0.008666,0.000000,0.014083,18.309416
3301,3.302000,16.408375,0.008416,0.000000,0.013166,18.186916
3302,3.303000,16.424375,0.008291,0.000000,0.013125,18.202375
3303,3.304000,16.416250,0.008250,0.000000,0.013000,18.202083
3304,3.305000,16.396875,0.008333,0.000000,0.013125,18.186333
3305,3.306000,17.874750,0.015416,0.002334,29.064000,48.732833
3306,3.307000,19.785708,0.015125,0.002834,34.982791,56.579125
3307,3.308000,19.654292,0.008542,0.000000,0.014291,21.470208
3308,3.309000,19.603084,0.008375,0.000000,0.013500,21.420750
3309,3.310000,18.714666,0.008542,0.000000,0.013458,20.537167
3310,3.311000,17.880542,0.008417,0.000000,0.013417,19.697667
3311,3.312000,18.045542,0.008375,0.000000,0.013292,19.876042
3312,3.313000,18.006375,0.008458,0.000000,0.013375,19.827833
3313,3.314000,18.006125,0.008417,0.000000,0.013375,19.830750
3314,3.315000,17.946542,0.008750,0.000000,0.015042,19.786625
3315,3.316000,19.445750,0.008625,0.000000,0.013583,21.482000
3316,3.317000,19.405750,0.008417,0.000000,0.014833,21.446208
3317,3.318000,20.308292,0.015541,0.003124,32.238167,54.582041
3318,3.319000,12.573750,0.008333,0.000000,0.013958,14.598250
3319,3.320000,12.672792,0.008542,0.000000,0.013333,14.697875
3320,3.321000,12.510792,0.008542,0.000000,0.013083,14.512083
3321,3.322000,12.537333,0.008375,0.000000,0.013125,14.547042
3322,3.323000,12.524958,0.008375,0.000000,0.013167,14.526667
3323,3.324000,12.514709,0.008417,0.000000,0.013125,14.514167
3324,3.325000,12.567417,0.008625,0.000000,0.013458,14.555958
3325,3.326000,12.620000,0.008459,0.000000,0.013250,14.610583
3326,3.327000,12.463542,0.008333,0.000000,0.013042,14.447875
3327,3.328000,12.563834,0.008500,0.000000,0.013125,14.552000
3328,3.329000,12.463334,0.008500,0.000000,0.013125,14.449458
3329,3.330000,12.485375,0.008583,0.000000,0.013208,14.482958
3330,3.331000,12.463959,0.008375,0.000000,0.013000,14.449583
3331,3.332000,12.495459,0.008375,0.000000,0.013000,14.486417
3332,3.333000,13.308375,0.014959,0.000500,8.778459,24.062166
3333,3.334000,13.165250,0.008500,0.000000,0.013625,15.148000
3334,3.335000,13.140625,0.008375,0.000000,0.013125,15.119792
3335,3.336000,12.410042,0.008375,0.000000,0.013166,14.373542
3336,3.337000,12.364541,0.008334,0.000000,0.013000,14.347583
3337,3.338000,13.097833,0.015416,0.000792,8.740042,23.800125
3338,3.339000,12.385416,0.014833,0.000542,5.889792,20.244583
3339,3.340000,12.416458,0.008291,0.000000,0.013375,14.398500
3340,3.341000,12.354125,0.008333,0.000000,0.013084,14.342708
3341,3.342000,12.370458,0.008500,0.000000,0.013041,14.362541
3342,3.343000,12.409000,0.008291,0.000000,0.012792,14.404708
3343,3.344000,11.597166,0.008542,0.000000,0.013125,13.434750
3344,3.345000,11.612041,0.008542,0.000000,0.013125,13.437125
3345,3.346000,11.593167,0.008292,0.000000,0.012750,13.429167
3346,3.347000,10.853458,0.008208,0.000000,0.012875,12.678625
3347,3.348000,10.905209,0.008458,0.000000,0.013084,12.741167
3348,3.349000,14.173667,0.015543,0.000542,14.252125,30.203541
3349,3.350000,14.027750,0.008416,0.000000,0.013625,15.829875
3350,3.351000,17.068833,0.015125,0.001626,26.029500,44.891041
3351,3.352000,17.060166,0.008292,0.000000,0.013917,18.872917
3352,3.353000,20.177125,0.015250,0.002584,37.585875,59.573792
3353,3.354000,20.179000,0.008333,0.000000,0.014375,22.035083
3354,3.355000,20.152416,0.008417,0.000000,0.013458,21.984917
3355,3.356000,20.031875,0.008542,0.000000,0.013542,21.871917
3356,3.357000,18.308583,0.015376,0.003583,43.564542,63.460875
3357,3.358000,18.109833,0.008542,0.000000,0.014459,19.716958
3358,3.359000,18.148250,0.008375,0.000000,0.013500,19.754708
3359,3.360000,18.183875,0.008500,0.000000,0.013541,19.800333
3360,3.361000,19.707250,0.015416,0.004167,49.397042,70.697208
3361,3.362000,19.724083,0.008625,0.000000,0.015500,21.342334
3362,3.363000,19.707292,0.008417,0.000000,0.013625,21.312125
3363,3.364000,19.657083,0.008500,0.000000,0.013500,21.267666
3364,3.365000,20.731166,0.016000,0.004835,52.043000,74.371000
3365,3.366000,13.659666,0.015416,0.000541,26.312666,41.549083
3366,3.367000,16.907917,0.015375,0.002457,26.100500,44.804667
3367,3.368000,11.688333,0.015167,0.000542,5.792834,19.271625
3368,3.369000,11.536667,0.015084,0.000000,6.000167,19.307750
3369,3.370000,14.860583,0.015000,0.000832,17.442792,34.106125
3370,3.371000,13.952708,0.008333,0.000000,0.013416,15.752958
3371,3.372000,12.430750,0.008375,0.000000,0.012958,14.243708
3372,3.373000,12.521167,0.008458,0.000000,0.013208,14.312708
3373,3.374000,11.655542,0.008375,0.000000,0.013042,13.437250
3374,3.375000,13.695500,0.016459,0.001208,11.882750,27.355458
3375,3.376000,13.807458,0.008791,0.000000,0.015666,15.657667
3376,3.377000,12.113375,0.008917,0.000000,0.014458,13.944875
3377,3.378000,12.109542,0.008750,0.000000,0.013917,13.928458
3378,3.379000,12.002084,0.008750,0.000000,0.013750,13.812625
3379,3.380000,12.015542,0.008375,0.000000,0.013250,13.827334
3380,3.381000,12.013667,0.008750,0.000000,0.014000,13.833042
3381,3.382000,12.023916,0.008666,0.000000,0.013667,13.856125
3382,3.383000,20.162958,0.015959,0.001000,35.567875,57.572542
3383,3.384000,21.670000,0.017667,0.003293,43.086000,66.617583
3384,3.385000,22.969792,0.016667,0.004042,45.892292,70.859917
3385,3.386000,17.986125,0.010000,0.000000,0.017458,19.882333
3386,3.387000,11.410000,0.009167,0.000000,0.014542,13.432417
3387,3.388000,12.518291,0.015750,0.000583,6.026708,20.474958
3388,3.389000,17.003083,0.015667,0.000916,21.235709,40.131375
3389,3.390000,18.595583,0.017125,0.001541,28.121125,48.623417
3390,3.391000,15.033459,0.009083,0.000000,0.014917,16.989292
3391,3.392000,15.021250,0.008917,0.000000,0.014083,16.902000
3392,3.393000,18.583709,0.016000,0.001750,28.010708,48.501042
3393,3.394000,22.771375,0.016292,0.003249,43.156541,67.840167
3394,3.395000,21.734333,0.016542,0.002001,39.417917,63.217958
3395,3.396000,25.247750,0.016083,0.003957,51.456166,78.656708
3396,3.397000,28.366708,0.016125,0.005043,64.127500,94.510375
3397,3.398000,28.733834,0.016625,0.004999,64.091958,94.836875
3398,3.399000,28.818709,0.009292,0.000000,0.017458,30.851083
3399,3.400000,34.064875,0.017041,0.006545,81.963250,118.061666
3400,3.401000,16.501625,0.017000,0.001833,19.571958,38.109333
3401,3.402000,16.417750,0.016958,0.001874,19.635000,38.044959
3402,3.403000,15.757417,0.016917,0.000000,16.052208,33.808542
3403,3.404000,15.802416,0.009417,0.000000,0.015833,17.815958
3404,3.405000,29.606791,0.017126,0.001959,67.059791,98.692667
3405,3.406000,33.510958,0.017291,0.006501,83.143375,118.749875
3406,3.407000,18.257541,0.017083,0.002084,25.564667,45.867959
3407,3.408000,32.658667,0.017249,0.001583,77.502167,112.215459
3408,3.409000,28.705416,0.009541,0.000000,0.016416,30.813291
3409,3.410000,30.650250,0.018834,0.006124,68.908750,101.646417
3410,3.411000,18.363791,0.017916,0.001000,26.584334,46.992459
3411,3.412000,16.436375,0.009833,0.000000,0.016209,18.549541
3412,3.413000,20.182167,0.018125,0.001958,29.987834,52.271708
3413,3.414000,18.409083,0.017917,0.001624,20.038958,40.571375
3414,3.415000,28.844417,0.017709,0.001042,63.347917,94.344291
3415,3.416000,31.507250,0.017834,0.005708,73.077792,106.774750
3416,3.417000,20.169250,0.018292,0.001916,30.395959,52.719834
3417,3.418000,20.870208,0.010625,0.000000,0.017709,23.108958
3418,3.419000,21.361875,0.010625,0.000000,0.017125,23.614833
3419,3.420000,20.795458,0.010375,0.000000,0.016875,23.051208
3420,3.421000,20.897000,0.010292,0.000000,0.016500,23.145708
3421,3.422000,25.039750,0.018584,0.003334,46.193792,73.485167
3422,3.423000,28.392000,0.018625,0.004585,59.562750,90.219917
3423,3.424000,28.478333,0.010500,0.000000,0.018583,30.794791
3424,3.425000,36.044459,0.018209,0.005664,88.129291,126.494792
3425,3.426000,38.419208,0.010458,0.000000,0.019000,41.172333
3426,3.427000,39.142958,0.019041,0.007500,85.576500,127.296000
3427,3.428000,36.034209,0.010250,0.000000,0.019667,38.382916
3428,3.429000,35.842042,0.010500,0.000000,0.017542,38.173625
3429,3.430000,36.736959,0.019208,0.008958,90.698125,129.817000
3430,3.431000,24.710125,0.018750,0.003541,45.091459,72.062708
3431,3.432000,15.105042,0.010292,0.000000,0.017334,17.320458
3432,3.433000,28.447042,0.018999,0.000625,59.508541,90.169958
3433,3.434000,27.540958,0.010291,0.000000,0.017334,29.830084
3434,3.435000,27.909667,0.010375,0.000000,0.017083,30.189000
3435,3.436000,27.672459,0.010291,0.000000,0.016833,29.951083
3436,3.437000,27.743875,0.010416,0.000000,0.016833,30.010792
3437,3.438000,28.460959,0.018333,0.005709,58.840667,89.558417
3438,3.439000,13.153875,0.010250,0.000000,0.017334,15.373958
3439,3.440000,13.201292,0.010250,0.000000,0.016125,15.397708
3440,3.441000,17.266375,0.018959,0.000667,17.604917,37.061791
3441,3.442000,28.492333,0.018875,0.002000,58.933666,89.676167
3442,3.443000,29.227375,0.018875,0.005585,64.134375,95.636208
3443,3.444000,13.492709,0.009709,0.000000,0.016708,15.607583
3444,3.445000,20.361458,0.017625,0.000584,29.991500,52.449417
3445,3.446000,22.260833,0.019001,0.003332,37.234333,61.627833
3446,3.447000,30.805292,0.017708,0.003710,70.830125,103.796250
3447,3.448000,26.544000,0.017458,0.002959,53.531250,82.263208
3448,3.449000,26.493208,0.010000,0.000000,0.017166,28.696708
3449,3.450000,26.477083,0.009708,0.000000,0.016042,28.670417
3450,3.451000,26.491458,0.009875,0.000000,0.016125,28.655291
3451,3.452000,26.384416,0.009875,0.000000,0.016042,28.573334
3452,3.453000,26.496208,0.010167,0.000000,0.017167,28.672750
3453,3.454000,26.491083,0.009875,0.000000,0.016166,28.681584
3454,3.455000,26.983167,0.018666,0.005540,56.569417,85.698000
3455,3.456000,13.482333,0.018584,0.000584,6.678667,22.278500
3456,3.457000,30.294834,0.018209,0.000958,66.556208,98.979958
3457,3.458000,27.124542,0.017334,0.005291,57.095167,86.405291
3458,3.459000,12.050458,0.009542,0.000000,0.016083,14.050750
3459,3.460000,12.151125,0.009625,0.000000,0.014792,14.140666
3460,3.461000,15.532916,0.017292,0.000583,15.319375,32.836167
3461,3.462000,22.464292,0.017333,0.001876,41.578625,66.058708
3462,3.463000,29.503625,0.017083,0.003001,67.398750,98.948250
3463,3.464000,29.204917,0.009625,0.000000,0.016875,31.291833
3464,3.465000,32.905167,0.017000,0.006626,78.934166,113.927208
3465,3.466000,32.520750,0.009666,0.000000,0.017500,34.649542
3466,3.467000,34.216208,0.017042,0.007751,85.535917,121.853292
3467,3.468000,22.417625,0.017082,0.003749,41.562625,66.022583
3468,3.469000,14.591333,0.009542,0.000000,0.016042,16.612083
3469,3.470000,20.786625,0.017458,0.001292,34.557750,57.368292
3470,3.471000,26.688542,0.016709,0.003211,57.203292,85.945375
3471,3.472000,27.742458,0.016709,0.005831,59.758583,89.574417
3472,3.473000,27.086917,0.016209,0.003289,56.743250,85.890833
3473,3.474000,31.874334,0.020000,0.007791,86.170625,120.080250
3474,3.475000,36.365792,0.020543,0.006998,80.283292,118.859584
3475,3.476000,24.512750,0.022750,0.003167,51.833042,78.720250
3476,3.477000,26.201125,0.012750,0.000000,0.030916,28.741000
3477,3.478000,33.149000,0.013750,0.000000,0.032750,35.705042
3478,3.479000,34.062417,0.025251,0.005916,65.903209,104.064792
3479,3.480000,30.220417,0.011833,0.000000,0.023500,32.731416
3480,3.481000,31.269041,0.020625,0.005833,63.622708,97.357083
3481,3.482000,15.438250,0.018709,0.001041,10.662333,28.341708
3482,3.483000,36.535792,0.018125,0.000583,88.115333,126.922625
3483,3.484000,34.939167,0.010250,0.000000,0.017916,37.192750
3484,3.485000,34.840250,0.010125,0.000000,0.017167,37.079833
3485,3.486000,34.497000,0.009750,0.000000,0.016542,36.708750
3486,3.487000,34.730500,0.009958,0.000000,0.016584,36.942833
3487,3.488000,33.509625,0.009708,0.000000,0.015792,35.699041
3488,3.489000,33.110875,0.009417,0.000000,0.015958,35.223917
3489,3.490000,32.904250,0.009417,0.000000,0.015666,35.017458
3490,3.491000,33.029125,0.009542,0.000000,0.015666,35.132208
3491,3.492000,32.991875,0.009208,0.000000,0.015417,35.096291
3492,3.493000,32.967166,0.009583,0.000000,0.015792,35.068042
3493,3.494000,33.232750,0.009375,0.000000,0.015500,35.341375
3494,3.495000,32.829291,0.009375,0.000000,0.015500,34.931459
3495,3.496000,32.901291,0.009625,0.000000,0.015792,35.010167
3496,3.497000,36.572125,0.017000,0.008127,94.029416,132.708375
3497,3.498000,14.737375,0.009375,0.000000,0.016708,16.785416
3498,3.499000,14.812208,0.009458,0.000000,0.014916,16.815083
3499,3.500000,14.819792,0.009625,0.000000,0.015125,16.855709
3500,3.501000,15.553417,0.017251,0.001666,16.163708,33.697334
3501,3.502000,12.189459,0.009333,0.000000,0.015042,14.217042
3502,3.503000,12.128167,0.009375,0.000000,0.014625,14.117125
3503,3.504000,12.238750,0.009292,0.000000,0.014417,14.242458
3504,3.505000,12.170500,0.009625,0.000000,0.014750,14.166500
3505,3.506000,12.160167,0.009334,0.000000,0.014542,14.155083
3506,3.507000,12.083208,0.009459,0.000000,0.014667,14.065292
3507,3.508000,14.821875,0.017209,0.000542,13.180958,30.018375
3508,3.509000,14.898708,0.017041,0.001334,13.067375,29.948709
3509,3.510000,15.560000,0.016250,0.001624,15.757000,33.331875
3510,3.511000,11.685834,0.009166,0.000000,0.014667,13.611333
3511,3.512000,11.677667,0.009084,0.000000,0.014084,13.618417
3512,3.513000,11.761209,0.009125,0.000000,0.014000,13.683500
3513,3.514000,11.636667,0.009084,0.000000,0.014084,13.558542
3514,3.515000,15.169167,0.016375,0.000542,15.834000,32.912416
3515,3.516000,15.264041,0.008917,0.000000,0.014500,17.198709
3516,3.517000,14.880334,0.016042,0.001459,15.313750,32.105000
3517,3.518000,15.630167,0.016043,0.001667,18.301333,35.791375
3518,3.519000,12.181500,0.016000,0.000500,6.181959,20.226834
3519,3.520000,15.436958,0.016001,0.000833,18.497375,35.793042
3520,3.521000,14.727916,0.008709,0.000000,0.014333,16.627958
3521,3.522000,14.703792,0.008708,0.000000,0.013750,16.621708
3522,3.523000,14.742583,0.008917,0.000000,0.014042,16.624250
3523,3.524000,14.752958,0.008750,0.000000,0.013875,16.631875
3524,3.525000,15.404375,0.015666,0.001791,18.099292,35.347541
3525,3.526000,11.313625,0.008709,0.000000,0.014166,13.160459
3526,3.527000,11.348167,0.008625,0.000000,0.013417,13.225875
3527,3.528000,11.291875,0.008750,0.000000,0.013542,13.145750
3528,3.529000,20.765042,0.015999,0.000500,39.019375,61.638125
3529,3.530000,29.958250,0.015584,0.003831,74.775458,106.651083
3530,3.531000,26.221583,0.008708,0.000000,0.015375,28.143083
3531,3.532000,29.691375,0.015499,0.005623,70.530959,102.129375
3532,3.533000,29.175750,0.008459,0.000000,0.015292,31.079250
3533,3.534000,32.484167,0.015418,0.006539,81.691542,116.072542
3534,3.535000,22.676375,0.008458,0.000000,0.015083,24.558583
3535,3.536000,16.494875,0.008208,0.000000,0.013125,18.299417
3536,3.537000,16.287166,0.008458,0.000000,0.013458,18.075167
3537,3.538000,32.085542,0.015333,0.002459,81.303459,115.212334
3538,3.539000,31.936500,0.008417,0.000000,0.014959,33.846208
3539,3.540000,32.250667,0.008417,0.000000,0.014375,34.140000
3540,3.541000,32.189333,0.008333,0.000000,0.014042,34.081875
3541,3.542000,32.051875,0.008791,0.000000,0.015417,33.941375
3542,3.543000,32.019542,0.008416,0.000000,0.013958,33.909750
3543,3.544000,32.077750,0.008583,0.000000,0.014459,33.953667
3544,3.545000,32.103083,0.008292,0.000000,0.013958,33.974875
3545,3.546000,32.565209,0.015250,0.007539,83.773625,118.201166
3546,3.547000,10.866042,0.008542,0.000000,0.014791,12.641541
3547,3.548000,10.799167,0.008459,0.000000,0.013208,12.548541
3548,3.549000,13.893083,0.015166,0.000541,13.905584,29.656500
3549,3.550000,23.082833,0.015251,0.001708,49.686459,74.641875
3550,3.551000,26.250458,0.014916,0.003707,61.115541,89.304833
3551,3.552000,23.341417,0.008375,0.000000,0.014750,25.285417
3552,3.553000,29.342125,0.015083,0.004793,72.249084,103.519708
3553,3.554000,29.502958,0.008750,0.000000,0.016875,31.476750
3554,3.555000,29.286500,0.008459,0.000000,0.014166,31.267333
3555,3.556000,29.727959,0.008333,0.000000,0.014542,31.744583
3556,3.557000,29.523875,0.008417,0.000000,0.013959,31.483167
3557,3.558000,32.583833,0.015291,0.006962,83.066583,117.633000
3558,3.559000,13.185750,0.008333,0.000000,0.014542,15.113167
3559,3.560000,13.026917,0.008375,0.000000,0.013042,14.884875
3560,3.561000,13.155708,0.008542,0.000000,0.013291,15.006000
3561,3.562000,13.270459,0.008167,0.000000,0.012875,15.118250
3562,3.563000,13.242083,0.008167,0.000000,0.013042,15.093209
3563,3.564000,16.441708,0.015125,0.001544,23.198083,41.482250
3564,3.565000,16.263083,0.009208,0.000000,0.014750,18.139542
3565,3.566000,16.710625,0.008792,0.000000,0.014459,18.608625
3566,3.567000,16.694708,0.008541,0.000000,0.014959,18.590834
3567,3.568000,16.611125,0.008708,0.000000,0.016000,18.513417
3568,3.569000,16.552917,0.008334,0.000000,0.014542,18.493167
3569,3.570000,16.447333,0.008416,0.000000,0.013375,18.332167
3570,3.571000,16.516500,0.008417,0.000000,0.013333,18.391500
3571,3.572000,17.106292,0.015124,0.002583,25.883333,44.858375
3572,3.573000,31.716333,0.018750,0.001291,62.354000,96.001041
3573,3.574000,26.892333,0.009083,0.000000,0.018209,28.908583
3574,3.575000,26.592375,0.008833,0.000000,0.015333,28.555875
3575,3.576000,29.878208,0.015833,0.006250,72.740792,104.580916
3576,3.577000,29.851250,0.008667,0.000000,0.016292,31.884750
3577,3.578000,29.699167,0.008625,0.000000,0.014709,31.659917
3578,3.579000,29.783125,0.008750,0.000000,0.014709,31.769333
3579,3.580000,29.577916,0.008625,0.000000,0.014708,31.547458
3580,3.581000,29.873792,0.009542,0.000000,0.015750,31.866542
3581,3.582000,29.747333,0.008625,0.000000,0.014500,31.714000
3582,3.583000,30.009416,0.008625,0.000000,0.014542,32.006375
3583,3.584000,33.637375,0.015374,0.007085,86.249833,121.860709
3584,3.585000,14.154042,0.008625,0.000000,0.015291,16.052917
3585,3.586000,14.156958,0.008708,0.000000,0.013833,16.036459
3586,3.587000,14.089292,0.008417,0.000000,0.013500,15.986792
3587,3.588000,14.021250,0.008625,0.000000,0.014375,15.895042
3588,3.589000,14.086375,0.008667,0.000000,0.014125,15.966792
3589,3.590000,14.025375,0.008584,0.000000,0.013625,15.894375
3590,3.591000,13.851708,0.008625,0.000000,0.013750,15.729208
3591,3.592000,13.973208,0.008625,0.000000,0.013667,15.854833
3592,3.593000,13.894167,0.008500,0.000000,0.013500,15.825333
3593,3.594000,17.377375,0.015668,0.001917,26.088666,45.360958
3594,3.595000,18.184250,0.020542,0.002876,28.867834,48.932167
3595,3.596000,13.526583,0.008708,0.000000,0.014625,15.400250
3596,3.597000,26.971583,0.010750,0.000000,0.032208,31.737416
3597,3.598000,13.755542,0.009375,0.000000,0.018875,15.707500
3598,3.599000,16.616708,0.016250,0.002376,23.497875,42.037541
3599,3.600000,13.600750,0.011292,0.000000,0.021458,15.507916
3600,3.601000,15.191625,0.015667,0.002000,14.314083,31.488917
3601,3.602000,15.089333,0.008458,0.000000,0.014958,17.049458
3602,3.603000,17.808250,0.015501,0.001667,22.961125,42.752250
3603,3.604000,15.171792,0.018167,0.001334,14.368333,31.477958
3604,3.605000,19.246792,0.014959,0.001834,28.930500,50.119416
3605,3.606000,15.056000,0.008708,0.000000,0.014667,17.019292
3606,3.607000,18.449458,0.015500,0.001668,25.900208,46.289167
3607,3.608000,19.260833,0.015375,0.002750,29.016042,50.223541
3608,3.609000,26.666375,0.014834,0.002877,55.663750,84.305750
3609,3.610000,17.333958,0.008792,0.000000,0.014958,19.302209
3610,3.611000,24.102375,0.015459,0.002833,46.555584,72.687167
3611,3.612000,24.180041,0.015875,0.003542,46.249166,72.426166
3612,3.613000,27.437166,0.015667,0.004417,57.780000,87.277000
3613,3.614000,31.325167,0.015042,0.005753,71.906625,105.276041
3614,3.615000,24.992416,0.008917,0.000000,0.016583,27.026792
3615,3.616000,21.670458,0.008916,0.000000,0.014833,23.798208
3616,3.617000,27.954917,0.015250,0.003752,60.080125,90.109125
3617,3.618000,31.085208,0.015499,0.005959,73.122708,106.246459
3618,3.619000,31.325666,0.008750,0.000000,0.021667,33.396375
3619,3.620000,30.960250,0.008917,0.000000,0.015208,33.031375
3620,3.621000,31.439375,0.008625,0.000000,0.014541,33.507500
3621,3.622000,31.257208,0.008417,0.000000,0.014000,33.321375
3622,3.623000,31.350500,0.009041,0.000000,0.015083,33.401375
3623,3.624000,31.084542,0.009250,0.000000,0.015459,33.249958
3624,3.625000,30.850000,0.008833,0.000000,0.014833,33.063292
3625,3.626000,31.349666,0.009125,0.000000,0.015375,33.553500
3626,3.627000,31.132125,0.008417,0.000000,0.014208,33.278000
3627,3.628000,30.933125,0.008417,0.000000,0.014250,32.978750
3628,3.629000,30.951625,0.008708,0.000000,0.015000,33.084000
3629,3.630000,31.102167,0.009291,0.000000,0.015333,33.223084
3630,3.631000,30.972583,0.008459,0.000000,0.014333,33.152291
3631,3.632000,31.751458,0.015584,0.006666,74.976042,108.783584
3632,3.633000,31.770125,0.008541,0.000000,0.015875,33.804666
3633,3.634000,31.554042,0.008542,0.000000,0.014459,33.580333
3634,3.635000,34.858000,0.015583,0.007334,86.779875,123.679417
3635,3.636000,14.189459,0.008792,0.000000,0.015583,16.178958
3636,3.637000,14.408500,0.008541,0.000000,0.013583,16.439458
3637,3.638000,14.037792,0.008833,0.000000,0.013875,15.977458
3638,3.639000,14.211042,0.008542,0.000000,0.013459,16.191708
3639,3.640000,14.218042,0.009000,0.000000,0.014375,16.190750
3640,3.641000,14.212458,0.008875,0.000000,0.013833,16.314667
3641,3.642000,14.294167,0.008875,0.000000,0.014083,16.311166
3642,3.643000,15.300583,0.016167,0.001500,14.636334,31.939708
3643,3.644000,18.874916,0.016083,0.001710,28.915542,49.885458
3644,3.645000,17.493916,0.015416,0.001999,23.458708,42.917583
3645,3.646000,15.144792,0.008792,0.000000,0.014417,17.099125
3646,3.647000,19.304625,0.015249,0.001376,28.810792,50.087666
3647,3.648000,19.953250,0.015333,0.003126,31.649916,53.569167
3648,3.649000,11.674709,0.008750,0.000000,0.014583,13.634500
3649,3.650000,12.089042,0.008875,0.000000,0.014084,14.123542
3650,3.651000,10.948833,0.008375,0.000000,0.013167,12.917667
3651,3.652000,10.819916,0.008500,0.000000,0.013209,12.685792
3652,3.653000,10.911750,0.008625,0.000000,0.013625,12.775125
3653,3.654000,14.425542,0.015625,0.000584,14.981500,31.343458
3654,3.655000,14.218667,0.008750,0.000000,0.014292,16.098875
3655,3.656000,14.356625,0.008625,0.000000,0.013791,16.246792
3656,3.657000,14.263375,0.008375,0.000000,0.013417,16.139541
3657,3.658000,14.258291,0.008417,0.000000,0.013500,16.150959
3658,3.659000,14.333667,0.008417,0.000000,0.013458,16.238083
3659,3.660000,14.662625,0.009083,0.000000,0.014375,16.565292
3660,3.661000,14.042250,0.008375,0.000000,0.013375,15.950334
3661,3.662000,14.288250,0.008292,0.000000,0.013375,16.170666
3662,3.663000,14.247292,0.008500,0.000000,0.013750,16.139125
3663,3.664000,14.600000,0.008417,0.000000,0.013667,16.539250
3664,3.665000,15.082708,0.008584,0.000000,0.013708,17.113666
3665,3.666000,14.866041,0.008333,0.000000,0.013334,16.820250
3666,3.667000,13.980833,0.008333,0.000000,0.013250,15.957584
3667,3.668000,13.942792,0.008417,0.000000,0.013334,15.817166
3668,3.669000,13.906250,0.008417,0.000000,0.013333,15.792292
3669,3.670000,29.757625,0.015625,0.001624,72.440667,104.073750
3670,3.671000,30.003958,0.008875,0.000000,0.015458,31.958375
3671,3.672000,29.829542,0.008584,0.000000,0.014500,31.810083
3672,3.673000,33.477959,0.015375,0.007003,83.415959,118.858000
3673,3.674000,13.221750,0.008958,0.000000,0.015583,15.117958
3674,3.675000,13.551250,0.009250,0.000000,0.014583,15.501041
3675,3.676000,13.233584,0.008625,0.000000,0.013583,15.185833
3676,3.677000,13.349167,0.008416,0.000000,0.013416,15.228916
3677,3.678000,13.464334,0.008542,0.000000,0.013459,15.355000
3678,3.679000,13.412875,0.009042,0.000000,0.014125,15.274750
3679,3.680000,16.875792,0.015250,0.001458,22.834875,41.607833
3680,3.681000,16.837917,0.009083,0.000000,0.015125,18.653250
3681,3.682000,17.271667,0.015208,0.002542,25.889875,45.065500
3682,3.683000,18.413667,0.015833,0.002792,28.485625,48.702250
3683,3.684000,17.521083,0.009250,0.000000,0.015542,19.381542
3684,3.685000,14.070959,0.008583,0.000000,0.013542,15.960333
3685,3.686000,17.181875,0.015708,0.001668,25.911167,44.862584
3686,3.687000,18.885292,0.015667,0.002665,31.958875,52.636125
3687,3.688000,10.935916,0.008750,0.000000,0.014458,12.707333
3688,3.689000,10.464000,0.008833,0.000000,0.013792,12.259709
3689,3.690000,13.862958,0.015293,0.000000,11.439375,27.113334
3690,3.691000,13.513666,0.008625,0.000000,0.014042,15.296333
3691,3.692000,14.114625,0.016001,0.001541,14.491500,30.371375
3692,3.693000,10.968125,0.008875,0.000000,0.014291,12.754417
3693,3.694000,14.204416,0.015375,0.000542,14.335458,30.359250
3694,3.695000,14.683375,0.015375,0.001667,17.273542,33.706916
3695,3.696000,18.157875,0.016501,0.001875,29.194875,49.138583
3696,3.697000,34.971417,0.018916,0.003875,91.814958,128.660958
3697,3.698000,34.817500,0.009917,0.000000,0.020584,36.776500
3698,3.699000,36.264708,0.016209,0.008666,95.775708,133.958625
3699,3.700000,34.753500,0.008792,0.000000,0.017167,36.686625
3700,3.701000,29.936917,0.008583,0.000000,0.014792,31.841917
3701,3.702000,32.539000,0.015292,0.006293,80.683875,115.103208
3702,3.703000,14.084125,0.015292,0.001291,14.416125,30.277208
3703,3.704000,14.139125,0.015416,0.000583,14.429458,30.329417
3704,3.705000,14.256417,0.015208,0.001334,14.467791,30.482791
3705,3.706000,19.883291,0.015667,0.001708,34.899583,56.558791
3706,3.707000,19.775417,0.008833,0.000000,0.015000,21.592625
3707,3.708000,20.542833,0.015250,0.003374,37.197750,59.533000
3708,3.709000,36.097875,0.015417,0.003374,95.285750,133.240083
3709,3.710000,35.972292,0.008708,0.000000,0.016000,37.886083
3710,3.711000,36.495750,0.008583,0.000000,0.014709,38.408875
3711,3.712000,36.363167,0.008375,0.000000,0.014417,38.277916
3712,3.713000,36.257333,0.008375,0.000000,0.014416,38.224958
3713,3.714000,35.912000,0.008625,0.000000,0.014584,37.823042
3714,3.715000,35.734916,0.008583,0.000000,0.014500,37.646875
3715,3.716000,35.828333,0.008459,0.000000,0.014417,37.739125
3716,3.717000,36.045083,0.008417,0.000000,0.014375,37.950584
3717,3.718000,35.935084,0.008542,0.000000,0.014625,37.841500
3718,3.719000,35.954792,0.008458,0.000000,0.014416,37.884625
3719,3.720000,35.891583,0.008458,0.000000,0.014417,37.824709
3720,3.721000,36.008792,0.008584,0.000000,0.014458,37.922458
3721,3.722000,36.041250,0.008458,0.000000,0.014417,37.961458
3722,3.723000,36.264125,0.008500,0.000000,0.014375,38.178500
3723,3.724000,36.259125,0.008625,0.000000,0.014833,38.156875
3724,3.725000,36.149000,0.008333,0.000000,0.014125,38.051958
3725,3.726000,36.193458,0.008292,0.000000,0.014166,38.101000
3726,3.727000,36.056459,0.008542,0.000000,0.014375,37.984917
3727,3.728000,36.222333,0.008500,0.000000,0.014334,38.118292
3728,3.729000,36.264667,0.008375,0.000000,0.014167,38.169375
3729,3.730000,36.136833,0.008625,0.000000,0.014584,38.047125
3730,3.731000,35.888667,0.008250,0.000000,0.014209,37.792875
3731,3.732000,35.805667,0.008375,0.000000,0.014250,37.710291
3732,3.733000,35.767791,0.008417,0.000000,0.014417,37.677125
3733,3.734000,36.017541,0.008542,0.000000,0.015083,37.935750
3734,3.735000,35.497042,0.008333,0.000000,0.014209,37.405917
3735,3.736000,35.852833,0.008459,0.000000,0.014459,37.801209
3736,3.737000,38.164292,0.011375,0.000000,0.030500,40.323125
3737,3.738000,38.623709,0.010542,0.000000,0.028708,42.773500
3738,3.739000,42.676875,0.010208,0.000000,0.028917,44.774708
3739,3.740000,37.978541,0.010875,0.000000,0.029750,40.471875
3740,3.741000,43.480000,0.010250,0.000000,0.027833,45.683959
3741,3.742000,37.839958,0.011334,0.000000,0.033125,39.912125
3742,3.743000,42.749250,0.011417,0.000000,0.029958,45.804708
3743,3.744000,44.696833,0.011250,0.000000,0.029459,46.857417
3744,3.745000,41.551667,0.011875,0.000000,0.030791,44.350833
3745,3.746000,40.949500,0.010375,0.000000,0.020000,43.191500
3746,3.747000,39.763958,0.009833,0.000000,0.017916,41.937834
3747,3.748000,39.326916,0.009250,0.000000,0.016000,41.417459
3748,3.749000,39.962083,0.009291,0.000000,0.016125,41.992542
3749,3.750000,39.496750,0.009083,0.000000,0.015417,41.527333
3750,3.751000,39.165458,0.009083,0.000000,0.015291,41.172375
3751,3.752000,39.155584,0.009375,0.000000,0.015959,41.268250
3752,3.753000,38.957083,0.009417,0.000000,0.015917,41.042333
3753,3.754000,39.042459,0.009333,0.000000,0.016083,41.131667
3754,3.755000,39.177667,0.009625,0.000000,0.016875,41.266791
3755,3.756000,38.842334,0.008708,0.000000,0.015125,40.859375
3756,3.757000,38.340917,0.008583,0.000000,0.014500,40.279791
3757,3.758000,38.599875,0.008708,0.000000,0.014834,40.527375
3758,3.759000,38.473125,0.008625,0.000000,0.014791,40.432917
3759,3.760000,38.599667,0.008625,0.000000,0.014833,40.530375
3760,3.761000,38.454834,0.008709,0.000000,0.014625,40.387792
3761,3.762000,38.486417,0.008709,0.000000,0.014917,40.421792
3762,3.763000,38.213583,0.008792,0.000000,0.014958,40.165583
3763,3.764000,38.233208,0.008750,0.000000,0.014708,40.159083
3764,3.765000,38.364834,0.008459,0.000000,0.014375,40.294625
3765,3.766000,38.285250,0.008875,0.000000,0.014958,40.262083
3766,3.767000,38.646625,0.008625,0.000000,0.014709,40.651250
3767,3.768000,38.789875,0.008625,0.000000,0.014792,40.872083
3768,3.769000,38.161666,0.009625,0.000000,0.016292,40.109583
3769,3.770000,38.679958,0.008750,0.000000,0.014833,40.819708
3770,3.771000,38.593958,0.008542,0.000000,0.014625,40.521625
3771,3.772000,38.606542,0.008542,0.000000,0.014667,40.537791
3772,3.773000,38.596459,0.008625,0.000000,0.014667,40.524167
3773,3.774000,38.415709,0.008625,0.000000,0.014584,40.346292
3774,3.775000,38.616125,0.008625,0.000000,0.014792,40.592459
3775,3.776000,38.613958,0.009625,0.000000,0.016417,40.705583
3776,3.777000,38.602292,0.008584,0.000000,0.014583,40.555291
3777,3.778000,39.003416,0.008541,0.000000,0.014417,40.925416
3778,3.779000,38.420083,0.008750,0.000000,0.014750,40.358334
3779,3.780000,38.501917,0.009000,0.000000,0.015792,40.453667
3780,3.781000,38.678958,0.008542,0.000000,0.014459,40.675792
3781,3.782000,38.482292,0.009709,0.000000,0.016375,40.422792
3782,3.783000,38.308542,0.008500,0.000000,0.014500,40.426542
3783,3.784000,38.080209,0.008750,0.000000,0.014708,40.075833
3784,3.785000,38.576292,0.008625,0.000000,0.014791,40.576041
3785,3.786000,38.156958,0.008500,0.000000,0.014541,40.198709
3786,3.787000,38.722375,0.008625,0.000000,0.014709,40.844167
3787,3.788000,37.890208,0.009959,0.000000,0.016958,39.832958
3788,3.789000,37.928125,0.008416,0.000000,0.014375,40.167500
3789,3.790000,38.496000,0.008583,0.000000,0.014667,40.418083
3790,3.791000,37.996375,0.008625,0.000000,0.014667,39.922750
3791,3.792000,37.828666,0.009584,0.000000,0.016334,39.762666
3792,3.793000,38.014375,0.008500,0.000000,0.014833,40.157792
3793,3.794000,37.671791,0.009833,0.000000,0.016750,39.616667
3794,3.795000,37.722459,0.008458,0.000000,0.014459,39.949667
3795,3.796000,38.192958,0.008750,0.000000,0.014792,40.127917
3796,3.797000,37.587125,0.009333,0.000000,0.016291,39.529833
3797,3.798000,37.611875,0.009625,0.000000,0.016709,39.764417
3798,3.799000,37.827792,0.008541,0.000000,0.014625,39.954958
3799,3.800000,37.926541,0.009209,0.000000,0.015750,39.866042
3800,3.801000,37.643375,0.008500,0.000000,0.014583,39.725959
3801,3.802000,38.122334,0.008667,0.000000,0.014750,40.249625
3802,3.803000,37.723542,0.010000,0.000000,0.016875,39.677250
3803,3.804000,37.507542,0.008583,0.000000,0.014500,39.470334
3804,3.805000,37.819750,0.008625,0.000000,0.014625,39.859000
3805,3.806000,37.758833,0.008583,0.000000,0.014542,39.759667
3806,3.807000,37.683291,0.008542,0.000000,0.014542,39.688041
3807,3.808000,37.622333,0.008375,0.000000,0.014292,39.607333
3808,3.809000,37.680917,0.008542,0.000000,0.014583,39.615041
3809,3.810000,37.651416,0.008625,0.000000,0.014666,39.567000
3810,3.811000,37.643917,0.008542,0.000000,0.014500,39.566209
3811,3.812000,37.647166,0.008500,0.000000,0.014500,39.579958
3812,3.813000,37.826333,0.008500,0.000000,0.014500,39.762875
3813,3.814000,37.249458,0.008542,0.000000,0.014542,39.173000
3814,3.815000,37.353917,0.008875,0.000000,0.014917,39.294042
3815,3.816000,37.772833,0.009583,0.000000,0.016291,39.737875
3816,3.817000,37.664083,0.008500,0.000000,0.014458,39.612208
3817,3.818000,36.862250,0.008708,0.000000,0.014875,38.890708
3818,3.819000,37.787167,0.009500,0.000000,0.016292,39.760625
3819,3.820000,37.082750,0.008542,0.000000,0.014625,39.202583
3820,3.821000,37.629834,0.008541,0.000000,0.014792,39.563000
3821,3.822000,37.615333,0.009583,0.000000,0.016375,39.561667
3822,3.823000,37.358125,0.008500,0.000000,0.014625,39.492375
3823,3.824000,37.688041,0.008708,0.000000,0.014917,39.632959
3824,3.825000,37.834709,0.008584,0.000000,0.014792,39.822458
3825,3.826000,37.994917,0.008667,0.000000,0.014791,39.984375
3826,3.827000,36.989583,0.008500,0.000000,0.014625,38.910625
3827,3.828000,37.456000,0.009417,0.000000,0.016000,39.566125
3828,3.829000,36.985583,0.008583,0.000000,0.014541,39.002166
3829,3.830000,37.590875,0.008541,0.000000,0.014750,39.540584
3830,3.831000,37.700792,0.008666,0.000000,0.014667,39.628958
3831,3.832000,37.281500,0.008583,0.000000,0.014500,39.203000
3832,3.833000,37.523792,0.008625,0.000000,0.014667,39.450000
3833,3.834000,37.537125,0.008417,0.000000,0.014416,39.491500
3834,3.835000,36.943875,0.008542,0.000000,0.014584,38.860375
3835,3.836000,37.310125,0.008583,0.000000,0.014584,39.349458
3836,3.837000,37.407208,0.009584,0.000000,0.016417,39.440750
3837,3.838000,37.343375,0.008500,0.000000,0.014500,39.451708
3838,3.839000,37.252375,0.008459,0.000000,0.014500,39.178000
3839,3.840000,37.702208,0.008583,0.000000,0.014625,39.619250
3840,3.841000,37.620208,0.008666,0.000000,0.014542,39.542916
3841,3.842000,37.332958,0.008500,0.000000,0.014416,39.262833
3842,3.843000,37.401125,0.008625,0.000000,0.014583,39.321334
3843,3.844000,37.547083,0.009042,0.000000,0.015500,39.680209
3844,3.845000,37.514666,0.008417,0.000000,0.014375,39.492958
3845,3.846000,37.760542,0.009166,0.000000,0.015708,39.831542
3846,3.847000,37.492875,0.009250,0.000000,0.015625,39.493084
3847,3.848000,37.327333,0.008625,0.000000,0.014583,39.360792
3848,3.849000,37.235292,0.008500,0.000000,0.014500,39.159583
3849,3.850000,37.397750,0.009500,0.000000,0.016250,39.344333
3850,3.851000,37.164500,0.008750,0.000000,0.014875,39.291958
3851,3.852000,37.466667,0.009542,0.000000,0.016334,39.423917
3852,3.853000,37.143500,0.009292,0.000000,0.016000,39.283125
3853,3.854000,37.532250,0.009500,0.000000,0.016125,39.509500
3854,3.855000,36.891167,0.008709,0.000000,0.014917,38.889667
3855,3.856000,37.473750,0.009625,0.000000,0.016334,39.440334
3856,3.857000,37.055334,0.008625,0.000000,0.014667,39.192292
3857,3.858000,37.356000,0.008834,0.000000,0.015042,39.332583
3858,3.859000,37.311500,0.009458,0.000000,0.016375,39.229500
3859,3.860000,37.424917,0.015458,0.000000,0.022291,39.547000
3860,3.861000,37.522875,0.008417,0.000000,0.014458,39.420209
3861,3.862000,37.321500,0.008500,0.000000,0.014583,39.337708
3862,3.863000,37.598417,0.008541,0.000000,0.014625,39.547166
3863,3.864000,37.581292,0.009750,0.000000,0.016500,39.500833
3864,3.865000,37.489416,0.008625,0.000000,0.014625,39.604334
3865,3.866000,37.576416,0.008541,0.000000,0.014500,39.479917
3866,3.867000,37.210000,0.008500,0.000000,0.014542,39.109041
3867,3.868000,37.779042,0.008708,0.000000,0.016250,39.685584
3868,3.869000,37.364250,0.008750,0.000000,0.014708,39.300584
3869,3.870000,37.716292,0.009500,0.000000,0.016125,39.643459
3870,3.871000,37.167500,0.008458,0.000000,0.014459,39.080209
3871,3.872000,37.503708,0.008417,0.000000,0.014417,39.476583
3872,3.873000,37.218875,0.008667,0.000000,0.014500,39.171000
3873,3.874000,37.531625,0.008416,0.000000,0.014375,39.451667
3874,3.875000,37.606208,0.008334,0.000000,0.014333,39.514125
3875,3.876000,37.289792,0.008667,0.000000,0.014708,39.199500
3876,3.877000,37.286250,0.008458,0.000000,0.014375,39.214583
3877,3.878000,37.308334,0.008500,0.000000,0.014666,39.236291
3878,3.879000,37.680041,0.009416,0.000000,0.016167,39.684833
3879,3.880000,36.872917,0.008375,0.000000,0.014333,38.862292
3880,3.881000,37.805167,0.008625,0.000000,0.014542,39.730167
3881,3.882000,37.695083,0.008708,0.000000,0.014791,39.625959
3882,3.883000,37.529500,0.009209,0.000000,0.015583,39.496000
3883,3.884000,37.211041,0.008709,0.000000,0.014750,39.255875
3884,3.885000,37.205417,0.008542,0.000000,0.014459,39.130375
3885,3.886000,37.458833,0.009542,0.000000,0.016292,39.402750
3886,3.887000,36.956291,0.008667,0.000000,0.014834,38.878750
3887,3.888000,37.982292,0.009750,0.000000,0.016417,40.004250
3888,3.889000,37.193125,0.008708,0.000000,0.014833,39.243875
3889,3.890000,37.429625,0.008583,0.000000,0.014625,39.417334
3890,3.891000,37.374167,0.008375,0.000000,0.014500,39.290709
3891,3.892000,37.268083,0.008459,0.000000,0.014583,39.199000
3892,3.893000,37.151625,0.008542,0.000000,0.014625,39.069500
3893,3.894000,37.497125,0.009583,0.000000,0.016292,39.467458
3894,3.895000,37.978250,0.017834,0.009711,102.826542,142.732917
3895,3.896000,11.287542,0.008833,0.000000,0.015791,13.093291
3896,3.897000,11.342375,0.009625,0.000000,0.015458,13.132083
3897,3.898000,10.535291,0.008500,0.000000,0.013375,12.480208
3898,3.899000,10.543250,0.008500,0.000000,0.013167,12.321167
3899,3.900000,10.625167,0.009292,0.000000,0.014500,12.503333
3900,3.901000,13.985625,0.015999,0.000000,12.325375,28.266292
3901,3.902000,13.804209,0.009417,0.000000,0.015334,15.648708
3902,3.903000,13.872708,0.009292,0.000000,0.014916,15.891292
3903,3.904000,17.022416,0.015625,0.001583,25.354209,44.371083
3904,3.905000,20.315583,0.015417,0.002540,36.398625,58.546792
3905,3.906000,19.960750,0.009584,0.000000,0.016333,21.836000
3906,3.907000,26.774208,0.015666,0.003917,60.098000,88.946125
3907,3.908000,29.672875,0.016125,0.005709,72.414792,103.972833
3908,3.909000,30.239125,0.009458,0.000000,0.017334,32.201042
3909,3.910000,30.115584,0.008541,0.000000,0.014291,32.200500
3910,3.911000,30.155917,0.008416,0.000000,0.014167,32.048500
3911,3.912000,29.840792,0.009750,0.000000,0.016083,31.733000
3912,3.913000,29.830958,0.008625,0.000000,0.014334,31.937958
3913,3.914000,30.014542,0.009375,0.000000,0.015750,31.992125
3914,3.915000,29.990084,0.010042,0.000000,0.016958,32.108083
3915,3.916000,30.195125,0.008750,0.000000,0.015333,32.087334
3916,3.917000,29.922583,0.008667,0.000000,0.014375,31.832667
3917,3.918000,30.301208,0.008583,0.000000,0.014208,32.230666
3918,3.919000,29.818292,0.009042,0.000000,0.015167,31.849958
3919,3.920000,30.057292,0.008334,0.000000,0.014667,32.077583
3920,3.921000,29.704292,0.009417,0.000000,0.015708,31.668917
3921,3.922000,30.195292,0.008542,0.000000,0.014250,32.289667
3922,3.923000,29.676709,0.008541,0.000000,0.014209,31.608250
3923,3.924000,29.833959,0.009500,0.000000,0.015792,31.786084
3924,3.925000,29.925250,0.008459,0.000000,0.014083,32.001083
3925,3.926000,29.963875,0.009583,0.000000,0.015834,31.866791
3926,3.927000,29.833458,0.008667,0.000000,0.014250,31.918459
3927,3.928000,33.135167,0.016291,0.007586,84.510875,119.567375
3928,3.929000,13.486958,0.008625,0.000000,0.015167,15.440583
3929,3.930000,14.030209,0.008416,0.000000,0.013541,15.855166
3930,3.931000,13.765083,0.009500,0.000000,0.015042,15.627625
3931,3.932000,13.532375,0.009208,0.000000,0.014541,15.477625
3932,3.933000,13.870084,0.016833,0.000000,0.022459,15.775334
3933,3.934000,13.477667,0.008750,0.000000,0.013834,15.307375
3934,3.935000,13.787500,0.008584,0.000000,0.013542,15.623417
3935,3.936000,13.522791,0.008584,0.000000,0.013625,15.353500
3936,3.937000,13.751709,0.008709,0.000000,0.013792,15.587042
3937,3.938000,13.628875,0.008542,0.000000,0.013625,15.461166
3938,3.939000,17.271416,0.015709,0.001375,24.156541,43.261792
3939,3.940000,17.172125,0.008666,0.000000,0.014458,19.027500
3940,3.941000,17.115042,0.008542,0.000000,0.014000,19.076541
3941,3.942000,17.390417,0.009417,0.000000,0.015000,19.319500
3942,3.943000,17.732500,0.016041,0.002875,27.101416,46.823958
3943,3.944000,11.235458,0.008750,0.000000,0.014458,13.161334
3944,3.945000,11.331375,0.009458,0.000000,0.014833,13.229416
3945,3.946000,16.049542,0.015417,0.000625,21.167875,39.201916
3946,3.947000,16.887500,0.015584,0.002041,24.351583,43.174833
3947,3.948000,15.367250,0.009709,0.000000,0.015917,17.262291
3948,3.949000,16.339167,0.015541,0.002000,21.200708,39.548334
3949,3.950000,16.800625,0.015292,0.002294,24.012458,42.662750
3950,3.951000,16.067459,0.008792,0.000000,0.014541,17.983208
3951,3.952000,17.224500,0.015499,0.002375,24.073750,43.133834
3952,3.953000,20.190459,0.015792,0.002624,36.125667,58.282125
3953,3.954000,13.684750,0.008584,0.000000,0.014542,15.563666
3954,3.955000,14.055208,0.008750,0.000000,0.013875,16.000166
3955,3.956000,13.937041,0.008583,0.000000,0.013667,15.877417
3956,3.957000,17.251000,0.015834,0.001417,24.327791,43.450584
3957,3.958000,17.312583,0.008792,0.000000,0.014417,19.206875
3958,3.959000,20.401958,0.015459,0.002415,36.060584,58.353500
3959,3.960000,20.591958,0.008792,0.000000,0.014792,22.532166
3960,3.961000,20.712500,0.008708,0.000000,0.014125,22.752875
3961,3.962000,20.628667,0.008917,0.000000,0.014333,22.568417
3962,3.963000,20.415041,0.008833,0.000000,0.014125,22.321333
3963,3.964000,20.455542,0.008583,0.000000,0.013916,22.392958
3964,3.965000,20.808833,0.009167,0.000000,0.014792,22.729583
3965,3.966000,20.675833,0.008959,0.000000,0.014583,22.704834
3966,3.967000,20.834291,0.009541,0.000000,0.015417,22.848875
3967,3.968000,20.538625,0.009333,0.000000,0.015250,22.640042
3968,3.969000,20.831333,0.008709,0.000000,0.014250,22.898834
3969,3.970000,20.833875,0.009041,0.000000,0.014667,22.811667
3970,3.971000,20.819333,0.008791,0.000000,0.015083,22.848042
3971,3.972000,20.904459,0.009000,0.000000,0.014917,22.878292
3972,3.973000,20.870125,0.008708,0.000000,0.014500,22.818958
3973,3.974000,20.792917,0.009416,0.000000,0.015208,22.763208
3974,3.975000,20.646000,0.009542,0.000000,0.015542,22.741500
3975,3.976000,20.683958,0.008792,0.000000,0.014500,22.780333
3976,3.977000,20.962083,0.009083,0.000000,0.014958,22.955792
3977,3.978000,38.133834,0.016666,0.003668,98.904333,139.110958
3978,3.979000,34.527500,0.009042,0.000000,0.016291,36.625458
3979,3.980000,34.494458,0.009125,0.000000,0.015459,36.603042
3980,3.981000,38.303833,0.016709,0.007794,99.855916,140.274917
3981,3.982000,38.228167,0.009625,0.000000,0.018083,40.368333
3982,3.983000,39.794417,0.016667,0.009499,104.503250,146.509541
3983,3.984000,29.466292,0.009417,0.000000,0.017583,31.619209
3984,3.985000,32.865750,0.017125,0.006335,80.476709,115.504709
3985,3.986000,32.712792,0.009625,0.000000,0.017500,34.864792
3986,3.987000,36.322958,0.016791,0.007124,92.329459,130.816625
3987,3.988000,15.398750,0.017458,0.001624,16.208792,33.667083
3988,3.989000,11.995541,0.009541,0.000000,0.015542,14.056291
3989,3.990000,15.280750,0.017167,0.000666,16.128167,33.443583
3990,3.991000,15.471875,0.009208,0.000000,0.015500,17.531958
3991,3.992000,18.979959,0.016959,0.001875,29.006458,50.043000
3992,3.993000,18.902875,0.009458,0.000000,0.015875,20.995792
3993,3.994000,19.055209,0.009375,0.000000,0.015167,21.147041
3994,3.995000,19.072459,0.009250,0.000000,0.015042,21.166583
3995,3.996000,35.311500,0.049291,0.003958,95.748417,133.194792
3996,3.997000,36.759250,0.012667,0.000000,0.035916,39.079500
3997,3.998000,45.070708,0.012958,0.000000,0.035000,47.486792
3998,3.999000,42.045583,0.013750,0.000000,0.036584,44.634416
3999,4.000000,46.616084,0.013958,0.000000,0.034375,50.203833
