step,t,E_rigid_KE,E_modal,dE_rigid_loss,dE_modal_injected,dE_modal_extracted,cum_E_loss,cum_E_budget_eta,cum_E_injected,cum_E_extracted,alpha,eta,beta,n_active_kicks,n_active_contacts
0,0.005000,9.623610e-03,0.000000e+00,0.000000e+00,0.000000e+00,0.000000e+00,0.000000e+00,0.000000e+00,0.000000e+00,0.000000e+00,0.000000e+00,9.500000e-01,2.500000e-01,5,20
1,0.010000,3.849444e-02,0.000000e+00,0.000000e+00,0.000000e+00,0.000000e+00,0.000000e+00,0.000000e+00,0.000000e+00,0.000000e+00,0.000000e+00,9.500000e-01,2.500000e-01,5,20
2,0.015000,8.661249e-02,0.000000e+00,0.000000e+00,0.000000e+00,0.000000e+00,0.000000e+00,0.000000e+00,0.000000e+00,0.000000e+00,0.000000e+00,9.500000e-01,2.500000e-01,5,20
3,0.020000,1.539778e-01,0.000000e+00,0.000000e+00,0.000000e+00,0.000000e+00,0.000000e+00,0.000000e+00,0.000000e+00,0.000000e+00,0.000000e+00,9.500000e-01,2.500000e-01,5,20
4,0.025000,2.405903e-01,0.000000e+00,0.000000e+00,0.000000e+00,0.000000e+00,0.000000e+00,0.000000e+00,0.000000e+00,0.000000e+00,0.000000e+00,9.500000e-01,2.500000e-01,5,20
5,0.030000,3.464500e-01,0.000000e+00,0.000000e+00,0.000000e+00,0.000000e+00,0.000000e+00,0.000000e+00,0.000000e+00,0.000000e+00,0.000000e+00,9.500000e-01,2.500000e-01,5,20
6,0.035000,4.715569e-01,0.000000e+00,0.000000e+00,0.000000e+00,0.000000e+00,0.000000e+00,0.000000e+00,0.000000e+00,0.000000e+00,0.000000e+00,9.500000e-01,2.500000e-01,5,20
7,0.040000,6.159110e-01,0.000000e+00,0.000000e+00,0.000000e+00,0.000000e+00,0.000000e+00,0.000000e+00,0.000000e+00,0.000000e+00,0.000000e+00,9.500000e-01,2.500000e-01,5,20
8,0.045000,7.795124e-01,0.000000e+00,0.000000e+00,0.000000e+00,0.000000e+00,0.000000e+00,0.000000e+00,0.000000e+00,0.000000e+00,0.000000e+00,9.500000e-01,2.500000e-01,5,20
9,0.050000,9.623610e-01,0.000000e+00,0.000000e+00,0.000000e+00,0.000000e+00,0.000000e+00,0.000000e+00,0.000000e+00,0.000000e+00,0.000000e+00,9.500000e-01,2.500000e-01,5,20
10,0.055000,1.164457e+00,0.000000e+00,0.000000e+00,0.000000e+00,0.000000e+00,0.000000e+00,0.000000e+00,0.000000e+00,0.000000e+00,0.000000e+00,9.500000e-01,2.500000e-01,5,20
11,0.060000,1.385800e+00,0.000000e+00,0.000000e+00,0.000000e+00,0.000000e+00,0.000000e+00,0.000000e+00,0.000000e+00,0.000000e+00,0.000000e+00,9.500000e-01,2.500000e-01,5,20
12,0.065000,1.626390e+00,0.000000e+00,0.000000e+00,0.000000e+00,0.000000e+00,0.000000e+00,0.000000e+00,0.000000e+00,0.000000e+00,0.000000e+00,9.500000e-01,2.500000e-01,5,20
13,0.070000,1.886228e+00,0.000000e+00,0.000000e+00,0.000000e+00,0.000000e+00,0.000000e+00,0.000000e+00,0.000000e+00,0.000000e+00,0.000000e+00,9.500000e-01,2.500000e-01,5,20
14,0.075000,2.165312e+00,0.000000e+00,0.000000e+00,0.000000e+00,0.000000e+00,0.000000e+00,0.000000e+00,0.000000e+00,0.000000e+00,0.000000e+00,9.500000e-01,2.500000e-01,5,20
15,0.080000,2.463644e+00,0.000000e+00,0.000000e+00,0.000000e+00,0.000000e+00,0.000000e+00,0.000000e+00,0.000000e+00,0.000000e+00,0.000000e+00,9.500000e-01,2.500000e-01,5,20
16,0.085000,2.781223e+00,0.000000e+00,0.000000e+00,0.000000e+00,0.000000e+00,0.000000e+00,0.000000e+00,0.000000e+00,0.000000e+00,0.000000e+00,9.500000e-01,2.500000e-01,5,20
17,0.090000,3.118050e+00,0.000000e+00,0.000000e+00,0.000000e+00,0.000000e+00,0.000000e+00,0.000000e+00,0.000000e+00,0.000000e+00,0.000000e+00,9.500000e-01,2.500000e-01,5,20
18,0.095000,3.474123e+00,0.000000e+00,0.000000e+00,0.000000e+00,0.000000e+00,0.000000e+00,0.000000e+00,0.000000e+00,0.000000e+00,0.000000e+00,9.500000e-01,2.500000e-01,5,20
19,0.100000,3.849444e+00,0.000000e+00,0.000000e+00,0.000000e+00,0.000000e+00,0.000000e+00,0.000000e+00,0.000000e+00,0.000000e+00,0.000000e+00,9.500000e-01,2.500000e-01,5,20
20,0.105000,4.244012e+00,0.000000e+00,0.000000e+00,0.000000e+00,0.000000e+00,0.000000e+00,0.000000e+00,0.000000e+00,0.000000e+00,0.000000e+00,9.500000e-01,2.500000e-01,5,20
21,0.110000,4.657827e+00,0.000000e+00,0.000000e+00,0.000000e+00,0.000000e+00,0.000000e+00,0.000000e+00,0.000000e+00,0.000000e+00,0.000000e+00,9.500000e-01,2.500000e-01,5,20
22,0.115000,5.090890e+00,0.000000e+00,0.000000e+00,0.000000e+00,0.000000e+00,0.000000e+00,0.000000e+00,0.000000e+00,0.000000e+00,0.000000e+00,9.500000e-01,2.500000e-01,5,20
23,0.120000,5.543199e+00,0.000000e+00,0.000000e+00,0.000000e+00,0.000000e+00,0.000000e+00,0.000000e+00,0.000000e+00,0.000000e+00,0.000000e+00,9.500000e-01,2.500000e-01,5,20
24,0.125000,6.014756e+00,0.000000e+00,0.000000e+00,0.000000e+00,0.000000e+00,0.000000e+00,0.000000e+00,0.000000e+00,0.000000e+00,0.000000e+00,9.500000e-01,2.500000e-01,5,20
25,0.130000,6.505560e+00,0.000000e+00,0.000000e+00,0.000000e+00,0.000000e+00,0.000000e+00,0.000000e+00,0.000000e+00,0.000000e+00,0.000000e+00,9.500000e-01,2.500000e-01,5,20
26,0.135000,7.015612e+00,0.000000e+00,0.000000e+00,0.000000e+00,0.000000e+00,0.000000e+00,0.000000e+00,0.000000e+00,0.000000e+00,0.000000e+00,9.500000e-01,2.500000e-01,5,20
27,0.140000,7.544910e+00,0.000000e+00,0.000000e+00,0.000000e+00,0.000000e+00,0.000000e+00,0.000000e+00,0.000000e+00,0.000000e+00,0.000000e+00,9.500000e-01,2.500000e-01,5,20
28,0.145000,8.093456e+00,0.000000e+00,0.000000e+00,0.000000e+00,0.000000e+00,0.000000e+00,0.000000e+00,0.000000e+00,0.000000e+00,0.000000e+00,9.500000e-01,2.500000e-01,5,20
29,0.150000,8.661249e+00,0.000000e+00,0.000000e+00,0.000000e+00,0.000000e+00,0.000000e+00,0.000000e+00,0.000000e+00,0.000000e+00,0.000000e+00,9.500000e-01,2.500000e-01,5,20
30,0.155000,9.248289e+00,0.000000e+00,0.000000e+00,0.000000e+00,0.000000e+00,0.000000e+00,0.000000e+00,0.000000e+00,0.000000e+00,0.000000e+00,9.500000e-01,2.500000e-01,5,20
31,0.160000,9.854577e+00,0.000000e+00,0.000000e+00,0.000000e+00,0.000000e+00,0.000000e+00,0.000000e+00,0.000000e+00,0.000000e+00,0.000000e+00,9.500000e-01,2.500000e-01,5,20
32,0.165000,1.048011e+01,0.000000e+00,0.000000e+00,0.000000e+00,0.000000e+00,0.000000e+00,0.000000e+00,0.000000e+00,0.000000e+00,0.000000e+00,9.500000e-01,2.500000e-01,5,20
33,0.170000,1.112489e+01,0.000000e+00,0.000000e+00,0.000000e+00,0.000000e+00,0.000000e+00,0.000000e+00,0.000000e+00,0.000000e+00,0.000000e+00,9.500000e-01,2.500000e-01,5,20
34,0.175000,1.178892e+01,0.000000e+00,0.000000e+00,0.000000e+00,0.000000e+00,0.000000e+00,0.000000e+00,0.000000e+00,0.000000e+00,0.000000e+00,9.500000e-01,2.500000e-01,5,20
35,0.180000,1.247220e+01,0.000000e+00,0.000000e+00,0.000000e+00,0.000000e+00,0.000000e+00,0.000000e+00,0.000000e+00,0.000000e+00,0.000000e+00,9.500000e-01,2.500000e-01,5,20
36,0.185000,1.317472e+01,0.000000e+00,0.000000e+00,0.000000e+00,0.000000e+00,0.000000e+00,0.000000e+00,0.000000e+00,0.000000e+00,0.000000e+00,9.500000e-01,2.500000e-01,5,20
37,0.190000,1.389649e+01,0.000000e+00,0.000000e+00,0.000000e+00,0.000000e+00,0.000000e+00,0.000000e+00,0.000000e+00,0.000000e+00,0.000000e+00,9.500000e-01,2.500000e-01,5,20
38,0.195000,1.463751e+01,0.000000e+00,0.000000e+00,0.000000e+00,0.000000e+00,0.000000e+00,0.000000e+00,0.000000e+00,0.000000e+00,0.000000e+00,9.500000e-01,2.500000e-01,5,20
39,0.200000,1.539778e+01,0.000000e+00,0.000000e+00,0.000000e+00,0.000000e+00,0.000000e+00,0.000000e+00,0.000000e+00,0.000000e+00,0.000000e+00,9.500000e-01,2.500000e-01,5,20
40,0.205000,1.617729e+01,0.000000e+00,0.000000e+00,0.000000e+00,0.000000e+00,0.000000e+00,0.000000e+00,0.000000e+00,0.000000e+00,0.000000e+00,9.500000e-01,2.500000e-01,5,20
41,0.210000,1.697605e+01,0.000000e+00,0.000000e+00,0.000000e+00,0.000000e+00,0.000000e+00,0.000000e+00,0.000000e+00,0.000000e+00,0.000000e+00,9.500000e-01,2.500000e-01,5,20
42,0.215000,1.779405e+01,0.000000e+00,0.000000e+00,0.000000e+00,0.000000e+00,0.000000e+00,0.000000e+00,0.000000e+00,0.000000e+00,0.000000e+00,9.500000e-01,2.500000e-01,5,20
43,0.220000,1.863131e+01,0.000000e+00,0.000000e+00,0.000000e+00,0.000000e+00,0.000000e+00,0.000000e+00,0.000000e+00,0.000000e+00,0.000000e+00,9.500000e-01,2.500000e-01,5,20
44,0.225000,1.948781e+01,0.000000e+00,0.000000e+00,0.000000e+00,0.000000e+00,0.000000e+00,0.000000e+00,0.000000e+00,0.000000e+00,0.000000e+00,9.500000e-01,2.500000e-01,5,20
45,0.230000,2.036356e+01,0.000000e+00,0.000000e+00,0.000000e+00,0.000000e+00,0.000000e+00,0.000000e+00,0.000000e+00,0.000000e+00,0.000000e+00,9.500000e-01,2.500000e-01,5,20
46,0.235000,2.125855e+01,0.000000e+00,0.000000e+00,0.000000e+00,0.000000e+00,0.000000e+00,0.000000e+00,0.000000e+00,0.000000e+00,0.000000e+00,9.500000e-01,2.500000e-01,5,20
47,0.240000,2.217280e+01,0.000000e+00,0.000000e+00,0.000000e+00,0.000000e+00,0.000000e+00,0.000000e+00,0.000000e+00,0.000000e+00,0.000000e+00,9.500000e-01,2.500000e-01,5,20
48,0.245000,2.310629e+01,0.000000e+00,0.000000e+00,0.000000e+00,0.000000e+00,0.000000e+00,0.000000e+00,0.000000e+00,0.000000e+00,0.000000e+00,9.500000e-01,2.500000e-01,5,20
49,0.250000,2.405902e+01,0.000000e+00,0.000000e+00,0.000000e+00,0.000000e+00,0.000000e+00,0.000000e+00,0.000000e+00,0.000000e+00,0.000000e+00,9.500000e-01,2.500000e-01,5,20
50,0.255000,2.503101e+01,0.000000e+00,0.000000e+00,0.000000e+00,0.000000e+00,0.000000e+00,0.000000e+00,0.000000e+00,0.000000e+00,0.000000e+00,9.500000e-01,2.500000e-01,5,20
51,0.260000,2.602224e+01,0.000000e+00,0.000000e+00,0.000000e+00,0.000000e+00,0.000000e+00,0.000000e+00,0.000000e+00,0.000000e+00,0.000000e+00,9.500000e-01,2.500000e-01,5,20
52,0.265000,2.703272e+01,0.000000e+00,0.000000e+00,0.000000e+00,0.000000e+00,0.000000e+00,0.000000e+00,0.000000e+00,0.000000e+00,0.000000e+00,9.500000e-01,2.500000e-01,5,20
53,0.270000,2.806245e+01,0.000000e+00,0.000000e+00,0.000000e+00,0.000000e+00,0.000000e+00,0.000000e+00,0.000000e+00,0.000000e+00,0.000000e+00,9.500000e-01,2.500000e-01,5,20
54,0.275000,2.911142e+01,0.000000e+00,0.000000e+00,0.000000e+00,0.000000e+00,0.000000e+00,0.000000e+00,0.000000e+00,0.000000e+00,0.000000e+00,9.500000e-01,2.500000e-01,5,20
55,0.280000,3.017964e+01,0.000000e+00,0.000000e+00,0.000000e+00,0.000000e+00,0.000000e+00,0.000000e+00,0.000000e+00,0.000000e+00,0.000000e+00,9.500000e-01,2.500000e-01,5,20
56,0.285000,3.126711e+01,0.000000e+00,0.000000e+00,0.000000e+00,0.000000e+00,0.000000e+00,0.000000e+00,0.000000e+00,0.000000e+00,0.000000e+00,9.500000e-01,2.500000e-01,5,20
57,0.290000,3.237382e+01,0.000000e+00,0.000000e+00,0.000000e+00,0.000000e+00,0.000000e+00,0.000000e+00,0.000000e+00,0.000000e+00,0.000000e+00,9.500000e-01,2.500000e-01,5,20
58,0.295000,3.349979e+01,0.000000e+00,0.000000e+00,0.000000e+00,0.000000e+00,0.000000e+00,0.000000e+00,0.000000e+00,0.000000e+00,0.000000e+00,9.500000e-01,2.500000e-01,5,20
59,0.300000,3.464500e+01,0.000000e+00,0.000000e+00,0.000000e+00,0.000000e+00,0.000000e+00,0.000000e+00,0.000000e+00,0.000000e+00,0.000000e+00,9.500000e-01,2.500000e-01,5,20
60,0.305000,3.580945e+01,0.000000e+00,0.000000e+00,0.000000e+00,0.000000e+00,0.000000e+00,0.000000e+00,0.000000e+00,0.000000e+00,0.000000e+00,9.500000e-01,2.500000e-01,5,20
61,0.310000,3.699316e+01,0.000000e+00,0.000000e+00,0.000000e+00,0.000000e+00,0.000000e+00,0.000000e+00,0.000000e+00,0.000000e+00,0.000000e+00,9.500000e-01,2.500000e-01,5,20
62,0.315000,3.819611e+01,0.000000e+00,0.000000e+00,0.000000e+00,0.000000e+00,0.000000e+00,0.000000e+00,0.000000e+00,0.000000e+00,0.000000e+00,9.500000e-01,2.500000e-01,5,20
63,0.320000,3.941831e+01,0.000000e+00,0.000000e+00,0.000000e+00,0.000000e+00,0.000000e+00,0.000000e+00,0.000000e+00,0.000000e+00,0.000000e+00,9.500000e-01,2.500000e-01,5,20
64,0.325000,4.065975e+01,0.000000e+00,0.000000e+00,0.000000e+00,0.000000e+00,0.000000e+00,0.000000e+00,0.000000e+00,0.000000e+00,0.000000e+00,9.500000e-01,2.500000e-01,5,20
65,0.330000,4.192045e+01,0.000000e+00,0.000000e+00,0.000000e+00,0.000000e+00,0.000000e+00,0.000000e+00,0.000000e+00,0.000000e+00,0.000000e+00,9.500000e-01,2.500000e-01,5,20
66,0.335000,4.320039e+01,0.000000e+00,0.000000e+00,0.000000e+00,0.000000e+00,0.000000e+00,0.000000e+00,0.000000e+00,0.000000e+00,0.000000e+00,9.500000e-01,2.500000e-01,5,20
67,0.340000,4.449957e+01,0.000000e+00,0.000000e+00,0.000000e+00,0.000000e+00,0.000000e+00,0.000000e+00,0.000000e+00,0.000000e+00,0.000000e+00,9.500000e-01,2.500000e-01,5,20
68,0.345000,4.581801e+01,0.000000e+00,0.000000e+00,0.000000e+00,0.000000e+00,0.000000e+00,0.000000e+00,0.000000e+00,0.000000e+00,0.000000e+00,9.500000e-01,2.500000e-01,5,20
69,0.350000,4.715569e+01,0.000000e+00,0.000000e+00,0.000000e+00,0.000000e+00,0.000000e+00,0.000000e+00,0.000000e+00,0.000000e+00,0.000000e+00,9.500000e-01,2.500000e-01,5,20
70,0.355000,3.119427e+00,4.324631e+01,4.552243e+01,4.324631e+01,0.000000e+00,4.552243e+01,4.324631e+01,4.324631e+01,0.000000e+00,3.001716e-01,9.500000e-01,2.500000e-01,5,24
71,0.360000,2.737979e+00,3.823132e+01,3.814480e-01,0.000000e+00,0.000000e+00,4.590388e+01,4.360868e+01,4.324631e+01,0.000000e+00,0.000000e+00,9.500000e-01,2.500000e-01,1,4
72,0.365000,2.391417e+00,3.351208e+01,3.465624e-01,0.000000e+00,0.000000e+00,4.625044e+01,4.393792e+01,4.324631e+01,0.000000e+00,0.000000e+00,9.500000e-01,2.500000e-01,1,4
73,0.370000,2.063148e+00,2.965832e+01,3.282686e-01,0.000000e+00,1.424716e+00,4.657871e+01,4.424977e+01,4.324631e+01,1.424716e+00,1.000000e+00,9.500000e-01,2.500000e-01,1,12
74,0.375000,2.611496e+00,2.787094e+01,2.941099e-01,0.000000e+00,0.000000e+00,4.687282e+01,4.452918e+01,4.324631e+01,1.424716e+00,0.000000e+00,9.500000e-01,2.500000e-01,2,7
75,0.380000,2.248535e+00,2.787094e+01,3.629602e-01,0.000000e+00,0.000000e+00,4.723578e+01,4.487399e+01,4.324631e+01,1.424716e+00,0.000000e+00,9.500000e-01,2.500000e-01,2,0
76,0.385000,1.920461e+00,2.787094e+01,3.280746e-01,0.000000e+00,0.000000e+00,4.756385e+01,4.518566e+01,4.324631e+01,1.424716e+00,0.000000e+00,9.500000e-01,2.500000e-01,2,0
77,0.390000,1.627272e+00,2.787094e+01,2.931890e-01,0.000000e+00,0.000000e+00,4.785704e+01,4.546419e+01,4.324631e+01,1.424716e+00,0.000000e+00,9.500000e-01,2.500000e-01,2,0
78,0.395000,1.368968e+00,2.787094e+01,2.583034e-01,0.000000e+00,0.000000e+00,4.811535e+01,4.570958e+01,4.324631e+01,1.424716e+00,0.000000e+00,9.500000e-01,2.500000e-01,2,0
79,0.400000,1.145550e+00,2.787094e+01,2.234179e-01,0.000000e+00,0.000000e+00,4.833876e+01,4.592183e+01,4.324631e+01,1.424716e+00,0.000000e+00,9.500000e-01,2.500000e-01,2,0
80,0.405000,7.975798e-01,2.975016e+01,3.479707e-01,0.000000e+00,5.849203e-01,4.868673e+01,4.625240e+01,4.324631e+01,2.009636e+00,1.000000e+00,9.500000e-01,2.500000e-01,0,5
81,0.410000,7.755880e-01,2.848602e+01,1.782276e-01,1.685010e-01,0.000000e+00,4.886496e+01,4.642171e+01,4.341481e+01,2.009636e+00,1.000000e+00,9.500000e-01,2.500000e-01,1,6
82,0.415000,6.145194e-01,2.964959e+01,1.610686e-01,0.000000e+00,0.000000e+00,4.902603e+01,4.657473e+01,4.341481e+01,2.009636e+00,0.000000e+00,9.500000e-01,2.500000e-01,0,3
83,0.420000,4.902240e-01,2.861180e+01,1.242954e-01,0.000000e+00,0.000000e+00,4.915033e+01,4.669281e+01,4.341481e+01,2.009636e+00,0.000000e+00,9.500000e-01,2.500000e-01,0,2
84,0.425000,4.008142e-01,2.779406e+01,8.940983e-02,0.000000e+00,0.000000e+00,4.923974e+01,4.677775e+01,4.341481e+01,2.009636e+00,0.000000e+00,9.500000e-01,2.500000e-01,0,2
85,0.430000,3.462899e-01,2.706292e+01,5.452424e-02,0.000000e+00,0.000000e+00,4.929426e+01,4.682955e+01,4.341481e+01,2.009636e+00,0.000000e+00,9.500000e-01,2.500000e-01,0,2
86,0.435000,3.266513e-01,2.629942e+01,1.963866e-02,0.000000e+00,0.000000e+00,4.931390e+01,4.684820e+01,4.341481e+01,2.009636e+00,0.000000e+00,9.500000e-01,2.500000e-01,0,2
87,0.440000,3.418982e-01,2.539544e+01,0.000000e+00,0.000000e+00,0.000000e+00,4.931390e+01,4.684820e+01,4.341481e+01,2.009636e+00,0.000000e+00,9.500000e-01,2.500000e-01,0,2
88,0.445000,3.920307e-01,2.448924e+01,0.000000e+00,0.000000e+00,0.000000e+00,4.931390e+01,4.684820e+01,4.341481e+01,2.009636e+00,0.000000e+00,9.500000e-01,2.500000e-01,0,2
89,0.450000,4.770488e-01,2.370338e+01,0.000000e+00,0.000000e+00,0.000000e+00,4.931390e+01,4.684820e+01,4.341481e+01,2.009636e+00,0.000000e+00,9.500000e-01,2.500000e-01,0,2
90,0.455000,5.969525e-01,2.370338e+01,0.000000e+00,0.000000e+00,0.000000e+00,4.931390e+01,4.684820e+01,4.341481e+01,2.009636e+00,0.000000e+00,9.500000e-01,2.500000e-01,0,0
91,0.460000,7.517418e-01,2.370338e+01,0.000000e+00,0.000000e+00,0.000000e+00,4.931390e+01,4.684820e+01,4.341481e+01,2.009636e+00,0.000000e+00,9.500000e-01,2.500000e-01,0,0
92,0.465000,9.065157e-01,2.307886e+01,0.000000e+00,0.000000e+00,0.000000e+00,4.931390e+01,4.684820e+01,4.341481e+01,2.009636e+00,0.000000e+00,9.500000e-01,2.500000e-01,0,1
93,0.470000,1.119213e+00,2.257371e+01,0.000000e+00,0.000000e+00,0.000000e+00,4.931390e+01,4.684820e+01,4.341481e+01,2.009636e+00,0.000000e+00,9.500000e-01,2.500000e-01,1,1
94,0.475000,2.182660e-01,2.287875e+01,9.009467e-01,8.558994e-01,0.000000e+00,5.021485e+01,4.770410e+01,4.427071e+01,2.009636e+00,8.414848e-01,9.500000e-01,2.500000e-01,1,5
95,0.480000,2.498329e-01,2.106215e+01,0.000000e+00,0.000000e+00,0.000000e+00,5.021485e+01,4.770410e+01,4.427071e+01,2.009636e+00,0.000000e+00,9.500000e-01,2.500000e-01,2,7
96,0.485000,4.050368e-01,1.981980e+01,0.000000e+00,0.000000e+00,0.000000e+00,5.021485e+01,4.770410e+01,4.427071e+01,2.009636e+00,0.000000e+00,9.500000e-01,2.500000e-01,2,7
97,0.490000,4.659122e-01,2.049808e+01,0.000000e+00,0.000000e+00,0.000000e+00,5.021485e+01,4.770410e+01,4.427071e+01,2.009636e+00,0.000000e+00,9.500000e-01,2.500000e-01,1,6
98,0.495000,5.434554e-01,1.957617e+01,0.000000e+00,0.000000e+00,0.000000e+00,5.021485e+01,4.770410e+01,4.427071e+01,2.009636e+00,0.000000e+00,9.500000e-01,2.500000e-01,1,5
99,0.500000,6.264194e-01,1.880548e+01,0.000000e+00,0.000000e+00,0.000000e+00,5.021485e+01,4.770410e+01,4.427071e+01,2.009636e+00,0.000000e+00,9.500000e-01,2.500000e-01,1,5
100,0.505000,9.040172e-01,1.821399e+01,0.000000e+00,0.000000e+00,0.000000e+00,5.021485e+01,4.770410e+01,4.427071e+01,2.009636e+00,0.000000e+00,9.500000e-01,2.500000e-01,1,5
101,0.510000,9.585981e-01,1.994735e+01,0.000000e+00,0.000000e+00,0.000000e+00,5.021485e+01,4.770410e+01,4.427071e+01,2.009636e+00,0.000000e+00,9.500000e-01,2.500000e-01,0,1
102,0.515000,1.048417e+00,1.881848e+01,0.000000e+00,0.000000e+00,0.000000e+00,5.021485e+01,4.770410e+01,4.427071e+01,2.009636e+00,0.000000e+00,9.500000e-01,2.500000e-01,0,2
103,0.520000,1.172769e+00,1.800110e+01,0.000000e+00,0.000000e+00,0.000000e+00,5.021485e+01,4.770410e+01,4.427071e+01,2.009636e+00,0.000000e+00,9.500000e-01,2.500000e-01,0,2
104,0.525000,1.321146e+00,1.726726e+01,0.000000e+00,0.000000e+00,0.000000e+00,5.021485e+01,4.770410e+01,4.427071e+01,2.009636e+00,0.000000e+00,9.500000e-01,2.500000e-01,0,3
105,0.530000,1.515196e+00,1.662423e+01,0.000000e+00,0.000000e+00,0.000000e+00,5.021485e+01,4.770410e+01,4.427071e+01,2.009636e+00,0.000000e+00,9.500000e-01,2.500000e-01,0,3
106,0.535000,1.511232e+00,1.610541e+01,3.964042e-03,3.765840e-03,0.000000e+00,5.021881e+01,4.770787e+01,4.427447e+01,2.009636e+00,4.471212e-03,9.500000e-01,2.500000e-01,0,2
107,0.540000,1.116452e+00,1.130060e+01,3.947803e-01,0.000000e+00,4.331979e+00,5.061359e+01,4.808291e+01,4.427447e+01,6.341616e+00,1.000000e+00,9.500000e-01,2.500000e-01,1,5
108,0.545000,2.183897e+00,1.076970e+01,0.000000e+00,0.000000e+00,0.000000e+00,5.061359e+01,4.808291e+01,4.427447e+01,6.341616e+00,0.000000e+00,9.500000e-01,2.500000e-01,2,5
109,0.550000,2.217477e+00,1.737480e+01,0.000000e+00,0.000000e+00,0.000000e+00,5.061359e+01,4.808291e+01,4.427447e+01,6.341616e+00,0.000000e+00,9.500000e-01,2.500000e-01,1,2
110,0.555000,2.320940e+00,1.623654e+01,0.000000e+00,0.000000e+00,0.000000e+00,5.061359e+01,4.808291e+01,4.427447e+01,6.341616e+00,0.000000e+00,9.500000e-01,2.500000e-01,1,2
111,0.560000,2.006391e+00,1.516695e+01,3.145491e-01,0.000000e+00,1.010079e+00,5.092814e+01,4.838173e+01,4.427447e+01,7.351694e+00,1.000000e+00,9.500000e-01,2.500000e-01,0,3
112,0.565000,1.983200e+00,1.444690e+01,1.119627e-01,1.063645e-01,0.000000e+00,5.104010e+01,4.848810e+01,4.438084e+01,7.351694e+00,1.398002e-01,9.500000e-01,2.500000e-01,1,6
113,0.570000,1.775902e+00,1.276792e+01,2.072975e-01,0.000000e+00,1.880109e+00,5.124740e+01,4.868503e+01,4.438084e+01,9.231804e+00,1.000000e+00,9.500000e-01,2.500000e-01,1,6
114,0.575000,2.504145e+00,1.236845e+01,2.636862e-01,2.505019e-01,0.000000e+00,5.151109e+01,4.893553e+01,4.463134e+01,9.231804e+00,2.923568e-01,9.500000e-01,2.500000e-01,3,9
115,0.580000,2.303713e+00,1.450843e+01,2.795835e-01,0.000000e+00,8.677873e-01,5.179067e+01,4.920114e+01,4.463134e+01,1.009959e+01,1.000000e+00,9.500000e-01,2.500000e-01,2,8
116,0.585000,2.542032e+00,1.248157e+01,1.156795e-01,1.098955e-01,0.000000e+00,5.190635e+01,4.931103e+01,4.474124e+01,1.009959e+01,1.206195e-01,9.500000e-01,2.500000e-01,1,8
117,0.590000,2.436351e+00,1.193023e+01,1.056816e-01,0.000000e+00,0.000000e+00,5.201203e+01,4.941143e+01,4.474124e+01,1.009959e+01,0.000000e+00,9.500000e-01,2.500000e-01,1,5
118,0.595000,2.002941e+00,1.185807e+01,6.712047e-01,6.376444e-01,0.000000e+00,5.268323e+01,5.004907e+01,4.537888e+01,1.009959e+01,5.193356e-01,9.500000e-01,2.500000e-01,1,6
119,0.600000,1.387824e+00,1.233475e+01,6.151176e-01,0.000000e+00,8.906286e-01,5.329835e+01,5.063343e+01,4.537888e+01,1.099022e+01,1.000000e+00,9.500000e-01,2.500000e-01,1,6
120,0.605000,1.270935e+00,1.148387e+01,1.285854e-01,0.000000e+00,0.000000e+00,5.342694e+01,5.075559e+01,4.537888e+01,1.099022e+01,0.000000e+00,9.500000e-01,2.500000e-01,1,5
121,0.610000,1.074504e+00,1.094704e+01,1.964308e-01,0.000000e+00,0.000000e+00,5.362337e+01,5.094220e+01,4.537888e+01,1.099022e+01,0.000000e+00,9.500000e-01,2.500000e-01,1,4
122,0.615000,9.695052e-01,1.045694e+01,1.049990e-01,0.000000e+00,0.000000e+00,5.372837e+01,5.104195e+01,4.537888e+01,1.099022e+01,0.000000e+00,9.500000e-01,2.500000e-01,1,4
123,0.620000,9.328324e-01,1.002896e+01,3.667277e-02,0.000000e+00,0.000000e+00,5.376504e+01,5.107679e+01,4.537888e+01,1.099022e+01,0.000000e+00,9.500000e-01,2.500000e-01,1,4
124,0.625000,9.305872e-01,9.644789e+00,2.245212e-03,0.000000e+00,0.000000e+00,5.376729e+01,5.107892e+01,4.537888e+01,1.099022e+01,0.000000e+00,9.500000e-01,2.500000e-01,0,3
125,0.630000,7.638585e-01,9.461861e+00,1.667287e-01,1.583923e-01,0.000000e+00,5.393401e+01,5.123731e+01,4.553727e+01,1.099022e+01,3.335106e-01,9.500000e-01,2.500000e-01,0,7
126,0.635000,6.834825e-01,9.118855e+00,8.063105e-02,2.605352e-03,0.000000e+00,5.401465e+01,5.131391e+01,4.553988e+01,1.099022e+01,1.000000e+00,9.500000e-01,2.500000e-01,2,8
127,0.640000,8.082963e-01,8.757315e+00,0.000000e+00,0.000000e+00,0.000000e+00,5.401465e+01,5.131391e+01,4.553988e+01,1.099022e+01,0.000000e+00,9.500000e-01,2.500000e-01,2,7
128,0.645000,6.895561e-01,8.079231e+00,1.187402e-01,0.000000e+00,6.210796e-02,5.413339e+01,5.142672e+01,4.553988e+01,1.105233e+01,1.000000e+00,9.500000e-01,2.500000e-01,0,5
129,0.650000,8.968492e-01,7.694170e+00,0.000000e+00,0.000000e+00,0.000000e+00,5.413339e+01,5.142672e+01,4.553988e+01,1.105233e+01,0.000000e+00,9.500000e-01,2.500000e-01,1,5
130,0.655000,9.409749e-01,7.748893e+00,0.000000e+00,0.000000e+00,0.000000e+00,5.413339e+01,5.142672e+01,4.553988e+01,1.105233e+01,0.000000e+00,9.500000e-01,2.500000e-01,0,2
131,0.660000,9.795037e-01,7.479280e+00,0.000000e+00,0.000000e+00,0.000000e+00,5.413339e+01,5.142672e+01,4.553988e+01,1.105233e+01,0.000000e+00,9.500000e-01,2.500000e-01,0,4
132,0.665000,1.084606e+00,7.232558e+00,0.000000e+00,0.000000e+00,0.000000e+00,5.413339e+01,5.142672e+01,4.553988e+01,1.105233e+01,0.000000e+00,9.500000e-01,2.500000e-01,1,5
133,0.670000,1.566627e+00,6.995587e+00,0.000000e+00,0.000000e+00,0.000000e+00,5.413339e+01,5.142672e+01,4.553988e+01,1.105233e+01,0.000000e+00,9.500000e-01,2.500000e-01,1,5
134,0.675000,1.337947e+00,6.992625e+00,2.286799e-01,0.000000e+00,1.195707e+00,5.436207e+01,5.164396e+01,4.553988e+01,1.224803e+01,1.000000e+00,9.500000e-01,2.500000e-01,0,5
135,0.680000,1.394164e+00,6.063226e+00,0.000000e+00,0.000000e+00,0.000000e+00,5.436207e+01,5.164396e+01,4.553988e+01,1.224803e+01,0.000000e+00,9.500000e-01,2.500000e-01,1,4
136,0.685000,1.376089e+00,4.482504e+00,1.807514e-02,0.000000e+00,1.029094e+00,5.438014e+01,5.166113e+01,4.553988e+01,1.327713e+01,1.000000e+00,9.500000e-01,2.500000e-01,1,7
137,0.690000,1.532406e+00,4.195518e+00,0.000000e+00,0.000000e+00,0.000000e+00,5.438014e+01,5.166113e+01,4.553988e+01,1.327713e+01,0.000000e+00,9.500000e-01,2.500000e-01,1,7
138,0.695000,1.596730e+00,5.345888e+00,0.000000e+00,0.000000e+00,0.000000e+00,5.438014e+01,5.166113e+01,4.553988e+01,1.327713e+01,0.000000e+00,9.500000e-01,2.500000e-01,0,3
139,0.700000,1.670711e+00,4.936052e+00,0.000000e+00,0.000000e+00,0.000000e+00,5.438014e+01,5.166113e+01,4.553988e+01,1.327713e+01,0.000000e+00,9.500000e-01,2.500000e-01,0,3
140,0.705000,1.804807e+00,4.671059e+00,0.000000e+00,0.000000e+00,0.000000e+00,5.438014e+01,5.166113e+01,4.553988e+01,1.327713e+01,0.000000e+00,9.500000e-01,2.500000e-01,0,3
141,0.710000,1.955214e+00,4.447957e+00,0.000000e+00,0.000000e+00,0.000000e+00,5.438014e+01,5.166113e+01,4.553988e+01,1.327713e+01,0.000000e+00,9.500000e-01,2.500000e-01,0,4
142,0.715000,2.140310e+00,4.256401e+00,0.000000e+00,0.000000e+00,0.000000e+00,5.438014e+01,5.166113e+01,4.553988e+01,1.327713e+01,0.000000e+00,9.500000e-01,2.500000e-01,1,2
143,0.720000,1.877699e+00,4.468547e+00,4.034621e-01,3.832890e-01,0.000000e+00,5.478360e+01,5.204442e+01,4.592317e+01,1.327713e+01,2.234195e-01,9.500000e-01,2.500000e-01,1,4
144,0.725000,1.819812e+00,5.630653e+00,5.788714e-02,5.499278e-02,0.000000e+00,5.484149e+01,5.209942e+01,4.597816e+01,1.327713e+01,5.137224e-01,9.500000e-01,2.500000e-01,1,5
145,0.730000,2.400956e+00,5.235013e+00,0.000000e+00,0.000000e+00,0.000000e+00,5.484149e+01,5.209942e+01,4.597816e+01,1.327713e+01,0.000000e+00,9.500000e-01,2.500000e-01,3,5
146,0.735000,2.487221e+00,6.569277e+00,0.000000e+00,0.000000e+00,0.000000e+00,5.484149e+01,5.209942e+01,4.597816e+01,1.327713e+01,0.000000e+00,9.500000e-01,2.500000e-01,1,1
147,0.740000,2.590792e+00,6.218674e+00,0.000000e+00,0.000000e+00,0.000000e+00,5.484149e+01,5.209942e+01,4.597816e+01,1.327713e+01,0.000000e+00,9.500000e-01,2.500000e-01,0,1
148,0.745000,1.941683e+00,4.580502e+00,6.491084e-01,0.000000e+00,1.375863e+00,5.549060e+01,5.271607e+01,4.597816e+01,1.465299e+01,1.000000e+00,9.500000e-01,2.500000e-01,1,5
149,0.750000,1.485066e+00,5.210704e+00,9.755038e-01,9.267286e-01,0.000000e+00,5.646610e+01,5.364280e+01,4.690489e+01,1.465299e+01,4.888459e-01,9.500000e-01,2.500000e-01,3,11
150,0.755000,1.226979e+00,6.190551e+00,2.574928e-01,0.000000e+00,4.824651e-01,5.672359e+01,5.388742e+01,4.690489e+01,1.513546e+01,1.000000e+00,9.500000e-01,2.500000e-01,3,7
151,0.760000,1.427824e+00,5.843858e+00,3.169095e-02,0.000000e+00,0.000000e+00,5.675529e+01,5.391752e+01,4.690489e+01,1.513546e+01,0.000000e+00,9.500000e-01,2.500000e-01,3,5
152,0.765000,1.384595e+00,6.551309e+00,4.322859e-02,0.000000e+00,0.000000e+00,5.679851e+01,5.395859e+01,4.690489e+01,1.513546e+01,0.000000e+00,9.500000e-01,2.500000e-01,1,2
153,0.770000,1.226133e+00,6.373778e+00,1.584623e-01,1.505392e-01,0.000000e+00,5.695698e+01,5.410913e+01,4.705543e+01,1.513546e+01,2.160480e-01,9.500000e-01,2.500000e-01,0,3
154,0.775000,8.203889e-01,5.961422e+00,4.057437e-01,0.000000e+00,1.162086e-01,5.736272e+01,5.449458e+01,4.705543e+01,1.525167e+01,1.000000e+00,9.500000e-01,2.500000e-01,1,4
155,0.780000,8.155821e-01,5.627389e+00,5.115311e-02,1.112044e-02,0.000000e+00,5.741387e+01,5.454318e+01,4.706655e+01,1.525167e+01,1.000000e+00,9.500000e-01,2.500000e-01,2,5
156,0.785000,7.830574e-01,5.383206e+00,4.013799e-02,0.000000e+00,0.000000e+00,5.745401e+01,5.458131e+01,4.706655e+01,1.525167e+01,0.000000e+00,9.500000e-01,2.500000e-01,1,2
157,0.790000,7.417356e-01,5.172382e+00,4.132183e-02,3.925574e-02,0.000000e+00,5.749533e+01,5.462057e+01,4.710580e+01,1.525167e+01,3.985436e-01,9.500000e-01,2.500000e-01,0,4
158,0.795000,6.733825e-01,5.000096e+00,6.834432e-02,5.317380e-02,0.000000e+00,5.756368e+01,5.468549e+01,4.715898e+01,1.525167e+01,1.000000e+00,9.500000e-01,2.500000e-01,1,4
159,0.800000,6.874290e-01,4.785177e+00,0.000000e+00,0.000000e+00,0.000000e+00,5.756368e+01,5.468549e+01,4.715898e+01,1.525167e+01,0.000000e+00,9.500000e-01,2.500000e-01,2,4
160,0.805000,6.142861e-01,4.667715e+00,1.052880e-01,1.000236e-01,0.000000e+00,5.766897e+01,5.478552e+01,4.725900e+01,1.525167e+01,3.326888e-01,9.500000e-01,2.500000e-01,1,4
161,0.810000,6.390834e-01,4.580963e+00,0.000000e+00,0.000000e+00,0.000000e+00,5.766897e+01,5.478552e+01,4.725900e+01,1.525167e+01,0.000000e+00,9.500000e-01,2.500000e-01,2,3
162,0.815000,6.493656e-01,4.407133e+00,0.000000e+00,0.000000e+00,0.000000e+00,5.766897e+01,5.478552e+01,4.725900e+01,1.525167e+01,0.000000e+00,9.500000e-01,2.500000e-01,1,5
163,0.820000,4.652513e-01,3.635650e+00,1.841142e-01,0.000000e+00,6.261977e-01,5.785308e+01,5.496043e+01,4.725900e+01,1.587786e+01,1.000000e+00,9.500000e-01,2.500000e-01,2,6
164,0.825000,6.484571e-01,3.474928e+00,6.454950e-02,6.132202e-02,0.000000e+00,5.791763e+01,5.502175e+01,4.732032e+01,1.587786e+01,4.626820e-01,9.500000e-01,2.500000e-01,3,8
165,0.830000,4.927729e-01,4.210520e+00,1.556842e-01,0.000000e+00,6.107862e-01,5.807331e+01,5.516965e+01,4.732032e+01,1.648865e+01,1.000000e+00,9.500000e-01,2.500000e-01,2,3
166,0.835000,6.141690e-01,4.020229e+00,1.068261e-01,1.970586e-02,0.000000e+00,5.818014e+01,5.527113e+01,4.734003e+01,1.648865e+01,1.000000e+00,9.500000e-01,2.500000e-01,3,6
167,0.840000,5.838344e-01,5.063504e+00,3.033463e-02,0.000000e+00,0.000000e+00,5.821047e+01,5.529995e+01,4.734003e+01,1.648865e+01,0.000000e+00,9.500000e-01,2.500000e-01,0,1
168,0.845000,4.102565e-01,4.998149e+00,1.735779e-01,1.648990e-01,0.000000e+00,5.838405e+01,5.546485e+01,4.750493e+01,1.648865e+01,1.217663e-01,9.500000e-01,2.500000e-01,0,6
169,0.850000,3.887207e-01,4.811782e+00,2.153580e-02,0.000000e+00,0.000000e+00,5.840559e+01,5.548531e+01,4.750493e+01,1.648865e+01,0.000000e+00,9.500000e-01,2.500000e-01,2,6
170,0.855000,5.883536e-01,4.644073e+00,5.787036e-03,0.000000e+00,0.000000e+00,5.841138e+01,5.549081e+01,4.750493e+01,1.648865e+01,0.000000e+00,9.500000e-01,2.500000e-01,2,6
171,0.860000,5.011969e-01,5.662555e+00,8.715661e-02,0.000000e+00,0.000000e+00,5.849853e+01,5.557361e+01,4.750493e+01,1.648865e+01,0.000000e+00,9.500000e-01,2.500000e-01,0,1
172,0.865000,2.205814e-01,5.705932e+00,2.806156e-01,2.665848e-01,0.000000e+00,5.877915e+01,5.584019e+01,4.777151e+01,1.648865e+01,1.699783e-01,9.500000e-01,2.500000e-01,0,3
173,0.870000,2.072444e-01,5.245520e+00,1.333700e-02,0.000000e+00,2.631921e-01,5.879248e+01,5.585286e+01,4.777151e+01,1.675184e+01,1.000000e+00,9.500000e-01,2.500000e-01,2,4
174,0.875000,7.606616e-01,5.058226e+00,9.360234e-04,0.000000e+00,0.000000e+00,5.879342e+01,5.585375e+01,4.777151e+01,1.675184e+01,0.000000e+00,9.500000e-01,2.500000e-01,3,5
175,0.880000,6.254073e-01,8.885044e+00,1.352543e-01,1.284916e-01,0.000000e+00,5.892867e+01,5.598224e+01,4.790001e+01,1.675184e+01,8.960354e-01,9.500000e-01,2.500000e-01,0,3
176,0.885000,5.838186e-01,8.091103e+00,4.158867e-02,0.000000e+00,0.000000e+00,5.897026e+01,5.602175e+01,4.790001e+01,1.675184e+01,0.000000e+00,9.500000e-01,2.500000e-01,1,3
177,0.890000,5.710250e-01,7.587522e+00,1.279367e-02,0.000000e+00,0.000000e+00,5.898306e+01,5.603390e+01,4.790001e+01,1.675184e+01,0.000000e+00,9.500000e-01,2.500000e-01,1,2
178,0.895000,4.845083e-01,7.296427e+00,8.892017e-02,8.447417e-02,0.000000e+00,5.907198e+01,5.611838e+01,4.798448e+01,1.675184e+01,1.767799e-01,9.500000e-01,2.500000e-01,1,3
179,0.900000,3.602355e-01,6.495908e+00,1.242728e-01,0.000000e+00,5.215136e-01,5.919625e+01,5.623644e+01,4.798448e+01,1.727336e+01,1.000000e+00,9.500000e-01,2.500000e-01,2,5
180,0.905000,6.748095e-01,6.197268e+00,0.000000e+00,0.000000e+00,0.000000e+00,5.919625e+01,5.623644e+01,4.798448e+01,1.727336e+01,0.000000e+00,9.500000e-01,2.500000e-01,3,5
181,0.910000,6.480948e-01,6.989517e+00,2.671463e-02,2.537890e-02,0.000000e+00,5.922296e+01,5.626182e+01,4.800986e+01,1.727336e+01,2.428499e-01,9.500000e-01,2.500000e-01,0,2
182,0.915000,6.236633e-01,6.680210e+00,2.443149e-02,2.320991e-02,0.000000e+00,5.924740e+01,5.628503e+01,4.803307e+01,1.727336e+01,4.547282e-02,9.500000e-01,2.500000e-01,1,3
183,0.920000,6.303358e-01,6.331414e+00,0.000000e+00,0.000000e+00,6.729754e-02,5.924740e+01,5.628503e+01,4.803307e+01,1.734065e+01,1.000000e+00,9.500000e-01,2.500000e-01,1,5
184,0.925000,6.922630e-01,6.060302e+00,0.000000e+00,0.000000e+00,0.000000e+00,5.924740e+01,5.628503e+01,4.803307e+01,1.734065e+01,0.000000e+00,9.500000e-01,2.500000e-01,1,5
185,0.930000,5.277419e-01,6.273353e+00,1.645211e-01,1.562950e-01,0.000000e+00,5.941192e+01,5.644132e+01,4.818936e+01,1.734065e+01,9.834014e-01,9.500000e-01,2.500000e-01,1,3
186,0.935000,5.786285e-01,5.869511e+00,0.000000e+00,0.000000e+00,0.000000e+00,5.941192e+01,5.644132e+01,4.818936e+01,1.734065e+01,0.000000e+00,9.500000e-01,2.500000e-01,2,2
187,0.940000,5.371907e-01,5.529224e+00,4.143772e-02,0.000000e+00,9.556493e-02,5.945335e+01,5.648069e+01,4.818936e+01,1.743622e+01,1.000000e+00,9.500000e-01,2.500000e-01,0,1
188,0.945000,5.877008e-01,5.262666e+00,0.000000e+00,0.000000e+00,0.000000e+00,5.945335e+01,5.648069e+01,4.818936e+01,1.743622e+01,9.795899e-01,9.500000e-01,2.500000e-01,1,2
189,0.950000,6.437433e-01,4.962755e+00,0.000000e+00,0.000000e+00,0.000000e+00,5.945335e+01,5.648069e+01,4.818936e+01,1.743622e+01,0.000000e+00,9.500000e-01,2.500000e-01,1,4
190,0.955000,5.851002e-01,4.703499e+00,6.933178e-02,0.000000e+00,4.804490e-02,5.952269e+01,5.654655e+01,4.818936e+01,1.748426e+01,1.000000e+00,9.500000e-01,2.500000e-01,1,5
191,0.960000,4.875434e-01,4.566698e+00,1.000658e-01,9.506254e-02,0.000000e+00,5.962275e+01,5.664161e+01,4.828443e+01,1.748426e+01,3.756556e-01,9.500000e-01,2.500000e-01,2,4
192,0.965000,5.334250e-01,4.249531e+00,0.000000e+00,0.000000e+00,1.409377e-01,5.962275e+01,5.664161e+01,4.828443e+01,1.762520e+01,1.000000e+00,9.500000e-01,2.500000e-01,3,6
193,0.970000,4.155288e-01,4.338333e+00,2.772595e-01,2.633966e-01,0.000000e+00,5.990001e+01,5.690501e+01,4.854782e+01,1.762520e+01,3.654453e-01,9.500000e-01,2.500000e-01,4,9
194,0.975000,3.537671e-01,5.107049e+00,6.176168e-02,0.000000e+00,6.230892e-01,5.996177e+01,5.696369e+01,4.854782e+01,1.824829e+01,1.000000e+00,9.500000e-01,2.500000e-01,1,7
195,0.980000,7.778206e-01,4.842463e+00,2.930702e-03,0.000000e+00,0.000000e+00,5.996470e+01,5.696647e+01,4.854782e+01,1.824829e+01,0.000000e+00,9.500000e-01,2.500000e-01,3,7
196,0.985000,7.472424e-01,6.986107e+00,3.057824e-02,0.000000e+00,0.000000e+00,5.999528e+01,5.699552e+01,4.854782e+01,1.824829e+01,0.000000e+00,9.500000e-01,2.500000e-01,1,3
197,0.990000,7.642736e-01,6.546997e+00,2.237011e-02,2.125161e-02,0.000000e+00,6.001765e+01,5.701677e+01,4.856907e+01,1.824829e+01,2.039781e-01,9.500000e-01,2.500000e-01,1,4
198,0.995000,6.466969e-01,6.633676e+00,1.175767e-01,0.000000e+00,7.710696e-01,6.013523e+01,5.712847e+01,4.856907e+01,1.901936e+01,1.000000e+00,9.500000e-01,2.500000e-01,0,2
199,1.000000,1.083263e+00,6.320730e+00,2.585004e-02,2.455754e-02,0.000000e+00,6.016108e+01,5.715303e+01,4.859363e+01,1.901936e+01,3.369819e-02,9.500000e-01,2.500000e-01,1,4
200,1.005000,1.064823e+00,8.178644e+00,1.844044e-02,0.000000e+00,0.000000e+00,6.017952e+01,5.717054e+01,4.859363e+01,1.901936e+01,0.000000e+00,9.500000e-01,2.500000e-01,2,3
201,1.010000,1.054919e+00,7.923521e+00,1.917029e-01,1.821178e-01,0.000000e+00,6.037122e+01,5.735266e+01,4.877575e+01,1.901936e+01,2.622834e-01,9.500000e-01,2.500000e-01,1,4
202,1.015000,8.184002e-01,9.199520e+00,2.365193e-01,0.000000e+00,8.638713e-01,6.060774e+01,5.757736e+01,4.877575e+01,1.988323e+01,1.000000e+00,9.500000e-01,2.500000e-01,1,5
203,1.020000,1.273270e+00,8.689809e+00,1.602074e-01,1.521971e-01,0.000000e+00,6.076795e+01,5.772955e+01,4.892795e+01,1.988323e+01,2.266559e-01,9.500000e-01,2.500000e-01,3,7
204,1.025000,1.152654e+00,1.177084e+01,1.206158e-01,0.000000e+00,0.000000e+00,6.088857e+01,5.784414e+01,4.892795e+01,1.988323e+01,0.000000e+00,9.500000e-01,2.500000e-01,2,3
205,1.030000,1.289863e+00,1.134798e+01,2.275665e-01,2.161882e-01,0.000000e+00,6.111613e+01,5.806033e+01,4.914413e+01,1.988323e+01,2.892653e-01,9.500000e-01,2.500000e-01,2,4
206,1.035000,1.008983e+00,1.079817e+01,2.808807e-01,0.000000e+00,7.321282e-01,6.139701e+01,5.832716e+01,4.914413e+01,2.061536e+01,1.000000e+00,9.500000e-01,2.500000e-01,2,4
207,1.040000,1.299346e+00,1.035184e+01,8.067772e-02,0.000000e+00,0.000000e+00,6.147769e+01,5.840381e+01,4.914413e+01,2.061536e+01,0.000000e+00,9.500000e-01,2.500000e-01,2,3
208,1.045000,1.117819e+00,1.029348e+01,1.815269e-01,0.000000e+00,9.392100e-01,6.165922e+01,5.857626e+01,4.914413e+01,2.155457e+01,1.000000e+00,9.500000e-01,2.500000e-01,0,2
209,1.050000,1.254625e+00,9.725167e+00,7.739959e-02,0.000000e+00,0.000000e+00,6.173662e+01,5.864979e+01,4.914413e+01,2.155457e+01,0.000000e+00,9.500000e-01,2.500000e-01,1,2
210,1.055000,1.177041e+00,1.067388e+01,7.758346e-02,0.000000e+00,0.000000e+00,6.181420e+01,5.872349e+01,4.914413e+01,2.155457e+01,0.000000e+00,9.500000e-01,2.500000e-01,0,1
211,1.060000,1.141624e+00,1.020188e+01,3.541769e-02,0.000000e+00,0.000000e+00,6.184962e+01,5.875714e+01,4.914413e+01,2.155457e+01,0.000000e+00,9.500000e-01,2.500000e-01,0,1
212,1.065000,1.030941e+00,9.404707e+00,1.106828e-01,0.000000e+00,3.959643e-01,6.196030e+01,5.886229e+01,4.914413e+01,2.195053e+01,1.000000e+00,9.500000e-01,2.500000e-01,0,2
213,1.070000,1.100748e+00,9.006135e+00,6.884054e-02,6.539852e-02,0.000000e+00,6.202914e+01,5.892768e+01,4.920953e+01,2.195053e+01,8.100403e-02,9.500000e-01,2.500000e-01,1,3
214,1.075000,1.032789e+00,9.429168e+00,6.795938e-02,0.000000e+00,1.207910e-02,6.209710e+01,5.899225e+01,4.920953e+01,2.196261e+01,1.000000e+00,9.500000e-01,2.500000e-01,1,3
215,1.080000,8.404926e-01,9.136884e+00,1.922964e-01,1.826815e-01,0.000000e+00,6.228940e+01,5.917493e+01,4.939221e+01,2.196261e+01,4.781740e-01,9.500000e-01,2.500000e-01,1,4
216,1.085000,8.195353e-01,8.679949e+00,4.947434e-02,0.000000e+00,0.000000e+00,6.233887e+01,5.922193e+01,4.939221e+01,2.196261e+01,0.000000e+00,9.500000e-01,2.500000e-01,2,4
217,1.090000,8.196051e-01,8.469512e+00,3.431242e-02,0.000000e+00,0.000000e+00,6.237318e+01,5.925452e+01,4.939221e+01,2.196261e+01,0.000000e+00,9.500000e-01,2.500000e-01,1,3
218,1.095000,8.128668e-01,8.134953e+00,6.738211e-03,0.000000e+00,0.000000e+00,6.237992e+01,5.926093e+01,4.939221e+01,2.196261e+01,0.000000e+00,9.500000e-01,2.500000e-01,0,2
219,1.100000,8.410142e-01,7.795824e+00,0.000000e+00,0.000000e+00,0.000000e+00,6.237992e+01,5.926093e+01,4.939221e+01,2.196261e+01,0.000000e+00,9.500000e-01,2.500000e-01,0,1
220,1.105000,8.233131e-01,7.505840e+00,1.770114e-02,1.681608e-02,0.000000e+00,6.239762e+01,5.927774e+01,4.940903e+01,2.196261e+01,8.956741e-01,9.500000e-01,2.500000e-01,0,2
221,1.110000,8.798745e-01,7.121545e+00,0.000000e+00,0.000000e+00,0.000000e+00,6.239762e+01,5.927774e+01,4.940903e+01,2.196261e+01,0.000000e+00,9.500000e-01,2.500000e-01,1,1
222,1.115000,9.711643e-01,6.808367e+00,0.000000e+00,0.000000e+00,0.000000e+00,6.239762e+01,5.927774e+01,4.940903e+01,2.196261e+01,0.000000e+00,9.500000e-01,2.500000e-01,1,1
223,1.120000,1.079986e+00,6.808367e+00,0.000000e+00,0.000000e+00,0.000000e+00,6.239762e+01,5.927774e+01,4.940903e+01,2.196261e+01,0.000000e+00,9.500000e-01,2.500000e-01,1,0
224,1.125000,1.223694e+00,6.808367e+00,0.000000e+00,0.000000e+00,0.000000e+00,6.239762e+01,5.927774e+01,4.940903e+01,2.196261e+01,0.000000e+00,9.500000e-01,2.500000e-01,1,0
225,1.130000,1.402287e+00,6.808367e+00,0.000000e+00,0.000000e+00,0.000000e+00,6.239762e+01,5.927774e+01,4.940903e+01,2.196261e+01,0.000000e+00,9.500000e-01,2.500000e-01,1,0
226,1.135000,1.356299e+00,6.627169e+00,4.598855e-02,4.368912e-02,0.000000e+00,6.244361e+01,5.932143e+01,4.945272e+01,2.196261e+01,9.063263e-01,9.500000e-01,2.500000e-01,0,3
227,1.140000,9.139005e-01,6.562669e+00,4.715731e-01,4.479944e-01,0.000000e+00,6.291518e+01,5.976943e+01,4.990071e+01,2.196261e+01,3.860160e-01,9.500000e-01,2.500000e-01,1,5
228,1.145000,1.017264e+00,6.644036e+00,0.000000e+00,0.000000e+00,0.000000e+00,6.291518e+01,5.976943e+01,4.990071e+01,2.196261e+01,0.000000e+00,9.500000e-01,2.500000e-01,2,3
229,1.150000,1.195961e+00,6.362638e+00,8.997861e-02,8.547968e-02,0.000000e+00,6.300516e+01,5.985491e+01,4.998619e+01,2.196261e+01,1.101340e-01,9.500000e-01,2.500000e-01,2,5
230,1.155000,1.079690e+00,6.963518e+00,1.162706e-01,0.000000e+00,1.157388e+00,6.312143e+01,5.996536e+01,4.998619e+01,2.312000e+01,1.000000e+00,9.500000e-01,2.500000e-01,1,3
231,1.160000,1.845028e+00,6.608579e+00,0.000000e+00,0.000000e+00,0.000000e+00,6.312143e+01,5.996536e+01,4.998619e+01,2.312000e+01,0.000000e+00,9.500000e-01,2.500000e-01,2,3
232,1.165000,1.713304e+00,8.797511e+00,1.317242e-01,0.000000e+00,1.725368e+00,6.325316e+01,6.009050e+01,4.998619e+01,2.484537e+01,1.000000e+00,9.500000e-01,2.500000e-01,0,2
233,1.170000,1.512506e+00,8.704755e+00,3.950440e-01,3.752918e-01,0.000000e+00,6.364820e+01,6.046579e+01,5.036149e+01,2.484537e+01,1.720178e-01,9.500000e-01,2.500000e-01,1,4
234,1.175000,1.208497e+00,7.949093e+00,3.040087e-01,0.000000e+00,1.192909e+00,6.395221e+01,6.075460e+01,5.036149e+01,2.603828e+01,1.000000e+00,9.500000e-01,2.500000e-01,2,4
235,1.180000,2.177911e+00,7.450391e+00,6.818929e-05,0.000000e+00,0.000000e+00,6.395228e+01,6.075467e+01,5.036149e+01,2.603828e+01,0.000000e+00,9.500000e-01,2.500000e-01,3,4
236,1.185000,2.033652e+00,1.037719e+01,1.442592e-01,0.000000e+00,3.628620e-01,6.409654e+01,6.089171e+01,5.036149e+01,2.640114e+01,1.000000e+00,9.500000e-01,2.500000e-01,0,1
237,1.190000,2.288772e+00,9.681073e+00,3.835359e-02,0.000000e+00,0.000000e+00,6.413489e+01,6.092815e+01,5.036149e+01,2.640114e+01,0.000000e+00,9.500000e-01,2.500000e-01,1,1
238,1.195000,1.876804e+00,9.410770e+00,4.119684e-01,0.000000e+00,1.200005e+00,6.454686e+01,6.131952e+01,5.036149e+01,2.760115e+01,1.000000e+00,9.500000e-01,2.500000e-01,0,2
239,1.200000,2.253300e+00,8.867019e+00,5.254182e-02,0.000000e+00,0.000000e+00,6.459940e+01,6.136943e+01,5.036149e+01,2.760115e+01,0.000000e+00,9.500000e-01,2.500000e-01,2,2
240,1.205000,1.601294e+00,1.013920e+01,6.520063e-01,0.000000e+00,1.013351e+00,6.525141e+01,6.198884e+01,5.036149e+01,2.861450e+01,1.000000e+00,9.500000e-01,2.500000e-01,0,1
241,1.210000,1.986046e+00,9.461758e+00,7.648305e-02,0.000000e+00,0.000000e+00,6.532789e+01,6.206150e+01,5.036149e+01,2.861450e+01,0.000000e+00,9.500000e-01,2.500000e-01,1,1
242,1.215000,1.917074e+00,9.461758e+00,6.897238e-02,0.000000e+00,0.000000e+00,6.539686e+01,6.212702e+01,5.036149e+01,2.861450e+01,0.000000e+00,9.500000e-01,2.500000e-01,1,0
243,1.220000,1.739920e+00,1.028653e+01,1.771535e-01,1.682958e-01,0.000000e+00,6.557402e+01,6.229532e+01,5.052978e+01,2.861450e+01,5.432157e-01,9.500000e-01,2.500000e-01,0,1
244,1.225000,1.668065e+00,9.487895e+00,7.185490e-02,0.000000e+00,1.844228e-01,6.564587e+01,6.236358e+01,5.052978e+01,2.879892e+01,1.000000e+00,9.500000e-01,2.500000e-01,1,2
245,1.230000,1.316536e+00,8.439973e+00,3.510488e-01,0.000000e+00,5.775063e-01,6.599692e+01,6.269707e+01,5.052978e+01,2.937642e+01,1.000000e+00,9.500000e-01,2.500000e-01,1,3
246,1.235000,1.037777e+00,8.365794e+00,3.847763e-01,3.655375e-01,0.000000e+00,6.638170e+01,6.306261e+01,5.089532e+01,2.937642e+01,7.760239e-01,9.500000e-01,2.500000e-01,2,3
247,1.240000,9.827923e-01,8.630795e+00,5.498509e-02,0.000000e+00,0.000000e+00,6.643668e+01,6.311485e+01,5.089532e+01,2.937642e+01,0.000000e+00,9.500000e-01,2.500000e-01,2,2
248,1.245000,9.851145e-01,8.270975e+00,6.434930e-02,6.113183e-02,0.000000e+00,6.650103e+01,6.317598e+01,5.095645e+01,2.937642e+01,8.392072e-01,9.500000e-01,2.500000e-01,2,3
249,1.250000,9.514130e-01,8.207510e+00,3.370157e-02,0.000000e+00,0.000000e+00,6.653473e+01,6.320800e+01,5.095645e+01,2.937642e+01,0.000000e+00,9.500000e-01,2.500000e-01,1,1
250,1.255000,9.396383e-01,7.828254e+00,1.177466e-02,0.000000e+00,0.000000e+00,6.654651e+01,6.321918e+01,5.095645e+01,2.937642e+01,0.000000e+00,9.500000e-01,2.500000e-01,1,1
251,1.260000,9.519261e-01,7.477575e+00,0.000000e+00,0.000000e+00,0.000000e+00,6.654651e+01,6.321918e+01,5.095645e+01,2.937642e+01,0.000000e+00,9.500000e-01,2.500000e-01,1,1
252,1.265000,9.233321e-01,7.133100e+00,2.859403e-02,2.716433e-02,0.000000e+00,6.657510e+01,6.324635e+01,5.098362e+01,2.937642e+01,3.558070e-01,9.500000e-01,2.500000e-01,0,1
253,1.270000,7.662191e-01,7.003137e+00,1.728187e-01,1.641778e-01,0.000000e+00,6.674792e+01,6.341052e+01,5.114779e+01,2.937642e+01,3.299336e-01,9.500000e-01,2.500000e-01,1,5
254,1.275000,7.653066e-01,6.742220e+00,2.385822e-03,0.000000e+00,0.000000e+00,6.675031e+01,6.341279e+01,5.114779e+01,2.937642e+01,0.000000e+00,9.500000e-01,2.500000e-01,2,5
255,1.280000,8.114696e-01,6.440334e+00,0.000000e+00,0.000000e+00,0.000000e+00,6.675031e+01,6.341279e+01,5.114779e+01,2.937642e+01,0.000000e+00,9.500000e-01,2.500000e-01,1,4
256,1.285000,8.311421e-01,6.519173e+00,0.000000e+00,0.000000e+00,0.000000e+00,6.675031e+01,6.341279e+01,5.114779e+01,2.937642e+01,0.000000e+00,9.500000e-01,2.500000e-01,1,2
257,1.290000,8.894612e-01,6.237397e+00,0.000000e+00,0.000000e+00,0.000000e+00,6.675031e+01,6.341279e+01,5.114779e+01,2.937642e+01,0.000000e+00,9.500000e-01,2.500000e-01,1,2
258,1.295000,9.623363e-01,6.231633e+00,0.000000e+00,0.000000e+00,0.000000e+00,6.675031e+01,6.341279e+01,5.114779e+01,2.937642e+01,0.000000e+00,9.500000e-01,2.500000e-01,1,2
259,1.300000,1.078140e+00,6.004224e+00,0.000000e+00,0.000000e+00,0.000000e+00,6.675031e+01,6.341279e+01,5.114779e+01,2.937642e+01,0.000000e+00,9.500000e-01,2.500000e-01,1,2
260,1.305000,8.889179e-01,5.809040e+00,1.892225e-01,0.000000e+00,6.640840e-01,6.693953e+01,6.359255e+01,5.114779e+01,3.004051e+01,1.000000e+00,9.500000e-01,2.500000e-01,0,3
261,1.310000,1.119199e+00,5.711088e+00,2.229598e-01,2.118118e-01,0.000000e+00,6.716249e+01,6.380436e+01,5.135960e+01,3.004051e+01,6.569040e-01,9.500000e-01,2.500000e-01,2,5
262,1.315000,1.183896e+00,6.880614e+00,0.000000e+00,0.000000e+00,0.000000e+00,6.716249e+01,6.380436e+01,5.135960e+01,3.004051e+01,0.000000e+00,9.500000e-01,2.500000e-01,2,4
263,1.320000,1.492052e+00,6.576106e+00,0.000000e+00,0.000000e+00,0.000000e+00,6.716249e+01,6.380436e+01,5.135960e+01,3.004051e+01,0.000000e+00,9.500000e-01,2.500000e-01,2,2
264,1.325000,1.590699e+00,8.426745e+00,0.000000e+00,0.000000e+00,0.000000e+00,6.716249e+01,6.380436e+01,5.135960e+01,3.004051e+01,0.000000e+00,9.500000e-01,2.500000e-01,1,1
265,1.330000,1.623091e+00,7.914698e+00,0.000000e+00,0.000000e+00,0.000000e+00,6.716249e+01,6.380436e+01,5.135960e+01,3.004051e+01,0.000000e+00,9.500000e-01,2.500000e-01,0,2
266,1.335000,1.606711e+00,6.678407e+00,1.637959e-02,0.000000e+00,7.920536e-01,6.717887e+01,6.381992e+01,5.135960e+01,3.083256e+01,1.000000e+00,9.500000e-01,2.500000e-01,1,3
267,1.340000,2.327528e+00,6.388840e+00,0.000000e+00,0.000000e+00,0.000000e+00,6.717887e+01,6.381992e+01,5.135960e+01,3.083256e+01,0.000000e+00,9.500000e-01,2.500000e-01,2,4
268,1.345000,2.358107e+00,8.689198e+00,0.000000e+00,0.000000e+00,0.000000e+00,6.717887e+01,6.381992e+01,5.135960e+01,3.083256e+01,0.000000e+00,9.500000e-01,2.500000e-01,1,1
269,1.350000,2.564539e+00,8.241977e+00,0.000000e+00,0.000000e+00,0.000000e+00,6.717887e+01,6.381992e+01,5.135960e+01,3.083256e+01,0.000000e+00,9.500000e-01,2.500000e-01,1,1
270,1.355000,2.440769e+00,8.983836e+00,1.237702e-01,0.000000e+00,5.533870e-01,6.730264e+01,6.393751e+01,5.135960e+01,3.138595e+01,1.000000e+00,9.500000e-01,2.500000e-01,0,1
271,1.360000,2.746304e+00,8.548607e+00,0.000000e+00,0.000000e+00,0.000000e+00,6.730264e+01,6.393751e+01,5.135960e+01,3.138595e+01,0.000000e+00,9.500000e-01,2.500000e-01,1,2
272,1.365000,2.423695e+00,8.087751e+00,3.226082e-01,0.000000e+00,1.035140e+00,6.762525e+01,6.424398e+01,5.135960e+01,3.242109e+01,1.000000e+00,9.500000e-01,2.500000e-01,0,5
273,1.370000,2.766520e+00,8.194327e+00,6.674297e-01,6.340582e-01,0.000000e+00,6.829268e+01,6.487804e+01,5.199366e+01,3.242109e+01,2.297589e-01,9.500000e-01,2.500000e-01,4,9
274,1.375000,2.149435e+00,9.285959e+00,6.170857e-01,0.000000e+00,7.948740e-01,6.890976e+01,6.546427e+01,5.199366e+01,3.321596e+01,1.000000e+00,9.500000e-01,2.500000e-01,2,5
275,1.380000,2.679561e+00,8.759616e+00,6.257442e-02,0.000000e+00,0.000000e+00,6.897234e+01,6.552372e+01,5.199366e+01,3.321596e+01,0.000000e+00,9.500000e-01,2.500000e-01,4,5
276,1.385000,2.272902e+00,1.113650e+01,4.066592e-01,0.000000e+00,2.781280e-01,6.937900e+01,6.591005e+01,5.199366e+01,3.349409e+01,1.000000e+00,9.500000e-01,2.500000e-01,0,1
277,1.390000,2.210898e+00,1.044621e+01,8.518481e-02,0.000000e+00,0.000000e+00,6.946418e+01,6.599097e+01,5.199366e+01,3.349409e+01,0.000000e+00,9.500000e-01,2.500000e-01,1,1
278,1.395000,1.999921e+00,1.021040e+01,2.109771e-01,2.004282e-01,0.000000e+00,6.967516e+01,6.619140e+01,5.219409e+01,3.349409e+01,5.097298e-01,9.500000e-01,2.500000e-01,0,2
279,1.400000,1.806171e+00,9.883230e+00,1.937497e-01,1.840622e-01,0.000000e+00,6.986891e+01,6.637546e+01,5.237815e+01,3.349409e+01,2.351767e-01,9.500000e-01,2.500000e-01,1,4
280,1.405000,1.246932e+00,8.979277e+00,5.592392e-01,0.000000e+00,4.771676e-01,7.042815e+01,6.690674e+01,5.237815e+01,3.397126e+01,1.000000e+00,9.500000e-01,2.500000e-01,1,6
281,1.410000,1.194449e+00,8.548664e+00,1.157838e-01,0.000000e+00,0.000000e+00,7.054393e+01,6.701673e+01,5.237815e+01,3.397126e+01,0.000000e+00,9.500000e-01,2.500000e-01,2,6
282,1.415000,1.077317e+00,8.452310e+00,1.171321e-01,0.000000e+00,0.000000e+00,7.066106e+01,6.712801e+01,5.237815e+01,3.397126e+01,0.000000e+00,9.500000e-01,2.500000e-01,2,3
283,1.420000,9.886201e-01,8.084533e+00,8.869706e-02,0.000000e+00,0.000000e+00,7.074976e+01,6.721227e+01,5.237815e+01,3.397126e+01,0.000000e+00,9.500000e-01,2.500000e-01,1,2
284,1.425000,9.170689e-01,7.834211e+00,8.391438e-02,5.796075e-02,0.000000e+00,7.083367e+01,6.729199e+01,5.243611e+01,3.397126e+01,1.000000e+00,9.500000e-01,2.500000e-01,1,4
285,1.430000,8.442044e-01,7.681174e+00,7.286457e-02,0.000000e+00,0.000000e+00,7.090654e+01,6.736121e+01,5.243611e+01,3.397126e+01,0.000000e+00,9.500000e-01,2.500000e-01,1,1
286,1.435000,8.038930e-01,7.386622e+00,4.413934e-02,0.000000e+00,0.000000e+00,7.095068e+01,6.740314e+01,5.243611e+01,3.397126e+01,0.000000e+00,9.500000e-01,2.500000e-01,1,1
287,1.440000,7.768578e-01,7.187421e+00,2.703524e-02,2.568347e-02,0.000000e+00,7.097771e+01,6.742883e+01,5.246180e+01,3.397126e+01,5.737812e-01,9.500000e-01,2.500000e-01,0,1
288,1.445000,7.499756e-01,6.955993e+00,2.814012e-02,2.673312e-02,0.000000e+00,7.100585e+01,6.745556e+01,5.248853e+01,3.397126e+01,1.750817e-01,9.500000e-01,2.500000e-01,1,3
289,1.450000,7.512196e-01,6.727600e+00,0.000000e+00,0.000000e+00,0.000000e+00,7.100585e+01,6.745556e+01,5.248853e+01,3.397126e+01,0.000000e+00,9.500000e-01,2.500000e-01,1,2
290,1.455000,8.258675e-01,6.496190e+00,0.000000e+00,0.000000e+00,0.000000e+00,7.100585e+01,6.745556e+01,5.248853e+01,3.397126e+01,0.000000e+00,9.500000e-01,2.500000e-01,1,4
291,1.460000,8.118483e-01,6.694188e+00,1.401914e-02,0.000000e+00,0.000000e+00,7.101987e+01,6.746888e+01,5.248853e+01,3.397126e+01,0.000000e+00,9.500000e-01,2.500000e-01,1,2
292,1.465000,8.629174e-01,6.444829e+00,0.000000e+00,0.000000e+00,0.000000e+00,7.101987e+01,6.746888e+01,5.248853e+01,3.397126e+01,0.000000e+00,9.500000e-01,2.500000e-01,1,2
293,1.470000,9.139590e-01,6.444829e+00,0.000000e+00,0.000000e+00,0.000000e+00,7.101987e+01,6.746888e+01,5.248853e+01,3.397126e+01,0.000000e+00,9.500000e-01,2.500000e-01,1,0
294,1.475000,9.152947e-01,6.453072e+00,0.000000e+00,0.000000e+00,0.000000e+00,7.101987e+01,6.746888e+01,5.248853e+01,3.397126e+01,0.000000e+00,9.500000e-01,2.500000e-01,0,1
295,1.480000,1.020059e+00,6.231199e+00,0.000000e+00,0.000000e+00,0.000000e+00,7.101987e+01,6.746888e+01,5.248853e+01,3.397126e+01,0.000000e+00,9.500000e-01,2.500000e-01,0,2
296,1.485000,1.053495e+00,5.264433e+00,0.000000e+00,0.000000e+00,7.579864e-01,7.101987e+01,6.746888e+01,5.248853e+01,3.472925e+01,1.000000e+00,9.500000e-01,2.500000e-01,1,4
297,1.490000,1.381717e+00,5.006188e+00,0.000000e+00,0.000000e+00,0.000000e+00,7.101987e+01,6.746888e+01,5.248853e+01,3.472925e+01,5.173914e-01,9.500000e-01,2.500000e-01,2,4
298,1.495000,1.077701e+00,5.663225e+00,3.040154e-01,0.000000e+00,8.233880e-01,7.132389e+01,6.775769e+01,5.248853e+01,3.555263e+01,1.000000e+00,9.500000e-01,2.500000e-01,0,3
299,1.500000,1.456096e+00,5.375575e+00,1.709368e-02,1.623899e-02,0.000000e+00,7.134098e+01,6.777393e+01,5.250477e+01,3.555263e+01,3.178908e-02,9.500000e-01,2.500000e-01,2,4
300,1.505000,1.482448e+00,6.335045e+00,0.000000e+00,0.000000e+00,0.000000e+00,7.134098e+01,6.777393e+01,5.250477e+01,3.555263e+01,0.000000e+00,9.500000e-01,2.500000e-01,2,2
301,1.510000,1.745995e+00,6.073130e+00,0.000000e+00,0.000000e+00,0.000000e+00,7.134098e+01,6.777393e+01,5.250477e+01,3.555263e+01,0.000000e+00,9.500000e-01,2.500000e-01,1,1
302,1.515000,1.822942e+00,6.073130e+00,0.000000e+00,0.000000e+00,0.000000e+00,7.134098e+01,6.777393e+01,5.250477e+01,3.555263e+01,0.000000e+00,9.500000e-01,2.500000e-01,1,0
303,1.520000,1.850672e+00,5.801691e+00,0.000000e+00,0.000000e+00,8.229256e-01,7.134098e+01,6.777393e+01,5.250477e+01,3.637556e+01,1.000000e+00,9.500000e-01,2.500000e-01,0,2
304,1.525000,1.375530e+00,6.156349e+00,6.881879e-01,6.537785e-01,0.000000e+00,7.202917e+01,6.842771e+01,5.315855e+01,3.637556e+01,4.369774e-01,9.500000e-01,2.500000e-01,2,4
305,1.530000,1.447876e+00,7.038333e+00,0.000000e+00,0.000000e+00,0.000000e+00,7.202917e+01,6.842771e+01,5.315855e+01,3.637556e+01,0.000000e+00,9.500000e-01,2.500000e-01,2,2
306,1.535000,1.696773e+00,6.773144e+00,3.897484e-02,3.702610e-02,0.000000e+00,7.206814e+01,6.846474e+01,5.319557e+01,3.637556e+01,9.707613e-02,9.500000e-01,2.500000e-01,2,4
307,1.540000,1.284154e+00,7.127404e+00,4.126193e-01,0.000000e+00,2.898090e-01,7.248076e+01,6.885673e+01,5.319557e+01,3.666537e+01,1.000000e+00,9.500000e-01,2.500000e-01,1,3
308,1.545000,1.452033e+00,6.778336e+00,3.374507e-02,3.205782e-02,0.000000e+00,7.251451e+01,6.888878e+01,5.322763e+01,3.666537e+01,2.815560e-01,9.500000e-01,2.500000e-01,3,4
309,1.550000,8.847044e-01,5.843145e+00,5.903979e-01,0.000000e+00,1.014946e+00,7.310491e+01,6.944966e+01,5.322763e+01,3.768031e+01,1.000000e+00,9.500000e-01,2.500000e-01,1,5
310,1.555000,1.008837e+00,5.273088e+00,1.213846e-01,1.153153e-01,0.000000e+00,7.322629e+01,6.956498e+01,5.334295e+01,3.768031e+01,1.505429e-01,9.500000e-01,2.500000e-01,3,7
311,1.560000,8.674726e-01,5.819586e+00,1.444518e-01,0.000000e+00,1.505781e-01,7.337074e+01,6.970221e+01,5.334295e+01,3.783089e+01,1.000000e+00,9.500000e-01,2.500000e-01,2,4
312,1.565000,8.741464e-01,5.461998e+00,2.322781e-02,0.000000e+00,0.000000e+00,7.339397e+01,6.972427e+01,5.334295e+01,3.783089e+01,0.000000e+00,9.500000e-01,2.500000e-01,1,1
313,1.570000,7.358523e-01,5.253382e+00,1.382940e-01,0.000000e+00,3.488809e-02,7.353226e+01,6.985565e+01,5.334295e+01,3.786578e+01,1.000000e+00,9.500000e-01,2.500000e-01,0,2
314,1.575000,6.855940e-01,5.074915e+00,8.070900e-02,7.667355e-02,0.000000e+00,7.361297e+01,6.993233e+01,5.341962e+01,3.786578e+01,5.868292e-01,9.500000e-01,2.500000e-01,2,6
315,1.580000,6.458719e-01,4.993956e+00,3.972209e-02,0.000000e+00,0.000000e+00,7.365270e+01,6.997006e+01,5.341962e+01,3.786578e+01,0.000000e+00,9.500000e-01,2.500000e-01,3,4
316,1.585000,5.756700e-01,4.910915e+00,1.659777e-01,1.576788e-01,0.000000e+00,7.381867e+01,7.012774e+01,5.357730e+01,3.786578e+01,7.175304e-01,9.500000e-01,2.500000e-01,3,5
317,1.590000,5.626518e-01,4.852950e+00,1.302458e-02,0.000000e+00,0.000000e+00,7.383170e+01,7.014011e+01,5.357730e+01,3.786578e+01,0.000000e+00,9.500000e-01,2.500000e-01,2,3
318,1.595000,5.729252e-01,4.608538e+00,0.000000e+00,0.000000e+00,0.000000e+00,7.383170e+01,7.014011e+01,5.357730e+01,3.786578e+01,0.000000e+00,9.500000e-01,2.500000e-01,2,3
319,1.600000,5.847154e-01,4.354196e+00,2.120786e-03,0.000000e+00,4.363010e-02,7.383382e+01,7.014213e+01,5.357730e+01,3.790941e+01,1.000000e+00,9.500000e-01,2.500000e-01,2,4
320,1.605000,6.088029e-01,4.153376e+00,0.000000e+00,0.000000e+00,5.325409e-02,7.383382e+01,7.014213e+01,5.357730e+01,3.796266e+01,1.000000e+00,9.500000e-01,2.500000e-01,1,5
321,1.610000,6.575863e-01,3.823037e+00,1.020047e-02,9.690447e-03,0.000000e+00,7.384402e+01,7.015182e+01,5.358699e+01,3.796266e+01,5.390222e-02,9.500000e-01,2.500000e-01,2,3
322,1.615000,6.821175e-01,4.034943e+00,0.000000e+00,0.000000e+00,0.000000e+00,7.384402e+01,7.015182e+01,5.358699e+01,3.796266e+01,0.000000e+00,9.500000e-01,2.500000e-01,1,1
323,1.620000,4.491769e-01,4.106848e+00,2.802268e-01,2.662155e-01,0.000000e+00,7.412425e+01,7.041803e+01,5.385321e+01,3.796266e+01,2.595264e-01,9.500000e-01,2.500000e-01,1,4
324,1.625000,4.865309e-01,4.122733e+00,0.000000e+00,0.000000e+00,0.000000e+00,7.412425e+01,7.041803e+01,5.385321e+01,3.796266e+01,0.000000e+00,9.500000e-01,2.500000e-01,2,3
325,1.630000,6.214934e-01,4.142513e+00,1.293914e-01,1.229219e-01,0.000000e+00,7.425364e+01,7.054096e+01,5.397613e+01,3.796266e+01,2.598472e-01,9.500000e-01,2.500000e-01,1,3
326,1.635000,6.382925e-01,5.140716e+00,0.000000e+00,0.000000e+00,0.000000e+00,7.425364e+01,7.054096e+01,5.397613e+01,3.796266e+01,0.000000e+00,9.500000e-01,2.500000e-01,1,2
327,1.640000,6.534993e-01,4.877832e+00,0.000000e+00,0.000000e+00,0.000000e+00,7.425364e+01,7.054096e+01,5.397613e+01,3.796266e+01,0.000000e+00,9.500000e-01,2.500000e-01,1,2
328,1.645000,5.934738e-01,3.767378e+00,6.002549e-02,0.000000e+00,9.002473e-01,7.431366e+01,7.059798e+01,5.397613e+01,3.886291e+01,1.000000e+00,9.500000e-01,2.500000e-01,1,4
329,1.650000,8.786122e-01,3.545448e+00,0.000000e+00,0.000000e+00,2.824268e-03,7.431366e+01,7.059798e+01,5.397613e+01,3.886574e+01,1.000000e+00,9.500000e-01,2.500000e-01,2,6
330,1.655000,8.791176e-01,4.784833e+00,0.000000e+00,0.000000e+00,0.000000e+00,7.431366e+01,7.059798e+01,5.397613e+01,3.886574e+01,0.000000e+00,9.500000e-01,2.500000e-01,1,2
331,1.660000,8.635078e-01,4.490102e+00,1.560980e-02,1.482931e-02,0.000000e+00,7.432927e+01,7.061281e+01,5.399096e+01,3.886574e+01,7.284592e-02,9.500000e-01,2.500000e-01,1,3
332,1.665000,6.206509e-01,3.470123e+00,2.528360e-01,0.000000e+00,8.136283e-01,7.458211e+01,7.085300e+01,5.399096e+01,3.967936e+01,1.000000e+00,9.500000e-01,2.500000e-01,2,6
333,1.670000,1.001689e+00,3.283019e+00,0.000000e+00,0.000000e+00,0.000000e+00,7.458211e+01,7.085300e+01,5.399096e+01,3.967936e+01,0.000000e+00,9.500000e-01,2.500000e-01,3,4
334,1.675000,1.016586e+00,3.283019e+00,0.000000e+00,0.000000e+00,0.000000e+00,7.458211e+01,7.085300e+01,5.399096e+01,3.967936e+01,0.000000e+00,9.500000e-01,2.500000e-01,3,0
335,1.680000,9.358668e-01,4.199853e+00,8.071884e-02,0.000000e+00,1.310656e-01,7.466283e+01,7.092969e+01,5.399096e+01,3.981043e+01,1.000000e+00,9.500000e-01,2.500000e-01,0,2
336,1.685000,1.053773e+00,3.890412e+00,0.000000e+00,0.000000e+00,0.000000e+00,7.466283e+01,7.092969e+01,5.399096e+01,3.981043e+01,0.000000e+00,9.500000e-01,2.500000e-01,2,2
337,1.690000,1.098473e+00,3.976972e+00,0.000000e+00,0.000000e+00,0.000000e+00,7.466283e+01,7.092969e+01,5.399096e+01,3.981043e+01,0.000000e+00,9.500000e-01,2.500000e-01,1,2
338,1.695000,6.934892e-01,4.165587e+00,4.049838e-01,3.847346e-01,0.000000e+00,7.506781e+01,7.131442e+01,5.437569e+01,3.981043e+01,1.716571e-01,9.500000e-01,2.500000e-01,1,4
339,1.700000,5.506570e-01,3.507851e+00,1.428323e-01,0.000000e+00,4.741557e-01,7.521064e+01,7.145011e+01,5.437569e+01,4.028459e+01,1.000000e+00,9.500000e-01,2.500000e-01,2,6
340,1.705000,6.231774e-01,3.426794e+00,1.730292e-01,1.643777e-01,0.000000e+00,7.538367e+01,7.161449e+01,5.454007e+01,4.028459e+01,3.909774e-01,9.500000e-01,2.500000e-01,3,8
341,1.710000,5.970964e-01,4.057565e+00,2.608102e-02,0.000000e+00,1.702737e-02,7.540975e+01,7.163927e+01,5.454007e+01,4.030161e+01,1.000000e+00,9.500000e-01,2.500000e-01,3,5
342,1.715000,5.542650e-01,3.919231e+00,9.460993e-02,8.987943e-02,0.000000e+00,7.550436e+01,7.172915e+01,5.462995e+01,4.030161e+01,8.416835e-01,9.500000e-01,2.500000e-01,2,6
343,1.720000,5.395367e-01,4.369187e+00,1.472831e-02,0.000000e+00,7.010608e-02,7.551909e+01,7.174314e+01,5.462995e+01,4.037172e+01,1.000000e+00,9.500000e-01,2.500000e-01,2,3
344,1.725000,6.520503e-01,4.132218e+00,0.000000e+00,0.000000e+00,0.000000e+00,7.551909e+01,7.174314e+01,5.462995e+01,4.037172e+01,0.000000e+00,9.500000e-01,2.500000e-01,2,2
345,1.730000,6.087618e-01,3.974184e+00,4.339998e-02,0.000000e+00,1.639004e-01,7.556249e+01,7.178437e+01,5.462995e+01,4.053562e+01,1.000000e+00,9.500000e-01,2.500000e-01,1,3
346,1.735000,5.884381e-01,3.946115e+00,1.468826e-01,1.395385e-01,0.000000e+00,7.570937e+01,7.192391e+01,5.476949e+01,4.053562e+01,6.464525e-01,9.500000e-01,2.500000e-01,2,6
347,1.740000,5.506035e-01,3.985325e+00,3.942372e-02,0.000000e+00,9.757733e-02,7.574880e+01,7.196136e+01,5.476949e+01,4.063320e+01,1.000000e+00,9.500000e-01,2.500000e-01,4,5
348,1.745000,5.966945e-01,3.779476e+00,4.141014e-03,3.933963e-03,0.000000e+00,7.575294e+01,7.196529e+01,5.477342e+01,4.063320e+01,1.264989e-02,9.500000e-01,2.500000e-01,3,6
349,1.750000,3.791917e-01,3.887774e+00,2.175028e-01,2.066276e-01,0.000000e+00,7.597044e+01,7.217192e+01,5.498005e+01,4.063320e+01,7.544526e-01,9.500000e-01,2.500000e-01,2,5
350,1.755000,3.721462e-01,3.672848e+00,7.543342e-03,7.166175e-03,0.000000e+00,7.597799e+01,7.217909e+01,5.498721e+01,4.063320e+01,4.262113e-01,9.500000e-01,2.500000e-01,2,5
351,1.760000,4.094289e-01,3.479715e+00,0.000000e+00,0.000000e+00,0.000000e+00,7.597799e+01,7.217909e+01,5.498721e+01,4.063320e+01,0.000000e+00,9.500000e-01,2.500000e-01,3,5
352,1.765000,3.759301e-01,3.356057e+00,3.462716e-02,0.000000e+00,7.144680e-02,7.601261e+01,7.221198e+01,5.498721e+01,4.070464e+01,1.000000e+00,9.500000e-01,2.500000e-01,2,5
353,1.770000,3.560409e-01,3.217709e+00,3.596730e-02,3.416894e-02,0.000000e+00,7.604858e+01,7.224615e+01,5.502138e+01,4.070464e+01,4.883286e-01,9.500000e-01,2.500000e-01,3,6
354,1.775000,3.886074e-01,3.226337e+00,0.000000e+00,0.000000e+00,4.440892e-16,7.604858e+01,7.224615e+01,5.502138e+01,4.070464e+01,3.415783e-01,9.500000e-01,2.500000e-01,2,4
355,1.780000,3.311753e-01,3.175051e+00,9.595057e-02,8.472086e-02,0.000000e+00,7.614453e+01,7.233730e+01,5.510610e+01,4.070464e+01,1.000000e+00,9.500000e-01,2.500000e-01,3,5
356,1.785000,2.486416e-01,2.818332e+00,8.349734e-02,0.000000e+00,3.461768e-01,7.622803e+01,7.241663e+01,5.510610e+01,4.105082e+01,1.000000e+00,9.500000e-01,2.500000e-01,1,6
357,1.790000,3.073494e-01,2.679505e+00,0.000000e+00,0.000000e+00,0.000000e+00,7.622803e+01,7.241663e+01,5.510610e+01,4.105082e+01,0.000000e+00,9.500000e-01,2.500000e-01,2,6
358,1.795000,2.228695e-01,3.048544e+00,8.447991e-02,0.000000e+00,1.313146e-01,7.631251e+01,7.249688e+01,5.510610e+01,4.118214e+01,1.000000e+00,9.500000e-01,2.500000e-01,2,6
359,1.800000,3.621251e-01,2.813329e+00,0.000000e+00,0.000000e+00,0.000000e+00,7.631251e+01,7.249688e+01,5.510610e+01,4.118214e+01,0.000000e+00,9.500000e-01,2.500000e-01,4,9
360,1.805000,4.115014e-01,3.103190e+00,0.000000e+00,0.000000e+00,0.000000e+00,7.631251e+01,7.249688e+01,5.510610e+01,4.118214e+01,0.000000e+00,9.500000e-01,2.500000e-01,3,4
361,1.810000,5.834167e-01,3.197599e+00,4.740891e-02,4.503846e-02,0.000000e+00,7.635992e+01,7.254192e+01,5.515114e+01,4.118214e+01,8.255824e-02,9.500000e-01,2.500000e-01,2,5
362,1.815000,6.316784e-01,3.427842e+00,0.000000e+00,0.000000e+00,9.800945e-03,7.635992e+01,7.254192e+01,5.515114e+01,4.119194e+01,1.000000e+00,9.500000e-01,2.500000e-01,3,4
363,1.820000,8.700428e-01,3.271424e+00,7.654850e-03,7.272108e-03,0.000000e+00,7.636757e+01,7.254919e+01,5.515842e+01,4.119194e+01,6.803312e-03,9.500000e-01,2.500000e-01,3,8
364,1.825000,8.547305e-01,3.819330e+00,1.531232e-02,0.000000e+00,8.596662e-02,7.638288e+01,7.256374e+01,5.515842e+01,4.127790e+01,1.000000e+00,9.500000e-01,2.500000e-01,3,7
365,1.830000,1.259537e+00,3.573419e+00,0.000000e+00,0.000000e+00,0.000000e+00,7.638288e+01,7.256374e+01,5.515842e+01,4.127790e+01,0.000000e+00,9.500000e-01,2.500000e-01,4,6
366,1.835000,1.224482e+00,5.018442e+00,3.505515e-02,0.000000e+00,3.354892e-02,7.641794e+01,7.259704e+01,5.515842e+01,4.131145e+01,1.000000e+00,9.500000e-01,2.500000e-01,0,3
367,1.840000,8.841319e-01,5.216715e+00,5.011555e-01,4.760978e-01,0.000000e+00,7.691909e+01,7.307314e+01,5.563451e+01,4.131145e+01,2.677720e-01,9.500000e-01,2.500000e-01,2,7
368,1.845000,6.490593e-01,5.022174e+00,2.362774e-01,0.000000e+00,5.956916e-01,7.715537e+01,7.329760e+01,5.563451e+01,4.190714e+01,1.000000e+00,9.500000e-01,2.500000e-01,4,8
369,1.850000,1.114868e+00,4.844447e+00,6.754637e-02,6.416905e-02,0.000000e+00,7.722292e+01,7.336177e+01,5.569868e+01,4.190714e+01,2.810307e-01,9.500000e-01,2.500000e-01,4,7
370,1.855000,1.057486e+00,6.550077e+00,5.738126e-02,1.679898e-02,0.000000e+00,7.728030e+01,7.341628e+01,5.571548e+01,4.190714e+01,1.000000e+00,9.500000e-01,2.500000e-01,1,2
371,1.860000,8.994662e-01,6.645503e+00,4.012535e-01,3.811908e-01,0.000000e+00,7.768155e+01,7.379748e+01,5.609667e+01,4.190714e+01,3.005174e-01,9.500000e-01,2.500000e-01,2,6
372,1.865000,7.847704e-01,6.828384e+00,1.146958e-01,0.000000e+00,2.175019e-01,7.779625e+01,7.390644e+01,5.609667e+01,4.212465e+01,1.000000e+00,9.500000e-01,2.500000e-01,3,6
373,1.870000,1.102793e+00,6.593233e+00,7.338319e-02,6.971403e-02,0.000000e+00,7.786963e+01,7.397615e+01,5.616639e+01,4.212465e+01,2.978884e-01,9.500000e-01,2.500000e-01,3,7
374,1.875000,9.997789e-01,7.823415e+00,1.030142e-01,0.000000e+00,0.000000e+00,7.797265e+01,7.407401e+01,5.616639e+01,4.212465e+01,0.000000e+00,9.500000e-01,2.500000e-01,1,1
375,1.880000,8.055446e-01,7.747769e+00,2.678446e-01,2.544524e-01,0.000000e+00,7.824049e+01,7.432847e+01,5.642084e+01,4.212465e+01,3.339173e-01,9.500000e-01,2.500000e-01,1,6
376,1.885000,6.663685e-01,8.092549e+00,1.391760e-01,1.322172e-01,0.000000e+00,7.837967e+01,7.446068e+01,5.655306e+01,4.212465e+01,9.087309e-01,9.500000e-01,2.500000e-01,2,5
377,1.890000,7.314286e-01,7.745023e+00,8.755057e-02,0.000000e+00,0.000000e+00,7.846722e+01,7.454386e+01,5.655306e+01,4.212465e+01,0.000000e+00,9.500000e-01,2.500000e-01,3,5
378,1.895000,6.527855e-01,7.835201e+00,8.356659e-02,0.000000e+00,0.000000e+00,7.855078e+01,7.462324e+01,5.655306e+01,4.212465e+01,0.000000e+00,9.500000e-01,2.500000e-01,1,1
379,1.900000,5.913129e-01,7.835201e+00,6.147260e-02,0.000000e+00,0.000000e+00,7.861226e+01,7.468164e+01,5.655306e+01,4.212465e+01,0.000000e+00,9.500000e-01,2.500000e-01,1,0
380,1.905000,5.005353e-01,7.586826e+00,9.077757e-02,8.623869e-02,0.000000e+00,7.870303e+01,7.476788e+01,5.663929e+01,4.212465e+01,4.029531e-01,9.500000e-01,2.500000e-01,0,1
381,1.910000,4.287183e-01,7.214128e+00,7.181708e-02,0.000000e+00,9.743835e-02,7.877485e+01,7.483611e+01,5.663929e+01,4.222208e+01,1.000000e+00,9.500000e-01,2.500000e-01,1,3
382,1.915000,4.490964e-01,6.950715e+00,4.275799e-02,4.062009e-02,0.000000e+00,7.881761e+01,7.487673e+01,5.667991e+01,4.222208e+01,1.362236e-01,9.500000e-01,2.500000e-01,3,4
383,1.920000,2.963363e-01,6.912628e+00,1.527601e-01,1.451221e-01,0.000000e+00,7.897037e+01,7.502185e+01,5.682504e+01,4.222208e+01,4.074303e-01,9.500000e-01,2.500000e-01,1,5
384,1.925000,2.583310e-01,6.624791e+00,3.827915e-02,0.000000e+00,0.000000e+00,7.900865e+01,7.505822e+01,5.682504e+01,4.222208e+01,0.000000e+00,9.500000e-01,2.500000e-01,2,4
385,1.930000,2.471073e-01,6.383458e+00,1.426406e-02,0.000000e+00,0.000000e+00,7.902291e+01,7.507177e+01,5.682504e+01,4.222208e+01,0.000000e+00,9.500000e-01,2.500000e-01,2,4
386,1.935000,2.538110e-01,6.161995e+00,0.000000e+00,0.000000e+00,0.000000e+00,7.902291e+01,7.507177e+01,5.682504e+01,4.222208e+01,0.000000e+00,9.500000e-01,2.500000e-01,2,4
387,1.940000,2.880479e-01,5.944981e+00,0.000000e+00,0.000000e+00,0.000000e+00,7.902291e+01,7.507177e+01,5.682504e+01,4.222208e+01,0.000000e+00,9.500000e-01,2.500000e-01,2,4
388,1.945000,2.972729e-01,5.478058e+00,0.000000e+00,0.000000e+00,2.827939e-01,7.902291e+01,7.507177e+01,5.682504e+01,4.250488e+01,1.000000e+00,9.500000e-01,2.500000e-01,1,4
389,1.950000,2.785401e-01,5.249929e+00,1.928990e-02,1.832540e-02,0.000000e+00,7.904220e+01,7.509009e+01,5.684336e+01,4.250488e+01,1.578638e-01,9.500000e-01,2.500000e-01,1,5
390,1.955000,3.132040e-01,5.007031e+00,0.000000e+00,0.000000e+00,4.409350e-02,7.904220e+01,7.509009e+01,5.684336e+01,4.254897e+01,1.000000e+00,9.500000e-01,2.500000e-01,2,6
391,1.960000,3.927197e-01,4.809455e+00,0.000000e+00,0.000000e+00,0.000000e+00,7.904220e+01,7.509009e+01,5.684336e+01,4.254897e+01,0.000000e+00,9.500000e-01,2.500000e-01,2,8
392,1.965000,3.798094e-01,4.872206e+00,1.291035e-02,0.000000e+00,2.354976e-01,7.905511e+01,7.510236e+01,5.684336e+01,4.278447e+01,1.000000e+00,9.500000e-01,2.500000e-01,1,3
393,1.970000,6.728319e-01,4.636124e+00,0.000000e+00,0.000000e+00,0.000000e+00,7.905511e+01,7.510236e+01,5.684336e+01,4.278447e+01,0.000000e+00,9.500000e-01,2.500000e-01,2,4
394,1.975000,7.293861e-01,5.156091e+00,0.000000e+00,0.000000e+00,1.066393e-01,7.905511e+01,7.510236e+01,5.684336e+01,4.289111e+01,1.000000e+00,9.500000e-01,2.500000e-01,1,3
395,1.980000,1.057626e+00,4.948434e+00,0.000000e+00,0.000000e+00,0.000000e+00,7.905511e+01,7.510236e+01,5.684336e+01,4.289111e+01,0.000000e+00,9.500000e-01,2.500000e-01,2,7
396,1.985000,1.094010e+00,6.184748e+00,0.000000e+00,0.000000e+00,0.000000e+00,7.905511e+01,7.510236e+01,5.684336e+01,4.289111e+01,0.000000e+00,9.500000e-01,2.500000e-01,1,4
397,1.990000,1.172937e+00,5.856852e+00,0.000000e+00,0.000000e+00,0.000000e+00,7.905511e+01,7.510236e+01,5.684336e+01,4.289111e+01,0.000000e+00,9.500000e-01,2.500000e-01,1,5
398,1.995000,1.202658e+00,6.284112e+00,0.000000e+00,0.000000e+00,4.822395e-02,7.905511e+01,7.510236e+01,5.684336e+01,4.293933e+01,1.000000e+00,9.500000e-01,2.500000e-01,2,3
399,2.000000,1.295917e+00,6.033381e+00,6.077906e-02,5.774011e-02,0.000000e+00,7.911589e+01,7.516010e+01,5.690110e+01,4.293933e+01,6.194354e-02,9.500000e-01,2.500000e-01,2,5
400,2.005000,1.046107e+00,6.234779e+00,2.498100e-01,0.000000e+00,7.880470e-01,7.936570e+01,7.539742e+01,5.690110e+01,4.372738e+01,1.000000e+00,9.500000e-01,2.500000e-01,1,3
401,2.010000,1.659275e+00,5.627084e+00,0.000000e+00,0.000000e+00,0.000000e+00,7.936570e+01,7.539742e+01,5.690110e+01,4.372738e+01,1.878848e-01,9.500000e-01,2.500000e-01,2,4
402,2.015000,1.665011e+00,7.379098e+00,0.000000e+00,0.000000e+00,0.000000e+00,7.936570e+01,7.539742e+01,5.690110e+01,4.372738e+01,0.000000e+00,9.500000e-01,2.500000e-01,1,1
403,2.020000,1.359202e+00,7.387958e+00,3.058082e-01,2.905178e-01,0.000000e+00,7.967151e+01,7.568793e+01,5.719162e+01,4.372738e+01,4.063855e-01,9.500000e-01,2.500000e-01,0,1
404,2.025000,1.381099e+00,6.766879e+00,0.000000e+00,0.000000e+00,3.372011e-01,7.967151e+01,7.568793e+01,5.719162e+01,4.406458e+01,1.000000e+00,9.500000e-01,2.500000e-01,1,2
405,2.030000,1.194401e+00,6.979875e+00,5.020505e-01,4.769480e-01,0.000000e+00,8.017356e+01,7.616488e+01,5.766857e+01,4.406458e+01,2.390396e-01,9.500000e-01,2.500000e-01,2,5
406,2.035000,1.175154e+00,8.434302e+00,1.924665e-02,0.000000e+00,0.000000e+00,8.019281e+01,7.618317e+01,5.766857e+01,4.406458e+01,0.000000e+00,9.500000e-01,2.500000e-01,2,3
407,2.040000,8.631389e-01,8.634753e+00,6.908255e-01,6.562842e-01,0.000000e+00,8.088363e+01,7.683945e+01,5.832485e+01,4.406458e+01,3.992622e-01,9.500000e-01,2.500000e-01,2,6
408,2.045000,7.899569e-01,9.635080e+00,7.369433e-02,0.000000e+00,0.000000e+00,8.095733e+01,7.690946e+01,5.832485e+01,4.406458e+01,0.000000e+00,9.500000e-01,2.500000e-01,2,3
409,2.050000,1.096671e+00,9.162999e+00,4.501140e-02,0.000000e+00,0.000000e+00,8.100234e+01,7.695222e+01,5.832485e+01,4.406458e+01,0.000000e+00,9.500000e-01,2.500000e-01,1,2
410,2.055000,9.640572e-01,9.414771e+00,1.326138e-01,0.000000e+00,3.445811e-01,8.113495e+01,7.707820e+01,5.832485e+01,4.440916e+01,1.000000e+00,9.500000e-01,2.500000e-01,0,2
411,2.060000,9.338477e-01,9.134699e+00,1.033437e-01,9.817653e-02,0.000000e+00,8.123830e+01,7.717638e+01,5.842303e+01,4.440916e+01,5.338983e-01,9.500000e-01,2.500000e-01,2,3
412,2.065000,8.386407e-01,8.761297e+00,9.546304e-02,0.000000e+00,1.422565e-01,8.133376e+01,7.726707e+01,5.842303e+01,4.455142e+01,1.000000e+00,9.500000e-01,2.500000e-01,2,3
413,2.070000,8.697905e-01,8.460917e+00,3.217931e-02,3.057034e-02,0.000000e+00,8.136594e+01,7.729764e+01,5.845360e+01,4.455142e+01,6.596252e-02,9.500000e-01,2.500000e-01,2,3
414,2.075000,7.918658e-01,8.315893e+00,7.792469e-02,0.000000e+00,6.125556e-02,8.144386e+01,7.737167e+01,5.845360e+01,4.461267e+01,1.000000e+00,9.500000e-01,2.500000e-01,1,2
415,2.080000,8.005779e-01,7.987647e+00,1.918836e-02,1.822895e-02,0.000000e+00,8.146305e+01,7.738990e+01,5.847183e+01,4.461267e+01,2.024388e-01,9.500000e-01,2.500000e-01,2,3
416,2.085000,7.905162e-01,7.743139e+00,1.006161e-02,0.000000e+00,3.902420e-02,8.147311e+01,7.739946e+01,5.847183e+01,4.465170e+01,1.000000e+00,9.500000e-01,2.500000e-01,1,2
417,2.090000,4.965143e-01,7.732247e+00,2.962607e-01,2.814477e-01,0.000000e+00,8.176937e+01,7.768091e+01,5.875328e+01,4.465170e+01,3.241167e-01,9.500000e-01,2.500000e-01,1,5
418,2.095000,4.877001e-01,7.408562e+00,1.176514e-02,0.000000e+00,0.000000e+00,8.178114e+01,7.769208e+01,5.875328e+01,4.465170e+01,0.000000e+00,9.500000e-01,2.500000e-01,2,4
419,2.100000,4.192778e-01,7.187638e+00,6.987170e-02,5.895165e-02,0.000000e+00,8.185101e+01,7.775846e+01,5.881223e+01,4.465170e+01,1.000000e+00,9.500000e-01,2.500000e-01,1,4
420,2.105000,4.277782e-01,6.893810e+00,4.742026e-04,4.504925e-04,0.000000e+00,8.185148e+01,7.775891e+01,5.881268e+01,4.465170e+01,4.089053e-03,9.500000e-01,2.500000e-01,2,4
421,2.110000,2.963127e-01,6.668885e+00,1.314655e-01,0.000000e+00,5.398738e-02,8.198295e+01,7.788380e+01,5.881268e+01,4.470568e+01,1.000000e+00,9.500000e-01,2.500000e-01,2,7
422,2.115000,2.816574e-01,6.371369e+00,2.557965e-02,2.430067e-02,0.000000e+00,8.200853e+01,7.790810e+01,5.883698e+01,4.470568e+01,2.226247e-01,9.500000e-01,2.500000e-01,2,7
423,2.120000,2.941342e-01,6.143739e+00,0.000000e+00,0.000000e+00,1.149850e-02,8.200853e+01,7.790810e+01,5.883698e+01,4.471718e+01,1.000000e+00,9.500000e-01,2.500000e-01,2,7
424,2.125000,2.340184e-01,6.013780e+00,1.089712e-01,1.035227e-01,0.000000e+00,8.211750e+01,7.801163e+01,5.894050e+01,4.471718e+01,4.996011e-01,9.500000e-01,2.500000e-01,2,9
425,2.130000,2.244413e-01,6.454993e+00,9.577178e-03,0.000000e+00,8.395677e-02,8.212708e+01,7.802072e+01,5.894050e+01,4.480114e+01,1.000000e+00,9.500000e-01,2.500000e-01,3,6
426,2.135000,3.559123e-01,6.164192e+00,0.000000e+00,0.000000e+00,0.000000e+00,8.212708e+01,7.802072e+01,5.894050e+01,4.480114e+01,0.000000e+00,9.500000e-01,2.500000e-01,2,3
427,2.140000,3.867890e-01,6.892136e+00,0.000000e+00,0.000000e+00,0.000000e+00,8.212708e+01,7.802072e+01,5.894050e+01,4.480114e+01,0.000000e+00,9.500000e-01,2.500000e-01,1,1
428,2.145000,4.285949e-01,6.485096e+00,0.000000e+00,0.000000e+00,7.692889e-02,8.212708e+01,7.802072e+01,5.894050e+01,4.487807e+01,1.000000e+00,9.500000e-01,2.500000e-01,1,2
429,2.150000,5.040088e-01,5.653652e+00,0.000000e+00,0.000000e+00,5.582327e-01,8.212708e+01,7.802072e+01,5.894050e+01,4.543630e+01,1.000000e+00,9.500000e-01,2.500000e-01,1,3
430,2.155000,6.682725e-01,5.446897e+00,0.000000e+00,0.000000e+00,0.000000e+00,8.212708e+01,7.802072e+01,5.894050e+01,4.543630e+01,0.000000e+00,9.500000e-01,2.500000e-01,1,2
431,2.160000,6.624449e-01,6.114768e+00,5.827590e-03,0.000000e+00,2.666732e-01,8.213291e+01,7.802626e+01,5.894050e+01,4.570297e+01,1.000000e+00,9.500000e-01,2.500000e-01,1,3
432,2.165000,9.881458e-01,5.797912e+00,0.000000e+00,0.000000e+00,0.000000e+00,8.213291e+01,7.802626e+01,5.894050e+01,4.570297e+01,0.000000e+00,9.500000e-01,2.500000e-01,2,4
433,2.170000,9.331505e-01,6.212164e+00,6.064552e-02,0.000000e+00,5.901633e-01,8.219355e+01,7.808387e+01,5.894050e+01,4.629314e+01,1.000000e+00,9.500000e-01,2.500000e-01,1,5
434,2.175000,1.570311e+00,6.268796e+00,1.309655e-01,1.244173e-01,0.000000e+00,8.232452e+01,7.820829e+01,5.906492e+01,4.629314e+01,1.990012e-01,9.500000e-01,2.500000e-01,3,5
435,2.180000,1.289829e+00,6.492432e+00,2.804824e-01,0.000000e+00,1.374204e+00,8.260500e+01,7.847475e+01,5.906492e+01,4.766734e+01,1.000000e+00,9.500000e-01,2.500000e-01,0,2
436,2.185000,1.150547e+00,6.530298e+00,4.456630e-01,4.233799e-01,0.000000e+00,8.305066e+01,7.889813e+01,5.948830e+01,4.766734e+01,4.508002e-01,9.500000e-01,2.500000e-01,1,3
437,2.190000,1.069935e+00,8.445878e+00,8.061258e-02,0.000000e+00,4.329570e-02,8.313128e+01,7.897471e+01,5.948830e+01,4.771064e+01,1.000000e+00,9.500000e-01,2.500000e-01,1,4
438,2.195000,1.400365e+00,7.875948e+00,4.607160e-02,4.376802e-02,0.000000e+00,8.317735e+01,7.901848e+01,5.953207e+01,4.771064e+01,5.544014e-02,9.500000e-01,2.500000e-01,3,5
439,2.200000,1.369996e+00,8.667205e+00,3.281205e-02,0.000000e+00,0.000000e+00,8.321016e+01,7.904965e+01,5.953207e+01,4.771064e+01,0.000000e+00,9.500000e-01,2.500000e-01,1,2
440,2.205000,1.094862e+00,8.562840e+00,2.751335e-01,2.613768e-01,0.000000e+00,8.348529e+01,7.931103e+01,5.979344e+01,4.771064e+01,1.676931e-01,9.500000e-01,2.500000e-01,0,3
441,2.210000,9.787004e-01,8.268776e+00,1.161619e-01,1.103538e-01,0.000000e+00,8.360145e+01,7.942138e+01,5.990380e+01,4.771064e+01,2.587383e-01,9.500000e-01,2.500000e-01,1,4
442,2.215000,9.180827e-01,8.109840e+00,2.102898e-01,1.997753e-01,0.000000e+00,8.381174e+01,7.962116e+01,6.010357e+01,4.771064e+01,3.830694e-01,9.500000e-01,2.500000e-01,2,5
443,2.220000,8.559755e-01,8.444954e+00,6.265898e-02,0.000000e+00,0.000000e+00,8.387440e+01,7.968068e+01,6.010357e+01,4.771064e+01,0.000000e+00,9.500000e-01,2.500000e-01,2,3
444,2.225000,9.672017e-01,8.187105e+00,5.165168e-02,4.906909e-02,0.000000e+00,8.392605e+01,7.972975e+01,6.015264e+01,4.771064e+01,4.191752e-01,9.500000e-01,2.500000e-01,2,3
445,2.230000,9.198158e-01,8.346353e+00,5.603988e-02,3.603118e-02,0.000000e+00,8.398209e+01,7.978299e+01,6.018867e+01,4.771064e+01,1.000000e+00,9.500000e-01,2.500000e-01,1,4
446,2.235000,8.551111e-01,8.068476e+00,6.470467e-02,0.000000e+00,0.000000e+00,8.404680e+01,7.984446e+01,6.018867e+01,4.771064e+01,0.000000e+00,9.500000e-01,2.500000e-01,1,2
447,2.240000,8.392486e-01,7.667263e+00,1.586256e-02,0.000000e+00,0.000000e+00,8.406266e+01,7.985953e+01,6.018867e+01,4.771064e+01,0.000000e+00,9.500000e-01,2.500000e-01,1,2
448,2.245000,8.507404e-01,7.328466e+00,0.000000e+00,0.000000e+00,0.000000e+00,8.406266e+01,7.985953e+01,6.018867e+01,4.771064e+01,0.000000e+00,9.500000e-01,2.500000e-01,1,2
449,2.250000,8.531182e-01,7.016488e+00,0.000000e+00,0.000000e+00,0.000000e+00,8.406266e+01,7.985953e+01,6.018867e+01,4.771064e+01,4.373927e-01,9.500000e-01,2.500000e-01,0,4
450,2.255000,8.838610e-01,6.716138e+00,0.000000e+00,0.000000e+00,0.000000e+00,8.406266e+01,7.985953e+01,6.018867e+01,4.771064e+01,0.000000e+00,9.500000e-01,2.500000e-01,1,4
451,2.260000,9.422614e-01,6.444933e+00,0.000000e+00,0.000000e+00,0.000000e+00,8.406266e+01,7.985953e+01,6.018867e+01,4.771064e+01,0.000000e+00,9.500000e-01,2.500000e-01,1,5
452,2.265000,7.923466e-01,6.381513e+00,1.499149e-01,1.424191e-01,0.000000e+00,8.421258e+01,8.000195e+01,6.033109e+01,4.771064e+01,7.823493e-01,9.500000e-01,2.500000e-01,0,5
453,2.270000,5.502174e-01,6.271126e+00,3.377772e-01,3.208883e-01,0.000000e+00,8.455035e+01,8.032284e+01,6.065198e+01,4.771064e+01,4.283530e-01,9.500000e-01,2.500000e-01,2,5
454,2.275000,5.454923e-01,6.196800e+00,4.725099e-03,4.488844e-03,0.000000e+00,8.455508e+01,8.032732e+01,6.065647e+01,4.771064e+01,5.575340e-02,9.500000e-01,2.500000e-01,2,6
455,2.280000,4.039600e-01,6.149631e+00,2.820578e-01,2.679549e-01,0.000000e+00,8.483714e+01,8.059528e+01,6.092442e+01,4.771064e+01,5.077602e-01,9.500000e-01,2.500000e-01,2,6
456,2.285000,3.711792e-01,7.069596e+00,3.278085e-02,0.000000e+00,9.042845e-02,8.486992e+01,8.062642e+01,6.092442e+01,4.780107e+01,1.000000e+00,9.500000e-01,2.500000e-01,2,5
457,2.290000,6.719930e-01,6.705714e+00,7.718064e-03,0.000000e+00,0.000000e+00,8.487764e+01,8.063375e+01,6.092442e+01,4.780107e+01,0.000000e+00,9.500000e-01,2.500000e-01,3,5
458,2.295000,6.520145e-01,7.874705e+00,1.993951e-02,0.000000e+00,0.000000e+00,8.489758e+01,8.065270e+01,6.092442e+01,4.780107e+01,0.000000e+00,9.500000e-01,2.500000e-01,1,2
459,2.300000,6.550531e-01,7.527991e+00,0.000000e+00,0.000000e+00,0.000000e+00,8.489758e+01,8.065270e+01,6.092442e+01,4.780107e+01,0.000000e+00,9.500000e-01,2.500000e-01,1,2
460,2.305000,6.807495e-01,7.220964e+00,0.000000e+00,0.000000e+00,0.000000e+00,8.489758e+01,8.065270e+01,6.092442e+01,4.780107e+01,0.000000e+00,9.500000e-01,2.500000e-01,1,2
461,2.310000,7.025535e-01,6.965846e+00,0.000000e+00,0.000000e+00,0.000000e+00,8.489758e+01,8.065270e+01,6.092442e+01,4.780107e+01,0.000000e+00,9.500000e-01,2.500000e-01,0,2
462,2.315000,4.564037e-01,5.203828e+00,2.461499e-01,0.000000e+00,1.508591e+00,8.514373e+01,8.088654e+01,6.092442e+01,4.930966e+01,1.000000e+00,9.500000e-01,2.500000e-01,1,9
463,2.320000,8.402066e-01,4.843507e+00,0.000000e+00,0.000000e+00,0.000000e+00,8.514373e+01,8.088654e+01,6.092442e+01,4.930966e+01,0.000000e+00,9.500000e-01,2.500000e-01,4,9
464,2.325000,6.266833e-01,5.695566e+00,2.135234e-01,0.000000e+00,7.004857e-01,8.535725e+01,8.108939e+01,6.092442e+01,5.001014e+01,1.000000e+00,9.500000e-01,2.500000e-01,0,1
465,2.330000,9.123082e-01,5.343838e+00,4.803996e-02,4.563797e-02,0.000000e+00,8.540529e+01,8.113502e+01,6.097006e+01,5.001014e+01,2.926279e-01,9.500000e-01,2.500000e-01,1,2
466,2.335000,6.995496e-01,5.559491e+00,2.127586e-01,0.000000e+00,5.456560e-01,8.561805e+01,8.133714e+01,6.097006e+01,5.055580e+01,1.000000e+00,9.500000e-01,2.500000e-01,1,4
467,2.340000,8.213000e-01,5.344091e+00,1.043010e-02,0.000000e+00,0.000000e+00,8.562848e+01,8.134705e+01,6.097006e+01,5.055580e+01,0.000000e+00,9.500000e-01,2.500000e-01,2,4
468,2.345000,7.250914e-01,6.455583e+00,9.620859e-02,9.139816e-02,0.000000e+00,8.572469e+01,8.143845e+01,6.106146e+01,5.055580e+01,6.309360e-01,9.500000e-01,2.500000e-01,0,4
469,2.350000,7.036253e-01,6.011424e+00,2.146612e-02,0.000000e+00,0.000000e+00,8.574615e+01,8.145884e+01,6.106146e+01,5.055580e+01,0.000000e+00,9.500000e-01,2.500000e-01,1,2
470,2.355000,5.019304e-01,5.381062e+00,2.016949e-01,0.000000e+00,3.428289e-01,8.594785e+01,8.165045e+01,6.106146e+01,5.089863e+01,1.000000e+00,9.500000e-01,2.500000e-01,1,6
471,2.360000,5.702653e-01,5.223749e+00,1.192344e-01,1.132727e-01,0.000000e+00,8.606708e+01,8.176373e+01,6.117473e+01,5.089863e+01,3.217303e-01,9.500000e-01,2.500000e-01,3,7
472,2.365000,5.351323e-01,5.242947e+00,3.514047e-02,0.000000e+00,1.525360e-01,8.610222e+01,8.179711e+01,6.117473e+01,5.105116e+01,1.000000e+00,9.500000e-01,2.500000e-01,2,4
473,2.370000,6.084862e-01,5.009876e+00,1.249824e-02,0.000000e+00,0.000000e+00,8.611472e+01,8.180898e+01,6.117473e+01,5.105116e+01,0.000000e+00,9.500000e-01,2.500000e-01,2,4
474,2.375000,5.900205e-01,5.052513e+00,1.846572e-02,0.000000e+00,0.000000e+00,8.613319e+01,8.182653e+01,6.117473e+01,5.105116e+01,0.000000e+00,9.500000e-01,2.500000e-01,1,1
475,2.380000,5.783833e-01,4.877084e+00,4.543021e-02,4.315870e-02,0.000000e+00,8.617862e+01,8.186968e+01,6.121789e+01,5.105116e+01,2.992004e-01,9.500000e-01,2.500000e-01,1,2
476,2.385000,5.974147e-01,5.014290e+00,0.000000e+00,0.000000e+00,0.000000e+00,8.617862e+01,8.186968e+01,6.121789e+01,5.105116e+01,0.000000e+00,9.500000e-01,2.500000e-01,1,1
477,2.390000,6.029688e-01,4.806719e+00,0.000000e+00,0.000000e+00,0.000000e+00,8.617862e+01,8.186968e+01,6.121789e+01,5.105116e+01,7.307541e-01,9.500000e-01,2.500000e-01,1,2
478,2.395000,6.572441e-01,4.556992e+00,0.000000e+00,0.000000e+00,0.000000e+00,8.617862e+01,8.186968e+01,6.121789e+01,5.105116e+01,0.000000e+00,9.500000e-01,2.500000e-01,2,2
479,2.400000,5.573004e-01,4.463615e+00,1.080823e-01,1.026782e-01,0.000000e+00,8.628670e+01,8.197236e+01,6.132057e+01,5.105116e+01,5.895063e-01,9.500000e-01,2.500000e-01,2,5
480,2.405000,6.116937e-01,4.272968e+00,0.000000e+00,0.000000e+00,0.000000e+00,8.628670e+01,8.197236e+01,6.132057e+01,5.105116e+01,8.377735e-01,9.500000e-01,2.500000e-01,3,5
481,2.410000,6.516369e-01,4.106653e+00,0.000000e+00,0.000000e+00,0.000000e+00,8.628670e+01,8.197236e+01,6.132057e+01,5.105116e+01,0.000000e+00,9.500000e-01,2.500000e-01,3,7
482,2.415000,6.587422e-01,3.980658e+00,0.000000e+00,0.000000e+00,0.000000e+00,8.628670e+01,8.197236e+01,6.132057e+01,5.105116e+01,0.000000e+00,9.500000e-01,2.500000e-01,3,7
483,2.420000,7.246225e-01,3.830566e+00,0.000000e+00,0.000000e+00,0.000000e+00,8.628670e+01,8.197236e+01,6.132057e+01,5.105116e+01,3.508706e-01,9.500000e-01,2.500000e-01,2,8
484,2.425000,6.385563e-01,3.777031e+00,9.276347e-02,8.812530e-02,0.000000e+00,8.637946e+01,8.206049e+01,6.140869e+01,5.105116e+01,2.871062e-01,9.500000e-01,2.500000e-01,2,9
485,2.430000,6.665059e-01,3.609421e+00,0.000000e+00,0.000000e+00,1.160720e-01,8.637946e+01,8.206049e+01,6.140869e+01,5.116724e+01,1.000000e+00,9.500000e-01,2.500000e-01,3,8
486,2.435000,8.999681e-01,3.468274e+00,0.000000e+00,0.000000e+00,0.000000e+00,8.637946e+01,8.206049e+01,6.140869e+01,5.116724e+01,7.759011e-01,9.500000e-01,2.500000e-01,4,7
487,2.440000,9.277904e-01,4.385448e+00,0.000000e+00,0.000000e+00,5.380954e-02,8.637946e+01,8.206049e+01,6.140869e+01,5.122105e+01,1.000000e+00,9.500000e-01,2.500000e-01,1,2
488,2.445000,9.476459e-01,4.186280e+00,0.000000e+00,0.000000e+00,0.000000e+00,8.637946e+01,8.206049e+01,6.140869e+01,5.122105e+01,0.000000e+00,9.500000e-01,2.500000e-01,2,4
489,2.450000,4.079687e-01,2.917935e+00,5.493001e-01,0.000000e+00,1.138704e+00,8.692876e+01,8.258232e+01,6.140869e+01,5.235975e+01,1.000000e+00,9.500000e-01,2.500000e-01,2,8
490,2.455000,6.774696e-01,2.759395e+00,0.000000e+00,0.000000e+00,0.000000e+00,8.692876e+01,8.258232e+01,6.140869e+01,5.235975e+01,0.000000e+00,9.500000e-01,2.500000e-01,3,6
491,2.460000,6.285414e-01,3.453497e+00,4.892813e-02,0.000000e+00,3.647247e-01,8.697769e+01,8.262881e+01,6.140869e+01,5.272447e+01,1.000000e+00,9.500000e-01,2.500000e-01,1,5
492,2.465000,7.137235e-01,3.280370e+00,1.248963e-02,1.186515e-02,0.000000e+00,8.699018e+01,8.264067e+01,6.142056e+01,5.272447e+01,1.909937e-01,9.500000e-01,2.500000e-01,2,4
493,2.470000,6.784974e-01,3.631273e+00,3.522609e-02,0.000000e+00,1.490035e-01,8.702541e+01,8.267414e+01,6.142056e+01,5.287348e+01,1.000000e+00,9.500000e-01,2.500000e-01,1,3
494,2.475000,7.624321e-01,3.414502e+00,0.000000e+00,0.000000e+00,0.000000e+00,8.702541e+01,8.267414e+01,6.142056e+01,5.287348e+01,0.000000e+00,9.500000e-01,2.500000e-01,2,2
495,2.480000,6.942838e-01,3.970248e+00,6.814830e-02,1.854278e-03,0.000000e+00,8.709355e+01,8.273888e+01,6.142241e+01,5.287348e+01,1.000000e+00,9.500000e-01,2.500000e-01,0,3
496,2.485000,7.173665e-01,3.737933e+00,0.000000e+00,0.000000e+00,0.000000e+00,8.709355e+01,8.273888e+01,6.142241e+01,5.287348e+01,0.000000e+00,9.500000e-01,2.500000e-01,2,3
497,2.490000,7.568684e-01,3.610039e+00,0.000000e+00,0.000000e+00,0.000000e+00,8.709355e+01,8.273888e+01,6.142241e+01,5.287348e+01,0.000000e+00,9.500000e-01,2.500000e-01,1,1
498,2.495000,8.027616e-01,3.593069e+00,0.000000e+00,0.000000e+00,0.000000e+00,8.709355e+01,8.273888e+01,6.142241e+01,5.287348e+01,0.000000e+00,9.500000e-01,2.500000e-01,0,2
499,2.500000,7.096260e-01,2.922404e+00,9.313563e-02,0.000000e+00,5.262525e-01,8.718669e+01,8.282735e+01,6.142241e+01,5.339973e+01,1.000000e+00,9.500000e-01,2.500000e-01,1,4
500,2.505000,9.400280e-01,2.725168e+00,0.000000e+00,0.000000e+00,0.000000e+00,8.718669e+01,8.282735e+01,6.142241e+01,5.339973e+01,0.000000e+00,9.500000e-01,2.500000e-01,3,5
501,2.510000,7.098689e-01,3.728526e+00,2.301590e-01,2.186511e-01,0.000000e+00,8.741685e+01,8.304601e+01,6.164106e+01,5.339973e+01,6.974212e-01,9.500000e-01,2.500000e-01,1,5
502,2.515000,7.861899e-01,3.329746e+00,1.515511e-02,1.439735e-02,0.000000e+00,8.743200e+01,8.306040e+01,6.165546e+01,5.339973e+01,6.409722e-02,9.500000e-01,2.500000e-01,3,5
503,2.520000,8.400545e-01,3.362796e+00,0.000000e+00,0.000000e+00,0.000000e+00,8.743200e+01,8.306040e+01,6.165546e+01,5.339973e+01,0.000000e+00,9.500000e-01,2.500000e-01,3,4
504,2.525000,6.501464e-01,3.649324e+00,2.966632e-01,2.818300e-01,0.000000e+00,8.772867e+01,8.334223e+01,6.193729e+01,5.339973e+01,4.320857e-01,9.500000e-01,2.500000e-01,2,4
505,2.530000,6.699899e-01,3.421712e+00,0.000000e+00,0.000000e+00,7.658233e-02,8.772867e+01,8.334223e+01,6.193729e+01,5.347631e+01,1.000000e+00,9.500000e-01,2.500000e-01,1,2
506,2.535000,7.353969e-01,3.221830e+00,0.000000e+00,0.000000e+00,0.000000e+00,8.772867e+01,8.334223e+01,6.193729e+01,5.347631e+01,0.000000e+00,9.500000e-01,2.500000e-01,2,5
507,2.540000,6.212247e-01,3.264894e+00,1.179854e-01,1.120861e-01,0.000000e+00,8.784665e+01,8.345432e+01,6.204938e+01,5.347631e+01,8.221585e-01,9.500000e-01,2.500000e-01,3,7
508,2.545000,4.672585e-01,3.249160e+00,2.160072e-01,2.052068e-01,0.000000e+00,8.806266e+01,8.365953e+01,6.225459e+01,5.347631e+01,7.248961e-01,9.500000e-01,2.500000e-01,3,9
509,2.550000,4.428364e-01,3.157962e+00,4.575482e-02,4.346708e-02,0.000000e+00,8.810841e+01,8.370299e+01,6.229805e+01,5.347631e+01,7.828016e-01,9.500000e-01,2.500000e-01,4,7
510,2.555000,3.615170e-01,3.061840e+00,1.878586e-01,1.784656e-01,0.000000e+00,8.829627e+01,8.388146e+01,6.247652e+01,5.347631e+01,9.769952e-01,9.500000e-01,2.500000e-01,5,7
511,2.560000,2.468609e-01,2.968767e+00,1.239236e-01,0.000000e+00,2.244166e-01,8.842020e+01,8.399919e+01,6.247652e+01,5.370073e+01,1.000000e+00,9.500000e-01,2.500000e-01,3,4
512,2.565000,2.360177e-01,2.797505e+00,1.084319e-02,0.000000e+00,3.320933e-02,8.843104e+01,8.400949e+01,6.247652e+01,5.373394e+01,1.000000e+00,9.500000e-01,2.500000e-01,2,5
513,2.570000,1.707826e-01,2.736552e+00,8.132901e-02,7.726256e-02,0.000000e+00,8.851237e+01,8.408675e+01,6.255378e+01,5.373394e+01,4.899872e-01,9.500000e-01,2.500000e-01,2,5
514,2.575000,1.531624e-01,2.520592e+00,1.774493e-02,0.000000e+00,1.602728e-01,8.853011e+01,8.410361e+01,6.255378e+01,5.389421e+01,1.000000e+00,9.500000e-01,2.500000e-01,4,7
515,2.580000,2.243660e-01,2.440437e+00,0.000000e+00,0.000000e+00,0.000000e+00,8.853011e+01,8.410361e+01,6.255378e+01,5.389421e+01,0.000000e+00,9.500000e-01,2.500000e-01,5,9
516,2.585000,2.151870e-01,2.667174e+00,2.788028e-02,2.648627e-02,0.000000e+00,8.855799e+01,8.413009e+01,6.258027e+01,5.389421e+01,9.414545e-01,9.500000e-01,2.500000e-01,4,7
517,2.590000,2.200945e-01,2.565879e+00,3.434139e-02,3.262432e-02,0.000000e+00,8.859234e+01,8.416272e+01,6.261289e+01,5.389421e+01,2.860339e-01,9.500000e-01,2.500000e-01,4,8
518,2.595000,1.833034e-01,2.421351e+00,4.918485e-02,0.000000e+00,6.272577e-02,8.864152e+01,8.420944e+01,6.261289e+01,5.395694e+01,1.000000e+00,9.500000e-01,2.500000e-01,4,8
519,2.600000,3.185050e-01,2.266059e+00,0.000000e+00,0.000000e+00,0.000000e+00,8.864152e+01,8.420944e+01,6.261289e+01,5.395694e+01,0.000000e+00,9.500000e-01,2.500000e-01,4,7
520,2.605000,2.937882e-01,2.294218e+00,2.471673e-02,0.000000e+00,2.472278e-01,8.866624e+01,8.423292e+01,6.261289e+01,5.420416e+01,1.000000e+00,9.500000e-01,2.500000e-01,1,4
521,2.610000,4.204861e-01,2.175429e+00,3.734976e-02,3.548228e-02,0.000000e+00,8.870359e+01,8.426841e+01,6.264837e+01,5.420416e+01,2.929290e-01,9.500000e-01,2.500000e-01,3,7
522,2.615000,3.972102e-01,2.355903e+00,2.327589e-02,0.000000e+00,1.256442e-01,8.872686e+01,8.429052e+01,6.264837e+01,5.432981e+01,1.000000e+00,9.500000e-01,2.500000e-01,2,5
523,2.620000,6.078608e-01,2.286432e+00,6.093832e-02,5.789141e-02,0.000000e+00,8.878780e+01,8.434841e+01,6.270626e+01,5.432981e+01,2.089945e-01,9.500000e-01,2.500000e-01,4,8
524,2.625000,3.298937e-01,2.087923e+00,2.828962e-01,0.000000e+00,9.482391e-01,8.907070e+01,8.461716e+01,6.270626e+01,5.527805e+01,1.000000e+00,9.500000e-01,2.500000e-01,2,6
525,2.630000,4.863794e-01,1.992241e+00,3.866124e-02,0.000000e+00,0.000000e+00,8.910936e+01,8.465389e+01,6.270626e+01,5.527805e+01,0.000000e+00,9.500000e-01,2.500000e-01,4,4
526,2.635000,3.975545e-01,2.763098e+00,8.882482e-02,3.521385e-02,0.000000e+00,8.919818e+01,8.473827e+01,6.274148e+01,5.527805e+01,1.000000e+00,9.500000e-01,2.500000e-01,0,2
527,2.640000,5.096496e-01,2.562113e+00,4.053318e-02,0.000000e+00,0.000000e+00,8.923872e+01,8.477678e+01,6.274148e+01,5.527805e+01,0.000000e+00,9.500000e-01,2.500000e-01,2,2
528,2.645000,4.827274e-01,2.890969e+00,2.719755e-02,0.000000e+00,0.000000e+00,8.926591e+01,8.480262e+01,6.274148e+01,5.527805e+01,0.000000e+00,9.500000e-01,2.500000e-01,1,1
529,2.650000,4.820832e-01,2.785545e+00,6.441803e-04,0.000000e+00,0.000000e+00,8.926656e+01,8.480323e+01,6.274148e+01,5.527805e+01,0.000000e+00,9.500000e-01,2.500000e-01,1,1
530,2.655000,4.655904e-01,2.439433e+00,2.366238e-02,0.000000e+00,2.346825e-01,8.929022e+01,8.482571e+01,6.274148e+01,5.551273e+01,1.000000e+00,9.500000e-01,2.500000e-01,1,3
531,2.660000,2.622760e-01,2.541732e+00,2.033145e-01,1.931487e-01,0.000000e+00,8.949353e+01,8.501886e+01,6.293463e+01,5.551273e+01,2.283834e-01,9.500000e-01,2.500000e-01,1,5
532,2.665000,2.742627e-01,2.397068e+00,0.000000e+00,0.000000e+00,0.000000e+00,8.949353e+01,8.501886e+01,6.293463e+01,5.551273e+01,0.000000e+00,9.500000e-01,2.500000e-01,3,5
533,2.670000,4.270857e-01,2.278977e+00,0.000000e+00,0.000000e+00,0.000000e+00,8.949353e+01,8.501886e+01,6.293463e+01,5.551273e+01,0.000000e+00,9.500000e-01,2.500000e-01,3,7
534,2.675000,4.176004e-01,2.705159e+00,9.485337e-03,9.011070e-03,0.000000e+00,8.950302e+01,8.502787e+01,6.294364e+01,5.551273e+01,2.355417e-01,9.500000e-01,2.500000e-01,2,4
535,2.680000,4.417878e-01,2.565805e+00,0.000000e+00,0.000000e+00,0.000000e+00,8.950302e+01,8.502787e+01,6.294364e+01,5.551273e+01,0.000000e+00,9.500000e-01,2.500000e-01,2,4
536,2.685000,3.088068e-01,2.291292e+00,1.329810e-01,0.000000e+00,1.874339e-01,8.963600e+01,8.515420e+01,6.294364e+01,5.570016e+01,1.000000e+00,9.500000e-01,2.500000e-01,1,5
537,2.690000,4.130205e-01,2.168907e+00,0.000000e+00,0.000000e+00,0.000000e+00,8.963600e+01,8.515420e+01,6.294364e+01,5.570016e+01,6.865823e-01,9.500000e-01,2.500000e-01,4,8
538,2.695000,3.980690e-01,2.338001e+00,1.495149e-02,1.420392e-02,0.000000e+00,8.965095e+01,8.516840e+01,6.295784e+01,5.570016e+01,1.192641e-01,9.500000e-01,2.500000e-01,2,5
539,2.700000,4.442997e-01,2.246649e+00,0.000000e+00,0.000000e+00,0.000000e+00,8.965095e+01,8.516840e+01,6.295784e+01,5.570016e+01,0.000000e+00,9.500000e-01,2.500000e-01,3,5
540,2.705000,1.450058e-01,2.140585e+00,3.005844e-01,0.000000e+00,7.866895e-02,8.995154e+01,8.545396e+01,6.295784e+01,5.577883e+01,1.000000e+00,9.500000e-01,2.500000e-01,2,9
541,2.710000,1.632889e-01,2.043085e+00,0.000000e+00,0.000000e+00,0.000000e+00,8.995154e+01,8.545396e+01,6.295784e+01,5.577883e+01,0.000000e+00,9.500000e-01,2.500000e-01,5,9
542,2.715000,1.896845e-01,1.959394e+00,0.000000e+00,0.000000e+00,0.000000e+00,8.995154e+01,8.545396e+01,6.295784e+01,5.577883e+01,0.000000e+00,9.500000e-01,2.500000e-01,3,5
543,2.720000,2.125968e-01,1.908031e+00,0.000000e+00,0.000000e+00,3.185439e-02,8.995154e+01,8.545396e+01,6.295784e+01,5.581069e+01,1.000000e+00,9.500000e-01,2.500000e-01,3,6
544,2.725000,2.420849e-01,1.831111e+00,0.000000e+00,0.000000e+00,0.000000e+00,8.995154e+01,8.545396e+01,6.295784e+01,5.581069e+01,0.000000e+00,9.500000e-01,2.500000e-01,4,9
545,2.730000,2.718458e-01,1.796313e+00,0.000000e+00,0.000000e+00,0.000000e+00,8.995154e+01,8.545396e+01,6.295784e+01,5.581069e+01,8.192548e-01,9.500000e-01,2.500000e-01,3,9
546,2.735000,3.459641e-01,1.733019e+00,0.000000e+00,0.000000e+00,0.000000e+00,8.995154e+01,8.545396e+01,6.295784e+01,5.581069e+01,0.000000e+00,9.500000e-01,2.500000e-01,3,7
547,2.740000,1.955749e-01,1.458019e+00,1.510853e-01,0.000000e+00,2.687609e-01,9.010262e+01,8.559749e+01,6.295784e+01,5.607945e+01,1.000000e+00,9.500000e-01,2.500000e-01,2,9
548,2.745000,2.234478e-01,1.357027e+00,3.201809e-04,3.041719e-04,0.000000e+00,9.010294e+01,8.559780e+01,6.295815e+01,5.607945e+01,1.953606e-03,9.500000e-01,2.500000e-01,4,12
549,2.750000,2.185222e-01,1.337404e+00,4.925618e-03,0.000000e+00,9.931563e-02,9.010787e+01,8.560247e+01,6.295815e+01,5.617876e+01,1.000000e+00,9.500000e-01,2.500000e-01,4,10
550,2.755000,1.915923e-01,1.331887e+00,8.968599e-02,8.520169e-02,0.000000e+00,9.019755e+01,8.568768e+01,6.304335e+01,5.617876e+01,4.012960e-01,9.500000e-01,2.500000e-01,5,12
551,2.760000,1.829008e-01,1.621846e+00,8.691445e-03,8.256872e-03,0.000000e+00,9.020625e+01,8.569593e+01,6.305160e+01,5.617876e+01,3.855209e-01,9.500000e-01,2.500000e-01,4,11
552,2.765000,3.023827e-01,1.519963e+00,0.000000e+00,0.000000e+00,0.000000e+00,9.020625e+01,8.569593e+01,6.305160e+01,5.617876e+01,0.000000e+00,9.500000e-01,2.500000e-01,4,9
553,2.770000,2.344613e-01,1.660737e+00,6.792141e-02,0.000000e+00,2.137895e-01,9.027417e+01,8.576046e+01,6.305160e+01,5.639255e+01,1.000000e+00,9.500000e-01,2.500000e-01,1,5
554,2.775000,2.218881e-01,1.657808e+00,9.403150e-02,8.932992e-02,0.000000e+00,9.036820e+01,8.584979e+01,6.314093e+01,5.639255e+01,4.194072e-01,9.500000e-01,2.500000e-01,3,10
555,2.780000,2.029928e-01,1.743859e+00,1.889529e-02,0.000000e+00,1.156911e-01,9.038709e+01,8.586774e+01,6.314093e+01,5.650825e+01,1.000000e+00,9.500000e-01,2.500000e-01,3,7
556,2.785000,3.150966e-01,1.675523e+00,7.459356e-03,7.086388e-03,0.000000e+00,9.039455e+01,8.587483e+01,6.314802e+01,5.650825e+01,9.775932e-02,9.500000e-01,2.500000e-01,4,9
557,2.790000,2.626713e-01,1.728012e+00,5.242521e-02,0.000000e+00,2.343822e-01,9.044698e+01,8.592463e+01,6.314802e+01,5.674263e+01,1.000000e+00,9.500000e-01,2.500000e-01,2,8
558,2.795000,3.796619e-01,1.633247e+00,0.000000e+00,0.000000e+00,0.000000e+00,9.044698e+01,8.592463e+01,6.314802e+01,5.674263e+01,0.000000e+00,9.500000e-01,2.500000e-01,4,8
559,2.800000,3.728672e-01,1.633247e+00,6.794785e-03,0.000000e+00,0.000000e+00,9.045377e+01,8.593108e+01,6.314802e+01,5.674263e+01,0.000000e+00,9.500000e-01,2.500000e-01,4,0
560,2.805000,3.743297e-01,2.001073e+00,0.000000e+00,0.000000e+00,1.194157e-01,9.045377e+01,8.593108e+01,6.314802e+01,5.686204e+01,1.000000e+00,9.500000e-01,2.500000e-01,0,1
561,2.810000,3.659315e-01,1.996624e+00,1.057990e-01,1.005090e-01,0.000000e+00,9.055957e+01,8.603159e+01,6.324853e+01,5.686204e+01,2.289502e-01,9.500000e-01,2.500000e-01,1,5
562,2.815000,3.449796e-01,2.011025e+00,2.095195e-02,0.000000e+00,1.708924e-01,9.058052e+01,8.605150e+01,6.324853e+01,5.703294e+01,1.000000e+00,9.500000e-01,2.500000e-01,2,8
563,2.820000,4.961863e-01,1.913593e+00,9.189155e-03,8.729697e-03,0.000000e+00,9.058971e+01,8.606023e+01,6.325726e+01,5.703294e+01,1.505255e-01,9.500000e-01,2.500000e-01,4,11
564,2.825000,3.745589e-01,2.082808e+00,1.216273e-01,0.000000e+00,2.891609e-01,9.071134e+01,8.617577e+01,6.325726e+01,5.732210e+01,1.000000e+00,9.500000e-01,2.500000e-01,2,6
565,2.830000,4.759214e-01,1.980104e+00,2.729713e-03,2.593227e-03,0.000000e+00,9.071407e+01,8.617837e+01,6.325985e+01,5.732210e+01,7.567898e-02,9.500000e-01,2.500000e-01,4,9
566,2.835000,4.396421e-01,2.441169e+00,3.627929e-02,0.000000e+00,4.597169e-02,9.075035e+01,8.621283e+01,6.325985e+01,5.736807e+01,1.000000e+00,9.500000e-01,2.500000e-01,2,4
567,2.840000,2.993299e-01,2.506706e+00,2.083444e-01,1.979272e-01,0.000000e+00,9.095869e+01,8.641076e+01,6.345778e+01,5.736807e+01,4.979115e-01,9.500000e-01,2.500000e-01,3,5
568,2.845000,1.949620e-01,2.545204e+00,1.068120e-01,0.000000e+00,1.364593e-01,9.106551e+01,8.651223e+01,6.345778e+01,5.750453e+01,1.000000e+00,9.500000e-01,2.500000e-01,2,6
569,2.850000,2.274970e-01,2.392511e+00,1.213693e-02,1.153008e-02,0.000000e+00,9.107764e+01,8.652376e+01,6.346931e+01,5.750453e+01,1.978090e-01,9.500000e-01,2.500000e-01,3,7
570,2.855000,1.882584e-01,2.426349e+00,3.940589e-02,3.743559e-02,0.000000e+00,9.111705e+01,8.656120e+01,6.350675e+01,5.750453e+01,6.109503e-01,9.500000e-01,2.500000e-01,3,8
571,2.860000,1.080031e-01,2.337456e+00,9.179781e-02,8.720792e-02,0.000000e+00,9.120885e+01,8.664840e+01,6.359395e+01,5.750453e+01,7.784806e-01,9.500000e-01,2.500000e-01,2,7
572,2.865000,1.013817e-01,2.190938e+00,6.621376e-03,0.000000e+00,0.000000e+00,9.121547e+01,8.665469e+01,6.359395e+01,5.750453e+01,0.000000e+00,9.500000e-01,2.500000e-01,4,5
573,2.870000,1.257254e-01,2.085955e+00,1.960233e-02,1.862221e-02,0.000000e+00,9.123507e+01,8.667332e+01,6.361258e+01,5.750453e+01,3.358717e-01,9.500000e-01,2.500000e-01,4,8
574,2.875000,1.409499e-01,2.088319e+00,0.000000e+00,0.000000e+00,0.000000e+00,9.123507e+01,8.667332e+01,6.361258e+01,5.750453e+01,0.000000e+00,9.500000e-01,2.500000e-01,1,2
575,2.880000,1.320949e-01,2.014874e+00,8.855016e-03,8.412266e-03,0.000000e+00,9.124393e+01,8.668173e+01,6.362099e+01,5.750453e+01,5.853048e-01,9.500000e-01,2.500000e-01,1,6
576,2.885000,1.378694e-01,1.900776e+00,5.248871e-03,0.000000e+00,6.880588e-03,9.124917e+01,8.668672e+01,6.362099e+01,5.751141e+01,1.000000e+00,9.500000e-01,2.500000e-01,3,8
577,2.890000,9.048170e-02,1.880813e+00,6.442434e-02,4.715627e-02,0.000000e+00,9.131360e+01,8.674792e+01,6.366814e+01,5.751141e+01,1.000000e+00,9.500000e-01,2.500000e-01,3,14
578,2.895000,9.136104e-02,1.808000e+00,0.000000e+00,0.000000e+00,0.000000e+00,9.131360e+01,8.674792e+01,6.366814e+01,5.751141e+01,0.000000e+00,9.500000e-01,2.500000e-01,4,8
579,2.900000,1.137489e-01,1.690150e+00,0.000000e+00,0.000000e+00,0.000000e+00,9.131360e+01,8.674792e+01,6.366814e+01,5.751141e+01,5.858954e-01,9.500000e-01,2.500000e-01,4,10
580,2.905000,9.981193e-02,1.631352e+00,2.243338e-02,2.131171e-02,0.000000e+00,9.133603e+01,8.676923e+01,6.368946e+01,5.751141e+01,8.154609e-01,9.500000e-01,2.500000e-01,3,12
581,2.910000,1.186596e-01,1.538596e+00,0.000000e+00,0.000000e+00,8.988833e-02,9.133603e+01,8.676923e+01,6.368946e+01,5.760130e+01,1.000000e+00,9.500000e-01,2.500000e-01,5,11
582,2.915000,1.889091e-01,1.465105e+00,0.000000e+00,0.000000e+00,0.000000e+00,9.133603e+01,8.676923e+01,6.368946e+01,5.760130e+01,0.000000e+00,9.500000e-01,2.500000e-01,5,13
583,2.920000,2.102480e-01,1.572394e+00,0.000000e+00,0.000000e+00,4.909825e-02,9.133603e+01,8.676923e+01,6.368946e+01,5.765039e+01,1.000000e+00,9.500000e-01,2.500000e-01,3,8
584,2.925000,1.973580e-01,1.556202e+00,5.498151e-02,5.223244e-02,0.000000e+00,9.139101e+01,8.682146e+01,6.374169e+01,5.765039e+01,2.007865e-01,9.500000e-01,2.500000e-01,3,9
585,2.930000,1.678216e-01,1.602410e+00,2.953636e-02,0.000000e+00,1.719589e-01,9.142055e+01,8.684952e+01,6.374169e+01,5.782235e+01,1.000000e+00,9.500000e-01,2.500000e-01,3,8
586,2.935000,2.784246e-01,1.555648e+00,3.400592e-02,3.230562e-02,0.000000e+00,9.145456e+01,8.688183e+01,6.377399e+01,5.782235e+01,1.789657e-01,9.500000e-01,2.500000e-01,4,9
587,2.940000,2.876094e-01,1.861099e+00,0.000000e+00,0.000000e+00,3.934635e-02,9.145456e+01,8.688183e+01,6.377399e+01,5.786170e+01,1.000000e+00,9.500000e-01,2.500000e-01,3,6
588,2.945000,3.372497e-01,1.833359e+00,6.609421e-02,6.278950e-02,0.000000e+00,9.152065e+01,8.694462e+01,6.383678e+01,5.786170e+01,1.464564e-01,9.500000e-01,2.500000e-01,2,8
589,2.950000,2.562963e-01,1.787605e+00,8.095344e-02,0.000000e+00,3.533533e-01,9.160160e+01,8.702152e+01,6.383678e+01,5.821505e+01,1.000000e+00,9.500000e-01,2.500000e-01,2,9
590,2.955000,3.791447e-01,1.668286e+00,0.000000e+00,0.000000e+00,0.000000e+00,9.160160e+01,8.702152e+01,6.383678e+01,5.821505e+01,5.921995e-01,9.500000e-01,2.500000e-01,3,10
591,2.960000,1.504236e-01,1.925964e+00,2.287211e-01,0.000000e+00,1.901420e-01,9.183032e+01,8.723881e+01,6.383678e+01,5.840520e+01,1.000000e+00,9.500000e-01,2.500000e-01,1,5
592,2.965000,2.611009e-01,1.718839e+00,0.000000e+00,0.000000e+00,0.000000e+00,9.183032e+01,8.723881e+01,6.383678e+01,5.840520e+01,0.000000e+00,9.500000e-01,2.500000e-01,2,3
593,2.970000,2.326277e-01,2.007068e+00,2.847319e-02,2.704953e-02,0.000000e+00,9.185880e+01,8.726586e+01,6.386383e+01,5.840520e+01,8.813754e-01,9.500000e-01,2.500000e-01,1,4
594,2.975000,2.878254e-01,1.882274e+00,3.338711e-02,3.171775e-02,0.000000e+00,9.189218e+01,8.729758e+01,6.389555e+01,5.840520e+01,1.342455e-01,9.500000e-01,2.500000e-01,2,7
595,2.980000,2.733386e-01,1.887675e+00,1.448674e-02,0.000000e+00,8.026769e-02,9.190667e+01,8.731134e+01,6.389555e+01,5.848546e+01,1.000000e+00,9.500000e-01,2.500000e-01,3,9
596,2.985000,2.754026e-01,1.922654e+00,1.405447e-01,1.335175e-01,0.000000e+00,9.204722e+01,8.744486e+01,6.402907e+01,5.848546e+01,2.694752e-01,9.500000e-01,2.500000e-01,4,14
597,2.990000,1.538241e-01,2.142961e+00,1.216566e-01,0.000000e+00,2.320379e-01,9.216887e+01,8.756043e+01,6.402907e+01,5.871750e+01,1.000000e+00,9.500000e-01,2.500000e-01,4,11
598,2.995000,2.187125e-01,2.039724e+00,3.481028e-02,0.000000e+00,0.000000e+00,9.220368e+01,8.759350e+01,6.402907e+01,5.871750e+01,0.000000e+00,9.500000e-01,2.500000e-01,5,10
599,3.000000,1.736522e-01,2.270152e+00,4.506034e-02,3.341708e-03,0.000000e+00,9.224874e+01,8.763631e+01,6.403241e+01,5.871750e+01,1.000000e+00,9.500000e-01,2.500000e-01,2,7
600,3.005000,1.654932e-01,2.160156e+00,2.653456e-02,0.000000e+00,0.000000e+00,9.227528e+01,8.766151e+01,6.403241e+01,5.871750e+01,0.000000e+00,9.500000e-01,2.500000e-01,3,7
601,3.010000,1.271409e-01,2.108330e+00,3.835224e-02,0.000000e+00,3.959010e-02,9.231363e+01,8.769795e+01,6.403241e+01,5.875709e+01,1.000000e+00,9.500000e-01,2.500000e-01,1,5
602,3.015000,1.567975e-01,2.031162e+00,8.432741e-03,8.011104e-03,0.000000e+00,9.232206e+01,8.770596e+01,6.404042e+01,5.875709e+01,6.980246e-01,9.500000e-01,2.500000e-01,3,6
603,3.020000,1.486176e-01,2.071101e+00,8.179916e-03,0.000000e+00,6.704247e-03,9.233024e+01,8.771373e+01,6.404042e+01,5.876380e+01,1.000000e+00,9.500000e-01,2.500000e-01,1,2
604,3.025000,1.797573e-01,1.972653e+00,0.000000e+00,0.000000e+00,0.000000e+00,9.233024e+01,8.771373e+01,6.404042e+01,5.876380e+01,0.000000e+00,9.500000e-01,2.500000e-01,1,4
605,3.030000,9.008766e-02,2.026453e+00,8.966967e-02,8.518618e-02,0.000000e+00,9.241991e+01,8.779892e+01,6.412561e+01,5.876380e+01,5.291612e-01,9.500000e-01,2.500000e-01,1,8
606,3.035000,1.175208e-01,1.928517e+00,0.000000e+00,0.000000e+00,0.000000e+00,9.241991e+01,8.779892e+01,6.412561e+01,5.876380e+01,0.000000e+00,9.500000e-01,2.500000e-01,4,8
607,3.040000,1.349805e-01,1.835481e+00,0.000000e+00,0.000000e+00,4.867060e-02,9.241991e+01,8.779892e+01,6.412561e+01,5.881247e+01,1.000000e+00,9.500000e-01,2.500000e-01,4,7
608,3.045000,1.453471e-01,1.740910e+00,0.000000e+00,0.000000e+00,2.030141e-02,9.241991e+01,8.779892e+01,6.412561e+01,5.883277e+01,1.000000e+00,9.500000e-01,2.500000e-01,3,7
609,3.050000,1.023279e-01,1.738601e+00,4.301921e-02,4.086824e-02,0.000000e+00,9.246293e+01,8.783979e+01,6.416648e+01,5.883277e+01,6.348223e-01,9.500000e-01,2.500000e-01,1,6
610,3.055000,1.094498e-01,1.643498e+00,9.236916e-03,0.000000e+00,1.455182e-02,9.247217e+01,8.784856e+01,6.416648e+01,5.884732e+01,1.000000e+00,9.500000e-01,2.500000e-01,4,10
611,3.060000,1.162018e-01,1.514138e+00,3.480417e-03,3.306397e-03,0.000000e+00,9.247565e+01,8.785187e+01,6.416978e+01,5.884732e+01,5.892159e-01,9.500000e-01,2.500000e-01,4,11
612,3.065000,9.710070e-02,1.398746e+00,1.910112e-02,0.000000e+00,1.030959e-01,9.249475e+01,8.787001e+01,6.416978e+01,5.895041e+01,1.000000e+00,9.500000e-01,2.500000e-01,3,11
613,3.070000,1.368676e-01,1.333933e+00,0.000000e+00,0.000000e+00,0.000000e+00,9.249475e+01,8.787001e+01,6.416978e+01,5.895041e+01,0.000000e+00,9.500000e-01,2.500000e-01,4,13
614,3.075000,1.449510e-01,1.392111e+00,0.000000e+00,0.000000e+00,3.805731e-02,9.249475e+01,8.787001e+01,6.416978e+01,5.898847e+01,1.000000e+00,9.500000e-01,2.500000e-01,4,12
615,3.080000,1.480198e-01,1.323913e+00,3.221644e-02,3.060562e-02,0.000000e+00,9.252697e+01,8.790062e+01,6.420039e+01,5.898847e+01,2.570405e-01,9.500000e-01,2.500000e-01,3,10
616,3.085000,1.626512e-01,1.423130e+00,0.000000e+00,0.000000e+00,1.380931e-01,9.252697e+01,8.790062e+01,6.420039e+01,5.912657e+01,1.000000e+00,9.500000e-01,2.500000e-01,3,9
617,3.090000,2.681431e-01,1.345460e+00,0.000000e+00,0.000000e+00,0.000000e+00,9.252697e+01,8.790062e+01,6.420039e+01,5.912657e+01,2.846751e-01,9.500000e-01,2.500000e-01,5,12
618,3.095000,2.262852e-01,1.586522e+00,4.731008e-02,0.000000e+00,1.363003e-01,9.257428e+01,8.794556e+01,6.420039e+01,5.926287e+01,1.000000e+00,9.500000e-01,2.500000e-01,2,3
619,3.100000,3.215220e-01,1.564803e+00,0.000000e+00,0.000000e+00,0.000000e+00,9.257428e+01,8.794556e+01,6.420039e+01,5.926287e+01,0.000000e+00,9.500000e-01,2.500000e-01,1,1
620,3.105000,5.454635e-02,1.180243e+00,2.669756e-01,0.000000e+00,5.056571e-01,9.284125e+01,8.819919e+01,6.420039e+01,5.976852e+01,1.000000e+00,9.500000e-01,2.500000e-01,0,4
621,3.110000,1.088378e-01,1.126133e+00,4.393314e-03,4.173648e-03,0.000000e+00,9.284565e+01,8.820336e+01,6.420456e+01,5.976852e+01,1.295355e-02,9.500000e-01,2.500000e-01,2,8
622,3.115000,1.071007e-01,1.183881e+00,1.737036e-03,0.000000e+00,8.321133e-02,9.284738e+01,8.820501e+01,6.420456e+01,5.985173e+01,1.000000e+00,9.500000e-01,2.500000e-01,3,10
623,3.120000,1.451337e-01,1.201614e+00,8.435063e-02,8.013309e-02,0.000000e+00,9.293173e+01,8.828515e+01,6.428469e+01,5.985173e+01,1.906630e-01,9.500000e-01,2.500000e-01,4,14
624,3.125000,8.812172e-02,1.493020e+00,5.701199e-02,0.000000e+00,9.289981e-02,9.298875e+01,8.833931e+01,6.428469e+01,5.994463e+01,1.000000e+00,9.500000e-01,2.500000e-01,3,4
625,3.130000,2.187031e-01,1.436293e+00,9.321742e-03,8.855655e-03,0.000000e+00,9.299807e+01,8.834816e+01,6.429355e+01,5.994463e+01,2.262907e-01,9.500000e-01,2.500000e-01,3,6
626,3.135000,1.577029e-01,1.595146e+00,6.329566e-02,0.000000e+00,1.314515e-01,9.306136e+01,8.840829e+01,6.429355e+01,6.007609e+01,1.000000e+00,9.500000e-01,2.500000e-01,2,8
627,3.140000,7.500178e-02,1.600027e+00,1.007737e-01,9.573497e-02,0.000000e+00,9.316214e+01,8.850403e+01,6.438929e+01,6.007609e+01,2.883488e-01,9.500000e-01,2.500000e-01,2,7
628,3.145000,5.408282e-02,1.693955e+00,2.091896e-02,1.987301e-02,0.000000e+00,9.318306e+01,8.852390e+01,6.440916e+01,6.007609e+01,4.153926e-01,9.500000e-01,2.500000e-01,3,6
629,3.150000,8.682016e-02,1.625525e+00,2.199993e-02,2.089993e-02,0.000000e+00,9.320506e+01,8.854480e+01,6.443006e+01,6.007609e+01,1.346321e-01,9.500000e-01,2.500000e-01,2,8
630,3.155000,5.169152e-02,1.690207e+00,3.512864e-02,0.000000e+00,6.741775e-02,9.324018e+01,8.857817e+01,6.443006e+01,6.014350e+01,1.000000e+00,9.500000e-01,2.500000e-01,3,6
631,3.160000,1.389203e-01,1.547062e+00,8.019873e-03,0.000000e+00,5.114844e-02,9.324820e+01,8.858579e+01,6.443006e+01,6.019465e+01,1.000000e+00,9.500000e-01,2.500000e-01,4,9
632,3.165000,1.132445e-01,1.838711e+00,2.567577e-02,0.000000e+00,2.090349e-02,9.327388e+01,8.861019e+01,6.443006e+01,6.021555e+01,1.000000e+00,9.500000e-01,2.500000e-01,1,3
633,3.170000,1.201722e-01,1.748691e+00,0.000000e+00,0.000000e+00,0.000000e+00,9.327388e+01,8.861019e+01,6.443006e+01,6.021555e+01,0.000000e+00,9.500000e-01,2.500000e-01,2,4
634,3.175000,1.268599e-01,1.663481e+00,0.000000e+00,0.000000e+00,5.692568e-02,9.327388e+01,8.861019e+01,6.443006e+01,6.027248e+01,1.000000e+00,9.500000e-01,2.500000e-01,2,4
635,3.180000,4.063329e-02,1.697775e+00,1.139470e-01,1.082497e-01,0.000000e+00,9.338783e+01,8.871844e+01,6.453831e+01,6.027248e+01,2.514476e-01,9.500000e-01,2.500000e-01,3,11
636,3.185000,4.040221e-02,1.636301e+00,8.658688e-03,0.000000e+00,4.763765e-02,9.339649e+01,8.872666e+01,6.453831e+01,6.032012e+01,1.000000e+00,9.500000e-01,2.500000e-01,5,7
637,3.190000,9.290520e-02,1.580417e+00,0.000000e+00,0.000000e+00,0.000000e+00,9.339649e+01,8.872666e+01,6.453831e+01,6.032012e+01,0.000000e+00,9.500000e-01,2.500000e-01,5,8
638,3.195000,1.086703e-01,1.577963e+00,0.000000e+00,0.000000e+00,0.000000e+00,9.339649e+01,8.872666e+01,6.453831e+01,6.032012e+01,0.000000e+00,9.500000e-01,2.500000e-01,2,2
639,3.200000,9.120795e-02,1.535538e+00,2.344150e-02,2.226943e-02,0.000000e+00,9.341993e+01,8.874893e+01,6.456058e+01,6.032012e+01,2.460557e-01,9.500000e-01,2.500000e-01,2,5
640,3.205000,8.008462e-02,1.541787e+00,1.179565e-02,1.120587e-02,0.000000e+00,9.343172e+01,8.876014e+01,6.457178e+01,6.032012e+01,4.099029e-01,9.500000e-01,2.500000e-01,3,9
641,3.210000,1.042748e-01,1.475391e+00,0.000000e+00,0.000000e+00,0.000000e+00,9.343172e+01,8.876014e+01,6.457178e+01,6.032012e+01,9.757226e-01,9.500000e-01,2.500000e-01,4,11
642,3.215000,7.162421e-02,1.450093e+00,4.977886e-02,4.728992e-02,0.000000e+00,9.348150e+01,8.880743e+01,6.461907e+01,6.032012e+01,5.463884e-01,9.500000e-01,2.500000e-01,3,12
643,3.220000,8.445470e-02,1.431697e+00,0.000000e+00,2.220446e-16,0.000000e+00,9.348150e+01,8.880743e+01,6.461907e+01,6.032012e+01,9.156524e-01,9.500000e-01,2.500000e-01,5,11
644,3.225000,1.191158e-01,1.348441e+00,0.000000e+00,0.000000e+00,0.000000e+00,9.348150e+01,8.880743e+01,6.461907e+01,6.032012e+01,0.000000e+00,9.500000e-01,2.500000e-01,5,11
645,3.230000,8.531191e-02,1.420965e+00,6.861750e-02,3.631649e-02,0.000000e+00,9.355012e+01,8.887261e+01,6.465539e+01,6.032012e+01,1.000000e+00,9.500000e-01,2.500000e-01,4,16
646,3.235000,2.064328e-02,1.489742e+00,6.466863e-02,6.143520e-02,0.000000e+00,9.361479e+01,8.893405e+01,6.471682e+01,6.032012e+01,3.292729e-01,9.500000e-01,2.500000e-01,4,11
647,3.240000,2.279896e-02,1.360784e+00,0.000000e+00,0.000000e+00,1.049551e-02,9.361479e+01,8.893405e+01,6.471682e+01,6.033061e+01,1.000000e+00,9.500000e-01,2.500000e-01,5,12
648,3.245000,6.127652e-02,1.269645e+00,0.000000e+00,0.000000e+00,0.000000e+00,9.361479e+01,8.893405e+01,6.471682e+01,6.033061e+01,0.000000e+00,9.500000e-01,2.500000e-01,4,12
649,3.250000,3.688100e-02,1.268283e+00,2.439552e-02,0.000000e+00,1.985740e-01,9.363918e+01,8.895722e+01,6.471682e+01,6.052919e+01,1.000000e+00,9.500000e-01,2.500000e-01,2,7
650,3.255000,7.656506e-02,1.223284e+00,1.718023e-02,1.632122e-02,0.000000e+00,9.365636e+01,8.897354e+01,6.473315e+01,6.052919e+01,2.478232e-01,9.500000e-01,2.500000e-01,3,8
651,3.260000,2.773851e-02,1.175744e+00,4.882655e-02,0.000000e+00,2.075037e-01,9.370519e+01,8.901993e+01,6.473315e+01,6.073669e+01,1.000000e+00,9.500000e-01,2.500000e-01,2,11
652,3.265000,7.784593e-02,1.125773e+00,1.314109e-02,1.248404e-02,0.000000e+00,9.371833e+01,8.903241e+01,6.474563e+01,6.073669e+01,1.487344e-01,9.500000e-01,2.500000e-01,4,12
653,3.270000,3.944474e-02,1.130584e+00,3.840119e-02,0.000000e+00,1.493401e-01,9.375673e+01,8.906890e+01,6.474563e+01,6.088603e+01,1.000000e+00,9.500000e-01,2.500000e-01,3,9
654,3.275000,1.000407e-01,1.093630e+00,2.252627e-02,2.139996e-02,0.000000e+00,9.377926e+01,8.909030e+01,6.476703e+01,6.088603e+01,9.323759e-02,9.500000e-01,2.500000e-01,5,14
655,3.280000,5.953850e-02,1.366232e+00,4.050215e-02,0.000000e+00,3.335597e-02,9.381976e+01,8.912877e+01,6.476703e+01,6.091939e+01,1.000000e+00,9.500000e-01,2.500000e-01,2,4
656,3.285000,1.209559e-01,1.324372e+00,2.645864e-02,2.513571e-02,0.000000e+00,9.384622e+01,8.915391e+01,6.479217e+01,6.091939e+01,3.682232e-01,9.500000e-01,2.500000e-01,3,5
657,3.290000,5.541176e-02,1.896157e+00,6.554413e-02,4.369158e-02,0.000000e+00,9.391176e+01,8.921617e+01,6.483586e+01,6.091939e+01,1.000000e+00,9.500000e-01,2.500000e-01,1,6
658,3.295000,1.563721e-01,1.767106e+00,1.473090e-02,0.000000e+00,0.000000e+00,9.392649e+01,8.923017e+01,6.483586e+01,6.091939e+01,0.000000e+00,9.500000e-01,2.500000e-01,4,6
659,3.300000,1.233848e-01,1.891784e+00,3.730718e-02,0.000000e+00,1.032424e-01,9.396380e+01,8.926561e+01,6.483586e+01,6.102263e+01,1.000000e+00,9.500000e-01,2.500000e-01,2,4
660,3.305000,1.297935e-01,1.910569e+00,1.806918e-02,1.716572e-02,0.000000e+00,9.398187e+01,8.928278e+01,6.485302e+01,6.102263e+01,7.750546e-02,9.500000e-01,2.500000e-01,2,5
661,3.310000,9.638341e-02,1.948833e+00,3.341010e-02,3.173960e-02,0.000000e+00,9.401528e+01,8.931452e+01,6.488476e+01,6.102263e+01,8.558575e-01,9.500000e-01,2.500000e-01,2,6
662,3.315000,1.223509e-01,1.867396e+00,5.075514e-02,4.821738e-02,0.000000e+00,9.406604e+01,8.936273e+01,6.493298e+01,6.102263e+01,1.567899e-01,9.500000e-01,2.500000e-01,3,10
663,3.320000,8.415286e-02,1.996135e+00,3.819803e-02,0.000000e+00,4.955930e-02,9.410423e+01,8.939902e+01,6.493298e+01,6.107219e+01,1.000000e+00,9.500000e-01,2.500000e-01,4,7
664,3.325000,2.158546e-01,1.842358e+00,2.541597e-03,0.000000e+00,4.142516e-02,9.410678e+01,8.940144e+01,6.493298e+01,6.111361e+01,1.000000e+00,9.500000e-01,2.500000e-01,4,8
665,3.330000,1.309554e-01,2.371932e+00,8.489912e-02,8.065416e-02,0.000000e+00,9.419167e+01,8.948209e+01,6.501363e+01,6.111361e+01,8.563343e-01,9.500000e-01,2.500000e-01,1,3
666,3.335000,1.012723e-01,2.273024e+00,3.975350e-02,3.776582e-02,0.000000e+00,9.423143e+01,8.951986e+01,6.505140e+01,6.111361e+01,2.911228e-01,9.500000e-01,2.500000e-01,2,6
667,3.340000,5.997995e-02,2.153561e+00,4.129236e-02,0.000000e+00,2.986869e-02,9.427272e+01,8.955908e+01,6.505140e+01,6.114348e+01,1.000000e+00,9.500000e-01,2.500000e-01,3,6
668,3.345000,9.582534e-02,2.042974e+00,0.000000e+00,4.440892e-16,0.000000e+00,9.427272e+01,8.955908e+01,6.505140e+01,6.114348e+01,2.916187e-01,9.500000e-01,2.500000e-01,3,8
669,3.350000,8.206970e-02,2.210744e+00,1.375564e-02,1.306786e-02,0.000000e+00,9.428648e+01,8.957215e+01,6.506447e+01,6.114348e+01,8.514344e-01,9.500000e-01,2.500000e-01,1,5
670,3.355000,8.889856e-02,2.088363e+00,0.000000e+00,0.000000e+00,0.000000e+00,9.428648e+01,8.957215e+01,6.506447e+01,6.114348e+01,0.000000e+00,9.500000e-01,2.500000e-01,2,6
671,3.360000,7.036616e-02,1.999107e+00,1.853241e-02,0.000000e+00,7.048903e-03,9.430501e+01,8.958976e+01,6.506447e+01,6.115053e+01,1.000000e+00,9.500000e-01,2.500000e-01,2,5
672,3.365000,9.976058e-02,1.888133e+00,0.000000e+00,0.000000e+00,0.000000e+00,9.430501e+01,8.958976e+01,6.506447e+01,6.115053e+01,0.000000e+00,9.500000e-01,2.500000e-01,3,9
673,3.370000,8.038601e-02,1.837360e+00,2.238079e-02,2.126175e-02,0.000000e+00,9.432739e+01,8.961102e+01,6.508573e+01,6.115053e+01,6.092607e-01,9.500000e-01,2.500000e-01,3,11
674,3.375000,1.012884e-01,1.746135e+00,0.000000e+00,0.000000e+00,0.000000e+00,9.432739e+01,8.961102e+01,6.508573e+01,6.115053e+01,5.147605e-01,9.500000e-01,2.500000e-01,5,11
675,3.380000,1.521978e-01,1.661159e+00,0.000000e+00,0.000000e+00,0.000000e+00,9.432739e+01,8.961102e+01,6.508573e+01,6.115053e+01,0.000000e+00,9.500000e-01,2.500000e-01,5,7
676,3.385000,1.306384e-01,1.579660e+00,2.156075e-02,0.000000e+00,4.477925e-02,9.434895e+01,8.963150e+01,6.508573e+01,6.119531e+01,1.000000e+00,9.500000e-01,2.500000e-01,1,9
677,3.390000,1.583291e-01,1.517164e+00,0.000000e+00,0.000000e+00,0.000000e+00,9.434895e+01,8.963150e+01,6.508573e+01,6.119531e+01,0.000000e+00,9.500000e-01,2.500000e-01,5,12
678,3.395000,1.091438e-01,1.501115e+00,6.463330e-02,0.000000e+00,4.992270e-02,9.441358e+01,8.969290e+01,6.508573e+01,6.124523e+01,1.000000e+00,9.500000e-01,2.500000e-01,4,15
679,3.400000,3.737334e-02,1.481796e+00,9.268202e-02,8.804792e-02,0.000000e+00,9.450627e+01,8.978095e+01,6.517378e+01,6.124523e+01,4.523963e-01,9.500000e-01,2.500000e-01,6,14
680,3.405000,2.366158e-02,1.496649e+00,2.747039e-02,2.609687e-02,0.000000e+00,9.453374e+01,8.980705e+01,6.519987e+01,6.124523e+01,8.761214e-01,9.500000e-01,2.500000e-01,5,14
681,3.410000,1.002479e-01,1.518697e+00,1.255085e-02,1.192331e-02,0.000000e+00,9.454629e+01,8.981897e+01,6.521180e+01,6.124523e+01,5.011683e-01,9.500000e-01,2.500000e-01,6,14
682,3.415000,6.390909e-02,1.629080e+00,3.804747e-02,0.000000e+00,1.129611e-01,9.458433e+01,8.985512e+01,6.521180e+01,6.135820e+01,1.000000e+00,9.500000e-01,2.500000e-01,4,11
683,3.420000,1.272713e-01,1.535485e+00,2.113915e-02,2.008219e-02,0.000000e+00,9.460547e+01,8.987520e+01,6.523188e+01,6.135820e+01,6.102800e-01,9.500000e-01,2.500000e-01,4,11
684,3.425000,6.361248e-02,1.740295e+00,6.440424e-02,0.000000e+00,2.034404e-01,9.466988e+01,8.993638e+01,6.523188e+01,6.156164e+01,1.000000e+00,9.500000e-01,2.500000e-01,4,14
685,3.430000,1.428809e-01,1.542702e+00,2.020621e-02,0.000000e+00,0.000000e+00,9.469008e+01,8.995558e+01,6.523188e+01,6.156164e+01,0.000000e+00,9.500000e-01,2.500000e-01,5,12
686,3.435000,1.089411e-01,1.778904e+00,3.467741e-02,3.294354e-02,0.000000e+00,9.472476e+01,8.998852e+01,6.526482e+01,6.156164e+01,6.177323e-01,9.500000e-01,2.500000e-01,2,6
687,3.440000,5.120341e-02,1.700684e+00,5.845771e-02,5.553482e-02,0.000000e+00,9.478322e+01,9.004406e+01,6.532036e+01,6.156164e+01,2.955575e-01,9.500000e-01,2.500000e-01,2,9
688,3.445000,3.439587e-02,1.525640e+00,1.685164e-02,0.000000e+00,7.830300e-02,9.480007e+01,9.006007e+01,6.532036e+01,6.163994e+01,1.000000e+00,9.500000e-01,2.500000e-01,3,10
689,3.450000,1.399181e-01,1.451800e+00,5.640098e-03,5.358093e-03,0.000000e+00,9.480571e+01,9.006542e+01,6.532572e+01,6.163994e+01,3.473734e-01,9.500000e-01,2.500000e-01,4,11
690,3.455000,1.186418e-01,1.945617e+00,2.127628e-02,0.000000e+00,1.138082e-02,9.482699e+01,9.008564e+01,6.532572e+01,6.165132e+01,1.000000e+00,9.500000e-01,2.500000e-01,2,3
691,3.460000,1.308547e-01,1.873018e+00,2.498566e-02,2.373638e-02,0.000000e+00,9.485197e+01,9.010937e+01,6.534945e+01,6.165132e+01,1.556691e-01,9.500000e-01,2.500000e-01,2,6
692,3.465000,1.107430e-01,2.239777e+00,2.011162e-02,1.910604e-02,0.000000e+00,9.487208e+01,9.012848e+01,6.536856e+01,6.165132e+01,3.267853e-01,9.500000e-01,2.500000e-01,1,3
693,3.470000,1.679640e-01,2.135108e+00,2.883927e-02,2.739731e-02,0.000000e+00,9.490092e+01,9.015588e+01,6.539596e+01,6.165132e+01,1.885651e-01,9.500000e-01,2.500000e-01,2,7
694,3.475000,1.315303e-01,2.104473e+00,3.681791e-02,0.000000e+00,2.755840e-01,9.493774e+01,9.019085e+01,6.539596e+01,6.192690e+01,1.000000e+00,9.500000e-01,2.500000e-01,3,8
695,3.480000,2.208281e-01,1.957152e+00,2.236406e-03,2.124586e-03,0.000000e+00,9.493998e+01,9.019298e+01,6.539808e+01,6.192690e+01,2.274990e-02,9.500000e-01,2.500000e-01,4,10
696,3.485000,1.611396e-01,2.055221e+00,6.061907e-02,0.000000e+00,4.711371e-02,9.500060e+01,9.025057e+01,6.539808e+01,6.197402e+01,1.000000e+00,9.500000e-01,2.500000e-01,1,5
697,3.490000,1.696317e-01,1.908731e+00,1.044330e-02,9.921138e-03,0.000000e+00,9.501104e+01,9.026049e+01,6.540800e+01,6.197402e+01,8.892362e-02,9.500000e-01,2.500000e-01,1,5
698,3.495000,8.493797e-02,2.042529e+00,9.054647e-02,7.501924e-02,0.000000e+00,9.510159e+01,9.034651e+01,6.548302e+01,6.197402e+01,1.000000e+00,9.500000e-01,2.500000e-01,2,8
699,3.500000,8.584872e-02,1.859418e+00,1.366960e-02,1.298612e-02,0.000000e+00,9.511526e+01,9.035949e+01,6.549601e+01,6.197402e+01,7.683439e-02,9.500000e-01,2.500000e-01,3,7
700,3.505000,9.031459e-02,1.789414e+00,0.000000e+00,0.000000e+00,0.000000e+00,9.511526e+01,9.035949e+01,6.549601e+01,6.197402e+01,0.000000e+00,9.500000e-01,2.500000e-01,2,5
701,3.510000,1.152904e-01,1.700852e+00,0.000000e+00,0.000000e+00,0.000000e+00,9.511526e+01,9.035949e+01,6.549601e+01,6.197402e+01,0.000000e+00,9.500000e-01,2.500000e-01,2,5
702,3.515000,5.355237e-02,1.604435e+00,6.173805e-02,0.000000e+00,1.843590e-02,9.517699e+01,9.041814e+01,6.549601e+01,6.199245e+01,1.000000e+00,9.500000e-01,2.500000e-01,1,8
703,3.520000,4.491036e-02,1.435728e+00,8.642012e-03,0.000000e+00,6.718271e-02,9.518564e+01,9.042635e+01,6.549601e+01,6.205964e+01,1.000000e+00,9.500000e-01,2.500000e-01,3,10
704,3.525000,4.326570e-02,1.353919e+00,4.139150e-03,3.932193e-03,0.000000e+00,9.518978e+01,9.043029e+01,6.549994e+01,6.205964e+01,1.037254e-01,9.500000e-01,2.500000e-01,4,12
705,3.530000,5.064870e-02,1.261178e+00,0.000000e+00,0.000000e+00,3.571326e-02,9.518978e+01,9.043029e+01,6.549994e+01,6.209535e+01,1.000000e+00,9.500000e-01,2.500000e-01,4,13
706,3.535000,5.477284e-02,1.200190e+00,0.000000e+00,0.000000e+00,1.069910e-02,9.518978e+01,9.043029e+01,6.549994e+01,6.210605e+01,1.000000e+00,9.500000e-01,2.500000e-01,4,13
707,3.540000,8.015585e-02,1.170277e+00,0.000000e+00,0.000000e+00,0.000000e+00,9.518978e+01,9.043029e+01,6.549994e+01,6.210605e+01,0.000000e+00,9.500000e-01,2.500000e-01,5,12
708,3.545000,1.258008e-01,1.111742e+00,0.000000e+00,0.000000e+00,0.000000e+00,9.518978e+01,9.043029e+01,6.549994e+01,6.210605e+01,0.000000e+00,9.500000e-01,2.500000e-01,5,16
709,3.550000,1.518954e-01,1.131544e+00,0.000000e+00,0.000000e+00,1.740146e-02,9.518978e+01,9.043029e+01,6.549994e+01,6.212345e+01,1.000000e+00,9.500000e-01,2.500000e-01,4,10
710,3.555000,2.317839e-01,1.080317e+00,0.000000e+00,0.000000e+00,0.000000e+00,9.518978e+01,9.043029e+01,6.549994e+01,6.212345e+01,0.000000e+00,9.500000e-01,2.500000e-01,4,13
711,3.560000,3.342159e-02,1.571087e+00,1.983623e-01,0.000000e+00,3.494471e-02,9.538814e+01,9.061873e+01,6.549994e+01,6.215839e+01,1.000000e+00,9.500000e-01,2.500000e-01,3,9
712,3.565000,8.804287e-02,1.404302e+00,4.332596e-03,4.115966e-03,0.000000e+00,9.539247e+01,9.062285e+01,6.550406e+01,6.215839e+01,7.269079e-01,9.500000e-01,2.500000e-01,5,10
713,3.570000,3.594780e-02,1.597019e+00,5.209508e-02,3.110413e-02,0.000000e+00,9.544457e+01,9.067234e+01,6.553516e+01,6.215839e+01,1.000000e+00,9.500000e-01,2.500000e-01,3,8
714,3.575000,1.340245e-01,1.441982e+00,1.252478e-02,1.189854e-02,0.000000e+00,9.545709e+01,9.068424e+01,6.554706e+01,6.215839e+01,4.729645e-01,9.500000e-01,2.500000e-01,4,9
715,3.580000,9.735263e-02,1.706237e+00,4.631783e-02,0.000000e+00,1.162617e-01,9.550341e+01,9.072824e+01,6.554706e+01,6.227466e+01,1.000000e+00,9.500000e-01,2.500000e-01,2,3
716,3.585000,9.374204e-02,1.757028e+00,5.229144e-02,4.967686e-02,0.000000e+00,9.555570e+01,9.077791e+01,6.559673e+01,6.227466e+01,1.054582e-01,9.500000e-01,2.500000e-01,2,6
717,3.590000,7.854400e-02,1.734557e+00,1.519804e-02,0.000000e+00,3.957721e-02,9.557090e+01,9.079235e+01,6.559673e+01,6.231423e+01,1.000000e+00,9.500000e-01,2.500000e-01,3,5
718,3.595000,1.992806e-01,1.650342e+00,2.365656e-02,2.247373e-02,0.000000e+00,9.559455e+01,9.081483e+01,6.561921e+01,6.231423e+01,5.809600e-02,9.500000e-01,2.500000e-01,3,8
719,3.600000,1.258846e-01,2.433922e+00,7.339597e-02,6.972617e-02,0.000000e+00,9.566795e+01,9.088455e+01,6.568893e+01,6.231423e+01,6.745610e-01,9.500000e-01,2.500000e-01,2,3
720,3.605000,1.469804e-01,2.165789e+00,1.193431e-02,1.133759e-02,0.000000e+00,9.567988e+01,9.089589e+01,6.570027e+01,6.231423e+01,5.919419e-01,9.500000e-01,2.500000e-01,2,4
721,3.610000,1.137075e-01,2.012508e+00,4.727789e-02,0.000000e+00,1.142773e-01,9.572716e+01,9.094080e+01,6.570027e+01,6.242851e+01,1.000000e+00,9.500000e-01,2.500000e-01,2,7
722,3.615000,1.710860e-01,2.034532e+00,6.137125e-02,5.830269e-02,0.000000e+00,9.578853e+01,9.099911e+01,6.575858e+01,6.242851e+01,2.097912e-01,9.500000e-01,2.500000e-01,3,8
723,3.620000,1.464978e-01,2.267053e+00,2.458823e-02,0.000000e+00,3.376157e-02,9.581312e+01,9.102247e+01,6.575858e+01,6.246227e+01,1.000000e+00,9.500000e-01,2.500000e-01,1,3
724,3.625000,2.045824e-01,2.128549e+00,0.000000e+00,0.000000e+00,0.000000e+00,9.581312e+01,9.102247e+01,6.575858e+01,6.246227e+01,0.000000e+00,9.500000e-01,2.500000e-01,2,5
725,3.630000,1.268587e-01,1.925326e+00,7.772370e-02,0.000000e+00,2.606250e-01,9.589085e+01,9.109630e+01,6.575858e+01,6.272290e+01,1.000000e+00,9.500000e-01,2.500000e-01,3,7
726,3.635000,1.880757e-01,1.816255e+00,2.554117e-02,2.426412e-02,0.000000e+00,9.591639e+01,9.112057e+01,6.578284e+01,6.272290e+01,6.712701e-01,9.500000e-01,2.500000e-01,2,6
727,3.640000,7.152971e-02,1.728001e+00,1.165460e-01,0.000000e+00,1.949372e-01,9.603293e+01,9.123129e+01,6.578284e+01,6.291783e+01,1.000000e+00,9.500000e-01,2.500000e-01,3,9
728,3.645000,1.302021e-01,1.633570e+00,1.763214e-03,0.000000e+00,0.000000e+00,9.603470e+01,9.123296e+01,6.578284e+01,6.291783e+01,0.000000e+00,9.500000e-01,2.500000e-01,5,8
729,3.650000,1.176139e-01,1.704660e+00,1.258818e-02,0.000000e+00,5.023245e-02,9.604728e+01,9.124492e+01,6.578284e+01,6.296807e+01,1.000000e+00,9.500000e-01,2.500000e-01,3,4
730,3.655000,1.515182e-01,1.580517e+00,0.000000e+00,0.000000e+00,2.171962e-02,9.604728e+01,9.124492e+01,6.578284e+01,6.298979e+01,1.000000e+00,9.500000e-01,2.500000e-01,2,3
731,3.660000,1.026008e-01,1.579637e+00,6.788030e-02,6.448629e-02,0.000000e+00,9.611516e+01,9.130941e+01,6.584733e+01,6.298979e+01,9.257469e-01,9.500000e-01,2.500000e-01,1,5
732,3.665000,1.003644e-01,1.495191e+00,3.076382e-03,0.000000e+00,5.156658e-03,9.611824e+01,9.131233e+01,6.584733e+01,6.299494e+01,1.000000e+00,9.500000e-01,2.500000e-01,3,7
733,3.670000,7.046405e-02,1.440194e+00,6.278186e-02,5.964277e-02,0.000000e+00,9.618102e+01,9.137197e+01,6.590697e+01,6.299494e+01,2.774877e-01,9.500000e-01,2.500000e-01,4,9
734,3.675000,8.507473e-02,1.383437e+00,0.000000e+00,0.000000e+00,2.692802e-02,9.618102e+01,9.137197e+01,6.590697e+01,6.302187e+01,1.000000e+00,9.500000e-01,2.500000e-01,2,7
735,3.680000,9.383333e-02,1.337424e+00,0.000000e+00,0.000000e+00,0.000000e+00,9.618102e+01,9.137197e+01,6.590697e+01,6.302187e+01,9.274279e-01,9.500000e-01,2.500000e-01,2,4
736,3.685000,9.556725e-02,1.210056e+00,6.097275e-03,0.000000e+00,3.435372e-02,9.618712e+01,9.137776e+01,6.590697e+01,6.305622e+01,1.000000e+00,9.500000e-01,2.500000e-01,3,6
737,3.690000,1.287201e-01,1.165009e+00,0.000000e+00,0.000000e+00,0.000000e+00,9.618712e+01,9.137776e+01,6.590697e+01,6.305622e+01,0.000000e+00,9.500000e-01,2.500000e-01,2,5
738,3.695000,1.327736e-01,1.093033e+00,0.000000e+00,0.000000e+00,0.000000e+00,9.618712e+01,9.137776e+01,6.590697e+01,6.305622e+01,0.000000e+00,9.500000e-01,2.500000e-01,3,10
739,3.700000,1.676115e-01,1.026415e+00,0.000000e+00,0.000000e+00,0.000000e+00,9.618712e+01,9.137776e+01,6.590697e+01,6.305622e+01,5.137025e-01,9.500000e-01,2.500000e-01,4,12
740,3.705000,1.928171e-01,1.005814e+00,0.000000e+00,0.000000e+00,5.017268e-02,9.618712e+01,9.137776e+01,6.590697e+01,6.310640e+01,1.000000e+00,9.500000e-01,2.500000e-01,3,9
741,3.710000,1.587445e-01,1.052787e+00,1.225407e-01,1.164137e-01,0.000000e+00,9.630966e+01,9.149418e+01,6.602338e+01,6.310640e+01,3.501866e-01,9.500000e-01,2.500000e-01,5,14
742,3.715000,3.595628e-02,1.002101e+00,1.258251e-01,0.000000e+00,4.410872e-01,9.643549e+01,9.161371e+01,6.602338e+01,6.354748e+01,1.000000e+00,9.500000e-01,2.500000e-01,3,14
743,3.720000,1.016882e-01,9.921719e-01,2.779449e-02,2.640476e-02,0.000000e+00,9.646328e+01,9.164012e+01,6.604979e+01,6.354748e+01,1.091732e-01,9.500000e-01,2.500000e-01,6,15
744,3.725000,7.238151e-02,1.361457e+00,2.930666e-02,0.000000e+00,2.575860e-03,9.649259e+01,9.166796e+01,6.604979e+01,6.355006e+01,1.000000e+00,9.500000e-01,2.500000e-01,4,8
745,3.730000,3.472529e-02,1.331431e+00,3.884633e-02,3.690402e-02,0.000000e+00,9.653143e+01,9.170486e+01,6.608669e+01,6.355006e+01,3.580110e-01,9.500000e-01,2.500000e-01,2,7
746,3.735000,9.620236e-03,1.232681e+00,2.510505e-02,0.000000e+00,5.912179e-02,9.655654e+01,9.172871e+01,6.608669e+01,6.360918e+01,1.000000e+00,9.500000e-01,2.500000e-01,4,9
747,3.740000,9.183198e-02,1.177337e+00,2.381109e-03,2.262054e-03,0.000000e+00,9.655892e+01,9.173097e+01,6.608895e+01,6.360918e+01,1.321244e-01,9.500000e-01,2.500000e-01,4,11
748,3.745000,7.568804e-02,1.483663e+00,1.614394e-02,0.000000e+00,2.550698e-02,9.657506e+01,9.174631e+01,6.608895e+01,6.363469e+01,1.000000e+00,9.500000e-01,2.500000e-01,2,6
749,3.750000,8.964037e-02,1.430399e+00,1.475446e-02,1.401673e-02,0.000000e+00,9.658982e+01,9.176033e+01,6.610297e+01,6.363469e+01,9.975653e-02,9.500000e-01,2.500000e-01,2,9
750,3.755000,4.839619e-02,1.854437e+00,4.124418e-02,3.918197e-02,0.000000e+00,9.663106e+01,9.179951e+01,6.614215e+01,6.363469e+01,8.347699e-01,9.500000e-01,2.500000e-01,2,8
751,3.760000,1.932300e-01,1.727606e+00,2.416104e-02,2.295299e-02,0.000000e+00,9.665522e+01,9.182246e+01,6.616510e+01,6.363469e+01,1.011853e-01,9.500000e-01,2.500000e-01,4,10
752,3.765000,1.604995e-01,2.205837e+00,3.735790e-02,0.000000e+00,0.000000e+00,9.669258e+01,9.185795e+01,6.616510e+01,6.363469e+01,0.000000e+00,9.500000e-01,2.500000e-01,2,4
753,3.770000,2.561973e-01,2.286981e+00,2.756586e-02,2.618757e-02,0.000000e+00,9.672015e+01,9.188414e+01,6.619129e+01,6.363469e+01,2.171628e-01,9.500000e-01,2.500000e-01,1,4
754,3.775000,2.643164e-01,2.593906e+00,0.000000e+00,0.000000e+00,0.000000e+00,9.672015e+01,9.188414e+01,6.619129e+01,6.363469e+01,0.000000e+00,9.500000e-01,2.500000e-01,1,2
755,3.780000,2.321772e-01,2.551342e+00,9.861923e-02,9.368827e-02,0.000000e+00,9.681877e+01,9.197783e+01,6.628498e+01,6.363469e+01,1.549257e-01,9.500000e-01,2.500000e-01,1,11
756,3.785000,1.638859e-01,2.553035e+00,6.829123e-02,0.000000e+00,1.156315e-01,9.688706e+01,9.204270e+01,6.628498e+01,6.375032e+01,1.000000e+00,9.500000e-01,2.500000e-01,4,12
757,3.790000,2.313176e-01,2.486798e+00,5.322106e-02,5.056001e-02,0.000000e+00,9.694028e+01,9.209326e+01,6.633554e+01,6.375032e+01,2.924776e-01,9.500000e-01,2.500000e-01,4,14
758,3.795000,1.872426e-01,2.844407e+00,4.407505e-02,0.000000e+00,0.000000e+00,9.698435e+01,9.213514e+01,6.633554e+01,6.375032e+01,0.000000e+00,9.500000e-01,2.500000e-01,2,4
759,3.800000,1.993102e-01,2.737543e+00,3.206132e-02,3.045826e-02,0.000000e+00,9.701641e+01,9.216559e+01,6.636600e+01,6.375032e+01,9.169038e-01,9.500000e-01,2.500000e-01,2,6
760,3.805000,1.543330e-01,2.935001e+00,4.497724e-02,0.000000e+00,3.223622e-02,9.706139e+01,9.220832e+01,6.636600e+01,6.378256e+01,1.000000e+00,9.500000e-01,2.500000e-01,0,1
761,3.810000,1.646492e-01,2.777124e+00,2.706412e-02,2.571092e-02,0.000000e+00,9.708846e+01,9.223403e+01,6.639171e+01,6.378256e+01,2.343995e-01,9.500000e-01,2.500000e-01,1,4
762,3.815000,1.042301e-01,2.783410e+00,6.155710e-02,4.382072e-02,0.000000e+00,9.715001e+01,9.229251e+01,6.643553e+01,6.378256e+01,1.000000e+00,9.500000e-01,2.500000e-01,2,7
763,3.820000,1.372938e-01,2.676586e+00,1.030401e-02,9.788808e-03,0.000000e+00,9.716032e+01,9.230230e+01,6.644532e+01,6.378256e+01,2.267735e-01,9.500000e-01,2.500000e-01,4,8
764,3.825000,1.446806e-01,2.595587e+00,0.000000e+00,0.000000e+00,0.000000e+00,9.716032e+01,9.230230e+01,6.644532e+01,6.378256e+01,0.000000e+00,9.500000e-01,2.500000e-01,3,5
765,3.830000,1.283256e-01,2.501696e+00,2.842451e-02,2.700328e-02,0.000000e+00,9.718874e+01,9.232930e+01,6.647232e+01,6.378256e+01,1.166061e-01,9.500000e-01,2.500000e-01,2,7
766,3.835000,8.297492e-02,2.512596e+00,4.614363e-02,4.383645e-02,0.000000e+00,9.723488e+01,9.237314e+01,6.651616e+01,6.378256e+01,7.789766e-01,9.500000e-01,2.500000e-01,2,7
767,3.840000,3.227229e-02,2.429742e+00,5.076947e-02,4.823100e-02,0.000000e+00,9.728565e+01,9.242137e+01,6.656439e+01,6.378256e+01,6.194516e-01,9.500000e-01,2.500000e-01,3,12
768,3.845000,5.634964e-02,2.298358e+00,0.000000e+00,0.000000e+00,0.000000e+00,9.728565e+01,9.242137e+01,6.656439e+01,6.378256e+01,0.000000e+00,9.500000e-01,2.500000e-01,5,12
769,3.850000,7.431605e-02,2.315524e+00,0.000000e+00,0.000000e+00,0.000000e+00,9.728565e+01,9.242137e+01,6.656439e+01,6.378256e+01,0.000000e+00,9.500000e-01,2.500000e-01,5,9
770,3.855000,1.605486e-01,2.198550e+00,0.000000e+00,0.000000e+00,0.000000e+00,9.728565e+01,9.242137e+01,6.656439e+01,6.378256e+01,0.000000e+00,9.500000e-01,2.500000e-01,4,10
771,3.860000,1.657866e-01,2.432701e+00,0.000000e+00,0.000000e+00,0.000000e+00,9.728565e+01,9.242137e+01,6.656439e+01,6.378256e+01,0.000000e+00,9.500000e-01,2.500000e-01,1,4
772,3.865000,1.929664e-01,2.308546e+00,0.000000e+00,0.000000e+00,0.000000e+00,9.728565e+01,9.242137e+01,6.656439e+01,6.378256e+01,0.000000e+00,9.500000e-01,2.500000e-01,2,6
773,3.870000,2.352973e-01,2.079269e+00,0.000000e+00,0.000000e+00,1.923915e-01,9.728565e+01,9.242137e+01,6.656439e+01,6.397495e+01,1.000000e+00,9.500000e-01,2.500000e-01,2,6
774,3.875000,2.898209e-01,2.027181e+00,0.000000e+00,0.000000e+00,0.000000e+00,9.728565e+01,9.242137e+01,6.656439e+01,6.397495e+01,0.000000e+00,9.500000e-01,2.500000e-01,2,6
775,3.880000,1.634768e-01,2.311585e+00,1.277544e-01,0.000000e+00,1.938889e-02,9.741341e+01,9.254274e+01,6.656439e+01,6.399434e+01,1.000000e+00,9.500000e-01,2.500000e-01,1,8
776,3.885000,1.560114e-01,2.074752e+00,5.822021e-02,5.530920e-02,0.000000e+00,9.747163e+01,9.259805e+01,6.661970e+01,6.399434e+01,1.631151e-01,9.500000e-01,2.500000e-01,3,11
777,3.890000,1.630341e-01,2.207307e+00,0.000000e+00,0.000000e+00,0.000000e+00,9.747163e+01,9.259805e+01,6.661970e+01,6.399434e+01,0.000000e+00,9.500000e-01,2.500000e-01,2,7
778,3.895000,3.670345e-01,2.063436e+00,0.000000e+00,0.000000e+00,0.000000e+00,9.747163e+01,9.259805e+01,6.661970e+01,6.399434e+01,0.000000e+00,9.500000e-01,2.500000e-01,3,9
779,3.900000,2.999408e-01,2.447260e+00,6.781605e-02,0.000000e+00,2.923993e-01,9.753944e+01,9.266247e+01,6.661970e+01,6.428674e+01,1.000000e+00,9.500000e-01,2.500000e-01,3,8
780,3.905000,4.247310e-01,2.350904e+00,2.416920e-02,2.296074e-02,0.000000e+00,9.756361e+01,9.268543e+01,6.664266e+01,6.428674e+01,3.072310e-02,9.500000e-01,2.500000e-01,4,10
781,3.910000,2.207820e-01,2.378526e+00,2.039490e-01,0.000000e+00,5.428921e-01,9.776756e+01,9.287918e+01,6.664266e+01,6.482963e+01,1.000000e+00,9.500000e-01,2.500000e-01,2,7
782,3.915000,2.977251e-01,2.297733e+00,9.007942e-02,7.890701e-02,0.000000e+00,9.785764e+01,9.296476e+01,6.672157e+01,6.482963e+01,1.000000e+00,9.500000e-01,2.500000e-01,3,11
783,3.920000,2.524875e-01,2.951776e+00,5.664277e-02,0.000000e+00,0.000000e+00,9.791429e+01,9.301857e+01,6.672157e+01,6.482963e+01,0.000000e+00,9.500000e-01,2.500000e-01,2,3
784,3.925000,1.806058e-01,2.940024e+00,7.856890e-02,7.464045e-02,0.000000e+00,9.799285e+01,9.309321e+01,6.679621e+01,6.482963e+01,3.647010e-01,9.500000e-01,2.500000e-01,1,3
785,3.930000,1.226947e-01,2.753306e+00,5.791114e-02,0.000000e+00,7.886551e-02,9.805077e+01,9.314823e+01,6.679621e+01,6.490849e+01,1.000000e+00,9.500000e-01,2.500000e-01,2,6
786,3.935000,3.410651e-01,2.601045e+00,2.377875e-03,0.000000e+00,0.000000e+00,9.805314e+01,9.315049e+01,6.679621e+01,6.490849e+01,0.000000e+00,9.500000e-01,2.500000e-01,3,4
787,3.940000,3.413683e-01,3.058467e+00,1.862984e-02,0.000000e+00,4.624385e-02,9.807177e+01,9.316818e+01,6.679621e+01,6.495474e+01,1.000000e+00,9.500000e-01,2.500000e-01,1,2
788,3.945000,3.079094e-01,3.293597e+00,3.345892e-02,3.178598e-02,0.000000e+00,9.810523e+01,9.319997e+01,6.682799e+01,6.495474e+01,8.046491e-02,9.500000e-01,2.500000e-01,1,2
789,3.950000,2.776237e-01,2.867153e+00,3.028568e-02,0.000000e+00,1.918075e-01,9.813552e+01,9.322874e+01,6.682799e+01,6.514655e+01,1.000000e+00,9.500000e-01,2.500000e-01,1,3
790,3.955000,3.987836e-01,2.745744e+00,4.540713e-02,4.313677e-02,0.000000e+00,9.818092e+01,9.327188e+01,6.687113e+01,6.514655e+01,3.872310e-01,9.500000e-01,2.500000e-01,3,7
791,3.960000,2.896365e-01,3.167257e+00,1.091471e-01,0.000000e+00,8.468481e-02,9.829007e+01,9.337557e+01,6.687113e+01,6.523123e+01,1.000000e+00,9.500000e-01,2.500000e-01,1,5
792,3.965000,3.317755e-01,2.974807e+00,4.086762e-02,3.882424e-02,0.000000e+00,9.833094e+01,9.341439e+01,6.690995e+01,6.523123e+01,6.364514e-01,9.500000e-01,2.500000e-01,3,9
793,3.970000,2.980937e-01,3.061871e+00,1.188589e-01,2.880541e-02,0.000000e+00,9.844980e+01,9.352731e+01,6.693876e+01,6.523123e+01,1.000000e+00,9.500000e-01,2.500000e-01,4,10
794,3.975000,2.690897e-01,2.920243e+00,4.838335e-02,0.000000e+00,1.758591e-02,9.849818e+01,9.357327e+01,6.693876e+01,6.524882e+01,1.000000e+00,9.500000e-01,2.500000e-01,3,7
795,3.980000,2.295356e-01,2.741323e+00,3.955415e-02,0.000000e+00,1.861589e-02,9.853774e+01,9.361085e+01,6.693876e+01,6.526743e+01,1.000000e+00,9.500000e-01,2.500000e-01,2,4
796,3.985000,2.160824e-01,2.637386e+00,7.807526e-02,7.417150e-02,0.000000e+00,9.861581e+01,9.368502e+01,6.701293e+01,6.526743e+01,9.600980e-01,9.500000e-01,2.500000e-01,2,7
797,3.990000,1.910814e-01,2.678655e+00,7.500889e-02,4.183855e-02,0.000000e+00,9.869082e+01,9.375628e+01,6.705477e+01,6.526743e+01,1.000000e+00,9.500000e-01,2.500000e-01,3,5
798,3.995000,1.452013e-01,2.715942e+00,5.307984e-02,0.000000e+00,0.000000e+00,9.874390e+01,9.380670e+01,6.705477e+01,6.526743e+01,0.000000e+00,9.500000e-01,2.500000e-01,3,4
799,4.000000,1.448512e-01,2.509520e+00,2.115115e-02,0.000000e+00,0.000000e+00,9.876505e+01,9.382680e+01,6.705477e+01,6.526743e+01,0.000000e+00,9.500000e-01,2.500000e-01,2,3
