step,t,E_rigid_KE,E_modal,dE_rigid_loss,dE_modal_injected,dE_modal_extracted,cum_E_loss,cum_E_budget_eta,cum_E_injected,cum_E_extracted,alpha,eta,beta,n_active_kicks,n_active_contacts
0,0.005000,2.045022e-01,0.000000e+00,0.000000e+00,0.000000e+00,0.000000e+00,0.000000e+00,0.000000e+00,0.000000e+00,0.000000e+00,0.000000e+00,9.500000e-01,2.500000e-01,0,36
1,0.010000,8.180073e-01,0.000000e+00,0.000000e+00,0.000000e+00,0.000000e+00,0.000000e+00,0.000000e+00,0.000000e+00,0.000000e+00,0.000000e+00,9.500000e-01,2.500000e-01,0,36
2,0.015000,1.840516e+00,0.000000e+00,0.000000e+00,0.000000e+00,0.000000e+00,0.000000e+00,0.000000e+00,0.000000e+00,0.000000e+00,0.000000e+00,9.500000e-01,2.500000e-01,0,36
3,0.020000,3.272028e+00,0.000000e+00,0.000000e+00,0.000000e+00,0.000000e+00,0.000000e+00,0.000000e+00,0.000000e+00,0.000000e+00,0.000000e+00,9.500000e-01,2.500000e-01,0,36
4,0.025000,5.112543e+00,0.000000e+00,0.000000e+00,0.000000e+00,0.000000e+00,0.000000e+00,0.000000e+00,0.000000e+00,0.000000e+00,0.000000e+00,9.500000e-01,2.500000e-01,0,36
5,0.030000,7.362062e+00,0.000000e+00,0.000000e+00,0.000000e+00,0.000000e+00,0.000000e+00,0.000000e+00,0.000000e+00,0.000000e+00,0.000000e+00,9.500000e-01,2.500000e-01,0,36
6,0.035000,1.002058e+01,0.000000e+00,0.000000e+00,0.000000e+00,0.000000e+00,0.000000e+00,0.000000e+00,0.000000e+00,0.000000e+00,0.000000e+00,9.500000e-01,2.500000e-01,0,36
7,0.040000,1.308811e+01,0.000000e+00,0.000000e+00,0.000000e+00,0.000000e+00,0.000000e+00,0.000000e+00,0.000000e+00,0.000000e+00,0.000000e+00,9.500000e-01,2.500000e-01,0,36
8,0.045000,1.656464e+01,0.000000e+00,0.000000e+00,0.000000e+00,0.000000e+00,0.000000e+00,0.000000e+00,0.000000e+00,0.000000e+00,0.000000e+00,9.500000e-01,2.500000e-01,0,36
9,0.050000,2.045017e+01,0.000000e+00,0.000000e+00,0.000000e+00,0.000000e+00,0.000000e+00,0.000000e+00,0.000000e+00,0.000000e+00,0.000000e+00,9.500000e-01,2.500000e-01,0,36
10,0.055000,2.474471e+01,0.000000e+00,0.000000e+00,0.000000e+00,0.000000e+00,0.000000e+00,0.000000e+00,0.000000e+00,0.000000e+00,0.000000e+00,9.500000e-01,2.500000e-01,0,36
11,0.060000,2.944825e+01,0.000000e+00,0.000000e+00,0.000000e+00,0.000000e+00,0.000000e+00,0.000000e+00,0.000000e+00,0.000000e+00,0.000000e+00,9.500000e-01,2.500000e-01,0,36
12,0.065000,3.456079e+01,0.000000e+00,0.000000e+00,0.000000e+00,0.000000e+00,0.000000e+00,0.000000e+00,0.000000e+00,0.000000e+00,0.000000e+00,9.500000e-01,2.500000e-01,0,36
13,0.070000,4.008234e+01,0.000000e+00,0.000000e+00,0.000000e+00,0.000000e+00,0.000000e+00,0.000000e+00,0.000000e+00,0.000000e+00,0.000000e+00,9.500000e-01,2.500000e-01,0,36
14,0.075000,4.601289e+01,0.000000e+00,0.000000e+00,0.000000e+00,0.000000e+00,0.000000e+00,0.000000e+00,0.000000e+00,0.000000e+00,0.000000e+00,9.500000e-01,2.500000e-01,0,36
15,0.080000,5.235244e+01,0.000000e+00,0.000000e+00,0.000000e+00,0.000000e+00,0.000000e+00,0.000000e+00,0.000000e+00,0.000000e+00,0.000000e+00,9.500000e-01,2.500000e-01,0,36
16,0.085000,5.910100e+01,0.000000e+00,0.000000e+00,0.000000e+00,0.000000e+00,0.000000e+00,0.000000e+00,0.000000e+00,0.000000e+00,0.000000e+00,9.500000e-01,2.500000e-01,0,36
17,0.090000,6.625856e+01,0.000000e+00,0.000000e+00,0.000000e+00,0.000000e+00,0.000000e+00,0.000000e+00,0.000000e+00,0.000000e+00,0.000000e+00,9.500000e-01,2.500000e-01,0,36
18,0.095000,7.382512e+01,0.000000e+00,0.000000e+00,0.000000e+00,0.000000e+00,0.000000e+00,0.000000e+00,0.000000e+00,0.000000e+00,0.000000e+00,9.500000e-01,2.500000e-01,0,36
19,0.100000,8.180069e+01,0.000000e+00,0.000000e+00,0.000000e+00,0.000000e+00,0.000000e+00,0.000000e+00,0.000000e+00,0.000000e+00,0.000000e+00,9.500000e-01,2.500000e-01,0,36
20,0.105000,9.018526e+01,0.000000e+00,0.000000e+00,0.000000e+00,0.000000e+00,0.000000e+00,0.000000e+00,0.000000e+00,0.000000e+00,0.000000e+00,9.500000e-01,2.500000e-01,0,36
21,0.110000,9.897883e+01,0.000000e+00,0.000000e+00,0.000000e+00,0.000000e+00,0.000000e+00,0.000000e+00,0.000000e+00,0.000000e+00,0.000000e+00,9.500000e-01,2.500000e-01,0,36
22,0.115000,1.081814e+02,0.000000e+00,0.000000e+00,0.000000e+00,0.000000e+00,0.000000e+00,0.000000e+00,0.000000e+00,0.000000e+00,0.000000e+00,9.500000e-01,2.500000e-01,0,36
23,0.120000,1.177930e+02,0.000000e+00,0.000000e+00,0.000000e+00,0.000000e+00,0.000000e+00,0.000000e+00,0.000000e+00,0.000000e+00,0.000000e+00,9.500000e-01,2.500000e-01,0,36
24,0.125000,1.278136e+02,0.000000e+00,0.000000e+00,0.000000e+00,0.000000e+00,0.000000e+00,0.000000e+00,0.000000e+00,0.000000e+00,0.000000e+00,9.500000e-01,2.500000e-01,0,36
25,0.130000,1.382432e+02,0.000000e+00,0.000000e+00,0.000000e+00,0.000000e+00,0.000000e+00,0.000000e+00,0.000000e+00,0.000000e+00,0.000000e+00,9.500000e-01,2.500000e-01,0,36
26,0.135000,1.490817e+02,0.000000e+00,0.000000e+00,0.000000e+00,0.000000e+00,0.000000e+00,0.000000e+00,0.000000e+00,0.000000e+00,0.000000e+00,9.500000e-01,2.500000e-01,0,36
27,0.140000,1.603293e+02,0.000000e+00,0.000000e+00,0.000000e+00,0.000000e+00,0.000000e+00,0.000000e+00,0.000000e+00,0.000000e+00,0.000000e+00,9.500000e-01,2.500000e-01,0,36
28,0.145000,1.719859e+02,0.000000e+00,0.000000e+00,0.000000e+00,0.000000e+00,0.000000e+00,0.000000e+00,0.000000e+00,0.000000e+00,0.000000e+00,9.500000e-01,2.500000e-01,0,36
29,0.150000,1.696967e+02,8.503502e+00,8.951054e+00,8.503502e+00,0.000000e+00,8.951054e+00,8.503502e+00,8.503502e+00,0.000000e+00,4.721685e-01,9.500000e-01,2.500000e-01,6,40
30,0.155000,1.755741e+02,3.537651e+00,0.000000e+00,0.000000e+00,9.035526e-01,8.951054e+00,8.503502e+00,8.503502e+00,9.035526e-01,1.000000e+00,9.500000e-01,2.500000e-01,0,32
31,0.160000,1.865823e+02,2.871707e+00,0.000000e+00,0.000000e+00,0.000000e+00,8.951054e+00,8.503502e+00,8.503502e+00,9.035526e-01,0.000000e+00,9.500000e-01,2.500000e-01,0,32
32,0.165000,1.980309e+02,2.605215e+00,0.000000e+00,0.000000e+00,0.000000e+00,8.951054e+00,8.503502e+00,8.503502e+00,9.035526e-01,0.000000e+00,9.500000e-01,2.500000e-01,0,22
33,0.170000,2.099003e+02,2.411205e+00,0.000000e+00,0.000000e+00,0.000000e+00,8.951054e+00,8.503502e+00,8.503502e+00,9.035526e-01,0.000000e+00,9.500000e-01,2.500000e-01,0,22
34,0.175000,2.221753e+02,2.254577e+00,0.000000e+00,0.000000e+00,0.000000e+00,8.951054e+00,8.503502e+00,8.503502e+00,9.035526e-01,0.000000e+00,9.500000e-01,2.500000e-01,0,22
35,0.180000,2.348458e+02,2.100978e+00,0.000000e+00,0.000000e+00,0.000000e+00,8.951054e+00,8.503502e+00,8.503502e+00,9.035526e-01,0.000000e+00,9.500000e-01,2.500000e-01,0,22
36,0.185000,2.478101e+02,1.751234e+00,0.000000e+00,0.000000e+00,2.066031e-01,8.951054e+00,8.503502e+00,8.503502e+00,1.110156e+00,1.000000e+00,9.500000e-01,2.500000e-01,0,19
37,0.190000,2.612183e+02,1.640131e+00,0.000000e+00,0.000000e+00,0.000000e+00,8.951054e+00,8.503502e+00,8.503502e+00,1.110156e+00,0.000000e+00,9.500000e-01,2.500000e-01,0,16
38,0.195000,2.750077e+02,1.546727e+00,0.000000e+00,0.000000e+00,0.000000e+00,8.951054e+00,8.503502e+00,8.503502e+00,1.110156e+00,0.000000e+00,9.500000e-01,2.500000e-01,0,15
39,0.200000,2.891811e+02,1.449600e+00,0.000000e+00,0.000000e+00,0.000000e+00,8.951054e+00,8.503502e+00,8.503502e+00,1.110156e+00,0.000000e+00,9.500000e-01,2.500000e-01,0,15
40,0.205000,3.037227e+02,1.368772e+00,0.000000e+00,0.000000e+00,0.000000e+00,8.951054e+00,8.503502e+00,8.503502e+00,1.110156e+00,0.000000e+00,9.500000e-01,2.500000e-01,0,15
41,0.210000,3.186380e+02,1.294500e+00,0.000000e+00,0.000000e+00,1.092880e-02,8.951054e+00,8.503502e+00,8.503502e+00,1.121085e+00,1.000000e+00,9.500000e-01,2.500000e-01,0,15
42,0.215000,3.339305e+02,1.226953e+00,0.000000e+00,0.000000e+00,0.000000e+00,8.951054e+00,8.503502e+00,8.503502e+00,1.121085e+00,0.000000e+00,9.500000e-01,2.500000e-01,0,14
43,0.220000,3.495970e+02,1.160324e+00,0.000000e+00,0.000000e+00,0.000000e+00,8.951054e+00,8.503502e+00,8.503502e+00,1.121085e+00,0.000000e+00,9.500000e-01,2.500000e-01,0,15
44,0.225000,3.656026e+02,1.080180e+00,0.000000e+00,0.000000e+00,3.076774e-02,8.951054e+00,8.503502e+00,8.503502e+00,1.151852e+00,1.000000e+00,9.500000e-01,2.500000e-01,0,17
45,0.230000,3.819797e+02,1.035662e+00,0.000000e+00,0.000000e+00,0.000000e+00,8.951054e+00,8.503502e+00,8.503502e+00,1.151852e+00,0.000000e+00,9.500000e-01,2.500000e-01,0,17
46,0.235000,3.987272e+02,9.843624e-01,0.000000e+00,0.000000e+00,0.000000e+00,8.951054e+00,8.503502e+00,8.503502e+00,1.151852e+00,0.000000e+00,9.500000e-01,2.500000e-01,0,17
47,0.240000,4.158449e+02,9.403291e-01,0.000000e+00,0.000000e+00,0.000000e+00,8.951054e+00,8.503502e+00,8.503502e+00,1.151852e+00,0.000000e+00,9.500000e-01,2.500000e-01,0,17
48,0.245000,4.333323e+02,9.087090e-01,0.000000e+00,0.000000e+00,0.000000e+00,8.951054e+00,8.503502e+00,8.503502e+00,1.151852e+00,0.000000e+00,9.500000e-01,2.500000e-01,0,17
49,0.250000,4.511888e+02,8.740992e-01,0.000000e+00,0.000000e+00,0.000000e+00,8.951054e+00,8.503502e+00,8.503502e+00,1.151852e+00,0.000000e+00,9.500000e-01,2.500000e-01,0,17
50,0.255000,4.694148e+02,8.352629e-01,0.000000e+00,0.000000e+00,0.000000e+00,8.951054e+00,8.503502e+00,8.503502e+00,1.151852e+00,0.000000e+00,9.500000e-01,2.500000e-01,0,16
51,0.260000,4.880081e+02,8.056657e-01,0.000000e+00,0.000000e+00,0.000000e+00,8.951054e+00,8.503502e+00,8.503502e+00,1.151852e+00,0.000000e+00,9.500000e-01,2.500000e-01,0,16
52,0.265000,5.069678e+02,7.826857e-01,0.000000e+00,0.000000e+00,0.000000e+00,8.951054e+00,8.503502e+00,8.503502e+00,1.151852e+00,0.000000e+00,9.500000e-01,2.500000e-01,0,16
53,0.270000,5.262937e+02,7.545235e-01,0.000000e+00,0.000000e+00,0.000000e+00,8.951054e+00,8.503502e+00,8.503502e+00,1.151852e+00,0.000000e+00,9.500000e-01,2.500000e-01,0,16
54,0.275000,5.459846e+02,7.254048e-01,0.000000e+00,0.000000e+00,0.000000e+00,8.951054e+00,8.503502e+00,8.503502e+00,1.151852e+00,0.000000e+00,9.500000e-01,2.500000e-01,0,20
55,0.280000,5.660400e+02,7.044784e-01,0.000000e+00,0.000000e+00,0.000000e+00,8.951054e+00,8.503502e+00,8.503502e+00,1.151852e+00,0.000000e+00,9.500000e-01,2.500000e-01,0,20
56,0.285000,5.864599e+02,6.861842e-01,0.000000e+00,0.000000e+00,0.000000e+00,8.951054e+00,8.503502e+00,8.503502e+00,1.151852e+00,0.000000e+00,9.500000e-01,2.500000e-01,0,20
57,0.290000,6.072444e+02,6.630913e-01,0.000000e+00,0.000000e+00,0.000000e+00,8.951054e+00,8.503502e+00,8.503502e+00,1.151852e+00,0.000000e+00,9.500000e-01,2.500000e-01,0,20
58,0.295000,6.283933e+02,6.408687e-01,0.000000e+00,0.000000e+00,0.000000e+00,8.951054e+00,8.503502e+00,8.503502e+00,1.151852e+00,0.000000e+00,9.500000e-01,2.500000e-01,0,20
59,0.300000,6.499067e+02,6.251230e-01,0.000000e+00,0.000000e+00,0.000000e+00,8.951054e+00,8.503502e+00,8.503502e+00,1.151852e+00,0.000000e+00,9.500000e-01,2.500000e-01,0,20
60,0.305000,6.717847e+02,6.098956e-01,0.000000e+00,0.000000e+00,0.000000e+00,8.951054e+00,8.503502e+00,8.503502e+00,1.151852e+00,0.000000e+00,9.500000e-01,2.500000e-01,0,20
61,0.310000,6.940271e+02,5.906058e-01,0.000000e+00,0.000000e+00,0.000000e+00,8.951054e+00,8.503502e+00,8.503502e+00,1.151852e+00,0.000000e+00,9.500000e-01,2.500000e-01,0,20
62,0.315000,7.166340e+02,5.730812e-01,0.000000e+00,0.000000e+00,0.000000e+00,8.951054e+00,8.503502e+00,8.503502e+00,1.151852e+00,0.000000e+00,9.500000e-01,2.500000e-01,0,20
63,0.320000,7.394158e+02,4.799735e-01,0.000000e+00,0.000000e+00,8.081398e-02,8.951054e+00,8.503502e+00,8.503502e+00,1.232666e+00,1.000000e+00,9.500000e-01,2.500000e-01,0,25
64,0.325000,7.186090e+02,2.192481e+02,2.302962e+02,2.187814e+02,0.000000e+00,2.392473e+02,2.272849e+02,2.272849e+02,1.232666e+00,4.938673e-01,9.500000e-01,2.500000e-01,7,29
65,0.330000,5.904969e+02,1.179024e+02,1.849407e+02,0.000000e+00,1.805836e+00,4.241880e+02,4.029786e+02,2.272849e+02,3.038502e+00,1.000000e+00,9.500000e-01,2.500000e-01,3,39
66,0.335000,6.139389e+02,6.221700e+01,2.604664e+01,0.000000e+00,1.355437e+01,4.502346e+02,4.277229e+02,2.272849e+02,1.659287e+01,1.000000e+00,9.500000e-01,2.500000e-01,8,39
67,0.340000,6.703267e+02,4.827758e+01,0.000000e+00,0.000000e+00,0.000000e+00,4.502346e+02,4.277229e+02,2.272849e+02,1.659287e+01,0.000000e+00,9.500000e-01,2.500000e-01,0,43
68,0.345000,6.856003e+02,4.320113e+01,0.000000e+00,0.000000e+00,0.000000e+00,4.502346e+02,4.277229e+02,2.272849e+02,1.659287e+01,0.000000e+00,9.500000e-01,2.500000e-01,0,36
69,0.350000,6.983043e+02,3.989070e+01,0.000000e+00,0.000000e+00,0.000000e+00,4.502346e+02,4.277229e+02,2.272849e+02,1.659287e+01,0.000000e+00,9.500000e-01,2.500000e-01,0,36
70,0.355000,7.121854e+02,3.730355e+01,0.000000e+00,0.000000e+00,0.000000e+00,4.502346e+02,4.277229e+02,2.272849e+02,1.659287e+01,0.000000e+00,9.500000e-01,2.500000e-01,0,23
71,0.360000,7.261392e+02,3.504557e+01,0.000000e+00,0.000000e+00,0.000000e+00,4.502346e+02,4.277229e+02,2.272849e+02,1.659287e+01,0.000000e+00,9.500000e-01,2.500000e-01,0,22
72,0.365000,7.405377e+02,3.323047e+01,0.000000e+00,0.000000e+00,0.000000e+00,4.502346e+02,4.277229e+02,2.272849e+02,1.659287e+01,0.000000e+00,9.500000e-01,2.500000e-01,0,9
73,0.370000,7.555496e+02,3.162546e+01,0.000000e+00,0.000000e+00,0.000000e+00,4.502346e+02,4.277229e+02,2.272849e+02,1.659287e+01,0.000000e+00,9.500000e-01,2.500000e-01,0,8
74,0.375000,7.707720e+02,3.000633e+01,0.000000e+00,0.000000e+00,0.000000e+00,4.502346e+02,4.277229e+02,2.272849e+02,1.659287e+01,0.000000e+00,9.500000e-01,2.500000e-01,0,2
75,0.380000,7.864262e+02,2.860903e+01,0.000000e+00,0.000000e+00,0.000000e+00,4.502346e+02,4.277229e+02,2.272849e+02,1.659287e+01,0.000000e+00,9.500000e-01,2.500000e-01,0,2
76,0.385000,8.025122e+02,2.750192e+01,0.000000e+00,0.000000e+00,0.000000e+00,4.502346e+02,4.277229e+02,2.272849e+02,1.659287e+01,0.000000e+00,9.500000e-01,2.500000e-01,0,1
77,0.390000,8.190302e+02,2.633060e+01,0.000000e+00,0.000000e+00,0.000000e+00,4.502346e+02,4.277229e+02,2.272849e+02,1.659287e+01,0.000000e+00,9.500000e-01,2.500000e-01,0,1
78,0.395000,8.359800e+02,2.511930e+01,0.000000e+00,0.000000e+00,0.000000e+00,4.502346e+02,4.277229e+02,2.272849e+02,1.659287e+01,0.000000e+00,9.500000e-01,2.500000e-01,0,1
79,0.400000,8.533616e+02,2.511930e+01,0.000000e+00,0.000000e+00,0.000000e+00,4.502346e+02,4.277229e+02,2.272849e+02,1.659287e+01,0.000000e+00,9.500000e-01,2.500000e-01,0,0
80,0.405000,8.711751e+02,2.511930e+01,0.000000e+00,0.000000e+00,0.000000e+00,4.502346e+02,4.277229e+02,2.272849e+02,1.659287e+01,0.000000e+00,9.500000e-01,2.500000e-01,0,0
81,0.410000,8.870389e+02,2.049717e+01,0.000000e+00,0.000000e+00,3.708605e+00,4.502346e+02,4.277229e+02,2.272849e+02,2.030148e+01,1.000000e+00,9.500000e-01,2.500000e-01,0,1
82,0.415000,9.051484e+02,1.873746e+01,0.000000e+00,0.000000e+00,0.000000e+00,4.502346e+02,4.277229e+02,2.272849e+02,2.030148e+01,0.000000e+00,9.500000e-01,2.500000e-01,0,1
83,0.420000,9.236974e+02,1.750314e+01,0.000000e+00,0.000000e+00,0.000000e+00,4.502346e+02,4.277229e+02,2.272849e+02,2.030148e+01,0.000000e+00,9.500000e-01,2.500000e-01,0,1
84,0.425000,9.426377e+02,1.650177e+01,0.000000e+00,0.000000e+00,0.000000e+00,4.502346e+02,4.277229e+02,2.272849e+02,2.030148e+01,0.000000e+00,9.500000e-01,2.500000e-01,0,1
85,0.430000,9.619640e+02,1.580494e+01,0.000000e+00,0.000000e+00,0.000000e+00,4.502346e+02,4.277229e+02,2.272849e+02,2.030148e+01,0.000000e+00,9.500000e-01,2.500000e-01,0,1
86,0.435000,9.816755e+02,1.516467e+01,0.000000e+00,0.000000e+00,0.000000e+00,4.502346e+02,4.277229e+02,2.272849e+02,2.030148e+01,0.000000e+00,9.500000e-01,2.500000e-01,0,1
87,0.440000,9.991767e+02,1.443597e+01,0.000000e+00,0.000000e+00,0.000000e+00,4.502346e+02,4.277229e+02,2.272849e+02,2.030148e+01,0.000000e+00,9.500000e-01,2.500000e-01,0,2
88,0.445000,1.019294e+03,1.384884e+01,0.000000e+00,0.000000e+00,0.000000e+00,4.502346e+02,4.277229e+02,2.272849e+02,2.030148e+01,0.000000e+00,9.500000e-01,2.500000e-01,0,2
89,0.450000,1.039155e+03,1.162262e+01,0.000000e+00,0.000000e+00,1.806262e+00,4.502346e+02,4.277229e+02,2.272849e+02,2.210774e+01,1.000000e+00,9.500000e-01,2.500000e-01,0,3
90,0.455000,1.059866e+03,1.087008e+01,0.000000e+00,0.000000e+00,0.000000e+00,4.502346e+02,4.277229e+02,2.272849e+02,2.210774e+01,0.000000e+00,9.500000e-01,2.500000e-01,0,3
91,0.460000,1.080930e+03,1.034926e+01,0.000000e+00,0.000000e+00,0.000000e+00,4.502346e+02,4.277229e+02,2.272849e+02,2.210774e+01,0.000000e+00,9.500000e-01,2.500000e-01,0,3
92,0.465000,1.101310e+03,9.247171e+00,0.000000e+00,0.000000e+00,7.470557e-01,4.502346e+02,4.277229e+02,2.272849e+02,2.285479e+01,1.000000e+00,9.500000e-01,2.500000e-01,0,4
93,0.470000,1.122952e+03,8.905700e+00,0.000000e+00,0.000000e+00,0.000000e+00,4.502346e+02,4.277229e+02,2.272849e+02,2.285479e+01,0.000000e+00,9.500000e-01,2.500000e-01,0,4
94,0.475000,1.142170e+03,8.547059e+00,0.000000e+00,0.000000e+00,0.000000e+00,4.502346e+02,4.277229e+02,2.272849e+02,2.285479e+01,0.000000e+00,9.500000e-01,2.500000e-01,0,6
95,0.480000,1.163899e+03,8.215406e+00,0.000000e+00,0.000000e+00,0.000000e+00,4.502346e+02,4.277229e+02,2.272849e+02,2.285479e+01,0.000000e+00,9.500000e-01,2.500000e-01,0,6
96,0.485000,1.185957e+03,7.990288e+00,0.000000e+00,0.000000e+00,0.000000e+00,4.502346e+02,4.277229e+02,2.272849e+02,2.285479e+01,0.000000e+00,9.500000e-01,2.500000e-01,0,6
97,0.490000,1.208306e+03,7.766160e+00,0.000000e+00,0.000000e+00,0.000000e+00,4.502346e+02,4.277229e+02,2.272849e+02,2.285479e+01,0.000000e+00,9.500000e-01,2.500000e-01,0,6
98,0.495000,1.230947e+03,7.484546e+00,0.000000e+00,0.000000e+00,0.000000e+00,4.502346e+02,4.277229e+02,2.272849e+02,2.285479e+01,0.000000e+00,9.500000e-01,2.500000e-01,0,6
99,0.500000,1.252464e+03,7.244607e+00,0.000000e+00,0.000000e+00,0.000000e+00,4.502346e+02,4.277229e+02,2.272849e+02,2.285479e+01,0.000000e+00,9.500000e-01,2.500000e-01,0,7
100,0.505000,1.275406e+03,6.860258e+00,0.000000e+00,0.000000e+00,2.160665e-01,4.502346e+02,4.277229e+02,2.272849e+02,2.307086e+01,1.000000e+00,9.500000e-01,2.500000e-01,0,7
101,0.510000,1.298637e+03,6.649642e+00,0.000000e+00,0.000000e+00,0.000000e+00,4.502346e+02,4.277229e+02,2.272849e+02,2.307086e+01,0.000000e+00,9.500000e-01,2.500000e-01,0,7
102,0.515000,1.322131e+03,6.418072e+00,0.000000e+00,0.000000e+00,0.000000e+00,4.502346e+02,4.277229e+02,2.272849e+02,2.307086e+01,0.000000e+00,9.500000e-01,2.500000e-01,0,7
103,0.520000,1.345888e+03,6.124439e+00,0.000000e+00,0.000000e+00,1.107142e-01,4.502346e+02,4.277229e+02,2.272849e+02,2.318158e+01,1.000000e+00,9.500000e-01,2.500000e-01,0,8
104,0.525000,1.369908e+03,5.988252e+00,0.000000e+00,0.000000e+00,0.000000e+00,4.502346e+02,4.277229e+02,2.272849e+02,2.318158e+01,0.000000e+00,9.500000e-01,2.500000e-01,0,8
105,0.530000,1.394193e+03,5.822975e+00,0.000000e+00,0.000000e+00,0.000000e+00,4.502346e+02,4.277229e+02,2.272849e+02,2.318158e+01,0.000000e+00,9.500000e-01,2.500000e-01,0,8
106,0.535000,1.390439e+03,5.638102e+00,3.753397e+00,0.000000e+00,0.000000e+00,4.539880e+02,4.312886e+02,2.272849e+02,2.318158e+01,0.000000e+00,9.500000e-01,2.500000e-01,0,9
107,0.540000,1.415251e+03,5.499347e+00,0.000000e+00,0.000000e+00,0.000000e+00,4.539880e+02,4.312886e+02,2.272849e+02,2.318158e+01,0.000000e+00,9.500000e-01,2.500000e-01,0,9
108,0.545000,1.440325e+03,5.387768e+00,0.000000e+00,0.000000e+00,0.000000e+00,4.539880e+02,4.312886e+02,2.272849e+02,2.318158e+01,0.000000e+00,9.500000e-01,2.500000e-01,0,8
109,0.550000,1.465663e+03,5.241569e+00,0.000000e+00,0.000000e+00,0.000000e+00,4.539880e+02,4.312886e+02,2.272849e+02,2.318158e+01,0.000000e+00,9.500000e-01,2.500000e-01,0,8
110,0.555000,1.491265e+03,5.086070e+00,0.000000e+00,0.000000e+00,0.000000e+00,4.539880e+02,4.312886e+02,2.272849e+02,2.318158e+01,0.000000e+00,9.500000e-01,2.500000e-01,0,8
111,0.560000,1.517130e+03,4.977141e+00,0.000000e+00,0.000000e+00,0.000000e+00,4.539880e+02,4.312886e+02,2.272849e+02,2.318158e+01,0.000000e+00,9.500000e-01,2.500000e-01,0,8
112,0.565000,1.543258e+03,4.881034e+00,0.000000e+00,0.000000e+00,0.000000e+00,4.539880e+02,4.312886e+02,2.272849e+02,2.318158e+01,0.000000e+00,9.500000e-01,2.500000e-01,0,8
113,0.570000,1.569650e+03,4.747093e+00,0.000000e+00,0.000000e+00,0.000000e+00,4.539880e+02,4.312886e+02,2.272849e+02,2.318158e+01,0.000000e+00,9.500000e-01,2.500000e-01,0,8
114,0.575000,1.596306e+03,4.615961e+00,0.000000e+00,0.000000e+00,0.000000e+00,4.539880e+02,4.312886e+02,2.272849e+02,2.318158e+01,0.000000e+00,9.500000e-01,2.500000e-01,0,8
115,0.580000,1.623224e+03,4.530291e+00,0.000000e+00,0.000000e+00,0.000000e+00,4.539880e+02,4.312886e+02,2.272849e+02,2.318158e+01,0.000000e+00,9.500000e-01,2.500000e-01,0,8
116,0.585000,1.650407e+03,4.442162e+00,0.000000e+00,0.000000e+00,0.000000e+00,4.539880e+02,4.312886e+02,2.272849e+02,2.318158e+01,0.000000e+00,9.500000e-01,2.500000e-01,0,8
117,0.590000,1.677852e+03,4.317477e+00,0.000000e+00,0.000000e+00,0.000000e+00,4.539880e+02,4.312886e+02,2.272849e+02,2.318158e+01,0.000000e+00,9.500000e-01,2.500000e-01,0,8
118,0.595000,1.701319e+03,4.208952e+00,0.000000e+00,0.000000e+00,0.000000e+00,4.539880e+02,4.312886e+02,2.272849e+02,2.318158e+01,0.000000e+00,9.500000e-01,2.500000e-01,0,9
119,0.600000,1.729201e+03,4.139960e+00,0.000000e+00,0.000000e+00,0.000000e+00,4.539880e+02,4.312886e+02,2.272849e+02,2.318158e+01,0.000000e+00,9.500000e-01,2.500000e-01,0,9
120,0.605000,1.757048e+03,4.054298e+00,0.000000e+00,0.000000e+00,0.000000e+00,4.539880e+02,4.312886e+02,2.272849e+02,2.318158e+01,0.000000e+00,9.500000e-01,2.500000e-01,0,9
121,0.610000,1.785547e+03,3.939318e+00,0.000000e+00,0.000000e+00,0.000000e+00,4.539880e+02,4.312886e+02,2.272849e+02,2.318158e+01,0.000000e+00,9.500000e-01,2.500000e-01,0,9
122,0.615000,1.812378e+03,3.851673e+00,0.000000e+00,0.000000e+00,0.000000e+00,4.539880e+02,4.312886e+02,2.272849e+02,2.318158e+01,0.000000e+00,9.500000e-01,2.500000e-01,0,10
123,0.620000,1.841404e+03,3.792671e+00,0.000000e+00,0.000000e+00,0.000000e+00,4.539880e+02,4.312886e+02,2.272849e+02,2.318158e+01,0.000000e+00,9.500000e-01,2.500000e-01,0,8
124,0.625000,1.870694e+03,3.707047e+00,0.000000e+00,0.000000e+00,0.000000e+00,4.539880e+02,4.312886e+02,2.272849e+02,2.318158e+01,0.000000e+00,9.500000e-01,2.500000e-01,0,8
125,0.630000,1.900247e+03,3.603694e+00,0.000000e+00,0.000000e+00,0.000000e+00,4.539880e+02,4.312886e+02,2.272849e+02,2.318158e+01,0.000000e+00,9.500000e-01,2.500000e-01,0,8
126,0.635000,1.930064e+03,3.533894e+00,0.000000e+00,0.000000e+00,0.000000e+00,4.539880e+02,4.312886e+02,2.272849e+02,2.318158e+01,0.000000e+00,9.500000e-01,2.500000e-01,0,8
127,0.640000,1.960144e+03,3.479314e+00,0.000000e+00,0.000000e+00,0.000000e+00,4.539880e+02,4.312886e+02,2.272849e+02,2.318158e+01,0.000000e+00,9.500000e-01,2.500000e-01,0,8
128,0.645000,1.990487e+03,3.393994e+00,0.000000e+00,0.000000e+00,0.000000e+00,4.539880e+02,4.312886e+02,2.272849e+02,2.318158e+01,0.000000e+00,9.500000e-01,2.500000e-01,0,8
129,0.650000,2.021094e+03,3.303829e+00,0.000000e+00,0.000000e+00,0.000000e+00,4.539880e+02,4.312886e+02,2.272849e+02,2.318158e+01,0.000000e+00,9.500000e-01,2.500000e-01,0,8
130,0.655000,2.051965e+03,3.247864e+00,0.000000e+00,0.000000e+00,0.000000e+00,4.539880e+02,4.312886e+02,2.272849e+02,2.318158e+01,0.000000e+00,9.500000e-01,2.500000e-01,0,8
131,0.660000,2.083099e+03,3.194048e+00,0.000000e+00,0.000000e+00,0.000000e+00,4.539880e+02,4.312886e+02,2.272849e+02,2.318158e+01,0.000000e+00,9.500000e-01,2.500000e-01,0,8
132,0.665000,2.114496e+03,3.110758e+00,0.000000e+00,0.000000e+00,0.000000e+00,4.539880e+02,4.312886e+02,2.272849e+02,2.318158e+01,0.000000e+00,9.500000e-01,2.500000e-01,0,8
133,0.670000,2.146157e+03,3.034203e+00,0.000000e+00,0.000000e+00,0.000000e+00,4.539880e+02,4.312886e+02,2.272849e+02,2.318158e+01,0.000000e+00,9.500000e-01,2.500000e-01,0,8
134,0.675000,2.178081e+03,2.987954e+00,0.000000e+00,0.000000e+00,0.000000e+00,4.539880e+02,4.312886e+02,2.272849e+02,2.318158e+01,0.000000e+00,9.500000e-01,2.500000e-01,0,8
135,0.680000,2.210269e+03,2.933093e+00,0.000000e+00,0.000000e+00,0.000000e+00,4.539880e+02,4.312886e+02,2.272849e+02,2.318158e+01,0.000000e+00,9.500000e-01,2.500000e-01,0,8
136,0.685000,2.242720e+03,2.853927e+00,0.000000e+00,0.000000e+00,0.000000e+00,4.539880e+02,4.312886e+02,2.272849e+02,2.318158e+01,0.000000e+00,9.500000e-01,2.500000e-01,0,8
137,0.690000,2.275435e+03,2.790333e+00,0.000000e+00,0.000000e+00,0.000000e+00,4.539880e+02,4.312886e+02,2.272849e+02,2.318158e+01,0.000000e+00,9.500000e-01,2.500000e-01,0,8
138,0.695000,2.308413e+03,2.750165e+00,0.000000e+00,0.000000e+00,0.000000e+00,4.539880e+02,4.312886e+02,2.272849e+02,2.318158e+01,0.000000e+00,9.500000e-01,2.500000e-01,0,8
139,0.700000,2.341654e+03,2.693812e+00,0.000000e+00,0.000000e+00,0.000000e+00,4.539880e+02,4.312886e+02,2.272849e+02,2.318158e+01,0.000000e+00,9.500000e-01,2.500000e-01,0,8
140,0.705000,8.907802e+02,2.073225e+03,2.179584e+03,2.070605e+03,0.000000e+00,2.633572e+03,2.501893e+03,2.297890e+03,2.318158e+01,5.061619e-01,9.500000e-01,2.500000e-01,2,11
141,0.710000,2.972836e+02,2.196858e+03,7.783561e+02,7.394383e+02,0.000000e+00,3.411928e+03,3.241332e+03,3.037328e+03,2.318158e+01,8.750282e-01,9.500000e-01,2.500000e-01,1,9
142,0.715000,1.965030e+02,1.168114e+03,1.919631e+02,0.000000e+00,2.975792e+01,3.603891e+03,3.423697e+03,3.037328e+03,5.293950e+01,1.000000e+00,9.500000e-01,2.500000e-01,2,8
143,0.720000,1.785641e+02,8.928437e+02,3.416928e+01,3.246082e+01,0.000000e+00,3.638060e+03,3.456157e+03,3.069789e+03,5.293950e+01,3.212197e-01,9.500000e-01,2.500000e-01,2,8
144,0.725000,1.719951e+02,4.056489e+02,2.284875e+01,0.000000e+00,3.675435e+02,3.660909e+03,3.477864e+03,3.069789e+03,4.204830e+02,1.000000e+00,9.500000e-01,2.500000e-01,3,6
145,0.730000,1.911901e+02,3.375375e+02,0.000000e+00,0.000000e+00,0.000000e+00,3.660909e+03,3.477864e+03,3.069789e+03,4.204830e+02,2.308862e-01,9.500000e-01,2.500000e-01,0,6
146,0.735000,1.941053e+02,2.956818e+02,0.000000e+00,0.000000e+00,0.000000e+00,3.660909e+03,3.477864e+03,3.069789e+03,4.204830e+02,0.000000e+00,9.500000e-01,2.500000e-01,0,6
147,0.740000,1.859214e+02,2.722832e+02,8.183915e+00,0.000000e+00,0.000000e+00,3.669093e+03,3.485638e+03,3.069789e+03,4.204830e+02,0.000000e+00,9.500000e-01,2.500000e-01,0,5
148,0.745000,1.781693e+02,2.532229e+02,7.752056e+00,0.000000e+00,0.000000e+00,3.676845e+03,3.493003e+03,3.069789e+03,4.204830e+02,0.000000e+00,9.500000e-01,2.500000e-01,0,5
149,0.750000,1.708491e+02,2.370927e+02,7.320196e+00,0.000000e+00,0.000000e+00,3.684165e+03,3.499957e+03,3.069789e+03,4.204830e+02,0.000000e+00,9.500000e-01,2.500000e-01,0,5
150,0.755000,1.680322e+02,2.242843e+02,9.798008e+00,7.046475e-01,0.000000e+00,3.693963e+03,3.509265e+03,3.070494e+03,4.204830e+02,1.000000e+00,9.500000e-01,2.500000e-01,3,9
151,0.760000,2.172327e+02,3.166982e+02,1.157659e+02,1.052822e+02,0.000000e+00,3.809729e+03,3.619243e+03,3.175776e+03,4.204830e+02,1.000000e+00,9.500000e-01,2.500000e-01,6,9
152,0.765000,1.703237e+02,2.438780e+02,1.631619e+02,0.000000e+00,1.683491e+01,3.972891e+03,3.774247e+03,3.175776e+03,4.373179e+02,1.000000e+00,9.500000e-01,2.500000e-01,3,34
153,0.770000,2.166253e+02,3.287038e+02,1.089449e+02,1.034977e+02,0.000000e+00,4.081836e+03,3.877744e+03,3.279273e+03,4.373179e+02,5.220643e-01,9.500000e-01,2.500000e-01,6,31
154,0.775000,1.787603e+02,2.762008e+02,1.317042e+02,0.000000e+00,3.267250e+00,4.213540e+03,4.002863e+03,3.279273e+03,4.405852e+02,1.000000e+00,9.500000e-01,2.500000e-01,3,24
155,0.780000,1.746194e+02,2.626277e+02,8.281718e+01,1.080839e+00,0.000000e+00,4.296358e+03,4.081540e+03,3.280354e+03,4.405852e+02,1.000000e+00,9.500000e-01,2.500000e-01,4,25
156,0.785000,1.594380e+02,2.064939e+02,5.280505e+01,5.716177e+00,0.000000e+00,4.349163e+03,4.131704e+03,3.286070e+03,4.405852e+02,1.000000e+00,9.500000e-01,2.500000e-01,3,32
157,0.790000,1.587188e+02,1.769487e+02,1.438468e+01,0.000000e+00,1.341693e+01,4.363547e+03,4.145370e+03,3.286070e+03,4.540021e+02,1.000000e+00,9.500000e-01,2.500000e-01,4,22
158,0.795000,1.803801e+02,1.274280e+02,0.000000e+00,0.000000e+00,1.421085e-14,4.363547e+03,4.145370e+03,3.286070e+03,4.540021e+02,2.795836e-01,9.500000e-01,2.500000e-01,0,19
159,0.800000,2.376820e+02,1.057279e+02,0.000000e+00,0.000000e+00,0.000000e+00,4.363547e+03,4.145370e+03,3.286070e+03,4.540021e+02,0.000000e+00,9.500000e-01,2.500000e-01,0,13
160,0.805000,2.291811e+02,9.571800e+01,8.500896e+00,0.000000e+00,0.000000e+00,4.372048e+03,4.153446e+03,3.286070e+03,4.540021e+02,0.000000e+00,9.500000e-01,2.500000e-01,0,11
161,0.810000,2.211138e+02,8.949200e+01,8.067332e+00,0.000000e+00,0.000000e+00,4.380115e+03,4.161110e+03,3.286070e+03,4.540021e+02,0.000000e+00,9.500000e-01,2.500000e-01,0,11
162,0.815000,2.134783e+02,8.398895e+01,7.635473e+00,0.000000e+00,0.000000e+00,4.387751e+03,4.168363e+03,3.286070e+03,4.540021e+02,0.000000e+00,9.500000e-01,2.500000e-01,0,7
163,0.820000,2.062747e+02,7.960501e+01,7.203613e+00,0.000000e+00,0.000000e+00,4.394955e+03,4.175207e+03,3.286070e+03,4.540021e+02,0.000000e+00,9.500000e-01,2.500000e-01,0,3
164,0.825000,1.995029e+02,7.656496e+01,6.771754e+00,0.000000e+00,0.000000e+00,4.401726e+03,4.181640e+03,3.286070e+03,4.540021e+02,0.000000e+00,9.500000e-01,2.500000e-01,0,2
165,0.830000,1.931631e+02,7.656496e+01,6.339894e+00,0.000000e+00,0.000000e+00,4.408066e+03,4.187663e+03,3.286070e+03,4.540021e+02,0.000000e+00,9.500000e-01,2.500000e-01,0,0
166,0.835000,1.872550e+02,7.656496e+01,5.908035e+00,0.000000e+00,0.000000e+00,4.413974e+03,4.193276e+03,3.286070e+03,4.540021e+02,0.000000e+00,9.500000e-01,2.500000e-01,0,0
167,0.840000,1.817788e+02,7.656496e+01,5.476175e+00,0.000000e+00,0.000000e+00,4.419450e+03,4.198478e+03,3.286070e+03,4.540021e+02,0.000000e+00,9.500000e-01,2.500000e-01,0,0
168,0.845000,1.767345e+02,7.656496e+01,5.044316e+00,0.000000e+00,0.000000e+00,4.424495e+03,4.203270e+03,3.286070e+03,4.540021e+02,0.000000e+00,9.500000e-01,2.500000e-01,0,0
169,0.850000,1.721221e+02,7.656496e+01,4.612456e+00,0.000000e+00,0.000000e+00,4.429107e+03,4.207652e+03,3.286070e+03,4.540021e+02,0.000000e+00,9.500000e-01,2.500000e-01,0,0
170,0.855000,1.679415e+02,7.656496e+01,4.180597e+00,0.000000e+00,0.000000e+00,4.433288e+03,4.211623e+03,3.286070e+03,4.540021e+02,0.000000e+00,9.500000e-01,2.500000e-01,0,0
171,0.860000,1.558083e+02,7.367164e+01,1.213317e+01,0.000000e+00,0.000000e+00,4.445421e+03,4.223150e+03,3.286070e+03,4.540021e+02,0.000000e+00,9.500000e-01,2.500000e-01,0,1
172,0.865000,1.522349e+02,7.039639e+01,3.573396e+00,0.000000e+00,0.000000e+00,4.448994e+03,4.226545e+03,3.286070e+03,4.540021e+02,0.000000e+00,9.500000e-01,2.500000e-01,0,1
173,0.870000,1.493499e+02,6.782312e+01,2.885018e+00,0.000000e+00,0.000000e+00,4.451879e+03,4.229285e+03,3.286070e+03,4.540021e+02,0.000000e+00,9.500000e-01,2.500000e-01,0,1
174,0.875000,1.468967e+02,6.596692e+01,2.453159e+00,0.000000e+00,0.000000e+00,4.454333e+03,4.231616e+03,3.286070e+03,4.540021e+02,0.000000e+00,9.500000e-01,2.500000e-01,0,1
175,0.880000,1.448754e+02,6.596692e+01,2.021299e+00,0.000000e+00,0.000000e+00,4.456354e+03,4.233536e+03,3.286070e+03,4.540021e+02,0.000000e+00,9.500000e-01,2.500000e-01,0,0
176,0.885000,1.432860e+02,6.596692e+01,1.589440e+00,0.000000e+00,0.000000e+00,4.457943e+03,4.235046e+03,3.286070e+03,4.540021e+02,0.000000e+00,9.500000e-01,2.500000e-01,0,0
177,0.890000,1.421284e+02,6.596692e+01,1.157580e+00,0.000000e+00,0.000000e+00,4.459101e+03,4.236146e+03,3.286070e+03,4.540021e+02,0.000000e+00,9.500000e-01,2.500000e-01,0,0
178,0.895000,1.335982e+02,7.178552e+01,8.530194e+00,8.103684e+00,0.000000e+00,4.467631e+03,4.244250e+03,3.294174e+03,4.540021e+02,6.267894e-01,9.500000e-01,2.500000e-01,0,1
179,0.900000,1.317577e+02,6.769604e+01,1.840475e+00,0.000000e+00,0.000000e+00,4.469472e+03,4.245998e+03,3.294174e+03,4.540021e+02,0.000000e+00,9.500000e-01,2.500000e-01,0,1
180,0.905000,1.304535e+02,6.514466e+01,1.304210e+00,0.000000e+00,0.000000e+00,4.470776e+03,4.247237e+03,3.294174e+03,4.540021e+02,0.000000e+00,9.500000e-01,2.500000e-01,0,1
181,0.910000,1.293736e+02,6.341306e+01,1.079963e+00,0.000000e+00,0.000000e+00,4.471856e+03,4.248263e+03,3.294174e+03,4.540021e+02,0.000000e+00,9.500000e-01,2.500000e-01,0,1
182,0.915000,1.167903e+02,7.093514e+01,1.650269e+01,9.598134e+00,0.000000e+00,4.488358e+03,4.263940e+03,3.303772e+03,4.540021e+02,1.000000e+00,9.500000e-01,2.500000e-01,1,2
183,0.920000,1.109790e+02,6.244099e+01,5.811249e+00,0.000000e+00,0.000000e+00,4.494170e+03,4.269461e+03,3.303772e+03,4.540021e+02,0.000000e+00,9.500000e-01,2.500000e-01,0,2
184,0.925000,1.095245e+02,5.810928e+01,1.454488e+00,0.000000e+00,0.000000e+00,4.495624e+03,4.270843e+03,3.303772e+03,4.540021e+02,0.000000e+00,9.500000e-01,2.500000e-01,0,2
185,0.930000,1.082868e+02,5.525690e+01,1.237770e+00,0.000000e+00,0.000000e+00,4.496862e+03,4.272019e+03,3.303772e+03,4.540021e+02,0.000000e+00,9.500000e-01,2.500000e-01,0,2
186,0.935000,1.071022e+02,5.268448e+01,1.184529e+00,0.000000e+00,0.000000e+00,4.498046e+03,4.273144e+03,3.303772e+03,4.540021e+02,0.000000e+00,9.500000e-01,2.500000e-01,0,2
187,0.940000,1.060687e+02,5.089837e+01,1.033491e+00,0.000000e+00,0.000000e+00,4.499080e+03,4.274126e+03,3.303772e+03,4.540021e+02,0.000000e+00,9.500000e-01,2.500000e-01,0,2
188,0.945000,1.052739e+02,4.974742e+01,7.948425e-01,0.000000e+00,0.000000e+00,4.499875e+03,4.274881e+03,3.303772e+03,4.540021e+02,0.000000e+00,9.500000e-01,2.500000e-01,0,2
189,0.950000,1.041640e+02,5.043302e+01,2.114037e+00,2.008335e+00,0.000000e+00,4.501989e+03,4.276889e+03,3.305781e+03,4.540021e+02,5.463183e-01,9.500000e-01,2.500000e-01,2,3
190,0.955000,1.028095e+02,4.864522e+01,1.354528e+00,0.000000e+00,0.000000e+00,4.503343e+03,4.278176e+03,3.305781e+03,4.540021e+02,0.000000e+00,9.500000e-01,2.500000e-01,0,3
191,0.960000,1.026281e+02,4.753558e+01,1.814263e-01,0.000000e+00,0.000000e+00,4.503525e+03,4.278349e+03,3.305781e+03,4.540021e+02,0.000000e+00,9.500000e-01,2.500000e-01,0,3
192,0.965000,1.025378e+02,4.677622e+01,9.032330e-02,0.000000e+00,0.000000e+00,4.503615e+03,4.278434e+03,3.305781e+03,4.540021e+02,0.000000e+00,9.500000e-01,2.500000e-01,0,3
193,0.970000,1.025605e+02,4.567885e+01,0.000000e+00,0.000000e+00,0.000000e+00,4.503615e+03,4.278434e+03,3.305781e+03,4.540021e+02,0.000000e+00,9.500000e-01,2.500000e-01,0,3
194,0.975000,1.023956e+02,4.383097e+01,3.140319e-01,0.000000e+00,5.938839e-01,4.503929e+03,4.278733e+03,3.305781e+03,4.545960e+02,1.000000e+00,9.500000e-01,2.500000e-01,2,4
195,0.980000,1.026880e+02,4.299684e+01,0.000000e+00,0.000000e+00,0.000000e+00,4.503929e+03,4.278733e+03,3.305781e+03,4.545960e+02,0.000000e+00,9.500000e-01,2.500000e-01,0,4
196,0.985000,1.033177e+02,4.231650e+01,0.000000e+00,0.000000e+00,0.000000e+00,4.503929e+03,4.278733e+03,3.305781e+03,4.545960e+02,0.000000e+00,9.500000e-01,2.500000e-01,0,3
197,0.990000,1.040654e+02,4.126811e+01,0.000000e+00,0.000000e+00,0.000000e+00,4.503929e+03,4.278733e+03,3.305781e+03,4.545960e+02,0.000000e+00,9.500000e-01,2.500000e-01,0,3
198,0.995000,1.031486e+02,4.185339e+01,1.746304e+00,1.658989e+00,0.000000e+00,4.505675e+03,4.280392e+03,3.307440e+03,4.545960e+02,8.817961e-01,9.500000e-01,2.500000e-01,2,4
199,1.000000,1.035173e+02,4.109012e+01,0.000000e+00,0.000000e+00,0.000000e+00,4.505675e+03,4.280392e+03,3.307440e+03,4.545960e+02,0.000000e+00,9.500000e-01,2.500000e-01,0,3
200,1.005000,1.047642e+02,4.036356e+01,0.000000e+00,0.000000e+00,0.000000e+00,4.505675e+03,4.280392e+03,3.307440e+03,4.545960e+02,0.000000e+00,9.500000e-01,2.500000e-01,0,4
201,1.010000,1.061356e+02,3.928733e+01,0.000000e+00,0.000000e+00,0.000000e+00,4.505675e+03,4.280392e+03,3.307440e+03,4.545960e+02,0.000000e+00,9.500000e-01,2.500000e-01,0,4
202,1.015000,1.057691e+02,3.733897e+01,6.982799e-01,0.000000e+00,1.000865e+00,4.506374e+03,4.281055e+03,3.307440e+03,4.555969e+02,1.000000e+00,9.500000e-01,2.500000e-01,2,4
203,1.020000,1.054159e+02,3.791356e+01,1.228491e+00,1.167066e+00,0.000000e+00,4.507602e+03,4.282222e+03,3.308607e+03,4.555969e+02,8.120334e-01,9.500000e-01,2.500000e-01,3,4
204,1.025000,1.004563e+02,3.635093e+01,1.725072e+01,0.000000e+00,8.179563e-01,4.524853e+03,4.298610e+03,3.308607e+03,4.564148e+02,1.000000e+00,9.500000e-01,2.500000e-01,3,6
205,1.030000,9.999429e+01,3.364090e+01,9.239817e+00,0.000000e+00,9.751795e-01,4.534093e+03,4.307388e+03,3.308607e+03,4.573900e+02,1.000000e+00,9.500000e-01,2.500000e-01,4,6
206,1.035000,9.489354e+01,4.151435e+01,1.774172e+01,8.781002e+00,0.000000e+00,4.551834e+03,4.324243e+03,3.317388e+03,4.573900e+02,1.000000e+00,9.500000e-01,2.500000e-01,3,7
207,1.040000,9.446742e+01,3.587969e+01,8.522493e+00,0.000000e+00,3.281225e+00,4.560357e+03,4.332339e+03,3.317388e+03,4.606712e+02,1.000000e+00,9.500000e-01,2.500000e-01,4,8
208,1.045000,9.347126e+01,3.613654e+01,3.464902e+00,1.435205e+00,0.000000e+00,4.563822e+03,4.335631e+03,3.318823e+03,4.606712e+02,1.000000e+00,9.500000e-01,2.500000e-01,3,8
209,1.050000,9.537574e+01,3.484292e+01,0.000000e+00,0.000000e+00,0.000000e+00,4.563822e+03,4.335631e+03,3.318823e+03,4.606712e+02,0.000000e+00,9.500000e-01,2.500000e-01,0,6
210,1.055000,1.003691e+02,3.406084e+01,0.000000e+00,0.000000e+00,0.000000e+00,4.563822e+03,4.335631e+03,3.318823e+03,4.606712e+02,0.000000e+00,9.500000e-01,2.500000e-01,0,6
211,1.060000,9.996835e+01,3.983673e+01,8.015437e+00,6.335630e+00,0.000000e+00,4.571837e+03,4.343245e+03,3.325158e+03,4.606712e+02,1.000000e+00,9.500000e-01,2.500000e-01,4,7
212,1.065000,9.952380e+01,3.760519e+01,8.891021e+00,0.000000e+00,4.409155e-01,4.580728e+03,4.351692e+03,3.325158e+03,4.611122e+02,1.000000e+00,9.500000e-01,2.500000e-01,4,7
213,1.070000,9.923188e+01,3.412410e+01,5.838447e+00,0.000000e+00,2.038879e+00,4.586567e+03,4.357238e+03,3.325158e+03,4.631510e+02,1.000000e+00,9.500000e-01,2.500000e-01,4,7
214,1.075000,9.787993e+01,5.857099e+01,2.703902e+01,2.568706e+01,0.000000e+00,4.613606e+03,4.382925e+03,3.350845e+03,4.631510e+02,3.574238e-01,9.500000e-01,2.500000e-01,4,9
215,1.080000,8.574931e+01,5.237804e+01,4.219346e+01,0.000000e+00,1.811089e+00,4.655799e+03,4.423009e+03,3.350845e+03,4.649621e+02,1.000000e+00,9.500000e-01,2.500000e-01,3,11
216,1.085000,8.434693e+01,4.410997e+01,2.804763e+01,0.000000e+00,8.269308e-01,4.683847e+03,4.449655e+03,3.350845e+03,4.657891e+02,1.000000e+00,9.500000e-01,2.500000e-01,4,10
217,1.090000,7.933844e+01,5.393184e+01,1.742085e+01,1.242601e+01,0.000000e+00,4.701268e+03,4.466204e+03,3.363271e+03,4.657891e+02,1.000000e+00,9.500000e-01,2.500000e-01,3,11
218,1.095000,7.922282e+01,4.272887e+01,2.312341e+00,0.000000e+00,6.920555e+00,4.703580e+03,4.468401e+03,3.363271e+03,4.727096e+02,1.000000e+00,9.500000e-01,2.500000e-01,4,10
219,1.100000,8.876510e+01,4.098407e+01,0.000000e+00,0.000000e+00,0.000000e+00,4.703580e+03,4.468401e+03,3.363271e+03,4.727096e+02,0.000000e+00,9.500000e-01,2.500000e-01,0,10
220,1.105000,1.175967e+02,3.957373e+01,0.000000e+00,0.000000e+00,0.000000e+00,4.703580e+03,4.468401e+03,3.363271e+03,4.727096e+02,0.000000e+00,9.500000e-01,2.500000e-01,0,10
221,1.110000,1.179427e+02,3.855273e+01,0.000000e+00,0.000000e+00,0.000000e+00,4.703580e+03,4.468401e+03,3.363271e+03,4.727096e+02,0.000000e+00,9.500000e-01,2.500000e-01,0,8
222,1.115000,1.138659e+02,3.786385e+01,4.076803e+00,0.000000e+00,0.000000e+00,4.707657e+03,4.472274e+03,3.363271e+03,4.727096e+02,0.000000e+00,9.500000e-01,2.500000e-01,0,8
223,1.120000,1.102209e+02,3.696005e+01,3.644943e+00,0.000000e+00,0.000000e+00,4.711302e+03,4.475737e+03,3.363271e+03,4.727096e+02,0.000000e+00,9.500000e-01,2.500000e-01,0,7
224,1.125000,1.070078e+02,3.588797e+01,3.213084e+00,0.000000e+00,0.000000e+00,4.714515e+03,4.478789e+03,3.363271e+03,4.727096e+02,0.000000e+00,9.500000e-01,2.500000e-01,0,3
225,1.130000,1.042266e+02,3.513944e+01,2.781224e+00,0.000000e+00,0.000000e+00,4.717296e+03,4.481431e+03,3.363271e+03,4.727096e+02,0.000000e+00,9.500000e-01,2.500000e-01,0,2
226,1.135000,1.018772e+02,3.457156e+01,2.349365e+00,0.000000e+00,0.000000e+00,4.719645e+03,4.483663e+03,3.363271e+03,4.727096e+02,0.000000e+00,9.500000e-01,2.500000e-01,0,1
227,1.140000,9.995973e+01,3.371984e+01,1.917505e+00,0.000000e+00,0.000000e+00,4.721563e+03,4.485485e+03,3.363271e+03,4.727096e+02,0.000000e+00,9.500000e-01,2.500000e-01,0,1
228,1.145000,9.847409e+01,3.371984e+01,1.485646e+00,0.000000e+00,0.000000e+00,4.723049e+03,4.486896e+03,3.363271e+03,4.727096e+02,0.000000e+00,9.500000e-01,2.500000e-01,0,0
229,1.150000,9.742030e+01,3.371984e+01,1.053786e+00,0.000000e+00,0.000000e+00,4.724102e+03,4.487897e+03,3.363271e+03,4.727096e+02,0.000000e+00,9.500000e-01,2.500000e-01,0,0
230,1.155000,9.679837e+01,3.371984e+01,6.219269e-01,0.000000e+00,0.000000e+00,4.724724e+03,4.488488e+03,3.363271e+03,4.727096e+02,0.000000e+00,9.500000e-01,2.500000e-01,0,0
231,1.160000,9.660830e+01,3.371984e+01,1.900675e-01,0.000000e+00,0.000000e+00,4.724914e+03,4.488669e+03,3.363271e+03,4.727096e+02,0.000000e+00,9.500000e-01,2.500000e-01,0,0
232,1.165000,7.620740e+01,5.217929e+01,2.040090e+01,1.938086e+01,0.000000e+00,4.745315e+03,4.508050e+03,3.382652e+03,4.727096e+02,6.530967e-01,9.500000e-01,2.500000e-01,0,1
233,1.170000,7.588692e+01,4.743631e+01,3.204796e-01,0.000000e+00,0.000000e+00,4.745636e+03,4.508354e+03,3.382652e+03,4.727096e+02,0.000000e+00,9.500000e-01,2.500000e-01,0,1
234,1.175000,7.560734e+01,4.547728e+01,2.795779e-01,0.000000e+00,0.000000e+00,4.745915e+03,4.508620e+03,3.382652e+03,4.727096e+02,0.000000e+00,9.500000e-01,2.500000e-01,0,1
235,1.180000,7.369142e+01,4.611888e+01,2.512691e+00,2.387056e+00,0.000000e+00,4.748428e+03,4.511007e+03,3.385039e+03,4.727096e+02,3.508228e-01,9.500000e-01,2.500000e-01,1,2
236,1.185000,6.464063e+01,3.601694e+01,1.723959e+01,0.000000e+00,8.395476e+00,4.765668e+03,4.527384e+03,3.385039e+03,4.811051e+02,1.000000e+00,9.500000e-01,2.500000e-01,2,3
237,1.190000,5.135484e+01,3.072914e+01,1.328579e+01,0.000000e+00,0.000000e+00,4.778953e+03,4.540006e+03,3.385039e+03,4.811051e+02,0.000000e+00,9.500000e-01,2.500000e-01,0,3
238,1.195000,5.020366e+01,2.844245e+01,1.151180e+00,0.000000e+00,0.000000e+00,4.780105e+03,4.541099e+03,3.385039e+03,4.811051e+02,0.000000e+00,9.500000e-01,2.500000e-01,0,3
239,1.200000,4.969528e+01,2.675333e+01,5.083780e-01,0.000000e+00,0.000000e+00,4.780613e+03,4.541582e+03,3.385039e+03,4.811051e+02,0.000000e+00,9.500000e-01,2.500000e-01,0,3
240,1.205000,4.941075e+01,2.560520e+01,2.845279e-01,0.000000e+00,0.000000e+00,4.780898e+03,4.541853e+03,3.385039e+03,4.811051e+02,0.000000e+00,9.500000e-01,2.500000e-01,0,3
241,1.210000,4.930730e+01,2.487200e+01,1.034552e-01,0.000000e+00,0.000000e+00,4.781001e+03,4.541951e+03,3.385039e+03,4.811051e+02,0.000000e+00,9.500000e-01,2.500000e-01,0,3
242,1.215000,4.941004e+01,2.409239e+01,0.000000e+00,0.000000e+00,0.000000e+00,4.781001e+03,4.541951e+03,3.385039e+03,4.811051e+02,0.000000e+00,9.500000e-01,2.500000e-01,0,3
243,1.220000,4.974311e+01,2.328374e+01,0.000000e+00,0.000000e+00,0.000000e+00,4.781001e+03,4.541951e+03,3.385039e+03,4.811051e+02,0.000000e+00,9.500000e-01,2.500000e-01,0,3
244,1.225000,5.031917e+01,2.271129e+01,0.000000e+00,0.000000e+00,0.000000e+00,4.781001e+03,4.541951e+03,3.385039e+03,4.811051e+02,0.000000e+00,9.500000e-01,2.500000e-01,0,3
245,1.230000,5.114291e+01,2.229329e+01,0.000000e+00,0.000000e+00,0.000000e+00,4.781001e+03,4.541951e+03,3.385039e+03,4.811051e+02,0.000000e+00,9.500000e-01,2.500000e-01,0,2
246,1.235000,5.221542e+01,2.172269e+01,0.000000e+00,0.000000e+00,0.000000e+00,4.781001e+03,4.541951e+03,3.385039e+03,4.811051e+02,0.000000e+00,9.500000e-01,2.500000e-01,0,2
247,1.240000,5.353692e+01,2.110570e+01,0.000000e+00,0.000000e+00,0.000000e+00,4.781001e+03,4.541951e+03,3.385039e+03,4.811051e+02,0.000000e+00,9.500000e-01,2.500000e-01,0,2
248,1.245000,5.510805e+01,2.071006e+01,0.000000e+00,0.000000e+00,0.000000e+00,4.781001e+03,4.541951e+03,3.385039e+03,4.811051e+02,0.000000e+00,9.500000e-01,2.500000e-01,0,2
249,1.250000,5.693023e+01,2.036398e+01,0.000000e+00,0.000000e+00,0.000000e+00,4.781001e+03,4.541951e+03,3.385039e+03,4.811051e+02,0.000000e+00,9.500000e-01,2.500000e-01,0,2
250,1.255000,5.900570e+01,1.983810e+01,0.000000e+00,0.000000e+00,0.000000e+00,4.781001e+03,4.541951e+03,3.385039e+03,4.811051e+02,0.000000e+00,9.500000e-01,2.500000e-01,0,2
251,1.260000,6.133738e+01,1.932951e+01,0.000000e+00,0.000000e+00,0.000000e+00,4.781001e+03,4.541951e+03,3.385039e+03,4.811051e+02,0.000000e+00,9.500000e-01,2.500000e-01,0,2
252,1.265000,6.396029e+01,1.901909e+01,0.000000e+00,0.000000e+00,0.000000e+00,4.781001e+03,4.541951e+03,3.385039e+03,4.811051e+02,0.000000e+00,9.500000e-01,2.500000e-01,0,1
253,1.270000,6.678831e+01,1.868376e+01,0.000000e+00,0.000000e+00,0.000000e+00,4.781001e+03,4.541951e+03,3.385039e+03,4.811051e+02,0.000000e+00,9.500000e-01,2.500000e-01,0,2
254,1.275000,6.698204e+01,1.818536e+01,0.000000e+00,0.000000e+00,0.000000e+00,4.781001e+03,4.541951e+03,3.385039e+03,4.811051e+02,0.000000e+00,9.500000e-01,2.500000e-01,0,3
255,1.280000,6.948810e+01,1.776212e+01,0.000000e+00,0.000000e+00,0.000000e+00,4.781001e+03,4.541951e+03,3.385039e+03,4.811051e+02,0.000000e+00,9.500000e-01,2.500000e-01,0,3
256,1.285000,7.237593e+01,1.750255e+01,0.000000e+00,0.000000e+00,0.000000e+00,4.781001e+03,4.541951e+03,3.385039e+03,4.811051e+02,0.000000e+00,9.500000e-01,2.500000e-01,0,2
257,1.290000,7.016933e+01,1.645267e+01,4.203048e+00,0.000000e+00,7.079139e-01,4.785204e+03,4.545944e+03,3.385039e+03,4.818130e+02,1.000000e+00,9.500000e-01,2.500000e-01,2,4
258,1.295000,7.120824e+01,1.531152e+01,0.000000e+00,0.000000e+00,0.000000e+00,4.785204e+03,4.545944e+03,3.385039e+03,4.818130e+02,0.000000e+00,9.500000e-01,2.500000e-01,0,4
259,1.300000,7.158089e+01,1.469847e+01,0.000000e+00,0.000000e+00,0.000000e+00,4.785204e+03,4.545944e+03,3.385039e+03,4.818130e+02,0.000000e+00,9.500000e-01,2.500000e-01,0,6
260,1.305000,7.459413e+01,1.429262e+01,0.000000e+00,0.000000e+00,0.000000e+00,4.785204e+03,4.545944e+03,3.385039e+03,4.818130e+02,0.000000e+00,9.500000e-01,2.500000e-01,0,5
261,1.310000,7.717705e+01,1.383807e+01,0.000000e+00,0.000000e+00,0.000000e+00,4.785204e+03,4.545944e+03,3.385039e+03,4.818130e+02,0.000000e+00,9.500000e-01,2.500000e-01,0,7
262,1.315000,7.383605e+01,2.445289e+01,1.162087e+01,1.103982e+01,0.000000e+00,4.796825e+03,4.556984e+03,3.396079e+03,4.818130e+02,3.850767e-01,9.500000e-01,2.500000e-01,3,8
263,1.320000,6.132656e+01,2.105331e+01,1.250949e+01,0.000000e+00,0.000000e+00,4.809334e+03,4.568868e+03,3.396079e+03,4.818130e+02,0.000000e+00,9.500000e-01,2.500000e-01,0,7
264,1.325000,5.867042e+01,2.884392e+01,9.238765e+00,8.776827e+00,0.000000e+00,4.818573e+03,4.577644e+03,3.404856e+03,4.818130e+02,4.681471e-01,9.500000e-01,2.500000e-01,3,8
265,1.330000,5.504895e+01,2.703397e+01,1.259643e+01,9.529326e-01,0.000000e+00,4.831170e+03,4.589611e+03,3.405809e+03,4.818130e+02,1.000000e+00,9.500000e-01,2.500000e-01,3,10
266,1.335000,4.786065e+01,2.534256e+01,7.188293e+00,0.000000e+00,0.000000e+00,4.838358e+03,4.596440e+03,3.405809e+03,4.818130e+02,0.000000e+00,9.500000e-01,2.500000e-01,0,9
267,1.340000,5.056610e+01,2.449246e+01,0.000000e+00,0.000000e+00,0.000000e+00,4.838358e+03,4.596440e+03,3.405809e+03,4.818130e+02,0.000000e+00,9.500000e-01,2.500000e-01,0,9
268,1.345000,5.199300e+01,2.371788e+01,0.000000e+00,0.000000e+00,0.000000e+00,4.838358e+03,4.596440e+03,3.405809e+03,4.818130e+02,0.000000e+00,9.500000e-01,2.500000e-01,0,8
269,1.350000,5.332257e+01,2.286776e+01,0.000000e+00,0.000000e+00,0.000000e+00,4.838358e+03,4.596440e+03,3.405809e+03,4.818130e+02,0.000000e+00,9.500000e-01,2.500000e-01,0,8
270,1.355000,5.484303e+01,2.222994e+01,0.000000e+00,0.000000e+00,0.000000e+00,4.838358e+03,4.596440e+03,3.405809e+03,4.818130e+02,0.000000e+00,9.500000e-01,2.500000e-01,0,8
271,1.360000,5.661687e+01,2.177404e+01,0.000000e+00,0.000000e+00,0.000000e+00,4.838358e+03,4.596440e+03,3.405809e+03,4.818130e+02,0.000000e+00,9.500000e-01,2.500000e-01,0,8
272,1.365000,5.864999e+01,2.118372e+01,0.000000e+00,0.000000e+00,0.000000e+00,4.838358e+03,4.596440e+03,3.405809e+03,4.818130e+02,0.000000e+00,9.500000e-01,2.500000e-01,0,8
273,1.370000,6.033951e+01,2.052782e+01,0.000000e+00,0.000000e+00,0.000000e+00,4.838358e+03,4.596440e+03,3.405809e+03,4.818130e+02,0.000000e+00,9.500000e-01,2.500000e-01,0,9
274,1.375000,6.267380e+01,2.006998e+01,0.000000e+00,0.000000e+00,0.000000e+00,4.838358e+03,4.596440e+03,3.405809e+03,4.818130e+02,0.000000e+00,9.500000e-01,2.500000e-01,0,8
275,1.380000,6.164561e+01,3.923075e+01,2.056380e+01,1.953561e+01,0.000000e+00,4.858922e+03,4.615976e+03,3.425345e+03,4.818130e+02,4.864895e-01,9.500000e-01,2.500000e-01,4,9
276,1.385000,5.501542e+01,3.374307e+01,2.306153e+01,1.044830e+00,0.000000e+00,4.881983e+03,4.637884e+03,3.426389e+03,4.818130e+02,1.000000e+00,9.500000e-01,2.500000e-01,3,9
277,1.390000,4.090530e+01,3.120007e+01,1.411012e+01,0.000000e+00,0.000000e+00,4.896093e+03,4.651289e+03,3.426389e+03,4.818130e+02,0.000000e+00,9.500000e-01,2.500000e-01,0,9
278,1.395000,4.308060e+01,3.002915e+01,0.000000e+00,0.000000e+00,0.000000e+00,4.896093e+03,4.651289e+03,3.426389e+03,4.818130e+02,0.000000e+00,9.500000e-01,2.500000e-01,0,10
279,1.400000,4.428035e+01,2.920533e+01,0.000000e+00,0.000000e+00,0.000000e+00,4.896093e+03,4.651289e+03,3.426389e+03,4.818130e+02,0.000000e+00,9.500000e-01,2.500000e-01,0,8
280,1.405000,4.548607e+01,2.825807e+01,0.000000e+00,0.000000e+00,0.000000e+00,4.896093e+03,4.651289e+03,3.426389e+03,4.818130e+02,0.000000e+00,9.500000e-01,2.500000e-01,0,8
281,1.410000,4.508895e+01,3.490703e+01,7.942505e+00,7.545380e+00,0.000000e+00,4.904036e+03,4.658834e+03,3.433935e+03,4.818130e+02,2.582539e-01,9.500000e-01,2.500000e-01,4,9
282,1.415000,3.480601e+01,3.348681e+01,1.028294e+01,0.000000e+00,0.000000e+00,4.914319e+03,4.668603e+03,3.433935e+03,4.818130e+02,0.000000e+00,9.500000e-01,2.500000e-01,0,9
283,1.420000,3.553092e+01,3.249541e+01,0.000000e+00,0.000000e+00,0.000000e+00,4.914319e+03,4.668603e+03,3.433935e+03,4.818130e+02,0.000000e+00,9.500000e-01,2.500000e-01,0,10
284,1.425000,3.546281e+01,3.228971e+01,1.362256e+00,8.616819e-01,0.000000e+00,4.915681e+03,4.669897e+03,3.434796e+03,4.818130e+02,1.000000e+00,9.500000e-01,2.500000e-01,4,11
285,1.430000,3.436210e+01,3.130229e+01,1.100710e+00,0.000000e+00,0.000000e+00,4.916782e+03,4.670943e+03,3.434796e+03,4.818130e+02,0.000000e+00,9.500000e-01,2.500000e-01,0,9
286,1.435000,3.549295e+01,3.069833e+01,0.000000e+00,0.000000e+00,0.000000e+00,4.916782e+03,4.670943e+03,3.434796e+03,4.818130e+02,0.000000e+00,9.500000e-01,2.500000e-01,0,9
287,1.440000,3.556480e+01,2.975432e+01,3.831778e-01,0.000000e+00,2.050020e-01,4.917165e+03,4.671307e+03,3.434796e+03,4.820180e+02,1.000000e+00,9.500000e-01,2.500000e-01,5,10
288,1.445000,3.562450e+01,2.879594e+01,0.000000e+00,0.000000e+00,0.000000e+00,4.917165e+03,4.671307e+03,3.434796e+03,4.820180e+02,0.000000e+00,9.500000e-01,2.500000e-01,0,10
289,1.450000,3.680692e+01,2.814760e+01,0.000000e+00,0.000000e+00,0.000000e+00,4.917165e+03,4.671307e+03,3.434796e+03,4.820180e+02,0.000000e+00,9.500000e-01,2.500000e-01,0,10
290,1.455000,3.768299e+01,2.766555e+01,0.000000e+00,0.000000e+00,0.000000e+00,4.917165e+03,4.671307e+03,3.434796e+03,4.820180e+02,0.000000e+00,9.500000e-01,2.500000e-01,0,10
291,1.460000,3.847348e+01,2.697027e+01,0.000000e+00,0.000000e+00,0.000000e+00,4.917165e+03,4.671307e+03,3.434796e+03,4.820180e+02,0.000000e+00,9.500000e-01,2.500000e-01,0,12
292,1.465000,3.942702e+01,2.621523e+01,0.000000e+00,0.000000e+00,0.000000e+00,4.917165e+03,4.671307e+03,3.434796e+03,4.820180e+02,0.000000e+00,9.500000e-01,2.500000e-01,0,11
293,1.470000,4.052798e+01,2.572736e+01,0.000000e+00,0.000000e+00,0.000000e+00,4.917165e+03,4.671307e+03,3.434796e+03,4.820180e+02,0.000000e+00,9.500000e-01,2.500000e-01,0,10
294,1.475000,4.051511e+01,2.553996e+01,2.573608e-01,2.444928e-01,0.000000e+00,4.917422e+03,4.671551e+03,3.435041e+03,4.820180e+02,4.906873e-01,9.500000e-01,2.500000e-01,4,11
295,1.480000,4.065875e+01,2.487248e+01,0.000000e+00,0.000000e+00,0.000000e+00,4.917422e+03,4.671551e+03,3.435041e+03,4.820180e+02,0.000000e+00,9.500000e-01,2.500000e-01,0,12
296,1.485000,4.069773e+01,2.155875e+01,2.078829e-01,0.000000e+00,2.667423e+00,4.917630e+03,4.671749e+03,3.435041e+03,4.846854e+02,1.000000e+00,9.500000e-01,2.500000e-01,5,14
297,1.490000,4.078887e+01,2.024677e+01,4.860801e-01,4.617761e-01,0.000000e+00,4.918116e+03,4.672210e+03,3.435503e+03,4.846854e+02,1.775682e-01,9.500000e-01,2.500000e-01,5,13
298,1.495000,4.120875e+01,1.957991e+01,0.000000e+00,0.000000e+00,0.000000e+00,4.918116e+03,4.672210e+03,3.435503e+03,4.846854e+02,0.000000e+00,9.500000e-01,2.500000e-01,0,11
299,1.500000,4.213954e+01,1.893179e+01,0.000000e+00,0.000000e+00,0.000000e+00,4.918116e+03,4.672210e+03,3.435503e+03,4.846854e+02,0.000000e+00,9.500000e-01,2.500000e-01,0,12
300,1.505000,4.244955e+01,1.971217e+01,1.653363e+00,1.351449e+00,0.000000e+00,4.919770e+03,4.673781e+03,3.436854e+03,4.846854e+02,1.000000e+00,9.500000e-01,2.500000e-01,5,13
301,1.510000,4.326067e+01,1.737597e+01,4.325971e+00,0.000000e+00,1.846228e+00,4.924096e+03,4.677891e+03,3.436854e+03,4.865317e+02,1.000000e+00,9.500000e-01,2.500000e-01,5,16
302,1.515000,4.627252e+01,1.724718e+01,4.546187e+00,3.723765e-01,0.000000e+00,4.928642e+03,4.682210e+03,3.437227e+03,4.865317e+02,1.000000e+00,9.500000e-01,2.500000e-01,7,19
303,1.520000,4.883098e+01,1.684908e+01,6.019918e+00,1.947698e-01,0.000000e+00,4.934662e+03,4.687929e+03,3.437421e+03,4.865317e+02,1.000000e+00,9.500000e-01,2.500000e-01,6,21
304,1.525000,5.247148e+01,1.470488e+01,5.495094e+00,0.000000e+00,1.662835e+00,4.940157e+03,4.693149e+03,3.437421e+03,4.881945e+02,1.000000e+00,9.500000e-01,2.500000e-01,7,19
305,1.530000,5.464785e+01,1.748792e+01,5.120864e+00,3.362848e+00,0.000000e+00,4.945278e+03,4.698014e+03,3.440784e+03,4.881945e+02,1.000000e+00,9.500000e-01,2.500000e-01,6,21
306,1.535000,5.570996e+01,1.774628e+01,2.499088e+00,8.932104e-01,0.000000e+00,4.947777e+03,4.700388e+03,3.441677e+03,4.881945e+02,1.000000e+00,9.500000e-01,2.500000e-01,6,20
307,1.540000,5.641968e+01,1.530243e+01,0.000000e+00,0.000000e+00,4.794998e-01,4.947777e+03,4.700388e+03,3.441677e+03,4.886740e+02,1.000000e+00,9.500000e-01,2.500000e-01,0,22
308,1.545000,5.677722e+01,1.461292e+01,0.000000e+00,0.000000e+00,0.000000e+00,4.947777e+03,4.700388e+03,3.441677e+03,4.886740e+02,0.000000e+00,9.500000e-01,2.500000e-01,0,23
309,1.550000,5.626293e+01,1.416179e+01,5.142858e-01,0.000000e+00,0.000000e+00,4.948291e+03,4.700876e+03,3.441677e+03,4.886740e+02,0.000000e+00,9.500000e-01,2.500000e-01,0,20
310,1.555000,5.559085e+01,1.366567e+01,6.720750e-01,0.000000e+00,0.000000e+00,4.948963e+03,4.701515e+03,3.441677e+03,4.886740e+02,0.000000e+00,9.500000e-01,2.500000e-01,0,19
311,1.560000,5.524894e+01,1.318824e+01,3.419101e-01,0.000000e+00,0.000000e+00,4.949305e+03,4.701840e+03,3.441677e+03,4.886740e+02,0.000000e+00,9.500000e-01,2.500000e-01,0,18
312,1.565000,5.522854e+01,1.287410e+01,2.040285e-02,0.000000e+00,0.000000e+00,4.949325e+03,4.701859e+03,3.441677e+03,4.886740e+02,0.000000e+00,9.500000e-01,2.500000e-01,0,12
313,1.570000,5.540322e+01,1.258092e+01,0.000000e+00,0.000000e+00,0.000000e+00,4.949325e+03,4.701859e+03,3.441677e+03,4.886740e+02,0.000000e+00,9.500000e-01,2.500000e-01,0,10
314,1.575000,5.569523e+01,1.219003e+01,0.000000e+00,0.000000e+00,0.000000e+00,4.949325e+03,4.701859e+03,3.441677e+03,4.886740e+02,0.000000e+00,9.500000e-01,2.500000e-01,0,6
315,1.580000,5.482508e+01,1.181491e+01,3.026593e+00,0.000000e+00,2.842202e-02,4.952352e+03,4.704734e+03,3.441677e+03,4.887024e+02,1.000000e+00,9.500000e-01,2.500000e-01,3,7
316,1.585000,5.008624e+01,8.812184e+00,4.738839e+00,0.000000e+00,0.000000e+00,4.957091e+03,4.709236e+03,3.441677e+03,4.887024e+02,0.000000e+00,9.500000e-01,2.500000e-01,0,7
317,1.590000,5.001248e+01,6.666821e+00,2.565649e-01,0.000000e+00,1.468223e+00,4.957347e+03,4.709480e+03,3.441677e+03,4.901706e+02,1.000000e+00,9.500000e-01,2.500000e-01,3,8
318,1.595000,4.983170e+01,6.154096e+00,1.807759e-01,0.000000e+00,0.000000e+00,4.957528e+03,4.709652e+03,3.441677e+03,4.901706e+02,0.000000e+00,9.500000e-01,2.500000e-01,0,8
319,1.600000,4.992853e+01,5.810302e+00,0.000000e+00,0.000000e+00,0.000000e+00,4.957528e+03,4.709652e+03,3.441677e+03,4.901706e+02,0.000000e+00,9.500000e-01,2.500000e-01,0,10
320,1.605000,4.971131e+01,5.570514e+00,2.172238e-01,0.000000e+00,0.000000e+00,4.957745e+03,4.709858e+03,3.441677e+03,4.901706e+02,0.000000e+00,9.500000e-01,2.500000e-01,0,10
321,1.610000,4.958978e+01,5.564937e+00,2.430451e+00,2.048251e-01,0.000000e+00,4.960176e+03,4.712167e+03,3.441882e+03,4.901706e+02,1.000000e+00,9.500000e-01,2.500000e-01,4,15
322,1.615000,4.774660e+01,5.307784e+00,1.843186e+00,0.000000e+00,0.000000e+00,4.962019e+03,4.713918e+03,3.441882e+03,4.901706e+02,0.000000e+00,9.500000e-01,2.500000e-01,0,13
323,1.620000,4.836305e+01,5.106816e+00,0.000000e+00,0.000000e+00,0.000000e+00,4.962019e+03,4.713918e+03,3.441882e+03,4.901706e+02,0.000000e+00,9.500000e-01,2.500000e-01,0,10
324,1.625000,4.551418e+01,7.503410e+00,1.116419e+01,2.535235e+00,0.000000e+00,4.973183e+03,4.724524e+03,3.444417e+03,4.901706e+02,1.000000e+00,9.500000e-01,2.500000e-01,5,13
325,1.630000,1.248981e+01,9.380364e+00,4.122319e+01,2.728102e+00,0.000000e+00,5.014406e+03,4.763686e+03,3.447146e+03,4.901706e+02,1.000000e+00,9.500000e-01,2.500000e-01,5,17
326,1.635000,1.303826e+01,6.194029e+00,7.434514e+00,0.000000e+00,3.650227e-01,5.021841e+03,4.770749e+03,3.447146e+03,4.905357e+02,1.000000e+00,9.500000e-01,2.500000e-01,6,19
327,1.640000,1.827741e+01,7.384779e+00,5.821273e+00,2.062802e+00,0.000000e+00,5.027662e+03,4.776279e+03,3.449208e+03,4.905357e+02,1.000000e+00,9.500000e-01,2.500000e-01,8,18
328,1.645000,2.022497e+01,6.412348e+00,8.556883e+00,0.000000e+00,1.912563e-01,5.036219e+03,4.784408e+03,3.449208e+03,4.907269e+02,1.000000e+00,9.500000e-01,2.500000e-01,7,19
329,1.650000,2.570065e+01,9.254952e+00,6.084095e+00,3.252413e+00,0.000000e+00,5.042303e+03,4.790188e+03,3.452461e+03,4.907269e+02,1.000000e+00,9.500000e-01,2.500000e-01,8,20
330,1.655000,2.686521e+01,9.436154e+00,6.210971e+00,2.129923e+00,0.000000e+00,5.048514e+03,4.796088e+03,3.454591e+03,4.907269e+02,1.000000e+00,9.500000e-01,2.500000e-01,5,22
331,1.660000,2.797751e+01,7.224906e+00,1.235882e+00,0.000000e+00,1.364196e+00,5.049750e+03,4.797263e+03,3.454591e+03,4.920911e+02,1.000000e+00,9.500000e-01,2.500000e-01,8,23
332,1.665000,3.370961e+01,6.207513e+00,0.000000e+00,0.000000e+00,0.000000e+00,5.049750e+03,4.797263e+03,3.454591e+03,4.920911e+02,0.000000e+00,9.500000e-01,2.500000e-01,0,23
333,1.670000,3.697708e+01,5.721761e+00,0.000000e+00,0.000000e+00,0.000000e+00,5.049750e+03,4.797263e+03,3.454591e+03,4.920911e+02,0.000000e+00,9.500000e-01,2.500000e-01,0,21
334,1.675000,3.479450e+01,5.424012e+00,2.182575e+00,0.000000e+00,0.000000e+00,5.051933e+03,4.799336e+03,3.454591e+03,4.920911e+02,0.000000e+00,9.500000e-01,2.500000e-01,0,17
335,1.680000,3.223045e+01,5.227285e+00,2.564051e+00,0.000000e+00,0.000000e+00,5.054497e+03,4.801772e+03,3.454591e+03,4.920911e+02,0.000000e+00,9.500000e-01,2.500000e-01,0,15
336,1.685000,3.009826e+01,5.044988e+00,2.132189e+00,0.000000e+00,0.000000e+00,5.056629e+03,4.803797e+03,3.454591e+03,4.920911e+02,0.000000e+00,9.500000e-01,2.500000e-01,0,13
337,1.690000,3.126514e+01,4.832931e+00,1.761331e+00,0.000000e+00,2.252708e-02,5.058390e+03,4.805471e+03,3.454591e+03,4.921136e+02,1.000000e+00,9.500000e-01,2.500000e-01,7,12
338,1.695000,2.984697e+01,1.429347e+01,1.967289e+01,9.608274e+00,0.000000e+00,5.078063e+03,4.824160e+03,3.464199e+03,4.921136e+02,1.000000e+00,9.500000e-01,2.500000e-01,6,13
339,1.700000,2.618004e+01,1.121070e+01,1.762033e+01,0.000000e+00,9.591082e-01,5.095683e+03,4.840899e+03,3.464199e+03,4.930727e+02,1.000000e+00,9.500000e-01,2.500000e-01,6,16
340,1.705000,2.827687e+01,1.026682e+01,1.171355e+01,9.645567e-01,0.000000e+00,5.107397e+03,4.852027e+03,3.465164e+03,4.930727e+02,1.000000e+00,9.500000e-01,2.500000e-01,6,16
341,1.710000,3.211331e+01,1.069309e+01,9.026904e+00,1.486168e+00,0.000000e+00,5.116424e+03,4.860603e+03,3.466650e+03,4.930727e+02,1.000000e+00,9.500000e-01,2.500000e-01,6,18
342,1.715000,3.498647e+01,9.119062e+00,6.760381e+00,0.000000e+00,5.170793e-01,5.123184e+03,4.867025e+03,3.466650e+03,4.935898e+02,1.000000e+00,9.500000e-01,2.500000e-01,6,18
343,1.720000,3.557876e+01,8.752191e+00,1.393633e+00,1.005952e+00,0.000000e+00,5.124578e+03,4.868349e+03,3.467656e+03,4.935898e+02,1.000000e+00,9.500000e-01,2.500000e-01,6,21
344,1.725000,4.315934e+01,7.722370e+00,0.000000e+00,0.000000e+00,1.637730e-01,5.124578e+03,4.868349e+03,3.467656e+03,4.937536e+02,1.000000e+00,9.500000e-01,2.500000e-01,0,21
345,1.730000,5.103345e+01,7.252555e+00,0.000000e+00,0.000000e+00,0.000000e+00,5.124578e+03,4.868349e+03,3.467656e+03,4.937536e+02,0.000000e+00,9.500000e-01,2.500000e-01,0,19
346,1.735000,4.832178e+01,6.957587e+00,2.711674e+00,0.000000e+00,0.000000e+00,5.127290e+03,4.870925e+03,3.467656e+03,4.937536e+02,0.000000e+00,9.500000e-01,2.500000e-01,0,17
347,1.740000,4.506249e+01,6.708059e+00,3.259285e+00,0.000000e+00,0.000000e+00,5.130549e+03,4.874021e+03,3.467656e+03,4.937536e+02,0.000000e+00,9.500000e-01,2.500000e-01,0,15
348,1.745000,4.223507e+01,6.419907e+00,2.827426e+00,0.000000e+00,0.000000e+00,5.133376e+03,4.876707e+03,3.467656e+03,4.937536e+02,0.000000e+00,9.500000e-01,2.500000e-01,0,12
349,1.750000,3.983950e+01,6.168256e+00,2.395566e+00,0.000000e+00,0.000000e+00,5.135772e+03,4.878983e+03,3.467656e+03,4.937536e+02,0.000000e+00,9.500000e-01,2.500000e-01,0,7
350,1.755000,3.787579e+01,5.995588e+00,1.963707e+00,0.000000e+00,0.000000e+00,5.137736e+03,4.880849e+03,3.467656e+03,4.937536e+02,0.000000e+00,9.500000e-01,2.500000e-01,0,3
351,1.760000,3.634395e+01,5.814642e+00,1.531847e+00,0.000000e+00,0.000000e+00,5.139267e+03,4.882304e+03,3.467656e+03,4.937536e+02,0.000000e+00,9.500000e-01,2.500000e-01,0,1
352,1.765000,3.536213e+01,6.166630e+00,1.287628e+00,5.676724e-01,0.000000e+00,5.140555e+03,4.883527e+03,3.468223e+03,4.937536e+02,1.000000e+00,9.500000e-01,2.500000e-01,1,2
353,1.770000,3.106763e+01,5.889701e+00,4.294497e+00,0.000000e+00,0.000000e+00,5.144849e+03,4.887607e+03,3.468223e+03,4.937536e+02,0.000000e+00,9.500000e-01,2.500000e-01,0,2
354,1.775000,2.696167e+01,1.084639e+01,5.384866e+00,5.115623e+00,0.000000e+00,5.150234e+03,4.892723e+03,3.473339e+03,4.937536e+02,4.317911e-01,9.500000e-01,2.500000e-01,1,4
355,1.780000,2.413967e+01,1.007627e+01,5.375239e+00,6.169488e-02,0.000000e+00,5.155610e+03,4.897829e+03,3.473401e+03,4.937536e+02,1.000000e+00,9.500000e-01,2.500000e-01,2,5
356,1.785000,2.022292e+01,9.204357e+00,3.916755e+00,0.000000e+00,0.000000e+00,5.159526e+03,4.901550e+03,3.473401e+03,4.937536e+02,0.000000e+00,9.500000e-01,2.500000e-01,0,4
357,1.790000,1.945153e+01,9.219509e+00,1.469311e+00,4.810057e-01,0.000000e+00,5.160996e+03,4.902946e+03,3.473882e+03,4.937536e+02,1.000000e+00,9.500000e-01,2.500000e-01,2,5
358,1.795000,1.750056e+01,8.855007e+00,1.950963e+00,0.000000e+00,0.000000e+00,5.162947e+03,4.904799e+03,3.473882e+03,4.937536e+02,0.000000e+00,9.500000e-01,2.500000e-01,0,5
359,1.800000,1.700190e+01,8.508569e+00,4.986605e-01,0.000000e+00,0.000000e+00,5.163445e+03,4.905273e+03,3.473882e+03,4.937536e+02,0.000000e+00,9.500000e-01,2.500000e-01,0,5
360,1.805000,1.613886e+01,8.232048e+00,8.630397e-01,0.000000e+00,0.000000e+00,5.164308e+03,4.906093e+03,3.473882e+03,4.937536e+02,0.000000e+00,9.500000e-01,2.500000e-01,0,5
361,1.810000,1.529359e+01,8.059310e+00,8.452738e-01,0.000000e+00,0.000000e+00,5.165154e+03,4.906896e+03,3.473882e+03,4.937536e+02,0.000000e+00,9.500000e-01,2.500000e-01,0,5
362,1.815000,1.461330e+01,7.884751e+00,6.802934e-01,0.000000e+00,0.000000e+00,5.165834e+03,4.907542e+03,3.473882e+03,4.937536e+02,0.000000e+00,9.500000e-01,2.500000e-01,0,5
363,1.820000,1.432682e+01,8.496989e+00,9.964551e-01,8.436014e-01,0.000000e+00,5.166830e+03,4.908489e+03,3.474725e+03,4.937536e+02,1.000000e+00,9.500000e-01,2.500000e-01,3,7
364,1.825000,1.424323e+01,8.118548e+00,1.671666e+00,0.000000e+00,8.833898e-02,5.168502e+03,4.910077e+03,3.474725e+03,4.938419e+02,1.000000e+00,9.500000e-01,2.500000e-01,4,8
365,1.830000,1.413080e+01,8.196795e+00,2.248694e+00,2.540600e-01,0.000000e+00,5.170751e+03,4.912213e+03,3.474979e+03,4.938419e+02,1.000000e+00,9.500000e-01,2.500000e-01,4,10
366,1.835000,1.403684e+01,7.930582e+00,1.879204e+00,0.000000e+00,4.295817e-02,5.172630e+03,4.913998e+03,3.474979e+03,4.938849e+02,1.000000e+00,9.500000e-01,2.500000e-01,4,9
367,1.840000,1.397550e+01,7.610515e+00,1.226767e+00,0.000000e+00,6.989122e-02,5.173857e+03,4.915164e+03,3.474979e+03,4.939548e+02,1.000000e+00,9.500000e-01,2.500000e-01,4,9
368,1.845000,1.396603e+01,7.625658e+00,1.894206e-01,1.799495e-01,0.000000e+00,5.174046e+03,4.915344e+03,3.475159e+03,4.939548e+02,1.546494e-01,9.500000e-01,2.500000e-01,4,8
369,1.850000,1.414349e+01,7.439371e+00,0.000000e+00,0.000000e+00,5.684151e-02,5.174046e+03,4.915344e+03,3.475159e+03,4.940116e+02,1.000000e+00,9.500000e-01,2.500000e-01,0,8
370,1.855000,1.498288e+01,7.252922e+00,0.000000e+00,0.000000e+00,0.000000e+00,5.174046e+03,4.915344e+03,3.475159e+03,4.940116e+02,0.000000e+00,9.500000e-01,2.500000e-01,0,8
371,1.860000,1.507490e+01,7.057836e+00,0.000000e+00,0.000000e+00,0.000000e+00,5.174046e+03,4.915344e+03,3.475159e+03,4.940116e+02,0.000000e+00,9.500000e-01,2.500000e-01,0,8
372,1.865000,1.503867e+01,6.936273e+00,3.622474e-02,0.000000e+00,0.000000e+00,5.174082e+03,4.915378e+03,3.475159e+03,4.940116e+02,0.000000e+00,9.500000e-01,2.500000e-01,0,8
373,1.870000,1.516629e+01,6.821344e+00,0.000000e+00,0.000000e+00,0.000000e+00,5.174082e+03,4.915378e+03,3.475159e+03,4.940116e+02,0.000000e+00,9.500000e-01,2.500000e-01,0,8
374,1.875000,1.548213e+01,6.644181e+00,0.000000e+00,0.000000e+00,0.000000e+00,5.174082e+03,4.915378e+03,3.475159e+03,4.940116e+02,0.000000e+00,9.500000e-01,2.500000e-01,0,7
375,1.880000,1.595707e+01,6.480065e+00,0.000000e+00,0.000000e+00,0.000000e+00,5.174082e+03,4.915378e+03,3.475159e+03,4.940116e+02,0.000000e+00,9.500000e-01,2.500000e-01,0,4
376,1.885000,1.573928e+01,6.774996e+00,4.148532e-01,3.941105e-01,0.000000e+00,5.174497e+03,4.915772e+03,3.475553e+03,4.940116e+02,1.060595e-01,9.500000e-01,2.500000e-01,2,7
377,1.890000,1.155309e+01,1.154978e+01,1.023698e+01,4.901259e+00,0.000000e+00,5.184734e+03,4.925497e+03,3.480455e+03,4.940116e+02,1.000000e+00,9.500000e-01,2.500000e-01,3,8
378,1.895000,5.564174e+00,8.067732e+00,5.988916e+00,0.000000e+00,0.000000e+00,5.190723e+03,4.931187e+03,3.480455e+03,4.940116e+02,0.000000e+00,9.500000e-01,2.500000e-01,0,7
379,1.900000,6.041729e+00,6.772683e+00,0.000000e+00,0.000000e+00,0.000000e+00,5.190723e+03,4.931187e+03,3.480455e+03,4.940116e+02,0.000000e+00,9.500000e-01,2.500000e-01,0,7
380,1.905000,6.235546e+00,6.017965e+00,0.000000e+00,0.000000e+00,0.000000e+00,5.190723e+03,4.931187e+03,3.480455e+03,4.940116e+02,0.000000e+00,9.500000e-01,2.500000e-01,0,7
381,1.910000,6.345327e+00,5.495824e+00,0.000000e+00,0.000000e+00,0.000000e+00,5.190723e+03,4.931187e+03,3.480455e+03,4.940116e+02,0.000000e+00,9.500000e-01,2.500000e-01,0,7
382,1.915000,6.506908e+00,5.114372e+00,0.000000e+00,0.000000e+00,0.000000e+00,5.190723e+03,4.931187e+03,3.480455e+03,4.940116e+02,0.000000e+00,9.500000e-01,2.500000e-01,0,6
383,1.920000,6.638214e+00,3.906272e+00,0.000000e+00,0.000000e+00,9.483287e-01,5.190723e+03,4.931187e+03,3.480455e+03,4.949600e+02,1.000000e+00,9.500000e-01,2.500000e-01,0,7
384,1.925000,6.579560e+00,4.772492e+00,1.173072e+00,1.114419e+00,0.000000e+00,5.191896e+03,4.932301e+03,3.481569e+03,4.949600e+02,7.520611e-01,9.500000e-01,2.500000e-01,4,8
385,1.930000,5.539956e+00,4.377639e+00,1.039604e+00,0.000000e+00,0.000000e+00,5.192936e+03,4.933289e+03,3.481569e+03,4.949600e+02,0.000000e+00,9.500000e-01,2.500000e-01,0,7
386,1.935000,5.958657e+00,4.151768e+00,0.000000e+00,0.000000e+00,0.000000e+00,5.192936e+03,4.933289e+03,3.481569e+03,4.949600e+02,0.000000e+00,9.500000e-01,2.500000e-01,0,7
387,1.940000,5.966820e+00,4.005342e+00,0.000000e+00,0.000000e+00,0.000000e+00,5.192936e+03,4.933289e+03,3.481569e+03,4.949600e+02,0.000000e+00,9.500000e-01,2.500000e-01,0,9
388,1.945000,6.326551e+00,3.863117e+00,0.000000e+00,0.000000e+00,0.000000e+00,5.192936e+03,4.933289e+03,3.481569e+03,4.949600e+02,0.000000e+00,9.500000e-01,2.500000e-01,0,9
389,1.950000,6.756796e+00,3.716176e+00,0.000000e+00,0.000000e+00,0.000000e+00,5.192936e+03,4.933289e+03,3.481569e+03,4.949600e+02,0.000000e+00,9.500000e-01,2.500000e-01,0,9
390,1.955000,7.264915e+00,3.603777e+00,0.000000e+00,0.000000e+00,0.000000e+00,5.192936e+03,4.933289e+03,3.481569e+03,4.949600e+02,0.000000e+00,9.500000e-01,2.500000e-01,0,9
391,1.960000,7.850617e+00,3.519569e+00,0.000000e+00,0.000000e+00,0.000000e+00,5.192936e+03,4.933289e+03,3.481569e+03,4.949600e+02,0.000000e+00,9.500000e-01,2.500000e-01,0,8
392,1.965000,8.512429e+00,3.419412e+00,0.000000e+00,0.000000e+00,0.000000e+00,5.192936e+03,4.933289e+03,3.481569e+03,4.949600e+02,0.000000e+00,9.500000e-01,2.500000e-01,0,8
393,1.970000,9.197429e+00,3.309820e+00,0.000000e+00,0.000000e+00,0.000000e+00,5.192936e+03,4.933289e+03,3.481569e+03,4.949600e+02,0.000000e+00,9.500000e-01,2.500000e-01,0,10
394,1.975000,1.000319e+01,3.229090e+00,0.000000e+00,0.000000e+00,0.000000e+00,5.192936e+03,4.933289e+03,3.481569e+03,4.949600e+02,0.000000e+00,9.500000e-01,2.500000e-01,0,10
395,1.980000,1.085011e+01,3.163906e+00,0.000000e+00,0.000000e+00,0.000000e+00,5.192936e+03,4.933289e+03,3.481569e+03,4.949600e+02,0.000000e+00,9.500000e-01,2.500000e-01,0,11
396,1.985000,1.180526e+01,3.077470e+00,0.000000e+00,0.000000e+00,0.000000e+00,5.192936e+03,4.933289e+03,3.481569e+03,4.949600e+02,0.000000e+00,9.500000e-01,2.500000e-01,0,11
397,1.990000,1.284205e+01,2.986979e+00,0.000000e+00,0.000000e+00,0.000000e+00,5.192936e+03,4.933289e+03,3.481569e+03,4.949600e+02,0.000000e+00,9.500000e-01,2.500000e-01,0,10
398,1.995000,1.396370e+01,2.925010e+00,0.000000e+00,0.000000e+00,0.000000e+00,5.192936e+03,4.933289e+03,3.481569e+03,4.949600e+02,0.000000e+00,9.500000e-01,2.500000e-01,0,9
399,2.000000,1.517109e+01,2.858617e+00,0.000000e+00,0.000000e+00,1.018319e-02,5.192936e+03,4.933289e+03,3.481569e+03,4.949701e+02,1.000000e+00,9.500000e-01,2.500000e-01,0,10
400,2.005000,1.646917e+01,2.779582e+00,0.000000e+00,0.000000e+00,0.000000e+00,5.192936e+03,4.933289e+03,3.481569e+03,4.949701e+02,0.000000e+00,9.500000e-01,2.500000e-01,0,10
401,2.010000,1.726175e+01,2.704467e+00,0.000000e+00,0.000000e+00,0.000000e+00,5.192936e+03,4.933289e+03,3.481569e+03,4.949701e+02,0.000000e+00,9.500000e-01,2.500000e-01,0,10
402,2.015000,1.692054e+01,5.334560e+00,2.819229e+00,2.678267e+00,0.000000e+00,5.195755e+03,4.935967e+03,3.484247e+03,4.949701e+02,8.725762e-01,9.500000e-01,2.500000e-01,5,11
403,2.020000,1.582047e+01,1.087472e+01,9.360323e+00,8.892307e+00,0.000000e+00,5.205115e+03,4.944860e+03,3.493140e+03,4.949701e+02,6.660939e-01,9.500000e-01,2.500000e-01,5,12
404,2.025000,1.279935e+01,7.976538e+00,9.237929e+00,1.368336e+00,0.000000e+00,5.214353e+03,4.953636e+03,3.494508e+03,4.949701e+02,1.000000e+00,9.500000e-01,2.500000e-01,4,13
405,2.030000,1.639815e+01,6.085123e+00,5.432151e+00,0.000000e+00,1.316786e-01,5.219785e+03,4.958796e+03,3.494508e+03,4.951018e+02,1.000000e+00,9.500000e-01,2.500000e-01,7,15
406,2.035000,2.209673e+01,7.309627e+00,7.112659e+00,2.078177e+00,0.000000e+00,5.226898e+03,4.965553e+03,3.496586e+03,4.951018e+02,1.000000e+00,9.500000e-01,2.500000e-01,8,18
407,2.040000,2.142322e+01,6.685772e+00,9.743418e+00,2.801517e-01,0.000000e+00,5.236641e+03,4.974809e+03,3.496866e+03,4.951018e+02,1.000000e+00,9.500000e-01,2.500000e-01,6,18
408,2.045000,2.600405e+01,7.615361e+00,5.089817e+00,1.568758e+00,0.000000e+00,5.241731e+03,4.979645e+03,3.498435e+03,4.951018e+02,1.000000e+00,9.500000e-01,2.500000e-01,8,19
409,2.050000,2.714455e+01,6.688989e+00,6.082639e+00,8.318257e-01,0.000000e+00,5.247814e+03,4.985423e+03,3.499267e+03,4.951018e+02,1.000000e+00,9.500000e-01,2.500000e-01,5,22
410,2.055000,2.840348e+01,4.710386e+00,1.398818e+00,0.000000e+00,1.136172e+00,5.249213e+03,4.986752e+03,3.499267e+03,4.962380e+02,1.000000e+00,9.500000e-01,2.500000e-01,8,18
411,2.060000,3.020063e+01,4.178891e+00,0.000000e+00,0.000000e+00,0.000000e+00,5.249213e+03,4.986752e+03,3.499267e+03,4.962380e+02,1.705280e-01,9.500000e-01,2.500000e-01,0,23
412,2.065000,3.185965e+01,3.866459e+00,0.000000e+00,0.000000e+00,0.000000e+00,5.249213e+03,4.986752e+03,3.499267e+03,4.962380e+02,0.000000e+00,9.500000e-01,2.500000e-01,0,23
413,2.070000,2.966087e+01,3.611225e+00,2.198773e+00,0.000000e+00,0.000000e+00,5.251411e+03,4.988841e+03,3.499267e+03,4.962380e+02,0.000000e+00,9.500000e-01,2.500000e-01,0,20
414,2.075000,2.761163e+01,3.395023e+00,2.049244e+00,0.000000e+00,0.000000e+00,5.253461e+03,4.990788e+03,3.499267e+03,4.962380e+02,0.000000e+00,9.500000e-01,2.500000e-01,0,20
415,2.080000,3.004180e+01,3.205274e+00,1.767400e+00,0.000000e+00,7.480084e-03,5.255228e+03,4.992467e+03,3.499267e+03,4.962455e+02,1.000000e+00,9.500000e-01,2.500000e-01,10,16
416,2.085000,1.532982e+01,2.664493e+00,1.772837e+01,0.000000e+00,3.682986e-01,5.272957e+03,5.009309e+03,3.499267e+03,4.966138e+02,1.000000e+00,9.500000e-01,2.500000e-01,5,19
417,2.090000,1.467927e+01,2.413113e+00,6.505582e-01,0.000000e+00,0.000000e+00,5.273607e+03,5.009927e+03,3.499267e+03,4.966138e+02,0.000000e+00,9.500000e-01,2.500000e-01,0,19
418,2.095000,1.578139e+01,2.280321e+00,0.000000e+00,0.000000e+00,0.000000e+00,5.273607e+03,5.009927e+03,3.499267e+03,4.966138e+02,0.000000e+00,9.500000e-01,2.500000e-01,0,19
419,2.100000,1.528181e+01,2.177250e+00,4.995785e-01,0.000000e+00,0.000000e+00,5.274107e+03,5.010401e+03,3.499267e+03,4.966138e+02,0.000000e+00,9.500000e-01,2.500000e-01,0,19
420,2.105000,1.586019e+01,2.079875e+00,4.206411e-01,7.949899e-03,0.000000e+00,5.274527e+03,5.010801e+03,3.499275e+03,4.966138e+02,1.000000e+00,9.500000e-01,2.500000e-01,10,19
421,2.110000,1.582577e+01,1.977602e+00,4.799279e+00,0.000000e+00,1.335028e-02,5.279327e+03,5.015360e+03,3.499275e+03,4.966271e+02,1.000000e+00,9.500000e-01,2.500000e-01,10,20
422,2.115000,1.771598e+01,2.025289e+00,2.967505e+00,1.193460e-01,0.000000e+00,5.282294e+03,5.018179e+03,3.499394e+03,4.966271e+02,1.000000e+00,9.500000e-01,2.500000e-01,10,20
423,2.120000,2.010843e+01,1.924126e+00,1.739962e+00,0.000000e+00,1.895911e-02,5.284034e+03,5.019832e+03,3.499394e+03,4.966461e+02,1.000000e+00,9.500000e-01,2.500000e-01,10,26
424,2.125000,2.056980e+01,1.699332e+00,0.000000e+00,0.000000e+00,1.372104e-01,5.284034e+03,5.019832e+03,3.499394e+03,4.967833e+02,1.000000e+00,9.500000e-01,2.500000e-01,0,26
425,2.130000,2.164759e+01,1.639188e+00,0.000000e+00,0.000000e+00,0.000000e+00,5.284034e+03,5.019832e+03,3.499394e+03,4.967833e+02,0.000000e+00,9.500000e-01,2.500000e-01,0,25
426,2.135000,2.099446e+01,1.594111e+00,6.531243e-01,0.000000e+00,0.000000e+00,5.284687e+03,5.020453e+03,3.499394e+03,4.967833e+02,0.000000e+00,9.500000e-01,2.500000e-01,0,23
427,2.140000,2.038843e+01,1.538741e+00,6.060385e-01,0.000000e+00,0.000000e+00,5.285293e+03,5.021029e+03,3.499394e+03,4.967833e+02,0.000000e+00,9.500000e-01,2.500000e-01,0,19
428,2.145000,2.140355e+01,1.562824e+00,6.295312e-01,7.931864e-02,0.000000e+00,5.285923e+03,5.021627e+03,3.499473e+03,4.967833e+02,1.000000e+00,9.500000e-01,2.500000e-01,11,19
429,2.150000,1.629339e+01,1.399900e+00,8.159985e+00,0.000000e+00,1.170820e-01,5.294083e+03,5.029379e+03,3.499473e+03,4.969004e+02,1.000000e+00,9.500000e-01,2.500000e-01,9,18
430,2.155000,1.815875e+01,1.382616e+00,1.453325e+00,2.713470e-02,0.000000e+00,5.295536e+03,5.030759e+03,3.499501e+03,4.969004e+02,1.000000e+00,9.500000e-01,2.500000e-01,10,21
431,2.160000,1.759001e+01,1.327472e+00,5.687369e-01,0.000000e+00,0.000000e+00,5.296105e+03,5.031300e+03,3.499501e+03,4.969004e+02,0.000000e+00,9.500000e-01,2.500000e-01,0,23
432,2.165000,1.865716e+01,1.266295e+00,6.617970e-01,0.000000e+00,1.625262e-02,5.296767e+03,5.031928e+03,3.499501e+03,4.969166e+02,1.000000e+00,9.500000e-01,2.500000e-01,11,22
433,2.170000,1.868415e+01,1.017260e+00,2.381893e+00,3.580476e-02,0.000000e+00,5.299148e+03,5.034191e+03,3.499536e+03,4.969166e+02,1.000000e+00,9.500000e-01,2.500000e-01,11,26
434,2.175000,1.995516e+01,8.673054e-01,0.000000e+00,0.000000e+00,8.651761e-03,5.299148e+03,5.034191e+03,3.499536e+03,4.969253e+02,1.000000e+00,9.500000e-01,2.500000e-01,0,27
435,2.180000,2.112864e+01,7.734956e-01,0.000000e+00,0.000000e+00,0.000000e+00,5.299148e+03,5.034191e+03,3.499536e+03,4.969253e+02,0.000000e+00,9.500000e-01,2.500000e-01,0,26
436,2.185000,2.068422e+01,7.076312e-01,4.444268e-01,0.000000e+00,0.000000e+00,5.299593e+03,5.034613e+03,3.499536e+03,4.969253e+02,0.000000e+00,9.500000e-01,2.500000e-01,0,21
437,2.190000,2.149927e+01,6.126762e-01,5.054573e-01,0.000000e+00,5.311345e-02,5.300098e+03,5.035093e+03,3.499536e+03,4.969784e+02,1.000000e+00,9.500000e-01,2.500000e-01,11,19
438,2.195000,1.584902e+01,5.572427e-01,5.650240e+00,0.000000e+00,0.000000e+00,5.305749e+03,5.040461e+03,3.499536e+03,4.969784e+02,0.000000e+00,9.500000e-01,2.500000e-01,0,22
439,2.200000,1.614067e+01,5.152045e-01,0.000000e+00,0.000000e+00,0.000000e+00,5.305749e+03,5.040461e+03,3.499536e+03,4.969784e+02,6.652713e-02,9.500000e-01,2.500000e-01,0,20
440,2.205000,1.239285e+01,8.526094e-01,4.868088e+00,3.673211e-01,0.000000e+00,5.310617e+03,5.045086e+03,3.499904e+03,4.969784e+02,1.000000e+00,9.500000e-01,2.500000e-01,11,22
441,2.210000,9.901661e+00,4.073701e-01,2.491184e+00,0.000000e+00,0.000000e+00,5.313108e+03,5.047452e+03,3.499904e+03,4.969784e+02,0.000000e+00,9.500000e-01,2.500000e-01,0,23
442,2.215000,1.013791e+01,3.209947e-01,0.000000e+00,0.000000e+00,0.000000e+00,5.313108e+03,5.047452e+03,3.499904e+03,4.969784e+02,8.929675e-01,9.500000e-01,2.500000e-01,0,23
443,2.220000,1.025484e+01,2.652195e-01,6.320623e-02,0.000000e+00,4.129719e-03,5.313171e+03,5.047513e+03,3.499904e+03,4.969825e+02,1.000000e+00,9.500000e-01,2.500000e-01,12,23
444,2.225000,1.100646e+01,2.649510e+00,4.482211e+00,2.412343e+00,0.000000e+00,5.317653e+03,5.051771e+03,3.502316e+03,4.969825e+02,1.000000e+00,9.500000e-01,2.500000e-01,12,23
445,2.230000,1.002777e+01,1.673529e+00,4.788476e+00,0.000000e+00,7.108164e-02,5.322442e+03,5.056320e+03,3.502316e+03,4.970536e+02,1.000000e+00,9.500000e-01,2.500000e-01,11,28
446,2.235000,8.343649e+00,1.385377e+00,1.684123e+00,0.000000e+00,0.000000e+00,5.324126e+03,5.057920e+03,3.502316e+03,4.970536e+02,0.000000e+00,9.500000e-01,2.500000e-01,0,30
447,2.240000,8.842413e+00,1.224325e+00,0.000000e+00,0.000000e+00,0.000000e+00,5.324126e+03,5.057920e+03,3.502316e+03,4.970536e+02,0.000000e+00,9.500000e-01,2.500000e-01,0,30
448,2.245000,8.399652e+00,1.113052e+00,4.427611e-01,0.000000e+00,0.000000e+00,5.324569e+03,5.058340e+03,3.502316e+03,4.970536e+02,0.000000e+00,9.500000e-01,2.500000e-01,0,22
449,2.250000,7.977097e+00,1.033962e+00,4.225550e-01,0.000000e+00,0.000000e+00,5.324991e+03,5.058742e+03,3.502316e+03,4.970536e+02,0.000000e+00,9.500000e-01,2.500000e-01,0,21
450,2.255000,8.652264e+00,9.502727e-01,4.187083e-01,0.000000e+00,1.527581e-02,5.325410e+03,5.059139e+03,3.502316e+03,4.970689e+02,1.000000e+00,9.500000e-01,2.500000e-01,11,20
451,2.260000,4.092824e+00,8.875852e-01,4.559441e+00,0.000000e+00,0.000000e+00,5.329969e+03,5.063471e+03,3.502316e+03,4.970689e+02,0.000000e+00,9.500000e-01,2.500000e-01,0,19
452,2.265000,4.171231e+00,8.402435e-01,0.000000e+00,0.000000e+00,0.000000e+00,5.329969e+03,5.063471e+03,3.502316e+03,4.970689e+02,0.000000e+00,9.500000e-01,2.500000e-01,0,19
453,2.270000,4.071904e+00,8.020095e-01,9.932719e-02,0.000000e+00,0.000000e+00,5.330069e+03,5.063565e+03,3.502316e+03,4.970689e+02,0.000000e+00,9.500000e-01,2.500000e-01,0,19
454,2.275000,4.566076e+00,9.977940e-01,3.064633e-01,2.378332e-01,0.000000e+00,5.330375e+03,5.063856e+03,3.502554e+03,4.970689e+02,1.000000e+00,9.500000e-01,2.500000e-01,11,20
455,2.280000,3.051228e+00,8.631423e-01,1.514848e+00,0.000000e+00,0.000000e+00,5.331890e+03,5.065295e+03,3.502554e+03,4.970689e+02,0.000000e+00,9.500000e-01,2.500000e-01,0,19
456,2.285000,3.132495e+00,7.422738e-01,0.000000e+00,0.000000e+00,4.062258e-02,5.331890e+03,5.065295e+03,3.502554e+03,4.971095e+02,1.000000e+00,9.500000e-01,2.500000e-01,0,20
457,2.290000,3.471881e+00,8.934641e-01,2.104718e-01,1.999482e-01,0.000000e+00,5.332100e+03,5.065495e+03,3.502754e+03,4.971095e+02,6.532901e-01,9.500000e-01,2.500000e-01,11,24
458,2.295000,2.813545e+00,8.476033e-01,6.583359e-01,0.000000e+00,0.000000e+00,5.332759e+03,5.066121e+03,3.502754e+03,4.971095e+02,0.000000e+00,9.500000e-01,2.500000e-01,0,20
459,2.300000,2.904829e+00,8.086627e-01,0.000000e+00,0.000000e+00,0.000000e+00,5.332759e+03,5.066121e+03,3.502754e+03,4.971095e+02,0.000000e+00,9.500000e-01,2.500000e-01,0,20
460,2.305000,2.949203e+00,8.081192e-01,2.751861e-02,2.614268e-02,0.000000e+00,5.332786e+03,5.066147e+03,3.502780e+03,4.971095e+02,9.386487e-02,9.500000e-01,2.500000e-01,11,21
461,2.310000,2.861157e+00,7.840455e-01,8.804613e-02,0.000000e+00,0.000000e+00,5.332874e+03,5.066231e+03,3.502780e+03,4.971095e+02,0.000000e+00,9.500000e-01,2.500000e-01,0,19
462,2.315000,2.958340e+00,7.546037e-01,0.000000e+00,0.000000e+00,0.000000e+00,5.332874e+03,5.066231e+03,3.502780e+03,4.971095e+02,0.000000e+00,9.500000e-01,2.500000e-01,0,21
463,2.320000,2.982451e+00,7.409145e-01,1.303301e-02,1.238136e-02,0.000000e+00,5.332887e+03,5.066243e+03,3.502792e+03,4.971095e+02,4.903495e-02,9.500000e-01,2.500000e-01,12,24
464,2.325000,2.969543e+00,7.220466e-01,1.290791e-02,0.000000e+00,0.000000e+00,5.332900e+03,5.066255e+03,3.502792e+03,4.971095e+02,0.000000e+00,9.500000e-01,2.500000e-01,0,20
465,2.330000,3.070150e+00,7.020423e-01,0.000000e+00,0.000000e+00,0.000000e+00,5.332900e+03,5.066255e+03,3.502792e+03,4.971095e+02,0.000000e+00,9.500000e-01,2.500000e-01,0,22
466,2.335000,2.969769e+00,9.541673e-01,2.607491e+00,2.760561e-01,0.000000e+00,5.335508e+03,5.068732e+03,3.503068e+03,4.971095e+02,1.000000e+00,9.500000e-01,2.500000e-01,12,26
467,2.340000,6.044334e-01,8.357031e-01,2.365335e+00,0.000000e+00,0.000000e+00,5.337873e+03,5.070979e+03,3.503068e+03,4.971095e+02,0.000000e+00,9.500000e-01,2.500000e-01,0,21
468,2.345000,6.539589e-01,7.998388e-01,0.000000e+00,0.000000e+00,0.000000e+00,5.337873e+03,5.070979e+03,3.503068e+03,4.971095e+02,0.000000e+00,9.500000e-01,2.500000e-01,0,21
469,2.350000,6.344807e-01,7.708722e-01,1.947826e-02,0.000000e+00,0.000000e+00,5.337893e+03,5.070998e+03,3.503068e+03,4.971095e+02,0.000000e+00,9.500000e-01,2.500000e-01,0,21
470,2.355000,8.062512e-01,6.402255e-01,9.284894e-02,0.000000e+00,1.044460e-01,5.337985e+03,5.071086e+03,3.503068e+03,4.972139e+02,1.000000e+00,9.500000e-01,2.500000e-01,12,24
471,2.360000,1.425829e+00,6.078486e-01,3.349067e-01,2.056627e-02,0.000000e+00,5.338320e+03,5.071404e+03,3.503089e+03,4.972139e+02,1.000000e+00,9.500000e-01,2.500000e-01,12,22
472,2.365000,2.214841e+00,5.690573e-01,8.359576e-01,0.000000e+00,5.210868e-03,5.339156e+03,5.072198e+03,3.503089e+03,4.972192e+02,1.000000e+00,9.500000e-01,2.500000e-01,12,22
473,2.370000,1.076529e+00,5.416568e-01,1.138312e+00,0.000000e+00,0.000000e+00,5.340295e+03,5.073280e+03,3.503089e+03,4.972192e+02,0.000000e+00,9.500000e-01,2.500000e-01,0,22
474,2.375000,1.118278e+00,5.184964e-01,0.000000e+00,0.000000e+00,0.000000e+00,5.340295e+03,5.073280e+03,3.503089e+03,4.972192e+02,0.000000e+00,9.500000e-01,2.500000e-01,0,22
475,2.380000,1.403647e+00,4.488516e-01,1.542534e-01,0.000000e+00,5.438224e-02,5.340449e+03,5.073426e+03,3.503089e+03,4.972735e+02,1.000000e+00,9.500000e-01,2.500000e-01,12,24
476,2.385000,8.940903e-01,4.301537e-01,5.095568e-01,0.000000e+00,0.000000e+00,5.340958e+03,5.073911e+03,3.503089e+03,4.972735e+02,0.000000e+00,9.500000e-01,2.500000e-01,0,21
477,2.390000,8.934439e-01,4.136995e-01,6.463795e-04,0.000000e+00,0.000000e+00,5.340959e+03,5.073911e+03,3.503089e+03,4.972735e+02,0.000000e+00,9.500000e-01,2.500000e-01,0,21
478,2.395000,1.173420e+00,3.143054e-01,1.513386e-01,0.000000e+00,8.461098e-02,5.341110e+03,5.074055e+03,3.503089e+03,4.973581e+02,1.000000e+00,9.500000e-01,2.500000e-01,12,25
479,2.400000,6.780424e-01,2.762128e-01,4.953778e-01,0.000000e+00,0.000000e+00,5.341606e+03,5.074526e+03,3.503089e+03,4.973581e+02,0.000000e+00,9.500000e-01,2.500000e-01,0,21
480,2.405000,6.741942e-01,2.546191e-01,3.848216e-03,0.000000e+00,0.000000e+00,5.341610e+03,5.074529e+03,3.503089e+03,4.973581e+02,0.000000e+00,9.500000e-01,2.500000e-01,0,21
481,2.410000,8.802878e-01,3.455649e-01,1.114019e-01,1.058318e-01,0.000000e+00,5.341721e+03,5.074635e+03,3.503195e+03,4.973581e+02,8.698526e-01,9.500000e-01,2.500000e-01,12,25
482,2.415000,5.220400e-01,3.227219e-01,3.582478e-01,0.000000e+00,0.000000e+00,5.342079e+03,5.074975e+03,3.503195e+03,4.973581e+02,0.000000e+00,9.500000e-01,2.500000e-01,0,21
483,2.420000,5.767722e-01,2.191390e-01,2.958499e-02,0.000000e+00,8.882336e-02,5.342109e+03,5.075003e+03,3.503195e+03,4.974470e+02,1.000000e+00,9.500000e-01,2.500000e-01,12,22
484,2.425000,5.587478e-01,2.040240e-01,1.802441e-02,0.000000e+00,0.000000e+00,5.342127e+03,5.075021e+03,3.503195e+03,4.974470e+02,0.000000e+00,9.500000e-01,2.500000e-01,0,21
485,2.430000,5.971250e-01,1.692628e-01,2.074446e-02,0.000000e+00,2.470549e-02,5.342148e+03,5.075040e+03,3.503195e+03,4.974717e+02,1.000000e+00,9.500000e-01,2.500000e-01,12,24
486,2.435000,5.515771e-01,1.593349e-01,4.554790e-02,0.000000e+00,0.000000e+00,5.342193e+03,5.075084e+03,3.503195e+03,4.974717e+02,0.000000e+00,9.500000e-01,2.500000e-01,0,21
487,2.440000,5.549593e-01,1.555694e-01,1.828189e-03,1.736779e-03,0.000000e+00,5.342195e+03,5.075085e+03,3.503197e+03,4.974717e+02,3.585788e-01,9.500000e-01,2.500000e-01,12,22
488,2.445000,5.745884e-01,1.521132e-01,0.000000e+00,0.000000e+00,0.000000e+00,5.342195e+03,5.075085e+03,3.503197e+03,4.974717e+02,0.000000e+00,9.500000e-01,2.500000e-01,0,21
489,2.450000,6.571348e-01,1.902892e-01,4.461966e-02,4.238868e-02,0.000000e+00,5.342240e+03,5.075128e+03,3.503239e+03,4.974717e+02,4.781159e-01,9.500000e-01,2.500000e-01,12,24
490,2.455000,5.643067e-01,1.789753e-01,9.282806e-02,0.000000e+00,0.000000e+00,5.342332e+03,5.075216e+03,3.503239e+03,4.974717e+02,0.000000e+00,9.500000e-01,2.500000e-01,0,21
491,2.460000,5.644511e-01,1.513018e-01,0.000000e+00,0.000000e+00,2.053953e-02,5.342332e+03,5.075216e+03,3.503239e+03,4.974922e+02,1.000000e+00,9.500000e-01,2.500000e-01,0,24
492,2.465000,7.359791e-01,2.344803e-01,9.271787e-02,8.808198e-02,0.000000e+00,5.342425e+03,5.075304e+03,3.503327e+03,4.974922e+02,5.569620e-01,9.500000e-01,2.500000e-01,12,25
493,2.470000,4.477204e-01,2.237799e-01,2.882587e-01,0.000000e+00,0.000000e+00,5.342713e+03,5.075578e+03,3.503327e+03,4.974922e+02,0.000000e+00,9.500000e-01,2.500000e-01,0,21
494,2.475000,4.763244e-01,2.040522e-01,1.546163e-02,0.000000e+00,1.051883e-02,5.342729e+03,5.075592e+03,3.503327e+03,4.975027e+02,1.000000e+00,9.500000e-01,2.500000e-01,12,22
495,2.480000,4.832319e-01,1.893449e-01,0.000000e+00,0.000000e+00,0.000000e+00,5.342729e+03,5.075592e+03,3.503327e+03,4.975027e+02,0.000000e+00,9.500000e-01,2.500000e-01,0,21
496,2.485000,5.027975e-01,1.462192e-01,1.057595e-02,0.000000e+00,3.523415e-02,5.342739e+03,5.075603e+03,3.503327e+03,4.975380e+02,1.000000e+00,9.500000e-01,2.500000e-01,12,24
497,2.490000,4.731739e-01,1.379576e-01,2.962352e-02,0.000000e+00,0.000000e+00,5.342769e+03,5.075631e+03,3.503327e+03,4.975380e+02,0.000000e+00,9.500000e-01,2.500000e-01,0,22
498,2.495000,4.832063e-01,1.321127e-01,0.000000e+00,0.000000e+00,0.000000e+00,5.342769e+03,5.075631e+03,3.503327e+03,4.975380e+02,0.000000e+00,9.500000e-01,2.500000e-01,0,24
499,2.500000,6.421564e-01,1.214297e-01,8.910788e-02,0.000000e+00,6.648286e-03,5.342858e+03,5.075715e+03,3.503327e+03,4.975446e+02,1.000000e+00,9.500000e-01,2.500000e-01,12,25
500,2.505000,3.832972e-01,8.268597e-02,2.588591e-01,0.000000e+00,0.000000e+00,5.343117e+03,5.075961e+03,3.503327e+03,4.975446e+02,0.000000e+00,9.500000e-01,2.500000e-01,0,21
501,2.510000,4.034332e-01,3.219408e-02,1.088433e-02,0.000000e+00,2.907759e-02,5.343128e+03,5.075972e+03,3.503327e+03,4.975737e+02,1.000000e+00,9.500000e-01,2.500000e-01,12,22
502,2.515000,4.184305e-01,2.508516e-02,0.000000e+00,0.000000e+00,0.000000e+00,5.343128e+03,5.075972e+03,3.503327e+03,4.975737e+02,0.000000e+00,9.500000e-01,2.500000e-01,0,21
503,2.520000,5.113843e-01,6.946116e-02,5.024528e-02,4.773302e-02,0.000000e+00,5.343178e+03,5.076019e+03,3.503375e+03,4.975737e+02,6.243886e-01,9.500000e-01,2.500000e-01,12,27
504,2.525000,4.090719e-01,6.408347e-02,1.023124e-01,0.000000e+00,0.000000e+00,5.343281e+03,5.076116e+03,3.503375e+03,4.975737e+02,0.000000e+00,9.500000e-01,2.500000e-01,0,23
505,2.530000,4.227629e-01,6.005535e-02,0.000000e+00,0.000000e+00,4.263763e-04,5.343281e+03,5.076116e+03,3.503375e+03,4.975741e+02,1.000000e+00,9.500000e-01,2.500000e-01,0,24
506,2.535000,5.443936e-01,1.199132e-01,6.574632e-02,6.245900e-02,0.000000e+00,5.343346e+03,5.076179e+03,3.503437e+03,4.975741e+02,5.951995e-01,9.500000e-01,2.500000e-01,12,25
507,2.540000,3.600718e-01,1.121671e-01,1.843218e-01,0.000000e+00,0.000000e+00,5.343531e+03,5.076354e+03,3.503437e+03,4.975741e+02,0.000000e+00,9.500000e-01,2.500000e-01,0,21
508,2.545000,3.725773e-01,1.130380e-01,6.759752e-03,6.421764e-03,0.000000e+00,5.343537e+03,5.076360e+03,3.503444e+03,4.975741e+02,2.539073e-01,9.500000e-01,2.500000e-01,12,22
509,2.550000,3.854781e-01,1.090787e-01,0.000000e+00,0.000000e+00,0.000000e+00,5.343537e+03,5.076360e+03,3.503444e+03,4.975741e+02,0.000000e+00,9.500000e-01,2.500000e-01,0,22
510,2.555000,4.568750e-01,7.261529e-02,3.859291e-02,0.000000e+00,3.377650e-02,5.343576e+03,5.076397e+03,3.503444e+03,4.976079e+02,1.000000e+00,9.500000e-01,2.500000e-01,12,27
511,2.560000,3.870447e-01,5.312663e-02,6.983029e-02,0.000000e+00,0.000000e+00,5.343646e+03,5.076463e+03,3.503444e+03,4.976079e+02,0.000000e+00,9.500000e-01,2.500000e-01,0,23
512,2.565000,4.055086e-01,4.288280e-02,0.000000e+00,0.000000e+00,0.000000e+00,5.343646e+03,5.076463e+03,3.503444e+03,4.976079e+02,0.000000e+00,9.500000e-01,2.500000e-01,0,23
513,2.570000,5.537926e-01,1.130076e-01,8.015350e-02,7.614582e-02,0.000000e+00,5.343726e+03,5.076540e+03,3.503520e+03,4.976079e+02,9.055857e-01,9.500000e-01,2.500000e-01,12,26
514,2.575000,3.531407e-01,8.705917e-02,2.006519e-01,0.000000e+00,0.000000e+00,5.343927e+03,5.076730e+03,3.503520e+03,4.976079e+02,0.000000e+00,9.500000e-01,2.500000e-01,0,21
515,2.580000,3.540365e-01,6.844402e-02,0.000000e+00,0.000000e+00,9.164804e-03,5.343927e+03,5.076730e+03,3.503520e+03,4.976171e+02,1.000000e+00,9.500000e-01,2.500000e-01,0,22
516,2.585000,4.511173e-01,1.041807e-01,5.247612e-02,4.985231e-02,0.000000e+00,5.343979e+03,5.076780e+03,3.503570e+03,4.976171e+02,9.730336e-01,9.500000e-01,2.500000e-01,12,26
517,2.590000,3.263510e-01,8.836030e-02,1.247663e-01,0.000000e+00,0.000000e+00,5.344104e+03,5.076899e+03,3.503570e+03,4.976171e+02,0.000000e+00,9.500000e-01,2.500000e-01,0,21
518,2.595000,3.282139e-01,8.245729e-02,1.006938e-03,9.565910e-04,0.000000e+00,5.344105e+03,5.076900e+03,3.503571e+03,4.976171e+02,6.626947e-02,9.500000e-01,2.500000e-01,12,25
519,2.600000,3.506557e-01,7.777142e-02,0.000000e+00,0.000000e+00,0.000000e+00,5.344105e+03,5.076900e+03,3.503571e+03,4.976171e+02,0.000000e+00,9.500000e-01,2.500000e-01,0,21
520,2.605000,3.512188e-01,6.183525e-02,0.000000e+00,0.000000e+00,1.299034e-02,5.344105e+03,5.076900e+03,3.503571e+03,4.976300e+02,1.000000e+00,9.500000e-01,2.500000e-01,0,23
521,2.610000,4.457855e-01,9.045732e-02,5.111714e-02,4.856129e-02,0.000000e+00,5.344156e+03,5.076948e+03,3.503619e+03,4.976300e+02,8.131987e-01,9.500000e-01,2.500000e-01,12,28
522,2.615000,3.241526e-01,7.163157e-02,1.216329e-01,0.000000e+00,0.000000e+00,5.344278e+03,5.077064e+03,3.503619e+03,4.976300e+02,0.000000e+00,9.500000e-01,2.500000e-01,0,24
523,2.620000,3.346788e-01,6.195327e-02,0.000000e+00,0.000000e+00,0.000000e+00,5.344278e+03,5.077064e+03,3.503619e+03,4.976300e+02,0.000000e+00,9.500000e-01,2.500000e-01,0,24
524,2.625000,3.859755e-01,8.183468e-02,2.772796e-02,2.634156e-02,0.000000e+00,5.344305e+03,5.077090e+03,3.503646e+03,4.976300e+02,6.194395e-01,9.500000e-01,2.500000e-01,12,27
525,2.630000,3.310916e-01,7.241877e-02,5.488392e-02,0.000000e+00,0.000000e+00,5.344360e+03,5.077142e+03,3.503646e+03,4.976300e+02,0.000000e+00,9.500000e-01,2.500000e-01,0,23
526,2.635000,3.413514e-01,6.810373e-02,0.000000e+00,0.000000e+00,0.000000e+00,5.344360e+03,5.077142e+03,3.503646e+03,4.976300e+02,0.000000e+00,9.500000e-01,2.500000e-01,0,24
527,2.640000,3.744128e-01,7.685280e-02,1.787106e-02,1.223095e-02,0.000000e+00,5.344378e+03,5.077159e+03,3.503658e+03,4.976300e+02,1.000000e+00,9.500000e-01,2.500000e-01,12,28
528,2.645000,3.479212e-01,7.224291e-02,2.649163e-02,0.000000e+00,0.000000e+00,5.344405e+03,5.077184e+03,3.503658e+03,4.976300e+02,0.000000e+00,9.500000e-01,2.500000e-01,0,24
529,2.650000,3.562702e-01,6.965605e-02,0.000000e+00,0.000000e+00,0.000000e+00,5.344405e+03,5.077184e+03,3.503658e+03,4.976300e+02,0.000000e+00,9.500000e-01,2.500000e-01,0,26
530,2.655000,3.584157e-01,6.702931e-02,0.000000e+00,0.000000e+00,0.000000e+00,5.344405e+03,5.077184e+03,3.503658e+03,4.976300e+02,0.000000e+00,9.500000e-01,2.500000e-01,0,26
531,2.660000,3.633134e-01,6.468870e-02,0.000000e+00,0.000000e+00,0.000000e+00,5.344405e+03,5.077184e+03,3.503658e+03,4.976300e+02,0.000000e+00,9.500000e-01,2.500000e-01,0,26
532,2.665000,3.648460e-01,6.303284e-02,0.000000e+00,0.000000e+00,0.000000e+00,5.344405e+03,5.077184e+03,3.503658e+03,4.976300e+02,0.000000e+00,9.500000e-01,2.500000e-01,0,28
533,2.670000,3.759946e-01,5.972192e-02,0.000000e+00,0.000000e+00,1.667836e-03,5.344405e+03,5.077184e+03,3.503658e+03,4.976317e+02,1.000000e+00,9.500000e-01,2.500000e-01,0,29
534,2.675000,3.935834e-01,5.737461e-02,0.000000e+00,0.000000e+00,0.000000e+00,5.344405e+03,5.077184e+03,3.503658e+03,4.976317e+02,0.000000e+00,9.500000e-01,2.500000e-01,0,27
535,2.680000,4.500987e-01,9.774618e-02,1.755620e-01,4.211973e-02,0.000000e+00,5.344580e+03,5.077351e+03,3.503700e+03,4.976317e+02,1.000000e+00,9.500000e-01,2.500000e-01,12,28
536,2.685000,1.385986e-01,7.735911e-02,3.115001e-01,0.000000e+00,0.000000e+00,5.344892e+03,5.077647e+03,3.503700e+03,4.976317e+02,0.000000e+00,9.500000e-01,2.500000e-01,0,24
537,2.690000,1.523535e-01,7.065723e-02,0.000000e+00,0.000000e+00,0.000000e+00,5.344892e+03,5.077647e+03,3.503700e+03,4.976317e+02,0.000000e+00,9.500000e-01,2.500000e-01,0,24
538,2.695000,1.829981e-01,8.239608e-02,1.656469e-02,1.573646e-02,0.000000e+00,5.344908e+03,5.077663e+03,3.503716e+03,4.976317e+02,8.218981e-01,9.500000e-01,2.500000e-01,12,30
539,2.700000,1.454590e-01,7.757441e-02,3.753911e-02,0.000000e+00,0.000000e+00,5.344946e+03,5.077698e+03,3.503716e+03,4.976317e+02,0.000000e+00,9.500000e-01,2.500000e-01,0,27
540,2.705000,1.485151e-01,7.464922e-02,0.000000e+00,0.000000e+00,0.000000e+00,5.344946e+03,5.077698e+03,3.503716e+03,4.976317e+02,0.000000e+00,9.500000e-01,2.500000e-01,0,27
541,2.710000,1.506787e-01,7.169452e-02,0.000000e+00,0.000000e+00,0.000000e+00,5.344946e+03,5.077698e+03,3.503716e+03,4.976317e+02,0.000000e+00,9.500000e-01,2.500000e-01,0,27
542,2.715000,1.524051e-01,6.237140e-02,0.000000e+00,0.000000e+00,6.606638e-03,5.344946e+03,5.077698e+03,3.503716e+03,4.976383e+02,1.000000e+00,9.500000e-01,2.500000e-01,0,28
543,2.720000,1.557448e-01,5.886880e-02,0.000000e+00,0.000000e+00,0.000000e+00,5.344946e+03,5.077698e+03,3.503716e+03,4.976383e+02,0.000000e+00,9.500000e-01,2.500000e-01,0,31
544,2.725000,1.628937e-01,5.649070e-02,0.000000e+00,0.000000e+00,0.000000e+00,5.344946e+03,5.077698e+03,3.503716e+03,4.976383e+02,0.000000e+00,9.500000e-01,2.500000e-01,0,31
545,2.730000,1.720176e-01,5.411838e-02,0.000000e+00,0.000000e+00,0.000000e+00,5.344946e+03,5.077698e+03,3.503716e+03,4.976383e+02,0.000000e+00,9.500000e-01,2.500000e-01,0,31
546,2.735000,1.826797e-01,5.202556e-02,0.000000e+00,0.000000e+00,0.000000e+00,5.344946e+03,5.077698e+03,3.503716e+03,4.976383e+02,0.000000e+00,9.500000e-01,2.500000e-01,0,31
547,2.740000,1.947496e-01,5.067417e-02,0.000000e+00,0.000000e+00,0.000000e+00,5.344946e+03,5.077698e+03,3.503716e+03,4.976383e+02,0.000000e+00,9.500000e-01,2.500000e-01,0,31
548,2.745000,2.081693e-01,4.936182e-02,0.000000e+00,0.000000e+00,0.000000e+00,5.344946e+03,5.077698e+03,3.503716e+03,4.976383e+02,0.000000e+00,9.500000e-01,2.500000e-01,0,31
549,2.750000,2.096944e-01,4.767435e-02,0.000000e+00,0.000000e+00,0.000000e+00,5.344946e+03,5.077698e+03,3.503716e+03,4.976383e+02,1.433890e-01,9.500000e-01,2.500000e-01,0,32
550,2.755000,2.219647e-01,4.626694e-02,0.000000e+00,0.000000e+00,0.000000e+00,5.344946e+03,5.077698e+03,3.503716e+03,4.976383e+02,0.000000e+00,9.500000e-01,2.500000e-01,0,31
551,2.760000,2.359519e-01,4.534451e-02,0.000000e+00,0.000000e+00,0.000000e+00,5.344946e+03,5.077698e+03,3.503716e+03,4.976383e+02,0.000000e+00,9.500000e-01,2.500000e-01,0,30
552,2.765000,2.505991e-01,4.355735e-02,0.000000e+00,0.000000e+00,6.678732e-04,5.344946e+03,5.077698e+03,3.503716e+03,4.976390e+02,1.000000e+00,9.500000e-01,2.500000e-01,0,31
553,2.770000,2.669587e-01,4.203495e-02,0.000000e+00,0.000000e+00,0.000000e+00,5.344946e+03,5.077698e+03,3.503716e+03,4.976390e+02,0.000000e+00,9.500000e-01,2.500000e-01,0,31
554,2.775000,2.848008e-01,4.101401e-02,0.000000e+00,0.000000e+00,0.000000e+00,5.344946e+03,5.077698e+03,3.503716e+03,4.976390e+02,0.000000e+00,9.500000e-01,2.500000e-01,0,31
555,2.780000,3.044880e-01,4.030117e-02,0.000000e+00,0.000000e+00,0.000000e+00,5.344946e+03,5.077698e+03,3.503716e+03,4.976390e+02,0.000000e+00,9.500000e-01,2.500000e-01,0,30
556,2.785000,3.254099e-01,3.929786e-02,0.000000e+00,0.000000e+00,0.000000e+00,5.344946e+03,5.077698e+03,3.503716e+03,4.976390e+02,0.000000e+00,9.500000e-01,2.500000e-01,0,30
557,2.790000,3.481330e-01,3.816242e-02,0.000000e+00,0.000000e+00,0.000000e+00,5.344946e+03,5.077698e+03,3.503716e+03,4.976390e+02,0.000000e+00,9.500000e-01,2.500000e-01,0,31
558,2.795000,3.729964e-01,3.740140e-02,0.000000e+00,0.000000e+00,0.000000e+00,5.344946e+03,5.077698e+03,3.503716e+03,4.976390e+02,0.000000e+00,9.500000e-01,2.500000e-01,0,30
559,2.800000,3.994983e-01,3.676453e-02,0.000000e+00,0.000000e+00,0.000000e+00,5.344946e+03,5.077698e+03,3.503716e+03,4.976390e+02,0.000000e+00,9.500000e-01,2.500000e-01,0,30
560,2.805000,4.281034e-01,3.572309e-02,0.000000e+00,0.000000e+00,8.763983e-05,5.344946e+03,5.077698e+03,3.503716e+03,4.976391e+02,1.000000e+00,9.500000e-01,2.500000e-01,0,31
561,2.810000,4.592012e-01,3.472740e-02,0.000000e+00,0.000000e+00,0.000000e+00,5.344946e+03,5.077698e+03,3.503716e+03,4.976391e+02,0.000000e+00,9.500000e-01,2.500000e-01,0,30
562,2.815000,4.924194e-01,3.412473e-02,0.000000e+00,0.000000e+00,0.000000e+00,5.344946e+03,5.077698e+03,3.503716e+03,4.976391e+02,0.000000e+00,9.500000e-01,2.500000e-01,0,30
563,2.820000,5.283303e-01,3.336722e-02,0.000000e+00,0.000000e+00,1.513242e-04,5.344946e+03,5.077698e+03,3.503716e+03,4.976392e+02,1.000000e+00,9.500000e-01,2.500000e-01,0,30
564,2.825000,5.673738e-01,3.241576e-02,0.000000e+00,0.000000e+00,2.918665e-05,5.344946e+03,5.077698e+03,3.503716e+03,4.976393e+02,1.000000e+00,9.500000e-01,2.500000e-01,0,29
565,2.830000,6.086314e-01,3.161466e-02,0.000000e+00,0.000000e+00,0.000000e+00,5.344946e+03,5.077698e+03,3.503716e+03,4.976393e+02,0.000000e+00,9.500000e-01,2.500000e-01,0,31
566,2.835000,6.527532e-01,3.112426e-02,0.000000e+00,0.000000e+00,0.000000e+00,5.344946e+03,5.077698e+03,3.503716e+03,4.976393e+02,0.000000e+00,9.500000e-01,2.500000e-01,0,31
567,2.840000,6.870035e-01,3.052194e-02,0.000000e+00,0.000000e+00,0.000000e+00,5.344946e+03,5.077698e+03,3.503716e+03,4.976393e+02,0.000000e+00,9.500000e-01,2.500000e-01,0,32
568,2.845000,7.348356e-01,2.968788e-02,0.000000e+00,0.000000e+00,0.000000e+00,5.344946e+03,5.077698e+03,3.503716e+03,4.976393e+02,0.000000e+00,9.500000e-01,2.500000e-01,0,29
569,2.850000,7.857961e-01,2.865775e-02,0.000000e+00,0.000000e+00,3.801659e-04,5.344946e+03,5.077698e+03,3.503716e+03,4.976396e+02,1.000000e+00,9.500000e-01,2.500000e-01,0,31
570,2.855000,8.400439e-01,2.806042e-02,0.000000e+00,0.000000e+00,0.000000e+00,5.344946e+03,5.077698e+03,3.503716e+03,4.976396e+02,0.000000e+00,9.500000e-01,2.500000e-01,0,31
571,2.860000,8.981151e-01,2.741242e-02,0.000000e+00,0.000000e+00,0.000000e+00,5.344946e+03,5.077698e+03,3.503716e+03,4.976396e+02,0.000000e+00,9.500000e-01,2.500000e-01,0,31
572,2.865000,9.605313e-01,2.664054e-02,0.000000e+00,0.000000e+00,0.000000e+00,5.344946e+03,5.077698e+03,3.503716e+03,4.976396e+02,0.000000e+00,9.500000e-01,2.500000e-01,0,29
573,2.870000,1.026503e+00,2.610162e-02,0.000000e+00,0.000000e+00,0.000000e+00,5.344946e+03,5.077698e+03,3.503716e+03,4.976396e+02,0.000000e+00,9.500000e-01,2.500000e-01,0,31
574,2.875000,1.096677e+00,2.570367e-02,0.000000e+00,0.000000e+00,0.000000e+00,5.344946e+03,5.077698e+03,3.503716e+03,4.976396e+02,0.000000e+00,9.500000e-01,2.500000e-01,0,31
575,2.880000,1.171520e+00,2.509562e-02,0.000000e+00,0.000000e+00,0.000000e+00,5.344946e+03,5.077698e+03,3.503716e+03,4.976396e+02,0.000000e+00,9.500000e-01,2.500000e-01,0,29
576,2.885000,1.249907e+00,2.442307e-02,0.000000e+00,0.000000e+00,0.000000e+00,5.344946e+03,5.077698e+03,3.503716e+03,4.976396e+02,0.000000e+00,9.500000e-01,2.500000e-01,0,30
577,2.890000,1.323367e+00,2.366760e-02,0.000000e+00,0.000000e+00,3.270867e-04,5.344946e+03,5.077698e+03,3.503716e+03,4.976400e+02,1.000000e+00,9.500000e-01,2.500000e-01,0,32
578,2.895000,1.408780e+00,2.313455e-02,0.000000e+00,0.000000e+00,0.000000e+00,5.344946e+03,5.077698e+03,3.503716e+03,4.976400e+02,0.000000e+00,9.500000e-01,2.500000e-01,0,29
579,2.900000,1.496941e+00,2.251721e-02,0.000000e+00,0.000000e+00,0.000000e+00,5.344946e+03,5.077698e+03,3.503716e+03,4.976400e+02,2.285212e-01,9.500000e-01,2.500000e-01,0,30
580,2.905000,1.589452e+00,2.148360e-02,0.000000e+00,0.000000e+00,4.566643e-04,5.344946e+03,5.077698e+03,3.503716e+03,4.976404e+02,1.000000e+00,9.500000e-01,2.500000e-01,0,31
581,2.910000,1.687736e+00,2.113738e-02,0.000000e+00,0.000000e+00,0.000000e+00,5.344946e+03,5.077698e+03,3.503716e+03,4.976404e+02,0.000000e+00,9.500000e-01,2.500000e-01,0,29
582,2.915000,1.786544e+00,2.063493e-02,0.000000e+00,0.000000e+00,1.308404e-04,5.344946e+03,5.077698e+03,3.503716e+03,4.976406e+02,1.000000e+00,9.500000e-01,2.500000e-01,0,31
583,2.920000,1.891140e+00,2.004318e-02,0.000000e+00,0.000000e+00,0.000000e+00,5.344946e+03,5.077698e+03,3.503716e+03,4.976406e+02,0.000000e+00,9.500000e-01,2.500000e-01,0,31
584,2.925000,2.956787e-01,1.785073e-01,1.864160e+00,1.589373e-01,0.000000e+00,5.346810e+03,5.079469e+03,3.503875e+03,4.976406e+02,1.000000e+00,9.500000e-01,2.500000e-01,12,33
585,2.930000,4.309590e-02,8.956593e-02,2.525828e-01,0.000000e+00,0.000000e+00,5.347062e+03,5.079709e+03,3.503875e+03,4.976406e+02,0.000000e+00,9.500000e-01,2.500000e-01,0,25
586,2.935000,5.635186e-02,6.548680e-02,0.000000e+00,0.000000e+00,0.000000e+00,5.347062e+03,5.079709e+03,3.503875e+03,4.976406e+02,0.000000e+00,9.500000e-01,2.500000e-01,0,25
587,2.940000,8.703607e-02,7.092955e-02,1.658606e-02,1.575676e-02,0.000000e+00,5.347079e+03,5.079725e+03,3.503890e+03,4.976406e+02,8.835995e-01,9.500000e-01,2.500000e-01,12,31
588,2.945000,4.851669e-02,6.258069e-02,3.851938e-02,0.000000e+00,0.000000e+00,5.347118e+03,5.079762e+03,3.503890e+03,4.976406e+02,0.000000e+00,9.500000e-01,2.500000e-01,0,28
589,2.950000,4.832203e-02,5.790669e-02,1.946689e-04,0.000000e+00,0.000000e+00,5.347118e+03,5.079762e+03,3.503890e+03,4.976406e+02,0.000000e+00,9.500000e-01,2.500000e-01,0,28
590,2.955000,4.755147e-02,5.417369e-02,7.705538e-04,0.000000e+00,0.000000e+00,5.347119e+03,5.079763e+03,3.503890e+03,4.976406e+02,0.000000e+00,9.500000e-01,2.500000e-01,0,28
591,2.960000,5.089446e-02,4.982713e-02,1.807019e-03,0.000000e+00,1.222444e-03,5.347120e+03,5.079764e+03,3.503890e+03,4.976418e+02,1.000000e+00,9.500000e-01,2.500000e-01,12,29
592,2.965000,6.009535e-02,4.542191e-02,4.973456e-03,8.661869e-05,0.000000e+00,5.347125e+03,5.079769e+03,3.503890e+03,4.976418e+02,1.000000e+00,9.500000e-01,2.500000e-01,12,26
593,2.970000,7.991222e-02,3.904269e-02,1.071182e-02,0.000000e+00,3.538097e-03,5.347136e+03,5.079779e+03,3.503890e+03,4.976453e+02,1.000000e+00,9.500000e-01,2.500000e-01,12,29
594,2.975000,1.104793e-01,3.569531e-02,1.652274e-02,4.022988e-05,0.000000e+00,5.347153e+03,5.079795e+03,3.503890e+03,4.976453e+02,1.000000e+00,9.500000e-01,2.500000e-01,12,27
595,2.980000,1.010354e-01,3.345972e-02,9.443836e-03,0.000000e+00,0.000000e+00,5.347162e+03,5.079804e+03,3.503890e+03,4.976453e+02,0.000000e+00,9.500000e-01,2.500000e-01,0,26
596,2.985000,1.331160e-01,2.410726e-02,1.734083e-02,0.000000e+00,7.835094e-03,5.347179e+03,5.079820e+03,3.503890e+03,4.976532e+02,1.000000e+00,9.500000e-01,2.500000e-01,12,30
597,2.990000,9.987275e-02,1.795594e-02,3.324322e-02,0.000000e+00,0.000000e+00,5.347213e+03,5.079852e+03,3.503890e+03,4.976532e+02,0.000000e+00,9.500000e-01,2.500000e-01,0,29
598,2.995000,1.165937e-01,2.440558e-02,9.038339e-03,8.586422e-03,0.000000e+00,5.347222e+03,5.079861e+03,3.503899e+03,4.976532e+02,4.006217e-01,9.500000e-01,2.500000e-01,12,30
599,3.000000,1.106826e-01,2.162028e-02,5.911084e-03,0.000000e+00,0.000000e+00,5.347228e+03,5.079866e+03,3.503899e+03,4.976532e+02,0.000000e+00,9.500000e-01,2.500000e-01,0,26
600,3.005000,1.312629e-01,3.043835e-02,1.112450e-02,1.056828e-02,0.000000e+00,5.347239e+03,5.079877e+03,3.503910e+03,4.976532e+02,9.436510e-01,9.500000e-01,2.500000e-01,12,30
601,3.010000,1.195140e-01,2.436705e-02,1.174889e-02,0.000000e+00,0.000000e+00,5.347250e+03,5.079888e+03,3.503910e+03,4.976532e+02,0.000000e+00,9.500000e-01,2.500000e-01,0,26
602,3.015000,1.400782e-01,1.982596e-02,1.111578e-02,0.000000e+00,2.764147e-03,5.347262e+03,5.079898e+03,3.503910e+03,4.976559e+02,1.000000e+00,9.500000e-01,2.500000e-01,12,30
603,3.020000,1.285600e-01,1.402908e-02,1.151821e-02,0.000000e+00,0.000000e+00,5.347273e+03,5.079909e+03,3.503910e+03,4.976559e+02,0.000000e+00,9.500000e-01,2.500000e-01,0,26
604,3.025000,1.486084e-01,1.664190e-02,1.124455e-02,3.814316e-03,0.000000e+00,5.347284e+03,5.079920e+03,3.503913e+03,4.976559e+02,1.000000e+00,9.500000e-01,2.500000e-01,12,30
605,3.030000,1.379215e-01,1.043097e-02,1.068683e-02,0.000000e+00,0.000000e+00,5.347295e+03,5.079930e+03,3.503913e+03,4.976559e+02,0.000000e+00,9.500000e-01,2.500000e-01,0,26
606,3.035000,1.455136e-01,1.274509e-02,4.103827e-03,3.898636e-03,0.000000e+00,5.347299e+03,5.079934e+03,3.503917e+03,4.976559e+02,6.463619e-01,9.500000e-01,2.500000e-01,12,28
607,3.040000,1.545750e-01,1.131005e-02,4.898036e-03,1.607427e-03,0.000000e+00,5.347304e+03,5.079939e+03,3.503919e+03,4.976559e+02,1.000000e+00,9.500000e-01,2.500000e-01,12,28
608,3.045000,1.885704e-01,8.582041e-03,0.000000e+00,0.000000e+00,0.000000e+00,5.347304e+03,5.079939e+03,3.503919e+03,4.976559e+02,0.000000e+00,9.500000e-01,2.500000e-01,0,26
609,3.050000,2.068853e-01,1.167384e-02,1.132508e-02,4.235911e-03,0.000000e+00,5.347315e+03,5.079950e+03,3.503923e+03,4.976559e+02,1.000000e+00,9.500000e-01,2.500000e-01,12,29
610,3.055000,1.986879e-01,9.879984e-03,8.197376e-03,0.000000e+00,0.000000e+00,5.347323e+03,5.079957e+03,3.503923e+03,4.976559e+02,0.000000e+00,9.500000e-01,2.500000e-01,0,26
611,3.060000,2.314737e-01,2.575651e-02,1.772204e-02,1.683594e-02,0.000000e+00,5.347341e+03,5.079974e+03,3.503940e+03,4.976559e+02,5.815055e-01,9.500000e-01,2.500000e-01,12,30
612,3.065000,2.083777e-01,2.102510e-02,2.309597e-02,0.000000e+00,0.000000e+00,5.347364e+03,5.079996e+03,3.503940e+03,4.976559e+02,0.000000e+00,9.500000e-01,2.500000e-01,0,26
613,3.070000,2.167274e-01,2.338543e-02,4.513356e-03,4.287688e-03,0.000000e+00,5.347369e+03,5.080000e+03,3.503944e+03,4.976559e+02,8.030795e-01,9.500000e-01,2.500000e-01,12,27
614,3.075000,2.207641e-01,1.774697e-02,0.000000e+00,0.000000e+00,0.000000e+00,5.347369e+03,5.080000e+03,3.503944e+03,4.976559e+02,0.000000e+00,9.500000e-01,2.500000e-01,0,28
615,3.080000,2.424013e-01,2.678462e-02,1.169581e-02,1.111102e-02,0.000000e+00,5.347381e+03,5.080011e+03,3.503955e+03,4.976559e+02,3.993369e-01,9.500000e-01,2.500000e-01,12,29
616,3.085000,2.293397e-01,1.949109e-02,1.306162e-02,0.000000e+00,0.000000e+00,5.347394e+03,5.080024e+03,3.503955e+03,4.976559e+02,0.000000e+00,9.500000e-01,2.500000e-01,0,26
617,3.090000,2.436290e-01,2.382207e-02,7.723957e-03,7.337759e-03,0.000000e+00,5.347401e+03,5.080031e+03,3.503963e+03,4.976559e+02,4.955934e-01,9.500000e-01,2.500000e-01,12,27
618,3.095000,2.658184e-01,1.745380e-02,1.199428e-02,0.000000e+00,1.629286e-03,5.347413e+03,5.080043e+03,3.503963e+03,4.976575e+02,1.000000e+00,9.500000e-01,2.500000e-01,12,29
619,3.100000,3.153950e-01,1.338090e-02,0.000000e+00,0.000000e+00,0.000000e+00,5.347413e+03,5.080043e+03,3.503963e+03,4.976575e+02,0.000000e+00,9.500000e-01,2.500000e-01,0,25
620,3.105000,3.270048e-01,1.757396e-02,6.275566e-03,5.961788e-03,0.000000e+00,5.347420e+03,5.080049e+03,3.503969e+03,4.976575e+02,2.309154e-01,9.500000e-01,2.500000e-01,12,26
621,3.110000,3.441767e-01,1.454070e-02,0.000000e+00,0.000000e+00,1.734723e-18,5.347420e+03,5.080049e+03,3.503969e+03,4.976575e+02,1.929235e-02,9.500000e-01,2.500000e-01,0,27
622,3.115000,3.818941e-01,3.216395e-02,2.038775e-02,1.936837e-02,0.000000e+00,5.347440e+03,5.080068e+03,3.503988e+03,4.976575e+02,4.733706e-01,9.500000e-01,2.500000e-01,12,29
623,3.120000,3.560080e-01,2.435731e-02,2.588607e-02,0.000000e+00,0.000000e+00,5.347466e+03,5.080093e+03,3.503988e+03,4.976575e+02,0.000000e+00,9.500000e-01,2.500000e-01,0,26
624,3.125000,3.765829e-01,5.161342e-02,5.758262e-02,3.018343e-02,0.000000e+00,5.347523e+03,5.080147e+03,3.504018e+03,4.976575e+02,1.000000e+00,9.500000e-01,2.500000e-01,12,28
625,3.130000,3.392964e-01,2.605251e-02,3.728647e-02,0.000000e+00,0.000000e+00,5.347561e+03,5.080183e+03,3.504018e+03,4.976575e+02,0.000000e+00,9.500000e-01,2.500000e-01,0,25
626,3.135000,3.831990e-01,4.802856e-02,2.995825e-02,2.846034e-02,0.000000e+00,5.347591e+03,5.080211e+03,3.504047e+03,4.976575e+02,9.812805e-01,9.500000e-01,2.500000e-01,12,29
627,3.140000,3.894477e-01,2.432662e-02,5.073914e-02,0.000000e+00,2.936504e-04,5.347641e+03,5.080259e+03,3.504047e+03,4.976578e+02,1.000000e+00,9.500000e-01,2.500000e-01,12,28
628,3.145000,4.473519e-01,1.651025e-02,0.000000e+00,0.000000e+00,2.485699e-03,5.347641e+03,5.080259e+03,3.504047e+03,4.976603e+02,1.000000e+00,9.500000e-01,2.500000e-01,0,27
629,3.150000,4.885665e-01,3.576109e-02,2.227817e-02,2.116426e-02,0.000000e+00,5.347664e+03,5.080280e+03,3.504068e+03,4.976603e+02,4.022758e-01,9.500000e-01,2.500000e-01,12,28
630,3.155000,4.839546e-01,3.017446e-02,4.611923e-03,0.000000e+00,0.000000e+00,5.347668e+03,5.080285e+03,3.504068e+03,4.976603e+02,0.000000e+00,9.500000e-01,2.500000e-01,0,26
631,3.160000,4.918331e-01,3.205878e-02,4.258628e-03,4.045696e-03,0.000000e+00,5.347673e+03,5.080289e+03,3.504072e+03,4.976603e+02,8.758227e-01,9.500000e-01,2.500000e-01,12,28
632,3.165000,4.999049e-01,2.920018e-02,0.000000e+00,0.000000e+00,0.000000e+00,5.347673e+03,5.080289e+03,3.504072e+03,4.976603e+02,0.000000e+00,9.500000e-01,2.500000e-01,0,26
633,3.170000,5.392309e-01,5.941243e-02,3.311072e-02,3.145518e-02,0.000000e+00,5.347706e+03,5.080320e+03,3.504103e+03,4.976603e+02,9.110426e-01,9.500000e-01,2.500000e-01,12,30
634,3.175000,4.917053e-01,2.414558e-02,4.752566e-02,0.000000e+00,0.000000e+00,5.347753e+03,5.080366e+03,3.504103e+03,4.976603e+02,0.000000e+00,9.500000e-01,2.500000e-01,0,26
635,3.180000,5.051870e-01,1.269961e-02,0.000000e+00,0.000000e+00,1.515083e-03,5.347753e+03,5.080366e+03,3.504103e+03,4.976618e+02,1.000000e+00,9.500000e-01,2.500000e-01,0,27
636,3.185000,5.667996e-01,7.725392e-02,7.205782e-02,6.845493e-02,0.000000e+00,5.347825e+03,5.080434e+03,3.504172e+03,4.976618e+02,8.005470e-01,9.500000e-01,2.500000e-01,12,30
637,3.190000,3.731674e-01,4.455683e-02,1.936323e-01,0.000000e+00,0.000000e+00,5.348019e+03,5.080618e+03,3.504172e+03,4.976618e+02,0.000000e+00,9.500000e-01,2.500000e-01,0,27
638,3.195000,3.977376e-01,3.658139e-02,1.328121e-02,0.000000e+00,1.781403e-05,5.348032e+03,5.080631e+03,3.504172e+03,4.976619e+02,1.000000e+00,9.500000e-01,2.500000e-01,12,28
639,3.200000,4.396312e-01,4.188039e-02,2.264520e-02,8.713744e-03,0.000000e+00,5.348055e+03,5.080652e+03,3.504181e+03,4.976619e+02,1.000000e+00,9.500000e-01,2.500000e-01,12,28
640,3.205000,4.994924e-01,3.276024e-02,0.000000e+00,0.000000e+00,6.219190e-03,5.348055e+03,5.080652e+03,3.504181e+03,4.976681e+02,1.000000e+00,9.500000e-01,2.500000e-01,0,27
641,3.210000,5.101748e-01,3.073356e-02,0.000000e+00,0.000000e+00,0.000000e+00,5.348055e+03,5.080652e+03,3.504181e+03,4.976681e+02,0.000000e+00,9.500000e-01,2.500000e-01,0,27
642,3.215000,6.499531e-01,1.011174e-01,7.555586e-02,7.177806e-02,0.000000e+00,5.348130e+03,5.080724e+03,3.504252e+03,4.976681e+02,6.422802e-01,9.500000e-01,2.500000e-01,12,30
643,3.220000,4.137844e-01,7.706399e-02,2.361686e-01,0.000000e+00,0.000000e+00,5.348367e+03,5.080948e+03,3.504252e+03,4.976681e+02,0.000000e+00,9.500000e-01,2.500000e-01,0,26
644,3.225000,4.311722e-01,7.877145e-02,9.398807e-03,8.928866e-03,0.000000e+00,5.348376e+03,5.080957e+03,3.504261e+03,4.976681e+02,2.712843e-01,9.500000e-01,2.500000e-01,12,27
645,3.230000,4.407935e-01,7.452509e-02,0.000000e+00,0.000000e+00,9.166359e-06,5.348376e+03,5.080957e+03,3.504261e+03,4.976681e+02,1.000000e+00,9.500000e-01,2.500000e-01,0,27
646,3.235000,5.104982e-01,6.862879e-02,3.767823e-02,0.000000e+00,3.035577e-03,5.348414e+03,5.080993e+03,3.504261e+03,4.976711e+02,1.000000e+00,9.500000e-01,2.500000e-01,12,32
647,3.240000,4.198273e-01,3.877555e-02,9.067091e-02,0.000000e+00,0.000000e+00,5.348504e+03,5.081079e+03,3.504261e+03,4.976711e+02,0.000000e+00,9.500000e-01,2.500000e-01,0,27
648,3.245000,4.367436e-01,2.473860e-02,0.000000e+00,0.000000e+00,5.397500e-03,5.348504e+03,5.081079e+03,3.504261e+03,4.976765e+02,1.000000e+00,9.500000e-01,2.500000e-01,0,30
649,3.250000,5.503915e-01,1.003639e-01,8.371169e-02,7.952610e-02,0.000000e+00,5.348588e+03,5.081159e+03,3.504341e+03,4.976765e+02,6.386661e-01,9.500000e-01,2.500000e-01,12,32
650,3.255000,3.307561e-01,6.578654e-02,2.196354e-01,0.000000e+00,0.000000e+00,5.348808e+03,5.081367e+03,3.504341e+03,4.976765e+02,0.000000e+00,9.500000e-01,2.500000e-01,0,27
651,3.260000,3.345471e-01,6.066167e-02,2.049160e-03,1.946702e-03,0.000000e+00,5.348810e+03,5.081369e+03,3.504343e+03,4.976765e+02,7.076513e-01,9.500000e-01,2.500000e-01,12,28
652,3.265000,3.565449e-01,4.580811e-02,0.000000e+00,0.000000e+00,0.000000e+00,5.348810e+03,5.081369e+03,3.504343e+03,4.976765e+02,0.000000e+00,9.500000e-01,2.500000e-01,0,28
653,3.270000,3.838358e-01,4.924393e-02,4.485844e-02,7.932590e-03,0.000000e+00,5.348855e+03,5.081412e+03,3.504351e+03,4.976765e+02,1.000000e+00,9.500000e-01,2.500000e-01,12,34
654,3.275000,3.398398e-01,2.404977e-02,4.399602e-02,0.000000e+00,0.000000e+00,5.348899e+03,5.081454e+03,3.504351e+03,4.976765e+02,0.000000e+00,9.500000e-01,2.500000e-01,0,29
655,3.280000,3.568034e-01,1.799848e-02,0.000000e+00,0.000000e+00,0.000000e+00,5.348899e+03,5.081454e+03,3.504351e+03,4.976765e+02,0.000000e+00,9.500000e-01,2.500000e-01,0,29
656,3.285000,4.143607e-01,8.839556e-02,7.717483e-02,7.331609e-02,0.000000e+00,5.348976e+03,5.081527e+03,3.504424e+03,4.976765e+02,7.061184e-01,9.500000e-01,2.500000e-01,12,33
657,3.290000,2.568238e-01,4.491069e-02,1.575369e-01,0.000000e+00,0.000000e+00,5.349133e+03,5.081677e+03,3.504424e+03,4.976765e+02,0.000000e+00,9.500000e-01,2.500000e-01,0,28
658,3.295000,2.621267e-01,3.562117e-02,0.000000e+00,0.000000e+00,0.000000e+00,5.349133e+03,5.081677e+03,3.504424e+03,4.976765e+02,6.843091e-01,9.500000e-01,2.500000e-01,0,29
659,3.300000,3.410827e-01,7.218735e-02,4.267891e-02,4.054496e-02,0.000000e+00,5.349176e+03,5.081717e+03,3.504465e+03,4.976765e+02,9.794703e-01,9.500000e-01,2.500000e-01,12,32
660,3.305000,2.226216e-01,5.806468e-02,1.184611e-01,0.000000e+00,0.000000e+00,5.349294e+03,5.081830e+03,3.504465e+03,4.976765e+02,0.000000e+00,9.500000e-01,2.500000e-01,0,27
661,3.310000,2.240754e-01,5.427598e-02,7.858383e-04,7.465463e-04,0.000000e+00,5.349295e+03,5.081830e+03,3.504465e+03,4.976765e+02,1.769982e-02,9.500000e-01,2.500000e-01,12,31
662,3.315000,2.309992e-01,5.101626e-02,0.000000e+00,0.000000e+00,0.000000e+00,5.349295e+03,5.081830e+03,3.504465e+03,4.976765e+02,0.000000e+00,9.500000e-01,2.500000e-01,0,28
663,3.320000,2.437523e-01,5.526857e-02,6.893585e-03,6.548906e-03,0.000000e+00,5.349302e+03,5.081837e+03,3.504472e+03,4.976765e+02,9.357117e-01,9.500000e-01,2.500000e-01,12,32
664,3.325000,2.406511e-01,2.797512e-02,3.101221e-03,0.000000e+00,0.000000e+00,5.349305e+03,5.081840e+03,3.504472e+03,4.976765e+02,0.000000e+00,9.500000e-01,2.500000e-01,0,27
665,3.330000,2.596066e-01,3.075913e-02,1.024619e-02,9.733883e-03,0.000000e+00,5.349315e+03,5.081850e+03,3.504482e+03,4.976765e+02,6.000453e-01,9.500000e-01,2.500000e-01,12,30
666,3.335000,2.496473e-01,1.340391e-02,3.520024e-02,0.000000e+00,1.848624e-03,5.349351e+03,5.081883e+03,3.504482e+03,4.976784e+02,1.000000e+00,9.500000e-01,2.500000e-01,12,31
667,3.340000,3.102915e-01,8.413658e-03,0.000000e+00,0.000000e+00,0.000000e+00,5.349351e+03,5.081883e+03,3.504482e+03,4.976784e+02,0.000000e+00,9.500000e-01,2.500000e-01,0,29
668,3.345000,3.260147e-01,1.476538e-02,8.499044e-03,8.074092e-03,0.000000e+00,5.349359e+03,5.081891e+03,3.504490e+03,4.976784e+02,2.957934e-01,9.500000e-01,2.500000e-01,12,30
669,3.350000,3.409136e-01,1.164551e-02,1.078605e-02,1.250394e-03,0.000000e+00,5.349370e+03,5.081901e+03,3.504491e+03,4.976784e+02,1.000000e+00,9.500000e-01,2.500000e-01,12,31
670,3.355000,4.300465e-01,8.561650e-03,0.000000e+00,0.000000e+00,0.000000e+00,5.349370e+03,5.081901e+03,3.504491e+03,4.976784e+02,0.000000e+00,9.500000e-01,2.500000e-01,0,28
671,3.360000,4.478149e-01,7.209696e-03,0.000000e+00,0.000000e+00,0.000000e+00,5.349370e+03,5.081901e+03,3.504491e+03,4.976784e+02,3.544812e-02,9.500000e-01,2.500000e-01,0,30
672,3.365000,4.842547e-01,7.134348e-02,6.850226e-02,6.507714e-02,0.000000e+00,5.349438e+03,5.081966e+03,3.504556e+03,4.976784e+02,7.889416e-01,9.500000e-01,2.500000e-01,12,32
673,3.370000,4.096181e-01,3.470534e-02,1.508182e-01,0.000000e+00,2.753475e-04,5.349589e+03,5.082110e+03,3.504556e+03,4.976786e+02,1.000000e+00,9.500000e-01,2.500000e-01,12,29
674,3.375000,4.652499e-01,2.539387e-02,0.000000e+00,0.000000e+00,0.000000e+00,5.349589e+03,5.082110e+03,3.504556e+03,4.976786e+02,0.000000e+00,9.500000e-01,2.500000e-01,0,29
675,3.380000,4.933760e-01,3.601807e-02,1.520333e-02,1.444316e-02,0.000000e+00,5.349604e+03,5.082124e+03,3.504570e+03,4.976786e+02,3.361408e-01,9.500000e-01,2.500000e-01,12,32
676,3.385000,5.430710e-01,2.814540e-02,2.721975e-02,0.000000e+00,3.608512e-03,5.349632e+03,5.082150e+03,3.504570e+03,4.976823e+02,1.000000e+00,9.500000e-01,2.500000e-01,12,29
677,3.390000,6.504455e-01,2.563823e-02,0.000000e+00,0.000000e+00,0.000000e+00,5.349632e+03,5.082150e+03,3.504570e+03,4.976823e+02,0.000000e+00,9.500000e-01,2.500000e-01,0,28
678,3.395000,6.716513e-01,2.413170e-02,0.000000e+00,0.000000e+00,0.000000e+00,5.349632e+03,5.082150e+03,3.504570e+03,4.976823e+02,0.000000e+00,9.500000e-01,2.500000e-01,0,29
679,3.400000,6.995489e-01,9.710758e-02,9.895732e-02,7.387819e-02,0.000000e+00,5.349731e+03,5.082244e+03,3.504644e+03,4.976823e+02,1.000000e+00,9.500000e-01,2.500000e-01,12,33
680,3.405000,4.986511e-01,4.228495e-02,2.008977e-01,0.000000e+00,0.000000e+00,5.349931e+03,5.082435e+03,3.504644e+03,4.976823e+02,0.000000e+00,9.500000e-01,2.500000e-01,0,28
681,3.410000,5.141511e-01,2.812145e-02,0.000000e+00,0.000000e+00,1.035420e-05,5.349931e+03,5.082435e+03,3.504644e+03,4.976823e+02,1.000000e+00,9.500000e-01,2.500000e-01,0,31
682,3.415000,6.121602e-01,8.953077e-02,7.158065e-02,6.800162e-02,0.000000e+00,5.350003e+03,5.082503e+03,3.504712e+03,4.976823e+02,7.585951e-01,9.500000e-01,2.500000e-01,12,33
683,3.420000,3.797216e-01,5.652990e-02,2.324386e-01,0.000000e+00,0.000000e+00,5.350236e+03,5.082724e+03,3.504712e+03,4.976823e+02,0.000000e+00,9.500000e-01,2.500000e-01,0,29
684,3.425000,3.955822e-01,5.614664e-02,8.573293e-03,8.144628e-03,0.000000e+00,5.350244e+03,5.082732e+03,3.504720e+03,4.976823e+02,4.210038e-01,9.500000e-01,2.500000e-01,12,31
685,3.430000,3.974283e-01,4.928591e-02,0.000000e+00,0.000000e+00,0.000000e+00,5.350244e+03,5.082732e+03,3.504720e+03,4.976823e+02,0.000000e+00,9.500000e-01,2.500000e-01,0,29
686,3.435000,4.354207e-01,5.247890e-02,3.924934e-02,5.794761e-03,0.000000e+00,5.350283e+03,5.082769e+03,3.504726e+03,4.976823e+02,1.000000e+00,9.500000e-01,2.500000e-01,12,34
687,3.440000,3.953744e-01,2.574726e-02,4.004636e-02,0.000000e+00,0.000000e+00,5.350323e+03,5.082807e+03,3.504726e+03,4.976823e+02,0.000000e+00,9.500000e-01,2.500000e-01,0,31
688,3.445000,4.006897e-01,1.680900e-02,2.873148e-03,0.000000e+00,2.520929e-03,5.350326e+03,5.082810e+03,3.504726e+03,4.976848e+02,1.000000e+00,9.500000e-01,2.500000e-01,12,33
689,3.450000,3.791066e-01,1.386467e-02,2.158311e-02,0.000000e+00,0.000000e+00,5.350348e+03,5.082830e+03,3.504726e+03,4.976848e+02,0.000000e+00,9.500000e-01,2.500000e-01,0,31
690,3.455000,4.058831e-01,2.578872e-02,1.447378e-02,1.375009e-02,0.000000e+00,5.350362e+03,5.082844e+03,3.504740e+03,4.976848e+02,4.080598e-01,9.500000e-01,2.500000e-01,12,32
691,3.460000,3.939919e-01,1.864025e-02,1.189113e-02,0.000000e+00,0.000000e+00,5.350374e+03,5.082855e+03,3.504740e+03,4.976848e+02,0.000000e+00,9.500000e-01,2.500000e-01,0,29
692,3.465000,4.034243e-01,1.641215e-02,0.000000e+00,0.000000e+00,0.000000e+00,5.350374e+03,5.082855e+03,3.504740e+03,4.976848e+02,0.000000e+00,9.500000e-01,2.500000e-01,0,32
693,3.470000,5.243659e-01,9.882877e-02,8.810623e-02,8.370092e-02,0.000000e+00,5.350462e+03,5.082939e+03,3.504824e+03,4.976848e+02,5.692086e-01,9.500000e-01,2.500000e-01,12,37
694,3.475000,2.912129e-01,6.968261e-02,2.331530e-01,0.000000e+00,0.000000e+00,5.350695e+03,5.083161e+03,3.504824e+03,4.976848e+02,0.000000e+00,9.500000e-01,2.500000e-01,0,30
695,3.480000,2.968670e-01,6.594645e-02,3.056285e-03,2.903471e-03,0.000000e+00,5.350699e+03,5.083164e+03,3.504827e+03,4.976848e+02,1.793070e-01,9.500000e-01,2.500000e-01,12,32
696,3.485000,3.121125e-01,6.236889e-02,0.000000e+00,0.000000e+00,0.000000e+00,5.350699e+03,5.083164e+03,3.504827e+03,4.976848e+02,0.000000e+00,9.500000e-01,2.500000e-01,0,30
697,3.490000,3.263986e-01,5.275020e-02,7.722228e-03,0.000000e+00,7.352295e-03,5.350706e+03,5.083171e+03,3.504827e+03,4.976921e+02,1.000000e+00,9.500000e-01,2.500000e-01,12,33
698,3.495000,3.607083e-01,2.983468e-02,1.854578e-02,4.718171e-03,0.000000e+00,5.350725e+03,5.083189e+03,3.504831e+03,4.976921e+02,1.000000e+00,9.500000e-01,2.500000e-01,12,31
699,3.500000,4.333738e-01,2.222569e-02,0.000000e+00,0.000000e+00,0.000000e+00,5.350725e+03,5.083189e+03,3.504831e+03,4.976921e+02,0.000000e+00,9.500000e-01,2.500000e-01,0,29
700,3.505000,4.526343e-01,1.892347e-02,0.000000e+00,3.469447e-18,0.000000e+00,5.350725e+03,5.083189e+03,3.504831e+03,4.976921e+02,8.944602e-01,9.500000e-01,2.500000e-01,0,31
701,3.510000,5.540433e-01,8.039117e-02,6.761700e-02,6.423615e-02,0.000000e+00,5.350792e+03,5.083253e+03,3.504896e+03,4.976921e+02,6.286702e-01,9.500000e-01,2.500000e-01,12,33
702,3.515000,3.507307e-01,5.634202e-02,2.033127e-01,0.000000e+00,0.000000e+00,5.350996e+03,5.083446e+03,3.504896e+03,4.976921e+02,0.000000e+00,9.500000e-01,2.500000e-01,0,30
703,3.520000,3.544946e-01,5.113047e-02,2.034533e-03,1.932807e-03,0.000000e+00,5.350998e+03,5.083448e+03,3.504897e+03,4.976921e+02,1.629181e-01,9.500000e-01,2.500000e-01,12,30
704,3.525000,3.779764e-01,5.848714e-02,1.269289e-02,1.073987e-02,0.000000e+00,5.351010e+03,5.083460e+03,3.504908e+03,4.976921e+02,1.000000e+00,9.500000e-01,2.500000e-01,12,32
705,3.530000,4.647549e-01,5.467328e-02,0.000000e+00,0.000000e+00,1.865624e-04,5.351010e+03,5.083460e+03,3.504908e+03,4.976923e+02,1.000000e+00,9.500000e-01,2.500000e-01,0,30
706,3.535000,4.874600e-01,5.296787e-02,0.000000e+00,0.000000e+00,0.000000e+00,5.351010e+03,5.083460e+03,3.504908e+03,4.976923e+02,0.000000e+00,9.500000e-01,2.500000e-01,0,30
707,3.540000,6.224117e-01,1.205643e-01,7.294684e-02,6.929950e-02,0.000000e+00,5.351083e+03,5.083529e+03,3.504977e+03,4.976923e+02,6.993997e-01,9.500000e-01,2.500000e-01,12,33
708,3.545000,3.856683e-01,8.851218e-02,2.367434e-01,0.000000e+00,0.000000e+00,5.351320e+03,5.083754e+03,3.504977e+03,4.976923e+02,0.000000e+00,9.500000e-01,2.500000e-01,0,29
709,3.550000,3.907463e-01,8.179719e-02,2.744870e-03,2.607626e-03,0.000000e+00,5.351323e+03,5.083757e+03,3.504980e+03,4.976923e+02,6.718999e-02,9.500000e-01,2.500000e-01,12,31
710,3.555000,4.180377e-01,7.731306e-02,1.475213e-02,2.009823e-04,0.000000e+00,5.351338e+03,5.083771e+03,3.504980e+03,4.976923e+02,1.000000e+00,9.500000e-01,2.500000e-01,12,33
711,3.560000,5.145277e-01,7.244632e-02,0.000000e+00,0.000000e+00,0.000000e+00,5.351338e+03,5.083771e+03,3.504980e+03,4.976923e+02,0.000000e+00,9.500000e-01,2.500000e-01,0,30
712,3.565000,5.361386e-01,7.011503e-02,0.000000e+00,0.000000e+00,0.000000e+00,5.351338e+03,5.083771e+03,3.504980e+03,4.976923e+02,0.000000e+00,9.500000e-01,2.500000e-01,0,29
713,3.570000,6.771140e-01,1.405902e-01,7.620290e-02,7.239275e-02,0.000000e+00,5.351414e+03,5.083843e+03,3.505053e+03,4.976923e+02,9.344920e-01,9.500000e-01,2.500000e-01,12,34
714,3.575000,4.258937e-01,8.582960e-02,2.512203e-01,0.000000e+00,0.000000e+00,5.351665e+03,5.084082e+03,3.505053e+03,4.976923e+02,0.000000e+00,9.500000e-01,2.500000e-01,0,29
715,3.580000,4.310303e-01,7.334310e-02,2.776532e-03,2.637705e-03,0.000000e+00,5.351668e+03,5.084084e+03,3.505055e+03,4.976923e+02,7.926144e-02,9.500000e-01,2.500000e-01,12,31
716,3.585000,4.504239e-01,6.683872e-02,0.000000e+00,0.000000e+00,0.000000e+00,5.351668e+03,5.084084e+03,3.505055e+03,4.976923e+02,0.000000e+00,9.500000e-01,2.500000e-01,0,30
717,3.590000,4.527526e-01,5.621581e-02,0.000000e+00,0.000000e+00,5.565860e-03,5.351668e+03,5.084084e+03,3.505055e+03,4.976979e+02,1.000000e+00,9.500000e-01,2.500000e-01,0,33
718,3.595000,6.170609e-01,1.344284e-01,8.881530e-02,8.437453e-02,0.000000e+00,5.351757e+03,5.084169e+03,3.505140e+03,4.976979e+02,4.478747e-01,9.500000e-01,2.500000e-01,12,37
719,3.600000,6.419251e-01,1.095729e-01,2.793996e-01,0.000000e+00,3.566086e-04,5.352036e+03,5.084434e+03,3.505140e+03,4.976982e+02,1.000000e+00,9.500000e-01,2.500000e-01,12,30
720,3.605000,5.269711e-01,1.014213e-01,1.149540e-01,0.000000e+00,0.000000e+00,5.352151e+03,5.084543e+03,3.505140e+03,4.976982e+02,0.000000e+00,9.500000e-01,2.500000e-01,0,29
721,3.610000,5.507538e-01,9.602812e-02,0.000000e+00,0.000000e+00,0.000000e+00,5.352151e+03,5.084543e+03,3.505140e+03,4.976982e+02,0.000000e+00,9.500000e-01,2.500000e-01,0,29
722,3.615000,6.375837e-01,1.181929e-01,7.716705e-02,2.559990e-02,0.000000e+00,5.352228e+03,5.084617e+03,3.505165e+03,4.976982e+02,1.000000e+00,9.500000e-01,2.500000e-01,12,33
723,3.620000,4.418190e-01,5.466565e-02,1.957647e-01,0.000000e+00,0.000000e+00,5.352424e+03,5.084803e+03,3.505165e+03,4.976982e+02,0.000000e+00,9.500000e-01,2.500000e-01,0,29
724,3.625000,4.511179e-01,4.168454e-02,5.026408e-03,4.775088e-03,0.000000e+00,5.352429e+03,5.084808e+03,3.505170e+03,4.976982e+02,8.191485e-01,9.500000e-01,2.500000e-01,12,31
725,3.630000,4.809310e-01,2.473254e-02,0.000000e+00,0.000000e+00,0.000000e+00,5.352429e+03,5.084808e+03,3.505170e+03,4.976982e+02,0.000000e+00,9.500000e-01,2.500000e-01,0,29
726,3.635000,5.268621e-01,4.353154e-02,2.482760e-02,2.358622e-02,0.000000e+00,5.352454e+03,5.084831e+03,3.505194e+03,4.976982e+02,5.427371e-01,9.500000e-01,2.500000e-01,12,34
727,3.640000,4.617646e-01,3.620187e-02,6.509748e-02,0.000000e+00,0.000000e+00,5.352519e+03,5.084893e+03,3.505194e+03,4.976982e+02,0.000000e+00,9.500000e-01,2.500000e-01,0,33
728,3.645000,4.935460e-01,3.412772e-02,1.717915e-02,4.886522e-04,0.000000e+00,5.352536e+03,5.084909e+03,3.505194e+03,4.976982e+02,1.000000e+00,9.500000e-01,2.500000e-01,12,33
729,3.650000,4.317512e-01,3.223687e-02,6.179484e-02,0.000000e+00,0.000000e+00,5.352598e+03,5.084968e+03,3.505194e+03,4.976982e+02,0.000000e+00,9.500000e-01,2.500000e-01,0,30
730,3.655000,4.544928e-01,4.289187e-02,1.229275e-02,1.167811e-02,0.000000e+00,5.352610e+03,5.084980e+03,3.505206e+03,4.976982e+02,7.299231e-01,9.500000e-01,2.500000e-01,12,32
731,3.660000,4.510054e-01,2.176840e-02,3.487352e-03,0.000000e+00,0.000000e+00,5.352614e+03,5.084983e+03,3.505206e+03,4.976982e+02,0.000000e+00,9.500000e-01,2.500000e-01,0,31
732,3.665000,4.532103e-01,1.767424e-02,1.191853e-03,1.132260e-03,0.000000e+00,5.352615e+03,5.084984e+03,3.505207e+03,4.976982e+02,1.569025e-01,9.500000e-01,2.500000e-01,12,34
733,3.670000,4.365181e-01,1.549894e-02,1.669227e-02,0.000000e+00,0.000000e+00,5.352632e+03,5.085000e+03,3.505207e+03,4.976982e+02,0.000000e+00,9.500000e-01,2.500000e-01,0,32
734,3.675000,4.649304e-01,2.867649e-02,1.535804e-02,1.459014e-02,0.000000e+00,5.352647e+03,5.085015e+03,3.505222e+03,4.976982e+02,4.038315e-01,9.500000e-01,2.500000e-01,12,35
735,3.680000,4.306796e-01,2.130595e-02,3.425088e-02,0.000000e+00,0.000000e+00,5.352681e+03,5.085047e+03,3.505222e+03,4.976982e+02,0.000000e+00,9.500000e-01,2.500000e-01,0,30
736,3.685000,4.590024e-01,1.896723e-02,0.000000e+00,0.000000e+00,0.000000e+00,5.352681e+03,5.085047e+03,3.505222e+03,4.976982e+02,0.000000e+00,9.500000e-01,2.500000e-01,0,31
737,3.690000,5.851061e-01,8.264732e-02,6.816416e-02,6.475595e-02,0.000000e+00,5.352749e+03,5.085112e+03,3.505286e+03,4.976982e+02,5.267463e-01,9.500000e-01,2.500000e-01,12,35
738,3.695000,3.344525e-01,6.604528e-02,2.506536e-01,0.000000e+00,0.000000e+00,5.353000e+03,5.085350e+03,3.505286e+03,4.976982e+02,0.000000e+00,9.500000e-01,2.500000e-01,0,31
739,3.700000,3.383085e-01,6.279830e-02,2.084310e-03,1.980094e-03,0.000000e+00,5.353002e+03,5.085352e+03,3.505288e+03,4.976982e+02,4.887604e-01,9.500000e-01,2.500000e-01,12,33
740,3.705000,3.560971e-01,6.430318e-02,9.615473e-03,9.005675e-03,0.000000e+00,5.353012e+03,5.085361e+03,3.505297e+03,4.976982e+02,1.000000e+00,9.500000e-01,2.500000e-01,12,33
741,3.710000,4.578979e-01,6.042790e-02,0.000000e+00,0.000000e+00,0.000000e+00,5.353012e+03,5.085361e+03,3.505297e+03,4.976982e+02,0.000000e+00,9.500000e-01,2.500000e-01,0,29
742,3.715000,4.862479e-01,5.842971e-02,0.000000e+00,0.000000e+00,0.000000e+00,5.353012e+03,5.085361e+03,3.505297e+03,4.976982e+02,0.000000e+00,9.500000e-01,2.500000e-01,0,29
743,3.720000,6.464258e-01,1.387022e-01,8.658265e-02,8.225352e-02,0.000000e+00,5.353098e+03,5.085443e+03,3.505380e+03,4.976982e+02,6.590824e-01,9.500000e-01,2.500000e-01,12,35
744,3.725000,6.661867e-01,1.077384e-01,2.751333e-01,0.000000e+00,3.436051e-04,5.353373e+03,5.085705e+03,3.505380e+03,4.976986e+02,1.000000e+00,9.500000e-01,2.500000e-01,12,32
745,3.730000,5.814328e-01,9.829811e-02,8.475398e-02,0.000000e+00,0.000000e+00,5.353458e+03,5.085785e+03,3.505380e+03,4.976986e+02,0.000000e+00,9.500000e-01,2.500000e-01,0,29
746,3.735000,6.069274e-01,9.254618e-02,0.000000e+00,0.000000e+00,0.000000e+00,5.353458e+03,5.085785e+03,3.505380e+03,4.976986e+02,0.000000e+00,9.500000e-01,2.500000e-01,0,29
747,3.740000,7.016968e-01,1.237261e-01,9.326130e-02,3.562252e-02,0.000000e+00,5.353551e+03,5.085874e+03,3.505415e+03,4.976986e+02,1.000000e+00,9.500000e-01,2.500000e-01,12,33
748,3.745000,4.639162e-01,6.267691e-02,2.377806e-01,0.000000e+00,0.000000e+00,5.353789e+03,5.086100e+03,3.505415e+03,4.976986e+02,0.000000e+00,9.500000e-01,2.500000e-01,0,29
749,3.750000,4.812210e-01,4.453600e-02,9.353943e-03,0.000000e+00,2.422297e-03,5.353799e+03,5.086109e+03,3.505415e+03,4.977010e+02,1.000000e+00,9.500000e-01,2.500000e-01,12,33
750,3.755000,4.916108e-01,2.082603e-02,5.616083e-03,3.391288e-04,0.000000e+00,5.353804e+03,5.086114e+03,3.505415e+03,4.977010e+02,1.000000e+00,9.500000e-01,2.500000e-01,12,30
751,3.760000,6.412919e-01,1.367000e-02,0.000000e+00,0.000000e+00,1.079538e-03,5.353804e+03,5.086114e+03,3.505415e+03,4.977021e+02,1.000000e+00,9.500000e-01,2.500000e-01,0,30
752,3.765000,6.614420e-01,1.112866e-02,0.000000e+00,0.000000e+00,1.177360e-04,5.353804e+03,5.086114e+03,3.505415e+03,4.977022e+02,1.000000e+00,9.500000e-01,2.500000e-01,0,31
753,3.770000,7.500703e-01,9.989457e-02,9.492140e-02,9.017533e-02,0.000000e+00,5.353899e+03,5.086204e+03,3.505506e+03,4.977022e+02,8.005722e-01,9.500000e-01,2.500000e-01,12,34
754,3.775000,4.876406e-01,6.118321e-02,2.624297e-01,0.000000e+00,0.000000e+00,5.354161e+03,5.086453e+03,3.505506e+03,4.977022e+02,0.000000e+00,9.500000e-01,2.500000e-01,0,29
755,3.780000,5.053276e-01,5.056961e-02,0.000000e+00,0.000000e+00,0.000000e+00,5.354161e+03,5.086453e+03,3.505506e+03,4.977022e+02,2.267070e-01,9.500000e-01,2.500000e-01,0,33
756,3.785000,6.838688e-01,1.375073e-01,9.650875e-02,9.168331e-02,0.000000e+00,5.354258e+03,5.086545e+03,3.505597e+03,4.977022e+02,5.002731e-01,9.500000e-01,2.500000e-01,12,36
757,3.790000,3.628313e-01,1.113911e-01,3.210375e-01,0.000000e+00,0.000000e+00,5.354579e+03,5.086850e+03,3.505597e+03,4.977022e+02,0.000000e+00,9.500000e-01,2.500000e-01,0,30
758,3.795000,3.654499e-01,1.057423e-01,1.415472e-03,1.344698e-03,0.000000e+00,5.354580e+03,5.086851e+03,3.505599e+03,4.977022e+02,1.171143e-01,9.500000e-01,2.500000e-01,12,32
759,3.800000,3.950770e-01,1.013931e-01,0.000000e+00,0.000000e+00,0.000000e+00,5.354580e+03,5.086851e+03,3.505599e+03,4.977022e+02,0.000000e+00,9.500000e-01,2.500000e-01,0,31
760,3.805000,4.942045e-01,8.667162e-02,5.462795e-02,0.000000e+00,1.208957e-02,5.354635e+03,5.086903e+03,3.505599e+03,4.977143e+02,1.000000e+00,9.500000e-01,2.500000e-01,12,38
761,3.810000,3.918010e-01,5.125183e-02,1.024035e-01,0.000000e+00,0.000000e+00,5.354737e+03,5.087001e+03,3.505599e+03,4.977143e+02,0.000000e+00,9.500000e-01,2.500000e-01,0,34
762,3.815000,4.065738e-01,4.134351e-02,0.000000e+00,0.000000e+00,0.000000e+00,5.354737e+03,5.087001e+03,3.505599e+03,4.977143e+02,0.000000e+00,9.500000e-01,2.500000e-01,0,34
763,3.820000,4.759102e-01,9.056009e-02,5.710675e-02,5.425141e-02,0.000000e+00,5.354795e+03,5.087055e+03,3.505653e+03,4.977143e+02,9.628856e-01,9.500000e-01,2.500000e-01,12,34
764,3.825000,3.982153e-01,4.225590e-02,1.714056e-01,1.081909e-04,0.000000e+00,5.354966e+03,5.087218e+03,3.505653e+03,4.977143e+02,1.000000e+00,9.500000e-01,2.500000e-01,12,31
765,3.830000,4.485984e-01,3.123689e-02,0.000000e+00,0.000000e+00,0.000000e+00,5.354966e+03,5.087218e+03,3.505653e+03,4.977143e+02,0.000000e+00,9.500000e-01,2.500000e-01,0,30
766,3.835000,4.540250e-01,2.996856e-02,2.933319e-03,2.786653e-03,0.000000e+00,5.354969e+03,5.087220e+03,3.505656e+03,4.977143e+02,8.774553e-02,9.500000e-01,2.500000e-01,12,30
767,3.840000,4.758278e-01,3.161334e-02,1.178530e-02,3.906568e-03,0.000000e+00,5.354981e+03,5.087232e+03,3.505660e+03,4.977143e+02,1.000000e+00,9.500000e-01,2.500000e-01,12,32
768,3.845000,6.161867e-01,2.642339e-02,0.000000e+00,0.000000e+00,0.000000e+00,5.354981e+03,5.087232e+03,3.505660e+03,4.977143e+02,0.000000e+00,9.500000e-01,2.500000e-01,0,29
769,3.850000,6.275183e-01,2.416964e-02,0.000000e+00,0.000000e+00,0.000000e+00,5.354981e+03,5.087232e+03,3.505660e+03,4.977143e+02,0.000000e+00,9.500000e-01,2.500000e-01,0,31
770,3.855000,6.900757e-01,1.043467e-01,8.592053e-02,8.162451e-02,0.000000e+00,5.355067e+03,5.087313e+03,3.505741e+03,4.977143e+02,9.659244e-01,9.500000e-01,2.500000e-01,12,35
771,3.860000,4.719723e-01,4.949262e-02,2.181034e-01,0.000000e+00,0.000000e+00,5.355285e+03,5.087520e+03,3.505741e+03,4.977143e+02,0.000000e+00,9.500000e-01,2.500000e-01,0,29
772,3.865000,4.928441e-01,4.693185e-02,1.128207e-02,1.071797e-02,0.000000e+00,5.355296e+03,5.087531e+03,3.505752e+03,4.977143e+02,5.251347e-01,9.500000e-01,2.500000e-01,12,32
773,3.870000,4.987784e-01,3.940608e-02,0.000000e+00,0.000000e+00,0.000000e+00,5.355296e+03,5.087531e+03,3.505752e+03,4.977143e+02,0.000000e+00,9.500000e-01,2.500000e-01,0,30
774,3.875000,5.020622e-01,2.756711e-02,1.775023e-03,0.000000e+00,8.906969e-03,5.355298e+03,5.087533e+03,3.505752e+03,4.977232e+02,1.000000e+00,9.500000e-01,2.500000e-01,12,34
775,3.880000,4.795799e-01,2.400141e-02,2.248226e-02,0.000000e+00,0.000000e+00,5.355320e+03,5.087554e+03,3.505752e+03,4.977232e+02,0.000000e+00,9.500000e-01,2.500000e-01,0,32
776,3.885000,5.190143e-01,4.301626e-02,2.131586e-02,2.025006e-02,0.000000e+00,5.355342e+03,5.087575e+03,3.505772e+03,4.977232e+02,6.785881e-01,9.500000e-01,2.500000e-01,12,35
777,3.890000,4.723104e-01,2.334781e-02,4.670385e-02,0.000000e+00,0.000000e+00,5.355388e+03,5.087619e+03,3.505772e+03,4.977232e+02,0.000000e+00,9.500000e-01,2.500000e-01,0,30
778,3.895000,4.961115e-01,1.813477e-02,0.000000e+00,0.000000e+00,0.000000e+00,5.355388e+03,5.087619e+03,3.505772e+03,4.977232e+02,0.000000e+00,9.500000e-01,2.500000e-01,0,30
779,3.900000,5.388398e-01,8.378563e-02,7.176890e-02,6.818046e-02,0.000000e+00,5.355460e+03,5.087687e+03,3.505841e+03,4.977232e+02,8.783994e-01,9.500000e-01,2.500000e-01,12,35
780,3.905000,3.445193e-01,3.816572e-02,1.943206e-01,0.000000e+00,0.000000e+00,5.355654e+03,5.087872e+03,3.505841e+03,4.977232e+02,0.000000e+00,9.500000e-01,2.500000e-01,0,31
781,3.910000,3.595150e-01,3.505506e-02,8.105793e-03,7.700503e-03,0.000000e+00,5.355662e+03,5.087879e+03,3.505848e+03,4.977232e+02,4.128833e-01,9.500000e-01,2.500000e-01,12,33
782,3.915000,3.961900e-01,3.136877e-02,1.982434e-02,2.582615e-03,0.000000e+00,5.355682e+03,5.087898e+03,3.505851e+03,4.977232e+02,1.000000e+00,9.500000e-01,2.500000e-01,12,32
783,3.920000,4.851551e-01,2.813310e-02,0.000000e+00,0.000000e+00,0.000000e+00,5.355682e+03,5.087898e+03,3.505851e+03,4.977232e+02,0.000000e+00,9.500000e-01,2.500000e-01,0,29
784,3.925000,5.132048e-01,2.670883e-02,0.000000e+00,0.000000e+00,0.000000e+00,5.355682e+03,5.087898e+03,3.505851e+03,4.977232e+02,0.000000e+00,9.500000e-01,2.500000e-01,0,29
785,3.930000,6.303605e-01,1.230764e-01,1.025497e-01,9.742221e-02,0.000000e+00,5.355785e+03,5.087996e+03,3.505948e+03,4.977232e+02,8.419651e-01,9.500000e-01,2.500000e-01,12,35
786,3.935000,5.594553e-01,7.321912e-02,2.499842e-01,0.000000e+00,1.603460e-05,5.356035e+03,5.088233e+03,3.505948e+03,4.977232e+02,1.000000e+00,9.500000e-01,2.500000e-01,12,33
787,3.940000,5.689178e-01,5.969299e-02,0.000000e+00,0.000000e+00,0.000000e+00,5.356035e+03,5.088233e+03,3.505948e+03,4.977232e+02,0.000000e+00,9.500000e-01,2.500000e-01,0,29
788,3.945000,5.875400e-01,5.301443e-02,0.000000e+00,0.000000e+00,0.000000e+00,5.356035e+03,5.088233e+03,3.505948e+03,4.977232e+02,0.000000e+00,9.500000e-01,2.500000e-01,0,29
789,3.950000,6.442527e-01,1.122694e-01,8.838011e-02,6.384365e-02,0.000000e+00,5.356123e+03,5.088317e+03,3.506012e+03,4.977232e+02,1.000000e+00,9.500000e-01,2.500000e-01,12,33
790,3.955000,4.456620e-01,4.836427e-02,1.985907e-01,0.000000e+00,0.000000e+00,5.356322e+03,5.088506e+03,3.506012e+03,4.977232e+02,0.000000e+00,9.500000e-01,2.500000e-01,0,29
791,3.960000,4.641611e-01,4.137959e-02,9.999484e-03,9.499510e-03,0.000000e+00,5.356332e+03,5.088515e+03,3.506022e+03,4.977232e+02,8.702678e-01,9.500000e-01,2.500000e-01,12,33
792,3.965000,4.593341e-01,2.220672e-02,4.827034e-03,0.000000e+00,0.000000e+00,5.356337e+03,5.088520e+03,3.506022e+03,4.977232e+02,0.000000e+00,9.500000e-01,2.500000e-01,0,29
793,3.970000,4.628821e-01,1.123987e-02,0.000000e+00,0.000000e+00,5.692105e-03,5.356337e+03,5.088520e+03,3.506022e+03,4.977289e+02,1.000000e+00,9.500000e-01,2.500000e-01,0,33
794,3.975000,5.351515e-01,9.046569e-02,8.573769e-02,8.145081e-02,0.000000e+00,5.356422e+03,5.088601e+03,3.506103e+03,4.977289e+02,6.294777e-01,9.500000e-01,2.500000e-01,12,36
795,3.980000,3.141538e-01,5.266901e-02,2.209976e-01,0.000000e+00,0.000000e+00,5.356643e+03,5.088811e+03,3.506103e+03,4.977289e+02,0.000000e+00,9.500000e-01,2.500000e-01,0,31
796,3.985000,3.243384e-01,4.875069e-02,5.505179e-03,5.229920e-03,0.000000e+00,5.356649e+03,5.088816e+03,3.506108e+03,4.977289e+02,4.221629e-01,9.500000e-01,2.500000e-01,12,35
797,3.990000,3.207307e-01,4.114235e-02,3.607702e-03,0.000000e+00,0.000000e+00,5.356652e+03,5.088820e+03,3.506108e+03,4.977289e+02,0.000000e+00,9.500000e-01,2.500000e-01,0,30
798,3.995000,3.232523e-01,3.919660e-02,1.363008e-03,1.294857e-03,0.000000e+00,5.356654e+03,5.088821e+03,3.506110e+03,4.977289e+02,7.468160e-01,9.500000e-01,2.500000e-01,12,32
799,4.000000,3.367349e-01,3.109055e-02,7.287921e-03,6.923525e-03,0.000000e+00,5.356661e+03,5.088828e+03,3.506116e+03,4.977289e+02,7.366060e-01,9.500000e-01,2.500000e-01,12,33
