cell,n_modes,kappa,h,v,w_r,dE_full,inject_full,dE_diag,inject_diag,dE_block2,inject_block2,dE_rank1,inject_rank1
0,6,2.0,0.0017897581590645224,-2.120850532311074,1.6321493223799797,-0.11253378737757336,0,-0.9101689598276894,0,-0.11685464142302648,0,-0.9077540498197427,0
1,8,2.0,0.0004237669897092673,-0.4345673595255264,0.06907350992698748,-0.008136102938250733,0,-0.016893000386048573,0,-0.015027992488986008,0,-0.017311305073137495,0
2,5,1.0,0.0003897132428272739,-3.8338369196599333,0.06954897888197863,-0.6744659299036329,0,-0.7736164605726259,0,-0.7746460436553235,0,-1.2728942199811542,0
3,7,1.0,0.006473490571723216,-0.01809287538110178,0.3689736071175247,-6.8143428375759345e-06,0,-0.00011161663104667632,0,-0.00011176515946230626,0,-0.0003674287490436274,0
4,6,2.0,0.0068577580328604195,-0.5245583800728959,9.006307910364017,-0.014114486143403581,0,-0.014559265799836265,0,-0.01463745628379238,0,-0.01469430038104571,0
5,8,1.0,0.013694136203438016,-0.24738124034704403,0.00774249004053511,-0.06130295172256206,0,-2.153574121130135,0,-1.2357801236646502,0,-2.2114827171153917,0
6,4,2.0,0.0069196101603379604,-1.066024341264113,0.051472140248624836,-4.423474144521011,0,-1.9256303223515268,0,-2.5476778961010336,0,-6.711790513297064,0
7,7,2.0,0.0003192152951839301,-0.596659992306382,3.9436344023861967,-0.04289684300245701,0,-0.042202937170587575,0,-0.04213159496633258,0,-0.04287592305131182,0
8,5,2.0,0.00032615311251336086,-0.8391781828015001,0.023497437076936495,-3.416756578249128,0,-3.419597663930258,0,-3.4196008332989294,0,-3.4207737946534174,0
9,4,2.0,0.02027509704479285,-0.1425547686692678,1.0906360893664777,-0.009012091541580933,0,-0.009303847150843885,0,-0.009137020517129842,0,-0.009304378377875778,0
10,8,2.0,0.0012962034574687945,-2.42164120493396,0.014177026933619835,-15.356568525844835,0,-24.340089752722633,0,-24.669979003136262,0,-24.642998720809516,0
11,7,2.0,0.0072303227059286055,-2.8684965761812626,0.0024844504319616414,-4.257671442288029,0,-36.749131071690954,0,-3.914405094159065,0,-142.3360227000419,0
12,5,1.0,0.011873435838559362,-0.023916427145118095,2.6751092527605462,-5.380329521050363e-05,0,-9.48753204457686e-05,0,-9.296307167618713e-05,0,-0.00010550651036423826,0
13,3,1.0,0.0009673258359988523,-0.3400462339430397,0.002411813009793708,-0.011405073903457463,0,-0.012538282264188183,0,-0.01255713441522488,0,-0.019255445318698605,0
14,8,1.0,0.026478630006846197,-0.013899803790003839,0.036067639402400424,-0.0010664276590292023,0,-0.0026760323368287013,0,-0.0026651652490945845,0,-0.0026771394665813116,0
15,2,2.0,0.002719893203155274,-0.17803354563765242,4.290396926630731,-0.003466400124016824,0,-0.003472282730404475,0,-0.003466400124016824,0,-0.003465269327160833,0
16,3,2.0,0.0009248772884946152,-3.6868649914953067,0.0014144318730200593,-537.1416638771343,0,-527.1893288315932,0,-579.1653169158808,0,-929.1087629072285,0
17,5,2.0,0.02140188119942926,-9.5088428464279,2.889248441146816,-13.668065659643515,0,-14.866772102444546,0,-15.12113646000049,0,-15.638565587253582,0
18,6,2.0,0.018803320558154354,-0.16512664469539917,1.5271052637714557,-0.008921601959555698,0,-0.008927581767588106,0,-0.008927542314753113,0,-0.008927585767820243,0
19,3,1.0,0.0059614552971746235,-0.09878753014110547,0.07247945165868923,-0.030994247500073173,0,-0.06585835444626895,0,-0.05618069421420885,0,-0.06635949637430101,0
20,2,2.0,0.0018401982243198846,-0.013002628432290456,3.5617550896805663,-2.3713626821862964e-05,0,-2.372177513541716e-05,0,-2.3713626821862964e-05,0,-2.370569635104112e-05,0
21,3,2.0,0.010236952987221597,-0.4524372871461767,0.2065557568184996,-0.14758900162131994,0,-0.15022894965083977,0,-0.15031833021411367,0,-0.14660302522327795,0
22,8,1.0,0.02824770157890496,-5.734366605167642,0.33906573833251336,-25.052291056935374,0,-44.40486071945636,0,-43.05933570620857,0,-45.51532368624638,0
23,8,2.0,0.0003575332234454484,-0.011619625504478823,0.052064200481934705,-6.340136969790406e-06,0,-8.161054027014435e-06,0,-8.067952630962452e-06,0,-8.188522833418605e-06,0
24,2,2.0,0.00838206490525101,-0.02038637147557433,0.036867131267997566,-0.002888655137687669,0,-0.0028793545740927297,0,-0.002888655137687669,0,-0.0028400244979947236,0
25,2,1.0,0.008684150562934069,-1.859857547892782,5.480530485459372,-0.3147981396083313,0,-0.31462125403099767,0,-0.3147981396083313,0,-0.3145725379602256,0
26,8,1.0,0.0036359166551384256,-0.01091081453082275,0.6040000727964189,-4.435806325419337e-07,0,-6.39241436024403e-05,0,-6.062552061785557e-05,0,-6.408137169415923e-05,0
27,3,2.0,0.0009081992665323618,-0.049247934847853995,0.6785495481945221,-0.00012087545959484254,0,-0.0001208749844318869,0,-0.00012087499048981645,0,-0.00012088086759463683,0
28,5,2.0,0.0026216418898262627,-0.01508361774334295,0.21355824537537005,-0.0005213811814716121,0,-0.0005284303278176648,0,-0.0005210698663238758,0,-0.0005314694973251373,0
29,8,1.0,0.031234551181354448,-0.019686348751877615,0.03090841410581193,-0.000518580348989264,0,-0.0005551279129295322,0,-0.0005405042043492543,0,-0.001269780561010566,0
30,2,2.0,0.0003969949730517182,-0.8713860010732678,0.003444449266235666,-10.633595378820317,0,-10.656674256726077,0,-10.633595378820317,0,-10.615901080285852,0
31,7,1.0,0.0013955303684253996,-8.922601683686057,0.45016588219334924,-71.60419363734667,0,-68.63681356829525,0,-74.54376668316019,0,-68.72801798865594,0
32,3,2.0,0.0015794462021726883,-1.20314736505302,0.0017497664986075086,-0.6013698600465887,0,-0.8735656929101765,0,-0.6484002144403576,0,-1.1867162587707298,0
33,2,1.0,0.0014930116305826783,-0.08009195638511771,0.005651291791316557,-0.006074179673344893,0,-0.1818591799883374,0,-0.006074179673344893,0,0.18552749042339278,1
34,8,2.0,0.0012000880692323913,-0.04135562932018752,0.013964219206804004,-0.019848409234470434,0,-0.036821554469064224,0,-0.013032882669946504,0,-0.049542144509927735,0
35,2,1.0,0.0077105370759699195,-0.08226770199664482,0.11772796907334242,-0.0018232188666177096,0,-0.004832832638250337,0,-0.0018232188666177096,0,0.22379598309479148,1
36,5,1.0,0.008649930800853604,-0.22063807126633314,0.011545926280079844,-0.8361692904727964,0,-1.4139764102342112,0,-0.7482664143120639,0,-1.561627929746765,0
37,4,2.0,0.0007751442621087176,-0.24299475100063528,0.0061889946112521676,-0.8044056084095117,0,-0.8134985517588538,0,-0.7139684139497735,0,-0.9528674575283747,0
38,8,1.0,0.02913293718711075,-0.5321189958215107,0.06821473484424012,-0.24608332641210806,0,-2.050631237322452,0,-0.7725092610741786,0,-2.0738856201669527,0
39,6,1.0,0.0041391686042781504,-0.8241594720022944,0.3899840610648949,-0.39486453762685847,0,-0.4777676229775848,0,-0.5315380026066223,0,-0.8434775934706341,0
40,8,1.0,0.0024024772994005157,-0.08002047540192528,0.003978774766059547,-0.0013105596138296427,0,-0.08393672605540059,0,-0.10412256680007947,0,-0.09706910041650829,0
41,7,2.0,0.0016519199473755168,-1.706504061913364,0.0030251389868769366,-0.04012381292079681,0,-0.26188480476503173,0,-0.04156230902651714,0,-0.5935759738198385,0
42,5,1.0,0.022174593140194175,-0.3343448447428459,0.13911083685424658,-0.024384519962564133,0,-0.050606607710580565,0,-0.0508647033310658,0,-0.09650443692419847,0
43,4,2.0,0.0010036895060796989,-0.0744227192567063,0.8267844571847388,-0.0012845779597916696,0,-0.0013244460265683863,0,-0.0013218486146716335,0,-0.0013275024617585944,0
44,2,2.0,0.0034693138372879346,-0.016959518137773605,0.011840938519888686,-3.0164000172239885e-06,0,-3.016413278471991e-06,0,-3.0164000172239885e-06,0,-3.016260988973271e-06,0
45,3,2.0,0.003493427534164873,-0.5395830737342083,0.08528553946645355,-1.6415020726012644,0,-1.563395664018685,0,-1.600881593504907,0,-1.6740460410653022,0
46,3,2.0,0.005405483026351457,-0.014558467205357624,0.002077156990491202,-0.0021903348081032947,0,-0.0022096441422752855,0,-0.0023682918861382893,0,-0.0031249893350195276,0
47,8,1.0,0.0007796336453429028,-1.1599522480158646,3.8516800317684226,-0.0016727483846031566,0,-0.0023397080892535727,0,-0.0023445713769301713,0,-0.002455300816923134,0
48,2,2.0,0.022071112905836153,-0.02660486998986511,0.06852638113693175,-0.001901650761077226,0,-0.003684153885550344,0,-0.001901650761077226,0,0.005501772834606905,1
49,2,2.0,0.0014616949913409648,-1.0041538656478803,4.506750389892431,-0.11146400883232951,0,-0.11146385058963128,0,-0.11146400883232951,0,-0.11146350587784142,0
50,8,2.0,0.009193297762545665,-2.5531401200499095,0.0015298708999997724,-1.9513793079418065,0,-23.25257328824091,0,-15.9720576869272,0,-23.53230036147852,0
51,2,2.0,0.013371996486751032,-2.0969909265746627,5.3239645932452255,-0.41217030683145034,0,-0.4128914543597251,0,-0.41217030683145034,0,-0.41293233285318126,0
52,2,2.0,0.02988466837624808,-0.021743150772742977,0.06151218403113347,-0.0005949640216101736,0,-0.0005950705880205377,0,-0.0005949640216101736,0,-0.0005948627349763526,0
53,4,2.0,0.016411310193558893,-0.028884933943045855,0.0060841554896287975,-0.05325239391277231,0,-0.06698832730795785,0,-0.059420116480476994,0,-0.06766703869020342,0
54,6,1.0,0.002343239730157091,-0.07786648644988586,3.927202516310596,-0.00020700639183099682,0,-0.00014258141961419053,0,-0.00015316814243763034,0,-0.0002281568157610573,0
55,5,1.0,0.0037975930196364736,-0.03701468146186909,0.1812353355464582,-1.8598757659873955e-06,0,-0.0026413125164264995,0,-0.00014184892706848315,0,-0.0026456023141256464,0
56,4,1.0,0.001373982751864629,-0.028163554222493926,8.419228208481323,-1.528666830404357e-05,0,-4.2184395951867e-05,0,-3.48002921998078e-05,0,-4.424511946122174e-05,0
57,4,1.0,0.015400850514547168,-0.2210580837062711,0.15279106482994048,-0.1409583105767549,0,-0.15983986315416085,0,-0.14470648884515325,0,-0.15990766955740968,0
58,8,1.0,0.0018624433713031116,-6.759652532677041,0.0020656631932684548,-117.37720042507499,0,1941.1214374975334,1,-1089.0005530243925,0,-5440.992052675194,0
59,2,2.0,0.009768635888816768,-0.013232412258471287,0.001163849940489238,-7.291532348782659e-06,0,-6.107402211527613e-05,0,-7.291532348782659e-06,0,-7.2050117289057525e-06,0
60,8,2.0,0.002854924630188015,-9.195469406146877,0.001549522365096104,-298.03260458130535,0,-834.8350752850529,0,-1958.3884077673283,0,-8350.382658407627,0
61,6,2.0,0.0016349190041881991,-2.989525228671661,4.004683174518517,-0.7163502442822658,0,-0.7169040180289963,0,-0.7169067190214367,0,-0.7181197342311876,0
62,4,2.0,0.0005741059479556372,-0.3004818222375671,6.169889471293932,-0.003939228630302875,0,-0.004333815613709251,0,-0.004332021319089913,0,-0.004432385437904009,0
63,4,1.0,0.00036729768889484003,-4.682557450638981,0.0011641824777337665,-0.23439518968916673,0,-0.2699248289845855,0,-0.2719161632776377,0,-0.28032399638141214,0
64,2,1.0,0.0005308435610933119,-0.03289036081369133,0.22652096283507572,-0.0003073485447824646,0,-0.00030734880696331457,0,-0.0003073485447824646,0,-0.0003073348545061484,0
65,6,1.0,0.01249919755071703,-0.01697814909966213,0.10921188006771217,-3.536810901877581e-05,0,-0.00040977880335853786,0,-0.0003641496481246986,0,-0.0009921075445859762,0
66,5,2.0,0.0009358456706482864,-0.0726034493331475,0.023810626910833507,-0.00039942382596934445,0,-0.0001424208347004241,0,-0.0001415139797953241,0,-0.0006286502785834563,0
67,5,2.0,0.006240199627051669,-3.005736423059869,0.2920981246029037,-14.267618690054453,0,-13.652308782216359,0,-13.793044370481397,0,-14.649951470181598,0
68,2,1.0,0.010341991647872816,-0.09944394607334114,3.5176533525660347,-0.0014048631724960536,0,-0.0014047603556608679,0,-0.0014048631724960536,0,-0.001298813917540356,0
69,7,1.0,0.0021237833601768503,-0.1803840383260296,0.001033757374815549,-0.008259092916887312,0,-0.008635838893733094,0,-0.008682187607950809,0,-0.018096509458192855,0
70,3,1.0,0.003141367325933044,-1.266886842042241,0.3263039156214279,-0.04273206003097707,0,-0.043354226361802084,0,-0.04308318062567018,0,-0.04498035921121124,0
71,2,1.0,0.019003477869229898,-0.11017645984586494,0.038862476948162195,-0.0008918691604915263,0,-0.009098161693616158,0,-0.0008918691604915263,0,0.061516964400812946,1
72,4,2.0,0.0021857247580761986,-3.2574174021043043,0.0060013452609730565,-2.5478533080397483,0,-23.064018254301004,0,-23.78892459935048,0,-59.32718752961898,0
73,7,2.0,0.019894331384860537,-0.9902614723902172,0.10235623934730437,-3.238910146969731,0,-3.0147250363300344,0,-2.801806929679699,0,-3.01498507423394,0
74,6,1.0,0.0007519893242107995,-0.8029139669099118,0.7837438176231983,-0.0011677314991544452,0,-0.009376309991408316,0,-0.008588155714697732,0,-0.011201206989546908,0
75,4,1.0,0.0016024820584993461,-1.4570411781330077,0.07390186929786795,-0.8020701320878842,0,-0.9861710621424074,0,-0.8587453522058883,0,-2.5168867120372678,0
76,5,2.0,0.0036432159914449175,-0.6561328843114008,0.9978981455875707,-0.05015520442629012,0,-0.05158945557853975,0,-0.05376400055542757,0,-0.07614093880434572,0
77,8,1.0,0.016405718306753806,-1.2685085124169342,3.580232555759907,-0.03562545958375549,0,-0.1769000925565544,0,-0.16826593697013056,0,-0.17651628916551249,0
78,4,1.0,0.012093275136806405,-0.08040793185807199,0.02067947537580447,-0.05403592722857088,0,-0.05832512067494257,0,-0.08874898606562501,0,-0.14632925025602014,0
79,5,1.0,0.007462708982999296,-0.04053901134754099,0.014073211340469089,-0.01917846774833367,0,-0.009595601636646196,0,-0.01952899127342509,0,-0.045632821218826614,0
80,3,1.0,0.03120888683603578,-0.022925629111711775,1.1663368506207823,-9.115490625951635e-05,0,-4.29995233372542e-05,0,-9.606416165074561e-05,0,-0.0001515840573971411,0
81,7,2.0,0.020882367537361234,-2.6393785295961885,4.562770620452111,-0.0999938203918419,0,-0.3812733471196663,0,-0.33787850985246626,0,-0.5750093746562386,0
82,3,2.0,0.00039222371510373505,-5.90954667144677,7.768551376177468,-0.9994430555113645,0,-0.9995102015606261,0,-0.9994432005749252,0,-0.9995859238132738,0
83,7,2.0,0.0005692807917614849,-3.067920550512882,0.05612571490222863,-0.1745203817779526,0,-0.17580744045328345,0,-0.17577895199740112,0,-0.17970332464510363,0
84,4,2.0,0.010277069364692778,-0.03078436027150669,1.5077395087096515,-9.9760861833518e-05,0,-0.00011076519232264316,0,-0.00011413108353515282,0,-0.00021200337537971594,0
85,8,1.0,0.013622248510544116,-9.17502641219461,0.28317975994895217,-28.22399101660379,0,-147.6498010043475,0,-146.22908571953323,0,-148.26260293497208,0
86,3,2.0,0.00040019022613157205,-0.9516426435639683,0.28436616508775164,-1.530316882060512,0,-1.5303321470060056,0,-1.5303371554903638,0,-1.5316268435551978,0
87,4,2.0,0.0003863157862364164,-0.27250069493154744,0.017102446936247566,-0.13568734289377815,0,-0.1830290198373179,0,-0.14662306115801593,0,-0.19363956032051033,0
88,4,1.0,0.0003732241461718764,-1.1477053482136264,0.5638081794858649,-0.010718815419778371,0,-0.010530479419283756,0,-0.010532943429152564,0,-0.010470757422969434,0
89,4,1.0,0.001964659180788694,-1.458530125756243,0.01876006419920262,-46.86204954287981,0,-47.80894849896977,0,-49.403822536724846,0,-49.81992147287603,0
90,5,1.0,0.0010516668878081262,-0.010710195162829866,0.030670177385036197,-7.456885266802831e-05,0,-5.049308555863936e-05,0,-0.00014538674078205978,0,-0.00030271926920561864,0
91,4,1.0,0.006975299553156531,-0.026991712583225618,0.3522619082172948,-0.000915742269685195,0,-0.0009093921233902798,0,-0.0009155925145023913,0,-0.0009094117396916694,0
92,4,2.0,0.010069485912045064,-3.9475866064439016,0.0022068449036253125,-1.502644572729423,0,-2.8499963907593155,0,-2.863421851693147,0,-2.853149465744991,0
93,7,1.0,0.000620678885189607,-0.013971630188349867,0.019780731886744046,-2.471530933148905e-05,0,-0.0008801738669274688,0,-0.0001876734985655432,0,-0.0008796991314788524,0
94,2,2.0,0.0024968080382476495,-0.07164895976035152,0.02236388258763506,-0.03744684982465457,0,-0.020657645329256805,0,-0.03744684982465457,0,7.341297208161062,1
95,4,2.0,0.0006468100510232845,-0.030301763678291335,0.013196201630145314,-0.02574266868608173,0,-0.02590366524157713,0,-0.025949987389662865,0,-0.025955256262700465,0
96,5,1.0,0.02174408202160972,-0.03447564467756631,8.787528242412849,-2.1447679308167375e-05,0,-4.6517749389602824e-05,0,-3.249095068834708e-05,0,-4.942934313664145e-05,0
97,8,1.0,0.005577829959103128,-7.608580831922366,4.390213755924678,-0.9744238317004061,0,-5.344249207590995,0,-4.657254093128069,0,-6.189065290830835,0
98,3,1.0,0.010887741742451131,-8.147559852359016,0.02198094508288676,-403.64761496957476,0,-599.7727041971343,0,-731.4595806501035,0,-940.0504305544532,0
99,2,2.0,0.0004818785666850839,-0.17748668706380516,0.010567627517694324,-0.03894727624473493,0,-0.0389471346335164,0,-0.03894727624473493,0,-0.03894706984847085,0
100,6,2.0,0.004208914315356136,-0.028685704063918842,0.05833804487862052,-0.0016322076661812032,0,-0.0016951274120951682,0,-0.0016676825338631232,0,-0.0018801738285805633,0
101,5,2.0,0.001536788396087519,-0.010624704878414853,0.48099354965994157,-0.00010771135781823899,0,-0.00010584869780302032,0,-0.00010560981604829128,0,-0.00010988353620753233,0
102,2,2.0,0.0005779408607653838,-0.28049750572507237,0.028084224958452815,-0.7516447858627848,0,-0.6188464212330986,0,-0.7516447858627848,0,-0.7525142707054231,0
103,8,2.0,0.009210985180612054,-0.05793619558537516,2.0519939791594726,-0.0003274257597138758,0,-0.0007002844320387501,0,-0.0005832451032315726,0,-0.0007225188383624002,0
104,5,2.0,0.00036246181654624366,-0.19126447724193935,1.4236745378629874,-0.012326331563895144,0,-0.012463551000192577,0,-0.012460986928975277,0,-0.012624690332313511,0
105,5,2.0,0.017625225294278197,-2.1061505447755438,0.0011176652952252903,-854.5518782875863,0,-966.4468924195731,0,-1256.464777427638,0,-1746.7148949420234,0
106,4,2.0,0.0023987967380236074,-1.2390406621362011,8.688003389514618,-0.06174808107414985,0,-0.05789591302127613,0,-0.057816152494209,0,-0.061763404804894353,0
107,7,2.0,0.008254259072731864,-7.328949936261042,0.001375750251602427,-3.90366656104743,0,-20.106492988848913,0,-17.8590956279113,0,-41.35584888968879,0
108,7,1.0,0.004642035479909543,-3.832243617974193,0.23897967939945455,-12.058079503530688,0,-28.085818423687098,0,-24.26729221497264,0,-29.96078940562386,0
109,4,1.0,0.005913442415077902,-0.011870336858159632,0.03992908694063979,-0.00017514343615592323,0,-0.0003036099269737428,0,-0.0002869800283828237,0,-0.00037523570039214166,0
110,5,1.0,0.002290208131569343,-2.5875200197129016,3.8623003129895186,-0.1575910197251258,0,-0.15755668868683292,0,-0.15721074172869398,0,-0.1576491907983134,0
111,8,2.0,0.00036312544498805677,-0.12777484884447232,0.6295119377686059,-0.0011199992236662591,0,-0.0011120800036631077,0,-0.001112109959061306,0,-0.0011285346734649735,0
112,4,2.0,0.0009491736066644556,-0.18470794690802625,0.44496498053238914,-0.02359378738164595,0,-0.029098828958462355,0,-0.028658317014305348,0,-0.029691153474683558,0
113,2,1.0,0.00034695806878298383,-0.023226768044538052,0.046797615236933605,-0.004610677030890407,0,-0.004611019231338892,0,-0.004610677030890407,0,-0.004610662264982616,0
114,5,2.0,0.0010833249160470567,-0.5489106919813984,0.001582523320812227,-0.02982303166398026,0,-0.030233066637507022,0,-0.02965197387190699,0,-0.07440441366168216,0
115,2,1.0,0.008859316479107097,-0.06273662200996019,0.0015311422145544951,-0.0003632126752868281,0,-0.00036067642715331694,0,-0.0003632126752868281,0,-0.00020546392947862202,0
116,3,2.0,0.006504551977389005,-1.091800806724886,0.004007246000135923,-1.4580235966388102,0,-1.452281336033252,0,-1.4523064907937453,0,-1.4769483096966383,0
117,3,2.0,0.005865855498204725,-0.024703408407391964,0.005930752438868392,-0.007349256854053132,0,-0.007367625662356048,0,-0.007533642378533857,0,-0.00829076445641503,0
118,7,2.0,0.0016229362202807981,-3.690990450266815,0.01405098676421608,-82.22318591099986,0,-67.42755683648363,0,-63.364117321303866,0,-127.12358708165749,0
119,2,2.0,0.0015215111268969172,-0.02759558536224124,0.01085170633331779,-0.001547480318927194,0,-0.0015282599750204365,0,-0.001547480318927194,0,-0.0005576954376822901,0
120,2,2.0,0.0031326986292728835,-0.014493615865131534,0.3656729239771037,-8.294818350686607e-05,0,-8.293861016270366e-05,0,-8.294818350686607e-05,0,-8.284135512937337e-05,0
121,6,2.0,0.0007827869073101035,-3.873054993645487,0.06803114990747494,-1.4808512073576026,0,-1.7925218043171185,0,-1.7453323694378895,0,-2.138533100606182,0
122,2,1.0,0.005247774629931489,-0.035369610738969534,0.027238942010773023,-0.0009779574875540438,0,-0.0009839869170949651,0,-0.0009779574875540438,0,-0.0008385360410078438,0
123,6,1.0,0.0027357770192740125,-1.6754309146991258,0.006394775778778259,-0.3487279848827711,0,-0.9059575311768526,0,-0.3019914881968475,0,-1.2850008633363643,0
124,7,1.0,0.006345205620890515,-0.14848202429231028,0.04716380007308976,-0.0008884770696625244,0,-0.006957815200866441,0,-0.0020587539707199454,0,-0.007048776757917846,0
125,3,1.0,0.010951730923951693,-5.291297888226294,0.031616661685735604,-423.40860233827823,0,-416.6636458441718,0,-423.4594715887901,0,-388.5806046860278,0
126,6,1.0,0.0032290726688261654,-0.07914015027924952,9.552714487541502,-0.00032256452160211405,0,-0.00032222013934346116,0,-0.0003225782326964848,0,-0.00032404065926051244,0
127,4,2.0,0.004681423253855135,-0.3427431634940139,7.2966436552559895,-0.00804426610590114,0,-0.008044903912114229,0,-0.008044060993141746,0,-0.008045807675439491,0
128,6,2.0,0.0012670717747368684,-2.517071713436832,0.0031813157108413087,-14.203746907796358,0,-26.336841928230797,0,-23.506610201969238,0,-103.95145916784134,0
129,5,2.0,0.025213098633933062,-8.145031617735713,1.675776379321631,-6.525466287800137,0,-16.067920493517615,0,-15.476649551594964,0,-16.07966118505639,0
130,2,2.0,0.0028601254501386857,-0.09276709936719661,0.07657481536838062,-0.05593988298568521,0,-0.05594399119316897,0,-0.05593988298568521,0,-0.055764954739239654,0
131,8,1.0,0.022316342702316888,-0.01690936687820971,0.0033782929492442194,-8.326476092578028e-06,0,-0.0003587086854901361,0,-8.063458961349995e-05,0,-0.0003868291035201074,0
132,7,2.0,0.001284227424392584,-0.01805002691079971,0.0029737904965837125,-2.7456626884116153e-05,0,-4.5888090590168185e-05,0,-8.766809902811812e-05,0,-0.0001549033748430781,0
133,4,2.0,0.0004604972692337787,-0.03589122401284802,0.009682060683120212,-0.0005384874202307571,0,-0.000694960973284045,0,-0.0006793559169842728,0,-0.0006956613157993591,0
134,7,2.0,0.004377117122472846,-7.332264749769683,0.05673268668514972,-8.23092334174629,0,-61.05627601207726,0,-48.31338275912219,0,-88.60978160112364,0
135,7,2.0,0.002285757502820421,-4.511913795784574,0.04844956646223752,-106.43084431436725,0,-202.752898066471,0,-190.59259497246398,0,-202.80765273142669,0
136,8,1.0,0.025264318509242958,-0.04671965663763096,0.007126818033339586,-0.0002496223072716852,0,0.05844552771720801,1,0.0035288138871088504,1,-0.14393453433018658,0
137,5,1.0,0.012417714229626441,-0.8970215541282477,2.2394217749975183,-0.15887411708104002,0,-0.17302377997309687,0,-0.16738386001063177,0,-0.17473732518024782,0
138,3,1.0,0.0003215931315060404,-0.13995764914707326,0.03821209456558263,-0.0002683380109814171,0,-0.0002613196437523668,0,-0.00026154061713923316,0,-0.00033016839028238154,0
139,5,1.0,0.0029787157704182447,-0.3453705869745384,0.08979280393711728,-0.0005660363557555836,0,-0.0008844635865207229,0,-0.0009032701026936429,0,-0.0008819216680576725,0
140,5,2.0,0.0006964557839425654,-7.594255023078764,0.0048811605031676576,-53.39564774766586,0,-58.376032413022585,0,-53.59578885654355,0,-68.40948897270391,0
141,8,1.0,0.0026786015843496143,-0.5049925809461072,0.2524412572200442,-0.3286391954684431,0,-0.4987558714481447,0,-0.4863292053129543,0,-0.49878974403657594,0
142,6,1.0,0.0014433409032290397,-0.01624631423614208,1.5006002219320027,-1.642660768926327e-05,0,-6.98684078084524e-05,0,-3.849213240421274e-05,0,-8.080793511693903e-05,0
143,2,1.0,0.022098127893228212,-1.5297098105761564,1.547427881337156,-0.7553321906385861,0,-0.7552519871096819,0,-0.7553321906385861,0,-0.754110324988652,0
144,7,2.0,0.01209786164137519,-0.11153786707711875,0.2804171804172006,-0.0007072571932364435,0,0.00023857545504650177,1,-0.0034373223206826016,0,-0.0034846742464194787,0
145,3,2.0,0.0006892952519196902,-0.06336386544220551,8.045571900744866,-0.0002460938023392826,0,-0.0002460989964036834,0,-0.00024609522819701325,0,-0.0002461136891365161,0
146,3,2.0,0.001043322150042518,-3.0856543117649866,0.05849628103155895,-4.412486858091626,0,-3.717372279548684,0,-3.7231579015037255,0,-4.762392316475783,0
147,7,1.0,0.0006744082900011397,-7.680212903284357,1.2614049530407707,-17.242017630153608,0,-19.808925354120717,0,-19.037447538162265,0,-20.948681947113997,0
148,7,1.0,0.0035112292127902926,-0.19441424539621477,0.2990724724053591,-0.0016101644511752333,0,-0.0017800936822659971,0,-0.0022514027658244867,0,-0.0027623702433628022,0
149,5,2.0,0.026216232726741062,-0.24017640888307082,0.521688571040902,-0.04873015512450957,0,-0.05130418813200521,0,-0.05111082966685984,0,-0.05380972663920522,0
150,6,2.0,0.0024263715310396095,-5.558541505346522,0.01810512221086224,-273.4698822550531,0,-137.97627819099796,0,-141.98145050467986,0,-262.9642525154285,0
151,8,2.0,0.001048058175871992,-0.2881903767007342,0.07542331993997467,-0.21753273705698228,0,-0.37758373956632973,0,-0.2360624100385173,0,-0.3763540427723737,0
152,7,2.0,0.005412434391054426,-4.142730946516703,2.033756453828871,-1.5130558942716688,0,-4.019950034184355,0,-3.8442008422534055,0,-4.084254953955012,0
153,5,1.0,0.005136892857711874,-8.291306007460058,0.017801881928760508,-448.8081930978922,0,-1892.4778425036493,0,-1822.6638928333134,0,-1925.769046654864,0
154,8,1.0,0.024786234738632222,-0.01742600893109934,0.46026403848539627,-8.096484528362065e-06,0,-3.389081481684856e-05,0,-6.9872747956431286e-06,0,-3.724685741122492e-05,0
155,5,2.0,0.000566114941827788,-3.8538958067662317,0.5485886160976332,-1.2850803395253685,0,-1.2530121979402615,0,-1.2527709754129983,0,-1.3321989649359907,0
156,8,2.0,0.002025807173746547,-0.3009352528186425,0.033093278063431895,-0.17722062688137163,0,-0.28605324756269734,0,-0.26760069069720704,0,-0.2908192328140906,0
157,8,1.0,0.013733217933253598,-0.23462312624558185,0.04075063371182454,-0.016190190523296066,0,-0.6276604100478618,0,-0.61959538813212,0,-0.6542831093961845,0
158,6,2.0,0.019952268669166842,-0.011333332249922536,1.0910560216856793,-2.6416802895809556e-05,0,-4.8423641954316304e-05,0,-4.7003725150897836e-05,0,-4.868190571229907e-05,0
159,7,2.0,0.011577818194068206,-0.8513818579500396,0.03982490825462337,-8.579301308702723,0,-8.679081898195443,0,-8.573463656908343,0,-8.86247754825851,0
160,2,2.0,0.008835658253913331,-0.21788207471039658,2.3120844575165056,-0.010209625542926587,0,-0.01020976940012815,0,-0.010209625542926587,0,-0.010188528772703327,0
161,3,2.0,0.0004857391620616937,-0.058606395138070255,0.10816228984420452,-0.0019756743535505085,0,-0.0019556723175084677,0,-0.001967177791430826,0,-0.0008854995487144173,0
162,8,1.0,0.0006964285499217558,-0.012748639444620282,0.4282465183127631,-1.1723653021786923e-06,0,-7.836406069815411e-06,0,-2.614916078906267e-06,0,-8.700989580921487e-06,0
163,3,1.0,0.005321123673158643,-0.022182690791613353,0.7355595167274437,-1.3650484552218045e-05,0,-3.894100143937902e-05,0,-1.2687564899941327e-05,0,-3.96596873743934e-05,0
164,5,2.0,0.0013409215472837456,-0.03433523316839244,0.033356045756386406,-0.00039364693949288723,0,-0.000637087350184997,0,-0.0006483922844019718,0,-0.0006367426034322096,0
165,3,2.0,0.0007401175828893924,-0.04515754549397368,3.499930303011217,-0.00028894887207955204,0,-0.00028894916963581276,0,-0.00028894894537398816,0,-0.0002889487082926572,0
166,3,1.0,0.0068544008446704855,-0.12075671873788299,8.749721569451273,-0.0008317265797554168,0,-0.0008311075687002134,0,-0.0008313604690396237,0,-0.0008324873309304314,0
167,4,2.0,0.014786991562687639,-2.4689699091314328,0.3405074195191401,-7.8290871428702715,0,-8.091519588795927,0,-8.076067418058207,0,-8.908530053912273,0
168,2,1.0,0.014654682709825454,-2.885698986608925,0.31381016170421633,-12.685511431792293,0,-12.687875633252187,0,-12.685511431792293,0,-12.67675501712104,0
169,3,1.0,0.022112864602721393,-4.08745174035303,0.6934193150428353,-11.376610422909408,0,-11.231603549646437,0,-11.18384129884495,0,-11.644183331166301,0
170,4,1.0,0.024338943427015345,-0.030702903836392178,0.003328283198056584,-9.604423114401017e-05,0,0.0009283334389588727,1,-0.00010863025923424363,0,-0.009818433087650014,0
171,8,2.0,0.0028641448854431215,-6.912031847800791,0.19103754214154822,-56.156448543440305,0,-60.21497545426041,0,-59.97455788744381,0,-70.33320325293438,0
172,5,2.0,0.001281687849983558,-0.07950343345049843,0.4025492165310366,-0.00038198408207779175,0,-0.0003432376912434294,0,-0.00034734333908282254,0,-0.00027657157361434415,0
173,6,1.0,0.00047115560986369737,-0.14001151144928364,0.1245608346111494,-0.013169965756510527,0,-0.009325109385374869,0,-0.011442721104964124,0,-0.028824322791214115,0
174,4,1.0,0.0007536453028252135,-1.1367516111831169,1.54626759440434,-0.39928035590527583,0,-0.4061315473587033,0,-0.4020016782934196,0,-0.4081115397451408,0
175,4,2.0,0.003035965510845177,-1.2562002680853683,0.0012613820000033809,-0.36004748653863317,0,-0.41664103846346734,0,-0.41341418644162786,0,-0.4288974541786956,0
176,3,2.0,0.010232447802165982,-9.290523731671035,0.0015024067029709397,-7134.690297970526,0,-8378.120669561577,0,-8357.089991294728,0,-11713.310146603446,0
177,2,2.0,0.00141045544086997,-0.31414313664257715,0.004192222508198138,-0.022185009114974008,0,-0.01912566332824639,0,-0.022185009114974008,0,-0.018202516921990153,0
178,7,2.0,0.0005463000799908237,-7.5326580631701265,0.05719736618082314,-0.08529744162041197,0,-0.10867746688148827,0,-0.10937473157326849,0,-0.11513599748025172,0
179,3,2.0,0.00345840289558376,-0.2600639216500866,0.17856228442108654,-0.16858145131247854,0,-0.16906792688866623,0,-0.1691084039292252,0,-0.16915340811950508,0
180,7,1.0,0.0019693931004843733,-0.514862748846467,0.04651644679055523,-0.08298834720205761,0,-0.07939297779390309,0,-0.07908021686209343,0,-0.09065348786263305,0
181,7,2.0,0.0003396282063956689,-0.11298244113512652,0.04426273159513914,-0.0008903544814719555,0,-0.0019353976733527956,0,-0.0013396538485456744,0,-0.002577842904308514,0
182,2,2.0,0.0016256230047464546,-5.774239117579314,0.08049005716243061,-62.19021441169298,0,-62.190162669282415,0,-62.19021441169298,0,-62.18938507130048,0
183,6,1.0,0.0003668536087479684,-0.02430420661144384,0.06782978815032889,-0.0012091632163440725,0,-0.001829586833615514,0,-0.001216098697144926,0,-0.0027031211450345358,0
184,3,1.0,0.004767030113546685,-0.05392359035250968,1.4153312838589323,-0.0006170845398524959,0,-0.0006855891252944303,0,-0.0005981545109155728,0,-0.0008834649628847779,0
185,3,2.0,0.003445836425605322,-0.03153194007918978,0.011329428692628884,-0.0004503564232620355,0,-0.0002708101206024896,0,-0.00027085830212205536,0,-0.0004912937444891893,0
186,8,1.0,0.021728805103923873,-2.7524229449860695,0.18106981878297101,-1.1750759297360602,0,-18.43091712702863,0,-19.95405912389499,0,-18.606904616490603,0
187,5,1.0,0.0013838984432646719,-0.317691043991159,0.5746800539154334,-0.0007895963513979559,0,-0.009085588445171142,0,-0.0032749859650222785,0,-0.009048853153871175,0
188,5,2.0,0.002105736264032792,-0.0762128878813699,0.6717257134620697,-0.0009156790628422071,0,-0.0008635798132624588,0,-0.0008657954612399776,0,-0.0009067328273855459,0
189,7,1.0,0.029026457082254244,-0.05181236305011657,1.6073006997368622,-7.178563544961414e-05,0,-0.0003528668246648512,0,-0.00016835330455487242,0,-0.00037947581184923914,0
190,8,1.0,0.0007653444221137819,-0.17973784731870693,0.006710699890427572,-0.0028067592173459666,0,-0.011766444556992273,0,-0.010611333733883566,0,-0.014371270659660595,0
191,8,1.0,0.0037561921461398105,-6.647833542347129,0.018189602066676157,-2.991137266246824,0,-104.47456816588397,0,-3.336694578550805,0,-109.15678565805274,0
192,2,2.0,0.011456475804608892,-0.451277796352703,0.036324748431885386,-0.5033353063983821,0,-0.504334728966775,0,-0.5033353063983821,0,-0.47697236885591376,0
193,4,2.0,0.01813985399865903,-0.17565485639328596,0.0012978432430693998,-0.015553264317953008,0,-0.015554558280159725,0,-0.015577124321707103,0,-0.01554653139793416,0
194,8,2.0,0.02915424315947139,-0.36899861658611277,0.0011432495171780368,-12.324833423409785,0,-43.390577949937466,0,-45.690584991283416,0,-43.419259334137315,0
195,6,2.0,0.00037352969372484726,-8.524160170720567,0.07239264651129095,-1.1981384298525768,0,-1.2103055091379815,0,-1.2104646448697736,0,-1.2103480687677575,0
196,7,2.0,0.0023474731948833283,-0.1875582535313435,4.032275837897942,-0.0034150062130051694,0,-0.003532614461356483,0,-0.003646312952093423,0,-0.003993087230588078,0
197,3,2.0,0.01283079597196637,-0.09710508735011011,4.870764994937644,-0.0008433485321405942,0,-0.0009130596800657171,0,-0.0009410075364798932,0,-0.0009465859250748108,0
198,7,1.0,0.013808535051735989,-0.14735677336179848,0.0019609069813386316,-0.00015727308487800684,0,-0.022093616472756317,0,-0.004449479212151886,0,-0.02184297380231026,0
199,8,2.0,0.00042395557578810974,-0.4744391183553877,0.0036197315565428636,-0.025194032640317943,0,-0.03495564729663059,0,-0.03359806281157063,0,-0.03403881656883456,0
200,7,2.0,0.018820367688100866,-0.023721474673345122,0.912505572377846,-0.00030547915072786394,0,-0.00030323214262624714,0,-0.00030527490583048415,0,-0.00030710583486257036,0
201,6,2.0,0.024055684925190005,-2.9579775800507773,1.456023139140701,-2.69335592372968,0,-3.00403158312574,0,-2.950325293200514,0,-3.004612600709304,0
202,2,1.0,0.0022490373216526847,-0.12471441687439024,0.2618842993090886,-0.028515815410245744,0,-0.028414673101251918,0,-0.028515815410245744,0,-0.028330254319711902,0
203,6,2.0,0.00631980595683342,-0.4579984751481101,0.02179351315708371,-0.09407248757389652,0,-1.288165777265963,0,-0.5650844282123382,0,-1.3524341483448912,0
204,8,2.0,0.0009507109376057205,-0.07274279495898321,3.82630041017731,-2.4752316423678556e-05,0,-0.00033280709068888594,0,-4.5275760620665196e-05,0,-0.0003481180681849601,0
205,8,1.0,0.0010500163452539103,-0.05123214846648166,0.025295351908540712,-6.78440324761373e-05,0,-0.00016120349810637424,0,-8.812353388498034e-05,0,-0.00021795153056121397,0
206,7,2.0,0.0014440015523126866,-0.5403430841401611,2.03385698941861,-0.026425737673496513,0,-0.024467481098834953,0,-0.025710327553227316,0,-0.03183447525033119,0
207,5,2.0,0.001023937712684523,-3.370619513078328,0.02434818121343299,-0.3465910425706795,0,-0.3485820909156132,0,-0.34642344062345387,0,-0.3488217213463827,0
208,8,2.0,0.00218372548520726,-0.6429852630174366,2.8919858460322985,-0.060839268089803465,0,-0.06378986263345232,0,-0.0633698146829297,0,-0.0652887861867735,0
209,5,2.0,0.0024379382272162364,-0.1796892336323595,0.17707825483453032,-0.002911925101513377,0,-0.029090957488259385,0,-0.015656430904162758,0,-0.037637293596732575,0
210,8,2.0,0.009491352544762561,-0.5442828608128204,0.9376722820974884,-0.01320068859135487,0,-0.0914869898805839,0,-0.01635420926326145,0,-0.13737590305764466,0
211,2,2.0,0.0010141784763263717,-0.6860484852516044,0.04057040439779118,-3.9025166945341843,0,-4.140426386443403,0,-3.9025166945341843,0,-3.899992547662443,0
212,3,2.0,0.011030578087088143,-0.09411810326496184,0.01240858853164033,-0.000493052908834779,0,-0.0005644266339299708,0,-0.0005650941444416135,0,-0.0007606356958996252,0
213,4,2.0,0.0019672542919848784,-0.352844197704244,0.010467263053207892,-0.2564384593154134,0,-0.2571872800758488,0,-0.2571981514476729,0,-0.2582453173451773,0
214,4,1.0,0.0008421044514631237,-2.3559851616192353,0.0036516240561178027,-0.12060585375274968,0,-0.12048128876347164,0,-0.11974560002693124,0,-0.13398017016106678,0
215,5,1.0,0.005031948762960644,-0.4926049608758663,0.050657763262624944,-0.1350658893909742,0,-0.5532089789819534,0,-0.6891994385056925,0,-1.2705816814775133,0
216,3,1.0,0.02536622165558031,-0.019111340793456957,0.2739456509754333,-0.0005176800292376173,0,-0.000561806513073604,0,-0.0005630596889851515,0,0.05166457367789598,1
217,8,2.0,0.0012756407130929796,-0.10715803086208231,0.004862103264035623,-0.0017088386100494457,0,-0.02195661015362882,0,-0.016115973905361125,0,-0.06849923040064865,0
218,5,2.0,0.000673340767155983,-6.8574971702971155,0.18475518432742977,-31.935612665252037,0,-35.18544810994592,0,-33.439144441283105,0,-35.52654086562647,0
219,2,2.0,0.0019554713735141804,-0.19652383602893783,0.0636290024699679,-0.02124304833224283,0,-0.0283907609112678,0,-0.02124304833224283,0,-0.00912847157258767,0
220,8,2.0,0.00047468196783346476,-3.6190333303988327,2.2237602575940927,-2.623536753219833,0,-2.8014244966408537,0,-2.5700557961463684,0,-2.829386168131981,0
221,3,1.0,0.0003833450529180528,-0.059596245890926144,0.005681263270992932,-0.0009005730529418332,0,-0.0009006214186535466,0,-0.0009006432741132664,0,-0.0009006275327502755,0
222,8,1.0,0.010902005422843752,-2.8110597549912617,0.02948878553928952,-12.934859997975323,0,-132.51264045389283,0,-117.56479315882471,0,-133.02243456595588,0
223,4,1.0,0.007747829397714034,-1.4516146362696376,0.05753760718558994,-0.01184495481257386,0,-12.61688512861861,0,-0.05073685182168575,0,-15.56725327801116,0
224,6,1.0,0.0106165526113804,-1.7895581561615157,2.4924201160776778,-0.6409209304893015,0,-0.6424178354645518,0,-0.642230181460867,0,-0.642450000965137,0
225,2,2.0,0.012066789304385562,-7.075643326675573,0.4876155485621592,-28.14530359100979,0,-47.11902854780298,0,-28.14530359100979,0,-27.53856260840532,0
226,5,2.0,0.00854718438286356,-0.031571283317966256,0.2452724891917023,-0.000855953661371573,0,-0.0020242252528693944,0,-0.001961265862881028,0,-0.002031856533414473,0
227,8,1.0,0.0003595858679782733,-0.22231569093632736,1.0941302183119175,-0.01563608932946628,0,-0.021222800435420443,0,-0.0213786516656404,0,-0.02184828901757781,0
228,8,1.0,0.0018436381319596447,-0.47667067272827235,0.33494826176796616,-0.13549889049993383,0,-0.26859817048541723,0,-0.2767382199957832,0,-0.30281986897476537,0
229,6,1.0,0.0010941342377307872,-1.6746566741517694,0.20728202595839612,-1.8175427442610737,0,-1.8179674391365,0,-1.832210429300031,0,-1.8484281718858,0
230,8,1.0,0.000802086313765028,-0.0314831511993678,0.04803702762470823,-1.4647552090553406e-05,0,-8.418147266003873e-05,0,-6.771714706187322e-05,0,-8.467779892301977e-05,0
231,5,1.0,0.012538586916804616,-0.016860853705921542,3.861952803632347,-1.1919430227618341e-05,0,-3.5074485495740334e-05,0,-3.228628309425984e-05,0,-3.554342964161158e-05,0
232,2,2.0,0.028492029685178683,-8.725042718367552,0.004849109375278132,-267.1251531717962,0,-268.57649212655815,0,-267.1251531717962,0,-266.88328722506776,0
233,6,1.0,0.010772859266815779,-5.555744448961016,0.03766929459656542,-1.133958618641259,0,-37.756834283517605,0,-3.454640144996006,0,-73.03021535940462,0
234,7,2.0,0.015021309636206105,-2.372652434672694,0.004133042056360123,-0.05930551675146489,0,-0.2949791744235881,0,-0.1787681805651573,0,-0.3074873020038922,0
235,6,2.0,0.0008750624819997611,-0.34161841009675176,0.027779046877632788,-0.0018256867774502084,0,-0.0017728377169703435,0,-0.0018914203526545492,0,-0.0019493803171695134,0
236,8,1.0,0.0015981966300528216,-0.11122192014279574,0.07397297940135025,-0.029575763212119778,0,-0.08007478661058716,0,-0.07948675818608758,0,-0.08024368806147263,0
237,7,2.0,0.016926878451479437,-1.0700809752056581,0.2294304150578874,-2.4762327022217674,0,-2.4951973851677116,0,-2.4940618640920764,0,-2.495335409352942,0
238,6,1.0,0.0036412200282058657,-0.013661658198489727,8.562995700070273,-1.0620744379186923e-05,0,-1.0863086385198656e-05,0,-1.0862807306710382e-05,0,-1.08659447615976e-05,0
239,4,1.0,0.00627989686818433,-0.01117631963890584,0.0036860745566735893,-0.00016220977718328644,0,0.00010976757987788202,1,-0.00018304429447927803,0,-0.0012329597070306238,0
240,5,1.0,0.002549567982558685,-2.3177589574570754,2.848327273946981,-0.8618383473162317,0,-0.8791284603079333,0,-0.8794138908831504,0,-0.9064877242652479,0
241,3,1.0,0.0013800746007346612,-0.4474702073214889,0.34360926809267384,-0.027951419690825652,0,-0.0252875567892471,0,-0.025289755015518056,0,-0.030520887276909714,0
242,4,1.0,0.0017110041245599961,-2.06679693188111,0.002133813577434803,-0.46437688268088095,0,-9.15067266138169,0,-2.726437727207326,0,-139.8260524698852,0
243,6,1.0,0.001451839681783828,-1.0894220878895207,2.508269457334731,-0.2268453617250331,0,-0.23341046181438047,0,-0.23324927124675887,0,-0.23528730759477612,0
244,2,2.0,0.0007554183200899641,-1.8944946726931176,0.7040272805711449,-2.4901527525847262,0,-2.490147951039018,0,-2.4901527525847262,0,-2.4900851136642093,0
245,6,2.0,0.0009938491235772426,-0.4961318436675985,8.320033270570814,-0.014090457601290164,0,-0.014393553398253845,0,-0.014268552516676742,0,-0.014519457710557472,0
246,4,1.0,0.001821907389120377,-0.15845081919161969,0.028001096509804632,-0.007456125600338592,0,-0.007045328186813082,0,-0.006314876252199675,0,-0.007856015934628202,0
247,4,2.0,0.007977235372496541,-0.808142212591875,0.07511613286125295,-0.5101648848467177,0,-0.5099826225752535,0,-0.5097157728130504,0,-0.5128381160245081,0
248,3,1.0,0.005941584871226491,-0.019150231728340118,0.08789593951636715,-1.290120754339659e-05,0,-2.1693877263991197e-05,0,-2.169123368797989e-05,0,-2.426776385192498e-05,0
249,2,1.0,0.0005356327639355989,-0.07150866798279147,0.7795237614367242,-0.003150004380613066,0,-0.0031499444571049893,0,-0.003150004380613066,0,-0.0031499441919743965,0
250,3,2.0,0.010696510254311968,-1.314869703458587,4.791197826966878,-0.1036723045578535,0,-0.15283012686250214,0,-0.1570696371090353,0,-0.1705844206394821,0
251,6,1.0,0.0014188605868351587,-0.6947235323843751,0.044566150049223104,-0.00021924848478338532,0,-0.005842968032381712,0,-0.002879966121522415,0,-0.007135959865397723,0
252,6,2.0,0.003428761066597124,-1.9848341382571695,7.48933849300735,-0.1660033702466046,0,-0.24565323302749462,0,-0.21573996908431492,0,-0.26127400027186237,0
253,8,1.0,0.0008244261761438012,-7.077741668646519,0.001360311348530509,-2.2643197052129835,0,-19.65278413831402,0,-27.69342778430655,0,-96.34633305032912,0
254,4,1.0,0.02090092557518221,-4.765405057756417,0.004980600737682398,-9.39664967716135,0,-16.76242987652813,0,-20.31292511131187,0,-16.900517140390548,0
255,8,1.0,0.005668283100143254,-7.098848437396405,0.24861552339673723,-1.8362862270592615,0,-4.5923169709032265,0,-3.6144483672678263,0,-8.43284504367746,0
256,3,2.0,0.0057405031230568565,-0.07530212657488887,0.0020375149690597667,-0.4037407424047986,0,-0.4161731593547263,0,-0.40606102844424785,0,-0.42046388000683466,0
257,4,2.0,0.0003422638398888094,-0.04232346381654238,1.6432112773460126,-0.0005446394106512381,0,-0.0005446392347428999,0,-0.0005446392872203282,0,-0.0005446414733619256,0
258,2,2.0,0.008106501118112053,-0.10549213791186195,0.10479767177544798,-0.04976088880924074,0,-0.05196368538249835,0,-0.04976088880924074,0,14.408073185359502,1
259,6,1.0,0.010430291799896933,-4.551332047331587,0.6881873408866443,-5.211403461688624,0,-15.026752146922822,0,-12.626587940860242,0,-15.03396213708811,0
260,2,2.0,0.01297668938194109,-0.04494796262624297,8.05900991908253,-0.00012534528933402875,0,-0.00012534509272581367,0,-0.00012534528933402875,0,-0.00012534504855204272,0
261,8,1.0,0.005519598333440518,-0.22347939496828154,0.14270204393835248,-0.0001229819000209409,0,-0.00033616073177256123,0,-0.00015378393652265565,0,-0.000338461410317209,0
262,6,2.0,0.0003353861730821393,-0.06463063660169602,0.015557101425402944,-0.010626069858251014,0,-0.010598739084456951,0,-0.01061369147370718,0,-0.010711537262692722,0
263,4,2.0,0.01314387643263262,-5.678710311946835,5.378278286439191,-2.695589481365755,0,-2.9911010890334313,0,-2.989986184051949,0,-2.997061104040658,0
264,2,1.0,0.0017282512308288182,-0.8261015244718818,2.2486271857734663,-0.14785937119439968,0,-0.15092050448001124,0,-0.14785937119439968,0,-0.15158474634748095,0
265,7,2.0,0.0007145902077976845,-0.042613594194442134,0.16966663310456181,-0.001124702077532208,0,-0.004405304144546142,0,-0.0011058460853418618,0,-0.004402601048203665,0
266,3,2.0,0.010842466018104764,-8.662772256411015,0.01149669380027996,-15.506249651122289,0,-30.109937539238672,0,-28.464038270939,0,-29.674820593201275,0
267,5,1.0,0.0018635009994892318,-0.014509530742017582,0.0033196960184459835,-0.0005083616012591906,0,-0.000648239933583216,0,-0.0006104252512483289,0,-0.0011429533708025436,0
268,6,1.0,0.003919539449719614,-0.523687899667928,0.0036326943400621027,-0.04604507754429932,0,-0.20964950634618873,0,-0.15281899769400553,0,-0.6099339572865361,0
269,8,1.0,0.008176776062165053,-0.0258758892553556,0.07548503877804927,-0.003416676399733153,0,-0.004435021638309171,0,-0.004433744436579337,0,-0.004435044338486292,0
270,8,1.0,0.0050680775134077935,-0.280266231643699,0.009858979941548681,-0.007156720777130143,0,-0.06062708488613522,0,-0.024733527645610653,0,-0.10333566903455083,0
271,7,2.0,0.0011404373650332335,-1.1162380952998003,1.2862276235817582,-0.01787473144358015,0,-0.024976408000923433,0,-0.024969539345262526,0,-0.03749637526997496,0
272,6,2.0,0.02272417596996715,-0.03334652547551725,4.912878662139325,-0.0001119442512648744,0,-0.00011303291810169403,0,-0.00011279249868295893,0,-0.00011311630456978335,0
273,4,1.0,0.019115100120232462,-4.47701224609863,0.3432241996917438,-0.1639839271998511,0,-0.19537592247913338,0,-0.16677558565179496,0,-0.2404340280913857,0
274,2,2.0,0.020918711355733394,-0.7666619602519313,6.736102692203672,-0.014002770686043029,0,-0.013082543003843258,0,-0.014002770686043029,0,-0.007030069364636883,0
275,4,1.0,0.0011423628247797378,-0.020095219726437703,0.0017278508204976218,-5.14587071952094e-05,0,-0.00017125997841004048,0,-4.934964888787807e-05,0,-0.00017386244098718806,0
276,8,1.0,0.0037760923662091884,-1.032705469173447,0.03058717411957821,-0.12141227217272643,0,-0.4300517407565607,0,-0.16015836011587226,0,-0.5317805160230158,0
277,4,1.0,0.0008172572036889028,-0.06809060006985948,9.218182556135702,-6.037686816935651e-06,0,-6.364418688767869e-06,0,-6.027220790258718e-06,0,-6.364499862653895e-06,0
278,2,2.0,0.0011110647301311113,-3.4035724465299144,0.035999485406509095,-31.142957646644987,0,-31.244837729537153,0,-31.142957646644987,0,-31.08727205658394,0
279,6,2.0,0.0043850389825986335,-0.2568213910465311,0.005882149036066073,-0.880426308998719,0,-1.9980957276808113,0,-2.876822245527231,0,-3.022418869938063,0
280,8,1.0,0.0276174689546337,-0.04700503236994876,0.007213063578585167,-0.003670882683728699,0,-0.129475964664414,0,-0.018382870519099898,0,-0.13944338805961679,0
281,2,1.0,0.00939284081064308,-0.023120974063304274,0.01928328605456809,-0.0008207007622261005,0,-0.0008160862691247578,0,-0.0008207007622261005,0,-0.0007838446734267368,0
282,6,2.0,0.005799107884803928,-0.3033945053795387,0.0032698725202280543,-0.003381930699848823,0,-0.04978995045004453,0,-0.10752041747344165,0,-0.5484407806913207,0
283,6,1.0,0.0006840304269937027,-7.93104949661148,0.06496804749010875,-2.35112672995092,0,-1.796349067183428,0,-1.95809204333068,0,-4.006748744995889,0
284,2,2.0,0.0011626501451221262,-0.8039672515758833,3.5752401738024626,-0.08302631975186996,0,-0.08211733602766495,0,-0.08302631975186996,0,-0.07898820724061795,0
285,3,2.0,0.0030739857286342337,-0.3060507061569281,0.00263974792617383,-0.3345087467590666,0,-0.33421195922125335,0,-0.3345598631019442,0,-0.33092685797131693,0
286,5,2.0,0.01803236129443292,-0.17001480122272083,1.47871394484199,-0.009605351123100079,0,-0.00977155534956201,0,-0.009767455173130466,0,-0.009771536690377986,0
287,2,1.0,0.0006344217742832325,-1.949372131811586,0.0035280556761943228,-2.4666920222346107,0,-2.4626407100128063,0,-2.4666920222346107,0,-2.407249221310394,0
288,4,2.0,0.022057483478739492,-0.014611015139181616,0.017824625583702163,-0.004405444642789419,0,-0.004456278189676225,0,-0.004389991918093296,0,-0.004530866155604907,0
289,8,1.0,0.02242474673767699,-0.1546557880724528,0.07132347356170148,-0.08557003901127588,0,-0.16500266962192897,0,-0.08604659295534897,0,-0.1665859862564502,0
290,4,1.0,0.006392136082077234,-0.5699581560486976,0.0032156445991455233,-2.681482993386382,0,-2.9599215972966277,0,-2.954898431336005,0,-3.154752404288274,0
291,4,2.0,0.024061374539528124,-1.3743316547325974,0.0029196008073410023,-7.830717467382897,0,-62.042416278168105,0,-40.46354173268725,0,-61.44565888949688,0
292,3,1.0,0.000624839089640065,-1.3373239365427172,0.003572131400148666,-3.1435989290377506,0,-3.148332716540807,0,-3.1484388024097143,0,-3.1526774597740825,0
293,7,2.0,0.002804649419157595,-0.8415699396297434,2.5246718187106465,-0.14022017889139549,0,-0.14021655587788598,0,-0.1402115165499698,0,-0.14024217534924882,0
294,5,2.0,0.0008208782230729676,-0.04793628413081586,0.004312118894583453,-4.515082432837714e-05,0,-5.967035786191843e-05,0,-5.979990788479439e-05,0,-6.59527409012095e-05,0
295,7,2.0,0.010293910558421052,-9.031977135533017,0.02556674012408726,-31.827122153407345,0,-1561.5270642125208,0,-977.1212768148155,0,-1591.573765706961,0
296,8,2.0,0.028206626580917674,-1.3009391748727541,0.0034174584185174737,-177.95659058170736,0,-215.95915218469895,0,-219.91947232185254,0,-218.80241248232383,0
297,7,1.0,0.0009625154091547532,-0.6023587347646799,0.007282980898756363,-0.09419706665837779,0,-0.12296526358362314,0,-0.10985810260878281,0,-0.12308378733507297,0
298,2,2.0,0.0009625981223403561,-0.18701357191688658,0.06051616354453568,-0.07303786803599979,0,-0.07305991002998374,0,-0.07303786803599979,0,-0.06762175393311315,0
299,4,1.0,0.0024092996362795535,-0.014696574834734761,0.35527601891882704,-0.00012134088250340111,0,-0.0002874935201134019,0,-0.00027641579879117417,0,-0.0002940771267506244,0
300,8,1.0,0.0022694478821749338,-1.081395843584288,1.8820432064973471,-0.009400176498219781,0,-0.00256156971557453,0,-0.007522374607901394,0,-0.0025616678612128685,0
301,8,1.0,0.006986836422496181,-0.01631622027069952,0.5166479640931538,-0.00011678154649850118,0,-0.00024832878426524636,0,-0.0001987878605399808,0,-0.00025183683677477254,0
302,4,2.0,0.0020352182098971015,-0.864723017620386,0.0034408349619618125,-5.3189619130781125,0,-9.355880076922134,0,-8.841520999510522,0,-24.286622695824676,0
303,3,1.0,0.0010917619420078993,-0.07159169816262857,0.5168238559088019,-0.0029851981282996323,0,-0.0029840977186844876,0,-0.002984749294598576,0,-0.0030178490997731728,0
304,8,1.0,0.003698586272705727,-0.5161805912568656,2.740359952836448,-0.045434738349500375,0,-0.047438414821757334,0,-0.04704380590140533,0,-0.04773733937950174,0
305,2,1.0,0.0008820190284802106,-0.03227761697203301,0.004850638739970178,-0.0007420466091476174,0,-0.0007420464885868616,0,-0.0007420466091476174,0,-0.0007420159527092435,0
306,7,1.0,0.014422961916440252,-8.412490724880685,0.00801382741412727,-1200.933061597042,0,-3776.0117320912454,0,-1934.9355363030613,0,-4158.108781746627,0
307,6,2.0,0.007127975222572153,-0.014823201161491974,1.7071560249731113,-6.382047228047517e-05,0,-6.418717639256165e-05,0,-6.417309958329694e-05,0,-6.419921245425388e-05,0
308,8,1.0,0.018035196183476324,-9.725450572582979,1.8044397487273003,-17.275194348252324,0,-26.12817676919214,0,-25.006001647106256,0,-26.176566705522976,0
309,3,2.0,0.0003796536396145502,-5.5991004291960085,0.0052569663126239815,-28.431097219503954,0,-28.353600263248154,0,-28.35408026120558,0,-28.50167130253385,0
310,4,1.0,0.0006028931337140552,-0.02479038862410511,0.1857094162278863,-3.0905886766094924e-07,0,-3.362403811939859e-07,0,-3.7485235814959e-07,0,-5.184736781831817e-07,0
311,3,1.0,0.0005485441599510771,-5.542287450500916,0.010172196805303747,-0.6924942591406307,0,-0.6925046943370035,0,-0.6924883207104813,0,-0.6925150917425071,0
312,3,2.0,0.0011253620262071274,-0.4153862902240162,0.011822221119341914,-0.53097107095184,0,-0.5306682659399362,0,-0.5306700137962022,0,-0.5311191571663461,0
313,8,2.0,0.003486648223247548,-0.010624611185711773,3.7595095378022485,-1.3360157270048891e-05,0,-1.3889859932207245e-05,0,-1.3847303166834339e-05,0,-1.4153263307050505e-05,0
314,6,1.0,0.0010053895077452295,-0.19564866590563199,2.774597552369384,-0.0011074010097340894,0,-0.0015070979778927032,0,-0.0018476410000319923,0,-0.001987057859097729,0
315,3,1.0,0.00440842822940068,-0.16637306720255102,0.0010372822274867881,-0.401550756006932,0,-3.8787616901454065,0,-0.48068542744973364,0,-7.0583591980832665,0
316,5,1.0,0.002729549460166718,-0.25215161543371706,0.02934484874318071,-0.8319680640442737,0,-1.0805814984383624,0,-0.9758941114514128,0,-1.0821028831278325,0
317,8,2.0,0.0311983208360931,-4.672189080128544,0.0014435806047706605,-0.45632397952522297,0,-4.411783691484743,0,-1.6283258435678363,0,-6.168576229259088,0
318,3,2.0,0.0011197230712724378,-0.024568175167744736,6.359989509116275,-4.7214648523206524e-05,0,-4.740361692535536e-05,0,-4.739736552659442e-05,0,-4.744440049947315e-05,0
319,8,2.0,0.003987299075788907,-0.7032836375098421,0.004954216168750894,-1.1488652822576668,0,-7.803179051788419,0,-7.691434595491927,0,-27.073236462001844,0
320,3,2.0,0.02484466155071569,-0.40982705979768436,9.474495899935823,-0.008285373427619359,0,-0.008266999181240872,0,-0.008267087263882464,0,-0.008350505169236693,0
321,2,1.0,0.002329829585711187,-0.0505433609003028,0.019434907177568846,-0.0017782333505684256,0,-0.0017782334345756157,0,-0.0017782333505684256,0,-0.0017781229345289612,0
322,5,1.0,0.024288874150002564,-0.021279813136192767,1.0329657542301285,-0.00021322117294277464,0,-0.00021887909763787072,0,-0.00021885871885267319,0,-0.0002191692365113354,0
323,2,1.0,0.0016422324062821021,-3.230903298798441,0.015087245297497172,-2.4048400620791313,0,-2.4097715096362435,0,-2.4048400620791313,0,-2.404339968166653,0
324,4,2.0,0.012185443865067572,-3.834937243139253,1.3767780666044214,-3.6710459932672346,0,-5.334941969257804,0,-5.043756831044592,0,-5.339917950303801,0
325,5,1.0,0.02434401624320224,-0.04453337029322448,7.33670297343112,-0.00013386890464335687,0,-0.00013508593485149988,0,-0.0001350530939314698,0,-0.00013511204975282643,0
326,8,1.0,0.025060146026777357,-0.038267758396998815,0.0018583251677513134,-0.015832768905076455,0,-0.24754989207711844,0,-0.16409097326815458,0,-0.25545755278252236,0
327,2,1.0,0.0043784030499705575,-4.279038530394764,0.0035333926258526082,-178.24086409442134,0,-107.08066391800185,0,-178.24086409442134,0,-13.554732635248456,0
328,8,1.0,0.0033092811134279965,-0.2201110601375044,0.0020919775283171063,-0.006543117723794012,0,-0.05087576032501673,0,-0.014287865413324496,0,-0.05204315761087486,0
329,7,2.0,0.0010941981286082289,-2.310390166496372,0.002076253960713266,-58.38546617232737,0,-34.69670314638984,0,-41.988979282256196,0,-128.9175010711931,0
330,5,2.0,0.021970512407464126,-1.0133268301205616,0.09087406589615915,-3.908203590294595,0,-5.625281483050736,0,-3.992082280566965,0,-5.648310431907945,0
331,8,2.0,0.008640098378237268,-0.02866010394250076,0.005380293594987528,-0.0013187073471929017,0,-0.01095137249195921,0,-0.00995057631674609,0,-0.017763304907055744,0
332,8,2.0,0.003924099447369912,-6.198636953435405,0.00897920789670342,-206.1571297058988,0,-1367.8460276617,0,-375.566892340652,0,-1537.272177348833,0
333,4,1.0,0.030213799453950467,-0.19222696390483462,0.011970954038750006,-0.21639861925758064,0,-0.3498375484643206,0,-0.19889451727083718,0,-0.4216974692757345,0
334,4,1.0,0.00042642185369540946,-0.5844179906100705,2.2549524149099103,-0.07007187128221173,0,-0.0698456656948889,0,-0.0702545246266824,0,-0.0697939752777372,0
335,4,1.0,0.020168394991010023,-0.5890401457826613,1.659526373409854,-0.10441491322297326,0,-0.10453600244618749,0,-0.10453275934917758,0,-0.10453757196973784,0
336,6,1.0,0.031147412233198255,-0.7247763792842042,0.2707304166922512,-0.08485299147532666,0,-0.6523465654467236,0,-0.7158393548492905,0,-0.8530976592818167,0
337,2,1.0,0.0040923193652848446,-2.196920675953657,0.018256212754672606,-128.58143980902602,0,-128.57871991573757,0,-128.58143980902602,0,-128.5552699131529,0
338,3,2.0,0.0004436229942996875,-0.09352624107822904,0.13118275293074658,-0.0010509414078252247,0,-0.0010890043983271744,0,-0.0010882523214313378,0,-0.0009953989946313094,0
339,3,1.0,0.0006019281492145593,-0.04031260324264174,0.006755455413746858,-0.0022929462234267117,0,-0.0030661906437525477,0,-0.0022970989993262303,0,-0.0034761151356385994,0
340,4,1.0,0.002118682995904122,-0.021101802774239585,5.4657279339506815,-2.247180095634479e-05,0,-2.341318547781774e-05,0,-2.2425295711359448e-05,0,-2.3944630317768906e-05,0
341,6,2.0,0.0018095868574388198,-0.01548399254259727,0.0012683321801383683,-0.00042011342814302077,0,-0.0017739825322839603,0,-0.000969276782604736,0,-0.0018255755824438669,0
342,8,1.0,0.001815777155763868,-0.40676063984558863,0.7091368968234663,-0.10848404351300245,0,-0.11472229157207016,0,-0.11193928163849425,0,-0.11565935828246703,0
343,8,2.0,0.0030071546904066097,-0.023620774785503174,0.8364564986682224,-0.00010668621507013644,0,-0.000330516504681569,0,-0.00018588918169549972,0,-0.0003313572918574133,0
344,6,1.0,0.001611661683232636,-0.017452582194648007,8.003320431449472,-1.886869497530052e-05,0,-1.8983203248301244e-05,0,-1.8831672655543946e-05,0,-1.900344653795744e-05,0
345,7,2.0,0.0006747318374148559,-0.5514121411476098,9.928462254215214,-0.014791172314102447,0,-0.014472855514448768,0,-0.014669709536326462,0,-0.01489836823543905,0
346,5,1.0,0.003747197247716892,-0.5042756076045096,0.013470751240944387,-0.28843136812128023,0,-0.21044886126398765,0,-1.4410700799512872,0,-1.9684561631224664,0
347,5,1.0,0.0007980570955287552,-0.1102646281728144,0.0020724049771369776,-1.9891254328108232e-05,0,-1.9375301301138848e-05,0,-1.9357344616999228e-05,0,-3.73242029341192e-05,0
348,4,1.0,0.004155111364727531,-0.17361792232359222,0.03760043418375328,-0.023317434896085176,0,-0.003987317584574546,0,-0.008371100314820856,0,-0.12815544955429597,0
349,5,2.0,0.014770540364541819,-0.03638342849146712,5.015413241541883,-5.2579382517719064e-05,0,-4.708456318203364e-05,0,-7.202161268235267e-05,0,-5.297672149762113e-05,0
350,6,1.0,0.005137860726413613,-0.09464876631737501,4.8944202180489365,-0.0008680692142934732,0,-0.0009144439696477699,0,-0.0009109392304649597,0,-0.0009145746729432085,0
351,5,1.0,0.002574952775394215,-0.41270236520785364,0.013383380048116284,-0.4655501027791482,0,-1.0848758575910722,0,-1.0897679501290751,0,-1.2104754569723575,0
352,4,1.0,0.0005165613589810825,-1.4186753014087863,0.001319038069668766,-0.052469831834287106,0,-0.05268388278580005,0,-0.047833374697461295,0,-0.07147682888876261,0
353,4,1.0,0.00045489961103951834,-0.014059587280140179,5.155402347935828,-1.7175902111380453e-05,0,-1.8090586352255444e-05,0,-1.7073223737325258e-05,0,-1.8088394481181845e-05,0
354,7,2.0,0.002865475953889458,-0.8876677850236798,0.02510517247564264,-0.06723237229869028,0,-0.8055268760494183,0,-0.4183501704508039,0,-0.8110355629204982,0
355,8,1.0,0.001987520145187538,-0.03516635994228983,0.02720263490078634,-0.0010176550205744789,0,-0.0008811516085569238,0,-0.0006756527641262229,0,-0.0021699585854165933,0
356,8,2.0,0.002386230953610551,-7.844476186052452,3.885429388970211,-4.788237484169586,0,-5.1662602024297035,0,-4.780210386757001,0,-5.476052667567526,0
357,4,2.0,0.004410597108865082,-4.554739561564414,0.01216229178613391,-7.467741231841046,0,-11.113330987095992,0,-6.664932254811447,0,-14.716739329434859,0
358,7,2.0,0.0036604629900007842,-0.057697182667266776,0.0015359751757636911,-0.0003463345837380061,0,-0.0021439333606680933,0,-0.0008957474492194972,0,-0.002222562615985968,0
359,7,1.0,0.01707741384317877,-0.5653085045893491,5.21417700588663,-0.029805832074672578,0,-0.03062090883572421,0,-0.03061318163357597,0,-0.030622292106774425,0
360,7,2.0,0.002110140014946239,-0.018960373906883963,0.00527710583979321,-0.008050140826378366,0,-0.02514442085586492,0,-0.020358808691078433,0,-0.02658196121429216,0
361,3,1.0,0.00035682536860555457,-0.22494501322092195,0.007831234679937226,-0.04740926693295133,0,-0.0474179612599106,0,-0.047407887636337964,0,-0.047482393927343214,0
362,2,2.0,0.00275942050306461,-0.1547086019672812,0.3390651510349013,-0.019014683301118652,0,-0.018491953915915273,0,-0.019014683301118652,0,-0.018281211701732997,0
363,2,2.0,0.00043422533765475805,-0.20072377993028073,0.01877849183909891,-0.5994956936790482,0,-0.5994461377923979,0,-0.5994956936790482,0,-0.5994197274584165,0
364,7,2.0,0.007399242829980818,-1.173655726178401,0.03845355844620904,-16.216453733578483,0,-17.53157320750988,0,-17.310614309169527,0,-17.57532776256174,0
365,8,2.0,0.0020929318548034252,-0.3409299082667365,0.0024130011821711867,-0.033467264363991944,0,-0.12034037184498203,0,-0.135038316527055,0,-0.12302514987769797,0
366,4,2.0,0.000865388774018144,-0.11839184761692957,0.23571753653461683,-0.02482898011475174,0,-0.02473450102321922,0,-0.024552134024809553,0,-0.025307907628468435,0
367,4,2.0,0.005038259151038624,-0.08027152424453977,0.005548499333780651,-0.00040230077451353097,0,-0.0009246238576299248,0,-0.0009206647926962575,0,-0.0011890648540924253,0
368,3,2.0,0.022291023762439927,-1.700707855311825,1.9718850645925827,-0.7329135647048766,0,-0.7330309728455574,0,-0.7330727789122142,0,-0.7330317552625218,0
369,6,2.0,0.0011718736823755549,-0.03506188887377344,0.005493862424808449,-0.03403080626359874,0,-0.04107280185776714,0,-0.042907669320250585,0,-0.04801908754658421,0
370,7,1.0,0.0060075448938077146,-0.013990597810826424,0.0017928512121426585,-0.0005592609099828796,0,-0.04747168365667363,0,-0.04477110306835648,0,-0.04937472343757355,0
371,3,1.0,0.011988695794651155,-0.01092751807797459,5.798814516444813,-1.0156343921643377e-05,0,-1.0158882369208129e-05,0,-1.0156633894155493e-05,0,-1.01656638207038e-05,0
372,3,1.0,0.011452246257077813,-7.412791057600107,0.18241216104094785,-144.89192641265558,0,-150.61869144704596,0,-145.78815417836026,0,-150.6189855588529,0
373,8,2.0,0.000791188655452986,-0.824496764076939,0.003775045764726149,-0.5642173731366,0,-0.547150488621881,0,-0.544402126222252,0,-0.5701302151132381,0
374,3,1.0,0.0015620838120474054,-0.07693095571391906,0.0025572544828332175,-0.0035080382711363267,0,-0.00387049428425823,0,-0.0036584379566375613,0,-0.00394467777104035,0
375,6,1.0,0.00962020680223128,-0.29426532341174366,1.118205575343279,-0.024354347134930832,0,-0.03871421873473182,0,-0.03566332776086393,0,-0.03871767164318971,0
376,6,2.0,0.002556690079636161,-0.06219260726451902,0.002622133461549113,-0.019792579214768735,0,-0.009815964055043924,0,-0.014870543956100435,0,-0.025873139700864245,0
377,3,1.0,0.004868892666380044,-5.405138276845243,3.0877052354070007,-4.462516857329821,0,-4.713768631521873,0,-4.713500525674233,0,-4.728378835248034,0
378,5,2.0,0.001544220837885622,-5.342547815604199,2.5766613736783963,-5.467853682286091,0,-5.496855035873554,0,-5.498745379272822,0,-5.496773179332422,0
379,3,2.0,0.006720153716609907,-0.07338533681192934,3.3741372774434177,-0.000579699834047661,0,-0.0007454017068037737,0,-0.0005767364425268941,0,-0.0007427666130502244,0
380,3,1.0,0.0003525922766347295,-2.8723613532917427,2.1188070086168747,-0.2552593063649926,0,-0.2634225607002407,0,-0.2556424824532417,0,-0.2645320947993055,0
381,6,2.0,0.0005233676891793468,-0.9486326832011576,0.00434822161274596,-1.7706869386778123,0,-1.4209562971196021,0,-1.5379928712480506,0,-1.8935758852718294,0
382,6,1.0,0.008526148201902405,-0.02497967716607303,0.001866146521379835,-4.4451115460003576e-05,0,-0.00013576168703943736,0,-7.821805269486726e-05,0,-0.00022156334735384808,0
383,5,1.0,0.012294470240777478,-0.024190728249911295,0.002268669483403294,-0.0004069472174604849,0,-0.08325805640786337,0,-0.020915574618421945,0,-0.09000237986036694,0
384,6,1.0,0.0033688183440889513,-0.015135078720065314,0.18268817317842218,-8.83927474105246e-07,0,-1.1792174053222842e-06,0,-1.0880421637305153e-06,0,-1.2561554735023885e-06,0
385,3,1.0,0.00047281620328765443,-6.3264301995857135,0.01402405525855862,-7.446177725596954,0,-7.44450636868828,0,-7.443775359339952,0,-7.447187343295809,0
386,3,2.0,0.00038076454413144017,-5.092440126685775,3.723238292961783,-3.4805236683358247,0,-3.4804926287669495,0,-3.480539314817818,0,-3.4805795613812096,0
387,4,2.0,0.0003997345819173097,-2.056692706841571,2.826794444484425,-0.5875450300596347,0,-0.595912471477159,0,-0.5968316613063414,0,-0.5995369420480137,0
388,7,2.0,0.0007704792598011591,-1.0388356835022965,2.694634454405716,-0.08821099875086366,0,-0.08992277018257709,0,-0.08649737773966605,0,-0.09898464420677837,0
389,5,2.0,0.0024539851640700476,-1.5633930286631583,0.7133714795379058,-1.634854773056042,0,-1.5078661262952933,0,-1.5139947721992757,0,-1.6908005390657619,0
390,8,2.0,0.006800833436170689,-0.018139135072546046,0.20612770571024347,-3.618814607806494e-06,0,-1.4393959320699182e-05,0,-1.482708518084385e-05,0,-4.082611989622814e-05,0
391,3,1.0,0.003275868205492204,-1.2365090957181781,8.995367436267754,-0.08497473148732197,0,-0.0849470242357489,0,-0.08496085399466627,0,-0.08497693222229517,0
392,6,1.0,0.001667163749464562,-7.005481534413146,0.6902064358641342,-0.36519607237573126,0,-0.8931210372164244,0,-0.4829110287201601,0,-1.3955133789361511,0
393,8,1.0,0.00037748462481218163,-0.5829221912816928,0.001552923130572895,-0.0073868570182327176,0,-0.007772442710916039,0,-0.007227339113967446,0,-0.008128300660402488,0
394,6,1.0,0.012718690992477796,-0.9316363682436323,0.0011964948792437442,-0.1371852416249908,0,-0.21935288085302318,0,-0.4999382938237886,0,-1.8986352822501544,0
395,6,1.0,0.004844854895129314,-0.014099281789640811,0.13048164892939632,-0.0005337558166409247,0,-0.0007450334092427876,0,-0.0007541969656512707,0,-0.0007604271014793066,0
396,2,2.0,0.01173979822304049,-4.112944077464379,0.02032660631714444,-4.829790769939905,0,-4.814482069939686,0,-4.829790769939905,0,-4.578075918142531,0
397,6,2.0,0.012950950541197393,-0.05878659765118396,0.13592466599101793,-0.0001810874459928849,0,-0.0025385489177721897,0,-0.0011985647011573189,0,-0.0026332468702933483,0
398,6,2.0,0.0004574820960897648,-0.011800090993560023,0.025440440579703995,-1.4931955764629912e-06,0,-1.4800841067362167e-06,0,-1.477212329719941e-06,0,-1.4827416213929016e-06,0
399,8,2.0,0.0004208261723463332,-2.307870793976963,0.0018214499884613537,-0.06129924677497911,0,-0.10209859364658769,0,-0.10069422117089744,0,-0.20101201212401065,0
400,4,2.0,0.01985896300533578,-1.3010630240257994,0.0037827547648826734,-3.5777357606287126,0,-3.3074797082924476,0,-3.648933730073736,0,-4.615211800746863,0
401,7,1.0,0.00441747694444903,-0.11232124283039367,0.020736463999887295,-0.00030211608203861706,0,-0.01439865633712012,0,-0.011618420156115361,0,-0.019240461989327773,0
402,2,2.0,0.0008206431917855571,-0.07627324475314116,7.050918370612646,-0.00041233689181184764,0,-0.0004123354846879026,0,-0.00041233689181184764,0,-0.0004123307389362258,0
403,4,1.0,0.005114967982127718,-0.8270944888900094,0.007165072087507234,-0.01917540613642643,0,0.023270565357968565,1,-0.01446248562007213,0,-0.27319336588261933,0
404,5,2.0,0.011502302999777985,-0.21199651040467155,1.6716042146680334,-0.01299791724314197,0,-0.013435843075665766,0,-0.013428120808489668,0,-0.013442681781847678,0
405,8,1.0,0.0066011850194917085,-0.018619295568909625,0.004411173056685232,-3.3969228713584543e-06,0,-2.649857242895126e-06,0,-2.422492973511159e-06,0,-2.648833567535369e-06,0
406,6,2.0,0.007381466622536301,-0.06361274244784736,2.7824596200411222,-0.0007091065043414236,0,-0.0007212618531716371,0,-0.0007087841582541067,0,-0.000721657538109424,0
407,2,1.0,0.013403527160548483,-0.13065893433683276,0.20048200724526258,-2.111355726369668e-05,0,-0.008653978510356534,0,-2.111355726369668e-05,0,0.2917673130767294,1
408,5,2.0,0.0003538800860915415,-0.010027938325116625,7.192780445918708,-6.868368573445851e-06,0,-6.948478232242304e-06,0,-6.872231817195366e-06,0,-6.9683779929381295e-06,0
409,7,1.0,0.02136424442423611,-0.7028178850104219,2.504896640196302,-0.08477216332792627,0,-0.09858648129674286,0,-0.09858697076584676,0,-0.09858831223667903,0
410,6,2.0,0.0068086369560095665,-0.05961302859942224,0.14133283287391402,-0.00809710365085489,0,-0.010491128997946138,0,-0.010792189829740492,0,-0.012456851522873529,0
411,3,2.0,0.010546006986951356,-0.052223932428370694,0.039778893700867436,-0.015218389317128753,0,-0.03424298262787577,0,-0.016098611355605006,0,-0.034281124025197,0
412,4,1.0,0.02687303236759857,-1.1882635384182154,3.392637419268706,-0.1324030241675227,0,-0.14008330374967998,0,-0.13955106781124949,0,0.684411119730965,1
413,3,2.0,0.007612952157879582,-0.019852693674984784,0.18530125431186475,-0.0001764800539099567,0,-0.0010438443135015402,0,-0.0008635442715199755,0,-0.0010589754110490273,0
414,6,2.0,0.00257753677074142,-0.08032608873160871,0.08228744985098875,-0.021299438942897812,0,-0.024636778353269,0,-0.024317777625789287,0,-0.024747579190861176,0
415,6,2.0,0.018631597252446275,-0.035825904803774504,0.04214277427019007,-0.011124843700536399,0,-0.015010318073142287,0,-0.013921098292895872,0,-0.015020152339522926,0
416,7,1.0,0.00769871038313825,-3.417430310192626,0.17649344300968492,-0.19320820497006252,0,-5.103758125801484,0,-5.06378364675539,0,-7.305459939220274,0
417,2,2.0,0.008963735522324077,-0.01840910158933544,0.008517182429601458,-0.014875279935909577,0,-0.014832337036526661,0,-0.014875279935909577,0,-0.014483746965233964,0
418,6,1.0,0.0006211383516232277,-0.5915357088070826,0.028200324577650482,-0.026853991640321873,0,-0.04322796887896807,0,-0.05174982815211404,0,-0.04767893073279961,0
419,2,2.0,0.020412455762071093,-0.049138975594432595,0.009902668545754919,-0.057515803882476096,0,-0.040420075321438376,0,-0.057515803882476096,0,0.010343897515745354,1
420,6,1.0,0.014127449324954269,-0.06149994898701841,0.0014386508436677711,-0.024992691623225927,0,-0.787832905156189,0,-0.04239796017281994,0,-1.2117683912224313,0
421,2,2.0,0.02305194050048287,-0.03222365534755114,0.006070795231473476,-0.02121536151526636,0,-0.022899406314087878,0,-0.02121536151526636,0,0.0014574676336760323,1
422,3,1.0,0.015179244921847683,-0.028575621482158885,0.9394373143090556,-0.00042598005367234214,0,-0.0004346037643586078,0,-0.0004342792759886958,0,-0.0004346038000042652,0
423,5,1.0,0.024289243930670997,-0.3093013273008766,3.2624719928288464,-0.00046908438801125316,0,-0.0058860471170188704,0,-0.001142436593508744,0,-0.014505399104919567,0
424,2,2.0,0.0003898602525579784,-0.30943320017404885,0.02660211040589541,-1.43157816655425,0,-1.4378808498246554,0,-1.43157816655425,0,-1.4296247202902652,0
425,5,1.0,0.002360910638731927,-0.4028454119605059,0.057303483907990914,-0.16896664074987755,0,-0.16465406173211639,0,-0.16514337476371854,0,-0.18958229681726024,0
426,5,1.0,0.012381751315713977,-2.123200645073038,0.051957748819305365,-19.151829180402636,0,-29.446278361704124,0,-26.14837282305118,0,-29.453532434442888,0
427,8,2.0,0.01660707711626379,-2.466683771994948,0.0018389463679063076,-401.2694227444824,0,-875.3094577405645,0,-816.4907173616232,0,-1042.2547807402664,0
428,6,1.0,0.004585122791129929,-0.8576071169411131,0.11348958211869953,-0.7537556254240574,0,-1.0904748546030767,0,-1.4743893266215806,0,-2.796977783499182,0
429,5,2.0,0.00038840441406128235,-0.013704283613999212,0.17230620420854864,-0.0004441924382999393,0,-0.00041978996385661844,0,-0.0004199736567741704,0,-0.0004730329520499975,0
430,4,2.0,0.0015135509941713954,-0.010007829202888823,0.07448194632997687,-3.2576014397315677e-06,0,-3.216519096972551e-06,0,-3.2172257299136224e-06,0,-3.216384429667574e-06,0
431,4,2.0,0.007373463085797468,-0.2886090924735548,0.002220226230116521,-1.9595030565009992,0,-9.119214298553906,0,-2.322247323382925,0,-9.113657031733783,0
432,6,2.0,0.010121257627901538,-0.08998025566502962,0.00655617937965752,-0.0005267857705538725,0,-0.0008732889641057673,0,-0.0008478813393968387,0,-0.0021219353219219528,0
433,7,2.0,0.007414730006929179,-0.03657164354177445,0.007233705301586477,-0.0005044974318551831,0,-0.00634582697678647,0,-0.006980511522848315,0,-0.012774806632779703,0
434,7,1.0,0.0013983184624321906,-4.802876994618563,0.22992308495801594,-5.590023985405843,0,-15.084895306381966,0,-15.817034914277123,0,-30.14071941217604,0
435,8,1.0,0.0027057382176767916,-2.5848585472161236,0.3819055002547342,-6.970785591573329,0,-8.731744761748038,0,-8.436887931678095,0,-8.732607950306202,0
436,4,2.0,0.00737449438221692,-0.36452086419739627,4.829172753538288,-0.013717858108370777,0,-0.013727858389251996,0,-0.013722545763727773,0,-0.013728368248893123,0
437,5,1.0,0.003148377178962206,-0.45705754412503546,0.09578772801317685,-0.698320352419261,0,-0.7056473574431119,0,-0.7003791766828769,0,-0.7296721343253549,0
438,6,2.0,0.0006166905141743639,-0.7660372076939832,0.2916268357686402,-0.10693655964332915,0,-0.10315965802742433,0,-0.10426106835476712,0,-0.11826264270275544,0
439,7,1.0,0.0006976350722659597,-0.03328736533860307,0.021252475912076567,-0.0005116460320545996,0,-0.00031053401299202185,0,-0.00035411899082964104,0,-0.0020886273752759414,0
440,2,1.0,0.006832257547920423,-0.6699061578702504,0.2829908383318531,-0.05155108538676079,0,-0.051554502545329894,0,-0.05155108538676079,0,-0.05154221851113361,0
441,6,2.0,0.0005004448470021591,-0.08700979450740215,0.0172906184844884,-0.07386781077696111,0,-0.07396340319627609,0,-0.07867602244147248,0,-0.08746125057261045,0
442,7,2.0,0.007905909326711301,-0.021958407669394633,0.0025452424479628943,-4.310814380759087e-05,0,-0.009030681896283657,0,-0.00045010129909921204,0,-0.048399746210092014,0
443,4,1.0,0.002928796462586881,-0.03559748449501533,1.4865637764958204,-0.0004071871686785934,0,-0.0004018477973385835,0,-0.00040045582032523425,0,-0.0004089586707227137,0
444,2,1.0,0.0004139721998717113,-0.19394215529670045,0.006414578277506531,-0.025425811921420127,0,-0.02542457091518946,0,-0.025425811921420127,0,-0.025321819658289613,0
445,8,2.0,0.008929398933861398,-0.029118692346722423,0.0020436962331215154,-0.0003538028605413468,0,-0.009157533916426791,0,-0.007434301763654366,0,-0.01021278338682216,0
446,2,1.0,0.004041061673330415,-0.23921658431998505,0.001873710051235061,-0.04182230712705959,0,-0.09379399492273777,0,-0.04182230712705959,0,-0.015003020846950932,0
447,2,1.0,0.0033093575418989317,-0.010367368081076562,1.2651507175995935,-4.1666055979913675e-05,0,-4.1665943692482795e-05,0,-4.1666055979913675e-05,0,-4.166593328311447e-05,0
448,6,2.0,0.0007720557470978343,-0.05255099797317713,0.03271602982069015,-0.0003013911412605638,0,-0.0012072920161924558,0,-0.0012146219007459769,0,-0.0012815091831638314,0
449,7,1.0,0.00038328712343651053,-0.037253728803958046,0.001087039776332945,-0.0002601362246027472,0,-0.00028105090323815585,0,-0.00028019688888436534,0,-0.00038684581356729364,0
450,7,2.0,0.01785230321768391,-1.530994445123049,0.015133102739418893,-10.108105505746877,0,-63.489616546970595,0,-49.00231741530247,0,-72.16621670122996,0
451,8,1.0,0.003333885254384743,-0.05518019936946516,8.125867455383853,-0.00017927792179311573,0,-0.00018712530390193994,0,-0.00018722455980648515,0,-0.0001872570876754856,0
452,2,2.0,0.0010290601182282376,-0.08955518148248458,0.003280645886836215,-0.023066569086136246,0,-0.02782981290405706,0,-0.023066569086136246,0,0.16324988268473706,1
453,6,1.0,0.004295525070473741,-0.06777213588671006,0.004751976811815361,-0.015359410766415782,0,-0.016753683049278156,0,-0.01697756638407666,0,-0.01956705725725416,0
454,2,2.0,0.0027017602772812007,-0.0772992828862885,0.014933600558772154,-0.167818126980654,0,-0.1678172190261108,0,-0.167818126980654,0,-0.16777706379561522,0
455,5,1.0,0.0009139321905505529,-0.10119899195972894,0.055491305875902286,-0.011471378023087828,0,-0.008984999363575844,0,-0.011322648657762086,0,-0.017492932042986756,0
456,3,1.0,0.006415261559992139,-1.286195703644415,8.030930868593753,-0.10192793489343488,0,-0.10174675500694598,0,-0.10200460406219283,0,-0.10233277928139149,0
457,7,2.0,0.0047179033748587325,-5.647161516272809,0.008528687057646976,-13.693569804785966,0,-310.1507312380975,0,-120.03506246719621,0,-445.3237153844227,0
458,7,1.0,0.02004611225849041,-0.012723795567959117,0.16976234994839856,-9.563529719191447e-06,0,-0.00020868372042664567,0,-7.856259769551392e-05,0,-0.00028828257563752403,0
459,2,1.0,0.0030287624296906675,-0.011306396474661211,1.087539497690317,-5.8752925771718904e-05,0,-5.875290809580329e-05,0,-5.8752925771718904e-05,0,-5.87528500765384e-05,0
460,2,2.0,0.0028770191300009707,-3.9244983382431804,3.2115092476859197,-2.39246918418404,0,-2.3924626071329644,0,-2.39246918418404,0,-2.3924530606140886,0
461,5,1.0,0.012811570260447302,-0.2782582617800543,8.701602916326722,-0.004022590136756451,0,-0.004426168915438671,0,-0.004431911916406427,0,-0.004428033693286834,0
462,4,2.0,0.02894279725835948,-6.424892963410683,0.017666766645241538,-747.8137250808097,0,-1055.064298463758,0,-1061.13096090908,0,-1133.1972330372396,0
463,5,2.0,0.0017285324255005108,-0.9048537263272716,4.600109941769242,-0.08875245023433416,0,-0.08875261645219894,0,-0.0887527339066137,0,-0.08875262832580291,0
464,6,2.0,0.010861555226032774,-0.2154082829034329,0.017500384757735632,-0.6555236786345193,0,-0.5335308631148311,0,-0.5901808985924091,0,-1.1125937953668488,0
465,2,1.0,0.00032931303446433495,-2.636197295856798,1.207946697469578,-2.8735754122105903,0,-2.873579431114938,0,-2.8735754122105903,0,-2.8735754107593423,0
466,4,1.0,0.02276705655434692,-7.743558941282248,0.0926964344925423,-301.79534453399606,0,-323.3291818538075,0,-322.8325757278165,0,-323.4159008331909,0
467,7,2.0,0.009906195740979907,-2.6261072285474354,0.3651323872705112,-8.520619766146577,0,-9.35037503339701,0,-9.323251260981158,0,-9.428497346931383,0
468,5,1.0,0.014253952852157149,-0.02179205045430894,0.0011605598698399848,-0.0009454700210747014,0,-0.002250101137943855,0,-0.002411783778494825,0,-0.010973532335550595,0
469,8,2.0,0.000585929152717866,-3.0286836730981848,0.0022401951267372847,-11.202409738843926,0,-32.799062932294646,0,-13.945455036081512,0,-39.94786976424143,0
470,3,1.0,0.00031758881615072523,-0.13460593451356254,1.8062780861958407,-0.004744697411796536,0,-0.004745980237995783,0,-0.004744787033453678,0,-0.004760072821638884,0
471,2,2.0,0.0009833932058806586,-0.13691551895151308,6.477764057891183,-0.0014468748798033605,0,-0.0014468773427651525,0,-0.0014468748798033605,0,-0.0014468708688169267,0
472,8,2.0,0.0013650330691680418,-0.049268745463213276,1.1886955822285241,-0.0005549825916169164,0,-0.0007287302742419167,0,-0.0006094649259562422,0,-0.0007332567779291619,0
473,5,2.0,0.0039492441240301535,-0.05153191795685304,1.9188438443475375,-0.00019081114136473658,0,-0.0005890709749484214,0,-0.0005817499618187396,0,-0.0006025028244181789,0
474,2,1.0,0.001162732006555305,-0.09588337107701896,0.004010305810180393,-0.09370620064878366,0,-0.09370661002991976,0,-0.09370620064878366,0,-0.09367852704203417,0
475,6,2.0,0.017725050320472346,-1.0390081342072517,0.12881353636631232,-0.9595231513826219,0,-4.164604103191918,0,-3.6225344206643095,0,-4.182648008664199,0
476,8,2.0,0.0017405057732249873,-0.2514861308865858,0.6616739683096942,-0.04747078260876841,0,-0.04771150620773462,0,-0.04771872582784576,0,-0.04771055722201033,0
477,4,1.0,0.018110731776794647,-0.023060378801038697,9.607973356874863,-2.7673379259853175e-05,0,-2.767388501988446e-05,0,-2.767347586474567e-05,0,-2.7673943411664975e-05,0
478,4,2.0,0.01051845268125954,-0.08123953474113235,0.5351943324697774,-0.0004027195703158685,0,-0.002484400272904661,0,-0.0018995346430552796,0,-0.005071519389629507,0
479,8,2.0,0.00041113033983815886,-2.8903278101916725,2.6500025360815407,-1.5493239918244426,0,-1.5680546549558838,0,-1.5677807875713727,0,-1.5694523752177352,0
480,5,1.0,0.002473252701839591,-0.013304715157824583,0.03557343937079975,-9.144320405932681e-07,0,-6.375810939784378e-07,0,-6.103149248473314e-07,0,-1.3573821490602336e-06,0
481,8,2.0,0.014897745584144589,-0.059636006138005876,0.030220487231800652,-0.0020864808434474386,0,-0.03160102412255331,0,-0.013661520059606358,0,-0.039862536389070655,0
482,6,2.0,0.000744072291203939,-0.3714032973378024,0.0011325107219736796,-1.1993065435495396,0,-6.4483363903149495,0,-1.4036256312393434,0,-6.465573345047929,0
483,2,2.0,0.005082353959638708,-0.07839564777174017,0.947755365106879,-0.002956125059101206,0,-0.00312765902111427,0,-0.002956125059101206,0,-0.0028020607681383263,0
484,4,1.0,0.000533201271014099,-6.8704591458647855,1.0422522976532091,-0.28860054185813055,0,-0.24322360791813225,0,-0.24330243992130818,0,-0.34742771675507456,0
485,6,1.0,0.013678956698256462,-1.217314065178574,2.884310327288955,-0.13506738549552774,0,-0.2400595910684778,0,-0.2394698247813032,0,-0.24790677137032885,0
486,3,1.0,0.01193634903352618,-0.2884105851267212,2.9665961831324634,-0.013992509910358967,0,-0.01400458991516418,0,-0.014005210614473192,0,-0.0140137262482144,0
487,6,2.0,0.008383136785315647,-3.5658960035457863,1.3549831141082185,-1.727418731399733,0,-1.4996034704580978,0,-1.3839928688686864,0,-2.6750110475050533,0
488,2,2.0,0.027154912438206842,-0.0638459428440478,0.059642786617002314,-0.03415265001403358,0,-0.03411038244278615,0,-0.03415265001403358,0,-0.03411031632189633,0
489,4,2.0,0.015805329763112132,-0.016444251243505913,0.03199908390521958,-0.0001604610521000584,0,-0.00016174960754886548,0,-0.00014256902490267578,0,-0.00016278502817503818,0
490,4,2.0,0.0009391228989865415,-0.2894723345747112,2.4294011834921054,-0.01669967145053553,0,-0.01663405819302277,0,-0.016564979837005677,0,-0.017107227921908486,0
491,8,2.0,0.0019646002779072744,-0.030538900099674856,0.268658459160214,-0.00014601165558107893,0,-0.0016073482592241866,0,-0.00016727066781375977,0,-0.0017221720863573957,0
492,3,1.0,0.029276260396139044,-0.026654091182941705,0.0224933145369506,-0.003945396054212296,0,-0.002347515655122149,0,-0.0023524735195167793,0,-0.005490849536430403,0
493,8,2.0,0.009153005120730268,-0.04073188947782517,0.022864882115463947,-0.0001568544706618616,0,-0.00033393247781046687,0,-0.0003117701785686003,0,-0.0004882708479740164,0
494,6,2.0,0.0004876060573355555,-0.16748383260330846,0.011314498867320439,-0.0419107477988272,0,-0.0348668903185998,0,-0.03591047242276524,0,-0.05460429371682585,0
495,6,2.0,0.01620079147713289,-0.3475612774165135,0.018678162706908197,-0.6619851800466883,0,-1.8918100128898832,0,-1.0385647435329868,0,-2.5612298766219825,0
496,3,1.0,0.003918730618746487,-3.0547211513547934,3.8378200773662536,-0.014253116252117115,0,-0.04841517399249207,0,-0.017859508956088677,0,-0.05468461287946802,0
497,4,2.0,0.004058644975658897,-0.12706706506848042,0.03725013047449866,-0.14654673175218247,0,-0.15729509131877983,0,-0.1603409848761439,0,-0.17521854106139462,0
498,8,2.0,0.0011551630628561598,-0.0445067806178079,5.442428541948766,-0.00011810368485484486,0,-0.00011003810176292462,0,-0.00010070047505331953,0,-0.00011223027058140085,0
499,5,1.0,0.0022828658193893773,-0.07420111633030331,0.08520774481261179,-0.011182192751595713,0,-0.024501002848315856,0,-0.01951546699265434,0,-0.027604621071251768,0
500,8,2.0,0.002118652240662327,-0.014490887772829803,0.7975375331568838,-2.331353933411525e-06,0,1.297578965149494e-05,1,-1.0327770979645223e-05,0,-7.091452994643136e-05,0
501,7,1.0,0.0017426939365786408,-0.0793853548050057,0.01080551001358853,-0.0032382416088044264,0,-0.0063104760645812386,0,-0.0064833714415556964,0,-0.0071159818811587505,0
502,5,2.0,0.002028925435420948,-0.05587598668173601,0.010334925260425868,-0.00012464067496842368,0,-0.0005099954334938372,0,-0.0005044310850282896,0,-0.000520135252849413,0
503,8,1.0,0.0003923378245308495,-3.247131521566724,0.29419266781168146,-0.4425042044208354,0,-0.4167732738207093,0,-0.49580830114381413,0,-0.5419829919166048,0
504,3,2.0,0.005745854313854658,-0.324208504414892,0.0012160402042603524,-4.6662672923323,0,-5.149222922951189,0,-5.13821542642664,0,-5.163754052295332,0
505,5,2.0,0.0004241130150415011,-1.1863508130106868,0.00957414910313365,-0.2782813724187321,0,-0.27722259115222414,0,-0.28887492210758126,0,-0.28376747486241527,0
506,8,1.0,0.00034991662032551554,-0.014334022922386743,1.8865259675413466,-4.2879967342478805e-05,0,-3.818909947694772e-05,0,-4.286240542324141e-05,0,-4.8502694251210825e-05,0
507,6,1.0,0.0008569440278103492,-0.12223279826952152,7.142278054059703,-0.0009987391868331835,0,-0.0010041349249127007,0,-0.0010041229668221457,0,-0.0010058180526225818,0
508,2,1.0,0.000692840031453422,-0.6463673067391381,0.00145316704457021,-0.44980448378115057,0,-0.44990933327318317,0,-0.44980448378115057,0,-0.39403354768688814,0
509,8,1.0,0.009162292324841068,-0.42816646133100716,1.2338291856481924,-0.01625567162194881,0,-0.07329451312986397,0,-0.07079787699112554,0,-0.07392186831622462,0
510,8,2.0,0.010505371739995002,-0.01338750442559479,7.3033773502834975,-1.2101600185319143e-05,0,-1.2269265713541628e-05,0,-1.2244226210634663e-05,0,-1.2269621676139728e-05,0
511,6,1.0,0.002593574567079137,-0.7543360354926937,2.589374180190492,-0.08527801390691257,0,-0.08668533378626897,0,-0.0862963355781767,0,-0.10143980676516441,0
512,8,1.0,0.002078992661852538,-0.050614420581599415,1.9512164245086752,-7.969918458528773e-05,0,-0.0003523971938019287,0,-0.0001432066592051385,0,-0.0003599488915783275,0
513,4,2.0,0.021205280982544806,-2.852381080475399,0.026417488516788608,-0.3365910607936371,0,-0.3324487102356102,0,-0.3324640949698505,0,-0.3262968446220498,0
514,3,1.0,0.0005929343070403505,-0.01818601436431775,0.5775173183940558,-0.00019927966511883817,0,-0.00019992185336215014,0,-0.00019974589755681444,0,-0.0002004167011250973,0
515,2,2.0,0.003877280175611338,-1.116117946356669,0.37347360920450534,-1.5251901345107906,0,-1.5286204753680654,0,-1.5251901345107906,0,-1.5218839453567397,0
516,3,2.0,0.0012572078988994369,-0.04539477094142525,0.17479065831960855,-0.0017947068032651541,0,-0.0019006929684638732,0,-0.0017939577482099043,0,-0.0019006878285855698,0
517,3,1.0,0.005178898877514859,-8.775264347054495,0.011095839137622432,-47.16989575018124,0,-104.56025500966189,0,-64.97685667694395,0,-105.39317615243408,0
518,6,2.0,0.0006312173642999989,-1.6373286967699268,0.002138577227658706,-1.722981635632209,0,-1.972647028653114,0,-1.9705995662875466,0,-3.3353830783485137,0
519,7,1.0,0.001648694868603846,-0.035092773565128924,0.0014430832117249984,-4.3609509618014464e-05,0,2.4510293752944e-06,1,-4.1853962264915e-05,0,-0.00010802837002599208,0
520,5,2.0,0.007580303587466475,-3.6393420613290157,0.2907947862491297,-14.75179237337587,0,-16.599595900403386,0,-16.51679202049852,0,-16.42523427369442,0
521,2,1.0,0.012697877352050014,-0.30773172999347176,0.0027435299122007422,-0.0008864173861020674,0,-0.0008863377937089467,0,-0.0008864173861020674,0,-0.0008856819843074959,0
522,5,1.0,0.004637099104313516,-1.5617694534103268,0.0026447168363962605,-128.64558640988707,0,-61.906180640568664,0,-186.4544007455351,0,-304.68416746854456,0
523,7,1.0,0.00495706222592253,-1.0174973072763425,0.05892235933856345,-0.10219910216728678,0,-2.480474998793045,0,-1.2728549818873338,0,-3.1819429598394358,0
524,3,1.0,0.0014996516639695743,-0.4836678064710938,0.09703180575318879,-0.7738231584733373,0,-0.7915246079128688,0,-0.7539721720447388,0,-0.8183437138106286,0
525,7,2.0,0.01386527845568807,-0.21273817935195494,0.008331040472777431,-0.02980939759075607,0,-0.47299159052762896,0,-0.3211381188183977,0,-0.5349187962548938,0
526,7,2.0,0.018833934964614135,-0.0253840924347756,0.02785535525698053,-0.001983072309282791,0,-0.007378572090598262,0,-0.007284094961034537,0,-0.007519441414272233,0
527,4,2.0,0.002023541100344408,-1.2589361480239183,0.8538249441938309,-0.7353020507524297,0,-0.7404694569362222,0,-0.7403806511066882,0,-0.74052364939148,0
528,2,1.0,0.01341004503977461,-0.21608815648536012,0.01111305239688478,-1.9814455954213304,0,-2.0860716977119953,0,-1.9814455954213304,0,-2.098080930005638,0
529,4,1.0,0.019549053602154354,-0.7874720209093555,0.004500849261604685,-0.22317723115190802,0,-2.6225006853074433,0,-1.9325532797972755,0,-2.852578310869859,0
530,5,2.0,0.007994800258849816,-7.819139775092645,0.024610939064509813,-5.685663438014444,0,-10.6626753701712,0,-10.475431656974024,0,-19.49492501656141,0
531,8,2.0,0.013137713364900053,-0.058457556216973586,8.152498778561535,-0.0001304578657117651,0,-0.00020952884201188164,0,-0.00020913341773886161,0,-0.00020954897596190734,0
532,3,1.0,0.0030196302063102837,-0.019491809507472167,0.7567388137948989,-8.8425340413655e-06,0,-8.850758480945557e-06,0,-8.850867700222435e-06,0,-8.898070026018697e-06,0
533,6,1.0,0.0008235005288074644,-0.491335009705007,0.16736147031128923,-0.011728008730181427,0,-0.1811611102923515,0,-0.039057997627021335,0,-0.23848831718188113,0
534,8,1.0,0.005081484935329502,-0.03396811842006837,0.021298474472367088,-0.00037480719254577577,0,-0.0007097019896590076,0,-0.005145982310401805,0,-0.014039941686992123,0
535,2,1.0,0.008545241759304061,-0.03390209996989414,1.535252893455371,-0.00037002556295527263,0,-0.00036996530623965705,0,-0.00037002556295527263,0,-0.0003698177289127484,0
536,5,1.0,0.015683391580728973,-4.912036462427805,0.13347807481461413,-88.22650641932827,0,-90.3783953839312,0,-89.80409468066854,0,-90.38194776305758,0
537,7,2.0,0.001531255233653792,-0.1698326165897415,6.046237420505955,-0.0005150733740529891,0,-0.0022186971634838796,0,-0.002238108709143928,0,-0.002283933654320032,0
538,4,2.0,0.018248335687822734,-0.30247549251348105,0.002012335262309828,-3.573216534838565,0,-15.96143793232264,0,-13.245768644145747,0,-22.073239191035114,0
539,2,2.0,0.0029175016150546802,-3.877001062519373,0.0081568408076393,-142.3196017058592,0,-156.49758310424693,0,-142.3196017058592,0,-86.85402674938598,0
540,3,2.0,0.0008626908787171502,-0.026168984513197557,0.0023048177262892378,-0.02368131273863494,0,-0.023682236785431035,0,-0.023680954043548127,0,-0.02368316471582911,0
541,8,1.0,0.015521957816121925,-2.390658936667152,0.02066327588946806,-0.7039674708334758,0,-47.22990108863685,0,-39.58443676776841,0,-57.04544020526585,0
542,5,1.0,0.0005006264441989799,-0.12794536495460204,0.10501615581951189,-0.010215568377280021,0,-5.395841775915344e-05,0,-0.005387415448143321,0,-0.036267016752268746,0
543,3,2.0,0.000779761967565733,-0.14306084823945245,0.0021735896141799782,-1.878121640837986,0,-2.1077179333854033,0,-2.0165792622156697,0,-2.101986083273382,0
544,5,2.0,0.0012966022001097896,-0.026673041909980735,0.006383855902393166,-1.9836313445938114e-05,0,-1.9385451808032195e-05,0,-1.9484300765260087e-05,0,-2.413438295893744e-05,0
545,2,1.0,0.027863705770930905,-2.200968852449998,8.754862360654169,-0.2765548056203846,0,-0.27652205965243054,0,-0.2765548056203846,0,-0.27645922480303536,0
546,8,2.0,0.0003295091304341513,-2.6144443661371795,0.0014805616749327879,-14.021767651458049,0,-14.261882966517987,0,-14.295538494048742,0,-14.266342060436273,0
547,2,1.0,0.025101786863329097,-0.012166500143942414,0.2826908146716359,-0.0002593667978213459,0,-0.0002615434530389674,0,-0.0002593667978213459,0,-0.0002506842489825283,0
548,7,1.0,0.01636002442324544,-0.04974205009470604,1.076429634753375,-0.0003874931252392913,0,-0.0010566871648132656,0,-0.0010618165320477127,0,-0.0010890374700807562,0
549,6,1.0,0.00432312662655195,-0.4981468674826889,0.04058401258784768,-0.00041324555023214415,0,-0.03541023190054027,0,-0.008227486566749764,0,-0.05784713358674365,0
550,2,2.0,0.002745087751631533,-0.1363633362807983,3.3120516621527756,-0.002804487130368579,0,-0.0028044200521300353,0,-0.002804487130368579,0,-0.0028044196786620114,0
551,7,2.0,0.001906233632327823,-4.419390956845661,0.064852301082462,-0.6202104552269816,0,-1.0089975095276316,0,-0.7875333064719712,0,-1.0590400154884492,0
552,8,1.0,0.01744687318113741,-4.466816926849393,8.32014896931371,-1.1898072506631574,0,-1.1989178861406946,0,-1.1984845329072868,0,-1.1990174321302927,0
553,6,2.0,0.0005745283674523357,-0.05023777413674998,0.805800734287652,-5.743741022277071e-06,0,-5.757829950005103e-06,0,-5.7595966009575846e-06,0,-5.9219012299267185e-06,0
554,6,2.0,0.0009609976222773004,-3.847306862363346,7.100304939112529,-0.44972963910824126,0,-0.1417140567456645,0,-0.41472175931035604,0,-0.6511565717481533,0
555,4,2.0,0.006028596659899275,-2.557421868072274,0.8239900575723074,-3.489896206741774,0,-3.447803417485316,0,-3.4537554157113286,0,-3.5389044332322754,0
556,7,1.0,0.0033155270441758006,-0.37630470191079507,0.10210938651655836,-0.05649734485103397,0,-0.4378470500431033,0,-0.34156922144083346,0,-0.5447232428920887,0
557,4,1.0,0.0015120030924896614,-9.83109816098045,0.0014060969409436244,-20.87906204803585,0,-111.70944682914705,0,-145.01384625344508,0,-126.56035715302278,0
558,8,1.0,0.016661016303373563,-0.8790220610763655,0.0032003985303237534,-0.9436024163980505,0,-51.247056458284334,0,-17.42714580037253,0,-62.95257128252598,0
559,8,1.0,0.0003301498204530626,-0.2576512056284242,0.02315280811629645,-0.0002697463826204505,0,-0.001232319577735952,0,-0.0007315794957363231,0,-0.0017839533913863725,0
560,8,1.0,0.010721003190477205,-0.08142187008173668,0.10352646315920494,-2.9003677985438292e-05,0,-0.0003015128742795692,0,-0.00019078007985911388,0,-0.00032850563032978813,0
561,8,2.0,0.001092113523473403,-0.3268056150495643,0.7328954083993879,-0.04602275026086336,0,-0.045678412096907026,0,-0.044946613667239184,0,-0.04975103935744052,0
562,7,1.0,0.0017771100452459105,-1.1945836611061613,0.002318677838528813,-1.8236307128686917,0,-6.9962161347759775,0,-6.460314903979224,0,-19.274812028520785,0
563,7,1.0,0.0007334200397823014,-0.07303443455532194,8.610035887533055,-0.0002557702930542414,0,-0.00022538763389914267,0,-0.000225767067885546,0,-0.0002602981291614713,0
564,8,2.0,0.0012257883172405927,-3.1765687622210375,5.369895089017057,-0.026444549526057237,0,-0.02670119505026558,0,-0.027041152373086463,0,-0.02760818819195965,0
565,2,2.0,0.0006476174805734877,-0.015321602302673258,0.010254404616342836,-0.0026616446774134963,0,-0.0026588391307057393,0,-0.0026616446774134963,0,-0.002639607451767157,0
566,7,2.0,0.0016494907877728634,-4.237075237873642,0.025068674071785695,-5.16451809870523,0,-12.938083121887587,0,-13.712550132080253,0,-12.989121015184708,0
567,7,2.0,0.006905177614523065,-0.03290237178313044,0.0012763677555400672,-9.438538783962391e-05,0,-0.0008141206931077116,0,-0.000559579185582304,0,-0.0011767789355957015,0
568,4,2.0,0.02129447082503591,-3.5034934065032153,0.0019406651463059186,-32.2807215890266,0,-67.66113876187273,0,-35.97237996279182,0,-68.0119696141096,0
569,8,2.0,0.0005010502966195433,-0.09977342604640518,2.342729963287349,-9.344546656668866e-05,0,-0.00010041722634396332,0,-9.103063480826127e-05,0,-0.00011286272040098976,0
570,7,2.0,0.013666823156960481,-8.750142136307447,0.2243424878125684,-136.36365273923036,0,-158.83770424732194,0,-153.02145846745267,0,-159.59152407871528,0
571,7,2.0,0.010991973072224525,-3.10022889692596,0.005862812231440116,-39.98597297497008,0,-48.04660033414268,0,-46.356189178400996,0,-47.97348754409984,0
572,6,1.0,0.006035823192712771,-0.7191670530876229,0.11581668631175186,-0.6983421788538173,0,-2.184608265126175,0,-1.981728673854301,0,-2.1801979978827823,0
573,8,2.0,0.005551175989372045,-0.5239942870312775,0.04397383730210539,-0.017318282132972485,0,-0.21664987561016114,0,-0.0636141078772483,0,-0.2272368713836741,0
574,7,1.0,0.0027828639078378626,-6.663987050206605,0.2565593575706485,-0.15754622796632134,0,-0.24729478319872555,0,-0.25261655520613147,0,-0.25966846941416577,0
575,3,1.0,0.022947412718924726,-0.883316120811564,0.5013535974592037,-0.7770500046763142,0,-0.7781364493700951,0,-0.7770852220548987,0,-0.7781405322113258,0
576,6,2.0,0.0023434640395277495,-1.4487484665147066,0.44064117817855675,-0.8025762285069775,0,-0.5333951673939883,0,-0.5624778096747138,0,-0.5285847007312223,0
577,5,1.0,0.007471548539854462,-0.025044993942613697,0.2713816901473965,-1.5223260376927457e-05,0,-0.0007752589697463644,0,-0.0005920516854111323,0,-0.0009638379412810784,0
578,8,2.0,0.014462246988756443,-0.3896934273006535,0.003174701424725475,-0.02196485529789527,0,-0.004946491950875043,0,-0.03407454834946577,0,-0.0970454556445901,0
579,6,2.0,0.007410492857061075,-0.2669644513510535,0.10631341402193538,-0.18455439957932676,0,-0.14797028645234875,0,-0.11334050014237645,0,-0.24670395070610707,0
580,7,1.0,0.019774184365897438,-1.4941579922959942,2.63676788013091,-0.29661180293685074,0,-0.41679917020819574,0,-0.4183376490412984,0,-0.41669582844828335,0
581,8,1.0,0.026264787589547377,-0.03087771889381074,0.09809881883931662,-0.0038894488518987284,0,-0.0048134104463215385,0,-0.004621094892346995,0,-0.004844883236162652,0
582,5,2.0,0.020116078749655573,-5.169260297069292,4.298790094542841,-3.1048900366478396,0,-3.1079826872737386,0,-3.1079668819701673,0,-3.107989249733838,0
583,8,2.0,0.01938081543600921,-0.04071923662202714,0.19591662679218755,-0.002715494320647372,0,-0.004174075034313661,0,-0.0041975779364925,0,-0.004228756754126694,0
584,3,2.0,0.0037228626271591614,-0.7392630869820664,0.011650662740807454,-17.001493798955085,0,-17.270235732752916,0,-17.324555960393987,0,-17.360191478541232,0
585,7,1.0,0.0023896671793142326,-6.623312163439396,0.008147802438448024,-1.3465292644823421,0,-1.586641868955212,0,-2.0980892279721957,0,-2.6383457712072413,0
586,8,1.0,0.0025078713032901235,-0.2933113751842143,0.0037876592747486683,-0.0031578150390725312,0,-0.08476442074577051,0,-0.005267321238203948,0,-0.08474393202623176,0
587,5,2.0,0.001558836358604903,-0.04753756913002041,0.004653546017749264,-5.707836802340549e-05,0,-6.796253222257631e-05,0,-6.567148772826381e-05,0,-7.040658203566474e-05,0
588,7,2.0,0.00040295508186892346,-0.01071824067636195,0.24569643526301557,-1.874441991578412e-05,0,-0.0001850439081701703,0,-0.00018177540109770893,0,-0.00020323329106784892,0
589,8,1.0,0.00036295110157487327,-0.015912303313913342,0.02571693018490225,-0.0001938482487104931,0,-0.000197154852584174,0,-0.00019726308273010796,0,-0.00019723761822000845,0
590,4,1.0,0.03094475206801317,-0.43117123557140685,2.3447519783074213,-0.016158136651987412,0,-0.020513099197998222,0,-0.01738751334586583,0,-0.02609247871789086,0
591,6,1.0,0.015122267655625916,-6.212848081345224,0.146140089679171,-32.044542198060014,0,-131.92139901697158,0,-53.00420003886134,0,-132.06201268899386,0
592,2,1.0,0.02131151924652986,-0.8012896390636148,3.714647904609304,-0.07187235396833734,0,-0.08612904406835929,0,-0.07187235396833734,0,-0.08607657072681048,0
593,7,1.0,0.0060276061400514145,-0.3635623271809838,4.645174401914255,-0.001065005061092689,0,-0.011199091184871597,0,-0.01210257536067327,0,-0.013997353278444476,0
594,2,2.0,0.026200442165424477,-1.557243359045446,0.015491095238528037,-0.4094598404396521,0,-0.40812793060158015,0,-0.4094598404396521,0,-0.40664988042586003,0
595,6,2.0,0.008857333515851428,-0.01845960942520104,0.010758785520445452,-0.002261065040855848,0,-0.005280462913639204,0,-0.005578313655454959,0,-0.005439239158513128,0
596,7,1.0,0.0008220988771026875,-0.04481615691610851,5.8931261177342975,-0.0001388256019544278,0,-0.00014221679084234907,0,-0.00013896953540808244,0,-0.00014258150022590282,0
597,6,1.0,0.0004440428045077217,-0.16186884251470673,0.42351418156460424,-0.0013800632868504678,0,-0.0019387537667879956,0,-0.00216891720067448,0,-0.009000646717089285,0
598,2,2.0,0.0014327348540237113,-8.531784658171398,0.028994642697164428,-174.2235980507371,0,-198.27016632470372,0,-174.2235980507371,0,-174.22349942026267,0
599,5,1.0,0.011935029671371231,-7.865263177660323,0.0014167845857232025,-13.247922423790442,0,-150.085324268377,0,-73.37742891447124,0,-244.53048598763053,0
600,3,2.0,0.0026523681267632275,-0.10067271457328193,0.2662523763938333,-0.0019938352423848234,0,-0.00199073854943305,0,-0.001990641225888431,0,-0.0019947910366590743,0
601,5,1.0,0.016610173347106898,-0.011226029976821962,8.098586167075233,-7.779194293094369e-06,0,-7.780499968789924e-06,0,-7.78049907117415e-06,0,-7.780500855978712e-06,0
602,4,1.0,0.003783110353303503,-0.47205494439336454,0.1913695387220262,-0.5676657071597778,0,-0.5618999497430962,0,-0.5664299653178597,0,-0.5743057085210245,0
603,6,1.0,0.02430531522268248,-0.31236012322966394,9.585188644371305,-0.005084862332851227,0,-0.005089393787973324,0,-0.00508943453783239,0,-0.005089477906245061,0
604,4,1.0,0.01248818483219919,-6.455666405756372,0.018176222427474787,-137.22387047662187,0,-457.20590641857757,0,-222.20402342771786,0,-801.1079236324182,0
605,5,2.0,0.01121881203958316,-0.05707308711522883,2.0405015844139553,-0.0006137246498660861,0,-0.00046608415948261415,0,-0.0004913242593208302,0,-0.0007056830090375559,0
606,2,1.0,0.0022147252914860114,-2.3329891048113884,8.041788297840247,-0.3282973745990211,0,-0.3267578788281833,0,-0.3282973745990211,0,-0.32600196940817144,0
607,2,2.0,0.004074813945034902,-4.586679879660098,2.2970398813979345,-2.898760813499581,0,-2.898031787825701,0,-2.898760813499581,0,-2.894782514402356,0
608,2,1.0,0.000704039408550263,-2.390071826698088,0.005973075609118746,-2.552046392663783,0,-2.5434108301565743,0,-2.552046392663783,0,-2.5385245915450128,0
609,8,1.0,0.012811013201627447,-0.015480135852754838,0.0036997560606310065,-0.0013911680956338983,0,-0.0015195177871200755,0,-0.0036002438790181043,0,-0.013538418418181368,0
610,3,1.0,0.03016062586155118,-6.974181609645425,0.3360333428013304,-0.6265510066324964,0,-2.0259282281020035,0,-0.6997701263383078,0,-8.950729177760152,0
611,3,2.0,0.013984566919459002,-0.10850519088003108,0.5025672975675378,-0.008919246619772654,0,-0.009362936519119562,0,-0.00904478751175245,0,-0.010893489828865946,0
612,7,1.0,0.0008364865875567559,-1.3312202217636813,8.868646532283437,-0.001671282939625221,0,-0.0015263220531597926,0,-0.0014684074706319827,0,-0.0020782400831312192,0
613,7,2.0,0.006384960407725209,-0.17954015441942897,0.009633752811843114,-0.014605391658059519,0,-0.009081439652643075,0,-0.011658055670336065,0,-0.014197909069662451,0
614,4,1.0,0.0006410691625381809,-0.03562274043276026,2.8981166631069786,-2.313004660145615e-05,0,-2.5895358003257988e-05,0,-2.5483944764968352e-05,0,-6.617607949196719e-05,0
615,2,2.0,0.013404993239800527,-0.037922904735922795,4.397274329279175,-0.00015895396043434965,0,-0.0001634217850761722,0,-0.00015895396043434965,0,0.00015933660474990924,1
616,5,1.0,0.0013126047057338366,-0.04146610713865853,1.9502761780433957,-0.00019493703194127098,0,-0.00019439204255391817,0,-0.00019461074407864002,0,-0.00019642486388801858,0
617,7,2.0,0.022061777071206993,-0.12075795266086639,0.0062754954159156455,-0.00011329723519115653,0,-0.12337885331962051,0,-0.0019363739115139111,0,-0.15640458305193472,0
618,8,1.0,0.0034236996671540483,-0.04720660348128652,0.19333038782156076,-0.0032993029931999056,0,-0.005606807102798459,0,-0.005616872065250121,0,-0.005626240628070121,0
619,7,2.0,0.012359417239004557,-0.05893906765150037,0.012507642103142215,-0.0068433906045107795,0,-0.06518967010204549,0,-0.008625678883377674,0,-0.06704448936002722,0
620,7,2.0,0.024545137394349863,-0.4995024927647514,0.04356144551049555,-2.853002801466486,0,-2.860112064993798,0,-2.8561684934748834,0,-2.8624830221051947,0
621,5,2.0,0.008544673834090624,-0.022537675861509916,1.2567307083436645,-0.00011130775825418884,0,-0.000182976785262878,0,-0.00018858449408065884,0,-0.00018982013972827783,0
622,6,2.0,0.003361993575270928,-0.23672021167781748,0.00129695747786965,-0.3131189338855229,0,-0.6196652349821967,0,-3.0880215748109627,0,-13.770209292495423,0
623,4,2.0,0.030464818936653117,-0.014890328400922699,0.11325040528887546,-0.0009546116109901834,0,-0.0009754600195984675,0,-0.0009500718431663602,0,-0.0009758114002333146,0
624,7,1.0,0.0016299116665380734,-0.03612650225496416,0.02796802997880076,-2.2816123326278165e-05,0,-5.973728783478793e-05,0,-4.752883373685193e-05,0,-0.00010317894834097063,0
625,2,2.0,0.0005338982904094707,-0.10244096036482163,0.6531499926245902,-0.008003437210613043,0,-0.008003437434536008,0,-0.008003437210613043,0,-0.00800343652326933,0
626,7,1.0,0.0008044061554438209,-0.1471950896956837,0.015766850421814402,-0.00352083260876912,0,-0.0034936020707549975,0,-0.0034937068485648703,0,-0.00354122938258683,0
627,5,2.0,0.014284116931939027,-0.08080007466475134,0.9562735651070781,-0.0007014472145937581,0,-0.003394132295311314,0,-0.003216981020983636,0,-0.0034113528378346115,0
628,3,2.0,0.0009310882284941837,-0.025522133310583662,0.11092315040213054,-0.00043722397473631904,0,-0.00043733891472725207,0,-0.00043725491534164426,0,-0.00044188551415303215,0
629,8,2.0,0.002730313004186565,-8.649231458198393,0.04577927468474718,-127.87345270337175,0,-736.1510332088681,0,-450.62387834012924,0,-751.7218322782614,0
630,8,1.0,0.01741005315902717,-2.401622057344299,0.3358808917301937,-0.44886206372268944,0,-4.356411038924204,0,-4.323912582452017,0,-4.777391896076928,0
631,3,2.0,0.0007924861567061443,-2.521395514840309,3.724809894135712,-0.8463935364224673,0,-0.8463715109525657,0,-0.8463727254478044,0,-0.8464056326186449,0
632,6,1.0,0.0044866204793126245,-4.632856209178339,0.006597344534121733,-14.342238301460384,0,-198.51792109826806,0,-42.938219812027,0,-204.59117282777333,0
633,4,2.0,0.01665106701874871,-5.948905743061276,0.8887342781993925,-19.407295969902027,0,-19.894575119134597,0,-19.901511817164064,0,-19.831638066843635,0
634,5,2.0,0.013569043404338043,-6.18686750022762,5.6766353370570855,-3.3124657861700166,0,-3.3577184017788775,0,-3.3575308605836582,0,-3.367764095725823,0
635,6,1.0,0.00033647559543896276,-0.6169379636656976,0.0029590109525508804,-0.829847060445303,0,-0.9047305454504837,0,-0.8312016621983247,0,-0.9069026932714763,0
636,4,2.0,0.005046200224043013,-0.017632240682904976,0.10060888258750629,-5.3964943389281936e-05,0,-0.00012036759992260153,0,-0.00026367588674313,0,-0.0007133941189493376,0
637,8,1.0,0.0006153744663380481,-0.05685700657358443,0.0012999730697482992,-4.360800663016917e-06,0,-4.275695156152892e-06,0,-4.271315804160736e-06,0,-4.711003837920558e-06,0
638,8,1.0,0.006231182907073401,-0.043520850399131734,0.0010893484200674118,-0.00012355770952332534,0,-0.0024738787606760626,0,-0.00030622940457447623,0,-0.0038728718062296386,0
639,8,2.0,0.027528971800852127,-0.19590206168184002,0.9089010595296274,-0.009393885092691035,0,-0.020490165984340874,0,-0.02058356609099628,0,-0.020780181208895014,0
640,4,1.0,0.0007857136702729455,-9.718611273230398,7.979268881668989,-1.9834368923264765,0,-2.0038036442468,0,-1.9795556566288246,0,-2.0139361279439996,0
641,4,2.0,0.003524528688687352,-8.568530416397866,0.07617217182290632,-31.91764144295678,0,-27.534193264155874,0,-22.428109662498287,0,-29.28808497583117,0
642,3,1.0,0.008126635538030298,-4.656795021808609,0.038309283205747,-237.27714766243602,0,-246.7286022738006,0,-240.3291969638075,0,-259.72213390811845,0
643,2,1.0,0.004689392650953133,-0.5554398704457028,0.02243211138601839,-0.02512341766843651,0,-0.026652767025731272,0,-0.02512341766843651,0,-0.02465071375925909,0
644,5,2.0,0.0006677137187580666,-8.303522348157117,0.014910655317304962,-914.0445453536263,0,-932.0411382774007,0,-931.1577183410295,0,-987.4594277367851,0
645,7,1.0,0.0014208459891473131,-0.6534295888778409,0.06858436089721948,-0.6815383111496573,0,-2.5265159314958314,0,-1.89344965272578,0,-2.582678017481224,0
646,2,1.0,0.006698945802991995,-0.16813974385064423,0.016308395477893898,-0.0056400347463611,0,-0.005639653705906467,0,-0.0056400347463611,0,-0.005635166282752624,0
647,5,1.0,0.03003527492365507,-1.1259150053054527,0.006137435730114888,-1.095497601609594,0,-71.39541871229014,0,-54.49639182616116,0,-72.1259269510642,0
648,8,1.0,0.003239362492803866,-0.168005934792128,0.019880517761823653,-0.00039349638501440243,0,-0.002920229708123445,0,-0.0006474448037009362,0,-0.017025245729788696,0
649,4,1.0,0.0008683431336414638,-0.027773078352300008,0.4129468335723721,-0.00014086227997451358,0,-0.0001404559935175312,0,-0.00014050960619691605,0,-0.00014026270924665733,0
650,6,2.0,0.0233334131099535,-0.13124795802359684,7.956255317528481,-0.000955586010360005,0,-0.0010812382796121908,0,-0.0010775909892168328,0,-0.0010817197010625005,0
651,6,1.0,0.00037995076958248145,-0.0807963669820556,1.378603748507028,-0.0017547195289080411,0,-0.0018827793251633843,0,-0.0018245728960801,0,-0.001896017098014203,0
652,5,1.0,0.0003529145942446786,-0.8700189258895803,7.800725778726373,-0.009022675391713343,0,-0.008408983761157486,0,-0.008598407243297988,0,-0.012107266494325385,0
653,8,2.0,0.006655927058190717,-0.36002926118377876,0.9667803826610126,-0.029136985724823143,0,-0.06516102933901556,0,-0.06575296862485787,0,-0.06606732220738308,0
654,4,1.0,0.029509514354184897,-0.011954582489876093,0.284862355429919,-2.2729695393036535e-06,0,-7.412430985997585e-06,0,-6.79292816278346e-06,0,8.023467353459072e-05,1
655,8,1.0,0.008634488538358302,-0.3899187336452264,0.7156489202221078,-0.10368971193937071,0,-0.10616783319260878,0,-0.10427404202110836,0,-0.10622052816459451,0
656,2,1.0,0.01946307487840476,-0.7660410487690684,0.006035342765108388,-44.20688745349014,0,-48.5896769886199,0,-44.20688745349014,0,-48.57348749389264,0
657,6,2.0,0.0003498281539755658,-0.015034928529132912,1.1586704874808627,-3.317729211272123e-05,0,-3.314731153286762e-05,0,-3.3147924407683335e-05,0,-3.360242150578337e-05,0
658,2,1.0,0.0006271617273504628,-0.019693583416944535,1.0512945161425045,-0.00017988485263373486,0,-0.00017983051193516295,0,-0.00017988485263373486,0,-0.00017982966267193054,0
659,4,2.0,0.005653264315746601,-1.6318708893198082,5.670117590952182,-0.02569430227724523,0,-0.025714033058773372,0,-0.0257124358013075,0,-0.026479567987227448,0
660,5,2.0,0.01830315339631168,-0.2936321782634957,0.6691041172613208,-0.019172424610797448,0,-0.02113626973134536,0,-0.019532565894691982,0,-0.021371713448026443,0
661,5,2.0,0.006848005994038575,-0.6727883372072642,0.01397601088048616,-6.10090710253016,0,-10.785754644311936,0,-9.213989396637126,0,-10.78607924468552,0
662,2,2.0,0.0036589018035646497,-4.7965464676607965,0.15657523792901967,-72.26788484116152,0,-72.26779102504332,0,-72.26788484116152,0,-72.2677779787225,0
663,5,1.0,0.022858284644322078,-0.26728215151000084,0.005537329047858023,-0.30953765923288046,0,-0.9799181325052171,0,-0.38040557285507326,0,-1.872954937558001,0
664,8,1.0,0.001485425572140192,-4.486588994252732,0.012737602798255391,-132.49681947984413,0,-150.85754660267003,0,-141.56273848058152,0,-151.6257534514765,0
665,8,2.0,0.00865188232873205,-0.05665334520759891,0.002353668583791417,-0.1613011304742027,0,-0.5542988064988688,0,-0.5423864002154932,0,-0.5655510480566392,0
666,2,2.0,0.0007022120795028532,-0.030587687816950277,0.03805341971112516,-0.011567143439761403,0,-0.01157078391006324,0,-0.011567143439761403,0,-0.01156688049749146,0
667,7,2.0,0.00330750572716859,-0.014543726463992289,0.29547746019073645,-8.495423084852545e-06,0,-0.0003203312298108919,0,-0.00028548154011151647,0,-0.0003215185906698461,0
668,4,2.0,0.01280470075073743,-0.07119276439204084,0.01570761153666881,-0.14496321732865747,0,-0.15805894272610163,0,-0.14780779206421332,0,-0.16092545611656753,0
669,7,2.0,0.007702834172633157,-0.994203826782247,0.0023828085956131367,-64.89255453453757,0,-106.48477523010924,0,-69.44136711743977,0,-114.45478326265655,0
670,7,1.0,0.02314694547834491,-0.03002511043404872,0.01961928735681498,-7.810777537448077e-06,0,-0.006964156157566993,0,-0.0021776788544643315,0,-0.007801360179932576,0
671,3,1.0,0.0027763659346761935,-5.826067848583344,0.021046296968853836,-141.33995157972367,0,-263.59745299368797,0,-144.21224118415546,0,-394.7050909137412,0
672,3,1.0,0.0022752082968660547,-0.06569736068090928,0.05441938332418254,-0.0003894965037125886,0,-0.000379158896753079,0,-0.0003791442511486415,0,-0.000394520384467259,0
673,5,2.0,0.0024618583797362766,-0.08494763515457386,0.0020877477810627193,-0.17234906538295336,0,-1.05908984470292,0,-0.13738892059903418,0,-1.6164757260794878,0
674,7,1.0,0.0012305171089041873,-0.140723439116751,0.001143024455640782,-0.0011604897539765346,0,-0.0011801211784607801,0,-0.0011192093078182808,0,-0.001275819034010084,0
675,3,1.0,0.030374929378778965,-2.1862019438020392,7.48293678153308,-0.31569373404728274,0,-0.31889531339862315,0,-0.31877314101447096,0,-0.3190420728207369,0
676,5,1.0,0.0015596732815336368,-0.09369212107131908,0.0019880747258952834,-0.00028302635095256434,0,-0.0003950924740383499,0,-0.00029684519610695403,0,-0.0010315348979359484,0
677,7,1.0,0.0004836606800073263,-0.04310836784918525,0.07318386799669878,-0.0001573219916894842,0,-0.0001427757323963514,0,-0.0001419487718956041,0,-0.0002064752948003068,0
678,8,2.0,0.0006873426022243852,-2.4664207271952185,0.0053723567178258795,-1.2282831415822102,0,-41.82651433181229,0,-34.220632023412804,0,-44.739107117857884,0
679,5,1.0,0.0022672432816196763,-0.7058303572538824,0.0066690328277724895,-1.2745647988876811,0,-0.995678688477355,0,-1.105681612719117,0,-2.389142973278922,0
680,2,1.0,0.010646969973443608,-0.04602537803201573,0.08411674097665593,-0.00032386096202266686,0,-0.011433884918446807,0,-0.00032386096202266686,0,-0.012441742269089203,0
681,2,1.0,0.0006935598959317065,-5.228399527200054,0.20468508301621696,-0.8579306700284235,0,-1.2318809115265879,0,-0.8579306700284235,0,-0.7677207737575316,0
682,6,2.0,0.01519425766525933,-0.014289060144952404,0.37139333518270745,-0.0001385436942304712,0,-0.00027443789583108313,0,-0.0002723263980329289,0,-0.00027487017482922995,0
683,4,2.0,0.003901970495611237,-0.06819891022001943,1.654109248623495,-0.00038956720983591596,0,-0.0002714077225781687,0,-0.0003395514212264782,0,-0.0005781722361558427,0
684,3,1.0,0.02768757274336367,-0.5246803909892006,0.4078124739836755,-0.05240368274878349,0,-0.007368414066588447,0,-0.04693586717902348,0,-0.05932818729010292,0
685,5,1.0,0.004884229491004741,-0.8871065279218568,0.03687483861245716,-0.08583287932039241,0,-0.30752731407181955,0,-0.2847769958359603,0,-0.30872501083045023,0
686,3,2.0,0.0020330939882773707,-1.4930836655779713,0.005540763905091924,-11.769230477309094,0,-10.934076180535328,0,-11.72410260418556,0,-11.939076358797962,0
687,8,1.0,0.006253780456269812,-0.021436206541362513,0.05417632729144457,-0.0006122270137626125,0,-0.0018070103368931405,0,-0.002106088862931301,0,-0.00238622194367583,0
688,4,2.0,0.005995797485811328,-0.19633497235977565,0.04246548276997988,-0.341384097409387,0,-0.448020495660549,0,-0.4197601187975038,0,-0.4498546973456499,0
689,3,1.0,0.009565213186141687,-0.6266635307114359,0.6079091546448836,-0.2908752950419187,0,-0.3221475043435052,0,-0.309822863028666,0,-0.32289759350509345,0
690,3,1.0,0.01755818812932666,-0.38741177435532903,0.34236532800717984,-0.2181014827381846,0,-0.2187618843512882,0,-0.2187413798408348,0,-0.21878711965009254,0
691,4,2.0,0.00200684320403029,-0.03073412395448122,0.051130242621654345,-3.0862596493834785e-05,0,-3.078664999893281e-05,0,-3.085606242814176e-05,0,-4.1753039621013344e-05,0
692,2,1.0,0.004230781993521169,-0.14768642482436659,0.001949524186369485,-0.02852771754964767,0,-0.028528327799935305,0,-0.02852771754964767,0,-0.028526497020442854,0
693,2,1.0,0.004804317178809635,-0.021814721451351365,0.6049298227023208,-0.0003915968070993201,0,-0.00039163550685774717,0,-0.0003915968070993201,0,-0.00039069942860189366,0
694,6,2.0,0.001384694819486423,-0.1553875048212467,0.0013236324879241648,-0.14419877479948795,0,-0.18805522132748997,0,-0.14838782186756916,0,-0.18708739300311983,0
695,6,2.0,0.000931178571232525,-0.041711734299687685,0.0012699483677087084,-0.002322424324776473,0,-0.031170343078603113,0,-0.0034799882151723693,0,-0.04719766308349638,0
696,3,2.0,0.02670980668336077,-2.8418169060425145,0.8394689825169719,-4.707894612583985,0,-4.809111603984589,0,-4.8082318539932,0,-4.809892118599496,0
697,7,1.0,0.00036662488441484796,-9.4153836275985,0.3647980594743494,-3.4070180517246627,0,-3.2629918972045857,0,-3.2824068565926723,0,-4.356149962342116,0
698,8,2.0,0.002814692273673342,-0.09259277981468243,0.003553905255339623,-0.0006429853379890105,0,-0.0008557142007141749,0,-0.0009113744620994346,0,-0.0011002811758287212,0
699,2,1.0,0.0020025410584134586,-0.04433932366768978,0.7854622124337141,-0.0004980069933980912,0,-0.001064773778165845,0,-0.0004980069933980912,0,0.0024979052121679238,1
700,3,2.0,0.0013365841969287314,-4.994018406100777,6.99916317434089,-1.773179334942272,0,-1.7716259676371022,0,-1.771874685610276,0,-1.770439398153337,0
701,7,2.0,0.0006017960591702944,-0.13245164262679296,0.6591865771783061,-0.0005796454626485481,0,-0.0005702539093283259,0,-0.0005701335601333499,0,-0.0005884104104654526,0
702,2,2.0,0.00215139861687534,-0.11222122444569947,0.01194591344945638,-0.45233059816526267,0,-0.4502207788405159,0,-0.45233059816526267,0,-0.4450209847056568,0
703,8,2.0,0.00313697717319282,-0.46206291281522166,0.011495633156548944,-0.03201085987391572,0,-0.031592744947245066,0,-0.033268423933497715,0,-0.03237868381713582,0
704,3,1.0,0.0016931362319439957,-0.10304703577797848,0.0027469835299520585,-0.5744861954143199,0,-0.5744365654296113,0,-0.5744148937568128,0,-0.57458320917649,0
705,3,2.0,0.003173727148760593,-7.758692199807111,0.0020376740214669113,-1733.0761349981276,0,-1733.554287846302,0,-1733.5596079162806,0,-1725.1004721417012,0
706,8,2.0,0.0037075165052321366,-0.3411408824412852,0.0014060228561370185,-0.0429326511010828,0,-0.0509121885470023,0,-0.04355942947352531,0,-0.055300694512453674,0
707,3,1.0,0.0017847237921236431,-0.7883174957046929,1.1381097290158482,-0.1020554636478061,0,-0.08369547400550548,0,-0.08371883332778463,0,-0.11695803288888482,0
708,3,1.0,0.0030029061727132704,-0.06697120214196411,0.225617514829847,-0.001844439289709416,0,-0.0018388403138155061,0,-0.0018441468430562546,0,-0.0022859273593946444,0
709,4,2.0,0.00450151484678301,-0.030793319130190365,0.0017833806830791746,-5.380297223800401e-06,0,-6.069226834770625e-06,0,-6.058518497831233e-06,0,-5.608772608078905e-06,0
710,8,1.0,0.016391440976671137,-0.7819639626246898,0.004585429663958748,-0.014050184013797207,0,-15.366587884397418,0,-19.096297964839046,0,-20.662603599885045,0
711,2,1.0,0.003494392604999611,-1.062207106324887,0.881611809627469,-0.6389827943777897,0,-0.6390012787849433,0,-0.6389827943777897,0,-0.6389787168381276,0
712,5,1.0,0.0010906194718932028,-0.1679314700387762,0.03408472420384725,-0.0006992860458573391,0,-0.000929549710265376,0,-0.0009429243452039326,0,-0.0010024746087269332,0
713,8,1.0,0.00042700039789023896,-9.500962336406566,0.1748357142509608,-7.250214877305382,0,-8.711242447738186,0,-11.017481003074664,0,-33.775595878808986,0
714,8,1.0,0.013287613962258438,-0.15042592259499532,0.003357978527911259,-0.006208927567590283,0,-0.35735185690136273,0,-0.08722633650485534,0,-0.4682564707901662,0
715,4,2.0,0.02316948363959601,-0.981321160189984,0.0037606660741986166,-0.033937606633088535,0,-43.90030139557034,0,-14.259950234462124,0,-58.40513556068018,0
716,4,1.0,0.006959002062370052,-0.01758163652412204,0.005542095933895984,-3.912278416588061e-05,0,-0.011522371285204586,0,-3.879870878615091e-05,0,-0.017022051506336837,0
717,4,1.0,0.019094765109430492,-0.0986977957286748,1.1453949988469208,-0.0041415431121014906,0,-0.004252107339826929,0,-0.004150354346774496,0,-0.004252317612370237,0
718,7,1.0,0.004202098677645635,-0.3494641308433668,0.9569371979084665,-0.0010799159144835035,0,-0.007572318070724157,0,-0.004986678694562208,0,-0.009947080248701737,0
719,4,1.0,0.0007164236976531686,-0.13130159821565243,0.6963427154190079,-0.00797047408793267,0,-0.010886415513443912,0,-0.010906433507562423,0,-0.011626692677295858,0
720,5,2.0,0.0035386319091718233,-0.10209972320228192,0.0027114935560148736,-5.7382625718416236e-05,0,-6.381195408633467e-05,0,-6.379891801233661e-05,0,-7.689126524734746e-05,0
721,5,2.0,0.00080053620648566,-0.07934251701418765,1.8367026961320245,-0.001041392427529392,0,-0.0010415646273390468,0,-0.0010413916933213303,0,-0.001041614338739016,0
722,8,2.0,0.000752837127542696,-2.311331824718684,0.03752769014860585,-5.082626456941654,0,-3.0960486312373803,0,-5.903575745114594,0,-12.132327612136443,0
723,3,1.0,0.0044369830435694564,-0.7232810618724939,0.052705830280717444,-1.926703309044096,0,-1.920983598022441,0,-1.9212991092491873,0,-1.9129609080765277,0
724,8,2.0,0.007265906453320138,-0.947484005072134,0.7341284502060994,-0.04842153258999493,0,-0.13698205646177353,0,-0.10566108140737884,0,-0.1378680023909114,0
725,3,1.0,0.017613333543091757,-0.2679372159897352,0.02327347302616046,-0.663304302583649,0,-0.7579069785829015,0,-0.7075275178822618,0,-0.8376284089786279,0
726,7,2.0,0.0011824646565178395,-3.1119660109329486,0.06734566884215193,-9.104104166758098,0,-9.129230935719391,0,-9.12542678741714,0,-15.827184611151424,0
727,5,1.0,0.00034099328002842985,-0.06851755448750001,0.373793004637224,-0.001830052442325543,0,-0.001832735566075495,0,-0.001832679451450425,0,-0.0018298940107501554,0
728,3,1.0,0.015419378882357664,-2.7698549863588586,9.433096976564723,-0.3930773255681193,0,-0.4047655827703668,0,-0.39641711778899585,0,-0.40661561252383444,0
729,2,2.0,0.00035731974713376044,-0.10985006216787636,2.133856721396475,-0.000539835252339884,0,-0.0005398428024172433,0,-0.000539835252339884,0,-0.0005397972052408008,0
730,8,1.0,0.0009751201958411461,-8.031466012785362,0.26035445635149634,-0.8242729464195264,0,-9.044425561786511,0,-10.54117478232601,0,-10.421555448623025,0
731,6,2.0,0.007722813006310864,-0.3738239536662153,0.017092864110672543,-1.5470641783426973,0,-1.4338108631811197,0,-1.459907406321836,0,-1.4746916341765957,0
732,8,1.0,0.00042807061817094755,-0.2296416239929458,0.01777419024567824,-0.0040683471471001376,0,-0.00546862077673449,0,-0.0048546778211036035,0,-0.005548978426988649,0
733,7,1.0,0.0016066907414533725,-4.856893264599418,0.03495428049237227,-28.797527898122894,0,-28.809179334086934,0,-28.84368738302902,0,-28.87083235897802,0
734,4,2.0,0.018929722455416596,-0.05271578908488609,2.379917946153264,-0.0005614975439155568,0,-0.0005807563821811822,0,-0.0005800506610229513,0,-0.000583145542399239,0
735,7,1.0,0.005577519990135923,-7.722752120225887,0.0011007320526467805,-71.80522821045815,0,-558.9999280838638,0,-430.1284022440086,0,-866.6322752519991,0
736,2,1.0,0.006264384231213829,-0.05729068758714821,1.737594952845005,-0.0009346197866005369,0,-0.0009421448641067594,0,-0.0009346197866005369,0,-0.0008873276255277921,0
737,7,2.0,0.0004655743811864375,-0.013397102879369672,2.6079975408742846,-3.204540106598178e-05,0,-3.162622911594714e-05,0,-3.156891213805988e-05,0,-3.253568578959737e-05,0
738,7,1.0,0.002670952191746541,-3.2729075545556823,0.001600819754292646,-2.198457794700971,0,-67.275912910447,0,-25.534680698883676,0,-69.97484494620403,0
739,2,2.0,0.02654992821603922,-0.035461703697919254,0.03225059614225582,-0.018756892757619905,0,-0.019370918738598752,0,-0.018756892757619905,0,-0.019234742715177455,0
740,3,1.0,0.009935473310139194,-2.295225534777306,0.8394698422409332,-0.08092241439465919,0,-0.15714234748667977,0,-0.1035484987750368,0,-0.17866971749996052,0
741,6,2.0,0.016231254569963632,-0.5074326245212453,0.008087090073305908,-5.100694969494617,0,-15.624186575336305,0,-15.462185791254523,0,-15.647158085798502,0
742,6,1.0,0.007769745982283864,-0.57139537040342,0.45585139891709464,-0.2736402544957829,0,-0.30495559422573276,0,-0.2707271101020319,0,-0.3048293937870339,0
743,8,1.0,0.0003265863755605093,-4.175201499737444,0.006993391978448089,-0.004400119594038188,0,-0.014187034852056968,0,-0.013538128933987537,0,-0.015460944790447684,0
744,2,2.0,0.0030505802639085536,-6.075517282345665,9.228932192094744,-1.99780001636618,0,-1.9978143823238481,0,-1.99780001636618,0,-1.9975689393124099,0
745,7,1.0,0.010972152386437721,-0.3895610482396353,0.06959140330497096,-0.010029113703123205,0,-0.20533055924854415,0,-0.12620705390350428,0,-0.33221697713948106,0
746,8,1.0,0.002846238115379669,-1.2450419904954937,0.008957426103837311,-23.136312230576777,0,-31.072071122628316,0,-23.19265209355352,0,-60.859871381412304,0
747,7,1.0,0.0042713697218521515,-0.7055153691039489,0.33079222541705466,-0.5820438845496667,0,-0.6486988425667599,0,-0.6527369171905736,0,-0.7020206501568319,0
748,3,2.0,0.0030288392186751346,-2.0717491629080254,1.8361394935475144,-0.1560015110781594,0,-0.18814822649763208,0,-0.15613272802993294,0,-0.18942804429458715,0
749,2,1.0,0.008027068097565204,-0.016597968027706852,0.23187830985509092,-1.5187786575981705e-05,0,-8.703366722040396e-05,0,-1.5187786575981705e-05,0,0.002482631888522045,1
750,5,1.0,0.0036895137445334077,-0.018466449364503913,0.001671785292731533,-4.9467948087800195e-06,0,-6.102215471523453e-06,0,-6.139922794565211e-06,0,-6.105526164049135e-06,0
751,7,1.0,0.0018082049367807967,-0.033900377397037454,4.330802131402427,-0.00010183939876337877,0,-0.00011541083715128626,0,-0.00011547570549438432,0,-0.0001177393361033549,0
752,6,2.0,0.0003337248225442636,-1.276322555971708,0.012893919239056814,-0.20401240220064665,0,-0.21211544968864615,0,-0.2072590988182199,0,-0.2129638396240665,0
753,2,2.0,0.0004409689867341753,-8.988026288050271,0.0012092652369658891,-15.141256164730294,0,-15.144908552058041,0,-15.141256164730294,0,-15.139191486094205,0
754,3,2.0,0.030149157653777594,-2.7716007911689142,7.378901309554892,-0.5193944608596915,0,-0.5201543147269275,0,-0.5193813485934303,0,-0.52048363320993,0
755,2,2.0,0.0006153245890690175,-0.014213133473302011,0.017525154421295923,-1.8352538120572533e-05,0,-1.9621271172386677e-05,0,-1.8352538120572533e-05,0,1.8489190747602614e-05,1
756,6,2.0,0.0038424792375080096,-0.20265477541843563,0.48988603315400886,-0.03882348095005429,0,-0.038586606188527404,0,-0.03863148566729913,0,-0.03908813321103188,0
757,4,2.0,0.004500564700869367,-0.0705240785606575,0.02237465862940255,-3.6740476510033204e-05,0,-3.911022654046192e-05,0,-3.8231955010015195e-05,0,-4.1493603024703174e-05,0
758,6,2.0,0.001869550991915116,-4.995313067777929,1.4167144440482855,-8.747851394669718,0,-8.789724691579565,0,-8.76403463864755,0,-8.805417685786574,0
759,7,2.0,0.0010751677167423583,-0.19647036970032145,0.00965607843700748,-0.16695953319832135,0,-0.7432981157354537,0,-0.4717844916297207,0,-0.7423987674212906,0
760,6,2.0,0.006662725603584818,-0.12017968585898874,0.0030414246964285906,-0.005885932697847096,0,-0.012715309638454908,0,-0.011059807816371503,0,-0.01489440113107543,0
761,3,2.0,0.020419997278167932,-3.030855144830239,0.22895111544818625,-0.15820787334492437,0,-0.17958613946889912,0,-0.18412810215087916,0,-0.1810530587081054,0
762,3,2.0,0.007084012091784375,-0.04464464098502379,0.031902153505612145,-0.027438802468712064,0,-0.027430014746358734,0,-0.027429469591608645,0,-0.027652811378446853,0
763,8,2.0,0.003837398662664742,-5.83383742870851,0.0025422435884724054,-380.9490954867715,0,-1186.165458112955,0,-945.1965347545229,0,-1393.8355482058378,0
764,7,2.0,0.006373237047650656,-0.015982802762609053,0.0014974253610327793,-0.0016386295504863951,0,-0.03840655935704891,0,-0.0037742598771606795,0,-0.039732796647975605,0
765,8,1.0,0.03159870000922379,-0.30435521709348756,0.0014034695209956748,-0.022985642017459895,0,-0.2382960530319096,0,-0.1038012229305636,0,-0.602938050333762,0
766,8,1.0,0.0008617947272955918,-0.03128292757417624,0.26349929977138925,-4.623366263783817e-05,0,-0.00032715405819781253,0,-5.397406847496662e-05,0,-0.0005171474109282681,0
767,7,1.0,0.0007704300169358,-0.6382627221366154,0.19154636539696535,-0.12802888429812198,0,-0.053773451975190234,0,-0.05469787531993897,0,-0.1538067351389092,0
768,5,1.0,0.0006397597005849408,-0.02073762891867692,0.0030160276703921833,-0.0067038540425205795,0,-0.02031396482400169,0,-0.017605434786891062,0,-0.020796996743804703,0
769,5,1.0,0.007519746477807899,-0.07469940803902143,0.00229167511820037,-0.002680366090677788,0,-1.2164596577624234,0,-0.3725997189848912,0,-1.2166337290672127,0
770,2,2.0,0.02793745598388044,-0.05998185922639821,0.0930037491460908,-0.011294378612487896,0,-0.011282053158058391,0,-0.011294378612487896,0,-0.011261846210238166,0
771,2,1.0,0.0010680098063678375,-0.2849040397575349,0.018272326153811424,-0.0009604017923545705,0,-0.0009597255809441485,0,-0.0009604017923545705,0,-0.0008345745431852514,0
772,7,1.0,0.01677126495044464,-0.14279793753886122,0.002518356988217007,-0.03001649742195589,0,-0.12156696720902849,0,0.022862397739087825,1,-0.1179492087048728,0
773,6,2.0,0.0005749806245783643,-1.569074243905747,0.02745892720938713,-1.443721869922605,0,-4.2987160955989765,0,-2.7362263421453363,0,-5.8945030167064445,0
774,2,1.0,0.001296744108561065,-0.48143260552043676,0.0032683043603837503,-13.874653936018188,0,-31.539774927423768,0,-13.874653936018188,0,27.011628024630795,1
775,3,2.0,0.007157897902089087,-4.884040068556042,0.005805913384559606,-7.678541283421282,0,-8.338225116685408,0,-8.903121439356028,0,-12.382667235982353,0
776,3,1.0,0.011779336672973142,-0.08576075725275067,7.164253123008723,-0.0005132503662059833,0,-0.0005133040247424164,0,-0.0005132556169888095,0,-0.0005133057733077525,0
777,4,2.0,0.002499942436536223,-0.46761841775114765,0.03866853988206302,-0.03086536762326375,0,-0.0250330466849511,0,-0.023053264993851297,0,-0.10304376553634853,0
778,7,1.0,0.010019864729828222,-0.11599068462199198,9.240898501298764,-0.0007057052712932809,0,-0.000726704433853069,0,-0.0007267546083457286,0,-0.0007268169101490812,0
779,4,2.0,0.02752315412847989,-0.16456624264404215,0.04104531084108963,-0.0632057398246284,0,-0.3282073057244421,0,-0.3263015952676808,0,-0.32885637186667743,0
780,4,1.0,0.0015361321197102202,-1.01585471181781,0.14927186889231175,-0.7925100025471825,0,-0.9574070775439587,0,-0.7943547844638665,0,-1.9223649167589023,0
781,4,2.0,0.029503547461900946,-4.3956548175102315,0.1392247596284162,-33.03431336964439,0,-67.68351083698914,0,-68.88587946608227,0,-68.66806150745671,0
782,6,1.0,0.004747688310794946,-0.19708755530240726,0.0024399187558385767,-0.0004578110572550642,0,-0.0004886184246428726,0,-0.00022142975589378722,0,-0.0005058167821179183,0
783,5,1.0,0.021266959510572933,-1.3968017216238962,0.0021796375171367886,-2.57931504405218,0,-0.093150491091194,0,-1.585043709685408,0,-16.759454902006212,0
784,4,2.0,0.0018754779668985868,-0.010618547816185687,0.03439629548202991,-0.001279434882374292,0,-0.001498141025752091,0,-0.0012984794728123224,0,-0.0015693088478006328,0
785,4,2.0,0.0027887400319524633,-0.012243103640606143,0.12436958978675254,-4.661793759612844e-05,0,-0.00019491625455170638,0,-7.68815947392624e-05,0,-0.0002315183425153924,0
786,6,2.0,0.0035244078606248143,-0.046397821033353964,0.019535844024584043,-0.00040924853944055567,0,-0.005461473943478977,0,-0.0013626769121924814,0,-0.006017234660793028,0
787,8,1.0,0.011282177565854227,-0.5101399366558492,0.9486555540737582,-0.06030653620676357,0,-0.13295009122632104,0,-0.10318554324985775,0,-0.1368973795296316,0
788,6,2.0,0.0020746195347795715,-1.2079484255519568,0.008882273411312046,-0.2255547488276477,0,-0.3178991725561815,0,-0.3141562110289442,0,-0.5852810175117469,0
789,5,2.0,0.01969802331859834,-0.32117461060198654,0.1417854521826975,-0.03544645442159211,0,-0.04990087812733213,0,-0.04968059118187984,0,-0.05053519317169203,0
790,8,2.0,0.0004959101672870464,-0.9486740611220497,0.4754787432131477,-0.058746985960590914,0,-0.07327211540640688,0,-0.07449166819092157,0,-0.07674959265863712,0
791,8,2.0,0.0007227729664653519,-4.244281507775475,0.24299110422175899,-1.2540680540796743,0,-5.292794360191742,0,-1.5983849318074377,0,-5.2910807523099415,0
792,5,2.0,0.0025744573054079407,-2.1360019302229434,0.03388807149545284,-0.027195818376526404,0,-0.027214549435171875,0,-0.027030492854621002,0,-0.027666966324090936,0
793,2,2.0,0.010978319712012229,-2.2647592255610016,0.014185706090466193,-5.939260502724494,0,-7.039629525346214,0,-5.939260502724494,0,51.86037435674194,1
794,4,1.0,0.0007521244176425207,-0.03758852780805427,0.34654452814210646,-0.00024821912317038886,0,-0.0002489107853879877,0,-0.00024877765760791793,0,-0.00024957636322903046,0
795,3,2.0,0.0052907062551513775,-1.2461228035791954,0.016351850349124657,-0.1038203828638018,0,-0.11365171485810066,0,-0.11421202211046477,0,-0.4020190929848084,0
796,6,2.0,0.003153913473520163,-7.01149939733476,0.7599120295934765,-2.836502488696965,0,-18.710839147878247,0,-15.040692416927577,0,-20.962314913063494,0
797,2,2.0,0.0009127029274290065,-0.17422786137721608,0.0071156030392796115,-1.9274014686830088,0,-1.927457633480222,0,-1.9274014686830088,0,-1.9253050264292528,0
798,8,2.0,0.005499808426918313,-8.318594572243903,0.003495721478356463,-450.66496266684953,0,-2886.168270224659,0,-782.6251770310027,0,-3569.039387029913,0
799,6,2.0,0.0034289010360444793,-0.02103073226401509,6.968682898456791,-1.899471961148662e-05,0,-2.048971036594612e-05,0,-2.0366673737255287e-05,0,-2.2858712792019375e-05,0
800,7,1.0,0.00033607158504822136,-1.6924308404949828,0.0027052974835305725,-1.8739124322358975,0,-2.421971551347724,0,-2.732826671179396,0,-3.742796822292462,0
801,2,2.0,0.003351054055522062,-0.0195878805908364,0.1709601946481379,-2.2621191325361816e-05,0,-2.5160933021257242e-05,0,-2.2621191325361816e-05,0,3.285189925012399e-05,1
802,3,2.0,0.002862375014494985,-0.03049378235105399,0.17854083530605702,-0.0007251345682243835,0,-0.0009144211340766388,0,-0.0007056002147002485,0,-0.0009265265672677809,0
803,2,2.0,0.0012766221941640417,-0.09592007126814922,0.004853779888278462,-0.7486674942894905,0,-0.7486705899939341,0,-0.7486674942894905,0,-0.7486674733923279,0
804,6,2.0,0.02522150930843868,-0.0424943331804169,0.60665384321129,-0.0002275550669028931,0,-0.000249707429501328,0,-0.00019971249864776902,0,-0.0005450554213943684,0
805,7,1.0,0.001308357103324489,-0.43082073772447627,0.17104403530814297,-0.009105566618515248,0,-0.010638568959353334,0,-0.007143365899072052,0,-0.011524413178871207,0
806,2,1.0,0.00032845804585948435,-3.175519361406446,0.007411366266437109,-245.38056040452477,0,-249.23336749273784,0,-245.38056040452477,0,-243.31007090759823,0
807,8,2.0,0.0021778232807524046,-9.396537369129383,8.687644130296118,-5.060308515058005,0,-5.049753947679699,0,-5.054288642088237,0,-5.07096903871411,0
808,8,2.0,0.001225808902248924,-0.029094232786753077,0.07243339055162094,-4.350893976527888e-05,0,-0.00020020672795113739,0,-0.00012848661356647684,0,-0.00022764681945632286,0
809,6,2.0,0.0003730130272214435,-0.04791731591950353,0.010089684552734355,-0.003189716815953411,0,-0.003252355643781679,0,-0.0032502177059962334,0,-0.0032906275553547387,0
810,5,1.0,0.001133971247400374,-7.613700073771591,0.01606703807489602,-142.84949404421945,0,-141.50238594787106,0,-135.6382010890013,0,-185.84781374126487,0
811,5,1.0,0.0017904104222001417,-0.3113140271377047,5.38535668911601,-0.004177139922889211,0,-0.003441696971745985,0,-0.004084675368386722,0,-0.006552218494252536,0
812,3,1.0,0.003273016650513158,-0.7238652325238815,0.004280572093309653,-1.053388851590519,0,-1.381058308276593,0,-1.3793547158558255,0,-0.7261735172579833,0
813,2,2.0,0.0035741257408445602,-3.18850082536087,4.957885346663813,-0.9852134428981328,0,-0.991976977933405,0,-0.9852134428981328,0,41.787596132606296,1
814,6,2.0,0.001478794835937342,-0.07890635307298183,0.04728863964399284,-0.0021533432836748634,0,-0.0023361146562883434,0,-0.002181351681417615,0,-0.002341134688467972,0
815,3,1.0,0.010108295947679572,-0.3589851225488512,0.004874322555094588,-0.014423763892706276,0,-0.014398095447129222,0,-0.014395895145472792,0,-0.014484642618237231,0
816,2,1.0,0.004641317414276315,-1.1460301163800908,4.907790533899779,-0.1298134520019115,0,-0.1333909493555899,0,-0.1298134520019115,0,-0.1324096206858933,0
817,4,2.0,0.0004112484653089157,-0.47010980576928335,0.24442538389659457,-0.08625331034953176,0,-0.08854057544113902,0,-0.08713513109980281,0,-0.08901487592775154,0
818,2,1.0,0.018847477427462744,-0.4194024192933488,6.680872653169159,-0.012151070902047327,0,-0.0125716330929335,0,-0.012151070902047327,0,-0.009324319561342255,0
819,8,1.0,0.015421877727600857,-2.1339716981593773,0.0018572696243352384,-12.443064961917116,0,-959.2329571502119,0,-302.19278229769543,0,-1004.7761510622449,0
820,7,2.0,0.0033364269881850876,-0.14778016274758723,0.00350317266447212,-0.031232012786082564,0,-0.12653758235331125,0,-0.1226601243407841,0,-0.1550736285037817,0
821,7,2.0,0.02297900150219352,-0.08347341415686803,0.5167390751509761,-0.0006523375841485084,0,-0.006710356739270926,0,-0.006575586463067225,0,-0.00671132760400064,0
822,4,1.0,0.003430340384948343,-4.225508454236886,0.01726360086744233,-7.489714726783063,0,-17.954811332436066,0,-10.465041895222498,0,-17.948046987021996,0
823,5,1.0,0.0006683673276933402,-0.05360381833132378,0.3146870980570822,-0.0009120944702755056,0,-0.0009114244712755087,0,-0.0009106610978071436,0,-0.0010018888670165122,0
824,2,2.0,0.011916378994329879,-0.20218567110603813,0.0301699115679516,-0.6176739290193286,0,-0.6177132886835525,0,-0.6176739290193286,0,-0.6175688525102534,0
825,4,1.0,0.009934177371195669,-0.3036011711959872,1.3389590950693255,-0.03437984600623951,0,-0.03437506669099155,0,-0.03437598495069846,0,-0.0343803568488378,0
826,8,2.0,0.00036013105352616226,-2.76390104053718,3.659882018415672,-0.9658475333780763,0,-0.9615111730032171,0,-0.9654241310829528,0,-0.974896699134911,0
827,2,1.0,0.0009074539636792796,-2.001590028101561,0.10376158569036444,-0.5971737843598497,0,-0.5971780176449144,0,-0.5971737843598497,0,-0.597128460640171,0
828,6,1.0,0.01754130949300902,-0.04852531264521789,0.007430269603538037,-0.11788262179047915,0,-0.15273290264827075,0,-0.15368522696148784,0,-0.15654043964639025,0
829,5,2.0,0.0004371359851282626,-3.672290595813901,6.760703956798021,-0.8562611869076577,0,-0.9048798962832251,0,-0.918646764963297,0,-0.9888483691619552,0
830,6,1.0,0.021637207404838578,-0.15697302849358857,0.027837271738726604,-0.029758445490832452,0,-0.44086598936876376,0,-0.4159226917582931,0,-0.4418343790061525,0
831,3,2.0,0.004557345615955684,-1.6335473030228094,1.516893085512343,-0.711978471455273,0,-0.7268339429502859,0,-0.7267096137147084,0,-0.8038938000420724,0
832,8,2.0,0.0011786160185773083,-0.010538521285684466,0.4790349151833707,-4.052733499335334e-06,0,-8.857648777633125e-06,0,-3.8928169557178604e-06,0,-9.069566508013234e-06,0
833,5,2.0,0.002406926076794392,-0.7079384199887212,0.6562093365108447,-0.3748278619464428,0,-0.3801604668199039,0,-0.37982893293753495,0,-0.3816205090789443,0
834,4,2.0,0.003420036556004287,-0.13134559515661715,0.005601669538652901,-0.14996524548208412,0,-0.1435160324307061,0,-0.14348853073030532,0,-0.15040717681580085,0
835,6,1.0,0.010917871745601111,-2.4016328430310314,2.6528663596648268,-0.9701924885840413,0,-1.0859630388678483,0,-1.0662812713165406,0,-1.0864084454820002,0
836,3,1.0,0.0007426223939282692,-0.020133190608409186,0.006403176062168977,-0.00034402469380623996,0,-0.0002583047784049733,0,-0.000265554586203795,0,-0.0004773190757935454,0
837,7,2.0,0.0022350883843505103,-8.886877635576207,0.011325534526698166,-51.33505498363411,0,-53.50180708682865,0,7.019325631586526,1,-1975.401324911547,0
838,8,1.0,0.0015218139950434202,-0.03028249143920012,0.02515434875402397,-8.446339755405555e-05,0,-0.0012648276273523468,0,-0.0003921205838999589,0,-0.0019121127275700603,0
839,6,1.0,0.023299047498826934,-0.2537227831550516,0.0013087317023406982,-0.006558381614230058,0,-0.04430741626256918,0,-0.13064863993728792,0,-0.05282907072786003,0
840,8,1.0,0.022645466899496692,-2.2456396792400306,0.27063475744421406,-9.282829258710933,0,-9.316670276837693,0,-9.31637472431657,0,-9.316689406695016,0
841,4,2.0,0.0021899362690615334,-0.4171694674703981,0.002201310487946977,-36.17685078830488,0,-35.10023983841288,0,-34.459610661219386,0,-38.118808361974885,0
842,6,1.0,0.008457418045856997,-1.7159474254854694,0.019515140461780843,-14.305589503723603,0,-22.956837162858484,0,-18.582836147991472,0,-34.92022623776324,0
843,5,2.0,0.000588018854478574,-1.654393964736622,8.37872183949187,-0.11592188864894158,0,-0.11576909398950183,0,-0.11576616318228446,0,-0.11671140641563438,0
844,8,2.0,0.009496761386530201,-0.06501605742709826,0.04635134330899655,-0.00809989220230118,0,-0.009281323047208072,0,-0.012462125238779431,0,-0.028380404479622427,0
845,2,2.0,0.0009099374560424064,-0.01135614491872743,0.006881898661958809,-0.0001202276235379978,0,-0.0001217496493566908,0,-0.0001202276235379978,0,-0.00011498334012375114,0
846,6,2.0,0.001478096030177045,-1.603756863271695,5.423991929326145,-0.14455165022958016,0,-0.1478526775765654,0,-0.14844754537403007,0,-0.21391943637866356,0
847,2,1.0,0.0010661891882181274,-4.180208085392182,1.0171609411294844,-0.16550995095807686,0,-0.16549714991704434,0,-0.16550995095807686,0,-0.16549674364081035,0
848,4,1.0,0.004709108573631667,-0.3714621035556818,4.163163111102362,-0.016032038105403955,0,-0.016308180836493075,0,-0.016321486486289557,0,-0.016308153667231436,0
849,2,1.0,0.004822129922213394,-0.03246293847521994,0.005831042999337585,-0.07859276284184763,0,-0.0886685117360151,0,-0.07859276284184763,0,-0.07847700149823031,0
850,6,1.0,0.0007158403816958202,-0.048294082900702896,0.01253845132556266,-1.705458302063423e-05,0,-3.014842005853724e-05,0,-1.7041172823945017e-05,0,-3.870470247241409e-05,0
851,7,2.0,0.0009297947987642623,-2.7082625980544206,0.006650323161150383,-19.781248224176124,0,-14.273043800908454,0,-14.271390522018123,0,-23.19649758341916,0
852,4,1.0,0.006083863357860867,-7.718365696096288,2.8829112303218425,-9.556575103951044,0,-10.183098299491212,0,-9.980595403357244,0,-10.330011606748254,0
853,6,1.0,0.018630781726911946,-0.4973976426854054,0.0019854431861623155,-0.22252510735101083,0,-1.3607500545618407,0,-1.868187787242249,0,-8.394185059126379,0
854,6,2.0,0.029238289863917608,-9.974082689836017,1.1570642435965408,-34.6272118261195,0,-42.985849122237944,0,-42.97968966785693,0,-42.98824767025213,0
855,3,2.0,0.0013063167836261222,-4.016321771930653,0.0037667823882688986,-168.520296167668,0,-360.93989232582817,0,-168.61185885039959,0,-612.642347238921,0
856,7,2.0,0.0037029830423076734,-0.2814565895594427,0.05515123329554365,-0.022978151712996664,0,-0.05146422604993184,0,-0.05077173603893237,0,-0.14863790615275407,0
857,6,2.0,0.0032463785496124734,-0.04374715323140124,0.08724935311109513,-0.00028045411205595595,0,-0.000389358342107805,0,-0.0003575389225265787,0,-0.0005068531445094875,0
858,6,2.0,0.015842492106585976,-0.10272240372227157,0.008441729612901051,-0.10733462622682033,0,-0.6228116221874038,0,-0.5747990723762414,0,-0.6231339189911768,0
859,2,1.0,0.0005171272297795294,-5.268077822690122,3.9671433638497464,-2.72741549788219,0,-2.7273443411948257,0,-2.72741549788219,0,-2.726948767279425,0
860,2,1.0,0.0008637303491542511,-0.9097353635235466,6.594785485440224,-0.032528294312373,0,-0.04950588332331787,0,-0.032528294312373,0,0.066882676071383,1
861,8,1.0,0.026648738875562593,-0.11480765674773961,0.6095959788898935,-0.004326103673114463,0,-0.010747598234803108,0,-0.009984618886687491,0,-0.010804304623909813,0
862,2,1.0,0.00078170165917046,-0.05102199396433713,0.029130642011130484,-0.021899623719770042,0,-0.021892061756860728,0,-0.021899623719770042,0,-0.021890671574019322,0
863,7,2.0,0.0058497579196740025,-0.2029314141734333,0.8238264571093826,-0.0005714767449321763,0,-0.020011416225714604,0,-0.017304675343135987,0,-0.022655953444613686,0
864,6,2.0,0.0017916879502618969,-0.19242673423034026,0.006660483818427682,-0.020979066180721873,0,-0.01806903138630389,0,-0.01566945272918696,0,-0.03194809215296779,0
865,8,2.0,0.017260460937238143,-0.045209460134065724,6.2687995101089,-4.3365150549886606e-05,0,-0.00015327286364485486,0,-0.00014995293146272376,0,-0.00015577313188477803,0
866,4,2.0,0.015958339425507576,-1.0580787609176003,0.0035961044504991767,-132.4431322923246,0,-106.36563036630551,0,-95.60215204373856,0,-130.79114249281824,0
867,7,1.0,0.027402395111597224,-0.035805608994510386,0.12477561329630825,-3.8397670601605406e-05,0,-0.0004605342488411988,0,-0.00030739046258829,0,-0.0009275702265936509,0
868,4,2.0,0.005477876552094681,-0.058417552993512215,0.2673492150203108,-8.324816375599765e-05,0,-8.300831459175095e-05,0,-9.113423118550269e-05,0,-0.00023989491555743807,0
869,8,1.0,0.004415571228923226,-3.632219192103063,0.009797922347984793,-24.189419660297062,0,-179.231807898743,0,-86.79959363331807,0,-268.5549856063463,0
870,6,1.0,0.002941007131934578,-0.24752819246763044,0.02904203157974887,-0.003288374940900507,0,-0.09406782607361508,0,-0.04356003544155729,0,-0.21667817156811364,0
871,2,2.0,0.001348233190322523,-0.03398048393997098,0.2559944865765634,-0.0010485934123473678,0,-0.001048339711963602,0,-0.0010485934123473678,0,-0.0010481890328464122,0
872,4,1.0,0.007635503858516564,-0.06335730056529779,1.770527121510527,-0.0011055540365039404,0,-0.0011296879577284253,0,-0.0011179533875050438,0,-0.0011317648550131021,0
873,3,1.0,0.0003498377281315015,-0.06718630254977354,3.970796730227871,-0.0003384277122554219,0,-0.00033819150904691763,0,-0.0003381881259546399,0,-0.0003384296122695263,0
874,5,2.0,0.0007876016163481084,-1.77777735141311,0.007127184819401968,-0.22575150698821744,0,-0.22491900480889626,0,-0.2257125135054423,0,-0.2303118688397774,0
875,7,1.0,0.013309277484233167,-0.14608157210314868,0.6966260988684594,-0.014388832633937539,0,-0.015308437526351526,0,-0.015307835396149232,0,-0.015308751075847175,0
876,6,1.0,0.0009142664835789554,-0.018589504340146543,1.339328142626763,-0.00011256229784850421,0,-0.0001277700165057397,0,-0.00012782675034306323,0,-0.0001284979252784072,0
877,2,1.0,0.011165290710071982,-9.952155695004345,0.0015064792598465508,-330.95425930518104,0,-359.0426860513653,0,-330.95425930518104,0,-309.043864826559,0
878,5,2.0,0.0013131711754841395,-4.140857917766516,0.001212975368975094,-0.1568116354465019,0,-0.15648425422205037,0,-0.15648590229739057,0,-0.15838153991262516,0
879,5,2.0,0.006964446598322095,-0.02763915598885052,0.02053159953495091,-0.00041235674259479035,0,-0.0005075282269197887,0,-0.00048508955431004683,0,-0.0005201780999947829,0
880,2,2.0,0.0005985981002627986,-0.3621969835820338,2.4127591102990302,-0.024653977747041814,0,-0.02477657875207658,0,-0.024653977747041814,0,0.05647556371936633,1
881,3,1.0,0.0026947875439610543,-0.9609540959541424,1.024490876545559,-0.040743519275274864,0,-0.05627387681935425,0,-0.0407301714405352,0,-0.07856986211979977,0
882,6,1.0,0.0007704180972346182,-3.226790929320943,0.009166921322400564,-0.43689630404753643,0,-0.58117593008717,0,-0.570513197326818,0,-0.6380014573290964,0
883,7,1.0,0.0068519659995719085,-0.07467105563825004,0.28785619262722595,-0.0008552997012618493,0,-0.005657528401012542,0,-0.0069071214713218206,0,-0.008899794680443515,0
884,2,2.0,0.031077600616211534,-1.21598212133332,1.0806120997642217,-0.061782505558687695,0,-0.060498892830086026,0,-0.061782505558687695,0,-0.06049439096368803,0
885,8,1.0,0.021844826597471372,-0.8429995372189898,2.488053432152564,-0.02115556923063469,0,-0.13463388706511883,0,-0.1002325089994182,0,-0.14265561349735306,0
886,7,2.0,0.013142984587174522,-1.375086016160983,0.08076830546405842,-0.5503058234520708,0,-10.408963099883072,0,-4.76550798044536,0,-11.669373810337754,0
887,3,1.0,0.028775574072383424,-0.012184050414171397,7.003081397548007,-9.943899446194e-06,0,-1.052291914576728e-05,0,-1.0528941430731674e-05,0,-1.0596233911461023e-05,0
888,7,2.0,0.000581278149159849,-3.3049090910225987,0.7770719601445744,-1.3977941554975137,0,-1.3987846391567391,0,-1.3984453594804975,0,-1.3989123424577823,0
889,7,2.0,0.01290947739414919,-2.3920478104170146,0.2016465619385439,-0.03711351547703323,0,-0.3636860053193036,0,-0.2920773402910086,0,-0.3780500817770296,0
890,3,2.0,0.020937533613268434,-5.279132102738671,0.01619652757621529,-314.14105901894436,0,-423.4794869792503,0,-420.60839031205194,0,-423.59596341323964,0
891,7,2.0,0.00331614123974142,-0.015281338591452405,0.010653285023336097,-6.637618319352105e-05,0,-8.809122861332293e-05,0,-9.080814262996811e-05,0,-0.00010588877201667818,0
892,6,2.0,0.0011655327976725972,-8.212359708829583,4.9497626276312,-5.7594719123617555,0,-6.689606254897892,0,-6.684776915963251,0,-6.696884442118821,0
893,3,2.0,0.023820570995724443,-0.27394703504935675,0.01692873604873238,-0.05792275390941315,0,-1.4944665895454952,0,-0.17904854430350392,0,-1.5046705411321175,0
894,3,2.0,0.004595350617409501,-0.024247591679782493,0.001556976712599246,-3.7857773052318855e-05,0,-3.7858830822024014e-05,0,-3.7884084715916755e-05,0,-3.8165052231670105e-05,0
895,8,2.0,0.002873049147072208,-0.41326177920033674,0.1812067119735083,-0.027850402522626327,0,-0.43051272808418495,0,-0.0767427932539369,0,-0.43758686105111055,0
896,5,2.0,0.01648453713957866,-0.7114778480376889,0.7731065607963717,-0.05746713628509942,0,-0.3104148817381908,0,-0.10119493980938363,0,-0.3107387341607218,0
897,3,2.0,0.0004075267134425276,-0.017462830743829805,0.002225397694202468,-4.776111362420066e-05,0,-3.392800438863086e-05,0,-4.7847053123356575e-05,0,-3.1614630929294174e-05,0
898,6,2.0,0.0009402280569147515,-8.427336908277619,1.0278461765729476,-0.22392219568060057,0,-0.30443747706469537,0,-0.30469756348720267,0,-0.3361217787870814,0
899,3,1.0,0.0025172902059471237,-1.0589885410028292,2.8313022071035316,-0.19653394800515372,0,-0.19790067104354972,0,-0.196649662245287,0,-0.19791021724077396,0
900,4,1.0,0.004855880453845993,-0.019007405847700942,0.12967244172027226,-0.0011141403054956162,0,-0.0011194637034824054,0,-0.0011169737173514541,0,-0.001120805942517336,0
901,2,1.0,0.0006582679225426062,-0.09981792198009778,0.15489396895014518,-0.0007091199625610112,0,-0.0007091217520329499,0,-0.0007091199625610112,0,-0.0007090170233234674,0
902,4,1.0,0.005823080757010539,-0.22013418122539208,0.02588173507567433,-0.42995996770738965,0,-0.8546574717854603,0,-0.4331622160403954,0,-0.9245772112855114,0
903,2,1.0,0.005140473799439232,-0.024219222524429335,0.028466080106484434,-1.3267189545897173e-06,0,-1.326906200681613e-06,0,-1.3267189545897173e-06,0,-1.2807157102820432e-06,0
904,2,1.0,0.030396118771723896,-0.13552653440336837,3.1850504876456047,-0.0028796745929016818,0,-0.0028830383245952956,0,-0.0028796745929016818,0,-0.002874512485080101,0
905,7,2.0,0.012565848989280225,-0.1537774700065559,0.09316895554126366,-0.012891539815574074,0,-0.11540354653762026,0,-0.12178512230061378,0,-0.1244740442626378,0
906,5,1.0,0.004938272053518576,-0.08833715932397947,0.0012440643084055002,-0.005207607782076629,0,0.02806751035269217,1,-0.03760365481622774,0,-0.3721758644413442,0
907,4,1.0,0.002438915825501724,-4.143862558880906,0.001044509760979588,-5.292819589467399,0,-8.684971256870995,0,-5.2261805427515355,0,-9.55075922726428,0
908,7,2.0,0.0006176640749738035,-0.1090483304462477,0.14521872901749783,-0.012412434704151029,0,-0.03925862306436059,0,-0.02847120101228895,0,-0.040338166417094354,0
909,5,1.0,0.00043343880242728854,-4.780311886305592,0.0064444304619314195,-1.117768852538802,0,-1.0462830702547308,0,-0.9576772384023116,0,-1.3170206734766907,0
910,2,1.0,0.00765562194320564,-1.936667339302262,0.018951156606443094,-0.007940558790309638,0,-0.010732613946117908,0,-0.007940558790309638,0,0.002661855554421777,1
911,4,2.0,0.0008672637322382355,-0.0881246679398804,6.655572064873224,-0.0004173930901890264,0,-0.00042564051264212084,0,-0.0004197109364853164,0,-0.00043002962776103674,0
912,2,1.0,0.026146330324141483,-0.014138399422869026,0.0021819001752767125,-0.011658488660602699,0,-0.01156756443415418,0,-0.011658488660602699,0,-0.011567552649253542,0
913,8,2.0,0.0008183413326259384,-5.2074736163976,0.7302369518651088,-4.900873170164637,0,-4.505753399670446,0,-4.62081354126545,0,-6.100633928018201,0
914,3,1.0,0.0013026991685105875,-3.7684861807451826,2.9160989740974643,-2.389071324325976,0,-2.38866195740929,0,-2.3884689356795583,0,-2.398529001208009,0
915,3,1.0,0.0010073103211059402,-7.7445152314215475,0.017203440406780894,-0.5600387495064751,0,-0.592307828831963,0,-0.5869073866736016,0,-0.6063520516902372,0
916,8,2.0,0.0005120538663498812,-0.037700517395831926,0.07263980230297057,-0.0004005740422551793,0,-0.00045662399738074025,0,-0.00044248192643702756,0,-0.00048105096906980206,0
917,6,1.0,0.025488270144023113,-0.026503056131560114,0.011884723680881651,-0.0017657535126588512,0,-0.008175664102803862,0,-0.012299628585156912,0,-0.022298832217513685,0
918,7,2.0,0.028779792599261653,-5.530397903500465,0.20825701332609267,-40.079201832304435,0,-72.38440061977751,0,-60.92104105125773,0,-72.53405723800165,0
919,7,2.0,0.013603333809573797,-1.1882470462296677,0.006621420193836208,-2.347600196251406,0,-3.8462195722133856,0,-4.765268324186636,0,-17.64827432086615,0
920,2,2.0,0.0018327266148655875,-1.1786428447095674,0.00204948184881132,-0.05774949665368467,0,-0.057749456183330494,0,-0.05774949665368467,0,-0.05774929065495371,0
921,5,1.0,0.006037596166964576,-6.951151219811204,0.03339017694923238,-263.8079122250304,0,-152.48233357265985,0,-353.67633312403336,0,-683.287597128796,0
922,5,1.0,0.000368907136261974,-0.021769819819819684,0.001775271703851877,-5.435303197076635e-06,0,-5.61824154438062e-06,0,-5.426777080069778e-06,0,-6.8863982683742275e-06,0
923,3,1.0,0.0054228232676916165,-4.10216038560248,1.0254913232105387,-1.5281643684162125,0,-2.564484627616035,0,-2.5549134907271194,0,-6.329690044824979,0
924,5,2.0,0.012557240294040014,-5.127398880213301,0.16568382236312762,-69.67136785582302,0,-74.53124729291441,0,-73.6627298987297,0,-77.8980560950829,0
925,5,2.0,0.0010640881874743498,-3.0322533737729875,1.8068039422963984,-2.0431025852236475,0,-2.123647696914788,0,-2.1178552712702516,0,-2.2610953451318574,0
926,7,1.0,0.00041800833653061743,-2.409735814124097,0.9865774475351444,-2.6249517029823344,0,-2.6661360212769427,0,-2.6728531108840174,0,-2.772834845060578,0
927,7,2.0,0.005473854493374965,-0.17494028128738104,3.1935417972295985,-0.002407300807809892,0,-0.004437287931477255,0,-0.0033852415795407125,0,-0.004458234646641043,0
928,6,2.0,0.002474483866514284,-1.6589010170642648,0.007024176476466634,-8.06140558015582,0,-19.05199627038249,0,-12.89193498975888,0,-27.29207296672564,0
929,3,2.0,0.0005544252805021526,-0.5834842477617158,7.467826729048988,-0.016369819490178246,0,-0.016374999618269333,0,-0.016371375587937446,0,-0.01625715537256955,0
930,3,1.0,0.0009776890519629577,-0.07933685439696121,0.47614054477107975,-0.0011278561388891415,0,-0.0028584474394792825,0,-0.0024742166341761218,0,-0.0028454994688777322,0
931,3,2.0,0.01378625344915244,-4.39888080720763,0.21836278381439497,-18.49470161991637,0,-23.36125506470453,0,-21.46714211651831,0,-29.627884888444317,0
932,8,1.0,0.0006706115123754525,-1.2286615213961247,0.2775737167216057,-0.004340056718327823,0,-0.007120037132891444,0,-0.00978918589936928,0,-0.022119629741308433,0
933,3,2.0,0.003552798525204206,-3.4984682798416626,3.564629715781804,-1.432108298829736,0,-1.4321143662326241,0,-1.4321117675325041,0,-1.438064312037368,0
934,7,2.0,0.012101844193628758,-5.455304011398964,9.407837767409637,-1.3558985979217117,0,-1.4438008884849898,0,-1.4109723899430975,0,-1.526968911662066,0
935,2,2.0,0.002528029456030324,-0.06609669146883358,0.06372055040566993,-0.004540610295218926,0,-0.0048063218521399755,0,-0.004540610295218926,0,-0.003682871340045659,0
936,6,2.0,0.012139026413274785,-0.058547623923501164,0.010944176481854464,-0.0007792873225005992,0,-0.0020803075395895987,0,-0.0017505281409130324,0,-0.0021173272846003177,0
937,3,1.0,0.0014276765065498948,-0.24330907791540174,0.4146648546586459,-0.004633144978544029,0,-0.003062501089224054,0,-0.003064712658052998,0,-0.004690310481908058,0
938,5,1.0,0.0006732310500009985,-0.017291362310049824,0.0050536070459124465,-4.046946129265816e-05,0,-4.0413302873500145e-05,0,-4.0405632068817726e-05,0,-4.091091580346248e-05,0
939,6,2.0,0.00032379515104530055,-0.02543015648550723,0.7338765950541685,-0.0002821724454031935,0,-0.00028209105365683716,0,-0.00028217310858794054,0,-0.00028502360510545687,0
940,7,1.0,0.0020343037598925576,-0.027679782524257762,0.0012920088801686035,-2.056034947739427e-06,0,-0.00017367020264313915,0,-1.6404230773814366e-05,0,-0.0005393926335294785,0
941,7,2.0,0.028143432861660548,-0.3685698261000441,0.032246971181378266,-0.6184781330443927,0,-1.6910164010607276,0,-1.14021609502396,0,-1.6888359568102502,0
942,3,2.0,0.0008015985516772317,-6.879162904643146,0.355032253973996,-36.918781153103005,0,-36.9365812045451,0,-36.91867260099026,0,-36.93658294119964,0
943,5,2.0,0.0063060628580832315,-0.1492445403466441,0.002761614093168669,-0.6608035971157631,0,-1.3717495924820784,0,-0.6725661527025686,0,-1.6209664250834113,0
944,6,2.0,0.00035245134961625916,-7.081691707492332,0.007309078320958316,-1.1690779112295786,0,-1.5390065948208758,0,-1.2637563852972562,0,-1.621538769613835,0
945,8,2.0,0.0006778263803116962,-1.5172268551306767,0.007005937284733698,-3.256306532812573,0,-14.20854255603166,0,-17.312672567142187,0,-17.39893345854449,0
946,6,1.0,0.0005831632588188358,-0.5643774026797239,5.042455521391413,-0.0014828010389769802,0,-0.01918729907427035,0,-0.0015072286010978445,0,-0.019399191059688174,0
947,8,2.0,0.004841235865988275,-1.2550857663186887,1.365531310620642,-0.3123078052283027,0,-0.34615297899735387,0,-0.3648821705610045,0,-0.3926094391766048,0
948,7,1.0,0.010977811490409325,-0.9852863232817294,0.01121422564562388,-0.004110333590674031,0,-0.0298255724178631,0,-0.01784027100030272,0,-0.03194401625153631,0
949,7,2.0,0.011630119737577806,-0.010893401951511514,3.7034774349020076,-1.3693240456799148e-05,0,-1.575716445780555e-05,0,-1.4818094213072185e-05,0,-1.598833258427169e-05,0
950,2,2.0,0.0264918217195221,-0.8013568469072326,0.0034590819398633657,-7.867271203079483,0,-7.881403188808605,0,-7.867271203079483,0,-7.866767164344097,0
951,3,2.0,0.0011251231781308864,-0.03207184415086207,0.04848382823316786,-2.8915147121753165e-05,0,-2.9033149026943053e-05,0,-2.902607769687121e-05,0,-4.015518116249478e-05,0
952,5,1.0,0.026564072066761136,-0.012819619595094586,0.926584683915739,-5.991526960125004e-05,0,-8.824220681649703e-05,0,-8.21705938222529e-05,0,-8.864422257226956e-05,0
953,4,1.0,0.011835010243726367,-0.9716299135363469,0.17269457362840512,-0.34213421914742703,0,-0.57221382537222,0,-0.4163272092188266,0,-0.7669796031521663,0
954,8,1.0,0.014468025114306792,-0.3510291826433116,0.1547881597914406,-0.14177937803947682,0,-0.325037741902377,0,-0.2827186998215927,0,-0.38626674412490325,0
955,5,1.0,0.0064665219612337595,-0.6401421064543548,9.384666137386278,-0.021033787066290333,0,-0.021821501795668732,0,-0.0209634791115773,0,-0.021831074182794036,0
956,8,1.0,0.007616773123137363,-0.012204944404408441,0.03326267665957619,-0.0001690404651015897,0,-0.0016660204869861752,0,-0.0003689354735292268,0,-0.0016819217153823116,0
957,7,1.0,0.002723877854671887,-0.6414398636864217,0.006567704319501346,-1.2368747154786703,0,-2.9771561051609687,0,-3.0614528522974602,0,-5.227047858306655,0
958,7,1.0,0.0017815140809491583,-0.043078255803979726,0.079292734581034,-0.00011904069650041718,0,-0.00011548566986112514,0,-2.8748947612372566e-06,0,-0.00010905533765395367,0
959,8,1.0,0.024075747306814957,-0.05488158515474664,0.010034049798370389,-0.0028980264139886747,0,-0.1498649134882145,0,-0.14382694481103403,0,-0.14991226639513508,0
960,8,1.0,0.02486257894970458,-0.2393639311595842,0.004958174804943681,-0.006271775444904648,0,-2.2665254466286426,0,-0.6758881712779905,0,-2.8107713745195295,0
961,3,2.0,0.005714223414659736,-3.113684172397304,0.001528285869374641,-392.54437926868286,0,-3013.654131110804,0,-434.1690209006438,0,-2958.9621218073225,0
962,3,1.0,0.024841711580495567,-0.3572300753576609,0.003637079556231584,-5.0120376823754835,0,-2.6731278393692826,0,-4.91008451083021,0,-0.855199285282815,0
963,5,1.0,0.0012571786514369873,-0.4897677840037548,0.012550583566981889,-0.07977493008415237,0,-1.2862536495466514,0,-0.10858745364624944,0,-1.9205383796735243,0
964,2,2.0,0.0010001042740764928,-0.0141684325200961,0.024530979160321563,-1.4324086375790655e-05,0,-1.4166431431985975e-05,0,-1.4324086375790655e-05,0,-1.4166405241862988e-05,0
965,7,1.0,0.0004984426068207184,-0.43419051251337976,0.005072257779149313,-0.02158162381054396,0,-0.02809110266499104,0,-0.02795530246640965,0,-0.028176455592749505,0
966,2,1.0,0.002116488419025455,-3.806683174535839,2.5414148952441025,-2.7281994076795932,0,-2.7281874463561424,0,-2.7281994076795932,0,-2.7279577356549067,0
967,6,2.0,0.0006958904948233933,-2.810902324581414,1.1070660980254805,-2.8002505069277666,0,-2.797566109851031,0,-2.797570917394668,0,-2.8373559295313546,0
968,5,2.0,0.0014484581747385536,-0.1557668803196135,0.2624512795537552,-0.0019201722875111377,0,-0.0008189379788145837,0,-0.0012503437272916237,0,-0.0010065998629147435,0
969,4,1.0,0.0024988706951374925,-1.3593895109429395,3.0933181940895365,-0.18802075745258084,0,-0.16779820667809606,0,-0.1989808985210445,0,-0.2475401613572693,0
970,5,2.0,0.02320462057765131,-1.0185772042871963,0.05367234889381749,-0.7687309026023073,0,-1.1848386105005737,0,-0.6712438131701592,0,-1.2279976593523774,0
971,8,2.0,0.004070650100621811,-0.13345857850345497,2.3979238017597106,-0.0013196471895547662,0,-0.0029033578445024715,0,-0.0026841107635109263,0,-0.002961021373074097,0
972,7,1.0,0.004952593796880167,-3.049555265083073,0.023704022809086525,-0.7532747393707382,0,-1.963937790325275,0,-1.4949517932184335,0,-1.978961428155543,0
973,6,1.0,0.0004120891646574864,-2.257661775003123,1.249824783555132,-0.3803787699330985,0,-0.38291558645046164,0,-0.3809170163818143,0,-0.3899025272043193,0
974,3,1.0,0.0011249530532682923,-1.6485501047236681,0.034963626371568884,-0.33467655300827914,0,-0.3355760171014808,0,-0.3354727245363449,0,-0.34994443865227254,0
975,7,1.0,0.00045960902501097635,-1.8280729032373275,0.3784301027464225,-0.8788490370112902,0,-1.2756907298034164,0,-0.8622558604695274,0,-1.3593244032078124,0
976,7,1.0,0.0017747540230732591,-0.1377473692117419,0.004802328208484878,-0.0020933637600515365,0,-0.001381611048576481,0,-0.0015514073471734058,0,-0.002404851709196354,0
977,8,1.0,0.00034174588839433543,-8.13991067243283,0.003515346846116831,-8.618971689773389,0,-9.602407247917654,0,-9.593111165175287,0,-9.754045358209623,0
978,5,2.0,0.0010380030201542088,-0.19136240039708133,0.011095805407619973,-0.0016922256830638194,0,-0.001825180748432853,0,-0.0016325095131148881,0,-0.0019174275894124904,0
979,5,1.0,0.0050598080405018266,-0.06191731264092717,0.061621858219566214,-0.0008961309452523089,0,-0.0009819584575915044,0,-0.0009116187894619675,0,-0.0016303951802463315,0
980,2,1.0,0.0008892288441553306,-0.58263661315733,0.3909489856404262,-0.03879787782270305,0,-0.039153898493529904,0,-0.03879787782270305,0,-0.005641508508216764,0
981,2,2.0,0.000399301964777017,-0.5273516302592843,0.03899684384987966,-0.053341712351523185,0,-0.05334229810705171,0,-0.053341712351523185,0,-0.0533337242923686,0
982,3,1.0,0.02347563900356405,-2.329062214997641,3.6120765472573266,-0.1128553619180912,0,-0.7490018713151173,0,-0.7480211766878517,0,-0.7507300767867141,0
983,5,2.0,0.0048221326842856444,-1.4604357941749921,1.2723973385663039,-0.11125788121183355,0,-0.11704984022774911,0,-0.10974117943725148,0,-0.12848728214984795,0
984,5,1.0,0.012018304921109868,-0.016544452637207305,0.03633582108826835,-0.00020824921837137933,0,-0.00015700174074186838,0,-0.0008445877860500032,0,-0.0010418372346117119,0
985,8,1.0,0.02195072454087411,-2.8784998559365382,1.1329472549740678,-3.3147384936033184,0,-3.5979874359676725,0,-3.6170723721230695,0,-3.603179358790703,0
986,5,2.0,0.01811597777341552,-2.3700066289387434,0.004050332133493193,-109.6223719554821,0,-655.2125499018397,0,-199.541268818782,0,-692.0171373420986,0
987,2,1.0,0.005724458504930319,-2.5071579168221714,0.1814674580113037,-1.9647243751352708,0,-1.9609217156573528,0,-1.9647243751352708,0,-1.9608202188383608,0
988,7,2.0,0.0006343826891247008,-4.932365521028598,0.5367474309247114,-7.4481615011096345,0,-7.393807746238604,0,-8.411625192362733,0,-12.44989988362935,0
989,6,1.0,0.00742357042974626,-0.22739756813367484,0.008157548789044856,-0.1812149602220341,0,-0.09634614613739467,0,-0.006357840603755882,0,-0.27964404397064646,0
990,8,1.0,0.00918236434000271,-0.10936333781980935,0.5061892290060083,-0.007516159059533152,0,-0.011807736144780588,0,-0.01173237360689167,0,-0.011807991911702696,0
991,6,1.0,0.012191656475728266,-0.1969252652575282,0.027819753445674077,-0.002680900506349282,0,-0.0022113586378875727,0,-0.002094649062624132,0,-0.014547492808797302,0
992,4,2.0,0.002926377390815918,-0.846481154645754,0.0072956268918787336,-0.04151301147329889,0,-0.05462262080088465,0,-0.04191736247647526,0,-0.08947459763766119,0
993,4,2.0,0.006911312695623353,-0.37581362065657525,0.021205901266335533,-0.35280010724561395,0,-0.47995363352322284,0,-0.4365138512413318,0,-0.5305686172249486,0
994,6,1.0,0.014890598214504147,-0.029640169598814086,0.0971346260962098,-0.001222851875828811,0,-0.004518342555024332,0,-0.0043175191877673335,0,-0.004521913367642949,0
995,5,2.0,0.010035907148836709,-0.1335808442012337,0.09017690711527461,-0.08882591014810745,0,-0.0979714046653702,0,-0.0948163356920879,0,-0.09802760579129313,0
996,7,2.0,0.0006317697296008792,-0.11695002643197645,0.0011255612983355875,-0.0042629171480905725,0,-0.001026199906780434,0,-0.0013184619620298932,0,-0.005972304804904738,0
997,3,1.0,0.006169684487135102,-0.15956795939833388,0.03518919214707271,-0.0010832197941643695,0,-0.0005290915423751263,0,-0.0007648971839976926,0,-0.0015990766375629795,0
998,6,1.0,0.009843023468075241,-1.884925858130974,0.00507925007019334,-0.2912647867944429,0,-0.22323820411367024,0,-0.35745461271443446,0,-0.8569073747286211,0
999,5,1.0,0.002597323533084569,-0.17437398119350886,1.3875396047133237,-5.064963437071898e-05,0,-5.3532436884292864e-05,0,-5.3005075377480365e-05,0,-5.3526487048840415e-05,0
1000,8,2.0,0.001792486742907244,-0.9649493760593276,0.003573949403477234,-6.387818615161137,0,-6.021716819966144,0,-6.349208907640033,0,-9.129793234585563,0
1001,4,2.0,0.0006355783531054138,-0.11353354871862859,0.0038339586856072127,-0.03304250413810683,0,-0.03343945846758323,0,-0.03365312783553276,0,-0.03348437104023505,0
1002,3,2.0,0.013777008333407855,-0.7898046669744321,0.01030117005081841,-6.099261491820208,0,-18.284031663530442,0,-18.190702363147302,0,-21.443040393499547,0
1003,2,1.0,0.0006907311605630247,-1.2655126213934793,0.022581994214742676,-19.73722856610202,0,-19.736582092136814,0,-19.73722856610202,0,-19.736104369424943,0
1004,6,2.0,0.0016892831728517303,-0.01489966072058821,0.04390640902281475,-0.00043100672863740936,0,-0.00013344816323329926,0,-0.00011005668880420408,0,-0.0005221370126500002,0
1005,4,1.0,0.025606653610238228,-0.0218354577602221,7.995012738762653,-2.9799336400345538e-05,0,-2.9817508500767263e-05,0,-2.9817692069997192e-05,0,-2.9817703369928804e-05,0
1006,5,1.0,0.00046868231344997675,-4.051148858099894,0.0014730835163195954,-418.6181930226485,0,-445.8039216048719,0,-442.7186214858011,0,-559.4737590327213,0
1007,5,1.0,0.007471888634334832,-0.037448138404563215,0.13288145279215488,-0.0029600805597808076,0,-0.005144066499184945,0,-0.004977705524066793,0,-0.005149842529491836,0
1008,3,1.0,0.0004196037679316745,-0.2873873016434604,0.11298602454164094,-0.007809915294986924,0,-0.007827107370983077,0,-0.007834552384637261,0,-0.007827670440392176,0
1009,5,2.0,0.0022740267071809446,-0.3450652993898188,5.867732905386505,-0.009551119156036417,0,-0.010102753213241066,0,-0.010100697001505848,0,-0.010103477461402404,0
1010,6,1.0,0.00052595131196555,-0.12451227533991545,0.03344429434960844,-0.00017103394534589977,0,-0.00022020945214340504,0,-0.00012005113669594225,0,-0.00021989075434222793,0
1011,8,2.0,0.01062830896765839,-2.345004696613636,0.04188320619066928,-0.24275943567951686,0,-0.8580558041747253,0,-0.4576293886528333,0,-8.05099951596398,0
1012,6,2.0,0.0012231094499818788,-1.5816480092436336,0.1353982598886362,-7.735485478134921,0,-7.998096908532103,0,-8.007080284097693,0,-8.014199058880177,0
1013,3,1.0,0.0037118788809118184,-0.3660005037655428,0.1907958459763861,-0.33100153045706,0,-0.3009522621919791,0,-0.30026333990670745,0,-0.3321834556167631,0
1014,8,1.0,0.0014979150569968862,-4.945049805111149,0.008549119910251153,-25.290298742933373,0,-56.52462242359229,0,-151.63030350794838,0,-419.71732099760777,0
1015,2,1.0,0.0036287388366640304,-0.08846409390770525,0.18609109694726275,-0.008264079850843488,0,-0.00826468492688544,0,-0.008264079850843488,0,-0.008264079154262034,0
1016,2,2.0,0.0005737964895555215,-0.11062650260431428,0.0033088596102817114,-0.0013165279077747005,0,-0.001312277685751928,0,-0.0013165279077747005,0,-0.0012964937935926457,0
1017,3,1.0,0.0005098446996799239,-9.884907162329233,0.04042150089652534,-339.5440506677269,0,-410.0441291968589,0,-409.72344886487554,0,-637.8588942431809,0
1018,2,1.0,0.0248450109110426,-1.4576616194829637,0.41733161267790264,-2.4988212150669127,0,-2.5093832986762257,0,-2.4988212150669127,0,-2.4876443383958486,0
1019,8,1.0,0.026413629730122047,-5.127309717994182,0.029464886574142472,-8.340620321660879,0,-279.9963154670547,0,-107.40308843629657,0,-320.7582546720781,0
1020,3,1.0,0.00032257942206933736,-0.0232411537529792,0.0035174667507315025,-0.04453149121367538,0,-0.04427184943840304,0,-0.044270482096857314,0,-0.04502028401421389,0
1021,6,2.0,0.01820221342264279,-0.013951342354814749,0.4181661799735901,-7.450305984839454e-05,0,-0.00019276892863583265,0,-0.0001767988431389137,0,-0.00020557196303298182,0
1022,5,2.0,0.0018487406885901384,-0.01269857883067685,9.565388732776574,-7.584537220974476e-06,0,-7.629642427458418e-06,0,-7.62951933085685e-06,0,-7.693325223401778e-06,0
1023,4,1.0,0.0021334211972830475,-3.2365492129226823,0.030710619205235844,-7.100484971130726,0,-105.89971282329579,0,-7.0745031029993015,0,-165.25202996688037,0
1024,8,2.0,0.0034658224211418696,-0.21608594894998756,2.451962115576212,-0.008571689636133573,0,-0.00925782119150424,0,-0.009100293056982617,0,-0.009316122371546958,0
1025,3,1.0,0.030837607713040678,-0.03050442923884018,0.0028906705377349045,-4.469140266621929e-05,0,-4.443131731865502e-05,0,-4.437163630066632e-05,0,-4.045887693110428e-05,0
1026,6,1.0,0.0008232159819532982,-3.3477848467683518,0.013234435260510052,-1.167980016187414,0,-0.6036827873412562,0,-1.2762507032572898,0,-3.5216397767597982,0
1027,2,2.0,0.00555641573046517,-0.9591415275614662,0.002493262508648716,-105.00170770791341,0,-124.16768945892224,0,-105.00170770791341,0,-30.69059843021867,0
1028,3,2.0,0.003254914210602868,-0.8625724990593645,0.026950505003614282,-0.4656505262295152,0,-0.46468552068877855,0,-0.4658361680193881,0,-0.46765877036569137,0
1029,2,1.0,0.0009340775438809947,-0.04473379259806545,0.207757390582619,-0.00012845748180579254,0,-0.00012845428017965385,0,-0.00012845748180579254,0,-0.00012843895853756337,0
1030,3,2.0,0.00064784050295055,-1.4860826157610427,0.21194665057157813,-5.120767757766308,0,-5.120762172957921,0,-5.120762850340945,0,-5.1208128641661945,0
1031,6,2.0,0.011052998048395685,-0.08297176489141114,0.010338732464644597,-0.027560913650726326,0,-0.13684107363188536,0,-0.1471997571208154,0,-0.23732250984524406,0
1032,5,1.0,0.003720917994043944,-0.10050907004141549,0.016578006471126935,-0.013334198330929248,0,-0.03787258873416727,0,-0.03872769576791635,0,-0.03785898463431858,0
1033,2,1.0,0.007828287450459836,-0.010751449967023728,0.002335851451878121,-7.361625221462276e-06,0,-7.363825149542258e-06,0,-7.361625221462276e-06,0,-7.344160798544025e-06,0
1034,4,1.0,0.00036274765827683524,-0.012298439338207831,0.008514154167354912,-0.00014709472247431514,0,-0.0001059084869776284,0,-0.00010966162028368774,0,-0.00019657890396917663,0
1035,2,1.0,0.003544281284393282,-0.04007681385990839,1.3778249760836963,-4.3221282309015546e-06,0,-4.3611743047990365e-06,0,-4.3221282309015546e-06,0,5.572536041897197e-07,1
1036,8,1.0,0.025978809651422352,-0.27740241940688776,0.11772233309239861,-0.04593963626601838,0,-0.2451170900098718,0,-0.25908093160649437,0,-0.3212918103543841,0
1037,6,2.0,0.0004581932581717712,-0.22749848843701057,3.5770636824998774,-0.00700819730100331,0,-0.007063133708936661,0,-0.007034925243670893,0,-0.007156470225819733,0
1038,6,2.0,0.0014145882250726908,-1.3985533118508884,0.2870536468542116,-0.14871956358524407,0,-0.23662080569001365,0,-0.2010146341325716,0,-0.28432361344176416,0
1039,6,2.0,0.0004336492373775489,-2.223338948656609,5.809087598362162,-0.07546807090403712,0,-0.0902451482745002,0,-0.06937638843389621,0,-0.09759480875468035,0
1040,8,2.0,0.0035039240851252535,-0.3530752053261315,0.0012530783612614905,-0.006491823765394145,0,-0.012379445939558309,0,-0.012266473639158448,0,-0.024958377637346985,0
1041,7,1.0,0.006173216563064513,-0.25851549909808835,0.021645480425622827,-0.014371182880955624,0,-0.5008511017887602,0,-0.40274943837174715,0,1.9757980213375432,1
1042,2,1.0,0.018859887648342736,-3.7300246204623,0.0014415745355905202,-4.146024640521318,0,-4.1449288531248385,0,-4.146024640521318,0,-4.14301487855937,0
1043,5,2.0,0.0034199681298978084,-0.8077321271212194,5.339630608707118,-0.009774992235139987,0,-0.010804771787048778,0,-0.010217285254560893,0,-0.010835691938373346,0
1044,4,1.0,0.0010250870158166673,-2.94631739843937,3.285675235233666,-1.2762089524657187,0,-1.269122223989886,0,-1.2780916594685852,0,-1.246868463283759,0
1045,2,2.0,0.02191964065106465,-0.625950621355951,2.5961930591688716,-0.07544166504757448,0,-0.07545384552757092,0,-0.07544166504757448,0,-0.07541850016946453,0
1046,8,1.0,0.0010250273893902216,-4.702312218959142,3.770455731651008,-0.13634600141334507,0,-0.29210032319215573,0,-0.17293807405409156,0,-0.3102147482254489,0
1047,5,2.0,0.0003799137963354699,-5.106713014229345,4.395797038007375,-0.10253900898732482,0,-0.1067267686486546,0,-0.10312534316196098,0,-0.10731110044866998,0
1048,6,2.0,0.02007792882496586,-5.943485754806218,0.06443699979256928,-38.294858615428325,0,-267.29871789692726,0,-63.310709540929764,0,-273.9555635698377,0
1049,3,1.0,0.00380440926033075,-0.32018862622798777,0.005071701656136156,-0.09236049928780687,0,-0.10040276453215924,0,-0.09464412486934215,0,-0.6953939293242346,0
1050,4,2.0,0.007478207103646092,-0.019028342335394913,0.029812701540581233,-0.0026159738327089163,0,-0.0033328924178903335,0,-0.002953760996717983,0,-0.00382367684469061,0
1051,4,1.0,0.000376274990885746,-0.3237320629494699,8.460337415130812,-0.005935719287404203,0,-0.005927230446751128,0,-0.005935624659018381,0,-0.005927414915281186,0
1052,2,1.0,0.014759966741380796,-0.581414891298788,1.9258952534086828,-0.08464293952629912,0,-0.0848269427249891,0,-0.08464293952629912,0,1.0850957536043713,1
1053,8,2.0,0.003041491047274398,-2.4456429742691213,0.009372224156761796,-0.5687189815500346,0,-0.7133994109571518,0,-0.869017803184704,0,-1.8171882264799706,0
1054,8,2.0,0.0018899925539559903,-0.13630962288881282,0.009685535488492693,-0.0035014533192930797,0,-0.009366187629282652,0,-0.010468456603317633,0,-0.014363264603533876,0
1055,3,1.0,0.014622168598288432,-2.739465666488969,0.004977733595123296,-59.26977739815436,0,-88.32652499569804,0,-96.32649198918887,0,-28.054837118377918,0
1056,3,1.0,0.006884454527209127,-0.010141126488975005,0.6148218094348986,-3.420919732303749e-06,0,-3.433407249553544e-06,0,-3.434908795212839e-06,0,-3.438134584486747e-06,0
1057,2,1.0,0.001004290997688676,-7.150011082366707,1.422876408839278,-17.520982490788164,0,-17.52087390387654,0,-17.520982490788164,0,-17.520480260602103,0
1058,7,2.0,0.00038749323959253997,-5.289197438254894,0.003078638674851723,-44.58109569970384,0,-42.926301394788425,0,-42.80620572041062,0,-44.74346823333417,0
1059,7,1.0,0.006568899134770426,-0.19530597508414996,0.10592299826551468,-0.0015034795671506063,0,-0.07602925839622275,0,-0.005797497471853791,0,-0.0754302034008303,0
1060,2,2.0,0.010662007101244854,-0.5403973748068637,0.743418554371181,-0.19554321338174077,0,-0.19640856876907722,0,-0.19554321338174077,0,-0.19636454851697652,0
1061,3,1.0,0.007923106719700363,-0.9309012653558933,0.00931666960648814,-0.6580210560327231,0,-1.2522905370211674,0,-2.1042116329169573,0,-3.5769203215932492,0
1062,4,1.0,0.027077968928168238,-1.4685044479153389,1.1274645509946946,-0.5216707574352809,0,-0.7117570939381177,0,-0.7184351647961763,0,-0.7350365801638834,0
1063,8,1.0,0.0024051684694389435,-0.3383339261937709,0.008639426606663203,-0.08473757987418473,0,-0.8346596677632023,0,-0.13299828209605113,0,-0.8358889524778315,0
1064,4,1.0,0.0006342557566298122,-0.2191705172215662,1.442441954752361,-0.015660767971459343,0,-0.014816520908691054,0,-0.015574776602131852,0,-0.016146647578161106,0
1065,2,2.0,0.02249153027808383,-0.6570098893969167,0.024246842037944135,-0.0006954686255813414,0,-0.0007262259795872694,0,-0.0006954686255813414,0,0.0019464435393974355,1
1066,6,2.0,0.0014202695179525466,-0.20552750830749264,0.002649797827589178,-0.06538196772673466,0,-0.08025562067577763,0,-0.08161645126099337,0,-0.08528083175153434,0
1067,8,1.0,0.0019289377671184093,-0.03907343714063249,9.558783318554937,-7.148160607877408e-05,0,-7.22564282630373e-05,0,-7.368451528029351e-05,0,-7.772325225519215e-05,0
1068,7,1.0,0.0006187182076822156,-0.034444763614390514,1.8818391501451073,-0.0003034593833780052,0,-0.00031007754415581965,0,-0.0003066815200852962,0,-0.0003133569027334597,0
1069,6,2.0,0.0007192916154617131,-0.02402543525794826,0.002164472628109433,-0.0008064113546475127,0,-0.0006543889964844007,0,-0.0006510488401228198,0,-0.0011839705458982774,0
1070,3,2.0,0.005262068260774133,-0.06273730865006748,0.004838078985258782,-0.003973915925501281,0,-0.004166952405971813,0,-0.0039045801065530905,0,-0.004187053791423645,0
1071,3,1.0,0.000383447475619646,-0.06265146119749732,0.0012814404166792233,-0.00029533502375955756,0,-0.006165838128798562,0,-0.007358029766530327,0,-0.006155406252682516,0
1072,6,1.0,0.0007934981315712199,-0.3706580343416686,0.05090876437878361,-0.00020004439436838162,0,-0.00019346847075585316,0,-0.00019749030793847488,0,-0.0002595123685886769,0
1073,3,2.0,0.0035218776466584834,-0.30740308024558316,0.008407073761374997,-4.873211169132016,0,-4.834487626481654,0,-4.891114863986994,0,-4.977936631522017,0
1074,8,2.0,0.002841948998240277,-0.1429161041923693,3.1703826419177275,-0.002203742680753599,0,-0.0028779010257194925,0,-0.0027995735952146598,0,-0.0030335201756739455,0
1075,4,1.0,0.0189884683449132,-0.010213171057444872,7.386023973684538,-7.048770355522664e-06,0,-7.048363585474756e-06,0,-7.047961355134418e-06,0,-7.048750926010786e-06,0
1076,8,1.0,0.02564472005835326,-0.08607755457423565,0.1950566297461523,-0.007355247998394926,0,-0.01890394374887383,0,-0.01875232933273577,0,-0.01891990301644249,0
1077,5,2.0,0.025612159747952834,-6.858441719302406,0.00554744678576203,-1.1291281917710876,0,-7.58596548100104,0,-4.366473313196366,0,-78.41275818207669,0
1078,2,1.0,0.0007419109251511921,-0.2845160445577327,0.001916351285608264,-0.03480276935106019,0,-0.03491123877118696,0,-0.03480276935106019,0,-0.03460627556766127,0
1079,4,1.0,0.00035572419929869156,-0.02876402876857948,3.359081317021575,-0.00011857470207391439,0,-0.00012111720416794229,0,-0.0001218290256790012,0,-0.00012168301332715797,0
1080,5,2.0,0.004277709229569256,-3.881400349001135,0.01184758356871493,-0.41560614473553414,0,-0.9405236242760111,0,-0.8810774918172228,0,-1.6941605094885972,0
1081,2,1.0,0.020212392939517685,-6.217795885339612,0.056066058302358515,-1.3401878971109795,0,-24.36900748555894,0,-1.3401878971109795,0,9543.004031055943,1
1082,6,1.0,0.002298702912594396,-0.6802659368865132,0.07299572312018539,-1.2425212817945988,0,-2.072490739804011,0,-1.9413777497950881,0,-2.735001168871111,0
1083,2,2.0,0.009943289439542764,-9.420845676217509,1.4802655990323899,-19.522278674995448,0,-22.935273001552154,0,-19.522278674995448,0,-5.375204566612762,0
1084,8,2.0,0.027935738563346024,-0.724069020979453,0.05004852742425967,-0.16879337305622943,0,-2.722959398793586,0,-2.4246000645618295,0,-3.471055749102284,0
1085,8,1.0,0.01803363620193827,-0.040654313374004075,0.0544025315950428,-0.008138271518641955,0,-0.013375219701785058,0,-0.01094400541498537,0,-0.013482882561639428,0
1086,7,2.0,0.0036956211813223097,-0.08634855427626789,0.013136089317966641,-0.00019651544692506073,0,-0.0002335165695657171,0,-0.00023068438837342553,0,-0.0003245732227450948,0
1087,5,1.0,0.00042479625138619996,-1.225089703977754,6.190416398868657,-0.06914519053496426,0,-0.06916857481056368,0,-0.06916117651264994,0,-0.06922689559652877,0
1088,2,1.0,0.0034328964653431555,-0.10285795100139289,0.6876742908615708,-0.0063394017708479945,0,-0.006318013126742304,0,-0.0063394017708479945,0,-0.006180653492150156,0
1089,6,1.0,0.005071364952177224,-1.0750434252088499,0.038790687612049124,-0.17725229273253085,0,0.9043068623276511,1,-0.7211317948596498,0,-4.600722461174975,0
1090,5,1.0,0.0015261656092165554,-4.167566052215333,0.5633963487682506,-0.22940626374231243,0,-0.24140484315336153,0,-0.23997690370024571,0,-0.24299722384871103,0
1091,5,2.0,0.025166496985655196,-0.4246364139406472,0.020120036704760223,-0.01038018497010107,0,-0.14497415877492603,0,-0.047218531300569744,0,-0.12905931509759405,0
1092,3,1.0,0.0005047904029253328,-2.4988752766575177,0.00790734253332132,-10.484612752235819,0,-10.481342107352532,0,-10.481248557991876,0,-10.490954804623925,0
1093,4,1.0,0.0006858530584901389,-0.4915599881013714,0.0014561643226523174,-0.02324494536595978,0,-0.07006104982916384,0,-0.03525799922370254,0,-0.06993772652472785,0
1094,7,2.0,0.0007837728995783682,-2.3736462904350186,0.15985478131388214,-0.7248807363296486,0,-0.6551967251128445,0,-0.661118393426495,0,-1.0983595942926954,0
1095,8,2.0,0.0056990929221377076,-0.2900323469500966,0.07773645307896077,-0.10221597713756136,0,-0.12942321988019173,0,-0.10603627036727875,0,-0.1532340195210059,0
1096,3,2.0,0.008855838989270717,-0.0752210812369949,0.07272178955301996,-0.015200954732781435,0,-0.017348068384570293,0,-0.015191098723572372,0,-0.01917253569011944,0
1097,4,1.0,0.0007171036117812972,-0.4909689816247418,0.0028085258362449514,-14.282120068150405,0,-16.313910710934348,0,-15.043384468729677,0,-18.541688508565002,0
1098,7,2.0,0.0005390604434391629,-0.6847043729106117,0.941026936373773,-0.22297367958481273,0,-0.2299485503236674,0,-0.22924439386862747,0,-0.23341816732264453,0
1099,3,1.0,0.0010789026434189367,-0.011957826013144919,0.09013703381751666,-0.00027967205949486294,0,-0.000448994351026744,0,-0.0004418554854594248,0,-0.0004578055429558256,0
1100,7,2.0,0.0015491365991398107,-0.1119214936543483,2.2666485286915035,-0.0027035790675053956,0,-0.002731068986590096,0,-0.0027115727018537043,0,-0.00273539094425884,0
1101,4,1.0,0.00514805489355797,-3.7661731465179242,6.670635728570396,-1.0596407317987973,0,-1.0596204421753517,0,-1.059647311695147,0,-1.059739695042982,0
1102,5,1.0,0.009560451520929613,-0.049378415287316714,0.373972635209135,-0.0030085797421981328,0,-0.0032570875643942163,0,-0.0032507485026472137,0,-0.0032573633727629157,0
1103,6,1.0,0.008956118220338205,-0.23063360202041627,0.054532380512555156,-0.004206608685650315,0,-0.2517935364425027,0,-0.06491765579805231,0,-0.32254983550743027,0
1104,4,2.0,0.001913148597985445,-0.10470812391207658,2.3931466131678176,-0.0008788870728060156,0,-0.0008823926744915955,0,-0.0008590253540229264,0,-0.0010742417969575497,0
1105,6,2.0,0.017215305035121062,-4.893902057660386,0.001067824783896948,-1.517749026797901,0,-141.90941546927934,0,-111.97553594677265,0,-399.30565783904603,0
1106,8,1.0,0.0010443239900177093,-6.913556741165543,0.19147005577572446,-10.646601451441029,0,-21.13090636384274,0,-15.613209232452434,0,-21.243077383168398,0
1107,2,2.0,0.00036051732879411317,-0.012246290430880666,3.443704858920278,-3.919497540302311e-06,0,-3.920084816018253e-06,0,-3.919497540302311e-06,0,-3.918324854972053e-06,0
1108,6,1.0,0.0008263322459553947,-0.3519833952260341,0.7166676006764217,-0.06079343020567236,0,-0.08252416695127551,0,-0.07670932890822643,0,-0.08251821188679316,0
1109,4,2.0,0.0025666768248676776,-0.01227018235425019,0.14947320718876608,-0.00016211740063709423,0,-0.00013535382719112625,0,-0.00013704795471470075,0,-0.00024086727927923653,0
1110,8,2.0,0.009398804426820558,-3.595350204974837,0.21388643120686074,-5.012599691854401,0,-13.909939805659828,0,-12.499356303516745,0,-14.06632513666274,0
1111,3,2.0,0.001976048714768691,-0.013589554735197597,0.005906189680675441,-0.00041071486772913807,0,-0.0013043733739476534,0,-0.0005117533268978163,0,-0.001399611442256839,0
1112,2,1.0,0.0012951539228958765,-3.7510528549475595,0.15243045430594432,-0.3040195610539769,0,-0.3047777827856706,0,-0.3040195610539769,0,0.04327657424319398,1
1113,3,1.0,0.002772389616486107,-0.10730476869066265,0.038603948694315195,-0.00010004945023167622,0,-0.006848348166967638,0,-0.004246871872610886,0,-0.007811410391767304,0
1114,7,1.0,0.0009511510578040257,-0.019091759676871923,0.46162245085208364,-0.00029857518394388094,0,-0.00038388402835534826,0,-0.00037811290692625556,0,-0.00038699010792985974,0
1115,3,1.0,0.0014876453563210162,-2.5476816974705088,0.0021649155439190508,-1.1841843393888212,0,-1.1835739596015173,0,-1.1843530981727781,0,-1.1982701976501176,0
1116,6,2.0,0.014449156816363785,-1.0701487003314991,3.2133608022745115,-0.11815564745158857,0,-0.14831665423769136,0,-0.15055104365256805,0,-0.15292053304608283,0
1117,8,1.0,0.01225753875198333,-0.7017754360606782,6.335634451875116,-0.03531083566428535,0,-0.03880581323519958,0,-0.03881047646915641,0,-0.03884856203591745,0
1118,8,2.0,0.0004234063035646577,-0.037603481650747554,0.011991034666613493,-0.003054706275280268,0,-0.002996765997409487,0,-0.004255928661651122,0,-0.008893335001116068,0
1119,7,2.0,0.0003656189816519917,-0.09759000269712818,1.410255698974235,-0.0017155615263222599,0,-0.0017553194500302466,0,-0.001726758381041596,0,-0.0022048624486553487,0
1120,8,1.0,0.007389703662347635,-0.03431399460563825,1.7622166289837893,-5.562673651532407e-05,0,-0.00030836782095967154,0,-0.00018147785578681946,0,-0.00032260661825924807,0
1121,2,2.0,0.0007042219965228011,-1.651524522539476,0.9013872927303449,-1.4516616153956763,0,-1.451410580413082,0,-1.4516616153956763,0,-1.4497510591927156,0
1122,8,2.0,0.012669337733193389,-0.02835801464255173,0.0312278888204903,-9.896414105267301e-05,0,-0.0071798286430183045,0,-0.0007761490267117407,0,-0.007163342664067068,0
1123,7,1.0,0.015363794307104859,-1.2183451245471293,0.059496559405480334,-0.7015603757441866,0,-4.919476621603684,0,-5.061696322621478,0,-6.551314092260873,0
1124,5,2.0,0.0018427636402773462,-0.03905405294710792,2.5413352543579286,-0.000276288899283335,0,-0.00029990426359078937,0,-0.000299752640193408,0,-0.0002999180018700147,0
1125,8,1.0,0.003353249885473867,-0.06007998995427119,0.09824553011514688,-0.00029607848495545597,0,-0.0008291757925678496,0,-0.0008374189582064061,0,-0.0008428908698997206,0
1126,2,1.0,0.0013376999335567947,-0.025327821022946756,0.15374526256553434,-0.001088307388438219,0,-0.0010853468847402481,0,-0.001088307388438219,0,-0.0010850378423820604,0
1127,7,2.0,0.006933065469078645,-0.016880503166256073,0.06707021228301384,-0.00014646757131673866,0,-0.000104025788672071,0,-0.00010248796531858815,0,-0.00019146006942887244,0
1128,7,2.0,0.00467269500643504,-0.04329074778408778,0.0074539053503254555,-0.00818133611888855,0,-0.007301536517862833,0,-0.007929539565467325,0,-0.00913012302971869,0
1129,4,2.0,0.0036657581095955994,-6.609862962597724,0.0036066729917678584,-264.929565845875,0,-257.83608381900285,0,-268.0468314463642,0,-510.25414050151267,0
1130,8,1.0,0.0024222028449596197,-2.6714034393672823,0.07483639305945854,-38.39168407697136,0,-45.66862189713422,0,-43.594634269624606,0,-45.70747566109584,0
1131,8,2.0,0.0029049922071467857,-0.21623950454545374,0.010350462088822319,-0.011697262775534956,0,-0.04899457138750751,0,-0.051065119794835745,0,-0.11321473921071457,0
1132,2,2.0,0.007948339064120603,-1.5698309676825923,1.2235848138565815,-1.0052297251864617,0,-1.0052016911406714,0,-1.0052297251864617,0,-0.9903798771376148,0
1133,4,1.0,0.005708602205976585,-2.3126263974475756,0.03424853046314958,-33.151923825594096,0,-72.72841556107012,0,-32.275701746493425,0,-75.06826884862252,0
1134,4,1.0,0.004529979368305303,-0.7250992141980094,5.864614214597663,-0.04448210391092484,0,-0.044681230945890965,0,-0.04456953108685545,0,-0.04479386840005163,0
1135,2,2.0,0.017503246508415844,-0.036185194958876545,0.36048663592259583,-0.0003427292412728042,0,-0.0005329306076246982,0,-0.0003427292412728042,0,0.0006805639658270981,1
1136,7,1.0,0.003527763450557101,-2.388859227222235,0.008167588134057366,-2.9150766484364112,0,-3.0174506744778,0,-3.0111276317365423,0,-3.0948696840420666,0
1137,6,2.0,0.003457930677630924,-2.1743084590073085,0.00470266894117627,-23.513507116932658,0,-23.825085006584175,0,-23.992618987971127,0,-29.05144574362828,0
1138,3,2.0,0.002225635187826552,-0.5321342500707598,0.15852101073256944,-0.005096949687306562,0,-0.012374821179170326,0,-0.012260512728244022,0,-0.09603763212612493,0
1139,5,1.0,0.0006399425602239155,-0.02596546506487336,0.03660066485286848,-4.431792244019572e-06,0,-1.495127518889687e-05,0,-4.5999280409800974e-06,0,-1.6886140930918656e-05,0
1140,8,2.0,0.0007408788016955671,-0.011275784466085388,0.19401504778051656,-1.5088845475220937e-05,0,-0.00015379812662469266,0,-3.981208119849955e-05,0,-0.00018035832128566304,0
1141,2,2.0,0.00952072698011751,-4.930353724082242,2.419498046083078,-5.021941381880854,0,-5.021785906727126,0,-5.021941381880854,0,-5.020932282661462,0
1142,3,2.0,0.0008361031844073166,-0.011820116237036335,0.46713759766888663,-3.226086989184819e-05,0,-3.210649983265261e-05,0,-3.22237310979768e-05,0,-3.2759993048630214e-05,0
1143,8,2.0,0.0007512638631165374,-0.025296454737713445,0.0011287930777232249,-2.9321366132595283e-05,0,-1.908691059737677e-05,0,-1.9349215815811505e-05,0,-2.1770825036293573e-05,0
1144,5,2.0,0.0004241231870015846,-2.0057296268881637,1.1057027949827223,-1.3140886654009831,0,-1.3913096949513661,0,-1.3903804047392219,0,-1.5113631686207318,0
1145,5,2.0,0.000739496334358199,-0.6903869542497469,0.001973578015016226,-0.2252463579222308,0,-0.09343658650035991,0,-0.19498975808227215,0,-0.2999674454055139,0
1146,4,2.0,0.0005019043563433072,-0.28580072471779344,0.27702955129302265,-0.0018226642361640066,0,-0.0017519302193966524,0,-0.0018010814707369038,0,-0.002639070004650912,0
1147,4,1.0,0.02217710024891306,-0.33234180584674433,5.531432238393905,-0.004142187366334,0,-0.009120416487428503,0,-0.008294110601184287,0,-0.00943181574211557,0
1148,4,2.0,0.0007044473239598849,-0.03125635289532367,0.07711712006300016,-0.005598594492723067,0,-0.0055980728041044705,0,-0.005598069795301496,0,-0.005599743356316944,0
1149,2,2.0,0.0029303683605383436,-9.617993818831119,0.5293626039333913,-76.77387453697216,0,-87.1205268585324,0,-76.77387453697216,0,-86.55303009757915,0
1150,2,2.0,0.000528704285201308,-3.420587651776732,0.7178569508624176,-8.146748735135452,0,-8.146850469416048,0,-8.146748735135452,0,-8.146216297172986,0
1151,5,1.0,0.0027125140809474667,-0.09471760535273976,7.3291801658221845,-0.0003432752487148995,0,-0.00035811628499709397,0,-0.0003552107253991571,0,-0.00035850928284671504,0
1152,3,2.0,0.0016646220584791386,-0.1727740644276188,0.0018294600132589638,-0.5288736253684965,0,-0.5324203994628984,0,-0.5320133431780407,0,-0.552330865127999,0
1153,4,1.0,0.0004118984892880965,-0.057587340088812465,4.889428910132654,-2.8575048237018956e-05,0,-2.5129207057671555e-05,0,-2.8949558719947e-05,0,-3.5738402123330405e-05,0
1154,4,1.0,0.008946690777032376,-5.424629375963923,0.06452413303623226,-5.946090361583089,0,-90.64574179820735,0,-7.048995050248919,0,-131.77777597605075,0
1155,2,1.0,0.0020832416115103935,-0.14718747100723117,0.0017249000168689179,-0.010154580625084009,0,-0.010195907565734963,0,-0.010154580625084009,0,-0.01015263437433589,0
1156,4,2.0,0.01185043353075289,-0.1538012335057374,0.0030419935913414925,-0.05657937590998241,0,-0.6543059144437313,0,-0.11544959067262495,0,-0.6571878926109611,0
1157,2,2.0,0.0005193448140597017,-1.8342565539283824,3.696209614561089,-0.3320978648707926,0,-0.3312942776539297,0,-0.3320978648707926,0,-0.3312937588388576,0
1158,3,2.0,0.0027942289314803444,-1.0372419858154451,0.008314973904993231,-43.2321380797412,0,-54.66725613795538,0,-55.50554325987343,0,634.1909159171398,1
1159,5,2.0,0.0005988795968085251,-0.011293206743192778,0.01063775871155452,-0.001572547780193616,0,-0.0013056530864754617,0,-0.0012098564562131198,0,-0.0014964984523502325,0
1160,5,2.0,0.016832486315257248,-0.4125729515534495,0.24265448979160248,-0.05415742193102174,0,-0.2770060809637057,0,-0.20501303731140322,0,-0.3053385630813177,0
1161,8,2.0,0.0047053646712838125,-0.6348483862730289,0.0010943463350499489,-0.2408120210464233,0,0.6886069280040203,1,-0.7469142892961997,0,-4.639736594213758,0
1162,7,1.0,0.014117360502143654,-0.11108659140698948,0.2309095711408935,-0.005286058182633304,0,-0.023808854160127388,0,-0.02322647251961072,0,-0.024244391256394757,0
1163,5,2.0,0.00048063733188386833,-7.537575411784783,2.0602270437057757,-0.5354248184468648,0,-0.5352874751587127,0,-0.5352853639066311,0,-0.5354990668349622,0
1164,4,2.0,0.001324866126998968,-0.0172684855078803,0.0152584512981697,-0.005412643102790459,0,-0.008984423349073935,0,-0.00803362356080209,0,-0.009427376971851724,0
1165,4,1.0,0.0017517295798524662,-3.7848262275020415,0.24594579468784675,-1.1034482166557922,0,-1.186271292280395,0,-0.8769787046942028,0,-4.69319282914152,0
1166,5,2.0,0.00032550509670856864,-0.015354639317685203,1.8794800202821151,-2.1978564788524236e-05,0,-4.127085723330849e-05,0,-3.6380255991575174e-05,0,-5.479320576091707e-05,0
1167,5,1.0,0.00259313804420971,-0.2736139709877067,0.018739995161167002,-0.7785412099413231,0,-1.7744966338604038,0,-1.6584178309726885,0,-1.7729988382570463,0
1168,7,2.0,0.010030311209655307,-0.018525884828392025,0.13570868146128723,-0.000637061796428758,0,-0.0010770895689392115,0,-0.0010880982780022655,0,-0.0011322777003954087,0
1169,4,2.0,0.012334118855368175,-1.8406363584093628,0.0010399491925869868,-44.130473885106085,0,-1058.5863266574884,0,-1186.672389968879,0,-1620.3881415570074,0
1170,3,1.0,0.0168873065358742,-0.4797831590821569,3.402720655207029,-0.033049952774835294,0,-0.033814489561949844,0,-0.03381116616750937,0,-0.03382104907841646,0
1171,2,2.0,0.00047759705053194545,-0.4857250263626238,0.30371354475470874,-0.3874964366603408,0,-0.38752024990906636,0,-0.3874964366603408,0,-0.3874964269349519,0
1172,6,2.0,0.026168091506368386,-0.04065519573529867,0.070425735574661,-0.0013666285018086258,0,-0.010997602544067056,0,-0.009551937287795088,0,-0.011202070296244808,0
1173,6,2.0,0.0003559631625368337,-0.014683050450289187,0.005052431351074847,-0.0001309359126308307,0,-0.0001298333194495599,0,-0.000130677924506592,0,-0.00013250133926107077,0
1174,8,1.0,0.028565446388299793,-0.06975019171010396,4.208108878684787,-4.4332273198448356e-05,0,-9.069915671772481e-05,0,-8.710842643999532e-05,0,-9.109318979231808e-05,0
1175,3,2.0,0.008163155101487487,-2.5014426222147246,0.022866838278616936,-58.667233333667255,0,-54.453517838700435,0,-62.97857119656011,0,-106.9957172573776,0
1176,7,2.0,0.0018302734526293208,-9.062168828549828,0.26735862224734164,-4.134936192840485,0,-21.658478216941063,0,-12.430584255658317,0,-22.907017162034663,0
1177,3,2.0,0.027897137854067135,-5.58959588824616,0.04361949788504751,-301.23227694050877,0,-339.0435095177738,0,-338.94783925586773,0,-350.2090913699535,0
1178,4,2.0,0.001562578950887141,-2.987572748491561,0.18306232907017184,-17.241445952124167,0,-19.586381253414615,0,-17.78315413044909,0,-19.9864669140538,0
1179,6,2.0,0.0009887310416095093,-0.3881250955185327,0.0022878961911677164,-0.2480137059100187,0,-0.24599717665117282,0,-0.24606324718290296,0,-0.25367639459412317,0
1180,6,1.0,0.005010831898780349,-0.07352769258143486,6.382097695538946,-9.44062110303849e-05,0,-0.0004190809385764365,0,-0.0002589636393021536,0,-0.00042266011287026283,0
1181,4,2.0,0.001160656078742909,-0.16712163292563206,0.009573941174293808,-0.012995564828235384,0,-0.012037913377023868,0,-0.012122704326912315,0,-0.013834384061075511,0
1182,5,1.0,0.0014997436999266045,-5.766782338466881,0.13080051095498924,-125.94967442029817,0,-125.99924817620551,0,-125.87898411539635,0,-126.21391133784218,0
1183,4,2.0,0.01052987039328362,-5.665612149952548,0.004671501403990298,-1141.4615304467684,0,-1550.9744086130822,0,-1197.3854491827133,0,-3173.6207327885836,0
1184,4,2.0,0.004833965099855664,-4.399049427807301,0.005987658291012039,-3.8530530983412064,0,-5.835581418187303,0,-4.212697280835073,0,-15.945318429611234,0
1185,8,1.0,0.012513298100113644,-0.2119202306038077,0.05216082765792937,-0.00440158077014674,0,-0.03210141902437641,0,-0.029575751922887472,0,-0.05292016566413815,0
1186,3,2.0,0.0010916743035563577,-0.0305764123754979,0.004202992950809834,-0.07957588909145098,0,-0.07993612903642797,0,-0.07992872027262271,0,-0.08005879100297061,0
1187,4,1.0,0.016163453044172948,-0.023544552519878505,0.0013021096194212986,-0.0015815092232427108,0,-0.004449625561441156,0,-0.002914645545431138,0,-0.005029977716208778,0
1188,7,1.0,0.0005774903778680737,-4.6622223860488266,0.0011616263162851108,-0.08918873713446374,0,-0.0869040678771853,0,-0.08695814196107676,0,-0.09389834296598565,0
1189,5,1.0,0.011091513882361652,-1.7126184786888765,0.048812336696664106,-3.0230422334899814,0,-18.67624110466495,0,-24.536726045437725,0,-20.88626708613134,0
1190,2,1.0,0.01093463732039132,-3.7304560553880153,6.177459975211406,-0.9771266840447973,0,-0.971923811208328,0,-0.9771266840447973,0,-0.9708236893634461,0
1191,7,2.0,0.0029221702276959536,-1.656773849536053,0.051936966773548573,-1.1361832833284389,0,-1.1480995760562749,0,-1.1481092273754179,0,-1.5766731325549372,0
1192,5,2.0,0.0008570658385503024,-0.1602397631980392,6.582858175847565,-0.001428782333430482,0,-0.0015502103065190304,0,-0.0015495290634268775,0,-0.0015587129295846769,0
1193,3,1.0,0.0011590466185763275,-8.726866975299611,0.002111560207174476,-1.8836532680143137,0,-15.155136349225359,0,-15.544912713809026,0,-27.37426137347211,0
1194,8,2.0,0.00034863633795951404,-0.07706459228898793,0.2911404627522547,-0.00015744190886221414,0,-9.993265618605564e-05,0,-9.983143689511718e-05,0,-0.00023911782105960795,0
1195,3,2.0,0.002561931543953025,-0.6664816754238255,0.00771817285451095,-8.302634843634973,0,-9.51058391986901,0,-6.430148895517952,0,-18.66464236663254,0
1196,5,2.0,0.007227104708850078,-0.04591881694265526,0.011291489476731966,-0.00032372671290799293,0,-0.0004670525813961074,0,-0.0003417530582316419,0,-0.0006005218793904421,0
1197,5,1.0,0.01913364259093691,-0.904894966395163,0.09844358767534825,-0.10416838100263437,0,-4.043373462828709,0,-1.1083791927718636,0,-4.088752584182668,0
1198,2,2.0,0.005518080127032931,-0.14133256645741,5.644474967914708,-0.0017609139824040164,0,-0.0017609127983206716,0,-0.0017609139824040164,0,-0.0017608749564300597,0
1199,5,2.0,0.00223214408657419,-0.038889636611031106,0.01591810197971057,-0.01481522237619401,0,-0.0106891525769292,0,-0.011030904347099142,0,-0.02371661125638816,0
1200,2,1.0,0.004217576316915643,-0.08856731830938608,0.985239530996502,-0.003943889194421501,0,-0.003974645587987328,0,-0.003943889194421501,0,-0.003916848896883634,0
1201,3,2.0,0.002639984138460521,-1.1470081844499347,0.04906925722378972,-2.9579821716099186,0,-2.865671616267983,0,-2.8726144633658777,0,-3.028266298331472,0
1202,4,1.0,0.006623293442865597,-0.24130891265769852,0.014484408672842774,-0.00036348481873416105,0,-0.00036757108395280014,0,-0.0003681488354865259,0,-0.00037374107119791944,0
1203,2,1.0,0.021757582190819334,-0.2904715464963047,0.012396927234967126,-0.9594029023952837,0,-1.0663330017367336,0,-0.9594029023952837,0,-0.7753592186432221,0
1204,5,2.0,0.0012627068624895775,-2.980633149834047,0.0013673779388944105,-0.7835202272117385,0,-0.7701581726942095,0,-0.7715909631269824,0,-0.7926441782287839,0
1205,4,1.0,0.012307655469653336,-0.7786189331667788,0.012335873248875126,-2.522348795911171,0,-7.212756855283313,0,-2.5589085705868584,0,-19.063071257846197,0
1206,3,1.0,0.0006630345014456363,-4.148934576702892,1.242452978421914,-5.285274126653212,0,-5.458287981144668,0,-5.290024236428867,0,-5.947448443603052,0
1207,7,1.0,0.0012559402931716362,-1.1653141974682537,0.019457420413750055,-0.30307360949242934,0,-0.4776683463829059,0,-0.4544127870983701,0,-1.7598388533972695,0
1208,4,1.0,0.00099305862429463,-2.1960502552005496,0.017309618876747576,-79.54280306800526,0,-80.58258089483897,0,-80.45003423307458,0,-83.61055947479417,0
1209,6,2.0,0.003733075497899578,-1.4072293893289682,0.06701233495228856,-0.14432809540534208,0,-0.17284592374516805,0,-0.17377731826473664,0,-0.28088944313842923,0
1210,6,1.0,0.0005348454984628428,-0.37446934942177074,1.969129868238343,-0.008450957117668072,0,-0.018379171790665318,0,-0.014074030977944199,0,-0.024960539461087346,0
1211,8,2.0,0.008513389396044619,-0.24059193483562602,0.0010773731222978897,-0.3452814120405492,0,-13.869625959210964,0,-10.857193812789362,0,-15.182565194517062,0
1212,2,1.0,0.002705935980739131,-0.011867329036752498,0.9443325750763033,-2.581973275461182e-07,0,-9.97627222594044e-07,0,-2.581973275461182e-07,0,2.7878712798329753e-06,1
1213,4,1.0,0.0004797764063177205,-0.7650402842703204,0.27507902725275224,-0.026946702067623507,0,-0.027158836516212537,0,-0.027450568878718107,0,-0.027398861307487365,0
1214,5,2.0,0.02705944615451051,-0.26030641787606595,2.0469653237077887,-0.016335284480276286,0,-0.01655093945865012,0,-0.01651110725644909,0,-0.01655107609061378,0
1215,2,1.0,0.0018264898995939934,-0.0318575773624069,0.02169211312251824,-0.000408822994163522,0,-0.00041635000982009895,0,-0.000408822994163522,0,-0.00040829950447161464,0
1216,5,1.0,0.0010796920155720254,-1.4894358959696588,2.754727222496175,-0.025495729528668853,0,-0.22838318315616993,0,-0.21594755948157357,0,-0.3912196540497326,0
1217,3,1.0,0.00044114468592164287,-1.6360155501246263,0.33398437560685906,-0.01571982041121389,0,-0.014245770901074373,0,-0.01576062305106518,0,-0.011781958499692546,0
1218,8,2.0,0.020419433684498816,-0.724931825214214,0.03574491026924164,-0.1052932854778934,0,-1.1495463288501346,0,-1.5438643284441875,0,-3.2098183763365613,0
1219,2,2.0,0.02238463311946724,-0.014582846886943007,0.0027966683669515993,-0.02778715566344384,0,-0.029288718499741316,0,-0.02778715566344384,0,-0.03753634115592964,0
1220,7,1.0,0.0003324782452702876,-1.1952822912918486,0.011451257069251194,-0.024237642738000886,0,-0.024171951370071554,0,-0.024212359155853846,0,-0.0244089996282284,0
1221,2,1.0,0.0007208006754243166,-0.0734436949559653,6.71968185779864,-0.0003822075888874058,0,-0.0003822522089254364,0,-0.0003822075888874058,0,-0.0003341998704092773,0
1222,4,1.0,0.00758935564496181,-2.510128523803879,0.0015228044270234314,-1.535985856478419,0,-5.878102233136815,0,-1.4086176073560637,0,-6.185227214815313,0
1223,8,1.0,0.024298708480216494,-0.016956037781800104,0.1201693068995901,-4.526630569333086e-05,0,-0.0009577392039409916,0,-0.0009296631753034005,0,-0.0010841299269186153,0
1224,6,1.0,0.002456018164163325,-0.025504753958905772,6.3496636523634935,-2.2610701251141626e-05,0,-4.578516891841749e-05,0,-4.195838235482068e-05,0,-4.683983574502159e-05,0
1225,5,1.0,0.02003367171413588,-3.5184883888008582,0.0140935760568318,-232.748496439,0,-345.42335421007624,0,-240.39909574087568,0,-369.9301035758723,0
1226,8,2.0,0.014834279687894816,-7.573173486642109,0.04418845440075391,-134.08116018711394,0,-549.2815448325568,0,-561.1893710645835,0,-643.1104123084011,0
1227,7,1.0,0.0039979345843241375,-1.3361289880030238,0.35113301728189944,-1.3797626667443974,0,-2.512811407228834,0,-2.464401121024573,0,-2.5305373991748246,0
1228,7,2.0,0.008348615791820127,-1.1437381841180985,0.00488145331412421,-32.152875905156975,0,-67.47841602793171,0,-42.89314325655701,0,-100.89989688479028,0
1229,2,1.0,0.01770424691613289,-1.0962120529034296,0.0013617680886081965,-3.5047177485834027,0,-3.593520510423332,0,-3.5047177485834027,0,-3.504306745179008,0
1230,3,2.0,0.0012343269611239647,-0.03333556302332525,6.475249263857166,-8.487576509538148e-05,0,-8.46872163783867e-05,0,-8.469199843829007e-05,0,-8.492816264666088e-05,0
1231,6,1.0,0.020810859325432664,-0.23473902153116194,0.11117214065288648,-0.007952074820417016,0,-0.21614689885315536,0,-0.18556819402434666,0,-0.21808825293123058,0
1232,5,2.0,0.002355999034516565,-0.015386397689937471,0.09003138500128592,-4.848864375304974e-05,0,-6.501117184544328e-05,0,-6.497650662422977e-05,0,-7.485029688496432e-05,0
1233,6,2.0,0.0003531145639599502,-1.9373642280589447,0.14981051524185826,-0.05397891087257989,0,-0.05867883296914833,0,-0.05403690706955899,0,-0.059186375433586846,0
1234,2,1.0,0.001089460707551818,-0.14035460137341513,0.7314118968997356,-0.013391896880514018,0,-0.01339190378466733,0,-0.013391896880514018,0,-0.01339187050459906,0
1235,4,2.0,0.007661215756807574,-0.03070375475403581,0.1101333368110826,-0.003060480807900319,0,-0.003861122279684009,0,-0.00397247476286723,0,-0.004182981661845315,0
1236,8,1.0,0.0091017661433464,-3.6320436488663734,0.15914986209721813,-1.1479727893985867,0,-27.64430141542856,0,-4.302318231771729,0,-36.99032057866935,0
1237,3,2.0,0.0006118765278677478,-0.6258901139984249,0.16124765246616235,-1.1404501655460173,0,-1.1403118855021652,0,-1.1404209978395776,0,-1.1399871540441724,0
1238,4,2.0,0.022950875209567453,-3.9153976389218785,0.008077498649701118,-5.807477015456698,0,-77.79372991044215,0,-69.6640020763856,0,-149.01973525202516,0
1239,8,1.0,0.0004448330864240798,-0.024423310663667774,0.42686562192092337,-0.00047642853967972906,0,-0.0003750719693674983,0,-0.00044168114292820516,0,-0.0005031654731708223,0
1240,6,1.0,0.005310437830965814,-0.05179703985559145,0.21772562779434174,-1.4214136334566273e-05,0,-2.2771455918552466e-05,0,-2.2622805057676693e-05,0,0.01667283285845174,1
1241,3,1.0,0.004928788446166864,-0.6706073774332308,0.002793963439791963,-0.0019575070205490874,0,-0.0016236977719614742,0,-0.001778979612950593,0,-0.004918489960203942,0
1242,7,2.0,0.015253826965640163,-1.5300773460269952,0.003424564011764806,-7.888726219975922,0,-11.388900774082629,0,-10.298360386076354,0,-15.326878171191595,0
1243,3,2.0,0.012063207326162156,-0.01574594811810435,0.02847888412416702,-0.0026122988927047507,0,-0.00306503695516096,0,-0.0033757817875178526,0,-0.0037745001605015436,0
1244,8,2.0,0.001217518506223355,-0.022919123728640953,0.02235051739634979,-5.3855261350502226e-05,0,-6.612454695521797e-05,0,-6.753086143274599e-05,0,-7.600686793546654e-05,0
1245,4,1.0,0.0030962260902537547,-0.2721840862592073,0.002619022249177381,-0.7092020863553099,0,0.24121237739033496,1,-0.47976720718711796,0,-4.376765880132853,0
1246,3,1.0,0.0004226431583603838,-4.831596097591849,3.7638495282727535,-2.6504711702051407,0,-2.7499031444312827,0,-2.650235045650199,0,-2.7502334594376494,0
1247,8,1.0,0.0005270140479614848,-1.1640372807298283,0.298393982674275,-0.004121488572207177,0,-0.0009032593821198809,0,-0.0011577316141431204,0,-0.003175320221509903,0
1248,6,2.0,0.0010370610808018738,-0.034794126307703656,1.4079953084397536,-0.0004068523395985814,0,-0.0004079550992577158,0,-0.0004086799445640293,0,-0.00040876964615531563,0
1249,3,2.0,0.0037866362929451407,-6.816456265025098,5.5466675801058605,-3.5805903433833413,0,-3.509221751286525,0,-3.507651175668148,0,-3.2991451561879606,0
1250,8,1.0,0.009247451421116775,-0.03664765683134117,0.019314385507161826,-0.009457885058226846,0,-0.033580968140913194,0,-0.017502106769905882,0,-0.03365794243077747,0
1251,8,1.0,0.00040041219286113895,-6.499165268114116,1.0404217350779843,-9.335138002879322,0,-9.59052361881966,0,-9.721789458655444,0,-13.787583010155961,0
1252,6,2.0,0.0032061758096158803,-0.3048363723441842,0.007014220714062478,-0.5231150296018967,0,-0.6915789698931398,0,-0.6058914370214596,0,-0.8193973913838866,0
1253,4,2.0,0.0009286401589789638,-0.05929745629386876,0.0046001444250272075,-0.00297246383970845,0,-0.0014691308020977067,0,-0.0022316623252300882,0,-0.0034259890151380756,0
1254,4,2.0,0.004278448728254393,-0.012571723956374257,0.004843870087472712,-0.0006600985271713218,0,-0.0001534592855042885,0,-0.0006783560432893493,0,-0.002268973716600519,0
1255,5,1.0,0.007689818972746561,-0.5290092553595599,3.669704501324977,-0.02589656008425858,0,-0.02632994749618709,0,-0.02627924013164866,0,-0.026362787042956123,0
1256,6,2.0,0.0004314420681534831,-2.4988780328629283,0.007900717381861638,-0.09276007959948629,0,-0.400566188840628,0,-0.3377241907238613,0,-0.8779570777937806,0
1257,2,2.0,0.0007923135744035957,-1.2324902870723875,0.040070048433408535,-16.932442450367233,0,-16.93093346930856,0,-16.932442450367233,0,-16.89519173501641,0
1258,2,1.0,0.028938011230201437,-0.15897928835722214,0.36130468550163797,-0.03347724337157763,0,-0.033470056889498244,0,-0.03347724337157763,0,-0.03346642176820148,0
1259,7,2.0,0.030710005611842436,-5.853175536903983,1.3443288596601244,-4.570022107332036,0,-12.708024702060124,0,-12.477884572731783,0,-12.704210141240052,0
1260,3,2.0,0.001420957525613097,-0.0881262595319967,0.009031071119043955,-0.0006070212750508563,0,-0.0008349989474149,0,-0.0008601688389090478,0,-0.0022579873812449414,0
1261,3,2.0,0.006711082089508768,-3.5499176515555044,0.1336168182012654,-2.6432535894049565,0,-2.6013919932809415,0,-2.3759691523612574,0,-2.8458231185635086,0
1262,6,2.0,0.0023967078861856102,-0.1784528333162354,0.018025203287025147,-0.6565438173061791,0,-0.7175050993118122,0,-0.7408558538574342,0,-0.8137868379518624,0
1263,8,1.0,0.030508745361898907,-0.285196377491861,0.03280699312149313,-0.9150093910000826,0,-1.239567978128356,0,-1.147724871339447,0,-1.2396253616866009,0
1264,2,1.0,0.021117729591261375,-4.823758085173491,2.0747803810112915,-5.5703551118055,0,-5.604847343281976,0,-5.5703551118055,0,-5.605789697924347,0
1265,6,2.0,0.012689353296286223,-0.2147292891212136,0.08455308626442178,-0.010899658637216036,0,-0.022538850560894552,0,-0.021952075145211913,0,-0.022717618852101856,0
1266,4,2.0,0.0016895992309108503,-0.09776031597762753,9.740411430820119,-0.00020374688416405847,0,-0.0004798496953526978,0,-0.00039852690058639665,0,-0.0004799524592045457,0
1267,4,1.0,0.019330766495080094,-0.03984559589464983,5.138968176444865,-0.00015398440551461014,0,-0.00015409964892606053,0,-0.0001542188286902634,0,-0.00015443744790837705,0
1268,6,2.0,0.0005120019289323719,-0.023723400698831002,0.9532577476772721,-0.00028381794951736985,0,-0.0002857973421760561,0,-0.0002854251862522838,0,-0.0002858375079206099,0
1269,8,1.0,0.0046240547230447775,-8.511660159428615,8.671057230576206,-4.157627154344808,0,-4.17286770033349,0,-4.161534582927954,0,-4.1733100300330825,0
1270,3,2.0,0.0010299777797898833,-1.6563965031999472,0.333473611825349,-4.09190315559548,0,-4.091808369860624,0,-4.091808493436487,0,-4.094721293159477,0
1271,8,1.0,0.004972979969209056,-2.073625535823241,0.031039718862482798,-0.06299719288750794,0,-1.451698248442895,0,-0.2174170461767062,0,-2.1252729300663447,0
1272,2,2.0,0.030690263381412432,-0.015190221631772981,0.278273686480746,-0.00040771079136704523,0,-0.0004068863747997571,0,-0.00040771079136704523,0,-0.0004068783020767758,0
1273,3,2.0,0.0019383706435504061,-0.04129324113323253,0.004501690992851717,-0.005962898001400374,0,-0.005966722169162247,0,-0.005962941959925583,0,-0.0059672586982230935,0
1274,2,1.0,0.007740464433476864,-2.2862204093305354,5.375770815835753,-0.4298851317822821,0,-0.48567368652324816,0,-0.4298851317822821,0,-0.4860744145120743,0
1275,7,2.0,0.010181398851541238,-4.088299933112065,0.008654237042168925,-1.7783970498961708,0,-1.7729688372191958,0,-5.398932930189289,0,-35.74246195333694,0
1276,5,1.0,0.003464037435188314,-0.18932258815140426,7.220744461925996,-0.002389189443304616,0,-0.00235544088316615,0,-0.0023777880537128203,0,-0.0024478631969598263,0
1277,8,1.0,0.0013763281447606377,-6.968532592387144,0.7157770869543183,-11.190707539649225,0,-21.842358190438752,0,-20.39686305502744,0,-28.631528987935233,0
1278,8,2.0,0.0004234890642893545,-6.894064525710449,0.08544118902687912,-1.8456306174322208,0,-1.360154030068486,0,-1.3515325864128158,0,-1.5233137718649914,0
1279,7,2.0,0.015286493758267336,-7.098255861294222,0.0020687523787030347,-32.155551897216355,0,-1608.9164225905588,0,-44.97754052473829,0,-2995.1445203803287,0
1280,5,2.0,0.010611082874282439,-0.010142521542098831,0.001328349840660824,-2.7216539357978464e-05,0,-0.0006771326977101366,0,-2.7382289270655447e-05,0,-0.0006814354189874916,0
1281,8,2.0,0.024980759753396094,-0.06178577279123498,0.013855556734564055,-0.020140058196740182,0,-0.009685538464701493,0,-0.007400941179349391,0,-0.03261165088907961,0
1282,3,2.0,0.006303829456186505,-0.02780206341068143,0.004808729090044514,-0.07827921854485621,0,-0.07980243152753155,0,-0.08010463152306332,0,-0.08000000158837295,0
1283,2,2.0,0.00904049695394293,-0.37752820339470566,0.05777572169932741,-1.0844381736147062,0,-1.1250824406290576,0,-1.0844381736147062,0,-1.1912431928815501,0
1284,6,2.0,0.002275189558943025,-0.022805188583385958,2.6157769451934403,-4.157198309260381e-05,0,-8.236530287344558e-05,0,-8.401916225790835e-05,0,-8.797066198868778e-05,0
1285,5,1.0,0.0003508364531153826,-0.029116880009589723,0.22269407254824286,-0.00011748219483196146,0,4.719025590036569e-05,1,-5.491172667209201e-05,0,-0.000552472727530538,0
1286,6,2.0,0.001369375220249689,-0.021755236620675043,6.645441746111621,-3.573009048225332e-06,0,-1.2470997673214263e-05,0,-1.2152119180955152e-05,0,-1.3326183585860477e-05,0
1287,7,2.0,0.0007582764415927836,-0.2895161924631491,0.026475927772339855,-0.05102781344696128,0,-0.14991901344088676,0,-0.060550745686874796,0,-0.17570370079323183,0
1288,2,2.0,0.016786579723962847,-0.29251896060907,0.02640623517967105,-0.00011254885718381402,0,-0.0001125495853060432,0,-0.00011254885718381402,0,-0.00011251849311499917,0
1289,2,1.0,0.00043777009123781595,-1.7396480015847116,0.6015719554654243,-0.12364228486159767,0,-0.1799531629580975,0,-0.12364228486159767,0,-0.11752060162351752,0
1290,3,1.0,0.0012495577771769498,-0.7022630553151545,0.4365345677763782,-0.5446552790070679,0,-0.5532493325568109,0,-0.5555387814952941,0,-0.5642845502947983,0
1291,2,1.0,0.009658428667771092,-0.816573301033169,0.005042351241969893,-0.008317218067247723,0,-0.008333424374114884,0,-0.008317218067247723,0,0.0069268366785735225,1
1292,7,2.0,0.0003446839228803444,-0.012011158125901868,0.5988250422660406,-7.540338995401645e-05,0,-7.48195111300128e-05,0,-7.530628636106363e-05,0,-8.017990783747065e-05,0
1293,5,1.0,0.02536588893257093,-3.6785600282411526,0.0012370824000881087,-0.17128831945501588,0,-19.056498162848584,0,-12.705864506439866,0,-25.857507880767116,0
1294,3,1.0,0.00804806556633198,-0.061960953725180026,0.13542229565158628,-0.001528770833731704,0,-0.0036937118580226483,0,-0.0015135393235927042,0,-0.006385704637662498,0
1295,8,2.0,0.018487167486150546,-0.3854810590757403,0.001044382018046808,-0.0841865464117717,0,-3.5370002566925507,0,-0.13346433793888934,0,-30.91063615585108,0
1296,6,2.0,0.0016004339706120808,-4.915132797691135,2.5905974550252138,-3.399088479683446,0,-4.030243057752693,0,-3.9405301661616647,0,-4.560201708096599,0
1297,3,2.0,0.006866596289889067,-1.0246504773436675,7.8915003920370825,-0.0648341097317429,0,-0.06597746390349597,0,-0.06485848277841076,0,-0.06640651185896562,0
1298,3,1.0,0.008662823445083359,-1.6129400011743773,0.030385217606556283,-0.21024008553937534,0,-0.22078432457040975,0,-0.2144647994896971,0,-0.2275718793212036,0
1299,3,2.0,0.005273823028701384,-0.02540044660229174,0.0012965658473835494,-2.1496063075804317e-05,0,-2.1019391120091768e-05,0,-2.111223443157506e-05,0,-2.2299832996536262e-05,0
1300,8,1.0,0.000464526878090425,-9.28295872098371,3.523126904762723,-0.48983023857958763,0,-0.5947508452207533,0,-0.6195092373035269,0,-0.5975460508237909,0
1301,2,2.0,0.006391158738225196,-1.7410557922231222,0.5711342154528937,-2.54341168158825,0,-2.601422913518866,0,-2.54341168158825,0,-1.425142005951572,0
1302,6,2.0,0.012197183368248009,-0.26252351026043413,0.00814675902680053,-0.21266420441332734,0,-3.8740934042881285,0,-3.7209170856196034,0,-4.226247991447997,0
1303,3,1.0,0.0006318710064832044,-0.6629506926987235,0.02419742438552648,-2.3169409301583315,0,-2.3143349797142347,0,-2.3162806382561234,0,-2.3477998417991897,0
1304,2,2.0,0.017159722664602344,-0.3253510683150709,0.012314623976442984,-0.0021879711390351275,0,-0.008433909573561493,0,-0.0021879711390351275,0,0.35247937209325464,1
1305,4,2.0,0.0007886778757922499,-0.039606216636915804,0.013410313210157784,-0.001824296698285273,0,-0.0018293781889012067,0,-0.0017393382476863367,0,-0.002861209580323841,0
1306,6,2.0,0.004658306509430111,-0.1374203965951618,0.1681115865030131,-0.008752174419200731,0,-0.008721601005793937,0,-0.00874524384023289,0,-0.008790937999538784,0
1307,4,1.0,0.017940942819477283,-0.45355820533889374,0.0014370193607844658,-0.13181805853882622,0,2.5304401859405488,1,-1.1505872711743876,0,-12.953858690336702,0
1308,8,1.0,0.0004997860488855605,-0.9983418658254382,0.0031125753002947086,-0.050589953252369924,0,-0.050225640512792324,0,-0.049392216712561776,0,-0.050664565636765246,0
1309,2,1.0,0.0003711641812819725,-0.30619360435122134,0.12370815869071528,-0.37339288488778016,0,-0.3745224083348151,0,-0.37339288488778016,0,-0.372217880203522,0
1310,7,1.0,0.0029183097554442636,-0.9524209840515443,0.0023689624463211737,-0.08531479639182749,0,-0.5518403451485483,0,-0.203281264023758,0,-1.1497201243022062,0
1311,5,2.0,0.0026606101898690292,-0.06735991407151672,0.01321991352055617,-0.0005886554567913482,0,-0.00027310873482025433,0,-0.0002756367548267802,0,-0.0005378096152094947,0
1312,8,2.0,0.027071470113424555,-0.014170744498642045,0.32513409955695866,-0.00017933777581574957,0,-0.00023804374785288602,0,-0.00019796946794720547,0,-0.00023716005905190132,0
1313,7,1.0,0.0006950387485775042,-0.017120755593477734,5.453911121210654,-2.202303579110298e-05,0,-2.1589231751912934e-05,0,-2.1562060879275767e-05,0,-2.429255491283896e-05,0
1314,3,1.0,0.0025895564598049136,-0.34157315479765027,6.5686824669026125,-0.0005371767346694055,0,-0.0005783840055659361,0,-0.0005783173628459946,0,-0.0005922801214512524,0
1315,6,1.0,0.003744975736391817,-0.027951596562541443,0.0270503011852358,-3.095228838905818e-05,0,-0.0002727563867516731,0,-0.00026865887404970215,0,-0.0006474457510828053,0
1316,3,1.0,0.0007472739911071195,-1.2450364262823757,0.1661981279048737,-0.7896434691699641,0,-0.8589096677072812,0,-0.8578028651724008,0,-1.507631303914767,0
1317,8,1.0,0.0007270984805537228,-0.14084460915210675,0.01916496349067624,-0.00392677485064763,0,-0.07354395024706717,0,-0.06933805523752984,0,-0.0776792475623379,0
1318,3,2.0,0.029788744003209685,-0.27567257203484863,5.981883166389057,-0.00635204316021351,0,-0.006351952736774051,0,-0.0063520318027486125,0,-0.00635205661382603,0
1319,5,2.0,0.00033645559255694057,-2.3186551155220885,0.006366967064611302,-0.5181607626292362,0,-0.5409259309533354,0,-0.5374486338719748,0,-0.5665012556995634,0
1320,3,2.0,0.00034987638902501717,-0.03200596432260551,0.13493269947053932,-0.003333329073154341,0,-0.0033333293101725768,0,-0.0033333288623495676,0,-0.003333329993362958,0
1321,8,1.0,0.005471264975632556,-0.14073841399111728,0.003990479517276961,-0.0031005272694630825,0,0.003696229249267269,1,-0.016860498506497734,0,-0.04893847305785881,0
1322,6,1.0,0.0013232126404546225,-0.06071489271457985,1.8783742538734578,-8.579213239592312e-06,0,-0.00024146362602403245,0,-1.046412263267264e-05,0,-0.0002908168571076579,0
1323,3,2.0,0.00033590528089442534,-0.06514815287243007,0.003466788132748797,-0.0012084665465634803,0,-0.0012879222247106359,0,-0.0012884225944118644,0,-0.001290968139136428,0
1324,2,1.0,0.0006101813448045542,-2.716001271778354,1.60213960359362,-2.145261826070307,0,-2.134118936322488,0,-2.145261826070307,0,-2.038160049566568,0
1325,6,2.0,0.0017663213081258772,-0.394374895793775,0.5832464370259163,-0.10624177529869389,0,-0.10724456672887943,0,-0.1055273762713279,0,-0.11458784023047405,0
1326,8,1.0,0.0005270771031405378,-0.010607764574695078,0.19357219589402302,-5.474086180400322e-06,0,-4.622287210102481e-05,0,-8.268433813847986e-06,0,-5.004546204681438e-05,0
1327,5,1.0,0.0006855303576863016,-0.13462311652286812,1.9872614188710476,-0.002328194513052676,0,-0.0014255905303233642,0,-0.0015483480468131087,0,-0.003033469349889126,0
1328,6,1.0,0.0029295246612568108,-0.010317587653893805,2.2055337346917736,-1.81565948848377e-07,0,-1.7778132857182034e-07,0,-1.6408155335364996e-07,0,-2.1030672094014659e-07,0
1329,4,1.0,0.0019697241236215036,-1.5115453580031355,0.007880288394099919,-0.1300022487918966,0,-2.0968194037414776,0,-0.14658520730563396,0,-2.4406847418701716,0
1330,4,1.0,0.026033416064703583,-0.2073782501487196,0.14214143164432913,-0.07654208673143711,0,-0.06690793121074409,0,-0.08105823980304888,0,-0.11587100191499983,0
1331,7,1.0,0.006081075718340585,-9.308528745313499,3.213886778362646,-12.61119768610861,0,-12.481167823517994,0,-12.500229402433236,0,-12.722715939337224,0
1332,5,1.0,0.001781596917953732,-0.04054197015728256,0.0012838258781096474,-0.004320819267446097,0,-0.014473780265379266,0,-0.00882448956330062,0,-0.022325384603442244,0
1333,6,1.0,0.00305974711502546,-3.8258362933361716,0.49845065844484937,-3.920353735565051,0,-0.46975389487365504,0,-2.121991993319096,0,-5.405845990523716,0
1334,8,1.0,0.0037586790295082583,-0.7948871359243155,4.092892211552731,-0.009936743226835881,0,-0.041818755640022166,0,-0.02520135833666569,0,-0.06566477991590874,0
1335,3,1.0,0.0026135887919601568,-2.618489703269087,0.06493829405765297,-1.5911349099369119,0,-1.5753628400841464,0,-1.575442335790946,0,-1.6259276067218948,0
1336,6,2.0,0.015665770242000072,-1.3566532089157188,1.3412048472535931,-0.684988680846256,0,-0.6859449032111333,0,-0.6852175007299901,0,-0.6860084103682272,0
1337,8,1.0,0.002359144158100735,-3.46511759704563,1.0223595663249312,-1.3395096432214162,0,-5.212762130057017,0,-3.783159687197622,0,-5.575336947119865,0
1338,8,2.0,0.00040814253465571603,-4.30049433294798,1.3062670812611665,-5.960551334420771,0,-6.093564255270416,0,-6.079519202812993,0,-6.307250769236954,0
1339,3,1.0,0.003264595218945799,-0.06367411967431467,0.0010025248939098078,-0.006107399235967925,0,-0.02320221014484991,0,-0.006457213795403316,0,-0.02827427739444932,0
1340,7,2.0,0.006985428766750375,-0.014307886129104413,1.4443973836724229,-6.729965074527525e-05,0,-6.826630506723645e-05,0,-6.885855109589716e-05,0,-6.922737819473129e-05,0
1341,2,1.0,0.0003482625172804095,-0.07854771459683255,0.004818005695461798,-0.00579309604718703,0,-0.005792911527407352,0,-0.00579309604718703,0,-0.005790803221318641,0
1342,3,2.0,0.030859922935962198,-0.02131859147294951,0.5631071377724384,-0.00034029600156848484,0,-0.00040242151378366825,0,-0.00039938038013895006,0,-0.00040274842064940726,0
1343,6,2.0,0.0005803367632019854,-2.386017162943031,0.03390573615606639,-18.98288260682888,0,-27.5243584581481,0,-17.727785416047354,0,-31.78556771838747,0
1344,4,1.0,0.0008664974028766222,-0.03575328675243775,1.7548331287193757,-0.0003141503573483208,0,-0.0003123858591855377,0,-0.0003133517636221822,0,-0.00032870899676989203,0
1345,5,2.0,0.0019872069348380733,-0.13679648354061133,0.0011623178902327171,-0.0013448015460735263,0,-0.0013446934206449157,0,-0.0013441322608045425,0,-0.0013687277033938017,0
1346,8,2.0,0.0010426362890504479,-1.4658062614310858,0.018925148231921502,-0.1421436424588478,0,-0.6538598360506214,0,-0.16571395162006297,0,-0.6616045270573636,0
1347,2,1.0,0.006704941184112323,-5.0012908271762395,6.4466813661798525,-0.4726452693607346,0,-0.4725787129496608,0,-0.4726452693607346,0,-0.4105809921214585,0
1348,2,2.0,0.0005184448665511816,-0.014833401499898301,0.2071000560928299,-1.2737799441648592e-05,0,-1.2713481480938912e-05,0,-1.2737799441648592e-05,0,-1.269730582415798e-05,0
1349,2,1.0,0.0043744437048196,-0.477756036031048,0.7272729563425782,-0.1417867633160097,0,-0.14189920022618532,0,-0.1417867633160097,0,-0.09727876224531697,0
1350,7,1.0,0.0007422222123083265,-6.855543138350452,0.008412587032288829,-3.1075852964563637,0,-1.1497357003854631,0,-0.9546616778611678,0,-4.20569949201581,0
1351,5,2.0,0.0009875960041711106,-0.8591782258245969,0.032973071486380796,-0.0768831764058806,0,-0.13417623586897953,0,-0.08177181240956344,0,-0.15866318312619399,0
1352,3,1.0,0.008549161476567056,-5.870357766632125,2.578306447948395,-5.013126637100303,0,-5.649547375935723,0,-5.582014945424712,0,-4.499492313449382,0
1353,5,1.0,0.0005207325821188824,-0.2033924948881268,0.8020431009249113,-0.0004010482880871802,0,-0.0004781813542104156,0,-0.0004777586467417175,0,-0.0008050157757579085,0
1354,5,1.0,0.0003794784048143295,-0.012977736394864976,0.00709581470661537,-0.002397297706156116,0,-0.0038348632014025223,0,-0.0041235778507841435,0,-0.003873800665042202,0
1355,7,2.0,0.0005511401489656975,-0.5404193300363686,0.006862603713536059,-4.25965267850593,0,-7.068758510771893,0,-5.5479980428804865,0,-9.989086082209752,0
1356,2,1.0,0.0010774188036008414,-3.2121507135738936,0.43502827591871185,-0.017340288574290597,0,-0.01758903871334816,0,-0.017340288574290597,0,-0.017206502539419688,0
1357,3,2.0,0.005929918287009313,-3.248608439790161,3.3584465510056507,-1.569190412698219,0,-1.5700624769808307,0,-1.5695335934931942,0,-1.5700933182113026,0
1358,2,2.0,0.0009993628001038297,-0.016095707666255604,0.016361708366456545,-0.00029188972434048,0,-0.00029188971562172424,0,-0.00029188972434048,0,-0.00029188747342241087,0
1359,2,2.0,0.005740697996879715,-3.3586407426496354,0.03597302959710228,-155.3606618709642,0,-155.28008817470254,0,-155.3606618709642,0,-155.2734606598146,0
1360,6,1.0,0.004432758500435448,-1.7219882653745995,0.02395953524969092,-0.42988436098071503,0,-0.3742339027454804,0,-0.42234937012959506,0,-0.7516535811611647,0
1361,8,1.0,0.03060873755693252,-0.19110964913497125,0.013033570480682839,-0.5637080361682496,0,-1.3937509685248954,0,-1.3288316312525381,0,-1.3975963900210961,0
1362,2,1.0,0.0017937230382782455,-5.937397323514173,0.0869896013174154,-190.17496692743714,0,-190.1901815534139,0,-190.17496692743714,0,-190.02947312634745,0
1363,7,2.0,0.0008127820717215433,-0.15835478802341446,1.4759976982064864,-0.0011644660338919711,0,-0.0032455865972764253,0,-0.002401528766487679,0,-0.003633164327197849,0
1364,6,2.0,0.019469166998702766,-0.08744351686497662,0.3627836844399356,-0.01048059815272327,0,-0.01053585618383628,0,-0.010505540785805392,0,-0.010536011318960212,0
1365,7,2.0,0.0006092151783245855,-0.08382137180839354,0.009936381594908535,-0.00028372988855640546,0,-0.0003405122677982986,0,-0.00035657284188572724,0,-0.00035293094993088525,0
1366,3,1.0,0.005378468062185625,-0.011935197746600248,0.024258721971207625,-4.317373098496101e-05,0,4.1170446036450925e-06,1,-1.1738475450472248e-05,0,-4.6485817694304384e-05,0
1367,5,1.0,0.0006738403259381455,-5.126938521950018,0.1510745000585695,-37.980444227899966,0,-51.12304404996374,0,-50.21617791362261,0,-57.44124242258678,0
1368,4,1.0,0.0010750195455662553,-0.6472034748827761,0.11638183198841653,-0.03892106781271165,0,-0.0768048776010537,0,-0.05860915984382631,0,-0.17820566899665513,0
1369,7,2.0,0.001319764372430503,-0.20032873667256618,0.0016616706176186915,-0.3187081213105465,0,-0.8286186774598008,0,-0.8310611863150044,0,-1.0501419611668155,0
1370,3,2.0,0.001755977760281228,-1.2817269032844782,0.08864603925295549,-3.845932747673915,0,-3.1128150512479955,0,-3.111676668148881,0,84.98478344563763,1
1371,3,2.0,0.0065171946235966765,-0.027073848230820527,0.005673637877091318,-0.0036245545724126055,0,-0.0044026322035308554,0,-0.004711931828340073,0,-0.008685259080292801,0
1372,7,2.0,0.00518382809999195,-0.5166188923396624,0.40007766479297524,-0.2223502515950736,0,-0.3091668820916393,0,-0.3090821337174465,0,-0.30920266344747177,0
1373,5,2.0,0.003569553640561435,-8.695111727486726,0.5012031619581693,-57.597395822446664,0,-69.55136659063757,0,-59.19097359523664,0,-71.10819650216601,0
1374,6,1.0,0.016818556710488416,-0.0169303332047992,7.8488280012275276,-1.7754388698392544e-05,0,-1.825563523171294e-05,0,-1.8205765046490127e-05,0,-1.82571913562858e-05,0
1375,4,1.0,0.008727838089384033,-9.579821107402122,0.012603077717107494,-7.35090176541371,0,-274.5936333112186,0,-42.977226905965836,0,-483.4583099833667,0
1376,2,2.0,0.000810097176272256,-1.1084747558211836,0.010577840730025191,-54.419616316842294,0,-53.5924648097625,0,-54.419616316842294,0,-53.57770147993575,0
1377,5,1.0,0.009369067124894484,-9.262887582986314,0.8280968751182821,-2.128048788979555,0,-2.0566689924660793,0,-1.6391254534713937,0,-4.428886424721412,0
1378,5,2.0,0.022231706982229277,-6.2877525764474145,0.011804059641016754,-565.4635979450138,0,-1629.4247461971347,0,-1271.4080158435718,0,-1643.6325910797466,0
1379,8,2.0,0.0014000782550514811,-0.19311251535246596,0.20183331632792975,-0.003888505168635939,0,-0.003921451717670457,0,-0.0038903824341320614,0,-0.003978420840383759,0
1380,6,2.0,0.008687430361226758,-1.2329440305036454,0.10105287390853605,-0.0568087837340947,0,-0.04147230870157248,0,-0.04073805082165993,0,-0.09483874370015144,0
1381,7,2.0,0.0252014646563264,-9.167694409890794,0.43798587534392475,-93.77929604121408,0,-95.27511336913783,0,-93.37286661500993,0,-95.36354817017313,0
1382,8,2.0,0.015254521639227626,-0.013980541777966286,0.001777133919370945,-4.55843760228114e-05,0,-0.01806220364827616,0,-0.0002449851139965306,0,-0.0196474351940368,0
1383,8,1.0,0.0004079138595347481,-0.31605957502781007,0.22189004293470752,-0.003869717796807892,0,-0.006560078966068167,0,-0.0071579827222750525,0,-0.02127633902349621,0
1384,3,2.0,0.019691900882848473,-0.026023167908236087,2.1991173828538093,-0.0001537087245309998,0,-0.00015378915579784448,0,-0.00015379967994779437,0,-0.00015380549432758716,0
1385,3,2.0,0.02211509458739495,-0.6104405139732303,0.8104001900470615,-0.22962098766364294,0,-0.22942344754441313,0,-0.22926476071913204,0,-0.22971554888759796,0
1386,7,1.0,0.0004820333168980762,-0.5754441267788549,0.005237360046151875,-0.0009760175236834812,0,-0.0009849112123880843,0,-0.0009884018035855036,0,-0.0009857558481876083,0
1387,8,2.0,0.015376888752578307,-0.044338919528204304,0.004898112288731249,-0.0886471356024864,0,-0.16350899142732675,0,-0.13803815632195254,0,-0.1997548920588778,0
1388,5,1.0,0.0004983677331916153,-0.11880151547173333,2.810582148720637,-0.0002147114358445894,0,-0.00020750572798153722,0,-0.00020277421197793452,0,-0.0001283592426682737,0
1389,4,1.0,0.02573037244447332,-1.8781537798669372,0.015622202483445286,-0.04501696599866989,0,-0.5318636158369259,0,-0.40258593266851506,0,-0.9040021558192279,0
1390,8,1.0,0.018780516822650983,-2.5440927477653803,1.4057995569460022,-1.5724619812380962,0,-1.8310605521206655,0,-1.832447190368519,0,-1.9582613451103983,0
1391,4,2.0,0.004004465791792097,-0.14900380342967157,0.34709139992583293,-0.0003041861204329116,0,-0.00030056745405401125,0,-0.0003014668668245568,0,-0.00031912128929247746,0
1392,5,1.0,0.0015197397675656393,-0.022349235524143484,0.17625676075929095,-0.0010633672348056445,0,-0.0012374456718303303,0,-0.0012878710266928514,0,-0.0012817195008117805,0
1393,5,1.0,0.010254738545803405,-3.094509826677276,0.7705084866752412,-4.352413613292648,0,-4.485019585483877,0,-4.580656364841971,0,-4.556719382940336,0
1394,3,1.0,0.00200688718047908,-0.10380329141694686,0.39160609974628213,-0.012841817914198543,0,-0.012877685780380411,0,-0.012878141761703819,0,-0.012886033364844448,0
1395,6,2.0,0.0010879501349698928,-1.3687918884735377,0.0011903624426383588,-0.0743893932183255,0,-0.0721179105197507,0,-0.07195749548645836,0,-0.09327597865592452,0
1396,2,2.0,0.001037167504479178,-0.7637465325243921,0.002518034171928904,-0.07253376468162287,0,-0.07249702446300432,0,-0.07253376468162287,0,-0.07249329221048129,0
1397,6,2.0,0.0009904739345609477,-0.5058214768871334,3.128165547808669,-0.03616462041344571,0,-0.04072816176033453,0,-0.03884113665384199,0,-0.04072893513813136,0
1398,6,1.0,0.004344347905150584,-0.08888459000194487,0.20733241570955768,-0.0015441339956793962,0,-0.0017892802307501593,0,-0.0017094285489488749,0,-0.0025003837416025486,0
1399,3,1.0,0.006065442789257235,-0.025479901942186457,0.1620093221015517,-0.00030438561922796134,0,-0.0019101350861449155,0,-0.0003194134295212614,0,-0.001957588436082388,0
1400,4,1.0,0.0009284848058514236,-0.06657670109319358,0.0022437507762868994,-0.00023384817151683723,0,-0.0004363663093085446,0,-0.0002564064520442777,0,-0.0005843198007413619,0
1401,4,2.0,0.0003875914427263077,-0.528889998531206,0.18446069394596057,-0.10226801492193438,0,-0.11133312394822181,0,-0.11134499334973713,0,-0.2237220206814755,0
1402,4,1.0,0.01249532600962613,-1.1406461170693356,0.02041782176877111,-17.542190804706003,0,-28.87015215088541,0,-29.56416694338413,0,-31.69936177549444,0
1403,5,2.0,0.0007262085416774264,-8.696023501804337,0.4684381050739719,-75.44662992074504,0,-75.52973409543834,0,-75.52657199747148,0,-75.54711069861678,0
1404,4,1.0,0.026671087713163965,-1.5277612756361039,0.5184983681236929,-1.1537707115682219,0,-2.0570725280519175,0,-1.1689093234716401,0,-2.171226455199659,0
1405,6,2.0,0.0005788211977788515,-6.136547393300274,0.19680343360767627,-56.57245044271563,0,-55.31850322364066,0,-55.31645320721556,0,-66.34303154004367,0
1406,2,2.0,0.001529922954801804,-0.031015509023040344,0.007282298816157834,-0.008841690003640705,0,-0.008984800504653265,0,-0.008841690003640705,0,-0.00882758007511196,0
1407,4,2.0,0.01968404338444026,-5.0556136936333695,0.7236447377890679,-5.6032188124003675,0,-6.513471488619906,0,-5.914979892197058,0,-11.609253047636281,0
1408,3,1.0,0.00105439627137229,-0.014502830713240378,0.014777859014301108,-1.3276036420035824e-05,0,-4.917933507179659e-06,0,-1.5755802462533164e-05,0,-0.0003726082441981391,0
1409,6,1.0,0.0009098310654457811,-8.28272789594708,0.0019341859197933974,-7.214259916290757,0,-12.147673071114696,0,-15.447947208154801,0,-13.53323536375683,0
1410,4,1.0,0.0036505045620425767,-0.459497161706581,2.6682532514831707,-0.03848520011653288,0,-0.03883434868955076,0,-0.039091139783316776,0,-0.03859324984132656,0
1411,5,2.0,0.005264452864604428,-0.01432187187321048,0.3838714892496848,-6.911847071438399e-06,0,-9.528027936671053e-05,0,-7.939933152412699e-05,0,-0.00015127652099405448,0
1412,4,2.0,0.001135125521516151,-0.776186369823289,0.10745780427541754,-2.0852470206768046,0,-2.0743254486217033,0,-2.0850537340609203,0,-2.1292735811311125,0
1413,2,1.0,0.0009833648318875606,-1.5165485522607796,0.021108578521599138,-0.16045512922274696,0,-0.16047280195208913,0,-0.16045512922274696,0,-0.16034485426457223,0
1414,6,2.0,0.000711955476787208,-8.316546616815431,0.6287231155898293,-49.08031754439982,0,-52.527503178248075,0,-51.28958491287499,0,-52.53455011297183,0
1415,5,1.0,0.0016900869853428454,-0.1660444660543442,0.7003403874162497,-0.0001847626765102313,0,-0.00769951714109208,0,-0.0011519480457050611,0,-0.008708012246141653,0
1416,4,1.0,0.005620304289590114,-0.33037388091027203,1.8259413179894406,-0.028592231840218647,0,-0.02858530798732467,0,-0.028580843072290533,0,-0.028637414417501537,0
1417,8,2.0,0.023305782598422854,-0.020152593094128177,0.2389763297193384,-0.0008397888085649145,0,-0.000845989441715279,0,-0.0008359026182739324,0,-0.000846176224554221,0
1418,7,1.0,0.00037307118234779766,-0.18919554928294693,0.003261688482300517,-0.00029139514840714753,0,-0.0003425740719249504,0,-0.0003419426267310399,0,-0.0003963056983398161,0
1419,5,1.0,0.0014457418064051947,-6.046999115739546,0.04377691171177708,-119.99773163425942,0,-132.64310981786087,0,-131.283911937335,0,-132.6458978885604,0
1420,8,1.0,0.0018401795588193393,-0.10562669879530379,0.2142717821135476,-0.010660543411467561,0,-0.025035779248615886,0,-0.018029438802983227,0,-0.025060746100575834,0
1421,2,2.0,0.0021360835312966443,-1.4324389557170156,4.9223841796727745,-0.20579176447451558,0,-0.20607218814495068,0,-0.20579176447451558,0,-0.205066367012821,0
1422,8,2.0,0.02113364125967137,-0.08150471890470412,0.0043193562842733565,-8.384140917916394e-05,0,-0.6603374707766738,0,-0.04374697785954895,0,-0.7085095321025122,0
1423,4,2.0,0.0038669092928352152,-7.7873482201448665,0.001391910464377329,-15.28750596905229,0,-208.95346544959102,0,-135.69566598141682,0,-229.25298033942454,0
1424,6,2.0,0.002050142979665783,-5.828676890570341,0.12285060401214555,-0.6790023917197345,0,-1.7641595078623595,0,-1.02088132987015,0,-8.307419890523448,0
1425,5,1.0,0.002844628510425441,-0.612327267784246,0.02546967910634543,-0.10055215632012882,0,-0.588044075321406,0,-0.14901312900910035,0,-1.5094686209882164,0
1426,4,2.0,0.004404209371173606,-2.0925769146384683,0.002394671523875673,-33.25386520447523,0,-78.91366893396889,0,-100.44820941967919,0,-365.8766127744841,0
1427,8,1.0,0.0005271932281974612,-0.1560770973987291,0.05306094373007995,-0.0023361201049258706,0,-0.0034750194632577613,0,-0.002470166761518039,0,-0.004908280594268538,0
1428,5,2.0,0.023533471942593923,-0.6284793630519063,9.727692754572592,-0.019932010003654552,0,-0.020297947363514104,0,-0.020223362956468934,0,-0.02030139101091031,0
1429,6,1.0,0.0005760815833432361,-0.2119544469745934,1.9716674550426316,-0.011266399095511345,0,-0.01135372737279646,0,-0.011311830884662012,0,-0.011377679133899211,0
1430,3,2.0,0.029950549079746997,-0.1665033989480429,0.0052895428095376265,-0.09484264523031793,0,-0.10676578864138753,0,-0.09485850194525769,0,-0.10704271996277503,0
1431,3,1.0,0.0008298412197287033,-1.3319849699720885,0.10837329356880086,-1.8304061831676313,0,-1.6351239195046405,0,-1.6311361826160793,0,-3.3262966326232934,0
1432,3,1.0,0.007010214739259336,-0.016449914245778144,0.04137596005233599,-0.00018353427395372901,0,-0.00018284317467281768,0,-0.00018355166101476647,0,-0.0001842274139227623,0
1433,5,1.0,0.006174988267752877,-6.016731876466833,0.026396157293141955,-8.919075002778527,0,-171.3550118946714,0,-142.38762309762,0,-194.45379610963465,0
1434,5,1.0,0.00043157831146240546,-3.114359446233785,0.3400158929722995,-0.4053417317641088,0,-0.3939253276150172,0,-0.39492316876130396,0,-0.4360823903374964,0
1435,3,2.0,0.027083129076752022,-1.9381144754615238,0.013312260256018536,-39.356462264080534,0,-38.587087448797476,0,-41.5904301019974,0,-44.08767326111176,0
1436,3,2.0,0.0004140670799525648,-0.01633601068626349,0.06578628042984755,-2.9988397337018646e-05,0,-3.002551219843984e-05,0,-2.9988525694731993e-05,0,-3.0037650067222393e-05,0
1437,5,1.0,0.009505903400228648,-0.38259209048618315,0.2864165542576376,-0.041677293162575346,0,-0.2506655159791856,0,-0.20948037143459255,0,-0.2540765618419856,0
1438,3,1.0,0.013749833937462234,-0.1513225298105629,0.0027673073506014746,-4.021022299546858,0,-4.122810219487604,0,-4.121936270476735,0,-3.104823405955539,0
1439,4,2.0,0.0005469204483300079,-0.23423892874764995,0.0019117185889785337,-1.720596300256073,0,-1.1075290315890314,0,-1.075994511997516,0,-4.965795971751772,0
1440,8,2.0,0.013042697960861004,-0.4285751652855585,5.491364720028637,-0.01652527560410273,0,-0.01672052295835501,0,-0.016716219422684416,0,-0.016721620962995183,0
1441,8,2.0,0.0018654313790634229,-0.014818622015409778,0.287009526774054,-0.00034058813815809115,0,-0.0003623982445553647,0,-0.0003562947724647029,0,-0.0003712938629174709,0
1442,3,2.0,0.004461817191632686,-0.6379715178122675,0.09412853765101482,-0.30975462918970864,0,-0.6817734342182975,0,-0.8121414047759872,0,-1.20681454148089,0
1443,6,1.0,0.00044109353242222663,-3.245520742821348,0.08966676594758571,-4.315021061028538,0,-4.421048658927269,0,-4.664516705634824,0,-5.338323781992173,0
1444,8,2.0,0.0005567400477916616,-0.023128622540155054,0.3521190919735617,-1.9460749376118132e-05,0,-5.249415656209276e-05,0,-4.51119306578659e-05,0,-0.00014452776278699685,0
1445,2,2.0,0.0017491223068424016,-0.0916528488924478,0.0018305165535400624,-0.007164448783991251,0,-0.00715310372767286,0,-0.007164448783991251,0,-0.005436406433372731,0
1446,5,1.0,0.0012839955321520553,-0.08380345067991701,0.004174426602951453,-9.070475343231355e-05,0,-9.137057867270038e-05,0,-9.099129543266304e-05,0,-0.00010330510637901469,0
1447,7,2.0,0.0012771694679402157,-3.5804999931104446,0.035545222267079464,-6.620725232557021,0,-13.026670037720208,0,-15.640607726879438,0,-35.837412860092996,0
1448,4,2.0,0.006986360737058822,-0.10987629005122057,0.0030396511059496,-1.0408709274711905,0,-1.0929950281606424,0,-1.0455909797792895,0,-1.1874982461894639,0
1449,3,1.0,0.0009207263118414885,-0.40166793840417986,0.0018682961333032703,-0.005173151578695467,0,-0.005276330228269899,0,-0.00527486089618634,0,-0.007116529315709386,0
1450,3,1.0,0.0007623070817323527,-3.9488019862273394,0.0011432484848598336,-9.228561607106712,0,-70.9148387171972,0,-18.480334564877012,0,-79.37306198321767,0
1451,8,1.0,0.0005295782294062803,-2.161210678081478,0.011449835442799594,-7.730721204480972,0,-3.5742523971093476,0,-4.230069253470305,0,-12.166907893888578,0
1452,7,1.0,0.0017376213515472665,-0.03218435595123509,3.9228966433538934,-9.03382223894846e-05,0,-0.0001281114965400319,0,-0.00013033776915264713,0,-0.00012900070245576895,0
1453,2,1.0,0.0005127845469784295,-0.30012986804162184,0.0019235472970144944,-0.06024703102974982,0,-0.06021714824940716,0,-0.06024703102974982,0,-0.056985006143538186,0
1454,8,1.0,0.007610156242539545,-0.06722722210480464,0.11173609823032771,-0.017921935253592328,0,-0.020184433551880317,0,-0.01989708117454079,0,-0.0201893996851097,0
1455,2,2.0,0.008878574268738542,-0.012932673688253685,0.29526901355999075,-0.00024153017594102615,0,-0.00026516295215348046,0,-0.00024153017594102615,0,-0.00028288491074987256,0
1456,4,1.0,0.003088723789127525,-0.02246345718087725,0.1355355479919359,-0.0004899797431152549,0,-0.0001286552275645541,0,-0.000390470577600928,0,-0.00094258729162273,0
1457,7,1.0,0.013276426199123054,-0.45926276480554673,0.2803691193126632,-0.1495937083048974,0,-0.27974177836164527,0,-0.21576970380956162,0,-0.2743488045375984,0
1458,5,2.0,0.0004952118907190871,-0.11636686731615649,0.022211376870766224,-0.008257748118855768,0,-0.012419937596247377,0,-0.008840512105307508,0,-0.012803465490065336,0
1459,3,2.0,0.01260849225936416,-0.03474205008711304,6.727333363601393,-8.922657387797634e-05,0,-8.923193794352703e-05,0,-8.923193726410391e-05,0,-8.935721019179606e-05,0
1460,2,1.0,0.004536619065684624,-0.061217387993681184,0.4384591078006715,-0.0024198015566993534,0,-0.002467498234829122,0,-0.0024198015566993534,0,-0.0023476134385902003,0
1461,5,2.0,0.007567116547960091,-0.01085893367594833,1.8839264585937554,-1.72909562754068e-05,0,-2.9947567748011554e-05,0,-2.804261110503681e-05,0,-2.9922232959500702e-05,0
1462,8,2.0,0.015430173937687882,-0.0660839341684517,4.999633375707677,-0.0004352641229522763,0,-0.0004367165767183409,0,-0.000436647729739392,0,-0.00043673457810262847,0
1463,5,1.0,0.018617090253611687,-4.1568184916417685,0.021836954546408528,-0.26293086373556207,0,-0.8468465184221827,0,-2.03052108340313,0,-3.243607803694772,0
1464,4,1.0,0.0010588737633658346,-0.03085622402152119,0.027709042233620626,-0.0042122350706591885,0,-0.010927608474898246,0,-0.007185572405945981,0,-0.01183766869477015,0
1465,2,1.0,0.0007662451544337825,-0.02052159913208346,2.268720029170036,-9.213226881804538e-05,0,-9.254101782109763e-05,0,-9.213226881804538e-05,0,-9.272906968413712e-05,0
1466,8,2.0,0.006402724183280773,-0.15818976493203737,0.07626035017350079,-0.03329260865702216,0,-0.14936145868881845,0,-0.11464243805213037,0,-0.15086145630898007,0
1467,7,1.0,0.02251340586521201,-0.2969899892254821,0.33779550685105525,-0.12593889437434025,0,-0.1304914571589567,0,-0.12904489537200883,0,-0.13055225386932873,0
1468,6,2.0,0.010827137799986992,-0.02751936172007143,0.02121031925167361,-7.580430295985388e-05,0,-0.0007547651730831322,0,-6.148091776906131e-05,0,-0.0007460689607313963,0
1469,3,1.0,0.023108108488384037,-0.5815244541699934,0.06580293182304965,-0.24225748726422314,0,-2.2784622207632235,0,-0.26238276705237773,0,-2.3463789501881984,0
1470,7,1.0,0.000542261068321294,-2.8417708250741347,3.121998147246501,-0.4439437034833076,0,-0.8114083432741754,0,-0.8106632539477409,0,-0.9205941398226023,0
1471,3,2.0,0.014866759806737897,-8.948483587745372,0.17172130103214991,-220.93870135596524,0,-232.85892165171177,0,-232.71312249730133,0,-233.12887690591006,0
1472,4,2.0,0.005774315795169176,-0.3878083943565359,0.2711674127551616,-0.26809187596010703,0,-0.27271084481014546,0,-0.2727457967341291,0,-0.275914519392398,0
1473,3,1.0,0.0021187280383038816,-0.019209263538888025,0.008861113360709168,-0.004682093849630361,0,-0.00463561343139075,0,-0.0046343395804102835,0,-0.004696006709500378,0
1474,4,1.0,0.0009051105912525327,-0.15965135031876415,3.659591794157674,-0.00338849260623796,0,-0.003430459918830815,0,-0.003434542968614099,0,-0.003470756828476056,0
1475,6,2.0,0.012246735142679866,-0.03796004635466924,0.014847892216581266,-0.039573825153394804,0,-0.045617356415711616,0,-0.0456727665337209,0,-0.04566663683386453,0
1476,8,1.0,0.0010012498992938586,-0.8006823712810934,0.0025792723093062647,-0.4686617946361764,0,-0.49621682024464064,0,-0.48607934419234766,0,-0.49682005846365485,0
1477,2,2.0,0.0006554474600977171,-0.016344231574246738,0.003466267069997274,-0.0014592741801500927,0,-0.0010064040383792883,0,-0.0014592741801500927,0,-0.0009932237108868647,0
1478,7,2.0,0.0033371722019790414,-3.069401760733385,0.03406997687974797,-51.93393264469756,0,-136.39435729023288,0,-83.50726568689657,0,-137.65767394112663,0
1479,4,2.0,0.0011504489184549379,-0.16664200686329786,0.13201331850890946,-0.10094454242828121,0,-0.10154496086511317,0,-0.10157248573269106,0,-0.10401631755379011,0
1480,2,1.0,0.003691384065020484,-0.01536153558844324,3.7004789696379654,-3.179595964445535e-05,0,-3.182529804061424e-05,0,-3.179595964445535e-05,0,-3.122535195560015e-05,0
1481,8,1.0,0.01918966982619201,-0.15009536349864172,0.004992232847146574,-0.00040514747015674146,0,-0.047124583487619276,0,-0.001642682986735089,0,-0.049818261261210584,0
1482,6,2.0,0.003811547651280861,-2.857774339611867,0.065782481678025,-8.000978633776946,0,-5.296773045240805,0,-6.310702174573031,0,-16.71311454289166,0
1483,7,2.0,0.0003404591734174404,-0.047809262814453315,0.01886107289475214,-0.0006525444167149591,0,-0.0005873507663254757,0,-0.0005944890878232939,0,-0.0009714587560731014,0
1484,8,2.0,0.012209559902294088,-0.014197272637834117,1.3771293453119762,-7.03118584796016e-05,0,-7.296559531579918e-05,0,-7.214041264642371e-05,0,-7.2983673078564e-05,0
1485,2,2.0,0.008284091347970212,-0.862454335870224,0.25758246463125717,-1.430056056885982,0,-1.4337823587893546,0,-1.430056056885982,0,-1.42819913235703,0
1486,5,2.0,0.0003513570500840496,-0.043738302720535055,0.9270455645396634,-0.0005090347073057119,0,-0.0005826968538331849,0,-0.000560756344553616,0,-0.0007014088982737856,0
1487,5,2.0,0.005031827887384349,-0.0292010118682811,0.003321541095070294,-0.00012853207745372464,0,-0.0001513006928281213,0,-0.00013468688927062433,0,-0.0002060773162337326,0
1488,4,2.0,0.002728736245201305,-0.06411717380048026,0.02272106513076393,-0.0005606842904817833,0,-0.0005971355786625193,0,-0.0005896513173289236,0,-0.0005960232730760073,0
1489,3,1.0,0.0003643335233215312,-5.8883549123637495,0.001180341994005819,-472.4230833554866,0,-466.85309573956147,0,-466.80140860870597,0,-462.27064884287574,0
1490,6,2.0,0.018743268152067127,-1.0714546330192323,0.004287942183765216,-14.14970348959622,0,-125.2351692853869,0,-59.95015594007869,0,-128.57772684121818,0
1491,6,1.0,0.001973273903866491,-5.425749001583852,0.0017309787246045777,-0.25424800657856395,0,-0.12177859789153445,0,-0.11465063657669816,0,-0.31864813372521894,0
1492,5,1.0,0.001328572185476841,-0.05662234325454929,1.8656510424138413,-4.014137247175423e-06,0,-9.083770205850928e-07,0,-1.323132147476461e-06,0,-2.2688237376385784e-05,0
1493,6,1.0,0.0007648497490399867,-0.04993692322306226,0.019616922172540515,-0.00039687450087123877,0,-0.00040223155705532143,0,-0.00039661826212003537,0,-0.00043637136258938003,0
1494,5,1.0,0.006232581775833619,-0.04823787325427023,0.007730368646561137,-2.9730607002231846e-05,0,-0.0005593070020371849,0,-0.00048246937074203355,0,-0.000560108805388454,0
1495,2,2.0,0.005038160433275068,-0.15534626348126646,0.14574081351596893,-0.07757232105941986,0,-0.08155203916841387,0,-0.07757232105941986,0,-0.08236677162145496,0
1496,5,2.0,0.021464666252639094,-0.38606451121570406,0.27887916236655635,-0.25160443806418803,0,-0.2510125628502007,0,-0.2510655225982261,0,-0.2583651103146035,0
1497,4,1.0,0.0008769214206837008,-0.021274054852233708,5.842732372220839,-7.130197953817015e-06,0,-2.631759937391592e-05,0,-1.8193011354153047e-05,0,-2.6071272359946318e-05,0
1498,4,1.0,0.002302173431761509,-0.022939393406157003,0.002770804703580098,-4.335576380895545e-06,0,-4.187008441652873e-06,0,-4.328777297613051e-06,0,-4.899075487244109e-06,0
1499,5,1.0,0.0008495828023445425,-1.13160848550666,0.013890547106943573,-0.003582711857944787,0,-0.003616943456783872,0,-0.003614698388823001,0,-0.0039513585401138585,0
1500,3,1.0,0.001558703526155731,-0.05825472681514206,4.240203681170443,-0.00016005736607468198,0,-0.0001119106752575903,0,-0.0001363784931004102,0,-0.00024393600715513937,0
1501,6,2.0,0.0007066516029087016,-0.1914032775584307,2.4546897496588,-0.007397846846792765,0,-0.007409953583027949,0,-0.007408374415227374,0,-0.007420103018994999,0
1502,4,2.0,0.0027823090544997816,-0.15179526653628295,0.015387345234215935,-0.004518792770634272,0,-0.10401541603597386,0,-0.006867446134185218,0,-0.1920228909133822,0
1503,5,2.0,0.0005430690886229613,-0.015002063729362464,0.05387382721681481,-0.0015563941434049728,0,-0.0016062332326972765,0,-0.0015760082288049943,0,-0.0016095113853637807,0
1504,7,2.0,0.0031265076827460565,-0.016837229481906524,0.27732803983728205,-0.00047006168087450096,0,-0.0004736106420118937,0,-0.0004713308460707489,0,-0.00047631393245534283,0
1505,5,1.0,0.00034732646014843467,-0.045773787463146025,0.008461721578140718,-0.0022682276127461154,0,-0.002251613796433974,0,-0.0022710443082894077,0,-0.002341287891698518,0
1506,3,2.0,0.00047085584421205145,-0.7881110505033709,1.0823821012325667,-0.16359126029378268,0,-0.17843099333566165,0,-0.16405035967110904,0,-0.1816681908555727,0
1507,8,1.0,0.002161137450713007,-0.48663458433827517,0.005243768288209563,-0.00820310587378259,0,-0.001486745788213284,0,-0.008931169000700123,0,-0.014876605844818869,0
1508,5,2.0,0.001393103444481317,-0.011711845635801754,0.009528103540982361,-3.717119407709718e-07,0,-3.247924761311423e-06,0,-1.5877776115011746e-06,0,-7.937801743051684e-06,0
1509,4,2.0,0.00124545216550221,-0.8660124324650857,0.04342248748420787,-0.159242781223508,0,-0.1664624584561185,0,-0.15861680427902058,0,-0.2714583768785719,0
1510,6,1.0,0.00047712559495624324,-0.07158873938082307,0.003145626080068857,-0.00012912800345199482,0,-0.0005449666588045465,0,-0.0004851607868487928,0,-0.0006207172921238735,0
1511,8,1.0,0.029078067611525114,-0.02373362851751593,3.2751947389705203,-8.515744570321904e-05,0,-8.598531418292892e-05,0,-8.597278312980902e-05,0,-8.598538016978549e-05,0
1512,3,1.0,0.006675895366246916,-4.174893432640554,4.733245356422418,-0.020463976099129866,0,-0.021331151239992074,0,-0.02131765780302941,0,-0.0226131589654317,0
1513,4,1.0,0.012424038761588985,-8.269813212904037,0.015187999458729532,-10.54646952537587,0,-531.557107087858,0,-82.21484873337886,0,-799.8004210724371,0
1514,8,1.0,0.003231175363416137,-0.2877376397750579,3.0604704743507005,-0.013313126454791309,0,-0.013480650171947944,0,-0.013381234650388861,0,-0.013501934262687875,0
1515,5,2.0,0.008383375798496686,-0.12127167439720134,0.020257663545017252,-0.003612729396693992,0,-0.003559697271136031,0,-0.003549510194664929,0,-0.003792128439704945,0
1516,3,2.0,0.0005206046590077429,-0.749577621152523,0.11481723184441243,-0.8466148087672951,0,-0.8409900035624738,0,-0.8449806634920118,0,-0.8555114149779957,0
1517,6,2.0,0.001926812792866003,-0.02265283460796439,0.002029416962914314,-0.0019487996360868232,0,-0.007069798974138244,0,-0.004111909172390835,0,-0.008210801571429518,0
1518,4,1.0,0.002699047614264398,-0.0381146626887806,1.950619261699766,-7.035612620680763e-06,0,-6.412509028882476e-05,0,-7.036137288476247e-06,0,-6.355263883003041e-05,0
1519,6,1.0,0.0006892427666814241,-0.049450101633041345,3.0873723170761402,-5.547647815933688e-05,0,-5.616708169800148e-05,0,-5.6159890931549634e-05,0,-5.697691379795476e-05,0
1520,7,1.0,0.0005375255175965772,-0.2994482852735627,7.843237055966515,-0.005707168721314919,0,-0.005712588700477124,0,-0.005712355032427419,0,-0.005712477777613279,0
1521,8,1.0,0.0030627904931829785,-0.11730975581795766,0.002754804302757177,-0.020305059585612018,0,-0.018243938695280182,0,-0.033790728788878344,0,-0.0491406193619528,0
1522,5,1.0,0.01401433910955409,-5.118686087807623,0.0014499859782174526,-53.149211593192376,0,-119.97293138931855,0,-58.79614621282781,0,-124.47221176234052,0
1523,5,2.0,0.007063692822491306,-0.05322385813198007,9.447284438351605,-0.00014984782539027893,0,-0.00014990617848520047,0,-0.00014982929169826562,0,-0.0001499189770795948,0
1524,2,2.0,0.0010353855698495631,-0.01810739814865265,0.0010558155162715699,-0.039603696655647155,0,-0.0396030707843302,0,-0.039603696655647155,0,-0.03960190958235581,0
1525,7,2.0,0.003482920912079451,-0.019457233416963565,2.4307781322345985,-3.821114301731221e-05,0,-6.995234736640169e-05,0,-6.533231933440213e-05,0,-7.600974276299673e-05,0
1526,4,2.0,0.0032653078857737645,-7.654567939339822,0.0775870817789893,-199.80021058345034,0,-241.11347105388097,0,-198.86245173184807,0,-351.6207153638458,0
1527,3,1.0,0.0024184208418834676,-0.9601714789121776,9.311099825026766,-0.04904626124546818,0,-0.04917232136901473,0,-0.048983288591891216,0,-0.049254207764121635,0
1528,4,2.0,0.0006660273059972852,-9.842241842947285,0.0026868175894996563,-0.4954352241365996,0,-0.49852258762985,0,-0.49858462460906594,0,-0.4985662544531806,0
1529,6,2.0,0.009151389477060163,-2.919865725323884,0.009984081544486507,-1.1250130989969307,0,-3.473392127855675,0,-4.038322857672483,0,-9.496660347414092,0
1530,4,1.0,0.001167844859760852,-2.0054991035574106,0.009386345666405688,-0.06746317711912297,0,-0.13099769463923394,0,-0.12873387935437108,0,-0.13098170949859878,0
1531,2,1.0,0.0009864608724871491,-0.05603667023018975,0.003423374530395879,-0.00014975026463259766,0,-0.0001497513735961853,0,-0.00014975026463259766,0,-0.00014942860080935372,0
1532,3,2.0,0.001703002877813704,-0.10023327031135039,0.6487092774759551,-0.007664663194053262,0,-0.007664719398781629,0,-0.007664719401162971,0,-0.007671130183897397,0
1533,5,2.0,0.024211699939035044,-0.04850703669924414,2.8875785575110036,-0.00040164393428080596,0,-0.00040131049156014864,0,-0.0004030745120915817,0,-0.0004050348515050999,0
1534,3,2.0,0.00106371139239764,-0.024412739516371348,0.0018067533451275625,-0.00019655627246811802,0,-0.00020502916357273415,0,-0.00020413145506606445,0,-0.00020708821653578346,0
1535,4,2.0,0.010669146945227526,-0.016268392276476928,0.004890430344137979,-0.005772313740124012,0,-0.025841718382345225,0,-0.015515068740689603,0,-0.025846987032998554,0
1536,4,2.0,0.0004004149845902062,-0.04215471303772969,2.0610539202807225,-0.0004306434449915308,0,-0.000430646899851247,0,-0.0004306468413825482,0,-0.0004306475859972742,0
1537,4,2.0,0.01837261025243281,-3.983218612804511,0.4119285172435606,-16.97003379883539,0,-19.21456626885054,0,-19.021641294897826,0,-19.237803322362126,0
1538,4,1.0,0.0025896905581865495,-0.8252262434755275,0.03409797478883907,-0.7515373077705032,0,-6.337250210909217,0,-0.8050167634974166,0,-6.4372710888461935,0
1539,2,2.0,0.00583047659674892,-1.5071778583715971,0.615834151697443,-1.5672054755306297,0,-1.4953076047191143,0,-1.5672054755306297,0,-1.4763595345312968,0
1540,3,1.0,0.0020814178413722834,-0.09600044881511632,0.02502109430409611,-8.324932281450481e-05,0,-0.0004857614999509985,0,-8.252330859426227e-05,0,-0.004752083652337591,0
1541,7,2.0,0.0005800186807884753,-0.013620096256551079,0.056142165267301765,-6.848154888854899e-05,0,-7.478119645595665e-05,0,-7.489416372114042e-05,0,-7.488169158609693e-05,0
1542,6,1.0,0.0007076135561264616,-0.043982771619893335,0.26644715603770425,-0.0021912672785120426,0,-0.002116045365758921,0,-0.0022541080020147953,0,-0.0030705506911922597,0
1543,4,2.0,0.0005398267642895585,-0.4446716637898219,0.006599547414549586,-11.045336334713145,0,-10.962659224611942,0,-10.87499083983873,0,-11.106482470080486,0
1544,8,1.0,0.029553211312808,-0.44250013796273024,0.015539930757629852,-4.9701874794200664,0,-6.292514529517828,0,-6.268091964025178,0,-6.291534949867308,0
1545,8,2.0,0.00041077772555825115,-1.1068843108475104,1.0535134207541346,-0.376597049958073,0,-0.3769625854207378,0,-0.3769485888115137,0,-0.3770258759954215,0
1546,2,1.0,0.014931957470552619,-5.24140330347258,0.11260434731664146,-0.09100042858955248,0,-0.4994142665506587,0,-0.09100042858955248,0,0.07780567302251029,1
1547,4,1.0,0.015132029183591307,-0.48280271849603057,0.017876336369813853,-3.1392625884036454,0,-3.2550451177609854,0,-3.75503903418271,0,-5.824502698764709,0
1548,7,1.0,0.01900467850208659,-0.2879251874520577,4.046695837076247,-0.006693891520564264,0,-0.010195058601380761,0,-0.010189793089183677,0,-0.010206434519182142,0
1549,6,2.0,0.0008758400899120416,-9.955926183540168,0.579300489164541,-41.20040055980904,0,-40.08595378054229,0,-41.456475649400424,0,-44.38642993300394,0
1550,8,2.0,0.005925629220233584,-0.16622424823696677,1.8657486998554103,-0.007242556178048073,0,-0.00737175057579736,0,-0.0073223998924697165,0,-0.007371786094436407,0
1551,2,2.0,0.0019731303880374,-0.5163082323327655,0.026721333996834355,-2.090753143348731,0,-2.039046209466351,0,-2.090753143348731,0,-2.0206817376120947,0
1552,4,1.0,0.0003749540992623224,-0.02999509611285478,3.2722177626489697,-0.0001317024347785934,0,-0.0001316807400079678,0,-0.00013168071849527138,0,-0.000131713743730105,0
1553,2,2.0,0.0032742905117940685,-3.671997094527448,1.0691081711292325,-5.628057127915088,0,-5.627935513118715,0,-5.628057127915088,0,-5.627542505495524,0
1554,7,2.0,0.008729258163506792,-0.029616343194344353,0.0010445603668619266,-6.422859104654455e-05,0,-0.00017229300564297612,0,-7.010996026096672e-05,0,-0.0006668843050976481,0
1555,3,2.0,0.00448811551878411,-0.05079722310398013,0.017287806464548305,-0.041469279979916014,0,-0.04444398408012637,0,-0.04332909453279049,0,-0.04654630663270181,0
1556,3,2.0,0.0009577032382781578,-0.014739092033169325,1.0905700256034108,-3.148825991255687e-05,0,-3.14954138690149e-05,0,-3.149091954534094e-05,0,-3.1615102064105e-05,0
1557,8,1.0,0.012345663972853334,-0.3587462161128087,1.6139358565958686,-0.004986301731721203,0,-0.03260137134274365,0,-0.014479031998326768,0,-0.032620430042068084,0
1558,7,1.0,0.00454773747818537,-1.19342157476753,0.0032396027966849934,-2.9424470043019824,0,-51.364562201553525,0,-75.17755478120887,0,-86.11391114813961,0
1559,6,2.0,0.0018588228868426642,-2.404943687175085,0.03756146086252588,-2.9412663123796676,0,-10.767748035933778,0,-6.340180888916933,0,-12.094722688286666,0
1560,2,2.0,0.0037638867600644195,-0.020212868347181022,4.121635229746599,-4.953220625275494e-05,0,-4.953229307847715e-05,0,-4.953220625275494e-05,0,-4.953218859203041e-05,0
1561,4,1.0,0.0003967504363541536,-0.08144895012485076,0.016508926346790655,-0.005849057646829858,0,-0.0054441695794142375,0,-0.005413692829168398,0,-0.005669906402129721,0
1562,7,1.0,0.0017099771472886063,-0.2867229611870291,0.02656437101481867,-0.33898368008291424,0,-0.852633491557693,0,-0.3464172308021436,0,-1.1508950244651173,0
1563,2,1.0,0.0067783557264264865,-4.881051721906458,0.42015171245717775,-26.34307025000117,0,-25.22854033618824,0,-26.34307025000117,0,-24.234951169040187,0
1564,2,2.0,0.004109307321938004,-0.37593080201653806,0.0012869082924496843,-0.044867065325895794,0,-0.03705793090683329,0,-0.044867065325895794,0,-0.0351877969454506,0
1565,4,2.0,0.0010114777042052844,-0.22639206661570535,0.010114461814145829,-0.07507968308006063,0,-0.07637959577019737,0,-0.07576055926269687,0,-0.07763088299848375,0
1566,8,1.0,0.003045765429765009,-0.14758422347499564,0.3695241142097275,-0.020490865504164752,0,-0.02917989221673267,0,-0.02703602171498163,0,-0.029182821805853514,0
1567,5,1.0,0.003182513649977789,-0.7208687778652992,0.0015089187643522349,-0.07765025043067908,0,-0.535195490904897,0,-0.17535546488073805,0,-0.5372917036469858,0
1568,7,1.0,0.0029263559752857765,-0.05751703997783018,0.9794035947582519,-0.0004238218957358839,0,-0.001136912940286873,0,-0.0007779175069914367,0,-0.0011440640845227024,0
1569,3,2.0,0.0019717580446284677,-2.4611096835461495,0.005215790566425454,-7.216643216178568,0,-7.234683326156187,0,-7.228662704900671,0,-7.237328718166282,0
1570,7,1.0,0.002366291876224257,-5.723046353355921,0.028967039566460125,-0.816199585711388,0,-4.874797938570964,0,-4.36031740370106,0,-19.621311679413907,0
1571,2,2.0,0.0015760244126259938,-7.987156157737097,0.2240048247213174,-122.36503653518886,0,-122.4858886805053,0,-122.36503653518886,0,-115.79974259412012,0
1572,7,2.0,0.0007645037774998922,-1.0070376736202917,0.045689935053033426,-0.022683410229518586,0,-0.02521560188351657,0,-0.02480350559804556,0,-0.02550277065613038,0
1573,2,2.0,0.010771326992899965,-0.10344346862937699,1.506172420014486,-0.0035019526177654764,0,-0.0035505091348454793,0,-0.0035019526177654764,0,-0.0035522041706156837,0
1574,5,1.0,0.0045743863097571546,-1.3463677183927312,0.0031442873239226465,-0.015290584226647752,0,-0.02031154901322907,0,-0.016970321916801367,0,-0.0260341374190034,0
1575,7,2.0,0.0038512147921334365,-0.04359944053600784,0.006107889894716973,-0.001690470854571302,0,-0.005516345548044588,0,-0.002151449092252067,0,-0.02545335178175462,0
1576,5,1.0,0.01576899809016785,-0.015076082964124202,0.011899873833287182,-9.021877018962343e-06,0,-3.739433939847943e-05,0,-2.828976515621001e-05,0,-4.5903253455215065e-05,0
1577,7,2.0,0.0012712537594647777,-4.549399936589122,0.0034844190699061866,-7.106523339416526,0,-28.806059044798985,0,-14.335802883921588,0,-71.52427258670286,0
1578,6,1.0,0.002872002865623841,-0.019387370656880558,0.0037429999413640153,-0.00040958646288950795,0,-0.0005691735493680086,0,-0.00102504707763703,0,-0.002606032987168584,0
1579,3,1.0,0.019368911462591468,-0.40425908961515294,0.003320691208874846,-1.3780803551691214,0,-3.86727958161687,0,-2.3662300722373857,0,-14.055015213938672,0
1580,4,1.0,0.001915694675617266,-0.15755615888969798,0.0274824507548012,-0.0001648831755663438,0,-0.0001888992202865314,0,-0.00017799320513711692,0,-0.00019929517927874674,0
1581,4,1.0,0.002558275985077271,-9.525514342455649,9.879004773871674,-0.4557432931013059,0,-0.4119422994479569,0,-0.43239290398176244,0,-0.4676675954694467,0
1582,5,2.0,0.0005710000270022872,-1.2936740035084557,0.533134239880593,-0.992959179126854,0,-1.5329444972115078,0,-0.9825721459947198,0,-1.5422937032137618,0
1583,2,2.0,0.0003308945717051169,-0.14182732518295932,0.07117114403507564,-0.012645598322133023,0,-0.012684015490709244,0,-0.012645598322133023,0,-0.005857658888527184,0
1584,3,2.0,0.01473710132206392,-0.16028619655391124,0.003659929170739867,-0.05921718259156261,0,-0.051459144746958785,0,-0.11845637810848375,0,-0.3072127242640841,0
1585,4,2.0,0.0065700100408280365,-2.2973232458915045,0.0018015130002566905,-251.25649412921712,0,-358.8373193772511,0,-381.02353424200646,0,-526.7025498146766,0
1586,7,2.0,0.003302534510003557,-0.02168935496819213,0.05606398966461808,-0.0008565560129348204,0,-0.003445614016850054,0,-0.0034360153914256616,0,-0.003802675270200235,0
1587,3,2.0,0.009294911081831274,-0.6586844669729558,7.967881703088016,-0.027192202154748005,0,-0.027189389289758593,0,-0.02718937571471486,0,-0.027192485944117554,0
1588,3,2.0,0.0019324813345897964,-9.740006100787511,1.617568671542771,-22.6797810708455,0,-25.55523125824344,0,-25.561869618598458,0,-21.33900676150237,0
1589,6,2.0,0.031555172279870744,-0.047902331735790324,2.203424804745041,-0.0005125830981449394,0,-0.0005197306884710356,0,-0.0005196421563360139,0,-0.0005198056134598502,0
1590,3,2.0,0.0011186751359381674,-1.7733413965263338,0.0012193845423570963,-16.071412706079627,0,-16.071201330262966,0,-16.07119885025986,0,-16.074861484580424,0
1591,7,1.0,0.0015190410060606232,-0.08517501427134237,0.1479894358195347,-4.242728413263522e-05,0,-0.00013972287098831804,0,-0.00017190152477150264,0,-0.00014618790471077753,0
1592,3,1.0,0.002939986630905095,-0.033706329692052936,0.08445415656991558,-0.0020269227494754743,0,-0.0019720480303617727,0,-0.002137823525814788,0,-0.0022620265391298956,0
1593,8,2.0,0.0004116104558952722,-3.1673298424626974,0.43521337281027694,-7.02902799190041,0,-6.917693022255165,0,-6.666425756136867,0,-8.31636169679364,0
1594,3,2.0,0.0009880502957605153,-0.270607178124039,0.0026900112020849637,-0.04290372380801344,0,-0.04290258680322445,0,-0.04290262000472467,0,-0.04291094011314378,0
1595,5,1.0,0.0013691499328904273,-1.7176646700218252,0.02285168966838997,-0.0012548163972212478,0,-0.0012797222921960838,0,-0.0012749034613364074,0,-0.0013381306859088227,0
1596,5,1.0,0.0007130039334243473,-0.14514640959034744,5.573408589591589,-0.0018778253071062793,0,-0.0018766776152824179,0,-0.0018769507516680647,0,-0.0018803900317039563,0
1597,6,1.0,0.0013152696248477402,-0.08756125564508349,0.17458631636786795,-0.0035018078133473296,0,-0.004713596847462871,0,-0.003273682407512135,0,-0.0038587995048750164,0
1598,8,1.0,0.02547103202708336,-0.11834354597750586,0.016566874023171068,-0.02724330829555338,0,-0.22686976697409664,0,-0.16215580377322364,0,-0.3560767023998025,0
1599,6,2.0,0.000818548126327791,-7.270704044187415,0.005867320147867724,-2.014904466382177,0,-2.0495543698571055,0,-2.019494058044984,0,-2.06192439842107,0
1600,6,2.0,0.0005060988138332534,-2.6009199467293764,0.08698905485987934,-1.227579879111957,0,-1.5193765399709633,0,-1.4700021717152794,0,-1.5184911410427233,0
1601,5,1.0,0.00411753630512436,-0.018611427086611718,0.0011094341528702432,-0.001629767795752468,0,-0.0012767954347587818,0,-0.001376679706145606,0,-0.0017640194938731146,0
1602,5,1.0,0.0283931951543521,-0.06926150080040493,0.010813670611555476,-0.02858487837849988,0,-0.21337289522582542,0,-0.21642397441271516,0,-0.22149494274667358,0
1603,8,1.0,0.002472839561623258,-4.1631409074202255,3.5327358409865632,-1.9582411854989863,0,-2.387858973033931,0,-2.314102222188075,0,-2.4409243490529366,0
1604,3,1.0,0.0004191113902758944,-6.146238834458946,0.011948575677166836,-5.407028969081011,0,-5.408123087673175,0,-5.4081197494904245,0,-5.418146807375479,0
1605,7,1.0,0.00040818495016131824,-0.07149808902013416,2.55187926726425,-0.0009960175529772658,0,-0.0009952536888945321,0,-0.0009951958515001232,0,-0.000995724506431607,0
1606,2,2.0,0.014577696676004568,-0.017052511264282925,0.18465789718641645,-4.015473809360569e-06,0,-4.014188392616278e-06,0,-4.015473809360569e-06,0,-3.935350297194079e-06,0
1607,7,2.0,0.010039989981236255,-2.722576895093413,0.7042785493331063,-4.721452044009973,0,-5.262251916521485,0,-5.189763888162246,0,-5.26239114982556,0
1608,2,1.0,0.012489005985259122,-1.0570926930374365,0.003554419663047586,-0.7153918014889769,0,-33.06899985661951,0,-0.7153918014889769,0,24260.59150227774,1
1609,3,1.0,0.0016739243151614955,-0.5944839009676064,0.009905710471935069,-0.27071225857783077,0,-0.3971587879463172,0,-0.2710650876806433,0,-0.7626569066542075,0
1610,6,1.0,0.0012753701701669025,-0.6394258062231518,1.0604882828304096,-0.01514769539511776,0,-0.0528196421033037,0,-0.04024731784719676,0,-0.06488745558695366,0
1611,4,2.0,0.0009303686300289797,-0.07575784510428202,0.4713741883438173,-0.0004401011464842657,0,-0.00042545725246761167,0,-0.0004402342798187518,0,-0.0005571930430829132,0
1612,2,2.0,0.0004478065589530856,-0.040896348304303116,0.18093063830836426,-0.0007123585111481539,0,-0.0007134713519976778,0,-0.0007123585111481539,0,-0.000657518782952676,0
1613,6,1.0,0.008812207226748744,-1.7387550411716546,0.005636150821320484,-5.614832150141524,0,-13.732350463955157,0,-8.245896744112315,0,-14.67597688524441,0
1614,8,2.0,0.012599318708252353,-0.31642057258927464,0.0875495227439092,-0.002022709616308682,0,-0.001249180920224191,0,-0.001301265326352774,0,-0.0020368125730502173,0
1615,2,2.0,0.0016320953031523189,-0.030568103106559337,0.028351303388115014,-0.013139014488818837,0,-0.013909781041738598,0,-0.013139014488818837,0,0.008755152478283193,1
1616,3,2.0,0.0029616822903482673,-1.1588130866874828,0.275958629302986,-1.1909604589567582,0,-2.362863715311993,0,-1.9540378845619115,0,-2.361954099696706,0
1617,5,1.0,0.0063957962204616945,-8.179047712911341,0.014673034161734783,-568.7557900521133,0,-2261.3303739134976,0,-2217.978008288327,0,-2275.7344396306735,0
1618,7,2.0,0.0004488619853212101,-0.020755908838452054,0.0072231338352345305,-0.011431151324661552,0,-0.007119176671998188,0,-0.0076769993980078215,0,-0.012445336313902631,0
1619,8,1.0,0.0014207260490882534,-0.27325605427325234,0.32914463825853,-0.00939139077259149,0,-0.10065496269376738,0,-0.02630338250586102,0,-0.11277998278075643,0
1620,3,1.0,0.01303535640059165,-3.778676377138888,0.13890955889591577,-7.8850193013281284,0,-33.33478026698874,0,-8.379748922993755,0,-48.88081961696391,0
1621,4,1.0,0.0003747368481534249,-0.0114575814712352,0.174435652865846,-2.0387089333679526e-06,0,-1.02016373390015e-06,0,-1.031735950817131e-06,0,-2.152702897955717e-06,0
1622,4,1.0,0.0010757988669740106,-0.02835596266238415,4.081315958484014,-2.999652916156686e-05,0,-2.9992717148862274e-05,0,-2.9995312274279053e-05,0,-3.0002863981852995e-05,0
1623,3,1.0,0.017245837297065435,-0.011684574503441968,0.30329359525944977,-1.2414970613177078e-05,0,-0.00011972780997019858,0,-1.9279258044722474e-05,0,-0.00021008822787796247,0
1624,3,1.0,0.000928450914741484,-0.9753866039464056,4.3893781156138525,-0.06391998019095174,0,-0.06433668995211109,0,-0.06471858266522287,0,-0.06444796326363031,0
1625,2,2.0,0.006303596798054187,-1.1355659666125955,0.11671033049300093,-4.279804587634746,0,-4.381695390813625,0,-4.279804587634746,0,-4.217572571582112,0
1626,7,2.0,0.027990777025731117,-0.01504452063173031,0.310528292463913,-0.0003556032211955822,0,-0.00036432494914423187,0,-0.00036401299234916187,0,-0.0003643845968567384,0
1627,6,1.0,0.0024897331812073226,-0.7151971783250248,0.025891139747131423,-0.049055284539427646,0,-1.906760353710875,0,-0.1318578658272198,0,-1.9127787533198752,0
1628,2,1.0,0.003999424027251753,-0.013844499296572084,0.39022106690026637,-0.00020813917180430096,0,-0.00020813898403980745,0,-0.00020813917180430096,0,-0.000208108119253827,0
1629,5,2.0,0.030504760830662177,-0.0526917847017454,0.0029868932921827867,-0.005255295387507575,0,-0.007653910003425801,0,-0.007546292150348299,0,-0.00762991896425852,0
1630,8,1.0,0.0005754054878318748,-0.026278698141891935,0.368444652152299,-0.0003019035800612079,0,-0.0008982737344289159,0,-0.0007800621308131797,0,-0.0009243985790051385,0
1631,2,2.0,0.011129767642066154,-0.23784389338116227,0.011529529558265236,-0.008574856930823938,0,-0.04818766962960552,0,-0.008574856930823938,0,0.05011859188709966,1
1632,8,1.0,0.006447785419096074,-0.1512746353403175,0.02218552221840144,-0.006908807635608416,0,-0.04679027796015589,0,-0.03759219079733378,0,-0.06704163826756265,0
1633,7,1.0,0.00817365307982532,-0.011263081410513827,0.14498649740244793,-1.1781082941442981e-05,0,-2.221567905851126e-05,0,-1.3258673236123087e-05,0,-2.2749889980056416e-05,0
1634,5,2.0,0.008366252513983331,-2.1538522970702707,3.369642012058283,-0.6850740047217211,0,-0.6870924847013166,0,-0.686759112696087,0,-0.6876969506245834,0
1635,4,2.0,0.003332900004438248,-6.6643478992815925,2.5863869290065327,-7.510336642645951,0,-7.507189661787314,0,-7.4481021956459905,0,-7.698239101187463,0
1636,8,2.0,0.0028584570594329165,-7.492352168129344,2.789982186646308,-7.8778739384256,0,-9.678391999022118,0,-9.326458345821568,0,-9.68600234625965,0
1637,7,2.0,0.0036896366689666985,-1.7403021106952064,0.018098519815426574,-0.72843123925702,0,-0.7243718150153455,0,-1.1074131814935129,0,-1.2013001179289375,0
1638,5,2.0,0.010526147178132664,-0.013300343055419562,0.0021491741062443876,-0.007550317907117264,0,-0.040168998589254705,0,-0.03884501588111615,0,-0.040200889713705945,0
1639,8,2.0,0.000416209947535234,-0.684856990336518,0.29310757686898287,-0.03874870609697212,0,-0.05098563014028912,0,-0.05104849074819573,0,-0.05216154625611169,0
1640,8,1.0,0.00035246390015600525,-0.16394024622028203,0.5664772461677753,-0.0013705705321212583,0,-0.0018792714753343327,0,-0.00171667856016244,0,-0.0025633125083807592,0
1641,6,2.0,0.0008731908656389101,-0.05326230794602069,0.1973905378932043,-0.00037371042669065435,0,-0.0003893238488479325,0,-0.00038927315308440093,0,-0.00039454445941644947,0
1642,5,1.0,0.0009491031418144357,-1.836125660290318,8.281172796610086,-0.17603451587308788,0,-0.19950382439668718,0,-0.17243697884533837,0,-0.20329638229113864,0
1643,3,2.0,0.006974931783224827,-0.353065772788358,0.005917272798567427,-1.0482422325561185,0,-1.1531133571916836,0,-1.2867519108172072,0,-3.8677205121369784,0
1644,8,1.0,0.0010295691222931473,-3.514307533910288,5.042733505922326,-0.018815278131959934,0,-0.12565995134457553,0,-0.07088554968454996,0,-0.1327276700077893,0
1645,4,2.0,0.00037499122156562156,-0.05268516766219283,1.319649457590696,-0.0007920150128344612,0,-0.0007881757947948141,0,-0.0007901674334616581,0,-0.0007917394678362156,0
1646,4,1.0,0.019443758692410443,-0.01243439047087288,0.002676630418623255,-0.0002467063132443256,0,-0.0004400703218137188,0,-0.0003179947919896148,0,-0.0006548437229044364,0
1647,5,2.0,0.0031564490577365364,-3.1203540434915276,0.004260083536396884,-263.386556221933,0,-263.234603333413,0,-263.2120878774034,0,-263.94895897647734,0
1648,8,1.0,0.0011145307577588098,-0.036848742382436045,0.024726145558993256,-3.518101383975791e-05,0,-6.323116338710286e-05,0,-4.121690829368349e-05,0,-7.087187068981551e-05,0
1649,8,2.0,0.001463093700068006,-0.11056555507325616,0.05527871627875304,-0.015791180816983788,0,-0.015404828253394925,0,-0.01556623825778733,0,-0.01857708029243127,0
1650,5,1.0,0.0003406957141671662,-5.026880544395992,1.1991450223352462,-3.424573372926119,0,-3.5824620031691037,0,-3.4262058725818862,0,-3.698401452038979,0
1651,2,1.0,0.004227374553595463,-9.308735331901378,0.0043046915476037464,-255.71316086033403,0,-874.8993964289348,0,-255.71316086033403,0,68.94553203192845,1
1652,4,1.0,0.010806064958546567,-0.012186192565310009,3.3231380631318608,-2.6143068546946002e-06,0,-4.373126157615076e-06,0,-2.703996741322645e-06,0,-4.453774460499237e-06,0
1653,2,2.0,0.009753388325169756,-0.05209153177479895,0.00461783289109821,-0.05285123807870121,0,-0.13992183749749654,0,-0.05285123807870121,0,-0.28450868544211705,0
1654,8,1.0,0.003922447598714183,-0.31807453852211787,1.9071216216645213,-0.0018182300948879626,0,-0.0259035009516433,0,-0.021169854641007464,0,-0.026278841819202328,0
1655,3,2.0,0.0008143378530662145,-0.03097119898827544,0.006809578601830388,-0.04457378803086731,0,-0.045314432327515884,0,-0.04531251572965639,0,-0.06102537662597983,0
1656,5,1.0,0.024949899323806316,-0.07835828716229623,0.02684075775462394,-0.008916944000162352,0,-0.10531050155614453,0,-0.044408274287860774,0,-0.10563427398435739,0
1657,4,1.0,0.006065487962882842,-0.5401007609532984,0.004675701679456331,-0.3091268455741769,0,-3.30011845995487,0,-3.3259574127768694,0,-3.2738290872967006,0
1658,2,1.0,0.0058847800257571135,-3.4078451767482627,0.006371510339305048,-679.9493673048635,0,-887.6587141646995,0,-679.9493673048635,0,-626.799480822897,0
1659,2,2.0,0.0004790479889926625,-0.010410539864239848,0.00221808389252829,-0.00020249206326669253,0,-0.0002024930346130778,0,-0.00020249206326669253,0,-0.00020247601255117195,0
1660,2,1.0,0.0033111326170151855,-0.14999856360265804,0.01038253056134198,-0.8781554815718959,0,-0.8603873147376775,0,-0.8781554815718959,0,-0.37816148370470437,0
1661,7,1.0,0.030610629687626248,-6.0360813776395705,0.0028173754182964947,-454.66868034975687,0,-6392.729396762984,0,-6392.848118650462,0,-6394.860649343535,0
1662,6,2.0,0.003480425824521188,-1.8057737574280177,0.3356722436510543,-0.47037117404445095,0,-0.27029699757075054,0,-0.6396868293472071,0,-0.9734151208260826,0
1663,3,2.0,0.013170315369592917,-0.3377056539067382,0.21360497657009583,-0.031136891294109847,0,-0.02885299883203335,0,-0.028088783814138735,0,-0.039120790400101635,0
1664,2,1.0,0.000846826362103982,-4.176561820567242,0.8257473764562332,-9.219490573565627,0,-8.830045030077349,0,-9.219490573565627,0,-8.833065294981266,0
1665,4,1.0,0.0007297256740161476,-0.5007131631458479,0.009227294948098931,-0.5123853395371452,0,-0.8334739003668687,0,-0.6363994496893586,0,-1.5509400343848405,0
1666,6,1.0,0.001190283793524784,-0.011408018668993635,0.1561628034409027,-5.798752249353955e-07,0,-3.307022203921943e-06,0,-2.6459309888556817e-06,0,-3.2994215235913785e-06,0
1667,8,2.0,0.0005171108917923806,-0.8127505424208522,0.09433313374462829,-0.02210135666379287,0,-0.04344480541427176,0,-0.041460070714216535,0,-0.04316089706999948,0
1668,3,1.0,0.019502119585283972,-0.04663656717057286,0.001101321516827218,-0.01594507137322998,0,-0.9687083632194897,0,-0.14320070459388556,0,-0.9838969330063864,0
1669,7,1.0,0.002891634471264164,-1.7889421454699297,0.01819991480746769,-6.282541532121101,0,-38.06066517342962,0,-35.91243251902276,0,-38.03604112122426,0
1670,8,2.0,0.0029801415470176846,-0.05716667560352451,0.4439137987543936,-0.0016542777663194875,0,-0.0018624158154772915,0,-0.0017836466096378175,0,-0.0019386575137556733,0
1671,6,1.0,0.0049365522037983335,-0.3929042704060127,0.1550239801424406,-0.46678378640870866,0,-0.4577822261339912,0,-0.4549024982975436,0,-0.47875970041065713,0
1672,3,1.0,0.0007001549886420164,-0.03948239097397197,0.42888436329719987,-4.765706517441534e-05,0,-4.619173837111393e-05,0,-4.7371840987947295e-05,0,-0.0001397062589415935,0
1673,5,1.0,0.006933861839848329,-2.805833915403129,0.0626713479260523,-0.004735096607383582,0,-1.0602953494428817,0,-0.021260195777088597,0,-3.0318160365181797,0
1674,7,1.0,0.009880631150551529,-3.116005888790186,0.0015735792431999772,-60.64870902877374,0,-201.34147041639244,0,-122.39948593102145,0,-222.95815232648783,0
1675,5,2.0,0.0309028454419069,-0.06316548868117641,0.49085260175349243,-0.0034130668848889848,0,-0.0040065749134783795,0,-0.003629056508672519,0,-0.004044938879363829,0
1676,3,1.0,0.006477583637851916,-0.28495105433331713,0.007182053713536404,-0.5041173185589027,0,-0.8640061482435559,0,-0.523350408338489,0,-0.9895418212158287,0
1677,3,1.0,0.007636742047335458,-5.357026438309186,0.0026348467992232377,-2458.810125855225,0,-2676.0827278512807,0,-2288.791219000198,0,-5183.484998384906,0
1678,6,1.0,0.0007382290149445837,-0.11373885785058004,0.03678457404063497,-0.009552654100701607,0,-0.012985177794682806,0,-0.00986556295454763,0,-0.01364079124398307,0
1679,4,1.0,0.0034840026106605,-0.07696615961626353,0.008828809956731186,-0.0008231729157078815,0,-0.0008397990350116902,0,-0.0008669539038977936,0,-0.0017361433733270037,0
1680,6,2.0,0.02114453781449963,-0.34863756022587816,0.2619962328195181,-0.0575594433148299,0,-0.21495645107543093,0,-0.18394552915595197,0,-0.21756562412318683,0
1681,2,1.0,0.01461479857459536,-0.5013250736972071,0.028413006334341035,-0.008992890211934501,0,-0.5594557090544034,0,-0.008992890211934501,0,6.6773502421336115,1
1682,2,1.0,0.013478676593777035,-0.4627169393109128,0.1312631420472546,-0.5760098856066252,0,-0.5866090307888103,0,-0.5760098856066252,0,-0.5721427108179451,0
1683,5,2.0,0.005153700925379543,-0.18688083722312235,6.804219649239965,-0.0024660255555005624,0,-0.002480252430029209,0,-0.0024813080009850825,0,-0.0025193025074036323,0
1684,8,1.0,0.00042699432343244086,-0.4898276149244218,0.07150283079194014,-0.05237055053312756,0,-0.5865243632580632,0,-0.1157107192947695,0,-1.5912241053018117,0
1685,3,1.0,0.0003263707418412862,-3.041668579776058,0.4746924144716072,-9.038249225105867,0,-9.064524405087441,0,-9.06937361168535,0,-9.072642857348137,0
1686,8,2.0,0.001247913173707465,-0.24126769395069858,2.394862928297749,-0.007326491303255769,0,-0.006962612499578398,0,-0.007138101662022507,0,-0.007296626787233896,0
1687,5,1.0,0.0070361132992096355,-2.013540165823147,2.1753549456955685,-0.884022742808368,0,-0.921258819715555,0,-0.9233949243705543,0,-0.926434894906384,0
1688,6,1.0,0.009768409881807985,-0.30627525899076014,0.0013827079131577536,-2.5127156423030215,0,-33.10935966317215,0,-28.32143232234224,0,-33.44075816135701,0
1689,3,1.0,0.0018084804945989014,-0.5369989551884349,0.004838280503512704,-0.008164081409148594,0,-0.007897422228868578,0,-0.008164990783910753,0,-0.02055523908503787,0
1690,8,1.0,0.000587458962134119,-0.34975642303494214,0.013218716719404352,-0.33014188393692123,0,-0.6137154728920065,0,-0.5282840279152232,0,-0.6860758247371299,0
1691,3,2.0,0.0003264741641380926,-0.8779766969899374,1.1500839642688765,-0.019837070895029785,0,-0.019831250635926834,0,-0.01983108754563634,0,-0.01985006669359729,0
1692,6,2.0,0.004300967278456589,-3.8002156834254612,0.013638677349629248,-2.20764174734677,0,-169.6657729537243,0,-103.75405432604106,0,-262.3135405303706,0
1693,8,1.0,0.00431650070095743,-0.01653881847477375,0.004165870107688168,-4.558596552101113e-06,0,4.909919728837697e-05,1,-2.11024586200953e-05,0,-0.00023251074196147664,0
1694,2,1.0,0.0006892493715099271,-0.347086755518121,3.2490600490146813,-0.01438734541762403,0,-0.01440297863431211,0,-0.01438734541762403,0,-0.014387209250690893,0
1695,3,2.0,0.0005908855397073141,-9.615935894871898,0.006847699116429306,-2929.2279553197072,0,-2859.895168976843,0,-2863.584093900141,0,-3004.1851801569082,0
1696,7,1.0,0.0007876399902712088,-5.383873035751926,0.011089327086005312,-0.33271715225441767,0,-0.3357412094985648,0,-0.33563229863466404,0,-0.6735547217756448,0
1697,3,1.0,0.010698490187370705,-2.697784978359011,0.003921749926043255,-0.03371887854461875,0,-0.03373747184775766,0,-0.03383804485292785,0,-0.034087609095649896,0
1698,4,2.0,0.004218482910068427,-4.089368283156807,0.03105334819153016,-23.67295274136933,0,-234.47021357098097,0,-39.77939153906442,0,-261.92250525825034,0
1699,2,2.0,0.0008654338355247403,-0.014975256280846373,3.9997793191938475,-2.554198030098902e-05,0,-2.6200802440848374e-05,0,-2.554198030098902e-05,0,-2.4957414975239723e-05,0
1700,4,2.0,0.0010330827113634673,-0.4157636832561068,0.9170111091629903,-0.06000777795724213,0,-0.08179993077992154,0,-0.0739128377472677,0,-0.08374425698288435,0
1701,5,2.0,0.02619137562476929,-1.1123922665518988,3.4444873173705224,-0.17808337570868818,0,-0.17955213343208126,0,-0.179532951062979,0,-0.179552783985709,0
1702,8,1.0,0.0021120493856573424,-0.021910661762309984,0.004326342662209503,-0.0003513301316380932,0,-0.00221001748815175,0,-0.0011598480608776066,0,-0.0022181404918737435,0
1703,4,1.0,0.0024643509196187845,-0.022631201601776153,2.9194822489253327,-6.8080739482317e-06,0,-1.934285582053501e-05,0,-1.8171071790773995e-05,0,-4.817462723120109e-05,0
1704,2,2.0,0.01030407965861829,-1.0635425982578297,0.8765745135791237,-0.6450665449103112,0,-0.644981055851849,0,-0.6450665449103112,0,-0.6450651748910254,0
1705,5,1.0,0.0021425536069320694,-0.28318145531308975,4.113888349183029,-0.00873596691432859,0,-0.009112828594083232,0,-0.009260394273362789,0,-0.009143066802977383,0
1706,3,1.0,0.0005017073115649357,-2.1940339386832237,0.33659429854655726,-2.2609503674259814,0,-2.2581466421680183,0,-2.2662076887134717,0,-2.8898391822551375,0
1707,6,1.0,0.0004207094682048199,-3.3767178232260218,0.0017010193373339251,-1.4587812082204437,0,-1.4573829174087223,0,-1.4449264650534133,0,-1.4574017303125402,0
1708,6,1.0,0.01754840715666472,-0.12045743405285701,0.0077924865779783236,-0.007917566355959083,0,-0.3641054282699049,0,-0.015980534389228085,0,-0.3868091942788826,0
1709,7,2.0,0.00916537145009304,-0.10532226759361218,0.004415175494734293,-0.0028296403833185657,0,-0.021703363561877076,0,-0.008036559592784043,0,-0.02869027764145282,0
1710,6,1.0,0.007118022959725592,-0.8613533213846567,4.416213039082978,-0.08120377954084247,0,-0.08312658633614055,0,-0.08020399412769272,0,-0.08379546496324773,0
1711,8,1.0,0.027996584814570312,-0.5435592091463746,2.5374386877886286,-0.013324480234482426,0,-0.0544354125831903,0,-0.05338183015383076,0,-0.05443498776030652,0
1712,2,2.0,0.0012327914456703138,-0.010335731977962106,0.02324916661711048,-0.0020849225153308074,0,-0.0020848958436210296,0,-0.0020849225153308074,0,-0.0020848855896121276,0
1713,2,1.0,0.008910999316899851,-0.030291238541235235,0.8920507865185824,-0.00046248598091334854,0,-0.00046763037704459045,0,-0.00046248598091334854,0,-0.0004610196043996318,0
1714,7,1.0,0.0006328825933092947,-2.581049195513067,0.02849430623852531,-0.0653434261285355,0,-0.0672840582635672,0,-0.06728416441202967,0,-0.06765657924748325,0
1715,6,1.0,0.003403352387056818,-5.002609127702645,0.3822000203462542,-14.79826176498953,0,-8.772554648411315,0,-14.903133986345729,0,-25.119722553661287,0
1716,7,2.0,0.026509131712833537,-0.14752744420449837,0.005147013317943227,-0.010003191379890364,0,-0.00427425121096503,0,-0.008834651801578275,0,-0.005454803450662737,0
1717,4,2.0,0.0006069530909942627,-0.11749385138240903,2.1341404458474935,-0.0026122458537707967,0,-0.002612248639572861,0,-0.002612248944011893,0,-0.002612370489151817,0
1718,4,1.0,0.004878790283101296,-0.6186734156801101,0.34466603099278403,-0.1873516664678314,0,-0.26825012148235877,0,-0.14303156425051877,0,-0.3155787191833568,0
1719,7,2.0,0.00543563546538049,-1.709480497341602,0.4182905249415536,-0.9248777202953908,0,-3.475263156013427,0,-2.814981368699348,0,-3.492976750858293,0
1720,2,2.0,0.011532628075685449,-0.1406644763213124,0.01852630739975535,-0.00016062536327920984,0,-0.00016081136314816113,0,-0.00016062536327920984,0,-0.00011715926237465535,0
1721,8,2.0,0.028122966290240435,-0.041110845723388,3.505500144228337,-0.00023222972177509916,0,-0.00024103848977969267,0,-0.00024090017584633896,0,-0.00024104999833448498,0
1722,7,2.0,0.00100158740045031,-0.3541783172606083,0.2294102677631802,-0.000236212577494066,0,-0.000351284262171625,0,-0.0003699704806045534,0,-0.0003506698210087311,0
1723,6,1.0,0.02956197311895723,-0.19713397373144342,0.04839550830452161,-0.16246981702438304,0,-0.39803116396851135,0,-0.3829184733173878,0,-0.3981324905516492,0
1724,3,1.0,0.000605157497422185,-0.5970529890555144,7.417098106715089,-0.023952009520667998,0,-0.02394831659298353,0,-0.023948360270042837,0,-0.023975187270444023,0
1725,8,1.0,0.0007775745446824272,-1.7186618308726342,0.4357562701866512,-0.12017417294854571,0,-0.06667696816648405,0,-0.07436165031959474,0,-0.1982733886644117,0
1726,7,1.0,0.0111892959180026,-0.053192482935906456,0.009604696857458843,-0.00038798819781118987,0,1.755612370937798e-05,1,2.6333764303138052e-05,1,-7.232339936050214e-05,0
1727,8,1.0,0.02789389183310464,-0.013987136142398902,0.4159645966917521,-0.000230774070281026,0,-0.00023511364658944335,0,-0.0002348890511278891,0,-0.00023514572635634746,0
1728,3,2.0,0.004390099334207606,-1.578634527457062,0.0035448974699200976,-193.78994612386464,0,-175.31128598723046,0,-173.67909230371222,0,-244.65434240094757,0
1729,3,1.0,0.002553082350353235,-9.021815529956278,0.19340860170246685,-77.90845604381141,0,-82.61629027476806,0,-80.87488137810053,0,-92.84956988515799,0
1730,4,1.0,0.0016729569336527972,-1.3569691863412667,4.7356194393634485,-0.10250135380882823,0,-0.18571209891335153,0,-0.17684478433481857,0,-0.19182829617188518,0
1731,7,2.0,0.017767882411495947,-5.122345260759268,2.143083163465,-6.10371509151578,0,-6.1189851990108135,0,-6.110375945300499,0,-6.119637760501463,0
1732,2,2.0,0.0013046821217913287,-0.017834848118117363,0.02235768592473973,-3.629009479117883e-05,0,-3.601863721731328e-05,0,-3.629009479117883e-05,0,-3.205762240930405e-05,0
1733,3,2.0,0.003380334782839767,-0.04697701722119864,0.8876881151800108,-0.0012425724697033846,0,-0.0012425724949640727,0,-0.0012425724846228182,0,-0.0012425724961715608,0
1734,6,2.0,0.006344009222303323,-0.011381327432710057,0.03956290977329733,-6.612395247240083e-05,0,-0.0006993363925626966,0,-0.00021849876277946797,0,-0.0007036074316106905,0
1735,6,2.0,0.003768927041200355,-5.475029871304269,2.8082964376944384,-5.251193982564799,0,-5.284560583096946,0,-5.247526778382982,0,-5.306835986701312,0
1736,8,1.0,0.0005961036644991619,-0.024126797504790826,0.5388978531565838,-0.00020121430085880723,0,-0.00028195247987658413,0,-0.00027426131854703465,0,-0.0002932981205604288,0
1737,4,2.0,0.030629603862085585,-0.0214223883191284,0.0013276931103994305,-0.0002769017799047757,0,-2.474029652199672e-06,0,-0.00015762868342980574,0,0.001438935557109805,1
1738,8,2.0,0.0003301564768512244,-0.1523324021336089,6.4810143409766265,-0.001769772258173282,0,-0.0017695437498530954,0,-0.0017695462143230872,0,-0.0017701633009722438,0
1739,5,1.0,0.0032850519361824013,-0.14742465887554093,0.0010191480602872159,-0.08015918436444025,0,-0.04975851704568335,0,-0.07305541049865383,0,-0.1252272823614735,0
1740,7,2.0,0.004474633538010813,-0.42004142294828356,7.210654963881223,-0.0003929023053222975,0,-0.0003795924299852711,0,-0.00038445107068293786,0,-0.0004317860980106586,0
1741,7,1.0,0.0006071942564631372,-2.4476400965244114,0.008606738183281544,-1.2842926983049665,0,-5.222047236308242,0,-1.564054806690251,0,-5.734179945772439,0
1742,7,1.0,0.0017992508013191218,-0.2694782129340476,0.16213125670786047,-0.021445982340416753,0,-0.0931760015348273,0,-0.09960928220300652,0,-0.10095348520470987,0
1743,8,1.0,0.030152037594252314,-0.45200282636015565,2.054071721563054,-0.017969302385862772,0,-0.048422500744396905,0,-0.04844907035999682,0,-0.049204394057690816,0
1744,2,1.0,0.0010484854400073893,-7.323539491431824,3.804662061666542,-6.9842494548610805,0,-6.98391591528698,0,-6.9842494548610805,0,-6.983755011537225,0
1745,4,2.0,0.001849179118173014,-1.218439348919481,0.046874822869472914,-9.25256600710518,0,-11.064441872039563,0,-10.65297613045496,0,-12.03860170860747,0
1746,3,1.0,0.00714664062078207,-0.01078550330706106,0.004568045222414973,-4.774828192534962e-05,0,-4.6366054305085544e-05,0,-4.7374855886003764e-05,0,-5.572163163294029e-05,0
1747,7,2.0,0.001965542304667464,-2.6792713453232047,0.18688040683702165,-9.151563085064625,0,-9.709550746686302,0,-9.664510142401612,0,-10.3658965268158,0
1748,5,1.0,0.017082069497914985,-0.8911427978805897,0.10167882900290355,-0.05979556028817701,0,-0.03776127149658226,0,-0.045375096742390486,0,-0.09698726030232985,0
1749,3,2.0,0.00546743902893656,-4.249392561676443,0.15903683068604718,-44.62393860766967,0,-56.659032025655755,0,-45.38622246114683,0,-56.61079914678877,0
1750,7,1.0,0.003992139508863256,-0.14158116388238814,0.0013080325161231345,-0.09738639168727836,0,-2.1131485989913106,0,-2.822693564967266,0,-3.3156240072129632,0
1751,5,1.0,0.0013588117941054337,-0.4660643491806696,0.15695866108018555,-0.009262017151484003,0,-0.032704960920179826,0,-0.03213449918112232,0,-0.03296452959678364,0
1752,6,1.0,0.005264886322379505,-0.20575537601757035,0.19814025698507465,-0.0014254763538497084,0,-0.005803372828496356,0,-0.0029818331531599462,0,-0.007209502595159678,0
1753,4,2.0,0.0011189036977871454,-0.29192208964982747,0.1670308329459823,-0.02713372034525305,0,-0.02835804864100358,0,-0.028048117563293368,0,-0.03458163784702481,0
1754,4,1.0,0.0033082774849104296,-4.878180598898357,4.109719052487833,-1.9938264224785553,0,-2.8508209565303946,0,-1.997203740409856,0,-2.880733995607648,0
1755,8,2.0,0.0016646518832274919,-0.0535135476466071,0.020968965736498577,-7.451996764015756e-05,0,-9.666464952962084e-05,0,-9.119408680609287e-05,0,-9.67873233593819e-05,0
1756,6,1.0,0.018703014594111802,-0.8830342361353242,0.15642222995972505,-0.003356216132550216,0,-0.0029785469759811,0,-0.0028235417702306975,0,-0.004400215758814774,0
1757,4,2.0,0.0005867814265204322,-0.7126227626533587,0.5344551744223224,-0.4345607656571477,0,-0.43463830618323035,0,-0.43462049674883885,0,-0.4351374557574095,0
1758,8,1.0,0.005126694718049066,-2.0394089025972035,0.001172424597890931,-0.12951815142582745,0,-0.7054117365078127,0,-0.561068475958109,0,-0.7047872918806206,0
1759,4,1.0,0.004639665877702517,-0.015222182441810067,0.04164245483663123,-0.00018721132176900907,0,-0.001416984041283876,0,-0.0012384411271334098,0,-0.001714006304408004,0
1760,8,2.0,0.0005748021034996282,-5.531748413557983,0.1422492828544368,-50.244252502393195,0,-51.82382139952974,0,-52.53971464072745,0,-53.42780312527469,0
1761,7,2.0,0.00035389012171267264,-0.4642175421286164,0.002343244797630424,-0.010177645204279884,0,-0.01641699898201665,0,-0.011950606337904901,0,-0.01638398848485423,0
1762,3,2.0,0.004109918686627274,-0.018864193207418032,0.1081389365577758,-0.0003209521252444162,0,-0.0003207697261965604,0,-0.00032084607722842945,0,-0.0003246116666519058,0
1763,4,2.0,0.0006388587327730859,-1.892032190664115,0.001047348512861068,-1037.748662586117,0,-1003.9619017276192,0,-1017.356649945244,0,-1061.4523421686326,0
1764,4,1.0,0.00099633361493851,-4.648759150958762,0.11940654956849309,-0.1361718353955581,0,-0.14954182927634463,0,-0.13441195800807293,0,-0.17455371003450182,0
1765,8,2.0,0.00416529006523558,-0.10858731145220098,0.0050930914720911215,-0.0010503690937400112,0,-0.0052664392391239545,0,-0.0030859221845753737,0,-0.0056680906148216526,0
1766,3,2.0,0.0004426306345016714,-0.02218393785013953,1.7306096167931821,-0.0001318126463876464,0,-0.00013150448719170216,0,-0.00013150449377281095,0,-0.000108711164972912,0
1767,3,2.0,0.004986384699948933,-0.13105650610580058,0.18459708088217205,-0.005699841072744634,0,-0.03725556310714863,0,-0.03858845588810021,0,-0.045465936164617346,0
1768,8,1.0,0.01430606532682291,-2.3256638374510317,2.0050081251721767,-1.2228417332837147,0,-1.3439522565198139,0,-1.3358341660746944,0,-1.344006748947926,0
1769,3,2.0,0.015953146506609565,-1.418087351431521,0.6215990735091753,-1.614226068805496,0,-1.6141889657742834,0,-1.6140558972495496,0,-1.6153131386961563,0
1770,6,2.0,0.0005323678660019148,-3.8091399174061165,0.00447425407744952,-114.05281559450736,0,-162.78044692230583,0,-132.34123095087898,0,-162.9345856299974,0
1771,6,1.0,0.0032091125411747765,-0.1690777150019221,0.001635791117243549,-0.06894970716764703,0,-1.3650227844995033,0,-0.3521383330430794,0,-1.4851460710901137,0
1772,4,2.0,0.03000357227625393,-1.3510727238654154,0.008118564733047746,-0.3726628620167105,0,-1.2113615749007778,0,-0.37582292190442956,0,-1.7283965945435682,0
1773,8,1.0,0.0011570158504580785,-9.576945207119914,4.538774154560079,-9.118341096835596,0,-9.160137878172856,0,-9.147110368677604,0,-9.1631842423302,0
1774,5,2.0,0.0012622712379239294,-1.481693181102133,1.4987321774812616,-0.7287282260307112,0,-0.7288936883896484,0,-0.7289066435157668,0,-0.729789369553571,0
1775,7,1.0,0.013792427415974378,-1.0445767520001157,7.619934494015359,-0.06993886389594546,0,-0.07159745681629778,0,-0.07071455690140042,0,-0.07159750099380924,0
1776,5,1.0,0.007152062697756351,-0.02093520591508166,0.8167708905727211,-0.0002144398002171816,0,-0.0002672263761284858,0,-0.00025467093924760035,0,-0.0002679393041788481,0
1777,4,1.0,0.024276044698913323,-1.4759218445316493,0.45893083026818576,-0.2478822121829909,0,-0.7810923627122541,0,-0.3381963420290335,0,-1.502607151361724,0
1778,5,1.0,0.010551334749373717,-0.061467528344392834,0.003745327302228135,-0.001992140744484394,0,-0.0017777072524225446,0,-0.0017688303950467166,0,-0.002695432435230516,0
1779,3,1.0,0.0005771009532286225,-2.446641865019242,0.01377214416707003,-54.20903488460024,0,-55.534800989060074,0,-53.92685468396891,0,-55.736198877784005,0
1780,8,2.0,0.0012109442871153855,-4.3758322073299585,0.44232329328931586,-0.06661804033389629,0,-0.06679910395831712,0,-0.06679403320389454,0,-0.06682612793756704,0
1781,6,1.0,0.0016728390876750892,-4.073896987900267,0.49159457704909815,-14.869158388538663,0,-14.852089835417491,0,-14.854759248472586,0,-14.877239956395988,0
1782,4,2.0,0.005210076054365799,-0.01992067559566284,0.22746843248680118,-0.00029979757377254085,0,-0.00023573002442579805,0,-0.0002752073639689859,0,-0.0007824504823929722,0
1783,3,1.0,0.004747265736453582,-0.12305410000441723,0.010523708670204815,-0.0007343378495903163,0,-0.0009649050929698699,0,-0.0008732043034052062,0,-0.0009655759138100795,0
1784,4,1.0,0.002683723975476399,-0.18620666034887842,0.6198462128032132,-0.0006461743784519462,0,-0.0006460268546745022,0,-0.000646043697975069,0,-0.000646503676570806,0
1785,8,2.0,0.0018707331754966104,-0.0696320776270787,2.2465726211196406,-0.0010695588168389946,0,-0.0010779175064364185,0,-0.001077512393397516,0,-0.0010779276353513223,0
1786,8,1.0,0.0003439526865025905,-2.0935889615242913,4.498882222912344,-0.2584635493021997,0,-0.23147372109150632,0,-0.2382519921083945,0,-0.28741274604097355,0
1787,2,2.0,0.000621245245284753,-5.272849408489651,0.001415603425332041,-809.3254515286844,0,-809.8080076949591,0,-809.3254515286844,0,-808.5053132035046,0
1788,2,1.0,0.019952016854992868,-0.13768649929772098,0.0018120946818611437,-0.11800909536829618,0,-0.6369412509782384,0,-0.11800909536829618,0,1.3069801126274463,1
1789,8,1.0,0.00039487591445370237,-4.52780191822923,0.25141630657559105,-0.4953068887191989,0,-0.6146543535043492,0,-0.5441886583956119,0,-0.6684301997459485,0
1790,5,1.0,0.0008656087210117423,-0.17759875005919037,0.5695839423975773,-0.02064555208008032,0,-0.02072615915790283,0,-0.020733214842823894,0,-0.02072654489721049,0
1791,8,1.0,0.01269757513843457,-0.85310470631035,0.012585809213065915,-2.0028187608300705,0,-24.895514270310017,0,-20.571139450320615,0,-25.07354198976767,0
1792,4,2.0,0.021467479943045504,-0.8320773484985885,0.5608628930613847,-0.6162720714959053,0,-0.6167987251347253,0,-0.6167714060425629,0,-0.6170848410238332,0
1793,2,2.0,0.0007559151945333231,-0.011914865866942459,0.45186113208629475,-5.763607730948774e-05,0,-4.91632195059233e-05,0,-5.763607730948774e-05,0,-3.7248302954151464e-05,0
1794,2,2.0,0.008584723675866249,-7.498257351561944,0.013118519022718227,-0.6398853151472395,0,-0.6404539623235905,0,-0.6398853151472395,0,-0.6150296700657236,0
1795,8,1.0,0.0023062475307882987,-1.3921451151292683,0.014001384954689493,-3.636651519958278,0,-5.87691396650564,0,-3.702061195228353,0,-24.62169205162575,0
1796,5,1.0,0.0005946629012538895,-0.1362087957894786,1.0290081687156905,-0.0021155979317387724,0,-0.0019145901094326555,0,-0.0019355692313960142,0,-0.0023456710572495746,0
1797,8,1.0,0.0063421945877651905,-3.0082927355246194,0.02504875561557009,-0.2062854313739706,0,-0.2289165842936427,0,-0.5394067330166195,0,-1.180649259713448,0
1798,4,1.0,0.013453204298784528,-0.017040264029089203,0.002722988922301163,-6.592655618642418e-06,0,-6.419627538542527e-06,0,-6.519960584934481e-06,0,-6.798115710485164e-06,0
1799,4,1.0,0.0022866272529373163,-0.03493977215933287,0.019576684883371928,-0.0021444197318529964,0,-0.002049210220270735,0,-0.0020919017142794726,0,-0.002376643580492145,0
1800,6,2.0,0.0023078409886164368,-0.10515039201172365,1.0812098671681525,-7.671669291375686e-06,0,-7.6264625272354225e-06,0,-7.73718830480389e-06,0,-7.626992499057926e-06,0
1801,7,1.0,0.00786736331675577,-2.0494492680516765,0.0010858616578099255,-1.4185797670063494,0,-837.9113803109301,0,-36.209881463825695,0,-1185.0763946837028,0
1802,8,1.0,0.0014377473502143693,-0.9973293791995952,0.12793475901535267,-0.13833412404162315,0,-0.3064521640319833,0,-0.22206827534626639,0,-1.2080716262538762,0
1803,7,2.0,0.0010429805026984068,-0.013377095787626081,1.3662315936609397,-2.4455840828496675e-05,0,-3.6151851671136847e-05,0,-2.6961154813708966e-05,0,-3.748035785898224e-05,0
1804,6,1.0,0.00047769619291703657,-0.014865126013564073,0.00869099398053471,-5.31839028212449e-05,0,-0.0006211697753869174,0,-0.00037470424202114445,0,-0.0006263916522897973,0
1805,7,2.0,0.000320623782084928,-0.15362132642161258,0.13626985089427399,-0.06184526116686201,0,-0.0615225781040863,0,-0.060876402528660306,0,-0.06383872995954767,0
1806,8,2.0,0.0035236900326117817,-1.9743635092411425,0.019701245339896777,-5.061501634451801,0,-14.400598043413154,0,-12.906774187360867,0,-14.409783686416148,0
1807,4,1.0,0.006845469598399119,-0.7970675795494158,0.0010480591023217711,-0.16409591226408793,0,-0.39565282237504107,0,-0.32287194243167505,0,-0.4469587911722215,0
1808,4,2.0,0.003823662419722177,-4.321007592355458,0.005751730514900892,-19.398278418564132,0,-19.533650634140713,0,-19.40565904836535,0,-19.5549668908684,0
1809,5,2.0,0.002748888206983989,-3.1395344459249652,4.414383018018601,-0.36507149450897425,0,-0.43007507397099765,0,-0.39843828251925917,0,-0.42988901092610676,0
1810,3,1.0,0.00655080171002648,-4.085858577480648,1.4738492066795887,-5.659318464584105,0,-5.66318659529951,0,-5.659314083166354,0,-5.663438634370203,0
1811,6,1.0,0.01506188148868533,-0.14054426129278855,0.19501686587159034,-0.050272166434518775,0,-0.050641594231372496,0,-0.050641326748447464,0,-0.05064276885079949,0
1812,5,2.0,0.007209254958382421,-0.01245110340046354,6.0968233604993864,-1.2707289011572462e-05,0,-1.2710568769608743e-05,0,-1.271049798590654e-05,0,-1.271215963624357e-05,0
1813,4,2.0,0.000648232186093353,-0.01966379620084191,0.5495452326300106,-0.00031325678346387037,0,-0.000313408148012466,0,-0.0003132866642400619,0,-0.0003134090139729328,0
1814,4,2.0,0.0009187646786135374,-0.16405382977001998,0.2908454151835233,-0.0034783294130134104,0,-0.003476082159959634,0,-0.0034827486458989393,0,-0.0034867866622904087,0
1815,4,2.0,0.020199935673450582,-0.1478696882479931,0.0019541716405052727,-0.04066454450722912,0,-0.7383746782361378,0,-1.5432791955661163,0,61.74031367987243,1
1816,3,2.0,0.0007767114821521774,-2.411184364126141,0.03303367196733179,-10.898271746097208,0,-9.192851033925777,0,-10.84177539970021,0,-9.08086691319599,0
1817,2,2.0,0.000601082224223593,-0.017314138163182155,0.7080309410785105,-0.00020199842365970755,0,-0.00020070559680918136,0,-0.00020199842365970755,0,-0.00020070249848938812,0
1818,7,1.0,0.01755412804376098,-0.28113938921915604,0.6737633929245869,-0.04119027601157185,0,-0.0447578479098165,0,-0.0481536799203533,0,-0.05198493219903206,0
1819,6,2.0,0.0012306782389957956,-6.499522159053069,0.002777679456232916,-2.66404916034935,0,-231.92043738817847,0,-7.96207221410441,0,-309.157590519465,0
1820,8,1.0,0.0014378601107971683,-2.9817893367152886,0.0791832413677074,-0.7751274160099513,0,-0.4877067807434088,0,-0.4429515116935576,0,-0.4795334330443808,0
1821,6,2.0,0.0016270567854391128,-1.4249422679904058,0.004094812925082153,-0.06341840435010226,0,-0.33382649974842593,0,-0.26333960415828983,0,-1.351818850836878,0
1822,8,2.0,0.0010972089188880515,-0.029364658061441676,8.878303367007657,-2.4917352263009634e-06,0,-6.356356826228685e-06,0,-3.6646381062345023e-06,0,-6.3622165855287995e-06,0
1823,5,1.0,0.0007713078330158455,-3.191664478932331,0.038420400714792365,-0.923853820216209,0,-1.9925241497117838,0,-2.366128961801053,0,-2.496616261338488,0
1824,8,1.0,0.00204328932318985,-0.07160225675458903,0.049965584996384094,-0.001934949417647762,0,-0.010864540070834032,0,-0.010739280654523328,0,-0.01638691871282434,0
1825,4,2.0,0.0004754560624214244,-0.01050950154338521,4.202914984692316,-1.2920618504532887e-05,0,-1.298183253501373e-05,0,-1.2926375970204749e-05,0,-1.3057992734460001e-05,0
1826,6,1.0,0.0014043098905646193,-0.010725455051589625,0.05062688109888164,-1.4993359143005737e-06,0,-3.09043977147665e-05,0,-1.2259491305413595e-05,0,-3.137130207940455e-05,0
1827,7,2.0,0.002954246985420819,-0.10027605573222176,0.04987435151778517,-0.00010009477990947924,0,-0.005199286133331399,0,-0.004117287052114865,0,-0.005657697703022643,0
1828,7,1.0,0.00048718462472628236,-0.012874640104701386,0.0010860897261562297,-2.97981661494251e-06,0,-3.2014033018584742e-06,0,-3.1990140184345872e-06,0,-7.268401165591576e-06,0
1829,3,2.0,0.025430413099193618,-8.414958294757623,1.0900957508807982,-32.27838771927758,0,-32.37899200813837,0,-32.383640209448785,0,-32.47333280217357,0
1830,5,2.0,0.000634398723667052,-0.07923983731255863,0.1944132280124179,-0.0005364290607406483,0,-0.0005423549840124359,0,-0.0005423453387883252,0,-0.0005429164024330652,0
1831,6,1.0,0.026463262554320518,-2.5137111571722275,5.711722818091413,-0.45809021374493547,0,-0.5529011133060147,0,-0.5501889736295135,0,-0.5531212576816975,0
1832,8,2.0,0.0010039407059497917,-0.01583795576834854,0.02214709956228368,-4.0798783341711685e-05,0,-0.0009477135701127497,0,-0.0002729658650147014,0,-0.0009683832761747469,0
1833,5,2.0,0.0037531946077519612,-0.10977366785605192,0.551152065781996,-0.0025579507970283754,0,-0.00558072698414897,0,-0.0026957397880443806,0,-0.0059678399199947895,0
1834,2,2.0,0.000675103101363331,-0.655921014936606,0.38112097554603297,-0.5642485894254181,0,-0.5642485904025307,0,-0.5642485894254181,0,-0.5642485892366137,0
1835,7,2.0,0.0003653280898359872,-0.13518585037743702,0.00486660216543674,-0.5245248898196808,0,-0.32926315722646327,0,-0.34405003771706943,0,-0.6641635432133055,0
1836,3,2.0,0.02403945478383102,-0.10367360560459613,0.00367094254791946,-0.00603008612901812,0,0.00047254385172390556,1,-0.015659300962297396,0,-0.04666588393877302,0
1837,2,1.0,0.02884880476551458,-4.706012356603903,1.2712281043080977,-8.710043416716086,0,-8.710044503151929,0,-8.710043416716086,0,-8.710005969713423,0
1838,4,2.0,0.0007289207598790452,-0.44699282609785124,0.0037563315094001778,-0.016587112794859138,0,-0.0165854279945421,0,-0.016585115961952113,0,-0.016685571916568165,0
1839,8,2.0,0.011384565906139127,-0.18110142631510084,0.1289277067481166,-0.10284237612461912,0,-0.11453419090587164,0,-0.11389267363500538,0,-0.12443608811638111,0
1840,7,1.0,0.0004055884676521852,-0.1558564621181976,0.0014321283901642958,-0.0006808780441875939,0,-0.0005291694408722236,0,-0.0006525498560225884,0,-0.0009716923386644538,0
1841,6,1.0,0.0045310466279222805,-6.854774913179996,8.459751728333025,-2.684160326723058,0,-2.7726246682839046,0,-2.7581646548420506,0,-2.7727884602947372,0
1842,2,2.0,0.0008383988066278044,-6.713124462822983,0.1090257071563837,-205.16408052236798,0,-205.1500546096409,0,-205.16408052236798,0,-205.10440525617753,0
1843,8,2.0,0.0245483504955268,-0.37314702620551465,0.8607195745274838,-0.061174098944623265,0,-0.07734753862445087,0,-0.07049396990176977,0,-0.0802979026202924,0
1844,8,2.0,0.0007684249090460153,-0.04396794530322778,3.027004852934416,-5.140244033163734e-05,0,-4.141286893637511e-05,0,-4.130331832295439e-05,0,-7.132336942944454e-05,0
1845,7,2.0,0.012659657854165753,-1.8031667664699975,0.7550558337026113,-0.2961016364210898,0,-1.2941959323883707,0,-1.7038846192700974,0,-1.9200964451393474,0
1846,4,2.0,0.0008815901673069905,-2.8915471258544327,0.01516296200662579,-22.681551769953245,0,-68.46019618099223,0,-52.74349895164926,0,-72.19987448968718,0
1847,5,2.0,0.004583988969517848,-0.15682362730354638,0.0014693141545336877,-0.2537083972043348,0,-0.24838940576797697,0,-0.33454799451066286,0,-0.32638766151390186,0
1848,4,2.0,0.0018169906598839963,-0.24001102572222763,0.0031229965807381813,-1.2011256258679808,0,-1.0276874308195314,0,-1.1912414158993823,0,-2.116038262445926,0
1849,3,1.0,0.00758198737505796,-0.11498239433808112,0.06780796247236309,-0.003293687841185375,0,-0.08823831706930774,0,-0.05453727925164262,0,-0.08843026591271713,0
1850,2,1.0,0.00251284703157963,-6.397812914911191,2.3621569488636696,-8.649820617764156,0,-8.652049847697894,0,-8.649820617764156,0,-8.264843615096428,0
1851,7,1.0,0.004402228392997583,-0.023704232470797705,0.09049471064255911,-0.0003951507027134733,0,-0.0008156933094150324,0,-0.0007912510649247147,0,-0.0008621706225980879,0
1852,2,1.0,0.0033575118974911544,-1.8045728557606564,1.4624502327652151,-1.0978286012511804,0,-1.1067723645340344,0,-1.0978286012511804,0,-1.010280534533688,0
1853,4,2.0,0.0029114169306524358,-7.534261094208988,0.008433237990026777,-21.76293842796531,0,-34.63558479794983,0,-22.044874459290895,0,-125.12773776397535,0
1854,7,2.0,0.011993169066671791,-2.812717515298986,0.004181727413266257,-19.021596179161975,0,-177.56544909555475,0,-73.3816130452575,0,-413.7827968113995,0
1855,5,2.0,0.005535856762039138,-0.9391945651267788,2.1485980260095188,-0.061355262075892286,0,-0.11176745380037466,0,-0.11350415915615757,0,-0.141974767018342,0
1856,5,1.0,0.0008731865064351356,-0.049746102177176156,0.0965708280327736,-0.00011441315205305315,0,-0.00010672088734304912,0,-0.00010674451356550325,0,-0.00016624011997920692,0
1857,4,2.0,0.005966202667248173,-1.2737124928059271,1.3305495465414405,-0.5823931749900291,0,-0.5735936256459626,0,-0.5735117189791337,0,-0.5735690674996632,0
1858,3,1.0,0.006309252894134746,-0.5431035369108969,2.8064620373296405,-0.05191151057485614,0,-0.052487102782328515,0,-0.052518059824876014,0,-0.05249874428519542,0
1859,6,1.0,0.00044429725059786084,-1.722352415985247,0.0320730333816183,-0.07415116775560904,0,-0.10194515183488306,0,-0.0986844672299938,0,-0.14097509330279934,0
1860,5,2.0,0.005657521729559627,-0.7647796061974635,0.002099428647931765,-0.004702892210531218,0,-0.007519232791679542,0,-0.007124855650545214,0,-0.010575019684750941,0
1861,8,1.0,0.0009262069274075292,-0.05050070299026064,0.005128478795223607,-2.1382049871315756e-05,0,-4.6818090251976585e-05,0,-3.340299527948565e-05,0,-5.6156210054031375e-05,0
1862,5,1.0,0.0012510798599603688,-0.033644168580752025,0.10516102959260018,-0.0001235217505041594,0,-0.00016879695878633735,0,-0.00017448354903624053,0,-0.0003221496897497225,0
1863,6,2.0,0.000481693384069906,-3.917505571726532,3.2648973091255327,-1.057033488070948,0,-1.2819498562256553,0,-1.438509023313113,0,-1.6366781385597098,0
1864,4,1.0,0.004964222544497384,-0.23283395417139874,0.00225125281713944,-0.0003241972366119228,0,-0.01078570542063062,0,-0.005360889557364246,0,-0.02374342649324035,0
1865,2,2.0,0.002798129584503601,-1.6771733570247604,3.604968508448797,-0.39011571237018017,0,-0.3901147599035168,0,-0.39011571237018017,0,-0.3901128873152261,0
1866,6,2.0,0.0008399386304639083,-4.397438453631911,4.457476870423571,-2.1307380121832686,0,-2.1377307696945627,0,-2.137775335193824,0,-2.144340341234433,0
1867,8,2.0,0.0005778703127791684,-0.1621669801612549,0.014326167502984087,-0.5936362653612319,0,-0.7372174779929068,0,-0.578938683448252,0,-0.747279067590687,0
1868,5,2.0,0.0030232137948269246,-0.02961369830471549,0.01033763459781447,-0.00039255524064515934,0,-0.0009488852438927428,0,-0.0003399456555796057,0,-0.00094372557711489,0
1869,2,2.0,0.0015210895454592964,-0.2703090143172713,1.2094192328161977,-0.0021831333676968073,0,-0.0021701723101873426,0,-0.0021831333676968073,0,-0.0017964653282752582,0
1870,7,2.0,0.0012058644534841069,-5.654557680800603,0.06204139871460724,-215.49788964947814,0,-235.35370695663192,0,-214.82980813230833,0,-235.7673336530003,0
1871,5,2.0,0.014493803418343682,-0.05504584375307836,0.006471167774628645,-0.0001454735525539541,0,-0.00011754911267641832,0,-0.00011728012121839382,0,-0.00010263160619647382,0
1872,2,1.0,0.016433168858405487,-2.0364999142971514,0.004813868920197128,-99.25985548344846,0,-198.992398165603,0,-99.25985548344846,0,580.0873773856276,1
1873,8,1.0,0.0132882110865618,-0.27765907383271293,6.85677162311207,-0.004409807701915468,0,-0.005605706294384764,0,-0.005567185560329108,0,-0.005621063668037964,0
1874,3,2.0,0.0008742628517312726,-0.5992428378334665,0.005565005207810788,-1.2792633211671642,0,-1.2930979453380331,0,-1.2929781651247723,0,-1.3042897935356592,0
1875,4,1.0,0.0010727583438476765,-9.182273233199727,0.003888022292231612,-299.8600643939335,0,-253.4215697026866,0,-333.13765969018823,0,-678.0568964975082,0
1876,6,2.0,0.0007101807975545476,-0.08538196433257779,1.1006725829870756,-0.0024586346841736118,0,-0.0023784115940661712,0,-0.002267404915636439,0,-0.002598547176069584,0
1877,5,2.0,0.0006466794913975845,-0.04442025566097773,0.07519123030699532,-0.003437184077371768,0,-0.0036355704671188673,0,-0.0036708463453487463,0,-0.003640355161848371,0
1878,8,2.0,0.0007986307315579389,-0.010543971955574999,2.747551776029267,-1.7933078360422872e-05,0,-2.0040693398639987e-05,0,-1.998641741084975e-05,0,-2.0196853851583918e-05,0
1879,3,1.0,0.0022760293689762733,-0.06909506193173943,0.05807458346739447,-0.0333474940895376,0,-0.03211765130438554,0,-0.029340825628839867,0,-0.036873346457706686,0
1880,3,1.0,0.0032108368755311635,-9.48105756879906,2.4124377599484346,-2.4040044977711545,0,-14.377810802795349,0,-13.424367297653369,0,-16.15786497724976,0
1881,4,1.0,0.0008247094642818477,-0.030898165508359696,0.025886849336470785,-4.776767074982438e-05,0,-7.545378033758238e-05,0,-7.597641486258716e-05,0,-3.407055006495255e-05,0
1882,6,1.0,0.002993257410759267,-0.2580257780321279,0.09444672356149583,-0.2229640958511551,0,-0.31699211008422734,0,-0.23801036391556735,0,-0.34446538971844753,0
1883,4,2.0,0.0011857974691158672,-0.09301343922296808,2.8369264481405287,-0.0006647559002133387,0,-0.0006754156059642988,0,-0.0006769303794038839,0,-0.0006667365969463908,0
1884,8,1.0,0.0005078158539813073,-3.133683154191077,0.1908114935317665,-0.059919018958868975,0,-0.08912623939393072,0,-0.08774167159612745,0,-0.12166331325187585,0
1885,2,1.0,0.0003783298379741783,-0.3308016538463864,1.070958758206087,-0.045374238072568684,0,-0.04537345075722357,0,-0.045374238072568684,0,-0.045368724773810126,0
1886,5,2.0,0.0012880315391297107,-1.9910196233415036,0.00256358239908248,-1.65605993993006,0,-6.856492695921247,0,-4.41840344347338,0,-13.409266362709332,0
1887,3,1.0,0.0005594722607161138,-0.053533928320496874,0.0010052493368495833,-0.0011001123148279834,0,-0.0011326876838271271,0,-0.001096244216954645,0,-0.0011575945838846469,0
1888,8,2.0,0.0005620551733489227,-0.044884506662135705,0.8666490513107661,-0.00011045316138377174,0,-0.0003613130448030411,0,-0.00030892885750092615,0,-0.00036382212074874507,0
1889,4,1.0,0.0025736058463176263,-0.07914572444868936,0.2764725536688964,-0.00014665293274695144,0,-0.0005345390014300112,0,-0.00016744899360333736,0,-0.0012244828959086015,0
1890,3,2.0,0.0004102275852614734,-0.0739500908636926,0.05206445778159778,-0.0011698482268729105,0,-0.0008044755173866602,0,-0.000968220523895183,0,-0.0012461097563191276,0
1891,5,1.0,0.00042110800592210304,-0.08987642424208374,0.7251556983204238,-0.00012856165647456494,0,-0.00011809591722982717,0,-0.00011762981334050102,0,-0.00013963372197443955,0
1892,4,1.0,0.0017752975829786748,-1.6805011307749083,1.8461474681038554,-0.7158812993738563,0,-0.7073172957493143,0,-0.7124907564161221,0,-0.7491220685932896,0
1893,6,1.0,0.006735306819018698,-0.18208421708881414,0.0027719255944156475,-0.003954893541876281,0,-0.01864663328271554,0,-0.00912348951981734,0,-0.01856546192070052,0
1894,2,1.0,0.029122722096433445,-0.2851555299115834,0.06576594776177608,-0.0690922606924117,0,-0.07155860230170141,0,-0.0690922606924117,0,-0.06908921100725818,0
1895,6,1.0,0.004539466857578152,-0.04898459700714772,0.001338422565668729,-4.495060394249517e-05,0,-0.0011158257652620351,0,-0.0011458206484258326,0,-0.002829660055902572,0
1896,4,1.0,0.002481456744734371,-0.04688600030245744,0.5620718819390831,-0.0005188515485426014,0,-0.0007169859271819522,0,-0.0007029736935220191,0,-0.0007160681277522121,0
1897,7,2.0,0.001899452290231666,-3.409734422278448,1.5298458553320096,-0.5677264948734959,0,-1.1229412659675644,0,-0.34146254563682277,0,-2.6011459719795593,0
1898,2,2.0,0.0006741585189343359,-0.016536032555831054,0.006638988793911436,-0.005255790812566089,0,-0.0050697944340555735,0,-0.005255790812566089,0,0.0005049512360366798,1
1899,7,1.0,0.004455352264514421,-0.04034803764250318,3.535960852460757,-0.00016208495957269176,0,-0.0002271855672158841,0,-0.00022692179382639277,0,-0.00022926331946865217,0
1900,4,1.0,0.004380722134176426,-0.04369190721302991,0.92806026318731,-0.0010280732928581824,0,-0.0010284221612723726,0,-0.0010279282801673828,0,-0.0010284730650580187,0
1901,2,1.0,0.0015927131595029453,-0.2770603771376488,0.038563737958858146,-0.14869575872779384,0,-0.1539511494569853,0,-0.14869575872779384,0,-0.1486453313314765,0
1902,5,1.0,0.0003651687184849345,-0.038397847278666734,0.029244354299166945,-6.686413991340012e-07,0,-5.609287920919914e-07,0,-5.609195184649862e-07,0,-1.2025827629651153e-06,0
1903,6,1.0,0.007354354947342373,-0.04766603514413871,0.005756452843165522,-0.002883812289647042,0,-0.00475242732691003,0,-0.004386455393949884,0,-0.0051368975972606035,0
1904,3,1.0,0.0006634948429648525,-0.033739544129228485,0.0015609790994502136,-8.087839864945323e-06,0,-1.1876043488623367e-05,0,-7.98179220412587e-06,0,-3.760595003549083e-05,0
1905,5,2.0,0.004803668663082636,-0.28563528870174865,0.03903802861394937,-0.6772454266419657,0,-0.6748519045345301,0,-0.6833190482297183,0,-0.6815929834891314,0
1906,3,1.0,0.00529190770574887,-0.5144245821945542,0.008600176693946316,-15.160584508138376,0,-15.312765021425488,0,-15.179313009777324,0,-15.34599011083095,0
1907,5,2.0,0.0016946295761078348,-0.2814470672807414,0.013806271985063836,-0.0008942627843411266,0,-0.000885853444642315,0,-0.0008867757294512835,0,-0.001034214543415235,0
1908,6,2.0,0.027646274016631386,-2.7599544061454386,1.1024493283180772,-0.8563775985713078,0,-1.2735717003315639,0,-0.834681711859059,0,-1.4739176319085623,0
1909,4,2.0,0.0031435357889636885,-0.512649501186846,0.40757706823558776,-0.019408392869684377,0,-0.019146007618917327,0,-0.019290487406344703,0,-0.019141448014910634,0
1910,3,1.0,0.0017875089081921178,-0.11472557059343155,4.745257480694858,-0.0011347940742324496,0,-0.0013244390814054034,0,-0.0012889079766186273,0,-0.001375432097744437,0
1911,4,1.0,0.012200406648898758,-0.5277258745889754,0.2724133966241668,-0.391064038762416,0,-0.4932412139381582,0,-0.4366409548276582,0,-0.5011852867204016,0
1912,8,2.0,0.002321457756958931,-0.0504236583715425,0.500866353814624,-0.0020853106774025554,0,-0.002473371987874176,0,-0.0020990527404043625,0,-0.002487625712222811,0
1913,2,2.0,0.0035047390148560784,-0.16042255841915992,0.2634827415809002,-0.04839635628836363,0,-0.04883461999289539,0,-0.04839635628836363,0,-0.048085275037025865,0
1914,8,2.0,0.03081169375053914,-1.4520207349505065,0.029407312095392976,-16.63827948353128,0,-35.6882641763118,0,-28.626840049365086,0,-35.838329893613306,0
1915,4,2.0,0.0003948890116434983,-0.014301865063471883,0.004626291166655426,-3.300257956083755e-05,0,-3.718529796553627e-05,0,-3.487323630149003e-05,0,-3.725664853279978e-05,0
1916,2,2.0,0.009921342787410347,-0.01529192819464911,0.45181040000857875,-0.0001259626506888214,0,-0.0001236467716490793,0,-0.0001259626506888214,0,-0.00012230053429827684,0
1917,2,1.0,0.0010914203282553227,-0.1532485528005961,1.485498292537669,-0.006172263819477617,0,-0.006231713046492755,0,-0.006172263819477617,0,-0.00548367298031855,0
1918,4,2.0,0.007289996606391416,-0.04303157609483807,0.006754339632325343,-0.08099197249573287,0,-0.0777478914902825,0,-0.07802796668063136,0,-0.08845048594209934,0
1919,4,2.0,0.001498644253078847,-0.1747562193270163,0.04328991257779912,-0.03220077852070358,0,-0.06919874976838747,0,-0.06453551883702574,0,-0.08343443008331386,0
1920,8,1.0,0.000406949616060463,-0.17942184940726336,0.25890656513998195,-0.018358108351177273,0,-0.009270718114120391,0,-0.005873539246366646,0,-0.01119847805861398,0
1921,8,2.0,0.0006982714904671142,-4.94077603730022,0.010881096029516028,-0.2708407116685976,0,-0.2651243221412187,0,-0.26509965250397727,0,-0.2822668897101721,0
1922,7,2.0,0.000871123492913316,-1.8342128496282304,4.825795446938726,-0.311501284985614,0,-0.3237867005688296,0,-0.3238739758689608,0,-0.3394897227516679,0
1923,8,1.0,0.002232703284399802,-0.12487462148926574,0.37373722687748234,-0.012065397076912258,0,-0.020441841144786616,0,-0.017659340384751428,0,-0.02044119747728382,0
1924,4,1.0,0.011852531119770525,-0.7027095346230349,0.5506768850087556,-0.3663592244734325,0,-0.39135688757562953,0,-0.3663503394137102,0,-0.3949748921666831,0
1925,4,2.0,0.0006187385769186211,-0.2342861258968682,0.00497736268929229,-0.16701988734523443,0,-0.14766059645350982,0,-0.15268438658867733,0,-0.20354277072415705,0
1926,8,2.0,0.0011494818075358036,-0.315875557781693,0.03932293499031758,-0.0012609526355273903,0,-0.0012607654421914471,0,-0.0012608063279930803,0,-0.0012611903080179676,0
1927,6,1.0,0.0018698462184928977,-0.9957390735004996,0.8885220857530137,-0.03217979359447487,0,-0.12766666603513732,0,-0.18851784949050987,0,-0.14566937164361066,0
1928,5,1.0,0.014581361157194283,-0.8355499931527967,0.01075892393855787,-0.3850432259952541,0,-1.2143501840274311,0,-0.9144983088213365,0,-1.7195265694871367,0
1929,5,2.0,0.011440763093221316,-0.7235560874396973,0.08397586648257845,-0.22884101317876704,0,-0.2556899676458064,0,-0.2608284622356929,0,-0.3124118023469906,0
1930,2,2.0,0.0025600425162624514,-0.0903003775963091,2.5421063219625295,-0.0015114292212235654,0,-0.0015327710701872556,0,-0.0015114292212235654,0,-0.001417180278895132,0
1931,6,1.0,0.0008083868788245856,-0.3246785155624073,0.0039989849652359594,-0.0004359201395711665,0,-0.0004297218218560772,0,-0.00042971866430008276,0,-0.0004532427129415595,0
1932,2,2.0,0.0021224608680737375,-6.9045568374530255,6.307914565709165,-1.8407366456136858,0,-1.8930285920745962,0,-1.8407366456136858,0,-1.4645204370707416,0
1933,6,2.0,0.009431169457054184,-0.016267979398080366,0.4291551726576046,-0.00022230741728697812,0,-0.00022151017234420562,0,-0.00022160520430366637,0,-0.0002227682187189063,0
1934,7,1.0,0.0008079629144177381,-0.02207295722399049,0.006596368088827964,-0.00014413351195068091,0,-8.128045616083435e-05,0,-8.229085651592638e-05,0,-0.00018482416698194226,0
1935,7,1.0,0.006199469549247471,-0.4129455565823187,0.02588346376607086,-0.03019660604187413,0,-0.15053042519913928,0,-0.11540388480263664,0,-0.3467570487600904,0
1936,7,1.0,0.007525211216946021,-0.4836695673950131,0.7168859993964979,-0.1339792794357349,0,-0.16095640460046942,0,-0.1546706550992194,0,-0.16186444497339741,0
1937,4,1.0,0.00036170681236634704,-7.4392495158348195,0.010138747731199748,-9.302822841774287,0,-9.468273081501593,0,-9.281369680045373,0,-9.489774205480444,0
1938,6,2.0,0.0006788246508587566,-1.0102864016790163,0.020003909018685356,-0.24530706875698982,0,-0.32454326728532834,0,-0.34132885568297766,0,-0.34265225819375544,0
1939,3,2.0,0.0009746059071684569,-0.4509656819966444,0.0014779967439026585,-13.134929073059197,0,-12.975107814348597,0,-12.700016444689922,0,-14.991704341682663,0
1940,7,1.0,0.01729906872368183,-0.5286764969771943,0.332098925114182,-0.2787087533745428,0,-0.41199918331208346,0,-0.4184923459762588,0,-0.4207192391535011,0
1941,2,1.0,0.004462560201217558,-0.015112656022253397,0.03257374161890942,-0.003053947557605591,0,-0.0031135347836702995,0,-0.003053947557605591,0,-0.003457894671995742,0
1942,4,1.0,0.0009576102362209486,-0.2554436737471571,0.5333365801568667,-0.03012408964248576,0,-0.014538628023889076,0,-0.025514045539695093,0,-0.04482111283043925,0
1943,8,1.0,0.0007945425750915232,-0.5408681018130836,0.14126342437892325,-0.011701728553487056,0,-0.023109274086843934,0,-0.019263026782695647,0,-0.03818170123010989,0
1944,4,1.0,0.0006444767796699226,-5.9346210447558505,7.512153463718293,-0.18593803485966776,0,-0.1839135522990505,0,-0.1839338169610505,0,-0.19096342733353833,0
1945,8,2.0,0.016311342648552215,-0.47209980547754904,1.4159046296616389,-0.003525188490804493,0,-0.04576020047817008,0,-0.025459143169105247,0,-0.0462505671705751,0
1946,5,1.0,0.002051812506585452,-0.03175890291732122,0.002717028645197244,-0.0005999534932827622,0,-0.00456177302971969,0,-0.0008135070391896981,0,-0.005075744680764549,0
1947,7,1.0,0.004403102774116198,-1.2617050710563136,3.0094200668652626,-0.26150120855701725,0,-0.2628086691577687,0,-0.2630113891031506,0,-0.2637588053070645,0
1948,2,2.0,0.0009276035770989599,-0.020784346759701342,6.692708884266167,-5.405510959621686e-06,0,-5.407001227907713e-06,0,-5.405510959621686e-06,0,-5.313293966080043e-06,0
1949,2,2.0,0.020556449099234743,-0.19335857087217506,1.5574541621304068,-0.011862482935525977,0,-0.011921491237580307,0,-0.011862482935525977,0,-0.011862322051515823,0
1950,4,2.0,0.001632573922760248,-0.017481489461892947,0.04333540087471801,-0.0012608854544674621,0,-0.0010212625262122038,0,-0.0010539831278605946,0,-0.0012809639902837855,0
1951,3,1.0,0.010737904164362455,-0.14799187904465747,0.0025462316691020684,-0.0018270459782003812,0,-0.0024013627024652706,0,-0.0022088342291546326,0,-0.002622697132784957,0
1952,5,2.0,0.0034660528856437925,-7.169665754695319,0.001122164818835935,-0.902520789521077,0,-1.3110809150566638,0,-1.1449067131725315,0,-2.336701418611483,0
1953,8,2.0,0.008082780199417026,-9.463508398856673,0.5348565410288568,-82.75514802226904,0,-83.04900076354907,0,-83.0847164637987,0,-83.12272709092395,0
1954,3,1.0,0.000828210011697968,-0.03941126703963094,2.282625283497284,-0.0003345979815629068,0,-0.0003338440956597913,0,-0.0003341055951677985,0,-0.00033628903569031543,0
1955,2,1.0,0.0019408557536962556,-0.023559592805765528,0.0377740017868639,-0.0029292747973915607,0,-0.0029350271316894404,0,-0.0029292747973915607,0,-0.002914949658273329,0
1956,3,2.0,0.007912432591129892,-0.40668087180261314,0.0018174833668582564,-1.2818129389978665,0,-8.924589431781563,0,-1.9504647431922635,0,-23.050542630096096,0
1957,3,2.0,0.000317267602673711,-0.08649772545002804,0.19296381781884878,-0.0003200898991039987,0,-0.0003204843383907696,0,-0.00032048282271798095,0,-0.00032049623606052874,0
1958,2,2.0,0.004096796545025044,-6.762834649362829,0.014551764209757243,-9.051142448366363,0,-9.051599860064698,0,-9.051142448366363,0,-9.051065120056819,0
1959,4,2.0,0.006038462717624761,-8.76052161257469,0.006882344943472599,-20.465589998969335,0,-35.48083919370947,0,-20.42544109093069,0,-47.77941654230017,0
1960,4,1.0,0.013173478221607748,-0.11520840324763461,0.4179212291029689,-0.0004324081744049423,0,-0.0019377573599260647,0,-0.0022911184786668214,0,-0.005936607013782822,0
1961,7,1.0,0.005662179577070291,-2.7966926824987723,0.3739619388132471,-0.31014101065828825,0,-5.228156825429427,0,-0.5589743229990205,0,-5.2140333341237515,0
1962,4,2.0,0.0035359262958862673,-0.4134657577285965,0.004238205223230682,-0.0041381233944264295,0,-0.003044466194381812,0,-0.004211932782993699,0,-0.007314524869894257,0
1963,5,1.0,0.004358619986339334,-3.4977458876267185,0.7315528529110075,-1.244264863872555,0,-7.248595702234391,0,-1.5431049735589557,0,-7.979917203515217,0
1964,7,1.0,0.02676294727083358,-0.02210156417949878,0.0430406684284562,-0.0001805759682880579,0,-0.0052770122196186785,0,-0.005002266371049591,0,-0.005598020876392654,0
1965,5,1.0,0.0006631460691987396,-0.857069216520573,0.013895128869487369,-0.006318562924530369,0,-0.006457517059498485,0,-0.006545011797076228,0,-0.00678018933066582,0
1966,2,2.0,0.00047123819855837945,-2.5432209376636288,8.311102467236719,-0.16862308725430572,0,-0.16866994337952956,0,-0.16862308725430572,0,-0.1341898392118661,0
1967,6,2.0,0.0007184737196254021,-0.013835494150883346,0.003856825671734209,-0.0008192436592215947,0,-0.0008188769631373924,0,-0.0008188564033158562,0,-0.0008202221220866696,0
1968,6,2.0,0.0009095817875661703,-3.9386297614295076,9.763599461203896,-0.7864193916004218,0,-0.7865541227215657,0,-0.7867049905174083,0,-0.7867922729062263,0
1969,4,1.0,0.0012913630024875477,-0.09357832371026784,0.034287736606320895,-0.023482430665217366,0,-0.029795612577911815,0,-0.03486573093132192,0,-0.048869102048168356,0
1970,4,1.0,0.0010739766872446376,-0.09478326386616688,0.18180189501255775,-0.003353064259032982,0,-0.00428916634261604,0,-0.004384647080990376,0,-0.0012834157815799184,0
1971,3,1.0,0.0010424709589145775,-4.551496967505923,1.5612899983628452,-6.5442210326834065,0,-6.556160141007771,0,-6.556581256022798,0,-6.564836195804428,0
1972,7,2.0,0.0037579544541425257,-0.05468328307754645,0.3407662465039953,-0.0023099597376663103,0,-0.004314888459013297,0,-0.004218348808070259,0,-0.00434711491300871,0
1973,7,1.0,0.00038628730138846857,-2.6811183003240635,0.348845645503644,-0.3621660559555675,0,-0.7460603167383493,0,-0.4779044104499146,0,-0.7535919258618655,0
1974,2,1.0,0.01137746962694109,-0.7068698961112645,0.1986165692041642,-0.7090069606101869,0,-0.7789887287205137,0,-0.7090069606101869,0,-0.40708340360994244,0
1975,7,1.0,0.00045085062320171455,-0.025707898696887565,2.9469496619791555,-9.612506171907308e-05,0,-9.697456333327835e-05,0,-9.699121705767211e-05,0,-9.704670877509556e-05,0
1976,5,1.0,0.0003962609691466641,-5.430906666308034,0.10661706019064103,-21.40441538684952,0,-13.06740725790678,0,-12.413179540105943,0,-42.97560371715477,0
1977,2,1.0,0.015747522090408424,-3.9369517614903713,0.00458296382843932,-1162.6099509481692,0,-1293.5414293410997,0,-1162.6099509481692,0,-1094.7954149839434,0
1978,2,1.0,0.03088665372571167,-0.0375720408917651,0.2952811693388356,-0.0007921917117359846,0,-0.0023528047768012063,0,-0.0007921917117359846,0,-0.0021580050879247106,0
1979,8,1.0,0.028437181536584064,-0.02542921272060255,0.016177449291300317,-0.012839792391325398,0,-0.019797007612713698,0,-0.019643531949808037,0,-0.01979567705294011,0
1980,3,2.0,0.007795284289526862,-0.9730622365111186,0.007989358039274799,-0.6200277168950521,0,-0.6165275044415282,0,-0.6184477197018339,0,-0.5728479518846612,0
1981,5,2.0,0.006214037103960101,-1.7213043645602073,0.22966340995993303,-4.039460465396266,0,-6.02487392034284,0,-4.296960712743968,0,-6.2600113686462135,0
1982,7,2.0,0.0015448519098886747,-0.6154467008807252,0.02949856798485274,-0.01586378541483846,0,-0.42587992254427043,0,-0.31306594745163263,0,-0.6103243290617559,0
1983,7,1.0,0.024140533349728658,-0.09095472894158065,0.013119201917410974,-0.005426577388572107,0,-0.31222469087478455,0,-0.15039930249783123,0,-0.3151571252384747,0
1984,3,1.0,0.0004084546262777458,-3.079809376055973,0.23968510333801737,-0.05737901482255481,0,-0.05737851440171582,0,-0.05737851374960812,0,-0.05735391273291768,0
1985,7,1.0,0.01387369433695129,-0.2601238752061466,0.1568994025132914,-0.19604712526019308,0,-0.20412956025863807,0,-0.2001363375245627,0,-0.20680147249769823,0
1986,8,1.0,0.0004654071981259268,-0.03717235971784006,0.16868497404100616,-3.8752080917634976e-05,0,-4.83965950100855e-05,0,-4.042029369704433e-05,0,-6.822977341344738e-05,0
1987,8,2.0,0.005638469473561085,-0.026772860343098285,2.0756958095821396,-1.2290604992176425e-05,0,-3.917284683573166e-05,0,-3.126741804101215e-05,0,-3.953932529223236e-05,0
1988,8,2.0,0.00742085293586668,-9.090477358488037,6.802029803333213,-5.879326601149965,0,-6.074364336143459,0,-6.063094250126988,0,-6.074415777464275,0
1989,4,1.0,0.004586162163298502,-0.544229066250359,0.0023082275308298128,-4.965772037092137,0,-5.6104078056137965,0,-2.8688051859527306,0,-31.986940394767913,0
1990,8,1.0,0.0006976322572887092,-0.14027013426627652,9.023141742584988,-0.0004378149204600462,0,-0.0009717736961478427,0,-0.0005321352994222147,0,-0.000981166684456671,0
1991,7,2.0,0.021578795403169794,-7.894031705678249,0.5255428547656461,-47.45859852018744,0,-56.90972609124042,0,-52.12209646360001,0,-58.29677728833899,0
1992,7,2.0,0.020754216860339653,-1.0343750999191155,0.8405649783237161,-0.5266639829523461,0,-0.5047762485175258,0,-0.5050273955778989,0,-0.5644747982700766,0
1993,8,2.0,0.007321829510157658,-4.060777739087012,0.12457422612379494,-1.7082670335722696,0,-28.61549534892754,0,-6.614097976910848,0,-28.511062192891394,0
1994,6,2.0,0.00046385985274960417,-0.01544769413121587,0.008055704272598316,-0.00010060099820740492,0,-8.90065644703307e-05,0,-8.899146506551395e-05,0,-9.897628705095828e-05,0
1995,2,1.0,0.004159188738513618,-0.06550879008055067,0.24683725179801913,-0.0003300030828722392,0,-0.0003403399639001041,0,-0.0003300030828722392,0,0.0003320282884589319,1
1996,5,2.0,0.02040664396591902,-0.010464126979501002,0.028422455307083948,-9.849741327799962e-05,0,-0.0007448567631321238,0,-0.0002193460386139298,0,-0.0007442708249128297,0
1997,3,1.0,0.02583671369658425,-0.15642403705674046,2.944816810695256,-0.003255033087688668,0,-0.004152641281541019,0,-0.0034976155702433945,0,-0.004154495567449199,0
1998,4,2.0,0.0004895022944708843,-1.3913070766526556,0.004796904014775085,-0.5527459796313394,0,-0.5529227360251809,0,-0.5528180589204794,0,-0.5534394249918364,0
1999,4,1.0,0.0017444137322266753,-0.03470981630983554,0.5457517216691552,-0.0005327792650270758,0,-0.0005523637024521522,0,-0.0005553938665154843,0,-0.0007788743533337823,0
