step,t,body_idx,name,kind,px,py,pz,qw,qx,qy,qz,vx,vy,vz,wx,wy,wz
0,0.000000,1,plate_0,plate,-0.320000,0.041000,-0.280000,1.000000,0.000000,0.000000,0.000000,0.000000,0.000000,0.000000,0.000000,0.000000,0.000000
0,0.000000,2,fork_0,fork,-0.450000,0.036000,-0.280000,0.707107,0.000000,0.707107,0.000000,0.000000,0.000000,0.000000,0.000000,0.000000,0.000000
0,0.000000,3,knife_0,knife,-0.190000,0.036000,-0.280000,0.707107,0.000000,0.707107,0.000000,0.000000,0.000000,0.000000,0.000000,0.000000,0.000000
0,0.000000,4,plate_1,plate,-0.320000,0.041000,0.280000,1.000000,0.000000,0.000000,0.000000,0.000000,0.000000,0.000000,0.000000,0.000000,0.000000
0,0.000000,5,fork_1,fork,-0.190000,0.036000,0.280000,0.707107,0.000000,0.707107,0.000000,0.000000,0.000000,0.000000,0.000000,0.000000,0.000000
0,0.000000,6,knife_1,knife,-0.450000,0.036000,0.280000,0.707107,0.000000,0.707107,0.000000,0.000000,0.000000,0.000000,0.000000,0.000000,0.000000
0,0.000000,7,plate_2,plate,0.320000,0.041000,-0.280000,1.000000,0.000000,0.000000,0.000000,0.000000,0.000000,0.000000,0.000000,0.000000,0.000000
0,0.000000,8,fork_2,fork,0.190000,0.036000,-0.280000,0.707107,0.000000,0.707107,0.000000,0.000000,0.000000,0.000000,0.000000,0.000000,0.000000
0,0.000000,9,knife_2,knife,0.450000,0.036000,-0.280000,0.707107,0.000000,0.707107,0.000000,0.000000,0.000000,0.000000,0.000000,0.000000,0.000000
0,0.000000,10,plate_3,plate,0.320000,0.041000,0.280000,1.000000,0.000000,0.000000,0.000000,0.000000,0.000000,0.000000,0.000000,0.000000,0.000000
0,0.000000,11,fork_3,fork,0.450000,0.036000,0.280000,0.707107,0.000000,0.707107,0.000000,0.000000,0.000000,0.000000,0.000000,0.000000,0.000000
0,0.000000,12,knife_3,knife,0.190000,0.036000,0.280000,0.707107,0.000000,0.707107,0.000000,0.000000,0.000000,0.000000,0.000000,0.000000,0.000000
0,0.000000,13,candle_0,candle,-0.500000,0.076000,-0.450000,1.000000,0.000000,0.000000,0.000000,0.000000,0.000000,0.000000,0.000000,0.000000,0.000000
0,0.000000,14,candle_1,candle,-0.500000,0.076000,0.450000,1.000000,0.000000,0.000000,0.000000,0.000000,0.000000,0.000000,0.000000,0.000000,0.000000
0,0.000000,15,candle_2,candle,0.500000,0.076000,-0.450000,1.000000,0.000000,0.000000,0.000000,0.000000,0.000000,0.000000,0.000000,0.000000,0.000000
0,0.000000,16,candle_3,candle,0.500000,0.076000,0.450000,1.000000,0.000000,0.000000,0.000000,0.000000,0.000000,0.000000,0.000000,0.000000,0.000000
0,0.000000,17,pot,pot,0.000000,0.595000,0.000000,1.000000,0.000000,0.000000,0.000000,0.000000,0.000000,0.000000,0.000000,0.000000,0.000000
5,0.005000,1,plate_0,plate,-0.320000,0.040873,-0.280000,1.000000,0.000000,0.000000,0.000000,0.000000,-0.048637,0.000000,0.000000,0.000000,0.000000
5,0.005000,2,fork_0,fork,-0.450000,0.035891,-0.280000,0.707107,-0.000000,0.707107,-0.000000,0.000000,-0.044316,0.000000,0.000000,0.000000,0.000000
5,0.005000,3,knife_0,knife,-0.190000,0.035891,-0.280000,0.707107,-0.000000,0.707107,-0.000000,0.000000,-0.044316,0.000000,0.000000,0.000000,0.000000
5,0.005000,4,plate_1,plate,-0.320000,0.040873,0.280000,1.000000,0.000000,0.000000,0.000000,0.000000,-0.048637,0.000000,0.000000,0.000000,0.000000
5,0.005000,5,fork_1,fork,-0.190000,0.035891,0.280000,0.707107,-0.000000,0.707107,-0.000000,0.000000,-0.044316,0.000000,0.000000,0.000000,0.000000
5,0.005000,6,knife_1,knife,-0.450000,0.035891,0.280000,0.707107,-0.000000,0.707107,-0.000000,0.000000,-0.044316,0.000000,0.000000,0.000000,0.000000
5,0.005000,7,plate_2,plate,0.320000,0.040873,-0.280000,1.000000,0.000000,0.000000,0.000000,0.000000,-0.048637,0.000000,0.000000,0.000000,0.000000
5,0.005000,8,fork_2,fork,0.190000,0.035891,-0.280000,0.707107,-0.000000,0.707107,-0.000000,0.000000,-0.044316,0.000000,0.000000,0.000000,0.000000
5,0.005000,9,knife_2,knife,0.450000,0.035891,-0.280000,0.707107,-0.000000,0.707107,-0.000000,0.000000,-0.044316,0.000000,0.000000,0.000000,0.000000
5,0.005000,10,plate_3,plate,0.320000,0.040873,0.280000,1.000000,0.000000,0.000000,0.000000,0.000000,-0.048637,0.000000,0.000000,0.000000,0.000000
5,0.005000,11,fork_3,fork,0.450000,0.035891,0.280000,0.707107,-0.000000,0.707107,-0.000000,0.000000,-0.044316,0.000000,0.000000,0.000000,0.000000
5,0.005000,12,knife_3,knife,0.190000,0.035891,0.280000,0.707107,-0.000000,0.707107,-0.000000,0.000000,-0.044316,0.000000,0.000000,0.000000,0.000000
5,0.005000,13,candle_0,candle,-0.500000,0.075878,-0.450000,1.000000,0.000000,0.000000,0.000000,0.000000,-0.047386,0.000000,0.000000,0.000000,0.000000
5,0.005000,14,candle_1,candle,-0.500000,0.075878,0.450000,1.000000,0.000000,0.000000,0.000000,0.000000,-0.047386,0.000000,0.000000,0.000000,0.000000
5,0.005000,15,candle_2,candle,0.500000,0.075878,-0.450000,1.000000,0.000000,0.000000,0.000000,0.000000,-0.047386,0.000000,0.000000,0.000000,0.000000
5,0.005000,16,candle_3,candle,0.500000,0.075878,0.450000,1.000000,0.000000,0.000000,0.000000,0.000000,-0.047386,0.000000,0.000000,0.000000,0.000000
5,0.005000,17,pot,pot,0.000000,0.594875,0.000000,1.000000,0.000000,0.000000,0.000000,0.000000,-0.047684,0.000000,0.000000,0.000000,0.000000
10,0.010000,1,plate_0,plate,-0.320000,0.040501,-0.280000,1.000000,0.000000,0.000000,-0.000000,0.000000,-0.097513,0.000000,0.000000,0.000000,0.000000
10,0.010000,2,fork_0,fork,-0.450000,0.035544,-0.280000,0.707107,-0.000000,0.707107,-0.000000,0.000000,-0.092298,0.000000,0.000000,0.000000,0.000000
10,0.010000,3,knife_0,knife,-0.190000,0.035544,-0.280000,0.707107,-0.000000,0.707107,-0.000000,0.000000,-0.092298,0.000000,0.000000,0.000000,0.000000
10,0.010000,4,plate_1,plate,-0.320000,0.040501,0.280000,1.000000,0.000000,0.000000,-0.000000,0.000000,-0.097513,0.000000,0.000000,0.000000,0.000000
10,0.010000,5,fork_1,fork,-0.190000,0.035544,0.280000,0.707107,-0.000000,0.707107,-0.000000,0.000000,-0.092298,0.000000,0.000000,0.000000,0.000000
10,0.010000,6,knife_1,knife,-0.450000,0.035544,0.280000,0.707107,-0.000000,0.707107,-0.000000,0.000000,-0.092298,0.000000,0.000000,0.000000,0.000000
10,0.010000,7,plate_2,plate,0.320000,0.040501,-0.280000,1.000000,0.000000,0.000000,-0.000000,0.000000,-0.097513,0.000000,0.000000,0.000000,0.000000
10,0.010000,8,fork_2,fork,0.190000,0.035544,-0.280000,0.707107,-0.000000,0.707107,-0.000000,0.000000,-0.092298,0.000000,0.000000,0.000000,0.000000
10,0.010000,9,knife_2,knife,0.450000,0.035544,-0.280000,0.707107,-0.000000,0.707107,-0.000000,0.000000,-0.092298,0.000000,0.000000,0.000000,0.000000
10,0.010000,10,plate_3,plate,0.320000,0.040501,0.280000,1.000000,0.000000,0.000000,-0.000000,0.000000,-0.097513,0.000000,0.000000,0.000000,0.000000
10,0.010000,11,fork_3,fork,0.450000,0.035544,0.280000,0.707107,-0.000000,0.707107,-0.000000,0.000000,-0.092298,0.000000,0.000000,0.000000,0.000000
10,0.010000,12,knife_3,knife,0.190000,0.035544,0.280000,0.707107,-0.000000,0.707107,-0.000000,0.000000,-0.092298,0.000000,0.000000,0.000000,0.000000
10,0.010000,13,candle_0,candle,-0.500000,0.075514,-0.450000,1.000000,0.000000,0.000000,0.000000,0.000000,-0.095665,0.000000,0.000000,0.000000,0.000000
10,0.010000,14,candle_1,candle,-0.500000,0.075514,0.450000,1.000000,0.000000,0.000000,0.000000,0.000000,-0.095665,0.000000,0.000000,0.000000,0.000000
10,0.010000,15,candle_2,candle,0.500000,0.075514,-0.450000,1.000000,0.000000,0.000000,0.000000,0.000000,-0.095665,0.000000,0.000000,0.000000,0.000000
10,0.010000,16,candle_3,candle,0.500000,0.075514,0.450000,1.000000,0.000000,0.000000,0.000000,0.000000,-0.095665,0.000000,0.000000,0.000000,0.000000
10,0.010000,17,pot,pot,0.000000,0.594511,0.000000,1.000000,0.000000,0.000000,0.000000,0.000000,-0.095367,0.000000,0.000000,0.000000,0.000000
15,0.015000,1,plate_0,plate,-0.320000,0.040007,-0.280000,1.000000,0.000000,0.000000,-0.000000,0.000000,0.019550,0.000000,0.000000,0.000000,0.000000
15,0.015000,2,fork_0,fork,-0.450000,0.035003,-0.280000,0.707107,-0.000000,0.707107,-0.000000,0.000000,0.013337,0.000000,0.000000,0.000000,0.000000
15,0.015000,3,knife_0,knife,-0.190000,0.035003,-0.280000,0.707107,-0.000000,0.707107,-0.000000,0.000000,0.013337,0.000000,0.000000,0.000000,0.000000
15,0.015000,4,plate_1,plate,-0.320000,0.040007,0.280000,1.000000,0.000000,0.000000,-0.000000,0.000000,0.019550,0.000000,0.000000,0.000000,0.000000
15,0.015000,5,fork_1,fork,-0.190000,0.035003,0.280000,0.707107,-0.000000,0.707107,-0.000000,0.000000,0.013337,0.000000,0.000000,0.000000,0.000000
15,0.015000,6,knife_1,knife,-0.450000,0.035003,0.280000,0.707107,-0.000000,0.707107,-0.000000,0.000000,0.013337,0.000000,0.000000,0.000000,0.000000
15,0.015000,7,plate_2,plate,0.320000,0.040007,-0.280000,1.000000,0.000000,0.000000,-0.000000,0.000000,0.019550,0.000000,0.000000,0.000000,0.000000
15,0.015000,8,fork_2,fork,0.190000,0.035003,-0.280000,0.707107,-0.000000,0.707107,-0.000000,0.000000,0.013337,0.000000,0.000000,0.000000,0.000000
15,0.015000,9,knife_2,knife,0.450000,0.035003,-0.280000,0.707107,-0.000000,0.707107,-0.000000,0.000000,0.013337,0.000000,0.000000,0.000000,0.000000
15,0.015000,10,plate_3,plate,0.320000,0.040007,0.280000,1.000000,0.000000,0.000000,-0.000000,0.000000,0.019550,0.000000,0.000000,0.000000,0.000000
15,0.015000,11,fork_3,fork,0.450000,0.035003,0.280000,0.707107,-0.000000,0.707107,-0.000000,0.000000,0.013337,0.000000,0.000000,0.000000,0.000000
15,0.015000,12,knife_3,knife,0.190000,0.035003,0.280000,0.707107,-0.000000,0.707107,-0.000000,0.000000,0.013337,0.000000,0.000000,0.000000,0.000000
15,0.015000,13,candle_0,candle,-0.500000,0.075002,-0.450000,1.000000,0.000000,0.000000,0.000000,0.000000,0.006527,0.000000,0.000000,0.000000,0.000000
15,0.015000,14,candle_1,candle,-0.500000,0.075002,0.450000,1.000000,0.000000,0.000000,0.000000,0.000000,0.006527,0.000000,0.000000,0.000000,0.000000
15,0.015000,15,candle_2,candle,0.500000,0.075002,-0.450000,1.000000,0.000000,0.000000,0.000000,0.000000,0.006527,0.000000,0.000000,0.000000,0.000000
15,0.015000,16,candle_3,candle,0.500000,0.075002,0.450000,1.000000,0.000000,0.000000,0.000000,0.000000,0.006527,0.000000,0.000000,0.000000,0.000000
15,0.015000,17,pot,pot,0.000000,0.593909,0.000000,1.000000,0.000000,0.000000,0.000000,0.000000,-0.143051,0.000000,0.000000,0.000000,0.000000
20,0.020000,1,plate_0,plate,-0.320000,0.040000,-0.280000,1.000000,0.000000,0.000000,-0.000000,0.000000,0.000030,0.000000,0.000000,0.000000,0.000000
20,0.020000,2,fork_0,fork,-0.450000,0.035000,-0.280000,0.707107,-0.000000,0.707107,-0.000000,0.000000,-0.001431,0.000000,0.000000,0.000000,0.000000
20,0.020000,3,knife_0,knife,-0.190000,0.035000,-0.280000,0.707107,-0.000000,0.707107,-0.000000,0.000000,-0.001431,0.000000,0.000000,0.000000,0.000000
20,0.020000,4,plate_1,plate,-0.320000,0.040000,0.280000,1.000000,0.000000,0.000000,-0.000000,0.000000,0.000030,0.000000,0.000000,0.000000,0.000000
20,0.020000,5,fork_1,fork,-0.190000,0.035000,0.280000,0.707107,-0.000000,0.707107,-0.000000,0.000000,-0.001431,0.000000,0.000000,0.000000,0.000000
20,0.020000,6,knife_1,knife,-0.450000,0.035000,0.280000,0.707107,-0.000000,0.707107,-0.000000,0.000000,-0.001431,0.000000,0.000000,0.000000,0.000000
20,0.020000,7,plate_2,plate,0.320000,0.040000,-0.280000,1.000000,0.000000,0.000000,-0.000000,0.000000,0.000030,0.000000,0.000000,0.000000,0.000000
20,0.020000,8,fork_2,fork,0.190000,0.035000,-0.280000,0.707107,-0.000000,0.707107,-0.000000,0.000000,-0.001431,0.000000,0.000000,0.000000,0.000000
20,0.020000,9,knife_2,knife,0.450000,0.035000,-0.280000,0.707107,-0.000000,0.707107,-0.000000,0.000000,-0.001431,0.000000,0.000000,0.000000,0.000000
20,0.020000,10,plate_3,plate,0.320000,0.040000,0.280000,1.000000,0.000000,0.000000,-0.000000,0.000000,0.000030,0.000000,0.000000,0.000000,0.000000
20,0.020000,11,fork_3,fork,0.450000,0.035000,0.280000,0.707107,-0.000000,0.707107,-0.000000,0.000000,-0.001431,0.000000,0.000000,0.000000,0.000000
20,0.020000,12,knife_3,knife,0.190000,0.035000,0.280000,0.707107,-0.000000,0.707107,-0.000000,0.000000,-0.001431,0.000000,0.000000,0.000000,0.000000
20,0.020000,13,candle_0,candle,-0.500000,0.075000,-0.450000,1.000000,0.000000,0.000000,0.000000,0.000000,0.000000,0.000000,0.000000,0.000000,0.000000
20,0.020000,14,candle_1,candle,-0.500000,0.075000,0.450000,1.000000,0.000000,0.000000,0.000000,0.000000,0.000000,0.000000,0.000000,0.000000,0.000000
20,0.020000,15,candle_2,candle,0.500000,0.075000,-0.450000,1.000000,0.000000,0.000000,0.000000,0.000000,0.000000,0.000000,0.000000,0.000000,0.000000
20,0.020000,16,candle_3,candle,0.500000,0.075000,0.450000,1.000000,0.000000,0.000000,0.000000,0.000000,0.000000,0.000000,0.000000,0.000000,0.000000
20,0.020000,17,pot,pot,0.000000,0.593069,0.000000,1.000000,0.000000,0.000000,0.000000,0.000000,-0.190735,0.000000,0.000000,0.000000,0.000000
25,0.025000,1,plate_0,plate,-0.320000,0.040000,-0.280000,1.000000,0.000000,0.000000,-0.000000,0.000000,0.000000,0.000000,0.000000,0.000000,0.000000
25,0.025000,2,fork_0,fork,-0.450000,0.035000,-0.280000,0.707107,-0.000000,0.707107,-0.000000,0.000000,0.000000,0.000000,0.000000,0.000000,0.000000
25,0.025000,3,knife_0,knife,-0.190000,0.035000,-0.280000,0.707107,-0.000000,0.707107,-0.000000,0.000000,0.000000,0.000000,0.000000,0.000000,0.000000
25,0.025000,4,plate_1,plate,-0.320000,0.040000,0.280000,1.000000,0.000000,0.000000,-0.000000,0.000000,0.000000,0.000000,0.000000,0.000000,0.000000
25,0.025000,5,fork_1,fork,-0.190000,0.035000,0.280000,0.707107,-0.000000,0.707107,-0.000000,0.000000,0.000000,0.000000,0.000000,0.000000,0.000000
25,0.025000,6,knife_1,knife,-0.450000,0.035000,0.280000,0.707107,-0.000000,0.707107,-0.000000,0.000000,0.000000,0.000000,0.000000,0.000000,0.000000
25,0.025000,7,plate_2,plate,0.320000,0.040000,-0.280000,1.000000,0.000000,0.000000,-0.000000,0.000000,0.000000,0.000000,0.000000,0.000000,0.000000
25,0.025000,8,fork_2,fork,0.190000,0.035000,-0.280000,0.707107,-0.000000,0.707107,-0.000000,0.000000,0.000000,0.000000,0.000000,0.000000,0.000000
25,0.025000,9,knife_2,knife,0.450000,0.035000,-0.280000,0.707107,-0.000000,0.707107,-0.000000,0.000000,0.000000,0.000000,0.000000,0.000000,0.000000
25,0.025000,10,plate_3,plate,0.320000,0.040000,0.280000,1.000000,0.000000,0.000000,-0.000000,0.000000,0.000000,0.000000,0.000000,0.000000,0.000000
25,0.025000,11,fork_3,fork,0.450000,0.035000,0.280000,0.707107,-0.000000,0.707107,-0.000000,0.000000,0.000000,0.000000,0.000000,0.000000,0.000000
25,0.025000,12,knife_3,knife,0.190000,0.035000,0.280000,0.707107,-0.000000,0.707107,-0.000000,0.000000,0.000000,0.000000,0.000000,0.000000,0.000000
25,0.025000,13,candle_0,candle,-0.500000,0.075000,-0.450000,1.000000,0.000000,0.000000,0.000000,0.000000,0.000000,0.000000,0.000000,0.000000,0.000000
25,0.025000,14,candle_1,candle,-0.500000,0.075000,0.450000,1.000000,0.000000,0.000000,0.000000,0.000000,0.000000,0.000000,0.000000,0.000000,0.000000
25,0.025000,15,candle_2,candle,0.500000,0.075000,-0.450000,1.000000,0.000000,0.000000,0.000000,0.000000,0.000000,0.000000,0.000000,0.000000,0.000000
25,0.025000,16,candle_3,candle,0.500000,0.075000,0.450000,1.000000,0.000000,0.000000,0.000000,0.000000,0.000000,0.000000,0.000000,0.000000,0.000000
25,0.025000,17,pot,pot,0.000000,0.591990,0.000000,1.000000,0.000000,0.000000,0.000000,0.000000,-0.238419,0.000000,0.000000,0.000000,0.000000
30,0.030000,1,plate_0,plate,-0.320000,0.040000,-0.280000,1.000000,0.000000,0.000000,-0.000000,0.000000,0.000000,0.000000,0.000000,0.000000,0.000000
30,0.030000,2,fork_0,fork,-0.450000,0.035000,-0.280000,0.707107,-0.000000,0.707107,-0.000000,0.000000,0.000000,0.000000,0.000000,0.000000,0.000000
30,0.030000,3,knife_0,knife,-0.190000,0.035000,-0.280000,0.707107,-0.000000,0.707107,-0.000000,0.000000,0.000000,0.000000,0.000000,0.000000,0.000000
30,0.030000,4,plate_1,plate,-0.320000,0.040000,0.280000,1.000000,0.000000,0.000000,-0.000000,0.000000,0.000000,0.000000,0.000000,0.000000,0.000000
30,0.030000,5,fork_1,fork,-0.190000,0.035000,0.280000,0.707107,-0.000000,0.707107,-0.000000,0.000000,0.000000,0.000000,0.000000,0.000000,0.000000
30,0.030000,6,knife_1,knife,-0.450000,0.035000,0.280000,0.707107,-0.000000,0.707107,-0.000000,0.000000,0.000000,0.000000,0.000000,0.000000,0.000000
30,0.030000,7,plate_2,plate,0.320000,0.040000,-0.280000,1.000000,0.000000,0.000000,-0.000000,0.000000,0.000000,0.000000,0.000000,0.000000,0.000000
30,0.030000,8,fork_2,fork,0.190000,0.035000,-0.280000,0.707107,-0.000000,0.707107,-0.000000,0.000000,0.000000,0.000000,0.000000,0.000000,0.000000
30,0.030000,9,knife_2,knife,0.450000,0.035000,-0.280000,0.707107,-0.000000,0.707107,-0.000000,0.000000,0.000000,0.000000,0.000000,0.000000,0.000000
30,0.030000,10,plate_3,plate,0.320000,0.040000,0.280000,1.000000,0.000000,0.000000,-0.000000,0.000000,0.000000,0.000000,0.000000,0.000000,0.000000
30,0.030000,11,fork_3,fork,0.450000,0.035000,0.280000,0.707107,-0.000000,0.707107,-0.000000,0.000000,0.000000,0.000000,0.000000,0.000000,0.000000
30,0.030000,12,knife_3,knife,0.190000,0.035000,0.280000,0.707107,-0.000000,0.707107,-0.000000,0.000000,0.000000,0.000000,0.000000,0.000000,0.000000
30,0.030000,13,candle_0,candle,-0.500000,0.075000,-0.450000,1.000000,0.000000,0.000000,0.000000,0.000000,0.000000,0.000000,0.000000,0.000000,0.000000
30,0.030000,14,candle_1,candle,-0.500000,0.075000,0.450000,1.000000,0.000000,0.000000,0.000000,0.000000,0.000000,0.000000,0.000000,0.000000,0.000000
30,0.030000,15,candle_2,candle,0.500000,0.075000,-0.450000,1.000000,0.000000,0.000000,0.000000,0.000000,0.000000,0.000000,0.000000,0.000000,0.000000
30,0.030000,16,candle_3,candle,0.500000,0.075000,0.450000,1.000000,0.000000,0.000000,0.000000,0.000000,0.000000,0.000000,0.000000,0.000000,0.000000
30,0.030000,17,pot,pot,0.000000,0.590673,0.000000,1.000000,0.000000,0.000000,0.000000,0.000000,-0.286102,0.000000,0.000000,0.000000,0.000000
35,0.035000,1,plate_0,plate,-0.320000,0.040000,-0.280000,1.000000,0.000000,0.000000,-0.000000,0.000000,0.000000,0.000000,0.000000,0.000000,0.000000
35,0.035000,2,fork_0,fork,-0.450000,0.035000,-0.280000,0.707107,-0.000000,0.707107,-0.000000,0.000000,0.000000,0.000000,0.000000,0.000000,0.000000
35,0.035000,3,knife_0,knife,-0.190000,0.035000,-0.280000,0.707107,-0.000000,0.707107,-0.000000,0.000000,0.000000,0.000000,0.000000,0.000000,0.000000
35,0.035000,4,plate_1,plate,-0.320000,0.040000,0.280000,1.000000,0.000000,0.000000,-0.000000,0.000000,0.000000,0.000000,0.000000,0.000000,0.000000
35,0.035000,5,fork_1,fork,-0.190000,0.035000,0.280000,0.707107,-0.000000,0.707107,-0.000000,0.000000,0.000000,0.000000,0.000000,0.000000,0.000000
35,0.035000,6,knife_1,knife,-0.450000,0.035000,0.280000,0.707107,-0.000000,0.707107,-0.000000,0.000000,0.000000,0.000000,0.000000,0.000000,0.000000
35,0.035000,7,plate_2,plate,0.320000,0.040000,-0.280000,1.000000,0.000000,0.000000,-0.000000,0.000000,0.000000,0.000000,0.000000,0.000000,0.000000
35,0.035000,8,fork_2,fork,0.190000,0.035000,-0.280000,0.707107,-0.000000,0.707107,-0.000000,0.000000,0.000000,0.000000,0.000000,0.000000,0.000000
35,0.035000,9,knife_2,knife,0.450000,0.035000,-0.280000,0.707107,-0.000000,0.707107,-0.000000,0.000000,0.000000,0.000000,0.000000,0.000000,0.000000
35,0.035000,10,plate_3,plate,0.320000,0.040000,0.280000,1.000000,0.000000,0.000000,-0.000000,0.000000,0.000000,0.000000,0.000000,0.000000,0.000000
35,0.035000,11,fork_3,fork,0.450000,0.035000,0.280000,0.707107,-0.000000,0.707107,-0.000000,0.000000,0.000000,0.000000,0.000000,0.000000,0.000000
35,0.035000,12,knife_3,knife,0.190000,0.035000,0.280000,0.707107,-0.000000,0.707107,-0.000000,0.000000,0.000000,0.000000,0.000000,0.000000,0.000000
35,0.035000,13,candle_0,candle,-0.500000,0.075000,-0.450000,1.000000,0.000000,0.000000,-0.000000,0.000000,0.000000,0.000000,0.000000,0.000000,0.000000
35,0.035000,14,candle_1,candle,-0.500000,0.075000,0.450000,1.000000,0.000000,0.000000,-0.000000,0.000000,0.000000,0.000000,0.000000,0.000000,0.000000
35,0.035000,15,candle_2,candle,0.500000,0.075000,-0.450000,1.000000,0.000000,0.000000,-0.000000,0.000000,0.000000,0.000000,0.000000,0.000000,0.000000
35,0.035000,16,candle_3,candle,0.500000,0.075000,0.450000,1.000000,0.000000,0.000000,-0.000000,0.000000,0.000000,0.000000,0.000000,0.000000,0.000000
35,0.035000,17,pot,pot,0.000000,0.589117,0.000000,1.000000,0.000000,0.000000,0.000000,0.000000,-0.333786,0.000000,0.000000,0.000000,0.000000
40,0.040000,1,plate_0,plate,-0.320000,0.040000,-0.280000,1.000000,0.000000,0.000000,-0.000000,0.000000,0.000000,0.000000,0.000000,0.000000,0.000000
40,0.040000,2,fork_0,fork,-0.450000,0.035000,-0.280000,0.707107,-0.000000,0.707107,-0.000000,0.000000,0.000000,0.000000,0.000000,0.000000,0.000000
40,0.040000,3,knife_0,knife,-0.190000,0.035000,-0.280000,0.707107,-0.000000,0.707107,-0.000000,0.000000,0.000000,0.000000,0.000000,0.000000,0.000000
40,0.040000,4,plate_1,plate,-0.320000,0.040000,0.280000,1.000000,0.000000,0.000000,-0.000000,0.000000,0.000000,0.000000,0.000000,0.000000,0.000000
40,0.040000,5,fork_1,fork,-0.190000,0.035000,0.280000,0.707107,-0.000000,0.707107,-0.000000,0.000000,0.000000,0.000000,0.000000,0.000000,0.000000
40,0.040000,6,knife_1,knife,-0.450000,0.035000,0.280000,0.707107,-0.000000,0.707107,-0.000000,0.000000,0.000000,0.000000,0.000000,0.000000,0.000000
40,0.040000,7,plate_2,plate,0.320000,0.040000,-0.280000,1.000000,0.000000,0.000000,-0.000000,0.000000,0.000000,0.000000,0.000000,0.000000,0.000000
40,0.040000,8,fork_2,fork,0.190000,0.035000,-0.280000,0.707107,-0.000000,0.707107,-0.000000,0.000000,0.000000,0.000000,0.000000,0.000000,0.000000
40,0.040000,9,knife_2,knife,0.450000,0.035000,-0.280000,0.707107,-0.000000,0.707107,-0.000000,0.000000,0.000000,0.000000,0.000000,0.000000,0.000000
40,0.040000,10,plate_3,plate,0.320000,0.040000,0.280000,1.000000,0.000000,0.000000,-0.000000,0.000000,0.000000,0.000000,0.000000,0.000000,0.000000
40,0.040000,11,fork_3,fork,0.450000,0.035000,0.280000,0.707107,-0.000000,0.707107,-0.000000,0.000000,0.000000,0.000000,0.000000,0.000000,0.000000
40,0.040000,12,knife_3,knife,0.190000,0.035000,0.280000,0.707107,-0.000000,0.707107,-0.000000,0.000000,0.000000,0.000000,0.000000,0.000000,0.000000
40,0.040000,13,candle_0,candle,-0.500000,0.075000,-0.450000,1.000000,0.000000,0.000000,-0.000000,0.000000,0.000000,0.000000,0.000000,0.000000,0.000000
40,0.040000,14,candle_1,candle,-0.500000,0.075000,0.450000,1.000000,0.000000,0.000000,-0.000000,0.000000,0.000000,0.000000,0.000000,0.000000,0.000000
40,0.040000,15,candle_2,candle,0.500000,0.075000,-0.450000,1.000000,0.000000,0.000000,-0.000000,0.000000,0.000000,0.000000,0.000000,0.000000,0.000000
40,0.040000,16,candle_3,candle,0.500000,0.075000,0.450000,1.000000,0.000000,0.000000,-0.000000,0.000000,0.000000,0.000000,0.000000,0.000000,0.000000
40,0.040000,17,pot,pot,0.000000,0.587323,0.000000,1.000000,0.000000,0.000000,0.000000,0.000000,-0.381470,0.000000,0.000000,0.000000,0.000000
45,0.045000,1,plate_0,plate,-0.320000,0.040000,-0.280000,1.000000,0.000000,0.000000,-0.000000,0.000000,0.000000,0.000000,0.000000,0.000000,0.000000
45,0.045000,2,fork_0,fork,-0.450000,0.035000,-0.280000,0.707107,-0.000000,0.707107,-0.000000,0.000000,0.000000,0.000000,0.000000,0.000000,0.000000
45,0.045000,3,knife_0,knife,-0.190000,0.035000,-0.280000,0.707107,-0.000000,0.707107,-0.000000,0.000000,0.000000,0.000000,0.000000,0.000000,0.000000
45,0.045000,4,plate_1,plate,-0.320000,0.040000,0.280000,1.000000,0.000000,0.000000,-0.000000,0.000000,0.000000,0.000000,0.000000,0.000000,0.000000
45,0.045000,5,fork_1,fork,-0.190000,0.035000,0.280000,0.707107,-0.000000,0.707107,-0.000000,0.000000,0.000000,0.000000,0.000000,0.000000,0.000000
45,0.045000,6,knife_1,knife,-0.450000,0.035000,0.280000,0.707107,-0.000000,0.707107,-0.000000,0.000000,0.000000,0.000000,0.000000,0.000000,0.000000
45,0.045000,7,plate_2,plate,0.320000,0.040000,-0.280000,1.000000,0.000000,0.000000,-0.000000,0.000000,0.000000,0.000000,0.000000,0.000000,0.000000
45,0.045000,8,fork_2,fork,0.190000,0.035000,-0.280000,0.707107,-0.000000,0.707107,-0.000000,0.000000,0.000000,0.000000,0.000000,0.000000,0.000000
45,0.045000,9,knife_2,knife,0.450000,0.035000,-0.280000,0.707107,-0.000000,0.707107,-0.000000,0.000000,0.000000,0.000000,0.000000,0.000000,0.000000
45,0.045000,10,plate_3,plate,0.320000,0.040000,0.280000,1.000000,0.000000,0.000000,-0.000000,0.000000,0.000000,0.000000,0.000000,0.000000,0.000000
45,0.045000,11,fork_3,fork,0.450000,0.035000,0.280000,0.707107,-0.000000,0.707107,-0.000000,0.000000,0.000000,0.000000,0.000000,0.000000,0.000000
45,0.045000,12,knife_3,knife,0.190000,0.035000,0.280000,0.707107,-0.000000,0.707107,-0.000000,0.000000,0.000000,0.000000,0.000000,0.000000,0.000000
45,0.045000,13,candle_0,candle,-0.500000,0.075000,-0.450000,1.000000,0.000000,0.000000,-0.000000,0.000000,0.000000,0.000000,0.000000,0.000000,0.000000
45,0.045000,14,candle_1,candle,-0.500000,0.075000,0.450000,1.000000,0.000000,0.000000,-0.000000,0.000000,0.000000,0.000000,0.000000,0.000000,0.000000
45,0.045000,15,candle_2,candle,0.500000,0.075000,-0.450000,1.000000,0.000000,0.000000,-0.000000,0.000000,0.000000,0.000000,0.000000,0.000000,0.000000
45,0.045000,16,candle_3,candle,0.500000,0.075000,0.450000,1.000000,0.000000,0.000000,-0.000000,0.000000,0.000000,0.000000,0.000000,0.000000,0.000000
45,0.045000,17,pot,pot,0.000000,0.585290,0.000000,1.000000,0.000000,0.000000,0.000000,0.000000,-0.429153,0.000000,0.000000,0.000000,0.000000
50,0.050000,1,plate_0,plate,-0.320000,0.040000,-0.280000,1.000000,0.000000,0.000000,-0.000000,0.000000,0.000000,0.000000,0.000000,0.000000,0.000000
50,0.050000,2,fork_0,fork,-0.450000,0.035000,-0.280000,0.707107,-0.000000,0.707107,-0.000000,0.000000,0.000000,0.000000,0.000000,0.000000,0.000000
50,0.050000,3,knife_0,knife,-0.190000,0.035000,-0.280000,0.707107,-0.000000,0.707107,-0.000000,0.000000,0.000000,0.000000,0.000000,0.000000,0.000000
50,0.050000,4,plate_1,plate,-0.320000,0.040000,0.280000,1.000000,0.000000,0.000000,-0.000000,0.000000,0.000000,0.000000,0.000000,0.000000,0.000000
50,0.050000,5,fork_1,fork,-0.190000,0.035000,0.280000,0.707107,-0.000000,0.707107,-0.000000,0.000000,0.000000,0.000000,0.000000,0.000000,0.000000
50,0.050000,6,knife_1,knife,-0.450000,0.035000,0.280000,0.707107,-0.000000,0.707107,-0.000000,0.000000,0.000000,0.000000,0.000000,0.000000,0.000000
50,0.050000,7,plate_2,plate,0.320000,0.040000,-0.280000,1.000000,0.000000,0.000000,-0.000000,0.000000,0.000000,0.000000,0.000000,0.000000,0.000000
50,0.050000,8,fork_2,fork,0.190000,0.035000,-0.280000,0.707107,-0.000000,0.707107,-0.000000,0.000000,0.000000,0.000000,0.000000,0.000000,0.000000
50,0.050000,9,knife_2,knife,0.450000,0.035000,-0.280000,0.707107,-0.000000,0.707107,-0.000000,0.000000,0.000000,0.000000,0.000000,0.000000,0.000000
50,0.050000,10,plate_3,plate,0.320000,0.040000,0.280000,1.000000,0.000000,0.000000,-0.000000,0.000000,0.000000,0.000000,0.000000,0.000000,0.000000
50,0.050000,11,fork_3,fork,0.450000,0.035000,0.280000,0.707107,-0.000000,0.707107,-0.000000,0.000000,0.000000,0.000000,0.000000,0.000000,0.000000
50,0.050000,12,knife_3,knife,0.190000,0.035000,0.280000,0.707107,-0.000000,0.707107,-0.000000,0.000000,0.000000,0.000000,0.000000,0.000000,0.000000
50,0.050000,13,candle_0,candle,-0.500000,0.075000,-0.450000,1.000000,0.000000,0.000000,-0.000000,0.000000,0.000000,0.000000,0.000000,0.000000,0.000000
50,0.050000,14,candle_1,candle,-0.500000,0.075000,0.450000,1.000000,0.000000,0.000000,-0.000000,0.000000,0.000000,0.000000,0.000000,0.000000,0.000000
50,0.050000,15,candle_2,candle,0.500000,0.075000,-0.450000,1.000000,0.000000,0.000000,-0.000000,0.000000,0.000000,0.000000,0.000000,0.000000,0.000000
50,0.050000,16,candle_3,candle,0.500000,0.075000,0.450000,1.000000,0.000000,0.000000,-0.000000,0.000000,0.000000,0.000000,0.000000,0.000000,0.000000
50,0.050000,17,pot,pot,0.000000,0.583019,0.000000,1.000000,0.000000,0.000000,0.000000,0.000000,-0.476837,0.000000,0.000000,0.000000,0.000000
55,0.055000,1,plate_0,plate,-0.320000,0.040000,-0.280000,1.000000,0.000000,0.000000,-0.000000,0.000000,0.000000,0.000000,0.000000,0.000000,0.000000
55,0.055000,2,fork_0,fork,-0.450000,0.035000,-0.280000,0.707107,-0.000000,0.707107,-0.000000,0.000000,0.000000,0.000000,0.000000,0.000000,0.000000
55,0.055000,3,knife_0,knife,-0.190000,0.035000,-0.280000,0.707107,-0.000000,0.707107,-0.000000,0.000000,0.000000,0.000000,0.000000,0.000000,0.000000
55,0.055000,4,plate_1,plate,-0.320000,0.040000,0.280000,1.000000,0.000000,0.000000,-0.000000,0.000000,0.000000,0.000000,0.000000,0.000000,0.000000
55,0.055000,5,fork_1,fork,-0.190000,0.035000,0.280000,0.707107,-0.000000,0.707107,-0.000000,0.000000,0.000000,0.000000,0.000000,0.000000,0.000000
55,0.055000,6,knife_1,knife,-0.450000,0.035000,0.280000,0.707107,-0.000000,0.707107,-0.000000,0.000000,0.000000,0.000000,0.000000,0.000000,0.000000
55,0.055000,7,plate_2,plate,0.320000,0.040000,-0.280000,1.000000,0.000000,0.000000,-0.000000,0.000000,0.000000,0.000000,0.000000,0.000000,0.000000
55,0.055000,8,fork_2,fork,0.190000,0.035000,-0.280000,0.707107,-0.000000,0.707107,-0.000000,0.000000,0.000000,0.000000,0.000000,0.000000,0.000000
55,0.055000,9,knife_2,knife,0.450000,0.035000,-0.280000,0.707107,-0.000000,0.707107,-0.000000,0.000000,0.000000,0.000000,0.000000,0.000000,0.000000
55,0.055000,10,plate_3,plate,0.320000,0.040000,0.280000,1.000000,0.000000,0.000000,-0.000000,0.000000,0.000000,0.000000,0.000000,0.000000,0.000000
55,0.055000,11,fork_3,fork,0.450000,0.035000,0.280000,0.707107,-0.000000,0.707107,-0.000000,0.000000,0.000000,0.000000,0.000000,0.000000,0.000000
55,0.055000,12,knife_3,knife,0.190000,0.035000,0.280000,0.707107,-0.000000,0.707107,-0.000000,0.000000,0.000000,0.000000,0.000000,0.000000,0.000000
55,0.055000,13,candle_0,candle,-0.500000,0.075000,-0.450000,1.000000,0.000000,0.000000,-0.000000,0.000000,0.000000,0.000000,0.000000,0.000000,0.000000
55,0.055000,14,candle_1,candle,-0.500000,0.075000,0.450000,1.000000,0.000000,0.000000,-0.000000,0.000000,0.000000,0.000000,0.000000,0.000000,0.000000
55,0.055000,15,candle_2,candle,0.500000,0.075000,-0.450000,1.000000,0.000000,0.000000,-0.000000,0.000000,0.000000,0.000000,0.000000,0.000000,0.000000
55,0.055000,16,candle_3,candle,0.500000,0.075000,0.450000,1.000000,0.000000,0.000000,-0.000000,0.000000,0.000000,0.000000,0.000000,0.000000,0.000000
55,0.055000,17,pot,pot,0.000000,0.580510,0.000000,1.000000,0.000000,0.000000,0.000000,0.000000,-0.524521,0.000000,0.000000,0.000000,0.000000
60,0.060000,1,plate_0,plate,-0.320000,0.040000,-0.280000,1.000000,0.000000,0.000000,-0.000000,0.000000,0.000000,0.000000,0.000000,0.000000,0.000000
60,0.060000,2,fork_0,fork,-0.450000,0.035000,-0.280000,0.707107,-0.000000,0.707107,-0.000000,0.000000,0.000000,0.000000,0.000000,0.000000,0.000000
60,0.060000,3,knife_0,knife,-0.190000,0.035000,-0.280000,0.707107,-0.000000,0.707107,-0.000000,0.000000,0.000000,0.000000,0.000000,0.000000,0.000000
60,0.060000,4,plate_1,plate,-0.320000,0.040000,0.280000,1.000000,0.000000,0.000000,-0.000000,0.000000,0.000000,0.000000,0.000000,0.000000,0.000000
60,0.060000,5,fork_1,fork,-0.190000,0.035000,0.280000,0.707107,-0.000000,0.707107,-0.000000,0.000000,0.000000,0.000000,0.000000,0.000000,0.000000
60,0.060000,6,knife_1,knife,-0.450000,0.035000,0.280000,0.707107,-0.000000,0.707107,-0.000000,0.000000,0.000000,0.000000,0.000000,0.000000,0.000000
60,0.060000,7,plate_2,plate,0.320000,0.040000,-0.280000,1.000000,0.000000,0.000000,-0.000000,0.000000,0.000000,0.000000,0.000000,0.000000,0.000000
60,0.060000,8,fork_2,fork,0.190000,0.035000,-0.280000,0.707107,-0.000000,0.707107,-0.000000,0.000000,0.000000,0.000000,0.000000,0.000000,0.000000
60,0.060000,9,knife_2,knife,0.450000,0.035000,-0.280000,0.707107,-0.000000,0.707107,-0.000000,0.000000,0.000000,0.000000,0.000000,0.000000,0.000000
60,0.060000,10,plate_3,plate,0.320000,0.040000,0.280000,1.000000,0.000000,0.000000,-0.000000,0.000000,0.000000,0.000000,0.000000,0.000000,0.000000
60,0.060000,11,fork_3,fork,0.450000,0.035000,0.280000,0.707107,-0.000000,0.707107,-0.000000,0.000000,0.000000,0.000000,0.000000,0.000000,0.000000
60,0.060000,12,knife_3,knife,0.190000,0.035000,0.280000,0.707107,-0.000000,0.707107,-0.000000,0.000000,0.000000,0.000000,0.000000,0.000000,0.000000
60,0.060000,13,candle_0,candle,-0.500000,0.075000,-0.450000,1.000000,0.000000,0.000000,-0.000000,0.000000,0.000000,0.000000,0.000000,0.000000,0.000000
60,0.060000,14,candle_1,candle,-0.500000,0.075000,0.450000,1.000000,0.000000,0.000000,-0.000000,0.000000,0.000000,0.000000,0.000000,0.000000,0.000000
60,0.060000,15,candle_2,candle,0.500000,0.075000,-0.450000,1.000000,0.000000,0.000000,-0.000000,0.000000,0.000000,0.000000,0.000000,0.000000,0.000000
60,0.060000,16,candle_3,candle,0.500000,0.075000,0.450000,1.000000,0.000000,0.000000,-0.000000,0.000000,0.000000,0.000000,0.000000,0.000000,0.000000
60,0.060000,17,pot,pot,0.000000,0.577762,0.000000,1.000000,0.000000,0.000000,0.000000,0.000000,-0.572205,0.000000,0.000000,0.000000,0.000000
65,0.065000,1,plate_0,plate,-0.320000,0.040000,-0.280000,1.000000,0.000000,0.000000,-0.000000,0.000000,0.000000,0.000000,0.000000,0.000000,0.000000
65,0.065000,2,fork_0,fork,-0.450000,0.035000,-0.280000,0.707107,-0.000000,0.707107,-0.000000,0.000000,0.000000,0.000000,0.000000,0.000000,0.000000
65,0.065000,3,knife_0,knife,-0.190000,0.035000,-0.280000,0.707107,-0.000000,0.707107,-0.000000,0.000000,0.000000,0.000000,0.000000,0.000000,0.000000
65,0.065000,4,plate_1,plate,-0.320000,0.040000,0.280000,1.000000,0.000000,0.000000,-0.000000,0.000000,0.000000,0.000000,0.000000,0.000000,0.000000
65,0.065000,5,fork_1,fork,-0.190000,0.035000,0.280000,0.707107,-0.000000,0.707107,-0.000000,0.000000,0.000000,0.000000,0.000000,0.000000,0.000000
65,0.065000,6,knife_1,knife,-0.450000,0.035000,0.280000,0.707107,-0.000000,0.707107,-0.000000,0.000000,0.000000,0.000000,0.000000,0.000000,0.000000
65,0.065000,7,plate_2,plate,0.320000,0.040000,-0.280000,1.000000,0.000000,0.000000,-0.000000,0.000000,0.000000,0.000000,0.000000,0.000000,0.000000
65,0.065000,8,fork_2,fork,0.190000,0.035000,-0.280000,0.707107,-0.000000,0.707107,-0.000000,0.000000,0.000000,0.000000,0.000000,0.000000,0.000000
65,0.065000,9,knife_2,knife,0.450000,0.035000,-0.280000,0.707107,-0.000000,0.707107,-0.000000,0.000000,0.000000,0.000000,0.000000,0.000000,0.000000
65,0.065000,10,plate_3,plate,0.320000,0.040000,0.280000,1.000000,0.000000,0.000000,-0.000000,0.000000,0.000000,0.000000,0.000000,0.000000,0.000000
65,0.065000,11,fork_3,fork,0.450000,0.035000,0.280000,0.707107,-0.000000,0.707107,-0.000000,0.000000,0.000000,0.000000,0.000000,0.000000,0.000000
65,0.065000,12,knife_3,knife,0.190000,0.035000,0.280000,0.707107,-0.000000,0.707107,-0.000000,0.000000,0.000000,0.000000,0.000000,0.000000,0.000000
65,0.065000,13,candle_0,candle,-0.500000,0.075000,-0.450000,1.000000,0.000000,0.000000,-0.000000,0.000000,0.000000,0.000000,0.000000,0.000000,0.000000
65,0.065000,14,candle_1,candle,-0.500000,0.075000,0.450000,1.000000,0.000000,0.000000,-0.000000,0.000000,0.000000,0.000000,0.000000,0.000000,0.000000
65,0.065000,15,candle_2,candle,0.500000,0.075000,-0.450000,1.000000,0.000000,0.000000,-0.000000,0.000000,0.000000,0.000000,0.000000,0.000000,0.000000
65,0.065000,16,candle_3,candle,0.500000,0.075000,0.450000,1.000000,0.000000,0.000000,-0.000000,0.000000,0.000000,0.000000,0.000000,0.000000,0.000000
65,0.065000,17,pot,pot,0.000000,0.574776,0.000000,1.000000,0.000000,0.000000,0.000000,0.000000,-0.619888,0.000000,0.000000,0.000000,0.000000
70,0.070000,1,plate_0,plate,-0.320000,0.040000,-0.280000,1.000000,0.000000,0.000000,-0.000000,0.000000,0.000000,0.000000,0.000000,0.000000,0.000000
70,0.070000,2,fork_0,fork,-0.450000,0.035000,-0.280000,0.707107,-0.000000,0.707107,-0.000000,0.000000,0.000000,0.000000,0.000000,0.000000,0.000000
70,0.070000,3,knife_0,knife,-0.190000,0.035000,-0.280000,0.707107,-0.000000,0.707107,-0.000000,0.000000,0.000000,0.000000,0.000000,0.000000,0.000000
70,0.070000,4,plate_1,plate,-0.320000,0.040000,0.280000,1.000000,0.000000,0.000000,-0.000000,0.000000,0.000000,0.000000,0.000000,0.000000,0.000000
70,0.070000,5,fork_1,fork,-0.190000,0.035000,0.280000,0.707107,-0.000000,0.707107,-0.000000,0.000000,0.000000,0.000000,0.000000,0.000000,0.000000
70,0.070000,6,knife_1,knife,-0.450000,0.035000,0.280000,0.707107,-0.000000,0.707107,-0.000000,0.000000,0.000000,0.000000,0.000000,0.000000,0.000000
70,0.070000,7,plate_2,plate,0.320000,0.040000,-0.280000,1.000000,0.000000,0.000000,-0.000000,0.000000,0.000000,0.000000,0.000000,0.000000,0.000000
70,0.070000,8,fork_2,fork,0.190000,0.035000,-0.280000,0.707107,-0.000000,0.707107,-0.000000,0.000000,0.000000,0.000000,0.000000,0.000000,0.000000
70,0.070000,9,knife_2,knife,0.450000,0.035000,-0.280000,0.707107,-0.000000,0.707107,-0.000000,0.000000,0.000000,0.000000,0.000000,0.000000,0.000000
70,0.070000,10,plate_3,plate,0.320000,0.040000,0.280000,1.000000,0.000000,0.000000,-0.000000,0.000000,0.000000,0.000000,0.000000,0.000000,0.000000
70,0.070000,11,fork_3,fork,0.450000,0.035000,0.280000,0.707107,-0.000000,0.707107,-0.000000,0.000000,0.000000,0.000000,0.000000,0.000000,0.000000
70,0.070000,12,knife_3,knife,0.190000,0.035000,0.280000,0.707107,-0.000000,0.707107,-0.000000,0.000000,0.000000,0.000000,0.000000,0.000000,0.000000
70,0.070000,13,candle_0,candle,-0.500000,0.075000,-0.450000,1.000000,0.000000,0.000000,-0.000000,0.000000,0.000000,0.000000,0.000000,0.000000,0.000000
70,0.070000,14,candle_1,candle,-0.500000,0.075000,0.450000,1.000000,0.000000,0.000000,-0.000000,0.000000,0.000000,0.000000,0.000000,0.000000,0.000000
70,0.070000,15,candle_2,candle,0.500000,0.075000,-0.450000,1.000000,0.000000,0.000000,-0.000000,0.000000,0.000000,0.000000,0.000000,0.000000,0.000000
70,0.070000,16,candle_3,candle,0.500000,0.075000,0.450000,1.000000,0.000000,0.000000,-0.000000,0.000000,0.000000,0.000000,0.000000,0.000000,0.000000
70,0.070000,17,pot,pot,0.000000,0.571552,0.000000,1.000000,0.000000,0.000000,0.000000,0.000000,-0.667572,0.000000,0.000000,0.000000,0.000000
75,0.075000,1,plate_0,plate,-0.320000,0.040000,-0.280000,1.000000,0.000000,0.000000,-0.000000,0.000000,0.000000,0.000000,0.000000,0.000000,0.000000
75,0.075000,2,fork_0,fork,-0.450000,0.035000,-0.280000,0.707107,-0.000000,0.707107,-0.000000,0.000000,0.000000,0.000000,0.000000,0.000000,0.000000
75,0.075000,3,knife_0,knife,-0.190000,0.035000,-0.280000,0.707107,-0.000000,0.707107,-0.000000,0.000000,0.000000,0.000000,0.000000,0.000000,0.000000
75,0.075000,4,plate_1,plate,-0.320000,0.040000,0.280000,1.000000,0.000000,0.000000,-0.000000,0.000000,0.000000,0.000000,0.000000,0.000000,0.000000
75,0.075000,5,fork_1,fork,-0.190000,0.035000,0.280000,0.707107,-0.000000,0.707107,-0.000000,0.000000,0.000000,0.000000,0.000000,0.000000,0.000000
75,0.075000,6,knife_1,knife,-0.450000,0.035000,0.280000,0.707107,-0.000000,0.707107,-0.000000,0.000000,0.000000,0.000000,0.000000,0.000000,0.000000
75,0.075000,7,plate_2,plate,0.320000,0.040000,-0.280000,1.000000,0.000000,0.000000,-0.000000,0.000000,0.000000,0.000000,0.000000,0.000000,0.000000
75,0.075000,8,fork_2,fork,0.190000,0.035000,-0.280000,0.707107,-0.000000,0.707107,-0.000000,0.000000,0.000000,0.000000,0.000000,0.000000,0.000000
75,0.075000,9,knife_2,knife,0.450000,0.035000,-0.280000,0.707107,-0.000000,0.707107,-0.000000,0.000000,0.000000,0.000000,0.000000,0.000000,0.000000
75,0.075000,10,plate_3,plate,0.320000,0.040000,0.280000,1.000000,0.000000,0.000000,-0.000000,0.000000,0.000000,0.000000,0.000000,0.000000,0.000000
75,0.075000,11,fork_3,fork,0.450000,0.035000,0.280000,0.707107,-0.000000,0.707107,-0.000000,0.000000,0.000000,0.000000,0.000000,0.000000,0.000000
75,0.075000,12,knife_3,knife,0.190000,0.035000,0.280000,0.707107,-0.000000,0.707107,-0.000000,0.000000,0.000000,0.000000,0.000000,0.000000,0.000000
75,0.075000,13,candle_0,candle,-0.500000,0.075000,-0.450000,1.000000,0.000000,0.000000,-0.000000,0.000000,0.000000,0.000000,0.000000,0.000000,0.000000
75,0.075000,14,candle_1,candle,-0.500000,0.075000,0.450000,1.000000,0.000000,0.000000,-0.000000,0.000000,0.000000,0.000000,0.000000,0.000000,0.000000
75,0.075000,15,candle_2,candle,0.500000,0.075000,-0.450000,1.000000,0.000000,0.000000,-0.000000,0.000000,0.000000,0.000000,0.000000,0.000000,0.000000
75,0.075000,16,candle_3,candle,0.500000,0.075000,0.450000,1.000000,0.000000,0.000000,-0.000000,0.000000,0.000000,0.000000,0.000000,0.000000,0.000000
75,0.075000,17,pot,pot,0.000000,0.568089,0.000000,1.000000,0.000000,0.000000,0.000000,0.000000,-0.715256,0.000000,0.000000,0.000000,0.000000
80,0.080000,1,plate_0,plate,-0.320000,0.040000,-0.280000,1.000000,0.000000,0.000000,-0.000000,0.000000,0.000000,0.000000,0.000000,0.000000,0.000000
80,0.080000,2,fork_0,fork,-0.450000,0.035000,-0.280000,0.707107,-0.000000,0.707107,-0.000000,0.000000,0.000000,0.000000,0.000000,0.000000,0.000000
80,0.080000,3,knife_0,knife,-0.190000,0.035000,-0.280000,0.707107,-0.000000,0.707107,-0.000000,0.000000,0.000000,0.000000,0.000000,0.000000,0.000000
80,0.080000,4,plate_1,plate,-0.320000,0.040000,0.280000,1.000000,0.000000,0.000000,-0.000000,0.000000,0.000000,0.000000,0.000000,0.000000,0.000000
80,0.080000,5,fork_1,fork,-0.190000,0.035000,0.280000,0.707107,-0.000000,0.707107,-0.000000,0.000000,0.000000,0.000000,0.000000,0.000000,0.000000
80,0.080000,6,knife_1,knife,-0.450000,0.035000,0.280000,0.707107,-0.000000,0.707107,-0.000000,0.000000,0.000000,0.000000,0.000000,0.000000,0.000000
80,0.080000,7,plate_2,plate,0.320000,0.040000,-0.280000,1.000000,0.000000,0.000000,-0.000000,0.000000,0.000000,0.000000,0.000000,0.000000,0.000000
80,0.080000,8,fork_2,fork,0.190000,0.035000,-0.280000,0.707107,-0.000000,0.707107,-0.000000,0.000000,0.000000,0.000000,0.000000,0.000000,0.000000
80,0.080000,9,knife_2,knife,0.450000,0.035000,-0.280000,0.707107,-0.000000,0.707107,-0.000000,0.000000,0.000000,0.000000,0.000000,0.000000,0.000000
80,0.080000,10,plate_3,plate,0.320000,0.040000,0.280000,1.000000,0.000000,0.000000,-0.000000,0.000000,0.000000,0.000000,0.000000,0.000000,0.000000
80,0.080000,11,fork_3,fork,0.450000,0.035000,0.280000,0.707107,-0.000000,0.707107,-0.000000,0.000000,0.000000,0.000000,0.000000,0.000000,0.000000
80,0.080000,12,knife_3,knife,0.190000,0.035000,0.280000,0.707107,-0.000000,0.707107,-0.000000,0.000000,0.000000,0.000000,0.000000,0.000000,0.000000
80,0.080000,13,candle_0,candle,-0.500000,0.075000,-0.450000,1.000000,0.000000,0.000000,-0.000000,0.000000,0.000000,0.000000,0.000000,0.000000,0.000000
80,0.080000,14,candle_1,candle,-0.500000,0.075000,0.450000,1.000000,0.000000,0.000000,-0.000000,0.000000,0.000000,0.000000,0.000000,0.000000,0.000000
80,0.080000,15,candle_2,candle,0.500000,0.075000,-0.450000,1.000000,0.000000,0.000000,-0.000000,0.000000,0.000000,0.000000,0.000000,0.000000,0.000000
80,0.080000,16,candle_3,candle,0.500000,0.075000,0.450000,1.000000,0.000000,0.000000,-0.000000,0.000000,0.000000,0.000000,0.000000,0.000000,0.000000
80,0.080000,17,pot,pot,0.000000,0.564387,0.000000,1.000000,0.000000,0.000000,0.000000,0.000000,-0.762939,0.000000,0.000000,0.000000,0.000000
85,0.085000,1,plate_0,plate,-0.320000,0.040000,-0.280000,1.000000,0.000000,0.000000,-0.000000,0.000000,0.000000,0.000000,0.000000,0.000000,0.000000
85,0.085000,2,fork_0,fork,-0.450000,0.035000,-0.280000,0.707107,-0.000000,0.707107,-0.000000,0.000000,0.000000,0.000000,0.000000,0.000000,0.000000
85,0.085000,3,knife_0,knife,-0.190000,0.035000,-0.280000,0.707107,-0.000000,0.707107,-0.000000,0.000000,0.000000,0.000000,0.000000,0.000000,0.000000
85,0.085000,4,plate_1,plate,-0.320000,0.040000,0.280000,1.000000,0.000000,0.000000,-0.000000,0.000000,0.000000,0.000000,0.000000,0.000000,0.000000
85,0.085000,5,fork_1,fork,-0.190000,0.035000,0.280000,0.707107,-0.000000,0.707107,-0.000000,0.000000,0.000000,0.000000,0.000000,0.000000,0.000000
85,0.085000,6,knife_1,knife,-0.450000,0.035000,0.280000,0.707107,-0.000000,0.707107,-0.000000,0.000000,0.000000,0.000000,0.000000,0.000000,0.000000
85,0.085000,7,plate_2,plate,0.320000,0.040000,-0.280000,1.000000,0.000000,0.000000,-0.000000,0.000000,0.000000,0.000000,0.000000,0.000000,0.000000
85,0.085000,8,fork_2,fork,0.190000,0.035000,-0.280000,0.707107,-0.000000,0.707107,-0.000000,0.000000,0.000000,0.000000,0.000000,0.000000,0.000000
85,0.085000,9,knife_2,knife,0.450000,0.035000,-0.280000,0.707107,-0.000000,0.707107,-0.000000,0.000000,0.000000,0.000000,0.000000,0.000000,0.000000
85,0.085000,10,plate_3,plate,0.320000,0.040000,0.280000,1.000000,0.000000,0.000000,-0.000000,0.000000,0.000000,0.000000,0.000000,0.000000,0.000000
85,0.085000,11,fork_3,fork,0.450000,0.035000,0.280000,0.707107,-0.000000,0.707107,-0.000000,0.000000,0.000000,0.000000,0.000000,0.000000,0.000000
85,0.085000,12,knife_3,knife,0.190000,0.035000,0.280000,0.707107,-0.000000,0.707107,-0.000000,0.000000,0.000000,0.000000,0.000000,0.000000,0.000000
85,0.085000,13,candle_0,candle,-0.500000,0.075000,-0.450000,1.000000,0.000000,0.000000,-0.000000,0.000000,0.000000,0.000000,0.000000,0.000000,0.000000
85,0.085000,14,candle_1,candle,-0.500000,0.075000,0.450000,1.000000,0.000000,0.000000,-0.000000,0.000000,0.000000,0.000000,0.000000,0.000000,0.000000
85,0.085000,15,candle_2,candle,0.500000,0.075000,-0.450000,1.000000,0.000000,0.000000,-0.000000,0.000000,0.000000,0.000000,0.000000,0.000000,0.000000
85,0.085000,16,candle_3,candle,0.500000,0.075000,0.450000,1.000000,0.000000,0.000000,-0.000000,0.000000,0.000000,0.000000,0.000000,0.000000,0.000000
85,0.085000,17,pot,pot,0.000000,0.560447,0.000000,1.000000,0.000000,0.000000,0.000000,0.000000,-0.810623,0.000000,0.000000,0.000000,0.000000
90,0.090000,1,plate_0,plate,-0.320000,0.040000,-0.280000,1.000000,0.000000,0.000000,-0.000000,0.000000,0.000000,0.000000,0.000000,0.000000,0.000000
90,0.090000,2,fork_0,fork,-0.450000,0.035000,-0.280000,0.707107,-0.000000,0.707107,-0.000000,0.000000,0.000000,0.000000,0.000000,0.000000,0.000000
90,0.090000,3,knife_0,knife,-0.190000,0.035000,-0.280000,0.707107,-0.000000,0.707107,-0.000000,0.000000,0.000000,0.000000,0.000000,0.000000,0.000000
90,0.090000,4,plate_1,plate,-0.320000,0.040000,0.280000,1.000000,0.000000,0.000000,-0.000000,0.000000,0.000000,0.000000,0.000000,0.000000,0.000000
90,0.090000,5,fork_1,fork,-0.190000,0.035000,0.280000,0.707107,-0.000000,0.707107,-0.000000,0.000000,0.000000,0.000000,0.000000,0.000000,0.000000
90,0.090000,6,knife_1,knife,-0.450000,0.035000,0.280000,0.707107,-0.000000,0.707107,-0.000000,0.000000,0.000000,0.000000,0.000000,0.000000,0.000000
90,0.090000,7,plate_2,plate,0.320000,0.040000,-0.280000,1.000000,0.000000,0.000000,-0.000000,0.000000,0.000000,0.000000,0.000000,0.000000,0.000000
90,0.090000,8,fork_2,fork,0.190000,0.035000,-0.280000,0.707107,-0.000000,0.707107,-0.000000,0.000000,0.000000,0.000000,0.000000,0.000000,0.000000
90,0.090000,9,knife_2,knife,0.450000,0.035000,-0.280000,0.707107,-0.000000,0.707107,-0.000000,0.000000,0.000000,0.000000,0.000000,0.000000,0.000000
90,0.090000,10,plate_3,plate,0.320000,0.040000,0.280000,1.000000,0.000000,0.000000,-0.000000,0.000000,0.000000,0.000000,0.000000,0.000000,0.000000
90,0.090000,11,fork_3,fork,0.450000,0.035000,0.280000,0.707107,-0.000000,0.707107,-0.000000,0.000000,0.000000,0.000000,0.000000,0.000000,0.000000
90,0.090000,12,knife_3,knife,0.190000,0.035000,0.280000,0.707107,-0.000000,0.707107,-0.000000,0.000000,0.000000,0.000000,0.000000,0.000000,0.000000
90,0.090000,13,candle_0,candle,-0.500000,0.075000,-0.450000,1.000000,0.000000,0.000000,-0.000000,0.000000,0.000000,0.000000,0.000000,0.000000,0.000000
90,0.090000,14,candle_1,candle,-0.500000,0.075000,0.450000,1.000000,0.000000,0.000000,-0.000000,0.000000,0.000000,0.000000,0.000000,0.000000,0.000000
90,0.090000,15,candle_2,candle,0.500000,0.075000,-0.450000,1.000000,0.000000,0.000000,-0.000000,0.000000,0.000000,0.000000,0.000000,0.000000,0.000000
90,0.090000,16,candle_3,candle,0.500000,0.075000,0.450000,1.000000,0.000000,0.000000,-0.000000,0.000000,0.000000,0.000000,0.000000,0.000000,0.000000
90,0.090000,17,pot,pot,0.000000,0.556269,0.000000,1.000000,0.000000,0.000000,0.000000,0.000000,-0.858307,0.000000,0.000000,0.000000,0.000000
95,0.095000,1,plate_0,plate,-0.320000,0.040000,-0.280000,1.000000,0.000000,0.000000,-0.000000,0.000000,0.000000,0.000000,0.000000,0.000000,0.000000
95,0.095000,2,fork_0,fork,-0.450000,0.035000,-0.280000,0.707107,-0.000000,0.707107,-0.000000,0.000000,0.000000,0.000000,0.000000,0.000000,0.000000
95,0.095000,3,knife_0,knife,-0.190000,0.035000,-0.280000,0.707107,-0.000000,0.707107,-0.000000,0.000000,0.000000,0.000000,0.000000,0.000000,0.000000
95,0.095000,4,plate_1,plate,-0.320000,0.040000,0.280000,1.000000,0.000000,0.000000,-0.000000,0.000000,0.000000,0.000000,0.000000,0.000000,0.000000
95,0.095000,5,fork_1,fork,-0.190000,0.035000,0.280000,0.707107,-0.000000,0.707107,-0.000000,0.000000,0.000000,0.000000,0.000000,0.000000,0.000000
95,0.095000,6,knife_1,knife,-0.450000,0.035000,0.280000,0.707107,-0.000000,0.707107,-0.000000,0.000000,0.000000,0.000000,0.000000,0.000000,0.000000
95,0.095000,7,plate_2,plate,0.320000,0.040000,-0.280000,1.000000,0.000000,0.000000,-0.000000,0.000000,0.000000,0.000000,0.000000,0.000000,0.000000
95,0.095000,8,fork_2,fork,0.190000,0.035000,-0.280000,0.707107,-0.000000,0.707107,-0.000000,0.000000,0.000000,0.000000,0.000000,0.000000,0.000000
95,0.095000,9,knife_2,knife,0.450000,0.035000,-0.280000,0.707107,-0.000000,0.707107,-0.000000,0.000000,0.000000,0.000000,0.000000,0.000000,0.000000
95,0.095000,10,plate_3,plate,0.320000,0.040000,0.280000,1.000000,0.000000,0.000000,-0.000000,0.000000,0.000000,0.000000,0.000000,0.000000,0.000000
95,0.095000,11,fork_3,fork,0.450000,0.035000,0.280000,0.707107,-0.000000,0.707107,-0.000000,0.000000,0.000000,0.000000,0.000000,0.000000,0.000000
95,0.095000,12,knife_3,knife,0.190000,0.035000,0.280000,0.707107,-0.000000,0.707107,-0.000000,0.000000,0.000000,0.000000,0.000000,0.000000,0.000000
95,0.095000,13,candle_0,candle,-0.500000,0.075000,-0.450000,1.000000,0.000000,0.000000,-0.000000,0.000000,0.000000,0.000000,0.000000,0.000000,0.000000
95,0.095000,14,candle_1,candle,-0.500000,0.075000,0.450000,1.000000,0.000000,0.000000,-0.000000,0.000000,0.000000,0.000000,0.000000,0.000000,0.000000
95,0.095000,15,candle_2,candle,0.500000,0.075000,-0.450000,1.000000,0.000000,0.000000,-0.000000,0.000000,0.000000,0.000000,0.000000,0.000000,0.000000
95,0.095000,16,candle_3,candle,0.500000,0.075000,0.450000,1.000000,0.000000,0.000000,-0.000000,0.000000,0.000000,0.000000,0.000000,0.000000,0.000000
95,0.095000,17,pot,pot,0.000000,0.551852,0.000000,1.000000,0.000000,0.000000,0.000000,0.000000,-0.905991,0.000000,0.000000,0.000000,0.000000
100,0.100000,1,plate_0,plate,-0.320000,0.040000,-0.280000,1.000000,0.000000,0.000000,-0.000000,0.000000,0.000000,0.000000,0.000000,0.000000,0.000000
100,0.100000,2,fork_0,fork,-0.450000,0.035000,-0.280000,0.707107,-0.000000,0.707107,-0.000000,0.000000,0.000000,0.000000,0.000000,0.000000,0.000000
100,0.100000,3,knife_0,knife,-0.190000,0.035000,-0.280000,0.707107,-0.000000,0.707107,-0.000000,0.000000,0.000000,0.000000,0.000000,0.000000,0.000000
100,0.100000,4,plate_1,plate,-0.320000,0.040000,0.280000,1.000000,0.000000,0.000000,-0.000000,0.000000,0.000000,0.000000,0.000000,0.000000,0.000000
100,0.100000,5,fork_1,fork,-0.190000,0.035000,0.280000,0.707107,-0.000000,0.707107,-0.000000,0.000000,0.000000,0.000000,0.000000,0.000000,0.000000
100,0.100000,6,knife_1,knife,-0.450000,0.035000,0.280000,0.707107,-0.000000,0.707107,-0.000000,0.000000,0.000000,0.000000,0.000000,0.000000,0.000000
100,0.100000,7,plate_2,plate,0.320000,0.040000,-0.280000,1.000000,0.000000,0.000000,-0.000000,0.000000,0.000000,0.000000,0.000000,0.000000,0.000000
100,0.100000,8,fork_2,fork,0.190000,0.035000,-0.280000,0.707107,-0.000000,0.707107,-0.000000,0.000000,0.000000,0.000000,0.000000,0.000000,0.000000
100,0.100000,9,knife_2,knife,0.450000,0.035000,-0.280000,0.707107,-0.000000,0.707107,-0.000000,0.000000,0.000000,0.000000,0.000000,0.000000,0.000000
100,0.100000,10,plate_3,plate,0.320000,0.040000,0.280000,1.000000,0.000000,0.000000,-0.000000,0.000000,0.000000,0.000000,0.000000,0.000000,0.000000
100,0.100000,11,fork_3,fork,0.450000,0.035000,0.280000,0.707107,-0.000000,0.707107,-0.000000,0.000000,0.000000,0.000000,0.000000,0.000000,0.000000
100,0.100000,12,knife_3,knife,0.190000,0.035000,0.280000,0.707107,-0.000000,0.707107,-0.000000,0.000000,0.000000,0.000000,0.000000,0.000000,0.000000
100,0.100000,13,candle_0,candle,-0.500000,0.075000,-0.450000,1.000000,0.000000,0.000000,-0.000000,0.000000,0.000000,0.000000,0.000000,0.000000,0.000000
100,0.100000,14,candle_1,candle,-0.500000,0.075000,0.450000,1.000000,0.000000,0.000000,-0.000000,0.000000,0.000000,0.000000,0.000000,0.000000,0.000000
100,0.100000,15,candle_2,candle,0.500000,0.075000,-0.450000,1.000000,0.000000,0.000000,-0.000000,0.000000,0.000000,0.000000,0.000000,0.000000,0.000000
100,0.100000,16,candle_3,candle,0.500000,0.075000,0.450000,1.000000,0.000000,0.000000,-0.000000,0.000000,0.000000,0.000000,0.000000,0.000000,0.000000
100,0.100000,17,pot,pot,0.000000,0.547197,0.000000,1.000000,0.000000,0.000000,0.000000,0.000000,-0.953674,0.000000,0.000000,0.000000,0.000000
105,0.105000,1,plate_0,plate,-0.320000,0.040000,-0.280000,1.000000,0.000000,0.000000,-0.000000,0.000000,0.000000,0.000000,0.000000,0.000000,0.000000
105,0.105000,2,fork_0,fork,-0.450000,0.035000,-0.280000,0.707107,-0.000000,0.707107,-0.000000,0.000000,0.000000,0.000000,0.000000,0.000000,0.000000
105,0.105000,3,knife_0,knife,-0.190000,0.035000,-0.280000,0.707107,-0.000000,0.707107,-0.000000,0.000000,0.000000,0.000000,0.000000,0.000000,0.000000
105,0.105000,4,plate_1,plate,-0.320000,0.040000,0.280000,1.000000,0.000000,0.000000,-0.000000,0.000000,0.000000,0.000000,0.000000,0.000000,0.000000
105,0.105000,5,fork_1,fork,-0.190000,0.035000,0.280000,0.707107,-0.000000,0.707107,-0.000000,0.000000,0.000000,0.000000,0.000000,0.000000,0.000000
105,0.105000,6,knife_1,knife,-0.450000,0.035000,0.280000,0.707107,-0.000000,0.707107,-0.000000,0.000000,0.000000,0.000000,0.000000,0.000000,0.000000
105,0.105000,7,plate_2,plate,0.320000,0.040000,-0.280000,1.000000,0.000000,0.000000,-0.000000,0.000000,0.000000,0.000000,0.000000,0.000000,0.000000
105,0.105000,8,fork_2,fork,0.190000,0.035000,-0.280000,0.707107,-0.000000,0.707107,-0.000000,0.000000,0.000000,0.000000,0.000000,0.000000,0.000000
105,0.105000,9,knife_2,knife,0.450000,0.035000,-0.280000,0.707107,-0.000000,0.707107,-0.000000,0.000000,0.000000,0.000000,0.000000,0.000000,0.000000
105,0.105000,10,plate_3,plate,0.320000,0.040000,0.280000,1.000000,0.000000,0.000000,-0.000000,0.000000,0.000000,0.000000,0.000000,0.000000,0.000000
105,0.105000,11,fork_3,fork,0.450000,0.035000,0.280000,0.707107,-0.000000,0.707107,-0.000000,0.000000,0.000000,0.000000,0.000000,0.000000,0.000000
105,0.105000,12,knife_3,knife,0.190000,0.035000,0.280000,0.707107,-0.000000,0.707107,-0.000000,0.000000,0.000000,0.000000,0.000000,0.000000,0.000000
105,0.105000,13,candle_0,candle,-0.500000,0.075000,-0.450000,1.000000,0.000000,0.000000,-0.000000,0.000000,0.000000,0.000000,0.000000,0.000000,0.000000
105,0.105000,14,candle_1,candle,-0.500000,0.075000,0.450000,1.000000,0.000000,0.000000,-0.000000,0.000000,0.000000,0.000000,0.000000,0.000000,0.000000
105,0.105000,15,candle_2,candle,0.500000,0.075000,-0.450000,1.000000,0.000000,0.000000,-0.000000,0.000000,0.000000,0.000000,0.000000,0.000000,0.000000
105,0.105000,16,candle_3,candle,0.500000,0.075000,0.450000,1.000000,0.000000,0.000000,-0.000000,0.000000,0.000000,0.000000,0.000000,0.000000,0.000000
105,0.105000,17,pot,pot,0.000000,0.542304,0.000000,1.000000,0.000000,0.000000,0.000000,0.000000,-1.001358,0.000000,0.000000,0.000000,0.000000
110,0.110000,1,plate_0,plate,-0.320000,0.040000,-0.280000,1.000000,0.000000,0.000000,-0.000000,0.000000,0.000000,0.000000,0.000000,0.000000,0.000000
110,0.110000,2,fork_0,fork,-0.450000,0.035000,-0.280000,0.707107,-0.000000,0.707107,-0.000000,0.000000,0.000000,0.000000,0.000000,0.000000,0.000000
110,0.110000,3,knife_0,knife,-0.190000,0.035000,-0.280000,0.707107,-0.000000,0.707107,-0.000000,0.000000,0.000000,0.000000,0.000000,0.000000,0.000000
110,0.110000,4,plate_1,plate,-0.320000,0.040000,0.280000,1.000000,0.000000,0.000000,-0.000000,0.000000,0.000000,0.000000,0.000000,0.000000,0.000000
110,0.110000,5,fork_1,fork,-0.190000,0.035000,0.280000,0.707107,-0.000000,0.707107,-0.000000,0.000000,0.000000,0.000000,0.000000,0.000000,0.000000
110,0.110000,6,knife_1,knife,-0.450000,0.035000,0.280000,0.707107,-0.000000,0.707107,-0.000000,0.000000,0.000000,0.000000,0.000000,0.000000,0.000000
110,0.110000,7,plate_2,plate,0.320000,0.040000,-0.280000,1.000000,0.000000,0.000000,-0.000000,0.000000,0.000000,0.000000,0.000000,0.000000,0.000000
110,0.110000,8,fork_2,fork,0.190000,0.035000,-0.280000,0.707107,-0.000000,0.707107,-0.000000,0.000000,0.000000,0.000000,0.000000,0.000000,0.000000
110,0.110000,9,knife_2,knife,0.450000,0.035000,-0.280000,0.707107,-0.000000,0.707107,-0.000000,0.000000,0.000000,0.000000,0.000000,0.000000,0.000000
110,0.110000,10,plate_3,plate,0.320000,0.040000,0.280000,1.000000,0.000000,0.000000,-0.000000,0.000000,0.000000,0.000000,0.000000,0.000000,0.000000
110,0.110000,11,fork_3,fork,0.450000,0.035000,0.280000,0.707107,-0.000000,0.707107,-0.000000,0.000000,0.000000,0.000000,0.000000,0.000000,0.000000
110,0.110000,12,knife_3,knife,0.190000,0.035000,0.280000,0.707107,-0.000000,0.707107,-0.000000,0.000000,0.000000,0.000000,0.000000,0.000000,0.000000
110,0.110000,13,candle_0,candle,-0.500000,0.075000,-0.450000,1.000000,0.000000,0.000000,-0.000000,0.000000,0.000000,0.000000,0.000000,0.000000,0.000000
110,0.110000,14,candle_1,candle,-0.500000,0.075000,0.450000,1.000000,0.000000,0.000000,-0.000000,0.000000,0.000000,0.000000,0.000000,0.000000,0.000000
110,0.110000,15,candle_2,candle,0.500000,0.075000,-0.450000,1.000000,0.000000,0.000000,-0.000000,0.000000,0.000000,0.000000,0.000000,0.000000,0.000000
110,0.110000,16,candle_3,candle,0.500000,0.075000,0.450000,1.000000,0.000000,0.000000,-0.000000,0.000000,0.000000,0.000000,0.000000,0.000000,0.000000
110,0.110000,17,pot,pot,0.000000,0.537172,0.000000,1.000000,0.000000,0.000000,0.000000,0.000000,-1.049042,0.000000,0.000000,0.000000,0.000000
115,0.115000,1,plate_0,plate,-0.320000,0.040000,-0.280000,1.000000,0.000000,0.000000,-0.000000,0.000000,0.000000,0.000000,0.000000,0.000000,0.000000
115,0.115000,2,fork_0,fork,-0.450000,0.035000,-0.280000,0.707107,-0.000000,0.707107,-0.000000,0.000000,0.000000,0.000000,0.000000,0.000000,0.000000
115,0.115000,3,knife_0,knife,-0.190000,0.035000,-0.280000,0.707107,-0.000000,0.707107,-0.000000,0.000000,0.000000,0.000000,0.000000,0.000000,0.000000
115,0.115000,4,plate_1,plate,-0.320000,0.040000,0.280000,1.000000,0.000000,0.000000,-0.000000,0.000000,0.000000,0.000000,0.000000,0.000000,0.000000
115,0.115000,5,fork_1,fork,-0.190000,0.035000,0.280000,0.707107,-0.000000,0.707107,-0.000000,0.000000,0.000000,0.000000,0.000000,0.000000,0.000000
115,0.115000,6,knife_1,knife,-0.450000,0.035000,0.280000,0.707107,-0.000000,0.707107,-0.000000,0.000000,0.000000,0.000000,0.000000,0.000000,0.000000
115,0.115000,7,plate_2,plate,0.320000,0.040000,-0.280000,1.000000,0.000000,0.000000,-0.000000,0.000000,0.000000,0.000000,0.000000,0.000000,0.000000
115,0.115000,8,fork_2,fork,0.190000,0.035000,-0.280000,0.707107,-0.000000,0.707107,-0.000000,0.000000,0.000000,0.000000,0.000000,0.000000,0.000000
115,0.115000,9,knife_2,knife,0.450000,0.035000,-0.280000,0.707107,-0.000000,0.707107,-0.000000,0.000000,0.000000,0.000000,0.000000,0.000000,0.000000
115,0.115000,10,plate_3,plate,0.320000,0.040000,0.280000,1.000000,0.000000,0.000000,-0.000000,0.000000,0.000000,0.000000,0.000000,0.000000,0.000000
115,0.115000,11,fork_3,fork,0.450000,0.035000,0.280000,0.707107,-0.000000,0.707107,-0.000000,0.000000,0.000000,0.000000,0.000000,0.000000,0.000000
115,0.115000,12,knife_3,knife,0.190000,0.035000,0.280000,0.707107,-0.000000,0.707107,-0.000000,0.000000,0.000000,0.000000,0.000000,0.000000,0.000000
115,0.115000,13,candle_0,candle,-0.500000,0.075000,-0.450000,1.000000,0.000000,0.000000,-0.000000,0.000000,0.000000,0.000000,0.000000,0.000000,0.000000
115,0.115000,14,candle_1,candle,-0.500000,0.075000,0.450000,1.000000,0.000000,0.000000,-0.000000,0.000000,0.000000,0.000000,0.000000,0.000000,0.000000
115,0.115000,15,candle_2,candle,0.500000,0.075000,-0.450000,1.000000,0.000000,0.000000,-0.000000,0.000000,0.000000,0.000000,0.000000,0.000000,0.000000
115,0.115000,16,candle_3,candle,0.500000,0.075000,0.450000,1.000000,0.000000,0.000000,-0.000000,0.000000,0.000000,0.000000,0.000000,0.000000,0.000000
115,0.115000,17,pot,pot,0.000000,0.531801,0.000000,1.000000,0.000000,0.000000,0.000000,0.000000,-1.096725,0.000000,0.000000,0.000000,0.000000
120,0.120000,1,plate_0,plate,-0.320000,0.040000,-0.280000,1.000000,0.000000,0.000000,-0.000000,0.000000,0.000000,0.000000,0.000000,0.000000,0.000000
120,0.120000,2,fork_0,fork,-0.450000,0.035000,-0.280000,0.707107,-0.000000,0.707107,-0.000000,0.000000,0.000000,0.000000,0.000000,0.000000,0.000000
120,0.120000,3,knife_0,knife,-0.190000,0.035000,-0.280000,0.707107,-0.000000,0.707107,-0.000000,0.000000,0.000000,0.000000,0.000000,0.000000,0.000000
120,0.120000,4,plate_1,plate,-0.320000,0.040000,0.280000,1.000000,0.000000,0.000000,-0.000000,0.000000,0.000000,0.000000,0.000000,0.000000,0.000000
120,0.120000,5,fork_1,fork,-0.190000,0.035000,0.280000,0.707107,-0.000000,0.707107,-0.000000,0.000000,0.000000,0.000000,0.000000,0.000000,0.000000
120,0.120000,6,knife_1,knife,-0.450000,0.035000,0.280000,0.707107,-0.000000,0.707107,-0.000000,0.000000,0.000000,0.000000,0.000000,0.000000,0.000000
120,0.120000,7,plate_2,plate,0.320000,0.040000,-0.280000,1.000000,0.000000,0.000000,-0.000000,0.000000,0.000000,0.000000,0.000000,0.000000,0.000000
120,0.120000,8,fork_2,fork,0.190000,0.035000,-0.280000,0.707107,-0.000000,0.707107,-0.000000,0.000000,0.000000,0.000000,0.000000,0.000000,0.000000
120,0.120000,9,knife_2,knife,0.450000,0.035000,-0.280000,0.707107,-0.000000,0.707107,-0.000000,0.000000,0.000000,0.000000,0.000000,0.000000,0.000000
120,0.120000,10,plate_3,plate,0.320000,0.040000,0.280000,1.000000,0.000000,0.000000,-0.000000,0.000000,0.000000,0.000000,0.000000,0.000000,0.000000
120,0.120000,11,fork_3,fork,0.450000,0.035000,0.280000,0.707107,-0.000000,0.707107,-0.000000,0.000000,0.000000,0.000000,0.000000,0.000000,0.000000
120,0.120000,12,knife_3,knife,0.190000,0.035000,0.280000,0.707107,-0.000000,0.707107,-0.000000,0.000000,0.000000,0.000000,0.000000,0.000000,0.000000
120,0.120000,13,candle_0,candle,-0.500000,0.075000,-0.450000,1.000000,0.000000,0.000000,-0.000000,0.000000,0.000000,0.000000,0.000000,0.000000,0.000000
120,0.120000,14,candle_1,candle,-0.500000,0.075000,0.450000,1.000000,0.000000,0.000000,-0.000000,0.000000,0.000000,0.000000,0.000000,0.000000,0.000000
120,0.120000,15,candle_2,candle,0.500000,0.075000,-0.450000,1.000000,0.000000,0.000000,-0.000000,0.000000,0.000000,0.000000,0.000000,0.000000,0.000000
120,0.120000,16,candle_3,candle,0.500000,0.075000,0.450000,1.000000,0.000000,0.000000,-0.000000,0.000000,0.000000,0.000000,0.000000,0.000000,0.000000
120,0.120000,17,pot,pot,0.000000,0.526192,0.000000,1.000000,0.000000,0.000000,0.000000,0.000000,-1.144409,0.000000,0.000000,0.000000,0.000000
125,0.125000,1,plate_0,plate,-0.320000,0.040000,-0.280000,1.000000,0.000000,0.000000,-0.000000,0.000000,0.000000,0.000000,0.000000,0.000000,0.000000
125,0.125000,2,fork_0,fork,-0.450000,0.035000,-0.280000,0.707107,-0.000000,0.707107,-0.000000,0.000000,0.000000,0.000000,0.000000,0.000000,0.000000
125,0.125000,3,knife_0,knife,-0.190000,0.035000,-0.280000,0.707107,-0.000000,0.707107,-0.000000,0.000000,0.000000,0.000000,0.000000,0.000000,0.000000
125,0.125000,4,plate_1,plate,-0.320000,0.040000,0.280000,1.000000,0.000000,0.000000,-0.000000,0.000000,0.000000,0.000000,0.000000,0.000000,0.000000
125,0.125000,5,fork_1,fork,-0.190000,0.035000,0.280000,0.707107,-0.000000,0.707107,-0.000000,0.000000,0.000000,0.000000,0.000000,0.000000,0.000000
125,0.125000,6,knife_1,knife,-0.450000,0.035000,0.280000,0.707107,-0.000000,0.707107,-0.000000,0.000000,0.000000,0.000000,0.000000,0.000000,0.000000
125,0.125000,7,plate_2,plate,0.320000,0.040000,-0.280000,1.000000,0.000000,0.000000,-0.000000,0.000000,0.000000,0.000000,0.000000,0.000000,0.000000
125,0.125000,8,fork_2,fork,0.190000,0.035000,-0.280000,0.707107,-0.000000,0.707107,-0.000000,0.000000,0.000000,0.000000,0.000000,0.000000,0.000000
125,0.125000,9,knife_2,knife,0.450000,0.035000,-0.280000,0.707107,-0.000000,0.707107,-0.000000,0.000000,0.000000,0.000000,0.000000,0.000000,0.000000
125,0.125000,10,plate_3,plate,0.320000,0.040000,0.280000,1.000000,0.000000,0.000000,-0.000000,0.000000,0.000000,0.000000,0.000000,0.000000,0.000000
125,0.125000,11,fork_3,fork,0.450000,0.035000,0.280000,0.707107,-0.000000,0.707107,-0.000000,0.000000,0.000000,0.000000,0.000000,0.000000,0.000000
125,0.125000,12,knife_3,knife,0.190000,0.035000,0.280000,0.707107,-0.000000,0.707107,-0.000000,0.000000,0.000000,0.000000,0.000000,0.000000,0.000000
125,0.125000,13,candle_0,candle,-0.500000,0.075000,-0.450000,1.000000,0.000000,0.000000,-0.000000,0.000000,0.000000,0.000000,0.000000,0.000000,0.000000
125,0.125000,14,candle_1,candle,-0.500000,0.075000,0.450000,1.000000,0.000000,0.000000,-0.000000,0.000000,0.000000,0.000000,0.000000,0.000000,0.000000
125,0.125000,15,candle_2,candle,0.500000,0.075000,-0.450000,1.000000,0.000000,0.000000,-0.000000,0.000000,0.000000,0.000000,0.000000,0.000000,0.000000
125,0.125000,16,candle_3,candle,0.500000,0.075000,0.450000,1.000000,0.000000,0.000000,-0.000000,0.000000,0.000000,0.000000,0.000000,0.000000,0.000000
125,0.125000,17,pot,pot,0.000000,0.520345,0.000000,1.000000,0.000000,0.000000,0.000000,0.000000,-1.192093,0.000000,0.000000,0.000000,0.000000
130,0.130000,1,plate_0,plate,-0.320000,0.040000,-0.280000,1.000000,0.000000,0.000000,-0.000000,0.000000,0.000000,0.000000,0.000000,0.000000,0.000000
130,0.130000,2,fork_0,fork,-0.450000,0.035000,-0.280000,0.707107,-0.000000,0.707107,-0.000000,0.000000,0.000000,0.000000,0.000000,0.000000,0.000000
130,0.130000,3,knife_0,knife,-0.190000,0.035000,-0.280000,0.707107,-0.000000,0.707107,-0.000000,0.000000,0.000000,0.000000,0.000000,0.000000,0.000000
130,0.130000,4,plate_1,plate,-0.320000,0.040000,0.280000,1.000000,0.000000,0.000000,-0.000000,0.000000,0.000000,0.000000,0.000000,0.000000,0.000000
130,0.130000,5,fork_1,fork,-0.190000,0.035000,0.280000,0.707107,-0.000000,0.707107,-0.000000,0.000000,0.000000,0.000000,0.000000,0.000000,0.000000
130,0.130000,6,knife_1,knife,-0.450000,0.035000,0.280000,0.707107,-0.000000,0.707107,-0.000000,0.000000,0.000000,0.000000,0.000000,0.000000,0.000000
130,0.130000,7,plate_2,plate,0.320000,0.040000,-0.280000,1.000000,0.000000,0.000000,-0.000000,0.000000,0.000000,0.000000,0.000000,0.000000,0.000000
130,0.130000,8,fork_2,fork,0.190000,0.035000,-0.280000,0.707107,-0.000000,0.707107,-0.000000,0.000000,0.000000,0.000000,0.000000,0.000000,0.000000
130,0.130000,9,knife_2,knife,0.450000,0.035000,-0.280000,0.707107,-0.000000,0.707107,-0.000000,0.000000,0.000000,0.000000,0.000000,0.000000,0.000000
130,0.130000,10,plate_3,plate,0.320000,0.040000,0.280000,1.000000,0.000000,0.000000,-0.000000,0.000000,0.000000,0.000000,0.000000,0.000000,0.000000
130,0.130000,11,fork_3,fork,0.450000,0.035000,0.280000,0.707107,-0.000000,0.707107,-0.000000,0.000000,0.000000,0.000000,0.000000,0.000000,0.000000
130,0.130000,12,knife_3,knife,0.190000,0.035000,0.280000,0.707107,-0.000000,0.707107,-0.000000,0.000000,0.000000,0.000000,0.000000,0.000000,0.000000
130,0.130000,13,candle_0,candle,-0.500000,0.075000,-0.450000,1.000000,0.000000,0.000000,-0.000000,0.000000,0.000000,0.000000,0.000000,0.000000,0.000000
130,0.130000,14,candle_1,candle,-0.500000,0.075000,0.450000,1.000000,0.000000,0.000000,-0.000000,0.000000,0.000000,0.000000,0.000000,0.000000,0.000000
130,0.130000,15,candle_2,candle,0.500000,0.075000,-0.450000,1.000000,0.000000,0.000000,-0.000000,0.000000,0.000000,0.000000,0.000000,0.000000,0.000000
130,0.130000,16,candle_3,candle,0.500000,0.075000,0.450000,1.000000,0.000000,0.000000,-0.000000,0.000000,0.000000,0.000000,0.000000,0.000000,0.000000
130,0.130000,17,pot,pot,0.000000,0.514260,0.000000,1.000000,0.000000,0.000000,0.000000,0.000000,-1.239777,0.000000,0.000000,0.000000,0.000000
135,0.135000,1,plate_0,plate,-0.320000,0.040000,-0.280000,1.000000,0.000000,0.000000,-0.000000,0.000000,0.000000,0.000000,0.000000,0.000000,0.000000
135,0.135000,2,fork_0,fork,-0.450000,0.035000,-0.280000,0.707107,-0.000000,0.707107,-0.000000,0.000000,0.000000,0.000000,0.000000,0.000000,0.000000
135,0.135000,3,knife_0,knife,-0.190000,0.035000,-0.280000,0.707107,-0.000000,0.707107,-0.000000,0.000000,0.000000,0.000000,0.000000,0.000000,0.000000
135,0.135000,4,plate_1,plate,-0.320000,0.040000,0.280000,1.000000,0.000000,0.000000,-0.000000,0.000000,0.000000,0.000000,0.000000,0.000000,0.000000
135,0.135000,5,fork_1,fork,-0.190000,0.035000,0.280000,0.707107,-0.000000,0.707107,-0.000000,0.000000,0.000000,0.000000,0.000000,0.000000,0.000000
135,0.135000,6,knife_1,knife,-0.450000,0.035000,0.280000,0.707107,-0.000000,0.707107,-0.000000,0.000000,0.000000,0.000000,0.000000,0.000000,0.000000
135,0.135000,7,plate_2,plate,0.320000,0.040000,-0.280000,1.000000,0.000000,0.000000,-0.000000,0.000000,0.000000,0.000000,0.000000,0.000000,0.000000
135,0.135000,8,fork_2,fork,0.190000,0.035000,-0.280000,0.707107,-0.000000,0.707107,-0.000000,0.000000,0.000000,0.000000,0.000000,0.000000,0.000000
135,0.135000,9,knife_2,knife,0.450000,0.035000,-0.280000,0.707107,-0.000000,0.707107,-0.000000,0.000000,0.000000,0.000000,0.000000,0.000000,0.000000
135,0.135000,10,plate_3,plate,0.320000,0.040000,0.280000,1.000000,0.000000,0.000000,-0.000000,0.000000,0.000000,0.000000,0.000000,0.000000,0.000000
135,0.135000,11,fork_3,fork,0.450000,0.035000,0.280000,0.707107,-0.000000,0.707107,-0.000000,0.000000,0.000000,0.000000,0.000000,0.000000,0.000000
135,0.135000,12,knife_3,knife,0.190000,0.035000,0.280000,0.707107,-0.000000,0.707107,-0.000000,0.000000,0.000000,0.000000,0.000000,0.000000,0.000000
135,0.135000,13,candle_0,candle,-0.500000,0.075000,-0.450000,1.000000,0.000000,0.000000,-0.000000,0.000000,0.000000,0.000000,0.000000,0.000000,0.000000
135,0.135000,14,candle_1,candle,-0.500000,0.075000,0.450000,1.000000,0.000000,0.000000,-0.000000,0.000000,0.000000,0.000000,0.000000,0.000000,0.000000
135,0.135000,15,candle_2,candle,0.500000,0.075000,-0.450000,1.000000,0.000000,0.000000,-0.000000,0.000000,0.000000,0.000000,0.000000,0.000000,0.000000
135,0.135000,16,candle_3,candle,0.500000,0.075000,0.450000,1.000000,0.000000,0.000000,-0.000000,0.000000,0.000000,0.000000,0.000000,0.000000,0.000000
135,0.135000,17,pot,pot,0.000000,0.507936,0.000000,1.000000,0.000000,0.000000,0.000000,0.000000,-1.287460,0.000000,0.000000,0.000000,0.000000
140,0.140000,1,plate_0,plate,-0.320000,0.040000,-0.280000,1.000000,0.000000,0.000000,-0.000000,0.000000,0.000000,0.000000,0.000000,0.000000,0.000000
140,0.140000,2,fork_0,fork,-0.450000,0.035000,-0.280000,0.707107,-0.000000,0.707107,-0.000000,0.000000,0.000000,0.000000,0.000000,0.000000,0.000000
140,0.140000,3,knife_0,knife,-0.190000,0.035000,-0.280000,0.707107,-0.000000,0.707107,-0.000000,0.000000,0.000000,0.000000,0.000000,0.000000,0.000000
140,0.140000,4,plate_1,plate,-0.320000,0.040000,0.280000,1.000000,0.000000,0.000000,-0.000000,0.000000,0.000000,0.000000,0.000000,0.000000,0.000000
140,0.140000,5,fork_1,fork,-0.190000,0.035000,0.280000,0.707107,-0.000000,0.707107,-0.000000,0.000000,0.000000,0.000000,0.000000,0.000000,0.000000
140,0.140000,6,knife_1,knife,-0.450000,0.035000,0.280000,0.707107,-0.000000,0.707107,-0.000000,0.000000,0.000000,0.000000,0.000000,0.000000,0.000000
140,0.140000,7,plate_2,plate,0.320000,0.040000,-0.280000,1.000000,0.000000,0.000000,-0.000000,0.000000,0.000000,0.000000,0.000000,0.000000,0.000000
140,0.140000,8,fork_2,fork,0.190000,0.035000,-0.280000,0.707107,-0.000000,0.707107,-0.000000,0.000000,0.000000,0.000000,0.000000,0.000000,0.000000
140,0.140000,9,knife_2,knife,0.450000,0.035000,-0.280000,0.707107,-0.000000,0.707107,-0.000000,0.000000,0.000000,0.000000,0.000000,0.000000,0.000000
140,0.140000,10,plate_3,plate,0.320000,0.040000,0.280000,1.000000,0.000000,0.000000,-0.000000,0.000000,0.000000,0.000000,0.000000,0.000000,0.000000
140,0.140000,11,fork_3,fork,0.450000,0.035000,0.280000,0.707107,-0.000000,0.707107,-0.000000,0.000000,0.000000,0.000000,0.000000,0.000000,0.000000
140,0.140000,12,knife_3,knife,0.190000,0.035000,0.280000,0.707107,-0.000000,0.707107,-0.000000,0.000000,0.000000,0.000000,0.000000,0.000000,0.000000
140,0.140000,13,candle_0,candle,-0.500000,0.075000,-0.450000,1.000000,0.000000,0.000000,-0.000000,0.000000,0.000000,0.000000,0.000000,0.000000,0.000000
140,0.140000,14,candle_1,candle,-0.500000,0.075000,0.450000,1.000000,0.000000,0.000000,-0.000000,0.000000,0.000000,0.000000,0.000000,0.000000,0.000000
140,0.140000,15,candle_2,candle,0.500000,0.075000,-0.450000,1.000000,0.000000,0.000000,-0.000000,0.000000,0.000000,0.000000,0.000000,0.000000,0.000000
140,0.140000,16,candle_3,candle,0.500000,0.075000,0.450000,1.000000,0.000000,0.000000,-0.000000,0.000000,0.000000,0.000000,0.000000,0.000000,0.000000
140,0.140000,17,pot,pot,0.000000,0.501373,0.000000,1.000000,0.000000,0.000000,0.000000,0.000000,-1.335144,0.000000,0.000000,0.000000,0.000000
145,0.145000,1,plate_0,plate,-0.320000,0.040000,-0.280000,1.000000,0.000000,0.000000,-0.000000,0.000000,0.000000,0.000000,0.000000,0.000000,0.000000
145,0.145000,2,fork_0,fork,-0.450000,0.035000,-0.280000,0.707107,-0.000000,0.707107,-0.000000,0.000000,0.000000,0.000000,0.000000,0.000000,0.000000
145,0.145000,3,knife_0,knife,-0.190000,0.035000,-0.280000,0.707107,-0.000000,0.707107,-0.000000,0.000000,0.000000,0.000000,0.000000,0.000000,0.000000
145,0.145000,4,plate_1,plate,-0.320000,0.040000,0.280000,1.000000,0.000000,0.000000,-0.000000,0.000000,0.000000,0.000000,0.000000,0.000000,0.000000
145,0.145000,5,fork_1,fork,-0.190000,0.035000,0.280000,0.707107,-0.000000,0.707107,-0.000000,0.000000,0.000000,0.000000,0.000000,0.000000,0.000000
145,0.145000,6,knife_1,knife,-0.450000,0.035000,0.280000,0.707107,-0.000000,0.707107,-0.000000,0.000000,0.000000,0.000000,0.000000,0.000000,0.000000
145,0.145000,7,plate_2,plate,0.320000,0.040000,-0.280000,1.000000,0.000000,0.000000,-0.000000,0.000000,0.000000,0.000000,0.000000,0.000000,0.000000
145,0.145000,8,fork_2,fork,0.190000,0.035000,-0.280000,0.707107,-0.000000,0.707107,-0.000000,0.000000,0.000000,0.000000,0.000000,0.000000,0.000000
145,0.145000,9,knife_2,knife,0.450000,0.035000,-0.280000,0.707107,-0.000000,0.707107,-0.000000,0.000000,0.000000,0.000000,0.000000,0.000000,0.000000
145,0.145000,10,plate_3,plate,0.320000,0.040000,0.280000,1.000000,0.000000,0.000000,-0.000000,0.000000,0.000000,0.000000,0.000000,0.000000,0.000000
145,0.145000,11,fork_3,fork,0.450000,0.035000,0.280000,0.707107,-0.000000,0.707107,-0.000000,0.000000,0.000000,0.000000,0.000000,0.000000,0.000000
145,0.145000,12,knife_3,knife,0.190000,0.035000,0.280000,0.707107,-0.000000,0.707107,-0.000000,0.000000,0.000000,0.000000,0.000000,0.000000,0.000000
145,0.145000,13,candle_0,candle,-0.500000,0.075000,-0.450000,1.000000,0.000000,0.000000,-0.000000,0.000000,0.000000,0.000000,0.000000,0.000000,0.000000
145,0.145000,14,candle_1,candle,-0.500000,0.075000,0.450000,1.000000,0.000000,0.000000,-0.000000,0.000000,0.000000,0.000000,0.000000,0.000000,0.000000
145,0.145000,15,candle_2,candle,0.500000,0.075000,-0.450000,1.000000,0.000000,0.000000,-0.000000,0.000000,0.000000,0.000000,0.000000,0.000000,0.000000
145,0.145000,16,candle_3,candle,0.500000,0.075000,0.450000,1.000000,0.000000,0.000000,-0.000000,0.000000,0.000000,0.000000,0.000000,0.000000,0.000000
145,0.145000,17,pot,pot,0.000000,0.494568,0.000000,1.000000,0.000000,0.000000,0.000000,0.000000,-1.384735,0.000000,0.000000,0.000000,0.000000
150,0.150000,1,plate_0,plate,-0.320000,0.040000,-0.280000,1.000000,0.000000,0.000000,-0.000000,0.000000,0.000000,0.000000,0.000000,0.000000,0.000000
150,0.150000,2,fork_0,fork,-0.450000,0.035000,-0.280000,0.707107,-0.000000,0.707107,-0.000000,0.000000,0.000000,0.000000,0.000000,0.000000,0.000000
150,0.150000,3,knife_0,knife,-0.190000,0.035000,-0.280000,0.707107,-0.000000,0.707107,-0.000000,0.000000,0.000000,0.000000,0.000000,0.000000,0.000000
150,0.150000,4,plate_1,plate,-0.320000,0.040000,0.280000,1.000000,0.000000,0.000000,-0.000000,0.000000,0.000000,0.000000,0.000000,0.000000,0.000000
150,0.150000,5,fork_1,fork,-0.190000,0.035000,0.280000,0.707107,-0.000000,0.707107,-0.000000,0.000000,0.000000,0.000000,0.000000,0.000000,0.000000
150,0.150000,6,knife_1,knife,-0.450000,0.035000,0.280000,0.707107,-0.000000,0.707107,-0.000000,0.000000,0.000000,0.000000,0.000000,0.000000,0.000000
150,0.150000,7,plate_2,plate,0.320000,0.040000,-0.280000,1.000000,0.000000,0.000000,-0.000000,0.000000,0.000000,0.000000,0.000000,0.000000,0.000000
150,0.150000,8,fork_2,fork,0.190000,0.035000,-0.280000,0.707107,-0.000000,0.707107,-0.000000,0.000000,0.000000,0.000000,0.000000,0.000000,0.000000
150,0.150000,9,knife_2,knife,0.450000,0.035000,-0.280000,0.707107,-0.000000,0.707107,-0.000000,0.000000,0.000000,0.000000,0.000000,0.000000,0.000000
150,0.150000,10,plate_3,plate,0.320000,0.040000,0.280000,1.000000,0.000000,0.000000,-0.000000,0.000000,0.000000,0.000000,0.000000,0.000000,0.000000
150,0.150000,11,fork_3,fork,0.450000,0.035000,0.280000,0.707107,-0.000000,0.707107,-0.000000,0.000000,0.000000,0.000000,0.000000,0.000000,0.000000
150,0.150000,12,knife_3,knife,0.190000,0.035000,0.280000,0.707107,-0.000000,0.707107,-0.000000,0.000000,0.000000,0.000000,0.000000,0.000000,0.000000
150,0.150000,13,candle_0,candle,-0.500000,0.075000,-0.450000,1.000000,0.000000,0.000000,-0.000000,0.000000,0.000000,0.000000,0.000000,0.000000,0.000000
150,0.150000,14,candle_1,candle,-0.500000,0.075000,0.450000,1.000000,0.000000,0.000000,-0.000000,0.000000,0.000000,0.000000,0.000000,0.000000,0.000000
150,0.150000,15,candle_2,candle,0.500000,0.075000,-0.450000,1.000000,0.000000,0.000000,-0.000000,0.000000,0.000000,0.000000,0.000000,0.000000,0.000000
150,0.150000,16,candle_3,candle,0.500000,0.075000,0.450000,1.000000,0.000000,0.000000,-0.000000,0.000000,0.000000,0.000000,0.000000,0.000000,0.000000
150,0.150000,17,pot,pot,0.000000,0.487513,0.000000,1.000000,0.000000,0.000000,0.000000,0.000000,-1.434803,0.000000,0.000000,0.000000,0.000000
155,0.155000,1,plate_0,plate,-0.320000,0.040000,-0.280000,1.000000,0.000000,0.000000,-0.000000,0.000000,0.000000,0.000000,0.000000,0.000000,0.000000
155,0.155000,2,fork_0,fork,-0.450000,0.035000,-0.280000,0.707107,-0.000000,0.707107,-0.000000,0.000000,0.000000,0.000000,0.000000,0.000000,0.000000
155,0.155000,3,knife_0,knife,-0.190000,0.035000,-0.280000,0.707107,-0.000000,0.707107,-0.000000,0.000000,0.000000,0.000000,0.000000,0.000000,0.000000
155,0.155000,4,plate_1,plate,-0.320000,0.040000,0.280000,1.000000,0.000000,0.000000,-0.000000,0.000000,0.000000,0.000000,0.000000,0.000000,0.000000
155,0.155000,5,fork_1,fork,-0.190000,0.035000,0.280000,0.707107,-0.000000,0.707107,-0.000000,0.000000,0.000000,0.000000,0.000000,0.000000,0.000000
155,0.155000,6,knife_1,knife,-0.450000,0.035000,0.280000,0.707107,-0.000000,0.707107,-0.000000,0.000000,0.000000,0.000000,0.000000,0.000000,0.000000
155,0.155000,7,plate_2,plate,0.320000,0.040000,-0.280000,1.000000,0.000000,0.000000,-0.000000,0.000000,0.000000,0.000000,0.000000,0.000000,0.000000
155,0.155000,8,fork_2,fork,0.190000,0.035000,-0.280000,0.707107,-0.000000,0.707107,-0.000000,0.000000,0.000000,0.000000,0.000000,0.000000,0.000000
155,0.155000,9,knife_2,knife,0.450000,0.035000,-0.280000,0.707107,-0.000000,0.707107,-0.000000,0.000000,0.000000,0.000000,0.000000,0.000000,0.000000
155,0.155000,10,plate_3,plate,0.320000,0.040000,0.280000,1.000000,0.000000,0.000000,-0.000000,0.000000,0.000000,0.000000,0.000000,0.000000,0.000000
155,0.155000,11,fork_3,fork,0.450000,0.035000,0.280000,0.707107,-0.000000,0.707107,-0.000000,0.000000,0.000000,0.000000,0.000000,0.000000,0.000000
155,0.155000,12,knife_3,knife,0.190000,0.035000,0.280000,0.707107,-0.000000,0.707107,-0.000000,0.000000,0.000000,0.000000,0.000000,0.000000,0.000000
155,0.155000,13,candle_0,candle,-0.500000,0.075000,-0.450000,1.000000,0.000000,0.000000,-0.000000,0.000000,0.000000,0.000000,0.000000,0.000000,0.000000
155,0.155000,14,candle_1,candle,-0.500000,0.075000,0.450000,1.000000,0.000000,0.000000,-0.000000,0.000000,0.000000,0.000000,0.000000,0.000000,0.000000
155,0.155000,15,candle_2,candle,0.500000,0.075000,-0.450000,1.000000,0.000000,0.000000,-0.000000,0.000000,0.000000,0.000000,0.000000,0.000000,0.000000
155,0.155000,16,candle_3,candle,0.500000,0.075000,0.450000,1.000000,0.000000,0.000000,-0.000000,0.000000,0.000000,0.000000,0.000000,0.000000,0.000000
155,0.155000,17,pot,pot,0.000000,0.480208,0.000000,1.000000,0.000000,0.000000,0.000000,0.000000,-1.484871,0.000000,0.000000,0.000000,0.000000
160,0.160000,1,plate_0,plate,-0.320000,0.040000,-0.280000,1.000000,0.000000,0.000000,-0.000000,0.000000,0.000000,0.000000,0.000000,0.000000,0.000000
160,0.160000,2,fork_0,fork,-0.450000,0.035000,-0.280000,0.707107,-0.000000,0.707107,-0.000000,0.000000,0.000000,0.000000,0.000000,0.000000,0.000000
160,0.160000,3,knife_0,knife,-0.190000,0.035000,-0.280000,0.707107,-0.000000,0.707107,-0.000000,0.000000,0.000000,0.000000,0.000000,0.000000,0.000000
160,0.160000,4,plate_1,plate,-0.320000,0.040000,0.280000,1.000000,0.000000,0.000000,-0.000000,0.000000,0.000000,0.000000,0.000000,0.000000,0.000000
160,0.160000,5,fork_1,fork,-0.190000,0.035000,0.280000,0.707107,-0.000000,0.707107,-0.000000,0.000000,0.000000,0.000000,0.000000,0.000000,0.000000
160,0.160000,6,knife_1,knife,-0.450000,0.035000,0.280000,0.707107,-0.000000,0.707107,-0.000000,0.000000,0.000000,0.000000,0.000000,0.000000,0.000000
160,0.160000,7,plate_2,plate,0.320000,0.040000,-0.280000,1.000000,0.000000,0.000000,-0.000000,0.000000,0.000000,0.000000,0.000000,0.000000,0.000000
160,0.160000,8,fork_2,fork,0.190000,0.035000,-0.280000,0.707107,-0.000000,0.707107,-0.000000,0.000000,0.000000,0.000000,0.000000,0.000000,0.000000
160,0.160000,9,knife_2,knife,0.450000,0.035000,-0.280000,0.707107,-0.000000,0.707107,-0.000000,0.000000,0.000000,0.000000,0.000000,0.000000,0.000000
160,0.160000,10,plate_3,plate,0.320000,0.040000,0.280000,1.000000,0.000000,0.000000,-0.000000,0.000000,0.000000,0.000000,0.000000,0.000000,0.000000
160,0.160000,11,fork_3,fork,0.450000,0.035000,0.280000,0.707107,-0.000000,0.707107,-0.000000,0.000000,0.000000,0.000000,0.000000,0.000000,0.000000
160,0.160000,12,knife_3,knife,0.190000,0.035000,0.280000,0.707107,-0.000000,0.707107,-0.000000,0.000000,0.000000,0.000000,0.000000,0.000000,0.000000
160,0.160000,13,candle_0,candle,-0.500000,0.075000,-0.450000,1.000000,0.000000,0.000000,-0.000000,0.000000,0.000000,0.000000,0.000000,0.000000,0.000000
160,0.160000,14,candle_1,candle,-0.500000,0.075000,0.450000,1.000000,0.000000,0.000000,-0.000000,0.000000,0.000000,0.000000,0.000000,0.000000,0.000000
160,0.160000,15,candle_2,candle,0.500000,0.075000,-0.450000,1.000000,0.000000,0.000000,-0.000000,0.000000,0.000000,0.000000,0.000000,0.000000,0.000000
160,0.160000,16,candle_3,candle,0.500000,0.075000,0.450000,1.000000,0.000000,0.000000,-0.000000,0.000000,0.000000,0.000000,0.000000,0.000000,0.000000
160,0.160000,17,pot,pot,0.000000,0.472652,0.000000,1.000000,0.000000,0.000000,0.000000,0.000000,-1.534939,0.000000,0.000000,0.000000,0.000000
165,0.165000,1,plate_0,plate,-0.320000,0.040000,-0.280000,1.000000,0.000000,0.000000,-0.000000,0.000000,0.000000,0.000000,0.000000,0.000000,0.000000
165,0.165000,2,fork_0,fork,-0.450000,0.035000,-0.280000,0.707107,-0.000000,0.707107,-0.000000,0.000000,0.000000,0.000000,0.000000,0.000000,0.000000
165,0.165000,3,knife_0,knife,-0.190000,0.035000,-0.280000,0.707107,-0.000000,0.707107,-0.000000,0.000000,0.000000,0.000000,0.000000,0.000000,0.000000
165,0.165000,4,plate_1,plate,-0.320000,0.040000,0.280000,1.000000,0.000000,0.000000,-0.000000,0.000000,0.000000,0.000000,0.000000,0.000000,0.000000
165,0.165000,5,fork_1,fork,-0.190000,0.035000,0.280000,0.707107,-0.000000,0.707107,-0.000000,0.000000,0.000000,0.000000,0.000000,0.000000,0.000000
165,0.165000,6,knife_1,knife,-0.450000,0.035000,0.280000,0.707107,-0.000000,0.707107,-0.000000,0.000000,0.000000,0.000000,0.000000,0.000000,0.000000
165,0.165000,7,plate_2,plate,0.320000,0.040000,-0.280000,1.000000,0.000000,0.000000,-0.000000,0.000000,0.000000,0.000000,0.000000,0.000000,0.000000
165,0.165000,8,fork_2,fork,0.190000,0.035000,-0.280000,0.707107,-0.000000,0.707107,-0.000000,0.000000,0.000000,0.000000,0.000000,0.000000,0.000000
165,0.165000,9,knife_2,knife,0.450000,0.035000,-0.280000,0.707107,-0.000000,0.707107,-0.000000,0.000000,0.000000,0.000000,0.000000,0.000000,0.000000
165,0.165000,10,plate_3,plate,0.320000,0.040000,0.280000,1.000000,0.000000,0.000000,-0.000000,0.000000,0.000000,0.000000,0.000000,0.000000,0.000000
165,0.165000,11,fork_3,fork,0.450000,0.035000,0.280000,0.707107,-0.000000,0.707107,-0.000000,0.000000,0.000000,0.000000,0.000000,0.000000,0.000000
165,0.165000,12,knife_3,knife,0.190000,0.035000,0.280000,0.707107,-0.000000,0.707107,-0.000000,0.000000,0.000000,0.000000,0.000000,0.000000,0.000000
165,0.165000,13,candle_0,candle,-0.500000,0.075000,-0.450000,1.000000,0.000000,0.000000,-0.000000,0.000000,0.000000,0.000000,0.000000,0.000000,0.000000
165,0.165000,14,candle_1,candle,-0.500000,0.075000,0.450000,1.000000,0.000000,0.000000,-0.000000,0.000000,0.000000,0.000000,0.000000,0.000000,0.000000
165,0.165000,15,candle_2,candle,0.500000,0.075000,-0.450000,1.000000,0.000000,0.000000,-0.000000,0.000000,0.000000,0.000000,0.000000,0.000000,0.000000
165,0.165000,16,candle_3,candle,0.500000,0.075000,0.450000,1.000000,0.000000,0.000000,-0.000000,0.000000,0.000000,0.000000,0.000000,0.000000,0.000000
165,0.165000,17,pot,pot,0.000000,0.464846,0.000000,1.000000,0.000000,0.000000,0.000000,0.000000,-1.585007,0.000000,0.000000,0.000000,0.000000
170,0.170000,1,plate_0,plate,-0.320000,0.040000,-0.280000,1.000000,0.000000,0.000000,-0.000000,0.000000,0.000000,0.000000,0.000000,0.000000,0.000000
170,0.170000,2,fork_0,fork,-0.450000,0.035000,-0.280000,0.707107,-0.000000,0.707107,-0.000000,0.000000,0.000000,0.000000,0.000000,0.000000,0.000000
170,0.170000,3,knife_0,knife,-0.190000,0.035000,-0.280000,0.707107,-0.000000,0.707107,-0.000000,0.000000,0.000000,0.000000,0.000000,0.000000,0.000000
170,0.170000,4,plate_1,plate,-0.320000,0.040000,0.280000,1.000000,0.000000,0.000000,-0.000000,0.000000,0.000000,0.000000,0.000000,0.000000,0.000000
170,0.170000,5,fork_1,fork,-0.190000,0.035000,0.280000,0.707107,-0.000000,0.707107,-0.000000,0.000000,0.000000,0.000000,0.000000,0.000000,0.000000
170,0.170000,6,knife_1,knife,-0.450000,0.035000,0.280000,0.707107,-0.000000,0.707107,-0.000000,0.000000,0.000000,0.000000,0.000000,0.000000,0.000000
170,0.170000,7,plate_2,plate,0.320000,0.040000,-0.280000,1.000000,0.000000,0.000000,-0.000000,0.000000,0.000000,0.000000,0.000000,0.000000,0.000000
170,0.170000,8,fork_2,fork,0.190000,0.035000,-0.280000,0.707107,-0.000000,0.707107,-0.000000,0.000000,0.000000,0.000000,0.000000,0.000000,0.000000
170,0.170000,9,knife_2,knife,0.450000,0.035000,-0.280000,0.707107,-0.000000,0.707107,-0.000000,0.000000,0.000000,0.000000,0.000000,0.000000,0.000000
170,0.170000,10,plate_3,plate,0.320000,0.040000,0.280000,1.000000,0.000000,0.000000,-0.000000,0.000000,0.000000,0.000000,0.000000,0.000000,0.000000
170,0.170000,11,fork_3,fork,0.450000,0.035000,0.280000,0.707107,-0.000000,0.707107,-0.000000,0.000000,0.000000,0.000000,0.000000,0.000000,0.000000
170,0.170000,12,knife_3,knife,0.190000,0.035000,0.280000,0.707107,-0.000000,0.707107,-0.000000,0.000000,0.000000,0.000000,0.000000,0.000000,0.000000
170,0.170000,13,candle_0,candle,-0.500000,0.075000,-0.450000,1.000000,0.000000,0.000000,-0.000000,0.000000,0.000000,0.000000,0.000000,0.000000,0.000000
170,0.170000,14,candle_1,candle,-0.500000,0.075000,0.450000,1.000000,0.000000,0.000000,-0.000000,0.000000,0.000000,0.000000,0.000000,0.000000,0.000000
170,0.170000,15,candle_2,candle,0.500000,0.075000,-0.450000,1.000000,0.000000,0.000000,-0.000000,0.000000,0.000000,0.000000,0.000000,0.000000,0.000000
170,0.170000,16,candle_3,candle,0.500000,0.075000,0.450000,1.000000,0.000000,0.000000,-0.000000,0.000000,0.000000,0.000000,0.000000,0.000000,0.000000
170,0.170000,17,pot,pot,0.000000,0.456789,0.000000,1.000000,0.000000,0.000000,0.000000,0.000000,-1.635074,0.000000,0.000000,0.000000,0.000000
175,0.175000,1,plate_0,plate,-0.320000,0.040000,-0.280000,1.000000,0.000000,0.000000,-0.000000,0.000000,0.000000,0.000000,0.000000,0.000000,0.000000
175,0.175000,2,fork_0,fork,-0.450000,0.035000,-0.280000,0.707107,-0.000000,0.707107,-0.000000,0.000000,0.000000,0.000000,0.000000,0.000000,0.000000
175,0.175000,3,knife_0,knife,-0.190000,0.035000,-0.280000,0.707107,-0.000000,0.707107,-0.000000,0.000000,0.000000,0.000000,0.000000,0.000000,0.000000
175,0.175000,4,plate_1,plate,-0.320000,0.040000,0.280000,1.000000,0.000000,0.000000,-0.000000,0.000000,0.000000,0.000000,0.000000,0.000000,0.000000
175,0.175000,5,fork_1,fork,-0.190000,0.035000,0.280000,0.707107,-0.000000,0.707107,-0.000000,0.000000,0.000000,0.000000,0.000000,0.000000,0.000000
175,0.175000,6,knife_1,knife,-0.450000,0.035000,0.280000,0.707107,-0.000000,0.707107,-0.000000,0.000000,0.000000,0.000000,0.000000,0.000000,0.000000
175,0.175000,7,plate_2,plate,0.320000,0.040000,-0.280000,1.000000,0.000000,0.000000,-0.000000,0.000000,0.000000,0.000000,0.000000,0.000000,0.000000
175,0.175000,8,fork_2,fork,0.190000,0.035000,-0.280000,0.707107,-0.000000,0.707107,-0.000000,0.000000,0.000000,0.000000,0.000000,0.000000,0.000000
175,0.175000,9,knife_2,knife,0.450000,0.035000,-0.280000,0.707107,-0.000000,0.707107,-0.000000,0.000000,0.000000,0.000000,0.000000,0.000000,0.000000
175,0.175000,10,plate_3,plate,0.320000,0.040000,0.280000,1.000000,0.000000,0.000000,-0.000000,0.000000,0.000000,0.000000,0.000000,0.000000,0.000000
175,0.175000,11,fork_3,fork,0.450000,0.035000,0.280000,0.707107,-0.000000,0.707107,-0.000000,0.000000,0.000000,0.000000,0.000000,0.000000,0.000000
175,0.175000,12,knife_3,knife,0.190000,0.035000,0.280000,0.707107,-0.000000,0.707107,-0.000000,0.000000,0.000000,0.000000,0.000000,0.000000,0.000000
175,0.175000,13,candle_0,candle,-0.500000,0.075000,-0.450000,1.000000,0.000000,0.000000,-0.000000,0.000000,0.000000,0.000000,0.000000,0.000000,0.000000
175,0.175000,14,candle_1,candle,-0.500000,0.075000,0.450000,1.000000,0.000000,0.000000,-0.000000,0.000000,0.000000,0.000000,0.000000,0.000000,0.000000
175,0.175000,15,candle_2,candle,0.500000,0.075000,-0.450000,1.000000,0.000000,0.000000,-0.000000,0.000000,0.000000,0.000000,0.000000,0.000000,0.000000
175,0.175000,16,candle_3,candle,0.500000,0.075000,0.450000,1.000000,0.000000,0.000000,-0.000000,0.000000,0.000000,0.000000,0.000000,0.000000,0.000000
175,0.175000,17,pot,pot,0.000000,0.448482,0.000000,1.000000,0.000000,0.000000,0.000000,0.000000,-1.685142,0.000000,0.000000,0.000000,0.000000
180,0.180000,1,plate_0,plate,-0.320000,0.040000,-0.280000,1.000000,0.000000,0.000000,-0.000000,0.000000,0.000000,0.000000,0.000000,0.000000,0.000000
180,0.180000,2,fork_0,fork,-0.450000,0.035000,-0.280000,0.707107,-0.000000,0.707107,-0.000000,0.000000,0.000000,0.000000,0.000000,0.000000,0.000000
180,0.180000,3,knife_0,knife,-0.190000,0.035000,-0.280000,0.707107,-0.000000,0.707107,-0.000000,0.000000,0.000000,0.000000,0.000000,0.000000,0.000000
180,0.180000,4,plate_1,plate,-0.320000,0.040000,0.280000,1.000000,0.000000,0.000000,-0.000000,0.000000,0.000000,0.000000,0.000000,0.000000,0.000000
180,0.180000,5,fork_1,fork,-0.190000,0.035000,0.280000,0.707107,-0.000000,0.707107,-0.000000,0.000000,0.000000,0.000000,0.000000,0.000000,0.000000
180,0.180000,6,knife_1,knife,-0.450000,0.035000,0.280000,0.707107,-0.000000,0.707107,-0.000000,0.000000,0.000000,0.000000,0.000000,0.000000,0.000000
180,0.180000,7,plate_2,plate,0.320000,0.040000,-0.280000,1.000000,0.000000,0.000000,-0.000000,0.000000,0.000000,0.000000,0.000000,0.000000,0.000000
180,0.180000,8,fork_2,fork,0.190000,0.035000,-0.280000,0.707107,-0.000000,0.707107,-0.000000,0.000000,0.000000,0.000000,0.000000,0.000000,0.000000
180,0.180000,9,knife_2,knife,0.450000,0.035000,-0.280000,0.707107,-0.000000,0.707107,-0.000000,0.000000,0.000000,0.000000,0.000000,0.000000,0.000000
180,0.180000,10,plate_3,plate,0.320000,0.040000,0.280000,1.000000,0.000000,0.000000,-0.000000,0.000000,0.000000,0.000000,0.000000,0.000000,0.000000
180,0.180000,11,fork_3,fork,0.450000,0.035000,0.280000,0.707107,-0.000000,0.707107,-0.000000,0.000000,0.000000,0.000000,0.000000,0.000000,0.000000
180,0.180000,12,knife_3,knife,0.190000,0.035000,0.280000,0.707107,-0.000000,0.707107,-0.000000,0.000000,0.000000,0.000000,0.000000,0.000000,0.000000
180,0.180000,13,candle_0,candle,-0.500000,0.075000,-0.450000,1.000000,0.000000,0.000000,-0.000000,0.000000,0.000000,0.000000,0.000000,0.000000,0.000000
180,0.180000,14,candle_1,candle,-0.500000,0.075000,0.450000,1.000000,0.000000,0.000000,-0.000000,0.000000,0.000000,0.000000,0.000000,0.000000,0.000000
180,0.180000,15,candle_2,candle,0.500000,0.075000,-0.450000,1.000000,0.000000,0.000000,-0.000000,0.000000,0.000000,0.000000,0.000000,0.000000,0.000000
180,0.180000,16,candle_3,candle,0.500000,0.075000,0.450000,1.000000,0.000000,0.000000,-0.000000,0.000000,0.000000,0.000000,0.000000,0.000000,0.000000
180,0.180000,17,pot,pot,0.000000,0.439925,0.000000,1.000000,0.000000,0.000000,0.000000,0.000000,-1.735210,0.000000,0.000000,0.000000,0.000000
185,0.185000,1,plate_0,plate,-0.320000,0.040000,-0.280000,1.000000,0.000000,0.000000,-0.000000,0.000000,0.000000,0.000000,0.000000,0.000000,0.000000
185,0.185000,2,fork_0,fork,-0.450000,0.035000,-0.280000,0.707107,-0.000000,0.707107,-0.000000,0.000000,0.000000,0.000000,0.000000,0.000000,0.000000
185,0.185000,3,knife_0,knife,-0.190000,0.035000,-0.280000,0.707107,-0.000000,0.707107,-0.000000,0.000000,0.000000,0.000000,0.000000,0.000000,0.000000
185,0.185000,4,plate_1,plate,-0.320000,0.040000,0.280000,1.000000,0.000000,0.000000,-0.000000,0.000000,0.000000,0.000000,0.000000,0.000000,0.000000
185,0.185000,5,fork_1,fork,-0.190000,0.035000,0.280000,0.707107,-0.000000,0.707107,-0.000000,0.000000,0.000000,0.000000,0.000000,0.000000,0.000000
185,0.185000,6,knife_1,knife,-0.450000,0.035000,0.280000,0.707107,-0.000000,0.707107,-0.000000,0.000000,0.000000,0.000000,0.000000,0.000000,0.000000
185,0.185000,7,plate_2,plate,0.320000,0.040000,-0.280000,1.000000,0.000000,0.000000,-0.000000,0.000000,0.000000,0.000000,0.000000,0.000000,0.000000
185,0.185000,8,fork_2,fork,0.190000,0.035000,-0.280000,0.707107,-0.000000,0.707107,-0.000000,0.000000,0.000000,0.000000,0.000000,0.000000,0.000000
185,0.185000,9,knife_2,knife,0.450000,0.035000,-0.280000,0.707107,-0.000000,0.707107,-0.000000,0.000000,0.000000,0.000000,0.000000,0.000000,0.000000
185,0.185000,10,plate_3,plate,0.320000,0.040000,0.280000,1.000000,0.000000,0.000000,-0.000000,0.000000,0.000000,0.000000,0.000000,0.000000,0.000000
185,0.185000,11,fork_3,fork,0.450000,0.035000,0.280000,0.707107,-0.000000,0.707107,-0.000000,0.000000,0.000000,0.000000,0.000000,0.000000,0.000000
185,0.185000,12,knife_3,knife,0.190000,0.035000,0.280000,0.707107,-0.000000,0.707107,-0.000000,0.000000,0.000000,0.000000,0.000000,0.000000,0.000000
185,0.185000,13,candle_0,candle,-0.500000,0.075000,-0.450000,1.000000,0.000000,0.000000,-0.000000,0.000000,0.000000,0.000000,0.000000,0.000000,0.000000
185,0.185000,14,candle_1,candle,-0.500000,0.075000,0.450000,1.000000,0.000000,0.000000,-0.000000,0.000000,0.000000,0.000000,0.000000,0.000000,0.000000
185,0.185000,15,candle_2,candle,0.500000,0.075000,-0.450000,1.000000,0.000000,0.000000,-0.000000,0.000000,0.000000,0.000000,0.000000,0.000000,0.000000
185,0.185000,16,candle_3,candle,0.500000,0.075000,0.450000,1.000000,0.000000,0.000000,-0.000000,0.000000,0.000000,0.000000,0.000000,0.000000,0.000000
185,0.185000,17,pot,pot,0.000000,0.431118,0.000000,1.000000,0.000000,0.000000,0.000000,0.000000,-1.785278,0.000000,0.000000,0.000000,0.000000
190,0.190000,1,plate_0,plate,-0.320000,0.040000,-0.280000,1.000000,0.000000,0.000000,-0.000000,0.000000,0.000000,0.000000,0.000000,0.000000,0.000000
190,0.190000,2,fork_0,fork,-0.450000,0.035000,-0.280000,0.707107,-0.000000,0.707107,-0.000000,0.000000,0.000000,0.000000,0.000000,0.000000,0.000000
190,0.190000,3,knife_0,knife,-0.190000,0.035000,-0.280000,0.707107,-0.000000,0.707107,-0.000000,0.000000,0.000000,0.000000,0.000000,0.000000,0.000000
190,0.190000,4,plate_1,plate,-0.320000,0.040000,0.280000,1.000000,0.000000,0.000000,-0.000000,0.000000,0.000000,0.000000,0.000000,0.000000,0.000000
190,0.190000,5,fork_1,fork,-0.190000,0.035000,0.280000,0.707107,-0.000000,0.707107,-0.000000,0.000000,0.000000,0.000000,0.000000,0.000000,0.000000
190,0.190000,6,knife_1,knife,-0.450000,0.035000,0.280000,0.707107,-0.000000,0.707107,-0.000000,0.000000,0.000000,0.000000,0.000000,0.000000,0.000000
190,0.190000,7,plate_2,plate,0.320000,0.040000,-0.280000,1.000000,0.000000,0.000000,-0.000000,0.000000,0.000000,0.000000,0.000000,0.000000,0.000000
190,0.190000,8,fork_2,fork,0.190000,0.035000,-0.280000,0.707107,-0.000000,0.707107,-0.000000,0.000000,0.000000,0.000000,0.000000,0.000000,0.000000
190,0.190000,9,knife_2,knife,0.450000,0.035000,-0.280000,0.707107,-0.000000,0.707107,-0.000000,0.000000,0.000000,0.000000,0.000000,0.000000,0.000000
190,0.190000,10,plate_3,plate,0.320000,0.040000,0.280000,1.000000,0.000000,0.000000,-0.000000,0.000000,0.000000,0.000000,0.000000,0.000000,0.000000
190,0.190000,11,fork_3,fork,0.450000,0.035000,0.280000,0.707107,-0.000000,0.707107,-0.000000,0.000000,0.000000,0.000000,0.000000,0.000000,0.000000
190,0.190000,12,knife_3,knife,0.190000,0.035000,0.280000,0.707107,-0.000000,0.707107,-0.000000,0.000000,0.000000,0.000000,0.000000,0.000000,0.000000
190,0.190000,13,candle_0,candle,-0.500000,0.075000,-0.450000,1.000000,0.000000,0.000000,-0.000000,0.000000,0.000000,0.000000,0.000000,0.000000,0.000000
190,0.190000,14,candle_1,candle,-0.500000,0.075000,0.450000,1.000000,0.000000,0.000000,-0.000000,0.000000,0.000000,0.000000,0.000000,0.000000,0.000000
190,0.190000,15,candle_2,candle,0.500000,0.075000,-0.450000,1.000000,0.000000,0.000000,-0.000000,0.000000,0.000000,0.000000,0.000000,0.000000,0.000000
190,0.190000,16,candle_3,candle,0.500000,0.075000,0.450000,1.000000,0.000000,0.000000,-0.000000,0.000000,0.000000,0.000000,0.000000,0.000000,0.000000
190,0.190000,17,pot,pot,0.000000,0.422060,0.000000,1.000000,0.000000,0.000000,0.000000,0.000000,-1.835346,0.000000,0.000000,0.000000,0.000000
195,0.195000,1,plate_0,plate,-0.320000,0.040000,-0.280000,1.000000,0.000000,0.000000,-0.000000,0.000000,0.000000,0.000000,0.000000,0.000000,0.000000
195,0.195000,2,fork_0,fork,-0.450000,0.035000,-0.280000,0.707107,-0.000000,0.707107,-0.000000,0.000000,0.000000,0.000000,0.000000,0.000000,0.000000
195,0.195000,3,knife_0,knife,-0.190000,0.035000,-0.280000,0.707107,-0.000000,0.707107,-0.000000,0.000000,0.000000,0.000000,0.000000,0.000000,0.000000
195,0.195000,4,plate_1,plate,-0.320000,0.040000,0.280000,1.000000,0.000000,0.000000,-0.000000,0.000000,0.000000,0.000000,0.000000,0.000000,0.000000
195,0.195000,5,fork_1,fork,-0.190000,0.035000,0.280000,0.707107,-0.000000,0.707107,-0.000000,0.000000,0.000000,0.000000,0.000000,0.000000,0.000000
195,0.195000,6,knife_1,knife,-0.450000,0.035000,0.280000,0.707107,-0.000000,0.707107,-0.000000,0.000000,0.000000,0.000000,0.000000,0.000000,0.000000
195,0.195000,7,plate_2,plate,0.320000,0.040000,-0.280000,1.000000,0.000000,0.000000,-0.000000,0.000000,0.000000,0.000000,0.000000,0.000000,0.000000
195,0.195000,8,fork_2,fork,0.190000,0.035000,-0.280000,0.707107,-0.000000,0.707107,-0.000000,0.000000,0.000000,0.000000,0.000000,0.000000,0.000000
195,0.195000,9,knife_2,knife,0.450000,0.035000,-0.280000,0.707107,-0.000000,0.707107,-0.000000,0.000000,0.000000,0.000000,0.000000,0.000000,0.000000
195,0.195000,10,plate_3,plate,0.320000,0.040000,0.280000,1.000000,0.000000,0.000000,-0.000000,0.000000,0.000000,0.000000,0.000000,0.000000,0.000000
195,0.195000,11,fork_3,fork,0.450000,0.035000,0.280000,0.707107,-0.000000,0.707107,-0.000000,0.000000,0.000000,0.000000,0.000000,0.000000,0.000000
195,0.195000,12,knife_3,knife,0.190000,0.035000,0.280000,0.707107,-0.000000,0.707107,-0.000000,0.000000,0.000000,0.000000,0.000000,0.000000,0.000000
195,0.195000,13,candle_0,candle,-0.500000,0.075000,-0.450000,1.000000,0.000000,0.000000,-0.000000,0.000000,0.000000,0.000000,0.000000,0.000000,0.000000
195,0.195000,14,candle_1,candle,-0.500000,0.075000,0.450000,1.000000,0.000000,0.000000,-0.000000,0.000000,0.000000,0.000000,0.000000,0.000000,0.000000
195,0.195000,15,candle_2,candle,0.500000,0.075000,-0.450000,1.000000,0.000000,0.000000,-0.000000,0.000000,0.000000,0.000000,0.000000,0.000000,0.000000
195,0.195000,16,candle_3,candle,0.500000,0.075000,0.450000,1.000000,0.000000,0.000000,-0.000000,0.000000,0.000000,0.000000,0.000000,0.000000,0.000000
195,0.195000,17,pot,pot,0.000000,0.412752,0.000000,1.000000,0.000000,0.000000,0.000000,0.000000,-1.885414,0.000000,0.000000,0.000000,0.000000
200,0.200000,1,plate_0,plate,-0.320000,0.040000,-0.280000,1.000000,0.000000,0.000000,-0.000000,0.000000,0.000000,0.000000,0.000000,0.000000,0.000000
200,0.200000,2,fork_0,fork,-0.450000,0.035000,-0.280000,0.707107,-0.000000,0.707107,-0.000000,0.000000,0.000000,0.000000,0.000000,0.000000,0.000000
200,0.200000,3,knife_0,knife,-0.190000,0.035000,-0.280000,0.707107,-0.000000,0.707107,-0.000000,0.000000,0.000000,0.000000,0.000000,0.000000,0.000000
200,0.200000,4,plate_1,plate,-0.320000,0.040000,0.280000,1.000000,0.000000,0.000000,-0.000000,0.000000,0.000000,0.000000,0.000000,0.000000,0.000000
200,0.200000,5,fork_1,fork,-0.190000,0.035000,0.280000,0.707107,-0.000000,0.707107,-0.000000,0.000000,0.000000,0.000000,0.000000,0.000000,0.000000
200,0.200000,6,knife_1,knife,-0.450000,0.035000,0.280000,0.707107,-0.000000,0.707107,-0.000000,0.000000,0.000000,0.000000,0.000000,0.000000,0.000000
200,0.200000,7,plate_2,plate,0.320000,0.040000,-0.280000,1.000000,0.000000,0.000000,-0.000000,0.000000,0.000000,0.000000,0.000000,0.000000,0.000000
200,0.200000,8,fork_2,fork,0.190000,0.035000,-0.280000,0.707107,-0.000000,0.707107,-0.000000,0.000000,0.000000,0.000000,0.000000,0.000000,0.000000
200,0.200000,9,knife_2,knife,0.450000,0.035000,-0.280000,0.707107,-0.000000,0.707107,-0.000000,0.000000,0.000000,0.000000,0.000000,0.000000,0.000000
200,0.200000,10,plate_3,plate,0.320000,0.040000,0.280000,1.000000,0.000000,0.000000,-0.000000,0.000000,0.000000,0.000000,0.000000,0.000000,0.000000
200,0.200000,11,fork_3,fork,0.450000,0.035000,0.280000,0.707107,-0.000000,0.707107,-0.000000,0.000000,0.000000,0.000000,0.000000,0.000000,0.000000
200,0.200000,12,knife_3,knife,0.190000,0.035000,0.280000,0.707107,-0.000000,0.707107,-0.000000,0.000000,0.000000,0.000000,0.000000,0.000000,0.000000
200,0.200000,13,candle_0,candle,-0.500000,0.075000,-0.450000,1.000000,0.000000,0.000000,-0.000000,0.000000,0.000000,0.000000,0.000000,0.000000,0.000000
200,0.200000,14,candle_1,candle,-0.500000,0.075000,0.450000,1.000000,0.000000,0.000000,-0.000000,0.000000,0.000000,0.000000,0.000000,0.000000,0.000000
200,0.200000,15,candle_2,candle,0.500000,0.075000,-0.450000,1.000000,0.000000,0.000000,-0.000000,0.000000,0.000000,0.000000,0.000000,0.000000,0.000000
200,0.200000,16,candle_3,candle,0.500000,0.075000,0.450000,1.000000,0.000000,0.000000,-0.000000,0.000000,0.000000,0.000000,0.000000,0.000000,0.000000
200,0.200000,17,pot,pot,0.000000,0.403193,0.000000,1.000000,0.000000,0.000000,0.000000,0.000000,-1.935482,0.000000,0.000000,0.000000,0.000000
205,0.205000,1,plate_0,plate,-0.320000,0.040000,-0.280000,1.000000,0.000000,0.000000,-0.000000,0.000000,0.000000,0.000000,0.000000,0.000000,0.000000
205,0.205000,2,fork_0,fork,-0.450000,0.035000,-0.280000,0.707107,-0.000000,0.707107,-0.000000,0.000000,0.000000,0.000000,0.000000,0.000000,0.000000
205,0.205000,3,knife_0,knife,-0.190000,0.035000,-0.280000,0.707107,-0.000000,0.707107,-0.000000,0.000000,0.000000,0.000000,0.000000,0.000000,0.000000
205,0.205000,4,plate_1,plate,-0.320000,0.040000,0.280000,1.000000,0.000000,0.000000,-0.000000,0.000000,0.000000,0.000000,0.000000,0.000000,0.000000
205,0.205000,5,fork_1,fork,-0.190000,0.035000,0.280000,0.707107,-0.000000,0.707107,-0.000000,0.000000,0.000000,0.000000,0.000000,0.000000,0.000000
205,0.205000,6,knife_1,knife,-0.450000,0.035000,0.280000,0.707107,-0.000000,0.707107,-0.000000,0.000000,0.000000,0.000000,0.000000,0.000000,0.000000
205,0.205000,7,plate_2,plate,0.320000,0.040000,-0.280000,1.000000,0.000000,0.000000,-0.000000,0.000000,0.000000,0.000000,0.000000,0.000000,0.000000
205,0.205000,8,fork_2,fork,0.190000,0.035000,-0.280000,0.707107,-0.000000,0.707107,-0.000000,0.000000,0.000000,0.000000,0.000000,0.000000,0.000000
205,0.205000,9,knife_2,knife,0.450000,0.035000,-0.280000,0.707107,-0.000000,0.707107,-0.000000,0.000000,0.000000,0.000000,0.000000,0.000000,0.000000
205,0.205000,10,plate_3,plate,0.320000,0.040000,0.280000,1.000000,0.000000,0.000000,-0.000000,0.000000,0.000000,0.000000,0.000000,0.000000,0.000000
205,0.205000,11,fork_3,fork,0.450000,0.035000,0.280000,0.707107,-0.000000,0.707107,-0.000000,0.000000,0.000000,0.000000,0.000000,0.000000,0.000000
205,0.205000,12,knife_3,knife,0.190000,0.035000,0.280000,0.707107,-0.000000,0.707107,-0.000000,0.000000,0.000000,0.000000,0.000000,0.000000,0.000000
205,0.205000,13,candle_0,candle,-0.500000,0.075000,-0.450000,1.000000,0.000000,0.000000,-0.000000,0.000000,0.000000,0.000000,0.000000,0.000000,0.000000
205,0.205000,14,candle_1,candle,-0.500000,0.075000,0.450000,1.000000,0.000000,0.000000,-0.000000,0.000000,0.000000,0.000000,0.000000,0.000000,0.000000
205,0.205000,15,candle_2,candle,0.500000,0.075000,-0.450000,1.000000,0.000000,0.000000,-0.000000,0.000000,0.000000,0.000000,0.000000,0.000000,0.000000
205,0.205000,16,candle_3,candle,0.500000,0.075000,0.450000,1.000000,0.000000,0.000000,-0.000000,0.000000,0.000000,0.000000,0.000000,0.000000,0.000000
205,0.205000,17,pot,pot,0.000000,0.393384,0.000000,1.000000,0.000000,0.000000,0.000000,0.000000,-1.985550,0.000000,0.000000,0.000000,0.000000
210,0.210000,1,plate_0,plate,-0.320000,0.040000,-0.280000,1.000000,0.000000,0.000000,-0.000000,0.000000,0.000000,0.000000,0.000000,0.000000,0.000000
210,0.210000,2,fork_0,fork,-0.450000,0.035000,-0.280000,0.707107,-0.000000,0.707107,-0.000000,0.000000,0.000000,0.000000,0.000000,0.000000,0.000000
210,0.210000,3,knife_0,knife,-0.190000,0.035000,-0.280000,0.707107,-0.000000,0.707107,-0.000000,0.000000,0.000000,0.000000,0.000000,0.000000,0.000000
210,0.210000,4,plate_1,plate,-0.320000,0.040000,0.280000,1.000000,0.000000,0.000000,-0.000000,0.000000,0.000000,0.000000,0.000000,0.000000,0.000000
210,0.210000,5,fork_1,fork,-0.190000,0.035000,0.280000,0.707107,-0.000000,0.707107,-0.000000,0.000000,0.000000,0.000000,0.000000,0.000000,0.000000
210,0.210000,6,knife_1,knife,-0.450000,0.035000,0.280000,0.707107,-0.000000,0.707107,-0.000000,0.000000,0.000000,0.000000,0.000000,0.000000,0.000000
210,0.210000,7,plate_2,plate,0.320000,0.040000,-0.280000,1.000000,0.000000,0.000000,-0.000000,0.000000,0.000000,0.000000,0.000000,0.000000,0.000000
210,0.210000,8,fork_2,fork,0.190000,0.035000,-0.280000,0.707107,-0.000000,0.707107,-0.000000,0.000000,0.000000,0.000000,0.000000,0.000000,0.000000
210,0.210000,9,knife_2,knife,0.450000,0.035000,-0.280000,0.707107,-0.000000,0.707107,-0.000000,0.000000,0.000000,0.000000,0.000000,0.000000,0.000000
210,0.210000,10,plate_3,plate,0.320000,0.040000,0.280000,1.000000,0.000000,0.000000,-0.000000,0.000000,0.000000,0.000000,0.000000,0.000000,0.000000
210,0.210000,11,fork_3,fork,0.450000,0.035000,0.280000,0.707107,-0.000000,0.707107,-0.000000,0.000000,0.000000,0.000000,0.000000,0.000000,0.000000
210,0.210000,12,knife_3,knife,0.190000,0.035000,0.280000,0.707107,-0.000000,0.707107,-0.000000,0.000000,0.000000,0.000000,0.000000,0.000000,0.000000
210,0.210000,13,candle_0,candle,-0.500000,0.075000,-0.450000,1.000000,0.000000,0.000000,-0.000000,0.000000,0.000000,0.000000,0.000000,0.000000,0.000000
210,0.210000,14,candle_1,candle,-0.500000,0.075000,0.450000,1.000000,0.000000,0.000000,-0.000000,0.000000,0.000000,0.000000,0.000000,0.000000,0.000000
210,0.210000,15,candle_2,candle,0.500000,0.075000,-0.450000,1.000000,0.000000,0.000000,-0.000000,0.000000,0.000000,0.000000,0.000000,0.000000,0.000000
210,0.210000,16,candle_3,candle,0.500000,0.075000,0.450000,1.000000,0.000000,0.000000,-0.000000,0.000000,0.000000,0.000000,0.000000,0.000000,0.000000
210,0.210000,17,pot,pot,0.000000,0.383325,0.000000,1.000000,0.000000,0.000000,0.000000,0.000000,-2.035618,0.000000,0.000000,0.000000,0.000000
215,0.215000,1,plate_0,plate,-0.320000,0.040000,-0.280000,1.000000,0.000000,0.000000,-0.000000,0.000000,0.000000,0.000000,0.000000,0.000000,0.000000
215,0.215000,2,fork_0,fork,-0.450000,0.035000,-0.280000,0.707107,-0.000000,0.707107,-0.000000,0.000000,0.000000,0.000000,0.000000,0.000000,0.000000
215,0.215000,3,knife_0,knife,-0.190000,0.035000,-0.280000,0.707107,-0.000000,0.707107,-0.000000,0.000000,0.000000,0.000000,0.000000,0.000000,0.000000
215,0.215000,4,plate_1,plate,-0.320000,0.040000,0.280000,1.000000,0.000000,0.000000,-0.000000,0.000000,0.000000,0.000000,0.000000,0.000000,0.000000
215,0.215000,5,fork_1,fork,-0.190000,0.035000,0.280000,0.707107,-0.000000,0.707107,-0.000000,0.000000,0.000000,0.000000,0.000000,0.000000,0.000000
215,0.215000,6,knife_1,knife,-0.450000,0.035000,0.280000,0.707107,-0.000000,0.707107,-0.000000,0.000000,0.000000,0.000000,0.000000,0.000000,0.000000
215,0.215000,7,plate_2,plate,0.320000,0.040000,-0.280000,1.000000,0.000000,0.000000,-0.000000,0.000000,0.000000,0.000000,0.000000,0.000000,0.000000
215,0.215000,8,fork_2,fork,0.190000,0.035000,-0.280000,0.707107,-0.000000,0.707107,-0.000000,0.000000,0.000000,0.000000,0.000000,0.000000,0.000000
215,0.215000,9,knife_2,knife,0.450000,0.035000,-0.280000,0.707107,-0.000000,0.707107,-0.000000,0.000000,0.000000,0.000000,0.000000,0.000000,0.000000
215,0.215000,10,plate_3,plate,0.320000,0.040000,0.280000,1.000000,0.000000,0.000000,-0.000000,0.000000,0.000000,0.000000,0.000000,0.000000,0.000000
215,0.215000,11,fork_3,fork,0.450000,0.035000,0.280000,0.707107,-0.000000,0.707107,-0.000000,0.000000,0.000000,0.000000,0.000000,0.000000,0.000000
215,0.215000,12,knife_3,knife,0.190000,0.035000,0.280000,0.707107,-0.000000,0.707107,-0.000000,0.000000,0.000000,0.000000,0.000000,0.000000,0.000000
215,0.215000,13,candle_0,candle,-0.500000,0.075000,-0.450000,1.000000,0.000000,0.000000,-0.000000,0.000000,0.000000,0.000000,0.000000,0.000000,0.000000
215,0.215000,14,candle_1,candle,-0.500000,0.075000,0.450000,1.000000,0.000000,0.000000,-0.000000,0.000000,0.000000,0.000000,0.000000,0.000000,0.000000
215,0.215000,15,candle_2,candle,0.500000,0.075000,-0.450000,1.000000,0.000000,0.000000,-0.000000,0.000000,0.000000,0.000000,0.000000,0.000000,0.000000
215,0.215000,16,candle_3,candle,0.500000,0.075000,0.450000,1.000000,0.000000,0.000000,-0.000000,0.000000,0.000000,0.000000,0.000000,0.000000,0.000000
215,0.215000,17,pot,pot,0.000000,0.373016,0.000000,1.000000,0.000000,0.000000,0.000000,0.000000,-2.085686,0.000000,0.000000,0.000000,0.000000
220,0.220000,1,plate_0,plate,-0.320000,0.040000,-0.280000,1.000000,0.000000,0.000000,-0.000000,0.000000,0.000000,0.000000,0.000000,0.000000,0.000000
220,0.220000,2,fork_0,fork,-0.450000,0.035000,-0.280000,0.707107,-0.000000,0.707107,-0.000000,0.000000,0.000000,0.000000,0.000000,0.000000,0.000000
220,0.220000,3,knife_0,knife,-0.190000,0.035000,-0.280000,0.707107,-0.000000,0.707107,-0.000000,0.000000,0.000000,0.000000,0.000000,0.000000,0.000000
220,0.220000,4,plate_1,plate,-0.320000,0.040000,0.280000,1.000000,0.000000,0.000000,-0.000000,0.000000,0.000000,0.000000,0.000000,0.000000,0.000000
220,0.220000,5,fork_1,fork,-0.190000,0.035000,0.280000,0.707107,-0.000000,0.707107,-0.000000,0.000000,0.000000,0.000000,0.000000,0.000000,0.000000
220,0.220000,6,knife_1,knife,-0.450000,0.035000,0.280000,0.707107,-0.000000,0.707107,-0.000000,0.000000,0.000000,0.000000,0.000000,0.000000,0.000000
220,0.220000,7,plate_2,plate,0.320000,0.040000,-0.280000,1.000000,0.000000,0.000000,-0.000000,0.000000,0.000000,0.000000,0.000000,0.000000,0.000000
220,0.220000,8,fork_2,fork,0.190000,0.035000,-0.280000,0.707107,-0.000000,0.707107,-0.000000,0.000000,0.000000,0.000000,0.000000,0.000000,0.000000
220,0.220000,9,knife_2,knife,0.450000,0.035000,-0.280000,0.707107,-0.000000,0.707107,-0.000000,0.000000,0.000000,0.000000,0.000000,0.000000,0.000000
220,0.220000,10,plate_3,plate,0.320000,0.040000,0.280000,1.000000,0.000000,0.000000,-0.000000,0.000000,0.000000,0.000000,0.000000,0.000000,0.000000
220,0.220000,11,fork_3,fork,0.450000,0.035000,0.280000,0.707107,-0.000000,0.707107,-0.000000,0.000000,0.000000,0.000000,0.000000,0.000000,0.000000
220,0.220000,12,knife_3,knife,0.190000,0.035000,0.280000,0.707107,-0.000000,0.707107,-0.000000,0.000000,0.000000,0.000000,0.000000,0.000000,0.000000
220,0.220000,13,candle_0,candle,-0.500000,0.075000,-0.450000,1.000000,0.000000,0.000000,-0.000000,0.000000,0.000000,0.000000,0.000000,0.000000,0.000000
220,0.220000,14,candle_1,candle,-0.500000,0.075000,0.450000,1.000000,0.000000,0.000000,-0.000000,0.000000,0.000000,0.000000,0.000000,0.000000,0.000000
220,0.220000,15,candle_2,candle,0.500000,0.075000,-0.450000,1.000000,0.000000,0.000000,-0.000000,0.000000,0.000000,0.000000,0.000000,0.000000,0.000000
220,0.220000,16,candle_3,candle,0.500000,0.075000,0.450000,1.000000,0.000000,0.000000,-0.000000,0.000000,0.000000,0.000000,0.000000,0.000000,0.000000
220,0.220000,17,pot,pot,0.000000,0.362456,0.000000,1.000000,0.000000,0.000000,0.000000,0.000000,-2.135754,0.000000,0.000000,0.000000,0.000000
225,0.225000,1,plate_0,plate,-0.320000,0.040000,-0.280000,1.000000,0.000000,0.000000,-0.000000,0.000000,0.000000,0.000000,0.000000,0.000000,0.000000
225,0.225000,2,fork_0,fork,-0.450000,0.035000,-0.280000,0.707107,-0.000000,0.707107,-0.000000,0.000000,0.000000,0.000000,0.000000,0.000000,0.000000
225,0.225000,3,knife_0,knife,-0.190000,0.035000,-0.280000,0.707107,-0.000000,0.707107,-0.000000,0.000000,0.000000,0.000000,0.000000,0.000000,0.000000
225,0.225000,4,plate_1,plate,-0.320000,0.040000,0.280000,1.000000,0.000000,0.000000,-0.000000,0.000000,0.000000,0.000000,0.000000,0.000000,0.000000
225,0.225000,5,fork_1,fork,-0.190000,0.035000,0.280000,0.707107,-0.000000,0.707107,-0.000000,0.000000,0.000000,0.000000,0.000000,0.000000,0.000000
225,0.225000,6,knife_1,knife,-0.450000,0.035000,0.280000,0.707107,-0.000000,0.707107,-0.000000,0.000000,0.000000,0.000000,0.000000,0.000000,0.000000
225,0.225000,7,plate_2,plate,0.320000,0.040000,-0.280000,1.000000,0.000000,0.000000,-0.000000,0.000000,0.000000,0.000000,0.000000,0.000000,0.000000
225,0.225000,8,fork_2,fork,0.190000,0.035000,-0.280000,0.707107,-0.000000,0.707107,-0.000000,0.000000,0.000000,0.000000,0.000000,0.000000,0.000000
225,0.225000,9,knife_2,knife,0.450000,0.035000,-0.280000,0.707107,-0.000000,0.707107,-0.000000,0.000000,0.000000,0.000000,0.000000,0.000000,0.000000
225,0.225000,10,plate_3,plate,0.320000,0.040000,0.280000,1.000000,0.000000,0.000000,-0.000000,0.000000,0.000000,0.000000,0.000000,0.000000,0.000000
225,0.225000,11,fork_3,fork,0.450000,0.035000,0.280000,0.707107,-0.000000,0.707107,-0.000000,0.000000,0.000000,0.000000,0.000000,0.000000,0.000000
225,0.225000,12,knife_3,knife,0.190000,0.035000,0.280000,0.707107,-0.000000,0.707107,-0.000000,0.000000,0.000000,0.000000,0.000000,0.000000,0.000000
225,0.225000,13,candle_0,candle,-0.500000,0.075000,-0.450000,1.000000,0.000000,0.000000,-0.000000,0.000000,0.000000,0.000000,0.000000,0.000000,0.000000
225,0.225000,14,candle_1,candle,-0.500000,0.075000,0.450000,1.000000,0.000000,0.000000,-0.000000,0.000000,0.000000,0.000000,0.000000,0.000000,0.000000
225,0.225000,15,candle_2,candle,0.500000,0.075000,-0.450000,1.000000,0.000000,0.000000,-0.000000,0.000000,0.000000,0.000000,0.000000,0.000000,0.000000
225,0.225000,16,candle_3,candle,0.500000,0.075000,0.450000,1.000000,0.000000,0.000000,-0.000000,0.000000,0.000000,0.000000,0.000000,0.000000,0.000000
225,0.225000,17,pot,pot,0.000000,0.351646,0.000000,1.000000,0.000000,0.000000,0.000000,0.000000,-2.185822,0.000000,0.000000,0.000000,0.000000
230,0.230000,1,plate_0,plate,-0.320000,0.040000,-0.280000,1.000000,0.000000,0.000000,-0.000000,0.000000,0.000000,0.000000,0.000000,0.000000,0.000000
230,0.230000,2,fork_0,fork,-0.450000,0.035000,-0.280000,0.707107,-0.000000,0.707107,-0.000000,0.000000,0.000000,0.000000,0.000000,0.000000,0.000000
230,0.230000,3,knife_0,knife,-0.190000,0.035000,-0.280000,0.707107,-0.000000,0.707107,-0.000000,0.000000,0.000000,0.000000,0.000000,0.000000,0.000000
230,0.230000,4,plate_1,plate,-0.320000,0.040000,0.280000,1.000000,0.000000,0.000000,-0.000000,0.000000,0.000000,0.000000,0.000000,0.000000,0.000000
230,0.230000,5,fork_1,fork,-0.190000,0.035000,0.280000,0.707107,-0.000000,0.707107,-0.000000,0.000000,0.000000,0.000000,0.000000,0.000000,0.000000
230,0.230000,6,knife_1,knife,-0.450000,0.035000,0.280000,0.707107,-0.000000,0.707107,-0.000000,0.000000,0.000000,0.000000,0.000000,0.000000,0.000000
230,0.230000,7,plate_2,plate,0.320000,0.040000,-0.280000,1.000000,0.000000,0.000000,-0.000000,0.000000,0.000000,0.000000,0.000000,0.000000,0.000000
230,0.230000,8,fork_2,fork,0.190000,0.035000,-0.280000,0.707107,-0.000000,0.707107,-0.000000,0.000000,0.000000,0.000000,0.000000,0.000000,0.000000
230,0.230000,9,knife_2,knife,0.450000,0.035000,-0.280000,0.707107,-0.000000,0.707107,-0.000000,0.000000,0.000000,0.000000,0.000000,0.000000,0.000000
230,0.230000,10,plate_3,plate,0.320000,0.040000,0.280000,1.000000,0.000000,0.000000,-0.000000,0.000000,0.000000,0.000000,0.000000,0.000000,0.000000
230,0.230000,11,fork_3,fork,0.450000,0.035000,0.280000,0.707107,-0.000000,0.707107,-0.000000,0.000000,0.000000,0.000000,0.000000,0.000000,0.000000
230,0.230000,12,knife_3,knife,0.190000,0.035000,0.280000,0.707107,-0.000000,0.707107,-0.000000,0.000000,0.000000,0.000000,0.000000,0.000000,0.000000
230,0.230000,13,candle_0,candle,-0.500000,0.075000,-0.450000,1.000000,0.000000,0.000000,-0.000000,0.000000,0.000000,0.000000,0.000000,0.000000,0.000000
230,0.230000,14,candle_1,candle,-0.500000,0.075000,0.450000,1.000000,0.000000,0.000000,-0.000000,0.000000,0.000000,0.000000,0.000000,0.000000,0.000000
230,0.230000,15,candle_2,candle,0.500000,0.075000,-0.450000,1.000000,0.000000,0.000000,-0.000000,0.000000,0.000000,0.000000,0.000000,0.000000,0.000000
230,0.230000,16,candle_3,candle,0.500000,0.075000,0.450000,1.000000,0.000000,0.000000,-0.000000,0.000000,0.000000,0.000000,0.000000,0.000000,0.000000
230,0.230000,17,pot,pot,0.000000,0.340585,0.000000,1.000000,0.000000,0.000000,0.000000,0.000000,-2.235889,0.000000,0.000000,0.000000,0.000000
235,0.235000,1,plate_0,plate,-0.320000,0.040000,-0.280000,1.000000,0.000000,0.000000,-0.000000,0.000000,0.000000,0.000000,0.000000,0.000000,0.000000
235,0.235000,2,fork_0,fork,-0.450000,0.035000,-0.280000,0.707107,-0.000000,0.707107,-0.000000,0.000000,0.000000,0.000000,0.000000,0.000000,0.000000
235,0.235000,3,knife_0,knife,-0.190000,0.035000,-0.280000,0.707107,-0.000000,0.707107,-0.000000,0.000000,0.000000,0.000000,0.000000,0.000000,0.000000
235,0.235000,4,plate_1,plate,-0.320000,0.040000,0.280000,1.000000,0.000000,0.000000,-0.000000,0.000000,0.000000,0.000000,0.000000,0.000000,0.000000
235,0.235000,5,fork_1,fork,-0.190000,0.035000,0.280000,0.707107,-0.000000,0.707107,-0.000000,0.000000,0.000000,0.000000,0.000000,0.000000,0.000000
235,0.235000,6,knife_1,knife,-0.450000,0.035000,0.280000,0.707107,-0.000000,0.707107,-0.000000,0.000000,0.000000,0.000000,0.000000,0.000000,0.000000
235,0.235000,7,plate_2,plate,0.320000,0.040000,-0.280000,1.000000,0.000000,0.000000,-0.000000,0.000000,0.000000,0.000000,0.000000,0.000000,0.000000
235,0.235000,8,fork_2,fork,0.190000,0.035000,-0.280000,0.707107,-0.000000,0.707107,-0.000000,0.000000,0.000000,0.000000,0.000000,0.000000,0.000000
235,0.235000,9,knife_2,knife,0.450000,0.035000,-0.280000,0.707107,-0.000000,0.707107,-0.000000,0.000000,0.000000,0.000000,0.000000,0.000000,0.000000
235,0.235000,10,plate_3,plate,0.320000,0.040000,0.280000,1.000000,0.000000,0.000000,-0.000000,0.000000,0.000000,0.000000,0.000000,0.000000,0.000000
235,0.235000,11,fork_3,fork,0.450000,0.035000,0.280000,0.707107,-0.000000,0.707107,-0.000000,0.000000,0.000000,0.000000,0.000000,0.000000,0.000000
235,0.235000,12,knife_3,knife,0.190000,0.035000,0.280000,0.707107,-0.000000,0.707107,-0.000000,0.000000,0.000000,0.000000,0.000000,0.000000,0.000000
235,0.235000,13,candle_0,candle,-0.500000,0.075000,-0.450000,1.000000,0.000000,0.000000,-0.000000,0.000000,0.000000,0.000000,0.000000,0.000000,0.000000
235,0.235000,14,candle_1,candle,-0.500000,0.075000,0.450000,1.000000,0.000000,0.000000,-0.000000,0.000000,0.000000,0.000000,0.000000,0.000000,0.000000
235,0.235000,15,candle_2,candle,0.500000,0.075000,-0.450000,1.000000,0.000000,0.000000,-0.000000,0.000000,0.000000,0.000000,0.000000,0.000000,0.000000
235,0.235000,16,candle_3,candle,0.500000,0.075000,0.450000,1.000000,0.000000,0.000000,-0.000000,0.000000,0.000000,0.000000,0.000000,0.000000,0.000000
235,0.235000,17,pot,pot,0.000000,0.329274,0.000000,1.000000,0.000000,0.000000,0.000000,0.000000,-2.285957,0.000000,0.000000,0.000000,0.000000
240,0.240000,1,plate_0,plate,-0.320000,0.040000,-0.280000,1.000000,0.000000,0.000000,-0.000000,0.000000,0.000000,0.000000,0.000000,0.000000,0.000000
240,0.240000,2,fork_0,fork,-0.450000,0.035000,-0.280000,0.707107,-0.000000,0.707107,-0.000000,0.000000,0.000000,0.000000,0.000000,0.000000,0.000000
240,0.240000,3,knife_0,knife,-0.190000,0.035000,-0.280000,0.707107,-0.000000,0.707107,-0.000000,0.000000,0.000000,0.000000,0.000000,0.000000,0.000000
240,0.240000,4,plate_1,plate,-0.320000,0.040000,0.280000,1.000000,0.000000,0.000000,-0.000000,0.000000,0.000000,0.000000,0.000000,0.000000,0.000000
240,0.240000,5,fork_1,fork,-0.190000,0.035000,0.280000,0.707107,-0.000000,0.707107,-0.000000,0.000000,0.000000,0.000000,0.000000,0.000000,0.000000
240,0.240000,6,knife_1,knife,-0.450000,0.035000,0.280000,0.707107,-0.000000,0.707107,-0.000000,0.000000,0.000000,0.000000,0.000000,0.000000,0.000000
240,0.240000,7,plate_2,plate,0.320000,0.040000,-0.280000,1.000000,0.000000,0.000000,-0.000000,0.000000,0.000000,0.000000,0.000000,0.000000,0.000000
240,0.240000,8,fork_2,fork,0.190000,0.035000,-0.280000,0.707107,-0.000000,0.707107,-0.000000,0.000000,0.000000,0.000000,0.000000,0.000000,0.000000
240,0.240000,9,knife_2,knife,0.450000,0.035000,-0.280000,0.707107,-0.000000,0.707107,-0.000000,0.000000,0.000000,0.000000,0.000000,0.000000,0.000000
240,0.240000,10,plate_3,plate,0.320000,0.040000,0.280000,1.000000,0.000000,0.000000,-0.000000,0.000000,0.000000,0.000000,0.000000,0.000000,0.000000
240,0.240000,11,fork_3,fork,0.450000,0.035000,0.280000,0.707107,-0.000000,0.707107,-0.000000,0.000000,0.000000,0.000000,0.000000,0.000000,0.000000
240,0.240000,12,knife_3,knife,0.190000,0.035000,0.280000,0.707107,-0.000000,0.707107,-0.000000,0.000000,0.000000,0.000000,0.000000,0.000000,0.000000
240,0.240000,13,candle_0,candle,-0.500000,0.075000,-0.450000,1.000000,0.000000,0.000000,-0.000000,0.000000,0.000000,0.000000,0.000000,0.000000,0.000000
240,0.240000,14,candle_1,candle,-0.500000,0.075000,0.450000,1.000000,0.000000,0.000000,-0.000000,0.000000,0.000000,0.000000,0.000000,0.000000,0.000000
240,0.240000,15,candle_2,candle,0.500000,0.075000,-0.450000,1.000000,0.000000,0.000000,-0.000000,0.000000,0.000000,0.000000,0.000000,0.000000,0.000000
240,0.240000,16,candle_3,candle,0.500000,0.075000,0.450000,1.000000,0.000000,0.000000,-0.000000,0.000000,0.000000,0.000000,0.000000,0.000000,0.000000
240,0.240000,17,pot,pot,0.000000,0.317713,0.000000,1.000000,0.000000,0.000000,0.000000,0.000000,-2.336025,0.000000,0.000000,0.000000,0.000000
245,0.245000,1,plate_0,plate,-0.320000,0.040000,-0.280000,1.000000,0.000000,0.000000,-0.000000,0.000000,0.000000,0.000000,0.000000,0.000000,0.000000
245,0.245000,2,fork_0,fork,-0.450000,0.035000,-0.280000,0.707107,-0.000000,0.707107,-0.000000,0.000000,0.000000,0.000000,0.000000,0.000000,0.000000
245,0.245000,3,knife_0,knife,-0.190000,0.035000,-0.280000,0.707107,-0.000000,0.707107,-0.000000,0.000000,0.000000,0.000000,0.000000,0.000000,0.000000
245,0.245000,4,plate_1,plate,-0.320000,0.040000,0.280000,1.000000,0.000000,0.000000,-0.000000,0.000000,0.000000,0.000000,0.000000,0.000000,0.000000
245,0.245000,5,fork_1,fork,-0.190000,0.035000,0.280000,0.707107,-0.000000,0.707107,-0.000000,0.000000,0.000000,0.000000,0.000000,0.000000,0.000000
245,0.245000,6,knife_1,knife,-0.450000,0.035000,0.280000,0.707107,-0.000000,0.707107,-0.000000,0.000000,0.000000,0.000000,0.000000,0.000000,0.000000
245,0.245000,7,plate_2,plate,0.320000,0.040000,-0.280000,1.000000,0.000000,0.000000,-0.000000,0.000000,0.000000,0.000000,0.000000,0.000000,0.000000
245,0.245000,8,fork_2,fork,0.190000,0.035000,-0.280000,0.707107,-0.000000,0.707107,-0.000000,0.000000,0.000000,0.000000,0.000000,0.000000,0.000000
245,0.245000,9,knife_2,knife,0.450000,0.035000,-0.280000,0.707107,-0.000000,0.707107,-0.000000,0.000000,0.000000,0.000000,0.000000,0.000000,0.000000
245,0.245000,10,plate_3,plate,0.320000,0.040000,0.280000,1.000000,0.000000,0.000000,-0.000000,0.000000,0.000000,0.000000,0.000000,0.000000,0.000000
245,0.245000,11,fork_3,fork,0.450000,0.035000,0.280000,0.707107,-0.000000,0.707107,-0.000000,0.000000,0.000000,0.000000,0.000000,0.000000,0.000000
245,0.245000,12,knife_3,knife,0.190000,0.035000,0.280000,0.707107,-0.000000,0.707107,-0.000000,0.000000,0.000000,0.000000,0.000000,0.000000,0.000000
245,0.245000,13,candle_0,candle,-0.500000,0.075000,-0.450000,1.000000,0.000000,0.000000,-0.000000,0.000000,0.000000,0.000000,0.000000,0.000000,0.000000
245,0.245000,14,candle_1,candle,-0.500000,0.075000,0.450000,1.000000,0.000000,0.000000,-0.000000,0.000000,0.000000,0.000000,0.000000,0.000000,0.000000
245,0.245000,15,candle_2,candle,0.500000,0.075000,-0.450000,1.000000,0.000000,0.000000,-0.000000,0.000000,0.000000,0.000000,0.000000,0.000000,0.000000
245,0.245000,16,candle_3,candle,0.500000,0.075000,0.450000,1.000000,0.000000,0.000000,-0.000000,0.000000,0.000000,0.000000,0.000000,0.000000,0.000000
245,0.245000,17,pot,pot,0.000000,0.305902,0.000000,1.000000,0.000000,0.000000,0.000000,0.000000,-2.386093,0.000000,0.000000,0.000000,0.000000
250,0.250000,1,plate_0,plate,-0.320000,0.040000,-0.280000,1.000000,0.000000,0.000000,-0.000000,0.000000,0.000000,0.000000,0.000000,0.000000,0.000000
250,0.250000,2,fork_0,fork,-0.450000,0.035000,-0.280000,0.707107,-0.000000,0.707107,-0.000000,0.000000,0.000000,0.000000,0.000000,0.000000,0.000000
250,0.250000,3,knife_0,knife,-0.190000,0.035000,-0.280000,0.707107,-0.000000,0.707107,-0.000000,0.000000,0.000000,0.000000,0.000000,0.000000,0.000000
250,0.250000,4,plate_1,plate,-0.320000,0.040000,0.280000,1.000000,0.000000,0.000000,-0.000000,0.000000,0.000000,0.000000,0.000000,0.000000,0.000000
250,0.250000,5,fork_1,fork,-0.190000,0.035000,0.280000,0.707107,-0.000000,0.707107,-0.000000,0.000000,0.000000,0.000000,0.000000,0.000000,0.000000
250,0.250000,6,knife_1,knife,-0.450000,0.035000,0.280000,0.707107,-0.000000,0.707107,-0.000000,0.000000,0.000000,0.000000,0.000000,0.000000,0.000000
250,0.250000,7,plate_2,plate,0.320000,0.040000,-0.280000,1.000000,0.000000,0.000000,-0.000000,0.000000,0.000000,0.000000,0.000000,0.000000,0.000000
250,0.250000,8,fork_2,fork,0.190000,0.035000,-0.280000,0.707107,-0.000000,0.707107,-0.000000,0.000000,0.000000,0.000000,0.000000,0.000000,0.000000
250,0.250000,9,knife_2,knife,0.450000,0.035000,-0.280000,0.707107,-0.000000,0.707107,-0.000000,0.000000,0.000000,0.000000,0.000000,0.000000,0.000000
250,0.250000,10,plate_3,plate,0.320000,0.040000,0.280000,1.000000,0.000000,0.000000,-0.000000,0.000000,0.000000,0.000000,0.000000,0.000000,0.000000
250,0.250000,11,fork_3,fork,0.450000,0.035000,0.280000,0.707107,-0.000000,0.707107,-0.000000,0.000000,0.000000,0.000000,0.000000,0.000000,0.000000
250,0.250000,12,knife_3,knife,0.190000,0.035000,0.280000,0.707107,-0.000000,0.707107,-0.000000,0.000000,0.000000,0.000000,0.000000,0.000000,0.000000
250,0.250000,13,candle_0,candle,-0.500000,0.075000,-0.450000,1.000000,0.000000,0.000000,-0.000000,0.000000,0.000000,0.000000,0.000000,0.000000,0.000000
250,0.250000,14,candle_1,candle,-0.500000,0.075000,0.450000,1.000000,0.000000,0.000000,-0.000000,0.000000,0.000000,0.000000,0.000000,0.000000,0.000000
250,0.250000,15,candle_2,candle,0.500000,0.075000,-0.450000,1.000000,0.000000,0.000000,-0.000000,0.000000,0.000000,0.000000,0.000000,0.000000,0.000000
250,0.250000,16,candle_3,candle,0.500000,0.075000,0.450000,1.000000,0.000000,0.000000,-0.000000,0.000000,0.000000,0.000000,0.000000,0.000000,0.000000
250,0.250000,17,pot,pot,0.000000,0.293840,0.000000,1.000000,0.000000,0.000000,0.000000,0.000000,-2.436161,0.000000,0.000000,0.000000,0.000000
255,0.255000,1,plate_0,plate,-0.320000,0.040000,-0.280000,1.000000,0.000000,0.000000,-0.000000,0.000000,0.000000,0.000000,0.000000,0.000000,0.000000
255,0.255000,2,fork_0,fork,-0.450000,0.035000,-0.280000,0.707107,-0.000000,0.707107,-0.000000,0.000000,0.000000,0.000000,0.000000,0.000000,0.000000
255,0.255000,3,knife_0,knife,-0.190000,0.035000,-0.280000,0.707107,-0.000000,0.707107,-0.000000,0.000000,0.000000,0.000000,0.000000,0.000000,0.000000
255,0.255000,4,plate_1,plate,-0.320000,0.040000,0.280000,1.000000,0.000000,0.000000,-0.000000,0.000000,0.000000,0.000000,0.000000,0.000000,0.000000
255,0.255000,5,fork_1,fork,-0.190000,0.035000,0.280000,0.707107,-0.000000,0.707107,-0.000000,0.000000,0.000000,0.000000,0.000000,0.000000,0.000000
255,0.255000,6,knife_1,knife,-0.450000,0.035000,0.280000,0.707107,-0.000000,0.707107,-0.000000,0.000000,0.000000,0.000000,0.000000,0.000000,0.000000
255,0.255000,7,plate_2,plate,0.320000,0.040000,-0.280000,1.000000,0.000000,0.000000,-0.000000,0.000000,0.000000,0.000000,0.000000,0.000000,0.000000
255,0.255000,8,fork_2,fork,0.190000,0.035000,-0.280000,0.707107,-0.000000,0.707107,-0.000000,0.000000,0.000000,0.000000,0.000000,0.000000,0.000000
255,0.255000,9,knife_2,knife,0.450000,0.035000,-0.280000,0.707107,-0.000000,0.707107,-0.000000,0.000000,0.000000,0.000000,0.000000,0.000000,0.000000
255,0.255000,10,plate_3,plate,0.320000,0.040000,0.280000,1.000000,0.000000,0.000000,-0.000000,0.000000,0.000000,0.000000,0.000000,0.000000,0.000000
255,0.255000,11,fork_3,fork,0.450000,0.035000,0.280000,0.707107,-0.000000,0.707107,-0.000000,0.000000,0.000000,0.000000,0.000000,0.000000,0.000000
255,0.255000,12,knife_3,knife,0.190000,0.035000,0.280000,0.707107,-0.000000,0.707107,-0.000000,0.000000,0.000000,0.000000,0.000000,0.000000,0.000000
255,0.255000,13,candle_0,candle,-0.500000,0.075000,-0.450000,1.000000,0.000000,0.000000,-0.000000,0.000000,0.000000,0.000000,0.000000,0.000000,0.000000
255,0.255000,14,candle_1,candle,-0.500000,0.075000,0.450000,1.000000,0.000000,0.000000,-0.000000,0.000000,0.000000,0.000000,0.000000,0.000000,0.000000
255,0.255000,15,candle_2,candle,0.500000,0.075000,-0.450000,1.000000,0.000000,0.000000,-0.000000,0.000000,0.000000,0.000000,0.000000,0.000000,0.000000
255,0.255000,16,candle_3,candle,0.500000,0.075000,0.450000,1.000000,0.000000,0.000000,-0.000000,0.000000,0.000000,0.000000,0.000000,0.000000,0.000000
255,0.255000,17,pot,pot,0.000000,0.281527,0.000000,1.000000,0.000000,0.000000,0.000000,0.000000,-2.486229,0.000000,0.000000,0.000000,0.000000
260,0.260000,1,plate_0,plate,-0.320000,0.040000,-0.280000,1.000000,0.000000,0.000000,-0.000000,0.000000,0.000000,0.000000,0.000000,0.000000,0.000000
260,0.260000,2,fork_0,fork,-0.450000,0.035000,-0.280000,0.707107,-0.000000,0.707107,-0.000000,0.000000,0.000000,0.000000,0.000000,0.000000,0.000000
260,0.260000,3,knife_0,knife,-0.190000,0.035000,-0.280000,0.707107,-0.000000,0.707107,-0.000000,0.000000,0.000000,0.000000,0.000000,0.000000,0.000000
260,0.260000,4,plate_1,plate,-0.320000,0.040000,0.280000,1.000000,0.000000,0.000000,-0.000000,0.000000,0.000000,0.000000,0.000000,0.000000,0.000000
260,0.260000,5,fork_1,fork,-0.190000,0.035000,0.280000,0.707107,-0.000000,0.707107,-0.000000,0.000000,0.000000,0.000000,0.000000,0.000000,0.000000
260,0.260000,6,knife_1,knife,-0.450000,0.035000,0.280000,0.707107,-0.000000,0.707107,-0.000000,0.000000,0.000000,0.000000,0.000000,0.000000,0.000000
260,0.260000,7,plate_2,plate,0.320000,0.040000,-0.280000,1.000000,0.000000,0.000000,-0.000000,0.000000,0.000000,0.000000,0.000000,0.000000,0.000000
260,0.260000,8,fork_2,fork,0.190000,0.035000,-0.280000,0.707107,-0.000000,0.707107,-0.000000,0.000000,0.000000,0.000000,0.000000,0.000000,0.000000
260,0.260000,9,knife_2,knife,0.450000,0.035000,-0.280000,0.707107,-0.000000,0.707107,-0.000000,0.000000,0.000000,0.000000,0.000000,0.000000,0.000000
260,0.260000,10,plate_3,plate,0.320000,0.040000,0.280000,1.000000,0.000000,0.000000,-0.000000,0.000000,0.000000,0.000000,0.000000,0.000000,0.000000
260,0.260000,11,fork_3,fork,0.450000,0.035000,0.280000,0.707107,-0.000000,0.707107,-0.000000,0.000000,0.000000,0.000000,0.000000,0.000000,0.000000
260,0.260000,12,knife_3,knife,0.190000,0.035000,0.280000,0.707107,-0.000000,0.707107,-0.000000,0.000000,0.000000,0.000000,0.000000,0.000000,0.000000
260,0.260000,13,candle_0,candle,-0.500000,0.075000,-0.450000,1.000000,0.000000,0.000000,-0.000000,0.000000,0.000000,0.000000,0.000000,0.000000,0.000000
260,0.260000,14,candle_1,candle,-0.500000,0.075000,0.450000,1.000000,0.000000,0.000000,-0.000000,0.000000,0.000000,0.000000,0.000000,0.000000,0.000000
260,0.260000,15,candle_2,candle,0.500000,0.075000,-0.450000,1.000000,0.000000,0.000000,-0.000000,0.000000,0.000000,0.000000,0.000000,0.000000,0.000000
260,0.260000,16,candle_3,candle,0.500000,0.075000,0.450000,1.000000,0.000000,0.000000,-0.000000,0.000000,0.000000,0.000000,0.000000,0.000000,0.000000
260,0.260000,17,pot,pot,0.000000,0.268965,0.000000,1.000000,0.000000,0.000000,0.000000,0.000000,-2.536297,0.000000,0.000000,0.000000,0.000000
265,0.265000,1,plate_0,plate,-0.320000,0.040000,-0.280000,1.000000,0.000000,0.000000,-0.000000,0.000000,0.000000,0.000000,0.000000,0.000000,0.000000
265,0.265000,2,fork_0,fork,-0.450000,0.035000,-0.280000,0.707107,-0.000000,0.707107,-0.000000,0.000000,0.000000,0.000000,0.000000,0.000000,0.000000
265,0.265000,3,knife_0,knife,-0.190000,0.035000,-0.280000,0.707107,-0.000000,0.707107,-0.000000,0.000000,0.000000,0.000000,0.000000,0.000000,0.000000
265,0.265000,4,plate_1,plate,-0.320000,0.040000,0.280000,1.000000,0.000000,0.000000,-0.000000,0.000000,0.000000,0.000000,0.000000,0.000000,0.000000
265,0.265000,5,fork_1,fork,-0.190000,0.035000,0.280000,0.707107,-0.000000,0.707107,-0.000000,0.000000,0.000000,0.000000,0.000000,0.000000,0.000000
265,0.265000,6,knife_1,knife,-0.450000,0.035000,0.280000,0.707107,-0.000000,0.707107,-0.000000,0.000000,0.000000,0.000000,0.000000,0.000000,0.000000
265,0.265000,7,plate_2,plate,0.320000,0.040000,-0.280000,1.000000,0.000000,0.000000,-0.000000,0.000000,0.000000,0.000000,0.000000,0.000000,0.000000
265,0.265000,8,fork_2,fork,0.190000,0.035000,-0.280000,0.707107,-0.000000,0.707107,-0.000000,0.000000,0.000000,0.000000,0.000000,0.000000,0.000000
265,0.265000,9,knife_2,knife,0.450000,0.035000,-0.280000,0.707107,-0.000000,0.707107,-0.000000,0.000000,0.000000,0.000000,0.000000,0.000000,0.000000
265,0.265000,10,plate_3,plate,0.320000,0.040000,0.280000,1.000000,0.000000,0.000000,-0.000000,0.000000,0.000000,0.000000,0.000000,0.000000,0.000000
265,0.265000,11,fork_3,fork,0.450000,0.035000,0.280000,0.707107,-0.000000,0.707107,-0.000000,0.000000,0.000000,0.000000,0.000000,0.000000,0.000000
265,0.265000,12,knife_3,knife,0.190000,0.035000,0.280000,0.707107,-0.000000,0.707107,-0.000000,0.000000,0.000000,0.000000,0.000000,0.000000,0.000000
265,0.265000,13,candle_0,candle,-0.500000,0.075000,-0.450000,1.000000,0.000000,0.000000,-0.000000,0.000000,0.000000,0.000000,0.000000,0.000000,0.000000
265,0.265000,14,candle_1,candle,-0.500000,0.075000,0.450000,1.000000,0.000000,0.000000,-0.000000,0.000000,0.000000,0.000000,0.000000,0.000000,0.000000
265,0.265000,15,candle_2,candle,0.500000,0.075000,-0.450000,1.000000,0.000000,0.000000,-0.000000,0.000000,0.000000,0.000000,0.000000,0.000000,0.000000
265,0.265000,16,candle_3,candle,0.500000,0.075000,0.450000,1.000000,0.000000,0.000000,-0.000000,0.000000,0.000000,0.000000,0.000000,0.000000,0.000000
265,0.265000,17,pot,pot,0.000000,0.256152,0.000000,1.000000,0.000000,0.000000,0.000000,0.000000,-2.586365,0.000000,0.000000,0.000000,0.000000
270,0.270000,1,plate_0,plate,-0.320000,0.040000,-0.280000,1.000000,0.000000,0.000000,-0.000000,0.000000,0.000000,0.000000,0.000000,0.000000,0.000000
270,0.270000,2,fork_0,fork,-0.450000,0.035000,-0.280000,0.707107,-0.000000,0.707107,-0.000000,0.000000,0.000000,0.000000,0.000000,0.000000,0.000000
270,0.270000,3,knife_0,knife,-0.190000,0.035000,-0.280000,0.707107,-0.000000,0.707107,-0.000000,0.000000,0.000000,0.000000,0.000000,0.000000,0.000000
270,0.270000,4,plate_1,plate,-0.320000,0.040000,0.280000,1.000000,0.000000,0.000000,-0.000000,0.000000,0.000000,0.000000,0.000000,0.000000,0.000000
270,0.270000,5,fork_1,fork,-0.190000,0.035000,0.280000,0.707107,-0.000000,0.707107,-0.000000,0.000000,0.000000,0.000000,0.000000,0.000000,0.000000
270,0.270000,6,knife_1,knife,-0.450000,0.035000,0.280000,0.707107,-0.000000,0.707107,-0.000000,0.000000,0.000000,0.000000,0.000000,0.000000,0.000000
270,0.270000,7,plate_2,plate,0.320000,0.040000,-0.280000,1.000000,0.000000,0.000000,-0.000000,0.000000,0.000000,0.000000,0.000000,0.000000,0.000000
270,0.270000,8,fork_2,fork,0.190000,0.035000,-0.280000,0.707107,-0.000000,0.707107,-0.000000,0.000000,0.000000,0.000000,0.000000,0.000000,0.000000
270,0.270000,9,knife_2,knife,0.450000,0.035000,-0.280000,0.707107,-0.000000,0.707107,-0.000000,0.000000,0.000000,0.000000,0.000000,0.000000,0.000000
270,0.270000,10,plate_3,plate,0.320000,0.040000,0.280000,1.000000,0.000000,0.000000,-0.000000,0.000000,0.000000,0.000000,0.000000,0.000000,0.000000
270,0.270000,11,fork_3,fork,0.450000,0.035000,0.280000,0.707107,-0.000000,0.707107,-0.000000,0.000000,0.000000,0.000000,0.000000,0.000000,0.000000
270,0.270000,12,knife_3,knife,0.190000,0.035000,0.280000,0.707107,-0.000000,0.707107,-0.000000,0.000000,0.000000,0.000000,0.000000,0.000000,0.000000
270,0.270000,13,candle_0,candle,-0.500000,0.075000,-0.450000,1.000000,0.000000,0.000000,-0.000000,0.000000,0.000000,0.000000,0.000000,0.000000,0.000000
270,0.270000,14,candle_1,candle,-0.500000,0.075000,0.450000,1.000000,0.000000,0.000000,-0.000000,0.000000,0.000000,0.000000,0.000000,0.000000,0.000000
270,0.270000,15,candle_2,candle,0.500000,0.075000,-0.450000,1.000000,0.000000,0.000000,-0.000000,0.000000,0.000000,0.000000,0.000000,0.000000,0.000000
270,0.270000,16,candle_3,candle,0.500000,0.075000,0.450000,1.000000,0.000000,0.000000,-0.000000,0.000000,0.000000,0.000000,0.000000,0.000000,0.000000
270,0.270000,17,pot,pot,0.000000,0.243090,0.000000,1.000000,0.000000,0.000000,0.000000,0.000000,-2.635777,0.000000,0.000000,0.000000,0.000000
275,0.275000,1,plate_0,plate,-0.320000,0.040000,-0.280000,1.000000,0.000000,0.000000,-0.000000,0.000000,0.000000,0.000000,0.000000,0.000000,0.000000
275,0.275000,2,fork_0,fork,-0.450000,0.035000,-0.280000,0.707107,-0.000000,0.707107,-0.000000,0.000000,0.000000,0.000000,0.000000,0.000000,0.000000
275,0.275000,3,knife_0,knife,-0.190000,0.035000,-0.280000,0.707107,-0.000000,0.707107,-0.000000,0.000000,0.000000,0.000000,0.000000,0.000000,0.000000
275,0.275000,4,plate_1,plate,-0.320000,0.040000,0.280000,1.000000,0.000000,0.000000,-0.000000,0.000000,0.000000,0.000000,0.000000,0.000000,0.000000
275,0.275000,5,fork_1,fork,-0.190000,0.035000,0.280000,0.707107,-0.000000,0.707107,-0.000000,0.000000,0.000000,0.000000,0.000000,0.000000,0.000000
275,0.275000,6,knife_1,knife,-0.450000,0.035000,0.280000,0.707107,-0.000000,0.707107,-0.000000,0.000000,0.000000,0.000000,0.000000,0.000000,0.000000
275,0.275000,7,plate_2,plate,0.320000,0.040000,-0.280000,1.000000,0.000000,0.000000,-0.000000,0.000000,0.000000,0.000000,0.000000,0.000000,0.000000
275,0.275000,8,fork_2,fork,0.190000,0.035000,-0.280000,0.707107,-0.000000,0.707107,-0.000000,0.000000,0.000000,0.000000,0.000000,0.000000,0.000000
275,0.275000,9,knife_2,knife,0.450000,0.035000,-0.280000,0.707107,-0.000000,0.707107,-0.000000,0.000000,0.000000,0.000000,0.000000,0.000000,0.000000
275,0.275000,10,plate_3,plate,0.320000,0.040000,0.280000,1.000000,0.000000,0.000000,-0.000000,0.000000,0.000000,0.000000,0.000000,0.000000,0.000000
275,0.275000,11,fork_3,fork,0.450000,0.035000,0.280000,0.707107,-0.000000,0.707107,-0.000000,0.000000,0.000000,0.000000,0.000000,0.000000,0.000000
275,0.275000,12,knife_3,knife,0.190000,0.035000,0.280000,0.707107,-0.000000,0.707107,-0.000000,0.000000,0.000000,0.000000,0.000000,0.000000,0.000000
275,0.275000,13,candle_0,candle,-0.500000,0.075000,-0.450000,1.000000,0.000000,0.000000,-0.000000,0.000000,0.000000,0.000000,0.000000,0.000000,0.000000
275,0.275000,14,candle_1,candle,-0.500000,0.075000,0.450000,1.000000,0.000000,0.000000,-0.000000,0.000000,0.000000,0.000000,0.000000,0.000000,0.000000
275,0.275000,15,candle_2,candle,0.500000,0.075000,-0.450000,1.000000,0.000000,0.000000,-0.000000,0.000000,0.000000,0.000000,0.000000,0.000000,0.000000
275,0.275000,16,candle_3,candle,0.500000,0.075000,0.450000,1.000000,0.000000,0.000000,-0.000000,0.000000,0.000000,0.000000,0.000000,0.000000,0.000000
275,0.275000,17,pot,pot,0.000000,0.229782,0.000000,1.000000,0.000000,0.000000,0.000000,0.000000,-2.684653,0.000000,0.000000,0.000000,0.000000
280,0.280000,1,plate_0,plate,-0.320000,0.040000,-0.280000,1.000000,0.000000,0.000000,-0.000000,0.000000,0.000000,0.000000,0.000000,0.000000,0.000000
280,0.280000,2,fork_0,fork,-0.450000,0.035000,-0.280000,0.707107,-0.000000,0.707107,-0.000000,0.000000,0.000000,0.000000,0.000000,0.000000,0.000000
280,0.280000,3,knife_0,knife,-0.190000,0.035000,-0.280000,0.707107,-0.000000,0.707107,-0.000000,0.000000,0.000000,0.000000,0.000000,0.000000,0.000000
280,0.280000,4,plate_1,plate,-0.320000,0.040000,0.280000,1.000000,0.000000,0.000000,-0.000000,0.000000,0.000000,0.000000,0.000000,0.000000,0.000000
280,0.280000,5,fork_1,fork,-0.190000,0.035000,0.280000,0.707107,-0.000000,0.707107,-0.000000,0.000000,0.000000,0.000000,0.000000,0.000000,0.000000
280,0.280000,6,knife_1,knife,-0.450000,0.035000,0.280000,0.707107,-0.000000,0.707107,-0.000000,0.000000,0.000000,0.000000,0.000000,0.000000,0.000000
280,0.280000,7,plate_2,plate,0.320000,0.040000,-0.280000,1.000000,0.000000,0.000000,-0.000000,0.000000,0.000000,0.000000,0.000000,0.000000,0.000000
280,0.280000,8,fork_2,fork,0.190000,0.035000,-0.280000,0.707107,-0.000000,0.707107,-0.000000,0.000000,0.000000,0.000000,0.000000,0.000000,0.000000
280,0.280000,9,knife_2,knife,0.450000,0.035000,-0.280000,0.707107,-0.000000,0.707107,-0.000000,0.000000,0.000000,0.000000,0.000000,0.000000,0.000000
280,0.280000,10,plate_3,plate,0.320000,0.040000,0.280000,1.000000,0.000000,0.000000,-0.000000,0.000000,0.000000,0.000000,0.000000,0.000000,0.000000
280,0.280000,11,fork_3,fork,0.450000,0.035000,0.280000,0.707107,-0.000000,0.707107,-0.000000,0.000000,0.000000,0.000000,0.000000,0.000000,0.000000
280,0.280000,12,knife_3,knife,0.190000,0.035000,0.280000,0.707107,-0.000000,0.707107,-0.000000,0.000000,0.000000,0.000000,0.000000,0.000000,0.000000
280,0.280000,13,candle_0,candle,-0.500000,0.075000,-0.450000,1.000000,0.000000,0.000000,-0.000000,0.000000,0.000000,0.000000,0.000000,0.000000,0.000000
280,0.280000,14,candle_1,candle,-0.500000,0.075000,0.450000,1.000000,0.000000,0.000000,-0.000000,0.000000,0.000000,0.000000,0.000000,0.000000,0.000000
280,0.280000,15,candle_2,candle,0.500000,0.075000,-0.450000,1.000000,0.000000,0.000000,-0.000000,0.000000,0.000000,0.000000,0.000000,0.000000,0.000000
280,0.280000,16,candle_3,candle,0.500000,0.075000,0.450000,1.000000,0.000000,0.000000,-0.000000,0.000000,0.000000,0.000000,0.000000,0.000000,0.000000
280,0.280000,17,pot,pot,0.000000,0.216231,0.000000,1.000000,0.000000,0.000000,0.000000,0.000000,-2.733528,0.000000,0.000000,0.000000,0.000000
285,0.285000,1,plate_0,plate,-0.320000,0.040000,-0.280000,1.000000,0.000000,0.000000,-0.000000,0.000000,0.000000,0.000000,0.000000,0.000000,0.000000
285,0.285000,2,fork_0,fork,-0.450000,0.035000,-0.280000,0.707107,-0.000000,0.707107,-0.000000,0.000000,0.000000,0.000000,0.000000,0.000000,0.000000
285,0.285000,3,knife_0,knife,-0.190000,0.035000,-0.280000,0.707107,-0.000000,0.707107,-0.000000,0.000000,0.000000,0.000000,0.000000,0.000000,0.000000
285,0.285000,4,plate_1,plate,-0.320000,0.040000,0.280000,1.000000,0.000000,0.000000,-0.000000,0.000000,0.000000,0.000000,0.000000,0.000000,0.000000
285,0.285000,5,fork_1,fork,-0.190000,0.035000,0.280000,0.707107,-0.000000,0.707107,-0.000000,0.000000,0.000000,0.000000,0.000000,0.000000,0.000000
285,0.285000,6,knife_1,knife,-0.450000,0.035000,0.280000,0.707107,-0.000000,0.707107,-0.000000,0.000000,0.000000,0.000000,0.000000,0.000000,0.000000
285,0.285000,7,plate_2,plate,0.320000,0.040000,-0.280000,1.000000,0.000000,0.000000,-0.000000,0.000000,0.000000,0.000000,0.000000,0.000000,0.000000
285,0.285000,8,fork_2,fork,0.190000,0.035000,-0.280000,0.707107,-0.000000,0.707107,-0.000000,0.000000,0.000000,0.000000,0.000000,0.000000,0.000000
285,0.285000,9,knife_2,knife,0.450000,0.035000,-0.280000,0.707107,-0.000000,0.707107,-0.000000,0.000000,0.000000,0.000000,0.000000,0.000000,0.000000
285,0.285000,10,plate_3,plate,0.320000,0.040000,0.280000,1.000000,0.000000,0.000000,-0.000000,0.000000,0.000000,0.000000,0.000000,0.000000,0.000000
285,0.285000,11,fork_3,fork,0.450000,0.035000,0.280000,0.707107,-0.000000,0.707107,-0.000000,0.000000,0.000000,0.000000,0.000000,0.000000,0.000000
285,0.285000,12,knife_3,knife,0.190000,0.035000,0.280000,0.707107,-0.000000,0.707107,-0.000000,0.000000,0.000000,0.000000,0.000000,0.000000,0.000000
285,0.285000,13,candle_0,candle,-0.500000,0.075000,-0.450000,1.000000,0.000000,0.000000,-0.000000,0.000000,0.000000,0.000000,0.000000,0.000000,0.000000
285,0.285000,14,candle_1,candle,-0.500000,0.075000,0.450000,1.000000,0.000000,0.000000,-0.000000,0.000000,0.000000,0.000000,0.000000,0.000000,0.000000
285,0.285000,15,candle_2,candle,0.500000,0.075000,-0.450000,1.000000,0.000000,0.000000,-0.000000,0.000000,0.000000,0.000000,0.000000,0.000000,0.000000
285,0.285000,16,candle_3,candle,0.500000,0.075000,0.450000,1.000000,0.000000,0.000000,-0.000000,0.000000,0.000000,0.000000,0.000000,0.000000,0.000000
285,0.285000,17,pot,pot,0.000000,0.202435,0.000000,1.000000,0.000000,0.000000,0.000000,0.000000,-2.782404,0.000000,0.000000,0.000000,0.000000
290,0.290000,1,plate_0,plate,-0.320000,0.040000,-0.280000,1.000000,0.000000,0.000000,-0.000000,0.000000,0.000000,0.000000,0.000000,0.000000,0.000000
290,0.290000,2,fork_0,fork,-0.450000,0.035000,-0.280000,0.707107,-0.000000,0.707107,-0.000000,0.000000,0.000000,0.000000,0.000000,0.000000,0.000000
290,0.290000,3,knife_0,knife,-0.190000,0.035000,-0.280000,0.707107,-0.000000,0.707107,-0.000000,0.000000,0.000000,0.000000,0.000000,0.000000,0.000000
290,0.290000,4,plate_1,plate,-0.320000,0.040000,0.280000,1.000000,0.000000,0.000000,-0.000000,0.000000,0.000000,0.000000,0.000000,0.000000,0.000000
290,0.290000,5,fork_1,fork,-0.190000,0.035000,0.280000,0.707107,-0.000000,0.707107,-0.000000,0.000000,0.000000,0.000000,0.000000,0.000000,0.000000
290,0.290000,6,knife_1,knife,-0.450000,0.035000,0.280000,0.707107,-0.000000,0.707107,-0.000000,0.000000,0.000000,0.000000,0.000000,0.000000,0.000000
290,0.290000,7,plate_2,plate,0.320000,0.040000,-0.280000,1.000000,0.000000,0.000000,-0.000000,0.000000,0.000000,0.000000,0.000000,0.000000,0.000000
290,0.290000,8,fork_2,fork,0.190000,0.035000,-0.280000,0.707107,-0.000000,0.707107,-0.000000,0.000000,0.000000,0.000000,0.000000,0.000000,0.000000
290,0.290000,9,knife_2,knife,0.450000,0.035000,-0.280000,0.707107,-0.000000,0.707107,-0.000000,0.000000,0.000000,0.000000,0.000000,0.000000,0.000000
290,0.290000,10,plate_3,plate,0.320000,0.040000,0.280000,1.000000,0.000000,0.000000,-0.000000,0.000000,0.000000,0.000000,0.000000,0.000000,0.000000
290,0.290000,11,fork_3,fork,0.450000,0.035000,0.280000,0.707107,-0.000000,0.707107,-0.000000,0.000000,0.000000,0.000000,0.000000,0.000000,0.000000
290,0.290000,12,knife_3,knife,0.190000,0.035000,0.280000,0.707107,-0.000000,0.707107,-0.000000,0.000000,0.000000,0.000000,0.000000,0.000000,0.000000
290,0.290000,13,candle_0,candle,-0.500000,0.075000,-0.450000,1.000000,0.000000,0.000000,-0.000000,0.000000,0.000000,0.000000,0.000000,0.000000,0.000000
290,0.290000,14,candle_1,candle,-0.500000,0.075000,0.450000,1.000000,0.000000,0.000000,-0.000000,0.000000,0.000000,0.000000,0.000000,0.000000,0.000000
290,0.290000,15,candle_2,candle,0.500000,0.075000,-0.450000,1.000000,0.000000,0.000000,-0.000000,0.000000,0.000000,0.000000,0.000000,0.000000,0.000000
290,0.290000,16,candle_3,candle,0.500000,0.075000,0.450000,1.000000,0.000000,0.000000,-0.000000,0.000000,0.000000,0.000000,0.000000,0.000000,0.000000
290,0.290000,17,pot,pot,0.000000,0.188395,0.000000,1.000000,0.000000,0.000000,0.000000,0.000000,-2.831280,0.000000,0.000000,0.000000,0.000000
295,0.295000,1,plate_0,plate,-0.320000,0.040000,-0.280000,1.000000,0.000000,0.000000,-0.000000,0.000000,0.000000,0.000000,0.000000,0.000000,0.000000
295,0.295000,2,fork_0,fork,-0.450000,0.035000,-0.280000,0.707107,-0.000000,0.707107,-0.000000,0.000000,0.000000,0.000000,0.000000,0.000000,0.000000
295,0.295000,3,knife_0,knife,-0.190000,0.035000,-0.280000,0.707107,-0.000000,0.707107,-0.000000,0.000000,0.000000,0.000000,0.000000,0.000000,0.000000
295,0.295000,4,plate_1,plate,-0.320000,0.040000,0.280000,1.000000,0.000000,0.000000,-0.000000,0.000000,0.000000,0.000000,0.000000,0.000000,0.000000
295,0.295000,5,fork_1,fork,-0.190000,0.035000,0.280000,0.707107,-0.000000,0.707107,-0.000000,0.000000,0.000000,0.000000,0.000000,0.000000,0.000000
295,0.295000,6,knife_1,knife,-0.450000,0.035000,0.280000,0.707107,-0.000000,0.707107,-0.000000,0.000000,0.000000,0.000000,0.000000,0.000000,0.000000
295,0.295000,7,plate_2,plate,0.320000,0.040000,-0.280000,1.000000,0.000000,0.000000,-0.000000,0.000000,0.000000,0.000000,0.000000,0.000000,0.000000
295,0.295000,8,fork_2,fork,0.190000,0.035000,-0.280000,0.707107,-0.000000,0.707107,-0.000000,0.000000,0.000000,0.000000,0.000000,0.000000,0.000000
295,0.295000,9,knife_2,knife,0.450000,0.035000,-0.280000,0.707107,-0.000000,0.707107,-0.000000,0.000000,0.000000,0.000000,0.000000,0.000000,0.000000
295,0.295000,10,plate_3,plate,0.320000,0.040000,0.280000,1.000000,0.000000,0.000000,-0.000000,0.000000,0.000000,0.000000,0.000000,0.000000,0.000000
295,0.295000,11,fork_3,fork,0.450000,0.035000,0.280000,0.707107,-0.000000,0.707107,-0.000000,0.000000,0.000000,0.000000,0.000000,0.000000,0.000000
295,0.295000,12,knife_3,knife,0.190000,0.035000,0.280000,0.707107,-0.000000,0.707107,-0.000000,0.000000,0.000000,0.000000,0.000000,0.000000,0.000000
295,0.295000,13,candle_0,candle,-0.500000,0.075000,-0.450000,1.000000,0.000000,0.000000,-0.000000,0.000000,0.000000,0.000000,0.000000,0.000000,0.000000
295,0.295000,14,candle_1,candle,-0.500000,0.075000,0.450000,1.000000,0.000000,0.000000,-0.000000,0.000000,0.000000,0.000000,0.000000,0.000000,0.000000
295,0.295000,15,candle_2,candle,0.500000,0.075000,-0.450000,1.000000,0.000000,0.000000,-0.000000,0.000000,0.000000,0.000000,0.000000,0.000000,0.000000
295,0.295000,16,candle_3,candle,0.500000,0.075000,0.450000,1.000000,0.000000,0.000000,-0.000000,0.000000,0.000000,0.000000,0.000000,0.000000,0.000000
295,0.295000,17,pot,pot,0.000000,0.174110,0.000000,1.000000,0.000000,0.000000,0.000000,0.000000,-2.880156,0.000000,0.000000,0.000000,0.000000
300,0.300000,1,plate_0,plate,-0.320000,0.040000,-0.280000,1.000000,0.000000,0.000000,-0.000000,0.000000,0.000000,0.000000,0.000000,0.000000,0.000000
300,0.300000,2,fork_0,fork,-0.450000,0.035000,-0.280000,0.707107,-0.000000,0.707107,-0.000000,0.000000,0.000000,0.000000,0.000000,0.000000,0.000000
300,0.300000,3,knife_0,knife,-0.190000,0.035000,-0.280000,0.707107,-0.000000,0.707107,-0.000000,0.000000,0.000000,0.000000,0.000000,0.000000,0.000000
300,0.300000,4,plate_1,plate,-0.320000,0.040000,0.280000,1.000000,0.000000,0.000000,-0.000000,0.000000,0.000000,0.000000,0.000000,0.000000,0.000000
300,0.300000,5,fork_1,fork,-0.190000,0.035000,0.280000,0.707107,-0.000000,0.707107,-0.000000,0.000000,0.000000,0.000000,0.000000,0.000000,0.000000
300,0.300000,6,knife_1,knife,-0.450000,0.035000,0.280000,0.707107,-0.000000,0.707107,-0.000000,0.000000,0.000000,0.000000,0.000000,0.000000,0.000000
300,0.300000,7,plate_2,plate,0.320000,0.040000,-0.280000,1.000000,0.000000,0.000000,-0.000000,0.000000,0.000000,0.000000,0.000000,0.000000,0.000000
300,0.300000,8,fork_2,fork,0.190000,0.035000,-0.280000,0.707107,-0.000000,0.707107,-0.000000,0.000000,0.000000,0.000000,0.000000,0.000000,0.000000
300,0.300000,9,knife_2,knife,0.450000,0.035000,-0.280000,0.707107,-0.000000,0.707107,-0.000000,0.000000,0.000000,0.000000,0.000000,0.000000,0.000000
300,0.300000,10,plate_3,plate,0.320000,0.040000,0.280000,1.000000,0.000000,0.000000,-0.000000,0.000000,0.000000,0.000000,0.000000,0.000000,0.000000
300,0.300000,11,fork_3,fork,0.450000,0.035000,0.280000,0.707107,-0.000000,0.707107,-0.000000,0.000000,0.000000,0.000000,0.000000,0.000000,0.000000
300,0.300000,12,knife_3,knife,0.190000,0.035000,0.280000,0.707107,-0.000000,0.707107,-0.000000,0.000000,0.000000,0.000000,0.000000,0.000000,0.000000
300,0.300000,13,candle_0,candle,-0.500000,0.075000,-0.450000,1.000000,0.000000,0.000000,-0.000000,0.000000,0.000000,0.000000,0.000000,0.000000,0.000000
300,0.300000,14,candle_1,candle,-0.500000,0.075000,0.450000,1.000000,0.000000,0.000000,-0.000000,0.000000,0.000000,0.000000,0.000000,0.000000,0.000000
300,0.300000,15,candle_2,candle,0.500000,0.075000,-0.450000,1.000000,0.000000,0.000000,-0.000000,0.000000,0.000000,0.000000,0.000000,0.000000,0.000000
300,0.300000,16,candle_3,candle,0.500000,0.075000,0.450000,1.000000,0.000000,0.000000,-0.000000,0.000000,0.000000,0.000000,0.000000,0.000000,0.000000
300,0.300000,17,pot,pot,0.000000,0.159581,0.000000,1.000000,0.000000,0.000000,0.000000,0.000000,-2.929032,0.000000,0.000000,0.000000,0.000000
305,0.305000,1,plate_0,plate,-0.320000,0.040000,-0.280000,1.000000,0.000000,0.000000,-0.000000,0.000000,0.000000,0.000000,0.000000,0.000000,0.000000
305,0.305000,2,fork_0,fork,-0.450000,0.035000,-0.280000,0.707107,-0.000000,0.707107,-0.000000,0.000000,0.000000,0.000000,0.000000,0.000000,0.000000
305,0.305000,3,knife_0,knife,-0.190000,0.035000,-0.280000,0.707107,-0.000000,0.707107,-0.000000,0.000000,0.000000,0.000000,0.000000,0.000000,0.000000
305,0.305000,4,plate_1,plate,-0.320000,0.040000,0.280000,1.000000,0.000000,0.000000,-0.000000,0.000000,0.000000,0.000000,0.000000,0.000000,0.000000
305,0.305000,5,fork_1,fork,-0.190000,0.035000,0.280000,0.707107,-0.000000,0.707107,-0.000000,0.000000,0.000000,0.000000,0.000000,0.000000,0.000000
305,0.305000,6,knife_1,knife,-0.450000,0.035000,0.280000,0.707107,-0.000000,0.707107,-0.000000,0.000000,0.000000,0.000000,0.000000,0.000000,0.000000
305,0.305000,7,plate_2,plate,0.320000,0.040000,-0.280000,1.000000,0.000000,0.000000,-0.000000,0.000000,0.000000,0.000000,0.000000,0.000000,0.000000
305,0.305000,8,fork_2,fork,0.190000,0.035000,-0.280000,0.707107,-0.000000,0.707107,-0.000000,0.000000,0.000000,0.000000,0.000000,0.000000,0.000000
305,0.305000,9,knife_2,knife,0.450000,0.035000,-0.280000,0.707107,-0.000000,0.707107,-0.000000,0.000000,0.000000,0.000000,0.000000,0.000000,0.000000
305,0.305000,10,plate_3,plate,0.320000,0.040000,0.280000,1.000000,0.000000,0.000000,-0.000000,0.000000,0.000000,0.000000,0.000000,0.000000,0.000000
305,0.305000,11,fork_3,fork,0.450000,0.035000,0.280000,0.707107,-0.000000,0.707107,-0.000000,0.000000,0.000000,0.000000,0.000000,0.000000,0.000000
305,0.305000,12,knife_3,knife,0.190000,0.035000,0.280000,0.707107,-0.000000,0.707107,-0.000000,0.000000,0.000000,0.000000,0.000000,0.000000,0.000000
305,0.305000,13,candle_0,candle,-0.500000,0.075000,-0.450000,1.000000,0.000000,0.000000,-0.000000,0.000000,0.000000,0.000000,0.000000,0.000000,0.000000
305,0.305000,14,candle_1,candle,-0.500000,0.075000,0.450000,1.000000,0.000000,0.000000,-0.000000,0.000000,0.000000,0.000000,0.000000,0.000000,0.000000
305,0.305000,15,candle_2,candle,0.500000,0.075000,-0.450000,1.000000,0.000000,0.000000,-0.000000,0.000000,0.000000,0.000000,0.000000,0.000000,0.000000
305,0.305000,16,candle_3,candle,0.500000,0.075000,0.450000,1.000000,0.000000,0.000000,-0.000000,0.000000,0.000000,0.000000,0.000000,0.000000,0.000000
305,0.305000,17,pot,pot,0.000000,0.144807,0.000000,1.000000,0.000000,0.000000,0.000000,0.000000,-2.977907,0.000000,0.000000,0.000000,0.000000
310,0.310000,1,plate_0,plate,-0.320000,0.040000,-0.280000,1.000000,0.000000,0.000000,-0.000000,0.000000,0.000000,0.000000,0.000000,0.000000,0.000000
310,0.310000,2,fork_0,fork,-0.450000,0.035000,-0.280000,0.707107,-0.000000,0.707107,-0.000000,0.000000,0.000000,0.000000,0.000000,0.000000,0.000000
310,0.310000,3,knife_0,knife,-0.190000,0.035000,-0.280000,0.707107,-0.000000,0.707107,-0.000000,0.000000,0.000000,0.000000,0.000000,0.000000,0.000000
310,0.310000,4,plate_1,plate,-0.320000,0.040000,0.280000,1.000000,0.000000,0.000000,-0.000000,0.000000,0.000000,0.000000,0.000000,0.000000,0.000000
310,0.310000,5,fork_1,fork,-0.190000,0.035000,0.280000,0.707107,-0.000000,0.707107,-0.000000,0.000000,0.000000,0.000000,0.000000,0.000000,0.000000
310,0.310000,6,knife_1,knife,-0.450000,0.035000,0.280000,0.707107,-0.000000,0.707107,-0.000000,0.000000,0.000000,0.000000,0.000000,0.000000,0.000000
310,0.310000,7,plate_2,plate,0.320000,0.040000,-0.280000,1.000000,0.000000,0.000000,-0.000000,0.000000,0.000000,0.000000,0.000000,0.000000,0.000000
310,0.310000,8,fork_2,fork,0.190000,0.035000,-0.280000,0.707107,-0.000000,0.707107,-0.000000,0.000000,0.000000,0.000000,0.000000,0.000000,0.000000
310,0.310000,9,knife_2,knife,0.450000,0.035000,-0.280000,0.707107,-0.000000,0.707107,-0.000000,0.000000,0.000000,0.000000,0.000000,0.000000,0.000000
310,0.310000,10,plate_3,plate,0.320000,0.040000,0.280000,1.000000,0.000000,0.000000,-0.000000,0.000000,0.000000,0.000000,0.000000,0.000000,0.000000
310,0.310000,11,fork_3,fork,0.450000,0.035000,0.280000,0.707107,-0.000000,0.707107,-0.000000,0.000000,0.000000,0.000000,0.000000,0.000000,0.000000
310,0.310000,12,knife_3,knife,0.190000,0.035000,0.280000,0.707107,-0.000000,0.707107,-0.000000,0.000000,0.000000,0.000000,0.000000,0.000000,0.000000
310,0.310000,13,candle_0,candle,-0.500000,0.075000,-0.450000,1.000000,0.000000,0.000000,-0.000000,0.000000,0.000000,0.000000,0.000000,0.000000,0.000000
310,0.310000,14,candle_1,candle,-0.500000,0.075000,0.450000,1.000000,0.000000,0.000000,-0.000000,0.000000,0.000000,0.000000,0.000000,0.000000,0.000000
310,0.310000,15,candle_2,candle,0.500000,0.075000,-0.450000,1.000000,0.000000,0.000000,-0.000000,0.000000,0.000000,0.000000,0.000000,0.000000,0.000000
310,0.310000,16,candle_3,candle,0.500000,0.075000,0.450000,1.000000,0.000000,0.000000,-0.000000,0.000000,0.000000,0.000000,0.000000,0.000000,0.000000
310,0.310000,17,pot,pot,0.000000,0.129790,0.000000,1.000000,0.000000,0.000000,0.000000,0.000000,-3.026783,0.000000,0.000000,0.000000,0.000000
315,0.315000,1,plate_0,plate,-0.320000,0.040000,-0.280000,1.000000,0.000000,0.000000,-0.000000,0.000000,0.000000,0.000000,0.000000,0.000000,0.000000
315,0.315000,2,fork_0,fork,-0.450000,0.035000,-0.280000,0.707107,-0.000000,0.707107,-0.000000,0.000000,0.000000,0.000000,0.000000,0.000000,0.000000
315,0.315000,3,knife_0,knife,-0.190000,0.035000,-0.280000,0.707107,-0.000000,0.707107,-0.000000,0.000000,0.000000,0.000000,0.000000,0.000000,0.000000
315,0.315000,4,plate_1,plate,-0.320000,0.040000,0.280000,1.000000,0.000000,0.000000,-0.000000,0.000000,0.000000,0.000000,0.000000,0.000000,0.000000
315,0.315000,5,fork_1,fork,-0.190000,0.035000,0.280000,0.707107,-0.000000,0.707107,-0.000000,0.000000,0.000000,0.000000,0.000000,0.000000,0.000000
315,0.315000,6,knife_1,knife,-0.450000,0.035000,0.280000,0.707107,-0.000000,0.707107,-0.000000,0.000000,0.000000,0.000000,0.000000,0.000000,0.000000
315,0.315000,7,plate_2,plate,0.320000,0.040000,-0.280000,1.000000,0.000000,0.000000,-0.000000,0.000000,0.000000,0.000000,0.000000,0.000000,0.000000
315,0.315000,8,fork_2,fork,0.190000,0.035000,-0.280000,0.707107,-0.000000,0.707107,-0.000000,0.000000,0.000000,0.000000,0.000000,0.000000,0.000000
315,0.315000,9,knife_2,knife,0.450000,0.035000,-0.280000,0.707107,-0.000000,0.707107,-0.000000,0.000000,0.000000,0.000000,0.000000,0.000000,0.000000
315,0.315000,10,plate_3,plate,0.320000,0.040000,0.280000,1.000000,0.000000,0.000000,-0.000000,0.000000,0.000000,0.000000,0.000000,0.000000,0.000000
315,0.315000,11,fork_3,fork,0.450000,0.035000,0.280000,0.707107,-0.000000,0.707107,-0.000000,0.000000,0.000000,0.000000,0.000000,0.000000,0.000000
315,0.315000,12,knife_3,knife,0.190000,0.035000,0.280000,0.707107,-0.000000,0.707107,-0.000000,0.000000,0.000000,0.000000,0.000000,0.000000,0.000000
315,0.315000,13,candle_0,candle,-0.500000,0.075000,-0.450000,1.000000,0.000000,0.000000,-0.000000,0.000000,0.000000,0.000000,0.000000,0.000000,0.000000
315,0.315000,14,candle_1,candle,-0.500000,0.075000,0.450000,1.000000,0.000000,0.000000,-0.000000,0.000000,0.000000,0.000000,0.000000,0.000000,0.000000
315,0.315000,15,candle_2,candle,0.500000,0.075000,-0.450000,1.000000,0.000000,0.000000,-0.000000,0.000000,0.000000,0.000000,0.000000,0.000000,0.000000
315,0.315000,16,candle_3,candle,0.500000,0.075000,0.450000,1.000000,0.000000,0.000000,-0.000000,0.000000,0.000000,0.000000,0.000000,0.000000,0.000000
315,0.315000,17,pot,pot,0.000000,0.114527,0.000000,1.000000,0.000000,0.000000,0.000000,0.000000,-3.075659,0.000000,0.000000,0.000000,0.000000
320,0.320000,1,plate_0,plate,-0.320000,0.040000,-0.280000,1.000000,0.000000,0.000000,-0.000000,0.000000,0.000000,0.000000,0.000000,0.000000,0.000000
320,0.320000,2,fork_0,fork,-0.450000,0.035000,-0.280000,0.707107,-0.000000,0.707107,-0.000000,0.000000,0.000000,0.000000,0.000000,0.000000,0.000000
320,0.320000,3,knife_0,knife,-0.190000,0.035000,-0.280000,0.707107,-0.000000,0.707107,-0.000000,0.000000,0.000000,0.000000,0.000000,0.000000,0.000000
320,0.320000,4,plate_1,plate,-0.320000,0.040000,0.280000,1.000000,0.000000,0.000000,-0.000000,0.000000,0.000000,0.000000,0.000000,0.000000,0.000000
320,0.320000,5,fork_1,fork,-0.190000,0.035000,0.280000,0.707107,-0.000000,0.707107,-0.000000,0.000000,0.000000,0.000000,0.000000,0.000000,0.000000
320,0.320000,6,knife_1,knife,-0.450000,0.035000,0.280000,0.707107,-0.000000,0.707107,-0.000000,0.000000,0.000000,0.000000,0.000000,0.000000,0.000000
320,0.320000,7,plate_2,plate,0.320000,0.040000,-0.280000,1.000000,0.000000,0.000000,-0.000000,0.000000,0.000000,0.000000,0.000000,0.000000,0.000000
320,0.320000,8,fork_2,fork,0.190000,0.035000,-0.280000,0.707107,-0.000000,0.707107,-0.000000,0.000000,0.000000,0.000000,0.000000,0.000000,0.000000
320,0.320000,9,knife_2,knife,0.450000,0.035000,-0.280000,0.707107,-0.000000,0.707107,-0.000000,0.000000,0.000000,0.000000,0.000000,0.000000,0.000000
320,0.320000,10,plate_3,plate,0.320000,0.040000,0.280000,1.000000,0.000000,0.000000,-0.000000,0.000000,0.000000,0.000000,0.000000,0.000000,0.000000
320,0.320000,11,fork_3,fork,0.450000,0.035000,0.280000,0.707107,-0.000000,0.707107,-0.000000,0.000000,0.000000,0.000000,0.000000,0.000000,0.000000
320,0.320000,12,knife_3,knife,0.190000,0.035000,0.280000,0.707107,-0.000000,0.707107,-0.000000,0.000000,0.000000,0.000000,0.000000,0.000000,0.000000
320,0.320000,13,candle_0,candle,-0.500000,0.075000,-0.450000,1.000000,0.000000,0.000000,-0.000000,0.000000,0.000000,0.000000,0.000000,0.000000,0.000000
320,0.320000,14,candle_1,candle,-0.500000,0.075000,0.450000,1.000000,0.000000,0.000000,-0.000000,0.000000,0.000000,0.000000,0.000000,0.000000,0.000000
320,0.320000,15,candle_2,candle,0.500000,0.075000,-0.450000,1.000000,0.000000,0.000000,-0.000000,0.000000,0.000000,0.000000,0.000000,0.000000,0.000000
320,0.320000,16,candle_3,candle,0.500000,0.075000,0.450000,1.000000,0.000000,0.000000,-0.000000,0.000000,0.000000,0.000000,0.000000,0.000000,0.000000
320,0.320000,17,pot,pot,0.000000,0.099021,0.000000,1.000000,0.000000,0.000000,0.000000,0.000000,-3.124535,0.000000,0.000000,0.000000,0.000000
325,0.325000,1,plate_0,plate,-0.320000,0.040000,-0.280000,1.000000,0.000000,0.000000,-0.000000,0.000000,0.000000,0.000000,0.000000,0.000000,0.000000
325,0.325000,2,fork_0,fork,-0.450000,0.035000,-0.280000,0.707107,-0.000000,0.707107,-0.000000,0.000000,0.000000,0.000000,0.000000,0.000000,0.000000
325,0.325000,3,knife_0,knife,-0.190000,0.035000,-0.280000,0.707107,-0.000000,0.707107,-0.000000,0.000000,0.000000,0.000000,0.000000,0.000000,0.000000
325,0.325000,4,plate_1,plate,-0.320000,0.040000,0.280000,1.000000,0.000000,0.000000,-0.000000,0.000000,0.000000,0.000000,0.000000,0.000000,0.000000
325,0.325000,5,fork_1,fork,-0.190000,0.035000,0.280000,0.707107,-0.000000,0.707107,-0.000000,0.000000,0.000000,0.000000,0.000000,0.000000,0.000000
325,0.325000,6,knife_1,knife,-0.450000,0.035000,0.280000,0.707107,-0.000000,0.707107,-0.000000,0.000000,0.000000,0.000000,0.000000,0.000000,0.000000
325,0.325000,7,plate_2,plate,0.320000,0.040000,-0.280000,1.000000,0.000000,0.000000,-0.000000,0.000000,0.000000,0.000000,0.000000,0.000000,0.000000
325,0.325000,8,fork_2,fork,0.190000,0.035000,-0.280000,0.707107,-0.000000,0.707107,-0.000000,0.000000,0.000000,0.000000,0.000000,0.000000,0.000000
325,0.325000,9,knife_2,knife,0.450000,0.035000,-0.280000,0.707107,-0.000000,0.707107,-0.000000,0.000000,0.000000,0.000000,0.000000,0.000000,0.000000
325,0.325000,10,plate_3,plate,0.320000,0.040000,0.280000,1.000000,0.000000,0.000000,-0.000000,0.000000,0.000000,0.000000,0.000000,0.000000,0.000000
325,0.325000,11,fork_3,fork,0.450000,0.035000,0.280000,0.707107,-0.000000,0.707107,-0.000000,0.000000,0.000000,0.000000,0.000000,0.000000,0.000000
325,0.325000,12,knife_3,knife,0.190000,0.035000,0.280000,0.707107,-0.000000,0.707107,-0.000000,0.000000,0.000000,0.000000,0.000000,0.000000,0.000000
325,0.325000,13,candle_0,candle,-0.500000,0.075000,-0.450000,1.000000,0.000000,0.000000,-0.000000,0.000000,0.000000,0.000000,0.000000,0.000000,0.000000
325,0.325000,14,candle_1,candle,-0.500000,0.075000,0.450000,1.000000,0.000000,0.000000,-0.000000,0.000000,0.000000,0.000000,0.000000,0.000000,0.000000
325,0.325000,15,candle_2,candle,0.500000,0.075000,-0.450000,1.000000,0.000000,0.000000,-0.000000,0.000000,0.000000,0.000000,0.000000,0.000000,0.000000
325,0.325000,16,candle_3,candle,0.500000,0.075000,0.450000,1.000000,0.000000,0.000000,-0.000000,0.000000,0.000000,0.000000,0.000000,0.000000,0.000000
325,0.325000,17,pot,pot,0.000000,0.097876,0.000000,1.000000,0.000000,0.000000,-0.000000,0.000000,1.801193,0.000000,0.000000,0.000000,0.000000
330,0.330000,1,plate_0,plate,-0.320000,0.040000,-0.280000,1.000000,0.000000,0.000000,-0.000000,0.000000,0.000000,0.000000,0.000000,0.000000,0.000000
330,0.330000,2,fork_0,fork,-0.450000,0.035000,-0.280000,0.707107,-0.000000,0.707107,-0.000000,0.000000,0.000000,0.000000,0.000000,0.000000,0.000000
330,0.330000,3,knife_0,knife,-0.190000,0.035000,-0.280000,0.707107,-0.000000,0.707107,-0.000000,0.000000,0.000000,0.000000,0.000000,0.000000,0.000000
330,0.330000,4,plate_1,plate,-0.320000,0.040000,0.280000,1.000000,0.000000,0.000000,-0.000000,0.000000,0.000000,0.000000,0.000000,0.000000,0.000000
330,0.330000,5,fork_1,fork,-0.190000,0.035000,0.280000,0.707107,-0.000000,0.707107,-0.000000,0.000000,0.000000,0.000000,0.000000,0.000000,0.000000
330,0.330000,6,knife_1,knife,-0.450000,0.035000,0.280000,0.707107,-0.000000,0.707107,-0.000000,0.000000,0.000000,0.000000,0.000000,0.000000,0.000000
330,0.330000,7,plate_2,plate,0.320000,0.040000,-0.280000,1.000000,0.000000,0.000000,-0.000000,0.000000,0.000000,0.000000,0.000000,0.000000,0.000000
330,0.330000,8,fork_2,fork,0.190000,0.035000,-0.280000,0.707107,-0.000000,0.707107,-0.000000,0.000000,0.000000,0.000000,0.000000,0.000000,0.000000
330,0.330000,9,knife_2,knife,0.450000,0.035000,-0.280000,0.707107,-0.000000,0.707107,-0.000000,0.000000,0.000000,0.000000,0.000000,0.000000,0.000000
330,0.330000,10,plate_3,plate,0.320000,0.040000,0.280000,1.000000,0.000000,0.000000,-0.000000,0.000000,0.000000,0.000000,0.000000,0.000000,0.000000
330,0.330000,11,fork_3,fork,0.450000,0.035000,0.280000,0.707107,-0.000000,0.707107,-0.000000,0.000000,0.000000,0.000000,0.000000,0.000000,0.000000
330,0.330000,12,knife_3,knife,0.190000,0.035000,0.280000,0.707107,-0.000000,0.707107,-0.000000,0.000000,0.000000,0.000000,0.000000,0.000000,0.000000
330,0.330000,13,candle_0,candle,-0.500000,0.075000,-0.450000,1.000000,0.000000,0.000000,-0.000000,0.000000,0.000000,0.000000,0.000000,0.000000,0.000000
330,0.330000,14,candle_1,candle,-0.500000,0.075000,0.450000,1.000000,0.000000,0.000000,-0.000000,0.000000,0.000000,0.000000,0.000000,0.000000,0.000000
330,0.330000,15,candle_2,candle,0.500000,0.075000,-0.450000,1.000000,0.000000,0.000000,-0.000000,0.000000,0.000000,0.000000,0.000000,0.000000,0.000000
330,0.330000,16,candle_3,candle,0.500000,0.075000,0.450000,1.000000,0.000000,0.000000,-0.000000,0.000000,0.000000,0.000000,0.000000,0.000000,0.000000
330,0.330000,17,pot,pot,0.000000,0.106753,0.000000,1.000000,0.000000,0.000000,-0.000000,0.000000,1.752317,0.000000,0.000000,0.000000,0.000000
335,0.335000,1,plate_0,plate,-0.320000,0.040000,-0.280000,1.000000,0.000000,0.000000,-0.000000,0.000000,0.000000,0.000000,0.000000,0.000000,0.000000
335,0.335000,2,fork_0,fork,-0.450000,0.035000,-0.280000,0.707107,-0.000000,0.707107,-0.000000,0.000000,0.000000,0.000000,0.000000,0.000000,0.000000
335,0.335000,3,knife_0,knife,-0.190000,0.035000,-0.280000,0.707107,-0.000000,0.707107,-0.000000,0.000000,0.000000,0.000000,0.000000,0.000000,0.000000
335,0.335000,4,plate_1,plate,-0.320000,0.040000,0.280000,1.000000,0.000000,0.000000,-0.000000,0.000000,0.000000,0.000000,0.000000,0.000000,0.000000
335,0.335000,5,fork_1,fork,-0.190000,0.035000,0.280000,0.707107,-0.000000,0.707107,-0.000000,0.000000,0.000000,0.000000,0.000000,0.000000,0.000000
335,0.335000,6,knife_1,knife,-0.450000,0.035000,0.280000,0.707107,-0.000000,0.707107,-0.000000,0.000000,0.000000,0.000000,0.000000,0.000000,0.000000
335,0.335000,7,plate_2,plate,0.320000,0.040000,-0.280000,1.000000,0.000000,0.000000,-0.000000,0.000000,0.000000,0.000000,0.000000,0.000000,0.000000
335,0.335000,8,fork_2,fork,0.190000,0.035000,-0.280000,0.707107,-0.000000,0.707107,-0.000000,0.000000,0.000000,0.000000,0.000000,0.000000,0.000000
335,0.335000,9,knife_2,knife,0.450000,0.035000,-0.280000,0.707107,-0.000000,0.707107,-0.000000,0.000000,0.000000,0.000000,0.000000,0.000000,0.000000
335,0.335000,10,plate_3,plate,0.320000,0.040000,0.280000,1.000000,0.000000,0.000000,-0.000000,0.000000,0.000000,0.000000,0.000000,0.000000,0.000000
335,0.335000,11,fork_3,fork,0.450000,0.035000,0.280000,0.707107,-0.000000,0.707107,-0.000000,0.000000,0.000000,0.000000,0.000000,0.000000,0.000000
335,0.335000,12,knife_3,knife,0.190000,0.035000,0.280000,0.707107,-0.000000,0.707107,-0.000000,0.000000,0.000000,0.000000,0.000000,0.000000,0.000000
335,0.335000,13,candle_0,candle,-0.500000,0.075000,-0.450000,1.000000,0.000000,0.000000,-0.000000,0.000000,0.000000,0.000000,0.000000,0.000000,0.000000
335,0.335000,14,candle_1,candle,-0.500000,0.075000,0.450000,1.000000,0.000000,0.000000,-0.000000,0.000000,0.000000,0.000000,0.000000,0.000000,0.000000
335,0.335000,15,candle_2,candle,0.500000,0.075000,-0.450000,1.000000,0.000000,0.000000,-0.000000,0.000000,0.000000,0.000000,0.000000,0.000000,0.000000
335,0.335000,16,candle_3,candle,0.500000,0.075000,0.450000,1.000000,0.000000,0.000000,-0.000000,0.000000,0.000000,0.000000,0.000000,0.000000,0.000000
335,0.335000,17,pot,pot,0.000000,0.115387,0.000000,1.000000,0.000000,0.000000,-0.000000,0.000000,1.703441,0.000000,0.000000,0.000000,0.000000
340,0.340000,1,plate_0,plate,-0.320000,0.040000,-0.280000,1.000000,0.000000,0.000000,-0.000000,0.000000,0.000000,0.000000,0.000000,0.000000,0.000000
340,0.340000,2,fork_0,fork,-0.450000,0.035000,-0.280000,0.707107,-0.000000,0.707107,-0.000000,0.000000,0.000000,0.000000,0.000000,0.000000,0.000000
340,0.340000,3,knife_0,knife,-0.190000,0.035000,-0.280000,0.707107,-0.000000,0.707107,-0.000000,0.000000,0.000000,0.000000,0.000000,0.000000,0.000000
340,0.340000,4,plate_1,plate,-0.320000,0.040000,0.280000,1.000000,0.000000,0.000000,-0.000000,0.000000,0.000000,0.000000,0.000000,0.000000,0.000000
340,0.340000,5,fork_1,fork,-0.190000,0.035000,0.280000,0.707107,-0.000000,0.707107,-0.000000,0.000000,0.000000,0.000000,0.000000,0.000000,0.000000
340,0.340000,6,knife_1,knife,-0.450000,0.035000,0.280000,0.707107,-0.000000,0.707107,-0.000000,0.000000,0.000000,0.000000,0.000000,0.000000,0.000000
340,0.340000,7,plate_2,plate,0.320000,0.040000,-0.280000,1.000000,0.000000,0.000000,-0.000000,0.000000,0.000000,0.000000,0.000000,0.000000,0.000000
340,0.340000,8,fork_2,fork,0.190000,0.035000,-0.280000,0.707107,-0.000000,0.707107,-0.000000,0.000000,0.000000,0.000000,0.000000,0.000000,0.000000
340,0.340000,9,knife_2,knife,0.450000,0.035000,-0.280000,0.707107,-0.000000,0.707107,-0.000000,0.000000,0.000000,0.000000,0.000000,0.000000,0.000000
340,0.340000,10,plate_3,plate,0.320000,0.040000,0.280000,1.000000,0.000000,0.000000,-0.000000,0.000000,0.000000,0.000000,0.000000,0.000000,0.000000
340,0.340000,11,fork_3,fork,0.450000,0.035000,0.280000,0.707107,-0.000000,0.707107,-0.000000,0.000000,0.000000,0.000000,0.000000,0.000000,0.000000
340,0.340000,12,knife_3,knife,0.190000,0.035000,0.280000,0.707107,-0.000000,0.707107,-0.000000,0.000000,0.000000,0.000000,0.000000,0.000000,0.000000
340,0.340000,13,candle_0,candle,-0.500000,0.075000,-0.450000,1.000000,0.000000,0.000000,-0.000000,0.000000,0.000000,0.000000,0.000000,0.000000,0.000000
340,0.340000,14,candle_1,candle,-0.500000,0.075000,0.450000,1.000000,0.000000,0.000000,-0.000000,0.000000,0.000000,0.000000,0.000000,0.000000,0.000000
340,0.340000,15,candle_2,candle,0.500000,0.075000,-0.450000,1.000000,0.000000,0.000000,-0.000000,0.000000,0.000000,0.000000,0.000000,0.000000,0.000000
340,0.340000,16,candle_3,candle,0.500000,0.075000,0.450000,1.000000,0.000000,0.000000,-0.000000,0.000000,0.000000,0.000000,0.000000,0.000000,0.000000
340,0.340000,17,pot,pot,0.000000,0.123776,0.000000,1.000000,0.000000,0.000000,-0.000000,0.000000,1.654565,0.000000,0.000000,0.000000,0.000000
345,0.345000,1,plate_0,plate,-0.320000,0.040000,-0.280000,1.000000,0.000000,0.000000,-0.000000,0.000000,0.000000,0.000000,0.000000,0.000000,0.000000
345,0.345000,2,fork_0,fork,-0.450000,0.035000,-0.280000,0.707107,-0.000000,0.707107,-0.000000,0.000000,0.000000,0.000000,0.000000,0.000000,0.000000
345,0.345000,3,knife_0,knife,-0.190000,0.035000,-0.280000,0.707107,-0.000000,0.707107,-0.000000,0.000000,0.000000,0.000000,0.000000,0.000000,0.000000
345,0.345000,4,plate_1,plate,-0.320000,0.040000,0.280000,1.000000,0.000000,0.000000,-0.000000,0.000000,0.000000,0.000000,0.000000,0.000000,0.000000
345,0.345000,5,fork_1,fork,-0.190000,0.035000,0.280000,0.707107,-0.000000,0.707107,-0.000000,0.000000,0.000000,0.000000,0.000000,0.000000,0.000000
345,0.345000,6,knife_1,knife,-0.450000,0.035000,0.280000,0.707107,-0.000000,0.707107,-0.000000,0.000000,0.000000,0.000000,0.000000,0.000000,0.000000
345,0.345000,7,plate_2,plate,0.320000,0.040000,-0.280000,1.000000,0.000000,0.000000,-0.000000,0.000000,0.000000,0.000000,0.000000,0.000000,0.000000
345,0.345000,8,fork_2,fork,0.190000,0.035000,-0.280000,0.707107,-0.000000,0.707107,-0.000000,0.000000,0.000000,0.000000,0.000000,0.000000,0.000000
345,0.345000,9,knife_2,knife,0.450000,0.035000,-0.280000,0.707107,-0.000000,0.707107,-0.000000,0.000000,0.000000,0.000000,0.000000,0.000000,0.000000
345,0.345000,10,plate_3,plate,0.320000,0.040000,0.280000,1.000000,0.000000,0.000000,-0.000000,0.000000,0.000000,0.000000,0.000000,0.000000,0.000000
345,0.345000,11,fork_3,fork,0.450000,0.035000,0.280000,0.707107,-0.000000,0.707107,-0.000000,0.000000,0.000000,0.000000,0.000000,0.000000,0.000000
345,0.345000,12,knife_3,knife,0.190000,0.035000,0.280000,0.707107,-0.000000,0.707107,-0.000000,0.000000,0.000000,0.000000,0.000000,0.000000,0.000000
345,0.345000,13,candle_0,candle,-0.500000,0.075000,-0.450000,1.000000,0.000000,0.000000,-0.000000,0.000000,0.000000,0.000000,0.000000,0.000000,0.000000
345,0.345000,14,candle_1,candle,-0.500000,0.075000,0.450000,1.000000,0.000000,0.000000,-0.000000,0.000000,0.000000,0.000000,0.000000,0.000000,0.000000
345,0.345000,15,candle_2,candle,0.500000,0.075000,-0.450000,1.000000,0.000000,0.000000,-0.000000,0.000000,0.000000,0.000000,0.000000,0.000000,0.000000
345,0.345000,16,candle_3,candle,0.500000,0.075000,0.450000,1.000000,0.000000,0.000000,-0.000000,0.000000,0.000000,0.000000,0.000000,0.000000,0.000000
345,0.345000,17,pot,pot,0.000000,0.131920,0.000000,1.000000,0.000000,0.000000,-0.000000,0.000000,1.605689,0.000000,0.000000,0.000000,0.000000
350,0.350000,1,plate_0,plate,-0.320000,0.040000,-0.280000,1.000000,0.000000,0.000000,-0.000000,0.000000,0.000000,0.000000,0.000000,0.000000,0.000000
350,0.350000,2,fork_0,fork,-0.450000,0.035000,-0.280000,0.707107,-0.000000,0.707107,-0.000000,0.000000,0.000000,0.000000,0.000000,0.000000,0.000000
350,0.350000,3,knife_0,knife,-0.190000,0.035000,-0.280000,0.707107,-0.000000,0.707107,-0.000000,0.000000,0.000000,0.000000,0.000000,0.000000,0.000000
350,0.350000,4,plate_1,plate,-0.320000,0.040000,0.280000,1.000000,0.000000,0.000000,-0.000000,0.000000,0.000000,0.000000,0.000000,0.000000,0.000000
350,0.350000,5,fork_1,fork,-0.190000,0.035000,0.280000,0.707107,-0.000000,0.707107,-0.000000,0.000000,0.000000,0.000000,0.000000,0.000000,0.000000
350,0.350000,6,knife_1,knife,-0.450000,0.035000,0.280000,0.707107,-0.000000,0.707107,-0.000000,0.000000,0.000000,0.000000,0.000000,0.000000,0.000000
350,0.350000,7,plate_2,plate,0.320000,0.040000,-0.280000,1.000000,0.000000,0.000000,-0.000000,0.000000,0.000000,0.000000,0.000000,0.000000,0.000000
350,0.350000,8,fork_2,fork,0.190000,0.035000,-0.280000,0.707107,-0.000000,0.707107,-0.000000,0.000000,0.000000,0.000000,0.000000,0.000000,0.000000
350,0.350000,9,knife_2,knife,0.450000,0.035000,-0.280000,0.707107,-0.000000,0.707107,-0.000000,0.000000,0.000000,0.000000,0.000000,0.000000,0.000000
350,0.350000,10,plate_3,plate,0.320000,0.040000,0.280000,1.000000,0.000000,0.000000,-0.000000,0.000000,0.000000,0.000000,0.000000,0.000000,0.000000
350,0.350000,11,fork_3,fork,0.450000,0.035000,0.280000,0.707107,-0.000000,0.707107,-0.000000,0.000000,0.000000,0.000000,0.000000,0.000000,0.000000
350,0.350000,12,knife_3,knife,0.190000,0.035000,0.280000,0.707107,-0.000000,0.707107,-0.000000,0.000000,0.000000,0.000000,0.000000,0.000000,0.000000
350,0.350000,13,candle_0,candle,-0.500000,0.075000,-0.450000,1.000000,0.000000,0.000000,-0.000000,0.000000,0.000000,0.000000,0.000000,0.000000,0.000000
350,0.350000,14,candle_1,candle,-0.500000,0.075000,0.450000,1.000000,0.000000,0.000000,-0.000000,0.000000,0.000000,0.000000,0.000000,0.000000,0.000000
350,0.350000,15,candle_2,candle,0.500000,0.075000,-0.450000,1.000000,0.000000,0.000000,-0.000000,0.000000,0.000000,0.000000,0.000000,0.000000,0.000000
350,0.350000,16,candle_3,candle,0.500000,0.075000,0.450000,1.000000,0.000000,0.000000,-0.000000,0.000000,0.000000,0.000000,0.000000,0.000000,0.000000
350,0.350000,17,pot,pot,0.000000,0.139820,0.000000,1.000000,0.000000,0.000000,-0.000000,0.000000,1.556814,0.000000,0.000000,0.000000,0.000000
355,0.355000,1,plate_0,plate,-0.320000,0.040000,-0.280000,1.000000,0.000000,0.000000,-0.000000,0.000000,0.000000,0.000000,0.000000,0.000000,0.000000
355,0.355000,2,fork_0,fork,-0.450000,0.035000,-0.280000,0.707107,-0.000000,0.707107,-0.000000,0.000000,0.000000,0.000000,0.000000,0.000000,0.000000
355,0.355000,3,knife_0,knife,-0.190000,0.035000,-0.280000,0.707107,-0.000000,0.707107,-0.000000,0.000000,0.000000,0.000000,0.000000,0.000000,0.000000
355,0.355000,4,plate_1,plate,-0.320000,0.040000,0.280000,1.000000,0.000000,0.000000,-0.000000,0.000000,0.000000,0.000000,0.000000,0.000000,0.000000
355,0.355000,5,fork_1,fork,-0.190000,0.035000,0.280000,0.707107,-0.000000,0.707107,-0.000000,0.000000,0.000000,0.000000,0.000000,0.000000,0.000000
355,0.355000,6,knife_1,knife,-0.450000,0.035000,0.280000,0.707107,-0.000000,0.707107,-0.000000,0.000000,0.000000,0.000000,0.000000,0.000000,0.000000
355,0.355000,7,plate_2,plate,0.320000,0.040000,-0.280000,1.000000,0.000000,0.000000,-0.000000,0.000000,0.000000,0.000000,0.000000,0.000000,0.000000
355,0.355000,8,fork_2,fork,0.190000,0.035000,-0.280000,0.707107,-0.000000,0.707107,-0.000000,0.000000,0.000000,0.000000,0.000000,0.000000,0.000000
355,0.355000,9,knife_2,knife,0.450000,0.035000,-0.280000,0.707107,-0.000000,0.707107,-0.000000,0.000000,0.000000,0.000000,0.000000,0.000000,0.000000
355,0.355000,10,plate_3,plate,0.320000,0.040000,0.280000,1.000000,0.000000,0.000000,-0.000000,0.000000,0.000000,0.000000,0.000000,0.000000,0.000000
355,0.355000,11,fork_3,fork,0.450000,0.035000,0.280000,0.707107,-0.000000,0.707107,-0.000000,0.000000,0.000000,0.000000,0.000000,0.000000,0.000000
355,0.355000,12,knife_3,knife,0.190000,0.035000,0.280000,0.707107,-0.000000,0.707107,-0.000000,0.000000,0.000000,0.000000,0.000000,0.000000,0.000000
355,0.355000,13,candle_0,candle,-0.500000,0.075000,-0.450000,1.000000,0.000000,0.000000,-0.000000,0.000000,0.000000,0.000000,0.000000,0.000000,0.000000
355,0.355000,14,candle_1,candle,-0.500000,0.075000,0.450000,1.000000,0.000000,0.000000,-0.000000,0.000000,0.000000,0.000000,0.000000,0.000000,0.000000
355,0.355000,15,candle_2,candle,0.500000,0.075000,-0.450000,1.000000,0.000000,0.000000,-0.000000,0.000000,0.000000,0.000000,0.000000,0.000000,0.000000
355,0.355000,16,candle_3,candle,0.500000,0.075000,0.450000,1.000000,0.000000,0.000000,-0.000000,0.000000,0.000000,0.000000,0.000000,0.000000,0.000000
355,0.355000,17,pot,pot,0.000000,0.147476,0.000000,1.000000,0.000000,0.000000,-0.000000,0.000000,1.507938,0.000000,0.000000,0.000000,0.000000
360,0.360000,1,plate_0,plate,-0.320000,0.040000,-0.280000,1.000000,0.000000,0.000000,-0.000000,0.000000,0.000000,0.000000,0.000000,0.000000,0.000000
360,0.360000,2,fork_0,fork,-0.450000,0.035000,-0.280000,0.707107,-0.000000,0.707107,-0.000000,0.000000,0.000000,0.000000,0.000000,0.000000,0.000000
360,0.360000,3,knife_0,knife,-0.190000,0.035000,-0.280000,0.707107,-0.000000,0.707107,-0.000000,0.000000,0.000000,0.000000,0.000000,0.000000,0.000000
360,0.360000,4,plate_1,plate,-0.320000,0.040000,0.280000,1.000000,0.000000,0.000000,-0.000000,0.000000,0.000000,0.000000,0.000000,0.000000,0.000000
360,0.360000,5,fork_1,fork,-0.190000,0.035000,0.280000,0.707107,-0.000000,0.707107,-0.000000,0.000000,0.000000,0.000000,0.000000,0.000000,0.000000
360,0.360000,6,knife_1,knife,-0.450000,0.035000,0.280000,0.707107,-0.000000,0.707107,-0.000000,0.000000,0.000000,0.000000,0.000000,0.000000,0.000000
360,0.360000,7,plate_2,plate,0.320000,0.040000,-0.280000,1.000000,0.000000,0.000000,-0.000000,0.000000,0.000000,0.000000,0.000000,0.000000,0.000000
360,0.360000,8,fork_2,fork,0.190000,0.035000,-0.280000,0.707107,-0.000000,0.707107,-0.000000,0.000000,0.000000,0.000000,0.000000,0.000000,0.000000
360,0.360000,9,knife_2,knife,0.450000,0.035000,-0.280000,0.707107,-0.000000,0.707107,-0.000000,0.000000,0.000000,0.000000,0.000000,0.000000,0.000000
360,0.360000,10,plate_3,plate,0.320000,0.040000,0.280000,1.000000,0.000000,0.000000,-0.000000,0.000000,0.000000,0.000000,0.000000,0.000000,0.000000
360,0.360000,11,fork_3,fork,0.450000,0.035000,0.280000,0.707107,-0.000000,0.707107,-0.000000,0.000000,0.000000,0.000000,0.000000,0.000000,0.000000
360,0.360000,12,knife_3,knife,0.190000,0.035000,0.280000,0.707107,-0.000000,0.707107,-0.000000,0.000000,0.000000,0.000000,0.000000,0.000000,0.000000
360,0.360000,13,candle_0,candle,-0.500000,0.075000,-0.450000,1.000000,0.000000,0.000000,-0.000000,0.000000,0.000000,0.000000,0.000000,0.000000,0.000000
360,0.360000,14,candle_1,candle,-0.500000,0.075000,0.450000,1.000000,0.000000,0.000000,-0.000000,0.000000,0.000000,0.000000,0.000000,0.000000,0.000000
360,0.360000,15,candle_2,candle,0.500000,0.075000,-0.450000,1.000000,0.000000,0.000000,-0.000000,0.000000,0.000000,0.000000,0.000000,0.000000,0.000000
360,0.360000,16,candle_3,candle,0.500000,0.075000,0.450000,1.000000,0.000000,0.000000,-0.000000,0.000000,0.000000,0.000000,0.000000,0.000000,0.000000
360,0.360000,17,pot,pot,0.000000,0.154887,0.000000,1.000000,0.000000,0.000000,-0.000000,0.000000,1.459062,0.000000,0.000000,0.000000,0.000000
365,0.365000,1,plate_0,plate,-0.320000,0.040000,-0.280000,1.000000,0.000000,0.000000,-0.000000,0.000000,0.000000,0.000000,0.000000,0.000000,0.000000
365,0.365000,2,fork_0,fork,-0.450000,0.035000,-0.280000,0.707107,-0.000000,0.707107,-0.000000,0.000000,0.000000,0.000000,0.000000,0.000000,0.000000
365,0.365000,3,knife_0,knife,-0.190000,0.035000,-0.280000,0.707107,-0.000000,0.707107,-0.000000,0.000000,0.000000,0.000000,0.000000,0.000000,0.000000
365,0.365000,4,plate_1,plate,-0.320000,0.040000,0.280000,1.000000,0.000000,0.000000,-0.000000,0.000000,0.000000,0.000000,0.000000,0.000000,0.000000
365,0.365000,5,fork_1,fork,-0.190000,0.035000,0.280000,0.707107,-0.000000,0.707107,-0.000000,0.000000,0.000000,0.000000,0.000000,0.000000,0.000000
365,0.365000,6,knife_1,knife,-0.450000,0.035000,0.280000,0.707107,-0.000000,0.707107,-0.000000,0.000000,0.000000,0.000000,0.000000,0.000000,0.000000
365,0.365000,7,plate_2,plate,0.320000,0.040000,-0.280000,1.000000,0.000000,0.000000,-0.000000,0.000000,0.000000,0.000000,0.000000,0.000000,0.000000
365,0.365000,8,fork_2,fork,0.190000,0.035000,-0.280000,0.707107,-0.000000,0.707107,-0.000000,0.000000,0.000000,0.000000,0.000000,0.000000,0.000000
365,0.365000,9,knife_2,knife,0.450000,0.035000,-0.280000,0.707107,-0.000000,0.707107,-0.000000,0.000000,0.000000,0.000000,0.000000,0.000000,0.000000
365,0.365000,10,plate_3,plate,0.320000,0.040000,0.280000,1.000000,0.000000,0.000000,-0.000000,0.000000,0.000000,0.000000,0.000000,0.000000,0.000000
365,0.365000,11,fork_3,fork,0.450000,0.035000,0.280000,0.707107,-0.000000,0.707107,-0.000000,0.000000,0.000000,0.000000,0.000000,0.000000,0.000000
365,0.365000,12,knife_3,knife,0.190000,0.035000,0.280000,0.707107,-0.000000,0.707107,-0.000000,0.000000,0.000000,0.000000,0.000000,0.000000,0.000000
365,0.365000,13,candle_0,candle,-0.500000,0.075000,-0.450000,1.000000,0.000000,0.000000,-0.000000,0.000000,0.000000,0.000000,0.000000,0.000000,0.000000
365,0.365000,14,candle_1,candle,-0.500000,0.075000,0.450000,1.000000,0.000000,0.000000,-0.000000,0.000000,0.000000,0.000000,0.000000,0.000000,0.000000
365,0.365000,15,candle_2,candle,0.500000,0.075000,-0.450000,1.000000,0.000000,0.000000,-0.000000,0.000000,0.000000,0.000000,0.000000,0.000000,0.000000
365,0.365000,16,candle_3,candle,0.500000,0.075000,0.450000,1.000000,0.000000,0.000000,-0.000000,0.000000,0.000000,0.000000,0.000000,0.000000,0.000000
365,0.365000,17,pot,pot,0.000000,0.162055,0.000000,1.000000,0.000000,0.000000,-0.000000,0.000000,1.410186,0.000000,0.000000,0.000000,0.000000
370,0.370000,1,plate_0,plate,-0.320000,0.040000,-0.280000,1.000000,0.000000,0.000000,-0.000000,0.000000,0.000000,0.000000,0.000000,0.000000,0.000000
370,0.370000,2,fork_0,fork,-0.450000,0.035000,-0.280000,0.707107,-0.000000,0.707107,-0.000000,0.000000,0.000000,0.000000,0.000000,0.000000,0.000000
370,0.370000,3,knife_0,knife,-0.190000,0.035000,-0.280000,0.707107,-0.000000,0.707107,-0.000000,0.000000,0.000000,0.000000,0.000000,0.000000,0.000000
370,0.370000,4,plate_1,plate,-0.320000,0.040000,0.280000,1.000000,0.000000,0.000000,-0.000000,0.000000,0.000000,0.000000,0.000000,0.000000,0.000000
370,0.370000,5,fork_1,fork,-0.190000,0.035000,0.280000,0.707107,-0.000000,0.707107,-0.000000,0.000000,0.000000,0.000000,0.000000,0.000000,0.000000
370,0.370000,6,knife_1,knife,-0.450000,0.035000,0.280000,0.707107,-0.000000,0.707107,-0.000000,0.000000,0.000000,0.000000,0.000000,0.000000,0.000000
370,0.370000,7,plate_2,plate,0.320000,0.040000,-0.280000,1.000000,0.000000,0.000000,-0.000000,0.000000,0.000000,0.000000,0.000000,0.000000,0.000000
370,0.370000,8,fork_2,fork,0.190000,0.035000,-0.280000,0.707107,-0.000000,0.707107,-0.000000,0.000000,0.000000,0.000000,0.000000,0.000000,0.000000
370,0.370000,9,knife_2,knife,0.450000,0.035000,-0.280000,0.707107,-0.000000,0.707107,-0.000000,0.000000,0.000000,0.000000,0.000000,0.000000,0.000000
370,0.370000,10,plate_3,plate,0.320000,0.040000,0.280000,1.000000,0.000000,0.000000,-0.000000,0.000000,0.000000,0.000000,0.000000,0.000000,0.000000
370,0.370000,11,fork_3,fork,0.450000,0.035000,0.280000,0.707107,-0.000000,0.707107,-0.000000,0.000000,0.000000,0.000000,0.000000,0.000000,0.000000
370,0.370000,12,knife_3,knife,0.190000,0.035000,0.280000,0.707107,-0.000000,0.707107,-0.000000,0.000000,0.000000,0.000000,0.000000,0.000000,0.000000
370,0.370000,13,candle_0,candle,-0.500000,0.075000,-0.450000,1.000000,0.000000,0.000000,-0.000000,0.000000,0.000000,0.000000,0.000000,0.000000,0.000000
370,0.370000,14,candle_1,candle,-0.500000,0.075000,0.450000,1.000000,0.000000,0.000000,-0.000000,0.000000,0.000000,0.000000,0.000000,0.000000,0.000000
370,0.370000,15,candle_2,candle,0.500000,0.075000,-0.450000,1.000000,0.000000,0.000000,-0.000000,0.000000,0.000000,0.000000,0.000000,0.000000,0.000000
370,0.370000,16,candle_3,candle,0.500000,0.075000,0.450000,1.000000,0.000000,0.000000,-0.000000,0.000000,0.000000,0.000000,0.000000,0.000000,0.000000
370,0.370000,17,pot,pot,0.000000,0.168977,0.000000,1.000000,0.000000,0.000000,-0.000000,0.000000,1.361310,0.000000,0.000000,0.000000,0.000000
375,0.375000,1,plate_0,plate,-0.320000,0.040000,-0.280000,1.000000,0.000000,0.000000,-0.000000,0.000000,0.000000,0.000000,0.000000,0.000000,0.000000
375,0.375000,2,fork_0,fork,-0.450000,0.035000,-0.280000,0.707107,-0.000000,0.707107,-0.000000,0.000000,0.000000,0.000000,0.000000,0.000000,0.000000
375,0.375000,3,knife_0,knife,-0.190000,0.035000,-0.280000,0.707107,-0.000000,0.707107,-0.000000,0.000000,0.000000,0.000000,0.000000,0.000000,0.000000
375,0.375000,4,plate_1,plate,-0.320000,0.040000,0.280000,1.000000,0.000000,0.000000,-0.000000,0.000000,0.000000,0.000000,0.000000,0.000000,0.000000
375,0.375000,5,fork_1,fork,-0.190000,0.035000,0.280000,0.707107,-0.000000,0.707107,-0.000000,0.000000,0.000000,0.000000,0.000000,0.000000,0.000000
375,0.375000,6,knife_1,knife,-0.450000,0.035000,0.280000,0.707107,-0.000000,0.707107,-0.000000,0.000000,0.000000,0.000000,0.000000,0.000000,0.000000
375,0.375000,7,plate_2,plate,0.320000,0.040000,-0.280000,1.000000,0.000000,0.000000,-0.000000,0.000000,0.000000,0.000000,0.000000,0.000000,0.000000
375,0.375000,8,fork_2,fork,0.190000,0.035000,-0.280000,0.707107,-0.000000,0.707107,-0.000000,0.000000,0.000000,0.000000,0.000000,0.000000,0.000000
375,0.375000,9,knife_2,knife,0.450000,0.035000,-0.280000,0.707107,-0.000000,0.707107,-0.000000,0.000000,0.000000,0.000000,0.000000,0.000000,0.000000
375,0.375000,10,plate_3,plate,0.320000,0.040000,0.280000,1.000000,0.000000,0.000000,-0.000000,0.000000,0.000000,0.000000,0.000000,0.000000,0.000000
375,0.375000,11,fork_3,fork,0.450000,0.035000,0.280000,0.707107,-0.000000,0.707107,-0.000000,0.000000,0.000000,0.000000,0.000000,0.000000,0.000000
375,0.375000,12,knife_3,knife,0.190000,0.035000,0.280000,0.707107,-0.000000,0.707107,-0.000000,0.000000,0.000000,0.000000,0.000000,0.000000,0.000000
375,0.375000,13,candle_0,candle,-0.500000,0.075000,-0.450000,1.000000,0.000000,0.000000,-0.000000,0.000000,0.000000,0.000000,0.000000,0.000000,0.000000
375,0.375000,14,candle_1,candle,-0.500000,0.075000,0.450000,1.000000,0.000000,0.000000,-0.000000,0.000000,0.000000,0.000000,0.000000,0.000000,0.000000
375,0.375000,15,candle_2,candle,0.500000,0.075000,-0.450000,1.000000,0.000000,0.000000,-0.000000,0.000000,0.000000,0.000000,0.000000,0.000000,0.000000
375,0.375000,16,candle_3,candle,0.500000,0.075000,0.450000,1.000000,0.000000,0.000000,-0.000000,0.000000,0.000000,0.000000,0.000000,0.000000,0.000000
375,0.375000,17,pot,pot,0.000000,0.175655,0.000000,1.000000,0.000000,0.000000,-0.000000,0.000000,1.312435,0.000000,0.000000,0.000000,0.000000
380,0.380000,1,plate_0,plate,-0.320000,0.040000,-0.280000,1.000000,0.000000,0.000000,-0.000000,0.000000,0.000000,0.000000,0.000000,0.000000,0.000000
380,0.380000,2,fork_0,fork,-0.450000,0.035000,-0.280000,0.707107,-0.000000,0.707107,-0.000000,0.000000,0.000000,0.000000,0.000000,0.000000,0.000000
380,0.380000,3,knife_0,knife,-0.190000,0.035000,-0.280000,0.707107,-0.000000,0.707107,-0.000000,0.000000,0.000000,0.000000,0.000000,0.000000,0.000000
380,0.380000,4,plate_1,plate,-0.320000,0.040000,0.280000,1.000000,0.000000,0.000000,-0.000000,0.000000,0.000000,0.000000,0.000000,0.000000,0.000000
380,0.380000,5,fork_1,fork,-0.190000,0.035000,0.280000,0.707107,-0.000000,0.707107,-0.000000,0.000000,0.000000,0.000000,0.000000,0.000000,0.000000
380,0.380000,6,knife_1,knife,-0.450000,0.035000,0.280000,0.707107,-0.000000,0.707107,-0.000000,0.000000,0.000000,0.000000,0.000000,0.000000,0.000000
380,0.380000,7,plate_2,plate,0.320000,0.040000,-0.280000,1.000000,0.000000,0.000000,-0.000000,0.000000,0.000000,0.000000,0.000000,0.000000,0.000000
380,0.380000,8,fork_2,fork,0.190000,0.035000,-0.280000,0.707107,-0.000000,0.707107,-0.000000,0.000000,0.000000,0.000000,0.000000,0.000000,0.000000
380,0.380000,9,knife_2,knife,0.450000,0.035000,-0.280000,0.707107,-0.000000,0.707107,-0.000000,0.000000,0.000000,0.000000,0.000000,0.000000,0.000000
380,0.380000,10,plate_3,plate,0.320000,0.040000,0.280000,1.000000,0.000000,0.000000,-0.000000,0.000000,0.000000,0.000000,0.000000,0.000000,0.000000
380,0.380000,11,fork_3,fork,0.450000,0.035000,0.280000,0.707107,-0.000000,0.707107,-0.000000,0.000000,0.000000,0.000000,0.000000,0.000000,0.000000
380,0.380000,12,knife_3,knife,0.190000,0.035000,0.280000,0.707107,-0.000000,0.707107,-0.000000,0.000000,0.000000,0.000000,0.000000,0.000000,0.000000
380,0.380000,13,candle_0,candle,-0.500000,0.075000,-0.450000,1.000000,0.000000,0.000000,-0.000000,0.000000,0.000000,0.000000,0.000000,0.000000,0.000000
380,0.380000,14,candle_1,candle,-0.500000,0.075000,0.450000,1.000000,0.000000,0.000000,-0.000000,0.000000,0.000000,0.000000,0.000000,0.000000,0.000000
380,0.380000,15,candle_2,candle,0.500000,0.075000,-0.450000,1.000000,0.000000,0.000000,-0.000000,0.000000,0.000000,0.000000,0.000000,0.000000,0.000000
380,0.380000,16,candle_3,candle,0.500000,0.075000,0.450000,1.000000,0.000000,0.000000,-0.000000,0.000000,0.000000,0.000000,0.000000,0.000000,0.000000
380,0.380000,17,pot,pot,0.000000,0.182089,0.000000,1.000000,0.000000,0.000000,-0.000000,0.000000,1.263559,0.000000,0.000000,0.000000,0.000000
385,0.385000,1,plate_0,plate,-0.320000,0.040000,-0.280000,1.000000,0.000000,0.000000,-0.000000,0.000000,0.000000,0.000000,0.000000,0.000000,0.000000
385,0.385000,2,fork_0,fork,-0.450000,0.035000,-0.280000,0.707107,-0.000000,0.707107,-0.000000,0.000000,0.000000,0.000000,0.000000,0.000000,0.000000
385,0.385000,3,knife_0,knife,-0.190000,0.035000,-0.280000,0.707107,-0.000000,0.707107,-0.000000,0.000000,0.000000,0.000000,0.000000,0.000000,0.000000
385,0.385000,4,plate_1,plate,-0.320000,0.040000,0.280000,1.000000,0.000000,0.000000,-0.000000,0.000000,0.000000,0.000000,0.000000,0.000000,0.000000
385,0.385000,5,fork_1,fork,-0.190000,0.035000,0.280000,0.707107,-0.000000,0.707107,-0.000000,0.000000,0.000000,0.000000,0.000000,0.000000,0.000000
385,0.385000,6,knife_1,knife,-0.450000,0.035000,0.280000,0.707107,-0.000000,0.707107,-0.000000,0.000000,0.000000,0.000000,0.000000,0.000000,0.000000
385,0.385000,7,plate_2,plate,0.320000,0.040000,-0.280000,1.000000,0.000000,0.000000,-0.000000,0.000000,0.000000,0.000000,0.000000,0.000000,0.000000
385,0.385000,8,fork_2,fork,0.190000,0.035000,-0.280000,0.707107,-0.000000,0.707107,-0.000000,0.000000,0.000000,0.000000,0.000000,0.000000,0.000000
385,0.385000,9,knife_2,knife,0.450000,0.035000,-0.280000,0.707107,-0.000000,0.707107,-0.000000,0.000000,0.000000,0.000000,0.000000,0.000000,0.000000
385,0.385000,10,plate_3,plate,0.320000,0.040000,0.280000,1.000000,0.000000,0.000000,-0.000000,0.000000,0.000000,0.000000,0.000000,0.000000,0.000000
385,0.385000,11,fork_3,fork,0.450000,0.035000,0.280000,0.707107,-0.000000,0.707107,-0.000000,0.000000,0.000000,0.000000,0.000000,0.000000,0.000000
385,0.385000,12,knife_3,knife,0.190000,0.035000,0.280000,0.707107,-0.000000,0.707107,-0.000000,0.000000,0.000000,0.000000,0.000000,0.000000,0.000000
385,0.385000,13,candle_0,candle,-0.500000,0.075000,-0.450000,1.000000,0.000000,0.000000,-0.000000,0.000000,0.000000,0.000000,0.000000,0.000000,0.000000
385,0.385000,14,candle_1,candle,-0.500000,0.075000,0.450000,1.000000,0.000000,0.000000,-0.000000,0.000000,0.000000,0.000000,0.000000,0.000000,0.000000
385,0.385000,15,candle_2,candle,0.500000,0.075000,-0.450000,1.000000,0.000000,0.000000,-0.000000,0.000000,0.000000,0.000000,0.000000,0.000000,0.000000
385,0.385000,16,candle_3,candle,0.500000,0.075000,0.450000,1.000000,0.000000,0.000000,-0.000000,0.000000,0.000000,0.000000,0.000000,0.000000,0.000000
385,0.385000,17,pot,pot,0.000000,0.188279,0.000000,1.000000,0.000000,0.000000,-0.000000,0.000000,1.214683,0.000000,0.000000,0.000000,0.000000
390,0.390000,1,plate_0,plate,-0.320000,0.040000,-0.280000,1.000000,0.000000,0.000000,-0.000000,0.000000,0.000000,0.000000,0.000000,0.000000,0.000000
390,0.390000,2,fork_0,fork,-0.450000,0.035000,-0.280000,0.707107,-0.000000,0.707107,-0.000000,0.000000,0.000000,0.000000,0.000000,0.000000,0.000000
390,0.390000,3,knife_0,knife,-0.190000,0.035000,-0.280000,0.707107,-0.000000,0.707107,-0.000000,0.000000,0.000000,0.000000,0.000000,0.000000,0.000000
390,0.390000,4,plate_1,plate,-0.320000,0.040000,0.280000,1.000000,0.000000,0.000000,-0.000000,0.000000,0.000000,0.000000,0.000000,0.000000,0.000000
390,0.390000,5,fork_1,fork,-0.190000,0.035000,0.280000,0.707107,-0.000000,0.707107,-0.000000,0.000000,0.000000,0.000000,0.000000,0.000000,0.000000
390,0.390000,6,knife_1,knife,-0.450000,0.035000,0.280000,0.707107,-0.000000,0.707107,-0.000000,0.000000,0.000000,0.000000,0.000000,0.000000,0.000000
390,0.390000,7,plate_2,plate,0.320000,0.040000,-0.280000,1.000000,0.000000,0.000000,-0.000000,0.000000,0.000000,0.000000,0.000000,0.000000,0.000000
390,0.390000,8,fork_2,fork,0.190000,0.035000,-0.280000,0.707107,-0.000000,0.707107,-0.000000,0.000000,0.000000,0.000000,0.000000,0.000000,0.000000
390,0.390000,9,knife_2,knife,0.450000,0.035000,-0.280000,0.707107,-0.000000,0.707107,-0.000000,0.000000,0.000000,0.000000,0.000000,0.000000,0.000000
390,0.390000,10,plate_3,plate,0.320000,0.040000,0.280000,1.000000,0.000000,0.000000,-0.000000,0.000000,0.000000,0.000000,0.000000,0.000000,0.000000
390,0.390000,11,fork_3,fork,0.450000,0.035000,0.280000,0.707107,-0.000000,0.707107,-0.000000,0.000000,0.000000,0.000000,0.000000,0.000000,0.000000
390,0.390000,12,knife_3,knife,0.190000,0.035000,0.280000,0.707107,-0.000000,0.707107,-0.000000,0.000000,0.000000,0.000000,0.000000,0.000000,0.000000
390,0.390000,13,candle_0,candle,-0.500000,0.075000,-0.450000,1.000000,0.000000,0.000000,-0.000000,0.000000,0.000000,0.000000,0.000000,0.000000,0.000000
390,0.390000,14,candle_1,candle,-0.500000,0.075000,0.450000,1.000000,0.000000,0.000000,-0.000000,0.000000,0.000000,0.000000,0.000000,0.000000,0.000000
390,0.390000,15,candle_2,candle,0.500000,0.075000,-0.450000,1.000000,0.000000,0.000000,-0.000000,0.000000,0.000000,0.000000,0.000000,0.000000,0.000000
390,0.390000,16,candle_3,candle,0.500000,0.075000,0.450000,1.000000,0.000000,0.000000,-0.000000,0.000000,0.000000,0.000000,0.000000,0.000000,0.000000
390,0.390000,17,pot,pot,0.000000,0.194224,0.000000,1.000000,0.000000,0.000000,-0.000000,0.000000,1.165807,0.000000,0.000000,0.000000,0.000000
395,0.395000,1,plate_0,plate,-0.320000,0.040000,-0.280000,1.000000,0.000000,0.000000,-0.000000,0.000000,0.000000,0.000000,0.000000,0.000000,0.000000
395,0.395000,2,fork_0,fork,-0.450000,0.035000,-0.280000,0.707107,-0.000000,0.707107,-0.000000,0.000000,0.000000,0.000000,0.000000,0.000000,0.000000
395,0.395000,3,knife_0,knife,-0.190000,0.035000,-0.280000,0.707107,-0.000000,0.707107,-0.000000,0.000000,0.000000,0.000000,0.000000,0.000000,0.000000
395,0.395000,4,plate_1,plate,-0.320000,0.040000,0.280000,1.000000,0.000000,0.000000,-0.000000,0.000000,0.000000,0.000000,0.000000,0.000000,0.000000
395,0.395000,5,fork_1,fork,-0.190000,0.035000,0.280000,0.707107,-0.000000,0.707107,-0.000000,0.000000,0.000000,0.000000,0.000000,0.000000,0.000000
395,0.395000,6,knife_1,knife,-0.450000,0.035000,0.280000,0.707107,-0.000000,0.707107,-0.000000,0.000000,0.000000,0.000000,0.000000,0.000000,0.000000
395,0.395000,7,plate_2,plate,0.320000,0.040000,-0.280000,1.000000,0.000000,0.000000,-0.000000,0.000000,0.000000,0.000000,0.000000,0.000000,0.000000
395,0.395000,8,fork_2,fork,0.190000,0.035000,-0.280000,0.707107,-0.000000,0.707107,-0.000000,0.000000,0.000000,0.000000,0.000000,0.000000,0.000000
395,0.395000,9,knife_2,knife,0.450000,0.035000,-0.280000,0.707107,-0.000000,0.707107,-0.000000,0.000000,0.000000,0.000000,0.000000,0.000000,0.000000
395,0.395000,10,plate_3,plate,0.320000,0.040000,0.280000,1.000000,0.000000,0.000000,-0.000000,0.000000,0.000000,0.000000,0.000000,0.000000,0.000000
395,0.395000,11,fork_3,fork,0.450000,0.035000,0.280000,0.707107,-0.000000,0.707107,-0.000000,0.000000,0.000000,0.000000,0.000000,0.000000,0.000000
395,0.395000,12,knife_3,knife,0.190000,0.035000,0.280000,0.707107,-0.000000,0.707107,-0.000000,0.000000,0.000000,0.000000,0.000000,0.000000,0.000000
395,0.395000,13,candle_0,candle,-0.500000,0.075000,-0.450000,1.000000,0.000000,0.000000,-0.000000,0.000000,0.000000,0.000000,0.000000,0.000000,0.000000
395,0.395000,14,candle_1,candle,-0.500000,0.075000,0.450000,1.000000,0.000000,0.000000,-0.000000,0.000000,0.000000,0.000000,0.000000,0.000000,0.000000
395,0.395000,15,candle_2,candle,0.500000,0.075000,-0.450000,1.000000,0.000000,0.000000,-0.000000,0.000000,0.000000,0.000000,0.000000,0.000000,0.000000
395,0.395000,16,candle_3,candle,0.500000,0.075000,0.450000,1.000000,0.000000,0.000000,-0.000000,0.000000,0.000000,0.000000,0.000000,0.000000,0.000000
395,0.395000,17,pot,pot,0.000000,0.199925,0.000000,1.000000,0.000000,0.000000,-0.000000,0.000000,1.116931,0.000000,0.000000,0.000000,0.000000
400,0.400000,1,plate_0,plate,-0.320000,0.040000,-0.280000,1.000000,0.000000,0.000000,-0.000000,0.000000,0.000000,0.000000,0.000000,0.000000,0.000000
400,0.400000,2,fork_0,fork,-0.450000,0.035000,-0.280000,0.707107,-0.000000,0.707107,-0.000000,0.000000,0.000000,0.000000,0.000000,0.000000,0.000000
400,0.400000,3,knife_0,knife,-0.190000,0.035000,-0.280000,0.707107,-0.000000,0.707107,-0.000000,0.000000,0.000000,0.000000,0.000000,0.000000,0.000000
400,0.400000,4,plate_1,plate,-0.320000,0.040000,0.280000,1.000000,0.000000,0.000000,-0.000000,0.000000,0.000000,0.000000,0.000000,0.000000,0.000000
400,0.400000,5,fork_1,fork,-0.190000,0.035000,0.280000,0.707107,-0.000000,0.707107,-0.000000,0.000000,0.000000,0.000000,0.000000,0.000000,0.000000
400,0.400000,6,knife_1,knife,-0.450000,0.035000,0.280000,0.707107,-0.000000,0.707107,-0.000000,0.000000,0.000000,0.000000,0.000000,0.000000,0.000000
400,0.400000,7,plate_2,plate,0.320000,0.040000,-0.280000,1.000000,0.000000,0.000000,-0.000000,0.000000,0.000000,0.000000,0.000000,0.000000,0.000000
400,0.400000,8,fork_2,fork,0.190000,0.035000,-0.280000,0.707107,-0.000000,0.707107,-0.000000,0.000000,0.000000,0.000000,0.000000,0.000000,0.000000
400,0.400000,9,knife_2,knife,0.450000,0.035000,-0.280000,0.707107,-0.000000,0.707107,-0.000000,0.000000,0.000000,0.000000,0.000000,0.000000,0.000000
400,0.400000,10,plate_3,plate,0.320000,0.040000,0.280000,1.000000,0.000000,0.000000,-0.000000,0.000000,0.000000,0.000000,0.000000,0.000000,0.000000
400,0.400000,11,fork_3,fork,0.450000,0.035000,0.280000,0.707107,-0.000000,0.707107,-0.000000,0.000000,0.000000,0.000000,0.000000,0.000000,0.000000
400,0.400000,12,knife_3,knife,0.190000,0.035000,0.280000,0.707107,-0.000000,0.707107,-0.000000,0.000000,0.000000,0.000000,0.000000,0.000000,0.000000
400,0.400000,13,candle_0,candle,-0.500000,0.075000,-0.450000,1.000000,0.000000,0.000000,-0.000000,0.000000,0.000000,0.000000,0.000000,0.000000,0.000000
400,0.400000,14,candle_1,candle,-0.500000,0.075000,0.450000,1.000000,0.000000,0.000000,-0.000000,0.000000,0.000000,0.000000,0.000000,0.000000,0.000000
400,0.400000,15,candle_2,candle,0.500000,0.075000,-0.450000,1.000000,0.000000,0.000000,-0.000000,0.000000,0.000000,0.000000,0.000000,0.000000,0.000000
400,0.400000,16,candle_3,candle,0.500000,0.075000,0.450000,1.000000,0.000000,0.000000,-0.000000,0.000000,0.000000,0.000000,0.000000,0.000000,0.000000
400,0.400000,17,pot,pot,0.000000,0.205381,0.000000,1.000000,0.000000,0.000000,-0.000000,0.000000,1.068056,0.000000,0.000000,0.000000,0.000000
405,0.405000,1,plate_0,plate,-0.320000,0.040000,-0.280000,1.000000,0.000000,0.000000,-0.000000,0.000000,0.000000,0.000000,0.000000,0.000000,0.000000
405,0.405000,2,fork_0,fork,-0.450000,0.035000,-0.280000,0.707107,-0.000000,0.707107,-0.000000,0.000000,0.000000,0.000000,0.000000,0.000000,0.000000
405,0.405000,3,knife_0,knife,-0.190000,0.035000,-0.280000,0.707107,-0.000000,0.707107,-0.000000,0.000000,0.000000,0.000000,0.000000,0.000000,0.000000
405,0.405000,4,plate_1,plate,-0.320000,0.040000,0.280000,1.000000,0.000000,0.000000,-0.000000,0.000000,0.000000,0.000000,0.000000,0.000000,0.000000
405,0.405000,5,fork_1,fork,-0.190000,0.035000,0.280000,0.707107,-0.000000,0.707107,-0.000000,0.000000,0.000000,0.000000,0.000000,0.000000,0.000000
405,0.405000,6,knife_1,knife,-0.450000,0.035000,0.280000,0.707107,-0.000000,0.707107,-0.000000,0.000000,0.000000,0.000000,0.000000,0.000000,0.000000
405,0.405000,7,plate_2,plate,0.320000,0.040000,-0.280000,1.000000,0.000000,0.000000,-0.000000,0.000000,0.000000,0.000000,0.000000,0.000000,0.000000
405,0.405000,8,fork_2,fork,0.190000,0.035000,-0.280000,0.707107,-0.000000,0.707107,-0.000000,0.000000,0.000000,0.000000,0.000000,0.000000,0.000000
405,0.405000,9,knife_2,knife,0.450000,0.035000,-0.280000,0.707107,-0.000000,0.707107,-0.000000,0.000000,0.000000,0.000000,0.000000,0.000000,0.000000
405,0.405000,10,plate_3,plate,0.320000,0.040000,0.280000,1.000000,0.000000,0.000000,-0.000000,0.000000,0.000000,0.000000,0.000000,0.000000,0.000000
405,0.405000,11,fork_3,fork,0.450000,0.035000,0.280000,0.707107,-0.000000,0.707107,-0.000000,0.000000,0.000000,0.000000,0.000000,0.000000,0.000000
405,0.405000,12,knife_3,knife,0.190000,0.035000,0.280000,0.707107,-0.000000,0.707107,-0.000000,0.000000,0.000000,0.000000,0.000000,0.000000,0.000000
405,0.405000,13,candle_0,candle,-0.500000,0.075000,-0.450000,1.000000,0.000000,0.000000,-0.000000,0.000000,0.000000,0.000000,0.000000,0.000000,0.000000
405,0.405000,14,candle_1,candle,-0.500000,0.075000,0.450000,1.000000,0.000000,0.000000,-0.000000,0.000000,0.000000,0.000000,0.000000,0.000000,0.000000
405,0.405000,15,candle_2,candle,0.500000,0.075000,-0.450000,1.000000,0.000000,0.000000,-0.000000,0.000000,0.000000,0.000000,0.000000,0.000000,0.000000
405,0.405000,16,candle_3,candle,0.500000,0.075000,0.450000,1.000000,0.000000,0.000000,-0.000000,0.000000,0.000000,0.000000,0.000000,0.000000,0.000000
405,0.405000,17,pot,pot,0.000000,0.210593,0.000000,1.000000,0.000000,0.000000,-0.000000,0.000000,1.019180,0.000000,0.000000,0.000000,0.000000
410,0.410000,1,plate_0,plate,-0.320000,0.040000,-0.280000,1.000000,0.000000,0.000000,-0.000000,0.000000,0.000000,0.000000,0.000000,0.000000,0.000000
410,0.410000,2,fork_0,fork,-0.450000,0.035000,-0.280000,0.707107,-0.000000,0.707107,-0.000000,0.000000,0.000000,0.000000,0.000000,0.000000,0.000000
410,0.410000,3,knife_0,knife,-0.190000,0.035000,-0.280000,0.707107,-0.000000,0.707107,-0.000000,0.000000,0.000000,0.000000,0.000000,0.000000,0.000000
410,0.410000,4,plate_1,plate,-0.320000,0.040000,0.280000,1.000000,0.000000,0.000000,-0.000000,0.000000,0.000000,0.000000,0.000000,0.000000,0.000000
410,0.410000,5,fork_1,fork,-0.190000,0.035000,0.280000,0.707107,-0.000000,0.707107,-0.000000,0.000000,0.000000,0.000000,0.000000,0.000000,0.000000
410,0.410000,6,knife_1,knife,-0.450000,0.035000,0.280000,0.707107,-0.000000,0.707107,-0.000000,0.000000,0.000000,0.000000,0.000000,0.000000,0.000000
410,0.410000,7,plate_2,plate,0.320000,0.040000,-0.280000,1.000000,0.000000,0.000000,-0.000000,0.000000,0.000000,0.000000,0.000000,0.000000,0.000000
410,0.410000,8,fork_2,fork,0.190000,0.035000,-0.280000,0.707107,-0.000000,0.707107,-0.000000,0.000000,0.000000,0.000000,0.000000,0.000000,0.000000
410,0.410000,9,knife_2,knife,0.450000,0.035000,-0.280000,0.707107,-0.000000,0.707107,-0.000000,0.000000,0.000000,0.000000,0.000000,0.000000,0.000000
410,0.410000,10,plate_3,plate,0.320000,0.040000,0.280000,1.000000,0.000000,0.000000,-0.000000,0.000000,0.000000,0.000000,0.000000,0.000000,0.000000
410,0.410000,11,fork_3,fork,0.450000,0.035000,0.280000,0.707107,-0.000000,0.707107,-0.000000,0.000000,0.000000,0.000000,0.000000,0.000000,0.000000
410,0.410000,12,knife_3,knife,0.190000,0.035000,0.280000,0.707107,-0.000000,0.707107,-0.000000,0.000000,0.000000,0.000000,0.000000,0.000000,0.000000
410,0.410000,13,candle_0,candle,-0.500000,0.075000,-0.450000,1.000000,0.000000,0.000000,-0.000000,0.000000,0.000000,0.000000,0.000000,0.000000,0.000000
410,0.410000,14,candle_1,candle,-0.500000,0.075000,0.450000,1.000000,0.000000,0.000000,-0.000000,0.000000,0.000000,0.000000,0.000000,0.000000,0.000000
410,0.410000,15,candle_2,candle,0.500000,0.075000,-0.450000,1.000000,0.000000,0.000000,-0.000000,0.000000,0.000000,0.000000,0.000000,0.000000,0.000000
410,0.410000,16,candle_3,candle,0.500000,0.075000,0.450000,1.000000,0.000000,0.000000,-0.000000,0.000000,0.000000,0.000000,0.000000,0.000000,0.000000
410,0.410000,17,pot,pot,0.000000,0.215561,0.000000,1.000000,0.000000,0.000000,-0.000000,0.000000,0.970304,0.000000,0.000000,0.000000,0.000000
415,0.415000,1,plate_0,plate,-0.320000,0.040000,-0.280000,1.000000,0.000000,0.000000,-0.000000,0.000000,0.000000,0.000000,0.000000,0.000000,0.000000
415,0.415000,2,fork_0,fork,-0.450000,0.035000,-0.280000,0.707107,-0.000000,0.707107,-0.000000,0.000000,0.000000,0.000000,0.000000,0.000000,0.000000
415,0.415000,3,knife_0,knife,-0.190000,0.035000,-0.280000,0.707107,-0.000000,0.707107,-0.000000,0.000000,0.000000,0.000000,0.000000,0.000000,0.000000
415,0.415000,4,plate_1,plate,-0.320000,0.040000,0.280000,1.000000,0.000000,0.000000,-0.000000,0.000000,0.000000,0.000000,0.000000,0.000000,0.000000
415,0.415000,5,fork_1,fork,-0.190000,0.035000,0.280000,0.707107,-0.000000,0.707107,-0.000000,0.000000,0.000000,0.000000,0.000000,0.000000,0.000000
415,0.415000,6,knife_1,knife,-0.450000,0.035000,0.280000,0.707107,-0.000000,0.707107,-0.000000,0.000000,0.000000,0.000000,0.000000,0.000000,0.000000
415,0.415000,7,plate_2,plate,0.320000,0.040000,-0.280000,1.000000,0.000000,0.000000,-0.000000,0.000000,0.000000,0.000000,0.000000,0.000000,0.000000
415,0.415000,8,fork_2,fork,0.190000,0.035000,-0.280000,0.707107,-0.000000,0.707107,-0.000000,0.000000,0.000000,0.000000,0.000000,0.000000,0.000000
415,0.415000,9,knife_2,knife,0.450000,0.035000,-0.280000,0.707107,-0.000000,0.707107,-0.000000,0.000000,0.000000,0.000000,0.000000,0.000000,0.000000
415,0.415000,10,plate_3,plate,0.320000,0.040000,0.280000,1.000000,0.000000,0.000000,-0.000000,0.000000,0.000000,0.000000,0.000000,0.000000,0.000000
415,0.415000,11,fork_3,fork,0.450000,0.035000,0.280000,0.707107,-0.000000,0.707107,-0.000000,0.000000,0.000000,0.000000,0.000000,0.000000,0.000000
415,0.415000,12,knife_3,knife,0.190000,0.035000,0.280000,0.707107,-0.000000,0.707107,-0.000000,0.000000,0.000000,0.000000,0.000000,0.000000,0.000000
415,0.415000,13,candle_0,candle,-0.500000,0.075000,-0.450000,1.000000,0.000000,0.000000,-0.000000,0.000000,0.000000,0.000000,0.000000,0.000000,0.000000
415,0.415000,14,candle_1,candle,-0.500000,0.075000,0.450000,1.000000,0.000000,0.000000,-0.000000,0.000000,0.000000,0.000000,0.000000,0.000000,0.000000
415,0.415000,15,candle_2,candle,0.500000,0.075000,-0.450000,1.000000,0.000000,0.000000,-0.000000,0.000000,0.000000,0.000000,0.000000,0.000000,0.000000
415,0.415000,16,candle_3,candle,0.500000,0.075000,0.450000,1.000000,0.000000,0.000000,-0.000000,0.000000,0.000000,0.000000,0.000000,0.000000,0.000000
415,0.415000,17,pot,pot,0.000000,0.220284,0.000000,1.000000,0.000000,0.000000,-0.000000,0.000000,0.921428,0.000000,0.000000,0.000000,0.000000
420,0.420000,1,plate_0,plate,-0.320000,0.040000,-0.280000,1.000000,0.000000,0.000000,-0.000000,0.000000,0.000000,0.000000,0.000000,0.000000,0.000000
420,0.420000,2,fork_0,fork,-0.450000,0.035000,-0.280000,0.707107,-0.000000,0.707107,-0.000000,0.000000,0.000000,0.000000,0.000000,0.000000,0.000000
420,0.420000,3,knife_0,knife,-0.190000,0.035000,-0.280000,0.707107,-0.000000,0.707107,-0.000000,0.000000,0.000000,0.000000,0.000000,0.000000,0.000000
420,0.420000,4,plate_1,plate,-0.320000,0.040000,0.280000,1.000000,0.000000,0.000000,-0.000000,0.000000,0.000000,0.000000,0.000000,0.000000,0.000000
420,0.420000,5,fork_1,fork,-0.190000,0.035000,0.280000,0.707107,-0.000000,0.707107,-0.000000,0.000000,0.000000,0.000000,0.000000,0.000000,0.000000
420,0.420000,6,knife_1,knife,-0.450000,0.035000,0.280000,0.707107,-0.000000,0.707107,-0.000000,0.000000,0.000000,0.000000,0.000000,0.000000,0.000000
420,0.420000,7,plate_2,plate,0.320000,0.040000,-0.280000,1.000000,0.000000,0.000000,-0.000000,0.000000,0.000000,0.000000,0.000000,0.000000,0.000000
420,0.420000,8,fork_2,fork,0.190000,0.035000,-0.280000,0.707107,-0.000000,0.707107,-0.000000,0.000000,0.000000,0.000000,0.000000,0.000000,0.000000
420,0.420000,9,knife_2,knife,0.450000,0.035000,-0.280000,0.707107,-0.000000,0.707107,-0.000000,0.000000,0.000000,0.000000,0.000000,0.000000,0.000000
420,0.420000,10,plate_3,plate,0.320000,0.040000,0.280000,1.000000,0.000000,0.000000,-0.000000,0.000000,0.000000,0.000000,0.000000,0.000000,0.000000
420,0.420000,11,fork_3,fork,0.450000,0.035000,0.280000,0.707107,-0.000000,0.707107,-0.000000,0.000000,0.000000,0.000000,0.000000,0.000000,0.000000
420,0.420000,12,knife_3,knife,0.190000,0.035000,0.280000,0.707107,-0.000000,0.707107,-0.000000,0.000000,0.000000,0.000000,0.000000,0.000000,0.000000
420,0.420000,13,candle_0,candle,-0.500000,0.075000,-0.450000,1.000000,0.000000,0.000000,-0.000000,0.000000,0.000000,0.000000,0.000000,0.000000,0.000000
420,0.420000,14,candle_1,candle,-0.500000,0.075000,0.450000,1.000000,0.000000,0.000000,-0.000000,0.000000,0.000000,0.000000,0.000000,0.000000,0.000000
420,0.420000,15,candle_2,candle,0.500000,0.075000,-0.450000,1.000000,0.000000,0.000000,-0.000000,0.000000,0.000000,0.000000,0.000000,0.000000,0.000000
420,0.420000,16,candle_3,candle,0.500000,0.075000,0.450000,1.000000,0.000000,0.000000,-0.000000,0.000000,0.000000,0.000000,0.000000,0.000000,0.000000
420,0.420000,17,pot,pot,0.000000,0.224763,0.000000,1.000000,0.000000,0.000000,-0.000000,0.000000,0.872552,0.000000,0.000000,0.000000,0.000000
425,0.425000,1,plate_0,plate,-0.320000,0.040000,-0.280000,1.000000,0.000000,0.000000,-0.000000,0.000000,0.000000,0.000000,0.000000,0.000000,0.000000
425,0.425000,2,fork_0,fork,-0.450000,0.035000,-0.280000,0.707107,-0.000000,0.707107,-0.000000,0.000000,0.000000,0.000000,0.000000,0.000000,0.000000
425,0.425000,3,knife_0,knife,-0.190000,0.035000,-0.280000,0.707107,-0.000000,0.707107,-0.000000,0.000000,0.000000,0.000000,0.000000,0.000000,0.000000
425,0.425000,4,plate_1,plate,-0.320000,0.040000,0.280000,1.000000,0.000000,0.000000,-0.000000,0.000000,0.000000,0.000000,0.000000,0.000000,0.000000
425,0.425000,5,fork_1,fork,-0.190000,0.035000,0.280000,0.707107,-0.000000,0.707107,-0.000000,0.000000,0.000000,0.000000,0.000000,0.000000,0.000000
425,0.425000,6,knife_1,knife,-0.450000,0.035000,0.280000,0.707107,-0.000000,0.707107,-0.000000,0.000000,0.000000,0.000000,0.000000,0.000000,0.000000
425,0.425000,7,plate_2,plate,0.320000,0.040000,-0.280000,1.000000,0.000000,0.000000,-0.000000,0.000000,0.000000,0.000000,0.000000,0.000000,0.000000
425,0.425000,8,fork_2,fork,0.190000,0.035000,-0.280000,0.707107,-0.000000,0.707107,-0.000000,0.000000,0.000000,0.000000,0.000000,0.000000,0.000000
425,0.425000,9,knife_2,knife,0.450000,0.035000,-0.280000,0.707107,-0.000000,0.707107,-0.000000,0.000000,0.000000,0.000000,0.000000,0.000000,0.000000
425,0.425000,10,plate_3,plate,0.320000,0.040000,0.280000,1.000000,0.000000,0.000000,-0.000000,0.000000,0.000000,0.000000,0.000000,0.000000,0.000000
425,0.425000,11,fork_3,fork,0.450000,0.035000,0.280000,0.707107,-0.000000,0.707107,-0.000000,0.000000,0.000000,0.000000,0.000000,0.000000,0.000000
425,0.425000,12,knife_3,knife,0.190000,0.035000,0.280000,0.707107,-0.000000,0.707107,-0.000000,0.000000,0.000000,0.000000,0.000000,0.000000,0.000000
425,0.425000,13,candle_0,candle,-0.500000,0.075000,-0.450000,1.000000,0.000000,0.000000,-0.000000,0.000000,0.000000,0.000000,0.000000,0.000000,0.000000
425,0.425000,14,candle_1,candle,-0.500000,0.075000,0.450000,1.000000,0.000000,0.000000,-0.000000,0.000000,0.000000,0.000000,0.000000,0.000000,0.000000
425,0.425000,15,candle_2,candle,0.500000,0.075000,-0.450000,1.000000,0.000000,0.000000,-0.000000,0.000000,0.000000,0.000000,0.000000,0.000000,0.000000
425,0.425000,16,candle_3,candle,0.500000,0.075000,0.450000,1.000000,0.000000,0.000000,-0.000000,0.000000,0.000000,0.000000,0.000000,0.000000,0.000000
425,0.425000,17,pot,pot,0.000000,0.228997,0.000000,1.000000,0.000000,0.000000,-0.000000,0.000000,0.823677,0.000000,0.000000,0.000000,0.000000
430,0.430000,1,plate_0,plate,-0.320000,0.040000,-0.280000,1.000000,0.000000,0.000000,-0.000000,0.000000,0.000000,0.000000,0.000000,0.000000,0.000000
430,0.430000,2,fork_0,fork,-0.450000,0.035000,-0.280000,0.707107,-0.000000,0.707107,-0.000000,0.000000,0.000000,0.000000,0.000000,0.000000,0.000000
430,0.430000,3,knife_0,knife,-0.190000,0.035000,-0.280000,0.707107,-0.000000,0.707107,-0.000000,0.000000,0.000000,0.000000,0.000000,0.000000,0.000000
430,0.430000,4,plate_1,plate,-0.320000,0.040000,0.280000,1.000000,0.000000,0.000000,-0.000000,0.000000,0.000000,0.000000,0.000000,0.000000,0.000000
430,0.430000,5,fork_1,fork,-0.190000,0.035000,0.280000,0.707107,-0.000000,0.707107,-0.000000,0.000000,0.000000,0.000000,0.000000,0.000000,0.000000
430,0.430000,6,knife_1,knife,-0.450000,0.035000,0.280000,0.707107,-0.000000,0.707107,-0.000000,0.000000,0.000000,0.000000,0.000000,0.000000,0.000000
430,0.430000,7,plate_2,plate,0.320000,0.040000,-0.280000,1.000000,0.000000,0.000000,-0.000000,0.000000,0.000000,0.000000,0.000000,0.000000,0.000000
430,0.430000,8,fork_2,fork,0.190000,0.035000,-0.280000,0.707107,-0.000000,0.707107,-0.000000,0.000000,0.000000,0.000000,0.000000,0.000000,0.000000
430,0.430000,9,knife_2,knife,0.450000,0.035000,-0.280000,0.707107,-0.000000,0.707107,-0.000000,0.000000,0.000000,0.000000,0.000000,0.000000,0.000000
430,0.430000,10,plate_3,plate,0.320000,0.040000,0.280000,1.000000,0.000000,0.000000,-0.000000,0.000000,0.000000,0.000000,0.000000,0.000000,0.000000
430,0.430000,11,fork_3,fork,0.450000,0.035000,0.280000,0.707107,-0.000000,0.707107,-0.000000,0.000000,0.000000,0.000000,0.000000,0.000000,0.000000
430,0.430000,12,knife_3,knife,0.190000,0.035000,0.280000,0.707107,-0.000000,0.707107,-0.000000,0.000000,0.000000,0.000000,0.000000,0.000000,0.000000
430,0.430000,13,candle_0,candle,-0.500000,0.075000,-0.450000,1.000000,0.000000,0.000000,-0.000000,0.000000,0.000000,0.000000,0.000000,0.000000,0.000000
430,0.430000,14,candle_1,candle,-0.500000,0.075000,0.450000,1.000000,0.000000,0.000000,-0.000000,0.000000,0.000000,0.000000,0.000000,0.000000,0.000000
430,0.430000,15,candle_2,candle,0.500000,0.075000,-0.450000,1.000000,0.000000,0.000000,-0.000000,0.000000,0.000000,0.000000,0.000000,0.000000,0.000000
430,0.430000,16,candle_3,candle,0.500000,0.075000,0.450000,1.000000,0.000000,0.000000,-0.000000,0.000000,0.000000,0.000000,0.000000,0.000000,0.000000
430,0.430000,17,pot,pot,0.000000,0.232987,0.000000,1.000000,0.000000,0.000000,-0.000000,0.000000,0.774801,0.000000,0.000000,0.000000,0.000000
435,0.435000,1,plate_0,plate,-0.320000,0.040000,-0.280000,1.000000,0.000000,0.000000,-0.000000,0.000000,0.000000,0.000000,0.000000,0.000000,0.000000
435,0.435000,2,fork_0,fork,-0.450000,0.035000,-0.280000,0.707107,-0.000000,0.707107,-0.000000,0.000000,0.000000,0.000000,0.000000,0.000000,0.000000
435,0.435000,3,knife_0,knife,-0.190000,0.035000,-0.280000,0.707107,-0.000000,0.707107,-0.000000,0.000000,0.000000,0.000000,0.000000,0.000000,0.000000
435,0.435000,4,plate_1,plate,-0.320000,0.040000,0.280000,1.000000,0.000000,0.000000,-0.000000,0.000000,0.000000,0.000000,0.000000,0.000000,0.000000
435,0.435000,5,fork_1,fork,-0.190000,0.035000,0.280000,0.707107,-0.000000,0.707107,-0.000000,0.000000,0.000000,0.000000,0.000000,0.000000,0.000000
435,0.435000,6,knife_1,knife,-0.450000,0.035000,0.280000,0.707107,-0.000000,0.707107,-0.000000,0.000000,0.000000,0.000000,0.000000,0.000000,0.000000
435,0.435000,7,plate_2,plate,0.320000,0.040000,-0.280000,1.000000,0.000000,0.000000,-0.000000,0.000000,0.000000,0.000000,0.000000,0.000000,0.000000
435,0.435000,8,fork_2,fork,0.190000,0.035000,-0.280000,0.707107,-0.000000,0.707107,-0.000000,0.000000,0.000000,0.000000,0.000000,0.000000,0.000000
435,0.435000,9,knife_2,knife,0.450000,0.035000,-0.280000,0.707107,-0.000000,0.707107,-0.000000,0.000000,0.000000,0.000000,0.000000,0.000000,0.000000
435,0.435000,10,plate_3,plate,0.320000,0.040000,0.280000,1.000000,0.000000,0.000000,-0.000000,0.000000,0.000000,0.000000,0.000000,0.000000,0.000000
435,0.435000,11,fork_3,fork,0.450000,0.035000,0.280000,0.707107,-0.000000,0.707107,-0.000000,0.000000,0.000000,0.000000,0.000000,0.000000,0.000000
435,0.435000,12,knife_3,knife,0.190000,0.035000,0.280000,0.707107,-0.000000,0.707107,-0.000000,0.000000,0.000000,0.000000,0.000000,0.000000,0.000000
435,0.435000,13,candle_0,candle,-0.500000,0.075000,-0.450000,1.000000,0.000000,0.000000,-0.000000,0.000000,0.000000,0.000000,0.000000,0.000000,0.000000
435,0.435000,14,candle_1,candle,-0.500000,0.075000,0.450000,1.000000,0.000000,0.000000,-0.000000,0.000000,0.000000,0.000000,0.000000,0.000000,0.000000
435,0.435000,15,candle_2,candle,0.500000,0.075000,-0.450000,1.000000,0.000000,0.000000,-0.000000,0.000000,0.000000,0.000000,0.000000,0.000000,0.000000
435,0.435000,16,candle_3,candle,0.500000,0.075000,0.450000,1.000000,0.000000,0.000000,-0.000000,0.000000,0.000000,0.000000,0.000000,0.000000,0.000000
435,0.435000,17,pot,pot,0.000000,0.236733,0.000000,1.000000,0.000000,0.000000,-0.000000,0.000000,0.725925,0.000000,0.000000,0.000000,0.000000
440,0.440000,1,plate_0,plate,-0.320000,0.040000,-0.280000,1.000000,0.000000,0.000000,-0.000000,0.000000,0.000000,0.000000,0.000000,0.000000,0.000000
440,0.440000,2,fork_0,fork,-0.450000,0.035000,-0.280000,0.707107,-0.000000,0.707107,-0.000000,0.000000,0.000000,0.000000,0.000000,0.000000,0.000000
440,0.440000,3,knife_0,knife,-0.190000,0.035000,-0.280000,0.707107,-0.000000,0.707107,-0.000000,0.000000,0.000000,0.000000,0.000000,0.000000,0.000000
440,0.440000,4,plate_1,plate,-0.320000,0.040000,0.280000,1.000000,0.000000,0.000000,-0.000000,0.000000,0.000000,0.000000,0.000000,0.000000,0.000000
440,0.440000,5,fork_1,fork,-0.190000,0.035000,0.280000,0.707107,-0.000000,0.707107,-0.000000,0.000000,0.000000,0.000000,0.000000,0.000000,0.000000
440,0.440000,6,knife_1,knife,-0.450000,0.035000,0.280000,0.707107,-0.000000,0.707107,-0.000000,0.000000,0.000000,0.000000,0.000000,0.000000,0.000000
440,0.440000,7,plate_2,plate,0.320000,0.040000,-0.280000,1.000000,0.000000,0.000000,-0.000000,0.000000,0.000000,0.000000,0.000000,0.000000,0.000000
440,0.440000,8,fork_2,fork,0.190000,0.035000,-0.280000,0.707107,-0.000000,0.707107,-0.000000,0.000000,0.000000,0.000000,0.000000,0.000000,0.000000
440,0.440000,9,knife_2,knife,0.450000,0.035000,-0.280000,0.707107,-0.000000,0.707107,-0.000000,0.000000,0.000000,0.000000,0.000000,0.000000,0.000000
440,0.440000,10,plate_3,plate,0.320000,0.040000,0.280000,1.000000,0.000000,0.000000,-0.000000,0.000000,0.000000,0.000000,0.000000,0.000000,0.000000
440,0.440000,11,fork_3,fork,0.450000,0.035000,0.280000,0.707107,-0.000000,0.707107,-0.000000,0.000000,0.000000,0.000000,0.000000,0.000000,0.000000
440,0.440000,12,knife_3,knife,0.190000,0.035000,0.280000,0.707107,-0.000000,0.707107,-0.000000,0.000000,0.000000,0.000000,0.000000,0.000000,0.000000
440,0.440000,13,candle_0,candle,-0.500000,0.075000,-0.450000,1.000000,0.000000,0.000000,-0.000000,0.000000,0.000000,0.000000,0.000000,0.000000,0.000000
440,0.440000,14,candle_1,candle,-0.500000,0.075000,0.450000,1.000000,0.000000,0.000000,-0.000000,0.000000,0.000000,0.000000,0.000000,0.000000,0.000000
440,0.440000,15,candle_2,candle,0.500000,0.075000,-0.450000,1.000000,0.000000,0.000000,-0.000000,0.000000,0.000000,0.000000,0.000000,0.000000,0.000000
440,0.440000,16,candle_3,candle,0.500000,0.075000,0.450000,1.000000,0.000000,0.000000,-0.000000,0.000000,0.000000,0.000000,0.000000,0.000000,0.000000
440,0.440000,17,pot,pot,0.000000,0.240234,0.000000,1.000000,0.000000,0.000000,-0.000000,0.000000,0.677049,0.000000,0.000000,0.000000,0.000000
445,0.445000,1,plate_0,plate,-0.320000,0.040000,-0.280000,1.000000,0.000000,0.000000,-0.000000,0.000000,0.000000,0.000000,0.000000,0.000000,0.000000
445,0.445000,2,fork_0,fork,-0.450000,0.035000,-0.280000,0.707107,-0.000000,0.707107,-0.000000,0.000000,0.000000,0.000000,0.000000,0.000000,0.000000
445,0.445000,3,knife_0,knife,-0.190000,0.035000,-0.280000,0.707107,-0.000000,0.707107,-0.000000,0.000000,0.000000,0.000000,0.000000,0.000000,0.000000
445,0.445000,4,plate_1,plate,-0.320000,0.040000,0.280000,1.000000,0.000000,0.000000,-0.000000,0.000000,0.000000,0.000000,0.000000,0.000000,0.000000
445,0.445000,5,fork_1,fork,-0.190000,0.035000,0.280000,0.707107,-0.000000,0.707107,-0.000000,0.000000,0.000000,0.000000,0.000000,0.000000,0.000000
445,0.445000,6,knife_1,knife,-0.450000,0.035000,0.280000,0.707107,-0.000000,0.707107,-0.000000,0.000000,0.000000,0.000000,0.000000,0.000000,0.000000
445,0.445000,7,plate_2,plate,0.320000,0.040000,-0.280000,1.000000,0.000000,0.000000,-0.000000,0.000000,0.000000,0.000000,0.000000,0.000000,0.000000
445,0.445000,8,fork_2,fork,0.190000,0.035000,-0.280000,0.707107,-0.000000,0.707107,-0.000000,0.000000,0.000000,0.000000,0.000000,0.000000,0.000000
445,0.445000,9,knife_2,knife,0.450000,0.035000,-0.280000,0.707107,-0.000000,0.707107,-0.000000,0.000000,0.000000,0.000000,0.000000,0.000000,0.000000
445,0.445000,10,plate_3,plate,0.320000,0.040000,0.280000,1.000000,0.000000,0.000000,-0.000000,0.000000,0.000000,0.000000,0.000000,0.000000,0.000000
445,0.445000,11,fork_3,fork,0.450000,0.035000,0.280000,0.707107,-0.000000,0.707107,-0.000000,0.000000,0.000000,0.000000,0.000000,0.000000,0.000000
445,0.445000,12,knife_3,knife,0.190000,0.035000,0.280000,0.707107,-0.000000,0.707107,-0.000000,0.000000,0.000000,0.000000,0.000000,0.000000,0.000000
445,0.445000,13,candle_0,candle,-0.500000,0.075000,-0.450000,1.000000,0.000000,0.000000,-0.000000,0.000000,0.000000,0.000000,0.000000,0.000000,0.000000
445,0.445000,14,candle_1,candle,-0.500000,0.075000,0.450000,1.000000,0.000000,0.000000,-0.000000,0.000000,0.000000,0.000000,0.000000,0.000000,0.000000
445,0.445000,15,candle_2,candle,0.500000,0.075000,-0.450000,1.000000,0.000000,0.000000,-0.000000,0.000000,0.000000,0.000000,0.000000,0.000000,0.000000
445,0.445000,16,candle_3,candle,0.500000,0.075000,0.450000,1.000000,0.000000,0.000000,-0.000000,0.000000,0.000000,0.000000,0.000000,0.000000,0.000000
445,0.445000,17,pot,pot,0.000000,0.243491,0.000000,1.000000,0.000000,0.000000,-0.000000,0.000000,0.628173,0.000000,0.000000,0.000000,0.000000
450,0.450000,1,plate_0,plate,-0.320000,0.040000,-0.280000,1.000000,0.000000,0.000000,-0.000000,0.000000,0.000000,0.000000,0.000000,0.000000,0.000000
450,0.450000,2,fork_0,fork,-0.450000,0.035000,-0.280000,0.707107,-0.000000,0.707107,-0.000000,0.000000,0.000000,0.000000,0.000000,0.000000,0.000000
450,0.450000,3,knife_0,knife,-0.190000,0.035000,-0.280000,0.707107,-0.000000,0.707107,-0.000000,0.000000,0.000000,0.000000,0.000000,0.000000,0.000000
450,0.450000,4,plate_1,plate,-0.320000,0.040000,0.280000,1.000000,0.000000,0.000000,-0.000000,0.000000,0.000000,0.000000,0.000000,0.000000,0.000000
450,0.450000,5,fork_1,fork,-0.190000,0.035000,0.280000,0.707107,-0.000000,0.707107,-0.000000,0.000000,0.000000,0.000000,0.000000,0.000000,0.000000
450,0.450000,6,knife_1,knife,-0.450000,0.035000,0.280000,0.707107,-0.000000,0.707107,-0.000000,0.000000,0.000000,0.000000,0.000000,0.000000,0.000000
450,0.450000,7,plate_2,plate,0.320000,0.040000,-0.280000,1.000000,0.000000,0.000000,-0.000000,0.000000,0.000000,0.000000,0.000000,0.000000,0.000000
450,0.450000,8,fork_2,fork,0.190000,0.035000,-0.280000,0.707107,-0.000000,0.707107,-0.000000,0.000000,0.000000,0.000000,0.000000,0.000000,0.000000
450,0.450000,9,knife_2,knife,0.450000,0.035000,-0.280000,0.707107,-0.000000,0.707107,-0.000000,0.000000,0.000000,0.000000,0.000000,0.000000,0.000000
450,0.450000,10,plate_3,plate,0.320000,0.040000,0.280000,1.000000,0.000000,0.000000,-0.000000,0.000000,0.000000,0.000000,0.000000,0.000000,0.000000
450,0.450000,11,fork_3,fork,0.450000,0.035000,0.280000,0.707107,-0.000000,0.707107,-0.000000,0.000000,0.000000,0.000000,0.000000,0.000000,0.000000
450,0.450000,12,knife_3,knife,0.190000,0.035000,0.280000,0.707107,-0.000000,0.707107,-0.000000,0.000000,0.000000,0.000000,0.000000,0.000000,0.000000
450,0.450000,13,candle_0,candle,-0.500000,0.075000,-0.450000,1.000000,0.000000,0.000000,-0.000000,0.000000,0.000000,0.000000,0.000000,0.000000,0.000000
450,0.450000,14,candle_1,candle,-0.500000,0.075000,0.450000,1.000000,0.000000,0.000000,-0.000000,0.000000,0.000000,0.000000,0.000000,0.000000,0.000000
450,0.450000,15,candle_2,candle,0.500000,0.075000,-0.450000,1.000000,0.000000,0.000000,-0.000000,0.000000,0.000000,0.000000,0.000000,0.000000,0.000000
450,0.450000,16,candle_3,candle,0.500000,0.075000,0.450000,1.000000,0.000000,0.000000,-0.000000,0.000000,0.000000,0.000000,0.000000,0.000000,0.000000
450,0.450000,17,pot,pot,0.000000,0.246504,0.000000,1.000000,0.000000,0.000000,-0.000000,0.000000,0.579298,0.000000,0.000000,0.000000,0.000000
455,0.455000,1,plate_0,plate,-0.320000,0.040000,-0.280000,1.000000,0.000000,0.000000,-0.000000,0.000000,0.000000,0.000000,0.000000,0.000000,0.000000
455,0.455000,2,fork_0,fork,-0.450000,0.035000,-0.280000,0.707107,-0.000000,0.707107,-0.000000,0.000000,0.000000,0.000000,0.000000,0.000000,0.000000
455,0.455000,3,knife_0,knife,-0.190000,0.035000,-0.280000,0.707107,-0.000000,0.707107,-0.000000,0.000000,0.000000,0.000000,0.000000,0.000000,0.000000
455,0.455000,4,plate_1,plate,-0.320000,0.040000,0.280000,1.000000,0.000000,0.000000,-0.000000,0.000000,0.000000,0.000000,0.000000,0.000000,0.000000
455,0.455000,5,fork_1,fork,-0.190000,0.035000,0.280000,0.707107,-0.000000,0.707107,-0.000000,0.000000,0.000000,0.000000,0.000000,0.000000,0.000000
455,0.455000,6,knife_1,knife,-0.450000,0.035000,0.280000,0.707107,-0.000000,0.707107,-0.000000,0.000000,0.000000,0.000000,0.000000,0.000000,0.000000
455,0.455000,7,plate_2,plate,0.320000,0.040000,-0.280000,1.000000,0.000000,0.000000,-0.000000,0.000000,0.000000,0.000000,0.000000,0.000000,0.000000
455,0.455000,8,fork_2,fork,0.190000,0.035000,-0.280000,0.707107,-0.000000,0.707107,-0.000000,0.000000,0.000000,0.000000,0.000000,0.000000,0.000000
455,0.455000,9,knife_2,knife,0.450000,0.035000,-0.280000,0.707107,-0.000000,0.707107,-0.000000,0.000000,0.000000,0.000000,0.000000,0.000000,0.000000
455,0.455000,10,plate_3,plate,0.320000,0.040000,0.280000,1.000000,0.000000,0.000000,-0.000000,0.000000,0.000000,0.000000,0.000000,0.000000,0.000000
455,0.455000,11,fork_3,fork,0.450000,0.035000,0.280000,0.707107,-0.000000,0.707107,-0.000000,0.000000,0.000000,0.000000,0.000000,0.000000,0.000000
455,0.455000,12,knife_3,knife,0.190000,0.035000,0.280000,0.707107,-0.000000,0.707107,-0.000000,0.000000,0.000000,0.000000,0.000000,0.000000,0.000000
455,0.455000,13,candle_0,candle,-0.500000,0.075000,-0.450000,1.000000,0.000000,0.000000,-0.000000,0.000000,0.000000,0.000000,0.000000,0.000000,0.000000
455,0.455000,14,candle_1,candle,-0.500000,0.075000,0.450000,1.000000,0.000000,0.000000,-0.000000,0.000000,0.000000,0.000000,0.000000,0.000000,0.000000
455,0.455000,15,candle_2,candle,0.500000,0.075000,-0.450000,1.000000,0.000000,0.000000,-0.000000,0.000000,0.000000,0.000000,0.000000,0.000000,0.000000
455,0.455000,16,candle_3,candle,0.500000,0.075000,0.450000,1.000000,0.000000,0.000000,-0.000000,0.000000,0.000000,0.000000,0.000000,0.000000,0.000000
455,0.455000,17,pot,pot,0.000000,0.249272,0.000000,1.000000,0.000000,0.000000,-0.000000,0.000000,0.530422,0.000000,0.000000,0.000000,0.000000
460,0.460000,1,plate_0,plate,-0.320000,0.040000,-0.280000,1.000000,0.000000,0.000000,-0.000000,0.000000,0.000000,0.000000,0.000000,0.000000,0.000000
460,0.460000,2,fork_0,fork,-0.450000,0.035000,-0.280000,0.707107,-0.000000,0.707107,-0.000000,0.000000,0.000000,0.000000,0.000000,0.000000,0.000000
460,0.460000,3,knife_0,knife,-0.190000,0.035000,-0.280000,0.707107,-0.000000,0.707107,-0.000000,0.000000,0.000000,0.000000,0.000000,0.000000,0.000000
460,0.460000,4,plate_1,plate,-0.320000,0.040000,0.280000,1.000000,0.000000,0.000000,-0.000000,0.000000,0.000000,0.000000,0.000000,0.000000,0.000000
460,0.460000,5,fork_1,fork,-0.190000,0.035000,0.280000,0.707107,-0.000000,0.707107,-0.000000,0.000000,0.000000,0.000000,0.000000,0.000000,0.000000
460,0.460000,6,knife_1,knife,-0.450000,0.035000,0.280000,0.707107,-0.000000,0.707107,-0.000000,0.000000,0.000000,0.000000,0.000000,0.000000,0.000000
460,0.460000,7,plate_2,plate,0.320000,0.040000,-0.280000,1.000000,0.000000,0.000000,-0.000000,0.000000,0.000000,0.000000,0.000000,0.000000,0.000000
460,0.460000,8,fork_2,fork,0.190000,0.035000,-0.280000,0.707107,-0.000000,0.707107,-0.000000,0.000000,0.000000,0.000000,0.000000,0.000000,0.000000
460,0.460000,9,knife_2,knife,0.450000,0.035000,-0.280000,0.707107,-0.000000,0.707107,-0.000000,0.000000,0.000000,0.000000,0.000000,0.000000,0.000000
460,0.460000,10,plate_3,plate,0.320000,0.040000,0.280000,1.000000,0.000000,0.000000,-0.000000,0.000000,0.000000,0.000000,0.000000,0.000000,0.000000
460,0.460000,11,fork_3,fork,0.450000,0.035000,0.280000,0.707107,-0.000000,0.707107,-0.000000,0.000000,0.000000,0.000000,0.000000,0.000000,0.000000
460,0.460000,12,knife_3,knife,0.190000,0.035000,0.280000,0.707107,-0.000000,0.707107,-0.000000,0.000000,0.000000,0.000000,0.000000,0.000000,0.000000
460,0.460000,13,candle_0,candle,-0.500000,0.075000,-0.450000,1.000000,0.000000,0.000000,-0.000000,0.000000,0.000000,0.000000,0.000000,0.000000,0.000000
460,0.460000,14,candle_1,candle,-0.500000,0.075000,0.450000,1.000000,0.000000,0.000000,-0.000000,0.000000,0.000000,0.000000,0.000000,0.000000,0.000000
460,0.460000,15,candle_2,candle,0.500000,0.075000,-0.450000,1.000000,0.000000,0.000000,-0.000000,0.000000,0.000000,0.000000,0.000000,0.000000,0.000000
460,0.460000,16,candle_3,candle,0.500000,0.075000,0.450000,1.000000,0.000000,0.000000,-0.000000,0.000000,0.000000,0.000000,0.000000,0.000000,0.000000
460,0.460000,17,pot,pot,0.000000,0.251794,0.000000,1.000000,0.000000,0.000000,-0.000000,0.000000,0.480652,0.000000,0.000000,0.000000,0.000000
465,0.465000,1,plate_0,plate,-0.320000,0.040000,-0.280000,1.000000,0.000000,0.000000,-0.000000,0.000000,0.000000,0.000000,0.000000,0.000000,0.000000
465,0.465000,2,fork_0,fork,-0.450000,0.035000,-0.280000,0.707107,-0.000000,0.707107,-0.000000,0.000000,0.000000,0.000000,0.000000,0.000000,0.000000
465,0.465000,3,knife_0,knife,-0.190000,0.035000,-0.280000,0.707107,-0.000000,0.707107,-0.000000,0.000000,0.000000,0.000000,0.000000,0.000000,0.000000
465,0.465000,4,plate_1,plate,-0.320000,0.040000,0.280000,1.000000,0.000000,0.000000,-0.000000,0.000000,0.000000,0.000000,0.000000,0.000000,0.000000
465,0.465000,5,fork_1,fork,-0.190000,0.035000,0.280000,0.707107,-0.000000,0.707107,-0.000000,0.000000,0.000000,0.000000,0.000000,0.000000,0.000000
465,0.465000,6,knife_1,knife,-0.450000,0.035000,0.280000,0.707107,-0.000000,0.707107,-0.000000,0.000000,0.000000,0.000000,0.000000,0.000000,0.000000
465,0.465000,7,plate_2,plate,0.320000,0.040000,-0.280000,1.000000,0.000000,0.000000,-0.000000,0.000000,0.000000,0.000000,0.000000,0.000000,0.000000
465,0.465000,8,fork_2,fork,0.190000,0.035000,-0.280000,0.707107,-0.000000,0.707107,-0.000000,0.000000,0.000000,0.000000,0.000000,0.000000,0.000000
465,0.465000,9,knife_2,knife,0.450000,0.035000,-0.280000,0.707107,-0.000000,0.707107,-0.000000,0.000000,0.000000,0.000000,0.000000,0.000000,0.000000
465,0.465000,10,plate_3,plate,0.320000,0.040000,0.280000,1.000000,0.000000,0.000000,-0.000000,0.000000,0.000000,0.000000,0.000000,0.000000,0.000000
465,0.465000,11,fork_3,fork,0.450000,0.035000,0.280000,0.707107,-0.000000,0.707107,-0.000000,0.000000,0.000000,0.000000,0.000000,0.000000,0.000000
465,0.465000,12,knife_3,knife,0.190000,0.035000,0.280000,0.707107,-0.000000,0.707107,-0.000000,0.000000,0.000000,0.000000,0.000000,0.000000,0.000000
465,0.465000,13,candle_0,candle,-0.500000,0.075000,-0.450000,1.000000,0.000000,0.000000,-0.000000,0.000000,0.000000,0.000000,0.000000,0.000000,0.000000
465,0.465000,14,candle_1,candle,-0.500000,0.075000,0.450000,1.000000,0.000000,0.000000,-0.000000,0.000000,0.000000,0.000000,0.000000,0.000000,0.000000
465,0.465000,15,candle_2,candle,0.500000,0.075000,-0.450000,1.000000,0.000000,0.000000,-0.000000,0.000000,0.000000,0.000000,0.000000,0.000000,0.000000
465,0.465000,16,candle_3,candle,0.500000,0.075000,0.450000,1.000000,0.000000,0.000000,-0.000000,0.000000,0.000000,0.000000,0.000000,0.000000,0.000000
465,0.465000,17,pot,pot,0.000000,0.254066,0.000000,1.000000,0.000000,0.000000,-0.000000,0.000000,0.430584,0.000000,0.000000,0.000000,0.000000
470,0.470000,1,plate_0,plate,-0.320000,0.040000,-0.280000,1.000000,0.000000,0.000000,-0.000000,0.000000,0.000000,0.000000,0.000000,0.000000,0.000000
470,0.470000,2,fork_0,fork,-0.450000,0.035000,-0.280000,0.707107,-0.000000,0.707107,-0.000000,0.000000,0.000000,0.000000,0.000000,0.000000,0.000000
470,0.470000,3,knife_0,knife,-0.190000,0.035000,-0.280000,0.707107,-0.000000,0.707107,-0.000000,0.000000,0.000000,0.000000,0.000000,0.000000,0.000000
470,0.470000,4,plate_1,plate,-0.320000,0.040000,0.280000,1.000000,0.000000,0.000000,-0.000000,0.000000,0.000000,0.000000,0.000000,0.000000,0.000000
470,0.470000,5,fork_1,fork,-0.190000,0.035000,0.280000,0.707107,-0.000000,0.707107,-0.000000,0.000000,0.000000,0.000000,0.000000,0.000000,0.000000
470,0.470000,6,knife_1,knife,-0.450000,0.035000,0.280000,0.707107,-0.000000,0.707107,-0.000000,0.000000,0.000000,0.000000,0.000000,0.000000,0.000000
470,0.470000,7,plate_2,plate,0.320000,0.040000,-0.280000,1.000000,0.000000,0.000000,-0.000000,0.000000,0.000000,0.000000,0.000000,0.000000,0.000000
470,0.470000,8,fork_2,fork,0.190000,0.035000,-0.280000,0.707107,-0.000000,0.707107,-0.000000,0.000000,0.000000,0.000000,0.000000,0.000000,0.000000
470,0.470000,9,knife_2,knife,0.450000,0.035000,-0.280000,0.707107,-0.000000,0.707107,-0.000000,0.000000,0.000000,0.000000,0.000000,0.000000,0.000000
470,0.470000,10,plate_3,plate,0.320000,0.040000,0.280000,1.000000,0.000000,0.000000,-0.000000,0.000000,0.000000,0.000000,0.000000,0.000000,0.000000
470,0.470000,11,fork_3,fork,0.450000,0.035000,0.280000,0.707107,-0.000000,0.707107,-0.000000,0.000000,0.000000,0.000000,0.000000,0.000000,0.000000
470,0.470000,12,knife_3,knife,0.190000,0.035000,0.280000,0.707107,-0.000000,0.707107,-0.000000,0.000000,0.000000,0.000000,0.000000,0.000000,0.000000
470,0.470000,13,candle_0,candle,-0.500000,0.075000,-0.450000,1.000000,0.000000,0.000000,-0.000000,0.000000,0.000000,0.000000,0.000000,0.000000,0.000000
470,0.470000,14,candle_1,candle,-0.500000,0.075000,0.450000,1.000000,0.000000,0.000000,-0.000000,0.000000,0.000000,0.000000,0.000000,0.000000,0.000000
470,0.470000,15,candle_2,candle,0.500000,0.075000,-0.450000,1.000000,0.000000,0.000000,-0.000000,0.000000,0.000000,0.000000,0.000000,0.000000,0.000000
470,0.470000,16,candle_3,candle,0.500000,0.075000,0.450000,1.000000,0.000000,0.000000,-0.000000,0.000000,0.000000,0.000000,0.000000,0.000000,0.000000
470,0.470000,17,pot,pot,0.000000,0.256087,0.000000,1.000000,0.000000,0.000000,-0.000000,0.000000,0.380516,0.000000,0.000000,0.000000,0.000000
475,0.475000,1,plate_0,plate,-0.320000,0.040000,-0.280000,1.000000,0.000000,0.000000,-0.000000,0.000000,0.000000,0.000000,0.000000,0.000000,0.000000
475,0.475000,2,fork_0,fork,-0.450000,0.035000,-0.280000,0.707107,-0.000000,0.707107,-0.000000,0.000000,0.000000,0.000000,0.000000,0.000000,0.000000
475,0.475000,3,knife_0,knife,-0.190000,0.035000,-0.280000,0.707107,-0.000000,0.707107,-0.000000,0.000000,0.000000,0.000000,0.000000,0.000000,0.000000
475,0.475000,4,plate_1,plate,-0.320000,0.040000,0.280000,1.000000,0.000000,0.000000,-0.000000,0.000000,0.000000,0.000000,0.000000,0.000000,0.000000
475,0.475000,5,fork_1,fork,-0.190000,0.035000,0.280000,0.707107,-0.000000,0.707107,-0.000000,0.000000,0.000000,0.000000,0.000000,0.000000,0.000000
475,0.475000,6,knife_1,knife,-0.450000,0.035000,0.280000,0.707107,-0.000000,0.707107,-0.000000,0.000000,0.000000,0.000000,0.000000,0.000000,0.000000
475,0.475000,7,plate_2,plate,0.320000,0.040000,-0.280000,1.000000,0.000000,0.000000,-0.000000,0.000000,0.000000,0.000000,0.000000,0.000000,0.000000
475,0.475000,8,fork_2,fork,0.190000,0.035000,-0.280000,0.707107,-0.000000,0.707107,-0.000000,0.000000,0.000000,0.000000,0.000000,0.000000,0.000000
475,0.475000,9,knife_2,knife,0.450000,0.035000,-0.280000,0.707107,-0.000000,0.707107,-0.000000,0.000000,0.000000,0.000000,0.000000,0.000000,0.000000
475,0.475000,10,plate_3,plate,0.320000,0.040000,0.280000,1.000000,0.000000,0.000000,-0.000000,0.000000,0.000000,0.000000,0.000000,0.000000,0.000000
475,0.475000,11,fork_3,fork,0.450000,0.035000,0.280000,0.707107,-0.000000,0.707107,-0.000000,0.000000,0.000000,0.000000,0.000000,0.000000,0.000000
475,0.475000,12,knife_3,knife,0.190000,0.035000,0.280000,0.707107,-0.000000,0.707107,-0.000000,0.000000,0.000000,0.000000,0.000000,0.000000,0.000000
475,0.475000,13,candle_0,candle,-0.500000,0.075000,-0.450000,1.000000,0.000000,0.000000,-0.000000,0.000000,0.000000,0.000000,0.000000,0.000000,0.000000
475,0.475000,14,candle_1,candle,-0.500000,0.075000,0.450000,1.000000,0.000000,0.000000,-0.000000,0.000000,0.000000,0.000000,0.000000,0.000000,0.000000
475,0.475000,15,candle_2,candle,0.500000,0.075000,-0.450000,1.000000,0.000000,0.000000,-0.000000,0.000000,0.000000,0.000000,0.000000,0.000000,0.000000
475,0.475000,16,candle_3,candle,0.500000,0.075000,0.450000,1.000000,0.000000,0.000000,-0.000000,0.000000,0.000000,0.000000,0.000000,0.000000,0.000000
475,0.475000,17,pot,pot,0.000000,0.257858,0.000000,1.000000,0.000000,0.000000,-0.000000,0.000000,0.330448,0.000000,0.000000,0.000000,0.000000
480,0.480000,1,plate_0,plate,-0.320000,0.040000,-0.280000,1.000000,0.000000,0.000000,-0.000000,0.000000,0.000000,0.000000,0.000000,0.000000,0.000000
480,0.480000,2,fork_0,fork,-0.450000,0.035000,-0.280000,0.707107,-0.000000,0.707107,-0.000000,0.000000,0.000000,0.000000,0.000000,0.000000,0.000000
480,0.480000,3,knife_0,knife,-0.190000,0.035000,-0.280000,0.707107,-0.000000,0.707107,-0.000000,0.000000,0.000000,0.000000,0.000000,0.000000,0.000000
480,0.480000,4,plate_1,plate,-0.320000,0.040000,0.280000,1.000000,0.000000,0.000000,-0.000000,0.000000,0.000000,0.000000,0.000000,0.000000,0.000000
480,0.480000,5,fork_1,fork,-0.190000,0.035000,0.280000,0.707107,-0.000000,0.707107,-0.000000,0.000000,0.000000,0.000000,0.000000,0.000000,0.000000
480,0.480000,6,knife_1,knife,-0.450000,0.035000,0.280000,0.707107,-0.000000,0.707107,-0.000000,0.000000,0.000000,0.000000,0.000000,0.000000,0.000000
480,0.480000,7,plate_2,plate,0.320000,0.040000,-0.280000,1.000000,0.000000,0.000000,-0.000000,0.000000,0.000000,0.000000,0.000000,0.000000,0.000000
480,0.480000,8,fork_2,fork,0.190000,0.035000,-0.280000,0.707107,-0.000000,0.707107,-0.000000,0.000000,0.000000,0.000000,0.000000,0.000000,0.000000
480,0.480000,9,knife_2,knife,0.450000,0.035000,-0.280000,0.707107,-0.000000,0.707107,-0.000000,0.000000,0.000000,0.000000,0.000000,0.000000,0.000000
480,0.480000,10,plate_3,plate,0.320000,0.040000,0.280000,1.000000,0.000000,0.000000,-0.000000,0.000000,0.000000,0.000000,0.000000,0.000000,0.000000
480,0.480000,11,fork_3,fork,0.450000,0.035000,0.280000,0.707107,-0.000000,0.707107,-0.000000,0.000000,0.000000,0.000000,0.000000,0.000000,0.000000
480,0.480000,12,knife_3,knife,0.190000,0.035000,0.280000,0.707107,-0.000000,0.707107,-0.000000,0.000000,0.000000,0.000000,0.000000,0.000000,0.000000
480,0.480000,13,candle_0,candle,-0.500000,0.075000,-0.450000,1.000000,0.000000,0.000000,-0.000000,0.000000,0.000000,0.000000,0.000000,0.000000,0.000000
480,0.480000,14,candle_1,candle,-0.500000,0.075000,0.450000,1.000000,0.000000,0.000000,-0.000000,0.000000,0.000000,0.000000,0.000000,0.000000,0.000000
480,0.480000,15,candle_2,candle,0.500000,0.075000,-0.450000,1.000000,0.000000,0.000000,-0.000000,0.000000,0.000000,0.000000,0.000000,0.000000,0.000000
480,0.480000,16,candle_3,candle,0.500000,0.075000,0.450000,1.000000,0.000000,0.000000,-0.000000,0.000000,0.000000,0.000000,0.000000,0.000000,0.000000
480,0.480000,17,pot,pot,0.000000,0.259379,0.000000,1.000000,0.000000,0.000000,-0.000000,0.000000,0.280380,0.000000,0.000000,0.000000,0.000000
485,0.485000,1,plate_0,plate,-0.320000,0.040000,-0.280000,1.000000,0.000000,0.000000,-0.000000,0.000000,0.000000,0.000000,0.000000,0.000000,0.000000
485,0.485000,2,fork_0,fork,-0.450000,0.035000,-0.280000,0.707107,-0.000000,0.707107,-0.000000,0.000000,0.000000,0.000000,0.000000,0.000000,0.000000
485,0.485000,3,knife_0,knife,-0.190000,0.035000,-0.280000,0.707107,-0.000000,0.707107,-0.000000,0.000000,0.000000,0.000000,0.000000,0.000000,0.000000
485,0.485000,4,plate_1,plate,-0.320000,0.040000,0.280000,1.000000,0.000000,0.000000,-0.000000,0.000000,0.000000,0.000000,0.000000,0.000000,0.000000
485,0.485000,5,fork_1,fork,-0.190000,0.035000,0.280000,0.707107,-0.000000,0.707107,-0.000000,0.000000,0.000000,0.000000,0.000000,0.000000,0.000000
485,0.485000,6,knife_1,knife,-0.450000,0.035000,0.280000,0.707107,-0.000000,0.707107,-0.000000,0.000000,0.000000,0.000000,0.000000,0.000000,0.000000
485,0.485000,7,plate_2,plate,0.320000,0.040000,-0.280000,1.000000,0.000000,0.000000,-0.000000,0.000000,0.000000,0.000000,0.000000,0.000000,0.000000
485,0.485000,8,fork_2,fork,0.190000,0.035000,-0.280000,0.707107,-0.000000,0.707107,-0.000000,0.000000,0.000000,0.000000,0.000000,0.000000,0.000000
485,0.485000,9,knife_2,knife,0.450000,0.035000,-0.280000,0.707107,-0.000000,0.707107,-0.000000,0.000000,0.000000,0.000000,0.000000,0.000000,0.000000
485,0.485000,10,plate_3,plate,0.320000,0.040000,0.280000,1.000000,0.000000,0.000000,-0.000000,0.000000,0.000000,0.000000,0.000000,0.000000,0.000000
485,0.485000,11,fork_3,fork,0.450000,0.035000,0.280000,0.707107,-0.000000,0.707107,-0.000000,0.000000,0.000000,0.000000,0.000000,0.000000,0.000000
485,0.485000,12,knife_3,knife,0.190000,0.035000,0.280000,0.707107,-0.000000,0.707107,-0.000000,0.000000,0.000000,0.000000,0.000000,0.000000,0.000000
485,0.485000,13,candle_0,candle,-0.500000,0.075000,-0.450000,1.000000,0.000000,0.000000,-0.000000,0.000000,0.000000,0.000000,0.000000,0.000000,0.000000
485,0.485000,14,candle_1,candle,-0.500000,0.075000,0.450000,1.000000,0.000000,0.000000,-0.000000,0.000000,0.000000,0.000000,0.000000,0.000000,0.000000
485,0.485000,15,candle_2,candle,0.500000,0.075000,-0.450000,1.000000,0.000000,0.000000,-0.000000,0.000000,0.000000,0.000000,0.000000,0.000000,0.000000
485,0.485000,16,candle_3,candle,0.500000,0.075000,0.450000,1.000000,0.000000,0.000000,-0.000000,0.000000,0.000000,0.000000,0.000000,0.000000,0.000000
485,0.485000,17,pot,pot,0.000000,0.260650,0.000000,1.000000,0.000000,0.000000,-0.000000,0.000000,0.230312,0.000000,0.000000,0.000000,0.000000
490,0.490000,1,plate_0,plate,-0.320000,0.040000,-0.280000,1.000000,0.000000,0.000000,-0.000000,0.000000,0.000000,0.000000,0.000000,0.000000,0.000000
490,0.490000,2,fork_0,fork,-0.450000,0.035000,-0.280000,0.707107,-0.000000,0.707107,-0.000000,0.000000,0.000000,0.000000,0.000000,0.000000,0.000000
490,0.490000,3,knife_0,knife,-0.190000,0.035000,-0.280000,0.707107,-0.000000,0.707107,-0.000000,0.000000,0.000000,0.000000,0.000000,0.000000,0.000000
490,0.490000,4,plate_1,plate,-0.320000,0.040000,0.280000,1.000000,0.000000,0.000000,-0.000000,0.000000,0.000000,0.000000,0.000000,0.000000,0.000000
490,0.490000,5,fork_1,fork,-0.190000,0.035000,0.280000,0.707107,-0.000000,0.707107,-0.000000,0.000000,0.000000,0.000000,0.000000,0.000000,0.000000
490,0.490000,6,knife_1,knife,-0.450000,0.035000,0.280000,0.707107,-0.000000,0.707107,-0.000000,0.000000,0.000000,0.000000,0.000000,0.000000,0.000000
490,0.490000,7,plate_2,plate,0.320000,0.040000,-0.280000,1.000000,0.000000,0.000000,-0.000000,0.000000,0.000000,0.000000,0.000000,0.000000,0.000000
490,0.490000,8,fork_2,fork,0.190000,0.035000,-0.280000,0.707107,-0.000000,0.707107,-0.000000,0.000000,0.000000,0.000000,0.000000,0.000000,0.000000
490,0.490000,9,knife_2,knife,0.450000,0.035000,-0.280000,0.707107,-0.000000,0.707107,-0.000000,0.000000,0.000000,0.000000,0.000000,0.000000,0.000000
490,0.490000,10,plate_3,plate,0.320000,0.040000,0.280000,1.000000,0.000000,0.000000,-0.000000,0.000000,0.000000,0.000000,0.000000,0.000000,0.000000
490,0.490000,11,fork_3,fork,0.450000,0.035000,0.280000,0.707107,-0.000000,0.707107,-0.000000,0.000000,0.000000,0.000000,0.000000,0.000000,0.000000
490,0.490000,12,knife_3,knife,0.190000,0.035000,0.280000,0.707107,-0.000000,0.707107,-0.000000,0.000000,0.000000,0.000000,0.000000,0.000000,0.000000
490,0.490000,13,candle_0,candle,-0.500000,0.075000,-0.450000,1.000000,0.000000,0.000000,-0.000000,0.000000,0.000000,0.000000,0.000000,0.000000,0.000000
490,0.490000,14,candle_1,candle,-0.500000,0.075000,0.450000,1.000000,0.000000,0.000000,-0.000000,0.000000,0.000000,0.000000,0.000000,0.000000,0.000000
490,0.490000,15,candle_2,candle,0.500000,0.075000,-0.450000,1.000000,0.000000,0.000000,-0.000000,0.000000,0.000000,0.000000,0.000000,0.000000,0.000000
490,0.490000,16,candle_3,candle,0.500000,0.075000,0.450000,1.000000,0.000000,0.000000,-0.000000,0.000000,0.000000,0.000000,0.000000,0.000000,0.000000
490,0.490000,17,pot,pot,0.000000,0.261670,0.000000,1.000000,0.000000,0.000000,-0.000000,0.000000,0.180244,0.000000,0.000000,0.000000,0.000000
495,0.495000,1,plate_0,plate,-0.320000,0.040000,-0.280000,1.000000,0.000000,0.000000,-0.000000,0.000000,0.000000,0.000000,0.000000,0.000000,0.000000
495,0.495000,2,fork_0,fork,-0.450000,0.035000,-0.280000,0.707107,-0.000000,0.707107,-0.000000,0.000000,0.000000,0.000000,0.000000,0.000000,0.000000
495,0.495000,3,knife_0,knife,-0.190000,0.035000,-0.280000,0.707107,-0.000000,0.707107,-0.000000,0.000000,0.000000,0.000000,0.000000,0.000000,0.000000
495,0.495000,4,plate_1,plate,-0.320000,0.040000,0.280000,1.000000,0.000000,0.000000,-0.000000,0.000000,0.000000,0.000000,0.000000,0.000000,0.000000
495,0.495000,5,fork_1,fork,-0.190000,0.035000,0.280000,0.707107,-0.000000,0.707107,-0.000000,0.000000,0.000000,0.000000,0.000000,0.000000,0.000000
495,0.495000,6,knife_1,knife,-0.450000,0.035000,0.280000,0.707107,-0.000000,0.707107,-0.000000,0.000000,0.000000,0.000000,0.000000,0.000000,0.000000
495,0.495000,7,plate_2,plate,0.320000,0.040000,-0.280000,1.000000,0.000000,0.000000,-0.000000,0.000000,0.000000,0.000000,0.000000,0.000000,0.000000
495,0.495000,8,fork_2,fork,0.190000,0.035000,-0.280000,0.707107,-0.000000,0.707107,-0.000000,0.000000,0.000000,0.000000,0.000000,0.000000,0.000000
495,0.495000,9,knife_2,knife,0.450000,0.035000,-0.280000,0.707107,-0.000000,0.707107,-0.000000,0.000000,0.000000,0.000000,0.000000,0.000000,0.000000
495,0.495000,10,plate_3,plate,0.320000,0.040000,0.280000,1.000000,0.000000,0.000000,-0.000000,0.000000,0.000000,0.000000,0.000000,0.000000,0.000000
495,0.495000,11,fork_3,fork,0.450000,0.035000,0.280000,0.707107,-0.000000,0.707107,-0.000000,0.000000,0.000000,0.000000,0.000000,0.000000,0.000000
495,0.495000,12,knife_3,knife,0.190000,0.035000,0.280000,0.707107,-0.000000,0.707107,-0.000000,0.000000,0.000000,0.000000,0.000000,0.000000,0.000000
495,0.495000,13,candle_0,candle,-0.500000,0.075000,-0.450000,1.000000,0.000000,0.000000,-0.000000,0.000000,0.000000,0.000000,0.000000,0.000000,0.000000
495,0.495000,14,candle_1,candle,-0.500000,0.075000,0.450000,1.000000,0.000000,0.000000,-0.000000,0.000000,0.000000,0.000000,0.000000,0.000000,0.000000
495,0.495000,15,candle_2,candle,0.500000,0.075000,-0.450000,1.000000,0.000000,0.000000,-0.000000,0.000000,0.000000,0.000000,0.000000,0.000000,0.000000
495,0.495000,16,candle_3,candle,0.500000,0.075000,0.450000,1.000000,0.000000,0.000000,-0.000000,0.000000,0.000000,0.000000,0.000000,0.000000,0.000000
495,0.495000,17,pot,pot,0.000000,0.262440,0.000000,1.000000,0.000000,0.000000,-0.000000,0.000000,0.130177,0.000000,0.000000,0.000000,0.000000
500,0.500000,1,plate_0,plate,-0.320000,0.040000,-0.280000,1.000000,0.000000,0.000000,-0.000000,0.000000,0.000000,0.000000,0.000000,0.000000,0.000000
500,0.500000,2,fork_0,fork,-0.450000,0.035000,-0.280000,0.707107,-0.000000,0.707107,-0.000000,0.000000,0.000000,0.000000,0.000000,0.000000,0.000000
500,0.500000,3,knife_0,knife,-0.190000,0.035000,-0.280000,0.707107,-0.000000,0.707107,-0.000000,0.000000,0.000000,0.000000,0.000000,0.000000,0.000000
500,0.500000,4,plate_1,plate,-0.320000,0.040000,0.280000,1.000000,0.000000,0.000000,-0.000000,0.000000,0.000000,0.000000,0.000000,0.000000,0.000000
500,0.500000,5,fork_1,fork,-0.190000,0.035000,0.280000,0.707107,-0.000000,0.707107,-0.000000,0.000000,0.000000,0.000000,0.000000,0.000000,0.000000
500,0.500000,6,knife_1,knife,-0.450000,0.035000,0.280000,0.707107,-0.000000,0.707107,-0.000000,0.000000,0.000000,0.000000,0.000000,0.000000,0.000000
500,0.500000,7,plate_2,plate,0.320000,0.040000,-0.280000,1.000000,0.000000,0.000000,-0.000000,0.000000,0.000000,0.000000,0.000000,0.000000,0.000000
500,0.500000,8,fork_2,fork,0.190000,0.035000,-0.280000,0.707107,-0.000000,0.707107,-0.000000,0.000000,0.000000,0.000000,0.000000,0.000000,0.000000
500,0.500000,9,knife_2,knife,0.450000,0.035000,-0.280000,0.707107,-0.000000,0.707107,-0.000000,0.000000,0.000000,0.000000,0.000000,0.000000,0.000000
500,0.500000,10,plate_3,plate,0.320000,0.040000,0.280000,1.000000,0.000000,0.000000,-0.000000,0.000000,0.000000,0.000000,0.000000,0.000000,0.000000
500,0.500000,11,fork_3,fork,0.450000,0.035000,0.280000,0.707107,-0.000000,0.707107,-0.000000,0.000000,0.000000,0.000000,0.000000,0.000000,0.000000
500,0.500000,12,knife_3,knife,0.190000,0.035000,0.280000,0.707107,-0.000000,0.707107,-0.000000,0.000000,0.000000,0.000000,0.000000,0.000000,0.000000
500,0.500000,13,candle_0,candle,-0.500000,0.075000,-0.450000,1.000000,0.000000,0.000000,-0.000000,0.000000,0.000000,0.000000,0.000000,0.000000,0.000000
500,0.500000,14,candle_1,candle,-0.500000,0.075000,0.450000,1.000000,0.000000,0.000000,-0.000000,0.000000,0.000000,0.000000,0.000000,0.000000,0.000000
500,0.500000,15,candle_2,candle,0.500000,0.075000,-0.450000,1.000000,0.000000,0.000000,-0.000000,0.000000,0.000000,0.000000,0.000000,0.000000,0.000000
500,0.500000,16,candle_3,candle,0.500000,0.075000,0.450000,1.000000,0.000000,0.000000,-0.000000,0.000000,0.000000,0.000000,0.000000,0.000000,0.000000
500,0.500000,17,pot,pot,0.000000,0.262959,0.000000,1.000000,0.000000,0.000000,-0.000000,0.000000,0.080109,0.000000,0.000000,0.000000,0.000000
505,0.505000,1,plate_0,plate,-0.320000,0.040000,-0.280000,1.000000,0.000000,0.000000,-0.000000,0.000000,0.000000,0.000000,0.000000,0.000000,0.000000
505,0.505000,2,fork_0,fork,-0.450000,0.035000,-0.280000,0.707107,-0.000000,0.707107,-0.000000,0.000000,0.000000,0.000000,0.000000,0.000000,0.000000
505,0.505000,3,knife_0,knife,-0.190000,0.035000,-0.280000,0.707107,-0.000000,0.707107,-0.000000,0.000000,0.000000,0.000000,0.000000,0.000000,0.000000
505,0.505000,4,plate_1,plate,-0.320000,0.040000,0.280000,1.000000,0.000000,0.000000,-0.000000,0.000000,0.000000,0.000000,0.000000,0.000000,0.000000
505,0.505000,5,fork_1,fork,-0.190000,0.035000,0.280000,0.707107,-0.000000,0.707107,-0.000000,0.000000,0.000000,0.000000,0.000000,0.000000,0.000000
505,0.505000,6,knife_1,knife,-0.450000,0.035000,0.280000,0.707107,-0.000000,0.707107,-0.000000,0.000000,0.000000,0.000000,0.000000,0.000000,0.000000
505,0.505000,7,plate_2,plate,0.320000,0.040000,-0.280000,1.000000,0.000000,0.000000,-0.000000,0.000000,0.000000,0.000000,0.000000,0.000000,0.000000
505,0.505000,8,fork_2,fork,0.190000,0.035000,-0.280000,0.707107,-0.000000,0.707107,-0.000000,0.000000,0.000000,0.000000,0.000000,0.000000,0.000000
505,0.505000,9,knife_2,knife,0.450000,0.035000,-0.280000,0.707107,-0.000000,0.707107,-0.000000,0.000000,0.000000,0.000000,0.000000,0.000000,0.000000
505,0.505000,10,plate_3,plate,0.320000,0.040000,0.280000,1.000000,0.000000,0.000000,-0.000000,0.000000,0.000000,0.000000,0.000000,0.000000,0.000000
505,0.505000,11,fork_3,fork,0.450000,0.035000,0.280000,0.707107,-0.000000,0.707107,-0.000000,0.000000,0.000000,0.000000,0.000000,0.000000,0.000000
505,0.505000,12,knife_3,knife,0.190000,0.035000,0.280000,0.707107,-0.000000,0.707107,-0.000000,0.000000,0.000000,0.000000,0.000000,0.000000,0.000000
505,0.505000,13,candle_0,candle,-0.500000,0.075000,-0.450000,1.000000,0.000000,0.000000,-0.000000,0.000000,0.000000,0.000000,0.000000,0.000000,0.000000
505,0.505000,14,candle_1,candle,-0.500000,0.075000,0.450000,1.000000,0.000000,0.000000,-0.000000,0.000000,0.000000,0.000000,0.000000,0.000000,0.000000
505,0.505000,15,candle_2,candle,0.500000,0.075000,-0.450000,1.000000,0.000000,0.000000,-0.000000,0.000000,0.000000,0.000000,0.000000,0.000000,0.000000
505,0.505000,16,candle_3,candle,0.500000,0.075000,0.450000,1.000000,0.000000,0.000000,-0.000000,0.000000,0.000000,0.000000,0.000000,0.000000,0.000000
505,0.505000,17,pot,pot,0.000000,0.263228,0.000000,1.000000,0.000000,0.000000,-0.000000,0.000000,0.030041,0.000000,0.000000,0.000000,0.000000
510,0.510000,1,plate_0,plate,-0.320000,0.040000,-0.280000,1.000000,0.000000,0.000000,-0.000000,0.000000,0.000000,0.000000,0.000000,0.000000,0.000000
510,0.510000,2,fork_0,fork,-0.450000,0.035000,-0.280000,0.707107,-0.000000,0.707107,-0.000000,0.000000,0.000000,0.000000,0.000000,0.000000,0.000000
510,0.510000,3,knife_0,knife,-0.190000,0.035000,-0.280000,0.707107,-0.000000,0.707107,-0.000000,0.000000,0.000000,0.000000,0.000000,0.000000,0.000000
510,0.510000,4,plate_1,plate,-0.320000,0.040000,0.280000,1.000000,0.000000,0.000000,-0.000000,0.000000,0.000000,0.000000,0.000000,0.000000,0.000000
510,0.510000,5,fork_1,fork,-0.190000,0.035000,0.280000,0.707107,-0.000000,0.707107,-0.000000,0.000000,0.000000,0.000000,0.000000,0.000000,0.000000
510,0.510000,6,knife_1,knife,-0.450000,0.035000,0.280000,0.707107,-0.000000,0.707107,-0.000000,0.000000,0.000000,0.000000,0.000000,0.000000,0.000000
510,0.510000,7,plate_2,plate,0.320000,0.040000,-0.280000,1.000000,0.000000,0.000000,-0.000000,0.000000,0.000000,0.000000,0.000000,0.000000,0.000000
510,0.510000,8,fork_2,fork,0.190000,0.035000,-0.280000,0.707107,-0.000000,0.707107,-0.000000,0.000000,0.000000,0.000000,0.000000,0.000000,0.000000
510,0.510000,9,knife_2,knife,0.450000,0.035000,-0.280000,0.707107,-0.000000,0.707107,-0.000000,0.000000,0.000000,0.000000,0.000000,0.000000,0.000000
510,0.510000,10,plate_3,plate,0.320000,0.040000,0.280000,1.000000,0.000000,0.000000,-0.000000,0.000000,0.000000,0.000000,0.000000,0.000000,0.000000
510,0.510000,11,fork_3,fork,0.450000,0.035000,0.280000,0.707107,-0.000000,0.707107,-0.000000,0.000000,0.000000,0.000000,0.000000,0.000000,0.000000
510,0.510000,12,knife_3,knife,0.190000,0.035000,0.280000,0.707107,-0.000000,0.707107,-0.000000,0.000000,0.000000,0.000000,0.000000,0.000000,0.000000
510,0.510000,13,candle_0,candle,-0.500000,0.075000,-0.450000,1.000000,0.000000,0.000000,-0.000000,0.000000,0.000000,0.000000,0.000000,0.000000,0.000000
510,0.510000,14,candle_1,candle,-0.500000,0.075000,0.450000,1.000000,0.000000,0.000000,-0.000000,0.000000,0.000000,0.000000,0.000000,0.000000,0.000000
510,0.510000,15,candle_2,candle,0.500000,0.075000,-0.450000,1.000000,0.000000,0.000000,-0.000000,0.000000,0.000000,0.000000,0.000000,0.000000,0.000000
510,0.510000,16,candle_3,candle,0.500000,0.075000,0.450000,1.000000,0.000000,0.000000,-0.000000,0.000000,0.000000,0.000000,0.000000,0.000000,0.000000
510,0.510000,17,pot,pot,0.000000,0.263247,0.000000,1.000000,0.000000,0.000000,-0.000000,0.000000,-0.020027,0.000000,0.000000,0.000000,0.000000
515,0.515000,1,plate_0,plate,-0.320000,0.040000,-0.280000,1.000000,0.000000,0.000000,-0.000000,0.000000,0.000000,0.000000,0.000000,0.000000,0.000000
515,0.515000,2,fork_0,fork,-0.450000,0.035000,-0.280000,0.707107,-0.000000,0.707107,-0.000000,0.000000,0.000000,0.000000,0.000000,0.000000,0.000000
515,0.515000,3,knife_0,knife,-0.190000,0.035000,-0.280000,0.707107,-0.000000,0.707107,-0.000000,0.000000,0.000000,0.000000,0.000000,0.000000,0.000000
515,0.515000,4,plate_1,plate,-0.320000,0.040000,0.280000,1.000000,0.000000,0.000000,-0.000000,0.000000,0.000000,0.000000,0.000000,0.000000,0.000000
515,0.515000,5,fork_1,fork,-0.190000,0.035000,0.280000,0.707107,-0.000000,0.707107,-0.000000,0.000000,0.000000,0.000000,0.000000,0.000000,0.000000
515,0.515000,6,knife_1,knife,-0.450000,0.035000,0.280000,0.707107,-0.000000,0.707107,-0.000000,0.000000,0.000000,0.000000,0.000000,0.000000,0.000000
515,0.515000,7,plate_2,plate,0.320000,0.040000,-0.280000,1.000000,0.000000,0.000000,-0.000000,0.000000,0.000000,0.000000,0.000000,0.000000,0.000000
515,0.515000,8,fork_2,fork,0.190000,0.035000,-0.280000,0.707107,-0.000000,0.707107,-0.000000,0.000000,0.000000,0.000000,0.000000,0.000000,0.000000
515,0.515000,9,knife_2,knife,0.450000,0.035000,-0.280000,0.707107,-0.000000,0.707107,-0.000000,0.000000,0.000000,0.000000,0.000000,0.000000,0.000000
515,0.515000,10,plate_3,plate,0.320000,0.040000,0.280000,1.000000,0.000000,0.000000,-0.000000,0.000000,0.000000,0.000000,0.000000,0.000000,0.000000
515,0.515000,11,fork_3,fork,0.450000,0.035000,0.280000,0.707107,-0.000000,0.707107,-0.000000,0.000000,0.000000,0.000000,0.000000,0.000000,0.000000
515,0.515000,12,knife_3,knife,0.190000,0.035000,0.280000,0.707107,-0.000000,0.707107,-0.000000,0.000000,0.000000,0.000000,0.000000,0.000000,0.000000
515,0.515000,13,candle_0,candle,-0.500000,0.075000,-0.450000,1.000000,0.000000,0.000000,-0.000000,0.000000,0.000000,0.000000,0.000000,0.000000,0.000000
515,0.515000,14,candle_1,candle,-0.500000,0.075000,0.450000,1.000000,0.000000,0.000000,-0.000000,0.000000,0.000000,0.000000,0.000000,0.000000,0.000000
515,0.515000,15,candle_2,candle,0.500000,0.075000,-0.450000,1.000000,0.000000,0.000000,-0.000000,0.000000,0.000000,0.000000,0.000000,0.000000,0.000000
515,0.515000,16,candle_3,candle,0.500000,0.075000,0.450000,1.000000,0.000000,0.000000,-0.000000,0.000000,0.000000,0.000000,0.000000,0.000000,0.000000
515,0.515000,17,pot,pot,0.000000,0.263015,0.000000,1.000000,0.000000,0.000000,-0.000000,0.000000,-0.070095,0.000000,0.000000,0.000000,0.000000
520,0.520000,1,plate_0,plate,-0.320000,0.040000,-0.280000,1.000000,0.000000,0.000000,-0.000000,0.000000,0.000000,0.000000,0.000000,0.000000,0.000000
520,0.520000,2,fork_0,fork,-0.450000,0.035000,-0.280000,0.707107,-0.000000,0.707107,-0.000000,0.000000,0.000000,0.000000,0.000000,0.000000,0.000000
520,0.520000,3,knife_0,knife,-0.190000,0.035000,-0.280000,0.707107,-0.000000,0.707107,-0.000000,0.000000,0.000000,0.000000,0.000000,0.000000,0.000000
520,0.520000,4,plate_1,plate,-0.320000,0.040000,0.280000,1.000000,0.000000,0.000000,-0.000000,0.000000,0.000000,0.000000,0.000000,0.000000,0.000000
520,0.520000,5,fork_1,fork,-0.190000,0.035000,0.280000,0.707107,-0.000000,0.707107,-0.000000,0.000000,0.000000,0.000000,0.000000,0.000000,0.000000
520,0.520000,6,knife_1,knife,-0.450000,0.035000,0.280000,0.707107,-0.000000,0.707107,-0.000000,0.000000,0.000000,0.000000,0.000000,0.000000,0.000000
520,0.520000,7,plate_2,plate,0.320000,0.040000,-0.280000,1.000000,0.000000,0.000000,-0.000000,0.000000,0.000000,0.000000,0.000000,0.000000,0.000000
520,0.520000,8,fork_2,fork,0.190000,0.035000,-0.280000,0.707107,-0.000000,0.707107,-0.000000,0.000000,0.000000,0.000000,0.000000,0.000000,0.000000
520,0.520000,9,knife_2,knife,0.450000,0.035000,-0.280000,0.707107,-0.000000,0.707107,-0.000000,0.000000,0.000000,0.000000,0.000000,0.000000,0.000000
520,0.520000,10,plate_3,plate,0.320000,0.040000,0.280000,1.000000,0.000000,0.000000,-0.000000,0.000000,0.000000,0.000000,0.000000,0.000000,0.000000
520,0.520000,11,fork_3,fork,0.450000,0.035000,0.280000,0.707107,-0.000000,0.707107,-0.000000,0.000000,0.000000,0.000000,0.000000,0.000000,0.000000
520,0.520000,12,knife_3,knife,0.190000,0.035000,0.280000,0.707107,-0.000000,0.707107,-0.000000,0.000000,0.000000,0.000000,0.000000,0.000000,0.000000
520,0.520000,13,candle_0,candle,-0.500000,0.075000,-0.450000,1.000000,0.000000,0.000000,-0.000000,0.000000,0.000000,0.000000,0.000000,0.000000,0.000000
520,0.520000,14,candle_1,candle,-0.500000,0.075000,0.450000,1.000000,0.000000,0.000000,-0.000000,0.000000,0.000000,0.000000,0.000000,0.000000,0.000000
520,0.520000,15,candle_2,candle,0.500000,0.075000,-0.450000,1.000000,0.000000,0.000000,-0.000000,0.000000,0.000000,0.000000,0.000000,0.000000,0.000000
520,0.520000,16,candle_3,candle,0.500000,0.075000,0.450000,1.000000,0.000000,0.000000,-0.000000,0.000000,0.000000,0.000000,0.000000,0.000000,0.000000
520,0.520000,17,pot,pot,0.000000,0.262533,0.000000,1.000000,0.000000,0.000000,-0.000000,0.000000,-0.120163,0.000000,0.000000,0.000000,0.000000
525,0.525000,1,plate_0,plate,-0.320000,0.040000,-0.280000,1.000000,0.000000,0.000000,-0.000000,0.000000,0.000000,0.000000,0.000000,0.000000,0.000000
525,0.525000,2,fork_0,fork,-0.450000,0.035000,-0.280000,0.707107,-0.000000,0.707107,-0.000000,0.000000,0.000000,0.000000,0.000000,0.000000,0.000000
525,0.525000,3,knife_0,knife,-0.190000,0.035000,-0.280000,0.707107,-0.000000,0.707107,-0.000000,0.000000,0.000000,0.000000,0.000000,0.000000,0.000000
525,0.525000,4,plate_1,plate,-0.320000,0.040000,0.280000,1.000000,0.000000,0.000000,-0.000000,0.000000,0.000000,0.000000,0.000000,0.000000,0.000000
525,0.525000,5,fork_1,fork,-0.190000,0.035000,0.280000,0.707107,-0.000000,0.707107,-0.000000,0.000000,0.000000,0.000000,0.000000,0.000000,0.000000
525,0.525000,6,knife_1,knife,-0.450000,0.035000,0.280000,0.707107,-0.000000,0.707107,-0.000000,0.000000,0.000000,0.000000,0.000000,0.000000,0.000000
525,0.525000,7,plate_2,plate,0.320000,0.040000,-0.280000,1.000000,0.000000,0.000000,-0.000000,0.000000,0.000000,0.000000,0.000000,0.000000,0.000000
525,0.525000,8,fork_2,fork,0.190000,0.035000,-0.280000,0.707107,-0.000000,0.707107,-0.000000,0.000000,0.000000,0.000000,0.000000,0.000000,0.000000
525,0.525000,9,knife_2,knife,0.450000,0.035000,-0.280000,0.707107,-0.000000,0.707107,-0.000000,0.000000,0.000000,0.000000,0.000000,0.000000,0.000000
525,0.525000,10,plate_3,plate,0.320000,0.040000,0.280000,1.000000,0.000000,0.000000,-0.000000,0.000000,0.000000,0.000000,0.000000,0.000000,0.000000
525,0.525000,11,fork_3,fork,0.450000,0.035000,0.280000,0.707107,-0.000000,0.707107,-0.000000,0.000000,0.000000,0.000000,0.000000,0.000000,0.000000
525,0.525000,12,knife_3,knife,0.190000,0.035000,0.280000,0.707107,-0.000000,0.707107,-0.000000,0.000000,0.000000,0.000000,0.000000,0.000000,0.000000
525,0.525000,13,candle_0,candle,-0.500000,0.075000,-0.450000,1.000000,0.000000,0.000000,-0.000000,0.000000,0.000000,0.000000,0.000000,0.000000,0.000000
525,0.525000,14,candle_1,candle,-0.500000,0.075000,0.450000,1.000000,0.000000,0.000000,-0.000000,0.000000,0.000000,0.000000,0.000000,0.000000,0.000000
525,0.525000,15,candle_2,candle,0.500000,0.075000,-0.450000,1.000000,0.000000,0.000000,-0.000000,0.000000,0.000000,0.000000,0.000000,0.000000,0.000000
525,0.525000,16,candle_3,candle,0.500000,0.075000,0.450000,1.000000,0.000000,0.000000,-0.000000,0.000000,0.000000,0.000000,0.000000,0.000000,0.000000
525,0.525000,17,pot,pot,0.000000,0.261801,0.000000,1.000000,0.000000,0.000000,-0.000000,0.000000,-0.170231,0.000000,0.000000,0.000000,0.000000
530,0.530000,1,plate_0,plate,-0.320000,0.040000,-0.280000,1.000000,0.000000,0.000000,-0.000000,0.000000,0.000000,0.000000,0.000000,0.000000,0.000000
530,0.530000,2,fork_0,fork,-0.450000,0.035000,-0.280000,0.707107,-0.000000,0.707107,-0.000000,0.000000,0.000000,0.000000,0.000000,0.000000,0.000000
530,0.530000,3,knife_0,knife,-0.190000,0.035000,-0.280000,0.707107,-0.000000,0.707107,-0.000000,0.000000,0.000000,0.000000,0.000000,0.000000,0.000000
530,0.530000,4,plate_1,plate,-0.320000,0.040000,0.280000,1.000000,0.000000,0.000000,-0.000000,0.000000,0.000000,0.000000,0.000000,0.000000,0.000000
530,0.530000,5,fork_1,fork,-0.190000,0.035000,0.280000,0.707107,-0.000000,0.707107,-0.000000,0.000000,0.000000,0.000000,0.000000,0.000000,0.000000
530,0.530000,6,knife_1,knife,-0.450000,0.035000,0.280000,0.707107,-0.000000,0.707107,-0.000000,0.000000,0.000000,0.000000,0.000000,0.000000,0.000000
530,0.530000,7,plate_2,plate,0.320000,0.040000,-0.280000,1.000000,0.000000,0.000000,-0.000000,0.000000,0.000000,0.000000,0.000000,0.000000,0.000000
530,0.530000,8,fork_2,fork,0.190000,0.035000,-0.280000,0.707107,-0.000000,0.707107,-0.000000,0.000000,0.000000,0.000000,0.000000,0.000000,0.000000
530,0.530000,9,knife_2,knife,0.450000,0.035000,-0.280000,0.707107,-0.000000,0.707107,-0.000000,0.000000,0.000000,0.000000,0.000000,0.000000,0.000000
530,0.530000,10,plate_3,plate,0.320000,0.040000,0.280000,1.000000,0.000000,0.000000,-0.000000,0.000000,0.000000,0.000000,0.000000,0.000000,0.000000
530,0.530000,11,fork_3,fork,0.450000,0.035000,0.280000,0.707107,-0.000000,0.707107,-0.000000,0.000000,0.000000,0.000000,0.000000,0.000000,0.000000
530,0.530000,12,knife_3,knife,0.190000,0.035000,0.280000,0.707107,-0.000000,0.707107,-0.000000,0.000000,0.000000,0.000000,0.000000,0.000000,0.000000
530,0.530000,13,candle_0,candle,-0.500000,0.075000,-0.450000,1.000000,0.000000,0.000000,-0.000000,0.000000,0.000000,0.000000,0.000000,0.000000,0.000000
530,0.530000,14,candle_1,candle,-0.500000,0.075000,0.450000,1.000000,0.000000,0.000000,-0.000000,0.000000,0.000000,0.000000,0.000000,0.000000,0.000000
530,0.530000,15,candle_2,candle,0.500000,0.075000,-0.450000,1.000000,0.000000,0.000000,-0.000000,0.000000,0.000000,0.000000,0.000000,0.000000,0.000000
530,0.530000,16,candle_3,candle,0.500000,0.075000,0.450000,1.000000,0.000000,0.000000,-0.000000,0.000000,0.000000,0.000000,0.000000,0.000000,0.000000
530,0.530000,17,pot,pot,0.000000,0.260819,0.000000,1.000000,0.000000,0.000000,-0.000000,0.000000,-0.220299,0.000000,0.000000,0.000000,0.000000
535,0.535000,1,plate_0,plate,-0.320000,0.040000,-0.280000,1.000000,0.000000,0.000000,-0.000000,0.000000,0.000000,0.000000,0.000000,0.000000,0.000000
535,0.535000,2,fork_0,fork,-0.450000,0.035000,-0.280000,0.707107,-0.000000,0.707107,-0.000000,0.000000,0.000000,0.000000,0.000000,0.000000,0.000000
535,0.535000,3,knife_0,knife,-0.190000,0.035000,-0.280000,0.707107,-0.000000,0.707107,-0.000000,0.000000,0.000000,0.000000,0.000000,0.000000,0.000000
535,0.535000,4,plate_1,plate,-0.320000,0.040000,0.280000,1.000000,0.000000,0.000000,-0.000000,0.000000,0.000000,0.000000,0.000000,0.000000,0.000000
535,0.535000,5,fork_1,fork,-0.190000,0.035000,0.280000,0.707107,-0.000000,0.707107,-0.000000,0.000000,0.000000,0.000000,0.000000,0.000000,0.000000
535,0.535000,6,knife_1,knife,-0.450000,0.035000,0.280000,0.707107,-0.000000,0.707107,-0.000000,0.000000,0.000000,0.000000,0.000000,0.000000,0.000000
535,0.535000,7,plate_2,plate,0.320000,0.040000,-0.280000,1.000000,0.000000,0.000000,-0.000000,0.000000,0.000000,0.000000,0.000000,0.000000,0.000000
535,0.535000,8,fork_2,fork,0.190000,0.035000,-0.280000,0.707107,-0.000000,0.707107,-0.000000,0.000000,0.000000,0.000000,0.000000,0.000000,0.000000
535,0.535000,9,knife_2,knife,0.450000,0.035000,-0.280000,0.707107,-0.000000,0.707107,-0.000000,0.000000,0.000000,0.000000,0.000000,0.000000,0.000000
535,0.535000,10,plate_3,plate,0.320000,0.040000,0.280000,1.000000,0.000000,0.000000,-0.000000,0.000000,0.000000,0.000000,0.000000,0.000000,0.000000
535,0.535000,11,fork_3,fork,0.450000,0.035000,0.280000,0.707107,-0.000000,0.707107,-0.000000,0.000000,0.000000,0.000000,0.000000,0.000000,0.000000
535,0.535000,12,knife_3,knife,0.190000,0.035000,0.280000,0.707107,-0.000000,0.707107,-0.000000,0.000000,0.000000,0.000000,0.000000,0.000000,0.000000
535,0.535000,13,candle_0,candle,-0.500000,0.075000,-0.450000,1.000000,0.000000,0.000000,-0.000000,0.000000,0.000000,0.000000,0.000000,0.000000,0.000000
535,0.535000,14,candle_1,candle,-0.500000,0.075000,0.450000,1.000000,0.000000,0.000000,-0.000000,0.000000,0.000000,0.000000,0.000000,0.000000,0.000000
535,0.535000,15,candle_2,candle,0.500000,0.075000,-0.450000,1.000000,0.000000,0.000000,-0.000000,0.000000,0.000000,0.000000,0.000000,0.000000,0.000000
535,0.535000,16,candle_3,candle,0.500000,0.075000,0.450000,1.000000,0.000000,0.000000,-0.000000,0.000000,0.000000,0.000000,0.000000,0.000000,0.000000
535,0.535000,17,pot,pot,0.000000,0.259586,0.000000,1.000000,0.000000,0.000000,-0.000000,0.000000,-0.270367,0.000000,0.000000,0.000000,0.000000
540,0.540000,1,plate_0,plate,-0.320000,0.040000,-0.280000,1.000000,0.000000,0.000000,-0.000000,0.000000,0.000000,0.000000,0.000000,0.000000,0.000000
540,0.540000,2,fork_0,fork,-0.450000,0.035000,-0.280000,0.707107,-0.000000,0.707107,-0.000000,0.000000,0.000000,0.000000,0.000000,0.000000,0.000000
540,0.540000,3,knife_0,knife,-0.190000,0.035000,-0.280000,0.707107,-0.000000,0.707107,-0.000000,0.000000,0.000000,0.000000,0.000000,0.000000,0.000000
540,0.540000,4,plate_1,plate,-0.320000,0.040000,0.280000,1.000000,0.000000,0.000000,-0.000000,0.000000,0.000000,0.000000,0.000000,0.000000,0.000000
540,0.540000,5,fork_1,fork,-0.190000,0.035000,0.280000,0.707107,-0.000000,0.707107,-0.000000,0.000000,0.000000,0.000000,0.000000,0.000000,0.000000
540,0.540000,6,knife_1,knife,-0.450000,0.035000,0.280000,0.707107,-0.000000,0.707107,-0.000000,0.000000,0.000000,0.000000,0.000000,0.000000,0.000000
540,0.540000,7,plate_2,plate,0.320000,0.040000,-0.280000,1.000000,0.000000,0.000000,-0.000000,0.000000,0.000000,0.000000,0.000000,0.000000,0.000000
540,0.540000,8,fork_2,fork,0.190000,0.035000,-0.280000,0.707107,-0.000000,0.707107,-0.000000,0.000000,0.000000,0.000000,0.000000,0.000000,0.000000
540,0.540000,9,knife_2,knife,0.450000,0.035000,-0.280000,0.707107,-0.000000,0.707107,-0.000000,0.000000,0.000000,0.000000,0.000000,0.000000,0.000000
540,0.540000,10,plate_3,plate,0.320000,0.040000,0.280000,1.000000,0.000000,0.000000,-0.000000,0.000000,0.000000,0.000000,0.000000,0.000000,0.000000
540,0.540000,11,fork_3,fork,0.450000,0.035000,0.280000,0.707107,-0.000000,0.707107,-0.000000,0.000000,0.000000,0.000000,0.000000,0.000000,0.000000
540,0.540000,12,knife_3,knife,0.190000,0.035000,0.280000,0.707107,-0.000000,0.707107,-0.000000,0.000000,0.000000,0.000000,0.000000,0.000000,0.000000
540,0.540000,13,candle_0,candle,-0.500000,0.075000,-0.450000,1.000000,0.000000,0.000000,-0.000000,0.000000,0.000000,0.000000,0.000000,0.000000,0.000000
540,0.540000,14,candle_1,candle,-0.500000,0.075000,0.450000,1.000000,0.000000,0.000000,-0.000000,0.000000,0.000000,0.000000,0.000000,0.000000,0.000000
540,0.540000,15,candle_2,candle,0.500000,0.075000,-0.450000,1.000000,0.000000,0.000000,-0.000000,0.000000,0.000000,0.000000,0.000000,0.000000,0.000000
540,0.540000,16,candle_3,candle,0.500000,0.075000,0.450000,1.000000,0.000000,0.000000,-0.000000,0.000000,0.000000,0.000000,0.000000,0.000000,0.000000
540,0.540000,17,pot,pot,0.000000,0.258102,0.000000,1.000000,0.000000,0.000000,-0.000000,0.000000,-0.320435,0.000000,0.000000,0.000000,0.000000
545,0.545000,1,plate_0,plate,-0.320000,0.040000,-0.280000,1.000000,0.000000,0.000000,-0.000000,0.000000,0.000000,0.000000,0.000000,0.000000,0.000000
545,0.545000,2,fork_0,fork,-0.450000,0.035000,-0.280000,0.707107,-0.000000,0.707107,-0.000000,0.000000,0.000000,0.000000,0.000000,0.000000,0.000000
545,0.545000,3,knife_0,knife,-0.190000,0.035000,-0.280000,0.707107,-0.000000,0.707107,-0.000000,0.000000,0.000000,0.000000,0.000000,0.000000,0.000000
545,0.545000,4,plate_1,plate,-0.320000,0.040000,0.280000,1.000000,0.000000,0.000000,-0.000000,0.000000,0.000000,0.000000,0.000000,0.000000,0.000000
545,0.545000,5,fork_1,fork,-0.190000,0.035000,0.280000,0.707107,-0.000000,0.707107,-0.000000,0.000000,0.000000,0.000000,0.000000,0.000000,0.000000
545,0.545000,6,knife_1,knife,-0.450000,0.035000,0.280000,0.707107,-0.000000,0.707107,-0.000000,0.000000,0.000000,0.000000,0.000000,0.000000,0.000000
545,0.545000,7,plate_2,plate,0.320000,0.040000,-0.280000,1.000000,0.000000,0.000000,-0.000000,0.000000,0.000000,0.000000,0.000000,0.000000,0.000000
545,0.545000,8,fork_2,fork,0.190000,0.035000,-0.280000,0.707107,-0.000000,0.707107,-0.000000,0.000000,0.000000,0.000000,0.000000,0.000000,0.000000
545,0.545000,9,knife_2,knife,0.450000,0.035000,-0.280000,0.707107,-0.000000,0.707107,-0.000000,0.000000,0.000000,0.000000,0.000000,0.000000,0.000000
545,0.545000,10,plate_3,plate,0.320000,0.040000,0.280000,1.000000,0.000000,0.000000,-0.000000,0.000000,0.000000,0.000000,0.000000,0.000000,0.000000
545,0.545000,11,fork_3,fork,0.450000,0.035000,0.280000,0.707107,-0.000000,0.707107,-0.000000,0.000000,0.000000,0.000000,0.000000,0.000000,0.000000
545,0.545000,12,knife_3,knife,0.190000,0.035000,0.280000,0.707107,-0.000000,0.707107,-0.000000,0.000000,0.000000,0.000000,0.000000,0.000000,0.000000
545,0.545000,13,candle_0,candle,-0.500000,0.075000,-0.450000,1.000000,0.000000,0.000000,-0.000000,0.000000,0.000000,0.000000,0.000000,0.000000,0.000000
545,0.545000,14,candle_1,candle,-0.500000,0.075000,0.450000,1.000000,0.000000,0.000000,-0.000000,0.000000,0.000000,0.000000,0.000000,0.000000,0.000000
545,0.545000,15,candle_2,candle,0.500000,0.075000,-0.450000,1.000000,0.000000,0.000000,-0.000000,0.000000,0.000000,0.000000,0.000000,0.000000,0.000000
545,0.545000,16,candle_3,candle,0.500000,0.075000,0.450000,1.000000,0.000000,0.000000,-0.000000,0.000000,0.000000,0.000000,0.000000,0.000000,0.000000
545,0.545000,17,pot,pot,0.000000,0.256369,0.000000,1.000000,0.000000,0.000000,-0.000000,0.000000,-0.370502,0.000000,0.000000,0.000000,0.000000
550,0.550000,1,plate_0,plate,-0.320000,0.040000,-0.280000,1.000000,0.000000,0.000000,-0.000000,0.000000,0.000000,0.000000,0.000000,0.000000,0.000000
550,0.550000,2,fork_0,fork,-0.450000,0.035000,-0.280000,0.707107,-0.000000,0.707107,-0.000000,0.000000,0.000000,0.000000,0.000000,0.000000,0.000000
550,0.550000,3,knife_0,knife,-0.190000,0.035000,-0.280000,0.707107,-0.000000,0.707107,-0.000000,0.000000,0.000000,0.000000,0.000000,0.000000,0.000000
550,0.550000,4,plate_1,plate,-0.320000,0.040000,0.280000,1.000000,0.000000,0.000000,-0.000000,0.000000,0.000000,0.000000,0.000000,0.000000,0.000000
550,0.550000,5,fork_1,fork,-0.190000,0.035000,0.280000,0.707107,-0.000000,0.707107,-0.000000,0.000000,0.000000,0.000000,0.000000,0.000000,0.000000
550,0.550000,6,knife_1,knife,-0.450000,0.035000,0.280000,0.707107,-0.000000,0.707107,-0.000000,0.000000,0.000000,0.000000,0.000000,0.000000,0.000000
550,0.550000,7,plate_2,plate,0.320000,0.040000,-0.280000,1.000000,0.000000,0.000000,-0.000000,0.000000,0.000000,0.000000,0.000000,0.000000,0.000000
550,0.550000,8,fork_2,fork,0.190000,0.035000,-0.280000,0.707107,-0.000000,0.707107,-0.000000,0.000000,0.000000,0.000000,0.000000,0.000000,0.000000
550,0.550000,9,knife_2,knife,0.450000,0.035000,-0.280000,0.707107,-0.000000,0.707107,-0.000000,0.000000,0.000000,0.000000,0.000000,0.000000,0.000000
550,0.550000,10,plate_3,plate,0.320000,0.040000,0.280000,1.000000,0.000000,0.000000,-0.000000,0.000000,0.000000,0.000000,0.000000,0.000000,0.000000
550,0.550000,11,fork_3,fork,0.450000,0.035000,0.280000,0.707107,-0.000000,0.707107,-0.000000,0.000000,0.000000,0.000000,0.000000,0.000000,0.000000
550,0.550000,12,knife_3,knife,0.190000,0.035000,0.280000,0.707107,-0.000000,0.707107,-0.000000,0.000000,0.000000,0.000000,0.000000,0.000000,0.000000
550,0.550000,13,candle_0,candle,-0.500000,0.075000,-0.450000,1.000000,0.000000,0.000000,-0.000000,0.000000,0.000000,0.000000,0.000000,0.000000,0.000000
550,0.550000,14,candle_1,candle,-0.500000,0.075000,0.450000,1.000000,0.000000,0.000000,-0.000000,0.000000,0.000000,0.000000,0.000000,0.000000,0.000000
550,0.550000,15,candle_2,candle,0.500000,0.075000,-0.450000,1.000000,0.000000,0.000000,-0.000000,0.000000,0.000000,0.000000,0.000000,0.000000,0.000000
550,0.550000,16,candle_3,candle,0.500000,0.075000,0.450000,1.000000,0.000000,0.000000,-0.000000,0.000000,0.000000,0.000000,0.000000,0.000000,0.000000
550,0.550000,17,pot,pot,0.000000,0.254385,0.000000,1.000000,0.000000,0.000000,-0.000000,0.000000,-0.420570,0.000000,0.000000,0.000000,0.000000
555,0.555000,1,plate_0,plate,-0.320000,0.040000,-0.280000,1.000000,0.000000,0.000000,-0.000000,0.000000,0.000000,0.000000,0.000000,0.000000,0.000000
555,0.555000,2,fork_0,fork,-0.450000,0.035000,-0.280000,0.707107,-0.000000,0.707107,-0.000000,0.000000,0.000000,0.000000,0.000000,0.000000,0.000000
555,0.555000,3,knife_0,knife,-0.190000,0.035000,-0.280000,0.707107,-0.000000,0.707107,-0.000000,0.000000,0.000000,0.000000,0.000000,0.000000,0.000000
555,0.555000,4,plate_1,plate,-0.320000,0.040000,0.280000,1.000000,0.000000,0.000000,-0.000000,0.000000,0.000000,0.000000,0.000000,0.000000,0.000000
555,0.555000,5,fork_1,fork,-0.190000,0.035000,0.280000,0.707107,-0.000000,0.707107,-0.000000,0.000000,0.000000,0.000000,0.000000,0.000000,0.000000
555,0.555000,6,knife_1,knife,-0.450000,0.035000,0.280000,0.707107,-0.000000,0.707107,-0.000000,0.000000,0.000000,0.000000,0.000000,0.000000,0.000000
555,0.555000,7,plate_2,plate,0.320000,0.040000,-0.280000,1.000000,0.000000,0.000000,-0.000000,0.000000,0.000000,0.000000,0.000000,0.000000,0.000000
555,0.555000,8,fork_2,fork,0.190000,0.035000,-0.280000,0.707107,-0.000000,0.707107,-0.000000,0.000000,0.000000,0.000000,0.000000,0.000000,0.000000
555,0.555000,9,knife_2,knife,0.450000,0.035000,-0.280000,0.707107,-0.000000,0.707107,-0.000000,0.000000,0.000000,0.000000,0.000000,0.000000,0.000000
555,0.555000,10,plate_3,plate,0.320000,0.040000,0.280000,1.000000,0.000000,0.000000,-0.000000,0.000000,0.000000,0.000000,0.000000,0.000000,0.000000
555,0.555000,11,fork_3,fork,0.450000,0.035000,0.280000,0.707107,-0.000000,0.707107,-0.000000,0.000000,0.000000,0.000000,0.000000,0.000000,0.000000
555,0.555000,12,knife_3,knife,0.190000,0.035000,0.280000,0.707107,-0.000000,0.707107,-0.000000,0.000000,0.000000,0.000000,0.000000,0.000000,0.000000
555,0.555000,13,candle_0,candle,-0.500000,0.075000,-0.450000,1.000000,0.000000,0.000000,-0.000000,0.000000,0.000000,0.000000,0.000000,0.000000,0.000000
555,0.555000,14,candle_1,candle,-0.500000,0.075000,0.450000,1.000000,0.000000,0.000000,-0.000000,0.000000,0.000000,0.000000,0.000000,0.000000,0.000000
555,0.555000,15,candle_2,candle,0.500000,0.075000,-0.450000,1.000000,0.000000,0.000000,-0.000000,0.000000,0.000000,0.000000,0.000000,0.000000,0.000000
555,0.555000,16,candle_3,candle,0.500000,0.075000,0.450000,1.000000,0.000000,0.000000,-0.000000,0.000000,0.000000,0.000000,0.000000,0.000000,0.000000
555,0.555000,17,pot,pot,0.000000,0.252151,0.000000,1.000000,0.000000,0.000000,-0.000000,0.000000,-0.470638,0.000000,0.000000,0.000000,0.000000
560,0.560000,1,plate_0,plate,-0.320000,0.040000,-0.280000,1.000000,0.000000,0.000000,-0.000000,0.000000,0.000000,0.000000,0.000000,0.000000,0.000000
560,0.560000,2,fork_0,fork,-0.450000,0.035000,-0.280000,0.707107,-0.000000,0.707107,-0.000000,0.000000,0.000000,0.000000,0.000000,0.000000,0.000000
560,0.560000,3,knife_0,knife,-0.190000,0.035000,-0.280000,0.707107,-0.000000,0.707107,-0.000000,0.000000,0.000000,0.000000,0.000000,0.000000,0.000000
560,0.560000,4,plate_1,plate,-0.320000,0.040000,0.280000,1.000000,0.000000,0.000000,-0.000000,0.000000,0.000000,0.000000,0.000000,0.000000,0.000000
560,0.560000,5,fork_1,fork,-0.190000,0.035000,0.280000,0.707107,-0.000000,0.707107,-0.000000,0.000000,0.000000,0.000000,0.000000,0.000000,0.000000
560,0.560000,6,knife_1,knife,-0.450000,0.035000,0.280000,0.707107,-0.000000,0.707107,-0.000000,0.000000,0.000000,0.000000,0.000000,0.000000,0.000000
560,0.560000,7,plate_2,plate,0.320000,0.040000,-0.280000,1.000000,0.000000,0.000000,-0.000000,0.000000,0.000000,0.000000,0.000000,0.000000,0.000000
560,0.560000,8,fork_2,fork,0.190000,0.035000,-0.280000,0.707107,-0.000000,0.707107,-0.000000,0.000000,0.000000,0.000000,0.000000,0.000000,0.000000
560,0.560000,9,knife_2,knife,0.450000,0.035000,-0.280000,0.707107,-0.000000,0.707107,-0.000000,0.000000,0.000000,0.000000,0.000000,0.000000,0.000000
560,0.560000,10,plate_3,plate,0.320000,0.040000,0.280000,1.000000,0.000000,0.000000,-0.000000,0.000000,0.000000,0.000000,0.000000,0.000000,0.000000
560,0.560000,11,fork_3,fork,0.450000,0.035000,0.280000,0.707107,-0.000000,0.707107,-0.000000,0.000000,0.000000,0.000000,0.000000,0.000000,0.000000
560,0.560000,12,knife_3,knife,0.190000,0.035000,0.280000,0.707107,-0.000000,0.707107,-0.000000,0.000000,0.000000,0.000000,0.000000,0.000000,0.000000
560,0.560000,13,candle_0,candle,-0.500000,0.075000,-0.450000,1.000000,0.000000,0.000000,-0.000000,0.000000,0.000000,0.000000,0.000000,0.000000,0.000000
560,0.560000,14,candle_1,candle,-0.500000,0.075000,0.450000,1.000000,0.000000,0.000000,-0.000000,0.000000,0.000000,0.000000,0.000000,0.000000,0.000000
560,0.560000,15,candle_2,candle,0.500000,0.075000,-0.450000,1.000000,0.000000,0.000000,-0.000000,0.000000,0.000000,0.000000,0.000000,0.000000,0.000000
560,0.560000,16,candle_3,candle,0.500000,0.075000,0.450000,1.000000,0.000000,0.000000,-0.000000,0.000000,0.000000,0.000000,0.000000,0.000000,0.000000
560,0.560000,17,pot,pot,0.000000,0.249666,0.000000,1.000000,0.000000,0.000000,-0.000000,0.000000,-0.520527,0.000000,0.000000,0.000000,0.000000
565,0.565000,1,plate_0,plate,-0.320000,0.040000,-0.280000,1.000000,0.000000,0.000000,-0.000000,0.000000,0.000000,0.000000,0.000000,0.000000,0.000000
565,0.565000,2,fork_0,fork,-0.450000,0.035000,-0.280000,0.707107,-0.000000,0.707107,-0.000000,0.000000,0.000000,0.000000,0.000000,0.000000,0.000000
565,0.565000,3,knife_0,knife,-0.190000,0.035000,-0.280000,0.707107,-0.000000,0.707107,-0.000000,0.000000,0.000000,0.000000,0.000000,0.000000,0.000000
565,0.565000,4,plate_1,plate,-0.320000,0.040000,0.280000,1.000000,0.000000,0.000000,-0.000000,0.000000,0.000000,0.000000,0.000000,0.000000,0.000000
565,0.565000,5,fork_1,fork,-0.190000,0.035000,0.280000,0.707107,-0.000000,0.707107,-0.000000,0.000000,0.000000,0.000000,0.000000,0.000000,0.000000
565,0.565000,6,knife_1,knife,-0.450000,0.035000,0.280000,0.707107,-0.000000,0.707107,-0.000000,0.000000,0.000000,0.000000,0.000000,0.000000,0.000000
565,0.565000,7,plate_2,plate,0.320000,0.040000,-0.280000,1.000000,0.000000,0.000000,-0.000000,0.000000,0.000000,0.000000,0.000000,0.000000,0.000000
565,0.565000,8,fork_2,fork,0.190000,0.035000,-0.280000,0.707107,-0.000000,0.707107,-0.000000,0.000000,0.000000,0.000000,0.000000,0.000000,0.000000
565,0.565000,9,knife_2,knife,0.450000,0.035000,-0.280000,0.707107,-0.000000,0.707107,-0.000000,0.000000,0.000000,0.000000,0.000000,0.000000,0.000000
565,0.565000,10,plate_3,plate,0.320000,0.040000,0.280000,1.000000,0.000000,0.000000,-0.000000,0.000000,0.000000,0.000000,0.000000,0.000000,0.000000
565,0.565000,11,fork_3,fork,0.450000,0.035000,0.280000,0.707107,-0.000000,0.707107,-0.000000,0.000000,0.000000,0.000000,0.000000,0.000000,0.000000
565,0.565000,12,knife_3,knife,0.190000,0.035000,0.280000,0.707107,-0.000000,0.707107,-0.000000,0.000000,0.000000,0.000000,0.000000,0.000000,0.000000
565,0.565000,13,candle_0,candle,-0.500000,0.075000,-0.450000,1.000000,0.000000,0.000000,-0.000000,0.000000,0.000000,0.000000,0.000000,0.000000,0.000000
565,0.565000,14,candle_1,candle,-0.500000,0.075000,0.450000,1.000000,0.000000,0.000000,-0.000000,0.000000,0.000000,0.000000,0.000000,0.000000,0.000000
565,0.565000,15,candle_2,candle,0.500000,0.075000,-0.450000,1.000000,0.000000,0.000000,-0.000000,0.000000,0.000000,0.000000,0.000000,0.000000,0.000000
565,0.565000,16,candle_3,candle,0.500000,0.075000,0.450000,1.000000,0.000000,0.000000,-0.000000,0.000000,0.000000,0.000000,0.000000,0.000000,0.000000
565,0.565000,17,pot,pot,0.000000,0.246935,0.000000,1.000000,0.000000,0.000000,-0.000000,0.000000,-0.569403,0.000000,0.000000,0.000000,0.000000
570,0.570000,1,plate_0,plate,-0.320000,0.040000,-0.280000,1.000000,0.000000,0.000000,-0.000000,0.000000,0.000000,0.000000,0.000000,0.000000,0.000000
570,0.570000,2,fork_0,fork,-0.450000,0.035000,-0.280000,0.707107,-0.000000,0.707107,-0.000000,0.000000,0.000000,0.000000,0.000000,0.000000,0.000000
570,0.570000,3,knife_0,knife,-0.190000,0.035000,-0.280000,0.707107,-0.000000,0.707107,-0.000000,0.000000,0.000000,0.000000,0.000000,0.000000,0.000000
570,0.570000,4,plate_1,plate,-0.320000,0.040000,0.280000,1.000000,0.000000,0.000000,-0.000000,0.000000,0.000000,0.000000,0.000000,0.000000,0.000000
570,0.570000,5,fork_1,fork,-0.190000,0.035000,0.280000,0.707107,-0.000000,0.707107,-0.000000,0.000000,0.000000,0.000000,0.000000,0.000000,0.000000
570,0.570000,6,knife_1,knife,-0.450000,0.035000,0.280000,0.707107,-0.000000,0.707107,-0.000000,0.000000,0.000000,0.000000,0.000000,0.000000,0.000000
570,0.570000,7,plate_2,plate,0.320000,0.040000,-0.280000,1.000000,0.000000,0.000000,-0.000000,0.000000,0.000000,0.000000,0.000000,0.000000,0.000000
570,0.570000,8,fork_2,fork,0.190000,0.035000,-0.280000,0.707107,-0.000000,0.707107,-0.000000,0.000000,0.000000,0.000000,0.000000,0.000000,0.000000
570,0.570000,9,knife_2,knife,0.450000,0.035000,-0.280000,0.707107,-0.000000,0.707107,-0.000000,0.000000,0.000000,0.000000,0.000000,0.000000,0.000000
570,0.570000,10,plate_3,plate,0.320000,0.040000,0.280000,1.000000,0.000000,0.000000,-0.000000,0.000000,0.000000,0.000000,0.000000,0.000000,0.000000
570,0.570000,11,fork_3,fork,0.450000,0.035000,0.280000,0.707107,-0.000000,0.707107,-0.000000,0.000000,0.000000,0.000000,0.000000,0.000000,0.000000
570,0.570000,12,knife_3,knife,0.190000,0.035000,0.280000,0.707107,-0.000000,0.707107,-0.000000,0.000000,0.000000,0.000000,0.000000,0.000000,0.000000
570,0.570000,13,candle_0,candle,-0.500000,0.075000,-0.450000,1.000000,0.000000,0.000000,-0.000000,0.000000,0.000000,0.000000,0.000000,0.000000,0.000000
570,0.570000,14,candle_1,candle,-0.500000,0.075000,0.450000,1.000000,0.000000,0.000000,-0.000000,0.000000,0.000000,0.000000,0.000000,0.000000,0.000000
570,0.570000,15,candle_2,candle,0.500000,0.075000,-0.450000,1.000000,0.000000,0.000000,-0.000000,0.000000,0.000000,0.000000,0.000000,0.000000,0.000000
570,0.570000,16,candle_3,candle,0.500000,0.075000,0.450000,1.000000,0.000000,0.000000,-0.000000,0.000000,0.000000,0.000000,0.000000,0.000000,0.000000
570,0.570000,17,pot,pot,0.000000,0.243960,0.000000,1.000000,0.000000,0.000000,-0.000000,0.000000,-0.618279,0.000000,0.000000,0.000000,0.000000
575,0.575000,1,plate_0,plate,-0.320000,0.040000,-0.280000,1.000000,0.000000,0.000000,-0.000000,0.000000,0.000000,0.000000,0.000000,0.000000,0.000000
575,0.575000,2,fork_0,fork,-0.450000,0.035000,-0.280000,0.707107,-0.000000,0.707107,-0.000000,0.000000,0.000000,0.000000,0.000000,0.000000,0.000000
575,0.575000,3,knife_0,knife,-0.190000,0.035000,-0.280000,0.707107,-0.000000,0.707107,-0.000000,0.000000,0.000000,0.000000,0.000000,0.000000,0.000000
575,0.575000,4,plate_1,plate,-0.320000,0.040000,0.280000,1.000000,0.000000,0.000000,-0.000000,0.000000,0.000000,0.000000,0.000000,0.000000,0.000000
575,0.575000,5,fork_1,fork,-0.190000,0.035000,0.280000,0.707107,-0.000000,0.707107,-0.000000,0.000000,0.000000,0.000000,0.000000,0.000000,0.000000
575,0.575000,6,knife_1,knife,-0.450000,0.035000,0.280000,0.707107,-0.000000,0.707107,-0.000000,0.000000,0.000000,0.000000,0.000000,0.000000,0.000000
575,0.575000,7,plate_2,plate,0.320000,0.040000,-0.280000,1.000000,0.000000,0.000000,-0.000000,0.000000,0.000000,0.000000,0.000000,0.000000,0.000000
575,0.575000,8,fork_2,fork,0.190000,0.035000,-0.280000,0.707107,-0.000000,0.707107,-0.000000,0.000000,0.000000,0.000000,0.000000,0.000000,0.000000
575,0.575000,9,knife_2,knife,0.450000,0.035000,-0.280000,0.707107,-0.000000,0.707107,-0.000000,0.000000,0.000000,0.000000,0.000000,0.000000,0.000000
575,0.575000,10,plate_3,plate,0.320000,0.040000,0.280000,1.000000,0.000000,0.000000,-0.000000,0.000000,0.000000,0.000000,0.000000,0.000000,0.000000
575,0.575000,11,fork_3,fork,0.450000,0.035000,0.280000,0.707107,-0.000000,0.707107,-0.000000,0.000000,0.000000,0.000000,0.000000,0.000000,0.000000
575,0.575000,12,knife_3,knife,0.190000,0.035000,0.280000,0.707107,-0.000000,0.707107,-0.000000,0.000000,0.000000,0.000000,0.000000,0.000000,0.000000
575,0.575000,13,candle_0,candle,-0.500000,0.075000,-0.450000,1.000000,0.000000,0.000000,-0.000000,0.000000,0.000000,0.000000,0.000000,0.000000,0.000000
575,0.575000,14,candle_1,candle,-0.500000,0.075000,0.450000,1.000000,0.000000,0.000000,-0.000000,0.000000,0.000000,0.000000,0.000000,0.000000,0.000000
575,0.575000,15,candle_2,candle,0.500000,0.075000,-0.450000,1.000000,0.000000,0.000000,-0.000000,0.000000,0.000000,0.000000,0.000000,0.000000,0.000000
575,0.575000,16,candle_3,candle,0.500000,0.075000,0.450000,1.000000,0.000000,0.000000,-0.000000,0.000000,0.000000,0.000000,0.000000,0.000000,0.000000
575,0.575000,17,pot,pot,0.000000,0.240740,0.000000,1.000000,0.000000,0.000000,-0.000000,0.000000,-0.667155,0.000000,0.000000,0.000000,0.000000
580,0.580000,1,plate_0,plate,-0.320000,0.040000,-0.280000,1.000000,0.000000,0.000000,-0.000000,0.000000,0.000000,0.000000,0.000000,0.000000,0.000000
580,0.580000,2,fork_0,fork,-0.450000,0.035000,-0.280000,0.707107,-0.000000,0.707107,-0.000000,0.000000,0.000000,0.000000,0.000000,0.000000,0.000000
580,0.580000,3,knife_0,knife,-0.190000,0.035000,-0.280000,0.707107,-0.000000,0.707107,-0.000000,0.000000,0.000000,0.000000,0.000000,0.000000,0.000000
580,0.580000,4,plate_1,plate,-0.320000,0.040000,0.280000,1.000000,0.000000,0.000000,-0.000000,0.000000,0.000000,0.000000,0.000000,0.000000,0.000000
580,0.580000,5,fork_1,fork,-0.190000,0.035000,0.280000,0.707107,-0.000000,0.707107,-0.000000,0.000000,0.000000,0.000000,0.000000,0.000000,0.000000
580,0.580000,6,knife_1,knife,-0.450000,0.035000,0.280000,0.707107,-0.000000,0.707107,-0.000000,0.000000,0.000000,0.000000,0.000000,0.000000,0.000000
580,0.580000,7,plate_2,plate,0.320000,0.040000,-0.280000,1.000000,0.000000,0.000000,-0.000000,0.000000,0.000000,0.000000,0.000000,0.000000,0.000000
580,0.580000,8,fork_2,fork,0.190000,0.035000,-0.280000,0.707107,-0.000000,0.707107,-0.000000,0.000000,0.000000,0.000000,0.000000,0.000000,0.000000
580,0.580000,9,knife_2,knife,0.450000,0.035000,-0.280000,0.707107,-0.000000,0.707107,-0.000000,0.000000,0.000000,0.000000,0.000000,0.000000,0.000000
580,0.580000,10,plate_3,plate,0.320000,0.040000,0.280000,1.000000,0.000000,0.000000,-0.000000,0.000000,0.000000,0.000000,0.000000,0.000000,0.000000
580,0.580000,11,fork_3,fork,0.450000,0.035000,0.280000,0.707107,-0.000000,0.707107,-0.000000,0.000000,0.000000,0.000000,0.000000,0.000000,0.000000
580,0.580000,12,knife_3,knife,0.190000,0.035000,0.280000,0.707107,-0.000000,0.707107,-0.000000,0.000000,0.000000,0.000000,0.000000,0.000000,0.000000
580,0.580000,13,candle_0,candle,-0.500000,0.075000,-0.450000,1.000000,0.000000,0.000000,-0.000000,0.000000,0.000000,0.000000,0.000000,0.000000,0.000000
580,0.580000,14,candle_1,candle,-0.500000,0.075000,0.450000,1.000000,0.000000,0.000000,-0.000000,0.000000,0.000000,0.000000,0.000000,0.000000,0.000000
580,0.580000,15,candle_2,candle,0.500000,0.075000,-0.450000,1.000000,0.000000,0.000000,-0.000000,0.000000,0.000000,0.000000,0.000000,0.000000,0.000000
580,0.580000,16,candle_3,candle,0.500000,0.075000,0.450000,1.000000,0.000000,0.000000,-0.000000,0.000000,0.000000,0.000000,0.000000,0.000000,0.000000
580,0.580000,17,pot,pot,0.000000,0.237276,0.000000,1.000000,0.000000,0.000000,-0.000000,0.000000,-0.716031,0.000000,0.000000,0.000000,0.000000
585,0.585000,1,plate_0,plate,-0.320000,0.040000,-0.280000,1.000000,0.000000,0.000000,-0.000000,0.000000,0.000000,0.000000,0.000000,0.000000,0.000000
585,0.585000,2,fork_0,fork,-0.450000,0.035000,-0.280000,0.707107,-0.000000,0.707107,-0.000000,0.000000,0.000000,0.000000,0.000000,0.000000,0.000000
585,0.585000,3,knife_0,knife,-0.190000,0.035000,-0.280000,0.707107,-0.000000,0.707107,-0.000000,0.000000,0.000000,0.000000,0.000000,0.000000,0.000000
585,0.585000,4,plate_1,plate,-0.320000,0.040000,0.280000,1.000000,0.000000,0.000000,-0.000000,0.000000,0.000000,0.000000,0.000000,0.000000,0.000000
585,0.585000,5,fork_1,fork,-0.190000,0.035000,0.280000,0.707107,-0.000000,0.707107,-0.000000,0.000000,0.000000,0.000000,0.000000,0.000000,0.000000
585,0.585000,6,knife_1,knife,-0.450000,0.035000,0.280000,0.707107,-0.000000,0.707107,-0.000000,0.000000,0.000000,0.000000,0.000000,0.000000,0.000000
585,0.585000,7,plate_2,plate,0.320000,0.040000,-0.280000,1.000000,0.000000,0.000000,-0.000000,0.000000,0.000000,0.000000,0.000000,0.000000,0.000000
585,0.585000,8,fork_2,fork,0.190000,0.035000,-0.280000,0.707107,-0.000000,0.707107,-0.000000,0.000000,0.000000,0.000000,0.000000,0.000000,0.000000
585,0.585000,9,knife_2,knife,0.450000,0.035000,-0.280000,0.707107,-0.000000,0.707107,-0.000000,0.000000,0.000000,0.000000,0.000000,0.000000,0.000000
585,0.585000,10,plate_3,plate,0.320000,0.040000,0.280000,1.000000,0.000000,0.000000,-0.000000,0.000000,0.000000,0.000000,0.000000,0.000000,0.000000
585,0.585000,11,fork_3,fork,0.450000,0.035000,0.280000,0.707107,-0.000000,0.707107,-0.000000,0.000000,0.000000,0.000000,0.000000,0.000000,0.000000
585,0.585000,12,knife_3,knife,0.190000,0.035000,0.280000,0.707107,-0.000000,0.707107,-0.000000,0.000000,0.000000,0.000000,0.000000,0.000000,0.000000
585,0.585000,13,candle_0,candle,-0.500000,0.075000,-0.450000,1.000000,0.000000,0.000000,-0.000000,0.000000,0.000000,0.000000,0.000000,0.000000,0.000000
585,0.585000,14,candle_1,candle,-0.500000,0.075000,0.450000,1.000000,0.000000,0.000000,-0.000000,0.000000,0.000000,0.000000,0.000000,0.000000,0.000000
585,0.585000,15,candle_2,candle,0.500000,0.075000,-0.450000,1.000000,0.000000,0.000000,-0.000000,0.000000,0.000000,0.000000,0.000000,0.000000,0.000000
585,0.585000,16,candle_3,candle,0.500000,0.075000,0.450000,1.000000,0.000000,0.000000,-0.000000,0.000000,0.000000,0.000000,0.000000,0.000000,0.000000
585,0.585000,17,pot,pot,0.000000,0.233568,0.000000,1.000000,0.000000,0.000000,-0.000000,0.000000,-0.764906,0.000000,0.000000,0.000000,0.000000
590,0.590000,1,plate_0,plate,-0.320000,0.040000,-0.280000,1.000000,0.000000,0.000000,-0.000000,0.000000,0.000000,0.000000,0.000000,0.000000,0.000000
590,0.590000,2,fork_0,fork,-0.450000,0.035000,-0.280000,0.707107,-0.000000,0.707107,-0.000000,0.000000,0.000000,0.000000,0.000000,0.000000,0.000000
590,0.590000,3,knife_0,knife,-0.190000,0.035000,-0.280000,0.707107,-0.000000,0.707107,-0.000000,0.000000,0.000000,0.000000,0.000000,0.000000,0.000000
590,0.590000,4,plate_1,plate,-0.320000,0.040000,0.280000,1.000000,0.000000,0.000000,-0.000000,0.000000,0.000000,0.000000,0.000000,0.000000,0.000000
590,0.590000,5,fork_1,fork,-0.190000,0.035000,0.280000,0.707107,-0.000000,0.707107,-0.000000,0.000000,0.000000,0.000000,0.000000,0.000000,0.000000
590,0.590000,6,knife_1,knife,-0.450000,0.035000,0.280000,0.707107,-0.000000,0.707107,-0.000000,0.000000,0.000000,0.000000,0.000000,0.000000,0.000000
590,0.590000,7,plate_2,plate,0.320000,0.040000,-0.280000,1.000000,0.000000,0.000000,-0.000000,0.000000,0.000000,0.000000,0.000000,0.000000,0.000000
590,0.590000,8,fork_2,fork,0.190000,0.035000,-0.280000,0.707107,-0.000000,0.707107,-0.000000,0.000000,0.000000,0.000000,0.000000,0.000000,0.000000
590,0.590000,9,knife_2,knife,0.450000,0.035000,-0.280000,0.707107,-0.000000,0.707107,-0.000000,0.000000,0.000000,0.000000,0.000000,0.000000,0.000000
590,0.590000,10,plate_3,plate,0.320000,0.040000,0.280000,1.000000,0.000000,0.000000,-0.000000,0.000000,0.000000,0.000000,0.000000,0.000000,0.000000
590,0.590000,11,fork_3,fork,0.450000,0.035000,0.280000,0.707107,-0.000000,0.707107,-0.000000,0.000000,0.000000,0.000000,0.000000,0.000000,0.000000
590,0.590000,12,knife_3,knife,0.190000,0.035000,0.280000,0.707107,-0.000000,0.707107,-0.000000,0.000000,0.000000,0.000000,0.000000,0.000000,0.000000
590,0.590000,13,candle_0,candle,-0.500000,0.075000,-0.450000,1.000000,0.000000,0.000000,-0.000000,0.000000,0.000000,0.000000,0.000000,0.000000,0.000000
590,0.590000,14,candle_1,candle,-0.500000,0.075000,0.450000,1.000000,0.000000,0.000000,-0.000000,0.000000,0.000000,0.000000,0.000000,0.000000,0.000000
590,0.590000,15,candle_2,candle,0.500000,0.075000,-0.450000,1.000000,0.000000,0.000000,-0.000000,0.000000,0.000000,0.000000,0.000000,0.000000,0.000000
590,0.590000,16,candle_3,candle,0.500000,0.075000,0.450000,1.000000,0.000000,0.000000,-0.000000,0.000000,0.000000,0.000000,0.000000,0.000000,0.000000
590,0.590000,17,pot,pot,0.000000,0.229615,0.000000,1.000000,0.000000,0.000000,-0.000000,0.000000,-0.813782,0.000000,0.000000,0.000000,0.000000
595,0.595000,1,plate_0,plate,-0.320000,0.040000,-0.280000,1.000000,0.000000,0.000000,-0.000000,0.000000,0.000000,0.000000,0.000000,0.000000,0.000000
595,0.595000,2,fork_0,fork,-0.450000,0.035000,-0.280000,0.707107,-0.000000,0.707107,-0.000000,0.000000,0.000000,0.000000,0.000000,0.000000,0.000000
595,0.595000,3,knife_0,knife,-0.190000,0.035000,-0.280000,0.707107,-0.000000,0.707107,-0.000000,0.000000,0.000000,0.000000,0.000000,0.000000,0.000000
595,0.595000,4,plate_1,plate,-0.320000,0.040000,0.280000,1.000000,0.000000,0.000000,-0.000000,0.000000,0.000000,0.000000,0.000000,0.000000,0.000000
595,0.595000,5,fork_1,fork,-0.190000,0.035000,0.280000,0.707107,-0.000000,0.707107,-0.000000,0.000000,0.000000,0.000000,0.000000,0.000000,0.000000
595,0.595000,6,knife_1,knife,-0.450000,0.035000,0.280000,0.707107,-0.000000,0.707107,-0.000000,0.000000,0.000000,0.000000,0.000000,0.000000,0.000000
595,0.595000,7,plate_2,plate,0.320000,0.040000,-0.280000,1.000000,0.000000,0.000000,-0.000000,0.000000,0.000000,0.000000,0.000000,0.000000,0.000000
595,0.595000,8,fork_2,fork,0.190000,0.035000,-0.280000,0.707107,-0.000000,0.707107,-0.000000,0.000000,0.000000,0.000000,0.000000,0.000000,0.000000
595,0.595000,9,knife_2,knife,0.450000,0.035000,-0.280000,0.707107,-0.000000,0.707107,-0.000000,0.000000,0.000000,0.000000,0.000000,0.000000,0.000000
595,0.595000,10,plate_3,plate,0.320000,0.040000,0.280000,1.000000,0.000000,0.000000,-0.000000,0.000000,0.000000,0.000000,0.000000,0.000000,0.000000
595,0.595000,11,fork_3,fork,0.450000,0.035000,0.280000,0.707107,-0.000000,0.707107,-0.000000,0.000000,0.000000,0.000000,0.000000,0.000000,0.000000
595,0.595000,12,knife_3,knife,0.190000,0.035000,0.280000,0.707107,-0.000000,0.707107,-0.000000,0.000000,0.000000,0.000000,0.000000,0.000000,0.000000
595,0.595000,13,candle_0,candle,-0.500000,0.075000,-0.450000,1.000000,0.000000,0.000000,-0.000000,0.000000,0.000000,0.000000,0.000000,0.000000,0.000000
595,0.595000,14,candle_1,candle,-0.500000,0.075000,0.450000,1.000000,0.000000,0.000000,-0.000000,0.000000,0.000000,0.000000,0.000000,0.000000,0.000000
595,0.595000,15,candle_2,candle,0.500000,0.075000,-0.450000,1.000000,0.000000,0.000000,-0.000000,0.000000,0.000000,0.000000,0.000000,0.000000,0.000000
595,0.595000,16,candle_3,candle,0.500000,0.075000,0.450000,1.000000,0.000000,0.000000,-0.000000,0.000000,0.000000,0.000000,0.000000,0.000000,0.000000
595,0.595000,17,pot,pot,0.000000,0.225418,0.000000,1.000000,0.000000,0.000000,-0.000000,0.000000,-0.862658,0.000000,0.000000,0.000000,0.000000
600,0.600000,1,plate_0,plate,-0.320000,0.040000,-0.280000,1.000000,0.000000,0.000000,-0.000000,0.000000,0.000000,0.000000,0.000000,0.000000,0.000000
600,0.600000,2,fork_0,fork,-0.450000,0.035000,-0.280000,0.707107,-0.000000,0.707107,-0.000000,0.000000,0.000000,0.000000,0.000000,0.000000,0.000000
600,0.600000,3,knife_0,knife,-0.190000,0.035000,-0.280000,0.707107,-0.000000,0.707107,-0.000000,0.000000,0.000000,0.000000,0.000000,0.000000,0.000000
600,0.600000,4,plate_1,plate,-0.320000,0.040000,0.280000,1.000000,0.000000,0.000000,-0.000000,0.000000,0.000000,0.000000,0.000000,0.000000,0.000000
600,0.600000,5,fork_1,fork,-0.190000,0.035000,0.280000,0.707107,-0.000000,0.707107,-0.000000,0.000000,0.000000,0.000000,0.000000,0.000000,0.000000
600,0.600000,6,knife_1,knife,-0.450000,0.035000,0.280000,0.707107,-0.000000,0.707107,-0.000000,0.000000,0.000000,0.000000,0.000000,0.000000,0.000000
600,0.600000,7,plate_2,plate,0.320000,0.040000,-0.280000,1.000000,0.000000,0.000000,-0.000000,0.000000,0.000000,0.000000,0.000000,0.000000,0.000000
600,0.600000,8,fork_2,fork,0.190000,0.035000,-0.280000,0.707107,-0.000000,0.707107,-0.000000,0.000000,0.000000,0.000000,0.000000,0.000000,0.000000
600,0.600000,9,knife_2,knife,0.450000,0.035000,-0.280000,0.707107,-0.000000,0.707107,-0.000000,0.000000,0.000000,0.000000,0.000000,0.000000,0.000000
600,0.600000,10,plate_3,plate,0.320000,0.040000,0.280000,1.000000,0.000000,0.000000,-0.000000,0.000000,0.000000,0.000000,0.000000,0.000000,0.000000
600,0.600000,11,fork_3,fork,0.450000,0.035000,0.280000,0.707107,-0.000000,0.707107,-0.000000,0.000000,0.000000,0.000000,0.000000,0.000000,0.000000
600,0.600000,12,knife_3,knife,0.190000,0.035000,0.280000,0.707107,-0.000000,0.707107,-0.000000,0.000000,0.000000,0.000000,0.000000,0.000000,0.000000
600,0.600000,13,candle_0,candle,-0.500000,0.075000,-0.450000,1.000000,0.000000,0.000000,-0.000000,0.000000,0.000000,0.000000,0.000000,0.000000,0.000000
600,0.600000,14,candle_1,candle,-0.500000,0.075000,0.450000,1.000000,0.000000,0.000000,-0.000000,0.000000,0.000000,0.000000,0.000000,0.000000,0.000000
600,0.600000,15,candle_2,candle,0.500000,0.075000,-0.450000,1.000000,0.000000,0.000000,-0.000000,0.000000,0.000000,0.000000,0.000000,0.000000,0.000000
600,0.600000,16,candle_3,candle,0.500000,0.075000,0.450000,1.000000,0.000000,0.000000,-0.000000,0.000000,0.000000,0.000000,0.000000,0.000000,0.000000
600,0.600000,17,pot,pot,0.000000,0.220976,0.000000,1.000000,0.000000,0.000000,-0.000000,0.000000,-0.911534,0.000000,0.000000,0.000000,0.000000
605,0.605000,1,plate_0,plate,-0.320000,0.040000,-0.280000,1.000000,0.000000,0.000000,-0.000000,0.000000,0.000000,0.000000,0.000000,0.000000,0.000000
605,0.605000,2,fork_0,fork,-0.450000,0.035000,-0.280000,0.707107,-0.000000,0.707107,-0.000000,0.000000,0.000000,0.000000,0.000000,0.000000,0.000000
605,0.605000,3,knife_0,knife,-0.190000,0.035000,-0.280000,0.707107,-0.000000,0.707107,-0.000000,0.000000,0.000000,0.000000,0.000000,0.000000,0.000000
605,0.605000,4,plate_1,plate,-0.320000,0.040000,0.280000,1.000000,0.000000,0.000000,-0.000000,0.000000,0.000000,0.000000,0.000000,0.000000,0.000000
605,0.605000,5,fork_1,fork,-0.190000,0.035000,0.280000,0.707107,-0.000000,0.707107,-0.000000,0.000000,0.000000,0.000000,0.000000,0.000000,0.000000
605,0.605000,6,knife_1,knife,-0.450000,0.035000,0.280000,0.707107,-0.000000,0.707107,-0.000000,0.000000,0.000000,0.000000,0.000000,0.000000,0.000000
605,0.605000,7,plate_2,plate,0.320000,0.040000,-0.280000,1.000000,0.000000,0.000000,-0.000000,0.000000,0.000000,0.000000,0.000000,0.000000,0.000000
605,0.605000,8,fork_2,fork,0.190000,0.035000,-0.280000,0.707107,-0.000000,0.707107,-0.000000,0.000000,0.000000,0.000000,0.000000,0.000000,0.000000
605,0.605000,9,knife_2,knife,0.450000,0.035000,-0.280000,0.707107,-0.000000,0.707107,-0.000000,0.000000,0.000000,0.000000,0.000000,0.000000,0.000000
605,0.605000,10,plate_3,plate,0.320000,0.040000,0.280000,1.000000,0.000000,0.000000,-0.000000,0.000000,0.000000,0.000000,0.000000,0.000000,0.000000
605,0.605000,11,fork_3,fork,0.450000,0.035000,0.280000,0.707107,-0.000000,0.707107,-0.000000,0.000000,0.000000,0.000000,0.000000,0.000000,0.000000
605,0.605000,12,knife_3,knife,0.190000,0.035000,0.280000,0.707107,-0.000000,0.707107,-0.000000,0.000000,0.000000,0.000000,0.000000,0.000000,0.000000
605,0.605000,13,candle_0,candle,-0.500000,0.075000,-0.450000,1.000000,0.000000,0.000000,-0.000000,0.000000,0.000000,0.000000,0.000000,0.000000,0.000000
605,0.605000,14,candle_1,candle,-0.500000,0.075000,0.450000,1.000000,0.000000,0.000000,-0.000000,0.000000,0.000000,0.000000,0.000000,0.000000,0.000000
605,0.605000,15,candle_2,candle,0.500000,0.075000,-0.450000,1.000000,0.000000,0.000000,-0.000000,0.000000,0.000000,0.000000,0.000000,0.000000,0.000000
605,0.605000,16,candle_3,candle,0.500000,0.075000,0.450000,1.000000,0.000000,0.000000,-0.000000,0.000000,0.000000,0.000000,0.000000,0.000000,0.000000
605,0.605000,17,pot,pot,0.000000,0.216290,0.000000,1.000000,0.000000,0.000000,-0.000000,0.000000,-0.960410,0.000000,0.000000,0.000000,0.000000
610,0.610000,1,plate_0,plate,-0.320000,0.040000,-0.280000,1.000000,0.000000,0.000000,-0.000000,0.000000,0.000000,0.000000,0.000000,0.000000,0.000000
610,0.610000,2,fork_0,fork,-0.450000,0.035000,-0.280000,0.707107,-0.000000,0.707107,-0.000000,0.000000,0.000000,0.000000,0.000000,0.000000,0.000000
610,0.610000,3,knife_0,knife,-0.190000,0.035000,-0.280000,0.707107,-0.000000,0.707107,-0.000000,0.000000,0.000000,0.000000,0.000000,0.000000,0.000000
610,0.610000,4,plate_1,plate,-0.320000,0.040000,0.280000,1.000000,0.000000,0.000000,-0.000000,0.000000,0.000000,0.000000,0.000000,0.000000,0.000000
610,0.610000,5,fork_1,fork,-0.190000,0.035000,0.280000,0.707107,-0.000000,0.707107,-0.000000,0.000000,0.000000,0.000000,0.000000,0.000000,0.000000
610,0.610000,6,knife_1,knife,-0.450000,0.035000,0.280000,0.707107,-0.000000,0.707107,-0.000000,0.000000,0.000000,0.000000,0.000000,0.000000,0.000000
610,0.610000,7,plate_2,plate,0.320000,0.040000,-0.280000,1.000000,0.000000,0.000000,-0.000000,0.000000,0.000000,0.000000,0.000000,0.000000,0.000000
610,0.610000,8,fork_2,fork,0.190000,0.035000,-0.280000,0.707107,-0.000000,0.707107,-0.000000,0.000000,0.000000,0.000000,0.000000,0.000000,0.000000
610,0.610000,9,knife_2,knife,0.450000,0.035000,-0.280000,0.707107,-0.000000,0.707107,-0.000000,0.000000,0.000000,0.000000,0.000000,0.000000,0.000000
610,0.610000,10,plate_3,plate,0.320000,0.040000,0.280000,1.000000,0.000000,0.000000,-0.000000,0.000000,0.000000,0.000000,0.000000,0.000000,0.000000
610,0.610000,11,fork_3,fork,0.450000,0.035000,0.280000,0.707107,-0.000000,0.707107,-0.000000,0.000000,0.000000,0.000000,0.000000,0.000000,0.000000
610,0.610000,12,knife_3,knife,0.190000,0.035000,0.280000,0.707107,-0.000000,0.707107,-0.000000,0.000000,0.000000,0.000000,0.000000,0.000000,0.000000
610,0.610000,13,candle_0,candle,-0.500000,0.075000,-0.450000,1.000000,0.000000,0.000000,-0.000000,0.000000,0.000000,0.000000,0.000000,0.000000,0.000000
610,0.610000,14,candle_1,candle,-0.500000,0.075000,0.450000,1.000000,0.000000,0.000000,-0.000000,0.000000,0.000000,0.000000,0.000000,0.000000,0.000000
610,0.610000,15,candle_2,candle,0.500000,0.075000,-0.450000,1.000000,0.000000,0.000000,-0.000000,0.000000,0.000000,0.000000,0.000000,0.000000,0.000000
610,0.610000,16,candle_3,candle,0.500000,0.075000,0.450000,1.000000,0.000000,0.000000,-0.000000,0.000000,0.000000,0.000000,0.000000,0.000000,0.000000
610,0.610000,17,pot,pot,0.000000,0.211360,0.000000,1.000000,0.000000,0.000000,-0.000000,0.000000,-1.009285,0.000000,0.000000,0.000000,0.000000
615,0.615000,1,plate_0,plate,-0.320000,0.040000,-0.280000,1.000000,0.000000,0.000000,-0.000000,0.000000,0.000000,0.000000,0.000000,0.000000,0.000000
615,0.615000,2,fork_0,fork,-0.450000,0.035000,-0.280000,0.707107,-0.000000,0.707107,-0.000000,0.000000,0.000000,0.000000,0.000000,0.000000,0.000000
615,0.615000,3,knife_0,knife,-0.190000,0.035000,-0.280000,0.707107,-0.000000,0.707107,-0.000000,0.000000,0.000000,0.000000,0.000000,0.000000,0.000000
615,0.615000,4,plate_1,plate,-0.320000,0.040000,0.280000,1.000000,0.000000,0.000000,-0.000000,0.000000,0.000000,0.000000,0.000000,0.000000,0.000000
615,0.615000,5,fork_1,fork,-0.190000,0.035000,0.280000,0.707107,-0.000000,0.707107,-0.000000,0.000000,0.000000,0.000000,0.000000,0.000000,0.000000
615,0.615000,6,knife_1,knife,-0.450000,0.035000,0.280000,0.707107,-0.000000,0.707107,-0.000000,0.000000,0.000000,0.000000,0.000000,0.000000,0.000000
615,0.615000,7,plate_2,plate,0.320000,0.040000,-0.280000,1.000000,0.000000,0.000000,-0.000000,0.000000,0.000000,0.000000,0.000000,0.000000,0.000000
615,0.615000,8,fork_2,fork,0.190000,0.035000,-0.280000,0.707107,-0.000000,0.707107,-0.000000,0.000000,0.000000,0.000000,0.000000,0.000000,0.000000
615,0.615000,9,knife_2,knife,0.450000,0.035000,-0.280000,0.707107,-0.000000,0.707107,-0.000000,0.000000,0.000000,0.000000,0.000000,0.000000,0.000000
615,0.615000,10,plate_3,plate,0.320000,0.040000,0.280000,1.000000,0.000000,0.000000,-0.000000,0.000000,0.000000,0.000000,0.000000,0.000000,0.000000
615,0.615000,11,fork_3,fork,0.450000,0.035000,0.280000,0.707107,-0.000000,0.707107,-0.000000,0.000000,0.000000,0.000000,0.000000,0.000000,0.000000
615,0.615000,12,knife_3,knife,0.190000,0.035000,0.280000,0.707107,-0.000000,0.707107,-0.000000,0.000000,0.000000,0.000000,0.000000,0.000000,0.000000
615,0.615000,13,candle_0,candle,-0.500000,0.075000,-0.450000,1.000000,0.000000,0.000000,-0.000000,0.000000,0.000000,0.000000,0.000000,0.000000,0.000000
615,0.615000,14,candle_1,candle,-0.500000,0.075000,0.450000,1.000000,0.000000,0.000000,-0.000000,0.000000,0.000000,0.000000,0.000000,0.000000,0.000000
615,0.615000,15,candle_2,candle,0.500000,0.075000,-0.450000,1.000000,0.000000,0.000000,-0.000000,0.000000,0.000000,0.000000,0.000000,0.000000,0.000000
615,0.615000,16,candle_3,candle,0.500000,0.075000,0.450000,1.000000,0.000000,0.000000,-0.000000,0.000000,0.000000,0.000000,0.000000,0.000000,0.000000
615,0.615000,17,pot,pot,0.000000,0.206185,0.000000,1.000000,0.000000,0.000000,-0.000000,0.000000,-1.058161,0.000000,0.000000,0.000000,0.000000
620,0.620000,1,plate_0,plate,-0.320000,0.040000,-0.280000,1.000000,0.000000,0.000000,-0.000000,0.000000,0.000000,0.000000,0.000000,0.000000,0.000000
620,0.620000,2,fork_0,fork,-0.450000,0.035000,-0.280000,0.707107,-0.000000,0.707107,-0.000000,0.000000,0.000000,0.000000,0.000000,0.000000,0.000000
620,0.620000,3,knife_0,knife,-0.190000,0.035000,-0.280000,0.707107,-0.000000,0.707107,-0.000000,0.000000,0.000000,0.000000,0.000000,0.000000,0.000000
620,0.620000,4,plate_1,plate,-0.320000,0.040000,0.280000,1.000000,0.000000,0.000000,-0.000000,0.000000,0.000000,0.000000,0.000000,0.000000,0.000000
620,0.620000,5,fork_1,fork,-0.190000,0.035000,0.280000,0.707107,-0.000000,0.707107,-0.000000,0.000000,0.000000,0.000000,0.000000,0.000000,0.000000
620,0.620000,6,knife_1,knife,-0.450000,0.035000,0.280000,0.707107,-0.000000,0.707107,-0.000000,0.000000,0.000000,0.000000,0.000000,0.000000,0.000000
620,0.620000,7,plate_2,plate,0.320000,0.040000,-0.280000,1.000000,0.000000,0.000000,-0.000000,0.000000,0.000000,0.000000,0.000000,0.000000,0.000000
620,0.620000,8,fork_2,fork,0.190000,0.035000,-0.280000,0.707107,-0.000000,0.707107,-0.000000,0.000000,0.000000,0.000000,0.000000,0.000000,0.000000
620,0.620000,9,knife_2,knife,0.450000,0.035000,-0.280000,0.707107,-0.000000,0.707107,-0.000000,0.000000,0.000000,0.000000,0.000000,0.000000,0.000000
620,0.620000,10,plate_3,plate,0.320000,0.040000,0.280000,1.000000,0.000000,0.000000,-0.000000,0.000000,0.000000,0.000000,0.000000,0.000000,0.000000
620,0.620000,11,fork_3,fork,0.450000,0.035000,0.280000,0.707107,-0.000000,0.707107,-0.000000,0.000000,0.000000,0.000000,0.000000,0.000000,0.000000
620,0.620000,12,knife_3,knife,0.190000,0.035000,0.280000,0.707107,-0.000000,0.707107,-0.000000,0.000000,0.000000,0.000000,0.000000,0.000000,0.000000
620,0.620000,13,candle_0,candle,-0.500000,0.075000,-0.450000,1.000000,0.000000,0.000000,-0.000000,0.000000,0.000000,0.000000,0.000000,0.000000,0.000000
620,0.620000,14,candle_1,candle,-0.500000,0.075000,0.450000,1.000000,0.000000,0.000000,-0.000000,0.000000,0.000000,0.000000,0.000000,0.000000,0.000000
620,0.620000,15,candle_2,candle,0.500000,0.075000,-0.450000,1.000000,0.000000,0.000000,-0.000000,0.000000,0.000000,0.000000,0.000000,0.000000,0.000000
620,0.620000,16,candle_3,candle,0.500000,0.075000,0.450000,1.000000,0.000000,0.000000,-0.000000,0.000000,0.000000,0.000000,0.000000,0.000000,0.000000
620,0.620000,17,pot,pot,0.000000,0.200766,0.000000,1.000000,0.000000,0.000000,-0.000000,0.000000,-1.107037,0.000000,0.000000,0.000000,0.000000
625,0.625000,1,plate_0,plate,-0.320000,0.040000,-0.280000,1.000000,0.000000,0.000000,-0.000000,0.000000,0.000000,0.000000,0.000000,0.000000,0.000000
625,0.625000,2,fork_0,fork,-0.450000,0.035000,-0.280000,0.707107,-0.000000,0.707107,-0.000000,0.000000,0.000000,0.000000,0.000000,0.000000,0.000000
625,0.625000,3,knife_0,knife,-0.190000,0.035000,-0.280000,0.707107,-0.000000,0.707107,-0.000000,0.000000,0.000000,0.000000,0.000000,0.000000,0.000000
625,0.625000,4,plate_1,plate,-0.320000,0.040000,0.280000,1.000000,0.000000,0.000000,-0.000000,0.000000,0.000000,0.000000,0.000000,0.000000,0.000000
625,0.625000,5,fork_1,fork,-0.190000,0.035000,0.280000,0.707107,-0.000000,0.707107,-0.000000,0.000000,0.000000,0.000000,0.000000,0.000000,0.000000
625,0.625000,6,knife_1,knife,-0.450000,0.035000,0.280000,0.707107,-0.000000,0.707107,-0.000000,0.000000,0.000000,0.000000,0.000000,0.000000,0.000000
625,0.625000,7,plate_2,plate,0.320000,0.040000,-0.280000,1.000000,0.000000,0.000000,-0.000000,0.000000,0.000000,0.000000,0.000000,0.000000,0.000000
625,0.625000,8,fork_2,fork,0.190000,0.035000,-0.280000,0.707107,-0.000000,0.707107,-0.000000,0.000000,0.000000,0.000000,0.000000,0.000000,0.000000
625,0.625000,9,knife_2,knife,0.450000,0.035000,-0.280000,0.707107,-0.000000,0.707107,-0.000000,0.000000,0.000000,0.000000,0.000000,0.000000,0.000000
625,0.625000,10,plate_3,plate,0.320000,0.040000,0.280000,1.000000,0.000000,0.000000,-0.000000,0.000000,0.000000,0.000000,0.000000,0.000000,0.000000
625,0.625000,11,fork_3,fork,0.450000,0.035000,0.280000,0.707107,-0.000000,0.707107,-0.000000,0.000000,0.000000,0.000000,0.000000,0.000000,0.000000
625,0.625000,12,knife_3,knife,0.190000,0.035000,0.280000,0.707107,-0.000000,0.707107,-0.000000,0.000000,0.000000,0.000000,0.000000,0.000000,0.000000
625,0.625000,13,candle_0,candle,-0.500000,0.075000,-0.450000,1.000000,0.000000,0.000000,-0.000000,0.000000,0.000000,0.000000,0.000000,0.000000,0.000000
625,0.625000,14,candle_1,candle,-0.500000,0.075000,0.450000,1.000000,0.000000,0.000000,-0.000000,0.000000,0.000000,0.000000,0.000000,0.000000,0.000000
625,0.625000,15,candle_2,candle,0.500000,0.075000,-0.450000,1.000000,0.000000,0.000000,-0.000000,0.000000,0.000000,0.000000,0.000000,0.000000,0.000000
625,0.625000,16,candle_3,candle,0.500000,0.075000,0.450000,1.000000,0.000000,0.000000,-0.000000,0.000000,0.000000,0.000000,0.000000,0.000000,0.000000
625,0.625000,17,pot,pot,0.000000,0.195102,0.000000,1.000000,0.000000,0.000000,-0.000000,0.000000,-1.155913,0.000000,0.000000,0.000000,0.000000
630,0.630000,1,plate_0,plate,-0.320000,0.040000,-0.280000,1.000000,0.000000,0.000000,-0.000000,0.000000,0.000000,0.000000,0.000000,0.000000,0.000000
630,0.630000,2,fork_0,fork,-0.450000,0.035000,-0.280000,0.707107,-0.000000,0.707107,-0.000000,0.000000,0.000000,0.000000,0.000000,0.000000,0.000000
630,0.630000,3,knife_0,knife,-0.190000,0.035000,-0.280000,0.707107,-0.000000,0.707107,-0.000000,0.000000,0.000000,0.000000,0.000000,0.000000,0.000000
630,0.630000,4,plate_1,plate,-0.320000,0.040000,0.280000,1.000000,0.000000,0.000000,-0.000000,0.000000,0.000000,0.000000,0.000000,0.000000,0.000000
630,0.630000,5,fork_1,fork,-0.190000,0.035000,0.280000,0.707107,-0.000000,0.707107,-0.000000,0.000000,0.000000,0.000000,0.000000,0.000000,0.000000
630,0.630000,6,knife_1,knife,-0.450000,0.035000,0.280000,0.707107,-0.000000,0.707107,-0.000000,0.000000,0.000000,0.000000,0.000000,0.000000,0.000000
630,0.630000,7,plate_2,plate,0.320000,0.040000,-0.280000,1.000000,0.000000,0.000000,-0.000000,0.000000,0.000000,0.000000,0.000000,0.000000,0.000000
630,0.630000,8,fork_2,fork,0.190000,0.035000,-0.280000,0.707107,-0.000000,0.707107,-0.000000,0.000000,0.000000,0.000000,0.000000,0.000000,0.000000
630,0.630000,9,knife_2,knife,0.450000,0.035000,-0.280000,0.707107,-0.000000,0.707107,-0.000000,0.000000,0.000000,0.000000,0.000000,0.000000,0.000000
630,0.630000,10,plate_3,plate,0.320000,0.040000,0.280000,1.000000,0.000000,0.000000,-0.000000,0.000000,0.000000,0.000000,0.000000,0.000000,0.000000
630,0.630000,11,fork_3,fork,0.450000,0.035000,0.280000,0.707107,-0.000000,0.707107,-0.000000,0.000000,0.000000,0.000000,0.000000,0.000000,0.000000
630,0.630000,12,knife_3,knife,0.190000,0.035000,0.280000,0.707107,-0.000000,0.707107,-0.000000,0.000000,0.000000,0.000000,0.000000,0.000000,0.000000
630,0.630000,13,candle_0,candle,-0.500000,0.075000,-0.450000,1.000000,0.000000,0.000000,-0.000000,0.000000,0.000000,0.000000,0.000000,0.000000,0.000000
630,0.630000,14,candle_1,candle,-0.500000,0.075000,0.450000,1.000000,0.000000,0.000000,-0.000000,0.000000,0.000000,0.000000,0.000000,0.000000,0.000000
630,0.630000,15,candle_2,candle,0.500000,0.075000,-0.450000,1.000000,0.000000,0.000000,-0.000000,0.000000,0.000000,0.000000,0.000000,0.000000,0.000000
630,0.630000,16,candle_3,candle,0.500000,0.075000,0.450000,1.000000,0.000000,0.000000,-0.000000,0.000000,0.000000,0.000000,0.000000,0.000000,0.000000
630,0.630000,17,pot,pot,0.000000,0.189195,0.000000,1.000000,0.000000,0.000000,-0.000000,0.000000,-1.204789,0.000000,0.000000,0.000000,0.000000
635,0.635000,1,plate_0,plate,-0.320000,0.040000,-0.280000,1.000000,0.000000,0.000000,-0.000000,0.000000,0.000000,0.000000,0.000000,0.000000,0.000000
635,0.635000,2,fork_0,fork,-0.450000,0.035000,-0.280000,0.707107,-0.000000,0.707107,-0.000000,0.000000,0.000000,0.000000,0.000000,0.000000,0.000000
635,0.635000,3,knife_0,knife,-0.190000,0.035000,-0.280000,0.707107,-0.000000,0.707107,-0.000000,0.000000,0.000000,0.000000,0.000000,0.000000,0.000000
635,0.635000,4,plate_1,plate,-0.320000,0.040000,0.280000,1.000000,0.000000,0.000000,-0.000000,0.000000,0.000000,0.000000,0.000000,0.000000,0.000000
635,0.635000,5,fork_1,fork,-0.190000,0.035000,0.280000,0.707107,-0.000000,0.707107,-0.000000,0.000000,0.000000,0.000000,0.000000,0.000000,0.000000
635,0.635000,6,knife_1,knife,-0.450000,0.035000,0.280000,0.707107,-0.000000,0.707107,-0.000000,0.000000,0.000000,0.000000,0.000000,0.000000,0.000000
635,0.635000,7,plate_2,plate,0.320000,0.040000,-0.280000,1.000000,0.000000,0.000000,-0.000000,0.000000,0.000000,0.000000,0.000000,0.000000,0.000000
635,0.635000,8,fork_2,fork,0.190000,0.035000,-0.280000,0.707107,-0.000000,0.707107,-0.000000,0.000000,0.000000,0.000000,0.000000,0.000000,0.000000
635,0.635000,9,knife_2,knife,0.450000,0.035000,-0.280000,0.707107,-0.000000,0.707107,-0.000000,0.000000,0.000000,0.000000,0.000000,0.000000,0.000000
635,0.635000,10,plate_3,plate,0.320000,0.040000,0.280000,1.000000,0.000000,0.000000,-0.000000,0.000000,0.000000,0.000000,0.000000,0.000000,0.000000
635,0.635000,11,fork_3,fork,0.450000,0.035000,0.280000,0.707107,-0.000000,0.707107,-0.000000,0.000000,0.000000,0.000000,0.000000,0.000000,0.000000
635,0.635000,12,knife_3,knife,0.190000,0.035000,0.280000,0.707107,-0.000000,0.707107,-0.000000,0.000000,0.000000,0.000000,0.000000,0.000000,0.000000
635,0.635000,13,candle_0,candle,-0.500000,0.075000,-0.450000,1.000000,0.000000,0.000000,-0.000000,0.000000,0.000000,0.000000,0.000000,0.000000,0.000000
635,0.635000,14,candle_1,candle,-0.500000,0.075000,0.450000,1.000000,0.000000,0.000000,-0.000000,0.000000,0.000000,0.000000,0.000000,0.000000,0.000000
635,0.635000,15,candle_2,candle,0.500000,0.075000,-0.450000,1.000000,0.000000,0.000000,-0.000000,0.000000,0.000000,0.000000,0.000000,0.000000,0.000000
635,0.635000,16,candle_3,candle,0.500000,0.075000,0.450000,1.000000,0.000000,0.000000,-0.000000,0.000000,0.000000,0.000000,0.000000,0.000000,0.000000
635,0.635000,17,pot,pot,0.000000,0.183042,0.000000,1.000000,0.000000,0.000000,-0.000000,0.000000,-1.253664,0.000000,0.000000,0.000000,0.000000
640,0.640000,1,plate_0,plate,-0.320000,0.040000,-0.280000,1.000000,0.000000,0.000000,-0.000000,0.000000,0.000000,0.000000,0.000000,0.000000,0.000000
640,0.640000,2,fork_0,fork,-0.450000,0.035000,-0.280000,0.707107,-0.000000,0.707107,-0.000000,0.000000,0.000000,0.000000,0.000000,0.000000,0.000000
640,0.640000,3,knife_0,knife,-0.190000,0.035000,-0.280000,0.707107,-0.000000,0.707107,-0.000000,0.000000,0.000000,0.000000,0.000000,0.000000,0.000000
640,0.640000,4,plate_1,plate,-0.320000,0.040000,0.280000,1.000000,0.000000,0.000000,-0.000000,0.000000,0.000000,0.000000,0.000000,0.000000,0.000000
640,0.640000,5,fork_1,fork,-0.190000,0.035000,0.280000,0.707107,-0.000000,0.707107,-0.000000,0.000000,0.000000,0.000000,0.000000,0.000000,0.000000
640,0.640000,6,knife_1,knife,-0.450000,0.035000,0.280000,0.707107,-0.000000,0.707107,-0.000000,0.000000,0.000000,0.000000,0.000000,0.000000,0.000000
640,0.640000,7,plate_2,plate,0.320000,0.040000,-0.280000,1.000000,0.000000,0.000000,-0.000000,0.000000,0.000000,0.000000,0.000000,0.000000,0.000000
640,0.640000,8,fork_2,fork,0.190000,0.035000,-0.280000,0.707107,-0.000000,0.707107,-0.000000,0.000000,0.000000,0.000000,0.000000,0.000000,0.000000
640,0.640000,9,knife_2,knife,0.450000,0.035000,-0.280000,0.707107,-0.000000,0.707107,-0.000000,0.000000,0.000000,0.000000,0.000000,0.000000,0.000000
640,0.640000,10,plate_3,plate,0.320000,0.040000,0.280000,1.000000,0.000000,0.000000,-0.000000,0.000000,0.000000,0.000000,0.000000,0.000000,0.000000
640,0.640000,11,fork_3,fork,0.450000,0.035000,0.280000,0.707107,-0.000000,0.707107,-0.000000,0.000000,0.000000,0.000000,0.000000,0.000000,0.000000
640,0.640000,12,knife_3,knife,0.190000,0.035000,0.280000,0.707107,-0.000000,0.707107,-0.000000,0.000000,0.000000,0.000000,0.000000,0.000000,0.000000
640,0.640000,13,candle_0,candle,-0.500000,0.075000,-0.450000,1.000000,0.000000,0.000000,-0.000000,0.000000,0.000000,0.000000,0.000000,0.000000,0.000000
640,0.640000,14,candle_1,candle,-0.500000,0.075000,0.450000,1.000000,0.000000,0.000000,-0.000000,0.000000,0.000000,0.000000,0.000000,0.000000,0.000000
640,0.640000,15,candle_2,candle,0.500000,0.075000,-0.450000,1.000000,0.000000,0.000000,-0.000000,0.000000,0.000000,0.000000,0.000000,0.000000,0.000000
640,0.640000,16,candle_3,candle,0.500000,0.075000,0.450000,1.000000,0.000000,0.000000,-0.000000,0.000000,0.000000,0.000000,0.000000,0.000000,0.000000
640,0.640000,17,pot,pot,0.000000,0.176646,0.000000,1.000000,0.000000,0.000000,-0.000000,0.000000,-1.302540,0.000000,0.000000,0.000000,0.000000
645,0.645000,1,plate_0,plate,-0.320000,0.040000,-0.280000,1.000000,0.000000,0.000000,-0.000000,0.000000,0.000000,0.000000,0.000000,0.000000,0.000000
645,0.645000,2,fork_0,fork,-0.450000,0.035000,-0.280000,0.707107,-0.000000,0.707107,-0.000000,0.000000,0.000000,0.000000,0.000000,0.000000,0.000000
645,0.645000,3,knife_0,knife,-0.190000,0.035000,-0.280000,0.707107,-0.000000,0.707107,-0.000000,0.000000,0.000000,0.000000,0.000000,0.000000,0.000000
645,0.645000,4,plate_1,plate,-0.320000,0.040000,0.280000,1.000000,0.000000,0.000000,-0.000000,0.000000,0.000000,0.000000,0.000000,0.000000,0.000000
645,0.645000,5,fork_1,fork,-0.190000,0.035000,0.280000,0.707107,-0.000000,0.707107,-0.000000,0.000000,0.000000,0.000000,0.000000,0.000000,0.000000
645,0.645000,6,knife_1,knife,-0.450000,0.035000,0.280000,0.707107,-0.000000,0.707107,-0.000000,0.000000,0.000000,0.000000,0.000000,0.000000,0.000000
645,0.645000,7,plate_2,plate,0.320000,0.040000,-0.280000,1.000000,0.000000,0.000000,-0.000000,0.000000,0.000000,0.000000,0.000000,0.000000,0.000000
645,0.645000,8,fork_2,fork,0.190000,0.035000,-0.280000,0.707107,-0.000000,0.707107,-0.000000,0.000000,0.000000,0.000000,0.000000,0.000000,0.000000
645,0.645000,9,knife_2,knife,0.450000,0.035000,-0.280000,0.707107,-0.000000,0.707107,-0.000000,0.000000,0.000000,0.000000,0.000000,0.000000,0.000000
645,0.645000,10,plate_3,plate,0.320000,0.040000,0.280000,1.000000,0.000000,0.000000,-0.000000,0.000000,0.000000,0.000000,0.000000,0.000000,0.000000
645,0.645000,11,fork_3,fork,0.450000,0.035000,0.280000,0.707107,-0.000000,0.707107,-0.000000,0.000000,0.000000,0.000000,0.000000,0.000000,0.000000
645,0.645000,12,knife_3,knife,0.190000,0.035000,0.280000,0.707107,-0.000000,0.707107,-0.000000,0.000000,0.000000,0.000000,0.000000,0.000000,0.000000
645,0.645000,13,candle_0,candle,-0.500000,0.075000,-0.450000,1.000000,0.000000,0.000000,-0.000000,0.000000,0.000000,0.000000,0.000000,0.000000,0.000000
645,0.645000,14,candle_1,candle,-0.500000,0.075000,0.450000,1.000000,0.000000,0.000000,-0.000000,0.000000,0.000000,0.000000,0.000000,0.000000,0.000000
645,0.645000,15,candle_2,candle,0.500000,0.075000,-0.450000,1.000000,0.000000,0.000000,-0.000000,0.000000,0.000000,0.000000,0.000000,0.000000,0.000000
645,0.645000,16,candle_3,candle,0.500000,0.075000,0.450000,1.000000,0.000000,0.000000,-0.000000,0.000000,0.000000,0.000000,0.000000,0.000000,0.000000
645,0.645000,17,pot,pot,0.000000,0.170005,0.000000,1.000000,0.000000,0.000000,-0.000000,0.000000,-1.351416,0.000000,0.000000,0.000000,0.000000
650,0.650000,1,plate_0,plate,-0.320000,0.040000,-0.280000,1.000000,0.000000,0.000000,-0.000000,0.000000,0.000000,0.000000,0.000000,0.000000,0.000000
650,0.650000,2,fork_0,fork,-0.450000,0.035000,-0.280000,0.707107,-0.000000,0.707107,-0.000000,0.000000,0.000000,0.000000,0.000000,0.000000,0.000000
650,0.650000,3,knife_0,knife,-0.190000,0.035000,-0.280000,0.707107,-0.000000,0.707107,-0.000000,0.000000,0.000000,0.000000,0.000000,0.000000,0.000000
650,0.650000,4,plate_1,plate,-0.320000,0.040000,0.280000,1.000000,0.000000,0.000000,-0.000000,0.000000,0.000000,0.000000,0.000000,0.000000,0.000000
650,0.650000,5,fork_1,fork,-0.190000,0.035000,0.280000,0.707107,-0.000000,0.707107,-0.000000,0.000000,0.000000,0.000000,0.000000,0.000000,0.000000
650,0.650000,6,knife_1,knife,-0.450000,0.035000,0.280000,0.707107,-0.000000,0.707107,-0.000000,0.000000,0.000000,0.000000,0.000000,0.000000,0.000000
650,0.650000,7,plate_2,plate,0.320000,0.040000,-0.280000,1.000000,0.000000,0.000000,-0.000000,0.000000,0.000000,0.000000,0.000000,0.000000,0.000000
650,0.650000,8,fork_2,fork,0.190000,0.035000,-0.280000,0.707107,-0.000000,0.707107,-0.000000,0.000000,0.000000,0.000000,0.000000,0.000000,0.000000
650,0.650000,9,knife_2,knife,0.450000,0.035000,-0.280000,0.707107,-0.000000,0.707107,-0.000000,0.000000,0.000000,0.000000,0.000000,0.000000,0.000000
650,0.650000,10,plate_3,plate,0.320000,0.040000,0.280000,1.000000,0.000000,0.000000,-0.000000,0.000000,0.000000,0.000000,0.000000,0.000000,0.000000
650,0.650000,11,fork_3,fork,0.450000,0.035000,0.280000,0.707107,-0.000000,0.707107,-0.000000,0.000000,0.000000,0.000000,0.000000,0.000000,0.000000
650,0.650000,12,knife_3,knife,0.190000,0.035000,0.280000,0.707107,-0.000000,0.707107,-0.000000,0.000000,0.000000,0.000000,0.000000,0.000000,0.000000
650,0.650000,13,candle_0,candle,-0.500000,0.075000,-0.450000,1.000000,0.000000,0.000000,-0.000000,0.000000,0.000000,0.000000,0.000000,0.000000,0.000000
650,0.650000,14,candle_1,candle,-0.500000,0.075000,0.450000,1.000000,0.000000,0.000000,-0.000000,0.000000,0.000000,0.000000,0.000000,0.000000,0.000000
650,0.650000,15,candle_2,candle,0.500000,0.075000,-0.450000,1.000000,0.000000,0.000000,-0.000000,0.000000,0.000000,0.000000,0.000000,0.000000,0.000000
650,0.650000,16,candle_3,candle,0.500000,0.075000,0.450000,1.000000,0.000000,0.000000,-0.000000,0.000000,0.000000,0.000000,0.000000,0.000000,0.000000
650,0.650000,17,pot,pot,0.000000,0.163119,0.000000,1.000000,0.000000,0.000000,-0.000000,0.000000,-1.400292,0.000000,0.000000,0.000000,0.000000
655,0.655000,1,plate_0,plate,-0.320000,0.040000,-0.280000,1.000000,0.000000,0.000000,-0.000000,0.000000,0.000000,0.000000,0.000000,0.000000,0.000000
655,0.655000,2,fork_0,fork,-0.450000,0.035000,-0.280000,0.707107,-0.000000,0.707107,-0.000000,0.000000,0.000000,0.000000,0.000000,0.000000,0.000000
655,0.655000,3,knife_0,knife,-0.190000,0.035000,-0.280000,0.707107,-0.000000,0.707107,-0.000000,0.000000,0.000000,0.000000,0.000000,0.000000,0.000000
655,0.655000,4,plate_1,plate,-0.320000,0.040000,0.280000,1.000000,0.000000,0.000000,-0.000000,0.000000,0.000000,0.000000,0.000000,0.000000,0.000000
655,0.655000,5,fork_1,fork,-0.190000,0.035000,0.280000,0.707107,-0.000000,0.707107,-0.000000,0.000000,0.000000,0.000000,0.000000,0.000000,0.000000
655,0.655000,6,knife_1,knife,-0.450000,0.035000,0.280000,0.707107,-0.000000,0.707107,-0.000000,0.000000,0.000000,0.000000,0.000000,0.000000,0.000000
655,0.655000,7,plate_2,plate,0.320000,0.040000,-0.280000,1.000000,0.000000,0.000000,-0.000000,0.000000,0.000000,0.000000,0.000000,0.000000,0.000000
655,0.655000,8,fork_2,fork,0.190000,0.035000,-0.280000,0.707107,-0.000000,0.707107,-0.000000,0.000000,0.000000,0.000000,0.000000,0.000000,0.000000
655,0.655000,9,knife_2,knife,0.450000,0.035000,-0.280000,0.707107,-0.000000,0.707107,-0.000000,0.000000,0.000000,0.000000,0.000000,0.000000,0.000000
655,0.655000,10,plate_3,plate,0.320000,0.040000,0.280000,1.000000,0.000000,0.000000,-0.000000,0.000000,0.000000,0.000000,0.000000,0.000000,0.000000
655,0.655000,11,fork_3,fork,0.450000,0.035000,0.280000,0.707107,-0.000000,0.707107,-0.000000,0.000000,0.000000,0.000000,0.000000,0.000000,0.000000
655,0.655000,12,knife_3,knife,0.190000,0.035000,0.280000,0.707107,-0.000000,0.707107,-0.000000,0.000000,0.000000,0.000000,0.000000,0.000000,0.000000
655,0.655000,13,candle_0,candle,-0.500000,0.075000,-0.450000,1.000000,0.000000,0.000000,-0.000000,0.000000,0.000000,0.000000,0.000000,0.000000,0.000000
655,0.655000,14,candle_1,candle,-0.500000,0.075000,0.450000,1.000000,0.000000,0.000000,-0.000000,0.000000,0.000000,0.000000,0.000000,0.000000,0.000000
655,0.655000,15,candle_2,candle,0.500000,0.075000,-0.450000,1.000000,0.000000,0.000000,-0.000000,0.000000,0.000000,0.000000,0.000000,0.000000,0.000000
655,0.655000,16,candle_3,candle,0.500000,0.075000,0.450000,1.000000,0.000000,0.000000,-0.000000,0.000000,0.000000,0.000000,0.000000,0.000000,0.000000
655,0.655000,17,pot,pot,0.000000,0.155990,0.000000,1.000000,0.000000,0.000000,-0.000000,0.000000,-1.449168,0.000000,0.000000,0.000000,0.000000
660,0.660000,1,plate_0,plate,-0.320000,0.040000,-0.280000,1.000000,0.000000,0.000000,-0.000000,0.000000,0.000000,0.000000,0.000000,0.000000,0.000000
660,0.660000,2,fork_0,fork,-0.450000,0.035000,-0.280000,0.707107,-0.000000,0.707107,-0.000000,0.000000,0.000000,0.000000,0.000000,0.000000,0.000000
660,0.660000,3,knife_0,knife,-0.190000,0.035000,-0.280000,0.707107,-0.000000,0.707107,-0.000000,0.000000,0.000000,0.000000,0.000000,0.000000,0.000000
660,0.660000,4,plate_1,plate,-0.320000,0.040000,0.280000,1.000000,0.000000,0.000000,-0.000000,0.000000,0.000000,0.000000,0.000000,0.000000,0.000000
660,0.660000,5,fork_1,fork,-0.190000,0.035000,0.280000,0.707107,-0.000000,0.707107,-0.000000,0.000000,0.000000,0.000000,0.000000,0.000000,0.000000
660,0.660000,6,knife_1,knife,-0.450000,0.035000,0.280000,0.707107,-0.000000,0.707107,-0.000000,0.000000,0.000000,0.000000,0.000000,0.000000,0.000000
660,0.660000,7,plate_2,plate,0.320000,0.040000,-0.280000,1.000000,0.000000,0.000000,-0.000000,0.000000,0.000000,0.000000,0.000000,0.000000,0.000000
660,0.660000,8,fork_2,fork,0.190000,0.035000,-0.280000,0.707107,-0.000000,0.707107,-0.000000,0.000000,0.000000,0.000000,0.000000,0.000000,0.000000
660,0.660000,9,knife_2,knife,0.450000,0.035000,-0.280000,0.707107,-0.000000,0.707107,-0.000000,0.000000,0.000000,0.000000,0.000000,0.000000,0.000000
660,0.660000,10,plate_3,plate,0.320000,0.040000,0.280000,1.000000,0.000000,0.000000,-0.000000,0.000000,0.000000,0.000000,0.000000,0.000000,0.000000
660,0.660000,11,fork_3,fork,0.450000,0.035000,0.280000,0.707107,-0.000000,0.707107,-0.000000,0.000000,0.000000,0.000000,0.000000,0.000000,0.000000
660,0.660000,12,knife_3,knife,0.190000,0.035000,0.280000,0.707107,-0.000000,0.707107,-0.000000,0.000000,0.000000,0.000000,0.000000,0.000000,0.000000
660,0.660000,13,candle_0,candle,-0.500000,0.075000,-0.450000,1.000000,0.000000,0.000000,-0.000000,0.000000,0.000000,0.000000,0.000000,0.000000,0.000000
660,0.660000,14,candle_1,candle,-0.500000,0.075000,0.450000,1.000000,0.000000,0.000000,-0.000000,0.000000,0.000000,0.000000,0.000000,0.000000,0.000000
660,0.660000,15,candle_2,candle,0.500000,0.075000,-0.450000,1.000000,0.000000,0.000000,-0.000000,0.000000,0.000000,0.000000,0.000000,0.000000,0.000000
660,0.660000,16,candle_3,candle,0.500000,0.075000,0.450000,1.000000,0.000000,0.000000,-0.000000,0.000000,0.000000,0.000000,0.000000,0.000000,0.000000
660,0.660000,17,pot,pot,0.000000,0.148615,0.000000,1.000000,0.000000,0.000000,-0.000000,0.000000,-1.498043,0.000000,0.000000,0.000000,0.000000
665,0.665000,1,plate_0,plate,-0.320000,0.040000,-0.280000,1.000000,0.000000,0.000000,-0.000000,0.000000,0.000000,0.000000,0.000000,0.000000,0.000000
665,0.665000,2,fork_0,fork,-0.450000,0.035000,-0.280000,0.707107,-0.000000,0.707107,-0.000000,0.000000,0.000000,0.000000,0.000000,0.000000,0.000000
665,0.665000,3,knife_0,knife,-0.190000,0.035000,-0.280000,0.707107,-0.000000,0.707107,-0.000000,0.000000,0.000000,0.000000,0.000000,0.000000,0.000000
665,0.665000,4,plate_1,plate,-0.320000,0.040000,0.280000,1.000000,0.000000,0.000000,-0.000000,0.000000,0.000000,0.000000,0.000000,0.000000,0.000000
665,0.665000,5,fork_1,fork,-0.190000,0.035000,0.280000,0.707107,-0.000000,0.707107,-0.000000,0.000000,0.000000,0.000000,0.000000,0.000000,0.000000
665,0.665000,6,knife_1,knife,-0.450000,0.035000,0.280000,0.707107,-0.000000,0.707107,-0.000000,0.000000,0.000000,0.000000,0.000000,0.000000,0.000000
665,0.665000,7,plate_2,plate,0.320000,0.040000,-0.280000,1.000000,0.000000,0.000000,-0.000000,0.000000,0.000000,0.000000,0.000000,0.000000,0.000000
665,0.665000,8,fork_2,fork,0.190000,0.035000,-0.280000,0.707107,-0.000000,0.707107,-0.000000,0.000000,0.000000,0.000000,0.000000,0.000000,0.000000
665,0.665000,9,knife_2,knife,0.450000,0.035000,-0.280000,0.707107,-0.000000,0.707107,-0.000000,0.000000,0.000000,0.000000,0.000000,0.000000,0.000000
665,0.665000,10,plate_3,plate,0.320000,0.040000,0.280000,1.000000,0.000000,0.000000,-0.000000,0.000000,0.000000,0.000000,0.000000,0.000000,0.000000
665,0.665000,11,fork_3,fork,0.450000,0.035000,0.280000,0.707107,-0.000000,0.707107,-0.000000,0.000000,0.000000,0.000000,0.000000,0.000000,0.000000
665,0.665000,12,knife_3,knife,0.190000,0.035000,0.280000,0.707107,-0.000000,0.707107,-0.000000,0.000000,0.000000,0.000000,0.000000,0.000000,0.000000
665,0.665000,13,candle_0,candle,-0.500000,0.075000,-0.450000,1.000000,0.000000,0.000000,-0.000000,0.000000,0.000000,0.000000,0.000000,0.000000,0.000000
665,0.665000,14,candle_1,candle,-0.500000,0.075000,0.450000,1.000000,0.000000,0.000000,-0.000000,0.000000,0.000000,0.000000,0.000000,0.000000,0.000000
665,0.665000,15,candle_2,candle,0.500000,0.075000,-0.450000,1.000000,0.000000,0.000000,-0.000000,0.000000,0.000000,0.000000,0.000000,0.000000,0.000000
665,0.665000,16,candle_3,candle,0.500000,0.075000,0.450000,1.000000,0.000000,0.000000,-0.000000,0.000000,0.000000,0.000000,0.000000,0.000000,0.000000
665,0.665000,17,pot,pot,0.000000,0.140997,0.000000,1.000000,0.000000,0.000000,-0.000000,0.000000,-1.546919,0.000000,0.000000,0.000000,0.000000
670,0.670000,1,plate_0,plate,-0.320000,0.040000,-0.280000,1.000000,0.000000,0.000000,-0.000000,0.000000,0.000000,0.000000,0.000000,0.000000,0.000000
670,0.670000,2,fork_0,fork,-0.450000,0.035000,-0.280000,0.707107,-0.000000,0.707107,-0.000000,0.000000,0.000000,0.000000,0.000000,0.000000,0.000000
670,0.670000,3,knife_0,knife,-0.190000,0.035000,-0.280000,0.707107,-0.000000,0.707107,-0.000000,0.000000,0.000000,0.000000,0.000000,0.000000,0.000000
670,0.670000,4,plate_1,plate,-0.320000,0.040000,0.280000,1.000000,0.000000,0.000000,-0.000000,0.000000,0.000000,0.000000,0.000000,0.000000,0.000000
670,0.670000,5,fork_1,fork,-0.190000,0.035000,0.280000,0.707107,-0.000000,0.707107,-0.000000,0.000000,0.000000,0.000000,0.000000,0.000000,0.000000
670,0.670000,6,knife_1,knife,-0.450000,0.035000,0.280000,0.707107,-0.000000,0.707107,-0.000000,0.000000,0.000000,0.000000,0.000000,0.000000,0.000000
670,0.670000,7,plate_2,plate,0.320000,0.040000,-0.280000,1.000000,0.000000,0.000000,-0.000000,0.000000,0.000000,0.000000,0.000000,0.000000,0.000000
670,0.670000,8,fork_2,fork,0.190000,0.035000,-0.280000,0.707107,-0.000000,0.707107,-0.000000,0.000000,0.000000,0.000000,0.000000,0.000000,0.000000
670,0.670000,9,knife_2,knife,0.450000,0.035000,-0.280000,0.707107,-0.000000,0.707107,-0.000000,0.000000,0.000000,0.000000,0.000000,0.000000,0.000000
670,0.670000,10,plate_3,plate,0.320000,0.040000,0.280000,1.000000,0.000000,0.000000,-0.000000,0.000000,0.000000,0.000000,0.000000,0.000000,0.000000
670,0.670000,11,fork_3,fork,0.450000,0.035000,0.280000,0.707107,-0.000000,0.707107,-0.000000,0.000000,0.000000,0.000000,0.000000,0.000000,0.000000
670,0.670000,12,knife_3,knife,0.190000,0.035000,0.280000,0.707107,-0.000000,0.707107,-0.000000,0.000000,0.000000,0.000000,0.000000,0.000000,0.000000
670,0.670000,13,candle_0,candle,-0.500000,0.075000,-0.450000,1.000000,0.000000,0.000000,-0.000000,0.000000,0.000000,0.000000,0.000000,0.000000,0.000000
670,0.670000,14,candle_1,candle,-0.500000,0.075000,0.450000,1.000000,0.000000,0.000000,-0.000000,0.000000,0.000000,0.000000,0.000000,0.000000,0.000000
670,0.670000,15,candle_2,candle,0.500000,0.075000,-0.450000,1.000000,0.000000,0.000000,-0.000000,0.000000,0.000000,0.000000,0.000000,0.000000,0.000000
670,0.670000,16,candle_3,candle,0.500000,0.075000,0.450000,1.000000,0.000000,0.000000,-0.000000,0.000000,0.000000,0.000000,0.000000,0.000000,0.000000
670,0.670000,17,pot,pot,0.000000,0.133134,0.000000,1.000000,0.000000,0.000000,-0.000000,0.000000,-1.595795,0.000000,0.000000,0.000000,0.000000
675,0.675000,1,plate_0,plate,-0.320000,0.040000,-0.280000,1.000000,0.000000,0.000000,-0.000000,0.000000,0.000000,0.000000,0.000000,0.000000,0.000000
675,0.675000,2,fork_0,fork,-0.450000,0.035000,-0.280000,0.707107,-0.000000,0.707107,-0.000000,0.000000,0.000000,0.000000,0.000000,0.000000,0.000000
675,0.675000,3,knife_0,knife,-0.190000,0.035000,-0.280000,0.707107,-0.000000,0.707107,-0.000000,0.000000,0.000000,0.000000,0.000000,0.000000,0.000000
675,0.675000,4,plate_1,plate,-0.320000,0.040000,0.280000,1.000000,0.000000,0.000000,-0.000000,0.000000,0.000000,0.000000,0.000000,0.000000,0.000000
675,0.675000,5,fork_1,fork,-0.190000,0.035000,0.280000,0.707107,-0.000000,0.707107,-0.000000,0.000000,0.000000,0.000000,0.000000,0.000000,0.000000
675,0.675000,6,knife_1,knife,-0.450000,0.035000,0.280000,0.707107,-0.000000,0.707107,-0.000000,0.000000,0.000000,0.000000,0.000000,0.000000,0.000000
675,0.675000,7,plate_2,plate,0.320000,0.040000,-0.280000,1.000000,0.000000,0.000000,-0.000000,0.000000,0.000000,0.000000,0.000000,0.000000,0.000000
675,0.675000,8,fork_2,fork,0.190000,0.035000,-0.280000,0.707107,-0.000000,0.707107,-0.000000,0.000000,0.000000,0.000000,0.000000,0.000000,0.000000
675,0.675000,9,knife_2,knife,0.450000,0.035000,-0.280000,0.707107,-0.000000,0.707107,-0.000000,0.000000,0.000000,0.000000,0.000000,0.000000,0.000000
675,0.675000,10,plate_3,plate,0.320000,0.040000,0.280000,1.000000,0.000000,0.000000,-0.000000,0.000000,0.000000,0.000000,0.000000,0.000000,0.000000
675,0.675000,11,fork_3,fork,0.450000,0.035000,0.280000,0.707107,-0.000000,0.707107,-0.000000,0.000000,0.000000,0.000000,0.000000,0.000000,0.000000
675,0.675000,12,knife_3,knife,0.190000,0.035000,0.280000,0.707107,-0.000000,0.707107,-0.000000,0.000000,0.000000,0.000000,0.000000,0.000000,0.000000
675,0.675000,13,candle_0,candle,-0.500000,0.075000,-0.450000,1.000000,0.000000,0.000000,-0.000000,0.000000,0.000000,0.000000,0.000000,0.000000,0.000000
675,0.675000,14,candle_1,candle,-0.500000,0.075000,0.450000,1.000000,0.000000,0.000000,-0.000000,0.000000,0.000000,0.000000,0.000000,0.000000,0.000000
675,0.675000,15,candle_2,candle,0.500000,0.075000,-0.450000,1.000000,0.000000,0.000000,-0.000000,0.000000,0.000000,0.000000,0.000000,0.000000,0.000000
675,0.675000,16,candle_3,candle,0.500000,0.075000,0.450000,1.000000,0.000000,0.000000,-0.000000,0.000000,0.000000,0.000000,0.000000,0.000000,0.000000
675,0.675000,17,pot,pot,0.000000,0.125027,0.000000,1.000000,0.000000,0.000000,-0.000000,0.000000,-1.644671,0.000000,0.000000,0.000000,0.000000
680,0.680000,1,plate_0,plate,-0.320000,0.040000,-0.280000,1.000000,0.000000,0.000000,-0.000000,0.000000,0.000000,0.000000,0.000000,0.000000,0.000000
680,0.680000,2,fork_0,fork,-0.450000,0.035000,-0.280000,0.707107,-0.000000,0.707107,-0.000000,0.000000,0.000000,0.000000,0.000000,0.000000,0.000000
680,0.680000,3,knife_0,knife,-0.190000,0.035000,-0.280000,0.707107,-0.000000,0.707107,-0.000000,0.000000,0.000000,0.000000,0.000000,0.000000,0.000000
680,0.680000,4,plate_1,plate,-0.320000,0.040000,0.280000,1.000000,0.000000,0.000000,-0.000000,0.000000,0.000000,0.000000,0.000000,0.000000,0.000000
680,0.680000,5,fork_1,fork,-0.190000,0.035000,0.280000,0.707107,-0.000000,0.707107,-0.000000,0.000000,0.000000,0.000000,0.000000,0.000000,0.000000
680,0.680000,6,knife_1,knife,-0.450000,0.035000,0.280000,0.707107,-0.000000,0.707107,-0.000000,0.000000,0.000000,0.000000,0.000000,0.000000,0.000000
680,0.680000,7,plate_2,plate,0.320000,0.040000,-0.280000,1.000000,0.000000,0.000000,-0.000000,0.000000,0.000000,0.000000,0.000000,0.000000,0.000000
680,0.680000,8,fork_2,fork,0.190000,0.035000,-0.280000,0.707107,-0.000000,0.707107,-0.000000,0.000000,0.000000,0.000000,0.000000,0.000000,0.000000
680,0.680000,9,knife_2,knife,0.450000,0.035000,-0.280000,0.707107,-0.000000,0.707107,-0.000000,0.000000,0.000000,0.000000,0.000000,0.000000,0.000000
680,0.680000,10,plate_3,plate,0.320000,0.040000,0.280000,1.000000,0.000000,0.000000,-0.000000,0.000000,0.000000,0.000000,0.000000,0.000000,0.000000
680,0.680000,11,fork_3,fork,0.450000,0.035000,0.280000,0.707107,-0.000000,0.707107,-0.000000,0.000000,0.000000,0.000000,0.000000,0.000000,0.000000
680,0.680000,12,knife_3,knife,0.190000,0.035000,0.280000,0.707107,-0.000000,0.707107,-0.000000,0.000000,0.000000,0.000000,0.000000,0.000000,0.000000
680,0.680000,13,candle_0,candle,-0.500000,0.075000,-0.450000,1.000000,0.000000,0.000000,-0.000000,0.000000,0.000000,0.000000,0.000000,0.000000,0.000000
680,0.680000,14,candle_1,candle,-0.500000,0.075000,0.450000,1.000000,0.000000,0.000000,-0.000000,0.000000,0.000000,0.000000,0.000000,0.000000,0.000000
680,0.680000,15,candle_2,candle,0.500000,0.075000,-0.450000,1.000000,0.000000,0.000000,-0.000000,0.000000,0.000000,0.000000,0.000000,0.000000,0.000000
680,0.680000,16,candle_3,candle,0.500000,0.075000,0.450000,1.000000,0.000000,0.000000,-0.000000,0.000000,0.000000,0.000000,0.000000,0.000000,0.000000
680,0.680000,17,pot,pot,0.000000,0.116675,0.000000,1.000000,0.000000,0.000000,-0.000000,0.000000,-1.693547,0.000000,0.000000,0.000000,0.000000
685,0.685000,1,plate_0,plate,-0.320000,0.040000,-0.280000,1.000000,0.000000,0.000000,-0.000000,0.000000,0.000000,0.000000,0.000000,0.000000,0.000000
685,0.685000,2,fork_0,fork,-0.450000,0.035000,-0.280000,0.707107,-0.000000,0.707107,-0.000000,0.000000,0.000000,0.000000,0.000000,0.000000,0.000000
685,0.685000,3,knife_0,knife,-0.190000,0.035000,-0.280000,0.707107,-0.000000,0.707107,-0.000000,0.000000,0.000000,0.000000,0.000000,0.000000,0.000000
685,0.685000,4,plate_1,plate,-0.320000,0.040000,0.280000,1.000000,0.000000,0.000000,-0.000000,0.000000,0.000000,0.000000,0.000000,0.000000,0.000000
685,0.685000,5,fork_1,fork,-0.190000,0.035000,0.280000,0.707107,-0.000000,0.707107,-0.000000,0.000000,0.000000,0.000000,0.000000,0.000000,0.000000
685,0.685000,6,knife_1,knife,-0.450000,0.035000,0.280000,0.707107,-0.000000,0.707107,-0.000000,0.000000,0.000000,0.000000,0.000000,0.000000,0.000000
685,0.685000,7,plate_2,plate,0.320000,0.040000,-0.280000,1.000000,0.000000,0.000000,-0.000000,0.000000,0.000000,0.000000,0.000000,0.000000,0.000000
685,0.685000,8,fork_2,fork,0.190000,0.035000,-0.280000,0.707107,-0.000000,0.707107,-0.000000,0.000000,0.000000,0.000000,0.000000,0.000000,0.000000
685,0.685000,9,knife_2,knife,0.450000,0.035000,-0.280000,0.707107,-0.000000,0.707107,-0.000000,0.000000,0.000000,0.000000,0.000000,0.000000,0.000000
685,0.685000,10,plate_3,plate,0.320000,0.040000,0.280000,1.000000,0.000000,0.000000,-0.000000,0.000000,0.000000,0.000000,0.000000,0.000000,0.000000
685,0.685000,11,fork_3,fork,0.450000,0.035000,0.280000,0.707107,-0.000000,0.707107,-0.000000,0.000000,0.000000,0.000000,0.000000,0.000000,0.000000
685,0.685000,12,knife_3,knife,0.190000,0.035000,0.280000,0.707107,-0.000000,0.707107,-0.000000,0.000000,0.000000,0.000000,0.000000,0.000000,0.000000
685,0.685000,13,candle_0,candle,-0.500000,0.075000,-0.450000,1.000000,0.000000,0.000000,-0.000000,0.000000,0.000000,0.000000,0.000000,0.000000,0.000000
685,0.685000,14,candle_1,candle,-0.500000,0.075000,0.450000,1.000000,0.000000,0.000000,-0.000000,0.000000,0.000000,0.000000,0.000000,0.000000,0.000000
685,0.685000,15,candle_2,candle,0.500000,0.075000,-0.450000,1.000000,0.000000,0.000000,-0.000000,0.000000,0.000000,0.000000,0.000000,0.000000,0.000000
685,0.685000,16,candle_3,candle,0.500000,0.075000,0.450000,1.000000,0.000000,0.000000,-0.000000,0.000000,0.000000,0.000000,0.000000,0.000000,0.000000
685,0.685000,17,pot,pot,0.000000,0.108079,0.000000,1.000000,0.000000,0.000000,-0.000000,0.000000,-1.742422,0.000000,0.000000,0.000000,0.000000
690,0.690000,1,plate_0,plate,-0.320000,0.040000,-0.280000,1.000000,0.000000,0.000000,-0.000000,0.000000,0.000000,0.000000,0.000000,0.000000,0.000000
690,0.690000,2,fork_0,fork,-0.450000,0.035000,-0.280000,0.707107,-0.000000,0.707107,-0.000000,0.000000,0.000000,0.000000,0.000000,0.000000,0.000000
690,0.690000,3,knife_0,knife,-0.190000,0.035000,-0.280000,0.707107,-0.000000,0.707107,-0.000000,0.000000,0.000000,0.000000,0.000000,0.000000,0.000000
690,0.690000,4,plate_1,plate,-0.320000,0.040000,0.280000,1.000000,0.000000,0.000000,-0.000000,0.000000,0.000000,0.000000,0.000000,0.000000,0.000000
690,0.690000,5,fork_1,fork,-0.190000,0.035000,0.280000,0.707107,-0.000000,0.707107,-0.000000,0.000000,0.000000,0.000000,0.000000,0.000000,0.000000
690,0.690000,6,knife_1,knife,-0.450000,0.035000,0.280000,0.707107,-0.000000,0.707107,-0.000000,0.000000,0.000000,0.000000,0.000000,0.000000,0.000000
690,0.690000,7,plate_2,plate,0.320000,0.040000,-0.280000,1.000000,0.000000,0.000000,-0.000000,0.000000,0.000000,0.000000,0.000000,0.000000,0.000000
690,0.690000,8,fork_2,fork,0.190000,0.035000,-0.280000,0.707107,-0.000000,0.707107,-0.000000,0.000000,0.000000,0.000000,0.000000,0.000000,0.000000
690,0.690000,9,knife_2,knife,0.450000,0.035000,-0.280000,0.707107,-0.000000,0.707107,-0.000000,0.000000,0.000000,0.000000,0.000000,0.000000,0.000000
690,0.690000,10,plate_3,plate,0.320000,0.040000,0.280000,1.000000,0.000000,0.000000,-0.000000,0.000000,0.000000,0.000000,0.000000,0.000000,0.000000
690,0.690000,11,fork_3,fork,0.450000,0.035000,0.280000,0.707107,-0.000000,0.707107,-0.000000,0.000000,0.000000,0.000000,0.000000,0.000000,0.000000
690,0.690000,12,knife_3,knife,0.190000,0.035000,0.280000,0.707107,-0.000000,0.707107,-0.000000,0.000000,0.000000,0.000000,0.000000,0.000000,0.000000
690,0.690000,13,candle_0,candle,-0.500000,0.075000,-0.450000,1.000000,0.000000,0.000000,-0.000000,0.000000,0.000000,0.000000,0.000000,0.000000,0.000000
690,0.690000,14,candle_1,candle,-0.500000,0.075000,0.450000,1.000000,0.000000,0.000000,-0.000000,0.000000,0.000000,0.000000,0.000000,0.000000,0.000000
690,0.690000,15,candle_2,candle,0.500000,0.075000,-0.450000,1.000000,0.000000,0.000000,-0.000000,0.000000,0.000000,0.000000,0.000000,0.000000,0.000000
690,0.690000,16,candle_3,candle,0.500000,0.075000,0.450000,1.000000,0.000000,0.000000,-0.000000,0.000000,0.000000,0.000000,0.000000,0.000000,0.000000
690,0.690000,17,pot,pot,0.000000,0.099239,0.000000,1.000000,0.000000,0.000000,-0.000000,0.000000,-1.791298,0.000000,0.000000,0.000000,0.000000
695,0.695000,1,plate_0,plate,-0.320000,0.040000,-0.280000,1.000000,0.000000,0.000000,-0.000000,0.000000,0.000000,0.000000,0.000000,0.000000,0.000000
695,0.695000,2,fork_0,fork,-0.450000,0.035000,-0.280000,0.707107,-0.000000,0.707107,-0.000000,0.000000,0.000000,0.000000,0.000000,0.000000,0.000000
695,0.695000,3,knife_0,knife,-0.190000,0.035000,-0.280000,0.707107,-0.000000,0.707107,-0.000000,0.000000,0.000000,0.000000,0.000000,0.000000,0.000000
695,0.695000,4,plate_1,plate,-0.320000,0.040000,0.280000,1.000000,0.000000,0.000000,-0.000000,0.000000,0.000000,0.000000,0.000000,0.000000,0.000000
695,0.695000,5,fork_1,fork,-0.190000,0.035000,0.280000,0.707107,-0.000000,0.707107,-0.000000,0.000000,0.000000,0.000000,0.000000,0.000000,0.000000
695,0.695000,6,knife_1,knife,-0.450000,0.035000,0.280000,0.707107,-0.000000,0.707107,-0.000000,0.000000,0.000000,0.000000,0.000000,0.000000,0.000000
695,0.695000,7,plate_2,plate,0.320000,0.040000,-0.280000,1.000000,0.000000,0.000000,-0.000000,0.000000,0.000000,0.000000,0.000000,0.000000,0.000000
695,0.695000,8,fork_2,fork,0.190000,0.035000,-0.280000,0.707107,-0.000000,0.707107,-0.000000,0.000000,0.000000,0.000000,0.000000,0.000000,0.000000
695,0.695000,9,knife_2,knife,0.450000,0.035000,-0.280000,0.707107,-0.000000,0.707107,-0.000000,0.000000,0.000000,0.000000,0.000000,0.000000,0.000000
695,0.695000,10,plate_3,plate,0.320000,0.040000,0.280000,1.000000,0.000000,0.000000,-0.000000,0.000000,0.000000,0.000000,0.000000,0.000000,0.000000
695,0.695000,11,fork_3,fork,0.450000,0.035000,0.280000,0.707107,-0.000000,0.707107,-0.000000,0.000000,0.000000,0.000000,0.000000,0.000000,0.000000
695,0.695000,12,knife_3,knife,0.190000,0.035000,0.280000,0.707107,-0.000000,0.707107,-0.000000,0.000000,0.000000,0.000000,0.000000,0.000000,0.000000
695,0.695000,13,candle_0,candle,-0.500000,0.075000,-0.450000,1.000000,0.000000,0.000000,-0.000000,0.000000,0.000000,0.000000,0.000000,0.000000,0.000000
695,0.695000,14,candle_1,candle,-0.500000,0.075000,0.450000,1.000000,0.000000,0.000000,-0.000000,0.000000,0.000000,0.000000,0.000000,0.000000,0.000000
695,0.695000,15,candle_2,candle,0.500000,0.075000,-0.450000,1.000000,0.000000,0.000000,-0.000000,0.000000,0.000000,0.000000,0.000000,0.000000,0.000000
695,0.695000,16,candle_3,candle,0.500000,0.075000,0.450000,1.000000,0.000000,0.000000,-0.000000,0.000000,0.000000,0.000000,0.000000,0.000000,0.000000
695,0.695000,17,pot,pot,0.000000,0.095547,0.000000,1.000000,0.000000,0.000000,-0.000000,0.000000,1.043022,0.000000,0.000000,0.000000,0.000000
700,0.700000,1,plate_0,plate,-0.320000,0.040000,-0.280000,1.000000,0.000000,0.000000,-0.000000,0.000000,0.000000,0.000000,0.000000,0.000000,0.000000
700,0.700000,2,fork_0,fork,-0.450000,0.035000,-0.280000,0.707107,0.000000,0.707107,0.000000,0.000000,0.000000,0.000000,0.000000,0.000000,0.000000
700,0.700000,3,knife_0,knife,-0.190000,0.035000,-0.280000,0.707107,0.000000,0.707107,0.000000,0.000000,0.000000,0.000000,0.000000,0.000000,0.000000
700,0.700000,4,plate_1,plate,-0.320000,0.040000,0.280000,1.000000,0.000000,0.000000,-0.000000,0.000000,0.000000,0.000000,0.000000,0.000000,0.000000
700,0.700000,5,fork_1,fork,-0.190000,0.035000,0.280000,0.707107,0.000000,0.707107,0.000000,0.000000,0.000000,0.000000,0.000000,0.000000,0.000000
700,0.700000,6,knife_1,knife,-0.450000,0.035000,0.280000,0.707107,0.000000,0.707107,0.000000,0.000000,0.000000,0.000000,0.000000,0.000000,0.000000
700,0.700000,7,plate_2,plate,0.320000,0.040000,-0.280000,1.000000,0.000000,0.000000,-0.000000,0.000000,0.000000,0.000000,0.000000,0.000000,0.000000
700,0.700000,8,fork_2,fork,0.190000,0.035000,-0.280000,0.707107,0.000000,0.707107,0.000000,0.000000,0.000000,0.000000,0.000000,0.000000,0.000000
700,0.700000,9,knife_2,knife,0.450000,0.035000,-0.280000,0.707107,0.000000,0.707107,0.000000,0.000000,0.000000,0.000000,0.000000,0.000000,0.000000
700,0.700000,10,plate_3,plate,0.320000,0.040000,0.280000,1.000000,0.000000,0.000000,-0.000000,0.000000,0.000000,0.000000,0.000000,0.000000,0.000000
700,0.700000,11,fork_3,fork,0.450000,0.035000,0.280000,0.707107,0.000000,0.707107,0.000000,0.000000,0.000000,0.000000,0.000000,0.000000,0.000000
700,0.700000,12,knife_3,knife,0.190000,0.035000,0.280000,0.707107,0.000000,0.707107,0.000000,0.000000,0.000000,0.000000,0.000000,0.000000,0.000000
700,0.700000,13,candle_0,candle,-0.500000,0.075000,-0.450000,1.000000,0.000000,0.000000,-0.000000,0.000000,0.000000,0.000000,0.000000,0.000000,0.000000
700,0.700000,14,candle_1,candle,-0.500000,0.075000,0.450000,1.000000,0.000000,0.000000,-0.000000,0.000000,0.000000,0.000000,0.000000,0.000000,0.000000
700,0.700000,15,candle_2,candle,0.500000,0.075000,-0.450000,1.000000,0.000000,0.000000,-0.000000,0.000000,0.000000,0.000000,0.000000,0.000000,0.000000
700,0.700000,16,candle_3,candle,0.500000,0.075000,0.450000,1.000000,0.000000,0.000000,-0.000000,0.000000,0.000000,0.000000,0.000000,0.000000,0.000000
700,0.700000,17,pot,pot,0.000000,0.100633,0.000000,1.000000,0.000000,0.000000,-0.000000,0.000000,0.994146,0.000000,0.000000,0.000000,0.000000
705,0.705000,1,plate_0,plate,-0.320000,0.040000,-0.280000,1.000000,0.000000,0.000000,-0.000000,0.000000,0.000000,0.000000,0.000000,0.000000,0.000000
705,0.705000,2,fork_0,fork,-0.450000,0.035000,-0.280000,0.707107,0.000000,0.707107,0.000000,0.000000,0.000000,0.000000,0.000000,0.000000,0.000000
705,0.705000,3,knife_0,knife,-0.190000,0.035000,-0.280000,0.707107,0.000000,0.707107,0.000000,0.000000,0.000000,0.000000,0.000000,0.000000,0.000000
705,0.705000,4,plate_1,plate,-0.320000,0.040000,0.280000,1.000000,0.000000,0.000000,-0.000000,0.000000,0.000000,0.000000,0.000000,0.000000,0.000000
705,0.705000,5,fork_1,fork,-0.190000,0.035000,0.280000,0.707107,0.000000,0.707107,0.000000,0.000000,0.000000,0.000000,0.000000,0.000000,0.000000
705,0.705000,6,knife_1,knife,-0.450000,0.035000,0.280000,0.707107,0.000000,0.707107,0.000000,0.000000,0.000000,0.000000,0.000000,0.000000,0.000000
705,0.705000,7,plate_2,plate,0.320000,0.040000,-0.280000,1.000000,0.000000,0.000000,-0.000000,0.000000,0.000000,0.000000,0.000000,0.000000,0.000000
705,0.705000,8,fork_2,fork,0.190000,0.035000,-0.280000,0.707107,0.000000,0.707107,0.000000,0.000000,0.000000,0.000000,0.000000,0.000000,0.000000
705,0.705000,9,knife_2,knife,0.450000,0.035000,-0.280000,0.707107,0.000000,0.707107,0.000000,0.000000,0.000000,0.000000,0.000000,0.000000,0.000000
705,0.705000,10,plate_3,plate,0.320000,0.040000,0.280000,1.000000,0.000000,0.000000,-0.000000,0.000000,0.000000,0.000000,0.000000,0.000000,0.000000
705,0.705000,11,fork_3,fork,0.450000,0.035000,0.280000,0.707107,0.000000,0.707107,0.000000,0.000000,0.000000,0.000000,0.000000,0.000000,0.000000
705,0.705000,12,knife_3,knife,0.190000,0.035000,0.280000,0.707107,0.000000,0.707107,0.000000,0.000000,0.000000,0.000000,0.000000,0.000000,0.000000
705,0.705000,13,candle_0,candle,-0.500000,0.075000,-0.450000,1.000000,0.000000,0.000000,-0.000000,0.000000,0.000000,0.000000,0.000000,0.000000,0.000000
705,0.705000,14,candle_1,candle,-0.500000,0.075000,0.450000,1.000000,0.000000,0.000000,-0.000000,0.000000,0.000000,0.000000,0.000000,0.000000,0.000000
705,0.705000,15,candle_2,candle,0.500000,0.075000,-0.450000,1.000000,0.000000,0.000000,-0.000000,0.000000,0.000000,0.000000,0.000000,0.000000,0.000000
705,0.705000,16,candle_3,candle,0.500000,0.075000,0.450000,1.000000,0.000000,0.000000,-0.000000,0.000000,0.000000,0.000000,0.000000,0.000000,0.000000
705,0.705000,17,pot,pot,0.000000,0.105476,0.000000,1.000000,0.000000,0.000000,-0.000000,0.000000,0.945270,0.000000,0.000000,0.000000,0.000000
710,0.710000,1,plate_0,plate,-0.320000,0.040000,-0.280000,1.000000,0.000000,0.000000,-0.000000,0.000000,0.000000,0.000000,0.000000,0.000000,0.000000
710,0.710000,2,fork_0,fork,-0.450000,0.035000,-0.280000,0.707107,0.000000,0.707107,0.000000,0.000000,0.000000,0.000000,0.000000,0.000000,0.000000
710,0.710000,3,knife_0,knife,-0.190000,0.035000,-0.280000,0.707107,0.000000,0.707107,0.000000,0.000000,0.000000,0.000000,0.000000,0.000000,0.000000
710,0.710000,4,plate_1,plate,-0.320000,0.040000,0.280000,1.000000,0.000000,0.000000,-0.000000,0.000000,0.000000,0.000000,0.000000,0.000000,0.000000
710,0.710000,5,fork_1,fork,-0.190000,0.035000,0.280000,0.707107,0.000000,0.707107,0.000000,0.000000,0.000000,0.000000,0.000000,0.000000,0.000000
710,0.710000,6,knife_1,knife,-0.450000,0.035000,0.280000,0.707107,0.000000,0.707107,0.000000,0.000000,0.000000,0.000000,0.000000,0.000000,0.000000
710,0.710000,7,plate_2,plate,0.320000,0.040000,-0.280000,1.000000,0.000000,0.000000,-0.000000,0.000000,0.000000,0.000000,0.000000,0.000000,0.000000
710,0.710000,8,fork_2,fork,0.190000,0.035000,-0.280000,0.707107,0.000000,0.707107,0.000000,0.000000,0.000000,0.000000,0.000000,0.000000,0.000000
710,0.710000,9,knife_2,knife,0.450000,0.035000,-0.280000,0.707107,0.000000,0.707107,0.000000,0.000000,0.000000,0.000000,0.000000,0.000000,0.000000
710,0.710000,10,plate_3,plate,0.320000,0.040000,0.280000,1.000000,0.000000,0.000000,-0.000000,0.000000,0.000000,0.000000,0.000000,0.000000,0.000000
710,0.710000,11,fork_3,fork,0.450000,0.035000,0.280000,0.707107,0.000000,0.707107,0.000000,0.000000,0.000000,0.000000,0.000000,0.000000,0.000000
710,0.710000,12,knife_3,knife,0.190000,0.035000,0.280000,0.707107,0.000000,0.707107,0.000000,0.000000,0.000000,0.000000,0.000000,0.000000,0.000000
710,0.710000,13,candle_0,candle,-0.500000,0.075000,-0.450000,1.000000,0.000000,0.000000,-0.000000,0.000000,0.000000,0.000000,0.000000,0.000000,0.000000
710,0.710000,14,candle_1,candle,-0.500000,0.075000,0.450000,1.000000,0.000000,0.000000,-0.000000,0.000000,0.000000,0.000000,0.000000,0.000000,0.000000
710,0.710000,15,candle_2,candle,0.500000,0.075000,-0.450000,1.000000,0.000000,0.000000,-0.000000,0.000000,0.000000,0.000000,0.000000,0.000000,0.000000
710,0.710000,16,candle_3,candle,0.500000,0.075000,0.450000,1.000000,0.000000,0.000000,-0.000000,0.000000,0.000000,0.000000,0.000000,0.000000,0.000000
710,0.710000,17,pot,pot,0.000000,0.110074,0.000000,1.000000,0.000000,0.000000,-0.000000,0.000000,0.896394,0.000000,0.000000,0.000000,0.000000
715,0.715000,1,plate_0,plate,-0.320000,0.040000,-0.280000,1.000000,0.000000,0.000000,-0.000000,0.000000,0.000000,0.000000,0.000000,0.000000,0.000000
715,0.715000,2,fork_0,fork,-0.450000,0.035000,-0.280000,0.707107,0.000000,0.707107,0.000000,0.000000,0.000000,0.000000,0.000000,0.000000,0.000000
715,0.715000,3,knife_0,knife,-0.190000,0.035000,-0.280000,0.707107,0.000000,0.707107,0.000000,0.000000,0.000000,0.000000,0.000000,0.000000,0.000000
715,0.715000,4,plate_1,plate,-0.320000,0.040000,0.280000,1.000000,0.000000,0.000000,-0.000000,0.000000,0.000000,0.000000,0.000000,0.000000,0.000000
715,0.715000,5,fork_1,fork,-0.190000,0.035000,0.280000,0.707107,0.000000,0.707107,0.000000,0.000000,0.000000,0.000000,0.000000,0.000000,0.000000
715,0.715000,6,knife_1,knife,-0.450000,0.035000,0.280000,0.707107,0.000000,0.707107,0.000000,0.000000,0.000000,0.000000,0.000000,0.000000,0.000000
715,0.715000,7,plate_2,plate,0.320000,0.040000,-0.280000,1.000000,0.000000,0.000000,-0.000000,0.000000,0.000000,0.000000,0.000000,0.000000,0.000000
715,0.715000,8,fork_2,fork,0.190000,0.035000,-0.280000,0.707107,0.000000,0.707107,0.000000,0.000000,0.000000,0.000000,0.000000,0.000000,0.000000
715,0.715000,9,knife_2,knife,0.450000,0.035000,-0.280000,0.707107,0.000000,0.707107,0.000000,0.000000,0.000000,0.000000,0.000000,0.000000,0.000000
715,0.715000,10,plate_3,plate,0.320000,0.040000,0.280000,1.000000,0.000000,0.000000,-0.000000,0.000000,0.000000,0.000000,0.000000,0.000000,0.000000
715,0.715000,11,fork_3,fork,0.450000,0.035000,0.280000,0.707107,0.000000,0.707107,0.000000,0.000000,0.000000,0.000000,0.000000,0.000000,0.000000
715,0.715000,12,knife_3,knife,0.190000,0.035000,0.280000,0.707107,0.000000,0.707107,0.000000,0.000000,0.000000,0.000000,0.000000,0.000000,0.000000
715,0.715000,13,candle_0,candle,-0.500000,0.075000,-0.450000,1.000000,0.000000,0.000000,-0.000000,0.000000,0.000000,0.000000,0.000000,0.000000,0.000000
715,0.715000,14,candle_1,candle,-0.500000,0.075000,0.450000,1.000000,0.000000,0.000000,-0.000000,0.000000,0.000000,0.000000,0.000000,0.000000,0.000000
715,0.715000,15,candle_2,candle,0.500000,0.075000,-0.450000,1.000000,0.000000,0.000000,-0.000000,0.000000,0.000000,0.000000,0.000000,0.000000,0.000000
715,0.715000,16,candle_3,candle,0.500000,0.075000,0.450000,1.000000,0.000000,0.000000,-0.000000,0.000000,0.000000,0.000000,0.000000,0.000000,0.000000
715,0.715000,17,pot,pot,0.000000,0.114428,0.000000,1.000000,0.000000,0.000000,-0.000000,0.000000,0.847518,0.000000,0.000000,0.000000,0.000000
720,0.720000,1,plate_0,plate,-0.320000,0.040000,-0.280000,1.000000,0.000000,0.000000,-0.000000,0.000000,0.000000,0.000000,0.000000,0.000000,0.000000
720,0.720000,2,fork_0,fork,-0.450000,0.035000,-0.280000,0.707107,0.000000,0.707107,0.000000,0.000000,0.000000,0.000000,0.000000,0.000000,0.000000
720,0.720000,3,knife_0,knife,-0.190000,0.035000,-0.280000,0.707107,0.000000,0.707107,0.000000,0.000000,0.000000,0.000000,0.000000,0.000000,0.000000
720,0.720000,4,plate_1,plate,-0.320000,0.040000,0.280000,1.000000,0.000000,0.000000,-0.000000,0.000000,0.000000,0.000000,0.000000,0.000000,0.000000
720,0.720000,5,fork_1,fork,-0.190000,0.035000,0.280000,0.707107,0.000000,0.707107,0.000000,0.000000,0.000000,0.000000,0.000000,0.000000,0.000000
720,0.720000,6,knife_1,knife,-0.450000,0.035000,0.280000,0.707107,0.000000,0.707107,0.000000,0.000000,0.000000,0.000000,0.000000,0.000000,0.000000
720,0.720000,7,plate_2,plate,0.320000,0.040000,-0.280000,1.000000,0.000000,0.000000,-0.000000,0.000000,0.000000,0.000000,0.000000,0.000000,0.000000
720,0.720000,8,fork_2,fork,0.190000,0.035000,-0.280000,0.707107,0.000000,0.707107,0.000000,0.000000,0.000000,0.000000,0.000000,0.000000,0.000000
720,0.720000,9,knife_2,knife,0.450000,0.035000,-0.280000,0.707107,0.000000,0.707107,0.000000,0.000000,0.000000,0.000000,0.000000,0.000000,0.000000
720,0.720000,10,plate_3,plate,0.320000,0.040000,0.280000,1.000000,0.000000,0.000000,-0.000000,0.000000,0.000000,0.000000,0.000000,0.000000,0.000000
720,0.720000,11,fork_3,fork,0.450000,0.035000,0.280000,0.707107,0.000000,0.707107,0.000000,0.000000,0.000000,0.000000,0.000000,0.000000,0.000000
720,0.720000,12,knife_3,knife,0.190000,0.035000,0.280000,0.707107,0.000000,0.707107,0.000000,0.000000,0.000000,0.000000,0.000000,0.000000,0.000000
720,0.720000,13,candle_0,candle,-0.500000,0.075000,-0.450000,1.000000,0.000000,0.000000,-0.000000,0.000000,0.000000,0.000000,0.000000,0.000000,0.000000
720,0.720000,14,candle_1,candle,-0.500000,0.075000,0.450000,1.000000,0.000000,0.000000,-0.000000,0.000000,0.000000,0.000000,0.000000,0.000000,0.000000
720,0.720000,15,candle_2,candle,0.500000,0.075000,-0.450000,1.000000,0.000000,0.000000,-0.000000,0.000000,0.000000,0.000000,0.000000,0.000000,0.000000
720,0.720000,16,candle_3,candle,0.500000,0.075000,0.450000,1.000000,0.000000,0.000000,-0.000000,0.000000,0.000000,0.000000,0.000000,0.000000,0.000000
720,0.720000,17,pot,pot,0.000000,0.118537,0.000000,1.000000,0.000000,0.000000,-0.000000,0.000000,0.798643,0.000000,0.000000,0.000000,0.000000
725,0.725000,1,plate_0,plate,-0.320000,0.040000,-0.280000,1.000000,0.000000,0.000000,-0.000000,0.000000,0.000000,0.000000,0.000000,0.000000,0.000000
725,0.725000,2,fork_0,fork,-0.450000,0.035000,-0.280000,0.707107,0.000000,0.707107,0.000000,0.000000,0.000000,0.000000,0.000000,0.000000,0.000000
725,0.725000,3,knife_0,knife,-0.190000,0.035000,-0.280000,0.707107,0.000000,0.707107,0.000000,0.000000,0.000000,0.000000,0.000000,0.000000,0.000000
725,0.725000,4,plate_1,plate,-0.320000,0.040000,0.280000,1.000000,0.000000,0.000000,-0.000000,0.000000,0.000000,0.000000,0.000000,0.000000,0.000000
725,0.725000,5,fork_1,fork,-0.190000,0.035000,0.280000,0.707107,0.000000,0.707107,0.000000,0.000000,0.000000,0.000000,0.000000,0.000000,0.000000
725,0.725000,6,knife_1,knife,-0.450000,0.035000,0.280000,0.707107,0.000000,0.707107,0.000000,0.000000,0.000000,0.000000,0.000000,0.000000,0.000000
725,0.725000,7,plate_2,plate,0.320000,0.040000,-0.280000,1.000000,0.000000,0.000000,-0.000000,0.000000,0.000000,0.000000,0.000000,0.000000,0.000000
725,0.725000,8,fork_2,fork,0.190000,0.035000,-0.280000,0.707107,0.000000,0.707107,0.000000,0.000000,0.000000,0.000000,0.000000,0.000000,0.000000
725,0.725000,9,knife_2,knife,0.450000,0.035000,-0.280000,0.707107,0.000000,0.707107,0.000000,0.000000,0.000000,0.000000,0.000000,0.000000,0.000000
725,0.725000,10,plate_3,plate,0.320000,0.040000,0.280000,1.000000,0.000000,0.000000,-0.000000,0.000000,0.000000,0.000000,0.000000,0.000000,0.000000
725,0.725000,11,fork_3,fork,0.450000,0.035000,0.280000,0.707107,0.000000,0.707107,0.000000,0.000000,0.000000,0.000000,0.000000,0.000000,0.000000
725,0.725000,12,knife_3,knife,0.190000,0.035000,0.280000,0.707107,0.000000,0.707107,0.000000,0.000000,0.000000,0.000000,0.000000,0.000000,0.000000
725,0.725000,13,candle_0,candle,-0.500000,0.075000,-0.450000,1.000000,0.000000,0.000000,-0.000000,0.000000,0.000000,0.000000,0.000000,0.000000,0.000000
725,0.725000,14,candle_1,candle,-0.500000,0.075000,0.450000,1.000000,0.000000,0.000000,-0.000000,0.000000,0.000000,0.000000,0.000000,0.000000,0.000000
725,0.725000,15,candle_2,candle,0.500000,0.075000,-0.450000,1.000000,0.000000,0.000000,-0.000000,0.000000,0.000000,0.000000,0.000000,0.000000,0.000000
725,0.725000,16,candle_3,candle,0.500000,0.075000,0.450000,1.000000,0.000000,0.000000,-0.000000,0.000000,0.000000,0.000000,0.000000,0.000000,0.000000
725,0.725000,17,pot,pot,0.000000,0.122402,0.000000,1.000000,0.000000,0.000000,-0.000000,0.000000,0.749767,0.000000,0.000000,0.000000,0.000000
730,0.730000,1,plate_0,plate,-0.320000,0.040000,-0.280000,1.000000,0.000000,0.000000,-0.000000,0.000000,0.000000,0.000000,0.000000,0.000000,0.000000
730,0.730000,2,fork_0,fork,-0.450000,0.035000,-0.280000,0.707107,0.000000,0.707107,0.000000,0.000000,0.000000,0.000000,0.000000,0.000000,0.000000
730,0.730000,3,knife_0,knife,-0.190000,0.035000,-0.280000,0.707107,0.000000,0.707107,0.000000,0.000000,0.000000,0.000000,0.000000,0.000000,0.000000
730,0.730000,4,plate_1,plate,-0.320000,0.040000,0.280000,1.000000,0.000000,0.000000,-0.000000,0.000000,0.000000,0.000000,0.000000,0.000000,0.000000
730,0.730000,5,fork_1,fork,-0.190000,0.035000,0.280000,0.707107,0.000000,0.707107,0.000000,0.000000,0.000000,0.000000,0.000000,0.000000,0.000000
730,0.730000,6,knife_1,knife,-0.450000,0.035000,0.280000,0.707107,0.000000,0.707107,0.000000,0.000000,0.000000,0.000000,0.000000,0.000000,0.000000
730,0.730000,7,plate_2,plate,0.320000,0.040000,-0.280000,1.000000,0.000000,0.000000,-0.000000,0.000000,0.000000,0.000000,0.000000,0.000000,0.000000
730,0.730000,8,fork_2,fork,0.190000,0.035000,-0.280000,0.707107,0.000000,0.707107,0.000000,0.000000,0.000000,0.000000,0.000000,0.000000,0.000000
730,0.730000,9,knife_2,knife,0.450000,0.035000,-0.280000,0.707107,0.000000,0.707107,0.000000,0.000000,0.000000,0.000000,0.000000,0.000000,0.000000
730,0.730000,10,plate_3,plate,0.320000,0.040000,0.280000,1.000000,0.000000,0.000000,-0.000000,0.000000,0.000000,0.000000,0.000000,0.000000,0.000000
730,0.730000,11,fork_3,fork,0.450000,0.035000,0.280000,0.707107,0.000000,0.707107,0.000000,0.000000,0.000000,0.000000,0.000000,0.000000,0.000000
730,0.730000,12,knife_3,knife,0.190000,0.035000,0.280000,0.707107,0.000000,0.707107,0.000000,0.000000,0.000000,0.000000,0.000000,0.000000,0.000000
730,0.730000,13,candle_0,candle,-0.500000,0.075000,-0.450000,1.000000,0.000000,0.000000,-0.000000,0.000000,0.000000,0.000000,0.000000,0.000000,0.000000
730,0.730000,14,candle_1,candle,-0.500000,0.075000,0.450000,1.000000,0.000000,0.000000,-0.000000,0.000000,0.000000,0.000000,0.000000,0.000000,0.000000
730,0.730000,15,candle_2,candle,0.500000,0.075000,-0.450000,1.000000,0.000000,0.000000,-0.000000,0.000000,0.000000,0.000000,0.000000,0.000000,0.000000
730,0.730000,16,candle_3,candle,0.500000,0.075000,0.450000,1.000000,0.000000,0.000000,-0.000000,0.000000,0.000000,0.000000,0.000000,0.000000,0.000000
730,0.730000,17,pot,pot,0.000000,0.126022,0.000000,1.000000,0.000000,0.000000,-0.000000,0.000000,0.700951,0.000000,0.000000,0.000000,0.000000
735,0.735000,1,plate_0,plate,-0.320000,0.040000,-0.280000,1.000000,0.000000,0.000000,-0.000000,0.000000,0.000000,0.000000,0.000000,0.000000,0.000000
735,0.735000,2,fork_0,fork,-0.450000,0.035000,-0.280000,0.707107,0.000000,0.707107,0.000000,0.000000,0.000000,0.000000,0.000000,0.000000,0.000000
735,0.735000,3,knife_0,knife,-0.190000,0.035000,-0.280000,0.707107,0.000000,0.707107,0.000000,0.000000,0.000000,0.000000,0.000000,0.000000,0.000000
735,0.735000,4,plate_1,plate,-0.320000,0.040000,0.280000,1.000000,0.000000,0.000000,-0.000000,0.000000,0.000000,0.000000,0.000000,0.000000,0.000000
735,0.735000,5,fork_1,fork,-0.190000,0.035000,0.280000,0.707107,0.000000,0.707107,0.000000,0.000000,0.000000,0.000000,0.000000,0.000000,0.000000
735,0.735000,6,knife_1,knife,-0.450000,0.035000,0.280000,0.707107,0.000000,0.707107,0.000000,0.000000,0.000000,0.000000,0.000000,0.000000,0.000000
735,0.735000,7,plate_2,plate,0.320000,0.040000,-0.280000,1.000000,0.000000,0.000000,-0.000000,0.000000,0.000000,0.000000,0.000000,0.000000,0.000000
735,0.735000,8,fork_2,fork,0.190000,0.035000,-0.280000,0.707107,0.000000,0.707107,0.000000,0.000000,0.000000,0.000000,0.000000,0.000000,0.000000
735,0.735000,9,knife_2,knife,0.450000,0.035000,-0.280000,0.707107,0.000000,0.707107,0.000000,0.000000,0.000000,0.000000,0.000000,0.000000,0.000000
735,0.735000,10,plate_3,plate,0.320000,0.040000,0.280000,1.000000,0.000000,0.000000,-0.000000,0.000000,0.000000,0.000000,0.000000,0.000000,0.000000
735,0.735000,11,fork_3,fork,0.450000,0.035000,0.280000,0.707107,0.000000,0.707107,0.000000,0.000000,0.000000,0.000000,0.000000,0.000000,0.000000
735,0.735000,12,knife_3,knife,0.190000,0.035000,0.280000,0.707107,0.000000,0.707107,0.000000,0.000000,0.000000,0.000000,0.000000,0.000000,0.000000
735,0.735000,13,candle_0,candle,-0.500000,0.075000,-0.450000,1.000000,0.000000,0.000000,-0.000000,0.000000,0.000000,0.000000,0.000000,0.000000,0.000000
735,0.735000,14,candle_1,candle,-0.500000,0.075000,0.450000,1.000000,0.000000,0.000000,-0.000000,0.000000,0.000000,0.000000,0.000000,0.000000,0.000000
735,0.735000,15,candle_2,candle,0.500000,0.075000,-0.450000,1.000000,0.000000,0.000000,-0.000000,0.000000,0.000000,0.000000,0.000000,0.000000,0.000000
735,0.735000,16,candle_3,candle,0.500000,0.075000,0.450000,1.000000,0.000000,0.000000,-0.000000,0.000000,0.000000,0.000000,0.000000,0.000000,0.000000
735,0.735000,17,pot,pot,0.000000,0.129399,0.000000,1.000000,0.000000,0.000000,-0.000000,0.000000,0.652075,0.000000,0.000000,0.000000,0.000000
740,0.740000,1,plate_0,plate,-0.320000,0.040000,-0.280000,1.000000,0.000000,0.000000,-0.000000,0.000000,0.000000,0.000000,0.000000,0.000000,0.000000
740,0.740000,2,fork_0,fork,-0.450000,0.035000,-0.280000,0.707107,0.000000,0.707107,0.000000,0.000000,0.000000,0.000000,0.000000,0.000000,0.000000
740,0.740000,3,knife_0,knife,-0.190000,0.035000,-0.280000,0.707107,0.000000,0.707107,0.000000,0.000000,0.000000,0.000000,0.000000,0.000000,0.000000
740,0.740000,4,plate_1,plate,-0.320000,0.040000,0.280000,1.000000,0.000000,0.000000,-0.000000,0.000000,0.000000,0.000000,0.000000,0.000000,0.000000
740,0.740000,5,fork_1,fork,-0.190000,0.035000,0.280000,0.707107,0.000000,0.707107,0.000000,0.000000,0.000000,0.000000,0.000000,0.000000,0.000000
740,0.740000,6,knife_1,knife,-0.450000,0.035000,0.280000,0.707107,0.000000,0.707107,0.000000,0.000000,0.000000,0.000000,0.000000,0.000000,0.000000
740,0.740000,7,plate_2,plate,0.320000,0.040000,-0.280000,1.000000,0.000000,0.000000,-0.000000,0.000000,0.000000,0.000000,0.000000,0.000000,0.000000
740,0.740000,8,fork_2,fork,0.190000,0.035000,-0.280000,0.707107,0.000000,0.707107,0.000000,0.000000,0.000000,0.000000,0.000000,0.000000,0.000000
740,0.740000,9,knife_2,knife,0.450000,0.035000,-0.280000,0.707107,0.000000,0.707107,0.000000,0.000000,0.000000,0.000000,0.000000,0.000000,0.000000
740,0.740000,10,plate_3,plate,0.320000,0.040000,0.280000,1.000000,0.000000,0.000000,-0.000000,0.000000,0.000000,0.000000,0.000000,0.000000,0.000000
740,0.740000,11,fork_3,fork,0.450000,0.035000,0.280000,0.707107,0.000000,0.707107,0.000000,0.000000,0.000000,0.000000,0.000000,0.000000,0.000000
740,0.740000,12,knife_3,knife,0.190000,0.035000,0.280000,0.707107,0.000000,0.707107,0.000000,0.000000,0.000000,0.000000,0.000000,0.000000,0.000000
740,0.740000,13,candle_0,candle,-0.500000,0.075000,-0.450000,1.000000,0.000000,0.000000,-0.000000,0.000000,0.000000,0.000000,0.000000,0.000000,0.000000
740,0.740000,14,candle_1,candle,-0.500000,0.075000,0.450000,1.000000,0.000000,0.000000,-0.000000,0.000000,0.000000,0.000000,0.000000,0.000000,0.000000
740,0.740000,15,candle_2,candle,0.500000,0.075000,-0.450000,1.000000,0.000000,0.000000,-0.000000,0.000000,0.000000,0.000000,0.000000,0.000000,0.000000
740,0.740000,16,candle_3,candle,0.500000,0.075000,0.450000,1.000000,0.000000,0.000000,-0.000000,0.000000,0.000000,0.000000,0.000000,0.000000,0.000000
740,0.740000,17,pot,pot,0.000000,0.132531,0.000000,1.000000,0.000000,0.000000,-0.000000,0.000000,0.603199,0.000000,0.000000,0.000000,0.000000
745,0.745000,1,plate_0,plate,-0.320000,0.040000,-0.280000,1.000000,0.000000,0.000000,-0.000000,0.000000,0.000000,0.000000,0.000000,0.000000,0.000000
745,0.745000,2,fork_0,fork,-0.450000,0.035000,-0.280000,0.707107,0.000000,0.707107,0.000000,0.000000,0.000000,0.000000,0.000000,0.000000,0.000000
745,0.745000,3,knife_0,knife,-0.190000,0.035000,-0.280000,0.707107,0.000000,0.707107,0.000000,0.000000,0.000000,0.000000,0.000000,0.000000,0.000000
745,0.745000,4,plate_1,plate,-0.320000,0.040000,0.280000,1.000000,0.000000,0.000000,-0.000000,0.000000,0.000000,0.000000,0.000000,0.000000,0.000000
745,0.745000,5,fork_1,fork,-0.190000,0.035000,0.280000,0.707107,0.000000,0.707107,0.000000,0.000000,0.000000,0.000000,0.000000,0.000000,0.000000
745,0.745000,6,knife_1,knife,-0.450000,0.035000,0.280000,0.707107,0.000000,0.707107,0.000000,0.000000,0.000000,0.000000,0.000000,0.000000,0.000000
745,0.745000,7,plate_2,plate,0.320000,0.040000,-0.280000,1.000000,0.000000,0.000000,-0.000000,0.000000,0.000000,0.000000,0.000000,0.000000,0.000000
745,0.745000,8,fork_2,fork,0.190000,0.035000,-0.280000,0.707107,0.000000,0.707107,0.000000,0.000000,0.000000,0.000000,0.000000,0.000000,0.000000
745,0.745000,9,knife_2,knife,0.450000,0.035000,-0.280000,0.707107,0.000000,0.707107,0.000000,0.000000,0.000000,0.000000,0.000000,0.000000,0.000000
745,0.745000,10,plate_3,plate,0.320000,0.040000,0.280000,1.000000,0.000000,0.000000,-0.000000,0.000000,0.000000,0.000000,0.000000,0.000000,0.000000
745,0.745000,11,fork_3,fork,0.450000,0.035000,0.280000,0.707107,0.000000,0.707107,0.000000,0.000000,0.000000,0.000000,0.000000,0.000000,0.000000
745,0.745000,12,knife_3,knife,0.190000,0.035000,0.280000,0.707107,0.000000,0.707107,0.000000,0.000000,0.000000,0.000000,0.000000,0.000000,0.000000
745,0.745000,13,candle_0,candle,-0.500000,0.075000,-0.450000,1.000000,0.000000,0.000000,-0.000000,0.000000,0.000000,0.000000,0.000000,0.000000,0.000000
745,0.745000,14,candle_1,candle,-0.500000,0.075000,0.450000,1.000000,0.000000,0.000000,-0.000000,0.000000,0.000000,0.000000,0.000000,0.000000,0.000000
745,0.745000,15,candle_2,candle,0.500000,0.075000,-0.450000,1.000000,0.000000,0.000000,-0.000000,0.000000,0.000000,0.000000,0.000000,0.000000,0.000000
745,0.745000,16,candle_3,candle,0.500000,0.075000,0.450000,1.000000,0.000000,0.000000,-0.000000,0.000000,0.000000,0.000000,0.000000,0.000000,0.000000
745,0.745000,17,pot,pot,0.000000,0.135419,0.000000,1.000000,0.000000,0.000000,-0.000000,0.000000,0.554323,0.000000,0.000000,0.000000,0.000000
750,0.750000,1,plate_0,plate,-0.320000,0.040000,-0.280000,1.000000,0.000000,0.000000,-0.000000,0.000000,0.000000,0.000000,0.000000,0.000000,0.000000
750,0.750000,2,fork_0,fork,-0.450000,0.035000,-0.280000,0.707107,0.000000,0.707107,0.000000,0.000000,0.000000,0.000000,0.000000,0.000000,0.000000
750,0.750000,3,knife_0,knife,-0.190000,0.035000,-0.280000,0.707107,0.000000,0.707107,0.000000,0.000000,0.000000,0.000000,0.000000,0.000000,0.000000
750,0.750000,4,plate_1,plate,-0.320000,0.040000,0.280000,1.000000,0.000000,0.000000,-0.000000,0.000000,0.000000,0.000000,0.000000,0.000000,0.000000
750,0.750000,5,fork_1,fork,-0.190000,0.035000,0.280000,0.707107,0.000000,0.707107,0.000000,0.000000,0.000000,0.000000,0.000000,0.000000,0.000000
750,0.750000,6,knife_1,knife,-0.450000,0.035000,0.280000,0.707107,0.000000,0.707107,0.000000,0.000000,0.000000,0.000000,0.000000,0.000000,0.000000
750,0.750000,7,plate_2,plate,0.320000,0.040000,-0.280000,1.000000,0.000000,0.000000,-0.000000,0.000000,0.000000,0.000000,0.000000,0.000000,0.000000
750,0.750000,8,fork_2,fork,0.190000,0.035000,-0.280000,0.707107,0.000000,0.707107,0.000000,0.000000,0.000000,0.000000,0.000000,0.000000,0.000000
750,0.750000,9,knife_2,knife,0.450000,0.035000,-0.280000,0.707107,0.000000,0.707107,0.000000,0.000000,0.000000,0.000000,0.000000,0.000000,0.000000
750,0.750000,10,plate_3,plate,0.320000,0.040000,0.280000,1.000000,0.000000,0.000000,-0.000000,0.000000,0.000000,0.000000,0.000000,0.000000,0.000000
750,0.750000,11,fork_3,fork,0.450000,0.035000,0.280000,0.707107,0.000000,0.707107,0.000000,0.000000,0.000000,0.000000,0.000000,0.000000,0.000000
750,0.750000,12,knife_3,knife,0.190000,0.035000,0.280000,0.707107,0.000000,0.707107,0.000000,0.000000,0.000000,0.000000,0.000000,0.000000,0.000000
750,0.750000,13,candle_0,candle,-0.500000,0.075000,-0.450000,1.000000,0.000000,0.000000,-0.000000,0.000000,0.000000,0.000000,0.000000,0.000000,0.000000
750,0.750000,14,candle_1,candle,-0.500000,0.075000,0.450000,1.000000,0.000000,0.000000,-0.000000,0.000000,0.000000,0.000000,0.000000,0.000000,0.000000
750,0.750000,15,candle_2,candle,0.500000,0.075000,-0.450000,1.000000,0.000000,0.000000,-0.000000,0.000000,0.000000,0.000000,0.000000,0.000000,0.000000
750,0.750000,16,candle_3,candle,0.500000,0.075000,0.450000,1.000000,0.000000,0.000000,-0.000000,0.000000,0.000000,0.000000,0.000000,0.000000,0.000000
750,0.750000,17,pot,pot,0.000000,0.138062,0.000000,1.000000,0.000000,0.000000,-0.000000,0.000000,0.505447,0.000000,0.000000,0.000000,0.000000
755,0.755000,1,plate_0,plate,-0.320000,0.040000,-0.280000,1.000000,0.000000,0.000000,-0.000000,0.000000,0.000000,0.000000,0.000000,0.000000,0.000000
755,0.755000,2,fork_0,fork,-0.450000,0.035000,-0.280000,0.707107,0.000000,0.707107,0.000000,0.000000,0.000000,0.000000,0.000000,0.000000,0.000000
755,0.755000,3,knife_0,knife,-0.190000,0.035000,-0.280000,0.707107,0.000000,0.707107,0.000000,0.000000,0.000000,0.000000,0.000000,0.000000,0.000000
755,0.755000,4,plate_1,plate,-0.320000,0.040000,0.280000,1.000000,0.000000,0.000000,-0.000000,0.000000,0.000000,0.000000,0.000000,0.000000,0.000000
755,0.755000,5,fork_1,fork,-0.190000,0.035000,0.280000,0.707107,0.000000,0.707107,0.000000,0.000000,0.000000,0.000000,0.000000,0.000000,0.000000
755,0.755000,6,knife_1,knife,-0.450000,0.035000,0.280000,0.707107,0.000000,0.707107,0.000000,0.000000,0.000000,0.000000,0.000000,0.000000,0.000000
755,0.755000,7,plate_2,plate,0.320000,0.040000,-0.280000,1.000000,0.000000,0.000000,-0.000000,0.000000,0.000000,0.000000,0.000000,0.000000,0.000000
755,0.755000,8,fork_2,fork,0.190000,0.035000,-0.280000,0.707107,0.000000,0.707107,0.000000,0.000000,0.000000,0.000000,0.000000,0.000000,0.000000
755,0.755000,9,knife_2,knife,0.450000,0.035000,-0.280000,0.707107,0.000000,0.707107,0.000000,0.000000,0.000000,0.000000,0.000000,0.000000,0.000000
755,0.755000,10,plate_3,plate,0.320000,0.040000,0.280000,1.000000,0.000000,0.000000,-0.000000,0.000000,0.000000,0.000000,0.000000,0.000000,0.000000
755,0.755000,11,fork_3,fork,0.450000,0.035000,0.280000,0.707107,0.000000,0.707107,0.000000,0.000000,0.000000,0.000000,0.000000,0.000000,0.000000
755,0.755000,12,knife_3,knife,0.190000,0.035000,0.280000,0.707107,0.000000,0.707107,0.000000,0.000000,0.000000,0.000000,0.000000,0.000000,0.000000
755,0.755000,13,candle_0,candle,-0.500000,0.075000,-0.450000,1.000000,0.000000,0.000000,-0.000000,0.000000,0.000000,0.000000,0.000000,0.000000,0.000000
755,0.755000,14,candle_1,candle,-0.500000,0.075000,0.450000,1.000000,0.000000,0.000000,-0.000000,0.000000,0.000000,0.000000,0.000000,0.000000,0.000000
755,0.755000,15,candle_2,candle,0.500000,0.075000,-0.450000,1.000000,0.000000,0.000000,-0.000000,0.000000,0.000000,0.000000,0.000000,0.000000,0.000000
755,0.755000,16,candle_3,candle,0.500000,0.075000,0.450000,1.000000,0.000000,0.000000,-0.000000,0.000000,0.000000,0.000000,0.000000,0.000000,0.000000
755,0.755000,17,pot,pot,0.000000,0.140461,0.000000,1.000000,0.000000,0.000000,-0.000000,0.000000,0.456572,0.000000,0.000000,0.000000,0.000000
760,0.760000,1,plate_0,plate,-0.320000,0.040000,-0.280000,1.000000,0.000000,0.000000,-0.000000,0.000000,0.000000,0.000000,0.000000,0.000000,0.000000
760,0.760000,2,fork_0,fork,-0.450000,0.035000,-0.280000,0.707107,0.000000,0.707107,0.000000,0.000000,0.000000,0.000000,0.000000,0.000000,0.000000
760,0.760000,3,knife_0,knife,-0.190000,0.035000,-0.280000,0.707107,0.000000,0.707107,0.000000,0.000000,0.000000,0.000000,0.000000,0.000000,0.000000
760,0.760000,4,plate_1,plate,-0.320000,0.040000,0.280000,1.000000,0.000000,0.000000,-0.000000,0.000000,0.000000,0.000000,0.000000,0.000000,0.000000
760,0.760000,5,fork_1,fork,-0.190000,0.035000,0.280000,0.707107,0.000000,0.707107,0.000000,0.000000,0.000000,0.000000,0.000000,0.000000,0.000000
760,0.760000,6,knife_1,knife,-0.450000,0.035000,0.280000,0.707107,0.000000,0.707107,0.000000,0.000000,0.000000,0.000000,0.000000,0.000000,0.000000
760,0.760000,7,plate_2,plate,0.320000,0.040000,-0.280000,1.000000,0.000000,0.000000,-0.000000,0.000000,0.000000,0.000000,0.000000,0.000000,0.000000
760,0.760000,8,fork_2,fork,0.190000,0.035000,-0.280000,0.707107,0.000000,0.707107,0.000000,0.000000,0.000000,0.000000,0.000000,0.000000,0.000000
760,0.760000,9,knife_2,knife,0.450000,0.035000,-0.280000,0.707107,0.000000,0.707107,0.000000,0.000000,0.000000,0.000000,0.000000,0.000000,0.000000
760,0.760000,10,plate_3,plate,0.320000,0.040000,0.280000,1.000000,0.000000,0.000000,-0.000000,0.000000,0.000000,0.000000,0.000000,0.000000,0.000000
760,0.760000,11,fork_3,fork,0.450000,0.035000,0.280000,0.707107,0.000000,0.707107,0.000000,0.000000,0.000000,0.000000,0.000000,0.000000,0.000000
760,0.760000,12,knife_3,knife,0.190000,0.035000,0.280000,0.707107,0.000000,0.707107,0.000000,0.000000,0.000000,0.000000,0.000000,0.000000,0.000000
760,0.760000,13,candle_0,candle,-0.500000,0.075000,-0.450000,1.000000,0.000000,0.000000,-0.000000,0.000000,0.000000,0.000000,0.000000,0.000000,0.000000
760,0.760000,14,candle_1,candle,-0.500000,0.075000,0.450000,1.000000,0.000000,0.000000,-0.000000,0.000000,0.000000,0.000000,0.000000,0.000000,0.000000
760,0.760000,15,candle_2,candle,0.500000,0.075000,-0.450000,1.000000,0.000000,0.000000,-0.000000,0.000000,0.000000,0.000000,0.000000,0.000000,0.000000
760,0.760000,16,candle_3,candle,0.500000,0.075000,0.450000,1.000000,0.000000,0.000000,-0.000000,0.000000,0.000000,0.000000,0.000000,0.000000,0.000000
760,0.760000,17,pot,pot,0.000000,0.142615,0.000000,1.000000,0.000000,0.000000,-0.000000,0.000000,0.407696,0.000000,0.000000,0.000000,0.000000
765,0.765000,1,plate_0,plate,-0.320000,0.040000,-0.280000,1.000000,0.000000,0.000000,-0.000000,0.000000,0.000000,0.000000,0.000000,0.000000,0.000000
765,0.765000,2,fork_0,fork,-0.450000,0.035000,-0.280000,0.707107,0.000000,0.707107,0.000000,0.000000,0.000000,0.000000,0.000000,0.000000,0.000000
765,0.765000,3,knife_0,knife,-0.190000,0.035000,-0.280000,0.707107,0.000000,0.707107,0.000000,0.000000,0.000000,0.000000,0.000000,0.000000,0.000000
765,0.765000,4,plate_1,plate,-0.320000,0.040000,0.280000,1.000000,0.000000,0.000000,-0.000000,0.000000,0.000000,0.000000,0.000000,0.000000,0.000000
765,0.765000,5,fork_1,fork,-0.190000,0.035000,0.280000,0.707107,0.000000,0.707107,0.000000,0.000000,0.000000,0.000000,0.000000,0.000000,0.000000
765,0.765000,6,knife_1,knife,-0.450000,0.035000,0.280000,0.707107,0.000000,0.707107,0.000000,0.000000,0.000000,0.000000,0.000000,0.000000,0.000000
765,0.765000,7,plate_2,plate,0.320000,0.040000,-0.280000,1.000000,0.000000,0.000000,-0.000000,0.000000,0.000000,0.000000,0.000000,0.000000,0.000000
765,0.765000,8,fork_2,fork,0.190000,0.035000,-0.280000,0.707107,0.000000,0.707107,0.000000,0.000000,0.000000,0.000000,0.000000,0.000000,0.000000
765,0.765000,9,knife_2,knife,0.450000,0.035000,-0.280000,0.707107,0.000000,0.707107,0.000000,0.000000,0.000000,0.000000,0.000000,0.000000,0.000000
765,0.765000,10,plate_3,plate,0.320000,0.040000,0.280000,1.000000,0.000000,0.000000,-0.000000,0.000000,0.000000,0.000000,0.000000,0.000000,0.000000
765,0.765000,11,fork_3,fork,0.450000,0.035000,0.280000,0.707107,0.000000,0.707107,0.000000,0.000000,0.000000,0.000000,0.000000,0.000000,0.000000
765,0.765000,12,knife_3,knife,0.190000,0.035000,0.280000,0.707107,0.000000,0.707107,0.000000,0.000000,0.000000,0.000000,0.000000,0.000000,0.000000
765,0.765000,13,candle_0,candle,-0.500000,0.075000,-0.450000,1.000000,0.000000,0.000000,-0.000000,0.000000,0.000000,0.000000,0.000000,0.000000,0.000000
765,0.765000,14,candle_1,candle,-0.500000,0.075000,0.450000,1.000000,0.000000,0.000000,-0.000000,0.000000,0.000000,0.000000,0.000000,0.000000,0.000000
765,0.765000,15,candle_2,candle,0.500000,0.075000,-0.450000,1.000000,0.000000,0.000000,-0.000000,0.000000,0.000000,0.000000,0.000000,0.000000,0.000000
765,0.765000,16,candle_3,candle,0.500000,0.075000,0.450000,1.000000,0.000000,0.000000,-0.000000,0.000000,0.000000,0.000000,0.000000,0.000000,0.000000
765,0.765000,17,pot,pot,0.000000,0.144526,0.000000,1.000000,0.000000,0.000000,-0.000000,0.000000,0.358820,0.000000,0.000000,0.000000,0.000000
770,0.770000,1,plate_0,plate,-0.320000,0.040000,-0.280000,1.000000,0.000000,0.000000,-0.000000,0.000000,0.000000,0.000000,0.000000,0.000000,0.000000
770,0.770000,2,fork_0,fork,-0.450000,0.035000,-0.280000,0.707107,0.000000,0.707107,0.000000,0.000000,0.000000,0.000000,0.000000,0.000000,0.000000
770,0.770000,3,knife_0,knife,-0.190000,0.035000,-0.280000,0.707107,0.000000,0.707107,0.000000,0.000000,0.000000,0.000000,0.000000,0.000000,0.000000
770,0.770000,4,plate_1,plate,-0.320000,0.040000,0.280000,1.000000,0.000000,0.000000,-0.000000,0.000000,0.000000,0.000000,0.000000,0.000000,0.000000
770,0.770000,5,fork_1,fork,-0.190000,0.035000,0.280000,0.707107,0.000000,0.707107,0.000000,0.000000,0.000000,0.000000,0.000000,0.000000,0.000000
770,0.770000,6,knife_1,knife,-0.450000,0.035000,0.280000,0.707107,0.000000,0.707107,0.000000,0.000000,0.000000,0.000000,0.000000,0.000000,0.000000
770,0.770000,7,plate_2,plate,0.320000,0.040000,-0.280000,1.000000,0.000000,0.000000,-0.000000,0.000000,0.000000,0.000000,0.000000,0.000000,0.000000
770,0.770000,8,fork_2,fork,0.190000,0.035000,-0.280000,0.707107,0.000000,0.707107,0.000000,0.000000,0.000000,0.000000,0.000000,0.000000,0.000000
770,0.770000,9,knife_2,knife,0.450000,0.035000,-0.280000,0.707107,0.000000,0.707107,0.000000,0.000000,0.000000,0.000000,0.000000,0.000000,0.000000
770,0.770000,10,plate_3,plate,0.320000,0.040000,0.280000,1.000000,0.000000,0.000000,-0.000000,0.000000,0.000000,0.000000,0.000000,0.000000,0.000000
770,0.770000,11,fork_3,fork,0.450000,0.035000,0.280000,0.707107,0.000000,0.707107,0.000000,0.000000,0.000000,0.000000,0.000000,0.000000,0.000000
770,0.770000,12,knife_3,knife,0.190000,0.035000,0.280000,0.707107,0.000000,0.707107,0.000000,0.000000,0.000000,0.000000,0.000000,0.000000,0.000000
770,0.770000,13,candle_0,candle,-0.500000,0.075000,-0.450000,1.000000,0.000000,0.000000,-0.000000,0.000000,0.000000,0.000000,0.000000,0.000000,0.000000
770,0.770000,14,candle_1,candle,-0.500000,0.075000,0.450000,1.000000,0.000000,0.000000,-0.000000,0.000000,0.000000,0.000000,0.000000,0.000000,0.000000
770,0.770000,15,candle_2,candle,0.500000,0.075000,-0.450000,1.000000,0.000000,0.000000,-0.000000,0.000000,0.000000,0.000000,0.000000,0.000000,0.000000
770,0.770000,16,candle_3,candle,0.500000,0.075000,0.450000,1.000000,0.000000,0.000000,-0.000000,0.000000,0.000000,0.000000,0.000000,0.000000,0.000000
770,0.770000,17,pot,pot,0.000000,0.146191,0.000000,1.000000,0.000000,0.000000,-0.000000,0.000000,0.309944,0.000000,0.000000,0.000000,0.000000
775,0.775000,1,plate_0,plate,-0.320000,0.040000,-0.280000,1.000000,0.000000,0.000000,-0.000000,0.000000,0.000000,0.000000,0.000000,0.000000,0.000000
775,0.775000,2,fork_0,fork,-0.450000,0.035000,-0.280000,0.707107,0.000000,0.707107,0.000000,0.000000,0.000000,0.000000,0.000000,0.000000,0.000000
775,0.775000,3,knife_0,knife,-0.190000,0.035000,-0.280000,0.707107,0.000000,0.707107,0.000000,0.000000,0.000000,0.000000,0.000000,0.000000,0.000000
775,0.775000,4,plate_1,plate,-0.320000,0.040000,0.280000,1.000000,0.000000,0.000000,-0.000000,0.000000,0.000000,0.000000,0.000000,0.000000,0.000000
775,0.775000,5,fork_1,fork,-0.190000,0.035000,0.280000,0.707107,0.000000,0.707107,0.000000,0.000000,0.000000,0.000000,0.000000,0.000000,0.000000
775,0.775000,6,knife_1,knife,-0.450000,0.035000,0.280000,0.707107,0.000000,0.707107,0.000000,0.000000,0.000000,0.000000,0.000000,0.000000,0.000000
775,0.775000,7,plate_2,plate,0.320000,0.040000,-0.280000,1.000000,0.000000,0.000000,-0.000000,0.000000,0.000000,0.000000,0.000000,0.000000,0.000000
775,0.775000,8,fork_2,fork,0.190000,0.035000,-0.280000,0.707107,0.000000,0.707107,0.000000,0.000000,0.000000,0.000000,0.000000,0.000000,0.000000
775,0.775000,9,knife_2,knife,0.450000,0.035000,-0.280000,0.707107,0.000000,0.707107,0.000000,0.000000,0.000000,0.000000,0.000000,0.000000,0.000000
775,0.775000,10,plate_3,plate,0.320000,0.040000,0.280000,1.000000,0.000000,0.000000,-0.000000,0.000000,0.000000,0.000000,0.000000,0.000000,0.000000
775,0.775000,11,fork_3,fork,0.450000,0.035000,0.280000,0.707107,0.000000,0.707107,0.000000,0.000000,0.000000,0.000000,0.000000,0.000000,0.000000
775,0.775000,12,knife_3,knife,0.190000,0.035000,0.280000,0.707107,0.000000,0.707107,0.000000,0.000000,0.000000,0.000000,0.000000,0.000000,0.000000
775,0.775000,13,candle_0,candle,-0.500000,0.075000,-0.450000,1.000000,0.000000,0.000000,-0.000000,0.000000,0.000000,0.000000,0.000000,0.000000,0.000000
775,0.775000,14,candle_1,candle,-0.500000,0.075000,0.450000,1.000000,0.000000,0.000000,-0.000000,0.000000,0.000000,0.000000,0.000000,0.000000,0.000000
775,0.775000,15,candle_2,candle,0.500000,0.075000,-0.450000,1.000000,0.000000,0.000000,-0.000000,0.000000,0.000000,0.000000,0.000000,0.000000,0.000000
775,0.775000,16,candle_3,candle,0.500000,0.075000,0.450000,1.000000,0.000000,0.000000,-0.000000,0.000000,0.000000,0.000000,0.000000,0.000000,0.000000
775,0.775000,17,pot,pot,0.000000,0.147613,0.000000,1.000000,0.000000,0.000000,-0.000000,0.000000,0.261068,0.000000,0.000000,0.000000,0.000000
780,0.780000,1,plate_0,plate,-0.320000,0.040000,-0.280000,1.000000,0.000000,0.000000,-0.000000,0.000000,0.000000,0.000000,0.000000,0.000000,0.000000
780,0.780000,2,fork_0,fork,-0.450000,0.035000,-0.280000,0.707107,0.000000,0.707107,0.000000,0.000000,0.000000,0.000000,0.000000,0.000000,0.000000
780,0.780000,3,knife_0,knife,-0.190000,0.035000,-0.280000,0.707107,0.000000,0.707107,0.000000,0.000000,0.000000,0.000000,0.000000,0.000000,0.000000
780,0.780000,4,plate_1,plate,-0.320000,0.040000,0.280000,1.000000,0.000000,0.000000,-0.000000,0.000000,0.000000,0.000000,0.000000,0.000000,0.000000
780,0.780000,5,fork_1,fork,-0.190000,0.035000,0.280000,0.707107,0.000000,0.707107,0.000000,0.000000,0.000000,0.000000,0.000000,0.000000,0.000000
780,0.780000,6,knife_1,knife,-0.450000,0.035000,0.280000,0.707107,0.000000,0.707107,0.000000,0.000000,0.000000,0.000000,0.000000,0.000000,0.000000
780,0.780000,7,plate_2,plate,0.320000,0.040000,-0.280000,1.000000,0.000000,0.000000,-0.000000,0.000000,0.000000,0.000000,0.000000,0.000000,0.000000
780,0.780000,8,fork_2,fork,0.190000,0.035000,-0.280000,0.707107,0.000000,0.707107,0.000000,0.000000,0.000000,0.000000,0.000000,0.000000,0.000000
780,0.780000,9,knife_2,knife,0.450000,0.035000,-0.280000,0.707107,0.000000,0.707107,0.000000,0.000000,0.000000,0.000000,0.000000,0.000000,0.000000
780,0.780000,10,plate_3,plate,0.320000,0.040000,0.280000,1.000000,0.000000,0.000000,-0.000000,0.000000,0.000000,0.000000,0.000000,0.000000,0.000000
780,0.780000,11,fork_3,fork,0.450000,0.035000,0.280000,0.707107,0.000000,0.707107,0.000000,0.000000,0.000000,0.000000,0.000000,0.000000,0.000000
780,0.780000,12,knife_3,knife,0.190000,0.035000,0.280000,0.707107,0.000000,0.707107,0.000000,0.000000,0.000000,0.000000,0.000000,0.000000,0.000000
780,0.780000,13,candle_0,candle,-0.500000,0.075000,-0.450000,1.000000,0.000000,0.000000,-0.000000,0.000000,0.000000,0.000000,0.000000,0.000000,0.000000
780,0.780000,14,candle_1,candle,-0.500000,0.075000,0.450000,1.000000,0.000000,0.000000,-0.000000,0.000000,0.000000,0.000000,0.000000,0.000000,0.000000
780,0.780000,15,candle_2,candle,0.500000,0.075000,-0.450000,1.000000,0.000000,0.000000,-0.000000,0.000000,0.000000,0.000000,0.000000,0.000000,0.000000
780,0.780000,16,candle_3,candle,0.500000,0.075000,0.450000,1.000000,0.000000,0.000000,-0.000000,0.000000,0.000000,0.000000,0.000000,0.000000,0.000000
780,0.780000,17,pot,pot,0.000000,0.148790,0.000000,1.000000,0.000000,0.000000,-0.000000,0.000000,0.212193,0.000000,0.000000,0.000000,0.000000
785,0.785000,1,plate_0,plate,-0.320000,0.040000,-0.280000,1.000000,0.000000,0.000000,-0.000000,0.000000,0.000000,0.000000,0.000000,0.000000,0.000000
785,0.785000,2,fork_0,fork,-0.450000,0.035000,-0.280000,0.707107,0.000000,0.707107,0.000000,0.000000,0.000000,0.000000,0.000000,0.000000,0.000000
785,0.785000,3,knife_0,knife,-0.190000,0.035000,-0.280000,0.707107,0.000000,0.707107,0.000000,0.000000,0.000000,0.000000,0.000000,0.000000,0.000000
785,0.785000,4,plate_1,plate,-0.320000,0.040000,0.280000,1.000000,0.000000,0.000000,-0.000000,0.000000,0.000000,0.000000,0.000000,0.000000,0.000000
785,0.785000,5,fork_1,fork,-0.190000,0.035000,0.280000,0.707107,0.000000,0.707107,0.000000,0.000000,0.000000,0.000000,0.000000,0.000000,0.000000
785,0.785000,6,knife_1,knife,-0.450000,0.035000,0.280000,0.707107,0.000000,0.707107,0.000000,0.000000,0.000000,0.000000,0.000000,0.000000,0.000000
785,0.785000,7,plate_2,plate,0.320000,0.040000,-0.280000,1.000000,0.000000,0.000000,-0.000000,0.000000,0.000000,0.000000,0.000000,0.000000,0.000000
785,0.785000,8,fork_2,fork,0.190000,0.035000,-0.280000,0.707107,0.000000,0.707107,0.000000,0.000000,0.000000,0.000000,0.000000,0.000000,0.000000
785,0.785000,9,knife_2,knife,0.450000,0.035000,-0.280000,0.707107,0.000000,0.707107,0.000000,0.000000,0.000000,0.000000,0.000000,0.000000,0.000000
785,0.785000,10,plate_3,plate,0.320000,0.040000,0.280000,1.000000,0.000000,0.000000,-0.000000,0.000000,0.000000,0.000000,0.000000,0.000000,0.000000
785,0.785000,11,fork_3,fork,0.450000,0.035000,0.280000,0.707107,0.000000,0.707107,0.000000,0.000000,0.000000,0.000000,0.000000,0.000000,0.000000
785,0.785000,12,knife_3,knife,0.190000,0.035000,0.280000,0.707107,0.000000,0.707107,0.000000,0.000000,0.000000,0.000000,0.000000,0.000000,0.000000
785,0.785000,13,candle_0,candle,-0.500000,0.075000,-0.450000,1.000000,0.000000,0.000000,-0.000000,0.000000,0.000000,0.000000,0.000000,0.000000,0.000000
785,0.785000,14,candle_1,candle,-0.500000,0.075000,0.450000,1.000000,0.000000,0.000000,-0.000000,0.000000,0.000000,0.000000,0.000000,0.000000,0.000000
785,0.785000,15,candle_2,candle,0.500000,0.075000,-0.450000,1.000000,0.000000,0.000000,-0.000000,0.000000,0.000000,0.000000,0.000000,0.000000,0.000000
785,0.785000,16,candle_3,candle,0.500000,0.075000,0.450000,1.000000,0.000000,0.000000,-0.000000,0.000000,0.000000,0.000000,0.000000,0.000000,0.000000
785,0.785000,17,pot,pot,0.000000,0.149723,0.000000,1.000000,0.000000,0.000000,-0.000000,0.000000,0.163317,0.000000,0.000000,0.000000,0.000000
790,0.790000,1,plate_0,plate,-0.320000,0.040000,-0.280000,1.000000,0.000000,0.000000,-0.000000,0.000000,0.000000,0.000000,0.000000,0.000000,0.000000
790,0.790000,2,fork_0,fork,-0.450000,0.035000,-0.280000,0.707107,0.000000,0.707107,0.000000,0.000000,0.000000,0.000000,0.000000,0.000000,0.000000
790,0.790000,3,knife_0,knife,-0.190000,0.035000,-0.280000,0.707107,0.000000,0.707107,0.000000,0.000000,0.000000,0.000000,0.000000,0.000000,0.000000
790,0.790000,4,plate_1,plate,-0.320000,0.040000,0.280000,1.000000,0.000000,0.000000,-0.000000,0.000000,0.000000,0.000000,0.000000,0.000000,0.000000
790,0.790000,5,fork_1,fork,-0.190000,0.035000,0.280000,0.707107,0.000000,0.707107,0.000000,0.000000,0.000000,0.000000,0.000000,0.000000,0.000000
790,0.790000,6,knife_1,knife,-0.450000,0.035000,0.280000,0.707107,0.000000,0.707107,0.000000,0.000000,0.000000,0.000000,0.000000,0.000000,0.000000
790,0.790000,7,plate_2,plate,0.320000,0.040000,-0.280000,1.000000,0.000000,0.000000,-0.000000,0.000000,0.000000,0.000000,0.000000,0.000000,0.000000
790,0.790000,8,fork_2,fork,0.190000,0.035000,-0.280000,0.707107,0.000000,0.707107,0.000000,0.000000,0.000000,0.000000,0.000000,0.000000,0.000000
790,0.790000,9,knife_2,knife,0.450000,0.035000,-0.280000,0.707107,0.000000,0.707107,0.000000,0.000000,0.000000,0.000000,0.000000,0.000000,0.000000
790,0.790000,10,plate_3,plate,0.320000,0.040000,0.280000,1.000000,0.000000,0.000000,-0.000000,0.000000,0.000000,0.000000,0.000000,0.000000,0.000000
790,0.790000,11,fork_3,fork,0.450000,0.035000,0.280000,0.707107,0.000000,0.707107,0.000000,0.000000,0.000000,0.000000,0.000000,0.000000,0.000000
790,0.790000,12,knife_3,knife,0.190000,0.035000,0.280000,0.707107,0.000000,0.707107,0.000000,0.000000,0.000000,0.000000,0.000000,0.000000,0.000000
790,0.790000,13,candle_0,candle,-0.500000,0.075000,-0.450000,1.000000,0.000000,0.000000,-0.000000,0.000000,0.000000,0.000000,0.000000,0.000000,0.000000
790,0.790000,14,candle_1,candle,-0.500000,0.075000,0.450000,1.000000,0.000000,0.000000,-0.000000,0.000000,0.000000,0.000000,0.000000,0.000000,0.000000
790,0.790000,15,candle_2,candle,0.500000,0.075000,-0.450000,1.000000,0.000000,0.000000,-0.000000,0.000000,0.000000,0.000000,0.000000,0.000000,0.000000
790,0.790000,16,candle_3,candle,0.500000,0.075000,0.450000,1.000000,0.000000,0.000000,-0.000000,0.000000,0.000000,0.000000,0.000000,0.000000,0.000000
790,0.790000,17,pot,pot,0.000000,0.150411,0.000000,1.000000,0.000000,0.000000,-0.000000,0.000000,0.114441,0.000000,0.000000,0.000000,0.000000
795,0.795000,1,plate_0,plate,-0.320000,0.040000,-0.280000,1.000000,0.000000,0.000000,-0.000000,0.000000,0.000000,0.000000,0.000000,0.000000,0.000000
795,0.795000,2,fork_0,fork,-0.450000,0.035000,-0.280000,0.707107,0.000000,0.707107,0.000000,0.000000,0.000000,0.000000,0.000000,0.000000,0.000000
795,0.795000,3,knife_0,knife,-0.190000,0.035000,-0.280000,0.707107,0.000000,0.707107,0.000000,0.000000,0.000000,0.000000,0.000000,0.000000,0.000000
795,0.795000,4,plate_1,plate,-0.320000,0.040000,0.280000,1.000000,0.000000,0.000000,-0.000000,0.000000,0.000000,0.000000,0.000000,0.000000,0.000000
795,0.795000,5,fork_1,fork,-0.190000,0.035000,0.280000,0.707107,0.000000,0.707107,0.000000,0.000000,0.000000,0.000000,0.000000,0.000000,0.000000
795,0.795000,6,knife_1,knife,-0.450000,0.035000,0.280000,0.707107,0.000000,0.707107,0.000000,0.000000,0.000000,0.000000,0.000000,0.000000,0.000000
795,0.795000,7,plate_2,plate,0.320000,0.040000,-0.280000,1.000000,0.000000,0.000000,-0.000000,0.000000,0.000000,0.000000,0.000000,0.000000,0.000000
795,0.795000,8,fork_2,fork,0.190000,0.035000,-0.280000,0.707107,0.000000,0.707107,0.000000,0.000000,0.000000,0.000000,0.000000,0.000000,0.000000
795,0.795000,9,knife_2,knife,0.450000,0.035000,-0.280000,0.707107,0.000000,0.707107,0.000000,0.000000,0.000000,0.000000,0.000000,0.000000,0.000000
795,0.795000,10,plate_3,plate,0.320000,0.040000,0.280000,1.000000,0.000000,0.000000,-0.000000,0.000000,0.000000,0.000000,0.000000,0.000000,0.000000
795,0.795000,11,fork_3,fork,0.450000,0.035000,0.280000,0.707107,0.000000,0.707107,0.000000,0.000000,0.000000,0.000000,0.000000,0.000000,0.000000
795,0.795000,12,knife_3,knife,0.190000,0.035000,0.280000,0.707107,0.000000,0.707107,0.000000,0.000000,0.000000,0.000000,0.000000,0.000000,0.000000
795,0.795000,13,candle_0,candle,-0.500000,0.075000,-0.450000,1.000000,0.000000,0.000000,-0.000000,0.000000,0.000000,0.000000,0.000000,0.000000,0.000000
795,0.795000,14,candle_1,candle,-0.500000,0.075000,0.450000,1.000000,0.000000,0.000000,-0.000000,0.000000,0.000000,0.000000,0.000000,0.000000,0.000000
795,0.795000,15,candle_2,candle,0.500000,0.075000,-0.450000,1.000000,0.000000,0.000000,-0.000000,0.000000,0.000000,0.000000,0.000000,0.000000,0.000000
795,0.795000,16,candle_3,candle,0.500000,0.075000,0.450000,1.000000,0.000000,0.000000,-0.000000,0.000000,0.000000,0.000000,0.000000,0.000000,0.000000
795,0.795000,17,pot,pot,0.000000,0.150855,0.000000,1.000000,0.000000,0.000000,-0.000000,0.000000,0.065565,0.000000,0.000000,0.000000,0.000000
800,0.800000,1,plate_0,plate,-0.320000,0.040000,-0.280000,1.000000,0.000000,0.000000,-0.000000,0.000000,0.000000,0.000000,0.000000,0.000000,0.000000
800,0.800000,2,fork_0,fork,-0.450000,0.035000,-0.280000,0.707107,0.000000,0.707107,0.000000,0.000000,0.000000,0.000000,0.000000,0.000000,0.000000
800,0.800000,3,knife_0,knife,-0.190000,0.035000,-0.280000,0.707107,0.000000,0.707107,0.000000,0.000000,0.000000,0.000000,0.000000,0.000000,0.000000
800,0.800000,4,plate_1,plate,-0.320000,0.040000,0.280000,1.000000,0.000000,0.000000,-0.000000,0.000000,0.000000,0.000000,0.000000,0.000000,0.000000
800,0.800000,5,fork_1,fork,-0.190000,0.035000,0.280000,0.707107,0.000000,0.707107,0.000000,0.000000,0.000000,0.000000,0.000000,0.000000,0.000000
800,0.800000,6,knife_1,knife,-0.450000,0.035000,0.280000,0.707107,0.000000,0.707107,0.000000,0.000000,0.000000,0.000000,0.000000,0.000000,0.000000
800,0.800000,7,plate_2,plate,0.320000,0.040000,-0.280000,1.000000,0.000000,0.000000,-0.000000,0.000000,0.000000,0.000000,0.000000,0.000000,0.000000
800,0.800000,8,fork_2,fork,0.190000,0.035000,-0.280000,0.707107,0.000000,0.707107,0.000000,0.000000,0.000000,0.000000,0.000000,0.000000,0.000000
800,0.800000,9,knife_2,knife,0.450000,0.035000,-0.280000,0.707107,0.000000,0.707107,0.000000,0.000000,0.000000,0.000000,0.000000,0.000000,0.000000
800,0.800000,10,plate_3,plate,0.320000,0.040000,0.280000,1.000000,0.000000,0.000000,-0.000000,0.000000,0.000000,0.000000,0.000000,0.000000,0.000000
800,0.800000,11,fork_3,fork,0.450000,0.035000,0.280000,0.707107,0.000000,0.707107,0.000000,0.000000,0.000000,0.000000,0.000000,0.000000,0.000000
800,0.800000,12,knife_3,knife,0.190000,0.035000,0.280000,0.707107,0.000000,0.707107,0.000000,0.000000,0.000000,0.000000,0.000000,0.000000,0.000000
800,0.800000,13,candle_0,candle,-0.500000,0.075000,-0.450000,1.000000,0.000000,0.000000,-0.000000,0.000000,0.000000,0.000000,0.000000,0.000000,0.000000
800,0.800000,14,candle_1,candle,-0.500000,0.075000,0.450000,1.000000,0.000000,0.000000,-0.000000,0.000000,0.000000,0.000000,0.000000,0.000000,0.000000
800,0.800000,15,candle_2,candle,0.500000,0.075000,-0.450000,1.000000,0.000000,0.000000,-0.000000,0.000000,0.000000,0.000000,0.000000,0.000000,0.000000
800,0.800000,16,candle_3,candle,0.500000,0.075000,0.450000,1.000000,0.000000,0.000000,-0.000000,0.000000,0.000000,0.000000,0.000000,0.000000,0.000000
800,0.800000,17,pot,pot,0.000000,0.151054,0.000000,1.000000,0.000000,0.000000,-0.000000,0.000000,0.016689,0.000000,0.000000,0.000000,0.000000
805,0.805000,1,plate_0,plate,-0.320000,0.040000,-0.280000,1.000000,0.000000,0.000000,-0.000000,0.000000,0.000000,0.000000,0.000000,0.000000,0.000000
805,0.805000,2,fork_0,fork,-0.450000,0.035000,-0.280000,0.707107,0.000000,0.707107,0.000000,0.000000,0.000000,0.000000,0.000000,0.000000,0.000000
805,0.805000,3,knife_0,knife,-0.190000,0.035000,-0.280000,0.707107,0.000000,0.707107,0.000000,0.000000,0.000000,0.000000,0.000000,0.000000,0.000000
805,0.805000,4,plate_1,plate,-0.320000,0.040000,0.280000,1.000000,0.000000,0.000000,-0.000000,0.000000,0.000000,0.000000,0.000000,0.000000,0.000000
805,0.805000,5,fork_1,fork,-0.190000,0.035000,0.280000,0.707107,0.000000,0.707107,0.000000,0.000000,0.000000,0.000000,0.000000,0.000000,0.000000
805,0.805000,6,knife_1,knife,-0.450000,0.035000,0.280000,0.707107,0.000000,0.707107,0.000000,0.000000,0.000000,0.000000,0.000000,0.000000,0.000000
805,0.805000,7,plate_2,plate,0.320000,0.040000,-0.280000,1.000000,0.000000,0.000000,-0.000000,0.000000,0.000000,0.000000,0.000000,0.000000,0.000000
805,0.805000,8,fork_2,fork,0.190000,0.035000,-0.280000,0.707107,0.000000,0.707107,0.000000,0.000000,0.000000,0.000000,0.000000,0.000000,0.000000
805,0.805000,9,knife_2,knife,0.450000,0.035000,-0.280000,0.707107,0.000000,0.707107,0.000000,0.000000,0.000000,0.000000,0.000000,0.000000,0.000000
805,0.805000,10,plate_3,plate,0.320000,0.040000,0.280000,1.000000,0.000000,0.000000,-0.000000,0.000000,0.000000,0.000000,0.000000,0.000000,0.000000
805,0.805000,11,fork_3,fork,0.450000,0.035000,0.280000,0.707107,0.000000,0.707107,0.000000,0.000000,0.000000,0.000000,0.000000,0.000000,0.000000
805,0.805000,12,knife_3,knife,0.190000,0.035000,0.280000,0.707107,0.000000,0.707107,0.000000,0.000000,0.000000,0.000000,0.000000,0.000000,0.000000
805,0.805000,13,candle_0,candle,-0.500000,0.075000,-0.450000,1.000000,0.000000,0.000000,-0.000000,0.000000,0.000000,0.000000,0.000000,0.000000,0.000000
805,0.805000,14,candle_1,candle,-0.500000,0.075000,0.450000,1.000000,0.000000,0.000000,-0.000000,0.000000,0.000000,0.000000,0.000000,0.000000,0.000000
805,0.805000,15,candle_2,candle,0.500000,0.075000,-0.450000,1.000000,0.000000,0.000000,-0.000000,0.000000,0.000000,0.000000,0.000000,0.000000,0.000000
805,0.805000,16,candle_3,candle,0.500000,0.075000,0.450000,1.000000,0.000000,0.000000,-0.000000,0.000000,0.000000,0.000000,0.000000,0.000000,0.000000
805,0.805000,17,pot,pot,0.000000,0.151009,0.000000,1.000000,0.000000,0.000000,-0.000000,0.000000,-0.032187,0.000000,0.000000,0.000000,0.000000
810,0.810000,1,plate_0,plate,-0.320000,0.040000,-0.280000,1.000000,0.000000,0.000000,-0.000000,0.000000,0.000000,0.000000,0.000000,0.000000,0.000000
810,0.810000,2,fork_0,fork,-0.450000,0.035000,-0.280000,0.707107,0.000000,0.707107,0.000000,0.000000,0.000000,0.000000,0.000000,0.000000,0.000000
810,0.810000,3,knife_0,knife,-0.190000,0.035000,-0.280000,0.707107,0.000000,0.707107,0.000000,0.000000,0.000000,0.000000,0.000000,0.000000,0.000000
810,0.810000,4,plate_1,plate,-0.320000,0.040000,0.280000,1.000000,0.000000,0.000000,-0.000000,0.000000,0.000000,0.000000,0.000000,0.000000,0.000000
810,0.810000,5,fork_1,fork,-0.190000,0.035000,0.280000,0.707107,0.000000,0.707107,0.000000,0.000000,0.000000,0.000000,0.000000,0.000000,0.000000
810,0.810000,6,knife_1,knife,-0.450000,0.035000,0.280000,0.707107,0.000000,0.707107,0.000000,0.000000,0.000000,0.000000,0.000000,0.000000,0.000000
810,0.810000,7,plate_2,plate,0.320000,0.040000,-0.280000,1.000000,0.000000,0.000000,-0.000000,0.000000,0.000000,0.000000,0.000000,0.000000,0.000000
810,0.810000,8,fork_2,fork,0.190000,0.035000,-0.280000,0.707107,0.000000,0.707107,0.000000,0.000000,0.000000,0.000000,0.000000,0.000000,0.000000
810,0.810000,9,knife_2,knife,0.450000,0.035000,-0.280000,0.707107,0.000000,0.707107,0.000000,0.000000,0.000000,0.000000,0.000000,0.000000,0.000000
810,0.810000,10,plate_3,plate,0.320000,0.040000,0.280000,1.000000,0.000000,0.000000,-0.000000,0.000000,0.000000,0.000000,0.000000,0.000000,0.000000
810,0.810000,11,fork_3,fork,0.450000,0.035000,0.280000,0.707107,0.000000,0.707107,0.000000,0.000000,0.000000,0.000000,0.000000,0.000000,0.000000
810,0.810000,12,knife_3,knife,0.190000,0.035000,0.280000,0.707107,0.000000,0.707107,0.000000,0.000000,0.000000,0.000000,0.000000,0.000000,0.000000
810,0.810000,13,candle_0,candle,-0.500000,0.075000,-0.450000,1.000000,0.000000,0.000000,-0.000000,0.000000,0.000000,0.000000,0.000000,0.000000,0.000000
810,0.810000,14,candle_1,candle,-0.500000,0.075000,0.450000,1.000000,0.000000,0.000000,-0.000000,0.000000,0.000000,0.000000,0.000000,0.000000,0.000000
810,0.810000,15,candle_2,candle,0.500000,0.075000,-0.450000,1.000000,0.000000,0.000000,-0.000000,0.000000,0.000000,0.000000,0.000000,0.000000,0.000000
810,0.810000,16,candle_3,candle,0.500000,0.075000,0.450000,1.000000,0.000000,0.000000,-0.000000,0.000000,0.000000,0.000000,0.000000,0.000000,0.000000
810,0.810000,17,pot,pot,0.000000,0.150720,0.000000,1.000000,0.000000,0.000000,-0.000000,0.000000,-0.081062,0.000000,0.000000,0.000000,0.000000
815,0.815000,1,plate_0,plate,-0.320000,0.040000,-0.280000,1.000000,0.000000,0.000000,-0.000000,0.000000,0.000000,0.000000,0.000000,0.000000,0.000000
815,0.815000,2,fork_0,fork,-0.450000,0.035000,-0.280000,0.707107,0.000000,0.707107,0.000000,0.000000,0.000000,0.000000,0.000000,0.000000,0.000000
815,0.815000,3,knife_0,knife,-0.190000,0.035000,-0.280000,0.707107,0.000000,0.707107,0.000000,0.000000,0.000000,0.000000,0.000000,0.000000,0.000000
815,0.815000,4,plate_1,plate,-0.320000,0.040000,0.280000,1.000000,0.000000,0.000000,-0.000000,0.000000,0.000000,0.000000,0.000000,0.000000,0.000000
815,0.815000,5,fork_1,fork,-0.190000,0.035000,0.280000,0.707107,0.000000,0.707107,0.000000,0.000000,0.000000,0.000000,0.000000,0.000000,0.000000
815,0.815000,6,knife_1,knife,-0.450000,0.035000,0.280000,0.707107,0.000000,0.707107,0.000000,0.000000,0.000000,0.000000,0.000000,0.000000,0.000000
815,0.815000,7,plate_2,plate,0.320000,0.040000,-0.280000,1.000000,0.000000,0.000000,-0.000000,0.000000,0.000000,0.000000,0.000000,0.000000,0.000000
815,0.815000,8,fork_2,fork,0.190000,0.035000,-0.280000,0.707107,0.000000,0.707107,0.000000,0.000000,0.000000,0.000000,0.000000,0.000000,0.000000
815,0.815000,9,knife_2,knife,0.450000,0.035000,-0.280000,0.707107,0.000000,0.707107,0.000000,0.000000,0.000000,0.000000,0.000000,0.000000,0.000000
815,0.815000,10,plate_3,plate,0.320000,0.040000,0.280000,1.000000,0.000000,0.000000,-0.000000,0.000000,0.000000,0.000000,0.000000,0.000000,0.000000
815,0.815000,11,fork_3,fork,0.450000,0.035000,0.280000,0.707107,0.000000,0.707107,0.000000,0.000000,0.000000,0.000000,0.000000,0.000000,0.000000
815,0.815000,12,knife_3,knife,0.190000,0.035000,0.280000,0.707107,0.000000,0.707107,0.000000,0.000000,0.000000,0.000000,0.000000,0.000000,0.000000
815,0.815000,13,candle_0,candle,-0.500000,0.075000,-0.450000,1.000000,0.000000,0.000000,-0.000000,0.000000,0.000000,0.000000,0.000000,0.000000,0.000000
815,0.815000,14,candle_1,candle,-0.500000,0.075000,0.450000,1.000000,0.000000,0.000000,-0.000000,0.000000,0.000000,0.000000,0.000000,0.000000,0.000000
815,0.815000,15,candle_2,candle,0.500000,0.075000,-0.450000,1.000000,0.000000,0.000000,-0.000000,0.000000,0.000000,0.000000,0.000000,0.000000,0.000000
815,0.815000,16,candle_3,candle,0.500000,0.075000,0.450000,1.000000,0.000000,0.000000,-0.000000,0.000000,0.000000,0.000000,0.000000,0.000000,0.000000
815,0.815000,17,pot,pot,0.000000,0.150187,0.000000,1.000000,0.000000,0.000000,-0.000000,0.000000,-0.129938,0.000000,0.000000,0.000000,0.000000
820,0.820000,1,plate_0,plate,-0.320000,0.040000,-0.280000,1.000000,0.000000,0.000000,-0.000000,0.000000,0.000000,0.000000,0.000000,0.000000,0.000000
820,0.820000,2,fork_0,fork,-0.450000,0.035000,-0.280000,0.707107,0.000000,0.707107,0.000000,0.000000,0.000000,0.000000,0.000000,0.000000,0.000000
820,0.820000,3,knife_0,knife,-0.190000,0.035000,-0.280000,0.707107,0.000000,0.707107,0.000000,0.000000,0.000000,0.000000,0.000000,0.000000,0.000000
820,0.820000,4,plate_1,plate,-0.320000,0.040000,0.280000,1.000000,0.000000,0.000000,-0.000000,0.000000,0.000000,0.000000,0.000000,0.000000,0.000000
820,0.820000,5,fork_1,fork,-0.190000,0.035000,0.280000,0.707107,0.000000,0.707107,0.000000,0.000000,0.000000,0.000000,0.000000,0.000000,0.000000
820,0.820000,6,knife_1,knife,-0.450000,0.035000,0.280000,0.707107,0.000000,0.707107,0.000000,0.000000,0.000000,0.000000,0.000000,0.000000,0.000000
820,0.820000,7,plate_2,plate,0.320000,0.040000,-0.280000,1.000000,0.000000,0.000000,-0.000000,0.000000,0.000000,0.000000,0.000000,0.000000,0.000000
820,0.820000,8,fork_2,fork,0.190000,0.035000,-0.280000,0.707107,0.000000,0.707107,0.000000,0.000000,0.000000,0.000000,0.000000,0.000000,0.000000
820,0.820000,9,knife_2,knife,0.450000,0.035000,-0.280000,0.707107,0.000000,0.707107,0.000000,0.000000,0.000000,0.000000,0.000000,0.000000,0.000000
820,0.820000,10,plate_3,plate,0.320000,0.040000,0.280000,1.000000,0.000000,0.000000,-0.000000,0.000000,0.000000,0.000000,0.000000,0.000000,0.000000
820,0.820000,11,fork_3,fork,0.450000,0.035000,0.280000,0.707107,0.000000,0.707107,0.000000,0.000000,0.000000,0.000000,0.000000,0.000000,0.000000
820,0.820000,12,knife_3,knife,0.190000,0.035000,0.280000,0.707107,0.000000,0.707107,0.000000,0.000000,0.000000,0.000000,0.000000,0.000000,0.000000
820,0.820000,13,candle_0,candle,-0.500000,0.075000,-0.450000,1.000000,0.000000,0.000000,-0.000000,0.000000,0.000000,0.000000,0.000000,0.000000,0.000000
820,0.820000,14,candle_1,candle,-0.500000,0.075000,0.450000,1.000000,0.000000,0.000000,-0.000000,0.000000,0.000000,0.000000,0.000000,0.000000,0.000000
820,0.820000,15,candle_2,candle,0.500000,0.075000,-0.450000,1.000000,0.000000,0.000000,-0.000000,0.000000,0.000000,0.000000,0.000000,0.000000,0.000000
820,0.820000,16,candle_3,candle,0.500000,0.075000,0.450000,1.000000,0.000000,0.000000,-0.000000,0.000000,0.000000,0.000000,0.000000,0.000000,0.000000
820,0.820000,17,pot,pot,0.000000,0.149409,0.000000,1.000000,0.000000,0.000000,-0.000000,0.000000,-0.178814,0.000000,0.000000,0.000000,0.000000
825,0.825000,1,plate_0,plate,-0.320000,0.040000,-0.280000,1.000000,0.000000,0.000000,-0.000000,0.000000,0.000000,0.000000,0.000000,0.000000,0.000000
825,0.825000,2,fork_0,fork,-0.450000,0.035000,-0.280000,0.707107,0.000000,0.707107,0.000000,0.000000,0.000000,0.000000,0.000000,0.000000,0.000000
825,0.825000,3,knife_0,knife,-0.190000,0.035000,-0.280000,0.707107,0.000000,0.707107,0.000000,0.000000,0.000000,0.000000,0.000000,0.000000,0.000000
825,0.825000,4,plate_1,plate,-0.320000,0.040000,0.280000,1.000000,0.000000,0.000000,-0.000000,0.000000,0.000000,0.000000,0.000000,0.000000,0.000000
825,0.825000,5,fork_1,fork,-0.190000,0.035000,0.280000,0.707107,0.000000,0.707107,0.000000,0.000000,0.000000,0.000000,0.000000,0.000000,0.000000
825,0.825000,6,knife_1,knife,-0.450000,0.035000,0.280000,0.707107,0.000000,0.707107,0.000000,0.000000,0.000000,0.000000,0.000000,0.000000,0.000000
825,0.825000,7,plate_2,plate,0.320000,0.040000,-0.280000,1.000000,0.000000,0.000000,-0.000000,0.000000,0.000000,0.000000,0.000000,0.000000,0.000000
825,0.825000,8,fork_2,fork,0.190000,0.035000,-0.280000,0.707107,0.000000,0.707107,0.000000,0.000000,0.000000,0.000000,0.000000,0.000000,0.000000
825,0.825000,9,knife_2,knife,0.450000,0.035000,-0.280000,0.707107,0.000000,0.707107,0.000000,0.000000,0.000000,0.000000,0.000000,0.000000,0.000000
825,0.825000,10,plate_3,plate,0.320000,0.040000,0.280000,1.000000,0.000000,0.000000,-0.000000,0.000000,0.000000,0.000000,0.000000,0.000000,0.000000
825,0.825000,11,fork_3,fork,0.450000,0.035000,0.280000,0.707107,0.000000,0.707107,0.000000,0.000000,0.000000,0.000000,0.000000,0.000000,0.000000
825,0.825000,12,knife_3,knife,0.190000,0.035000,0.280000,0.707107,0.000000,0.707107,0.000000,0.000000,0.000000,0.000000,0.000000,0.000000,0.000000
825,0.825000,13,candle_0,candle,-0.500000,0.075000,-0.450000,1.000000,0.000000,0.000000,-0.000000,0.000000,0.000000,0.000000,0.000000,0.000000,0.000000
825,0.825000,14,candle_1,candle,-0.500000,0.075000,0.450000,1.000000,0.000000,0.000000,-0.000000,0.000000,0.000000,0.000000,0.000000,0.000000,0.000000
825,0.825000,15,candle_2,candle,0.500000,0.075000,-0.450000,1.000000,0.000000,0.000000,-0.000000,0.000000,0.000000,0.000000,0.000000,0.000000,0.000000
825,0.825000,16,candle_3,candle,0.500000,0.075000,0.450000,1.000000,0.000000,0.000000,-0.000000,0.000000,0.000000,0.000000,0.000000,0.000000,0.000000
825,0.825000,17,pot,pot,0.000000,0.148386,0.000000,1.000000,0.000000,0.000000,-0.000000,0.000000,-0.227690,0.000000,0.000000,0.000000,0.000000
830,0.830000,1,plate_0,plate,-0.320000,0.040000,-0.280000,1.000000,0.000000,0.000000,-0.000000,0.000000,0.000000,0.000000,0.000000,0.000000,0.000000
830,0.830000,2,fork_0,fork,-0.450000,0.035000,-0.280000,0.707107,0.000000,0.707107,0.000000,0.000000,0.000000,0.000000,0.000000,0.000000,0.000000
830,0.830000,3,knife_0,knife,-0.190000,0.035000,-0.280000,0.707107,0.000000,0.707107,0.000000,0.000000,0.000000,0.000000,0.000000,0.000000,0.000000
830,0.830000,4,plate_1,plate,-0.320000,0.040000,0.280000,1.000000,0.000000,0.000000,-0.000000,0.000000,0.000000,0.000000,0.000000,0.000000,0.000000
830,0.830000,5,fork_1,fork,-0.190000,0.035000,0.280000,0.707107,0.000000,0.707107,0.000000,0.000000,0.000000,0.000000,0.000000,0.000000,0.000000
830,0.830000,6,knife_1,knife,-0.450000,0.035000,0.280000,0.707107,0.000000,0.707107,0.000000,0.000000,0.000000,0.000000,0.000000,0.000000,0.000000
830,0.830000,7,plate_2,plate,0.320000,0.040000,-0.280000,1.000000,0.000000,0.000000,-0.000000,0.000000,0.000000,0.000000,0.000000,0.000000,0.000000
830,0.830000,8,fork_2,fork,0.190000,0.035000,-0.280000,0.707107,0.000000,0.707107,0.000000,0.000000,0.000000,0.000000,0.000000,0.000000,0.000000
830,0.830000,9,knife_2,knife,0.450000,0.035000,-0.280000,0.707107,0.000000,0.707107,0.000000,0.000000,0.000000,0.000000,0.000000,0.000000,0.000000
830,0.830000,10,plate_3,plate,0.320000,0.040000,0.280000,1.000000,0.000000,0.000000,-0.000000,0.000000,0.000000,0.000000,0.000000,0.000000,0.000000
830,0.830000,11,fork_3,fork,0.450000,0.035000,0.280000,0.707107,0.000000,0.707107,0.000000,0.000000,0.000000,0.000000,0.000000,0.000000,0.000000
830,0.830000,12,knife_3,knife,0.190000,0.035000,0.280000,0.707107,0.000000,0.707107,0.000000,0.000000,0.000000,0.000000,0.000000,0.000000,0.000000
830,0.830000,13,candle_0,candle,-0.500000,0.075000,-0.450000,1.000000,0.000000,0.000000,-0.000000,0.000000,0.000000,0.000000,0.000000,0.000000,0.000000
830,0.830000,14,candle_1,candle,-0.500000,0.075000,0.450000,1.000000,0.000000,0.000000,-0.000000,0.000000,0.000000,0.000000,0.000000,0.000000,0.000000
830,0.830000,15,candle_2,candle,0.500000,0.075000,-0.450000,1.000000,0.000000,0.000000,-0.000000,0.000000,0.000000,0.000000,0.000000,0.000000,0.000000
830,0.830000,16,candle_3,candle,0.500000,0.075000,0.450000,1.000000,0.000000,0.000000,-0.000000,0.000000,0.000000,0.000000,0.000000,0.000000,0.000000
830,0.830000,17,pot,pot,0.000000,0.147120,0.000000,1.000000,0.000000,0.000000,-0.000000,0.000000,-0.276566,0.000000,0.000000,0.000000,0.000000
835,0.835000,1,plate_0,plate,-0.320000,0.040000,-0.280000,1.000000,0.000000,0.000000,-0.000000,0.000000,0.000000,0.000000,0.000000,0.000000,0.000000
835,0.835000,2,fork_0,fork,-0.450000,0.035000,-0.280000,0.707107,0.000000,0.707107,0.000000,0.000000,0.000000,0.000000,0.000000,0.000000,0.000000
835,0.835000,3,knife_0,knife,-0.190000,0.035000,-0.280000,0.707107,0.000000,0.707107,0.000000,0.000000,0.000000,0.000000,0.000000,0.000000,0.000000
835,0.835000,4,plate_1,plate,-0.320000,0.040000,0.280000,1.000000,0.000000,0.000000,-0.000000,0.000000,0.000000,0.000000,0.000000,0.000000,0.000000
835,0.835000,5,fork_1,fork,-0.190000,0.035000,0.280000,0.707107,0.000000,0.707107,0.000000,0.000000,0.000000,0.000000,0.000000,0.000000,0.000000
835,0.835000,6,knife_1,knife,-0.450000,0.035000,0.280000,0.707107,0.000000,0.707107,0.000000,0.000000,0.000000,0.000000,0.000000,0.000000,0.000000
835,0.835000,7,plate_2,plate,0.320000,0.040000,-0.280000,1.000000,0.000000,0.000000,-0.000000,0.000000,0.000000,0.000000,0.000000,0.000000,0.000000
835,0.835000,8,fork_2,fork,0.190000,0.035000,-0.280000,0.707107,0.000000,0.707107,0.000000,0.000000,0.000000,0.000000,0.000000,0.000000,0.000000
835,0.835000,9,knife_2,knife,0.450000,0.035000,-0.280000,0.707107,0.000000,0.707107,0.000000,0.000000,0.000000,0.000000,0.000000,0.000000,0.000000
835,0.835000,10,plate_3,plate,0.320000,0.040000,0.280000,1.000000,0.000000,0.000000,-0.000000,0.000000,0.000000,0.000000,0.000000,0.000000,0.000000
835,0.835000,11,fork_3,fork,0.450000,0.035000,0.280000,0.707107,0.000000,0.707107,0.000000,0.000000,0.000000,0.000000,0.000000,0.000000,0.000000
835,0.835000,12,knife_3,knife,0.190000,0.035000,0.280000,0.707107,0.000000,0.707107,0.000000,0.000000,0.000000,0.000000,0.000000,0.000000,0.000000
835,0.835000,13,candle_0,candle,-0.500000,0.075000,-0.450000,1.000000,0.000000,0.000000,-0.000000,0.000000,0.000000,0.000000,0.000000,0.000000,0.000000
835,0.835000,14,candle_1,candle,-0.500000,0.075000,0.450000,1.000000,0.000000,0.000000,-0.000000,0.000000,0.000000,0.000000,0.000000,0.000000,0.000000
835,0.835000,15,candle_2,candle,0.500000,0.075000,-0.450000,1.000000,0.000000,0.000000,-0.000000,0.000000,0.000000,0.000000,0.000000,0.000000,0.000000
835,0.835000,16,candle_3,candle,0.500000,0.075000,0.450000,1.000000,0.000000,0.000000,-0.000000,0.000000,0.000000,0.000000,0.000000,0.000000,0.000000
835,0.835000,17,pot,pot,0.000000,0.145608,0.000000,1.000000,0.000000,0.000000,-0.000000,0.000000,-0.325441,0.000000,0.000000,0.000000,0.000000
840,0.840000,1,plate_0,plate,-0.320000,0.040000,-0.280000,1.000000,0.000000,0.000000,-0.000000,0.000000,0.000000,0.000000,0.000000,0.000000,0.000000
840,0.840000,2,fork_0,fork,-0.450000,0.035000,-0.280000,0.707107,0.000000,0.707107,0.000000,0.000000,0.000000,0.000000,0.000000,0.000000,0.000000
840,0.840000,3,knife_0,knife,-0.190000,0.035000,-0.280000,0.707107,0.000000,0.707107,0.000000,0.000000,0.000000,0.000000,0.000000,0.000000,0.000000
840,0.840000,4,plate_1,plate,-0.320000,0.040000,0.280000,1.000000,0.000000,0.000000,-0.000000,0.000000,0.000000,0.000000,0.000000,0.000000,0.000000
840,0.840000,5,fork_1,fork,-0.190000,0.035000,0.280000,0.707107,0.000000,0.707107,0.000000,0.000000,0.000000,0.000000,0.000000,0.000000,0.000000
840,0.840000,6,knife_1,knife,-0.450000,0.035000,0.280000,0.707107,0.000000,0.707107,0.000000,0.000000,0.000000,0.000000,0.000000,0.000000,0.000000
840,0.840000,7,plate_2,plate,0.320000,0.040000,-0.280000,1.000000,0.000000,0.000000,-0.000000,0.000000,0.000000,0.000000,0.000000,0.000000,0.000000
840,0.840000,8,fork_2,fork,0.190000,0.035000,-0.280000,0.707107,0.000000,0.707107,0.000000,0.000000,0.000000,0.000000,0.000000,0.000000,0.000000
840,0.840000,9,knife_2,knife,0.450000,0.035000,-0.280000,0.707107,0.000000,0.707107,0.000000,0.000000,0.000000,0.000000,0.000000,0.000000,0.000000
840,0.840000,10,plate_3,plate,0.320000,0.040000,0.280000,1.000000,0.000000,0.000000,-0.000000,0.000000,0.000000,0.000000,0.000000,0.000000,0.000000
840,0.840000,11,fork_3,fork,0.450000,0.035000,0.280000,0.707107,0.000000,0.707107,0.000000,0.000000,0.000000,0.000000,0.000000,0.000000,0.000000
840,0.840000,12,knife_3,knife,0.190000,0.035000,0.280000,0.707107,0.000000,0.707107,0.000000,0.000000,0.000000,0.000000,0.000000,0.000000,0.000000
840,0.840000,13,candle_0,candle,-0.500000,0.075000,-0.450000,1.000000,0.000000,0.000000,-0.000000,0.000000,0.000000,0.000000,0.000000,0.000000,0.000000
840,0.840000,14,candle_1,candle,-0.500000,0.075000,0.450000,1.000000,0.000000,0.000000,-0.000000,0.000000,0.000000,0.000000,0.000000,0.000000,0.000000
840,0.840000,15,candle_2,candle,0.500000,0.075000,-0.450000,1.000000,0.000000,0.000000,-0.000000,0.000000,0.000000,0.000000,0.000000,0.000000,0.000000
840,0.840000,16,candle_3,candle,0.500000,0.075000,0.450000,1.000000,0.000000,0.000000,-0.000000,0.000000,0.000000,0.000000,0.000000,0.000000,0.000000
840,0.840000,17,pot,pot,0.000000,0.143853,0.000000,1.000000,0.000000,0.000000,-0.000000,0.000000,-0.374317,0.000000,0.000000,0.000000,0.000000
845,0.845000,1,plate_0,plate,-0.320000,0.040000,-0.280000,1.000000,0.000000,0.000000,-0.000000,0.000000,0.000000,0.000000,0.000000,0.000000,0.000000
845,0.845000,2,fork_0,fork,-0.450000,0.035000,-0.280000,0.707107,0.000000,0.707107,0.000000,0.000000,0.000000,0.000000,0.000000,0.000000,0.000000
845,0.845000,3,knife_0,knife,-0.190000,0.035000,-0.280000,0.707107,0.000000,0.707107,0.000000,0.000000,0.000000,0.000000,0.000000,0.000000,0.000000
845,0.845000,4,plate_1,plate,-0.320000,0.040000,0.280000,1.000000,0.000000,0.000000,-0.000000,0.000000,0.000000,0.000000,0.000000,0.000000,0.000000
845,0.845000,5,fork_1,fork,-0.190000,0.035000,0.280000,0.707107,0.000000,0.707107,0.000000,0.000000,0.000000,0.000000,0.000000,0.000000,0.000000
845,0.845000,6,knife_1,knife,-0.450000,0.035000,0.280000,0.707107,0.000000,0.707107,0.000000,0.000000,0.000000,0.000000,0.000000,0.000000,0.000000
845,0.845000,7,plate_2,plate,0.320000,0.040000,-0.280000,1.000000,0.000000,0.000000,-0.000000,0.000000,0.000000,0.000000,0.000000,0.000000,0.000000
845,0.845000,8,fork_2,fork,0.190000,0.035000,-0.280000,0.707107,0.000000,0.707107,0.000000,0.000000,0.000000,0.000000,0.000000,0.000000,0.000000
845,0.845000,9,knife_2,knife,0.450000,0.035000,-0.280000,0.707107,0.000000,0.707107,0.000000,0.000000,0.000000,0.000000,0.000000,0.000000,0.000000
845,0.845000,10,plate_3,plate,0.320000,0.040000,0.280000,1.000000,0.000000,0.000000,-0.000000,0.000000,0.000000,0.000000,0.000000,0.000000,0.000000
845,0.845000,11,fork_3,fork,0.450000,0.035000,0.280000,0.707107,0.000000,0.707107,0.000000,0.000000,0.000000,0.000000,0.000000,0.000000,0.000000
845,0.845000,12,knife_3,knife,0.190000,0.035000,0.280000,0.707107,0.000000,0.707107,0.000000,0.000000,0.000000,0.000000,0.000000,0.000000,0.000000
845,0.845000,13,candle_0,candle,-0.500000,0.075000,-0.450000,1.000000,0.000000,0.000000,-0.000000,0.000000,0.000000,0.000000,0.000000,0.000000,0.000000
845,0.845000,14,candle_1,candle,-0.500000,0.075000,0.450000,1.000000,0.000000,0.000000,-0.000000,0.000000,0.000000,0.000000,0.000000,0.000000,0.000000
845,0.845000,15,candle_2,candle,0.500000,0.075000,-0.450000,1.000000,0.000000,0.000000,-0.000000,0.000000,0.000000,0.000000,0.000000,0.000000,0.000000
845,0.845000,16,candle_3,candle,0.500000,0.075000,0.450000,1.000000,0.000000,0.000000,-0.000000,0.000000,0.000000,0.000000,0.000000,0.000000,0.000000
845,0.845000,17,pot,pot,0.000000,0.141853,0.000000,1.000000,0.000000,0.000000,-0.000000,0.000000,-0.423193,0.000000,0.000000,0.000000,0.000000
850,0.850000,1,plate_0,plate,-0.320000,0.040000,-0.280000,1.000000,0.000000,0.000000,-0.000000,0.000000,0.000000,0.000000,0.000000,0.000000,0.000000
850,0.850000,2,fork_0,fork,-0.450000,0.035000,-0.280000,0.707107,0.000000,0.707107,0.000000,0.000000,0.000000,0.000000,0.000000,0.000000,0.000000
850,0.850000,3,knife_0,knife,-0.190000,0.035000,-0.280000,0.707107,0.000000,0.707107,0.000000,0.000000,0.000000,0.000000,0.000000,0.000000,0.000000
850,0.850000,4,plate_1,plate,-0.320000,0.040000,0.280000,1.000000,0.000000,0.000000,-0.000000,0.000000,0.000000,0.000000,0.000000,0.000000,0.000000
850,0.850000,5,fork_1,fork,-0.190000,0.035000,0.280000,0.707107,0.000000,0.707107,0.000000,0.000000,0.000000,0.000000,0.000000,0.000000,0.000000
850,0.850000,6,knife_1,knife,-0.450000,0.035000,0.280000,0.707107,0.000000,0.707107,0.000000,0.000000,0.000000,0.000000,0.000000,0.000000,0.000000
850,0.850000,7,plate_2,plate,0.320000,0.040000,-0.280000,1.000000,0.000000,0.000000,-0.000000,0.000000,0.000000,0.000000,0.000000,0.000000,0.000000
850,0.850000,8,fork_2,fork,0.190000,0.035000,-0.280000,0.707107,0.000000,0.707107,0.000000,0.000000,0.000000,0.000000,0.000000,0.000000,0.000000
850,0.850000,9,knife_2,knife,0.450000,0.035000,-0.280000,0.707107,0.000000,0.707107,0.000000,0.000000,0.000000,0.000000,0.000000,0.000000,0.000000
850,0.850000,10,plate_3,plate,0.320000,0.040000,0.280000,1.000000,0.000000,0.000000,-0.000000,0.000000,0.000000,0.000000,0.000000,0.000000,0.000000
850,0.850000,11,fork_3,fork,0.450000,0.035000,0.280000,0.707107,0.000000,0.707107,0.000000,0.000000,0.000000,0.000000,0.000000,0.000000,0.000000
850,0.850000,12,knife_3,knife,0.190000,0.035000,0.280000,0.707107,0.000000,0.707107,0.000000,0.000000,0.000000,0.000000,0.000000,0.000000,0.000000
850,0.850000,13,candle_0,candle,-0.500000,0.075000,-0.450000,1.000000,0.000000,0.000000,-0.000000,0.000000,0.000000,0.000000,0.000000,0.000000,0.000000
850,0.850000,14,candle_1,candle,-0.500000,0.075000,0.450000,1.000000,0.000000,0.000000,-0.000000,0.000000,0.000000,0.000000,0.000000,0.000000,0.000000
850,0.850000,15,candle_2,candle,0.500000,0.075000,-0.450000,1.000000,0.000000,0.000000,-0.000000,0.000000,0.000000,0.000000,0.000000,0.000000,0.000000
850,0.850000,16,candle_3,candle,0.500000,0.075000,0.450000,1.000000,0.000000,0.000000,-0.000000,0.000000,0.000000,0.000000,0.000000,0.000000,0.000000
850,0.850000,17,pot,pot,0.000000,0.139609,0.000000,1.000000,0.000000,0.000000,-0.000000,0.000000,-0.472069,0.000000,0.000000,0.000000,0.000000
855,0.855000,1,plate_0,plate,-0.320000,0.040000,-0.280000,1.000000,0.000000,0.000000,-0.000000,0.000000,0.000000,0.000000,0.000000,0.000000,0.000000
855,0.855000,2,fork_0,fork,-0.450000,0.035000,-0.280000,0.707107,0.000000,0.707107,0.000000,0.000000,0.000000,0.000000,0.000000,0.000000,0.000000
855,0.855000,3,knife_0,knife,-0.190000,0.035000,-0.280000,0.707107,0.000000,0.707107,0.000000,0.000000,0.000000,0.000000,0.000000,0.000000,0.000000
855,0.855000,4,plate_1,plate,-0.320000,0.040000,0.280000,1.000000,0.000000,0.000000,-0.000000,0.000000,0.000000,0.000000,0.000000,0.000000,0.000000
855,0.855000,5,fork_1,fork,-0.190000,0.035000,0.280000,0.707107,0.000000,0.707107,0.000000,0.000000,0.000000,0.000000,0.000000,0.000000,0.000000
855,0.855000,6,knife_1,knife,-0.450000,0.035000,0.280000,0.707107,0.000000,0.707107,0.000000,0.000000,0.000000,0.000000,0.000000,0.000000,0.000000
855,0.855000,7,plate_2,plate,0.320000,0.040000,-0.280000,1.000000,0.000000,0.000000,-0.000000,0.000000,0.000000,0.000000,0.000000,0.000000,0.000000
855,0.855000,8,fork_2,fork,0.190000,0.035000,-0.280000,0.707107,0.000000,0.707107,0.000000,0.000000,0.000000,0.000000,0.000000,0.000000,0.000000
855,0.855000,9,knife_2,knife,0.450000,0.035000,-0.280000,0.707107,0.000000,0.707107,0.000000,0.000000,0.000000,0.000000,0.000000,0.000000,0.000000
855,0.855000,10,plate_3,plate,0.320000,0.040000,0.280000,1.000000,0.000000,0.000000,-0.000000,0.000000,0.000000,0.000000,0.000000,0.000000,0.000000
855,0.855000,11,fork_3,fork,0.450000,0.035000,0.280000,0.707107,0.000000,0.707107,0.000000,0.000000,0.000000,0.000000,0.000000,0.000000,0.000000
855,0.855000,12,knife_3,knife,0.190000,0.035000,0.280000,0.707107,0.000000,0.707107,0.000000,0.000000,0.000000,0.000000,0.000000,0.000000,0.000000
855,0.855000,13,candle_0,candle,-0.500000,0.075000,-0.450000,1.000000,0.000000,0.000000,-0.000000,0.000000,0.000000,0.000000,0.000000,0.000000,0.000000
855,0.855000,14,candle_1,candle,-0.500000,0.075000,0.450000,1.000000,0.000000,0.000000,-0.000000,0.000000,0.000000,0.000000,0.000000,0.000000,0.000000
855,0.855000,15,candle_2,candle,0.500000,0.075000,-0.450000,1.000000,0.000000,0.000000,-0.000000,0.000000,0.000000,0.000000,0.000000,0.000000,0.000000
855,0.855000,16,candle_3,candle,0.500000,0.075000,0.450000,1.000000,0.000000,0.000000,-0.000000,0.000000,0.000000,0.000000,0.000000,0.000000,0.000000
855,0.855000,17,pot,pot,0.000000,0.137120,0.000000,1.000000,0.000000,0.000000,-0.000000,0.000000,-0.520945,0.000000,0.000000,0.000000,0.000000
860,0.860000,1,plate_0,plate,-0.320000,0.040000,-0.280000,1.000000,0.000000,0.000000,-0.000000,0.000000,0.000000,0.000000,0.000000,0.000000,0.000000
860,0.860000,2,fork_0,fork,-0.450000,0.035000,-0.280000,0.707107,0.000000,0.707107,0.000000,0.000000,0.000000,0.000000,0.000000,0.000000,0.000000
860,0.860000,3,knife_0,knife,-0.190000,0.035000,-0.280000,0.707107,0.000000,0.707107,0.000000,0.000000,0.000000,0.000000,0.000000,0.000000,0.000000
860,0.860000,4,plate_1,plate,-0.320000,0.040000,0.280000,1.000000,0.000000,0.000000,-0.000000,0.000000,0.000000,0.000000,0.000000,0.000000,0.000000
860,0.860000,5,fork_1,fork,-0.190000,0.035000,0.280000,0.707107,0.000000,0.707107,0.000000,0.000000,0.000000,0.000000,0.000000,0.000000,0.000000
860,0.860000,6,knife_1,knife,-0.450000,0.035000,0.280000,0.707107,0.000000,0.707107,0.000000,0.000000,0.000000,0.000000,0.000000,0.000000,0.000000
860,0.860000,7,plate_2,plate,0.320000,0.040000,-0.280000,1.000000,0.000000,0.000000,-0.000000,0.000000,0.000000,0.000000,0.000000,0.000000,0.000000
860,0.860000,8,fork_2,fork,0.190000,0.035000,-0.280000,0.707107,0.000000,0.707107,0.000000,0.000000,0.000000,0.000000,0.000000,0.000000,0.000000
860,0.860000,9,knife_2,knife,0.450000,0.035000,-0.280000,0.707107,0.000000,0.707107,0.000000,0.000000,0.000000,0.000000,0.000000,0.000000,0.000000
860,0.860000,10,plate_3,plate,0.320000,0.040000,0.280000,1.000000,0.000000,0.000000,-0.000000,0.000000,0.000000,0.000000,0.000000,0.000000,0.000000
860,0.860000,11,fork_3,fork,0.450000,0.035000,0.280000,0.707107,0.000000,0.707107,0.000000,0.000000,0.000000,0.000000,0.000000,0.000000,0.000000
860,0.860000,12,knife_3,knife,0.190000,0.035000,0.280000,0.707107,0.000000,0.707107,0.000000,0.000000,0.000000,0.000000,0.000000,0.000000,0.000000
860,0.860000,13,candle_0,candle,-0.500000,0.075000,-0.450000,1.000000,0.000000,0.000000,-0.000000,0.000000,0.000000,0.000000,0.000000,0.000000,0.000000
860,0.860000,14,candle_1,candle,-0.500000,0.075000,0.450000,1.000000,0.000000,0.000000,-0.000000,0.000000,0.000000,0.000000,0.000000,0.000000,0.000000
860,0.860000,15,candle_2,candle,0.500000,0.075000,-0.450000,1.000000,0.000000,0.000000,-0.000000,0.000000,0.000000,0.000000,0.000000,0.000000,0.000000
860,0.860000,16,candle_3,candle,0.500000,0.075000,0.450000,1.000000,0.000000,0.000000,-0.000000,0.000000,0.000000,0.000000,0.000000,0.000000,0.000000
860,0.860000,17,pot,pot,0.000000,0.134387,0.000000,1.000000,0.000000,0.000000,-0.000000,0.000000,-0.569820,0.000000,0.000000,0.000000,0.000000
865,0.865000,1,plate_0,plate,-0.320000,0.040000,-0.280000,1.000000,0.000000,0.000000,-0.000000,0.000000,0.000000,0.000000,0.000000,0.000000,0.000000
865,0.865000,2,fork_0,fork,-0.450000,0.035000,-0.280000,0.707107,0.000000,0.707107,0.000000,0.000000,0.000000,0.000000,0.000000,0.000000,0.000000
865,0.865000,3,knife_0,knife,-0.190000,0.035000,-0.280000,0.707107,0.000000,0.707107,0.000000,0.000000,0.000000,0.000000,0.000000,0.000000,0.000000
865,0.865000,4,plate_1,plate,-0.320000,0.040000,0.280000,1.000000,0.000000,0.000000,-0.000000,0.000000,0.000000,0.000000,0.000000,0.000000,0.000000
865,0.865000,5,fork_1,fork,-0.190000,0.035000,0.280000,0.707107,0.000000,0.707107,0.000000,0.000000,0.000000,0.000000,0.000000,0.000000,0.000000
865,0.865000,6,knife_1,knife,-0.450000,0.035000,0.280000,0.707107,0.000000,0.707107,0.000000,0.000000,0.000000,0.000000,0.000000,0.000000,0.000000
865,0.865000,7,plate_2,plate,0.320000,0.040000,-0.280000,1.000000,0.000000,0.000000,-0.000000,0.000000,0.000000,0.000000,0.000000,0.000000,0.000000
865,0.865000,8,fork_2,fork,0.190000,0.035000,-0.280000,0.707107,0.000000,0.707107,0.000000,0.000000,0.000000,0.000000,0.000000,0.000000,0.000000
865,0.865000,9,knife_2,knife,0.450000,0.035000,-0.280000,0.707107,0.000000,0.707107,0.000000,0.000000,0.000000,0.000000,0.000000,0.000000,0.000000
865,0.865000,10,plate_3,plate,0.320000,0.040000,0.280000,1.000000,0.000000,0.000000,-0.000000,0.000000,0.000000,0.000000,0.000000,0.000000,0.000000
865,0.865000,11,fork_3,fork,0.450000,0.035000,0.280000,0.707107,0.000000,0.707107,0.000000,0.000000,0.000000,0.000000,0.000000,0.000000,0.000000
865,0.865000,12,knife_3,knife,0.190000,0.035000,0.280000,0.707107,0.000000,0.707107,0.000000,0.000000,0.000000,0.000000,0.000000,0.000000,0.000000
865,0.865000,13,candle_0,candle,-0.500000,0.075000,-0.450000,1.000000,0.000000,0.000000,-0.000000,0.000000,0.000000,0.000000,0.000000,0.000000,0.000000
865,0.865000,14,candle_1,candle,-0.500000,0.075000,0.450000,1.000000,0.000000,0.000000,-0.000000,0.000000,0.000000,0.000000,0.000000,0.000000,0.000000
865,0.865000,15,candle_2,candle,0.500000,0.075000,-0.450000,1.000000,0.000000,0.000000,-0.000000,0.000000,0.000000,0.000000,0.000000,0.000000,0.000000
865,0.865000,16,candle_3,candle,0.500000,0.075000,0.450000,1.000000,0.000000,0.000000,-0.000000,0.000000,0.000000,0.000000,0.000000,0.000000,0.000000
865,0.865000,17,pot,pot,0.000000,0.131410,0.000000,1.000000,0.000000,0.000000,-0.000000,0.000000,-0.618696,0.000000,0.000000,0.000000,0.000000
870,0.870000,1,plate_0,plate,-0.320000,0.040000,-0.280000,1.000000,0.000000,0.000000,-0.000000,0.000000,0.000000,0.000000,0.000000,0.000000,0.000000
870,0.870000,2,fork_0,fork,-0.450000,0.035000,-0.280000,0.707107,0.000000,0.707107,0.000000,0.000000,0.000000,0.000000,0.000000,0.000000,0.000000
870,0.870000,3,knife_0,knife,-0.190000,0.035000,-0.280000,0.707107,0.000000,0.707107,0.000000,0.000000,0.000000,0.000000,0.000000,0.000000,0.000000
870,0.870000,4,plate_1,plate,-0.320000,0.040000,0.280000,1.000000,0.000000,0.000000,-0.000000,0.000000,0.000000,0.000000,0.000000,0.000000,0.000000
870,0.870000,5,fork_1,fork,-0.190000,0.035000,0.280000,0.707107,0.000000,0.707107,0.000000,0.000000,0.000000,0.000000,0.000000,0.000000,0.000000
870,0.870000,6,knife_1,knife,-0.450000,0.035000,0.280000,0.707107,0.000000,0.707107,0.000000,0.000000,0.000000,0.000000,0.000000,0.000000,0.000000
870,0.870000,7,plate_2,plate,0.320000,0.040000,-0.280000,1.000000,0.000000,0.000000,-0.000000,0.000000,0.000000,0.000000,0.000000,0.000000,0.000000
870,0.870000,8,fork_2,fork,0.190000,0.035000,-0.280000,0.707107,0.000000,0.707107,0.000000,0.000000,0.000000,0.000000,0.000000,0.000000,0.000000
870,0.870000,9,knife_2,knife,0.450000,0.035000,-0.280000,0.707107,0.000000,0.707107,0.000000,0.000000,0.000000,0.000000,0.000000,0.000000,0.000000
870,0.870000,10,plate_3,plate,0.320000,0.040000,0.280000,1.000000,0.000000,0.000000,-0.000000,0.000000,0.000000,0.000000,0.000000,0.000000,0.000000
870,0.870000,11,fork_3,fork,0.450000,0.035000,0.280000,0.707107,0.000000,0.707107,0.000000,0.000000,0.000000,0.000000,0.000000,0.000000,0.000000
870,0.870000,12,knife_3,knife,0.190000,0.035000,0.280000,0.707107,0.000000,0.707107,0.000000,0.000000,0.000000,0.000000,0.000000,0.000000,0.000000
870,0.870000,13,candle_0,candle,-0.500000,0.075000,-0.450000,1.000000,0.000000,0.000000,-0.000000,0.000000,0.000000,0.000000,0.000000,0.000000,0.000000
870,0.870000,14,candle_1,candle,-0.500000,0.075000,0.450000,1.000000,0.000000,0.000000,-0.000000,0.000000,0.000000,0.000000,0.000000,0.000000,0.000000
870,0.870000,15,candle_2,candle,0.500000,0.075000,-0.450000,1.000000,0.000000,0.000000,-0.000000,0.000000,0.000000,0.000000,0.000000,0.000000,0.000000
870,0.870000,16,candle_3,candle,0.500000,0.075000,0.450000,1.000000,0.000000,0.000000,-0.000000,0.000000,0.000000,0.000000,0.000000,0.000000,0.000000
870,0.870000,17,pot,pot,0.000000,0.128188,0.000000,1.000000,0.000000,0.000000,-0.000000,0.000000,-0.667572,0.000000,0.000000,0.000000,0.000000
875,0.875000,1,plate_0,plate,-0.320000,0.040000,-0.280000,1.000000,0.000000,0.000000,-0.000000,0.000000,0.000000,0.000000,0.000000,0.000000,0.000000
875,0.875000,2,fork_0,fork,-0.450000,0.035000,-0.280000,0.707107,0.000000,0.707107,0.000000,0.000000,0.000000,0.000000,0.000000,0.000000,0.000000
875,0.875000,3,knife_0,knife,-0.190000,0.035000,-0.280000,0.707107,0.000000,0.707107,0.000000,0.000000,0.000000,0.000000,0.000000,0.000000,0.000000
875,0.875000,4,plate_1,plate,-0.320000,0.040000,0.280000,1.000000,0.000000,0.000000,-0.000000,0.000000,0.000000,0.000000,0.000000,0.000000,0.000000
875,0.875000,5,fork_1,fork,-0.190000,0.035000,0.280000,0.707107,0.000000,0.707107,0.000000,0.000000,0.000000,0.000000,0.000000,0.000000,0.000000
875,0.875000,6,knife_1,knife,-0.450000,0.035000,0.280000,0.707107,0.000000,0.707107,0.000000,0.000000,0.000000,0.000000,0.000000,0.000000,0.000000
875,0.875000,7,plate_2,plate,0.320000,0.040000,-0.280000,1.000000,0.000000,0.000000,-0.000000,0.000000,0.000000,0.000000,0.000000,0.000000,0.000000
875,0.875000,8,fork_2,fork,0.190000,0.035000,-0.280000,0.707107,0.000000,0.707107,0.000000,0.000000,0.000000,0.000000,0.000000,0.000000,0.000000
875,0.875000,9,knife_2,knife,0.450000,0.035000,-0.280000,0.707107,0.000000,0.707107,0.000000,0.000000,0.000000,0.000000,0.000000,0.000000,0.000000
875,0.875000,10,plate_3,plate,0.320000,0.040000,0.280000,1.000000,0.000000,0.000000,-0.000000,0.000000,0.000000,0.000000,0.000000,0.000000,0.000000
875,0.875000,11,fork_3,fork,0.450000,0.035000,0.280000,0.707107,0.000000,0.707107,0.000000,0.000000,0.000000,0.000000,0.000000,0.000000,0.000000
875,0.875000,12,knife_3,knife,0.190000,0.035000,0.280000,0.707107,0.000000,0.707107,0.000000,0.000000,0.000000,0.000000,0.000000,0.000000,0.000000
875,0.875000,13,candle_0,candle,-0.500000,0.075000,-0.450000,1.000000,0.000000,0.000000,-0.000000,0.000000,0.000000,0.000000,0.000000,0.000000,0.000000
875,0.875000,14,candle_1,candle,-0.500000,0.075000,0.450000,1.000000,0.000000,0.000000,-0.000000,0.000000,0.000000,0.000000,0.000000,0.000000,0.000000
875,0.875000,15,candle_2,candle,0.500000,0.075000,-0.450000,1.000000,0.000000,0.000000,-0.000000,0.000000,0.000000,0.000000,0.000000,0.000000,0.000000
875,0.875000,16,candle_3,candle,0.500000,0.075000,0.450000,1.000000,0.000000,0.000000,-0.000000,0.000000,0.000000,0.000000,0.000000,0.000000,0.000000
875,0.875000,17,pot,pot,0.000000,0.124722,0.000000,1.000000,0.000000,0.000000,-0.000000,0.000000,-0.716448,0.000000,0.000000,0.000000,0.000000
880,0.880000,1,plate_0,plate,-0.320000,0.040000,-0.280000,1.000000,0.000000,0.000000,-0.000000,0.000000,0.000000,0.000000,0.000000,0.000000,0.000000
880,0.880000,2,fork_0,fork,-0.450000,0.035000,-0.280000,0.707107,0.000000,0.707107,0.000000,0.000000,0.000000,0.000000,0.000000,0.000000,0.000000
880,0.880000,3,knife_0,knife,-0.190000,0.035000,-0.280000,0.707107,0.000000,0.707107,0.000000,0.000000,0.000000,0.000000,0.000000,0.000000,0.000000
880,0.880000,4,plate_1,plate,-0.320000,0.040000,0.280000,1.000000,0.000000,0.000000,-0.000000,0.000000,0.000000,0.000000,0.000000,0.000000,0.000000
880,0.880000,5,fork_1,fork,-0.190000,0.035000,0.280000,0.707107,0.000000,0.707107,0.000000,0.000000,0.000000,0.000000,0.000000,0.000000,0.000000
880,0.880000,6,knife_1,knife,-0.450000,0.035000,0.280000,0.707107,0.000000,0.707107,0.000000,0.000000,0.000000,0.000000,0.000000,0.000000,0.000000
880,0.880000,7,plate_2,plate,0.320000,0.040000,-0.280000,1.000000,0.000000,0.000000,-0.000000,0.000000,0.000000,0.000000,0.000000,0.000000,0.000000
880,0.880000,8,fork_2,fork,0.190000,0.035000,-0.280000,0.707107,0.000000,0.707107,0.000000,0.000000,0.000000,0.000000,0.000000,0.000000,0.000000
880,0.880000,9,knife_2,knife,0.450000,0.035000,-0.280000,0.707107,0.000000,0.707107,0.000000,0.000000,0.000000,0.000000,0.000000,0.000000,0.000000
880,0.880000,10,plate_3,plate,0.320000,0.040000,0.280000,1.000000,0.000000,0.000000,-0.000000,0.000000,0.000000,0.000000,0.000000,0.000000,0.000000
880,0.880000,11,fork_3,fork,0.450000,0.035000,0.280000,0.707107,0.000000,0.707107,0.000000,0.000000,0.000000,0.000000,0.000000,0.000000,0.000000
880,0.880000,12,knife_3,knife,0.190000,0.035000,0.280000,0.707107,0.000000,0.707107,0.000000,0.000000,0.000000,0.000000,0.000000,0.000000,0.000000
880,0.880000,13,candle_0,candle,-0.500000,0.075000,-0.450000,1.000000,0.000000,0.000000,-0.000000,0.000000,0.000000,0.000000,0.000000,0.000000,0.000000
880,0.880000,14,candle_1,candle,-0.500000,0.075000,0.450000,1.000000,0.000000,0.000000,-0.000000,0.000000,0.000000,0.000000,0.000000,0.000000,0.000000
880,0.880000,15,candle_2,candle,0.500000,0.075000,-0.450000,1.000000,0.000000,0.000000,-0.000000,0.000000,0.000000,0.000000,0.000000,0.000000,0.000000
880,0.880000,16,candle_3,candle,0.500000,0.075000,0.450000,1.000000,0.000000,0.000000,-0.000000,0.000000,0.000000,0.000000,0.000000,0.000000,0.000000
880,0.880000,17,pot,pot,0.000000,0.121011,0.000000,1.000000,0.000000,0.000000,-0.000000,0.000000,-0.765324,0.000000,0.000000,0.000000,0.000000
885,0.885000,1,plate_0,plate,-0.320000,0.040000,-0.280000,1.000000,0.000000,0.000000,-0.000000,0.000000,0.000000,0.000000,0.000000,0.000000,0.000000
885,0.885000,2,fork_0,fork,-0.450000,0.035000,-0.280000,0.707107,0.000000,0.707107,0.000000,0.000000,0.000000,0.000000,0.000000,0.000000,0.000000
885,0.885000,3,knife_0,knife,-0.190000,0.035000,-0.280000,0.707107,0.000000,0.707107,0.000000,0.000000,0.000000,0.000000,0.000000,0.000000,0.000000
885,0.885000,4,plate_1,plate,-0.320000,0.040000,0.280000,1.000000,0.000000,0.000000,-0.000000,0.000000,0.000000,0.000000,0.000000,0.000000,0.000000
885,0.885000,5,fork_1,fork,-0.190000,0.035000,0.280000,0.707107,0.000000,0.707107,0.000000,0.000000,0.000000,0.000000,0.000000,0.000000,0.000000
885,0.885000,6,knife_1,knife,-0.450000,0.035000,0.280000,0.707107,0.000000,0.707107,0.000000,0.000000,0.000000,0.000000,0.000000,0.000000,0.000000
885,0.885000,7,plate_2,plate,0.320000,0.040000,-0.280000,1.000000,0.000000,0.000000,-0.000000,0.000000,0.000000,0.000000,0.000000,0.000000,0.000000
885,0.885000,8,fork_2,fork,0.190000,0.035000,-0.280000,0.707107,0.000000,0.707107,0.000000,0.000000,0.000000,0.000000,0.000000,0.000000,0.000000
885,0.885000,9,knife_2,knife,0.450000,0.035000,-0.280000,0.707107,0.000000,0.707107,0.000000,0.000000,0.000000,0.000000,0.000000,0.000000,0.000000
885,0.885000,10,plate_3,plate,0.320000,0.040000,0.280000,1.000000,0.000000,0.000000,-0.000000,0.000000,0.000000,0.000000,0.000000,0.000000,0.000000
885,0.885000,11,fork_3,fork,0.450000,0.035000,0.280000,0.707107,0.000000,0.707107,0.000000,0.000000,0.000000,0.000000,0.000000,0.000000,0.000000
885,0.885000,12,knife_3,knife,0.190000,0.035000,0.280000,0.707107,0.000000,0.707107,0.000000,0.000000,0.000000,0.000000,0.000000,0.000000,0.000000
885,0.885000,13,candle_0,candle,-0.500000,0.075000,-0.450000,1.000000,0.000000,0.000000,-0.000000,0.000000,0.000000,0.000000,0.000000,0.000000,0.000000
885,0.885000,14,candle_1,candle,-0.500000,0.075000,0.450000,1.000000,0.000000,0.000000,-0.000000,0.000000,0.000000,0.000000,0.000000,0.000000,0.000000
885,0.885000,15,candle_2,candle,0.500000,0.075000,-0.450000,1.000000,0.000000,0.000000,-0.000000,0.000000,0.000000,0.000000,0.000000,0.000000,0.000000
885,0.885000,16,candle_3,candle,0.500000,0.075000,0.450000,1.000000,0.000000,0.000000,-0.000000,0.000000,0.000000,0.000000,0.000000,0.000000,0.000000
885,0.885000,17,pot,pot,0.000000,0.117056,0.000000,1.000000,0.000000,0.000000,-0.000000,0.000000,-0.814199,0.000000,0.000000,0.000000,0.000000
890,0.890000,1,plate_0,plate,-0.320000,0.040000,-0.280000,1.000000,0.000000,0.000000,-0.000000,0.000000,0.000000,0.000000,0.000000,0.000000,0.000000
890,0.890000,2,fork_0,fork,-0.450000,0.035000,-0.280000,0.707107,0.000000,0.707107,0.000000,0.000000,0.000000,0.000000,0.000000,0.000000,0.000000
890,0.890000,3,knife_0,knife,-0.190000,0.035000,-0.280000,0.707107,0.000000,0.707107,0.000000,0.000000,0.000000,0.000000,0.000000,0.000000,0.000000
890,0.890000,4,plate_1,plate,-0.320000,0.040000,0.280000,1.000000,0.000000,0.000000,-0.000000,0.000000,0.000000,0.000000,0.000000,0.000000,0.000000
890,0.890000,5,fork_1,fork,-0.190000,0.035000,0.280000,0.707107,0.000000,0.707107,0.000000,0.000000,0.000000,0.000000,0.000000,0.000000,0.000000
890,0.890000,6,knife_1,knife,-0.450000,0.035000,0.280000,0.707107,0.000000,0.707107,0.000000,0.000000,0.000000,0.000000,0.000000,0.000000,0.000000
890,0.890000,7,plate_2,plate,0.320000,0.040000,-0.280000,1.000000,0.000000,0.000000,-0.000000,0.000000,0.000000,0.000000,0.000000,0.000000,0.000000
890,0.890000,8,fork_2,fork,0.190000,0.035000,-0.280000,0.707107,0.000000,0.707107,0.000000,0.000000,0.000000,0.000000,0.000000,0.000000,0.000000
890,0.890000,9,knife_2,knife,0.450000,0.035000,-0.280000,0.707107,0.000000,0.707107,0.000000,0.000000,0.000000,0.000000,0.000000,0.000000,0.000000
890,0.890000,10,plate_3,plate,0.320000,0.040000,0.280000,1.000000,0.000000,0.000000,-0.000000,0.000000,0.000000,0.000000,0.000000,0.000000,0.000000
890,0.890000,11,fork_3,fork,0.450000,0.035000,0.280000,0.707107,0.000000,0.707107,0.000000,0.000000,0.000000,0.000000,0.000000,0.000000,0.000000
890,0.890000,12,knife_3,knife,0.190000,0.035000,0.280000,0.707107,0.000000,0.707107,0.000000,0.000000,0.000000,0.000000,0.000000,0.000000,0.000000
890,0.890000,13,candle_0,candle,-0.500000,0.075000,-0.450000,1.000000,0.000000,0.000000,-0.000000,0.000000,0.000000,0.000000,0.000000,0.000000,0.000000
890,0.890000,14,candle_1,candle,-0.500000,0.075000,0.450000,1.000000,0.000000,0.000000,-0.000000,0.000000,0.000000,0.000000,0.000000,0.000000,0.000000
890,0.890000,15,candle_2,candle,0.500000,0.075000,-0.450000,1.000000,0.000000,0.000000,-0.000000,0.000000,0.000000,0.000000,0.000000,0.000000,0.000000
890,0.890000,16,candle_3,candle,0.500000,0.075000,0.450000,1.000000,0.000000,0.000000,-0.000000,0.000000,0.000000,0.000000,0.000000,0.000000,0.000000
890,0.890000,17,pot,pot,0.000000,0.112857,0.000000,1.000000,0.000000,0.000000,-0.000000,0.000000,-0.863075,0.000000,0.000000,0.000000,0.000000
895,0.895000,1,plate_0,plate,-0.320000,0.040000,-0.280000,1.000000,0.000000,0.000000,-0.000000,0.000000,0.000000,0.000000,0.000000,0.000000,0.000000
895,0.895000,2,fork_0,fork,-0.450000,0.035000,-0.280000,0.707107,0.000000,0.707107,0.000000,0.000000,0.000000,0.000000,0.000000,0.000000,0.000000
895,0.895000,3,knife_0,knife,-0.190000,0.035000,-0.280000,0.707107,0.000000,0.707107,0.000000,0.000000,0.000000,0.000000,0.000000,0.000000,0.000000
895,0.895000,4,plate_1,plate,-0.320000,0.040000,0.280000,1.000000,0.000000,0.000000,-0.000000,0.000000,0.000000,0.000000,0.000000,0.000000,0.000000
895,0.895000,5,fork_1,fork,-0.190000,0.035000,0.280000,0.707107,0.000000,0.707107,0.000000,0.000000,0.000000,0.000000,0.000000,0.000000,0.000000
895,0.895000,6,knife_1,knife,-0.450000,0.035000,0.280000,0.707107,0.000000,0.707107,0.000000,0.000000,0.000000,0.000000,0.000000,0.000000,0.000000
895,0.895000,7,plate_2,plate,0.320000,0.040000,-0.280000,1.000000,0.000000,0.000000,-0.000000,0.000000,0.000000,0.000000,0.000000,0.000000,0.000000
895,0.895000,8,fork_2,fork,0.190000,0.035000,-0.280000,0.707107,0.000000,0.707107,0.000000,0.000000,0.000000,0.000000,0.000000,0.000000,0.000000
895,0.895000,9,knife_2,knife,0.450000,0.035000,-0.280000,0.707107,0.000000,0.707107,0.000000,0.000000,0.000000,0.000000,0.000000,0.000000,0.000000
895,0.895000,10,plate_3,plate,0.320000,0.040000,0.280000,1.000000,0.000000,0.000000,-0.000000,0.000000,0.000000,0.000000,0.000000,0.000000,0.000000
895,0.895000,11,fork_3,fork,0.450000,0.035000,0.280000,0.707107,0.000000,0.707107,0.000000,0.000000,0.000000,0.000000,0.000000,0.000000,0.000000
895,0.895000,12,knife_3,knife,0.190000,0.035000,0.280000,0.707107,0.000000,0.707107,0.000000,0.000000,0.000000,0.000000,0.000000,0.000000,0.000000
895,0.895000,13,candle_0,candle,-0.500000,0.075000,-0.450000,1.000000,0.000000,0.000000,-0.000000,0.000000,0.000000,0.000000,0.000000,0.000000,0.000000
895,0.895000,14,candle_1,candle,-0.500000,0.075000,0.450000,1.000000,0.000000,0.000000,-0.000000,0.000000,0.000000,0.000000,0.000000,0.000000,0.000000
895,0.895000,15,candle_2,candle,0.500000,0.075000,-0.450000,1.000000,0.000000,0.000000,-0.000000,0.000000,0.000000,0.000000,0.000000,0.000000,0.000000
895,0.895000,16,candle_3,candle,0.500000,0.075000,0.450000,1.000000,0.000000,0.000000,-0.000000,0.000000,0.000000,0.000000,0.000000,0.000000,0.000000
895,0.895000,17,pot,pot,0.000000,0.108413,0.000000,1.000000,0.000000,0.000000,-0.000000,0.000000,-0.911951,0.000000,0.000000,0.000000,0.000000
900,0.900000,1,plate_0,plate,-0.320000,0.040000,-0.280000,1.000000,0.000000,0.000000,-0.000000,0.000000,0.000000,0.000000,0.000000,0.000000,0.000000
900,0.900000,2,fork_0,fork,-0.450000,0.035000,-0.280000,0.707107,0.000000,0.707107,0.000000,0.000000,0.000000,0.000000,0.000000,0.000000,0.000000
900,0.900000,3,knife_0,knife,-0.190000,0.035000,-0.280000,0.707107,0.000000,0.707107,0.000000,0.000000,0.000000,0.000000,0.000000,0.000000,0.000000
900,0.900000,4,plate_1,plate,-0.320000,0.040000,0.280000,1.000000,0.000000,0.000000,-0.000000,0.000000,0.000000,0.000000,0.000000,0.000000,0.000000
900,0.900000,5,fork_1,fork,-0.190000,0.035000,0.280000,0.707107,0.000000,0.707107,0.000000,0.000000,0.000000,0.000000,0.000000,0.000000,0.000000
900,0.900000,6,knife_1,knife,-0.450000,0.035000,0.280000,0.707107,0.000000,0.707107,0.000000,0.000000,0.000000,0.000000,0.000000,0.000000,0.000000
900,0.900000,7,plate_2,plate,0.320000,0.040000,-0.280000,1.000000,0.000000,0.000000,-0.000000,0.000000,0.000000,0.000000,0.000000,0.000000,0.000000
900,0.900000,8,fork_2,fork,0.190000,0.035000,-0.280000,0.707107,0.000000,0.707107,0.000000,0.000000,0.000000,0.000000,0.000000,0.000000,0.000000
900,0.900000,9,knife_2,knife,0.450000,0.035000,-0.280000,0.707107,0.000000,0.707107,0.000000,0.000000,0.000000,0.000000,0.000000,0.000000,0.000000
900,0.900000,10,plate_3,plate,0.320000,0.040000,0.280000,1.000000,0.000000,0.000000,-0.000000,0.000000,0.000000,0.000000,0.000000,0.000000,0.000000
900,0.900000,11,fork_3,fork,0.450000,0.035000,0.280000,0.707107,0.000000,0.707107,0.000000,0.000000,0.000000,0.000000,0.000000,0.000000,0.000000
900,0.900000,12,knife_3,knife,0.190000,0.035000,0.280000,0.707107,0.000000,0.707107,0.000000,0.000000,0.000000,0.000000,0.000000,0.000000,0.000000
900,0.900000,13,candle_0,candle,-0.500000,0.075000,-0.450000,1.000000,0.000000,0.000000,-0.000000,0.000000,0.000000,0.000000,0.000000,0.000000,0.000000
900,0.900000,14,candle_1,candle,-0.500000,0.075000,0.450000,1.000000,0.000000,0.000000,-0.000000,0.000000,0.000000,0.000000,0.000000,0.000000,0.000000
900,0.900000,15,candle_2,candle,0.500000,0.075000,-0.450000,1.000000,0.000000,0.000000,-0.000000,0.000000,0.000000,0.000000,0.000000,0.000000,0.000000
900,0.900000,16,candle_3,candle,0.500000,0.075000,0.450000,1.000000,0.000000,0.000000,-0.000000,0.000000,0.000000,0.000000,0.000000,0.000000,0.000000
900,0.900000,17,pot,pot,0.000000,0.103725,0.000000,1.000000,0.000000,0.000000,-0.000000,0.000000,-0.960827,0.000000,0.000000,0.000000,0.000000
905,0.905000,1,plate_0,plate,-0.320000,0.040000,-0.280000,1.000000,0.000000,0.000000,-0.000000,0.000000,0.000000,0.000000,0.000000,0.000000,0.000000
905,0.905000,2,fork_0,fork,-0.450000,0.035000,-0.280000,0.707107,0.000000,0.707107,0.000000,0.000000,0.000000,0.000000,0.000000,0.000000,0.000000
905,0.905000,3,knife_0,knife,-0.190000,0.035000,-0.280000,0.707107,0.000000,0.707107,0.000000,0.000000,0.000000,0.000000,0.000000,0.000000,0.000000
905,0.905000,4,plate_1,plate,-0.320000,0.040000,0.280000,1.000000,0.000000,0.000000,-0.000000,0.000000,0.000000,0.000000,0.000000,0.000000,0.000000
905,0.905000,5,fork_1,fork,-0.190000,0.035000,0.280000,0.707107,0.000000,0.707107,0.000000,0.000000,0.000000,0.000000,0.000000,0.000000,0.000000
905,0.905000,6,knife_1,knife,-0.450000,0.035000,0.280000,0.707107,0.000000,0.707107,0.000000,0.000000,0.000000,0.000000,0.000000,0.000000,0.000000
905,0.905000,7,plate_2,plate,0.320000,0.040000,-0.280000,1.000000,0.000000,0.000000,-0.000000,0.000000,0.000000,0.000000,0.000000,0.000000,0.000000
905,0.905000,8,fork_2,fork,0.190000,0.035000,-0.280000,0.707107,0.000000,0.707107,0.000000,0.000000,0.000000,0.000000,0.000000,0.000000,0.000000
905,0.905000,9,knife_2,knife,0.450000,0.035000,-0.280000,0.707107,0.000000,0.707107,0.000000,0.000000,0.000000,0.000000,0.000000,0.000000,0.000000
905,0.905000,10,plate_3,plate,0.320000,0.040000,0.280000,1.000000,0.000000,0.000000,-0.000000,0.000000,0.000000,0.000000,0.000000,0.000000,0.000000
905,0.905000,11,fork_3,fork,0.450000,0.035000,0.280000,0.707107,0.000000,0.707107,0.000000,0.000000,0.000000,0.000000,0.000000,0.000000,0.000000
905,0.905000,12,knife_3,knife,0.190000,0.035000,0.280000,0.707107,0.000000,0.707107,0.000000,0.000000,0.000000,0.000000,0.000000,0.000000,0.000000
905,0.905000,13,candle_0,candle,-0.500000,0.075000,-0.450000,1.000000,0.000000,0.000000,-0.000000,0.000000,0.000000,0.000000,0.000000,0.000000,0.000000
905,0.905000,14,candle_1,candle,-0.500000,0.075000,0.450000,1.000000,0.000000,0.000000,-0.000000,0.000000,0.000000,0.000000,0.000000,0.000000,0.000000
905,0.905000,15,candle_2,candle,0.500000,0.075000,-0.450000,1.000000,0.000000,0.000000,-0.000000,0.000000,0.000000,0.000000,0.000000,0.000000,0.000000
905,0.905000,16,candle_3,candle,0.500000,0.075000,0.450000,1.000000,0.000000,0.000000,-0.000000,0.000000,0.000000,0.000000,0.000000,0.000000,0.000000
905,0.905000,17,pot,pot,0.000000,0.098793,0.000000,1.000000,0.000000,0.000000,-0.000000,0.000000,-1.009703,0.000000,0.000000,0.000000,0.000000
910,0.910000,1,plate_0,plate,-0.320000,0.040000,-0.280000,1.000000,0.000000,0.000000,-0.000000,0.000000,0.000000,0.000000,0.000000,0.000000,0.000000
910,0.910000,2,fork_0,fork,-0.450000,0.035000,-0.280000,0.707107,0.000000,0.707107,0.000000,0.000000,0.000000,0.000000,0.000000,0.000000,0.000000
910,0.910000,3,knife_0,knife,-0.190000,0.035000,-0.280000,0.707107,0.000000,0.707107,0.000000,0.000000,0.000000,0.000000,0.000000,0.000000,0.000000
910,0.910000,4,plate_1,plate,-0.320000,0.040000,0.280000,1.000000,0.000000,0.000000,-0.000000,0.000000,0.000000,0.000000,0.000000,0.000000,0.000000
910,0.910000,5,fork_1,fork,-0.190000,0.035000,0.280000,0.707107,0.000000,0.707107,0.000000,0.000000,0.000000,0.000000,0.000000,0.000000,0.000000
910,0.910000,6,knife_1,knife,-0.450000,0.035000,0.280000,0.707107,0.000000,0.707107,0.000000,0.000000,0.000000,0.000000,0.000000,0.000000,0.000000
910,0.910000,7,plate_2,plate,0.320000,0.040000,-0.280000,1.000000,0.000000,0.000000,-0.000000,0.000000,0.000000,0.000000,0.000000,0.000000,0.000000
910,0.910000,8,fork_2,fork,0.190000,0.035000,-0.280000,0.707107,0.000000,0.707107,0.000000,0.000000,0.000000,0.000000,0.000000,0.000000,0.000000
910,0.910000,9,knife_2,knife,0.450000,0.035000,-0.280000,0.707107,0.000000,0.707107,0.000000,0.000000,0.000000,0.000000,0.000000,0.000000,0.000000
910,0.910000,10,plate_3,plate,0.320000,0.040000,0.280000,1.000000,0.000000,0.000000,-0.000000,0.000000,0.000000,0.000000,0.000000,0.000000,0.000000
910,0.910000,11,fork_3,fork,0.450000,0.035000,0.280000,0.707107,0.000000,0.707107,0.000000,0.000000,0.000000,0.000000,0.000000,0.000000,0.000000
910,0.910000,12,knife_3,knife,0.190000,0.035000,0.280000,0.707107,0.000000,0.707107,0.000000,0.000000,0.000000,0.000000,0.000000,0.000000,0.000000
910,0.910000,13,candle_0,candle,-0.500000,0.075000,-0.450000,1.000000,0.000000,0.000000,-0.000000,0.000000,0.000000,0.000000,0.000000,0.000000,0.000000
910,0.910000,14,candle_1,candle,-0.500000,0.075000,0.450000,1.000000,0.000000,0.000000,-0.000000,0.000000,0.000000,0.000000,0.000000,0.000000,0.000000
910,0.910000,15,candle_2,candle,0.500000,0.075000,-0.450000,1.000000,0.000000,0.000000,-0.000000,0.000000,0.000000,0.000000,0.000000,0.000000,0.000000
910,0.910000,16,candle_3,candle,0.500000,0.075000,0.450000,1.000000,0.000000,0.000000,-0.000000,0.000000,0.000000,0.000000,0.000000,0.000000,0.000000
910,0.910000,17,pot,pot,0.000000,0.094560,0.000000,1.000000,0.000000,0.000000,-0.000000,0.000000,0.181675,0.000000,0.000000,0.000000,0.000000
915,0.915000,1,plate_0,plate,-0.320000,0.040000,-0.280000,1.000000,0.000000,0.000000,-0.000000,0.000000,0.000000,0.000000,0.000000,0.000000,0.000000
915,0.915000,2,fork_0,fork,-0.450000,0.035000,-0.280000,0.707107,0.000000,0.707107,0.000000,0.000000,0.000000,0.000000,0.000000,0.000000,0.000000
915,0.915000,3,knife_0,knife,-0.190000,0.035000,-0.280000,0.707107,0.000000,0.707107,0.000000,0.000000,0.000000,0.000000,0.000000,0.000000,0.000000
915,0.915000,4,plate_1,plate,-0.320000,0.040000,0.280000,1.000000,0.000000,0.000000,-0.000000,0.000000,0.000000,0.000000,0.000000,0.000000,0.000000
915,0.915000,5,fork_1,fork,-0.190000,0.035000,0.280000,0.707107,0.000000,0.707107,0.000000,0.000000,0.000000,0.000000,0.000000,0.000000,0.000000
915,0.915000,6,knife_1,knife,-0.450000,0.035000,0.280000,0.707107,0.000000,0.707107,0.000000,0.000000,0.000000,0.000000,0.000000,0.000000,0.000000
915,0.915000,7,plate_2,plate,0.320000,0.040000,-0.280000,1.000000,0.000000,0.000000,-0.000000,0.000000,0.000000,0.000000,0.000000,0.000000,0.000000
915,0.915000,8,fork_2,fork,0.190000,0.035000,-0.280000,0.707107,0.000000,0.707107,0.000000,0.000000,0.000000,0.000000,0.000000,0.000000,0.000000
915,0.915000,9,knife_2,knife,0.450000,0.035000,-0.280000,0.707107,0.000000,0.707107,0.000000,0.000000,0.000000,0.000000,0.000000,0.000000,0.000000
915,0.915000,10,plate_3,plate,0.320000,0.040000,0.280000,1.000000,0.000000,0.000000,-0.000000,0.000000,0.000000,0.000000,0.000000,0.000000,0.000000
915,0.915000,11,fork_3,fork,0.450000,0.035000,0.280000,0.707107,0.000000,0.707107,0.000000,0.000000,0.000000,0.000000,0.000000,0.000000,0.000000
915,0.915000,12,knife_3,knife,0.190000,0.035000,0.280000,0.707107,0.000000,0.707107,0.000000,0.000000,0.000000,0.000000,0.000000,0.000000,0.000000
915,0.915000,13,candle_0,candle,-0.500000,0.075000,-0.450000,1.000000,0.000000,0.000000,-0.000000,0.000000,0.000000,0.000000,0.000000,0.000000,0.000000
915,0.915000,14,candle_1,candle,-0.500000,0.075000,0.450000,1.000000,0.000000,0.000000,-0.000000,0.000000,0.000000,0.000000,0.000000,0.000000,0.000000
915,0.915000,15,candle_2,candle,0.500000,0.075000,-0.450000,1.000000,0.000000,0.000000,-0.000000,0.000000,0.000000,0.000000,0.000000,0.000000,0.000000
915,0.915000,16,candle_3,candle,0.500000,0.075000,0.450000,1.000000,0.000000,0.000000,-0.000000,0.000000,0.000000,0.000000,0.000000,0.000000,0.000000
915,0.915000,17,pot,pot,0.000000,0.097426,0.000000,1.000000,0.000000,0.000000,-0.000000,0.000000,0.560760,0.000000,0.000000,0.000000,0.000000
920,0.920000,1,plate_0,plate,-0.320000,0.040000,-0.280000,1.000000,0.000000,0.000000,-0.000000,0.000000,0.000000,0.000000,0.000000,0.000000,0.000000
920,0.920000,2,fork_0,fork,-0.450000,0.035000,-0.280000,0.707107,0.000000,0.707107,0.000000,0.000000,0.000000,0.000000,0.000000,0.000000,0.000000
920,0.920000,3,knife_0,knife,-0.190000,0.035000,-0.280000,0.707107,0.000000,0.707107,0.000000,0.000000,0.000000,0.000000,0.000000,0.000000,0.000000
920,0.920000,4,plate_1,plate,-0.320000,0.040000,0.280000,1.000000,0.000000,0.000000,-0.000000,0.000000,0.000000,0.000000,0.000000,0.000000,0.000000
920,0.920000,5,fork_1,fork,-0.190000,0.035000,0.280000,0.707107,0.000000,0.707107,0.000000,0.000000,0.000000,0.000000,0.000000,0.000000,0.000000
920,0.920000,6,knife_1,knife,-0.450000,0.035000,0.280000,0.707107,0.000000,0.707107,0.000000,0.000000,0.000000,0.000000,0.000000,0.000000,0.000000
920,0.920000,7,plate_2,plate,0.320000,0.040000,-0.280000,1.000000,0.000000,0.000000,-0.000000,0.000000,0.000000,0.000000,0.000000,0.000000,0.000000
920,0.920000,8,fork_2,fork,0.190000,0.035000,-0.280000,0.707107,0.000000,0.707107,0.000000,0.000000,0.000000,0.000000,0.000000,0.000000,0.000000
920,0.920000,9,knife_2,knife,0.450000,0.035000,-0.280000,0.707107,0.000000,0.707107,0.000000,0.000000,0.000000,0.000000,0.000000,0.000000,0.000000
920,0.920000,10,plate_3,plate,0.320000,0.040000,0.280000,1.000000,0.000000,0.000000,-0.000000,0.000000,0.000000,0.000000,0.000000,0.000000,0.000000
920,0.920000,11,fork_3,fork,0.450000,0.035000,0.280000,0.707107,0.000000,0.707107,0.000000,0.000000,0.000000,0.000000,0.000000,0.000000,0.000000
920,0.920000,12,knife_3,knife,0.190000,0.035000,0.280000,0.707107,0.000000,0.707107,0.000000,0.000000,0.000000,0.000000,0.000000,0.000000,0.000000
920,0.920000,13,candle_0,candle,-0.500000,0.075000,-0.450000,1.000000,0.000000,0.000000,-0.000000,0.000000,0.000000,0.000000,0.000000,0.000000,0.000000
920,0.920000,14,candle_1,candle,-0.500000,0.075000,0.450000,1.000000,0.000000,0.000000,-0.000000,0.000000,0.000000,0.000000,0.000000,0.000000,0.000000
920,0.920000,15,candle_2,candle,0.500000,0.075000,-0.450000,1.000000,0.000000,0.000000,-0.000000,0.000000,0.000000,0.000000,0.000000,0.000000,0.000000
920,0.920000,16,candle_3,candle,0.500000,0.075000,0.450000,1.000000,0.000000,0.000000,-0.000000,0.000000,0.000000,0.000000,0.000000,0.000000,0.000000
920,0.920000,17,pot,pot,0.000000,0.100102,0.000000,1.000000,0.000000,0.000000,-0.000000,0.000000,0.511885,0.000000,0.000000,0.000000,0.000000
925,0.925000,1,plate_0,plate,-0.320000,0.040000,-0.280000,1.000000,0.000000,0.000000,-0.000000,0.000000,0.000000,0.000000,0.000000,0.000000,0.000000
925,0.925000,2,fork_0,fork,-0.450000,0.035000,-0.280000,0.707107,0.000000,0.707107,0.000000,0.000000,0.000000,0.000000,0.000000,0.000000,0.000000
925,0.925000,3,knife_0,knife,-0.190000,0.035000,-0.280000,0.707107,0.000000,0.707107,0.000000,0.000000,0.000000,0.000000,0.000000,0.000000,0.000000
925,0.925000,4,plate_1,plate,-0.320000,0.040000,0.280000,1.000000,0.000000,0.000000,-0.000000,0.000000,0.000000,0.000000,0.000000,0.000000,0.000000
925,0.925000,5,fork_1,fork,-0.190000,0.035000,0.280000,0.707107,0.000000,0.707107,0.000000,0.000000,0.000000,0.000000,0.000000,0.000000,0.000000
925,0.925000,6,knife_1,knife,-0.450000,0.035000,0.280000,0.707107,0.000000,0.707107,0.000000,0.000000,0.000000,0.000000,0.000000,0.000000,0.000000
925,0.925000,7,plate_2,plate,0.320000,0.040000,-0.280000,1.000000,0.000000,0.000000,-0.000000,0.000000,0.000000,0.000000,0.000000,0.000000,0.000000
925,0.925000,8,fork_2,fork,0.190000,0.035000,-0.280000,0.707107,0.000000,0.707107,0.000000,0.000000,0.000000,0.000000,0.000000,0.000000,0.000000
925,0.925000,9,knife_2,knife,0.450000,0.035000,-0.280000,0.707107,0.000000,0.707107,0.000000,0.000000,0.000000,0.000000,0.000000,0.000000,0.000000
925,0.925000,10,plate_3,plate,0.320000,0.040000,0.280000,1.000000,0.000000,0.000000,-0.000000,0.000000,0.000000,0.000000,0.000000,0.000000,0.000000
925,0.925000,11,fork_3,fork,0.450000,0.035000,0.280000,0.707107,0.000000,0.707107,0.000000,0.000000,0.000000,0.000000,0.000000,0.000000,0.000000
925,0.925000,12,knife_3,knife,0.190000,0.035000,0.280000,0.707107,0.000000,0.707107,0.000000,0.000000,0.000000,0.000000,0.000000,0.000000,0.000000
925,0.925000,13,candle_0,candle,-0.500000,0.075000,-0.450000,1.000000,0.000000,0.000000,-0.000000,0.000000,0.000000,0.000000,0.000000,0.000000,0.000000
925,0.925000,14,candle_1,candle,-0.500000,0.075000,0.450000,1.000000,0.000000,0.000000,-0.000000,0.000000,0.000000,0.000000,0.000000,0.000000,0.000000
925,0.925000,15,candle_2,candle,0.500000,0.075000,-0.450000,1.000000,0.000000,0.000000,-0.000000,0.000000,0.000000,0.000000,0.000000,0.000000,0.000000
925,0.925000,16,candle_3,candle,0.500000,0.075000,0.450000,1.000000,0.000000,0.000000,-0.000000,0.000000,0.000000,0.000000,0.000000,0.000000,0.000000
925,0.925000,17,pot,pot,0.000000,0.102533,0.000000,1.000000,0.000000,0.000000,-0.000000,0.000000,0.463009,0.000000,0.000000,0.000000,0.000000
930,0.930000,1,plate_0,plate,-0.320000,0.040000,-0.280000,1.000000,0.000000,0.000000,-0.000000,0.000000,0.000000,0.000000,0.000000,0.000000,0.000000
930,0.930000,2,fork_0,fork,-0.450000,0.035000,-0.280000,0.707107,0.000000,0.707107,0.000000,0.000000,0.000000,0.000000,0.000000,0.000000,0.000000
930,0.930000,3,knife_0,knife,-0.190000,0.035000,-0.280000,0.707107,0.000000,0.707107,0.000000,0.000000,0.000000,0.000000,0.000000,0.000000,0.000000
930,0.930000,4,plate_1,plate,-0.320000,0.040000,0.280000,1.000000,0.000000,0.000000,-0.000000,0.000000,0.000000,0.000000,0.000000,0.000000,0.000000
930,0.930000,5,fork_1,fork,-0.190000,0.035000,0.280000,0.707107,0.000000,0.707107,0.000000,0.000000,0.000000,0.000000,0.000000,0.000000,0.000000
930,0.930000,6,knife_1,knife,-0.450000,0.035000,0.280000,0.707107,0.000000,0.707107,0.000000,0.000000,0.000000,0.000000,0.000000,0.000000,0.000000
930,0.930000,7,plate_2,plate,0.320000,0.040000,-0.280000,1.000000,0.000000,0.000000,-0.000000,0.000000,0.000000,0.000000,0.000000,0.000000,0.000000
930,0.930000,8,fork_2,fork,0.190000,0.035000,-0.280000,0.707107,0.000000,0.707107,0.000000,0.000000,0.000000,0.000000,0.000000,0.000000,0.000000
930,0.930000,9,knife_2,knife,0.450000,0.035000,-0.280000,0.707107,0.000000,0.707107,0.000000,0.000000,0.000000,0.000000,0.000000,0.000000,0.000000
930,0.930000,10,plate_3,plate,0.320000,0.040000,0.280000,1.000000,0.000000,0.000000,-0.000000,0.000000,0.000000,0.000000,0.000000,0.000000,0.000000
930,0.930000,11,fork_3,fork,0.450000,0.035000,0.280000,0.707107,0.000000,0.707107,0.000000,0.000000,0.000000,0.000000,0.000000,0.000000,0.000000
930,0.930000,12,knife_3,knife,0.190000,0.035000,0.280000,0.707107,0.000000,0.707107,0.000000,0.000000,0.000000,0.000000,0.000000,0.000000,0.000000
930,0.930000,13,candle_0,candle,-0.500000,0.075000,-0.450000,1.000000,0.000000,0.000000,-0.000000,0.000000,0.000000,0.000000,0.000000,0.000000,0.000000
930,0.930000,14,candle_1,candle,-0.500000,0.075000,0.450000,1.000000,0.000000,0.000000,-0.000000,0.000000,0.000000,0.000000,0.000000,0.000000,0.000000
930,0.930000,15,candle_2,candle,0.500000,0.075000,-0.450000,1.000000,0.000000,0.000000,-0.000000,0.000000,0.000000,0.000000,0.000000,0.000000,0.000000
930,0.930000,16,candle_3,candle,0.500000,0.075000,0.450000,1.000000,0.000000,0.000000,-0.000000,0.000000,0.000000,0.000000,0.000000,0.000000,0.000000
930,0.930000,17,pot,pot,0.000000,0.104719,0.000000,1.000000,0.000000,0.000000,-0.000000,0.000000,0.414133,0.000000,0.000000,0.000000,0.000000
935,0.935000,1,plate_0,plate,-0.320000,0.040000,-0.280000,1.000000,0.000000,0.000000,-0.000000,0.000000,0.000000,0.000000,0.000000,0.000000,0.000000
935,0.935000,2,fork_0,fork,-0.450000,0.035000,-0.280000,0.707107,0.000000,0.707107,0.000000,0.000000,0.000000,0.000000,0.000000,0.000000,0.000000
935,0.935000,3,knife_0,knife,-0.190000,0.035000,-0.280000,0.707107,0.000000,0.707107,0.000000,0.000000,0.000000,0.000000,0.000000,0.000000,0.000000
935,0.935000,4,plate_1,plate,-0.320000,0.040000,0.280000,1.000000,0.000000,0.000000,-0.000000,0.000000,0.000000,0.000000,0.000000,0.000000,0.000000
935,0.935000,5,fork_1,fork,-0.190000,0.035000,0.280000,0.707107,0.000000,0.707107,0.000000,0.000000,0.000000,0.000000,0.000000,0.000000,0.000000
935,0.935000,6,knife_1,knife,-0.450000,0.035000,0.280000,0.707107,0.000000,0.707107,0.000000,0.000000,0.000000,0.000000,0.000000,0.000000,0.000000
935,0.935000,7,plate_2,plate,0.320000,0.040000,-0.280000,1.000000,0.000000,0.000000,-0.000000,0.000000,0.000000,0.000000,0.000000,0.000000,0.000000
935,0.935000,8,fork_2,fork,0.190000,0.035000,-0.280000,0.707107,0.000000,0.707107,0.000000,0.000000,0.000000,0.000000,0.000000,0.000000,0.000000
935,0.935000,9,knife_2,knife,0.450000,0.035000,-0.280000,0.707107,0.000000,0.707107,0.000000,0.000000,0.000000,0.000000,0.000000,0.000000,0.000000
935,0.935000,10,plate_3,plate,0.320000,0.040000,0.280000,1.000000,0.000000,0.000000,-0.000000,0.000000,0.000000,0.000000,0.000000,0.000000,0.000000
935,0.935000,11,fork_3,fork,0.450000,0.035000,0.280000,0.707107,0.000000,0.707107,0.000000,0.000000,0.000000,0.000000,0.000000,0.000000,0.000000
935,0.935000,12,knife_3,knife,0.190000,0.035000,0.280000,0.707107,0.000000,0.707107,0.000000,0.000000,0.000000,0.000000,0.000000,0.000000,0.000000
935,0.935000,13,candle_0,candle,-0.500000,0.075000,-0.450000,1.000000,0.000000,0.000000,-0.000000,0.000000,0.000000,0.000000,0.000000,0.000000,0.000000
935,0.935000,14,candle_1,candle,-0.500000,0.075000,0.450000,1.000000,0.000000,0.000000,-0.000000,0.000000,0.000000,0.000000,0.000000,0.000000,0.000000
935,0.935000,15,candle_2,candle,0.500000,0.075000,-0.450000,1.000000,0.000000,0.000000,-0.000000,0.000000,0.000000,0.000000,0.000000,0.000000,0.000000
935,0.935000,16,candle_3,candle,0.500000,0.075000,0.450000,1.000000,0.000000,0.000000,-0.000000,0.000000,0.000000,0.000000,0.000000,0.000000,0.000000
935,0.935000,17,pot,pot,0.000000,0.106662,0.000000,1.000000,0.000000,0.000000,-0.000000,0.000000,0.365257,0.000000,0.000000,0.000000,0.000000
940,0.940000,1,plate_0,plate,-0.320000,0.040000,-0.280000,1.000000,0.000000,0.000000,-0.000000,0.000000,0.000000,0.000000,0.000000,0.000000,0.000000
940,0.940000,2,fork_0,fork,-0.450000,0.035000,-0.280000,0.707107,0.000000,0.707107,0.000000,0.000000,0.000000,0.000000,0.000000,0.000000,0.000000
940,0.940000,3,knife_0,knife,-0.190000,0.035000,-0.280000,0.707107,0.000000,0.707107,0.000000,0.000000,0.000000,0.000000,0.000000,0.000000,0.000000
940,0.940000,4,plate_1,plate,-0.320000,0.040000,0.280000,1.000000,0.000000,0.000000,-0.000000,0.000000,0.000000,0.000000,0.000000,0.000000,0.000000
940,0.940000,5,fork_1,fork,-0.190000,0.035000,0.280000,0.707107,0.000000,0.707107,0.000000,0.000000,0.000000,0.000000,0.000000,0.000000,0.000000
940,0.940000,6,knife_1,knife,-0.450000,0.035000,0.280000,0.707107,0.000000,0.707107,0.000000,0.000000,0.000000,0.000000,0.000000,0.000000,0.000000
940,0.940000,7,plate_2,plate,0.320000,0.040000,-0.280000,1.000000,0.000000,0.000000,-0.000000,0.000000,0.000000,0.000000,0.000000,0.000000,0.000000
940,0.940000,8,fork_2,fork,0.190000,0.035000,-0.280000,0.707107,0.000000,0.707107,0.000000,0.000000,0.000000,0.000000,0.000000,0.000000,0.000000
940,0.940000,9,knife_2,knife,0.450000,0.035000,-0.280000,0.707107,0.000000,0.707107,0.000000,0.000000,0.000000,0.000000,0.000000,0.000000,0.000000
940,0.940000,10,plate_3,plate,0.320000,0.040000,0.280000,1.000000,0.000000,0.000000,-0.000000,0.000000,0.000000,0.000000,0.000000,0.000000,0.000000
940,0.940000,11,fork_3,fork,0.450000,0.035000,0.280000,0.707107,0.000000,0.707107,0.000000,0.000000,0.000000,0.000000,0.000000,0.000000,0.000000
940,0.940000,12,knife_3,knife,0.190000,0.035000,0.280000,0.707107,0.000000,0.707107,0.000000,0.000000,0.000000,0.000000,0.000000,0.000000,0.000000
940,0.940000,13,candle_0,candle,-0.500000,0.075000,-0.450000,1.000000,0.000000,0.000000,-0.000000,0.000000,0.000000,0.000000,0.000000,0.000000,0.000000
940,0.940000,14,candle_1,candle,-0.500000,0.075000,0.450000,1.000000,0.000000,0.000000,-0.000000,0.000000,0.000000,0.000000,0.000000,0.000000,0.000000
940,0.940000,15,candle_2,candle,0.500000,0.075000,-0.450000,1.000000,0.000000,0.000000,-0.000000,0.000000,0.000000,0.000000,0.000000,0.000000,0.000000
940,0.940000,16,candle_3,candle,0.500000,0.075000,0.450000,1.000000,0.000000,0.000000,-0.000000,0.000000,0.000000,0.000000,0.000000,0.000000,0.000000
940,0.940000,17,pot,pot,0.000000,0.108360,0.000000,1.000000,0.000000,0.000000,-0.000000,0.000000,0.316381,0.000000,0.000000,0.000000,0.000000
945,0.945000,1,plate_0,plate,-0.320000,0.040000,-0.280000,1.000000,0.000000,0.000000,-0.000000,0.000000,0.000000,0.000000,0.000000,0.000000,0.000000
945,0.945000,2,fork_0,fork,-0.450000,0.035000,-0.280000,0.707107,0.000000,0.707107,0.000000,0.000000,0.000000,0.000000,0.000000,0.000000,0.000000
945,0.945000,3,knife_0,knife,-0.190000,0.035000,-0.280000,0.707107,0.000000,0.707107,0.000000,0.000000,0.000000,0.000000,0.000000,0.000000,0.000000
945,0.945000,4,plate_1,plate,-0.320000,0.040000,0.280000,1.000000,0.000000,0.000000,-0.000000,0.000000,0.000000,0.000000,0.000000,0.000000,0.000000
945,0.945000,5,fork_1,fork,-0.190000,0.035000,0.280000,0.707107,0.000000,0.707107,0.000000,0.000000,0.000000,0.000000,0.000000,0.000000,0.000000
945,0.945000,6,knife_1,knife,-0.450000,0.035000,0.280000,0.707107,0.000000,0.707107,0.000000,0.000000,0.000000,0.000000,0.000000,0.000000,0.000000
945,0.945000,7,plate_2,plate,0.320000,0.040000,-0.280000,1.000000,0.000000,0.000000,-0.000000,0.000000,0.000000,0.000000,0.000000,0.000000,0.000000
945,0.945000,8,fork_2,fork,0.190000,0.035000,-0.280000,0.707107,0.000000,0.707107,0.000000,0.000000,0.000000,0.000000,0.000000,0.000000,0.000000
945,0.945000,9,knife_2,knife,0.450000,0.035000,-0.280000,0.707107,0.000000,0.707107,0.000000,0.000000,0.000000,0.000000,0.000000,0.000000,0.000000
945,0.945000,10,plate_3,plate,0.320000,0.040000,0.280000,1.000000,0.000000,0.000000,-0.000000,0.000000,0.000000,0.000000,0.000000,0.000000,0.000000
945,0.945000,11,fork_3,fork,0.450000,0.035000,0.280000,0.707107,0.000000,0.707107,0.000000,0.000000,0.000000,0.000000,0.000000,0.000000,0.000000
945,0.945000,12,knife_3,knife,0.190000,0.035000,0.280000,0.707107,0.000000,0.707107,0.000000,0.000000,0.000000,0.000000,0.000000,0.000000,0.000000
945,0.945000,13,candle_0,candle,-0.500000,0.075000,-0.450000,1.000000,0.000000,0.000000,-0.000000,0.000000,0.000000,0.000000,0.000000,0.000000,0.000000
945,0.945000,14,candle_1,candle,-0.500000,0.075000,0.450000,1.000000,0.000000,0.000000,-0.000000,0.000000,0.000000,0.000000,0.000000,0.000000,0.000000
945,0.945000,15,candle_2,candle,0.500000,0.075000,-0.450000,1.000000,0.000000,0.000000,-0.000000,0.000000,0.000000,0.000000,0.000000,0.000000,0.000000
945,0.945000,16,candle_3,candle,0.500000,0.075000,0.450000,1.000000,0.000000,0.000000,-0.000000,0.000000,0.000000,0.000000,0.000000,0.000000,0.000000
945,0.945000,17,pot,pot,0.000000,0.109813,0.000000,1.000000,0.000000,0.000000,-0.000000,0.000000,0.267506,0.000000,0.000000,0.000000,0.000000
950,0.950000,1,plate_0,plate,-0.320000,0.040000,-0.280000,1.000000,0.000000,0.000000,-0.000000,0.000000,0.000000,0.000000,0.000000,0.000000,0.000000
950,0.950000,2,fork_0,fork,-0.450000,0.035000,-0.280000,0.707107,0.000000,0.707107,0.000000,0.000000,0.000000,0.000000,0.000000,0.000000,0.000000
950,0.950000,3,knife_0,knife,-0.190000,0.035000,-0.280000,0.707107,0.000000,0.707107,0.000000,0.000000,0.000000,0.000000,0.000000,0.000000,0.000000
950,0.950000,4,plate_1,plate,-0.320000,0.040000,0.280000,1.000000,0.000000,0.000000,-0.000000,0.000000,0.000000,0.000000,0.000000,0.000000,0.000000
950,0.950000,5,fork_1,fork,-0.190000,0.035000,0.280000,0.707107,0.000000,0.707107,0.000000,0.000000,0.000000,0.000000,0.000000,0.000000,0.000000
950,0.950000,6,knife_1,knife,-0.450000,0.035000,0.280000,0.707107,0.000000,0.707107,0.000000,0.000000,0.000000,0.000000,0.000000,0.000000,0.000000
950,0.950000,7,plate_2,plate,0.320000,0.040000,-0.280000,1.000000,0.000000,0.000000,-0.000000,0.000000,0.000000,0.000000,0.000000,0.000000,0.000000
950,0.950000,8,fork_2,fork,0.190000,0.035000,-0.280000,0.707107,0.000000,0.707107,0.000000,0.000000,0.000000,0.000000,0.000000,0.000000,0.000000
950,0.950000,9,knife_2,knife,0.450000,0.035000,-0.280000,0.707107,0.000000,0.707107,0.000000,0.000000,0.000000,0.000000,0.000000,0.000000,0.000000
950,0.950000,10,plate_3,plate,0.320000,0.040000,0.280000,1.000000,0.000000,0.000000,-0.000000,0.000000,0.000000,0.000000,0.000000,0.000000,0.000000
950,0.950000,11,fork_3,fork,0.450000,0.035000,0.280000,0.707107,0.000000,0.707107,0.000000,0.000000,0.000000,0.000000,0.000000,0.000000,0.000000
950,0.950000,12,knife_3,knife,0.190000,0.035000,0.280000,0.707107,0.000000,0.707107,0.000000,0.000000,0.000000,0.000000,0.000000,0.000000,0.000000
950,0.950000,13,candle_0,candle,-0.500000,0.075000,-0.450000,1.000000,0.000000,0.000000,-0.000000,0.000000,0.000000,0.000000,0.000000,0.000000,0.000000
950,0.950000,14,candle_1,candle,-0.500000,0.075000,0.450000,1.000000,0.000000,0.000000,-0.000000,0.000000,0.000000,0.000000,0.000000,0.000000,0.000000
950,0.950000,15,candle_2,candle,0.500000,0.075000,-0.450000,1.000000,0.000000,0.000000,-0.000000,0.000000,0.000000,0.000000,0.000000,0.000000,0.000000
950,0.950000,16,candle_3,candle,0.500000,0.075000,0.450000,1.000000,0.000000,0.000000,-0.000000,0.000000,0.000000,0.000000,0.000000,0.000000,0.000000
950,0.950000,17,pot,pot,0.000000,0.111023,0.000000,1.000000,0.000000,0.000000,-0.000000,0.000000,0.218630,0.000000,0.000000,0.000000,0.000000
955,0.955000,1,plate_0,plate,-0.320000,0.040000,-0.280000,1.000000,0.000000,0.000000,-0.000000,0.000000,0.000000,0.000000,0.000000,0.000000,0.000000
955,0.955000,2,fork_0,fork,-0.450000,0.035000,-0.280000,0.707107,0.000000,0.707107,0.000000,0.000000,0.000000,0.000000,0.000000,0.000000,0.000000
955,0.955000,3,knife_0,knife,-0.190000,0.035000,-0.280000,0.707107,0.000000,0.707107,0.000000,0.000000,0.000000,0.000000,0.000000,0.000000,0.000000
955,0.955000,4,plate_1,plate,-0.320000,0.040000,0.280000,1.000000,0.000000,0.000000,-0.000000,0.000000,0.000000,0.000000,0.000000,0.000000,0.000000
955,0.955000,5,fork_1,fork,-0.190000,0.035000,0.280000,0.707107,0.000000,0.707107,0.000000,0.000000,0.000000,0.000000,0.000000,0.000000,0.000000
955,0.955000,6,knife_1,knife,-0.450000,0.035000,0.280000,0.707107,0.000000,0.707107,0.000000,0.000000,0.000000,0.000000,0.000000,0.000000,0.000000
955,0.955000,7,plate_2,plate,0.320000,0.040000,-0.280000,1.000000,0.000000,0.000000,-0.000000,0.000000,0.000000,0.000000,0.000000,0.000000,0.000000
955,0.955000,8,fork_2,fork,0.190000,0.035000,-0.280000,0.707107,0.000000,0.707107,0.000000,0.000000,0.000000,0.000000,0.000000,0.000000,0.000000
955,0.955000,9,knife_2,knife,0.450000,0.035000,-0.280000,0.707107,0.000000,0.707107,0.000000,0.000000,0.000000,0.000000,0.000000,0.000000,0.000000
955,0.955000,10,plate_3,plate,0.320000,0.040000,0.280000,1.000000,0.000000,0.000000,-0.000000,0.000000,0.000000,0.000000,0.000000,0.000000,0.000000
955,0.955000,11,fork_3,fork,0.450000,0.035000,0.280000,0.707107,0.000000,0.707107,0.000000,0.000000,0.000000,0.000000,0.000000,0.000000,0.000000
955,0.955000,12,knife_3,knife,0.190000,0.035000,0.280000,0.707107,0.000000,0.707107,0.000000,0.000000,0.000000,0.000000,0.000000,0.000000,0.000000
955,0.955000,13,candle_0,candle,-0.500000,0.075000,-0.450000,1.000000,0.000000,0.000000,-0.000000,0.000000,0.000000,0.000000,0.000000,0.000000,0.000000
955,0.955000,14,candle_1,candle,-0.500000,0.075000,0.450000,1.000000,0.000000,0.000000,-0.000000,0.000000,0.000000,0.000000,0.000000,0.000000,0.000000
955,0.955000,15,candle_2,candle,0.500000,0.075000,-0.450000,1.000000,0.000000,0.000000,-0.000000,0.000000,0.000000,0.000000,0.000000,0.000000,0.000000
955,0.955000,16,candle_3,candle,0.500000,0.075000,0.450000,1.000000,0.000000,0.000000,-0.000000,0.000000,0.000000,0.000000,0.000000,0.000000,0.000000
955,0.955000,17,pot,pot,0.000000,0.111987,0.000000,1.000000,0.000000,0.000000,-0.000000,0.000000,0.169754,0.000000,0.000000,0.000000,0.000000
960,0.960000,1,plate_0,plate,-0.320000,0.040000,-0.280000,1.000000,0.000000,0.000000,-0.000000,0.000000,0.000000,0.000000,0.000000,0.000000,0.000000
960,0.960000,2,fork_0,fork,-0.450000,0.035000,-0.280000,0.707107,0.000000,0.707107,0.000000,0.000000,0.000000,0.000000,0.000000,0.000000,0.000000
960,0.960000,3,knife_0,knife,-0.190000,0.035000,-0.280000,0.707107,0.000000,0.707107,0.000000,0.000000,0.000000,0.000000,0.000000,0.000000,0.000000
960,0.960000,4,plate_1,plate,-0.320000,0.040000,0.280000,1.000000,0.000000,0.000000,-0.000000,0.000000,0.000000,0.000000,0.000000,0.000000,0.000000
960,0.960000,5,fork_1,fork,-0.190000,0.035000,0.280000,0.707107,0.000000,0.707107,0.000000,0.000000,0.000000,0.000000,0.000000,0.000000,0.000000
960,0.960000,6,knife_1,knife,-0.450000,0.035000,0.280000,0.707107,0.000000,0.707107,0.000000,0.000000,0.000000,0.000000,0.000000,0.000000,0.000000
960,0.960000,7,plate_2,plate,0.320000,0.040000,-0.280000,1.000000,0.000000,0.000000,-0.000000,0.000000,0.000000,0.000000,0.000000,0.000000,0.000000
960,0.960000,8,fork_2,fork,0.190000,0.035000,-0.280000,0.707107,0.000000,0.707107,0.000000,0.000000,0.000000,0.000000,0.000000,0.000000,0.000000
960,0.960000,9,knife_2,knife,0.450000,0.035000,-0.280000,0.707107,0.000000,0.707107,0.000000,0.000000,0.000000,0.000000,0.000000,0.000000,0.000000
960,0.960000,10,plate_3,plate,0.320000,0.040000,0.280000,1.000000,0.000000,0.000000,-0.000000,0.000000,0.000000,0.000000,0.000000,0.000000,0.000000
960,0.960000,11,fork_3,fork,0.450000,0.035000,0.280000,0.707107,0.000000,0.707107,0.000000,0.000000,0.000000,0.000000,0.000000,0.000000,0.000000
960,0.960000,12,knife_3,knife,0.190000,0.035000,0.280000,0.707107,0.000000,0.707107,0.000000,0.000000,0.000000,0.000000,0.000000,0.000000,0.000000
960,0.960000,13,candle_0,candle,-0.500000,0.075000,-0.450000,1.000000,0.000000,0.000000,-0.000000,0.000000,0.000000,0.000000,0.000000,0.000000,0.000000
960,0.960000,14,candle_1,candle,-0.500000,0.075000,0.450000,1.000000,0.000000,0.000000,-0.000000,0.000000,0.000000,0.000000,0.000000,0.000000,0.000000
960,0.960000,15,candle_2,candle,0.500000,0.075000,-0.450000,1.000000,0.000000,0.000000,-0.000000,0.000000,0.000000,0.000000,0.000000,0.000000,0.000000
960,0.960000,16,candle_3,candle,0.500000,0.075000,0.450000,1.000000,0.000000,0.000000,-0.000000,0.000000,0.000000,0.000000,0.000000,0.000000,0.000000
960,0.960000,17,pot,pot,0.000000,0.112708,0.000000,1.000000,0.000000,0.000000,-0.000000,0.000000,0.120878,0.000000,0.000000,0.000000,0.000000
965,0.965000,1,plate_0,plate,-0.320000,0.040000,-0.280000,1.000000,0.000000,0.000000,-0.000000,0.000000,0.000000,0.000000,0.000000,0.000000,0.000000
965,0.965000,2,fork_0,fork,-0.450000,0.035000,-0.280000,0.707107,0.000000,0.707107,0.000000,0.000000,0.000000,0.000000,0.000000,0.000000,0.000000
965,0.965000,3,knife_0,knife,-0.190000,0.035000,-0.280000,0.707107,0.000000,0.707107,0.000000,0.000000,0.000000,0.000000,0.000000,0.000000,0.000000
965,0.965000,4,plate_1,plate,-0.320000,0.040000,0.280000,1.000000,0.000000,0.000000,-0.000000,0.000000,0.000000,0.000000,0.000000,0.000000,0.000000
965,0.965000,5,fork_1,fork,-0.190000,0.035000,0.280000,0.707107,0.000000,0.707107,0.000000,0.000000,0.000000,0.000000,0.000000,0.000000,0.000000
965,0.965000,6,knife_1,knife,-0.450000,0.035000,0.280000,0.707107,0.000000,0.707107,0.000000,0.000000,0.000000,0.000000,0.000000,0.000000,0.000000
965,0.965000,7,plate_2,plate,0.320000,0.040000,-0.280000,1.000000,0.000000,0.000000,-0.000000,0.000000,0.000000,0.000000,0.000000,0.000000,0.000000
965,0.965000,8,fork_2,fork,0.190000,0.035000,-0.280000,0.707107,0.000000,0.707107,0.000000,0.000000,0.000000,0.000000,0.000000,0.000000,0.000000
965,0.965000,9,knife_2,knife,0.450000,0.035000,-0.280000,0.707107,0.000000,0.707107,0.000000,0.000000,0.000000,0.000000,0.000000,0.000000,0.000000
965,0.965000,10,plate_3,plate,0.320000,0.040000,0.280000,1.000000,0.000000,0.000000,-0.000000,0.000000,0.000000,0.000000,0.000000,0.000000,0.000000
965,0.965000,11,fork_3,fork,0.450000,0.035000,0.280000,0.707107,0.000000,0.707107,0.000000,0.000000,0.000000,0.000000,0.000000,0.000000,0.000000
965,0.965000,12,knife_3,knife,0.190000,0.035000,0.280000,0.707107,0.000000,0.707107,0.000000,0.000000,0.000000,0.000000,0.000000,0.000000,0.000000
965,0.965000,13,candle_0,candle,-0.500000,0.075000,-0.450000,1.000000,0.000000,0.000000,-0.000000,0.000000,0.000000,0.000000,0.000000,0.000000,0.000000
965,0.965000,14,candle_1,candle,-0.500000,0.075000,0.450000,1.000000,0.000000,0.000000,-0.000000,0.000000,0.000000,0.000000,0.000000,0.000000,0.000000
965,0.965000,15,candle_2,candle,0.500000,0.075000,-0.450000,1.000000,0.000000,0.000000,-0.000000,0.000000,0.000000,0.000000,0.000000,0.000000,0.000000
965,0.965000,16,candle_3,candle,0.500000,0.075000,0.450000,1.000000,0.000000,0.000000,-0.000000,0.000000,0.000000,0.000000,0.000000,0.000000,0.000000
965,0.965000,17,pot,pot,0.000000,0.113184,0.000000,1.000000,0.000000,0.000000,-0.000000,0.000000,0.072002,0.000000,0.000000,0.000000,0.000000
970,0.970000,1,plate_0,plate,-0.320000,0.040000,-0.280000,1.000000,0.000000,0.000000,-0.000000,0.000000,0.000000,0.000000,0.000000,0.000000,0.000000
970,0.970000,2,fork_0,fork,-0.450000,0.035000,-0.280000,0.707107,0.000000,0.707107,0.000000,0.000000,0.000000,0.000000,0.000000,0.000000,0.000000
970,0.970000,3,knife_0,knife,-0.190000,0.035000,-0.280000,0.707107,0.000000,0.707107,0.000000,0.000000,0.000000,0.000000,0.000000,0.000000,0.000000
970,0.970000,4,plate_1,plate,-0.320000,0.040000,0.280000,1.000000,0.000000,0.000000,-0.000000,0.000000,0.000000,0.000000,0.000000,0.000000,0.000000
970,0.970000,5,fork_1,fork,-0.190000,0.035000,0.280000,0.707107,0.000000,0.707107,0.000000,0.000000,0.000000,0.000000,0.000000,0.000000,0.000000
970,0.970000,6,knife_1,knife,-0.450000,0.035000,0.280000,0.707107,0.000000,0.707107,0.000000,0.000000,0.000000,0.000000,0.000000,0.000000,0.000000
970,0.970000,7,plate_2,plate,0.320000,0.040000,-0.280000,1.000000,0.000000,0.000000,-0.000000,0.000000,0.000000,0.000000,0.000000,0.000000,0.000000
970,0.970000,8,fork_2,fork,0.190000,0.035000,-0.280000,0.707107,0.000000,0.707107,0.000000,0.000000,0.000000,0.000000,0.000000,0.000000,0.000000
970,0.970000,9,knife_2,knife,0.450000,0.035000,-0.280000,0.707107,0.000000,0.707107,0.000000,0.000000,0.000000,0.000000,0.000000,0.000000,0.000000
970,0.970000,10,plate_3,plate,0.320000,0.040000,0.280000,1.000000,0.000000,0.000000,-0.000000,0.000000,0.000000,0.000000,0.000000,0.000000,0.000000
970,0.970000,11,fork_3,fork,0.450000,0.035000,0.280000,0.707107,0.000000,0.707107,0.000000,0.000000,0.000000,0.000000,0.000000,0.000000,0.000000
970,0.970000,12,knife_3,knife,0.190000,0.035000,0.280000,0.707107,0.000000,0.707107,0.000000,0.000000,0.000000,0.000000,0.000000,0.000000,0.000000
970,0.970000,13,candle_0,candle,-0.500000,0.075000,-0.450000,1.000000,0.000000,0.000000,-0.000000,0.000000,0.000000,0.000000,0.000000,0.000000,0.000000
970,0.970000,14,candle_1,candle,-0.500000,0.075000,0.450000,1.000000,0.000000,0.000000,-0.000000,0.000000,0.000000,0.000000,0.000000,0.000000,0.000000
970,0.970000,15,candle_2,candle,0.500000,0.075000,-0.450000,1.000000,0.000000,0.000000,-0.000000,0.000000,0.000000,0.000000,0.000000,0.000000,0.000000
970,0.970000,16,candle_3,candle,0.500000,0.075000,0.450000,1.000000,0.000000,0.000000,-0.000000,0.000000,0.000000,0.000000,0.000000,0.000000,0.000000
970,0.970000,17,pot,pot,0.000000,0.113416,0.000000,1.000000,0.000000,0.000000,-0.000000,0.000000,0.023127,0.000000,0.000000,0.000000,0.000000
975,0.975000,1,plate_0,plate,-0.320000,0.040000,-0.280000,1.000000,0.000000,0.000000,-0.000000,0.000000,0.000000,0.000000,0.000000,0.000000,0.000000
975,0.975000,2,fork_0,fork,-0.450000,0.035000,-0.280000,0.707107,0.000000,0.707107,0.000000,0.000000,0.000000,0.000000,0.000000,0.000000,0.000000
975,0.975000,3,knife_0,knife,-0.190000,0.035000,-0.280000,0.707107,0.000000,0.707107,0.000000,0.000000,0.000000,0.000000,0.000000,0.000000,0.000000
975,0.975000,4,plate_1,plate,-0.320000,0.040000,0.280000,1.000000,0.000000,0.000000,-0.000000,0.000000,0.000000,0.000000,0.000000,0.000000,0.000000
975,0.975000,5,fork_1,fork,-0.190000,0.035000,0.280000,0.707107,0.000000,0.707107,0.000000,0.000000,0.000000,0.000000,0.000000,0.000000,0.000000
975,0.975000,6,knife_1,knife,-0.450000,0.035000,0.280000,0.707107,0.000000,0.707107,0.000000,0.000000,0.000000,0.000000,0.000000,0.000000,0.000000
975,0.975000,7,plate_2,plate,0.320000,0.040000,-0.280000,1.000000,0.000000,0.000000,-0.000000,0.000000,0.000000,0.000000,0.000000,0.000000,0.000000
975,0.975000,8,fork_2,fork,0.190000,0.035000,-0.280000,0.707107,0.000000,0.707107,0.000000,0.000000,0.000000,0.000000,0.000000,0.000000,0.000000
975,0.975000,9,knife_2,knife,0.450000,0.035000,-0.280000,0.707107,0.000000,0.707107,0.000000,0.000000,0.000000,0.000000,0.000000,0.000000,0.000000
975,0.975000,10,plate_3,plate,0.320000,0.040000,0.280000,1.000000,0.000000,0.000000,-0.000000,0.000000,0.000000,0.000000,0.000000,0.000000,0.000000
975,0.975000,11,fork_3,fork,0.450000,0.035000,0.280000,0.707107,0.000000,0.707107,0.000000,0.000000,0.000000,0.000000,0.000000,0.000000,0.000000
975,0.975000,12,knife_3,knife,0.190000,0.035000,0.280000,0.707107,0.000000,0.707107,0.000000,0.000000,0.000000,0.000000,0.000000,0.000000,0.000000
975,0.975000,13,candle_0,candle,-0.500000,0.075000,-0.450000,1.000000,0.000000,0.000000,-0.000000,0.000000,0.000000,0.000000,0.000000,0.000000,0.000000
975,0.975000,14,candle_1,candle,-0.500000,0.075000,0.450000,1.000000,0.000000,0.000000,-0.000000,0.000000,0.000000,0.000000,0.000000,0.000000,0.000000
975,0.975000,15,candle_2,candle,0.500000,0.075000,-0.450000,1.000000,0.000000,0.000000,-0.000000,0.000000,0.000000,0.000000,0.000000,0.000000,0.000000
975,0.975000,16,candle_3,candle,0.500000,0.075000,0.450000,1.000000,0.000000,0.000000,-0.000000,0.000000,0.000000,0.000000,0.000000,0.000000,0.000000
975,0.975000,17,pot,pot,0.000000,0.113403,0.000000,1.000000,0.000000,0.000000,-0.000000,0.000000,-0.025749,0.000000,0.000000,0.000000,0.000000
980,0.980000,1,plate_0,plate,-0.320000,0.040000,-0.280000,1.000000,0.000000,0.000000,-0.000000,0.000000,0.000000,0.000000,0.000000,0.000000,0.000000
980,0.980000,2,fork_0,fork,-0.450000,0.035000,-0.280000,0.707107,0.000000,0.707107,0.000000,0.000000,0.000000,0.000000,0.000000,0.000000,0.000000
980,0.980000,3,knife_0,knife,-0.190000,0.035000,-0.280000,0.707107,0.000000,0.707107,0.000000,0.000000,0.000000,0.000000,0.000000,0.000000,0.000000
980,0.980000,4,plate_1,plate,-0.320000,0.040000,0.280000,1.000000,0.000000,0.000000,-0.000000,0.000000,0.000000,0.000000,0.000000,0.000000,0.000000
980,0.980000,5,fork_1,fork,-0.190000,0.035000,0.280000,0.707107,0.000000,0.707107,0.000000,0.000000,0.000000,0.000000,0.000000,0.000000,0.000000
980,0.980000,6,knife_1,knife,-0.450000,0.035000,0.280000,0.707107,0.000000,0.707107,0.000000,0.000000,0.000000,0.000000,0.000000,0.000000,0.000000
980,0.980000,7,plate_2,plate,0.320000,0.040000,-0.280000,1.000000,0.000000,0.000000,-0.000000,0.000000,0.000000,0.000000,0.000000,0.000000,0.000000
980,0.980000,8,fork_2,fork,0.190000,0.035000,-0.280000,0.707107,0.000000,0.707107,0.000000,0.000000,0.000000,0.000000,0.000000,0.000000,0.000000
980,0.980000,9,knife_2,knife,0.450000,0.035000,-0.280000,0.707107,0.000000,0.707107,0.000000,0.000000,0.000000,0.000000,0.000000,0.000000,0.000000
980,0.980000,10,plate_3,plate,0.320000,0.040000,0.280000,1.000000,0.000000,0.000000,-0.000000,0.000000,0.000000,0.000000,0.000000,0.000000,0.000000
980,0.980000,11,fork_3,fork,0.450000,0.035000,0.280000,0.707107,0.000000,0.707107,0.000000,0.000000,0.000000,0.000000,0.000000,0.000000,0.000000
980,0.980000,12,knife_3,knife,0.190000,0.035000,0.280000,0.707107,0.000000,0.707107,0.000000,0.000000,0.000000,0.000000,0.000000,0.000000,0.000000
980,0.980000,13,candle_0,candle,-0.500000,0.075000,-0.450000,1.000000,0.000000,0.000000,-0.000000,0.000000,0.000000,0.000000,0.000000,0.000000,0.000000
980,0.980000,14,candle_1,candle,-0.500000,0.075000,0.450000,1.000000,0.000000,0.000000,-0.000000,0.000000,0.000000,0.000000,0.000000,0.000000,0.000000
980,0.980000,15,candle_2,candle,0.500000,0.075000,-0.450000,1.000000,0.000000,0.000000,-0.000000,0.000000,0.000000,0.000000,0.000000,0.000000,0.000000
980,0.980000,16,candle_3,candle,0.500000,0.075000,0.450000,1.000000,0.000000,0.000000,-0.000000,0.000000,0.000000,0.000000,0.000000,0.000000,0.000000
980,0.980000,17,pot,pot,0.000000,0.113146,0.000000,1.000000,0.000000,0.000000,-0.000000,0.000000,-0.074625,0.000000,0.000000,0.000000,0.000000
985,0.985000,1,plate_0,plate,-0.320000,0.040000,-0.280000,1.000000,0.000000,0.000000,-0.000000,0.000000,0.000000,0.000000,0.000000,0.000000,0.000000
985,0.985000,2,fork_0,fork,-0.450000,0.035000,-0.280000,0.707107,0.000000,0.707107,0.000000,0.000000,0.000000,0.000000,0.000000,0.000000,0.000000
985,0.985000,3,knife_0,knife,-0.190000,0.035000,-0.280000,0.707107,0.000000,0.707107,0.000000,0.000000,0.000000,0.000000,0.000000,0.000000,0.000000
985,0.985000,4,plate_1,plate,-0.320000,0.040000,0.280000,1.000000,0.000000,0.000000,-0.000000,0.000000,0.000000,0.000000,0.000000,0.000000,0.000000
985,0.985000,5,fork_1,fork,-0.190000,0.035000,0.280000,0.707107,0.000000,0.707107,0.000000,0.000000,0.000000,0.000000,0.000000,0.000000,0.000000
985,0.985000,6,knife_1,knife,-0.450000,0.035000,0.280000,0.707107,0.000000,0.707107,0.000000,0.000000,0.000000,0.000000,0.000000,0.000000,0.000000
985,0.985000,7,plate_2,plate,0.320000,0.040000,-0.280000,1.000000,0.000000,0.000000,-0.000000,0.000000,0.000000,0.000000,0.000000,0.000000,0.000000
985,0.985000,8,fork_2,fork,0.190000,0.035000,-0.280000,0.707107,0.000000,0.707107,0.000000,0.000000,0.000000,0.000000,0.000000,0.000000,0.000000
985,0.985000,9,knife_2,knife,0.450000,0.035000,-0.280000,0.707107,0.000000,0.707107,0.000000,0.000000,0.000000,0.000000,0.000000,0.000000,0.000000
985,0.985000,10,plate_3,plate,0.320000,0.040000,0.280000,1.000000,0.000000,0.000000,-0.000000,0.000000,0.000000,0.000000,0.000000,0.000000,0.000000
985,0.985000,11,fork_3,fork,0.450000,0.035000,0.280000,0.707107,0.000000,0.707107,0.000000,0.000000,0.000000,0.000000,0.000000,0.000000,0.000000
985,0.985000,12,knife_3,knife,0.190000,0.035000,0.280000,0.707107,0.000000,0.707107,0.000000,0.000000,0.000000,0.000000,0.000000,0.000000,0.000000
985,0.985000,13,candle_0,candle,-0.500000,0.075000,-0.450000,1.000000,0.000000,0.000000,-0.000000,0.000000,0.000000,0.000000,0.000000,0.000000,0.000000
985,0.985000,14,candle_1,candle,-0.500000,0.075000,0.450000,1.000000,0.000000,0.000000,-0.000000,0.000000,0.000000,0.000000,0.000000,0.000000,0.000000
985,0.985000,15,candle_2,candle,0.500000,0.075000,-0.450000,1.000000,0.000000,0.000000,-0.000000,0.000000,0.000000,0.000000,0.000000,0.000000,0.000000
985,0.985000,16,candle_3,candle,0.500000,0.075000,0.450000,1.000000,0.000000,0.000000,-0.000000,0.000000,0.000000,0.000000,0.000000,0.000000,0.000000
985,0.985000,17,pot,pot,0.000000,0.112645,0.000000,1.000000,0.000000,0.000000,-0.000000,0.000000,-0.123501,0.000000,0.000000,0.000000,0.000000
990,0.990000,1,plate_0,plate,-0.320000,0.040000,-0.280000,1.000000,0.000000,0.000000,-0.000000,0.000000,0.000000,0.000000,0.000000,0.000000,0.000000
990,0.990000,2,fork_0,fork,-0.450000,0.035000,-0.280000,0.707107,0.000000,0.707107,0.000000,0.000000,0.000000,0.000000,0.000000,0.000000,0.000000
990,0.990000,3,knife_0,knife,-0.190000,0.035000,-0.280000,0.707107,0.000000,0.707107,0.000000,0.000000,0.000000,0.000000,0.000000,0.000000,0.000000
990,0.990000,4,plate_1,plate,-0.320000,0.040000,0.280000,1.000000,0.000000,0.000000,-0.000000,0.000000,0.000000,0.000000,0.000000,0.000000,0.000000
990,0.990000,5,fork_1,fork,-0.190000,0.035000,0.280000,0.707107,0.000000,0.707107,0.000000,0.000000,0.000000,0.000000,0.000000,0.000000,0.000000
990,0.990000,6,knife_1,knife,-0.450000,0.035000,0.280000,0.707107,0.000000,0.707107,0.000000,0.000000,0.000000,0.000000,0.000000,0.000000,0.000000
990,0.990000,7,plate_2,plate,0.320000,0.040000,-0.280000,1.000000,0.000000,0.000000,-0.000000,0.000000,0.000000,0.000000,0.000000,0.000000,0.000000
990,0.990000,8,fork_2,fork,0.190000,0.035000,-0.280000,0.707107,0.000000,0.707107,0.000000,0.000000,0.000000,0.000000,0.000000,0.000000,0.000000
990,0.990000,9,knife_2,knife,0.450000,0.035000,-0.280000,0.707107,0.000000,0.707107,0.000000,0.000000,0.000000,0.000000,0.000000,0.000000,0.000000
990,0.990000,10,plate_3,plate,0.320000,0.040000,0.280000,1.000000,0.000000,0.000000,-0.000000,0.000000,0.000000,0.000000,0.000000,0.000000,0.000000
990,0.990000,11,fork_3,fork,0.450000,0.035000,0.280000,0.707107,0.000000,0.707107,0.000000,0.000000,0.000000,0.000000,0.000000,0.000000,0.000000
990,0.990000,12,knife_3,knife,0.190000,0.035000,0.280000,0.707107,0.000000,0.707107,0.000000,0.000000,0.000000,0.000000,0.000000,0.000000,0.000000
990,0.990000,13,candle_0,candle,-0.500000,0.075000,-0.450000,1.000000,0.000000,0.000000,-0.000000,0.000000,0.000000,0.000000,0.000000,0.000000,0.000000
990,0.990000,14,candle_1,candle,-0.500000,0.075000,0.450000,1.000000,0.000000,0.000000,-0.000000,0.000000,0.000000,0.000000,0.000000,0.000000,0.000000
990,0.990000,15,candle_2,candle,0.500000,0.075000,-0.450000,1.000000,0.000000,0.000000,-0.000000,0.000000,0.000000,0.000000,0.000000,0.000000,0.000000
990,0.990000,16,candle_3,candle,0.500000,0.075000,0.450000,1.000000,0.000000,0.000000,-0.000000,0.000000,0.000000,0.000000,0.000000,0.000000,0.000000
990,0.990000,17,pot,pot,0.000000,0.111899,0.000000,1.000000,0.000000,0.000000,-0.000000,0.000000,-0.172377,0.000000,0.000000,0.000000,0.000000
995,0.995000,1,plate_0,plate,-0.320000,0.040000,-0.280000,1.000000,0.000000,0.000000,-0.000000,0.000000,0.000000,0.000000,0.000000,0.000000,0.000000
995,0.995000,2,fork_0,fork,-0.450000,0.035000,-0.280000,0.707107,0.000000,0.707107,0.000000,0.000000,0.000000,0.000000,0.000000,0.000000,0.000000
995,0.995000,3,knife_0,knife,-0.190000,0.035000,-0.280000,0.707107,0.000000,0.707107,0.000000,0.000000,0.000000,0.000000,0.000000,0.000000,0.000000
995,0.995000,4,plate_1,plate,-0.320000,0.040000,0.280000,1.000000,0.000000,0.000000,-0.000000,0.000000,0.000000,0.000000,0.000000,0.000000,0.000000
995,0.995000,5,fork_1,fork,-0.190000,0.035000,0.280000,0.707107,0.000000,0.707107,0.000000,0.000000,0.000000,0.000000,0.000000,0.000000,0.000000
995,0.995000,6,knife_1,knife,-0.450000,0.035000,0.280000,0.707107,0.000000,0.707107,0.000000,0.000000,0.000000,0.000000,0.000000,0.000000,0.000000
995,0.995000,7,plate_2,plate,0.320000,0.040000,-0.280000,1.000000,0.000000,0.000000,-0.000000,0.000000,0.000000,0.000000,0.000000,0.000000,0.000000
995,0.995000,8,fork_2,fork,0.190000,0.035000,-0.280000,0.707107,0.000000,0.707107,0.000000,0.000000,0.000000,0.000000,0.000000,0.000000,0.000000
995,0.995000,9,knife_2,knife,0.450000,0.035000,-0.280000,0.707107,0.000000,0.707107,0.000000,0.000000,0.000000,0.000000,0.000000,0.000000,0.000000
995,0.995000,10,plate_3,plate,0.320000,0.040000,0.280000,1.000000,0.000000,0.000000,-0.000000,0.000000,0.000000,0.000000,0.000000,0.000000,0.000000
995,0.995000,11,fork_3,fork,0.450000,0.035000,0.280000,0.707107,0.000000,0.707107,0.000000,0.000000,0.000000,0.000000,0.000000,0.000000,0.000000
995,0.995000,12,knife_3,knife,0.190000,0.035000,0.280000,0.707107,0.000000,0.707107,0.000000,0.000000,0.000000,0.000000,0.000000,0.000000,0.000000
995,0.995000,13,candle_0,candle,-0.500000,0.075000,-0.450000,1.000000,0.000000,0.000000,-0.000000,0.000000,0.000000,0.000000,0.000000,0.000000,0.000000
995,0.995000,14,candle_1,candle,-0.500000,0.075000,0.450000,1.000000,0.000000,0.000000,-0.000000,0.000000,0.000000,0.000000,0.000000,0.000000,0.000000
995,0.995000,15,candle_2,candle,0.500000,0.075000,-0.450000,1.000000,0.000000,0.000000,-0.000000,0.000000,0.000000,0.000000,0.000000,0.000000,0.000000
995,0.995000,16,candle_3,candle,0.500000,0.075000,0.450000,1.000000,0.000000,0.000000,-0.000000,0.000000,0.000000,0.000000,0.000000,0.000000,0.000000
995,0.995000,17,pot,pot,0.000000,0.110909,0.000000,1.000000,0.000000,0.000000,-0.000000,0.000000,-0.221252,0.000000,0.000000,0.000000,0.000000
1000,1.000000,1,plate_0,plate,-0.320000,0.040000,-0.280000,1.000000,0.000000,0.000000,-0.000000,0.000000,0.000000,0.000000,0.000000,0.000000,0.000000
1000,1.000000,2,fork_0,fork,-0.450000,0.035000,-0.280000,0.707107,0.000000,0.707107,0.000000,0.000000,0.000000,0.000000,0.000000,0.000000,0.000000
1000,1.000000,3,knife_0,knife,-0.190000,0.035000,-0.280000,0.707107,0.000000,0.707107,0.000000,0.000000,0.000000,0.000000,0.000000,0.000000,0.000000
1000,1.000000,4,plate_1,plate,-0.320000,0.040000,0.280000,1.000000,0.000000,0.000000,-0.000000,0.000000,0.000000,0.000000,0.000000,0.000000,0.000000
1000,1.000000,5,fork_1,fork,-0.190000,0.035000,0.280000,0.707107,0.000000,0.707107,0.000000,0.000000,0.000000,0.000000,0.000000,0.000000,0.000000
1000,1.000000,6,knife_1,knife,-0.450000,0.035000,0.280000,0.707107,0.000000,0.707107,0.000000,0.000000,0.000000,0.000000,0.000000,0.000000,0.000000
1000,1.000000,7,plate_2,plate,0.320000,0.040000,-0.280000,1.000000,0.000000,0.000000,-0.000000,0.000000,0.000000,0.000000,0.000000,0.000000,0.000000
1000,1.000000,8,fork_2,fork,0.190000,0.035000,-0.280000,0.707107,0.000000,0.707107,0.000000,0.000000,0.000000,0.000000,0.000000,0.000000,0.000000
1000,1.000000,9,knife_2,knife,0.450000,0.035000,-0.280000,0.707107,0.000000,0.707107,0.000000,0.000000,0.000000,0.000000,0.000000,0.000000,0.000000
1000,1.000000,10,plate_3,plate,0.320000,0.040000,0.280000,1.000000,0.000000,0.000000,-0.000000,0.000000,0.000000,0.000000,0.000000,0.000000,0.000000
1000,1.000000,11,fork_3,fork,0.450000,0.035000,0.280000,0.707107,0.000000,0.707107,0.000000,0.000000,0.000000,0.000000,0.000000,0.000000,0.000000
1000,1.000000,12,knife_3,knife,0.190000,0.035000,0.280000,0.707107,0.000000,0.707107,0.000000,0.000000,0.000000,0.000000,0.000000,0.000000,0.000000
1000,1.000000,13,candle_0,candle,-0.500000,0.075000,-0.450000,1.000000,0.000000,0.000000,-0.000000,0.000000,0.000000,0.000000,0.000000,0.000000,0.000000
1000,1.000000,14,candle_1,candle,-0.500000,0.075000,0.450000,1.000000,0.000000,0.000000,-0.000000,0.000000,0.000000,0.000000,0.000000,0.000000,0.000000
1000,1.000000,15,candle_2,candle,0.500000,0.075000,-0.450000,1.000000,0.000000,0.000000,-0.000000,0.000000,0.000000,0.000000,0.000000,0.000000,0.000000
1000,1.000000,16,candle_3,candle,0.500000,0.075000,0.450000,1.000000,0.000000,0.000000,-0.000000,0.000000,0.000000,0.000000,0.000000,0.000000,0.000000
1000,1.000000,17,pot,pot,0.000000,0.109674,0.000000,1.000000,0.000000,0.000000,-0.000000,0.000000,-0.270128,0.000000,0.000000,0.000000,0.000000
1005,1.005000,1,plate_0,plate,-0.320000,0.040000,-0.280000,1.000000,0.000000,0.000000,-0.000000,0.000000,0.000000,0.000000,0.000000,0.000000,0.000000
1005,1.005000,2,fork_0,fork,-0.450000,0.035000,-0.280000,0.707107,0.000000,0.707107,0.000000,0.000000,0.000000,0.000000,0.000000,0.000000,0.000000
1005,1.005000,3,knife_0,knife,-0.190000,0.035000,-0.280000,0.707107,0.000000,0.707107,0.000000,0.000000,0.000000,0.000000,0.000000,0.000000,0.000000
1005,1.005000,4,plate_1,plate,-0.320000,0.040000,0.280000,1.000000,0.000000,0.000000,-0.000000,0.000000,0.000000,0.000000,0.000000,0.000000,0.000000
1005,1.005000,5,fork_1,fork,-0.190000,0.035000,0.280000,0.707107,0.000000,0.707107,0.000000,0.000000,0.000000,0.000000,0.000000,0.000000,0.000000
1005,1.005000,6,knife_1,knife,-0.450000,0.035000,0.280000,0.707107,0.000000,0.707107,0.000000,0.000000,0.000000,0.000000,0.000000,0.000000,0.000000
1005,1.005000,7,plate_2,plate,0.320000,0.040000,-0.280000,1.000000,0.000000,0.000000,-0.000000,0.000000,0.000000,0.000000,0.000000,0.000000,0.000000
1005,1.005000,8,fork_2,fork,0.190000,0.035000,-0.280000,0.707107,0.000000,0.707107,0.000000,0.000000,0.000000,0.000000,0.000000,0.000000,0.000000
1005,1.005000,9,knife_2,knife,0.450000,0.035000,-0.280000,0.707107,0.000000,0.707107,0.000000,0.000000,0.000000,0.000000,0.000000,0.000000,0.000000
1005,1.005000,10,plate_3,plate,0.320000,0.040000,0.280000,1.000000,0.000000,0.000000,-0.000000,0.000000,0.000000,0.000000,0.000000,0.000000,0.000000
1005,1.005000,11,fork_3,fork,0.450000,0.035000,0.280000,0.707107,0.000000,0.707107,0.000000,0.000000,0.000000,0.000000,0.000000,0.000000,0.000000
1005,1.005000,12,knife_3,knife,0.190000,0.035000,0.280000,0.707107,0.000000,0.707107,0.000000,0.000000,0.000000,0.000000,0.000000,0.000000,0.000000
1005,1.005000,13,candle_0,candle,-0.500000,0.075000,-0.450000,1.000000,0.000000,0.000000,-0.000000,0.000000,0.000000,0.000000,0.000000,0.000000,0.000000
1005,1.005000,14,candle_1,candle,-0.500000,0.075000,0.450000,1.000000,0.000000,0.000000,-0.000000,0.000000,0.000000,0.000000,0.000000,0.000000,0.000000
1005,1.005000,15,candle_2,candle,0.500000,0.075000,-0.450000,1.000000,0.000000,0.000000,-0.000000,0.000000,0.000000,0.000000,0.000000,0.000000,0.000000
1005,1.005000,16,candle_3,candle,0.500000,0.075000,0.450000,1.000000,0.000000,0.000000,-0.000000,0.000000,0.000000,0.000000,0.000000,0.000000,0.000000
1005,1.005000,17,pot,pot,0.000000,0.108195,0.000000,1.000000,0.000000,0.000000,-0.000000,0.000000,-0.319004,0.000000,0.000000,0.000000,0.000000
1010,1.010000,1,plate_0,plate,-0.320000,0.040000,-0.280000,1.000000,0.000000,0.000000,-0.000000,0.000000,0.000000,0.000000,0.000000,0.000000,0.000000
1010,1.010000,2,fork_0,fork,-0.450000,0.035000,-0.280000,0.707107,0.000000,0.707107,0.000000,0.000000,0.000000,0.000000,0.000000,0.000000,0.000000
1010,1.010000,3,knife_0,knife,-0.190000,0.035000,-0.280000,0.707107,0.000000,0.707107,0.000000,0.000000,0.000000,0.000000,0.000000,0.000000,0.000000
1010,1.010000,4,plate_1,plate,-0.320000,0.040000,0.280000,1.000000,0.000000,0.000000,-0.000000,0.000000,0.000000,0.000000,0.000000,0.000000,0.000000
1010,1.010000,5,fork_1,fork,-0.190000,0.035000,0.280000,0.707107,0.000000,0.707107,0.000000,0.000000,0.000000,0.000000,0.000000,0.000000,0.000000
1010,1.010000,6,knife_1,knife,-0.450000,0.035000,0.280000,0.707107,0.000000,0.707107,0.000000,0.000000,0.000000,0.000000,0.000000,0.000000,0.000000
1010,1.010000,7,plate_2,plate,0.320000,0.040000,-0.280000,1.000000,0.000000,0.000000,-0.000000,0.000000,0.000000,0.000000,0.000000,0.000000,0.000000
1010,1.010000,8,fork_2,fork,0.190000,0.035000,-0.280000,0.707107,0.000000,0.707107,0.000000,0.000000,0.000000,0.000000,0.000000,0.000000,0.000000
1010,1.010000,9,knife_2,knife,0.450000,0.035000,-0.280000,0.707107,0.000000,0.707107,0.000000,0.000000,0.000000,0.000000,0.000000,0.000000,0.000000
1010,1.010000,10,plate_3,plate,0.320000,0.040000,0.280000,1.000000,0.000000,0.000000,-0.000000,0.000000,0.000000,0.000000,0.000000,0.000000,0.000000
1010,1.010000,11,fork_3,fork,0.450000,0.035000,0.280000,0.707107,0.000000,0.707107,0.000000,0.000000,0.000000,0.000000,0.000000,0.000000,0.000000
1010,1.010000,12,knife_3,knife,0.190000,0.035000,0.280000,0.707107,0.000000,0.707107,0.000000,0.000000,0.000000,0.000000,0.000000,0.000000,0.000000
1010,1.010000,13,candle_0,candle,-0.500000,0.075000,-0.450000,1.000000,0.000000,0.000000,-0.000000,0.000000,0.000000,0.000000,0.000000,0.000000,0.000000
1010,1.010000,14,candle_1,candle,-0.500000,0.075000,0.450000,1.000000,0.000000,0.000000,-0.000000,0.000000,0.000000,0.000000,0.000000,0.000000,0.000000
1010,1.010000,15,candle_2,candle,0.500000,0.075000,-0.450000,1.000000,0.000000,0.000000,-0.000000,0.000000,0.000000,0.000000,0.000000,0.000000,0.000000
1010,1.010000,16,candle_3,candle,0.500000,0.075000,0.450000,1.000000,0.000000,0.000000,-0.000000,0.000000,0.000000,0.000000,0.000000,0.000000,0.000000
1010,1.010000,17,pot,pot,0.000000,0.106472,0.000000,1.000000,0.000000,0.000000,-0.000000,0.000000,-0.367880,0.000000,0.000000,0.000000,0.000000
1015,1.015000,1,plate_0,plate,-0.320000,0.040000,-0.280000,1.000000,0.000000,0.000000,-0.000000,0.000000,0.000000,0.000000,0.000000,0.000000,0.000000
1015,1.015000,2,fork_0,fork,-0.450000,0.035000,-0.280000,0.707107,0.000000,0.707107,0.000000,0.000000,0.000000,0.000000,0.000000,0.000000,0.000000
1015,1.015000,3,knife_0,knife,-0.190000,0.035000,-0.280000,0.707107,0.000000,0.707107,0.000000,0.000000,0.000000,0.000000,0.000000,0.000000,0.000000
1015,1.015000,4,plate_1,plate,-0.320000,0.040000,0.280000,1.000000,0.000000,0.000000,-0.000000,0.000000,0.000000,0.000000,0.000000,0.000000,0.000000
1015,1.015000,5,fork_1,fork,-0.190000,0.035000,0.280000,0.707107,0.000000,0.707107,0.000000,0.000000,0.000000,0.000000,0.000000,0.000000,0.000000
1015,1.015000,6,knife_1,knife,-0.450000,0.035000,0.280000,0.707107,0.000000,0.707107,0.000000,0.000000,0.000000,0.000000,0.000000,0.000000,0.000000
1015,1.015000,7,plate_2,plate,0.320000,0.040000,-0.280000,1.000000,0.000000,0.000000,-0.000000,0.000000,0.000000,0.000000,0.000000,0.000000,0.000000
1015,1.015000,8,fork_2,fork,0.190000,0.035000,-0.280000,0.707107,0.000000,0.707107,0.000000,0.000000,0.000000,0.000000,0.000000,0.000000,0.000000
1015,1.015000,9,knife_2,knife,0.450000,0.035000,-0.280000,0.707107,0.000000,0.707107,0.000000,0.000000,0.000000,0.000000,0.000000,0.000000,0.000000
1015,1.015000,10,plate_3,plate,0.320000,0.040000,0.280000,1.000000,0.000000,0.000000,-0.000000,0.000000,0.000000,0.000000,0.000000,0.000000,0.000000
1015,1.015000,11,fork_3,fork,0.450000,0.035000,0.280000,0.707107,0.000000,0.707107,0.000000,0.000000,0.000000,0.000000,0.000000,0.000000,0.000000
1015,1.015000,12,knife_3,knife,0.190000,0.035000,0.280000,0.707107,0.000000,0.707107,0.000000,0.000000,0.000000,0.000000,0.000000,0.000000,0.000000
1015,1.015000,13,candle_0,candle,-0.500000,0.075000,-0.450000,1.000000,0.000000,0.000000,-0.000000,0.000000,0.000000,0.000000,0.000000,0.000000,0.000000
1015,1.015000,14,candle_1,candle,-0.500000,0.075000,0.450000,1.000000,0.000000,0.000000,-0.000000,0.000000,0.000000,0.000000,0.000000,0.000000,0.000000
1015,1.015000,15,candle_2,candle,0.500000,0.075000,-0.450000,1.000000,0.000000,0.000000,-0.000000,0.000000,0.000000,0.000000,0.000000,0.000000,0.000000
1015,1.015000,16,candle_3,candle,0.500000,0.075000,0.450000,1.000000,0.000000,0.000000,-0.000000,0.000000,0.000000,0.000000,0.000000,0.000000,0.000000
1015,1.015000,17,pot,pot,0.000000,0.104504,0.000000,1.000000,0.000000,0.000000,-0.000000,0.000000,-0.416756,0.000000,0.000000,0.000000,0.000000
1020,1.020000,1,plate_0,plate,-0.320000,0.040000,-0.280000,1.000000,0.000000,0.000000,-0.000000,0.000000,0.000000,0.000000,0.000000,0.000000,0.000000
1020,1.020000,2,fork_0,fork,-0.450000,0.035000,-0.280000,0.707107,0.000000,0.707107,0.000000,0.000000,0.000000,0.000000,0.000000,0.000000,0.000000
1020,1.020000,3,knife_0,knife,-0.190000,0.035000,-0.280000,0.707107,0.000000,0.707107,0.000000,0.000000,0.000000,0.000000,0.000000,0.000000,0.000000
1020,1.020000,4,plate_1,plate,-0.320000,0.040000,0.280000,1.000000,0.000000,0.000000,-0.000000,0.000000,0.000000,0.000000,0.000000,0.000000,0.000000
1020,1.020000,5,fork_1,fork,-0.190000,0.035000,0.280000,0.707107,0.000000,0.707107,0.000000,0.000000,0.000000,0.000000,0.000000,0.000000,0.000000
1020,1.020000,6,knife_1,knife,-0.450000,0.035000,0.280000,0.707107,0.000000,0.707107,0.000000,0.000000,0.000000,0.000000,0.000000,0.000000,0.000000
1020,1.020000,7,plate_2,plate,0.320000,0.040000,-0.280000,1.000000,0.000000,0.000000,-0.000000,0.000000,0.000000,0.000000,0.000000,0.000000,0.000000
1020,1.020000,8,fork_2,fork,0.190000,0.035000,-0.280000,0.707107,0.000000,0.707107,0.000000,0.000000,0.000000,0.000000,0.000000,0.000000,0.000000
1020,1.020000,9,knife_2,knife,0.450000,0.035000,-0.280000,0.707107,0.000000,0.707107,0.000000,0.000000,0.000000,0.000000,0.000000,0.000000,0.000000
1020,1.020000,10,plate_3,plate,0.320000,0.040000,0.280000,1.000000,0.000000,0.000000,-0.000000,0.000000,0.000000,0.000000,0.000000,0.000000,0.000000
1020,1.020000,11,fork_3,fork,0.450000,0.035000,0.280000,0.707107,0.000000,0.707107,0.000000,0.000000,0.000000,0.000000,0.000000,0.000000,0.000000
1020,1.020000,12,knife_3,knife,0.190000,0.035000,0.280000,0.707107,0.000000,0.707107,0.000000,0.000000,0.000000,0.000000,0.000000,0.000000,0.000000
1020,1.020000,13,candle_0,candle,-0.500000,0.075000,-0.450000,1.000000,0.000000,0.000000,-0.000000,0.000000,0.000000,0.000000,0.000000,0.000000,0.000000
1020,1.020000,14,candle_1,candle,-0.500000,0.075000,0.450000,1.000000,0.000000,0.000000,-0.000000,0.000000,0.000000,0.000000,0.000000,0.000000,0.000000
1020,1.020000,15,candle_2,candle,0.500000,0.075000,-0.450000,1.000000,0.000000,0.000000,-0.000000,0.000000,0.000000,0.000000,0.000000,0.000000,0.000000
1020,1.020000,16,candle_3,candle,0.500000,0.075000,0.450000,1.000000,0.000000,0.000000,-0.000000,0.000000,0.000000,0.000000,0.000000,0.000000,0.000000
1020,1.020000,17,pot,pot,0.000000,0.102292,0.000000,1.000000,0.000000,0.000000,-0.000000,0.000000,-0.465631,0.000000,0.000000,0.000000,0.000000
1025,1.025000,1,plate_0,plate,-0.320000,0.040000,-0.280000,1.000000,0.000000,0.000000,-0.000000,0.000000,0.000000,0.000000,0.000000,0.000000,0.000000
1025,1.025000,2,fork_0,fork,-0.450000,0.035000,-0.280000,0.707107,0.000000,0.707107,0.000000,0.000000,0.000000,0.000000,0.000000,0.000000,0.000000
1025,1.025000,3,knife_0,knife,-0.190000,0.035000,-0.280000,0.707107,0.000000,0.707107,0.000000,0.000000,0.000000,0.000000,0.000000,0.000000,0.000000
1025,1.025000,4,plate_1,plate,-0.320000,0.040000,0.280000,1.000000,0.000000,0.000000,-0.000000,0.000000,0.000000,0.000000,0.000000,0.000000,0.000000
1025,1.025000,5,fork_1,fork,-0.190000,0.035000,0.280000,0.707107,0.000000,0.707107,0.000000,0.000000,0.000000,0.000000,0.000000,0.000000,0.000000
1025,1.025000,6,knife_1,knife,-0.450000,0.035000,0.280000,0.707107,0.000000,0.707107,0.000000,0.000000,0.000000,0.000000,0.000000,0.000000,0.000000
1025,1.025000,7,plate_2,plate,0.320000,0.040000,-0.280000,1.000000,0.000000,0.000000,-0.000000,0.000000,0.000000,0.000000,0.000000,0.000000,0.000000
1025,1.025000,8,fork_2,fork,0.190000,0.035000,-0.280000,0.707107,0.000000,0.707107,0.000000,0.000000,0.000000,0.000000,0.000000,0.000000,0.000000
1025,1.025000,9,knife_2,knife,0.450000,0.035000,-0.280000,0.707107,0.000000,0.707107,0.000000,0.000000,0.000000,0.000000,0.000000,0.000000,0.000000
1025,1.025000,10,plate_3,plate,0.320000,0.040000,0.280000,1.000000,0.000000,0.000000,-0.000000,0.000000,0.000000,0.000000,0.000000,0.000000,0.000000
1025,1.025000,11,fork_3,fork,0.450000,0.035000,0.280000,0.707107,0.000000,0.707107,0.000000,0.000000,0.000000,0.000000,0.000000,0.000000,0.000000
1025,1.025000,12,knife_3,knife,0.190000,0.035000,0.280000,0.707107,0.000000,0.707107,0.000000,0.000000,0.000000,0.000000,0.000000,0.000000,0.000000
1025,1.025000,13,candle_0,candle,-0.500000,0.075000,-0.450000,1.000000,0.000000,0.000000,-0.000000,0.000000,0.000000,0.000000,0.000000,0.000000,0.000000
1025,1.025000,14,candle_1,candle,-0.500000,0.075000,0.450000,1.000000,0.000000,0.000000,-0.000000,0.000000,0.000000,0.000000,0.000000,0.000000,0.000000
1025,1.025000,15,candle_2,candle,0.500000,0.075000,-0.450000,1.000000,0.000000,0.000000,-0.000000,0.000000,0.000000,0.000000,0.000000,0.000000,0.000000
1025,1.025000,16,candle_3,candle,0.500000,0.075000,0.450000,1.000000,0.000000,0.000000,-0.000000,0.000000,0.000000,0.000000,0.000000,0.000000,0.000000
1025,1.025000,17,pot,pot,0.000000,0.099836,0.000000,1.000000,0.000000,0.000000,-0.000000,0.000000,-0.514507,0.000000,0.000000,0.000000,0.000000
1030,1.030000,1,plate_0,plate,-0.320000,0.040000,-0.280000,1.000000,0.000000,0.000000,-0.000000,0.000000,0.000000,0.000000,0.000000,0.000000,0.000000
1030,1.030000,2,fork_0,fork,-0.450000,0.035000,-0.280000,0.707107,0.000000,0.707107,0.000000,0.000000,0.000000,0.000000,0.000000,0.000000,0.000000
1030,1.030000,3,knife_0,knife,-0.190000,0.035000,-0.280000,0.707107,0.000000,0.707107,0.000000,0.000000,0.000000,0.000000,0.000000,0.000000,0.000000
1030,1.030000,4,plate_1,plate,-0.320000,0.040000,0.280000,1.000000,0.000000,0.000000,-0.000000,0.000000,0.000000,0.000000,0.000000,0.000000,0.000000
1030,1.030000,5,fork_1,fork,-0.190000,0.035000,0.280000,0.707107,0.000000,0.707107,0.000000,0.000000,0.000000,0.000000,0.000000,0.000000,0.000000
1030,1.030000,6,knife_1,knife,-0.450000,0.035000,0.280000,0.707107,0.000000,0.707107,0.000000,0.000000,0.000000,0.000000,0.000000,0.000000,0.000000
1030,1.030000,7,plate_2,plate,0.320000,0.040000,-0.280000,1.000000,0.000000,0.000000,-0.000000,0.000000,0.000000,0.000000,0.000000,0.000000,0.000000
1030,1.030000,8,fork_2,fork,0.190000,0.035000,-0.280000,0.707107,0.000000,0.707107,0.000000,0.000000,0.000000,0.000000,0.000000,0.000000,0.000000
1030,1.030000,9,knife_2,knife,0.450000,0.035000,-0.280000,0.707107,0.000000,0.707107,0.000000,0.000000,0.000000,0.000000,0.000000,0.000000,0.000000
1030,1.030000,10,plate_3,plate,0.320000,0.040000,0.280000,1.000000,0.000000,0.000000,-0.000000,0.000000,0.000000,0.000000,0.000000,0.000000,0.000000
1030,1.030000,11,fork_3,fork,0.450000,0.035000,0.280000,0.707107,0.000000,0.707107,0.000000,0.000000,0.000000,0.000000,0.000000,0.000000,0.000000
1030,1.030000,12,knife_3,knife,0.190000,0.035000,0.280000,0.707107,0.000000,0.707107,0.000000,0.000000,0.000000,0.000000,0.000000,0.000000,0.000000
1030,1.030000,13,candle_0,candle,-0.500000,0.075000,-0.450000,1.000000,0.000000,0.000000,-0.000000,0.000000,0.000000,0.000000,0.000000,0.000000,0.000000
1030,1.030000,14,candle_1,candle,-0.500000,0.075000,0.450000,1.000000,0.000000,0.000000,-0.000000,0.000000,0.000000,0.000000,0.000000,0.000000,0.000000
1030,1.030000,15,candle_2,candle,0.500000,0.075000,-0.450000,1.000000,0.000000,0.000000,-0.000000,0.000000,0.000000,0.000000,0.000000,0.000000,0.000000
1030,1.030000,16,candle_3,candle,0.500000,0.075000,0.450000,1.000000,0.000000,0.000000,-0.000000,0.000000,0.000000,0.000000,0.000000,0.000000,0.000000
1030,1.030000,17,pot,pot,0.000000,0.097135,0.000000,1.000000,0.000000,0.000000,-0.000000,0.000000,-0.563383,0.000000,0.000000,0.000000,0.000000
1035,1.035000,1,plate_0,plate,-0.320000,0.040000,-0.280000,1.000000,0.000000,0.000000,-0.000000,0.000000,0.000000,0.000000,0.000000,0.000000,0.000000
1035,1.035000,2,fork_0,fork,-0.450000,0.035000,-0.280000,0.707107,0.000000,0.707107,0.000000,0.000000,0.000000,0.000000,0.000000,0.000000,0.000000
1035,1.035000,3,knife_0,knife,-0.190000,0.035000,-0.280000,0.707107,0.000000,0.707107,0.000000,0.000000,0.000000,0.000000,0.000000,0.000000,0.000000
1035,1.035000,4,plate_1,plate,-0.320000,0.040000,0.280000,1.000000,0.000000,0.000000,-0.000000,0.000000,0.000000,0.000000,0.000000,0.000000,0.000000
1035,1.035000,5,fork_1,fork,-0.190000,0.035000,0.280000,0.707107,0.000000,0.707107,0.000000,0.000000,0.000000,0.000000,0.000000,0.000000,0.000000
1035,1.035000,6,knife_1,knife,-0.450000,0.035000,0.280000,0.707107,0.000000,0.707107,0.000000,0.000000,0.000000,0.000000,0.000000,0.000000,0.000000
1035,1.035000,7,plate_2,plate,0.320000,0.040000,-0.280000,1.000000,0.000000,0.000000,-0.000000,0.000000,0.000000,0.000000,0.000000,0.000000,0.000000
1035,1.035000,8,fork_2,fork,0.190000,0.035000,-0.280000,0.707107,0.000000,0.707107,0.000000,0.000000,0.000000,0.000000,0.000000,0.000000,0.000000
1035,1.035000,9,knife_2,knife,0.450000,0.035000,-0.280000,0.707107,0.000000,0.707107,0.000000,0.000000,0.000000,0.000000,0.000000,0.000000,0.000000
1035,1.035000,10,plate_3,plate,0.320000,0.040000,0.280000,1.000000,0.000000,0.000000,-0.000000,0.000000,0.000000,0.000000,0.000000,0.000000,0.000000
1035,1.035000,11,fork_3,fork,0.450000,0.035000,0.280000,0.707107,0.000000,0.707107,0.000000,0.000000,0.000000,0.000000,0.000000,0.000000,0.000000
1035,1.035000,12,knife_3,knife,0.190000,0.035000,0.280000,0.707107,0.000000,0.707107,0.000000,0.000000,0.000000,0.000000,0.000000,0.000000,0.000000
1035,1.035000,13,candle_0,candle,-0.500000,0.075000,-0.450000,1.000000,0.000000,0.000000,-0.000000,0.000000,0.000000,0.000000,0.000000,0.000000,0.000000
1035,1.035000,14,candle_1,candle,-0.500000,0.075000,0.450000,1.000000,0.000000,0.000000,-0.000000,0.000000,0.000000,0.000000,0.000000,0.000000,0.000000
1035,1.035000,15,candle_2,candle,0.500000,0.075000,-0.450000,1.000000,0.000000,0.000000,-0.000000,0.000000,0.000000,0.000000,0.000000,0.000000,0.000000
1035,1.035000,16,candle_3,candle,0.500000,0.075000,0.450000,1.000000,0.000000,0.000000,-0.000000,0.000000,0.000000,0.000000,0.000000,0.000000,0.000000
1035,1.035000,17,pot,pot,0.000000,0.094750,0.000000,1.000000,0.000000,0.000000,-0.000000,0.000000,0.113398,0.000000,0.000000,0.000000,0.000000
1040,1.040000,1,plate_0,plate,-0.320000,0.040000,-0.280000,1.000000,0.000000,0.000000,-0.000000,0.000000,0.000000,0.000000,0.000000,0.000000,0.000000
1040,1.040000,2,fork_0,fork,-0.450000,0.035000,-0.280000,0.707107,0.000000,0.707107,0.000000,0.000000,0.000000,0.000000,0.000000,0.000000,0.000000
1040,1.040000,3,knife_0,knife,-0.190000,0.035000,-0.280000,0.707107,0.000000,0.707107,0.000000,0.000000,0.000000,0.000000,0.000000,0.000000,0.000000
1040,1.040000,4,plate_1,plate,-0.320000,0.040000,0.280000,1.000000,0.000000,0.000000,-0.000000,0.000000,0.000000,0.000000,0.000000,0.000000,0.000000
1040,1.040000,5,fork_1,fork,-0.190000,0.035000,0.280000,0.707107,0.000000,0.707107,0.000000,0.000000,0.000000,0.000000,0.000000,0.000000,0.000000
1040,1.040000,6,knife_1,knife,-0.450000,0.035000,0.280000,0.707107,0.000000,0.707107,0.000000,0.000000,0.000000,0.000000,0.000000,0.000000,0.000000
1040,1.040000,7,plate_2,plate,0.320000,0.040000,-0.280000,1.000000,0.000000,0.000000,-0.000000,0.000000,0.000000,0.000000,0.000000,0.000000,0.000000
1040,1.040000,8,fork_2,fork,0.190000,0.035000,-0.280000,0.707107,0.000000,0.707107,0.000000,0.000000,0.000000,0.000000,0.000000,0.000000,0.000000
1040,1.040000,9,knife_2,knife,0.450000,0.035000,-0.280000,0.707107,0.000000,0.707107,0.000000,0.000000,0.000000,0.000000,0.000000,0.000000,0.000000
1040,1.040000,10,plate_3,plate,0.320000,0.040000,0.280000,1.000000,0.000000,0.000000,-0.000000,0.000000,0.000000,0.000000,0.000000,0.000000,0.000000
1040,1.040000,11,fork_3,fork,0.450000,0.035000,0.280000,0.707107,0.000000,0.707107,0.000000,0.000000,0.000000,0.000000,0.000000,0.000000,0.000000
1040,1.040000,12,knife_3,knife,0.190000,0.035000,0.280000,0.707107,0.000000,0.707107,0.000000,0.000000,0.000000,0.000000,0.000000,0.000000,0.000000
1040,1.040000,13,candle_0,candle,-0.500000,0.075000,-0.450000,1.000000,0.000000,0.000000,-0.000000,0.000000,0.000000,0.000000,0.000000,0.000000,0.000000
1040,1.040000,14,candle_1,candle,-0.500000,0.075000,0.450000,1.000000,0.000000,0.000000,-0.000000,0.000000,0.000000,0.000000,0.000000,0.000000,0.000000
1040,1.040000,15,candle_2,candle,0.500000,0.075000,-0.450000,1.000000,0.000000,0.000000,-0.000000,0.000000,0.000000,0.000000,0.000000,0.000000,0.000000
1040,1.040000,16,candle_3,candle,0.500000,0.075000,0.450000,1.000000,0.000000,0.000000,-0.000000,0.000000,0.000000,0.000000,0.000000,0.000000,0.000000
1040,1.040000,17,pot,pot,0.000000,0.096354,0.000000,1.000000,0.000000,0.000000,-0.000000,0.000000,0.303358,0.000000,0.000000,0.000000,0.000000
1045,1.045000,1,plate_0,plate,-0.320000,0.040000,-0.280000,1.000000,0.000000,0.000000,-0.000000,0.000000,0.000000,0.000000,0.000000,0.000000,0.000000
1045,1.045000,2,fork_0,fork,-0.450000,0.035000,-0.280000,0.707107,0.000000,0.707107,0.000000,0.000000,0.000000,0.000000,0.000000,0.000000,0.000000
1045,1.045000,3,knife_0,knife,-0.190000,0.035000,-0.280000,0.707107,0.000000,0.707107,0.000000,0.000000,0.000000,0.000000,0.000000,0.000000,0.000000
1045,1.045000,4,plate_1,plate,-0.320000,0.040000,0.280000,1.000000,0.000000,0.000000,-0.000000,0.000000,0.000000,0.000000,0.000000,0.000000,0.000000
1045,1.045000,5,fork_1,fork,-0.190000,0.035000,0.280000,0.707107,0.000000,0.707107,0.000000,0.000000,0.000000,0.000000,0.000000,0.000000,0.000000
1045,1.045000,6,knife_1,knife,-0.450000,0.035000,0.280000,0.707107,0.000000,0.707107,0.000000,0.000000,0.000000,0.000000,0.000000,0.000000,0.000000
1045,1.045000,7,plate_2,plate,0.320000,0.040000,-0.280000,1.000000,0.000000,0.000000,-0.000000,0.000000,0.000000,0.000000,0.000000,0.000000,0.000000
1045,1.045000,8,fork_2,fork,0.190000,0.035000,-0.280000,0.707107,0.000000,0.707107,0.000000,0.000000,0.000000,0.000000,0.000000,0.000000,0.000000
1045,1.045000,9,knife_2,knife,0.450000,0.035000,-0.280000,0.707107,0.000000,0.707107,0.000000,0.000000,0.000000,0.000000,0.000000,0.000000,0.000000
1045,1.045000,10,plate_3,plate,0.320000,0.040000,0.280000,1.000000,0.000000,0.000000,-0.000000,0.000000,0.000000,0.000000,0.000000,0.000000,0.000000
1045,1.045000,11,fork_3,fork,0.450000,0.035000,0.280000,0.707107,0.000000,0.707107,0.000000,0.000000,0.000000,0.000000,0.000000,0.000000,0.000000
1045,1.045000,12,knife_3,knife,0.190000,0.035000,0.280000,0.707107,0.000000,0.707107,0.000000,0.000000,0.000000,0.000000,0.000000,0.000000,0.000000
1045,1.045000,13,candle_0,candle,-0.500000,0.075000,-0.450000,1.000000,0.000000,0.000000,-0.000000,0.000000,0.000000,0.000000,0.000000,0.000000,0.000000
1045,1.045000,14,candle_1,candle,-0.500000,0.075000,0.450000,1.000000,0.000000,0.000000,-0.000000,0.000000,0.000000,0.000000,0.000000,0.000000,0.000000
1045,1.045000,15,candle_2,candle,0.500000,0.075000,-0.450000,1.000000,0.000000,0.000000,-0.000000,0.000000,0.000000,0.000000,0.000000,0.000000,0.000000
1045,1.045000,16,candle_3,candle,0.500000,0.075000,0.450000,1.000000,0.000000,0.000000,-0.000000,0.000000,0.000000,0.000000,0.000000,0.000000,0.000000
1045,1.045000,17,pot,pot,0.000000,0.097742,0.000000,1.000000,0.000000,0.000000,-0.000000,0.000000,0.254482,0.000000,0.000000,0.000000,0.000000
1050,1.050000,1,plate_0,plate,-0.320000,0.040000,-0.280000,1.000000,0.000000,0.000000,-0.000000,0.000000,0.000000,0.000000,0.000000,0.000000,0.000000
1050,1.050000,2,fork_0,fork,-0.450000,0.035000,-0.280000,0.707107,0.000000,0.707107,0.000000,0.000000,0.000000,0.000000,0.000000,0.000000,0.000000
1050,1.050000,3,knife_0,knife,-0.190000,0.035000,-0.280000,0.707107,0.000000,0.707107,0.000000,0.000000,0.000000,0.000000,0.000000,0.000000,0.000000
1050,1.050000,4,plate_1,plate,-0.320000,0.040000,0.280000,1.000000,0.000000,0.000000,-0.000000,0.000000,0.000000,0.000000,0.000000,0.000000,0.000000
1050,1.050000,5,fork_1,fork,-0.190000,0.035000,0.280000,0.707107,0.000000,0.707107,0.000000,0.000000,0.000000,0.000000,0.000000,0.000000,0.000000
1050,1.050000,6,knife_1,knife,-0.450000,0.035000,0.280000,0.707107,0.000000,0.707107,0.000000,0.000000,0.000000,0.000000,0.000000,0.000000,0.000000
1050,1.050000,7,plate_2,plate,0.320000,0.040000,-0.280000,1.000000,0.000000,0.000000,-0.000000,0.000000,0.000000,0.000000,0.000000,0.000000,0.000000
1050,1.050000,8,fork_2,fork,0.190000,0.035000,-0.280000,0.707107,0.000000,0.707107,0.000000,0.000000,0.000000,0.000000,0.000000,0.000000,0.000000
1050,1.050000,9,knife_2,knife,0.450000,0.035000,-0.280000,0.707107,0.000000,0.707107,0.000000,0.000000,0.000000,0.000000,0.000000,0.000000,0.000000
1050,1.050000,10,plate_3,plate,0.320000,0.040000,0.280000,1.000000,0.000000,0.000000,-0.000000,0.000000,0.000000,0.000000,0.000000,0.000000,0.000000
1050,1.050000,11,fork_3,fork,0.450000,0.035000,0.280000,0.707107,0.000000,0.707107,0.000000,0.000000,0.000000,0.000000,0.000000,0.000000,0.000000
1050,1.050000,12,knife_3,knife,0.190000,0.035000,0.280000,0.707107,0.000000,0.707107,0.000000,0.000000,0.000000,0.000000,0.000000,0.000000,0.000000
1050,1.050000,13,candle_0,candle,-0.500000,0.075000,-0.450000,1.000000,0.000000,0.000000,-0.000000,0.000000,0.000000,0.000000,0.000000,0.000000,0.000000
1050,1.050000,14,candle_1,candle,-0.500000,0.075000,0.450000,1.000000,0.000000,0.000000,-0.000000,0.000000,0.000000,0.000000,0.000000,0.000000,0.000000
1050,1.050000,15,candle_2,candle,0.500000,0.075000,-0.450000,1.000000,0.000000,0.000000,-0.000000,0.000000,0.000000,0.000000,0.000000,0.000000,0.000000
1050,1.050000,16,candle_3,candle,0.500000,0.075000,0.450000,1.000000,0.000000,0.000000,-0.000000,0.000000,0.000000,0.000000,0.000000,0.000000,0.000000
1050,1.050000,17,pot,pot,0.000000,0.098886,0.000000,1.000000,0.000000,0.000000,-0.000000,0.000000,0.205606,0.000000,0.000000,0.000000,0.000000
1055,1.055000,1,plate_0,plate,-0.320000,0.040000,-0.280000,1.000000,0.000000,0.000000,-0.000000,0.000000,0.000000,0.000000,0.000000,0.000000,0.000000
1055,1.055000,2,fork_0,fork,-0.450000,0.035000,-0.280000,0.707107,0.000000,0.707107,0.000000,0.000000,0.000000,0.000000,0.000000,0.000000,0.000000
1055,1.055000,3,knife_0,knife,-0.190000,0.035000,-0.280000,0.707107,0.000000,0.707107,0.000000,0.000000,0.000000,0.000000,0.000000,0.000000,0.000000
1055,1.055000,4,plate_1,plate,-0.320000,0.040000,0.280000,1.000000,0.000000,0.000000,-0.000000,0.000000,0.000000,0.000000,0.000000,0.000000,0.000000
1055,1.055000,5,fork_1,fork,-0.190000,0.035000,0.280000,0.707107,0.000000,0.707107,0.000000,0.000000,0.000000,0.000000,0.000000,0.000000,0.000000
1055,1.055000,6,knife_1,knife,-0.450000,0.035000,0.280000,0.707107,0.000000,0.707107,0.000000,0.000000,0.000000,0.000000,0.000000,0.000000,0.000000
1055,1.055000,7,plate_2,plate,0.320000,0.040000,-0.280000,1.000000,0.000000,0.000000,-0.000000,0.000000,0.000000,0.000000,0.000000,0.000000,0.000000
1055,1.055000,8,fork_2,fork,0.190000,0.035000,-0.280000,0.707107,0.000000,0.707107,0.000000,0.000000,0.000000,0.000000,0.000000,0.000000,0.000000
1055,1.055000,9,knife_2,knife,0.450000,0.035000,-0.280000,0.707107,0.000000,0.707107,0.000000,0.000000,0.000000,0.000000,0.000000,0.000000,0.000000
1055,1.055000,10,plate_3,plate,0.320000,0.040000,0.280000,1.000000,0.000000,0.000000,-0.000000,0.000000,0.000000,0.000000,0.000000,0.000000,0.000000
1055,1.055000,11,fork_3,fork,0.450000,0.035000,0.280000,0.707107,0.000000,0.707107,0.000000,0.000000,0.000000,0.000000,0.000000,0.000000,0.000000
1055,1.055000,12,knife_3,knife,0.190000,0.035000,0.280000,0.707107,0.000000,0.707107,0.000000,0.000000,0.000000,0.000000,0.000000,0.000000,0.000000
1055,1.055000,13,candle_0,candle,-0.500000,0.075000,-0.450000,1.000000,0.000000,0.000000,-0.000000,0.000000,0.000000,0.000000,0.000000,0.000000,0.000000
1055,1.055000,14,candle_1,candle,-0.500000,0.075000,0.450000,1.000000,0.000000,0.000000,-0.000000,0.000000,0.000000,0.000000,0.000000,0.000000,0.000000
1055,1.055000,15,candle_2,candle,0.500000,0.075000,-0.450000,1.000000,0.000000,0.000000,-0.000000,0.000000,0.000000,0.000000,0.000000,0.000000,0.000000
1055,1.055000,16,candle_3,candle,0.500000,0.075000,0.450000,1.000000,0.000000,0.000000,-0.000000,0.000000,0.000000,0.000000,0.000000,0.000000,0.000000
1055,1.055000,17,pot,pot,0.000000,0.099786,0.000000,1.000000,0.000000,0.000000,-0.000000,0.000000,0.156730,0.000000,0.000000,0.000000,0.000000
1060,1.060000,1,plate_0,plate,-0.320000,0.040000,-0.280000,1.000000,0.000000,0.000000,-0.000000,0.000000,0.000000,0.000000,0.000000,0.000000,0.000000
1060,1.060000,2,fork_0,fork,-0.450000,0.035000,-0.280000,0.707107,0.000000,0.707107,0.000000,0.000000,0.000000,0.000000,0.000000,0.000000,0.000000
1060,1.060000,3,knife_0,knife,-0.190000,0.035000,-0.280000,0.707107,0.000000,0.707107,0.000000,0.000000,0.000000,0.000000,0.000000,0.000000,0.000000
1060,1.060000,4,plate_1,plate,-0.320000,0.040000,0.280000,1.000000,0.000000,0.000000,-0.000000,0.000000,0.000000,0.000000,0.000000,0.000000,0.000000
1060,1.060000,5,fork_1,fork,-0.190000,0.035000,0.280000,0.707107,0.000000,0.707107,0.000000,0.000000,0.000000,0.000000,0.000000,0.000000,0.000000
1060,1.060000,6,knife_1,knife,-0.450000,0.035000,0.280000,0.707107,0.000000,0.707107,0.000000,0.000000,0.000000,0.000000,0.000000,0.000000,0.000000
1060,1.060000,7,plate_2,plate,0.320000,0.040000,-0.280000,1.000000,0.000000,0.000000,-0.000000,0.000000,0.000000,0.000000,0.000000,0.000000,0.000000
1060,1.060000,8,fork_2,fork,0.190000,0.035000,-0.280000,0.707107,0.000000,0.707107,0.000000,0.000000,0.000000,0.000000,0.000000,0.000000,0.000000
1060,1.060000,9,knife_2,knife,0.450000,0.035000,-0.280000,0.707107,0.000000,0.707107,0.000000,0.000000,0.000000,0.000000,0.000000,0.000000,0.000000
1060,1.060000,10,plate_3,plate,0.320000,0.040000,0.280000,1.000000,0.000000,0.000000,-0.000000,0.000000,0.000000,0.000000,0.000000,0.000000,0.000000
1060,1.060000,11,fork_3,fork,0.450000,0.035000,0.280000,0.707107,0.000000,0.707107,0.000000,0.000000,0.000000,0.000000,0.000000,0.000000,0.000000
1060,1.060000,12,knife_3,knife,0.190000,0.035000,0.280000,0.707107,0.000000,0.707107,0.000000,0.000000,0.000000,0.000000,0.000000,0.000000,0.000000
1060,1.060000,13,candle_0,candle,-0.500000,0.075000,-0.450000,1.000000,0.000000,0.000000,-0.000000,0.000000,0.000000,0.000000,0.000000,0.000000,0.000000
1060,1.060000,14,candle_1,candle,-0.500000,0.075000,0.450000,1.000000,0.000000,0.000000,-0.000000,0.000000,0.000000,0.000000,0.000000,0.000000,0.000000
1060,1.060000,15,candle_2,candle,0.500000,0.075000,-0.450000,1.000000,0.000000,0.000000,-0.000000,0.000000,0.000000,0.000000,0.000000,0.000000,0.000000
1060,1.060000,16,candle_3,candle,0.500000,0.075000,0.450000,1.000000,0.000000,0.000000,-0.000000,0.000000,0.000000,0.000000,0.000000,0.000000,0.000000
1060,1.060000,17,pot,pot,0.000000,0.100442,0.000000,1.000000,0.000000,0.000000,-0.000000,0.000000,0.107855,0.000000,0.000000,0.000000,0.000000
1065,1.065000,1,plate_0,plate,-0.320000,0.040000,-0.280000,1.000000,0.000000,0.000000,-0.000000,0.000000,0.000000,0.000000,0.000000,0.000000,0.000000
1065,1.065000,2,fork_0,fork,-0.450000,0.035000,-0.280000,0.707107,0.000000,0.707107,0.000000,0.000000,0.000000,0.000000,0.000000,0.000000,0.000000
1065,1.065000,3,knife_0,knife,-0.190000,0.035000,-0.280000,0.707107,0.000000,0.707107,0.000000,0.000000,0.000000,0.000000,0.000000,0.000000,0.000000
1065,1.065000,4,plate_1,plate,-0.320000,0.040000,0.280000,1.000000,0.000000,0.000000,-0.000000,0.000000,0.000000,0.000000,0.000000,0.000000,0.000000
1065,1.065000,5,fork_1,fork,-0.190000,0.035000,0.280000,0.707107,0.000000,0.707107,0.000000,0.000000,0.000000,0.000000,0.000000,0.000000,0.000000
1065,1.065000,6,knife_1,knife,-0.450000,0.035000,0.280000,0.707107,0.000000,0.707107,0.000000,0.000000,0.000000,0.000000,0.000000,0.000000,0.000000
1065,1.065000,7,plate_2,plate,0.320000,0.040000,-0.280000,1.000000,0.000000,0.000000,-0.000000,0.000000,0.000000,0.000000,0.000000,0.000000,0.000000
1065,1.065000,8,fork_2,fork,0.190000,0.035000,-0.280000,0.707107,0.000000,0.707107,0.000000,0.000000,0.000000,0.000000,0.000000,0.000000,0.000000
1065,1.065000,9,knife_2,knife,0.450000,0.035000,-0.280000,0.707107,0.000000,0.707107,0.000000,0.000000,0.000000,0.000000,0.000000,0.000000,0.000000
1065,1.065000,10,plate_3,plate,0.320000,0.040000,0.280000,1.000000,0.000000,0.000000,-0.000000,0.000000,0.000000,0.000000,0.000000,0.000000,0.000000
1065,1.065000,11,fork_3,fork,0.450000,0.035000,0.280000,0.707107,0.000000,0.707107,0.000000,0.000000,0.000000,0.000000,0.000000,0.000000,0.000000
1065,1.065000,12,knife_3,knife,0.190000,0.035000,0.280000,0.707107,0.000000,0.707107,0.000000,0.000000,0.000000,0.000000,0.000000,0.000000,0.000000
1065,1.065000,13,candle_0,candle,-0.500000,0.075000,-0.450000,1.000000,0.000000,0.000000,-0.000000,0.000000,0.000000,0.000000,0.000000,0.000000,0.000000
1065,1.065000,14,candle_1,candle,-0.500000,0.075000,0.450000,1.000000,0.000000,0.000000,-0.000000,0.000000,0.000000,0.000000,0.000000,0.000000,0.000000
1065,1.065000,15,candle_2,candle,0.500000,0.075000,-0.450000,1.000000,0.000000,0.000000,-0.000000,0.000000,0.000000,0.000000,0.000000,0.000000,0.000000
1065,1.065000,16,candle_3,candle,0.500000,0.075000,0.450000,1.000000,0.000000,0.000000,-0.000000,0.000000,0.000000,0.000000,0.000000,0.000000,0.000000
1065,1.065000,17,pot,pot,0.000000,0.100853,0.000000,1.000000,0.000000,0.000000,-0.000000,0.000000,0.058979,0.000000,0.000000,0.000000,0.000000
1070,1.070000,1,plate_0,plate,-0.320000,0.040000,-0.280000,1.000000,0.000000,0.000000,-0.000000,0.000000,0.000000,0.000000,0.000000,0.000000,0.000000
1070,1.070000,2,fork_0,fork,-0.450000,0.035000,-0.280000,0.707107,0.000000,0.707107,0.000000,0.000000,0.000000,0.000000,0.000000,0.000000,0.000000
1070,1.070000,3,knife_0,knife,-0.190000,0.035000,-0.280000,0.707107,0.000000,0.707107,0.000000,0.000000,0.000000,0.000000,0.000000,0.000000,0.000000
1070,1.070000,4,plate_1,plate,-0.320000,0.040000,0.280000,1.000000,0.000000,0.000000,-0.000000,0.000000,0.000000,0.000000,0.000000,0.000000,0.000000
1070,1.070000,5,fork_1,fork,-0.190000,0.035000,0.280000,0.707107,0.000000,0.707107,0.000000,0.000000,0.000000,0.000000,0.000000,0.000000,0.000000
1070,1.070000,6,knife_1,knife,-0.450000,0.035000,0.280000,0.707107,0.000000,0.707107,0.000000,0.000000,0.000000,0.000000,0.000000,0.000000,0.000000
1070,1.070000,7,plate_2,plate,0.320000,0.040000,-0.280000,1.000000,0.000000,0.000000,-0.000000,0.000000,0.000000,0.000000,0.000000,0.000000,0.000000
1070,1.070000,8,fork_2,fork,0.190000,0.035000,-0.280000,0.707107,0.000000,0.707107,0.000000,0.000000,0.000000,0.000000,0.000000,0.000000,0.000000
1070,1.070000,9,knife_2,knife,0.450000,0.035000,-0.280000,0.707107,0.000000,0.707107,0.000000,0.000000,0.000000,0.000000,0.000000,0.000000,0.000000
1070,1.070000,10,plate_3,plate,0.320000,0.040000,0.280000,1.000000,0.000000,0.000000,-0.000000,0.000000,0.000000,0.000000,0.000000,0.000000,0.000000
1070,1.070000,11,fork_3,fork,0.450000,0.035000,0.280000,0.707107,0.000000,0.707107,0.000000,0.000000,0.000000,0.000000,0.000000,0.000000,0.000000
1070,1.070000,12,knife_3,knife,0.190000,0.035000,0.280000,0.707107,0.000000,0.707107,0.000000,0.000000,0.000000,0.000000,0.000000,0.000000,0.000000
1070,1.070000,13,candle_0,candle,-0.500000,0.075000,-0.450000,1.000000,0.000000,0.000000,-0.000000,0.000000,0.000000,0.000000,0.000000,0.000000,0.000000
1070,1.070000,14,candle_1,candle,-0.500000,0.075000,0.450000,1.000000,0.000000,0.000000,-0.000000,0.000000,0.000000,0.000000,0.000000,0.000000,0.000000
1070,1.070000,15,candle_2,candle,0.500000,0.075000,-0.450000,1.000000,0.000000,0.000000,-0.000000,0.000000,0.000000,0.000000,0.000000,0.000000,0.000000
1070,1.070000,16,candle_3,candle,0.500000,0.075000,0.450000,1.000000,0.000000,0.000000,-0.000000,0.000000,0.000000,0.000000,0.000000,0.000000,0.000000
1070,1.070000,17,pot,pot,0.000000,0.101019,0.000000,1.000000,0.000000,0.000000,-0.000000,0.000000,0.010103,0.000000,0.000000,0.000000,0.000000
1075,1.075000,1,plate_0,plate,-0.320000,0.040000,-0.280000,1.000000,0.000000,0.000000,-0.000000,0.000000,0.000000,0.000000,0.000000,0.000000,0.000000
1075,1.075000,2,fork_0,fork,-0.450000,0.035000,-0.280000,0.707107,0.000000,0.707107,0.000000,0.000000,0.000000,0.000000,0.000000,0.000000,0.000000
1075,1.075000,3,knife_0,knife,-0.190000,0.035000,-0.280000,0.707107,0.000000,0.707107,0.000000,0.000000,0.000000,0.000000,0.000000,0.000000,0.000000
1075,1.075000,4,plate_1,plate,-0.320000,0.040000,0.280000,1.000000,0.000000,0.000000,-0.000000,0.000000,0.000000,0.000000,0.000000,0.000000,0.000000
1075,1.075000,5,fork_1,fork,-0.190000,0.035000,0.280000,0.707107,0.000000,0.707107,0.000000,0.000000,0.000000,0.000000,0.000000,0.000000,0.000000
1075,1.075000,6,knife_1,knife,-0.450000,0.035000,0.280000,0.707107,0.000000,0.707107,0.000000,0.000000,0.000000,0.000000,0.000000,0.000000,0.000000
1075,1.075000,7,plate_2,plate,0.320000,0.040000,-0.280000,1.000000,0.000000,0.000000,-0.000000,0.000000,0.000000,0.000000,0.000000,0.000000,0.000000
1075,1.075000,8,fork_2,fork,0.190000,0.035000,-0.280000,0.707107,0.000000,0.707107,0.000000,0.000000,0.000000,0.000000,0.000000,0.000000,0.000000
1075,1.075000,9,knife_2,knife,0.450000,0.035000,-0.280000,0.707107,0.000000,0.707107,0.000000,0.000000,0.000000,0.000000,0.000000,0.000000,0.000000
1075,1.075000,10,plate_3,plate,0.320000,0.040000,0.280000,1.000000,0.000000,0.000000,-0.000000,0.000000,0.000000,0.000000,0.000000,0.000000,0.000000
1075,1.075000,11,fork_3,fork,0.450000,0.035000,0.280000,0.707107,0.000000,0.707107,0.000000,0.000000,0.000000,0.000000,0.000000,0.000000,0.000000
1075,1.075000,12,knife_3,knife,0.190000,0.035000,0.280000,0.707107,0.000000,0.707107,0.000000,0.000000,0.000000,0.000000,0.000000,0.000000,0.000000
1075,1.075000,13,candle_0,candle,-0.500000,0.075000,-0.450000,1.000000,0.000000,0.000000,-0.000000,0.000000,0.000000,0.000000,0.000000,0.000000,0.000000
1075,1.075000,14,candle_1,candle,-0.500000,0.075000,0.450000,1.000000,0.000000,0.000000,-0.000000,0.000000,0.000000,0.000000,0.000000,0.000000,0.000000
1075,1.075000,15,candle_2,candle,0.500000,0.075000,-0.450000,1.000000,0.000000,0.000000,-0.000000,0.000000,0.000000,0.000000,0.000000,0.000000,0.000000
1075,1.075000,16,candle_3,candle,0.500000,0.075000,0.450000,1.000000,0.000000,0.000000,-0.000000,0.000000,0.000000,0.000000,0.000000,0.000000,0.000000
1075,1.075000,17,pot,pot,0.000000,0.100941,0.000000,1.000000,0.000000,0.000000,-0.000000,0.000000,-0.038773,0.000000,0.000000,0.000000,0.000000
1080,1.080000,1,plate_0,plate,-0.320000,0.040000,-0.280000,1.000000,0.000000,0.000000,-0.000000,0.000000,0.000000,0.000000,0.000000,0.000000,0.000000
1080,1.080000,2,fork_0,fork,-0.450000,0.035000,-0.280000,0.707107,0.000000,0.707107,0.000000,0.000000,0.000000,0.000000,0.000000,0.000000,0.000000
1080,1.080000,3,knife_0,knife,-0.190000,0.035000,-0.280000,0.707107,0.000000,0.707107,0.000000,0.000000,0.000000,0.000000,0.000000,0.000000,0.000000
1080,1.080000,4,plate_1,plate,-0.320000,0.040000,0.280000,1.000000,0.000000,0.000000,-0.000000,0.000000,0.000000,0.000000,0.000000,0.000000,0.000000
1080,1.080000,5,fork_1,fork,-0.190000,0.035000,0.280000,0.707107,0.000000,0.707107,0.000000,0.000000,0.000000,0.000000,0.000000,0.000000,0.000000
1080,1.080000,6,knife_1,knife,-0.450000,0.035000,0.280000,0.707107,0.000000,0.707107,0.000000,0.000000,0.000000,0.000000,0.000000,0.000000,0.000000
1080,1.080000,7,plate_2,plate,0.320000,0.040000,-0.280000,1.000000,0.000000,0.000000,-0.000000,0.000000,0.000000,0.000000,0.000000,0.000000,0.000000
1080,1.080000,8,fork_2,fork,0.190000,0.035000,-0.280000,0.707107,0.000000,0.707107,0.000000,0.000000,0.000000,0.000000,0.000000,0.000000,0.000000
1080,1.080000,9,knife_2,knife,0.450000,0.035000,-0.280000,0.707107,0.000000,0.707107,0.000000,0.000000,0.000000,0.000000,0.000000,0.000000,0.000000
1080,1.080000,10,plate_3,plate,0.320000,0.040000,0.280000,1.000000,0.000000,0.000000,-0.000000,0.000000,0.000000,0.000000,0.000000,0.000000,0.000000
1080,1.080000,11,fork_3,fork,0.450000,0.035000,0.280000,0.707107,0.000000,0.707107,0.000000,0.000000,0.000000,0.000000,0.000000,0.000000,0.000000
1080,1.080000,12,knife_3,knife,0.190000,0.035000,0.280000,0.707107,0.000000,0.707107,0.000000,0.000000,0.000000,0.000000,0.000000,0.000000,0.000000
1080,1.080000,13,candle_0,candle,-0.500000,0.075000,-0.450000,1.000000,0.000000,0.000000,-0.000000,0.000000,0.000000,0.000000,0.000000,0.000000,0.000000
1080,1.080000,14,candle_1,candle,-0.500000,0.075000,0.450000,1.000000,0.000000,0.000000,-0.000000,0.000000,0.000000,0.000000,0.000000,0.000000,0.000000
1080,1.080000,15,candle_2,candle,0.500000,0.075000,-0.450000,1.000000,0.000000,0.000000,-0.000000,0.000000,0.000000,0.000000,0.000000,0.000000,0.000000
1080,1.080000,16,candle_3,candle,0.500000,0.075000,0.450000,1.000000,0.000000,0.000000,-0.000000,0.000000,0.000000,0.000000,0.000000,0.000000,0.000000
1080,1.080000,17,pot,pot,0.000000,0.100619,0.000000,1.000000,0.000000,0.000000,-0.000000,0.000000,-0.087649,0.000000,0.000000,0.000000,0.000000
1085,1.085000,1,plate_0,plate,-0.320000,0.040000,-0.280000,1.000000,0.000000,0.000000,-0.000000,0.000000,0.000000,0.000000,0.000000,0.000000,0.000000
1085,1.085000,2,fork_0,fork,-0.450000,0.035000,-0.280000,0.707107,0.000000,0.707107,0.000000,0.000000,0.000000,0.000000,0.000000,0.000000,0.000000
1085,1.085000,3,knife_0,knife,-0.190000,0.035000,-0.280000,0.707107,0.000000,0.707107,0.000000,0.000000,0.000000,0.000000,0.000000,0.000000,0.000000
1085,1.085000,4,plate_1,plate,-0.320000,0.040000,0.280000,1.000000,0.000000,0.000000,-0.000000,0.000000,0.000000,0.000000,0.000000,0.000000,0.000000
1085,1.085000,5,fork_1,fork,-0.190000,0.035000,0.280000,0.707107,0.000000,0.707107,0.000000,0.000000,0.000000,0.000000,0.000000,0.000000,0.000000
1085,1.085000,6,knife_1,knife,-0.450000,0.035000,0.280000,0.707107,0.000000,0.707107,0.000000,0.000000,0.000000,0.000000,0.000000,0.000000,0.000000
1085,1.085000,7,plate_2,plate,0.320000,0.040000,-0.280000,1.000000,0.000000,0.000000,-0.000000,0.000000,0.000000,0.000000,0.000000,0.000000,0.000000
1085,1.085000,8,fork_2,fork,0.190000,0.035000,-0.280000,0.707107,0.000000,0.707107,0.000000,0.000000,0.000000,0.000000,0.000000,0.000000,0.000000
1085,1.085000,9,knife_2,knife,0.450000,0.035000,-0.280000,0.707107,0.000000,0.707107,0.000000,0.000000,0.000000,0.000000,0.000000,0.000000,0.000000
1085,1.085000,10,plate_3,plate,0.320000,0.040000,0.280000,1.000000,0.000000,0.000000,-0.000000,0.000000,0.000000,0.000000,0.000000,0.000000,0.000000
1085,1.085000,11,fork_3,fork,0.450000,0.035000,0.280000,0.707107,0.000000,0.707107,0.000000,0.000000,0.000000,0.000000,0.000000,0.000000,0.000000
1085,1.085000,12,knife_3,knife,0.190000,0.035000,0.280000,0.707107,0.000000,0.707107,0.000000,0.000000,0.000000,0.000000,0.000000,0.000000,0.000000
1085,1.085000,13,candle_0,candle,-0.500000,0.075000,-0.450000,1.000000,0.000000,0.000000,-0.000000,0.000000,0.000000,0.000000,0.000000,0.000000,0.000000
1085,1.085000,14,candle_1,candle,-0.500000,0.075000,0.450000,1.000000,0.000000,0.000000,-0.000000,0.000000,0.000000,0.000000,0.000000,0.000000,0.000000
1085,1.085000,15,candle_2,candle,0.500000,0.075000,-0.450000,1.000000,0.000000,0.000000,-0.000000,0.000000,0.000000,0.000000,0.000000,0.000000,0.000000
1085,1.085000,16,candle_3,candle,0.500000,0.075000,0.450000,1.000000,0.000000,0.000000,-0.000000,0.000000,0.000000,0.000000,0.000000,0.000000,0.000000
1085,1.085000,17,pot,pot,0.000000,0.100053,0.000000,1.000000,0.000000,0.000000,-0.000000,0.000000,-0.136524,0.000000,0.000000,0.000000,0.000000
1090,1.090000,1,plate_0,plate,-0.320000,0.040000,-0.280000,1.000000,0.000000,0.000000,-0.000000,0.000000,0.000000,0.000000,0.000000,0.000000,0.000000
1090,1.090000,2,fork_0,fork,-0.450000,0.035000,-0.280000,0.707107,0.000000,0.707107,0.000000,0.000000,0.000000,0.000000,0.000000,0.000000,0.000000
1090,1.090000,3,knife_0,knife,-0.190000,0.035000,-0.280000,0.707107,0.000000,0.707107,0.000000,0.000000,0.000000,0.000000,0.000000,0.000000,0.000000
1090,1.090000,4,plate_1,plate,-0.320000,0.040000,0.280000,1.000000,0.000000,0.000000,-0.000000,0.000000,0.000000,0.000000,0.000000,0.000000,0.000000
1090,1.090000,5,fork_1,fork,-0.190000,0.035000,0.280000,0.707107,0.000000,0.707107,0.000000,0.000000,0.000000,0.000000,0.000000,0.000000,0.000000
1090,1.090000,6,knife_1,knife,-0.450000,0.035000,0.280000,0.707107,0.000000,0.707107,0.000000,0.000000,0.000000,0.000000,0.000000,0.000000,0.000000
1090,1.090000,7,plate_2,plate,0.320000,0.040000,-0.280000,1.000000,0.000000,0.000000,-0.000000,0.000000,0.000000,0.000000,0.000000,0.000000,0.000000
1090,1.090000,8,fork_2,fork,0.190000,0.035000,-0.280000,0.707107,0.000000,0.707107,0.000000,0.000000,0.000000,0.000000,0.000000,0.000000,0.000000
1090,1.090000,9,knife_2,knife,0.450000,0.035000,-0.280000,0.707107,0.000000,0.707107,0.000000,0.000000,0.000000,0.000000,0.000000,0.000000,0.000000
1090,1.090000,10,plate_3,plate,0.320000,0.040000,0.280000,1.000000,0.000000,0.000000,-0.000000,0.000000,0.000000,0.000000,0.000000,0.000000,0.000000
1090,1.090000,11,fork_3,fork,0.450000,0.035000,0.280000,0.707107,0.000000,0.707107,0.000000,0.000000,0.000000,0.000000,0.000000,0.000000,0.000000
1090,1.090000,12,knife_3,knife,0.190000,0.035000,0.280000,0.707107,0.000000,0.707107,0.000000,0.000000,0.000000,0.000000,0.000000,0.000000,0.000000
1090,1.090000,13,candle_0,candle,-0.500000,0.075000,-0.450000,1.000000,0.000000,0.000000,-0.000000,0.000000,0.000000,0.000000,0.000000,0.000000,0.000000
1090,1.090000,14,candle_1,candle,-0.500000,0.075000,0.450000,1.000000,0.000000,0.000000,-0.000000,0.000000,0.000000,0.000000,0.000000,0.000000,0.000000
1090,1.090000,15,candle_2,candle,0.500000,0.075000,-0.450000,1.000000,0.000000,0.000000,-0.000000,0.000000,0.000000,0.000000,0.000000,0.000000,0.000000
1090,1.090000,16,candle_3,candle,0.500000,0.075000,0.450000,1.000000,0.000000,0.000000,-0.000000,0.000000,0.000000,0.000000,0.000000,0.000000,0.000000
1090,1.090000,17,pot,pot,0.000000,0.099242,0.000000,1.000000,0.000000,0.000000,-0.000000,0.000000,-0.185400,0.000000,0.000000,0.000000,0.000000
1095,1.095000,1,plate_0,plate,-0.320000,0.040000,-0.280000,1.000000,0.000000,0.000000,-0.000000,0.000000,0.000000,0.000000,0.000000,0.000000,0.000000
1095,1.095000,2,fork_0,fork,-0.450000,0.035000,-0.280000,0.707107,0.000000,0.707107,0.000000,0.000000,0.000000,0.000000,0.000000,0.000000,0.000000
1095,1.095000,3,knife_0,knife,-0.190000,0.035000,-0.280000,0.707107,0.000000,0.707107,0.000000,0.000000,0.000000,0.000000,0.000000,0.000000,0.000000
1095,1.095000,4,plate_1,plate,-0.320000,0.040000,0.280000,1.000000,0.000000,0.000000,-0.000000,0.000000,0.000000,0.000000,0.000000,0.000000,0.000000
1095,1.095000,5,fork_1,fork,-0.190000,0.035000,0.280000,0.707107,0.000000,0.707107,0.000000,0.000000,0.000000,0.000000,0.000000,0.000000,0.000000
1095,1.095000,6,knife_1,knife,-0.450000,0.035000,0.280000,0.707107,0.000000,0.707107,0.000000,0.000000,0.000000,0.000000,0.000000,0.000000,0.000000
1095,1.095000,7,plate_2,plate,0.320000,0.040000,-0.280000,1.000000,0.000000,0.000000,-0.000000,0.000000,0.000000,0.000000,0.000000,0.000000,0.000000
1095,1.095000,8,fork_2,fork,0.190000,0.035000,-0.280000,0.707107,0.000000,0.707107,0.000000,0.000000,0.000000,0.000000,0.000000,0.000000,0.000000
1095,1.095000,9,knife_2,knife,0.450000,0.035000,-0.280000,0.707107,0.000000,0.707107,0.000000,0.000000,0.000000,0.000000,0.000000,0.000000,0.000000
1095,1.095000,10,plate_3,plate,0.320000,0.040000,0.280000,1.000000,0.000000,0.000000,-0.000000,0.000000,0.000000,0.000000,0.000000,0.000000,0.000000
1095,1.095000,11,fork_3,fork,0.450000,0.035000,0.280000,0.707107,0.000000,0.707107,0.000000,0.000000,0.000000,0.000000,0.000000,0.000000,0.000000
1095,1.095000,12,knife_3,knife,0.190000,0.035000,0.280000,0.707107,0.000000,0.707107,0.000000,0.000000,0.000000,0.000000,0.000000,0.000000,0.000000
1095,1.095000,13,candle_0,candle,-0.500000,0.075000,-0.450000,1.000000,0.000000,0.000000,-0.000000,0.000000,0.000000,0.000000,0.000000,0.000000,0.000000
1095,1.095000,14,candle_1,candle,-0.500000,0.075000,0.450000,1.000000,0.000000,0.000000,-0.000000,0.000000,0.000000,0.000000,0.000000,0.000000,0.000000
1095,1.095000,15,candle_2,candle,0.500000,0.075000,-0.450000,1.000000,0.000000,0.000000,-0.000000,0.000000,0.000000,0.000000,0.000000,0.000000,0.000000
1095,1.095000,16,candle_3,candle,0.500000,0.075000,0.450000,1.000000,0.000000,0.000000,-0.000000,0.000000,0.000000,0.000000,0.000000,0.000000,0.000000
1095,1.095000,17,pot,pot,0.000000,0.098186,0.000000,1.000000,0.000000,0.000000,-0.000000,0.000000,-0.234276,0.000000,0.000000,0.000000,0.000000
1100,1.100000,1,plate_0,plate,-0.320000,0.040000,-0.280000,1.000000,0.000000,0.000000,-0.000000,0.000000,0.000000,0.000000,0.000000,0.000000,0.000000
1100,1.100000,2,fork_0,fork,-0.450000,0.035000,-0.280000,0.707107,0.000000,0.707107,0.000000,0.000000,0.000000,0.000000,0.000000,0.000000,0.000000
1100,1.100000,3,knife_0,knife,-0.190000,0.035000,-0.280000,0.707107,0.000000,0.707107,0.000000,0.000000,0.000000,0.000000,0.000000,0.000000,0.000000
1100,1.100000,4,plate_1,plate,-0.320000,0.040000,0.280000,1.000000,0.000000,0.000000,-0.000000,0.000000,0.000000,0.000000,0.000000,0.000000,0.000000
1100,1.100000,5,fork_1,fork,-0.190000,0.035000,0.280000,0.707107,0.000000,0.707107,0.000000,0.000000,0.000000,0.000000,0.000000,0.000000,0.000000
1100,1.100000,6,knife_1,knife,-0.450000,0.035000,0.280000,0.707107,0.000000,0.707107,0.000000,0.000000,0.000000,0.000000,0.000000,0.000000,0.000000
1100,1.100000,7,plate_2,plate,0.320000,0.040000,-0.280000,1.000000,0.000000,0.000000,-0.000000,0.000000,0.000000,0.000000,0.000000,0.000000,0.000000
1100,1.100000,8,fork_2,fork,0.190000,0.035000,-0.280000,0.707107,0.000000,0.707107,0.000000,0.000000,0.000000,0.000000,0.000000,0.000000,0.000000
1100,1.100000,9,knife_2,knife,0.450000,0.035000,-0.280000,0.707107,0.000000,0.707107,0.000000,0.000000,0.000000,0.000000,0.000000,0.000000,0.000000
1100,1.100000,10,plate_3,plate,0.320000,0.040000,0.280000,1.000000,0.000000,0.000000,-0.000000,0.000000,0.000000,0.000000,0.000000,0.000000,0.000000
1100,1.100000,11,fork_3,fork,0.450000,0.035000,0.280000,0.707107,0.000000,0.707107,0.000000,0.000000,0.000000,0.000000,0.000000,0.000000,0.000000
1100,1.100000,12,knife_3,knife,0.190000,0.035000,0.280000,0.707107,0.000000,0.707107,0.000000,0.000000,0.000000,0.000000,0.000000,0.000000,0.000000
1100,1.100000,13,candle_0,candle,-0.500000,0.075000,-0.450000,1.000000,0.000000,0.000000,-0.000000,0.000000,0.000000,0.000000,0.000000,0.000000,0.000000
1100,1.100000,14,candle_1,candle,-0.500000,0.075000,0.450000,1.000000,0.000000,0.000000,-0.000000,0.000000,0.000000,0.000000,0.000000,0.000000,0.000000
1100,1.100000,15,candle_2,candle,0.500000,0.075000,-0.450000,1.000000,0.000000,0.000000,-0.000000,0.000000,0.000000,0.000000,0.000000,0.000000,0.000000
1100,1.100000,16,candle_3,candle,0.500000,0.075000,0.450000,1.000000,0.000000,0.000000,-0.000000,0.000000,0.000000,0.000000,0.000000,0.000000,0.000000
1100,1.100000,17,pot,pot,0.000000,0.096887,0.000000,1.000000,0.000000,0.000000,-0.000000,0.000000,-0.283152,0.000000,0.000000,0.000000,0.000000
1105,1.105000,1,plate_0,plate,-0.320000,0.040000,-0.280000,1.000000,0.000000,0.000000,-0.000000,0.000000,0.000000,0.000000,0.000000,0.000000,0.000000
1105,1.105000,2,fork_0,fork,-0.450000,0.035000,-0.280000,0.707107,0.000000,0.707107,0.000000,0.000000,0.000000,0.000000,0.000000,0.000000,0.000000
1105,1.105000,3,knife_0,knife,-0.190000,0.035000,-0.280000,0.707107,0.000000,0.707107,0.000000,0.000000,0.000000,0.000000,0.000000,0.000000,0.000000
1105,1.105000,4,plate_1,plate,-0.320000,0.040000,0.280000,1.000000,0.000000,0.000000,-0.000000,0.000000,0.000000,0.000000,0.000000,0.000000,0.000000
1105,1.105000,5,fork_1,fork,-0.190000,0.035000,0.280000,0.707107,0.000000,0.707107,0.000000,0.000000,0.000000,0.000000,0.000000,0.000000,0.000000
1105,1.105000,6,knife_1,knife,-0.450000,0.035000,0.280000,0.707107,0.000000,0.707107,0.000000,0.000000,0.000000,0.000000,0.000000,0.000000,0.000000
1105,1.105000,7,plate_2,plate,0.320000,0.040000,-0.280000,1.000000,0.000000,0.000000,-0.000000,0.000000,0.000000,0.000000,0.000000,0.000000,0.000000
1105,1.105000,8,fork_2,fork,0.190000,0.035000,-0.280000,0.707107,0.000000,0.707107,0.000000,0.000000,0.000000,0.000000,0.000000,0.000000,0.000000
1105,1.105000,9,knife_2,knife,0.450000,0.035000,-0.280000,0.707107,0.000000,0.707107,0.000000,0.000000,0.000000,0.000000,0.000000,0.000000,0.000000
1105,1.105000,10,plate_3,plate,0.320000,0.040000,0.280000,1.000000,0.000000,0.000000,-0.000000,0.000000,0.000000,0.000000,0.000000,0.000000,0.000000
1105,1.105000,11,fork_3,fork,0.450000,0.035000,0.280000,0.707107,0.000000,0.707107,0.000000,0.000000,0.000000,0.000000,0.000000,0.000000,0.000000
1105,1.105000,12,knife_3,knife,0.190000,0.035000,0.280000,0.707107,0.000000,0.707107,0.000000,0.000000,0.000000,0.000000,0.000000,0.000000,0.000000
1105,1.105000,13,candle_0,candle,-0.500000,0.075000,-0.450000,1.000000,0.000000,0.000000,-0.000000,0.000000,0.000000,0.000000,0.000000,0.000000,0.000000
1105,1.105000,14,candle_1,candle,-0.500000,0.075000,0.450000,1.000000,0.000000,0.000000,-0.000000,0.000000,0.000000,0.000000,0.000000,0.000000,0.000000
1105,1.105000,15,candle_2,candle,0.500000,0.075000,-0.450000,1.000000,0.000000,0.000000,-0.000000,0.000000,0.000000,0.000000,0.000000,0.000000,0.000000
1105,1.105000,16,candle_3,candle,0.500000,0.075000,0.450000,1.000000,0.000000,0.000000,-0.000000,0.000000,0.000000,0.000000,0.000000,0.000000,0.000000
1105,1.105000,17,pot,pot,0.000000,0.095343,0.000000,1.000000,0.000000,0.000000,-0.000000,0.000000,-0.332028,0.000000,0.000000,0.000000,0.000000
1110,1.110000,1,plate_0,plate,-0.320000,0.040000,-0.280000,1.000000,0.000000,0.000000,-0.000000,0.000000,0.000000,0.000000,0.000000,0.000000,0.000000
1110,1.110000,2,fork_0,fork,-0.450000,0.035000,-0.280000,0.707107,0.000000,0.707107,0.000000,0.000000,0.000000,0.000000,0.000000,0.000000,0.000000
1110,1.110000,3,knife_0,knife,-0.190000,0.035000,-0.280000,0.707107,0.000000,0.707107,0.000000,0.000000,0.000000,0.000000,0.000000,0.000000,0.000000
1110,1.110000,4,plate_1,plate,-0.320000,0.040000,0.280000,1.000000,0.000000,0.000000,-0.000000,0.000000,0.000000,0.000000,0.000000,0.000000,0.000000
1110,1.110000,5,fork_1,fork,-0.190000,0.035000,0.280000,0.707107,0.000000,0.707107,0.000000,0.000000,0.000000,0.000000,0.000000,0.000000,0.000000
1110,1.110000,6,knife_1,knife,-0.450000,0.035000,0.280000,0.707107,0.000000,0.707107,0.000000,0.000000,0.000000,0.000000,0.000000,0.000000,0.000000
1110,1.110000,7,plate_2,plate,0.320000,0.040000,-0.280000,1.000000,0.000000,0.000000,-0.000000,0.000000,0.000000,0.000000,0.000000,0.000000,0.000000
1110,1.110000,8,fork_2,fork,0.190000,0.035000,-0.280000,0.707107,0.000000,0.707107,0.000000,0.000000,0.000000,0.000000,0.000000,0.000000,0.000000
1110,1.110000,9,knife_2,knife,0.450000,0.035000,-0.280000,0.707107,0.000000,0.707107,0.000000,0.000000,0.000000,0.000000,0.000000,0.000000,0.000000
1110,1.110000,10,plate_3,plate,0.320000,0.040000,0.280000,1.000000,0.000000,0.000000,-0.000000,0.000000,0.000000,0.000000,0.000000,0.000000,0.000000
1110,1.110000,11,fork_3,fork,0.450000,0.035000,0.280000,0.707107,0.000000,0.707107,0.000000,0.000000,0.000000,0.000000,0.000000,0.000000,0.000000
1110,1.110000,12,knife_3,knife,0.190000,0.035000,0.280000,0.707107,0.000000,0.707107,0.000000,0.000000,0.000000,0.000000,0.000000,0.000000,0.000000
1110,1.110000,13,candle_0,candle,-0.500000,0.075000,-0.450000,1.000000,0.000000,0.000000,-0.000000,0.000000,0.000000,0.000000,0.000000,0.000000,0.000000
1110,1.110000,14,candle_1,candle,-0.500000,0.075000,0.450000,1.000000,0.000000,0.000000,-0.000000,0.000000,0.000000,0.000000,0.000000,0.000000,0.000000
1110,1.110000,15,candle_2,candle,0.500000,0.075000,-0.450000,1.000000,0.000000,0.000000,-0.000000,0.000000,0.000000,0.000000,0.000000,0.000000,0.000000
1110,1.110000,16,candle_3,candle,0.500000,0.075000,0.450000,1.000000,0.000000,0.000000,-0.000000,0.000000,0.000000,0.000000,0.000000,0.000000,0.000000
1110,1.110000,17,pot,pot,0.000000,0.095346,0.000000,1.000000,0.000000,0.000000,-0.000000,0.000000,0.180781,0.000000,0.000000,0.000000,0.000000
1115,1.115000,1,plate_0,plate,-0.320000,0.040000,-0.280000,1.000000,0.000000,0.000000,-0.000000,0.000000,0.000000,0.000000,0.000000,0.000000,0.000000
1115,1.115000,2,fork_0,fork,-0.450000,0.035000,-0.280000,0.707107,0.000000,0.707107,0.000000,0.000000,0.000000,0.000000,0.000000,0.000000,0.000000
1115,1.115000,3,knife_0,knife,-0.190000,0.035000,-0.280000,0.707107,0.000000,0.707107,0.000000,0.000000,0.000000,0.000000,0.000000,0.000000,0.000000
1115,1.115000,4,plate_1,plate,-0.320000,0.040000,0.280000,1.000000,0.000000,0.000000,-0.000000,0.000000,0.000000,0.000000,0.000000,0.000000,0.000000
1115,1.115000,5,fork_1,fork,-0.190000,0.035000,0.280000,0.707107,0.000000,0.707107,0.000000,0.000000,0.000000,0.000000,0.000000,0.000000,0.000000
1115,1.115000,6,knife_1,knife,-0.450000,0.035000,0.280000,0.707107,0.000000,0.707107,0.000000,0.000000,0.000000,0.000000,0.000000,0.000000,0.000000
1115,1.115000,7,plate_2,plate,0.320000,0.040000,-0.280000,1.000000,0.000000,0.000000,-0.000000,0.000000,0.000000,0.000000,0.000000,0.000000,0.000000
1115,1.115000,8,fork_2,fork,0.190000,0.035000,-0.280000,0.707107,0.000000,0.707107,0.000000,0.000000,0.000000,0.000000,0.000000,0.000000,0.000000
1115,1.115000,9,knife_2,knife,0.450000,0.035000,-0.280000,0.707107,0.000000,0.707107,0.000000,0.000000,0.000000,0.000000,0.000000,0.000000,0.000000
1115,1.115000,10,plate_3,plate,0.320000,0.040000,0.280000,1.000000,0.000000,0.000000,-0.000000,0.000000,0.000000,0.000000,0.000000,0.000000,0.000000
1115,1.115000,11,fork_3,fork,0.450000,0.035000,0.280000,0.707107,0.000000,0.707107,0.000000,0.000000,0.000000,0.000000,0.000000,0.000000,0.000000
1115,1.115000,12,knife_3,knife,0.190000,0.035000,0.280000,0.707107,0.000000,0.707107,0.000000,0.000000,0.000000,0.000000,0.000000,0.000000,0.000000
1115,1.115000,13,candle_0,candle,-0.500000,0.075000,-0.450000,1.000000,0.000000,0.000000,-0.000000,0.000000,0.000000,0.000000,0.000000,0.000000,0.000000
1115,1.115000,14,candle_1,candle,-0.500000,0.075000,0.450000,1.000000,0.000000,0.000000,-0.000000,0.000000,0.000000,0.000000,0.000000,0.000000,0.000000
1115,1.115000,15,candle_2,candle,0.500000,0.075000,-0.450000,1.000000,0.000000,0.000000,-0.000000,0.000000,0.000000,0.000000,0.000000,0.000000,0.000000
1115,1.115000,16,candle_3,candle,0.500000,0.075000,0.450000,1.000000,0.000000,0.000000,-0.000000,0.000000,0.000000,0.000000,0.000000,0.000000,0.000000
1115,1.115000,17,pot,pot,0.000000,0.096121,0.000000,1.000000,0.000000,0.000000,-0.000000,0.000000,0.131905,0.000000,0.000000,0.000000,0.000000
1120,1.120000,1,plate_0,plate,-0.320000,0.040000,-0.280000,1.000000,0.000000,0.000000,-0.000000,0.000000,0.000000,0.000000,0.000000,0.000000,0.000000
1120,1.120000,2,fork_0,fork,-0.450000,0.035000,-0.280000,0.707107,0.000000,0.707107,0.000000,0.000000,0.000000,0.000000,0.000000,0.000000,0.000000
1120,1.120000,3,knife_0,knife,-0.190000,0.035000,-0.280000,0.707107,0.000000,0.707107,0.000000,0.000000,0.000000,0.000000,0.000000,0.000000,0.000000
1120,1.120000,4,plate_1,plate,-0.320000,0.040000,0.280000,1.000000,0.000000,0.000000,-0.000000,0.000000,0.000000,0.000000,0.000000,0.000000,0.000000
1120,1.120000,5,fork_1,fork,-0.190000,0.035000,0.280000,0.707107,0.000000,0.707107,0.000000,0.000000,0.000000,0.000000,0.000000,0.000000,0.000000
1120,1.120000,6,knife_1,knife,-0.450000,0.035000,0.280000,0.707107,0.000000,0.707107,0.000000,0.000000,0.000000,0.000000,0.000000,0.000000,0.000000
1120,1.120000,7,plate_2,plate,0.320000,0.040000,-0.280000,1.000000,0.000000,0.000000,-0.000000,0.000000,0.000000,0.000000,0.000000,0.000000,0.000000
1120,1.120000,8,fork_2,fork,0.190000,0.035000,-0.280000,0.707107,0.000000,0.707107,0.000000,0.000000,0.000000,0.000000,0.000000,0.000000,0.000000
1120,1.120000,9,knife_2,knife,0.450000,0.035000,-0.280000,0.707107,0.000000,0.707107,0.000000,0.000000,0.000000,0.000000,0.000000,0.000000,0.000000
1120,1.120000,10,plate_3,plate,0.320000,0.040000,0.280000,1.000000,0.000000,0.000000,-0.000000,0.000000,0.000000,0.000000,0.000000,0.000000,0.000000
1120,1.120000,11,fork_3,fork,0.450000,0.035000,0.280000,0.707107,0.000000,0.707107,0.000000,0.000000,0.000000,0.000000,0.000000,0.000000,0.000000
1120,1.120000,12,knife_3,knife,0.190000,0.035000,0.280000,0.707107,0.000000,0.707107,0.000000,0.000000,0.000000,0.000000,0.000000,0.000000,0.000000
1120,1.120000,13,candle_0,candle,-0.500000,0.075000,-0.450000,1.000000,0.000000,0.000000,-0.000000,0.000000,0.000000,0.000000,0.000000,0.000000,0.000000
1120,1.120000,14,candle_1,candle,-0.500000,0.075000,0.450000,1.000000,0.000000,0.000000,-0.000000,0.000000,0.000000,0.000000,0.000000,0.000000,0.000000
1120,1.120000,15,candle_2,candle,0.500000,0.075000,-0.450000,1.000000,0.000000,0.000000,-0.000000,0.000000,0.000000,0.000000,0.000000,0.000000,0.000000
1120,1.120000,16,candle_3,candle,0.500000,0.075000,0.450000,1.000000,0.000000,0.000000,-0.000000,0.000000,0.000000,0.000000,0.000000,0.000000,0.000000
1120,1.120000,17,pot,pot,0.000000,0.096652,0.000000,1.000000,0.000000,0.000000,-0.000000,0.000000,0.083029,0.000000,0.000000,0.000000,0.000000
1125,1.125000,1,plate_0,plate,-0.320000,0.040000,-0.280000,1.000000,0.000000,0.000000,-0.000000,0.000000,0.000000,0.000000,0.000000,0.000000,0.000000
1125,1.125000,2,fork_0,fork,-0.450000,0.035000,-0.280000,0.707107,0.000000,0.707107,0.000000,0.000000,0.000000,0.000000,0.000000,0.000000,0.000000
1125,1.125000,3,knife_0,knife,-0.190000,0.035000,-0.280000,0.707107,0.000000,0.707107,0.000000,0.000000,0.000000,0.000000,0.000000,0.000000,0.000000
1125,1.125000,4,plate_1,plate,-0.320000,0.040000,0.280000,1.000000,0.000000,0.000000,-0.000000,0.000000,0.000000,0.000000,0.000000,0.000000,0.000000
1125,1.125000,5,fork_1,fork,-0.190000,0.035000,0.280000,0.707107,0.000000,0.707107,0.000000,0.000000,0.000000,0.000000,0.000000,0.000000,0.000000
1125,1.125000,6,knife_1,knife,-0.450000,0.035000,0.280000,0.707107,0.000000,0.707107,0.000000,0.000000,0.000000,0.000000,0.000000,0.000000,0.000000
1125,1.125000,7,plate_2,plate,0.320000,0.040000,-0.280000,1.000000,0.000000,0.000000,-0.000000,0.000000,0.000000,0.000000,0.000000,0.000000,0.000000
1125,1.125000,8,fork_2,fork,0.190000,0.035000,-0.280000,0.707107,0.000000,0.707107,0.000000,0.000000,0.000000,0.000000,0.000000,0.000000,0.000000
1125,1.125000,9,knife_2,knife,0.450000,0.035000,-0.280000,0.707107,0.000000,0.707107,0.000000,0.000000,0.000000,0.000000,0.000000,0.000000,0.000000
1125,1.125000,10,plate_3,plate,0.320000,0.040000,0.280000,1.000000,0.000000,0.000000,-0.000000,0.000000,0.000000,0.000000,0.000000,0.000000,0.000000
1125,1.125000,11,fork_3,fork,0.450000,0.035000,0.280000,0.707107,0.000000,0.707107,0.000000,0.000000,0.000000,0.000000,0.000000,0.000000,0.000000
1125,1.125000,12,knife_3,knife,0.190000,0.035000,0.280000,0.707107,0.000000,0.707107,0.000000,0.000000,0.000000,0.000000,0.000000,0.000000,0.000000
1125,1.125000,13,candle_0,candle,-0.500000,0.075000,-0.450000,1.000000,0.000000,0.000000,-0.000000,0.000000,0.000000,0.000000,0.000000,0.000000,0.000000
1125,1.125000,14,candle_1,candle,-0.500000,0.075000,0.450000,1.000000,0.000000,0.000000,-0.000000,0.000000,0.000000,0.000000,0.000000,0.000000,0.000000
1125,1.125000,15,candle_2,candle,0.500000,0.075000,-0.450000,1.000000,0.000000,0.000000,-0.000000,0.000000,0.000000,0.000000,0.000000,0.000000,0.000000
1125,1.125000,16,candle_3,candle,0.500000,0.075000,0.450000,1.000000,0.000000,0.000000,-0.000000,0.000000,0.000000,0.000000,0.000000,0.000000,0.000000
1125,1.125000,17,pot,pot,0.000000,0.096939,0.000000,1.000000,0.000000,0.000000,-0.000000,0.000000,0.034153,0.000000,0.000000,0.000000,0.000000
1130,1.130000,1,plate_0,plate,-0.320000,0.040000,-0.280000,1.000000,0.000000,0.000000,-0.000000,0.000000,0.000000,0.000000,0.000000,0.000000,0.000000
1130,1.130000,2,fork_0,fork,-0.450000,0.035000,-0.280000,0.707107,0.000000,0.707107,0.000000,0.000000,0.000000,0.000000,0.000000,0.000000,0.000000
1130,1.130000,3,knife_0,knife,-0.190000,0.035000,-0.280000,0.707107,0.000000,0.707107,0.000000,0.000000,0.000000,0.000000,0.000000,0.000000,0.000000
1130,1.130000,4,plate_1,plate,-0.320000,0.040000,0.280000,1.000000,0.000000,0.000000,-0.000000,0.000000,0.000000,0.000000,0.000000,0.000000,0.000000
1130,1.130000,5,fork_1,fork,-0.190000,0.035000,0.280000,0.707107,0.000000,0.707107,0.000000,0.000000,0.000000,0.000000,0.000000,0.000000,0.000000
1130,1.130000,6,knife_1,knife,-0.450000,0.035000,0.280000,0.707107,0.000000,0.707107,0.000000,0.000000,0.000000,0.000000,0.000000,0.000000,0.000000
1130,1.130000,7,plate_2,plate,0.320000,0.040000,-0.280000,1.000000,0.000000,0.000000,-0.000000,0.000000,0.000000,0.000000,0.000000,0.000000,0.000000
1130,1.130000,8,fork_2,fork,0.190000,0.035000,-0.280000,0.707107,0.000000,0.707107,0.000000,0.000000,0.000000,0.000000,0.000000,0.000000,0.000000
1130,1.130000,9,knife_2,knife,0.450000,0.035000,-0.280000,0.707107,0.000000,0.707107,0.000000,0.000000,0.000000,0.000000,0.000000,0.000000,0.000000
1130,1.130000,10,plate_3,plate,0.320000,0.040000,0.280000,1.000000,0.000000,0.000000,-0.000000,0.000000,0.000000,0.000000,0.000000,0.000000,0.000000
1130,1.130000,11,fork_3,fork,0.450000,0.035000,0.280000,0.707107,0.000000,0.707107,0.000000,0.000000,0.000000,0.000000,0.000000,0.000000,0.000000
1130,1.130000,12,knife_3,knife,0.190000,0.035000,0.280000,0.707107,0.000000,0.707107,0.000000,0.000000,0.000000,0.000000,0.000000,0.000000,0.000000
1130,1.130000,13,candle_0,candle,-0.500000,0.075000,-0.450000,1.000000,0.000000,0.000000,-0.000000,0.000000,0.000000,0.000000,0.000000,0.000000,0.000000
1130,1.130000,14,candle_1,candle,-0.500000,0.075000,0.450000,1.000000,0.000000,0.000000,-0.000000,0.000000,0.000000,0.000000,0.000000,0.000000,0.000000
1130,1.130000,15,candle_2,candle,0.500000,0.075000,-0.450000,1.000000,0.000000,0.000000,-0.000000,0.000000,0.000000,0.000000,0.000000,0.000000,0.000000
1130,1.130000,16,candle_3,candle,0.500000,0.075000,0.450000,1.000000,0.000000,0.000000,-0.000000,0.000000,0.000000,0.000000,0.000000,0.000000,0.000000
1130,1.130000,17,pot,pot,0.000000,0.096982,0.000000,1.000000,0.000000,0.000000,-0.000000,0.000000,-0.014722,0.000000,0.000000,0.000000,0.000000
1135,1.135000,1,plate_0,plate,-0.320000,0.040000,-0.280000,1.000000,0.000000,0.000000,-0.000000,0.000000,0.000000,0.000000,0.000000,0.000000,0.000000
1135,1.135000,2,fork_0,fork,-0.450000,0.035000,-0.280000,0.707107,0.000000,0.707107,0.000000,0.000000,0.000000,0.000000,0.000000,0.000000,0.000000
1135,1.135000,3,knife_0,knife,-0.190000,0.035000,-0.280000,0.707107,0.000000,0.707107,0.000000,0.000000,0.000000,0.000000,0.000000,0.000000,0.000000
1135,1.135000,4,plate_1,plate,-0.320000,0.040000,0.280000,1.000000,0.000000,0.000000,-0.000000,0.000000,0.000000,0.000000,0.000000,0.000000,0.000000
1135,1.135000,5,fork_1,fork,-0.190000,0.035000,0.280000,0.707107,0.000000,0.707107,0.000000,0.000000,0.000000,0.000000,0.000000,0.000000,0.000000
1135,1.135000,6,knife_1,knife,-0.450000,0.035000,0.280000,0.707107,0.000000,0.707107,0.000000,0.000000,0.000000,0.000000,0.000000,0.000000,0.000000
1135,1.135000,7,plate_2,plate,0.320000,0.040000,-0.280000,1.000000,0.000000,0.000000,-0.000000,0.000000,0.000000,0.000000,0.000000,0.000000,0.000000
1135,1.135000,8,fork_2,fork,0.190000,0.035000,-0.280000,0.707107,0.000000,0.707107,0.000000,0.000000,0.000000,0.000000,0.000000,0.000000,0.000000
1135,1.135000,9,knife_2,knife,0.450000,0.035000,-0.280000,0.707107,0.000000,0.707107,0.000000,0.000000,0.000000,0.000000,0.000000,0.000000,0.000000
1135,1.135000,10,plate_3,plate,0.320000,0.040000,0.280000,1.000000,0.000000,0.000000,-0.000000,0.000000,0.000000,0.000000,0.000000,0.000000,0.000000
1135,1.135000,11,fork_3,fork,0.450000,0.035000,0.280000,0.707107,0.000000,0.707107,0.000000,0.000000,0.000000,0.000000,0.000000,0.000000,0.000000
1135,1.135000,12,knife_3,knife,0.190000,0.035000,0.280000,0.707107,0.000000,0.707107,0.000000,0.000000,0.000000,0.000000,0.000000,0.000000,0.000000
1135,1.135000,13,candle_0,candle,-0.500000,0.075000,-0.450000,1.000000,0.000000,0.000000,-0.000000,0.000000,0.000000,0.000000,0.000000,0.000000,0.000000
1135,1.135000,14,candle_1,candle,-0.500000,0.075000,0.450000,1.000000,0.000000,0.000000,-0.000000,0.000000,0.000000,0.000000,0.000000,0.000000,0.000000
1135,1.135000,15,candle_2,candle,0.500000,0.075000,-0.450000,1.000000,0.000000,0.000000,-0.000000,0.000000,0.000000,0.000000,0.000000,0.000000,0.000000
1135,1.135000,16,candle_3,candle,0.500000,0.075000,0.450000,1.000000,0.000000,0.000000,-0.000000,0.000000,0.000000,0.000000,0.000000,0.000000,0.000000
1135,1.135000,17,pot,pot,0.000000,0.096780,0.000000,1.000000,0.000000,0.000000,-0.000000,0.000000,-0.063598,0.000000,0.000000,0.000000,0.000000
1140,1.140000,1,plate_0,plate,-0.320000,0.040000,-0.280000,1.000000,0.000000,0.000000,-0.000000,0.000000,0.000000,0.000000,0.000000,0.000000,0.000000
1140,1.140000,2,fork_0,fork,-0.450000,0.035000,-0.280000,0.707107,0.000000,0.707107,0.000000,0.000000,0.000000,0.000000,0.000000,0.000000,0.000000
1140,1.140000,3,knife_0,knife,-0.190000,0.035000,-0.280000,0.707107,0.000000,0.707107,0.000000,0.000000,0.000000,0.000000,0.000000,0.000000,0.000000
1140,1.140000,4,plate_1,plate,-0.320000,0.040000,0.280000,1.000000,0.000000,0.000000,-0.000000,0.000000,0.000000,0.000000,0.000000,0.000000,0.000000
1140,1.140000,5,fork_1,fork,-0.190000,0.035000,0.280000,0.707107,0.000000,0.707107,0.000000,0.000000,0.000000,0.000000,0.000000,0.000000,0.000000
1140,1.140000,6,knife_1,knife,-0.450000,0.035000,0.280000,0.707107,0.000000,0.707107,0.000000,0.000000,0.000000,0.000000,0.000000,0.000000,0.000000
1140,1.140000,7,plate_2,plate,0.320000,0.040000,-0.280000,1.000000,0.000000,0.000000,-0.000000,0.000000,0.000000,0.000000,0.000000,0.000000,0.000000
1140,1.140000,8,fork_2,fork,0.190000,0.035000,-0.280000,0.707107,0.000000,0.707107,0.000000,0.000000,0.000000,0.000000,0.000000,0.000000,0.000000
1140,1.140000,9,knife_2,knife,0.450000,0.035000,-0.280000,0.707107,0.000000,0.707107,0.000000,0.000000,0.000000,0.000000,0.000000,0.000000,0.000000
1140,1.140000,10,plate_3,plate,0.320000,0.040000,0.280000,1.000000,0.000000,0.000000,-0.000000,0.000000,0.000000,0.000000,0.000000,0.000000,0.000000
1140,1.140000,11,fork_3,fork,0.450000,0.035000,0.280000,0.707107,0.000000,0.707107,0.000000,0.000000,0.000000,0.000000,0.000000,0.000000,0.000000
1140,1.140000,12,knife_3,knife,0.190000,0.035000,0.280000,0.707107,0.000000,0.707107,0.000000,0.000000,0.000000,0.000000,0.000000,0.000000,0.000000
1140,1.140000,13,candle_0,candle,-0.500000,0.075000,-0.450000,1.000000,0.000000,0.000000,-0.000000,0.000000,0.000000,0.000000,0.000000,0.000000,0.000000
1140,1.140000,14,candle_1,candle,-0.500000,0.075000,0.450000,1.000000,0.000000,0.000000,-0.000000,0.000000,0.000000,0.000000,0.000000,0.000000,0.000000
1140,1.140000,15,candle_2,candle,0.500000,0.075000,-0.450000,1.000000,0.000000,0.000000,-0.000000,0.000000,0.000000,0.000000,0.000000,0.000000,0.000000
1140,1.140000,16,candle_3,candle,0.500000,0.075000,0.450000,1.000000,0.000000,0.000000,-0.000000,0.000000,0.000000,0.000000,0.000000,0.000000,0.000000
1140,1.140000,17,pot,pot,0.000000,0.096334,0.000000,1.000000,0.000000,0.000000,-0.000000,0.000000,-0.112474,0.000000,0.000000,0.000000,0.000000
1145,1.145000,1,plate_0,plate,-0.320000,0.040000,-0.280000,1.000000,0.000000,0.000000,-0.000000,0.000000,0.000000,0.000000,0.000000,0.000000,0.000000
1145,1.145000,2,fork_0,fork,-0.450000,0.035000,-0.280000,0.707107,0.000000,0.707107,0.000000,0.000000,0.000000,0.000000,0.000000,0.000000,0.000000
1145,1.145000,3,knife_0,knife,-0.190000,0.035000,-0.280000,0.707107,0.000000,0.707107,0.000000,0.000000,0.000000,0.000000,0.000000,0.000000,0.000000
1145,1.145000,4,plate_1,plate,-0.320000,0.040000,0.280000,1.000000,0.000000,0.000000,-0.000000,0.000000,0.000000,0.000000,0.000000,0.000000,0.000000
1145,1.145000,5,fork_1,fork,-0.190000,0.035000,0.280000,0.707107,0.000000,0.707107,0.000000,0.000000,0.000000,0.000000,0.000000,0.000000,0.000000
1145,1.145000,6,knife_1,knife,-0.450000,0.035000,0.280000,0.707107,0.000000,0.707107,0.000000,0.000000,0.000000,0.000000,0.000000,0.000000,0.000000
1145,1.145000,7,plate_2,plate,0.320000,0.040000,-0.280000,1.000000,0.000000,0.000000,-0.000000,0.000000,0.000000,0.000000,0.000000,0.000000,0.000000
1145,1.145000,8,fork_2,fork,0.190000,0.035000,-0.280000,0.707107,0.000000,0.707107,0.000000,0.000000,0.000000,0.000000,0.000000,0.000000,0.000000
1145,1.145000,9,knife_2,knife,0.450000,0.035000,-0.280000,0.707107,0.000000,0.707107,0.000000,0.000000,0.000000,0.000000,0.000000,0.000000,0.000000
1145,1.145000,10,plate_3,plate,0.320000,0.040000,0.280000,1.000000,0.000000,0.000000,-0.000000,0.000000,0.000000,0.000000,0.000000,0.000000,0.000000
1145,1.145000,11,fork_3,fork,0.450000,0.035000,0.280000,0.707107,0.000000,0.707107,0.000000,0.000000,0.000000,0.000000,0.000000,0.000000,0.000000
1145,1.145000,12,knife_3,knife,0.190000,0.035000,0.280000,0.707107,0.000000,0.707107,0.000000,0.000000,0.000000,0.000000,0.000000,0.000000,0.000000
1145,1.145000,13,candle_0,candle,-0.500000,0.075000,-0.450000,1.000000,0.000000,0.000000,-0.000000,0.000000,0.000000,0.000000,0.000000,0.000000,0.000000
1145,1.145000,14,candle_1,candle,-0.500000,0.075000,0.450000,1.000000,0.000000,0.000000,-0.000000,0.000000,0.000000,0.000000,0.000000,0.000000,0.000000
1145,1.145000,15,candle_2,candle,0.500000,0.075000,-0.450000,1.000000,0.000000,0.000000,-0.000000,0.000000,0.000000,0.000000,0.000000,0.000000,0.000000
1145,1.145000,16,candle_3,candle,0.500000,0.075000,0.450000,1.000000,0.000000,0.000000,-0.000000,0.000000,0.000000,0.000000,0.000000,0.000000,0.000000
1145,1.145000,17,pot,pot,0.000000,0.095643,0.000000,1.000000,0.000000,0.000000,-0.000000,0.000000,-0.161350,0.000000,0.000000,0.000000,0.000000
1150,1.150000,1,plate_0,plate,-0.320000,0.040000,-0.280000,1.000000,0.000000,0.000000,-0.000000,0.000000,0.000000,0.000000,0.000000,0.000000,0.000000
1150,1.150000,2,fork_0,fork,-0.450000,0.035000,-0.280000,0.707107,0.000000,0.707107,0.000000,0.000000,0.000000,0.000000,0.000000,0.000000,0.000000
1150,1.150000,3,knife_0,knife,-0.190000,0.035000,-0.280000,0.707107,0.000000,0.707107,0.000000,0.000000,0.000000,0.000000,0.000000,0.000000,0.000000
1150,1.150000,4,plate_1,plate,-0.320000,0.040000,0.280000,1.000000,0.000000,0.000000,-0.000000,0.000000,0.000000,0.000000,0.000000,0.000000,0.000000
1150,1.150000,5,fork_1,fork,-0.190000,0.035000,0.280000,0.707107,0.000000,0.707107,0.000000,0.000000,0.000000,0.000000,0.000000,0.000000,0.000000
1150,1.150000,6,knife_1,knife,-0.450000,0.035000,0.280000,0.707107,0.000000,0.707107,0.000000,0.000000,0.000000,0.000000,0.000000,0.000000,0.000000
1150,1.150000,7,plate_2,plate,0.320000,0.040000,-0.280000,1.000000,0.000000,0.000000,-0.000000,0.000000,0.000000,0.000000,0.000000,0.000000,0.000000
1150,1.150000,8,fork_2,fork,0.190000,0.035000,-0.280000,0.707107,0.000000,0.707107,0.000000,0.000000,0.000000,0.000000,0.000000,0.000000,0.000000
1150,1.150000,9,knife_2,knife,0.450000,0.035000,-0.280000,0.707107,0.000000,0.707107,0.000000,0.000000,0.000000,0.000000,0.000000,0.000000,0.000000
1150,1.150000,10,plate_3,plate,0.320000,0.040000,0.280000,1.000000,0.000000,0.000000,-0.000000,0.000000,0.000000,0.000000,0.000000,0.000000,0.000000
1150,1.150000,11,fork_3,fork,0.450000,0.035000,0.280000,0.707107,0.000000,0.707107,0.000000,0.000000,0.000000,0.000000,0.000000,0.000000,0.000000
1150,1.150000,12,knife_3,knife,0.190000,0.035000,0.280000,0.707107,0.000000,0.707107,0.000000,0.000000,0.000000,0.000000,0.000000,0.000000,0.000000
1150,1.150000,13,candle_0,candle,-0.500000,0.075000,-0.450000,1.000000,0.000000,0.000000,-0.000000,0.000000,0.000000,0.000000,0.000000,0.000000,0.000000
1150,1.150000,14,candle_1,candle,-0.500000,0.075000,0.450000,1.000000,0.000000,0.000000,-0.000000,0.000000,0.000000,0.000000,0.000000,0.000000,0.000000
1150,1.150000,15,candle_2,candle,0.500000,0.075000,-0.450000,1.000000,0.000000,0.000000,-0.000000,0.000000,0.000000,0.000000,0.000000,0.000000,0.000000
1150,1.150000,16,candle_3,candle,0.500000,0.075000,0.450000,1.000000,0.000000,0.000000,-0.000000,0.000000,0.000000,0.000000,0.000000,0.000000,0.000000
1150,1.150000,17,pot,pot,0.000000,0.094921,0.000000,1.000000,0.000000,0.000000,-0.000000,0.000000,0.050455,0.000000,0.000000,0.000000,0.000000
1155,1.155000,1,plate_0,plate,-0.320000,0.040000,-0.280000,1.000000,0.000000,0.000000,-0.000000,0.000000,0.000000,0.000000,0.000000,0.000000,0.000000
1155,1.155000,2,fork_0,fork,-0.450000,0.035000,-0.280000,0.707107,0.000000,0.707107,0.000000,0.000000,0.000000,0.000000,0.000000,0.000000,0.000000
1155,1.155000,3,knife_0,knife,-0.190000,0.035000,-0.280000,0.707107,0.000000,0.707107,0.000000,0.000000,0.000000,0.000000,0.000000,0.000000,0.000000
1155,1.155000,4,plate_1,plate,-0.320000,0.040000,0.280000,1.000000,0.000000,0.000000,-0.000000,0.000000,0.000000,0.000000,0.000000,0.000000,0.000000
1155,1.155000,5,fork_1,fork,-0.190000,0.035000,0.280000,0.707107,0.000000,0.707107,0.000000,0.000000,0.000000,0.000000,0.000000,0.000000,0.000000
1155,1.155000,6,knife_1,knife,-0.450000,0.035000,0.280000,0.707107,0.000000,0.707107,0.000000,0.000000,0.000000,0.000000,0.000000,0.000000,0.000000
1155,1.155000,7,plate_2,plate,0.320000,0.040000,-0.280000,1.000000,0.000000,0.000000,-0.000000,0.000000,0.000000,0.000000,0.000000,0.000000,0.000000
1155,1.155000,8,fork_2,fork,0.190000,0.035000,-0.280000,0.707107,0.000000,0.707107,0.000000,0.000000,0.000000,0.000000,0.000000,0.000000,0.000000
1155,1.155000,9,knife_2,knife,0.450000,0.035000,-0.280000,0.707107,0.000000,0.707107,0.000000,0.000000,0.000000,0.000000,0.000000,0.000000,0.000000
1155,1.155000,10,plate_3,plate,0.320000,0.040000,0.280000,1.000000,0.000000,0.000000,-0.000000,0.000000,0.000000,0.000000,0.000000,0.000000,0.000000
1155,1.155000,11,fork_3,fork,0.450000,0.035000,0.280000,0.707107,0.000000,0.707107,0.000000,0.000000,0.000000,0.000000,0.000000,0.000000,0.000000
1155,1.155000,12,knife_3,knife,0.190000,0.035000,0.280000,0.707107,0.000000,0.707107,0.000000,0.000000,0.000000,0.000000,0.000000,0.000000,0.000000
1155,1.155000,13,candle_0,candle,-0.500000,0.075000,-0.450000,1.000000,0.000000,0.000000,-0.000000,0.000000,0.000000,0.000000,0.000000,0.000000,0.000000
1155,1.155000,14,candle_1,candle,-0.500000,0.075000,0.450000,1.000000,0.000000,0.000000,-0.000000,0.000000,0.000000,0.000000,0.000000,0.000000,0.000000
1155,1.155000,15,candle_2,candle,0.500000,0.075000,-0.450000,1.000000,0.000000,0.000000,-0.000000,0.000000,0.000000,0.000000,0.000000,0.000000,0.000000
1155,1.155000,16,candle_3,candle,0.500000,0.075000,0.450000,1.000000,0.000000,0.000000,-0.000000,0.000000,0.000000,0.000000,0.000000,0.000000,0.000000
1155,1.155000,17,pot,pot,0.000000,0.095387,0.000000,1.000000,0.000000,0.000000,-0.000000,0.000000,0.071526,0.000000,0.000000,0.000000,0.000000
1160,1.160000,1,plate_0,plate,-0.320000,0.040000,-0.280000,1.000000,0.000000,0.000000,-0.000000,0.000000,0.000000,0.000000,0.000000,0.000000,0.000000
1160,1.160000,2,fork_0,fork,-0.450000,0.035000,-0.280000,0.707107,0.000000,0.707107,0.000000,0.000000,0.000000,0.000000,0.000000,0.000000,0.000000
1160,1.160000,3,knife_0,knife,-0.190000,0.035000,-0.280000,0.707107,0.000000,0.707107,0.000000,0.000000,0.000000,0.000000,0.000000,0.000000,0.000000
1160,1.160000,4,plate_1,plate,-0.320000,0.040000,0.280000,1.000000,0.000000,0.000000,-0.000000,0.000000,0.000000,0.000000,0.000000,0.000000,0.000000
1160,1.160000,5,fork_1,fork,-0.190000,0.035000,0.280000,0.707107,0.000000,0.707107,0.000000,0.000000,0.000000,0.000000,0.000000,0.000000,0.000000
1160,1.160000,6,knife_1,knife,-0.450000,0.035000,0.280000,0.707107,0.000000,0.707107,0.000000,0.000000,0.000000,0.000000,0.000000,0.000000,0.000000
1160,1.160000,7,plate_2,plate,0.320000,0.040000,-0.280000,1.000000,0.000000,0.000000,-0.000000,0.000000,0.000000,0.000000,0.000000,0.000000,0.000000
1160,1.160000,8,fork_2,fork,0.190000,0.035000,-0.280000,0.707107,0.000000,0.707107,0.000000,0.000000,0.000000,0.000000,0.000000,0.000000,0.000000
1160,1.160000,9,knife_2,knife,0.450000,0.035000,-0.280000,0.707107,0.000000,0.707107,0.000000,0.000000,0.000000,0.000000,0.000000,0.000000,0.000000
1160,1.160000,10,plate_3,plate,0.320000,0.040000,0.280000,1.000000,0.000000,0.000000,-0.000000,0.000000,0.000000,0.000000,0.000000,0.000000,0.000000
1160,1.160000,11,fork_3,fork,0.450000,0.035000,0.280000,0.707107,0.000000,0.707107,0.000000,0.000000,0.000000,0.000000,0.000000,0.000000,0.000000
1160,1.160000,12,knife_3,knife,0.190000,0.035000,0.280000,0.707107,0.000000,0.707107,0.000000,0.000000,0.000000,0.000000,0.000000,0.000000,0.000000
1160,1.160000,13,candle_0,candle,-0.500000,0.075000,-0.450000,1.000000,0.000000,0.000000,-0.000000,0.000000,0.000000,0.000000,0.000000,0.000000,0.000000
1160,1.160000,14,candle_1,candle,-0.500000,0.075000,0.450000,1.000000,0.000000,0.000000,-0.000000,0.000000,0.000000,0.000000,0.000000,0.000000,0.000000
1160,1.160000,15,candle_2,candle,0.500000,0.075000,-0.450000,1.000000,0.000000,0.000000,-0.000000,0.000000,0.000000,0.000000,0.000000,0.000000,0.000000
1160,1.160000,16,candle_3,candle,0.500000,0.075000,0.450000,1.000000,0.000000,0.000000,-0.000000,0.000000,0.000000,0.000000,0.000000,0.000000,0.000000
1160,1.160000,17,pot,pot,0.000000,0.095617,0.000000,1.000000,0.000000,0.000000,-0.000000,0.000000,0.022650,0.000000,0.000000,0.000000,0.000000
1165,1.165000,1,plate_0,plate,-0.320000,0.040000,-0.280000,1.000000,0.000000,0.000000,-0.000000,0.000000,0.000000,0.000000,0.000000,0.000000,0.000000
1165,1.165000,2,fork_0,fork,-0.450000,0.035000,-0.280000,0.707107,0.000000,0.707107,0.000000,0.000000,0.000000,0.000000,0.000000,0.000000,0.000000
1165,1.165000,3,knife_0,knife,-0.190000,0.035000,-0.280000,0.707107,0.000000,0.707107,0.000000,0.000000,0.000000,0.000000,0.000000,0.000000,0.000000
1165,1.165000,4,plate_1,plate,-0.320000,0.040000,0.280000,1.000000,0.000000,0.000000,-0.000000,0.000000,0.000000,0.000000,0.000000,0.000000,0.000000
1165,1.165000,5,fork_1,fork,-0.190000,0.035000,0.280000,0.707107,0.000000,0.707107,0.000000,0.000000,0.000000,0.000000,0.000000,0.000000,0.000000
1165,1.165000,6,knife_1,knife,-0.450000,0.035000,0.280000,0.707107,0.000000,0.707107,0.000000,0.000000,0.000000,0.000000,0.000000,0.000000,0.000000
1165,1.165000,7,plate_2,plate,0.320000,0.040000,-0.280000,1.000000,0.000000,0.000000,-0.000000,0.000000,0.000000,0.000000,0.000000,0.000000,0.000000
1165,1.165000,8,fork_2,fork,0.190000,0.035000,-0.280000,0.707107,0.000000,0.707107,0.000000,0.000000,0.000000,0.000000,0.000000,0.000000,0.000000
1165,1.165000,9,knife_2,knife,0.450000,0.035000,-0.280000,0.707107,0.000000,0.707107,0.000000,0.000000,0.000000,0.000000,0.000000,0.000000,0.000000
1165,1.165000,10,plate_3,plate,0.320000,0.040000,0.280000,1.000000,0.000000,0.000000,-0.000000,0.000000,0.000000,0.000000,0.000000,0.000000,0.000000
1165,1.165000,11,fork_3,fork,0.450000,0.035000,0.280000,0.707107,0.000000,0.707107,0.000000,0.000000,0.000000,0.000000,0.000000,0.000000,0.000000
1165,1.165000,12,knife_3,knife,0.190000,0.035000,0.280000,0.707107,0.000000,0.707107,0.000000,0.000000,0.000000,0.000000,0.000000,0.000000,0.000000
1165,1.165000,13,candle_0,candle,-0.500000,0.075000,-0.450000,1.000000,0.000000,0.000000,-0.000000,0.000000,0.000000,0.000000,0.000000,0.000000,0.000000
1165,1.165000,14,candle_1,candle,-0.500000,0.075000,0.450000,1.000000,0.000000,0.000000,-0.000000,0.000000,0.000000,0.000000,0.000000,0.000000,0.000000
1165,1.165000,15,candle_2,candle,0.500000,0.075000,-0.450000,1.000000,0.000000,0.000000,-0.000000,0.000000,0.000000,0.000000,0.000000,0.000000,0.000000
1165,1.165000,16,candle_3,candle,0.500000,0.075000,0.450000,1.000000,0.000000,0.000000,-0.000000,0.000000,0.000000,0.000000,0.000000,0.000000,0.000000
1165,1.165000,17,pot,pot,0.000000,0.095602,0.000000,1.000000,0.000000,0.000000,-0.000000,0.000000,-0.026226,0.000000,0.000000,0.000000,0.000000
1170,1.170000,1,plate_0,plate,-0.320000,0.040000,-0.280000,1.000000,0.000000,0.000000,-0.000000,0.000000,0.000000,0.000000,0.000000,0.000000,0.000000
1170,1.170000,2,fork_0,fork,-0.450000,0.035000,-0.280000,0.707107,0.000000,0.707107,0.000000,0.000000,0.000000,0.000000,0.000000,0.000000,0.000000
1170,1.170000,3,knife_0,knife,-0.190000,0.035000,-0.280000,0.707107,0.000000,0.707107,0.000000,0.000000,0.000000,0.000000,0.000000,0.000000,0.000000
1170,1.170000,4,plate_1,plate,-0.320000,0.040000,0.280000,1.000000,0.000000,0.000000,-0.000000,0.000000,0.000000,0.000000,0.000000,0.000000,0.000000
1170,1.170000,5,fork_1,fork,-0.190000,0.035000,0.280000,0.707107,0.000000,0.707107,0.000000,0.000000,0.000000,0.000000,0.000000,0.000000,0.000000
1170,1.170000,6,knife_1,knife,-0.450000,0.035000,0.280000,0.707107,0.000000,0.707107,0.000000,0.000000,0.000000,0.000000,0.000000,0.000000,0.000000
1170,1.170000,7,plate_2,plate,0.320000,0.040000,-0.280000,1.000000,0.000000,0.000000,-0.000000,0.000000,0.000000,0.000000,0.000000,0.000000,0.000000
1170,1.170000,8,fork_2,fork,0.190000,0.035000,-0.280000,0.707107,0.000000,0.707107,0.000000,0.000000,0.000000,0.000000,0.000000,0.000000,0.000000
1170,1.170000,9,knife_2,knife,0.450000,0.035000,-0.280000,0.707107,0.000000,0.707107,0.000000,0.000000,0.000000,0.000000,0.000000,0.000000,0.000000
1170,1.170000,10,plate_3,plate,0.320000,0.040000,0.280000,1.000000,0.000000,0.000000,-0.000000,0.000000,0.000000,0.000000,0.000000,0.000000,0.000000
1170,1.170000,11,fork_3,fork,0.450000,0.035000,0.280000,0.707107,0.000000,0.707107,0.000000,0.000000,0.000000,0.000000,0.000000,0.000000,0.000000
1170,1.170000,12,knife_3,knife,0.190000,0.035000,0.280000,0.707107,0.000000,0.707107,0.000000,0.000000,0.000000,0.000000,0.000000,0.000000,0.000000
1170,1.170000,13,candle_0,candle,-0.500000,0.075000,-0.450000,1.000000,0.000000,0.000000,-0.000000,0.000000,0.000000,0.000000,0.000000,0.000000,0.000000
1170,1.170000,14,candle_1,candle,-0.500000,0.075000,0.450000,1.000000,0.000000,0.000000,-0.000000,0.000000,0.000000,0.000000,0.000000,0.000000,0.000000
1170,1.170000,15,candle_2,candle,0.500000,0.075000,-0.450000,1.000000,0.000000,0.000000,-0.000000,0.000000,0.000000,0.000000,0.000000,0.000000,0.000000
1170,1.170000,16,candle_3,candle,0.500000,0.075000,0.450000,1.000000,0.000000,0.000000,-0.000000,0.000000,0.000000,0.000000,0.000000,0.000000,0.000000
1170,1.170000,17,pot,pot,0.000000,0.095342,0.000000,1.000000,0.000000,0.000000,-0.000000,0.000000,-0.075102,0.000000,0.000000,0.000000,0.000000
1175,1.175000,1,plate_0,plate,-0.320000,0.040000,-0.280000,1.000000,0.000000,0.000000,-0.000000,0.000000,0.000000,0.000000,0.000000,0.000000,0.000000
1175,1.175000,2,fork_0,fork,-0.450000,0.035000,-0.280000,0.707107,0.000000,0.707107,0.000000,0.000000,0.000000,0.000000,0.000000,0.000000,0.000000
1175,1.175000,3,knife_0,knife,-0.190000,0.035000,-0.280000,0.707107,0.000000,0.707107,0.000000,0.000000,0.000000,0.000000,0.000000,0.000000,0.000000
1175,1.175000,4,plate_1,plate,-0.320000,0.040000,0.280000,1.000000,0.000000,0.000000,-0.000000,0.000000,0.000000,0.000000,0.000000,0.000000,0.000000
1175,1.175000,5,fork_1,fork,-0.190000,0.035000,0.280000,0.707107,0.000000,0.707107,0.000000,0.000000,0.000000,0.000000,0.000000,0.000000,0.000000
1175,1.175000,6,knife_1,knife,-0.450000,0.035000,0.280000,0.707107,0.000000,0.707107,0.000000,0.000000,0.000000,0.000000,0.000000,0.000000,0.000000
1175,1.175000,7,plate_2,plate,0.320000,0.040000,-0.280000,1.000000,0.000000,0.000000,-0.000000,0.000000,0.000000,0.000000,0.000000,0.000000,0.000000
1175,1.175000,8,fork_2,fork,0.190000,0.035000,-0.280000,0.707107,0.000000,0.707107,0.000000,0.000000,0.000000,0.000000,0.000000,0.000000,0.000000
1175,1.175000,9,knife_2,knife,0.450000,0.035000,-0.280000,0.707107,0.000000,0.707107,0.000000,0.000000,0.000000,0.000000,0.000000,0.000000,0.000000
1175,1.175000,10,plate_3,plate,0.320000,0.040000,0.280000,1.000000,0.000000,0.000000,-0.000000,0.000000,0.000000,0.000000,0.000000,0.000000,0.000000
1175,1.175000,11,fork_3,fork,0.450000,0.035000,0.280000,0.707107,0.000000,0.707107,0.000000,0.000000,0.000000,0.000000,0.000000,0.000000,0.000000
1175,1.175000,12,knife_3,knife,0.190000,0.035000,0.280000,0.707107,0.000000,0.707107,0.000000,0.000000,0.000000,0.000000,0.000000,0.000000,0.000000
1175,1.175000,13,candle_0,candle,-0.500000,0.075000,-0.450000,1.000000,0.000000,0.000000,-0.000000,0.000000,0.000000,0.000000,0.000000,0.000000,0.000000
1175,1.175000,14,candle_1,candle,-0.500000,0.075000,0.450000,1.000000,0.000000,0.000000,-0.000000,0.000000,0.000000,0.000000,0.000000,0.000000,0.000000
1175,1.175000,15,candle_2,candle,0.500000,0.075000,-0.450000,1.000000,0.000000,0.000000,-0.000000,0.000000,0.000000,0.000000,0.000000,0.000000,0.000000
1175,1.175000,16,candle_3,candle,0.500000,0.075000,0.450000,1.000000,0.000000,0.000000,-0.000000,0.000000,0.000000,0.000000,0.000000,0.000000,0.000000
1175,1.175000,17,pot,pot,0.000000,0.094951,0.000000,1.000000,0.000000,0.000000,-0.000000,0.000000,0.019938,0.000000,0.000000,0.000000,0.000000
1180,1.180000,1,plate_0,plate,-0.320000,0.040000,-0.280000,1.000000,0.000000,0.000000,-0.000000,0.000000,0.000000,0.000000,0.000000,0.000000,0.000000
1180,1.180000,2,fork_0,fork,-0.450000,0.035000,-0.280000,0.707107,0.000000,0.707107,0.000000,0.000000,0.000000,0.000000,0.000000,0.000000,0.000000
1180,1.180000,3,knife_0,knife,-0.190000,0.035000,-0.280000,0.707107,0.000000,0.707107,0.000000,0.000000,0.000000,0.000000,0.000000,0.000000,0.000000
1180,1.180000,4,plate_1,plate,-0.320000,0.040000,0.280000,1.000000,0.000000,0.000000,-0.000000,0.000000,0.000000,0.000000,0.000000,0.000000,0.000000
1180,1.180000,5,fork_1,fork,-0.190000,0.035000,0.280000,0.707107,0.000000,0.707107,0.000000,0.000000,0.000000,0.000000,0.000000,0.000000,0.000000
1180,1.180000,6,knife_1,knife,-0.450000,0.035000,0.280000,0.707107,0.000000,0.707107,0.000000,0.000000,0.000000,0.000000,0.000000,0.000000,0.000000
1180,1.180000,7,plate_2,plate,0.320000,0.040000,-0.280000,1.000000,0.000000,0.000000,-0.000000,0.000000,0.000000,0.000000,0.000000,0.000000,0.000000
1180,1.180000,8,fork_2,fork,0.190000,0.035000,-0.280000,0.707107,0.000000,0.707107,0.000000,0.000000,0.000000,0.000000,0.000000,0.000000,0.000000
1180,1.180000,9,knife_2,knife,0.450000,0.035000,-0.280000,0.707107,0.000000,0.707107,0.000000,0.000000,0.000000,0.000000,0.000000,0.000000,0.000000
1180,1.180000,10,plate_3,plate,0.320000,0.040000,0.280000,1.000000,0.000000,0.000000,-0.000000,0.000000,0.000000,0.000000,0.000000,0.000000,0.000000
1180,1.180000,11,fork_3,fork,0.450000,0.035000,0.280000,0.707107,0.000000,0.707107,0.000000,0.000000,0.000000,0.000000,0.000000,0.000000,0.000000
1180,1.180000,12,knife_3,knife,0.190000,0.035000,0.280000,0.707107,0.000000,0.707107,0.000000,0.000000,0.000000,0.000000,0.000000,0.000000,0.000000
1180,1.180000,13,candle_0,candle,-0.500000,0.075000,-0.450000,1.000000,0.000000,0.000000,-0.000000,0.000000,0.000000,0.000000,0.000000,0.000000,0.000000
1180,1.180000,14,candle_1,candle,-0.500000,0.075000,0.450000,1.000000,0.000000,0.000000,-0.000000,0.000000,0.000000,0.000000,0.000000,0.000000,0.000000
1180,1.180000,15,candle_2,candle,0.500000,0.075000,-0.450000,1.000000,0.000000,0.000000,-0.000000,0.000000,0.000000,0.000000,0.000000,0.000000,0.000000
1180,1.180000,16,candle_3,candle,0.500000,0.075000,0.450000,1.000000,0.000000,0.000000,-0.000000,0.000000,0.000000,0.000000,0.000000,0.000000,0.000000
1180,1.180000,17,pot,pot,0.000000,0.095171,0.000000,1.000000,0.000000,0.000000,-0.000000,0.000000,0.022352,0.000000,0.000000,0.000000,0.000000
1185,1.185000,1,plate_0,plate,-0.320000,0.040000,-0.280000,1.000000,0.000000,0.000000,-0.000000,0.000000,0.000000,0.000000,0.000000,0.000000,0.000000
1185,1.185000,2,fork_0,fork,-0.450000,0.035000,-0.280000,0.707107,0.000000,0.707107,0.000000,0.000000,0.000000,0.000000,0.000000,0.000000,0.000000
1185,1.185000,3,knife_0,knife,-0.190000,0.035000,-0.280000,0.707107,0.000000,0.707107,0.000000,0.000000,0.000000,0.000000,0.000000,0.000000,0.000000
1185,1.185000,4,plate_1,plate,-0.320000,0.040000,0.280000,1.000000,0.000000,0.000000,-0.000000,0.000000,0.000000,0.000000,0.000000,0.000000,0.000000
1185,1.185000,5,fork_1,fork,-0.190000,0.035000,0.280000,0.707107,0.000000,0.707107,0.000000,0.000000,0.000000,0.000000,0.000000,0.000000,0.000000
1185,1.185000,6,knife_1,knife,-0.450000,0.035000,0.280000,0.707107,0.000000,0.707107,0.000000,0.000000,0.000000,0.000000,0.000000,0.000000,0.000000
1185,1.185000,7,plate_2,plate,0.320000,0.040000,-0.280000,1.000000,0.000000,0.000000,-0.000000,0.000000,0.000000,0.000000,0.000000,0.000000,0.000000
1185,1.185000,8,fork_2,fork,0.190000,0.035000,-0.280000,0.707107,0.000000,0.707107,0.000000,0.000000,0.000000,0.000000,0.000000,0.000000,0.000000
1185,1.185000,9,knife_2,knife,0.450000,0.035000,-0.280000,0.707107,0.000000,0.707107,0.000000,0.000000,0.000000,0.000000,0.000000,0.000000,0.000000
1185,1.185000,10,plate_3,plate,0.320000,0.040000,0.280000,1.000000,0.000000,0.000000,-0.000000,0.000000,0.000000,0.000000,0.000000,0.000000,0.000000
1185,1.185000,11,fork_3,fork,0.450000,0.035000,0.280000,0.707107,0.000000,0.707107,0.000000,0.000000,0.000000,0.000000,0.000000,0.000000,0.000000
1185,1.185000,12,knife_3,knife,0.190000,0.035000,0.280000,0.707107,0.000000,0.707107,0.000000,0.000000,0.000000,0.000000,0.000000,0.000000,0.000000
1185,1.185000,13,candle_0,candle,-0.500000,0.075000,-0.450000,1.000000,0.000000,0.000000,-0.000000,0.000000,0.000000,0.000000,0.000000,0.000000,0.000000
1185,1.185000,14,candle_1,candle,-0.500000,0.075000,0.450000,1.000000,0.000000,0.000000,-0.000000,0.000000,0.000000,0.000000,0.000000,0.000000,0.000000
1185,1.185000,15,candle_2,candle,0.500000,0.075000,-0.450000,1.000000,0.000000,0.000000,-0.000000,0.000000,0.000000,0.000000,0.000000,0.000000,0.000000
1185,1.185000,16,candle_3,candle,0.500000,0.075000,0.450000,1.000000,0.000000,0.000000,-0.000000,0.000000,0.000000,0.000000,0.000000,0.000000,0.000000
1185,1.185000,17,pot,pot,0.000000,0.095155,0.000000,1.000000,0.000000,0.000000,-0.000000,0.000000,-0.026524,0.000000,0.000000,0.000000,0.000000
1190,1.190000,1,plate_0,plate,-0.320000,0.040000,-0.280000,1.000000,0.000000,0.000000,-0.000000,0.000000,0.000000,0.000000,0.000000,0.000000,0.000000
1190,1.190000,2,fork_0,fork,-0.450000,0.035000,-0.280000,0.707107,0.000000,0.707107,0.000000,0.000000,0.000000,0.000000,0.000000,0.000000,0.000000
1190,1.190000,3,knife_0,knife,-0.190000,0.035000,-0.280000,0.707107,0.000000,0.707107,0.000000,0.000000,0.000000,0.000000,0.000000,0.000000,0.000000
1190,1.190000,4,plate_1,plate,-0.320000,0.040000,0.280000,1.000000,0.000000,0.000000,-0.000000,0.000000,0.000000,0.000000,0.000000,0.000000,0.000000
1190,1.190000,5,fork_1,fork,-0.190000,0.035000,0.280000,0.707107,0.000000,0.707107,0.000000,0.000000,0.000000,0.000000,0.000000,0.000000,0.000000
1190,1.190000,6,knife_1,knife,-0.450000,0.035000,0.280000,0.707107,0.000000,0.707107,0.000000,0.000000,0.000000,0.000000,0.000000,0.000000,0.000000
1190,1.190000,7,plate_2,plate,0.320000,0.040000,-0.280000,1.000000,0.000000,0.000000,-0.000000,0.000000,0.000000,0.000000,0.000000,0.000000,0.000000
1190,1.190000,8,fork_2,fork,0.190000,0.035000,-0.280000,0.707107,0.000000,0.707107,0.000000,0.000000,0.000000,0.000000,0.000000,0.000000,0.000000
1190,1.190000,9,knife_2,knife,0.450000,0.035000,-0.280000,0.707107,0.000000,0.707107,0.000000,0.000000,0.000000,0.000000,0.000000,0.000000,0.000000
1190,1.190000,10,plate_3,plate,0.320000,0.040000,0.280000,1.000000,0.000000,0.000000,-0.000000,0.000000,0.000000,0.000000,0.000000,0.000000,0.000000
1190,1.190000,11,fork_3,fork,0.450000,0.035000,0.280000,0.707107,0.000000,0.707107,0.000000,0.000000,0.000000,0.000000,0.000000,0.000000,0.000000
1190,1.190000,12,knife_3,knife,0.190000,0.035000,0.280000,0.707107,0.000000,0.707107,0.000000,0.000000,0.000000,0.000000,0.000000,0.000000,0.000000
1190,1.190000,13,candle_0,candle,-0.500000,0.075000,-0.450000,1.000000,0.000000,0.000000,-0.000000,0.000000,0.000000,0.000000,0.000000,0.000000,0.000000
1190,1.190000,14,candle_1,candle,-0.500000,0.075000,0.450000,1.000000,0.000000,0.000000,-0.000000,0.000000,0.000000,0.000000,0.000000,0.000000,0.000000
1190,1.190000,15,candle_2,candle,0.500000,0.075000,-0.450000,1.000000,0.000000,0.000000,-0.000000,0.000000,0.000000,0.000000,0.000000,0.000000,0.000000
1190,1.190000,16,candle_3,candle,0.500000,0.075000,0.450000,1.000000,0.000000,0.000000,-0.000000,0.000000,0.000000,0.000000,0.000000,0.000000,0.000000
1190,1.190000,17,pot,pot,0.000000,0.094975,0.000000,1.000000,0.000000,0.000000,-0.000000,0.000000,0.018179,0.000000,0.000000,0.000000,0.000000
1195,1.195000,1,plate_0,plate,-0.320000,0.040000,-0.280000,1.000000,0.000000,0.000000,-0.000000,0.000000,0.000000,0.000000,0.000000,0.000000,0.000000
1195,1.195000,2,fork_0,fork,-0.450000,0.035000,-0.280000,0.707107,0.000000,0.707107,0.000000,0.000000,0.000000,0.000000,0.000000,0.000000,0.000000
1195,1.195000,3,knife_0,knife,-0.190000,0.035000,-0.280000,0.707107,0.000000,0.707107,0.000000,0.000000,0.000000,0.000000,0.000000,0.000000,0.000000
1195,1.195000,4,plate_1,plate,-0.320000,0.040000,0.280000,1.000000,0.000000,0.000000,-0.000000,0.000000,0.000000,0.000000,0.000000,0.000000,0.000000
1195,1.195000,5,fork_1,fork,-0.190000,0.035000,0.280000,0.707107,0.000000,0.707107,0.000000,0.000000,0.000000,0.000000,0.000000,0.000000,0.000000
1195,1.195000,6,knife_1,knife,-0.450000,0.035000,0.280000,0.707107,0.000000,0.707107,0.000000,0.000000,0.000000,0.000000,0.000000,0.000000,0.000000
1195,1.195000,7,plate_2,plate,0.320000,0.040000,-0.280000,1.000000,0.000000,0.000000,-0.000000,0.000000,0.000000,0.000000,0.000000,0.000000,0.000000
1195,1.195000,8,fork_2,fork,0.190000,0.035000,-0.280000,0.707107,0.000000,0.707107,0.000000,0.000000,0.000000,0.000000,0.000000,0.000000,0.000000
1195,1.195000,9,knife_2,knife,0.450000,0.035000,-0.280000,0.707107,0.000000,0.707107,0.000000,0.000000,0.000000,0.000000,0.000000,0.000000,0.000000
1195,1.195000,10,plate_3,plate,0.320000,0.040000,0.280000,1.000000,0.000000,0.000000,-0.000000,0.000000,0.000000,0.000000,0.000000,0.000000,0.000000
1195,1.195000,11,fork_3,fork,0.450000,0.035000,0.280000,0.707107,0.000000,0.707107,0.000000,0.000000,0.000000,0.000000,0.000000,0.000000,0.000000
1195,1.195000,12,knife_3,knife,0.190000,0.035000,0.280000,0.707107,0.000000,0.707107,0.000000,0.000000,0.000000,0.000000,0.000000,0.000000,0.000000
1195,1.195000,13,candle_0,candle,-0.500000,0.075000,-0.450000,1.000000,0.000000,0.000000,-0.000000,0.000000,0.000000,0.000000,0.000000,0.000000,0.000000
1195,1.195000,14,candle_1,candle,-0.500000,0.075000,0.450000,1.000000,0.000000,0.000000,-0.000000,0.000000,0.000000,0.000000,0.000000,0.000000,0.000000
1195,1.195000,15,candle_2,candle,0.500000,0.075000,-0.450000,1.000000,0.000000,0.000000,-0.000000,0.000000,0.000000,0.000000,0.000000,0.000000,0.000000
1195,1.195000,16,candle_3,candle,0.500000,0.075000,0.450000,1.000000,0.000000,0.000000,-0.000000,0.000000,0.000000,0.000000,0.000000,0.000000,0.000000
1195,1.195000,17,pot,pot,0.000000,0.095053,0.000000,1.000000,0.000000,0.000000,-0.000000,0.000000,-0.007004,0.000000,0.000000,0.000000,0.000000
1200,1.200000,1,plate_0,plate,-0.320000,0.040000,-0.280000,1.000000,0.000000,0.000000,-0.000000,0.000000,0.000000,0.000000,0.000000,0.000000,0.000000
1200,1.200000,2,fork_0,fork,-0.450000,0.035000,-0.280000,0.707107,0.000000,0.707107,0.000000,0.000000,0.000000,0.000000,0.000000,0.000000,0.000000
1200,1.200000,3,knife_0,knife,-0.190000,0.035000,-0.280000,0.707107,0.000000,0.707107,0.000000,0.000000,0.000000,0.000000,0.000000,0.000000,0.000000
1200,1.200000,4,plate_1,plate,-0.320000,0.040000,0.280000,1.000000,0.000000,0.000000,-0.000000,0.000000,0.000000,0.000000,0.000000,0.000000,0.000000
1200,1.200000,5,fork_1,fork,-0.190000,0.035000,0.280000,0.707107,0.000000,0.707107,0.000000,0.000000,0.000000,0.000000,0.000000,0.000000,0.000000
1200,1.200000,6,knife_1,knife,-0.450000,0.035000,0.280000,0.707107,0.000000,0.707107,0.000000,0.000000,0.000000,0.000000,0.000000,0.000000,0.000000
1200,1.200000,7,plate_2,plate,0.320000,0.040000,-0.280000,1.000000,0.000000,0.000000,-0.000000,0.000000,0.000000,0.000000,0.000000,0.000000,0.000000
1200,1.200000,8,fork_2,fork,0.190000,0.035000,-0.280000,0.707107,0.000000,0.707107,0.000000,0.000000,0.000000,0.000000,0.000000,0.000000,0.000000
1200,1.200000,9,knife_2,knife,0.450000,0.035000,-0.280000,0.707107,0.000000,0.707107,0.000000,0.000000,0.000000,0.000000,0.000000,0.000000,0.000000
1200,1.200000,10,plate_3,plate,0.320000,0.040000,0.280000,1.000000,0.000000,0.000000,-0.000000,0.000000,0.000000,0.000000,0.000000,0.000000,0.000000
1200,1.200000,11,fork_3,fork,0.450000,0.035000,0.280000,0.707107,0.000000,0.707107,0.000000,0.000000,0.000000,0.000000,0.000000,0.000000,0.000000
1200,1.200000,12,knife_3,knife,0.190000,0.035000,0.280000,0.707107,0.000000,0.707107,0.000000,0.000000,0.000000,0.000000,0.000000,0.000000,0.000000
1200,1.200000,13,candle_0,candle,-0.500000,0.075000,-0.450000,1.000000,0.000000,0.000000,-0.000000,0.000000,0.000000,0.000000,0.000000,0.000000,0.000000
1200,1.200000,14,candle_1,candle,-0.500000,0.075000,0.450000,1.000000,0.000000,0.000000,-0.000000,0.000000,0.000000,0.000000,0.000000,0.000000,0.000000
1200,1.200000,15,candle_2,candle,0.500000,0.075000,-0.450000,1.000000,0.000000,0.000000,-0.000000,0.000000,0.000000,0.000000,0.000000,0.000000,0.000000
1200,1.200000,16,candle_3,candle,0.500000,0.075000,0.450000,1.000000,0.000000,0.000000,-0.000000,0.000000,0.000000,0.000000,0.000000,0.000000,0.000000
1200,1.200000,17,pot,pot,0.000000,0.095000,0.000000,1.000000,0.000000,0.000000,-0.000000,0.000000,0.017822,0.000000,0.000000,0.000000,0.000000
1205,1.205000,1,plate_0,plate,-0.320000,0.040000,-0.280000,1.000000,0.000000,0.000000,-0.000000,0.000000,0.000000,0.000000,0.000000,0.000000,0.000000
1205,1.205000,2,fork_0,fork,-0.450000,0.035000,-0.280000,0.707107,0.000000,0.707107,0.000000,0.000000,0.000000,0.000000,0.000000,0.000000,0.000000
1205,1.205000,3,knife_0,knife,-0.190000,0.035000,-0.280000,0.707107,0.000000,0.707107,0.000000,0.000000,0.000000,0.000000,0.000000,0.000000,0.000000
1205,1.205000,4,plate_1,plate,-0.320000,0.040000,0.280000,1.000000,0.000000,0.000000,-0.000000,0.000000,0.000000,0.000000,0.000000,0.000000,0.000000
1205,1.205000,5,fork_1,fork,-0.190000,0.035000,0.280000,0.707107,0.000000,0.707107,0.000000,0.000000,0.000000,0.000000,0.000000,0.000000,0.000000
1205,1.205000,6,knife_1,knife,-0.450000,0.035000,0.280000,0.707107,0.000000,0.707107,0.000000,0.000000,0.000000,0.000000,0.000000,0.000000,0.000000
1205,1.205000,7,plate_2,plate,0.320000,0.040000,-0.280000,1.000000,0.000000,0.000000,-0.000000,0.000000,0.000000,0.000000,0.000000,0.000000,0.000000
1205,1.205000,8,fork_2,fork,0.190000,0.035000,-0.280000,0.707107,0.000000,0.707107,0.000000,0.000000,0.000000,0.000000,0.000000,0.000000,0.000000
1205,1.205000,9,knife_2,knife,0.450000,0.035000,-0.280000,0.707107,0.000000,0.707107,0.000000,0.000000,0.000000,0.000000,0.000000,0.000000,0.000000
1205,1.205000,10,plate_3,plate,0.320000,0.040000,0.280000,1.000000,0.000000,0.000000,-0.000000,0.000000,0.000000,0.000000,0.000000,0.000000,0.000000
1205,1.205000,11,fork_3,fork,0.450000,0.035000,0.280000,0.707107,0.000000,0.707107,0.000000,0.000000,0.000000,0.000000,0.000000,0.000000,0.000000
1205,1.205000,12,knife_3,knife,0.190000,0.035000,0.280000,0.707107,0.000000,0.707107,0.000000,0.000000,0.000000,0.000000,0.000000,0.000000,0.000000
1205,1.205000,13,candle_0,candle,-0.500000,0.075000,-0.450000,1.000000,0.000000,0.000000,-0.000000,0.000000,0.000000,0.000000,0.000000,0.000000,0.000000
1205,1.205000,14,candle_1,candle,-0.500000,0.075000,0.450000,1.000000,0.000000,0.000000,-0.000000,0.000000,0.000000,0.000000,0.000000,0.000000,0.000000
1205,1.205000,15,candle_2,candle,0.500000,0.075000,-0.450000,1.000000,0.000000,0.000000,-0.000000,0.000000,0.000000,0.000000,0.000000,0.000000,0.000000
1205,1.205000,16,candle_3,candle,0.500000,0.075000,0.450000,1.000000,0.000000,0.000000,-0.000000,0.000000,0.000000,0.000000,0.000000,0.000000,0.000000
1205,1.205000,17,pot,pot,0.000000,0.094990,0.000000,1.000000,0.000000,0.000000,-0.000000,0.000000,0.002563,0.000000,0.000000,0.000000,0.000000
1210,1.210000,1,plate_0,plate,-0.320000,0.040000,-0.280000,1.000000,0.000000,0.000000,-0.000000,0.000000,0.000000,0.000000,0.000000,0.000000,0.000000
1210,1.210000,2,fork_0,fork,-0.450000,0.035000,-0.280000,0.707107,0.000000,0.707107,0.000000,0.000000,0.000000,0.000000,0.000000,0.000000,0.000000
1210,1.210000,3,knife_0,knife,-0.190000,0.035000,-0.280000,0.707107,0.000000,0.707107,0.000000,0.000000,0.000000,0.000000,0.000000,0.000000,0.000000
1210,1.210000,4,plate_1,plate,-0.320000,0.040000,0.280000,1.000000,0.000000,0.000000,-0.000000,0.000000,0.000000,0.000000,0.000000,0.000000,0.000000
1210,1.210000,5,fork_1,fork,-0.190000,0.035000,0.280000,0.707107,0.000000,0.707107,0.000000,0.000000,0.000000,0.000000,0.000000,0.000000,0.000000
1210,1.210000,6,knife_1,knife,-0.450000,0.035000,0.280000,0.707107,0.000000,0.707107,0.000000,0.000000,0.000000,0.000000,0.000000,0.000000,0.000000
1210,1.210000,7,plate_2,plate,0.320000,0.040000,-0.280000,1.000000,0.000000,0.000000,-0.000000,0.000000,0.000000,0.000000,0.000000,0.000000,0.000000
1210,1.210000,8,fork_2,fork,0.190000,0.035000,-0.280000,0.707107,0.000000,0.707107,0.000000,0.000000,0.000000,0.000000,0.000000,0.000000,0.000000
1210,1.210000,9,knife_2,knife,0.450000,0.035000,-0.280000,0.707107,0.000000,0.707107,0.000000,0.000000,0.000000,0.000000,0.000000,0.000000,0.000000
1210,1.210000,10,plate_3,plate,0.320000,0.040000,0.280000,1.000000,0.000000,0.000000,-0.000000,0.000000,0.000000,0.000000,0.000000,0.000000,0.000000
1210,1.210000,11,fork_3,fork,0.450000,0.035000,0.280000,0.707107,0.000000,0.707107,0.000000,0.000000,0.000000,0.000000,0.000000,0.000000,0.000000
1210,1.210000,12,knife_3,knife,0.190000,0.035000,0.280000,0.707107,0.000000,0.707107,0.000000,0.000000,0.000000,0.000000,0.000000,0.000000,0.000000
1210,1.210000,13,candle_0,candle,-0.500000,0.075000,-0.450000,1.000000,0.000000,0.000000,-0.000000,0.000000,0.000000,0.000000,0.000000,0.000000,0.000000
1210,1.210000,14,candle_1,candle,-0.500000,0.075000,0.450000,1.000000,0.000000,0.000000,-0.000000,0.000000,0.000000,0.000000,0.000000,0.000000,0.000000
1210,1.210000,15,candle_2,candle,0.500000,0.075000,-0.450000,1.000000,0.000000,0.000000,-0.000000,0.000000,0.000000,0.000000,0.000000,0.000000,0.000000
1210,1.210000,16,candle_3,candle,0.500000,0.075000,0.450000,1.000000,0.000000,0.000000,-0.000000,0.000000,0.000000,0.000000,0.000000,0.000000,0.000000
1210,1.210000,17,pot,pot,0.000000,0.094995,0.000000,1.000000,0.000000,0.000000,-0.000000,0.000000,0.003546,0.000000,0.000000,0.000000,0.000000
1215,1.215000,1,plate_0,plate,-0.320000,0.040000,-0.280000,1.000000,0.000000,0.000000,-0.000000,0.000000,0.000000,0.000000,0.000000,0.000000,0.000000
1215,1.215000,2,fork_0,fork,-0.450000,0.035000,-0.280000,0.707107,0.000000,0.707107,0.000000,0.000000,0.000000,0.000000,0.000000,0.000000,0.000000
1215,1.215000,3,knife_0,knife,-0.190000,0.035000,-0.280000,0.707107,0.000000,0.707107,0.000000,0.000000,0.000000,0.000000,0.000000,0.000000,0.000000
1215,1.215000,4,plate_1,plate,-0.320000,0.040000,0.280000,1.000000,0.000000,0.000000,-0.000000,0.000000,0.000000,0.000000,0.000000,0.000000,0.000000
1215,1.215000,5,fork_1,fork,-0.190000,0.035000,0.280000,0.707107,0.000000,0.707107,0.000000,0.000000,0.000000,0.000000,0.000000,0.000000,0.000000
1215,1.215000,6,knife_1,knife,-0.450000,0.035000,0.280000,0.707107,0.000000,0.707107,0.000000,0.000000,0.000000,0.000000,0.000000,0.000000,0.000000
1215,1.215000,7,plate_2,plate,0.320000,0.040000,-0.280000,1.000000,0.000000,0.000000,-0.000000,0.000000,0.000000,0.000000,0.000000,0.000000,0.000000
1215,1.215000,8,fork_2,fork,0.190000,0.035000,-0.280000,0.707107,0.000000,0.707107,0.000000,0.000000,0.000000,0.000000,0.000000,0.000000,0.000000
1215,1.215000,9,knife_2,knife,0.450000,0.035000,-0.280000,0.707107,0.000000,0.707107,0.000000,0.000000,0.000000,0.000000,0.000000,0.000000,0.000000
1215,1.215000,10,plate_3,plate,0.320000,0.040000,0.280000,1.000000,0.000000,0.000000,-0.000000,0.000000,0.000000,0.000000,0.000000,0.000000,0.000000
1215,1.215000,11,fork_3,fork,0.450000,0.035000,0.280000,0.707107,0.000000,0.707107,0.000000,0.000000,0.000000,0.000000,0.000000,0.000000,0.000000
1215,1.215000,12,knife_3,knife,0.190000,0.035000,0.280000,0.707107,0.000000,0.707107,0.000000,0.000000,0.000000,0.000000,0.000000,0.000000,0.000000
1215,1.215000,13,candle_0,candle,-0.500000,0.075000,-0.450000,1.000000,0.000000,0.000000,-0.000000,0.000000,0.000000,0.000000,0.000000,0.000000,0.000000
1215,1.215000,14,candle_1,candle,-0.500000,0.075000,0.450000,1.000000,0.000000,0.000000,-0.000000,0.000000,0.000000,0.000000,0.000000,0.000000,0.000000
1215,1.215000,15,candle_2,candle,0.500000,0.075000,-0.450000,1.000000,0.000000,0.000000,-0.000000,0.000000,0.000000,0.000000,0.000000,0.000000,0.000000
1215,1.215000,16,candle_3,candle,0.500000,0.075000,0.450000,1.000000,0.000000,0.000000,-0.000000,0.000000,0.000000,0.000000,0.000000,0.000000,0.000000
1215,1.215000,17,pot,pot,0.000000,0.094998,0.000000,1.000000,0.000000,0.000000,-0.000000,0.000000,0.001490,0.000000,0.000000,0.000000,0.000000
1220,1.220000,1,plate_0,plate,-0.320000,0.040000,-0.280000,1.000000,0.000000,0.000000,-0.000000,0.000000,0.000000,0.000000,0.000000,0.000000,0.000000
1220,1.220000,2,fork_0,fork,-0.450000,0.035000,-0.280000,0.707107,0.000000,0.707107,0.000000,0.000000,0.000000,0.000000,0.000000,0.000000,0.000000
1220,1.220000,3,knife_0,knife,-0.190000,0.035000,-0.280000,0.707107,0.000000,0.707107,0.000000,0.000000,0.000000,0.000000,0.000000,0.000000,0.000000
1220,1.220000,4,plate_1,plate,-0.320000,0.040000,0.280000,1.000000,0.000000,0.000000,-0.000000,0.000000,0.000000,0.000000,0.000000,0.000000,0.000000
1220,1.220000,5,fork_1,fork,-0.190000,0.035000,0.280000,0.707107,0.000000,0.707107,0.000000,0.000000,0.000000,0.000000,0.000000,0.000000,0.000000
1220,1.220000,6,knife_1,knife,-0.450000,0.035000,0.280000,0.707107,0.000000,0.707107,0.000000,0.000000,0.000000,0.000000,0.000000,0.000000,0.000000
1220,1.220000,7,plate_2,plate,0.320000,0.040000,-0.280000,1.000000,0.000000,0.000000,-0.000000,0.000000,0.000000,0.000000,0.000000,0.000000,0.000000
1220,1.220000,8,fork_2,fork,0.190000,0.035000,-0.280000,0.707107,0.000000,0.707107,0.000000,0.000000,0.000000,0.000000,0.000000,0.000000,0.000000
1220,1.220000,9,knife_2,knife,0.450000,0.035000,-0.280000,0.707107,0.000000,0.707107,0.000000,0.000000,0.000000,0.000000,0.000000,0.000000,0.000000
1220,1.220000,10,plate_3,plate,0.320000,0.040000,0.280000,1.000000,0.000000,0.000000,-0.000000,0.000000,0.000000,0.000000,0.000000,0.000000,0.000000
1220,1.220000,11,fork_3,fork,0.450000,0.035000,0.280000,0.707107,0.000000,0.707107,0.000000,0.000000,0.000000,0.000000,0.000000,0.000000,0.000000
1220,1.220000,12,knife_3,knife,0.190000,0.035000,0.280000,0.707107,0.000000,0.707107,0.000000,0.000000,0.000000,0.000000,0.000000,0.000000,0.000000
1220,1.220000,13,candle_0,candle,-0.500000,0.075000,-0.450000,1.000000,0.000000,0.000000,-0.000000,0.000000,0.000000,0.000000,0.000000,0.000000,0.000000
1220,1.220000,14,candle_1,candle,-0.500000,0.075000,0.450000,1.000000,0.000000,0.000000,-0.000000,0.000000,0.000000,0.000000,0.000000,0.000000,0.000000
1220,1.220000,15,candle_2,candle,0.500000,0.075000,-0.450000,1.000000,0.000000,0.000000,-0.000000,0.000000,0.000000,0.000000,0.000000,0.000000,0.000000
1220,1.220000,16,candle_3,candle,0.500000,0.075000,0.450000,1.000000,0.000000,0.000000,-0.000000,0.000000,0.000000,0.000000,0.000000,0.000000,0.000000
1220,1.220000,17,pot,pot,0.000000,0.094999,0.000000,1.000000,0.000000,0.000000,-0.000000,0.000000,0.000387,0.000000,0.000000,0.000000,0.000000
1225,1.225000,1,plate_0,plate,-0.320000,0.040000,-0.280000,1.000000,0.000000,0.000000,-0.000000,0.000000,0.000000,0.000000,0.000000,0.000000,0.000000
1225,1.225000,2,fork_0,fork,-0.450000,0.035000,-0.280000,0.707107,0.000000,0.707107,0.000000,0.000000,0.000000,0.000000,0.000000,0.000000,0.000000
1225,1.225000,3,knife_0,knife,-0.190000,0.035000,-0.280000,0.707107,0.000000,0.707107,0.000000,0.000000,0.000000,0.000000,0.000000,0.000000,0.000000
1225,1.225000,4,plate_1,plate,-0.320000,0.040000,0.280000,1.000000,0.000000,0.000000,-0.000000,0.000000,0.000000,0.000000,0.000000,0.000000,0.000000
1225,1.225000,5,fork_1,fork,-0.190000,0.035000,0.280000,0.707107,0.000000,0.707107,0.000000,0.000000,0.000000,0.000000,0.000000,0.000000,0.000000
1225,1.225000,6,knife_1,knife,-0.450000,0.035000,0.280000,0.707107,0.000000,0.707107,0.000000,0.000000,0.000000,0.000000,0.000000,0.000000,0.000000
1225,1.225000,7,plate_2,plate,0.320000,0.040000,-0.280000,1.000000,0.000000,0.000000,-0.000000,0.000000,0.000000,0.000000,0.000000,0.000000,0.000000
1225,1.225000,8,fork_2,fork,0.190000,0.035000,-0.280000,0.707107,0.000000,0.707107,0.000000,0.000000,0.000000,0.000000,0.000000,0.000000,0.000000
1225,1.225000,9,knife_2,knife,0.450000,0.035000,-0.280000,0.707107,0.000000,0.707107,0.000000,0.000000,0.000000,0.000000,0.000000,0.000000,0.000000
1225,1.225000,10,plate_3,plate,0.320000,0.040000,0.280000,1.000000,0.000000,0.000000,-0.000000,0.000000,0.000000,0.000000,0.000000,0.000000,0.000000
1225,1.225000,11,fork_3,fork,0.450000,0.035000,0.280000,0.707107,0.000000,0.707107,0.000000,0.000000,0.000000,0.000000,0.000000,0.000000,0.000000
1225,1.225000,12,knife_3,knife,0.190000,0.035000,0.280000,0.707107,0.000000,0.707107,0.000000,0.000000,0.000000,0.000000,0.000000,0.000000,0.000000
1225,1.225000,13,candle_0,candle,-0.500000,0.075000,-0.450000,1.000000,0.000000,0.000000,-0.000000,0.000000,0.000000,0.000000,0.000000,0.000000,0.000000
1225,1.225000,14,candle_1,candle,-0.500000,0.075000,0.450000,1.000000,0.000000,0.000000,-0.000000,0.000000,0.000000,0.000000,0.000000,0.000000,0.000000
1225,1.225000,15,candle_2,candle,0.500000,0.075000,-0.450000,1.000000,0.000000,0.000000,-0.000000,0.000000,0.000000,0.000000,0.000000,0.000000,0.000000
1225,1.225000,16,candle_3,candle,0.500000,0.075000,0.450000,1.000000,0.000000,0.000000,-0.000000,0.000000,0.000000,0.000000,0.000000,0.000000,0.000000
1225,1.225000,17,pot,pot,0.000000,0.095000,0.000000,1.000000,0.000000,0.000000,-0.000000,0.000000,0.000030,0.000000,0.000000,0.000000,0.000000
1230,1.230000,1,plate_0,plate,-0.320000,0.040000,-0.280000,1.000000,0.000000,0.000000,-0.000000,0.000000,0.000000,0.000000,0.000000,0.000000,0.000000
1230,1.230000,2,fork_0,fork,-0.450000,0.035000,-0.280000,0.707107,0.000000,0.707107,0.000000,0.000000,0.000000,0.000000,0.000000,0.000000,0.000000
1230,1.230000,3,knife_0,knife,-0.190000,0.035000,-0.280000,0.707107,0.000000,0.707107,0.000000,0.000000,0.000000,0.000000,0.000000,0.000000,0.000000
1230,1.230000,4,plate_1,plate,-0.320000,0.040000,0.280000,1.000000,0.000000,0.000000,-0.000000,0.000000,0.000000,0.000000,0.000000,0.000000,0.000000
1230,1.230000,5,fork_1,fork,-0.190000,0.035000,0.280000,0.707107,0.000000,0.707107,0.000000,0.000000,0.000000,0.000000,0.000000,0.000000,0.000000
1230,1.230000,6,knife_1,knife,-0.450000,0.035000,0.280000,0.707107,0.000000,0.707107,0.000000,0.000000,0.000000,0.000000,0.000000,0.000000,0.000000
1230,1.230000,7,plate_2,plate,0.320000,0.040000,-0.280000,1.000000,0.000000,0.000000,-0.000000,0.000000,0.000000,0.000000,0.000000,0.000000,0.000000
1230,1.230000,8,fork_2,fork,0.190000,0.035000,-0.280000,0.707107,0.000000,0.707107,0.000000,0.000000,0.000000,0.000000,0.000000,0.000000,0.000000
1230,1.230000,9,knife_2,knife,0.450000,0.035000,-0.280000,0.707107,0.000000,0.707107,0.000000,0.000000,0.000000,0.000000,0.000000,0.000000,0.000000
1230,1.230000,10,plate_3,plate,0.320000,0.040000,0.280000,1.000000,0.000000,0.000000,-0.000000,0.000000,0.000000,0.000000,0.000000,0.000000,0.000000
1230,1.230000,11,fork_3,fork,0.450000,0.035000,0.280000,0.707107,0.000000,0.707107,0.000000,0.000000,0.000000,0.000000,0.000000,0.000000,0.000000
1230,1.230000,12,knife_3,knife,0.190000,0.035000,0.280000,0.707107,0.000000,0.707107,0.000000,0.000000,0.000000,0.000000,0.000000,0.000000,0.000000
1230,1.230000,13,candle_0,candle,-0.500000,0.075000,-0.450000,1.000000,0.000000,0.000000,-0.000000,0.000000,0.000000,0.000000,0.000000,0.000000,0.000000
1230,1.230000,14,candle_1,candle,-0.500000,0.075000,0.450000,1.000000,0.000000,0.000000,-0.000000,0.000000,0.000000,0.000000,0.000000,0.000000,0.000000
1230,1.230000,15,candle_2,candle,0.500000,0.075000,-0.450000,1.000000,0.000000,0.000000,-0.000000,0.000000,0.000000,0.000000,0.000000,0.000000,0.000000
1230,1.230000,16,candle_3,candle,0.500000,0.075000,0.450000,1.000000,0.000000,0.000000,-0.000000,0.000000,0.000000,0.000000,0.000000,0.000000,0.000000
1230,1.230000,17,pot,pot,0.000000,0.095000,0.000000,1.000000,0.000000,0.000000,-0.000000,0.000000,0.000000,0.000000,0.000000,0.000000,0.000000
1235,1.235000,1,plate_0,plate,-0.320000,0.040000,-0.280000,1.000000,0.000000,0.000000,-0.000000,0.000000,0.000000,0.000000,0.000000,0.000000,0.000000
1235,1.235000,2,fork_0,fork,-0.450000,0.035000,-0.280000,0.707107,0.000000,0.707107,0.000000,0.000000,0.000000,0.000000,0.000000,0.000000,0.000000
1235,1.235000,3,knife_0,knife,-0.190000,0.035000,-0.280000,0.707107,0.000000,0.707107,0.000000,0.000000,0.000000,0.000000,0.000000,0.000000,0.000000
1235,1.235000,4,plate_1,plate,-0.320000,0.040000,0.280000,1.000000,0.000000,0.000000,-0.000000,0.000000,0.000000,0.000000,0.000000,0.000000,0.000000
1235,1.235000,5,fork_1,fork,-0.190000,0.035000,0.280000,0.707107,0.000000,0.707107,0.000000,0.000000,0.000000,0.000000,0.000000,0.000000,0.000000
1235,1.235000,6,knife_1,knife,-0.450000,0.035000,0.280000,0.707107,0.000000,0.707107,0.000000,0.000000,0.000000,0.000000,0.000000,0.000000,0.000000
1235,1.235000,7,plate_2,plate,0.320000,0.040000,-0.280000,1.000000,0.000000,0.000000,-0.000000,0.000000,0.000000,0.000000,0.000000,0.000000,0.000000
1235,1.235000,8,fork_2,fork,0.190000,0.035000,-0.280000,0.707107,0.000000,0.707107,0.000000,0.000000,0.000000,0.000000,0.000000,0.000000,0.000000
1235,1.235000,9,knife_2,knife,0.450000,0.035000,-0.280000,0.707107,0.000000,0.707107,0.000000,0.000000,0.000000,0.000000,0.000000,0.000000,0.000000
1235,1.235000,10,plate_3,plate,0.320000,0.040000,0.280000,1.000000,0.000000,0.000000,-0.000000,0.000000,0.000000,0.000000,0.000000,0.000000,0.000000
1235,1.235000,11,fork_3,fork,0.450000,0.035000,0.280000,0.707107,0.000000,0.707107,0.000000,0.000000,0.000000,0.000000,0.000000,0.000000,0.000000
1235,1.235000,12,knife_3,knife,0.190000,0.035000,0.280000,0.707107,0.000000,0.707107,0.000000,0.000000,0.000000,0.000000,0.000000,0.000000,0.000000
1235,1.235000,13,candle_0,candle,-0.500000,0.075000,-0.450000,1.000000,0.000000,0.000000,-0.000000,0.000000,0.000000,0.000000,0.000000,0.000000,0.000000
1235,1.235000,14,candle_1,candle,-0.500000,0.075000,0.450000,1.000000,0.000000,0.000000,-0.000000,0.000000,0.000000,0.000000,0.000000,0.000000,0.000000
1235,1.235000,15,candle_2,candle,0.500000,0.075000,-0.450000,1.000000,0.000000,0.000000,-0.000000,0.000000,0.000000,0.000000,0.000000,0.000000,0.000000
1235,1.235000,16,candle_3,candle,0.500000,0.075000,0.450000,1.000000,0.000000,0.000000,-0.000000,0.000000,0.000000,0.000000,0.000000,0.000000,0.000000
1235,1.235000,17,pot,pot,0.000000,0.095000,0.000000,1.000000,0.000000,0.000000,-0.000000,0.000000,0.000000,0.000000,0.000000,0.000000,0.000000
1240,1.240000,1,plate_0,plate,-0.320000,0.040000,-0.280000,1.000000,0.000000,0.000000,-0.000000,0.000000,0.000000,0.000000,0.000000,0.000000,0.000000
1240,1.240000,2,fork_0,fork,-0.450000,0.035000,-0.280000,0.707107,0.000000,0.707107,0.000000,0.000000,0.000000,0.000000,0.000000,0.000000,0.000000
1240,1.240000,3,knife_0,knife,-0.190000,0.035000,-0.280000,0.707107,0.000000,0.707107,0.000000,0.000000,0.000000,0.000000,0.000000,0.000000,0.000000
1240,1.240000,4,plate_1,plate,-0.320000,0.040000,0.280000,1.000000,0.000000,0.000000,-0.000000,0.000000,0.000000,0.000000,0.000000,0.000000,0.000000
1240,1.240000,5,fork_1,fork,-0.190000,0.035000,0.280000,0.707107,0.000000,0.707107,0.000000,0.000000,0.000000,0.000000,0.000000,0.000000,0.000000
1240,1.240000,6,knife_1,knife,-0.450000,0.035000,0.280000,0.707107,0.000000,0.707107,0.000000,0.000000,0.000000,0.000000,0.000000,0.000000,0.000000
1240,1.240000,7,plate_2,plate,0.320000,0.040000,-0.280000,1.000000,0.000000,0.000000,-0.000000,0.000000,0.000000,0.000000,0.000000,0.000000,0.000000
1240,1.240000,8,fork_2,fork,0.190000,0.035000,-0.280000,0.707107,0.000000,0.707107,0.000000,0.000000,0.000000,0.000000,0.000000,0.000000,0.000000
1240,1.240000,9,knife_2,knife,0.450000,0.035000,-0.280000,0.707107,0.000000,0.707107,0.000000,0.000000,0.000000,0.000000,0.000000,0.000000,0.000000
1240,1.240000,10,plate_3,plate,0.320000,0.040000,0.280000,1.000000,0.000000,0.000000,-0.000000,0.000000,0.000000,0.000000,0.000000,0.000000,0.000000
1240,1.240000,11,fork_3,fork,0.450000,0.035000,0.280000,0.707107,0.000000,0.707107,0.000000,0.000000,0.000000,0.000000,0.000000,0.000000,0.000000
1240,1.240000,12,knife_3,knife,0.190000,0.035000,0.280000,0.707107,0.000000,0.707107,0.000000,0.000000,0.000000,0.000000,0.000000,0.000000,0.000000
1240,1.240000,13,candle_0,candle,-0.500000,0.075000,-0.450000,1.000000,0.000000,0.000000,-0.000000,0.000000,0.000000,0.000000,0.000000,0.000000,0.000000
1240,1.240000,14,candle_1,candle,-0.500000,0.075000,0.450000,1.000000,0.000000,0.000000,-0.000000,0.000000,0.000000,0.000000,0.000000,0.000000,0.000000
1240,1.240000,15,candle_2,candle,0.500000,0.075000,-0.450000,1.000000,0.000000,0.000000,-0.000000,0.000000,0.000000,0.000000,0.000000,0.000000,0.000000
1240,1.240000,16,candle_3,candle,0.500000,0.075000,0.450000,1.000000,0.000000,0.000000,-0.000000,0.000000,0.000000,0.000000,0.000000,0.000000,0.000000
1240,1.240000,17,pot,pot,0.000000,0.095000,0.000000,1.000000,0.000000,0.000000,-0.000000,0.000000,0.000000,0.000000,0.000000,0.000000,0.000000
1245,1.245000,1,plate_0,plate,-0.320000,0.040000,-0.280000,1.000000,0.000000,0.000000,-0.000000,0.000000,0.000000,0.000000,0.000000,0.000000,0.000000
1245,1.245000,2,fork_0,fork,-0.450000,0.035000,-0.280000,0.707107,0.000000,0.707107,0.000000,0.000000,0.000000,0.000000,0.000000,0.000000,0.000000
1245,1.245000,3,knife_0,knife,-0.190000,0.035000,-0.280000,0.707107,0.000000,0.707107,0.000000,0.000000,0.000000,0.000000,0.000000,0.000000,0.000000
1245,1.245000,4,plate_1,plate,-0.320000,0.040000,0.280000,1.000000,0.000000,0.000000,-0.000000,0.000000,0.000000,0.000000,0.000000,0.000000,0.000000
1245,1.245000,5,fork_1,fork,-0.190000,0.035000,0.280000,0.707107,0.000000,0.707107,0.000000,0.000000,0.000000,0.000000,0.000000,0.000000,0.000000
1245,1.245000,6,knife_1,knife,-0.450000,0.035000,0.280000,0.707107,0.000000,0.707107,0.000000,0.000000,0.000000,0.000000,0.000000,0.000000,0.000000
1245,1.245000,7,plate_2,plate,0.320000,0.040000,-0.280000,1.000000,0.000000,0.000000,-0.000000,0.000000,0.000000,0.000000,0.000000,0.000000,0.000000
1245,1.245000,8,fork_2,fork,0.190000,0.035000,-0.280000,0.707107,0.000000,0.707107,0.000000,0.000000,0.000000,0.000000,0.000000,0.000000,0.000000
1245,1.245000,9,knife_2,knife,0.450000,0.035000,-0.280000,0.707107,0.000000,0.707107,0.000000,0.000000,0.000000,0.000000,0.000000,0.000000,0.000000
1245,1.245000,10,plate_3,plate,0.320000,0.040000,0.280000,1.000000,0.000000,0.000000,-0.000000,0.000000,0.000000,0.000000,0.000000,0.000000,0.000000
1245,1.245000,11,fork_3,fork,0.450000,0.035000,0.280000,0.707107,0.000000,0.707107,0.000000,0.000000,0.000000,0.000000,0.000000,0.000000,0.000000
1245,1.245000,12,knife_3,knife,0.190000,0.035000,0.280000,0.707107,0.000000,0.707107,0.000000,0.000000,0.000000,0.000000,0.000000,0.000000,0.000000
1245,1.245000,13,candle_0,candle,-0.500000,0.075000,-0.450000,1.000000,0.000000,0.000000,-0.000000,0.000000,0.000000,0.000000,0.000000,0.000000,0.000000
1245,1.245000,14,candle_1,candle,-0.500000,0.075000,0.450000,1.000000,0.000000,0.000000,-0.000000,0.000000,0.000000,0.000000,0.000000,0.000000,0.000000
1245,1.245000,15,candle_2,candle,0.500000,0.075000,-0.450000,1.000000,0.000000,0.000000,-0.000000,0.000000,0.000000,0.000000,0.000000,0.000000,0.000000
1245,1.245000,16,candle_3,candle,0.500000,0.075000,0.450000,1.000000,0.000000,0.000000,-0.000000,0.000000,0.000000,0.000000,0.000000,0.000000,0.000000
1245,1.245000,17,pot,pot,0.000000,0.095000,0.000000,1.000000,0.000000,0.000000,-0.000000,0.000000,0.000000,0.000000,0.000000,0.000000,0.000000
1250,1.250000,1,plate_0,plate,-0.320000,0.040000,-0.280000,1.000000,0.000000,0.000000,-0.000000,0.000000,0.000000,0.000000,0.000000,0.000000,0.000000
1250,1.250000,2,fork_0,fork,-0.450000,0.035000,-0.280000,0.707107,0.000000,0.707107,0.000000,0.000000,0.000000,0.000000,0.000000,0.000000,0.000000
1250,1.250000,3,knife_0,knife,-0.190000,0.035000,-0.280000,0.707107,0.000000,0.707107,0.000000,0.000000,0.000000,0.000000,0.000000,0.000000,0.000000
1250,1.250000,4,plate_1,plate,-0.320000,0.040000,0.280000,1.000000,0.000000,0.000000,-0.000000,0.000000,0.000000,0.000000,0.000000,0.000000,0.000000
1250,1.250000,5,fork_1,fork,-0.190000,0.035000,0.280000,0.707107,0.000000,0.707107,0.000000,0.000000,0.000000,0.000000,0.000000,0.000000,0.000000
1250,1.250000,6,knife_1,knife,-0.450000,0.035000,0.280000,0.707107,0.000000,0.707107,0.000000,0.000000,0.000000,0.000000,0.000000,0.000000,0.000000
1250,1.250000,7,plate_2,plate,0.320000,0.040000,-0.280000,1.000000,0.000000,0.000000,-0.000000,0.000000,0.000000,0.000000,0.000000,0.000000,0.000000
1250,1.250000,8,fork_2,fork,0.190000,0.035000,-0.280000,0.707107,0.000000,0.707107,0.000000,0.000000,0.000000,0.000000,0.000000,0.000000,0.000000
1250,1.250000,9,knife_2,knife,0.450000,0.035000,-0.280000,0.707107,0.000000,0.707107,0.000000,0.000000,0.000000,0.000000,0.000000,0.000000,0.000000
1250,1.250000,10,plate_3,plate,0.320000,0.040000,0.280000,1.000000,0.000000,0.000000,-0.000000,0.000000,0.000000,0.000000,0.000000,0.000000,0.000000
1250,1.250000,11,fork_3,fork,0.450000,0.035000,0.280000,0.707107,0.000000,0.707107,0.000000,0.000000,0.000000,0.000000,0.000000,0.000000,0.000000
1250,1.250000,12,knife_3,knife,0.190000,0.035000,0.280000,0.707107,0.000000,0.707107,0.000000,0.000000,0.000000,0.000000,0.000000,0.000000,0.000000
1250,1.250000,13,candle_0,candle,-0.500000,0.075000,-0.450000,1.000000,0.000000,0.000000,-0.000000,0.000000,0.000000,0.000000,0.000000,0.000000,0.000000
1250,1.250000,14,candle_1,candle,-0.500000,0.075000,0.450000,1.000000,0.000000,0.000000,-0.000000,0.000000,0.000000,0.000000,0.000000,0.000000,0.000000
1250,1.250000,15,candle_2,candle,0.500000,0.075000,-0.450000,1.000000,0.000000,0.000000,-0.000000,0.000000,0.000000,0.000000,0.000000,0.000000,0.000000
1250,1.250000,16,candle_3,candle,0.500000,0.075000,0.450000,1.000000,0.000000,0.000000,-0.000000,0.000000,0.000000,0.000000,0.000000,0.000000,0.000000
1250,1.250000,17,pot,pot,0.000000,0.095000,0.000000,1.000000,0.000000,0.000000,-0.000000,0.000000,0.000000,0.000000,0.000000,0.000000,0.000000
1255,1.255000,1,plate_0,plate,-0.320000,0.040000,-0.280000,1.000000,0.000000,0.000000,-0.000000,0.000000,0.000000,0.000000,0.000000,0.000000,0.000000
1255,1.255000,2,fork_0,fork,-0.450000,0.035000,-0.280000,0.707107,0.000000,0.707107,0.000000,0.000000,0.000000,0.000000,0.000000,0.000000,0.000000
1255,1.255000,3,knife_0,knife,-0.190000,0.035000,-0.280000,0.707107,0.000000,0.707107,0.000000,0.000000,0.000000,0.000000,0.000000,0.000000,0.000000
1255,1.255000,4,plate_1,plate,-0.320000,0.040000,0.280000,1.000000,0.000000,0.000000,-0.000000,0.000000,0.000000,0.000000,0.000000,0.000000,0.000000
1255,1.255000,5,fork_1,fork,-0.190000,0.035000,0.280000,0.707107,0.000000,0.707107,0.000000,0.000000,0.000000,0.000000,0.000000,0.000000,0.000000
1255,1.255000,6,knife_1,knife,-0.450000,0.035000,0.280000,0.707107,0.000000,0.707107,0.000000,0.000000,0.000000,0.000000,0.000000,0.000000,0.000000
1255,1.255000,7,plate_2,plate,0.320000,0.040000,-0.280000,1.000000,0.000000,0.000000,-0.000000,0.000000,0.000000,0.000000,0.000000,0.000000,0.000000
1255,1.255000,8,fork_2,fork,0.190000,0.035000,-0.280000,0.707107,0.000000,0.707107,0.000000,0.000000,0.000000,0.000000,0.000000,0.000000,0.000000
1255,1.255000,9,knife_2,knife,0.450000,0.035000,-0.280000,0.707107,0.000000,0.707107,0.000000,0.000000,0.000000,0.000000,0.000000,0.000000,0.000000
1255,1.255000,10,plate_3,plate,0.320000,0.040000,0.280000,1.000000,0.000000,0.000000,-0.000000,0.000000,0.000000,0.000000,0.000000,0.000000,0.000000
1255,1.255000,11,fork_3,fork,0.450000,0.035000,0.280000,0.707107,0.000000,0.707107,0.000000,0.000000,0.000000,0.000000,0.000000,0.000000,0.000000
1255,1.255000,12,knife_3,knife,0.190000,0.035000,0.280000,0.707107,0.000000,0.707107,0.000000,0.000000,0.000000,0.000000,0.000000,0.000000,0.000000
1255,1.255000,13,candle_0,candle,-0.500000,0.075000,-0.450000,1.000000,0.000000,0.000000,-0.000000,0.000000,0.000000,0.000000,0.000000,0.000000,0.000000
1255,1.255000,14,candle_1,candle,-0.500000,0.075000,0.450000,1.000000,0.000000,0.000000,-0.000000,0.000000,0.000000,0.000000,0.000000,0.000000,0.000000
1255,1.255000,15,candle_2,candle,0.500000,0.075000,-0.450000,1.000000,0.000000,0.000000,-0.000000,0.000000,0.000000,0.000000,0.000000,0.000000,0.000000
1255,1.255000,16,candle_3,candle,0.500000,0.075000,0.450000,1.000000,0.000000,0.000000,-0.000000,0.000000,0.000000,0.000000,0.000000,0.000000,0.000000
1255,1.255000,17,pot,pot,0.000000,0.095000,0.000000,1.000000,0.000000,0.000000,-0.000000,0.000000,0.000000,0.000000,0.000000,0.000000,0.000000
1260,1.260000,1,plate_0,plate,-0.320000,0.040000,-0.280000,1.000000,0.000000,0.000000,-0.000000,0.000000,0.000000,0.000000,0.000000,0.000000,0.000000
1260,1.260000,2,fork_0,fork,-0.450000,0.035000,-0.280000,0.707107,0.000000,0.707107,0.000000,0.000000,0.000000,0.000000,0.000000,0.000000,0.000000
1260,1.260000,3,knife_0,knife,-0.190000,0.035000,-0.280000,0.707107,0.000000,0.707107,0.000000,0.000000,0.000000,0.000000,0.000000,0.000000,0.000000
1260,1.260000,4,plate_1,plate,-0.320000,0.040000,0.280000,1.000000,0.000000,0.000000,-0.000000,0.000000,0.000000,0.000000,0.000000,0.000000,0.000000
1260,1.260000,5,fork_1,fork,-0.190000,0.035000,0.280000,0.707107,0.000000,0.707107,0.000000,0.000000,0.000000,0.000000,0.000000,0.000000,0.000000
1260,1.260000,6,knife_1,knife,-0.450000,0.035000,0.280000,0.707107,0.000000,0.707107,0.000000,0.000000,0.000000,0.000000,0.000000,0.000000,0.000000
1260,1.260000,7,plate_2,plate,0.320000,0.040000,-0.280000,1.000000,0.000000,0.000000,-0.000000,0.000000,0.000000,0.000000,0.000000,0.000000,0.000000
1260,1.260000,8,fork_2,fork,0.190000,0.035000,-0.280000,0.707107,0.000000,0.707107,0.000000,0.000000,0.000000,0.000000,0.000000,0.000000,0.000000
1260,1.260000,9,knife_2,knife,0.450000,0.035000,-0.280000,0.707107,0.000000,0.707107,0.000000,0.000000,0.000000,0.000000,0.000000,0.000000,0.000000
1260,1.260000,10,plate_3,plate,0.320000,0.040000,0.280000,1.000000,0.000000,0.000000,-0.000000,0.000000,0.000000,0.000000,0.000000,0.000000,0.000000
1260,1.260000,11,fork_3,fork,0.450000,0.035000,0.280000,0.707107,0.000000,0.707107,0.000000,0.000000,0.000000,0.000000,0.000000,0.000000,0.000000
1260,1.260000,12,knife_3,knife,0.190000,0.035000,0.280000,0.707107,0.000000,0.707107,0.000000,0.000000,0.000000,0.000000,0.000000,0.000000,0.000000
1260,1.260000,13,candle_0,candle,-0.500000,0.075000,-0.450000,1.000000,0.000000,0.000000,-0.000000,0.000000,0.000000,0.000000,0.000000,0.000000,0.000000
1260,1.260000,14,candle_1,candle,-0.500000,0.075000,0.450000,1.000000,0.000000,0.000000,-0.000000,0.000000,0.000000,0.000000,0.000000,0.000000,0.000000
1260,1.260000,15,candle_2,candle,0.500000,0.075000,-0.450000,1.000000,0.000000,0.000000,-0.000000,0.000000,0.000000,0.000000,0.000000,0.000000,0.000000
1260,1.260000,16,candle_3,candle,0.500000,0.075000,0.450000,1.000000,0.000000,0.000000,-0.000000,0.000000,0.000000,0.000000,0.000000,0.000000,0.000000
1260,1.260000,17,pot,pot,0.000000,0.095000,0.000000,1.000000,0.000000,0.000000,-0.000000,0.000000,0.000000,0.000000,0.000000,0.000000,0.000000
1265,1.265000,1,plate_0,plate,-0.320000,0.040000,-0.280000,1.000000,0.000000,0.000000,-0.000000,0.000000,0.000000,0.000000,0.000000,0.000000,0.000000
1265,1.265000,2,fork_0,fork,-0.450000,0.035000,-0.280000,0.707107,0.000000,0.707107,0.000000,0.000000,0.000000,0.000000,0.000000,0.000000,0.000000
1265,1.265000,3,knife_0,knife,-0.190000,0.035000,-0.280000,0.707107,0.000000,0.707107,0.000000,0.000000,0.000000,0.000000,0.000000,0.000000,0.000000
1265,1.265000,4,plate_1,plate,-0.320000,0.040000,0.280000,1.000000,0.000000,0.000000,-0.000000,0.000000,0.000000,0.000000,0.000000,0.000000,0.000000
1265,1.265000,5,fork_1,fork,-0.190000,0.035000,0.280000,0.707107,0.000000,0.707107,0.000000,0.000000,0.000000,0.000000,0.000000,0.000000,0.000000
1265,1.265000,6,knife_1,knife,-0.450000,0.035000,0.280000,0.707107,0.000000,0.707107,0.000000,0.000000,0.000000,0.000000,0.000000,0.000000,0.000000
1265,1.265000,7,plate_2,plate,0.320000,0.040000,-0.280000,1.000000,0.000000,0.000000,-0.000000,0.000000,0.000000,0.000000,0.000000,0.000000,0.000000
1265,1.265000,8,fork_2,fork,0.190000,0.035000,-0.280000,0.707107,0.000000,0.707107,0.000000,0.000000,0.000000,0.000000,0.000000,0.000000,0.000000
1265,1.265000,9,knife_2,knife,0.450000,0.035000,-0.280000,0.707107,0.000000,0.707107,0.000000,0.000000,0.000000,0.000000,0.000000,0.000000,0.000000
1265,1.265000,10,plate_3,plate,0.320000,0.040000,0.280000,1.000000,0.000000,0.000000,-0.000000,0.000000,0.000000,0.000000,0.000000,0.000000,0.000000
1265,1.265000,11,fork_3,fork,0.450000,0.035000,0.280000,0.707107,0.000000,0.707107,0.000000,0.000000,0.000000,0.000000,0.000000,0.000000,0.000000
1265,1.265000,12,knife_3,knife,0.190000,0.035000,0.280000,0.707107,0.000000,0.707107,0.000000,0.000000,0.000000,0.000000,0.000000,0.000000,0.000000
1265,1.265000,13,candle_0,candle,-0.500000,0.075000,-0.450000,1.000000,0.000000,0.000000,-0.000000,0.000000,0.000000,0.000000,0.000000,0.000000,0.000000
1265,1.265000,14,candle_1,candle,-0.500000,0.075000,0.450000,1.000000,0.000000,0.000000,-0.000000,0.000000,0.000000,0.000000,0.000000,0.000000,0.000000
1265,1.265000,15,candle_2,candle,0.500000,0.075000,-0.450000,1.000000,0.000000,0.000000,-0.000000,0.000000,0.000000,0.000000,0.000000,0.000000,0.000000
1265,1.265000,16,candle_3,candle,0.500000,0.075000,0.450000,1.000000,0.000000,0.000000,-0.000000,0.000000,0.000000,0.000000,0.000000,0.000000,0.000000
1265,1.265000,17,pot,pot,0.000000,0.095000,0.000000,1.000000,0.000000,0.000000,-0.000000,0.000000,0.000000,0.000000,0.000000,0.000000,0.000000
1270,1.270000,1,plate_0,plate,-0.320000,0.040000,-0.280000,1.000000,0.000000,0.000000,-0.000000,0.000000,0.000000,0.000000,0.000000,0.000000,0.000000
1270,1.270000,2,fork_0,fork,-0.450000,0.035000,-0.280000,0.707107,0.000000,0.707107,0.000000,0.000000,0.000000,0.000000,0.000000,0.000000,0.000000
1270,1.270000,3,knife_0,knife,-0.190000,0.035000,-0.280000,0.707107,0.000000,0.707107,0.000000,0.000000,0.000000,0.000000,0.000000,0.000000,0.000000
1270,1.270000,4,plate_1,plate,-0.320000,0.040000,0.280000,1.000000,0.000000,0.000000,-0.000000,0.000000,0.000000,0.000000,0.000000,0.000000,0.000000
1270,1.270000,5,fork_1,fork,-0.190000,0.035000,0.280000,0.707107,0.000000,0.707107,0.000000,0.000000,0.000000,0.000000,0.000000,0.000000,0.000000
1270,1.270000,6,knife_1,knife,-0.450000,0.035000,0.280000,0.707107,0.000000,0.707107,0.000000,0.000000,0.000000,0.000000,0.000000,0.000000,0.000000
1270,1.270000,7,plate_2,plate,0.320000,0.040000,-0.280000,1.000000,0.000000,0.000000,-0.000000,0.000000,0.000000,0.000000,0.000000,0.000000,0.000000
1270,1.270000,8,fork_2,fork,0.190000,0.035000,-0.280000,0.707107,0.000000,0.707107,0.000000,0.000000,0.000000,0.000000,0.000000,0.000000,0.000000
1270,1.270000,9,knife_2,knife,0.450000,0.035000,-0.280000,0.707107,0.000000,0.707107,0.000000,0.000000,0.000000,0.000000,0.000000,0.000000,0.000000
1270,1.270000,10,plate_3,plate,0.320000,0.040000,0.280000,1.000000,0.000000,0.000000,-0.000000,0.000000,0.000000,0.000000,0.000000,0.000000,0.000000
1270,1.270000,11,fork_3,fork,0.450000,0.035000,0.280000,0.707107,0.000000,0.707107,0.000000,0.000000,0.000000,0.000000,0.000000,0.000000,0.000000
1270,1.270000,12,knife_3,knife,0.190000,0.035000,0.280000,0.707107,0.000000,0.707107,0.000000,0.000000,0.000000,0.000000,0.000000,0.000000,0.000000
1270,1.270000,13,candle_0,candle,-0.500000,0.075000,-0.450000,1.000000,0.000000,0.000000,-0.000000,0.000000,0.000000,0.000000,0.000000,0.000000,0.000000
1270,1.270000,14,candle_1,candle,-0.500000,0.075000,0.450000,1.000000,0.000000,0.000000,-0.000000,0.000000,0.000000,0.000000,0.000000,0.000000,0.000000
1270,1.270000,15,candle_2,candle,0.500000,0.075000,-0.450000,1.000000,0.000000,0.000000,-0.000000,0.000000,0.000000,0.000000,0.000000,0.000000,0.000000
1270,1.270000,16,candle_3,candle,0.500000,0.075000,0.450000,1.000000,0.000000,0.000000,-0.000000,0.000000,0.000000,0.000000,0.000000,0.000000,0.000000
1270,1.270000,17,pot,pot,0.000000,0.095000,0.000000,1.000000,0.000000,0.000000,-0.000000,0.000000,0.000000,0.000000,0.000000,0.000000,0.000000
1275,1.275000,1,plate_0,plate,-0.320000,0.040000,-0.280000,1.000000,0.000000,0.000000,-0.000000,0.000000,0.000000,0.000000,0.000000,0.000000,0.000000
1275,1.275000,2,fork_0,fork,-0.450000,0.035000,-0.280000,0.707107,0.000000,0.707107,0.000000,0.000000,0.000000,0.000000,0.000000,0.000000,0.000000
1275,1.275000,3,knife_0,knife,-0.190000,0.035000,-0.280000,0.707107,0.000000,0.707107,0.000000,0.000000,0.000000,0.000000,0.000000,0.000000,0.000000
1275,1.275000,4,plate_1,plate,-0.320000,0.040000,0.280000,1.000000,0.000000,0.000000,-0.000000,0.000000,0.000000,0.000000,0.000000,0.000000,0.000000
1275,1.275000,5,fork_1,fork,-0.190000,0.035000,0.280000,0.707107,0.000000,0.707107,0.000000,0.000000,0.000000,0.000000,0.000000,0.000000,0.000000
1275,1.275000,6,knife_1,knife,-0.450000,0.035000,0.280000,0.707107,0.000000,0.707107,0.000000,0.000000,0.000000,0.000000,0.000000,0.000000,0.000000
1275,1.275000,7,plate_2,plate,0.320000,0.040000,-0.280000,1.000000,0.000000,0.000000,-0.000000,0.000000,0.000000,0.000000,0.000000,0.000000,0.000000
1275,1.275000,8,fork_2,fork,0.190000,0.035000,-0.280000,0.707107,0.000000,0.707107,0.000000,0.000000,0.000000,0.000000,0.000000,0.000000,0.000000
1275,1.275000,9,knife_2,knife,0.450000,0.035000,-0.280000,0.707107,0.000000,0.707107,0.000000,0.000000,0.000000,0.000000,0.000000,0.000000,0.000000
1275,1.275000,10,plate_3,plate,0.320000,0.040000,0.280000,1.000000,0.000000,0.000000,-0.000000,0.000000,0.000000,0.000000,0.000000,0.000000,0.000000
1275,1.275000,11,fork_3,fork,0.450000,0.035000,0.280000,0.707107,0.000000,0.707107,0.000000,0.000000,0.000000,0.000000,0.000000,0.000000,0.000000
1275,1.275000,12,knife_3,knife,0.190000,0.035000,0.280000,0.707107,0.000000,0.707107,0.000000,0.000000,0.000000,0.000000,0.000000,0.000000,0.000000
1275,1.275000,13,candle_0,candle,-0.500000,0.075000,-0.450000,1.000000,0.000000,0.000000,-0.000000,0.000000,0.000000,0.000000,0.000000,0.000000,0.000000
1275,1.275000,14,candle_1,candle,-0.500000,0.075000,0.450000,1.000000,0.000000,0.000000,-0.000000,0.000000,0.000000,0.000000,0.000000,0.000000,0.000000
1275,1.275000,15,candle_2,candle,0.500000,0.075000,-0.450000,1.000000,0.000000,0.000000,-0.000000,0.000000,0.000000,0.000000,0.000000,0.000000,0.000000
1275,1.275000,16,candle_3,candle,0.500000,0.075000,0.450000,1.000000,0.000000,0.000000,-0.000000,0.000000,0.000000,0.000000,0.000000,0.000000,0.000000
1275,1.275000,17,pot,pot,0.000000,0.095000,0.000000,1.000000,0.000000,0.000000,-0.000000,0.000000,0.000000,0.000000,0.000000,0.000000,0.000000
1280,1.280000,1,plate_0,plate,-0.320000,0.040000,-0.280000,1.000000,0.000000,0.000000,-0.000000,0.000000,0.000000,0.000000,0.000000,0.000000,0.000000
1280,1.280000,2,fork_0,fork,-0.450000,0.035000,-0.280000,0.707107,0.000000,0.707107,0.000000,0.000000,0.000000,0.000000,0.000000,0.000000,0.000000
1280,1.280000,3,knife_0,knife,-0.190000,0.035000,-0.280000,0.707107,0.000000,0.707107,0.000000,0.000000,0.000000,0.000000,0.000000,0.000000,0.000000
1280,1.280000,4,plate_1,plate,-0.320000,0.040000,0.280000,1.000000,0.000000,0.000000,-0.000000,0.000000,0.000000,0.000000,0.000000,0.000000,0.000000
1280,1.280000,5,fork_1,fork,-0.190000,0.035000,0.280000,0.707107,0.000000,0.707107,0.000000,0.000000,0.000000,0.000000,0.000000,0.000000,0.000000
1280,1.280000,6,knife_1,knife,-0.450000,0.035000,0.280000,0.707107,0.000000,0.707107,0.000000,0.000000,0.000000,0.000000,0.000000,0.000000,0.000000
1280,1.280000,7,plate_2,plate,0.320000,0.040000,-0.280000,1.000000,0.000000,0.000000,-0.000000,0.000000,0.000000,0.000000,0.000000,0.000000,0.000000
1280,1.280000,8,fork_2,fork,0.190000,0.035000,-0.280000,0.707107,0.000000,0.707107,0.000000,0.000000,0.000000,0.000000,0.000000,0.000000,0.000000
1280,1.280000,9,knife_2,knife,0.450000,0.035000,-0.280000,0.707107,0.000000,0.707107,0.000000,0.000000,0.000000,0.000000,0.000000,0.000000,0.000000
1280,1.280000,10,plate_3,plate,0.320000,0.040000,0.280000,1.000000,0.000000,0.000000,-0.000000,0.000000,0.000000,0.000000,0.000000,0.000000,0.000000
1280,1.280000,11,fork_3,fork,0.450000,0.035000,0.280000,0.707107,0.000000,0.707107,0.000000,0.000000,0.000000,0.000000,0.000000,0.000000,0.000000
1280,1.280000,12,knife_3,knife,0.190000,0.035000,0.280000,0.707107,0.000000,0.707107,0.000000,0.000000,0.000000,0.000000,0.000000,0.000000,0.000000
1280,1.280000,13,candle_0,candle,-0.500000,0.075000,-0.450000,1.000000,0.000000,0.000000,-0.000000,0.000000,0.000000,0.000000,0.000000,0.000000,0.000000
1280,1.280000,14,candle_1,candle,-0.500000,0.075000,0.450000,1.000000,0.000000,0.000000,-0.000000,0.000000,0.000000,0.000000,0.000000,0.000000,0.000000
1280,1.280000,15,candle_2,candle,0.500000,0.075000,-0.450000,1.000000,0.000000,0.000000,-0.000000,0.000000,0.000000,0.000000,0.000000,0.000000,0.000000
1280,1.280000,16,candle_3,candle,0.500000,0.075000,0.450000,1.000000,0.000000,0.000000,-0.000000,0.000000,0.000000,0.000000,0.000000,0.000000,0.000000
1280,1.280000,17,pot,pot,0.000000,0.095000,0.000000,1.000000,0.000000,0.000000,-0.000000,0.000000,0.000000,0.000000,0.000000,0.000000,0.000000
1285,1.285000,1,plate_0,plate,-0.320000,0.040000,-0.280000,1.000000,0.000000,0.000000,-0.000000,0.000000,0.000000,0.000000,0.000000,0.000000,0.000000
1285,1.285000,2,fork_0,fork,-0.450000,0.035000,-0.280000,0.707107,0.000000,0.707107,0.000000,0.000000,0.000000,0.000000,0.000000,0.000000,0.000000
1285,1.285000,3,knife_0,knife,-0.190000,0.035000,-0.280000,0.707107,0.000000,0.707107,0.000000,0.000000,0.000000,0.000000,0.000000,0.000000,0.000000
1285,1.285000,4,plate_1,plate,-0.320000,0.040000,0.280000,1.000000,0.000000,0.000000,-0.000000,0.000000,0.000000,0.000000,0.000000,0.000000,0.000000
1285,1.285000,5,fork_1,fork,-0.190000,0.035000,0.280000,0.707107,0.000000,0.707107,0.000000,0.000000,0.000000,0.000000,0.000000,0.000000,0.000000
1285,1.285000,6,knife_1,knife,-0.450000,0.035000,0.280000,0.707107,0.000000,0.707107,0.000000,0.000000,0.000000,0.000000,0.000000,0.000000,0.000000
1285,1.285000,7,plate_2,plate,0.320000,0.040000,-0.280000,1.000000,0.000000,0.000000,-0.000000,0.000000,0.000000,0.000000,0.000000,0.000000,0.000000
1285,1.285000,8,fork_2,fork,0.190000,0.035000,-0.280000,0.707107,0.000000,0.707107,0.000000,0.000000,0.000000,0.000000,0.000000,0.000000,0.000000
1285,1.285000,9,knife_2,knife,0.450000,0.035000,-0.280000,0.707107,0.000000,0.707107,0.000000,0.000000,0.000000,0.000000,0.000000,0.000000,0.000000
1285,1.285000,10,plate_3,plate,0.320000,0.040000,0.280000,1.000000,0.000000,0.000000,-0.000000,0.000000,0.000000,0.000000,0.000000,0.000000,0.000000
1285,1.285000,11,fork_3,fork,0.450000,0.035000,0.280000,0.707107,0.000000,0.707107,0.000000,0.000000,0.000000,0.000000,0.000000,0.000000,0.000000
1285,1.285000,12,knife_3,knife,0.190000,0.035000,0.280000,0.707107,0.000000,0.707107,0.000000,0.000000,0.000000,0.000000,0.000000,0.000000,0.000000
1285,1.285000,13,candle_0,candle,-0.500000,0.075000,-0.450000,1.000000,0.000000,0.000000,-0.000000,0.000000,0.000000,0.000000,0.000000,0.000000,0.000000
1285,1.285000,14,candle_1,candle,-0.500000,0.075000,0.450000,1.000000,0.000000,0.000000,-0.000000,0.000000,0.000000,0.000000,0.000000,0.000000,0.000000
1285,1.285000,15,candle_2,candle,0.500000,0.075000,-0.450000,1.000000,0.000000,0.000000,-0.000000,0.000000,0.000000,0.000000,0.000000,0.000000,0.000000
1285,1.285000,16,candle_3,candle,0.500000,0.075000,0.450000,1.000000,0.000000,0.000000,-0.000000,0.000000,0.000000,0.000000,0.000000,0.000000,0.000000
1285,1.285000,17,pot,pot,0.000000,0.095000,0.000000,1.000000,0.000000,0.000000,-0.000000,0.000000,0.000000,0.000000,0.000000,0.000000,0.000000
1290,1.290000,1,plate_0,plate,-0.320000,0.040000,-0.280000,1.000000,0.000000,0.000000,-0.000000,0.000000,0.000000,0.000000,0.000000,0.000000,0.000000
1290,1.290000,2,fork_0,fork,-0.450000,0.035000,-0.280000,0.707107,0.000000,0.707107,0.000000,0.000000,0.000000,0.000000,0.000000,0.000000,0.000000
1290,1.290000,3,knife_0,knife,-0.190000,0.035000,-0.280000,0.707107,0.000000,0.707107,0.000000,0.000000,0.000000,0.000000,0.000000,0.000000,0.000000
1290,1.290000,4,plate_1,plate,-0.320000,0.040000,0.280000,1.000000,0.000000,0.000000,-0.000000,0.000000,0.000000,0.000000,0.000000,0.000000,0.000000
1290,1.290000,5,fork_1,fork,-0.190000,0.035000,0.280000,0.707107,0.000000,0.707107,0.000000,0.000000,0.000000,0.000000,0.000000,0.000000,0.000000
1290,1.290000,6,knife_1,knife,-0.450000,0.035000,0.280000,0.707107,0.000000,0.707107,0.000000,0.000000,0.000000,0.000000,0.000000,0.000000,0.000000
1290,1.290000,7,plate_2,plate,0.320000,0.040000,-0.280000,1.000000,0.000000,0.000000,-0.000000,0.000000,0.000000,0.000000,0.000000,0.000000,0.000000
1290,1.290000,8,fork_2,fork,0.190000,0.035000,-0.280000,0.707107,0.000000,0.707107,0.000000,0.000000,0.000000,0.000000,0.000000,0.000000,0.000000
1290,1.290000,9,knife_2,knife,0.450000,0.035000,-0.280000,0.707107,0.000000,0.707107,0.000000,0.000000,0.000000,0.000000,0.000000,0.000000,0.000000
1290,1.290000,10,plate_3,plate,0.320000,0.040000,0.280000,1.000000,0.000000,0.000000,-0.000000,0.000000,0.000000,0.000000,0.000000,0.000000,0.000000
1290,1.290000,11,fork_3,fork,0.450000,0.035000,0.280000,0.707107,0.000000,0.707107,0.000000,0.000000,0.000000,0.000000,0.000000,0.000000,0.000000
1290,1.290000,12,knife_3,knife,0.190000,0.035000,0.280000,0.707107,0.000000,0.707107,0.000000,0.000000,0.000000,0.000000,0.000000,0.000000,0.000000
1290,1.290000,13,candle_0,candle,-0.500000,0.075000,-0.450000,1.000000,0.000000,0.000000,-0.000000,0.000000,0.000000,0.000000,0.000000,0.000000,0.000000
1290,1.290000,14,candle_1,candle,-0.500000,0.075000,0.450000,1.000000,0.000000,0.000000,-0.000000,0.000000,0.000000,0.000000,0.000000,0.000000,0.000000
1290,1.290000,15,candle_2,candle,0.500000,0.075000,-0.450000,1.000000,0.000000,0.000000,-0.000000,0.000000,0.000000,0.000000,0.000000,0.000000,0.000000
1290,1.290000,16,candle_3,candle,0.500000,0.075000,0.450000,1.000000,0.000000,0.000000,-0.000000,0.000000,0.000000,0.000000,0.000000,0.000000,0.000000
1290,1.290000,17,pot,pot,0.000000,0.095000,0.000000,1.000000,0.000000,0.000000,-0.000000,0.000000,0.000000,0.000000,0.000000,0.000000,0.000000
1295,1.295000,1,plate_0,plate,-0.320000,0.040000,-0.280000,1.000000,0.000000,0.000000,-0.000000,0.000000,0.000000,0.000000,0.000000,0.000000,0.000000
1295,1.295000,2,fork_0,fork,-0.450000,0.035000,-0.280000,0.707107,0.000000,0.707107,0.000000,0.000000,0.000000,0.000000,0.000000,0.000000,0.000000
1295,1.295000,3,knife_0,knife,-0.190000,0.035000,-0.280000,0.707107,0.000000,0.707107,0.000000,0.000000,0.000000,0.000000,0.000000,0.000000,0.000000
1295,1.295000,4,plate_1,plate,-0.320000,0.040000,0.280000,1.000000,0.000000,0.000000,-0.000000,0.000000,0.000000,0.000000,0.000000,0.000000,0.000000
1295,1.295000,5,fork_1,fork,-0.190000,0.035000,0.280000,0.707107,0.000000,0.707107,0.000000,0.000000,0.000000,0.000000,0.000000,0.000000,0.000000
1295,1.295000,6,knife_1,knife,-0.450000,0.035000,0.280000,0.707107,0.000000,0.707107,0.000000,0.000000,0.000000,0.000000,0.000000,0.000000,0.000000
1295,1.295000,7,plate_2,plate,0.320000,0.040000,-0.280000,1.000000,0.000000,0.000000,-0.000000,0.000000,0.000000,0.000000,0.000000,0.000000,0.000000
1295,1.295000,8,fork_2,fork,0.190000,0.035000,-0.280000,0.707107,0.000000,0.707107,0.000000,0.000000,0.000000,0.000000,0.000000,0.000000,0.000000
1295,1.295000,9,knife_2,knife,0.450000,0.035000,-0.280000,0.707107,0.000000,0.707107,0.000000,0.000000,0.000000,0.000000,0.000000,0.000000,0.000000
1295,1.295000,10,plate_3,plate,0.320000,0.040000,0.280000,1.000000,0.000000,0.000000,-0.000000,0.000000,0.000000,0.000000,0.000000,0.000000,0.000000
1295,1.295000,11,fork_3,fork,0.450000,0.035000,0.280000,0.707107,0.000000,0.707107,0.000000,0.000000,0.000000,0.000000,0.000000,0.000000,0.000000
1295,1.295000,12,knife_3,knife,0.190000,0.035000,0.280000,0.707107,0.000000,0.707107,0.000000,0.000000,0.000000,0.000000,0.000000,0.000000,0.000000
1295,1.295000,13,candle_0,candle,-0.500000,0.075000,-0.450000,1.000000,0.000000,0.000000,-0.000000,0.000000,0.000000,0.000000,0.000000,0.000000,0.000000
1295,1.295000,14,candle_1,candle,-0.500000,0.075000,0.450000,1.000000,0.000000,0.000000,-0.000000,0.000000,0.000000,0.000000,0.000000,0.000000,0.000000
1295,1.295000,15,candle_2,candle,0.500000,0.075000,-0.450000,1.000000,0.000000,0.000000,-0.000000,0.000000,0.000000,0.000000,0.000000,0.000000,0.000000
1295,1.295000,16,candle_3,candle,0.500000,0.075000,0.450000,1.000000,0.000000,0.000000,-0.000000,0.000000,0.000000,0.000000,0.000000,0.000000,0.000000
1295,1.295000,17,pot,pot,0.000000,0.095000,0.000000,1.000000,0.000000,0.000000,-0.000000,0.000000,0.000000,0.000000,0.000000,0.000000,0.000000
1300,1.300000,1,plate_0,plate,-0.320000,0.040000,-0.280000,1.000000,0.000000,0.000000,-0.000000,0.000000,0.000000,0.000000,0.000000,0.000000,0.000000
1300,1.300000,2,fork_0,fork,-0.450000,0.035000,-0.280000,0.707107,0.000000,0.707107,0.000000,0.000000,0.000000,0.000000,0.000000,0.000000,0.000000
1300,1.300000,3,knife_0,knife,-0.190000,0.035000,-0.280000,0.707107,0.000000,0.707107,0.000000,0.000000,0.000000,0.000000,0.000000,0.000000,0.000000
1300,1.300000,4,plate_1,plate,-0.320000,0.040000,0.280000,1.000000,0.000000,0.000000,-0.000000,0.000000,0.000000,0.000000,0.000000,0.000000,0.000000
1300,1.300000,5,fork_1,fork,-0.190000,0.035000,0.280000,0.707107,0.000000,0.707107,0.000000,0.000000,0.000000,0.000000,0.000000,0.000000,0.000000
1300,1.300000,6,knife_1,knife,-0.450000,0.035000,0.280000,0.707107,0.000000,0.707107,0.000000,0.000000,0.000000,0.000000,0.000000,0.000000,0.000000
1300,1.300000,7,plate_2,plate,0.320000,0.040000,-0.280000,1.000000,0.000000,0.000000,-0.000000,0.000000,0.000000,0.000000,0.000000,0.000000,0.000000
1300,1.300000,8,fork_2,fork,0.190000,0.035000,-0.280000,0.707107,0.000000,0.707107,0.000000,0.000000,0.000000,0.000000,0.000000,0.000000,0.000000
1300,1.300000,9,knife_2,knife,0.450000,0.035000,-0.280000,0.707107,0.000000,0.707107,0.000000,0.000000,0.000000,0.000000,0.000000,0.000000,0.000000
1300,1.300000,10,plate_3,plate,0.320000,0.040000,0.280000,1.000000,0.000000,0.000000,-0.000000,0.000000,0.000000,0.000000,0.000000,0.000000,0.000000
1300,1.300000,11,fork_3,fork,0.450000,0.035000,0.280000,0.707107,0.000000,0.707107,0.000000,0.000000,0.000000,0.000000,0.000000,0.000000,0.000000
1300,1.300000,12,knife_3,knife,0.190000,0.035000,0.280000,0.707107,0.000000,0.707107,0.000000,0.000000,0.000000,0.000000,0.000000,0.000000,0.000000
1300,1.300000,13,candle_0,candle,-0.500000,0.075000,-0.450000,1.000000,0.000000,0.000000,-0.000000,0.000000,0.000000,0.000000,0.000000,0.000000,0.000000
1300,1.300000,14,candle_1,candle,-0.500000,0.075000,0.450000,1.000000,0.000000,0.000000,-0.000000,0.000000,0.000000,0.000000,0.000000,0.000000,0.000000
1300,1.300000,15,candle_2,candle,0.500000,0.075000,-0.450000,1.000000,0.000000,0.000000,-0.000000,0.000000,0.000000,0.000000,0.000000,0.000000,0.000000
1300,1.300000,16,candle_3,candle,0.500000,0.075000,0.450000,1.000000,0.000000,0.000000,-0.000000,0.000000,0.000000,0.000000,0.000000,0.000000,0.000000
1300,1.300000,17,pot,pot,0.000000,0.095000,0.000000,1.000000,0.000000,0.000000,-0.000000,0.000000,0.000000,0.000000,0.000000,0.000000,0.000000
1305,1.305000,1,plate_0,plate,-0.320000,0.040000,-0.280000,1.000000,0.000000,0.000000,-0.000000,0.000000,0.000000,0.000000,0.000000,0.000000,0.000000
1305,1.305000,2,fork_0,fork,-0.450000,0.035000,-0.280000,0.707107,0.000000,0.707107,0.000000,0.000000,0.000000,0.000000,0.000000,0.000000,0.000000
1305,1.305000,3,knife_0,knife,-0.190000,0.035000,-0.280000,0.707107,0.000000,0.707107,0.000000,0.000000,0.000000,0.000000,0.000000,0.000000,0.000000
1305,1.305000,4,plate_1,plate,-0.320000,0.040000,0.280000,1.000000,0.000000,0.000000,-0.000000,0.000000,0.000000,0.000000,0.000000,0.000000,0.000000
1305,1.305000,5,fork_1,fork,-0.190000,0.035000,0.280000,0.707107,0.000000,0.707107,0.000000,0.000000,0.000000,0.000000,0.000000,0.000000,0.000000
1305,1.305000,6,knife_1,knife,-0.450000,0.035000,0.280000,0.707107,0.000000,0.707107,0.000000,0.000000,0.000000,0.000000,0.000000,0.000000,0.000000
1305,1.305000,7,plate_2,plate,0.320000,0.040000,-0.280000,1.000000,0.000000,0.000000,-0.000000,0.000000,0.000000,0.000000,0.000000,0.000000,0.000000
1305,1.305000,8,fork_2,fork,0.190000,0.035000,-0.280000,0.707107,0.000000,0.707107,0.000000,0.000000,0.000000,0.000000,0.000000,0.000000,0.000000
1305,1.305000,9,knife_2,knife,0.450000,0.035000,-0.280000,0.707107,0.000000,0.707107,0.000000,0.000000,0.000000,0.000000,0.000000,0.000000,0.000000
1305,1.305000,10,plate_3,plate,0.320000,0.040000,0.280000,1.000000,0.000000,0.000000,-0.000000,0.000000,0.000000,0.000000,0.000000,0.000000,0.000000
1305,1.305000,11,fork_3,fork,0.450000,0.035000,0.280000,0.707107,0.000000,0.707107,0.000000,0.000000,0.000000,0.000000,0.000000,0.000000,0.000000
1305,1.305000,12,knife_3,knife,0.190000,0.035000,0.280000,0.707107,0.000000,0.707107,0.000000,0.000000,0.000000,0.000000,0.000000,0.000000,0.000000
1305,1.305000,13,candle_0,candle,-0.500000,0.075000,-0.450000,1.000000,0.000000,0.000000,-0.000000,0.000000,0.000000,0.000000,0.000000,0.000000,0.000000
1305,1.305000,14,candle_1,candle,-0.500000,0.075000,0.450000,1.000000,0.000000,0.000000,-0.000000,0.000000,0.000000,0.000000,0.000000,0.000000,0.000000
1305,1.305000,15,candle_2,candle,0.500000,0.075000,-0.450000,1.000000,0.000000,0.000000,-0.000000,0.000000,0.000000,0.000000,0.000000,0.000000,0.000000
1305,1.305000,16,candle_3,candle,0.500000,0.075000,0.450000,1.000000,0.000000,0.000000,-0.000000,0.000000,0.000000,0.000000,0.000000,0.000000,0.000000
1305,1.305000,17,pot,pot,0.000000,0.095000,0.000000,1.000000,0.000000,0.000000,-0.000000,0.000000,0.000000,0.000000,0.000000,0.000000,0.000000
1310,1.310000,1,plate_0,plate,-0.320000,0.040000,-0.280000,1.000000,0.000000,0.000000,-0.000000,0.000000,0.000000,0.000000,0.000000,0.000000,0.000000
1310,1.310000,2,fork_0,fork,-0.450000,0.035000,-0.280000,0.707107,0.000000,0.707107,0.000000,0.000000,0.000000,0.000000,0.000000,0.000000,0.000000
1310,1.310000,3,knife_0,knife,-0.190000,0.035000,-0.280000,0.707107,0.000000,0.707107,0.000000,0.000000,0.000000,0.000000,0.000000,0.000000,0.000000
1310,1.310000,4,plate_1,plate,-0.320000,0.040000,0.280000,1.000000,0.000000,0.000000,-0.000000,0.000000,0.000000,0.000000,0.000000,0.000000,0.000000
1310,1.310000,5,fork_1,fork,-0.190000,0.035000,0.280000,0.707107,0.000000,0.707107,0.000000,0.000000,0.000000,0.000000,0.000000,0.000000,0.000000
1310,1.310000,6,knife_1,knife,-0.450000,0.035000,0.280000,0.707107,0.000000,0.707107,0.000000,0.000000,0.000000,0.000000,0.000000,0.000000,0.000000
1310,1.310000,7,plate_2,plate,0.320000,0.040000,-0.280000,1.000000,0.000000,0.000000,-0.000000,0.000000,0.000000,0.000000,0.000000,0.000000,0.000000
1310,1.310000,8,fork_2,fork,0.190000,0.035000,-0.280000,0.707107,0.000000,0.707107,0.000000,0.000000,0.000000,0.000000,0.000000,0.000000,0.000000
1310,1.310000,9,knife_2,knife,0.450000,0.035000,-0.280000,0.707107,0.000000,0.707107,0.000000,0.000000,0.000000,0.000000,0.000000,0.000000,0.000000
1310,1.310000,10,plate_3,plate,0.320000,0.040000,0.280000,1.000000,0.000000,0.000000,-0.000000,0.000000,0.000000,0.000000,0.000000,0.000000,0.000000
1310,1.310000,11,fork_3,fork,0.450000,0.035000,0.280000,0.707107,0.000000,0.707107,0.000000,0.000000,0.000000,0.000000,0.000000,0.000000,0.000000
1310,1.310000,12,knife_3,knife,0.190000,0.035000,0.280000,0.707107,0.000000,0.707107,0.000000,0.000000,0.000000,0.000000,0.000000,0.000000,0.000000
1310,1.310000,13,candle_0,candle,-0.500000,0.075000,-0.450000,1.000000,0.000000,0.000000,-0.000000,0.000000,0.000000,0.000000,0.000000,0.000000,0.000000
1310,1.310000,14,candle_1,candle,-0.500000,0.075000,0.450000,1.000000,0.000000,0.000000,-0.000000,0.000000,0.000000,0.000000,0.000000,0.000000,0.000000
1310,1.310000,15,candle_2,candle,0.500000,0.075000,-0.450000,1.000000,0.000000,0.000000,-0.000000,0.000000,0.000000,0.000000,0.000000,0.000000,0.000000
1310,1.310000,16,candle_3,candle,0.500000,0.075000,0.450000,1.000000,0.000000,0.000000,-0.000000,0.000000,0.000000,0.000000,0.000000,0.000000,0.000000
1310,1.310000,17,pot,pot,0.000000,0.095000,0.000000,1.000000,0.000000,0.000000,-0.000000,0.000000,0.000000,0.000000,0.000000,0.000000,0.000000
1315,1.315000,1,plate_0,plate,-0.320000,0.040000,-0.280000,1.000000,0.000000,0.000000,-0.000000,0.000000,0.000000,0.000000,0.000000,0.000000,0.000000
1315,1.315000,2,fork_0,fork,-0.450000,0.035000,-0.280000,0.707107,0.000000,0.707107,0.000000,0.000000,0.000000,0.000000,0.000000,0.000000,0.000000
1315,1.315000,3,knife_0,knife,-0.190000,0.035000,-0.280000,0.707107,0.000000,0.707107,0.000000,0.000000,0.000000,0.000000,0.000000,0.000000,0.000000
1315,1.315000,4,plate_1,plate,-0.320000,0.040000,0.280000,1.000000,0.000000,0.000000,-0.000000,0.000000,0.000000,0.000000,0.000000,0.000000,0.000000
1315,1.315000,5,fork_1,fork,-0.190000,0.035000,0.280000,0.707107,0.000000,0.707107,0.000000,0.000000,0.000000,0.000000,0.000000,0.000000,0.000000
1315,1.315000,6,knife_1,knife,-0.450000,0.035000,0.280000,0.707107,0.000000,0.707107,0.000000,0.000000,0.000000,0.000000,0.000000,0.000000,0.000000
1315,1.315000,7,plate_2,plate,0.320000,0.040000,-0.280000,1.000000,0.000000,0.000000,-0.000000,0.000000,0.000000,0.000000,0.000000,0.000000,0.000000
1315,1.315000,8,fork_2,fork,0.190000,0.035000,-0.280000,0.707107,0.000000,0.707107,0.000000,0.000000,0.000000,0.000000,0.000000,0.000000,0.000000
1315,1.315000,9,knife_2,knife,0.450000,0.035000,-0.280000,0.707107,0.000000,0.707107,0.000000,0.000000,0.000000,0.000000,0.000000,0.000000,0.000000
1315,1.315000,10,plate_3,plate,0.320000,0.040000,0.280000,1.000000,0.000000,0.000000,-0.000000,0.000000,0.000000,0.000000,0.000000,0.000000,0.000000
1315,1.315000,11,fork_3,fork,0.450000,0.035000,0.280000,0.707107,0.000000,0.707107,0.000000,0.000000,0.000000,0.000000,0.000000,0.000000,0.000000
1315,1.315000,12,knife_3,knife,0.190000,0.035000,0.280000,0.707107,0.000000,0.707107,0.000000,0.000000,0.000000,0.000000,0.000000,0.000000,0.000000
1315,1.315000,13,candle_0,candle,-0.500000,0.075000,-0.450000,1.000000,0.000000,0.000000,-0.000000,0.000000,0.000000,0.000000,0.000000,0.000000,0.000000
1315,1.315000,14,candle_1,candle,-0.500000,0.075000,0.450000,1.000000,0.000000,0.000000,-0.000000,0.000000,0.000000,0.000000,0.000000,0.000000,0.000000
1315,1.315000,15,candle_2,candle,0.500000,0.075000,-0.450000,1.000000,0.000000,0.000000,-0.000000,0.000000,0.000000,0.000000,0.000000,0.000000,0.000000
1315,1.315000,16,candle_3,candle,0.500000,0.075000,0.450000,1.000000,0.000000,0.000000,-0.000000,0.000000,0.000000,0.000000,0.000000,0.000000,0.000000
1315,1.315000,17,pot,pot,0.000000,0.095000,0.000000,1.000000,0.000000,0.000000,-0.000000,0.000000,0.000000,0.000000,0.000000,0.000000,0.000000
1320,1.320000,1,plate_0,plate,-0.320000,0.040000,-0.280000,1.000000,0.000000,0.000000,-0.000000,0.000000,0.000000,0.000000,0.000000,0.000000,0.000000
1320,1.320000,2,fork_0,fork,-0.450000,0.035000,-0.280000,0.707107,0.000000,0.707107,0.000000,0.000000,0.000000,0.000000,0.000000,0.000000,0.000000
1320,1.320000,3,knife_0,knife,-0.190000,0.035000,-0.280000,0.707107,0.000000,0.707107,0.000000,0.000000,0.000000,0.000000,0.000000,0.000000,0.000000
1320,1.320000,4,plate_1,plate,-0.320000,0.040000,0.280000,1.000000,0.000000,0.000000,-0.000000,0.000000,0.000000,0.000000,0.000000,0.000000,0.000000
1320,1.320000,5,fork_1,fork,-0.190000,0.035000,0.280000,0.707107,0.000000,0.707107,0.000000,0.000000,0.000000,0.000000,0.000000,0.000000,0.000000
1320,1.320000,6,knife_1,knife,-0.450000,0.035000,0.280000,0.707107,0.000000,0.707107,0.000000,0.000000,0.000000,0.000000,0.000000,0.000000,0.000000
1320,1.320000,7,plate_2,plate,0.320000,0.040000,-0.280000,1.000000,0.000000,0.000000,-0.000000,0.000000,0.000000,0.000000,0.000000,0.000000,0.000000
1320,1.320000,8,fork_2,fork,0.190000,0.035000,-0.280000,0.707107,0.000000,0.707107,0.000000,0.000000,0.000000,0.000000,0.000000,0.000000,0.000000
1320,1.320000,9,knife_2,knife,0.450000,0.035000,-0.280000,0.707107,0.000000,0.707107,0.000000,0.000000,0.000000,0.000000,0.000000,0.000000,0.000000
1320,1.320000,10,plate_3,plate,0.320000,0.040000,0.280000,1.000000,0.000000,0.000000,-0.000000,0.000000,0.000000,0.000000,0.000000,0.000000,0.000000
1320,1.320000,11,fork_3,fork,0.450000,0.035000,0.280000,0.707107,0.000000,0.707107,0.000000,0.000000,0.000000,0.000000,0.000000,0.000000,0.000000
1320,1.320000,12,knife_3,knife,0.190000,0.035000,0.280000,0.707107,0.000000,0.707107,0.000000,0.000000,0.000000,0.000000,0.000000,0.000000,0.000000
1320,1.320000,13,candle_0,candle,-0.500000,0.075000,-0.450000,1.000000,0.000000,0.000000,-0.000000,0.000000,0.000000,0.000000,0.000000,0.000000,0.000000
1320,1.320000,14,candle_1,candle,-0.500000,0.075000,0.450000,1.000000,0.000000,0.000000,-0.000000,0.000000,0.000000,0.000000,0.000000,0.000000,0.000000
1320,1.320000,15,candle_2,candle,0.500000,0.075000,-0.450000,1.000000,0.000000,0.000000,-0.000000,0.000000,0.000000,0.000000,0.000000,0.000000,0.000000
1320,1.320000,16,candle_3,candle,0.500000,0.075000,0.450000,1.000000,0.000000,0.000000,-0.000000,0.000000,0.000000,0.000000,0.000000,0.000000,0.000000
1320,1.320000,17,pot,pot,0.000000,0.095000,0.000000,1.000000,0.000000,0.000000,-0.000000,0.000000,0.000000,0.000000,0.000000,0.000000,0.000000
1325,1.325000,1,plate_0,plate,-0.320000,0.040000,-0.280000,1.000000,0.000000,0.000000,-0.000000,0.000000,0.000000,0.000000,0.000000,0.000000,0.000000
1325,1.325000,2,fork_0,fork,-0.450000,0.035000,-0.280000,0.707107,0.000000,0.707107,0.000000,0.000000,0.000000,0.000000,0.000000,0.000000,0.000000
1325,1.325000,3,knife_0,knife,-0.190000,0.035000,-0.280000,0.707107,0.000000,0.707107,0.000000,0.000000,0.000000,0.000000,0.000000,0.000000,0.000000
1325,1.325000,4,plate_1,plate,-0.320000,0.040000,0.280000,1.000000,0.000000,0.000000,-0.000000,0.000000,0.000000,0.000000,0.000000,0.000000,0.000000
1325,1.325000,5,fork_1,fork,-0.190000,0.035000,0.280000,0.707107,0.000000,0.707107,0.000000,0.000000,0.000000,0.000000,0.000000,0.000000,0.000000
1325,1.325000,6,knife_1,knife,-0.450000,0.035000,0.280000,0.707107,0.000000,0.707107,0.000000,0.000000,0.000000,0.000000,0.000000,0.000000,0.000000
1325,1.325000,7,plate_2,plate,0.320000,0.040000,-0.280000,1.000000,0.000000,0.000000,-0.000000,0.000000,0.000000,0.000000,0.000000,0.000000,0.000000
1325,1.325000,8,fork_2,fork,0.190000,0.035000,-0.280000,0.707107,0.000000,0.707107,0.000000,0.000000,0.000000,0.000000,0.000000,0.000000,0.000000
1325,1.325000,9,knife_2,knife,0.450000,0.035000,-0.280000,0.707107,0.000000,0.707107,0.000000,0.000000,0.000000,0.000000,0.000000,0.000000,0.000000
1325,1.325000,10,plate_3,plate,0.320000,0.040000,0.280000,1.000000,0.000000,0.000000,-0.000000,0.000000,0.000000,0.000000,0.000000,0.000000,0.000000
1325,1.325000,11,fork_3,fork,0.450000,0.035000,0.280000,0.707107,0.000000,0.707107,0.000000,0.000000,0.000000,0.000000,0.000000,0.000000,0.000000
1325,1.325000,12,knife_3,knife,0.190000,0.035000,0.280000,0.707107,0.000000,0.707107,0.000000,0.000000,0.000000,0.000000,0.000000,0.000000,0.000000
1325,1.325000,13,candle_0,candle,-0.500000,0.075000,-0.450000,1.000000,0.000000,0.000000,-0.000000,0.000000,0.000000,0.000000,0.000000,0.000000,0.000000
1325,1.325000,14,candle_1,candle,-0.500000,0.075000,0.450000,1.000000,0.000000,0.000000,-0.000000,0.000000,0.000000,0.000000,0.000000,0.000000,0.000000
1325,1.325000,15,candle_2,candle,0.500000,0.075000,-0.450000,1.000000,0.000000,0.000000,-0.000000,0.000000,0.000000,0.000000,0.000000,0.000000,0.000000
1325,1.325000,16,candle_3,candle,0.500000,0.075000,0.450000,1.000000,0.000000,0.000000,-0.000000,0.000000,0.000000,0.000000,0.000000,0.000000,0.000000
1325,1.325000,17,pot,pot,0.000000,0.095000,0.000000,1.000000,0.000000,0.000000,-0.000000,0.000000,0.000000,0.000000,0.000000,0.000000,0.000000
1330,1.330000,1,plate_0,plate,-0.320000,0.040000,-0.280000,1.000000,0.000000,0.000000,-0.000000,0.000000,0.000000,0.000000,0.000000,0.000000,0.000000
1330,1.330000,2,fork_0,fork,-0.450000,0.035000,-0.280000,0.707107,0.000000,0.707107,0.000000,0.000000,0.000000,0.000000,0.000000,0.000000,0.000000
1330,1.330000,3,knife_0,knife,-0.190000,0.035000,-0.280000,0.707107,0.000000,0.707107,0.000000,0.000000,0.000000,0.000000,0.000000,0.000000,0.000000
1330,1.330000,4,plate_1,plate,-0.320000,0.040000,0.280000,1.000000,0.000000,0.000000,-0.000000,0.000000,0.000000,0.000000,0.000000,0.000000,0.000000
1330,1.330000,5,fork_1,fork,-0.190000,0.035000,0.280000,0.707107,0.000000,0.707107,0.000000,0.000000,0.000000,0.000000,0.000000,0.000000,0.000000
1330,1.330000,6,knife_1,knife,-0.450000,0.035000,0.280000,0.707107,0.000000,0.707107,0.000000,0.000000,0.000000,0.000000,0.000000,0.000000,0.000000
1330,1.330000,7,plate_2,plate,0.320000,0.040000,-0.280000,1.000000,0.000000,0.000000,-0.000000,0.000000,0.000000,0.000000,0.000000,0.000000,0.000000
1330,1.330000,8,fork_2,fork,0.190000,0.035000,-0.280000,0.707107,0.000000,0.707107,0.000000,0.000000,0.000000,0.000000,0.000000,0.000000,0.000000
1330,1.330000,9,knife_2,knife,0.450000,0.035000,-0.280000,0.707107,0.000000,0.707107,0.000000,0.000000,0.000000,0.000000,0.000000,0.000000,0.000000
1330,1.330000,10,plate_3,plate,0.320000,0.040000,0.280000,1.000000,0.000000,0.000000,-0.000000,0.000000,0.000000,0.000000,0.000000,0.000000,0.000000
1330,1.330000,11,fork_3,fork,0.450000,0.035000,0.280000,0.707107,0.000000,0.707107,0.000000,0.000000,0.000000,0.000000,0.000000,0.000000,0.000000
1330,1.330000,12,knife_3,knife,0.190000,0.035000,0.280000,0.707107,0.000000,0.707107,0.000000,0.000000,0.000000,0.000000,0.000000,0.000000,0.000000
1330,1.330000,13,candle_0,candle,-0.500000,0.075000,-0.450000,1.000000,0.000000,0.000000,-0.000000,0.000000,0.000000,0.000000,0.000000,0.000000,0.000000
1330,1.330000,14,candle_1,candle,-0.500000,0.075000,0.450000,1.000000,0.000000,0.000000,-0.000000,0.000000,0.000000,0.000000,0.000000,0.000000,0.000000
1330,1.330000,15,candle_2,candle,0.500000,0.075000,-0.450000,1.000000,0.000000,0.000000,-0.000000,0.000000,0.000000,0.000000,0.000000,0.000000,0.000000
1330,1.330000,16,candle_3,candle,0.500000,0.075000,0.450000,1.000000,0.000000,0.000000,-0.000000,0.000000,0.000000,0.000000,0.000000,0.000000,0.000000
1330,1.330000,17,pot,pot,0.000000,0.095000,0.000000,1.000000,0.000000,0.000000,-0.000000,0.000000,0.000000,0.000000,0.000000,0.000000,0.000000
1335,1.335000,1,plate_0,plate,-0.320000,0.040000,-0.280000,1.000000,0.000000,0.000000,-0.000000,0.000000,0.000000,0.000000,0.000000,0.000000,0.000000
1335,1.335000,2,fork_0,fork,-0.450000,0.035000,-0.280000,0.707107,0.000000,0.707107,0.000000,0.000000,0.000000,0.000000,0.000000,0.000000,0.000000
1335,1.335000,3,knife_0,knife,-0.190000,0.035000,-0.280000,0.707107,0.000000,0.707107,0.000000,0.000000,0.000000,0.000000,0.000000,0.000000,0.000000
1335,1.335000,4,plate_1,plate,-0.320000,0.040000,0.280000,1.000000,0.000000,0.000000,-0.000000,0.000000,0.000000,0.000000,0.000000,0.000000,0.000000
1335,1.335000,5,fork_1,fork,-0.190000,0.035000,0.280000,0.707107,0.000000,0.707107,0.000000,0.000000,0.000000,0.000000,0.000000,0.000000,0.000000
1335,1.335000,6,knife_1,knife,-0.450000,0.035000,0.280000,0.707107,0.000000,0.707107,0.000000,0.000000,0.000000,0.000000,0.000000,0.000000,0.000000
1335,1.335000,7,plate_2,plate,0.320000,0.040000,-0.280000,1.000000,0.000000,0.000000,-0.000000,0.000000,0.000000,0.000000,0.000000,0.000000,0.000000
1335,1.335000,8,fork_2,fork,0.190000,0.035000,-0.280000,0.707107,0.000000,0.707107,0.000000,0.000000,0.000000,0.000000,0.000000,0.000000,0.000000
1335,1.335000,9,knife_2,knife,0.450000,0.035000,-0.280000,0.707107,0.000000,0.707107,0.000000,0.000000,0.000000,0.000000,0.000000,0.000000,0.000000
1335,1.335000,10,plate_3,plate,0.320000,0.040000,0.280000,1.000000,0.000000,0.000000,-0.000000,0.000000,0.000000,0.000000,0.000000,0.000000,0.000000
1335,1.335000,11,fork_3,fork,0.450000,0.035000,0.280000,0.707107,0.000000,0.707107,0.000000,0.000000,0.000000,0.000000,0.000000,0.000000,0.000000
1335,1.335000,12,knife_3,knife,0.190000,0.035000,0.280000,0.707107,0.000000,0.707107,0.000000,0.000000,0.000000,0.000000,0.000000,0.000000,0.000000
1335,1.335000,13,candle_0,candle,-0.500000,0.075000,-0.450000,1.000000,0.000000,0.000000,-0.000000,0.000000,0.000000,0.000000,0.000000,0.000000,0.000000
1335,1.335000,14,candle_1,candle,-0.500000,0.075000,0.450000,1.000000,0.000000,0.000000,-0.000000,0.000000,0.000000,0.000000,0.000000,0.000000,0.000000
1335,1.335000,15,candle_2,candle,0.500000,0.075000,-0.450000,1.000000,0.000000,0.000000,-0.000000,0.000000,0.000000,0.000000,0.000000,0.000000,0.000000
1335,1.335000,16,candle_3,candle,0.500000,0.075000,0.450000,1.000000,0.000000,0.000000,-0.000000,0.000000,0.000000,0.000000,0.000000,0.000000,0.000000
1335,1.335000,17,pot,pot,0.000000,0.095000,0.000000,1.000000,0.000000,0.000000,-0.000000,0.000000,0.000000,0.000000,0.000000,0.000000,0.000000
1340,1.340000,1,plate_0,plate,-0.320000,0.040000,-0.280000,1.000000,0.000000,0.000000,-0.000000,0.000000,0.000000,0.000000,0.000000,0.000000,0.000000
1340,1.340000,2,fork_0,fork,-0.450000,0.035000,-0.280000,0.707107,0.000000,0.707107,0.000000,0.000000,0.000000,0.000000,0.000000,0.000000,0.000000
1340,1.340000,3,knife_0,knife,-0.190000,0.035000,-0.280000,0.707107,0.000000,0.707107,0.000000,0.000000,0.000000,0.000000,0.000000,0.000000,0.000000
1340,1.340000,4,plate_1,plate,-0.320000,0.040000,0.280000,1.000000,0.000000,0.000000,-0.000000,0.000000,0.000000,0.000000,0.000000,0.000000,0.000000
1340,1.340000,5,fork_1,fork,-0.190000,0.035000,0.280000,0.707107,0.000000,0.707107,0.000000,0.000000,0.000000,0.000000,0.000000,0.000000,0.000000
1340,1.340000,6,knife_1,knife,-0.450000,0.035000,0.280000,0.707107,0.000000,0.707107,0.000000,0.000000,0.000000,0.000000,0.000000,0.000000,0.000000
1340,1.340000,7,plate_2,plate,0.320000,0.040000,-0.280000,1.000000,0.000000,0.000000,-0.000000,0.000000,0.000000,0.000000,0.000000,0.000000,0.000000
1340,1.340000,8,fork_2,fork,0.190000,0.035000,-0.280000,0.707107,0.000000,0.707107,0.000000,0.000000,0.000000,0.000000,0.000000,0.000000,0.000000
1340,1.340000,9,knife_2,knife,0.450000,0.035000,-0.280000,0.707107,0.000000,0.707107,0.000000,0.000000,0.000000,0.000000,0.000000,0.000000,0.000000
1340,1.340000,10,plate_3,plate,0.320000,0.040000,0.280000,1.000000,0.000000,0.000000,-0.000000,0.000000,0.000000,0.000000,0.000000,0.000000,0.000000
1340,1.340000,11,fork_3,fork,0.450000,0.035000,0.280000,0.707107,0.000000,0.707107,0.000000,0.000000,0.000000,0.000000,0.000000,0.000000,0.000000
1340,1.340000,12,knife_3,knife,0.190000,0.035000,0.280000,0.707107,0.000000,0.707107,0.000000,0.000000,0.000000,0.000000,0.000000,0.000000,0.000000
1340,1.340000,13,candle_0,candle,-0.500000,0.075000,-0.450000,1.000000,0.000000,0.000000,-0.000000,0.000000,0.000000,0.000000,0.000000,0.000000,0.000000
1340,1.340000,14,candle_1,candle,-0.500000,0.075000,0.450000,1.000000,0.000000,0.000000,-0.000000,0.000000,0.000000,0.000000,0.000000,0.000000,0.000000
1340,1.340000,15,candle_2,candle,0.500000,0.075000,-0.450000,1.000000,0.000000,0.000000,-0.000000,0.000000,0.000000,0.000000,0.000000,0.000000,0.000000
1340,1.340000,16,candle_3,candle,0.500000,0.075000,0.450000,1.000000,0.000000,0.000000,-0.000000,0.000000,0.000000,0.000000,0.000000,0.000000,0.000000
1340,1.340000,17,pot,pot,0.000000,0.095000,0.000000,1.000000,0.000000,0.000000,-0.000000,0.000000,0.000000,0.000000,0.000000,0.000000,0.000000
1345,1.345000,1,plate_0,plate,-0.320000,0.040000,-0.280000,1.000000,0.000000,0.000000,-0.000000,0.000000,0.000000,0.000000,0.000000,0.000000,0.000000
1345,1.345000,2,fork_0,fork,-0.450000,0.035000,-0.280000,0.707107,0.000000,0.707107,0.000000,0.000000,0.000000,0.000000,0.000000,0.000000,0.000000
1345,1.345000,3,knife_0,knife,-0.190000,0.035000,-0.280000,0.707107,0.000000,0.707107,0.000000,0.000000,0.000000,0.000000,0.000000,0.000000,0.000000
1345,1.345000,4,plate_1,plate,-0.320000,0.040000,0.280000,1.000000,0.000000,0.000000,-0.000000,0.000000,0.000000,0.000000,0.000000,0.000000,0.000000
1345,1.345000,5,fork_1,fork,-0.190000,0.035000,0.280000,0.707107,0.000000,0.707107,0.000000,0.000000,0.000000,0.000000,0.000000,0.000000,0.000000
1345,1.345000,6,knife_1,knife,-0.450000,0.035000,0.280000,0.707107,0.000000,0.707107,0.000000,0.000000,0.000000,0.000000,0.000000,0.000000,0.000000
1345,1.345000,7,plate_2,plate,0.320000,0.040000,-0.280000,1.000000,0.000000,0.000000,-0.000000,0.000000,0.000000,0.000000,0.000000,0.000000,0.000000
1345,1.345000,8,fork_2,fork,0.190000,0.035000,-0.280000,0.707107,0.000000,0.707107,0.000000,0.000000,0.000000,0.000000,0.000000,0.000000,0.000000
1345,1.345000,9,knife_2,knife,0.450000,0.035000,-0.280000,0.707107,0.000000,0.707107,0.000000,0.000000,0.000000,0.000000,0.000000,0.000000,0.000000
1345,1.345000,10,plate_3,plate,0.320000,0.040000,0.280000,1.000000,0.000000,0.000000,-0.000000,0.000000,0.000000,0.000000,0.000000,0.000000,0.000000
1345,1.345000,11,fork_3,fork,0.450000,0.035000,0.280000,0.707107,0.000000,0.707107,0.000000,0.000000,0.000000,0.000000,0.000000,0.000000,0.000000
1345,1.345000,12,knife_3,knife,0.190000,0.035000,0.280000,0.707107,0.000000,0.707107,0.000000,0.000000,0.000000,0.000000,0.000000,0.000000,0.000000
1345,1.345000,13,candle_0,candle,-0.500000,0.075000,-0.450000,1.000000,0.000000,0.000000,-0.000000,0.000000,0.000000,0.000000,0.000000,0.000000,0.000000
1345,1.345000,14,candle_1,candle,-0.500000,0.075000,0.450000,1.000000,0.000000,0.000000,-0.000000,0.000000,0.000000,0.000000,0.000000,0.000000,0.000000
1345,1.345000,15,candle_2,candle,0.500000,0.075000,-0.450000,1.000000,0.000000,0.000000,-0.000000,0.000000,0.000000,0.000000,0.000000,0.000000,0.000000
1345,1.345000,16,candle_3,candle,0.500000,0.075000,0.450000,1.000000,0.000000,0.000000,-0.000000,0.000000,0.000000,0.000000,0.000000,0.000000,0.000000
1345,1.345000,17,pot,pot,0.000000,0.095000,0.000000,1.000000,0.000000,0.000000,-0.000000,0.000000,0.000000,0.000000,0.000000,0.000000,0.000000
1350,1.350000,1,plate_0,plate,-0.320000,0.040000,-0.280000,1.000000,0.000000,0.000000,-0.000000,0.000000,0.000000,0.000000,0.000000,0.000000,0.000000
1350,1.350000,2,fork_0,fork,-0.450000,0.035000,-0.280000,0.707107,0.000000,0.707107,0.000000,0.000000,0.000000,0.000000,0.000000,0.000000,0.000000
1350,1.350000,3,knife_0,knife,-0.190000,0.035000,-0.280000,0.707107,0.000000,0.707107,0.000000,0.000000,0.000000,0.000000,0.000000,0.000000,0.000000
1350,1.350000,4,plate_1,plate,-0.320000,0.040000,0.280000,1.000000,0.000000,0.000000,-0.000000,0.000000,0.000000,0.000000,0.000000,0.000000,0.000000
1350,1.350000,5,fork_1,fork,-0.190000,0.035000,0.280000,0.707107,0.000000,0.707107,0.000000,0.000000,0.000000,0.000000,0.000000,0.000000,0.000000
1350,1.350000,6,knife_1,knife,-0.450000,0.035000,0.280000,0.707107,0.000000,0.707107,0.000000,0.000000,0.000000,0.000000,0.000000,0.000000,0.000000
1350,1.350000,7,plate_2,plate,0.320000,0.040000,-0.280000,1.000000,0.000000,0.000000,-0.000000,0.000000,0.000000,0.000000,0.000000,0.000000,0.000000
1350,1.350000,8,fork_2,fork,0.190000,0.035000,-0.280000,0.707107,0.000000,0.707107,0.000000,0.000000,0.000000,0.000000,0.000000,0.000000,0.000000
1350,1.350000,9,knife_2,knife,0.450000,0.035000,-0.280000,0.707107,0.000000,0.707107,0.000000,0.000000,0.000000,0.000000,0.000000,0.000000,0.000000
1350,1.350000,10,plate_3,plate,0.320000,0.040000,0.280000,1.000000,0.000000,0.000000,-0.000000,0.000000,0.000000,0.000000,0.000000,0.000000,0.000000
1350,1.350000,11,fork_3,fork,0.450000,0.035000,0.280000,0.707107,0.000000,0.707107,0.000000,0.000000,0.000000,0.000000,0.000000,0.000000,0.000000
1350,1.350000,12,knife_3,knife,0.190000,0.035000,0.280000,0.707107,0.000000,0.707107,0.000000,0.000000,0.000000,0.000000,0.000000,0.000000,0.000000
1350,1.350000,13,candle_0,candle,-0.500000,0.075000,-0.450000,1.000000,0.000000,0.000000,-0.000000,0.000000,0.000000,0.000000,0.000000,0.000000,0.000000
1350,1.350000,14,candle_1,candle,-0.500000,0.075000,0.450000,1.000000,0.000000,0.000000,-0.000000,0.000000,0.000000,0.000000,0.000000,0.000000,0.000000
1350,1.350000,15,candle_2,candle,0.500000,0.075000,-0.450000,1.000000,0.000000,0.000000,-0.000000,0.000000,0.000000,0.000000,0.000000,0.000000,0.000000
1350,1.350000,16,candle_3,candle,0.500000,0.075000,0.450000,1.000000,0.000000,0.000000,-0.000000,0.000000,0.000000,0.000000,0.000000,0.000000,0.000000
1350,1.350000,17,pot,pot,0.000000,0.095000,0.000000,1.000000,0.000000,0.000000,-0.000000,0.000000,0.000000,0.000000,0.000000,0.000000,0.000000
1355,1.355000,1,plate_0,plate,-0.320000,0.040000,-0.280000,1.000000,0.000000,0.000000,-0.000000,0.000000,0.000000,0.000000,0.000000,0.000000,0.000000
1355,1.355000,2,fork_0,fork,-0.450000,0.035000,-0.280000,0.707107,0.000000,0.707107,0.000000,0.000000,0.000000,0.000000,0.000000,0.000000,0.000000
1355,1.355000,3,knife_0,knife,-0.190000,0.035000,-0.280000,0.707107,0.000000,0.707107,0.000000,0.000000,0.000000,0.000000,0.000000,0.000000,0.000000
1355,1.355000,4,plate_1,plate,-0.320000,0.040000,0.280000,1.000000,0.000000,0.000000,-0.000000,0.000000,0.000000,0.000000,0.000000,0.000000,0.000000
1355,1.355000,5,fork_1,fork,-0.190000,0.035000,0.280000,0.707107,0.000000,0.707107,0.000000,0.000000,0.000000,0.000000,0.000000,0.000000,0.000000
1355,1.355000,6,knife_1,knife,-0.450000,0.035000,0.280000,0.707107,0.000000,0.707107,0.000000,0.000000,0.000000,0.000000,0.000000,0.000000,0.000000
1355,1.355000,7,plate_2,plate,0.320000,0.040000,-0.280000,1.000000,0.000000,0.000000,-0.000000,0.000000,0.000000,0.000000,0.000000,0.000000,0.000000
1355,1.355000,8,fork_2,fork,0.190000,0.035000,-0.280000,0.707107,0.000000,0.707107,0.000000,0.000000,0.000000,0.000000,0.000000,0.000000,0.000000
1355,1.355000,9,knife_2,knife,0.450000,0.035000,-0.280000,0.707107,0.000000,0.707107,0.000000,0.000000,0.000000,0.000000,0.000000,0.000000,0.000000
1355,1.355000,10,plate_3,plate,0.320000,0.040000,0.280000,1.000000,0.000000,0.000000,-0.000000,0.000000,0.000000,0.000000,0.000000,0.000000,0.000000
1355,1.355000,11,fork_3,fork,0.450000,0.035000,0.280000,0.707107,0.000000,0.707107,0.000000,0.000000,0.000000,0.000000,0.000000,0.000000,0.000000
1355,1.355000,12,knife_3,knife,0.190000,0.035000,0.280000,0.707107,0.000000,0.707107,0.000000,0.000000,0.000000,0.000000,0.000000,0.000000,0.000000
1355,1.355000,13,candle_0,candle,-0.500000,0.075000,-0.450000,1.000000,0.000000,0.000000,-0.000000,0.000000,0.000000,0.000000,0.000000,0.000000,0.000000
1355,1.355000,14,candle_1,candle,-0.500000,0.075000,0.450000,1.000000,0.000000,0.000000,-0.000000,0.000000,0.000000,0.000000,0.000000,0.000000,0.000000
1355,1.355000,15,candle_2,candle,0.500000,0.075000,-0.450000,1.000000,0.000000,0.000000,-0.000000,0.000000,0.000000,0.000000,0.000000,0.000000,0.000000
1355,1.355000,16,candle_3,candle,0.500000,0.075000,0.450000,1.000000,0.000000,0.000000,-0.000000,0.000000,0.000000,0.000000,0.000000,0.000000,0.000000
1355,1.355000,17,pot,pot,0.000000,0.095000,0.000000,1.000000,0.000000,0.000000,-0.000000,0.000000,0.000000,0.000000,0.000000,0.000000,0.000000
1360,1.360000,1,plate_0,plate,-0.320000,0.040000,-0.280000,1.000000,0.000000,0.000000,-0.000000,0.000000,0.000000,0.000000,0.000000,0.000000,0.000000
1360,1.360000,2,fork_0,fork,-0.450000,0.035000,-0.280000,0.707107,0.000000,0.707107,0.000000,0.000000,0.000000,0.000000,0.000000,0.000000,0.000000
1360,1.360000,3,knife_0,knife,-0.190000,0.035000,-0.280000,0.707107,0.000000,0.707107,0.000000,0.000000,0.000000,0.000000,0.000000,0.000000,0.000000
1360,1.360000,4,plate_1,plate,-0.320000,0.040000,0.280000,1.000000,0.000000,0.000000,-0.000000,0.000000,0.000000,0.000000,0.000000,0.000000,0.000000
1360,1.360000,5,fork_1,fork,-0.190000,0.035000,0.280000,0.707107,0.000000,0.707107,0.000000,0.000000,0.000000,0.000000,0.000000,0.000000,0.000000
1360,1.360000,6,knife_1,knife,-0.450000,0.035000,0.280000,0.707107,0.000000,0.707107,0.000000,0.000000,0.000000,0.000000,0.000000,0.000000,0.000000
1360,1.360000,7,plate_2,plate,0.320000,0.040000,-0.280000,1.000000,0.000000,0.000000,-0.000000,0.000000,0.000000,0.000000,0.000000,0.000000,0.000000
1360,1.360000,8,fork_2,fork,0.190000,0.035000,-0.280000,0.707107,0.000000,0.707107,0.000000,0.000000,0.000000,0.000000,0.000000,0.000000,0.000000
1360,1.360000,9,knife_2,knife,0.450000,0.035000,-0.280000,0.707107,0.000000,0.707107,0.000000,0.000000,0.000000,0.000000,0.000000,0.000000,0.000000
1360,1.360000,10,plate_3,plate,0.320000,0.040000,0.280000,1.000000,0.000000,0.000000,-0.000000,0.000000,0.000000,0.000000,0.000000,0.000000,0.000000
1360,1.360000,11,fork_3,fork,0.450000,0.035000,0.280000,0.707107,0.000000,0.707107,0.000000,0.000000,0.000000,0.000000,0.000000,0.000000,0.000000
1360,1.360000,12,knife_3,knife,0.190000,0.035000,0.280000,0.707107,0.000000,0.707107,0.000000,0.000000,0.000000,0.000000,0.000000,0.000000,0.000000
1360,1.360000,13,candle_0,candle,-0.500000,0.075000,-0.450000,1.000000,0.000000,0.000000,-0.000000,0.000000,0.000000,0.000000,0.000000,0.000000,0.000000
1360,1.360000,14,candle_1,candle,-0.500000,0.075000,0.450000,1.000000,0.000000,0.000000,-0.000000,0.000000,0.000000,0.000000,0.000000,0.000000,0.000000
1360,1.360000,15,candle_2,candle,0.500000,0.075000,-0.450000,1.000000,0.000000,0.000000,-0.000000,0.000000,0.000000,0.000000,0.000000,0.000000,0.000000
1360,1.360000,16,candle_3,candle,0.500000,0.075000,0.450000,1.000000,0.000000,0.000000,-0.000000,0.000000,0.000000,0.000000,0.000000,0.000000,0.000000
1360,1.360000,17,pot,pot,0.000000,0.095000,0.000000,1.000000,0.000000,0.000000,-0.000000,0.000000,0.000000,0.000000,0.000000,0.000000,0.000000
1365,1.365000,1,plate_0,plate,-0.320000,0.040000,-0.280000,1.000000,0.000000,0.000000,-0.000000,0.000000,0.000000,0.000000,0.000000,0.000000,0.000000
1365,1.365000,2,fork_0,fork,-0.450000,0.035000,-0.280000,0.707107,0.000000,0.707107,0.000000,0.000000,0.000000,0.000000,0.000000,0.000000,0.000000
1365,1.365000,3,knife_0,knife,-0.190000,0.035000,-0.280000,0.707107,0.000000,0.707107,0.000000,0.000000,0.000000,0.000000,0.000000,0.000000,0.000000
1365,1.365000,4,plate_1,plate,-0.320000,0.040000,0.280000,1.000000,0.000000,0.000000,-0.000000,0.000000,0.000000,0.000000,0.000000,0.000000,0.000000
1365,1.365000,5,fork_1,fork,-0.190000,0.035000,0.280000,0.707107,0.000000,0.707107,0.000000,0.000000,0.000000,0.000000,0.000000,0.000000,0.000000
1365,1.365000,6,knife_1,knife,-0.450000,0.035000,0.280000,0.707107,0.000000,0.707107,0.000000,0.000000,0.000000,0.000000,0.000000,0.000000,0.000000
1365,1.365000,7,plate_2,plate,0.320000,0.040000,-0.280000,1.000000,0.000000,0.000000,-0.000000,0.000000,0.000000,0.000000,0.000000,0.000000,0.000000
1365,1.365000,8,fork_2,fork,0.190000,0.035000,-0.280000,0.707107,0.000000,0.707107,0.000000,0.000000,0.000000,0.000000,0.000000,0.000000,0.000000
1365,1.365000,9,knife_2,knife,0.450000,0.035000,-0.280000,0.707107,0.000000,0.707107,0.000000,0.000000,0.000000,0.000000,0.000000,0.000000,0.000000
1365,1.365000,10,plate_3,plate,0.320000,0.040000,0.280000,1.000000,0.000000,0.000000,-0.000000,0.000000,0.000000,0.000000,0.000000,0.000000,0.000000
1365,1.365000,11,fork_3,fork,0.450000,0.035000,0.280000,0.707107,0.000000,0.707107,0.000000,0.000000,0.000000,0.000000,0.000000,0.000000,0.000000
1365,1.365000,12,knife_3,knife,0.190000,0.035000,0.280000,0.707107,0.000000,0.707107,0.000000,0.000000,0.000000,0.000000,0.000000,0.000000,0.000000
1365,1.365000,13,candle_0,candle,-0.500000,0.075000,-0.450000,1.000000,0.000000,0.000000,-0.000000,0.000000,0.000000,0.000000,0.000000,0.000000,0.000000
1365,1.365000,14,candle_1,candle,-0.500000,0.075000,0.450000,1.000000,0.000000,0.000000,-0.000000,0.000000,0.000000,0.000000,0.000000,0.000000,0.000000
1365,1.365000,15,candle_2,candle,0.500000,0.075000,-0.450000,1.000000,0.000000,0.000000,-0.000000,0.000000,0.000000,0.000000,0.000000,0.000000,0.000000
1365,1.365000,16,candle_3,candle,0.500000,0.075000,0.450000,1.000000,0.000000,0.000000,-0.000000,0.000000,0.000000,0.000000,0.000000,0.000000,0.000000
1365,1.365000,17,pot,pot,0.000000,0.095000,0.000000,1.000000,0.000000,0.000000,-0.000000,0.000000,0.000000,0.000000,0.000000,0.000000,0.000000
1370,1.370000,1,plate_0,plate,-0.320000,0.040000,-0.280000,1.000000,0.000000,0.000000,-0.000000,0.000000,0.000000,0.000000,0.000000,0.000000,0.000000
1370,1.370000,2,fork_0,fork,-0.450000,0.035000,-0.280000,0.707107,0.000000,0.707107,0.000000,0.000000,0.000000,0.000000,0.000000,0.000000,0.000000
1370,1.370000,3,knife_0,knife,-0.190000,0.035000,-0.280000,0.707107,0.000000,0.707107,0.000000,0.000000,0.000000,0.000000,0.000000,0.000000,0.000000
1370,1.370000,4,plate_1,plate,-0.320000,0.040000,0.280000,1.000000,0.000000,0.000000,-0.000000,0.000000,0.000000,0.000000,0.000000,0.000000,0.000000
1370,1.370000,5,fork_1,fork,-0.190000,0.035000,0.280000,0.707107,0.000000,0.707107,0.000000,0.000000,0.000000,0.000000,0.000000,0.000000,0.000000
1370,1.370000,6,knife_1,knife,-0.450000,0.035000,0.280000,0.707107,0.000000,0.707107,0.000000,0.000000,0.000000,0.000000,0.000000,0.000000,0.000000
1370,1.370000,7,plate_2,plate,0.320000,0.040000,-0.280000,1.000000,0.000000,0.000000,-0.000000,0.000000,0.000000,0.000000,0.000000,0.000000,0.000000
1370,1.370000,8,fork_2,fork,0.190000,0.035000,-0.280000,0.707107,0.000000,0.707107,0.000000,0.000000,0.000000,0.000000,0.000000,0.000000,0.000000
1370,1.370000,9,knife_2,knife,0.450000,0.035000,-0.280000,0.707107,0.000000,0.707107,0.000000,0.000000,0.000000,0.000000,0.000000,0.000000,0.000000
1370,1.370000,10,plate_3,plate,0.320000,0.040000,0.280000,1.000000,0.000000,0.000000,-0.000000,0.000000,0.000000,0.000000,0.000000,0.000000,0.000000
1370,1.370000,11,fork_3,fork,0.450000,0.035000,0.280000,0.707107,0.000000,0.707107,0.000000,0.000000,0.000000,0.000000,0.000000,0.000000,0.000000
1370,1.370000,12,knife_3,knife,0.190000,0.035000,0.280000,0.707107,0.000000,0.707107,0.000000,0.000000,0.000000,0.000000,0.000000,0.000000,0.000000
1370,1.370000,13,candle_0,candle,-0.500000,0.075000,-0.450000,1.000000,0.000000,0.000000,-0.000000,0.000000,0.000000,0.000000,0.000000,0.000000,0.000000
1370,1.370000,14,candle_1,candle,-0.500000,0.075000,0.450000,1.000000,0.000000,0.000000,-0.000000,0.000000,0.000000,0.000000,0.000000,0.000000,0.000000
1370,1.370000,15,candle_2,candle,0.500000,0.075000,-0.450000,1.000000,0.000000,0.000000,-0.000000,0.000000,0.000000,0.000000,0.000000,0.000000,0.000000
1370,1.370000,16,candle_3,candle,0.500000,0.075000,0.450000,1.000000,0.000000,0.000000,-0.000000,0.000000,0.000000,0.000000,0.000000,0.000000,0.000000
1370,1.370000,17,pot,pot,0.000000,0.095000,0.000000,1.000000,0.000000,0.000000,-0.000000,0.000000,0.000000,0.000000,0.000000,0.000000,0.000000
1375,1.375000,1,plate_0,plate,-0.320000,0.040000,-0.280000,1.000000,0.000000,0.000000,-0.000000,0.000000,0.000000,0.000000,0.000000,0.000000,0.000000
1375,1.375000,2,fork_0,fork,-0.450000,0.035000,-0.280000,0.707107,0.000000,0.707107,0.000000,0.000000,0.000000,0.000000,0.000000,0.000000,0.000000
1375,1.375000,3,knife_0,knife,-0.190000,0.035000,-0.280000,0.707107,0.000000,0.707107,0.000000,0.000000,0.000000,0.000000,0.000000,0.000000,0.000000
1375,1.375000,4,plate_1,plate,-0.320000,0.040000,0.280000,1.000000,0.000000,0.000000,-0.000000,0.000000,0.000000,0.000000,0.000000,0.000000,0.000000
1375,1.375000,5,fork_1,fork,-0.190000,0.035000,0.280000,0.707107,0.000000,0.707107,0.000000,0.000000,0.000000,0.000000,0.000000,0.000000,0.000000
1375,1.375000,6,knife_1,knife,-0.450000,0.035000,0.280000,0.707107,0.000000,0.707107,0.000000,0.000000,0.000000,0.000000,0.000000,0.000000,0.000000
1375,1.375000,7,plate_2,plate,0.320000,0.040000,-0.280000,1.000000,0.000000,0.000000,-0.000000,0.000000,0.000000,0.000000,0.000000,0.000000,0.000000
1375,1.375000,8,fork_2,fork,0.190000,0.035000,-0.280000,0.707107,0.000000,0.707107,0.000000,0.000000,0.000000,0.000000,0.000000,0.000000,0.000000
1375,1.375000,9,knife_2,knife,0.450000,0.035000,-0.280000,0.707107,0.000000,0.707107,0.000000,0.000000,0.000000,0.000000,0.000000,0.000000,0.000000
1375,1.375000,10,plate_3,plate,0.320000,0.040000,0.280000,1.000000,0.000000,0.000000,-0.000000,0.000000,0.000000,0.000000,0.000000,0.000000,0.000000
1375,1.375000,11,fork_3,fork,0.450000,0.035000,0.280000,0.707107,0.000000,0.707107,0.000000,0.000000,0.000000,0.000000,0.000000,0.000000,0.000000
1375,1.375000,12,knife_3,knife,0.190000,0.035000,0.280000,0.707107,0.000000,0.707107,0.000000,0.000000,0.000000,0.000000,0.000000,0.000000,0.000000
1375,1.375000,13,candle_0,candle,-0.500000,0.075000,-0.450000,1.000000,0.000000,0.000000,-0.000000,0.000000,0.000000,0.000000,0.000000,0.000000,0.000000
1375,1.375000,14,candle_1,candle,-0.500000,0.075000,0.450000,1.000000,0.000000,0.000000,-0.000000,0.000000,0.000000,0.000000,0.000000,0.000000,0.000000
1375,1.375000,15,candle_2,candle,0.500000,0.075000,-0.450000,1.000000,0.000000,0.000000,-0.000000,0.000000,0.000000,0.000000,0.000000,0.000000,0.000000
1375,1.375000,16,candle_3,candle,0.500000,0.075000,0.450000,1.000000,0.000000,0.000000,-0.000000,0.000000,0.000000,0.000000,0.000000,0.000000,0.000000
1375,1.375000,17,pot,pot,0.000000,0.095000,0.000000,1.000000,0.000000,0.000000,-0.000000,0.000000,0.000000,0.000000,0.000000,0.000000,0.000000
1380,1.380000,1,plate_0,plate,-0.320000,0.040000,-0.280000,1.000000,0.000000,0.000000,-0.000000,0.000000,0.000000,0.000000,0.000000,0.000000,0.000000
1380,1.380000,2,fork_0,fork,-0.450000,0.035000,-0.280000,0.707107,0.000000,0.707107,0.000000,0.000000,0.000000,0.000000,0.000000,0.000000,0.000000
1380,1.380000,3,knife_0,knife,-0.190000,0.035000,-0.280000,0.707107,0.000000,0.707107,0.000000,0.000000,0.000000,0.000000,0.000000,0.000000,0.000000
1380,1.380000,4,plate_1,plate,-0.320000,0.040000,0.280000,1.000000,0.000000,0.000000,-0.000000,0.000000,0.000000,0.000000,0.000000,0.000000,0.000000
1380,1.380000,5,fork_1,fork,-0.190000,0.035000,0.280000,0.707107,0.000000,0.707107,0.000000,0.000000,0.000000,0.000000,0.000000,0.000000,0.000000
1380,1.380000,6,knife_1,knife,-0.450000,0.035000,0.280000,0.707107,0.000000,0.707107,0.000000,0.000000,0.000000,0.000000,0.000000,0.000000,0.000000
1380,1.380000,7,plate_2,plate,0.320000,0.040000,-0.280000,1.000000,0.000000,0.000000,-0.000000,0.000000,0.000000,0.000000,0.000000,0.000000,0.000000
1380,1.380000,8,fork_2,fork,0.190000,0.035000,-0.280000,0.707107,0.000000,0.707107,0.000000,0.000000,0.000000,0.000000,0.000000,0.000000,0.000000
1380,1.380000,9,knife_2,knife,0.450000,0.035000,-0.280000,0.707107,0.000000,0.707107,0.000000,0.000000,0.000000,0.000000,0.000000,0.000000,0.000000
1380,1.380000,10,plate_3,plate,0.320000,0.040000,0.280000,1.000000,0.000000,0.000000,-0.000000,0.000000,0.000000,0.000000,0.000000,0.000000,0.000000
1380,1.380000,11,fork_3,fork,0.450000,0.035000,0.280000,0.707107,0.000000,0.707107,0.000000,0.000000,0.000000,0.000000,0.000000,0.000000,0.000000
1380,1.380000,12,knife_3,knife,0.190000,0.035000,0.280000,0.707107,0.000000,0.707107,0.000000,0.000000,0.000000,0.000000,0.000000,0.000000,0.000000
1380,1.380000,13,candle_0,candle,-0.500000,0.075000,-0.450000,1.000000,0.000000,0.000000,-0.000000,0.000000,0.000000,0.000000,0.000000,0.000000,0.000000
1380,1.380000,14,candle_1,candle,-0.500000,0.075000,0.450000,1.000000,0.000000,0.000000,-0.000000,0.000000,0.000000,0.000000,0.000000,0.000000,0.000000
1380,1.380000,15,candle_2,candle,0.500000,0.075000,-0.450000,1.000000,0.000000,0.000000,-0.000000,0.000000,0.000000,0.000000,0.000000,0.000000,0.000000
1380,1.380000,16,candle_3,candle,0.500000,0.075000,0.450000,1.000000,0.000000,0.000000,-0.000000,0.000000,0.000000,0.000000,0.000000,0.000000,0.000000
1380,1.380000,17,pot,pot,0.000000,0.095000,0.000000,1.000000,0.000000,0.000000,-0.000000,0.000000,0.000000,0.000000,0.000000,0.000000,0.000000
1385,1.385000,1,plate_0,plate,-0.320000,0.040000,-0.280000,1.000000,0.000000,0.000000,-0.000000,0.000000,0.000000,0.000000,0.000000,0.000000,0.000000
1385,1.385000,2,fork_0,fork,-0.450000,0.035000,-0.280000,0.707107,0.000000,0.707107,0.000000,0.000000,0.000000,0.000000,0.000000,0.000000,0.000000
1385,1.385000,3,knife_0,knife,-0.190000,0.035000,-0.280000,0.707107,0.000000,0.707107,0.000000,0.000000,0.000000,0.000000,0.000000,0.000000,0.000000
1385,1.385000,4,plate_1,plate,-0.320000,0.040000,0.280000,1.000000,0.000000,0.000000,-0.000000,0.000000,0.000000,0.000000,0.000000,0.000000,0.000000
1385,1.385000,5,fork_1,fork,-0.190000,0.035000,0.280000,0.707107,0.000000,0.707107,0.000000,0.000000,0.000000,0.000000,0.000000,0.000000,0.000000
1385,1.385000,6,knife_1,knife,-0.450000,0.035000,0.280000,0.707107,0.000000,0.707107,0.000000,0.000000,0.000000,0.000000,0.000000,0.000000,0.000000
1385,1.385000,7,plate_2,plate,0.320000,0.040000,-0.280000,1.000000,0.000000,0.000000,-0.000000,0.000000,0.000000,0.000000,0.000000,0.000000,0.000000
1385,1.385000,8,fork_2,fork,0.190000,0.035000,-0.280000,0.707107,0.000000,0.707107,0.000000,0.000000,0.000000,0.000000,0.000000,0.000000,0.000000
1385,1.385000,9,knife_2,knife,0.450000,0.035000,-0.280000,0.707107,0.000000,0.707107,0.000000,0.000000,0.000000,0.000000,0.000000,0.000000,0.000000
1385,1.385000,10,plate_3,plate,0.320000,0.040000,0.280000,1.000000,0.000000,0.000000,-0.000000,0.000000,0.000000,0.000000,0.000000,0.000000,0.000000
1385,1.385000,11,fork_3,fork,0.450000,0.035000,0.280000,0.707107,0.000000,0.707107,0.000000,0.000000,0.000000,0.000000,0.000000,0.000000,0.000000
1385,1.385000,12,knife_3,knife,0.190000,0.035000,0.280000,0.707107,0.000000,0.707107,0.000000,0.000000,0.000000,0.000000,0.000000,0.000000,0.000000
1385,1.385000,13,candle_0,candle,-0.500000,0.075000,-0.450000,1.000000,0.000000,0.000000,-0.000000,0.000000,0.000000,0.000000,0.000000,0.000000,0.000000
1385,1.385000,14,candle_1,candle,-0.500000,0.075000,0.450000,1.000000,0.000000,0.000000,-0.000000,0.000000,0.000000,0.000000,0.000000,0.000000,0.000000
1385,1.385000,15,candle_2,candle,0.500000,0.075000,-0.450000,1.000000,0.000000,0.000000,-0.000000,0.000000,0.000000,0.000000,0.000000,0.000000,0.000000
1385,1.385000,16,candle_3,candle,0.500000,0.075000,0.450000,1.000000,0.000000,0.000000,-0.000000,0.000000,0.000000,0.000000,0.000000,0.000000,0.000000
1385,1.385000,17,pot,pot,0.000000,0.095000,0.000000,1.000000,0.000000,0.000000,-0.000000,0.000000,0.000000,0.000000,0.000000,0.000000,0.000000
1390,1.390000,1,plate_0,plate,-0.320000,0.040000,-0.280000,1.000000,0.000000,0.000000,-0.000000,0.000000,0.000000,0.000000,0.000000,0.000000,0.000000
1390,1.390000,2,fork_0,fork,-0.450000,0.035000,-0.280000,0.707107,0.000000,0.707107,0.000000,0.000000,0.000000,0.000000,0.000000,0.000000,0.000000
1390,1.390000,3,knife_0,knife,-0.190000,0.035000,-0.280000,0.707107,0.000000,0.707107,0.000000,0.000000,0.000000,0.000000,0.000000,0.000000,0.000000
1390,1.390000,4,plate_1,plate,-0.320000,0.040000,0.280000,1.000000,0.000000,0.000000,-0.000000,0.000000,0.000000,0.000000,0.000000,0.000000,0.000000
1390,1.390000,5,fork_1,fork,-0.190000,0.035000,0.280000,0.707107,0.000000,0.707107,0.000000,0.000000,0.000000,0.000000,0.000000,0.000000,0.000000
1390,1.390000,6,knife_1,knife,-0.450000,0.035000,0.280000,0.707107,0.000000,0.707107,0.000000,0.000000,0.000000,0.000000,0.000000,0.000000,0.000000
1390,1.390000,7,plate_2,plate,0.320000,0.040000,-0.280000,1.000000,0.000000,0.000000,-0.000000,0.000000,0.000000,0.000000,0.000000,0.000000,0.000000
1390,1.390000,8,fork_2,fork,0.190000,0.035000,-0.280000,0.707107,0.000000,0.707107,0.000000,0.000000,0.000000,0.000000,0.000000,0.000000,0.000000
1390,1.390000,9,knife_2,knife,0.450000,0.035000,-0.280000,0.707107,0.000000,0.707107,0.000000,0.000000,0.000000,0.000000,0.000000,0.000000,0.000000
1390,1.390000,10,plate_3,plate,0.320000,0.040000,0.280000,1.000000,0.000000,0.000000,-0.000000,0.000000,0.000000,0.000000,0.000000,0.000000,0.000000
1390,1.390000,11,fork_3,fork,0.450000,0.035000,0.280000,0.707107,0.000000,0.707107,0.000000,0.000000,0.000000,0.000000,0.000000,0.000000,0.000000
1390,1.390000,12,knife_3,knife,0.190000,0.035000,0.280000,0.707107,0.000000,0.707107,0.000000,0.000000,0.000000,0.000000,0.000000,0.000000,0.000000
1390,1.390000,13,candle_0,candle,-0.500000,0.075000,-0.450000,1.000000,0.000000,0.000000,-0.000000,0.000000,0.000000,0.000000,0.000000,0.000000,0.000000
1390,1.390000,14,candle_1,candle,-0.500000,0.075000,0.450000,1.000000,0.000000,0.000000,-0.000000,0.000000,0.000000,0.000000,0.000000,0.000000,0.000000
1390,1.390000,15,candle_2,candle,0.500000,0.075000,-0.450000,1.000000,0.000000,0.000000,-0.000000,0.000000,0.000000,0.000000,0.000000,0.000000,0.000000
1390,1.390000,16,candle_3,candle,0.500000,0.075000,0.450000,1.000000,0.000000,0.000000,-0.000000,0.000000,0.000000,0.000000,0.000000,0.000000,0.000000
1390,1.390000,17,pot,pot,0.000000,0.095000,0.000000,1.000000,0.000000,0.000000,-0.000000,0.000000,0.000000,0.000000,0.000000,0.000000,0.000000
1395,1.395000,1,plate_0,plate,-0.320000,0.040000,-0.280000,1.000000,0.000000,0.000000,-0.000000,0.000000,0.000000,0.000000,0.000000,0.000000,0.000000
1395,1.395000,2,fork_0,fork,-0.450000,0.035000,-0.280000,0.707107,0.000000,0.707107,0.000000,0.000000,0.000000,0.000000,0.000000,0.000000,0.000000
1395,1.395000,3,knife_0,knife,-0.190000,0.035000,-0.280000,0.707107,0.000000,0.707107,0.000000,0.000000,0.000000,0.000000,0.000000,0.000000,0.000000
1395,1.395000,4,plate_1,plate,-0.320000,0.040000,0.280000,1.000000,0.000000,0.000000,-0.000000,0.000000,0.000000,0.000000,0.000000,0.000000,0.000000
1395,1.395000,5,fork_1,fork,-0.190000,0.035000,0.280000,0.707107,0.000000,0.707107,0.000000,0.000000,0.000000,0.000000,0.000000,0.000000,0.000000
1395,1.395000,6,knife_1,knife,-0.450000,0.035000,0.280000,0.707107,0.000000,0.707107,0.000000,0.000000,0.000000,0.000000,0.000000,0.000000,0.000000
1395,1.395000,7,plate_2,plate,0.320000,0.040000,-0.280000,1.000000,0.000000,0.000000,-0.000000,0.000000,0.000000,0.000000,0.000000,0.000000,0.000000
1395,1.395000,8,fork_2,fork,0.190000,0.035000,-0.280000,0.707107,0.000000,0.707107,0.000000,0.000000,0.000000,0.000000,0.000000,0.000000,0.000000
1395,1.395000,9,knife_2,knife,0.450000,0.035000,-0.280000,0.707107,0.000000,0.707107,0.000000,0.000000,0.000000,0.000000,0.000000,0.000000,0.000000
1395,1.395000,10,plate_3,plate,0.320000,0.040000,0.280000,1.000000,0.000000,0.000000,-0.000000,0.000000,0.000000,0.000000,0.000000,0.000000,0.000000
1395,1.395000,11,fork_3,fork,0.450000,0.035000,0.280000,0.707107,0.000000,0.707107,0.000000,0.000000,0.000000,0.000000,0.000000,0.000000,0.000000
1395,1.395000,12,knife_3,knife,0.190000,0.035000,0.280000,0.707107,0.000000,0.707107,0.000000,0.000000,0.000000,0.000000,0.000000,0.000000,0.000000
1395,1.395000,13,candle_0,candle,-0.500000,0.075000,-0.450000,1.000000,0.000000,0.000000,-0.000000,0.000000,0.000000,0.000000,0.000000,0.000000,0.000000
1395,1.395000,14,candle_1,candle,-0.500000,0.075000,0.450000,1.000000,0.000000,0.000000,-0.000000,0.000000,0.000000,0.000000,0.000000,0.000000,0.000000
1395,1.395000,15,candle_2,candle,0.500000,0.075000,-0.450000,1.000000,0.000000,0.000000,-0.000000,0.000000,0.000000,0.000000,0.000000,0.000000,0.000000
1395,1.395000,16,candle_3,candle,0.500000,0.075000,0.450000,1.000000,0.000000,0.000000,-0.000000,0.000000,0.000000,0.000000,0.000000,0.000000,0.000000
1395,1.395000,17,pot,pot,0.000000,0.095000,0.000000,1.000000,0.000000,0.000000,-0.000000,0.000000,0.000000,0.000000,0.000000,0.000000,0.000000
1400,1.400000,1,plate_0,plate,-0.320000,0.040000,-0.280000,1.000000,0.000000,0.000000,-0.000000,0.000000,0.000000,0.000000,0.000000,0.000000,0.000000
1400,1.400000,2,fork_0,fork,-0.450000,0.035000,-0.280000,0.707107,0.000000,0.707107,0.000000,0.000000,0.000000,0.000000,0.000000,0.000000,0.000000
1400,1.400000,3,knife_0,knife,-0.190000,0.035000,-0.280000,0.707107,0.000000,0.707107,0.000000,0.000000,0.000000,0.000000,0.000000,0.000000,0.000000
1400,1.400000,4,plate_1,plate,-0.320000,0.040000,0.280000,1.000000,0.000000,0.000000,-0.000000,0.000000,0.000000,0.000000,0.000000,0.000000,0.000000
1400,1.400000,5,fork_1,fork,-0.190000,0.035000,0.280000,0.707107,0.000000,0.707107,0.000000,0.000000,0.000000,0.000000,0.000000,0.000000,0.000000
1400,1.400000,6,knife_1,knife,-0.450000,0.035000,0.280000,0.707107,0.000000,0.707107,0.000000,0.000000,0.000000,0.000000,0.000000,0.000000,0.000000
1400,1.400000,7,plate_2,plate,0.320000,0.040000,-0.280000,1.000000,0.000000,0.000000,-0.000000,0.000000,0.000000,0.000000,0.000000,0.000000,0.000000
1400,1.400000,8,fork_2,fork,0.190000,0.035000,-0.280000,0.707107,0.000000,0.707107,0.000000,0.000000,0.000000,0.000000,0.000000,0.000000,0.000000
1400,1.400000,9,knife_2,knife,0.450000,0.035000,-0.280000,0.707107,0.000000,0.707107,0.000000,0.000000,0.000000,0.000000,0.000000,0.000000,0.000000
1400,1.400000,10,plate_3,plate,0.320000,0.040000,0.280000,1.000000,0.000000,0.000000,-0.000000,0.000000,0.000000,0.000000,0.000000,0.000000,0.000000
1400,1.400000,11,fork_3,fork,0.450000,0.035000,0.280000,0.707107,0.000000,0.707107,0.000000,0.000000,0.000000,0.000000,0.000000,0.000000,0.000000
1400,1.400000,12,knife_3,knife,0.190000,0.035000,0.280000,0.707107,0.000000,0.707107,0.000000,0.000000,0.000000,0.000000,0.000000,0.000000,0.000000
1400,1.400000,13,candle_0,candle,-0.500000,0.075000,-0.450000,1.000000,0.000000,0.000000,-0.000000,0.000000,0.000000,0.000000,0.000000,0.000000,0.000000
1400,1.400000,14,candle_1,candle,-0.500000,0.075000,0.450000,1.000000,0.000000,0.000000,-0.000000,0.000000,0.000000,0.000000,0.000000,0.000000,0.000000
1400,1.400000,15,candle_2,candle,0.500000,0.075000,-0.450000,1.000000,0.000000,0.000000,-0.000000,0.000000,0.000000,0.000000,0.000000,0.000000,0.000000
1400,1.400000,16,candle_3,candle,0.500000,0.075000,0.450000,1.000000,0.000000,0.000000,-0.000000,0.000000,0.000000,0.000000,0.000000,0.000000,0.000000
1400,1.400000,17,pot,pot,0.000000,0.095000,0.000000,1.000000,0.000000,0.000000,-0.000000,0.000000,0.000000,0.000000,0.000000,0.000000,0.000000
1405,1.405000,1,plate_0,plate,-0.320000,0.040000,-0.280000,1.000000,0.000000,0.000000,-0.000000,0.000000,0.000000,0.000000,0.000000,0.000000,0.000000
1405,1.405000,2,fork_0,fork,-0.450000,0.035000,-0.280000,0.707107,0.000000,0.707107,0.000000,0.000000,0.000000,0.000000,0.000000,0.000000,0.000000
1405,1.405000,3,knife_0,knife,-0.190000,0.035000,-0.280000,0.707107,0.000000,0.707107,0.000000,0.000000,0.000000,0.000000,0.000000,0.000000,0.000000
1405,1.405000,4,plate_1,plate,-0.320000,0.040000,0.280000,1.000000,0.000000,0.000000,-0.000000,0.000000,0.000000,0.000000,0.000000,0.000000,0.000000
1405,1.405000,5,fork_1,fork,-0.190000,0.035000,0.280000,0.707107,0.000000,0.707107,0.000000,0.000000,0.000000,0.000000,0.000000,0.000000,0.000000
1405,1.405000,6,knife_1,knife,-0.450000,0.035000,0.280000,0.707107,0.000000,0.707107,0.000000,0.000000,0.000000,0.000000,0.000000,0.000000,0.000000
1405,1.405000,7,plate_2,plate,0.320000,0.040000,-0.280000,1.000000,0.000000,0.000000,-0.000000,0.000000,0.000000,0.000000,0.000000,0.000000,0.000000
1405,1.405000,8,fork_2,fork,0.190000,0.035000,-0.280000,0.707107,0.000000,0.707107,0.000000,0.000000,0.000000,0.000000,0.000000,0.000000,0.000000
1405,1.405000,9,knife_2,knife,0.450000,0.035000,-0.280000,0.707107,0.000000,0.707107,0.000000,0.000000,0.000000,0.000000,0.000000,0.000000,0.000000
1405,1.405000,10,plate_3,plate,0.320000,0.040000,0.280000,1.000000,0.000000,0.000000,-0.000000,0.000000,0.000000,0.000000,0.000000,0.000000,0.000000
1405,1.405000,11,fork_3,fork,0.450000,0.035000,0.280000,0.707107,0.000000,0.707107,0.000000,0.000000,0.000000,0.000000,0.000000,0.000000,0.000000
1405,1.405000,12,knife_3,knife,0.190000,0.035000,0.280000,0.707107,0.000000,0.707107,0.000000,0.000000,0.000000,0.000000,0.000000,0.000000,0.000000
1405,1.405000,13,candle_0,candle,-0.500000,0.075000,-0.450000,1.000000,0.000000,0.000000,-0.000000,0.000000,0.000000,0.000000,0.000000,0.000000,0.000000
1405,1.405000,14,candle_1,candle,-0.500000,0.075000,0.450000,1.000000,0.000000,0.000000,-0.000000,0.000000,0.000000,0.000000,0.000000,0.000000,0.000000
1405,1.405000,15,candle_2,candle,0.500000,0.075000,-0.450000,1.000000,0.000000,0.000000,-0.000000,0.000000,0.000000,0.000000,0.000000,0.000000,0.000000
1405,1.405000,16,candle_3,candle,0.500000,0.075000,0.450000,1.000000,0.000000,0.000000,-0.000000,0.000000,0.000000,0.000000,0.000000,0.000000,0.000000
1405,1.405000,17,pot,pot,0.000000,0.095000,0.000000,1.000000,0.000000,0.000000,-0.000000,0.000000,0.000000,0.000000,0.000000,0.000000,0.000000
1410,1.410000,1,plate_0,plate,-0.320000,0.040000,-0.280000,1.000000,0.000000,0.000000,-0.000000,0.000000,0.000000,0.000000,0.000000,0.000000,0.000000
1410,1.410000,2,fork_0,fork,-0.450000,0.035000,-0.280000,0.707107,0.000000,0.707107,0.000000,0.000000,0.000000,0.000000,0.000000,0.000000,0.000000
1410,1.410000,3,knife_0,knife,-0.190000,0.035000,-0.280000,0.707107,0.000000,0.707107,0.000000,0.000000,0.000000,0.000000,0.000000,0.000000,0.000000
1410,1.410000,4,plate_1,plate,-0.320000,0.040000,0.280000,1.000000,0.000000,0.000000,-0.000000,0.000000,0.000000,0.000000,0.000000,0.000000,0.000000
1410,1.410000,5,fork_1,fork,-0.190000,0.035000,0.280000,0.707107,0.000000,0.707107,0.000000,0.000000,0.000000,0.000000,0.000000,0.000000,0.000000
1410,1.410000,6,knife_1,knife,-0.450000,0.035000,0.280000,0.707107,0.000000,0.707107,0.000000,0.000000,0.000000,0.000000,0.000000,0.000000,0.000000
1410,1.410000,7,plate_2,plate,0.320000,0.040000,-0.280000,1.000000,0.000000,0.000000,-0.000000,0.000000,0.000000,0.000000,0.000000,0.000000,0.000000
1410,1.410000,8,fork_2,fork,0.190000,0.035000,-0.280000,0.707107,0.000000,0.707107,0.000000,0.000000,0.000000,0.000000,0.000000,0.000000,0.000000
1410,1.410000,9,knife_2,knife,0.450000,0.035000,-0.280000,0.707107,0.000000,0.707107,0.000000,0.000000,0.000000,0.000000,0.000000,0.000000,0.000000
1410,1.410000,10,plate_3,plate,0.320000,0.040000,0.280000,1.000000,0.000000,0.000000,-0.000000,0.000000,0.000000,0.000000,0.000000,0.000000,0.000000
1410,1.410000,11,fork_3,fork,0.450000,0.035000,0.280000,0.707107,0.000000,0.707107,0.000000,0.000000,0.000000,0.000000,0.000000,0.000000,0.000000
1410,1.410000,12,knife_3,knife,0.190000,0.035000,0.280000,0.707107,0.000000,0.707107,0.000000,0.000000,0.000000,0.000000,0.000000,0.000000,0.000000
1410,1.410000,13,candle_0,candle,-0.500000,0.075000,-0.450000,1.000000,0.000000,0.000000,-0.000000,0.000000,0.000000,0.000000,0.000000,0.000000,0.000000
1410,1.410000,14,candle_1,candle,-0.500000,0.075000,0.450000,1.000000,0.000000,0.000000,-0.000000,0.000000,0.000000,0.000000,0.000000,0.000000,0.000000
1410,1.410000,15,candle_2,candle,0.500000,0.075000,-0.450000,1.000000,0.000000,0.000000,-0.000000,0.000000,0.000000,0.000000,0.000000,0.000000,0.000000
1410,1.410000,16,candle_3,candle,0.500000,0.075000,0.450000,1.000000,0.000000,0.000000,-0.000000,0.000000,0.000000,0.000000,0.000000,0.000000,0.000000
1410,1.410000,17,pot,pot,0.000000,0.095000,0.000000,1.000000,0.000000,0.000000,-0.000000,0.000000,0.000000,0.000000,0.000000,0.000000,0.000000
1415,1.415000,1,plate_0,plate,-0.320000,0.040000,-0.280000,1.000000,0.000000,0.000000,-0.000000,0.000000,0.000000,0.000000,0.000000,0.000000,0.000000
1415,1.415000,2,fork_0,fork,-0.450000,0.035000,-0.280000,0.707107,0.000000,0.707107,0.000000,0.000000,0.000000,0.000000,0.000000,0.000000,0.000000
1415,1.415000,3,knife_0,knife,-0.190000,0.035000,-0.280000,0.707107,0.000000,0.707107,0.000000,0.000000,0.000000,0.000000,0.000000,0.000000,0.000000
1415,1.415000,4,plate_1,plate,-0.320000,0.040000,0.280000,1.000000,0.000000,0.000000,-0.000000,0.000000,0.000000,0.000000,0.000000,0.000000,0.000000
1415,1.415000,5,fork_1,fork,-0.190000,0.035000,0.280000,0.707107,0.000000,0.707107,0.000000,0.000000,0.000000,0.000000,0.000000,0.000000,0.000000
1415,1.415000,6,knife_1,knife,-0.450000,0.035000,0.280000,0.707107,0.000000,0.707107,0.000000,0.000000,0.000000,0.000000,0.000000,0.000000,0.000000
1415,1.415000,7,plate_2,plate,0.320000,0.040000,-0.280000,1.000000,0.000000,0.000000,-0.000000,0.000000,0.000000,0.000000,0.000000,0.000000,0.000000
1415,1.415000,8,fork_2,fork,0.190000,0.035000,-0.280000,0.707107,0.000000,0.707107,0.000000,0.000000,0.000000,0.000000,0.000000,0.000000,0.000000
1415,1.415000,9,knife_2,knife,0.450000,0.035000,-0.280000,0.707107,0.000000,0.707107,0.000000,0.000000,0.000000,0.000000,0.000000,0.000000,0.000000
1415,1.415000,10,plate_3,plate,0.320000,0.040000,0.280000,1.000000,0.000000,0.000000,-0.000000,0.000000,0.000000,0.000000,0.000000,0.000000,0.000000
1415,1.415000,11,fork_3,fork,0.450000,0.035000,0.280000,0.707107,0.000000,0.707107,0.000000,0.000000,0.000000,0.000000,0.000000,0.000000,0.000000
1415,1.415000,12,knife_3,knife,0.190000,0.035000,0.280000,0.707107,0.000000,0.707107,0.000000,0.000000,0.000000,0.000000,0.000000,0.000000,0.000000
1415,1.415000,13,candle_0,candle,-0.500000,0.075000,-0.450000,1.000000,0.000000,0.000000,-0.000000,0.000000,0.000000,0.000000,0.000000,0.000000,0.000000
1415,1.415000,14,candle_1,candle,-0.500000,0.075000,0.450000,1.000000,0.000000,0.000000,-0.000000,0.000000,0.000000,0.000000,0.000000,0.000000,0.000000
1415,1.415000,15,candle_2,candle,0.500000,0.075000,-0.450000,1.000000,0.000000,0.000000,-0.000000,0.000000,0.000000,0.000000,0.000000,0.000000,0.000000
1415,1.415000,16,candle_3,candle,0.500000,0.075000,0.450000,1.000000,0.000000,0.000000,-0.000000,0.000000,0.000000,0.000000,0.000000,0.000000,0.000000
1415,1.415000,17,pot,pot,0.000000,0.095000,0.000000,1.000000,0.000000,0.000000,-0.000000,0.000000,0.000000,0.000000,0.000000,0.000000,0.000000
1420,1.420000,1,plate_0,plate,-0.320000,0.040000,-0.280000,1.000000,0.000000,0.000000,-0.000000,0.000000,0.000000,0.000000,0.000000,0.000000,0.000000
1420,1.420000,2,fork_0,fork,-0.450000,0.035000,-0.280000,0.707107,0.000000,0.707107,0.000000,0.000000,0.000000,0.000000,0.000000,0.000000,0.000000
1420,1.420000,3,knife_0,knife,-0.190000,0.035000,-0.280000,0.707107,0.000000,0.707107,0.000000,0.000000,0.000000,0.000000,0.000000,0.000000,0.000000
1420,1.420000,4,plate_1,plate,-0.320000,0.040000,0.280000,1.000000,0.000000,0.000000,-0.000000,0.000000,0.000000,0.000000,0.000000,0.000000,0.000000
1420,1.420000,5,fork_1,fork,-0.190000,0.035000,0.280000,0.707107,0.000000,0.707107,0.000000,0.000000,0.000000,0.000000,0.000000,0.000000,0.000000
1420,1.420000,6,knife_1,knife,-0.450000,0.035000,0.280000,0.707107,0.000000,0.707107,0.000000,0.000000,0.000000,0.000000,0.000000,0.000000,0.000000
1420,1.420000,7,plate_2,plate,0.320000,0.040000,-0.280000,1.000000,0.000000,0.000000,-0.000000,0.000000,0.000000,0.000000,0.000000,0.000000,0.000000
1420,1.420000,8,fork_2,fork,0.190000,0.035000,-0.280000,0.707107,0.000000,0.707107,0.000000,0.000000,0.000000,0.000000,0.000000,0.000000,0.000000
1420,1.420000,9,knife_2,knife,0.450000,0.035000,-0.280000,0.707107,0.000000,0.707107,0.000000,0.000000,0.000000,0.000000,0.000000,0.000000,0.000000
1420,1.420000,10,plate_3,plate,0.320000,0.040000,0.280000,1.000000,0.000000,0.000000,-0.000000,0.000000,0.000000,0.000000,0.000000,0.000000,0.000000
1420,1.420000,11,fork_3,fork,0.450000,0.035000,0.280000,0.707107,0.000000,0.707107,0.000000,0.000000,0.000000,0.000000,0.000000,0.000000,0.000000
1420,1.420000,12,knife_3,knife,0.190000,0.035000,0.280000,0.707107,0.000000,0.707107,0.000000,0.000000,0.000000,0.000000,0.000000,0.000000,0.000000
1420,1.420000,13,candle_0,candle,-0.500000,0.075000,-0.450000,1.000000,0.000000,0.000000,-0.000000,0.000000,0.000000,0.000000,0.000000,0.000000,0.000000
1420,1.420000,14,candle_1,candle,-0.500000,0.075000,0.450000,1.000000,0.000000,0.000000,-0.000000,0.000000,0.000000,0.000000,0.000000,0.000000,0.000000
1420,1.420000,15,candle_2,candle,0.500000,0.075000,-0.450000,1.000000,0.000000,0.000000,-0.000000,0.000000,0.000000,0.000000,0.000000,0.000000,0.000000
1420,1.420000,16,candle_3,candle,0.500000,0.075000,0.450000,1.000000,0.000000,0.000000,-0.000000,0.000000,0.000000,0.000000,0.000000,0.000000,0.000000
1420,1.420000,17,pot,pot,0.000000,0.095000,0.000000,1.000000,0.000000,0.000000,-0.000000,0.000000,0.000000,0.000000,0.000000,0.000000,0.000000
1425,1.425000,1,plate_0,plate,-0.320000,0.040000,-0.280000,1.000000,0.000000,0.000000,-0.000000,0.000000,0.000000,0.000000,0.000000,0.000000,0.000000
1425,1.425000,2,fork_0,fork,-0.450000,0.035000,-0.280000,0.707107,0.000000,0.707107,0.000000,0.000000,0.000000,0.000000,0.000000,0.000000,0.000000
1425,1.425000,3,knife_0,knife,-0.190000,0.035000,-0.280000,0.707107,0.000000,0.707107,0.000000,0.000000,0.000000,0.000000,0.000000,0.000000,0.000000
1425,1.425000,4,plate_1,plate,-0.320000,0.040000,0.280000,1.000000,0.000000,0.000000,-0.000000,0.000000,0.000000,0.000000,0.000000,0.000000,0.000000
1425,1.425000,5,fork_1,fork,-0.190000,0.035000,0.280000,0.707107,0.000000,0.707107,0.000000,0.000000,0.000000,0.000000,0.000000,0.000000,0.000000
1425,1.425000,6,knife_1,knife,-0.450000,0.035000,0.280000,0.707107,0.000000,0.707107,0.000000,0.000000,0.000000,0.000000,0.000000,0.000000,0.000000
1425,1.425000,7,plate_2,plate,0.320000,0.040000,-0.280000,1.000000,0.000000,0.000000,-0.000000,0.000000,0.000000,0.000000,0.000000,0.000000,0.000000
1425,1.425000,8,fork_2,fork,0.190000,0.035000,-0.280000,0.707107,0.000000,0.707107,0.000000,0.000000,0.000000,0.000000,0.000000,0.000000,0.000000
1425,1.425000,9,knife_2,knife,0.450000,0.035000,-0.280000,0.707107,0.000000,0.707107,0.000000,0.000000,0.000000,0.000000,0.000000,0.000000,0.000000
1425,1.425000,10,plate_3,plate,0.320000,0.040000,0.280000,1.000000,0.000000,0.000000,-0.000000,0.000000,0.000000,0.000000,0.000000,0.000000,0.000000
1425,1.425000,11,fork_3,fork,0.450000,0.035000,0.280000,0.707107,0.000000,0.707107,0.000000,0.000000,0.000000,0.000000,0.000000,0.000000,0.000000
1425,1.425000,12,knife_3,knife,0.190000,0.035000,0.280000,0.707107,0.000000,0.707107,0.000000,0.000000,0.000000,0.000000,0.000000,0.000000,0.000000
1425,1.425000,13,candle_0,candle,-0.500000,0.075000,-0.450000,1.000000,0.000000,0.000000,-0.000000,0.000000,0.000000,0.000000,0.000000,0.000000,0.000000
1425,1.425000,14,candle_1,candle,-0.500000,0.075000,0.450000,1.000000,0.000000,0.000000,-0.000000,0.000000,0.000000,0.000000,0.000000,0.000000,0.000000
1425,1.425000,15,candle_2,candle,0.500000,0.075000,-0.450000,1.000000,0.000000,0.000000,-0.000000,0.000000,0.000000,0.000000,0.000000,0.000000,0.000000
1425,1.425000,16,candle_3,candle,0.500000,0.075000,0.450000,1.000000,0.000000,0.000000,-0.000000,0.000000,0.000000,0.000000,0.000000,0.000000,0.000000
1425,1.425000,17,pot,pot,0.000000,0.095000,0.000000,1.000000,0.000000,0.000000,-0.000000,0.000000,0.000000,0.000000,0.000000,0.000000,0.000000
1430,1.430000,1,plate_0,plate,-0.320000,0.040000,-0.280000,1.000000,0.000000,0.000000,-0.000000,0.000000,0.000000,0.000000,0.000000,0.000000,0.000000
1430,1.430000,2,fork_0,fork,-0.450000,0.035000,-0.280000,0.707107,0.000000,0.707107,0.000000,0.000000,0.000000,0.000000,0.000000,0.000000,0.000000
1430,1.430000,3,knife_0,knife,-0.190000,0.035000,-0.280000,0.707107,0.000000,0.707107,0.000000,0.000000,0.000000,0.000000,0.000000,0.000000,0.000000
1430,1.430000,4,plate_1,plate,-0.320000,0.040000,0.280000,1.000000,0.000000,0.000000,-0.000000,0.000000,0.000000,0.000000,0.000000,0.000000,0.000000
1430,1.430000,5,fork_1,fork,-0.190000,0.035000,0.280000,0.707107,0.000000,0.707107,0.000000,0.000000,0.000000,0.000000,0.000000,0.000000,0.000000
1430,1.430000,6,knife_1,knife,-0.450000,0.035000,0.280000,0.707107,0.000000,0.707107,0.000000,0.000000,0.000000,0.000000,0.000000,0.000000,0.000000
1430,1.430000,7,plate_2,plate,0.320000,0.040000,-0.280000,1.000000,0.000000,0.000000,-0.000000,0.000000,0.000000,0.000000,0.000000,0.000000,0.000000
1430,1.430000,8,fork_2,fork,0.190000,0.035000,-0.280000,0.707107,0.000000,0.707107,0.000000,0.000000,0.000000,0.000000,0.000000,0.000000,0.000000
1430,1.430000,9,knife_2,knife,0.450000,0.035000,-0.280000,0.707107,0.000000,0.707107,0.000000,0.000000,0.000000,0.000000,0.000000,0.000000,0.000000
1430,1.430000,10,plate_3,plate,0.320000,0.040000,0.280000,1.000000,0.000000,0.000000,-0.000000,0.000000,0.000000,0.000000,0.000000,0.000000,0.000000
1430,1.430000,11,fork_3,fork,0.450000,0.035000,0.280000,0.707107,0.000000,0.707107,0.000000,0.000000,0.000000,0.000000,0.000000,0.000000,0.000000
1430,1.430000,12,knife_3,knife,0.190000,0.035000,0.280000,0.707107,0.000000,0.707107,0.000000,0.000000,0.000000,0.000000,0.000000,0.000000,0.000000
1430,1.430000,13,candle_0,candle,-0.500000,0.075000,-0.450000,1.000000,0.000000,0.000000,-0.000000,0.000000,0.000000,0.000000,0.000000,0.000000,0.000000
1430,1.430000,14,candle_1,candle,-0.500000,0.075000,0.450000,1.000000,0.000000,0.000000,-0.000000,0.000000,0.000000,0.000000,0.000000,0.000000,0.000000
1430,1.430000,15,candle_2,candle,0.500000,0.075000,-0.450000,1.000000,0.000000,0.000000,-0.000000,0.000000,0.000000,0.000000,0.000000,0.000000,0.000000
1430,1.430000,16,candle_3,candle,0.500000,0.075000,0.450000,1.000000,0.000000,0.000000,-0.000000,0.000000,0.000000,0.000000,0.000000,0.000000,0.000000
1430,1.430000,17,pot,pot,0.000000,0.095000,0.000000,1.000000,0.000000,0.000000,-0.000000,0.000000,0.000000,0.000000,0.000000,0.000000,0.000000
1435,1.435000,1,plate_0,plate,-0.320000,0.040000,-0.280000,1.000000,0.000000,0.000000,-0.000000,0.000000,0.000000,0.000000,0.000000,0.000000,0.000000
1435,1.435000,2,fork_0,fork,-0.450000,0.035000,-0.280000,0.707107,0.000000,0.707107,0.000000,0.000000,0.000000,0.000000,0.000000,0.000000,0.000000
1435,1.435000,3,knife_0,knife,-0.190000,0.035000,-0.280000,0.707107,0.000000,0.707107,0.000000,0.000000,0.000000,0.000000,0.000000,0.000000,0.000000
1435,1.435000,4,plate_1,plate,-0.320000,0.040000,0.280000,1.000000,0.000000,0.000000,-0.000000,0.000000,0.000000,0.000000,0.000000,0.000000,0.000000
1435,1.435000,5,fork_1,fork,-0.190000,0.035000,0.280000,0.707107,0.000000,0.707107,0.000000,0.000000,0.000000,0.000000,0.000000,0.000000,0.000000
1435,1.435000,6,knife_1,knife,-0.450000,0.035000,0.280000,0.707107,0.000000,0.707107,0.000000,0.000000,0.000000,0.000000,0.000000,0.000000,0.000000
1435,1.435000,7,plate_2,plate,0.320000,0.040000,-0.280000,1.000000,0.000000,0.000000,-0.000000,0.000000,0.000000,0.000000,0.000000,0.000000,0.000000
1435,1.435000,8,fork_2,fork,0.190000,0.035000,-0.280000,0.707107,0.000000,0.707107,0.000000,0.000000,0.000000,0.000000,0.000000,0.000000,0.000000
1435,1.435000,9,knife_2,knife,0.450000,0.035000,-0.280000,0.707107,0.000000,0.707107,0.000000,0.000000,0.000000,0.000000,0.000000,0.000000,0.000000
1435,1.435000,10,plate_3,plate,0.320000,0.040000,0.280000,1.000000,0.000000,0.000000,-0.000000,0.000000,0.000000,0.000000,0.000000,0.000000,0.000000
1435,1.435000,11,fork_3,fork,0.450000,0.035000,0.280000,0.707107,0.000000,0.707107,0.000000,0.000000,0.000000,0.000000,0.000000,0.000000,0.000000
1435,1.435000,12,knife_3,knife,0.190000,0.035000,0.280000,0.707107,0.000000,0.707107,0.000000,0.000000,0.000000,0.000000,0.000000,0.000000,0.000000
1435,1.435000,13,candle_0,candle,-0.500000,0.075000,-0.450000,1.000000,0.000000,0.000000,-0.000000,0.000000,0.000000,0.000000,0.000000,0.000000,0.000000
1435,1.435000,14,candle_1,candle,-0.500000,0.075000,0.450000,1.000000,0.000000,0.000000,-0.000000,0.000000,0.000000,0.000000,0.000000,0.000000,0.000000
1435,1.435000,15,candle_2,candle,0.500000,0.075000,-0.450000,1.000000,0.000000,0.000000,-0.000000,0.000000,0.000000,0.000000,0.000000,0.000000,0.000000
1435,1.435000,16,candle_3,candle,0.500000,0.075000,0.450000,1.000000,0.000000,0.000000,-0.000000,0.000000,0.000000,0.000000,0.000000,0.000000,0.000000
1435,1.435000,17,pot,pot,0.000000,0.095000,0.000000,1.000000,0.000000,0.000000,-0.000000,0.000000,0.000000,0.000000,0.000000,0.000000,0.000000
1440,1.440000,1,plate_0,plate,-0.320000,0.040000,-0.280000,1.000000,0.000000,0.000000,-0.000000,0.000000,0.000000,0.000000,0.000000,0.000000,0.000000
1440,1.440000,2,fork_0,fork,-0.450000,0.035000,-0.280000,0.707107,0.000000,0.707107,0.000000,0.000000,0.000000,0.000000,0.000000,0.000000,0.000000
1440,1.440000,3,knife_0,knife,-0.190000,0.035000,-0.280000,0.707107,0.000000,0.707107,0.000000,0.000000,0.000000,0.000000,0.000000,0.000000,0.000000
1440,1.440000,4,plate_1,plate,-0.320000,0.040000,0.280000,1.000000,0.000000,0.000000,-0.000000,0.000000,0.000000,0.000000,0.000000,0.000000,0.000000
1440,1.440000,5,fork_1,fork,-0.190000,0.035000,0.280000,0.707107,0.000000,0.707107,0.000000,0.000000,0.000000,0.000000,0.000000,0.000000,0.000000
1440,1.440000,6,knife_1,knife,-0.450000,0.035000,0.280000,0.707107,0.000000,0.707107,0.000000,0.000000,0.000000,0.000000,0.000000,0.000000,0.000000
1440,1.440000,7,plate_2,plate,0.320000,0.040000,-0.280000,1.000000,0.000000,0.000000,-0.000000,0.000000,0.000000,0.000000,0.000000,0.000000,0.000000
1440,1.440000,8,fork_2,fork,0.190000,0.035000,-0.280000,0.707107,0.000000,0.707107,0.000000,0.000000,0.000000,0.000000,0.000000,0.000000,0.000000
1440,1.440000,9,knife_2,knife,0.450000,0.035000,-0.280000,0.707107,0.000000,0.707107,0.000000,0.000000,0.000000,0.000000,0.000000,0.000000,0.000000
1440,1.440000,10,plate_3,plate,0.320000,0.040000,0.280000,1.000000,0.000000,0.000000,-0.000000,0.000000,0.000000,0.000000,0.000000,0.000000,0.000000
1440,1.440000,11,fork_3,fork,0.450000,0.035000,0.280000,0.707107,0.000000,0.707107,0.000000,0.000000,0.000000,0.000000,0.000000,0.000000,0.000000
1440,1.440000,12,knife_3,knife,0.190000,0.035000,0.280000,0.707107,0.000000,0.707107,0.000000,0.000000,0.000000,0.000000,0.000000,0.000000,0.000000
1440,1.440000,13,candle_0,candle,-0.500000,0.075000,-0.450000,1.000000,0.000000,0.000000,-0.000000,0.000000,0.000000,0.000000,0.000000,0.000000,0.000000
1440,1.440000,14,candle_1,candle,-0.500000,0.075000,0.450000,1.000000,0.000000,0.000000,-0.000000,0.000000,0.000000,0.000000,0.000000,0.000000,0.000000
1440,1.440000,15,candle_2,candle,0.500000,0.075000,-0.450000,1.000000,0.000000,0.000000,-0.000000,0.000000,0.000000,0.000000,0.000000,0.000000,0.000000
1440,1.440000,16,candle_3,candle,0.500000,0.075000,0.450000,1.000000,0.000000,0.000000,-0.000000,0.000000,0.000000,0.000000,0.000000,0.000000,0.000000
1440,1.440000,17,pot,pot,0.000000,0.095000,0.000000,1.000000,0.000000,0.000000,-0.000000,0.000000,0.000000,0.000000,0.000000,0.000000,0.000000
1445,1.445000,1,plate_0,plate,-0.320000,0.040000,-0.280000,1.000000,0.000000,0.000000,-0.000000,0.000000,0.000000,0.000000,0.000000,0.000000,0.000000
1445,1.445000,2,fork_0,fork,-0.450000,0.035000,-0.280000,0.707107,0.000000,0.707107,0.000000,0.000000,0.000000,0.000000,0.000000,0.000000,0.000000
1445,1.445000,3,knife_0,knife,-0.190000,0.035000,-0.280000,0.707107,0.000000,0.707107,0.000000,0.000000,0.000000,0.000000,0.000000,0.000000,0.000000
1445,1.445000,4,plate_1,plate,-0.320000,0.040000,0.280000,1.000000,0.000000,0.000000,-0.000000,0.000000,0.000000,0.000000,0.000000,0.000000,0.000000
1445,1.445000,5,fork_1,fork,-0.190000,0.035000,0.280000,0.707107,0.000000,0.707107,0.000000,0.000000,0.000000,0.000000,0.000000,0.000000,0.000000
1445,1.445000,6,knife_1,knife,-0.450000,0.035000,0.280000,0.707107,0.000000,0.707107,0.000000,0.000000,0.000000,0.000000,0.000000,0.000000,0.000000
1445,1.445000,7,plate_2,plate,0.320000,0.040000,-0.280000,1.000000,0.000000,0.000000,-0.000000,0.000000,0.000000,0.000000,0.000000,0.000000,0.000000
1445,1.445000,8,fork_2,fork,0.190000,0.035000,-0.280000,0.707107,0.000000,0.707107,0.000000,0.000000,0.000000,0.000000,0.000000,0.000000,0.000000
1445,1.445000,9,knife_2,knife,0.450000,0.035000,-0.280000,0.707107,0.000000,0.707107,0.000000,0.000000,0.000000,0.000000,0.000000,0.000000,0.000000
1445,1.445000,10,plate_3,plate,0.320000,0.040000,0.280000,1.000000,0.000000,0.000000,-0.000000,0.000000,0.000000,0.000000,0.000000,0.000000,0.000000
1445,1.445000,11,fork_3,fork,0.450000,0.035000,0.280000,0.707107,0.000000,0.707107,0.000000,0.000000,0.000000,0.000000,0.000000,0.000000,0.000000
1445,1.445000,12,knife_3,knife,0.190000,0.035000,0.280000,0.707107,0.000000,0.707107,0.000000,0.000000,0.000000,0.000000,0.000000,0.000000,0.000000
1445,1.445000,13,candle_0,candle,-0.500000,0.075000,-0.450000,1.000000,0.000000,0.000000,-0.000000,0.000000,0.000000,0.000000,0.000000,0.000000,0.000000
1445,1.445000,14,candle_1,candle,-0.500000,0.075000,0.450000,1.000000,0.000000,0.000000,-0.000000,0.000000,0.000000,0.000000,0.000000,0.000000,0.000000
1445,1.445000,15,candle_2,candle,0.500000,0.075000,-0.450000,1.000000,0.000000,0.000000,-0.000000,0.000000,0.000000,0.000000,0.000000,0.000000,0.000000
1445,1.445000,16,candle_3,candle,0.500000,0.075000,0.450000,1.000000,0.000000,0.000000,-0.000000,0.000000,0.000000,0.000000,0.000000,0.000000,0.000000
1445,1.445000,17,pot,pot,0.000000,0.095000,0.000000,1.000000,0.000000,0.000000,-0.000000,0.000000,0.000000,0.000000,0.000000,0.000000,0.000000
1450,1.450000,1,plate_0,plate,-0.320000,0.040000,-0.280000,1.000000,0.000000,0.000000,-0.000000,0.000000,0.000000,0.000000,0.000000,0.000000,0.000000
1450,1.450000,2,fork_0,fork,-0.450000,0.035000,-0.280000,0.707107,0.000000,0.707107,0.000000,0.000000,0.000000,0.000000,0.000000,0.000000,0.000000
1450,1.450000,3,knife_0,knife,-0.190000,0.035000,-0.280000,0.707107,0.000000,0.707107,0.000000,0.000000,0.000000,0.000000,0.000000,0.000000,0.000000
1450,1.450000,4,plate_1,plate,-0.320000,0.040000,0.280000,1.000000,0.000000,0.000000,-0.000000,0.000000,0.000000,0.000000,0.000000,0.000000,0.000000
1450,1.450000,5,fork_1,fork,-0.190000,0.035000,0.280000,0.707107,0.000000,0.707107,0.000000,0.000000,0.000000,0.000000,0.000000,0.000000,0.000000
1450,1.450000,6,knife_1,knife,-0.450000,0.035000,0.280000,0.707107,0.000000,0.707107,0.000000,0.000000,0.000000,0.000000,0.000000,0.000000,0.000000
1450,1.450000,7,plate_2,plate,0.320000,0.040000,-0.280000,1.000000,0.000000,0.000000,-0.000000,0.000000,0.000000,0.000000,0.000000,0.000000,0.000000
1450,1.450000,8,fork_2,fork,0.190000,0.035000,-0.280000,0.707107,0.000000,0.707107,0.000000,0.000000,0.000000,0.000000,0.000000,0.000000,0.000000
1450,1.450000,9,knife_2,knife,0.450000,0.035000,-0.280000,0.707107,0.000000,0.707107,0.000000,0.000000,0.000000,0.000000,0.000000,0.000000,0.000000
1450,1.450000,10,plate_3,plate,0.320000,0.040000,0.280000,1.000000,0.000000,0.000000,-0.000000,0.000000,0.000000,0.000000,0.000000,0.000000,0.000000
1450,1.450000,11,fork_3,fork,0.450000,0.035000,0.280000,0.707107,0.000000,0.707107,0.000000,0.000000,0.000000,0.000000,0.000000,0.000000,0.000000
1450,1.450000,12,knife_3,knife,0.190000,0.035000,0.280000,0.707107,0.000000,0.707107,0.000000,0.000000,0.000000,0.000000,0.000000,0.000000,0.000000
1450,1.450000,13,candle_0,candle,-0.500000,0.075000,-0.450000,1.000000,0.000000,0.000000,-0.000000,0.000000,0.000000,0.000000,0.000000,0.000000,0.000000
1450,1.450000,14,candle_1,candle,-0.500000,0.075000,0.450000,1.000000,0.000000,0.000000,-0.000000,0.000000,0.000000,0.000000,0.000000,0.000000,0.000000
1450,1.450000,15,candle_2,candle,0.500000,0.075000,-0.450000,1.000000,0.000000,0.000000,-0.000000,0.000000,0.000000,0.000000,0.000000,0.000000,0.000000
1450,1.450000,16,candle_3,candle,0.500000,0.075000,0.450000,1.000000,0.000000,0.000000,-0.000000,0.000000,0.000000,0.000000,0.000000,0.000000,0.000000
1450,1.450000,17,pot,pot,0.000000,0.095000,0.000000,1.000000,0.000000,0.000000,-0.000000,0.000000,0.000000,0.000000,0.000000,0.000000,0.000000
1455,1.455000,1,plate_0,plate,-0.320000,0.040000,-0.280000,1.000000,0.000000,0.000000,-0.000000,0.000000,0.000000,0.000000,0.000000,0.000000,0.000000
1455,1.455000,2,fork_0,fork,-0.450000,0.035000,-0.280000,0.707107,0.000000,0.707107,0.000000,0.000000,0.000000,0.000000,0.000000,0.000000,0.000000
1455,1.455000,3,knife_0,knife,-0.190000,0.035000,-0.280000,0.707107,0.000000,0.707107,0.000000,0.000000,0.000000,0.000000,0.000000,0.000000,0.000000
1455,1.455000,4,plate_1,plate,-0.320000,0.040000,0.280000,1.000000,0.000000,0.000000,-0.000000,0.000000,0.000000,0.000000,0.000000,0.000000,0.000000
1455,1.455000,5,fork_1,fork,-0.190000,0.035000,0.280000,0.707107,0.000000,0.707107,0.000000,0.000000,0.000000,0.000000,0.000000,0.000000,0.000000
1455,1.455000,6,knife_1,knife,-0.450000,0.035000,0.280000,0.707107,0.000000,0.707107,0.000000,0.000000,0.000000,0.000000,0.000000,0.000000,0.000000
1455,1.455000,7,plate_2,plate,0.320000,0.040000,-0.280000,1.000000,0.000000,0.000000,-0.000000,0.000000,0.000000,0.000000,0.000000,0.000000,0.000000
1455,1.455000,8,fork_2,fork,0.190000,0.035000,-0.280000,0.707107,0.000000,0.707107,0.000000,0.000000,0.000000,0.000000,0.000000,0.000000,0.000000
1455,1.455000,9,knife_2,knife,0.450000,0.035000,-0.280000,0.707107,0.000000,0.707107,0.000000,0.000000,0.000000,0.000000,0.000000,0.000000,0.000000
1455,1.455000,10,plate_3,plate,0.320000,0.040000,0.280000,1.000000,0.000000,0.000000,-0.000000,0.000000,0.000000,0.000000,0.000000,0.000000,0.000000
1455,1.455000,11,fork_3,fork,0.450000,0.035000,0.280000,0.707107,0.000000,0.707107,0.000000,0.000000,0.000000,0.000000,0.000000,0.000000,0.000000
1455,1.455000,12,knife_3,knife,0.190000,0.035000,0.280000,0.707107,0.000000,0.707107,0.000000,0.000000,0.000000,0.000000,0.000000,0.000000,0.000000
1455,1.455000,13,candle_0,candle,-0.500000,0.075000,-0.450000,1.000000,0.000000,0.000000,-0.000000,0.000000,0.000000,0.000000,0.000000,0.000000,0.000000
1455,1.455000,14,candle_1,candle,-0.500000,0.075000,0.450000,1.000000,0.000000,0.000000,-0.000000,0.000000,0.000000,0.000000,0.000000,0.000000,0.000000
1455,1.455000,15,candle_2,candle,0.500000,0.075000,-0.450000,1.000000,0.000000,0.000000,-0.000000,0.000000,0.000000,0.000000,0.000000,0.000000,0.000000
1455,1.455000,16,candle_3,candle,0.500000,0.075000,0.450000,1.000000,0.000000,0.000000,-0.000000,0.000000,0.000000,0.000000,0.000000,0.000000,0.000000
1455,1.455000,17,pot,pot,0.000000,0.095000,0.000000,1.000000,0.000000,0.000000,-0.000000,0.000000,0.000000,0.000000,0.000000,0.000000,0.000000
1460,1.460000,1,plate_0,plate,-0.320000,0.040000,-0.280000,1.000000,0.000000,0.000000,-0.000000,0.000000,0.000000,0.000000,0.000000,0.000000,0.000000
1460,1.460000,2,fork_0,fork,-0.450000,0.035000,-0.280000,0.707107,0.000000,0.707107,0.000000,0.000000,0.000000,0.000000,0.000000,0.000000,0.000000
1460,1.460000,3,knife_0,knife,-0.190000,0.035000,-0.280000,0.707107,0.000000,0.707107,0.000000,0.000000,0.000000,0.000000,0.000000,0.000000,0.000000
1460,1.460000,4,plate_1,plate,-0.320000,0.040000,0.280000,1.000000,0.000000,0.000000,-0.000000,0.000000,0.000000,0.000000,0.000000,0.000000,0.000000
1460,1.460000,5,fork_1,fork,-0.190000,0.035000,0.280000,0.707107,0.000000,0.707107,0.000000,0.000000,0.000000,0.000000,0.000000,0.000000,0.000000
1460,1.460000,6,knife_1,knife,-0.450000,0.035000,0.280000,0.707107,0.000000,0.707107,0.000000,0.000000,0.000000,0.000000,0.000000,0.000000,0.000000
1460,1.460000,7,plate_2,plate,0.320000,0.040000,-0.280000,1.000000,0.000000,0.000000,-0.000000,0.000000,0.000000,0.000000,0.000000,0.000000,0.000000
1460,1.460000,8,fork_2,fork,0.190000,0.035000,-0.280000,0.707107,0.000000,0.707107,0.000000,0.000000,0.000000,0.000000,0.000000,0.000000,0.000000
1460,1.460000,9,knife_2,knife,0.450000,0.035000,-0.280000,0.707107,0.000000,0.707107,0.000000,0.000000,0.000000,0.000000,0.000000,0.000000,0.000000
1460,1.460000,10,plate_3,plate,0.320000,0.040000,0.280000,1.000000,0.000000,0.000000,-0.000000,0.000000,0.000000,0.000000,0.000000,0.000000,0.000000
1460,1.460000,11,fork_3,fork,0.450000,0.035000,0.280000,0.707107,0.000000,0.707107,0.000000,0.000000,0.000000,0.000000,0.000000,0.000000,0.000000
1460,1.460000,12,knife_3,knife,0.190000,0.035000,0.280000,0.707107,0.000000,0.707107,0.000000,0.000000,0.000000,0.000000,0.000000,0.000000,0.000000
1460,1.460000,13,candle_0,candle,-0.500000,0.075000,-0.450000,1.000000,0.000000,0.000000,-0.000000,0.000000,0.000000,0.000000,0.000000,0.000000,0.000000
1460,1.460000,14,candle_1,candle,-0.500000,0.075000,0.450000,1.000000,0.000000,0.000000,-0.000000,0.000000,0.000000,0.000000,0.000000,0.000000,0.000000
1460,1.460000,15,candle_2,candle,0.500000,0.075000,-0.450000,1.000000,0.000000,0.000000,-0.000000,0.000000,0.000000,0.000000,0.000000,0.000000,0.000000
1460,1.460000,16,candle_3,candle,0.500000,0.075000,0.450000,1.000000,0.000000,0.000000,-0.000000,0.000000,0.000000,0.000000,0.000000,0.000000,0.000000
1460,1.460000,17,pot,pot,0.000000,0.095000,0.000000,1.000000,0.000000,0.000000,-0.000000,0.000000,0.000000,0.000000,0.000000,0.000000,0.000000
1465,1.465000,1,plate_0,plate,-0.320000,0.040000,-0.280000,1.000000,0.000000,0.000000,-0.000000,0.000000,0.000000,0.000000,0.000000,0.000000,0.000000
1465,1.465000,2,fork_0,fork,-0.450000,0.035000,-0.280000,0.707107,0.000000,0.707107,0.000000,0.000000,0.000000,0.000000,0.000000,0.000000,0.000000
1465,1.465000,3,knife_0,knife,-0.190000,0.035000,-0.280000,0.707107,0.000000,0.707107,0.000000,0.000000,0.000000,0.000000,0.000000,0.000000,0.000000
1465,1.465000,4,plate_1,plate,-0.320000,0.040000,0.280000,1.000000,0.000000,0.000000,-0.000000,0.000000,0.000000,0.000000,0.000000,0.000000,0.000000
1465,1.465000,5,fork_1,fork,-0.190000,0.035000,0.280000,0.707107,0.000000,0.707107,0.000000,0.000000,0.000000,0.000000,0.000000,0.000000,0.000000
1465,1.465000,6,knife_1,knife,-0.450000,0.035000,0.280000,0.707107,0.000000,0.707107,0.000000,0.000000,0.000000,0.000000,0.000000,0.000000,0.000000
1465,1.465000,7,plate_2,plate,0.320000,0.040000,-0.280000,1.000000,0.000000,0.000000,-0.000000,0.000000,0.000000,0.000000,0.000000,0.000000,0.000000
1465,1.465000,8,fork_2,fork,0.190000,0.035000,-0.280000,0.707107,0.000000,0.707107,0.000000,0.000000,0.000000,0.000000,0.000000,0.000000,0.000000
1465,1.465000,9,knife_2,knife,0.450000,0.035000,-0.280000,0.707107,0.000000,0.707107,0.000000,0.000000,0.000000,0.000000,0.000000,0.000000,0.000000
1465,1.465000,10,plate_3,plate,0.320000,0.040000,0.280000,1.000000,0.000000,0.000000,-0.000000,0.000000,0.000000,0.000000,0.000000,0.000000,0.000000
1465,1.465000,11,fork_3,fork,0.450000,0.035000,0.280000,0.707107,0.000000,0.707107,0.000000,0.000000,0.000000,0.000000,0.000000,0.000000,0.000000
1465,1.465000,12,knife_3,knife,0.190000,0.035000,0.280000,0.707107,0.000000,0.707107,0.000000,0.000000,0.000000,0.000000,0.000000,0.000000,0.000000
1465,1.465000,13,candle_0,candle,-0.500000,0.075000,-0.450000,1.000000,0.000000,0.000000,-0.000000,0.000000,0.000000,0.000000,0.000000,0.000000,0.000000
1465,1.465000,14,candle_1,candle,-0.500000,0.075000,0.450000,1.000000,0.000000,0.000000,-0.000000,0.000000,0.000000,0.000000,0.000000,0.000000,0.000000
1465,1.465000,15,candle_2,candle,0.500000,0.075000,-0.450000,1.000000,0.000000,0.000000,-0.000000,0.000000,0.000000,0.000000,0.000000,0.000000,0.000000
1465,1.465000,16,candle_3,candle,0.500000,0.075000,0.450000,1.000000,0.000000,0.000000,-0.000000,0.000000,0.000000,0.000000,0.000000,0.000000,0.000000
1465,1.465000,17,pot,pot,0.000000,0.095000,0.000000,1.000000,0.000000,0.000000,-0.000000,0.000000,0.000000,0.000000,0.000000,0.000000,0.000000
1470,1.470000,1,plate_0,plate,-0.320000,0.040000,-0.280000,1.000000,0.000000,0.000000,-0.000000,0.000000,0.000000,0.000000,0.000000,0.000000,0.000000
1470,1.470000,2,fork_0,fork,-0.450000,0.035000,-0.280000,0.707107,0.000000,0.707107,0.000000,0.000000,0.000000,0.000000,0.000000,0.000000,0.000000
1470,1.470000,3,knife_0,knife,-0.190000,0.035000,-0.280000,0.707107,0.000000,0.707107,0.000000,0.000000,0.000000,0.000000,0.000000,0.000000,0.000000
1470,1.470000,4,plate_1,plate,-0.320000,0.040000,0.280000,1.000000,0.000000,0.000000,-0.000000,0.000000,0.000000,0.000000,0.000000,0.000000,0.000000
1470,1.470000,5,fork_1,fork,-0.190000,0.035000,0.280000,0.707107,0.000000,0.707107,0.000000,0.000000,0.000000,0.000000,0.000000,0.000000,0.000000
1470,1.470000,6,knife_1,knife,-0.450000,0.035000,0.280000,0.707107,0.000000,0.707107,0.000000,0.000000,0.000000,0.000000,0.000000,0.000000,0.000000
1470,1.470000,7,plate_2,plate,0.320000,0.040000,-0.280000,1.000000,0.000000,0.000000,-0.000000,0.000000,0.000000,0.000000,0.000000,0.000000,0.000000
1470,1.470000,8,fork_2,fork,0.190000,0.035000,-0.280000,0.707107,0.000000,0.707107,0.000000,0.000000,0.000000,0.000000,0.000000,0.000000,0.000000
1470,1.470000,9,knife_2,knife,0.450000,0.035000,-0.280000,0.707107,0.000000,0.707107,0.000000,0.000000,0.000000,0.000000,0.000000,0.000000,0.000000
1470,1.470000,10,plate_3,plate,0.320000,0.040000,0.280000,1.000000,0.000000,0.000000,-0.000000,0.000000,0.000000,0.000000,0.000000,0.000000,0.000000
1470,1.470000,11,fork_3,fork,0.450000,0.035000,0.280000,0.707107,0.000000,0.707107,0.000000,0.000000,0.000000,0.000000,0.000000,0.000000,0.000000
1470,1.470000,12,knife_3,knife,0.190000,0.035000,0.280000,0.707107,0.000000,0.707107,0.000000,0.000000,0.000000,0.000000,0.000000,0.000000,0.000000
1470,1.470000,13,candle_0,candle,-0.500000,0.075000,-0.450000,1.000000,0.000000,0.000000,-0.000000,0.000000,0.000000,0.000000,0.000000,0.000000,0.000000
1470,1.470000,14,candle_1,candle,-0.500000,0.075000,0.450000,1.000000,0.000000,0.000000,-0.000000,0.000000,0.000000,0.000000,0.000000,0.000000,0.000000
1470,1.470000,15,candle_2,candle,0.500000,0.075000,-0.450000,1.000000,0.000000,0.000000,-0.000000,0.000000,0.000000,0.000000,0.000000,0.000000,0.000000
1470,1.470000,16,candle_3,candle,0.500000,0.075000,0.450000,1.000000,0.000000,0.000000,-0.000000,0.000000,0.000000,0.000000,0.000000,0.000000,0.000000
1470,1.470000,17,pot,pot,0.000000,0.095000,0.000000,1.000000,0.000000,0.000000,-0.000000,0.000000,0.000000,0.000000,0.000000,0.000000,0.000000
1475,1.475000,1,plate_0,plate,-0.320000,0.040000,-0.280000,1.000000,0.000000,0.000000,-0.000000,0.000000,0.000000,0.000000,0.000000,0.000000,0.000000
1475,1.475000,2,fork_0,fork,-0.450000,0.035000,-0.280000,0.707107,0.000000,0.707107,0.000000,0.000000,0.000000,0.000000,0.000000,0.000000,0.000000
1475,1.475000,3,knife_0,knife,-0.190000,0.035000,-0.280000,0.707107,0.000000,0.707107,0.000000,0.000000,0.000000,0.000000,0.000000,0.000000,0.000000
1475,1.475000,4,plate_1,plate,-0.320000,0.040000,0.280000,1.000000,0.000000,0.000000,-0.000000,0.000000,0.000000,0.000000,0.000000,0.000000,0.000000
1475,1.475000,5,fork_1,fork,-0.190000,0.035000,0.280000,0.707107,0.000000,0.707107,0.000000,0.000000,0.000000,0.000000,0.000000,0.000000,0.000000
1475,1.475000,6,knife_1,knife,-0.450000,0.035000,0.280000,0.707107,0.000000,0.707107,0.000000,0.000000,0.000000,0.000000,0.000000,0.000000,0.000000
1475,1.475000,7,plate_2,plate,0.320000,0.040000,-0.280000,1.000000,0.000000,0.000000,-0.000000,0.000000,0.000000,0.000000,0.000000,0.000000,0.000000
1475,1.475000,8,fork_2,fork,0.190000,0.035000,-0.280000,0.707107,0.000000,0.707107,0.000000,0.000000,0.000000,0.000000,0.000000,0.000000,0.000000
1475,1.475000,9,knife_2,knife,0.450000,0.035000,-0.280000,0.707107,0.000000,0.707107,0.000000,0.000000,0.000000,0.000000,0.000000,0.000000,0.000000
1475,1.475000,10,plate_3,plate,0.320000,0.040000,0.280000,1.000000,0.000000,0.000000,-0.000000,0.000000,0.000000,0.000000,0.000000,0.000000,0.000000
1475,1.475000,11,fork_3,fork,0.450000,0.035000,0.280000,0.707107,0.000000,0.707107,0.000000,0.000000,0.000000,0.000000,0.000000,0.000000,0.000000
1475,1.475000,12,knife_3,knife,0.190000,0.035000,0.280000,0.707107,0.000000,0.707107,0.000000,0.000000,0.000000,0.000000,0.000000,0.000000,0.000000
1475,1.475000,13,candle_0,candle,-0.500000,0.075000,-0.450000,1.000000,0.000000,0.000000,-0.000000,0.000000,0.000000,0.000000,0.000000,0.000000,0.000000
1475,1.475000,14,candle_1,candle,-0.500000,0.075000,0.450000,1.000000,0.000000,0.000000,-0.000000,0.000000,0.000000,0.000000,0.000000,0.000000,0.000000
1475,1.475000,15,candle_2,candle,0.500000,0.075000,-0.450000,1.000000,0.000000,0.000000,-0.000000,0.000000,0.000000,0.000000,0.000000,0.000000,0.000000
1475,1.475000,16,candle_3,candle,0.500000,0.075000,0.450000,1.000000,0.000000,0.000000,-0.000000,0.000000,0.000000,0.000000,0.000000,0.000000,0.000000
1475,1.475000,17,pot,pot,0.000000,0.095000,0.000000,1.000000,0.000000,0.000000,-0.000000,0.000000,0.000000,0.000000,0.000000,0.000000,0.000000
1480,1.480000,1,plate_0,plate,-0.320000,0.040000,-0.280000,1.000000,0.000000,0.000000,-0.000000,0.000000,0.000000,0.000000,0.000000,0.000000,0.000000
1480,1.480000,2,fork_0,fork,-0.450000,0.035000,-0.280000,0.707107,0.000000,0.707107,0.000000,0.000000,0.000000,0.000000,0.000000,0.000000,0.000000
1480,1.480000,3,knife_0,knife,-0.190000,0.035000,-0.280000,0.707107,0.000000,0.707107,0.000000,0.000000,0.000000,0.000000,0.000000,0.000000,0.000000
1480,1.480000,4,plate_1,plate,-0.320000,0.040000,0.280000,1.000000,0.000000,0.000000,-0.000000,0.000000,0.000000,0.000000,0.000000,0.000000,0.000000
1480,1.480000,5,fork_1,fork,-0.190000,0.035000,0.280000,0.707107,0.000000,0.707107,0.000000,0.000000,0.000000,0.000000,0.000000,0.000000,0.000000
1480,1.480000,6,knife_1,knife,-0.450000,0.035000,0.280000,0.707107,0.000000,0.707107,0.000000,0.000000,0.000000,0.000000,0.000000,0.000000,0.000000
1480,1.480000,7,plate_2,plate,0.320000,0.040000,-0.280000,1.000000,0.000000,0.000000,-0.000000,0.000000,0.000000,0.000000,0.000000,0.000000,0.000000
1480,1.480000,8,fork_2,fork,0.190000,0.035000,-0.280000,0.707107,0.000000,0.707107,0.000000,0.000000,0.000000,0.000000,0.000000,0.000000,0.000000
1480,1.480000,9,knife_2,knife,0.450000,0.035000,-0.280000,0.707107,0.000000,0.707107,0.000000,0.000000,0.000000,0.000000,0.000000,0.000000,0.000000
1480,1.480000,10,plate_3,plate,0.320000,0.040000,0.280000,1.000000,0.000000,0.000000,-0.000000,0.000000,0.000000,0.000000,0.000000,0.000000,0.000000
1480,1.480000,11,fork_3,fork,0.450000,0.035000,0.280000,0.707107,0.000000,0.707107,0.000000,0.000000,0.000000,0.000000,0.000000,0.000000,0.000000
1480,1.480000,12,knife_3,knife,0.190000,0.035000,0.280000,0.707107,0.000000,0.707107,0.000000,0.000000,0.000000,0.000000,0.000000,0.000000,0.000000
1480,1.480000,13,candle_0,candle,-0.500000,0.075000,-0.450000,1.000000,0.000000,0.000000,-0.000000,0.000000,0.000000,0.000000,0.000000,0.000000,0.000000
1480,1.480000,14,candle_1,candle,-0.500000,0.075000,0.450000,1.000000,0.000000,0.000000,-0.000000,0.000000,0.000000,0.000000,0.000000,0.000000,0.000000
1480,1.480000,15,candle_2,candle,0.500000,0.075000,-0.450000,1.000000,0.000000,0.000000,-0.000000,0.000000,0.000000,0.000000,0.000000,0.000000,0.000000
1480,1.480000,16,candle_3,candle,0.500000,0.075000,0.450000,1.000000,0.000000,0.000000,-0.000000,0.000000,0.000000,0.000000,0.000000,0.000000,0.000000
1480,1.480000,17,pot,pot,0.000000,0.095000,0.000000,1.000000,0.000000,0.000000,-0.000000,0.000000,0.000000,0.000000,0.000000,0.000000,0.000000
1485,1.485000,1,plate_0,plate,-0.320000,0.040000,-0.280000,1.000000,0.000000,0.000000,-0.000000,0.000000,0.000000,0.000000,0.000000,0.000000,0.000000
1485,1.485000,2,fork_0,fork,-0.450000,0.035000,-0.280000,0.707107,0.000000,0.707107,0.000000,0.000000,0.000000,0.000000,0.000000,0.000000,0.000000
1485,1.485000,3,knife_0,knife,-0.190000,0.035000,-0.280000,0.707107,0.000000,0.707107,0.000000,0.000000,0.000000,0.000000,0.000000,0.000000,0.000000
1485,1.485000,4,plate_1,plate,-0.320000,0.040000,0.280000,1.000000,0.000000,0.000000,-0.000000,0.000000,0.000000,0.000000,0.000000,0.000000,0.000000
1485,1.485000,5,fork_1,fork,-0.190000,0.035000,0.280000,0.707107,0.000000,0.707107,0.000000,0.000000,0.000000,0.000000,0.000000,0.000000,0.000000
1485,1.485000,6,knife_1,knife,-0.450000,0.035000,0.280000,0.707107,0.000000,0.707107,0.000000,0.000000,0.000000,0.000000,0.000000,0.000000,0.000000
1485,1.485000,7,plate_2,plate,0.320000,0.040000,-0.280000,1.000000,0.000000,0.000000,-0.000000,0.000000,0.000000,0.000000,0.000000,0.000000,0.000000
1485,1.485000,8,fork_2,fork,0.190000,0.035000,-0.280000,0.707107,0.000000,0.707107,0.000000,0.000000,0.000000,0.000000,0.000000,0.000000,0.000000
1485,1.485000,9,knife_2,knife,0.450000,0.035000,-0.280000,0.707107,0.000000,0.707107,0.000000,0.000000,0.000000,0.000000,0.000000,0.000000,0.000000
1485,1.485000,10,plate_3,plate,0.320000,0.040000,0.280000,1.000000,0.000000,0.000000,-0.000000,0.000000,0.000000,0.000000,0.000000,0.000000,0.000000
1485,1.485000,11,fork_3,fork,0.450000,0.035000,0.280000,0.707107,0.000000,0.707107,0.000000,0.000000,0.000000,0.000000,0.000000,0.000000,0.000000
1485,1.485000,12,knife_3,knife,0.190000,0.035000,0.280000,0.707107,0.000000,0.707107,0.000000,0.000000,0.000000,0.000000,0.000000,0.000000,0.000000
1485,1.485000,13,candle_0,candle,-0.500000,0.075000,-0.450000,1.000000,0.000000,0.000000,-0.000000,0.000000,0.000000,0.000000,0.000000,0.000000,0.000000
1485,1.485000,14,candle_1,candle,-0.500000,0.075000,0.450000,1.000000,0.000000,0.000000,-0.000000,0.000000,0.000000,0.000000,0.000000,0.000000,0.000000
1485,1.485000,15,candle_2,candle,0.500000,0.075000,-0.450000,1.000000,0.000000,0.000000,-0.000000,0.000000,0.000000,0.000000,0.000000,0.000000,0.000000
1485,1.485000,16,candle_3,candle,0.500000,0.075000,0.450000,1.000000,0.000000,0.000000,-0.000000,0.000000,0.000000,0.000000,0.000000,0.000000,0.000000
1485,1.485000,17,pot,pot,0.000000,0.095000,0.000000,1.000000,0.000000,0.000000,-0.000000,0.000000,0.000000,0.000000,0.000000,0.000000,0.000000
1490,1.490000,1,plate_0,plate,-0.320000,0.040000,-0.280000,1.000000,0.000000,0.000000,-0.000000,0.000000,0.000000,0.000000,0.000000,0.000000,0.000000
1490,1.490000,2,fork_0,fork,-0.450000,0.035000,-0.280000,0.707107,0.000000,0.707107,0.000000,0.000000,0.000000,0.000000,0.000000,0.000000,0.000000
1490,1.490000,3,knife_0,knife,-0.190000,0.035000,-0.280000,0.707107,0.000000,0.707107,0.000000,0.000000,0.000000,0.000000,0.000000,0.000000,0.000000
1490,1.490000,4,plate_1,plate,-0.320000,0.040000,0.280000,1.000000,0.000000,0.000000,-0.000000,0.000000,0.000000,0.000000,0.000000,0.000000,0.000000
1490,1.490000,5,fork_1,fork,-0.190000,0.035000,0.280000,0.707107,0.000000,0.707107,0.000000,0.000000,0.000000,0.000000,0.000000,0.000000,0.000000
1490,1.490000,6,knife_1,knife,-0.450000,0.035000,0.280000,0.707107,0.000000,0.707107,0.000000,0.000000,0.000000,0.000000,0.000000,0.000000,0.000000
1490,1.490000,7,plate_2,plate,0.320000,0.040000,-0.280000,1.000000,0.000000,0.000000,-0.000000,0.000000,0.000000,0.000000,0.000000,0.000000,0.000000
1490,1.490000,8,fork_2,fork,0.190000,0.035000,-0.280000,0.707107,0.000000,0.707107,0.000000,0.000000,0.000000,0.000000,0.000000,0.000000,0.000000
1490,1.490000,9,knife_2,knife,0.450000,0.035000,-0.280000,0.707107,0.000000,0.707107,0.000000,0.000000,0.000000,0.000000,0.000000,0.000000,0.000000
1490,1.490000,10,plate_3,plate,0.320000,0.040000,0.280000,1.000000,0.000000,0.000000,-0.000000,0.000000,0.000000,0.000000,0.000000,0.000000,0.000000
1490,1.490000,11,fork_3,fork,0.450000,0.035000,0.280000,0.707107,0.000000,0.707107,0.000000,0.000000,0.000000,0.000000,0.000000,0.000000,0.000000
1490,1.490000,12,knife_3,knife,0.190000,0.035000,0.280000,0.707107,0.000000,0.707107,0.000000,0.000000,0.000000,0.000000,0.000000,0.000000,0.000000
1490,1.490000,13,candle_0,candle,-0.500000,0.075000,-0.450000,1.000000,0.000000,0.000000,-0.000000,0.000000,0.000000,0.000000,0.000000,0.000000,0.000000
1490,1.490000,14,candle_1,candle,-0.500000,0.075000,0.450000,1.000000,0.000000,0.000000,-0.000000,0.000000,0.000000,0.000000,0.000000,0.000000,0.000000
1490,1.490000,15,candle_2,candle,0.500000,0.075000,-0.450000,1.000000,0.000000,0.000000,-0.000000,0.000000,0.000000,0.000000,0.000000,0.000000,0.000000
1490,1.490000,16,candle_3,candle,0.500000,0.075000,0.450000,1.000000,0.000000,0.000000,-0.000000,0.000000,0.000000,0.000000,0.000000,0.000000,0.000000
1490,1.490000,17,pot,pot,0.000000,0.095000,0.000000,1.000000,0.000000,0.000000,-0.000000,0.000000,0.000000,0.000000,0.000000,0.000000,0.000000
1495,1.495000,1,plate_0,plate,-0.320000,0.040000,-0.280000,1.000000,0.000000,0.000000,-0.000000,0.000000,0.000000,0.000000,0.000000,0.000000,0.000000
1495,1.495000,2,fork_0,fork,-0.450000,0.035000,-0.280000,0.707107,0.000000,0.707107,0.000000,0.000000,0.000000,0.000000,0.000000,0.000000,0.000000
1495,1.495000,3,knife_0,knife,-0.190000,0.035000,-0.280000,0.707107,0.000000,0.707107,0.000000,0.000000,0.000000,0.000000,0.000000,0.000000,0.000000
1495,1.495000,4,plate_1,plate,-0.320000,0.040000,0.280000,1.000000,0.000000,0.000000,-0.000000,0.000000,0.000000,0.000000,0.000000,0.000000,0.000000
1495,1.495000,5,fork_1,fork,-0.190000,0.035000,0.280000,0.707107,0.000000,0.707107,0.000000,0.000000,0.000000,0.000000,0.000000,0.000000,0.000000
1495,1.495000,6,knife_1,knife,-0.450000,0.035000,0.280000,0.707107,0.000000,0.707107,0.000000,0.000000,0.000000,0.000000,0.000000,0.000000,0.000000
1495,1.495000,7,plate_2,plate,0.320000,0.040000,-0.280000,1.000000,0.000000,0.000000,-0.000000,0.000000,0.000000,0.000000,0.000000,0.000000,0.000000
1495,1.495000,8,fork_2,fork,0.190000,0.035000,-0.280000,0.707107,0.000000,0.707107,0.000000,0.000000,0.000000,0.000000,0.000000,0.000000,0.000000
1495,1.495000,9,knife_2,knife,0.450000,0.035000,-0.280000,0.707107,0.000000,0.707107,0.000000,0.000000,0.000000,0.000000,0.000000,0.000000,0.000000
1495,1.495000,10,plate_3,plate,0.320000,0.040000,0.280000,1.000000,0.000000,0.000000,-0.000000,0.000000,0.000000,0.000000,0.000000,0.000000,0.000000
1495,1.495000,11,fork_3,fork,0.450000,0.035000,0.280000,0.707107,0.000000,0.707107,0.000000,0.000000,0.000000,0.000000,0.000000,0.000000,0.000000
1495,1.495000,12,knife_3,knife,0.190000,0.035000,0.280000,0.707107,0.000000,0.707107,0.000000,0.000000,0.000000,0.000000,0.000000,0.000000,0.000000
1495,1.495000,13,candle_0,candle,-0.500000,0.075000,-0.450000,1.000000,0.000000,0.000000,-0.000000,0.000000,0.000000,0.000000,0.000000,0.000000,0.000000
1495,1.495000,14,candle_1,candle,-0.500000,0.075000,0.450000,1.000000,0.000000,0.000000,-0.000000,0.000000,0.000000,0.000000,0.000000,0.000000,0.000000
1495,1.495000,15,candle_2,candle,0.500000,0.075000,-0.450000,1.000000,0.000000,0.000000,-0.000000,0.000000,0.000000,0.000000,0.000000,0.000000,0.000000
1495,1.495000,16,candle_3,candle,0.500000,0.075000,0.450000,1.000000,0.000000,0.000000,-0.000000,0.000000,0.000000,0.000000,0.000000,0.000000,0.000000
1495,1.495000,17,pot,pot,0.000000,0.095000,0.000000,1.000000,0.000000,0.000000,-0.000000,0.000000,0.000000,0.000000,0.000000,0.000000,0.000000
1500,1.500000,1,plate_0,plate,-0.320000,0.040000,-0.280000,1.000000,0.000000,0.000000,-0.000000,0.000000,0.000000,0.000000,0.000000,0.000000,0.000000
1500,1.500000,2,fork_0,fork,-0.450000,0.035000,-0.280000,0.707107,0.000000,0.707107,0.000000,0.000000,0.000000,0.000000,0.000000,0.000000,0.000000
1500,1.500000,3,knife_0,knife,-0.190000,0.035000,-0.280000,0.707107,0.000000,0.707107,0.000000,0.000000,0.000000,0.000000,0.000000,0.000000,0.000000
1500,1.500000,4,plate_1,plate,-0.320000,0.040000,0.280000,1.000000,0.000000,0.000000,-0.000000,0.000000,0.000000,0.000000,0.000000,0.000000,0.000000
1500,1.500000,5,fork_1,fork,-0.190000,0.035000,0.280000,0.707107,0.000000,0.707107,0.000000,0.000000,0.000000,0.000000,0.000000,0.000000,0.000000
1500,1.500000,6,knife_1,knife,-0.450000,0.035000,0.280000,0.707107,0.000000,0.707107,0.000000,0.000000,0.000000,0.000000,0.000000,0.000000,0.000000
1500,1.500000,7,plate_2,plate,0.320000,0.040000,-0.280000,1.000000,0.000000,0.000000,-0.000000,0.000000,0.000000,0.000000,0.000000,0.000000,0.000000
1500,1.500000,8,fork_2,fork,0.190000,0.035000,-0.280000,0.707107,0.000000,0.707107,0.000000,0.000000,0.000000,0.000000,0.000000,0.000000,0.000000
1500,1.500000,9,knife_2,knife,0.450000,0.035000,-0.280000,0.707107,0.000000,0.707107,0.000000,0.000000,0.000000,0.000000,0.000000,0.000000,0.000000
1500,1.500000,10,plate_3,plate,0.320000,0.040000,0.280000,1.000000,0.000000,0.000000,-0.000000,0.000000,0.000000,0.000000,0.000000,0.000000,0.000000
1500,1.500000,11,fork_3,fork,0.450000,0.035000,0.280000,0.707107,0.000000,0.707107,0.000000,0.000000,0.000000,0.000000,0.000000,0.000000,0.000000
1500,1.500000,12,knife_3,knife,0.190000,0.035000,0.280000,0.707107,0.000000,0.707107,0.000000,0.000000,0.000000,0.000000,0.000000,0.000000,0.000000
1500,1.500000,13,candle_0,candle,-0.500000,0.075000,-0.450000,1.000000,0.000000,0.000000,-0.000000,0.000000,0.000000,0.000000,0.000000,0.000000,0.000000
1500,1.500000,14,candle_1,candle,-0.500000,0.075000,0.450000,1.000000,0.000000,0.000000,-0.000000,0.000000,0.000000,0.000000,0.000000,0.000000,0.000000
1500,1.500000,15,candle_2,candle,0.500000,0.075000,-0.450000,1.000000,0.000000,0.000000,-0.000000,0.000000,0.000000,0.000000,0.000000,0.000000,0.000000
1500,1.500000,16,candle_3,candle,0.500000,0.075000,0.450000,1.000000,0.000000,0.000000,-0.000000,0.000000,0.000000,0.000000,0.000000,0.000000,0.000000
1500,1.500000,17,pot,pot,0.000000,0.095000,0.000000,1.000000,0.000000,0.000000,-0.000000,0.000000,0.000000,0.000000,0.000000,0.000000,0.000000
