step,t,E_rigid_KE,E_modal,dE_rigid_loss,dE_modal_injected,dE_modal_extracted,cum_E_loss,cum_E_budget_eta,cum_E_injected,cum_E_extracted,alpha,eta,beta,n_active_kicks,n_active_contacts
0,0.005000,6.014756e-02,0.000000e+00,0.000000e+00,0.000000e+00,0.000000e+00,0.000000e+00,0.000000e+00,0.000000e+00,0.000000e+00,0.000000e+00,9.500000e-01,2.500000e-01,1,16
1,0.010000,2.405903e-01,0.000000e+00,0.000000e+00,0.000000e+00,0.000000e+00,0.000000e+00,0.000000e+00,0.000000e+00,0.000000e+00,0.000000e+00,9.500000e-01,2.500000e-01,1,16
2,0.015000,5.413281e-01,0.000000e+00,0.000000e+00,0.000000e+00,0.000000e+00,0.000000e+00,0.000000e+00,0.000000e+00,0.000000e+00,0.000000e+00,9.500000e-01,2.500000e-01,1,16
3,0.020000,9.623610e-01,0.000000e+00,0.000000e+00,0.000000e+00,0.000000e+00,0.000000e+00,0.000000e+00,0.000000e+00,0.000000e+00,0.000000e+00,9.500000e-01,2.500000e-01,1,16
4,0.025000,1.503689e+00,0.000000e+00,0.000000e+00,0.000000e+00,0.000000e+00,0.000000e+00,0.000000e+00,0.000000e+00,0.000000e+00,0.000000e+00,9.500000e-01,2.500000e-01,1,16
5,0.030000,2.165312e+00,0.000000e+00,0.000000e+00,0.000000e+00,0.000000e+00,0.000000e+00,0.000000e+00,0.000000e+00,0.000000e+00,0.000000e+00,9.500000e-01,2.500000e-01,1,16
6,0.035000,2.947231e+00,0.000000e+00,0.000000e+00,0.000000e+00,0.000000e+00,0.000000e+00,0.000000e+00,0.000000e+00,0.000000e+00,0.000000e+00,9.500000e-01,2.500000e-01,1,16
7,0.040000,3.849444e+00,0.000000e+00,0.000000e+00,0.000000e+00,0.000000e+00,0.000000e+00,0.000000e+00,0.000000e+00,0.000000e+00,0.000000e+00,9.500000e-01,2.500000e-01,1,16
8,0.045000,4.871953e+00,0.000000e+00,0.000000e+00,0.000000e+00,0.000000e+00,0.000000e+00,0.000000e+00,0.000000e+00,0.000000e+00,0.000000e+00,9.500000e-01,2.500000e-01,1,16
9,0.050000,6.014756e+00,0.000000e+00,0.000000e+00,0.000000e+00,0.000000e+00,0.000000e+00,0.000000e+00,0.000000e+00,0.000000e+00,0.000000e+00,9.500000e-01,2.500000e-01,1,16
10,0.055000,7.277855e+00,0.000000e+00,0.000000e+00,0.000000e+00,0.000000e+00,0.000000e+00,0.000000e+00,0.000000e+00,0.000000e+00,0.000000e+00,9.500000e-01,2.500000e-01,1,16
11,0.060000,8.661249e+00,0.000000e+00,0.000000e+00,0.000000e+00,0.000000e+00,0.000000e+00,0.000000e+00,0.000000e+00,0.000000e+00,0.000000e+00,9.500000e-01,2.500000e-01,1,16
12,0.065000,1.016494e+01,0.000000e+00,0.000000e+00,0.000000e+00,0.000000e+00,0.000000e+00,0.000000e+00,0.000000e+00,0.000000e+00,0.000000e+00,9.500000e-01,2.500000e-01,1,16
13,0.070000,1.178892e+01,0.000000e+00,0.000000e+00,0.000000e+00,0.000000e+00,0.000000e+00,0.000000e+00,0.000000e+00,0.000000e+00,0.000000e+00,9.500000e-01,2.500000e-01,1,16
14,0.075000,1.353320e+01,0.000000e+00,0.000000e+00,0.000000e+00,0.000000e+00,0.000000e+00,0.000000e+00,0.000000e+00,0.000000e+00,0.000000e+00,9.500000e-01,2.500000e-01,1,16
15,0.080000,1.539778e+01,0.000000e+00,0.000000e+00,0.000000e+00,0.000000e+00,0.000000e+00,0.000000e+00,0.000000e+00,0.000000e+00,0.000000e+00,9.500000e-01,2.500000e-01,1,16
16,0.085000,1.738265e+01,0.000000e+00,0.000000e+00,0.000000e+00,0.000000e+00,0.000000e+00,0.000000e+00,0.000000e+00,0.000000e+00,0.000000e+00,9.500000e-01,2.500000e-01,1,16
17,0.090000,1.948781e+01,0.000000e+00,0.000000e+00,0.000000e+00,0.000000e+00,0.000000e+00,0.000000e+00,0.000000e+00,0.000000e+00,0.000000e+00,9.500000e-01,2.500000e-01,1,16
18,0.095000,2.171327e+01,0.000000e+00,0.000000e+00,0.000000e+00,0.000000e+00,0.000000e+00,0.000000e+00,0.000000e+00,0.000000e+00,0.000000e+00,9.500000e-01,2.500000e-01,1,16
19,0.100000,2.405903e+01,0.000000e+00,0.000000e+00,0.000000e+00,0.000000e+00,0.000000e+00,0.000000e+00,0.000000e+00,0.000000e+00,0.000000e+00,9.500000e-01,2.500000e-01,1,16
20,0.105000,2.652508e+01,0.000000e+00,0.000000e+00,0.000000e+00,0.000000e+00,0.000000e+00,0.000000e+00,0.000000e+00,0.000000e+00,0.000000e+00,9.500000e-01,2.500000e-01,1,16
21,0.110000,2.911142e+01,0.000000e+00,0.000000e+00,0.000000e+00,0.000000e+00,0.000000e+00,0.000000e+00,0.000000e+00,0.000000e+00,0.000000e+00,9.500000e-01,2.500000e-01,1,16
22,0.115000,3.181806e+01,0.000000e+00,0.000000e+00,0.000000e+00,0.000000e+00,0.000000e+00,0.000000e+00,0.000000e+00,0.000000e+00,0.000000e+00,9.500000e-01,2.500000e-01,1,16
23,0.120000,3.464500e+01,0.000000e+00,0.000000e+00,0.000000e+00,0.000000e+00,0.000000e+00,0.000000e+00,0.000000e+00,0.000000e+00,0.000000e+00,9.500000e-01,2.500000e-01,1,16
24,0.125000,3.759223e+01,0.000000e+00,0.000000e+00,0.000000e+00,0.000000e+00,0.000000e+00,0.000000e+00,0.000000e+00,0.000000e+00,0.000000e+00,9.500000e-01,2.500000e-01,1,16
25,0.130000,4.065975e+01,0.000000e+00,0.000000e+00,0.000000e+00,0.000000e+00,0.000000e+00,0.000000e+00,0.000000e+00,0.000000e+00,0.000000e+00,9.500000e-01,2.500000e-01,1,16
26,0.135000,4.384757e+01,0.000000e+00,0.000000e+00,0.000000e+00,0.000000e+00,0.000000e+00,0.000000e+00,0.000000e+00,0.000000e+00,0.000000e+00,9.500000e-01,2.500000e-01,1,16
27,0.140000,4.715569e+01,0.000000e+00,0.000000e+00,0.000000e+00,0.000000e+00,0.000000e+00,0.000000e+00,0.000000e+00,0.000000e+00,0.000000e+00,9.500000e-01,2.500000e-01,1,16
28,0.145000,5.058410e+01,0.000000e+00,0.000000e+00,0.000000e+00,0.000000e+00,0.000000e+00,0.000000e+00,0.000000e+00,0.000000e+00,0.000000e+00,9.500000e-01,2.500000e-01,1,16
29,0.150000,5.413281e+01,0.000000e+00,0.000000e+00,0.000000e+00,0.000000e+00,0.000000e+00,0.000000e+00,0.000000e+00,0.000000e+00,0.000000e+00,9.500000e-01,2.500000e-01,1,16
30,0.155000,5.780181e+01,0.000000e+00,0.000000e+00,0.000000e+00,0.000000e+00,0.000000e+00,0.000000e+00,0.000000e+00,0.000000e+00,0.000000e+00,9.500000e-01,2.500000e-01,1,16
31,0.160000,6.159110e+01,0.000000e+00,0.000000e+00,0.000000e+00,0.000000e+00,0.000000e+00,0.000000e+00,0.000000e+00,0.000000e+00,0.000000e+00,9.500000e-01,2.500000e-01,1,16
32,0.165000,6.550070e+01,0.000000e+00,0.000000e+00,0.000000e+00,0.000000e+00,0.000000e+00,0.000000e+00,0.000000e+00,0.000000e+00,0.000000e+00,9.500000e-01,2.500000e-01,1,16
33,0.170000,6.953058e+01,0.000000e+00,0.000000e+00,0.000000e+00,0.000000e+00,0.000000e+00,0.000000e+00,0.000000e+00,0.000000e+00,0.000000e+00,9.500000e-01,2.500000e-01,1,16
34,0.175000,7.368076e+01,0.000000e+00,0.000000e+00,0.000000e+00,0.000000e+00,0.000000e+00,0.000000e+00,0.000000e+00,0.000000e+00,0.000000e+00,9.500000e-01,2.500000e-01,1,16
35,0.180000,7.795124e+01,0.000000e+00,0.000000e+00,0.000000e+00,0.000000e+00,0.000000e+00,0.000000e+00,0.000000e+00,0.000000e+00,0.000000e+00,9.500000e-01,2.500000e-01,1,16
36,0.185000,8.234201e+01,0.000000e+00,0.000000e+00,0.000000e+00,0.000000e+00,0.000000e+00,0.000000e+00,0.000000e+00,0.000000e+00,0.000000e+00,9.500000e-01,2.500000e-01,1,16
37,0.190000,8.685308e+01,0.000000e+00,0.000000e+00,0.000000e+00,0.000000e+00,0.000000e+00,0.000000e+00,0.000000e+00,0.000000e+00,0.000000e+00,9.500000e-01,2.500000e-01,1,16
38,0.195000,9.148444e+01,0.000000e+00,0.000000e+00,0.000000e+00,0.000000e+00,0.000000e+00,0.000000e+00,0.000000e+00,0.000000e+00,0.000000e+00,9.500000e-01,2.500000e-01,1,16
39,0.200000,9.623610e+01,0.000000e+00,0.000000e+00,0.000000e+00,0.000000e+00,0.000000e+00,0.000000e+00,0.000000e+00,0.000000e+00,0.000000e+00,9.500000e-01,2.500000e-01,1,16
40,0.205000,1.011081e+02,0.000000e+00,0.000000e+00,0.000000e+00,0.000000e+00,0.000000e+00,0.000000e+00,0.000000e+00,0.000000e+00,0.000000e+00,9.500000e-01,2.500000e-01,1,16
41,0.210000,1.061003e+02,0.000000e+00,0.000000e+00,0.000000e+00,0.000000e+00,0.000000e+00,0.000000e+00,0.000000e+00,0.000000e+00,0.000000e+00,9.500000e-01,2.500000e-01,1,16
42,0.215000,1.112128e+02,0.000000e+00,0.000000e+00,0.000000e+00,0.000000e+00,0.000000e+00,0.000000e+00,0.000000e+00,0.000000e+00,0.000000e+00,9.500000e-01,2.500000e-01,1,16
43,0.220000,1.164457e+02,0.000000e+00,0.000000e+00,0.000000e+00,0.000000e+00,0.000000e+00,0.000000e+00,0.000000e+00,0.000000e+00,0.000000e+00,9.500000e-01,2.500000e-01,1,16
44,0.225000,1.217988e+02,0.000000e+00,0.000000e+00,0.000000e+00,0.000000e+00,0.000000e+00,0.000000e+00,0.000000e+00,0.000000e+00,0.000000e+00,9.500000e-01,2.500000e-01,1,16
45,0.230000,1.272722e+02,0.000000e+00,0.000000e+00,0.000000e+00,0.000000e+00,0.000000e+00,0.000000e+00,0.000000e+00,0.000000e+00,0.000000e+00,9.500000e-01,2.500000e-01,1,16
46,0.235000,1.328660e+02,0.000000e+00,0.000000e+00,0.000000e+00,0.000000e+00,0.000000e+00,0.000000e+00,0.000000e+00,0.000000e+00,0.000000e+00,9.500000e-01,2.500000e-01,1,16
47,0.240000,1.385800e+02,0.000000e+00,0.000000e+00,0.000000e+00,0.000000e+00,0.000000e+00,0.000000e+00,0.000000e+00,0.000000e+00,0.000000e+00,9.500000e-01,2.500000e-01,1,16
48,0.245000,1.444143e+02,0.000000e+00,0.000000e+00,0.000000e+00,0.000000e+00,0.000000e+00,0.000000e+00,0.000000e+00,0.000000e+00,0.000000e+00,9.500000e-01,2.500000e-01,1,16
49,0.250000,1.503689e+02,0.000000e+00,0.000000e+00,0.000000e+00,0.000000e+00,0.000000e+00,0.000000e+00,0.000000e+00,0.000000e+00,0.000000e+00,9.500000e-01,2.500000e-01,1,16
50,0.255000,1.564438e+02,0.000000e+00,0.000000e+00,0.000000e+00,0.000000e+00,0.000000e+00,0.000000e+00,0.000000e+00,0.000000e+00,0.000000e+00,9.500000e-01,2.500000e-01,1,16
51,0.260000,1.626390e+02,0.000000e+00,0.000000e+00,0.000000e+00,0.000000e+00,0.000000e+00,0.000000e+00,0.000000e+00,0.000000e+00,0.000000e+00,9.500000e-01,2.500000e-01,1,16
52,0.265000,1.689545e+02,0.000000e+00,0.000000e+00,0.000000e+00,0.000000e+00,0.000000e+00,0.000000e+00,0.000000e+00,0.000000e+00,0.000000e+00,9.500000e-01,2.500000e-01,1,16
53,0.270000,1.753903e+02,0.000000e+00,0.000000e+00,0.000000e+00,0.000000e+00,0.000000e+00,0.000000e+00,0.000000e+00,0.000000e+00,0.000000e+00,9.500000e-01,2.500000e-01,1,16
54,0.275000,1.819464e+02,0.000000e+00,0.000000e+00,0.000000e+00,0.000000e+00,0.000000e+00,0.000000e+00,0.000000e+00,0.000000e+00,0.000000e+00,9.500000e-01,2.500000e-01,1,16
55,0.280000,1.886228e+02,0.000000e+00,0.000000e+00,0.000000e+00,0.000000e+00,0.000000e+00,0.000000e+00,0.000000e+00,0.000000e+00,0.000000e+00,9.500000e-01,2.500000e-01,1,16
56,0.285000,1.954194e+02,0.000000e+00,0.000000e+00,0.000000e+00,0.000000e+00,0.000000e+00,0.000000e+00,0.000000e+00,0.000000e+00,0.000000e+00,9.500000e-01,2.500000e-01,1,16
57,0.290000,2.023364e+02,0.000000e+00,0.000000e+00,0.000000e+00,0.000000e+00,0.000000e+00,0.000000e+00,0.000000e+00,0.000000e+00,0.000000e+00,9.500000e-01,2.500000e-01,1,16
58,0.295000,2.093737e+02,0.000000e+00,0.000000e+00,0.000000e+00,0.000000e+00,0.000000e+00,0.000000e+00,0.000000e+00,0.000000e+00,0.000000e+00,9.500000e-01,2.500000e-01,1,16
59,0.300000,2.165312e+02,0.000000e+00,0.000000e+00,0.000000e+00,0.000000e+00,0.000000e+00,0.000000e+00,0.000000e+00,0.000000e+00,0.000000e+00,9.500000e-01,2.500000e-01,1,16
60,0.305000,2.238091e+02,0.000000e+00,0.000000e+00,0.000000e+00,0.000000e+00,0.000000e+00,0.000000e+00,0.000000e+00,0.000000e+00,0.000000e+00,9.500000e-01,2.500000e-01,1,16
61,0.310000,2.312072e+02,0.000000e+00,0.000000e+00,0.000000e+00,0.000000e+00,0.000000e+00,0.000000e+00,0.000000e+00,0.000000e+00,0.000000e+00,9.500000e-01,2.500000e-01,1,16
62,0.315000,2.387257e+02,0.000000e+00,0.000000e+00,0.000000e+00,0.000000e+00,0.000000e+00,0.000000e+00,0.000000e+00,0.000000e+00,0.000000e+00,9.500000e-01,2.500000e-01,1,16
63,0.320000,2.463644e+02,0.000000e+00,0.000000e+00,0.000000e+00,0.000000e+00,0.000000e+00,0.000000e+00,0.000000e+00,0.000000e+00,0.000000e+00,9.500000e-01,2.500000e-01,1,16
64,0.325000,2.541235e+02,0.000000e+00,0.000000e+00,0.000000e+00,0.000000e+00,0.000000e+00,0.000000e+00,0.000000e+00,0.000000e+00,0.000000e+00,9.500000e-01,2.500000e-01,1,16
65,0.330000,2.620028e+02,0.000000e+00,0.000000e+00,0.000000e+00,0.000000e+00,0.000000e+00,0.000000e+00,0.000000e+00,0.000000e+00,0.000000e+00,9.500000e-01,2.500000e-01,1,16
66,0.335000,2.700024e+02,0.000000e+00,0.000000e+00,0.000000e+00,0.000000e+00,0.000000e+00,0.000000e+00,0.000000e+00,0.000000e+00,0.000000e+00,9.500000e-01,2.500000e-01,1,16
67,0.340000,2.781223e+02,0.000000e+00,0.000000e+00,0.000000e+00,0.000000e+00,0.000000e+00,0.000000e+00,0.000000e+00,0.000000e+00,0.000000e+00,9.500000e-01,2.500000e-01,1,16
68,0.345000,2.863625e+02,0.000000e+00,0.000000e+00,0.000000e+00,0.000000e+00,0.000000e+00,0.000000e+00,0.000000e+00,0.000000e+00,0.000000e+00,9.500000e-01,2.500000e-01,1,16
69,0.350000,2.947231e+02,0.000000e+00,0.000000e+00,0.000000e+00,0.000000e+00,0.000000e+00,0.000000e+00,0.000000e+00,0.000000e+00,0.000000e+00,9.500000e-01,2.500000e-01,1,16
70,0.355000,3.032039e+02,0.000000e+00,0.000000e+00,0.000000e+00,0.000000e+00,0.000000e+00,0.000000e+00,0.000000e+00,0.000000e+00,0.000000e+00,9.500000e-01,2.500000e-01,1,16
71,0.360000,3.118050e+02,0.000000e+00,0.000000e+00,0.000000e+00,0.000000e+00,0.000000e+00,0.000000e+00,0.000000e+00,0.000000e+00,0.000000e+00,9.500000e-01,2.500000e-01,1,16
72,0.365000,3.205264e+02,0.000000e+00,0.000000e+00,0.000000e+00,0.000000e+00,0.000000e+00,0.000000e+00,0.000000e+00,0.000000e+00,0.000000e+00,9.500000e-01,2.500000e-01,1,16
73,0.370000,3.293681e+02,0.000000e+00,0.000000e+00,0.000000e+00,0.000000e+00,0.000000e+00,0.000000e+00,0.000000e+00,0.000000e+00,0.000000e+00,9.500000e-01,2.500000e-01,1,16
74,0.375000,3.383300e+02,0.000000e+00,0.000000e+00,0.000000e+00,0.000000e+00,0.000000e+00,0.000000e+00,0.000000e+00,0.000000e+00,0.000000e+00,9.500000e-01,2.500000e-01,1,16
75,0.380000,3.474123e+02,0.000000e+00,0.000000e+00,0.000000e+00,0.000000e+00,0.000000e+00,0.000000e+00,0.000000e+00,0.000000e+00,0.000000e+00,9.500000e-01,2.500000e-01,1,16
76,0.385000,3.566149e+02,0.000000e+00,0.000000e+00,0.000000e+00,0.000000e+00,0.000000e+00,0.000000e+00,0.000000e+00,0.000000e+00,0.000000e+00,9.500000e-01,2.500000e-01,1,16
77,0.390000,3.659378e+02,0.000000e+00,0.000000e+00,0.000000e+00,0.000000e+00,0.000000e+00,0.000000e+00,0.000000e+00,0.000000e+00,0.000000e+00,9.500000e-01,2.500000e-01,1,16
78,0.395000,3.753809e+02,0.000000e+00,0.000000e+00,0.000000e+00,0.000000e+00,0.000000e+00,0.000000e+00,0.000000e+00,0.000000e+00,0.000000e+00,9.500000e-01,2.500000e-01,1,16
79,0.400000,3.849444e+02,0.000000e+00,0.000000e+00,0.000000e+00,0.000000e+00,0.000000e+00,0.000000e+00,0.000000e+00,0.000000e+00,0.000000e+00,9.500000e-01,2.500000e-01,1,16
80,0.405000,3.946282e+02,0.000000e+00,0.000000e+00,0.000000e+00,0.000000e+00,0.000000e+00,0.000000e+00,0.000000e+00,0.000000e+00,0.000000e+00,9.500000e-01,2.500000e-01,1,16
81,0.410000,6.103031e+00,3.706886e+02,3.901985e+02,3.706886e+02,0.000000e+00,3.901985e+02,3.706886e+02,3.706886e+02,0.000000e+00,7.727531e-01,9.500000e-01,2.500000e-01,1,20
82,0.415000,7.108415e+00,2.621095e+02,0.000000e+00,0.000000e+00,0.000000e+00,3.901985e+02,3.706886e+02,3.706886e+02,0.000000e+00,0.000000e+00,9.500000e-01,2.500000e-01,1,16
83,0.420000,5.827577e+00,2.091079e+02,1.280838e+00,0.000000e+00,0.000000e+00,3.914793e+02,3.719054e+02,3.706886e+02,0.000000e+00,0.000000e+00,9.500000e-01,2.500000e-01,1,16
84,0.425000,4.682673e+00,1.784289e+02,1.144904e+00,0.000000e+00,0.000000e+00,3.926242e+02,3.729930e+02,3.706886e+02,0.000000e+00,0.000000e+00,9.500000e-01,2.500000e-01,1,16
85,0.430000,3.673702e+00,1.586295e+02,1.008971e+00,0.000000e+00,0.000000e+00,3.936332e+02,3.739515e+02,3.706886e+02,0.000000e+00,0.000000e+00,9.500000e-01,2.500000e-01,1,10
86,0.435000,2.827644e+00,1.469294e+02,8.730374e-01,0.000000e+00,0.000000e+00,3.945062e+02,3.747809e+02,3.706886e+02,0.000000e+00,0.000000e+00,9.500000e-01,2.500000e-01,1,10
87,0.440000,3.897104e+00,1.396293e+02,7.417233e-01,0.000000e+00,0.000000e+00,3.952480e+02,3.754856e+02,3.706886e+02,0.000000e+00,0.000000e+00,9.500000e-01,2.500000e-01,1,10
88,0.445000,1.796038e+01,1.224694e+02,8.978026e-01,0.000000e+00,0.000000e+00,3.961458e+02,3.763385e+02,3.706886e+02,0.000000e+00,0.000000e+00,9.500000e-01,2.500000e-01,1,4
89,0.450000,1.590957e+01,1.224694e+02,2.050807e+00,0.000000e+00,0.000000e+00,3.981966e+02,3.782867e+02,3.706886e+02,0.000000e+00,0.000000e+00,9.500000e-01,2.500000e-01,1,0
90,0.455000,1.399470e+01,1.224694e+02,1.914873e+00,0.000000e+00,0.000000e+00,4.001114e+02,3.801059e+02,3.706886e+02,0.000000e+00,0.000000e+00,9.500000e-01,2.500000e-01,1,0
91,0.460000,1.221576e+01,1.224694e+02,1.778940e+00,0.000000e+00,0.000000e+00,4.018904e+02,3.817959e+02,3.706886e+02,0.000000e+00,0.000000e+00,9.500000e-01,2.500000e-01,1,0
92,0.465000,1.057275e+01,1.224694e+02,1.643006e+00,0.000000e+00,0.000000e+00,4.035334e+02,3.833567e+02,3.706886e+02,0.000000e+00,0.000000e+00,9.500000e-01,2.500000e-01,1,0
93,0.470000,9.065681e+00,1.224694e+02,1.507073e+00,0.000000e+00,0.000000e+00,4.050405e+02,3.847884e+02,3.706886e+02,0.000000e+00,0.000000e+00,9.500000e-01,2.500000e-01,1,0
94,0.475000,7.694542e+00,1.224694e+02,1.371139e+00,0.000000e+00,0.000000e+00,4.064116e+02,3.860910e+02,3.706886e+02,0.000000e+00,0.000000e+00,9.500000e-01,2.500000e-01,1,0
95,0.480000,6.161901e+00,1.229896e+02,1.532641e+00,2.469130e-01,0.000000e+00,4.079442e+02,3.875470e+02,3.709355e+02,0.000000e+00,1.000000e+00,9.500000e-01,2.500000e-01,0,2
96,0.485000,5.008462e+00,1.143381e+02,1.153439e+00,0.000000e+00,0.000000e+00,4.090977e+02,3.886428e+02,3.709355e+02,0.000000e+00,0.000000e+00,9.500000e-01,2.500000e-01,1,2
97,0.490000,3.987402e+00,1.086698e+02,1.021060e+00,0.000000e+00,0.000000e+00,4.101187e+02,3.896128e+02,3.709355e+02,0.000000e+00,0.000000e+00,9.500000e-01,2.500000e-01,1,2
98,0.495000,3.098190e+00,1.048463e+02,8.892117e-01,0.000000e+00,0.000000e+00,4.110080e+02,3.904576e+02,3.709355e+02,0.000000e+00,0.000000e+00,9.500000e-01,2.500000e-01,1,2
99,0.500000,2.387083e+00,1.029945e+02,7.570796e-01,0.000000e+00,0.000000e+00,4.117650e+02,3.911768e+02,3.709355e+02,0.000000e+00,0.000000e+00,9.500000e-01,2.500000e-01,1,2
100,0.505000,1.740490e+00,1.029945e+02,6.465937e-01,0.000000e+00,0.000000e+00,4.124116e+02,3.917910e+02,3.709355e+02,0.000000e+00,0.000000e+00,9.500000e-01,2.500000e-01,1,0
101,0.510000,1.229830e+00,1.029945e+02,5.106602e-01,0.000000e+00,0.000000e+00,4.129223e+02,3.922762e+02,3.709355e+02,0.000000e+00,0.000000e+00,9.500000e-01,2.500000e-01,1,0
102,0.515000,7.451235e-01,1.011040e+02,4.847060e-01,0.000000e+00,0.000000e+00,4.134070e+02,3.927366e+02,3.709355e+02,0.000000e+00,0.000000e+00,9.500000e-01,2.500000e-01,0,6
103,0.520000,5.063304e-01,9.916033e+01,2.387932e-01,0.000000e+00,0.000000e+00,4.136458e+02,3.929635e+02,3.709355e+02,0.000000e+00,0.000000e+00,9.500000e-01,2.500000e-01,0,6
104,0.525000,2.384608e-01,9.827997e+01,2.678696e-01,3.757118e-03,0.000000e+00,4.139137e+02,3.932180e+02,3.709392e+02,0.000000e+00,1.000000e+00,9.500000e-01,2.500000e-01,0,8
105,0.530000,2.046963e-01,9.775935e+01,3.376445e-02,0.000000e+00,0.000000e+00,4.139474e+02,3.932501e+02,3.709392e+02,0.000000e+00,0.000000e+00,9.500000e-01,2.500000e-01,1,8
106,0.535000,2.946166e-01,9.643877e+01,0.000000e+00,0.000000e+00,0.000000e+00,4.139474e+02,3.932501e+02,3.709392e+02,0.000000e+00,0.000000e+00,9.500000e-01,2.500000e-01,1,8
107,0.540000,5.100182e-01,9.548591e+01,0.000000e+00,0.000000e+00,0.000000e+00,4.139474e+02,3.932501e+02,3.709392e+02,0.000000e+00,0.000000e+00,9.500000e-01,2.500000e-01,1,8
108,0.545000,1.036183e+00,9.529841e+01,0.000000e+00,0.000000e+00,0.000000e+00,4.139474e+02,3.932501e+02,3.709392e+02,0.000000e+00,0.000000e+00,9.500000e-01,2.500000e-01,1,8
109,0.550000,1.425142e+00,9.372305e+01,0.000000e+00,0.000000e+00,0.000000e+00,4.139474e+02,3.932501e+02,3.709392e+02,0.000000e+00,0.000000e+00,9.500000e-01,2.500000e-01,0,6
110,0.555000,1.971657e+00,9.253935e+01,0.000000e+00,0.000000e+00,0.000000e+00,4.139474e+02,3.932501e+02,3.709392e+02,0.000000e+00,0.000000e+00,9.500000e-01,2.500000e-01,0,6
111,0.560000,2.654105e+00,9.224773e+01,0.000000e+00,0.000000e+00,0.000000e+00,4.139474e+02,3.932501e+02,3.709392e+02,0.000000e+00,0.000000e+00,9.500000e-01,2.500000e-01,0,6
112,0.565000,3.472488e+00,9.183003e+01,0.000000e+00,0.000000e+00,0.000000e+00,4.139474e+02,3.932501e+02,3.709392e+02,0.000000e+00,0.000000e+00,9.500000e-01,2.500000e-01,0,6
113,0.570000,4.426803e+00,9.064379e+01,0.000000e+00,0.000000e+00,0.000000e+00,4.139474e+02,3.932501e+02,3.709392e+02,0.000000e+00,0.000000e+00,9.500000e-01,2.500000e-01,0,6
114,0.575000,5.517053e+00,9.002908e+01,0.000000e+00,0.000000e+00,0.000000e+00,4.139474e+02,3.932501e+02,3.709392e+02,0.000000e+00,0.000000e+00,9.500000e-01,2.500000e-01,0,3
115,0.580000,6.743235e+00,8.988873e+01,0.000000e+00,0.000000e+00,0.000000e+00,4.139474e+02,3.932501e+02,3.709392e+02,0.000000e+00,0.000000e+00,9.500000e-01,2.500000e-01,0,3
116,0.585000,8.105352e+00,8.894999e+01,0.000000e+00,0.000000e+00,0.000000e+00,4.139474e+02,3.932501e+02,3.709392e+02,0.000000e+00,0.000000e+00,9.500000e-01,2.500000e-01,0,3
117,0.590000,9.603401e+00,8.799453e+01,0.000000e+00,0.000000e+00,0.000000e+00,4.139474e+02,3.932501e+02,3.709392e+02,0.000000e+00,0.000000e+00,9.500000e-01,2.500000e-01,0,3
118,0.595000,1.123738e+01,8.784984e+01,0.000000e+00,0.000000e+00,0.000000e+00,4.139474e+02,3.932501e+02,3.709392e+02,0.000000e+00,0.000000e+00,9.500000e-01,2.500000e-01,0,3
119,0.600000,1.289404e+01,8.665421e+01,0.000000e+00,0.000000e+00,6.427102e-01,4.139474e+02,3.932501e+02,3.709392e+02,6.427102e-01,1.000000e+00,9.500000e-01,2.500000e-01,0,2
120,0.605000,1.475348e+01,8.554471e+01,0.000000e+00,0.000000e+00,0.000000e+00,4.139474e+02,3.932501e+02,3.709392e+02,6.427102e-01,0.000000e+00,9.500000e-01,2.500000e-01,1,2
121,0.610000,1.674240e+01,8.515577e+01,0.000000e+00,0.000000e+00,0.000000e+00,4.139474e+02,3.932501e+02,3.709392e+02,6.427102e-01,0.000000e+00,9.500000e-01,2.500000e-01,1,2
122,0.615000,7.988279e+00,9.363860e+01,9.155629e+00,8.697847e+00,0.000000e+00,4.231031e+02,4.019479e+02,3.796371e+02,6.427102e-01,3.020065e-01,9.500000e-01,2.500000e-01,1,4
123,0.620000,1.397556e+01,9.115954e+01,0.000000e+00,0.000000e+00,0.000000e+00,4.231031e+02,4.019479e+02,3.796371e+02,6.427102e-01,0.000000e+00,9.500000e-01,2.500000e-01,1,2
124,0.625000,1.400115e+01,9.115954e+01,0.000000e+00,0.000000e+00,0.000000e+00,4.231031e+02,4.019479e+02,3.796371e+02,6.427102e-01,0.000000e+00,9.500000e-01,2.500000e-01,1,0
125,0.630000,9.141336e+00,9.043418e+01,4.859811e+00,4.616820e+00,0.000000e+00,4.279629e+02,4.065647e+02,3.842539e+02,6.427102e-01,7.289145e-01,9.500000e-01,2.500000e-01,0,2
126,0.635000,8.556363e+00,8.781764e+01,5.849727e-01,0.000000e+00,0.000000e+00,4.285478e+02,4.071204e+02,3.842539e+02,6.427102e-01,0.000000e+00,9.500000e-01,2.500000e-01,1,2
127,0.640000,7.980081e+00,8.616384e+01,5.762819e-01,0.000000e+00,0.000000e+00,4.291241e+02,4.076679e+02,3.842539e+02,6.427102e-01,0.000000e+00,9.500000e-01,2.500000e-01,1,2
128,0.645000,6.467417e+00,8.378117e+01,1.512664e+00,0.000000e+00,1.006539e+00,4.306368e+02,4.091049e+02,3.842539e+02,1.649249e+00,1.000000e+00,9.500000e-01,2.500000e-01,1,4
129,0.650000,5.962713e+00,8.338228e+01,5.594711e-01,0.000000e+00,0.000000e+00,4.311963e+02,4.096364e+02,3.842539e+02,1.649249e+00,0.000000e+00,9.500000e-01,2.500000e-01,2,4
130,0.655000,8.552730e+00,8.182247e+01,5.594524e-01,0.000000e+00,0.000000e+00,4.317557e+02,4.101679e+02,3.842539e+02,1.649249e+00,0.000000e+00,9.500000e-01,2.500000e-01,2,4
131,0.660000,7.397283e+00,7.121510e+01,1.155446e+00,0.000000e+00,0.000000e+00,4.329111e+02,4.112656e+02,3.842539e+02,1.649249e+00,0.000000e+00,9.500000e-01,2.500000e-01,1,2
132,0.665000,6.377771e+00,7.121510e+01,1.019513e+00,0.000000e+00,0.000000e+00,4.339307e+02,4.122341e+02,3.842539e+02,1.649249e+00,0.000000e+00,9.500000e-01,2.500000e-01,1,0
133,0.670000,5.494191e+00,7.121510e+01,8.835794e-01,0.000000e+00,0.000000e+00,4.348142e+02,4.130735e+02,3.842539e+02,1.649249e+00,0.000000e+00,9.500000e-01,2.500000e-01,1,0
134,0.675000,3.138115e+00,7.068833e+01,2.356076e+00,5.315116e-01,0.000000e+00,4.371703e+02,4.153118e+02,3.847854e+02,1.649249e+00,1.000000e+00,9.500000e-01,2.500000e-01,0,6
135,0.680000,2.420426e+00,6.991547e+01,7.176892e-01,0.000000e+00,0.000000e+00,4.378880e+02,4.159936e+02,3.847854e+02,1.649249e+00,0.000000e+00,9.500000e-01,2.500000e-01,3,6
136,0.685000,1.836347e+00,6.872322e+01,5.840791e-01,0.000000e+00,0.000000e+00,4.384721e+02,4.165485e+02,3.847854e+02,1.649249e+00,0.000000e+00,9.500000e-01,2.500000e-01,3,6
137,0.690000,1.386153e+00,6.783094e+01,4.501938e-01,0.000000e+00,0.000000e+00,4.389223e+02,4.169762e+02,3.847854e+02,1.649249e+00,0.000000e+00,9.500000e-01,2.500000e-01,3,6
138,0.695000,1.122816e+00,6.754810e+01,3.165919e-01,0.000000e+00,0.000000e+00,4.392389e+02,4.172769e+02,3.847854e+02,1.649249e+00,0.000000e+00,9.500000e-01,2.500000e-01,3,6
139,0.700000,9.235364e-01,6.754810e+01,1.992798e-01,0.000000e+00,0.000000e+00,4.394382e+02,4.174662e+02,3.847854e+02,1.649249e+00,0.000000e+00,9.500000e-01,2.500000e-01,3,0
140,0.705000,8.601901e-01,6.754810e+01,6.334633e-02,0.000000e+00,0.000000e+00,4.395015e+02,4.175264e+02,3.847854e+02,1.649249e+00,0.000000e+00,9.500000e-01,2.500000e-01,3,0
141,0.710000,9.327773e-01,6.754810e+01,0.000000e+00,0.000000e+00,0.000000e+00,4.395015e+02,4.175264e+02,3.847854e+02,1.649249e+00,0.000000e+00,9.500000e-01,2.500000e-01,3,0
142,0.715000,1.141298e+00,6.754810e+01,0.000000e+00,0.000000e+00,0.000000e+00,4.395015e+02,4.175264e+02,3.847854e+02,1.649249e+00,0.000000e+00,9.500000e-01,2.500000e-01,3,0
143,0.720000,1.485752e+00,6.754810e+01,0.000000e+00,0.000000e+00,0.000000e+00,4.395015e+02,4.175264e+02,3.847854e+02,1.649249e+00,0.000000e+00,9.500000e-01,2.500000e-01,3,0
144,0.725000,1.648714e+00,6.664091e+01,0.000000e+00,0.000000e+00,0.000000e+00,4.395015e+02,4.175264e+02,3.847854e+02,1.649249e+00,0.000000e+00,9.500000e-01,2.500000e-01,0,2
145,0.730000,2.211534e+00,6.573037e+01,0.000000e+00,0.000000e+00,0.000000e+00,4.395015e+02,4.175264e+02,3.847854e+02,1.649249e+00,0.000000e+00,9.500000e-01,2.500000e-01,1,2
146,0.735000,2.861316e+00,6.573037e+01,0.000000e+00,0.000000e+00,0.000000e+00,4.395015e+02,4.175264e+02,3.847854e+02,1.649249e+00,0.000000e+00,9.500000e-01,2.500000e-01,1,0
147,0.740000,3.647031e+00,6.573037e+01,0.000000e+00,0.000000e+00,0.000000e+00,4.395015e+02,4.175264e+02,3.847854e+02,1.649249e+00,0.000000e+00,9.500000e-01,2.500000e-01,1,0
148,0.745000,4.568680e+00,6.573037e+01,0.000000e+00,0.000000e+00,0.000000e+00,4.395015e+02,4.175264e+02,3.847854e+02,1.649249e+00,0.000000e+00,9.500000e-01,2.500000e-01,1,0
149,0.750000,5.626262e+00,6.573037e+01,0.000000e+00,0.000000e+00,0.000000e+00,4.395015e+02,4.175264e+02,3.847854e+02,1.649249e+00,0.000000e+00,9.500000e-01,2.500000e-01,1,0
150,0.755000,6.581145e-01,6.994237e+01,4.968148e+00,4.392930e+00,0.000000e+00,4.444696e+02,4.222462e+02,3.891783e+02,1.649249e+00,1.000000e+00,9.500000e-01,2.500000e-01,0,2
151,0.760000,9.158017e-01,6.805782e+01,0.000000e+00,0.000000e+00,0.000000e+00,4.444696e+02,4.222462e+02,3.891783e+02,1.649249e+00,0.000000e+00,9.500000e-01,2.500000e-01,1,2
152,0.765000,1.128659e+00,6.602211e+01,0.000000e+00,0.000000e+00,1.541265e-01,4.444696e+02,4.222462e+02,3.891783e+02,1.803376e+00,1.000000e+00,9.500000e-01,2.500000e-01,1,8
153,0.770000,1.396827e+00,6.472591e+01,0.000000e+00,0.000000e+00,0.000000e+00,4.444696e+02,4.222462e+02,3.891783e+02,1.803376e+00,0.000000e+00,9.500000e-01,2.500000e-01,4,8
154,0.775000,1.900954e+00,6.432796e+01,1.470106e-01,1.396601e-01,0.000000e+00,4.446167e+02,4.223858e+02,3.893180e+02,1.803376e+00,4.006776e-01,9.500000e-01,2.500000e-01,4,10
155,0.780000,5.176876e+00,5.862577e+01,0.000000e+00,0.000000e+00,0.000000e+00,4.446167e+02,4.223858e+02,3.893180e+02,1.803376e+00,0.000000e+00,9.500000e-01,2.500000e-01,2,4
156,0.785000,4.730354e+00,5.862577e+01,4.465221e-01,0.000000e+00,0.000000e+00,4.450632e+02,4.228100e+02,3.893180e+02,1.803376e+00,0.000000e+00,9.500000e-01,2.500000e-01,2,0
157,0.790000,4.252438e+00,5.311183e+01,4.779160e-01,3.703869e-02,0.000000e+00,4.455411e+02,4.232640e+02,3.893550e+02,1.803376e+00,1.000000e+00,9.500000e-01,2.500000e-01,0,2
158,0.795000,4.027695e+00,5.244135e+01,2.247429e-01,0.000000e+00,0.000000e+00,4.457658e+02,4.234775e+02,3.893550e+02,1.803376e+00,0.000000e+00,9.500000e-01,2.500000e-01,1,2
159,0.800000,3.666468e+00,5.164800e+01,3.612267e-01,0.000000e+00,1.808197e-01,4.461271e+02,4.238207e+02,3.893550e+02,1.984195e+00,1.000000e+00,9.500000e-01,2.500000e-01,1,6
160,0.805000,3.534980e+00,5.067500e+01,1.314883e-01,0.000000e+00,7.794668e-02,4.462586e+02,4.239456e+02,3.893550e+02,2.062142e+00,1.000000e+00,9.500000e-01,2.500000e-01,3,8
161,0.810000,3.665655e+00,5.020310e+01,0.000000e+00,0.000000e+00,0.000000e+00,4.462586e+02,4.239456e+02,3.893550e+02,2.062142e+00,0.000000e+00,9.500000e-01,2.500000e-01,4,8
162,0.815000,4.027122e+00,4.996479e+01,0.000000e+00,0.000000e+00,0.000000e+00,4.462586e+02,4.239456e+02,3.893550e+02,2.062142e+00,0.000000e+00,9.500000e-01,2.500000e-01,2,4
163,0.820000,4.337204e+00,4.908839e+01,0.000000e+00,0.000000e+00,0.000000e+00,4.462586e+02,4.239456e+02,3.893550e+02,2.062142e+00,0.000000e+00,9.500000e-01,2.500000e-01,1,6
164,0.825000,4.785403e+00,4.852165e+01,0.000000e+00,0.000000e+00,0.000000e+00,4.462586e+02,4.239456e+02,3.893550e+02,2.062142e+00,0.000000e+00,9.500000e-01,2.500000e-01,2,6
165,0.830000,5.357950e+00,4.839064e+01,0.000000e+00,0.000000e+00,3.543488e-02,4.462586e+02,4.239456e+02,3.893550e+02,2.097577e+00,1.000000e+00,9.500000e-01,2.500000e-01,1,6
166,0.835000,6.092592e+00,4.802793e+01,0.000000e+00,0.000000e+00,0.000000e+00,4.462586e+02,4.239456e+02,3.893550e+02,2.097577e+00,0.000000e+00,9.500000e-01,2.500000e-01,3,6
167,0.840000,6.961331e+00,4.738305e+01,0.000000e+00,0.000000e+00,1.164411e-02,4.462586e+02,4.239456e+02,3.893550e+02,2.109221e+00,1.000000e+00,9.500000e-01,2.500000e-01,3,8
168,0.845000,7.961765e+00,4.716431e+01,0.000000e+00,0.000000e+00,3.544138e-04,4.462586e+02,4.239456e+02,3.893550e+02,2.109575e+00,1.000000e+00,9.500000e-01,2.500000e-01,3,10
169,0.850000,2.860971e-01,5.444065e+01,7.828651e+00,7.437218e+00,0.000000e+00,4.540872e+02,4.313828e+02,3.967923e+02,2.109575e+00,3.201695e-01,9.500000e-01,2.500000e-01,3,12
170,0.855000,3.547105e+00,5.306213e+01,1.394423e-04,1.324702e-04,0.000000e+00,4.540873e+02,4.313830e+02,3.967924e+02,2.109575e+00,3.582618e-03,9.500000e-01,2.500000e-01,1,4
171,0.860000,2.886338e+00,5.084369e+01,6.701804e-01,0.000000e+00,0.000000e+00,4.547575e+02,4.320196e+02,3.967924e+02,2.109575e+00,0.000000e+00,9.500000e-01,2.500000e-01,1,2
172,0.865000,2.349272e+00,5.084369e+01,5.370660e-01,0.000000e+00,0.000000e+00,4.552946e+02,4.325299e+02,3.967924e+02,2.109575e+00,0.000000e+00,9.500000e-01,2.500000e-01,1,0
173,0.870000,1.948139e+00,5.084369e+01,4.011325e-01,0.000000e+00,0.000000e+00,4.556957e+02,4.329109e+02,3.967924e+02,2.109575e+00,0.000000e+00,9.500000e-01,2.500000e-01,1,0
174,0.875000,1.682940e+00,5.084369e+01,2.651990e-01,0.000000e+00,0.000000e+00,4.559609e+02,4.331629e+02,3.967924e+02,2.109575e+00,0.000000e+00,9.500000e-01,2.500000e-01,1,0
175,0.880000,1.553675e+00,5.084369e+01,1.292655e-01,0.000000e+00,0.000000e+00,4.560902e+02,4.332857e+02,3.967924e+02,2.109575e+00,0.000000e+00,9.500000e-01,2.500000e-01,1,0
176,0.885000,1.001524e+00,4.890643e+01,5.521510e-01,0.000000e+00,3.579185e-01,4.566423e+02,4.338102e+02,3.967924e+02,2.467494e+00,1.000000e+00,9.500000e-01,2.500000e-01,0,4
177,0.890000,1.020367e+00,4.778679e+01,0.000000e+00,0.000000e+00,0.000000e+00,4.566423e+02,4.338102e+02,3.967924e+02,2.467494e+00,0.000000e+00,9.500000e-01,2.500000e-01,1,4
178,0.895000,1.162249e+00,4.701109e+01,0.000000e+00,0.000000e+00,0.000000e+00,4.566423e+02,4.338102e+02,3.967924e+02,2.467494e+00,0.000000e+00,9.500000e-01,2.500000e-01,1,4
179,0.900000,1.429399e+00,4.677328e+01,0.000000e+00,0.000000e+00,0.000000e+00,4.566423e+02,4.338102e+02,3.967924e+02,2.467494e+00,0.000000e+00,9.500000e-01,2.500000e-01,1,4
180,0.905000,1.950297e+00,4.633933e+01,0.000000e+00,0.000000e+00,0.000000e+00,4.566423e+02,4.338102e+02,3.967924e+02,2.467494e+00,0.000000e+00,9.500000e-01,2.500000e-01,1,4
181,0.910000,2.416769e+00,4.633933e+01,0.000000e+00,0.000000e+00,0.000000e+00,4.566423e+02,4.338102e+02,3.967924e+02,2.467494e+00,0.000000e+00,9.500000e-01,2.500000e-01,1,0
182,0.915000,3.019174e+00,4.633933e+01,0.000000e+00,0.000000e+00,0.000000e+00,4.566423e+02,4.338102e+02,3.967924e+02,2.467494e+00,0.000000e+00,9.500000e-01,2.500000e-01,1,0
183,0.920000,3.745178e+00,4.540671e+01,0.000000e+00,0.000000e+00,0.000000e+00,4.566423e+02,4.338102e+02,3.967924e+02,2.467494e+00,0.000000e+00,9.500000e-01,2.500000e-01,0,2
184,0.925000,1.650147e-01,4.857693e+01,3.589853e+00,3.410360e+00,0.000000e+00,4.602322e+02,4.372206e+02,4.002028e+02,2.467494e+00,8.766427e-01,9.500000e-01,2.500000e-01,1,4
185,0.930000,2.608883e-01,4.793326e+01,0.000000e+00,0.000000e+00,2.022852e-02,4.602322e+02,4.372206e+02,4.002028e+02,2.487722e+00,1.000000e+00,9.500000e-01,2.500000e-01,1,4
186,0.935000,4.272010e-01,4.703287e+01,0.000000e+00,0.000000e+00,0.000000e+00,4.602322e+02,4.372206e+02,4.002028e+02,2.487722e+00,0.000000e+00,9.500000e-01,2.500000e-01,2,4
187,0.940000,6.512158e-01,4.633297e+01,0.000000e+00,0.000000e+00,0.000000e+00,4.602322e+02,4.372206e+02,4.002028e+02,2.487722e+00,0.000000e+00,9.500000e-01,2.500000e-01,2,4
188,0.945000,1.035825e+00,4.609464e+01,0.000000e+00,0.000000e+00,0.000000e+00,4.602322e+02,4.372206e+02,4.002028e+02,2.487722e+00,0.000000e+00,9.500000e-01,2.500000e-01,2,8
189,0.950000,2.823449e+00,4.375805e+01,0.000000e+00,0.000000e+00,0.000000e+00,4.602322e+02,4.372206e+02,4.002028e+02,2.487722e+00,0.000000e+00,9.500000e-01,2.500000e-01,3,8
190,0.955000,2.667976e+00,4.005993e+01,1.585655e-01,7.773772e-02,0.000000e+00,4.603908e+02,4.373712e+02,4.002805e+02,2.487722e+00,1.000000e+00,9.500000e-01,2.500000e-01,1,6
191,0.960000,2.453388e+00,3.952485e+01,2.153271e-01,0.000000e+00,2.751260e-02,4.606061e+02,4.375758e+02,4.002805e+02,2.515235e+00,1.000000e+00,9.500000e-01,2.500000e-01,2,10
192,0.965000,2.555764e+00,3.908999e+01,0.000000e+00,0.000000e+00,0.000000e+00,4.606061e+02,4.375758e+02,4.002805e+02,2.515235e+00,0.000000e+00,9.500000e-01,2.500000e-01,4,10
193,0.970000,2.781792e+00,3.841346e+01,0.000000e+00,0.000000e+00,0.000000e+00,4.606061e+02,4.375758e+02,4.002805e+02,2.515235e+00,0.000000e+00,9.500000e-01,2.500000e-01,4,10
194,0.975000,6.112037e-01,3.666644e+01,2.170589e+00,0.000000e+00,1.340799e+00,4.627767e+02,4.396378e+02,4.002805e+02,3.856034e+00,1.000000e+00,9.500000e-01,2.500000e-01,4,12
195,0.980000,1.315161e+00,3.545616e+01,1.861749e-01,1.468583e-02,0.000000e+00,4.629628e+02,4.398147e+02,4.002952e+02,3.856034e+00,1.000000e+00,9.500000e-01,2.500000e-01,5,14
196,0.985000,2.901064e+00,2.926590e+01,5.310749e-01,5.773493e-02,0.000000e+00,4.634939e+02,4.403192e+02,4.003529e+02,3.856034e+00,1.000000e+00,9.500000e-01,2.500000e-01,2,8
197,0.990000,2.155139e+00,2.653941e+01,7.460338e-01,1.626333e-03,0.000000e+00,4.642400e+02,4.410280e+02,4.003545e+02,3.856034e+00,1.000000e+00,9.500000e-01,2.500000e-01,2,6
198,0.995000,1.544314e+00,2.599580e+01,6.108249e-01,0.000000e+00,0.000000e+00,4.648508e+02,4.416082e+02,4.003545e+02,3.856034e+00,0.000000e+00,9.500000e-01,2.500000e-01,3,6
199,1.000000,1.064903e+00,2.551921e+01,4.794116e-01,0.000000e+00,1.811713e-02,4.653302e+02,4.420637e+02,4.003545e+02,3.874151e+00,1.000000e+00,9.500000e-01,2.500000e-01,3,8
200,1.005000,7.164719e-01,2.507833e+01,3.484306e-01,0.000000e+00,1.002186e-02,4.656786e+02,4.423947e+02,4.003545e+02,3.884173e+00,1.000000e+00,9.500000e-01,2.500000e-01,3,10
201,1.010000,5.140498e-01,2.493113e+01,2.131002e-01,0.000000e+00,0.000000e+00,4.658917e+02,4.425971e+02,4.003545e+02,3.884173e+00,0.000000e+00,9.500000e-01,2.500000e-01,3,10
202,1.015000,3.840573e-01,2.481540e+01,1.299925e-01,1.234929e-01,0.000000e+00,4.660217e+02,4.427206e+02,4.004780e+02,3.884173e+00,7.360324e-01,9.500000e-01,2.500000e-01,0,2
203,1.020000,5.912932e-01,2.445764e+01,0.000000e+00,0.000000e+00,0.000000e+00,4.660217e+02,4.427206e+02,4.004780e+02,3.884173e+00,0.000000e+00,9.500000e-01,2.500000e-01,1,2
204,1.025000,6.241213e-01,2.421940e+01,0.000000e+00,0.000000e+00,0.000000e+00,4.660217e+02,4.427206e+02,4.004780e+02,3.884173e+00,0.000000e+00,9.500000e-01,2.500000e-01,0,2
205,1.030000,8.379780e-01,2.413443e+01,0.000000e+00,0.000000e+00,0.000000e+00,4.660217e+02,4.427206e+02,4.004780e+02,3.884173e+00,0.000000e+00,9.500000e-01,2.500000e-01,1,2
206,1.035000,1.181612e+00,2.384624e+01,0.000000e+00,0.000000e+00,0.000000e+00,4.660217e+02,4.427206e+02,4.004780e+02,3.884173e+00,0.000000e+00,9.500000e-01,2.500000e-01,1,2
207,1.040000,1.651121e+00,2.357923e+01,0.000000e+00,0.000000e+00,1.172927e-02,4.660217e+02,4.427206e+02,4.004780e+02,3.895902e+00,1.000000e+00,9.500000e-01,2.500000e-01,1,6
208,1.045000,2.241677e+00,2.352938e+01,0.000000e+00,0.000000e+00,0.000000e+00,4.660217e+02,4.427206e+02,4.004780e+02,3.895902e+00,0.000000e+00,9.500000e-01,2.500000e-01,3,10
209,1.050000,2.980010e+00,2.330304e+01,0.000000e+00,0.000000e+00,0.000000e+00,4.660217e+02,4.427206e+02,4.004780e+02,3.895902e+00,0.000000e+00,9.500000e-01,2.500000e-01,2,6
210,1.055000,4.698916e-01,2.534547e+01,2.520695e+00,2.394660e+00,0.000000e+00,4.685424e+02,4.451153e+02,4.028727e+02,3.895902e+00,3.238122e-01,9.500000e-01,2.500000e-01,1,10
211,1.060000,6.615896e-01,2.515499e+01,0.000000e+00,0.000000e+00,0.000000e+00,4.685424e+02,4.451153e+02,4.028727e+02,3.895902e+00,0.000000e+00,9.500000e-01,2.500000e-01,4,8
212,1.065000,8.970270e-01,2.525441e+01,0.000000e+00,0.000000e+00,3.349982e-02,4.685424e+02,4.451153e+02,4.028727e+02,3.929402e+00,1.000000e+00,9.500000e-01,2.500000e-01,3,8
213,1.070000,1.199418e+00,2.490704e+01,0.000000e+00,0.000000e+00,0.000000e+00,4.685424e+02,4.451153e+02,4.028727e+02,3.929402e+00,0.000000e+00,9.500000e-01,2.500000e-01,3,6
214,1.075000,1.557124e+00,2.467267e+01,0.000000e+00,0.000000e+00,0.000000e+00,4.685424e+02,4.451153e+02,4.028727e+02,3.929402e+00,0.000000e+00,9.500000e-01,2.500000e-01,3,6
215,1.080000,2.127744e+00,2.462177e+01,0.000000e+00,0.000000e+00,0.000000e+00,4.685424e+02,4.451153e+02,4.028727e+02,3.929402e+00,0.000000e+00,9.500000e-01,2.500000e-01,3,10
216,1.085000,2.470801e+00,2.261331e+01,0.000000e+00,0.000000e+00,0.000000e+00,4.685424e+02,4.451153e+02,4.028727e+02,3.929402e+00,0.000000e+00,9.500000e-01,2.500000e-01,2,4
217,1.090000,3.353111e-01,2.425836e+01,2.135490e+00,2.028716e+00,0.000000e+00,4.706779e+02,4.471440e+02,4.049014e+02,3.929402e+00,2.368061e-01,9.500000e-01,2.500000e-01,0,2
218,1.095000,2.876438e-01,2.399361e+01,4.766736e-02,0.000000e+00,0.000000e+00,4.707256e+02,4.471893e+02,4.049014e+02,3.929402e+00,0.000000e+00,9.500000e-01,2.500000e-01,1,2
219,1.100000,9.762718e-02,2.363346e+01,1.900166e-01,0.000000e+00,1.440251e-01,4.709156e+02,4.473698e+02,4.049014e+02,4.073427e+00,1.000000e+00,9.500000e-01,2.500000e-01,1,4
220,1.105000,7.528452e-02,2.319472e+01,2.234265e-02,0.000000e+00,4.945420e-02,4.709379e+02,4.473910e+02,4.049014e+02,4.122881e+00,1.000000e+00,9.500000e-01,2.500000e-01,2,10
221,1.110000,6.924979e-02,2.296755e+01,6.034737e-03,0.000000e+00,1.234025e-02,4.709440e+02,4.473968e+02,4.049014e+02,4.135222e+00,1.000000e+00,9.500000e-01,2.500000e-01,5,12
222,1.115000,6.612404e-01,2.288276e+01,0.000000e+00,0.000000e+00,0.000000e+00,4.709440e+02,4.473968e+02,4.049014e+02,4.135222e+00,0.000000e+00,9.500000e-01,2.500000e-01,5,14
223,1.120000,5.089891e-01,1.912460e+01,1.572304e-01,3.493260e-02,0.000000e+00,4.711012e+02,4.475461e+02,4.049363e+02,4.135222e+00,1.000000e+00,9.500000e-01,2.500000e-01,1,6
224,1.125000,5.106692e-01,1.862247e+01,1.067174e-03,0.000000e+00,0.000000e+00,4.711023e+02,4.475471e+02,4.049363e+02,4.135222e+00,0.000000e+00,9.500000e-01,2.500000e-01,3,6
225,1.130000,8.813078e-02,1.771416e+01,4.225384e-01,0.000000e+00,7.409785e-01,4.715248e+02,4.479486e+02,4.049363e+02,4.876200e+00,1.000000e+00,9.500000e-01,2.500000e-01,2,7
226,1.135000,2.870597e-02,1.745653e+01,5.942480e-02,0.000000e+00,7.965998e-02,4.715842e+02,4.480050e+02,4.049363e+02,4.955860e+00,1.000000e+00,9.500000e-01,2.500000e-01,3,12
227,1.140000,2.771970e-02,1.718883e+01,9.862746e-04,0.000000e+00,0.000000e+00,4.715852e+02,4.480059e+02,4.049363e+02,4.955860e+00,0.000000e+00,9.500000e-01,2.500000e-01,5,11
228,1.145000,3.682050e-02,1.707060e+01,0.000000e+00,0.000000e+00,0.000000e+00,4.715852e+02,4.480059e+02,4.049363e+02,4.955860e+00,0.000000e+00,9.500000e-01,2.500000e-01,5,15
229,1.150000,6.029852e-01,1.701489e+01,0.000000e+00,0.000000e+00,0.000000e+00,4.715852e+02,4.480059e+02,4.049363e+02,4.955860e+00,0.000000e+00,9.500000e-01,2.500000e-01,5,16
230,1.155000,4.755341e-01,1.701489e+01,1.274511e-01,0.000000e+00,0.000000e+00,4.717127e+02,4.481270e+02,4.049363e+02,4.955860e+00,0.000000e+00,9.500000e-01,2.500000e-01,5,0
231,1.160000,4.762374e-01,1.484714e+01,0.000000e+00,0.000000e+00,0.000000e+00,4.717127e+02,4.481270e+02,4.049363e+02,4.955860e+00,0.000000e+00,9.500000e-01,2.500000e-01,0,2
232,1.165000,6.201144e-01,1.455662e+01,0.000000e+00,0.000000e+00,0.000000e+00,4.717127e+02,4.481270e+02,4.049363e+02,4.955860e+00,0.000000e+00,9.500000e-01,2.500000e-01,1,2
233,1.170000,2.470477e-02,1.361165e+01,5.954096e-01,0.000000e+00,8.306731e-01,4.723081e+02,4.486927e+02,4.049363e+02,5.786533e+00,1.000000e+00,9.500000e-01,2.500000e-01,1,4
234,1.175000,3.985207e-02,1.319649e+01,0.000000e+00,0.000000e+00,4.347034e-03,4.723081e+02,4.486927e+02,4.049363e+02,5.790880e+00,1.000000e+00,9.500000e-01,2.500000e-01,2,4
235,1.180000,7.549527e-02,1.285265e+01,0.000000e+00,0.000000e+00,5.028660e-02,4.723081e+02,4.486927e+02,4.049363e+02,5.841167e+00,1.000000e+00,9.500000e-01,2.500000e-01,2,8
236,1.185000,1.397588e-01,1.271345e+01,0.000000e+00,0.000000e+00,0.000000e+00,4.723081e+02,4.486927e+02,4.049363e+02,5.841167e+00,0.000000e+00,9.500000e-01,2.500000e-01,3,10
237,1.190000,7.562383e-01,1.262941e+01,0.000000e+00,0.000000e+00,0.000000e+00,4.723081e+02,4.486927e+02,4.049363e+02,5.841167e+00,0.000000e+00,9.500000e-01,2.500000e-01,3,6
238,1.195000,7.027923e-01,1.016419e+01,5.344594e-02,4.988475e-02,0.000000e+00,4.723615e+02,4.487434e+02,4.049862e+02,5.841167e+00,1.000000e+00,9.500000e-01,2.500000e-01,0,3
239,1.200000,2.685363e-01,1.026332e+01,4.551160e-01,4.323602e-01,0.000000e+00,4.728166e+02,4.491758e+02,4.054186e+02,5.841167e+00,3.612811e-01,9.500000e-01,2.500000e-01,1,5
240,1.205000,1.243767e-01,1.011291e+01,1.441595e-01,0.000000e+00,4.249614e-02,4.729608e+02,4.493128e+02,4.054186e+02,5.883663e+00,1.000000e+00,9.500000e-01,2.500000e-01,2,10
241,1.210000,3.949237e-02,9.921021e+00,8.488437e-02,0.000000e+00,2.643278e-02,4.730457e+02,4.493934e+02,4.054186e+02,5.910096e+00,1.000000e+00,9.500000e-01,2.500000e-01,4,12
242,1.215000,2.679912e-02,9.746818e+00,1.269324e-02,0.000000e+00,0.000000e+00,4.730584e+02,4.494054e+02,4.054186e+02,5.910096e+00,0.000000e+00,9.500000e-01,2.500000e-01,4,11
243,1.220000,7.123603e-02,9.676739e+00,0.000000e+00,0.000000e+00,2.632528e-04,4.730584e+02,4.494054e+02,4.054186e+02,5.910359e+00,1.000000e+00,9.500000e-01,2.500000e-01,4,12
244,1.225000,4.264857e-01,9.610970e+00,0.000000e+00,0.000000e+00,0.000000e+00,4.730584e+02,4.494054e+02,4.054186e+02,5.910359e+00,0.000000e+00,9.500000e-01,2.500000e-01,4,14
245,1.230000,3.932282e-01,8.211175e+00,4.798961e-02,0.000000e+00,0.000000e+00,4.731064e+02,4.494510e+02,4.054186e+02,5.910359e+00,0.000000e+00,9.500000e-01,2.500000e-01,1,2
246,1.235000,4.114648e-01,8.008383e+00,0.000000e+00,0.000000e+00,0.000000e+00,4.731064e+02,4.494510e+02,4.054186e+02,5.910359e+00,0.000000e+00,9.500000e-01,2.500000e-01,0,2
247,1.240000,2.316094e-02,6.843472e+00,3.883039e-01,0.000000e+00,1.066447e+00,4.734947e+02,4.498199e+02,4.054186e+02,6.976806e+00,1.000000e+00,9.500000e-01,2.500000e-01,1,4
248,1.245000,1.110041e-02,6.631258e+00,1.206053e-02,0.000000e+00,0.000000e+00,4.735067e+02,4.498314e+02,4.054186e+02,6.976806e+00,0.000000e+00,9.500000e-01,2.500000e-01,2,4
249,1.250000,5.481952e-02,6.501780e+00,0.000000e+00,0.000000e+00,0.000000e+00,4.735067e+02,4.498314e+02,4.054186e+02,6.976806e+00,0.000000e+00,9.500000e-01,2.500000e-01,2,4
250,1.255000,1.281906e-01,6.460746e+00,0.000000e+00,0.000000e+00,1.784767e-03,4.735067e+02,4.498314e+02,4.054186e+02,6.978591e+00,1.000000e+00,9.500000e-01,2.500000e-01,2,6
251,1.260000,5.737306e-01,6.215499e+00,0.000000e+00,0.000000e+00,0.000000e+00,4.735067e+02,4.498314e+02,4.054186e+02,6.978591e+00,0.000000e+00,9.500000e-01,2.500000e-01,2,6
252,1.265000,5.710641e-01,6.215499e+00,2.666485e-03,0.000000e+00,0.000000e+00,4.735094e+02,4.498339e+02,4.054186e+02,6.978591e+00,0.000000e+00,9.500000e-01,2.500000e-01,2,0
253,1.270000,1.463652e-01,5.246947e+00,4.246989e-01,4.034639e-01,0.000000e+00,4.739341e+02,4.502374e+02,4.058220e+02,6.978591e+00,3.504839e-01,9.500000e-01,2.500000e-01,0,2
254,1.275000,1.403909e-01,5.090751e+00,5.539587e-02,3.283928e-03,0.000000e+00,4.739895e+02,4.502900e+02,4.058253e+02,6.978591e+00,1.000000e+00,9.500000e-01,2.500000e-01,1,4
255,1.280000,5.467491e-02,5.262908e+00,8.571594e-02,0.000000e+00,3.704339e-02,4.740752e+02,4.503714e+02,4.058253e+02,7.015634e+00,1.000000e+00,9.500000e-01,2.500000e-01,2,11
256,1.285000,4.937199e-02,5.094800e+00,5.302924e-03,0.000000e+00,7.115239e-02,4.740805e+02,4.503765e+02,4.058253e+02,7.086786e+00,1.000000e+00,9.500000e-01,2.500000e-01,4,15
257,1.290000,8.781263e-02,4.990900e+00,0.000000e+00,0.000000e+00,2.853626e-02,4.740805e+02,4.503765e+02,4.058253e+02,7.115323e+00,1.000000e+00,9.500000e-01,2.500000e-01,5,18
258,1.295000,2.042286e-01,4.965633e+00,0.000000e+00,0.000000e+00,0.000000e+00,4.740805e+02,4.503765e+02,4.058253e+02,7.115323e+00,0.000000e+00,9.500000e-01,2.500000e-01,5,18
259,1.300000,3.651020e-01,4.597076e+00,0.000000e+00,0.000000e+00,0.000000e+00,4.740805e+02,4.503765e+02,4.058253e+02,7.115323e+00,0.000000e+00,9.500000e-01,2.500000e-01,4,13
260,1.305000,1.899467e-02,4.835373e+00,3.487692e-01,3.313308e-01,0.000000e+00,4.744293e+02,4.507078e+02,4.061567e+02,7.115323e+00,1.990678e-01,9.500000e-01,2.500000e-01,2,7
261,1.310000,4.688187e-03,4.814308e+00,1.677521e-02,1.593645e-02,0.000000e+00,4.744460e+02,4.507237e+02,4.061726e+02,7.115323e+00,5.485452e-01,9.500000e-01,2.500000e-01,2,8
262,1.315000,6.605771e-03,4.883923e+00,0.000000e+00,0.000000e+00,2.028189e-03,4.744460e+02,4.507237e+02,4.061726e+02,7.117351e+00,1.000000e+00,9.500000e-01,2.500000e-01,3,10
263,1.320000,1.747378e-03,4.795872e+00,4.858394e-03,0.000000e+00,2.023709e-02,4.744509e+02,4.507284e+02,4.061726e+02,7.137588e+00,1.000000e+00,9.500000e-01,2.500000e-01,3,14
264,1.325000,4.320048e-03,4.750412e+00,0.000000e+00,0.000000e+00,0.000000e+00,4.744509e+02,4.507284e+02,4.061726e+02,7.137588e+00,0.000000e+00,9.500000e-01,2.500000e-01,4,14
265,1.330000,8.431929e-02,4.739579e+00,0.000000e+00,0.000000e+00,0.000000e+00,4.744509e+02,4.507284e+02,4.061726e+02,7.137588e+00,0.000000e+00,9.500000e-01,2.500000e-01,4,16
266,1.335000,5.055033e-03,4.065604e+00,8.033445e-02,6.691075e-03,0.000000e+00,4.745312e+02,4.508047e+02,4.061793e+02,7.137588e+00,1.000000e+00,9.500000e-01,2.500000e-01,1,4
267,1.340000,6.397134e-02,3.971642e+00,0.000000e+00,0.000000e+00,0.000000e+00,4.745312e+02,4.508047e+02,4.061793e+02,7.137588e+00,0.000000e+00,9.500000e-01,2.500000e-01,1,2
268,1.345000,9.146845e-02,3.927537e+00,0.000000e+00,0.000000e+00,1.081545e-02,4.745312e+02,4.508047e+02,4.061793e+02,7.148403e+00,1.000000e+00,9.500000e-01,2.500000e-01,1,8
269,1.350000,4.277309e-03,3.307240e+00,8.719114e-02,0.000000e+00,5.609680e-01,4.746184e+02,4.508875e+02,4.061793e+02,7.709371e+00,1.000000e+00,9.500000e-01,2.500000e-01,3,14
270,1.355000,9.968845e-04,3.234495e+00,3.280425e-03,0.000000e+00,9.711323e-03,4.746217e+02,4.508906e+02,4.061793e+02,7.719083e+00,1.000000e+00,9.500000e-01,2.500000e-01,5,20
271,1.360000,8.578497e-04,3.193977e+00,1.390349e-04,0.000000e+00,0.000000e+00,4.746218e+02,4.508908e+02,4.061793e+02,7.719083e+00,0.000000e+00,9.500000e-01,2.500000e-01,5,20
272,1.365000,6.143293e-02,3.180167e+00,2.599487e-04,0.000000e+00,0.000000e+00,4.746221e+02,4.508910e+02,4.061793e+02,7.719083e+00,0.000000e+00,9.500000e-01,2.500000e-01,5,20
273,1.370000,5.266306e-02,2.733213e+00,5.985386e-02,0.000000e+00,0.000000e+00,4.746820e+02,4.509479e+02,4.061793e+02,7.719083e+00,0.000000e+00,9.500000e-01,2.500000e-01,2,3
274,1.375000,3.971071e-02,2.468369e+00,1.295235e-02,2.712968e-03,0.000000e+00,4.746949e+02,4.509602e+02,4.061820e+02,7.719083e+00,1.000000e+00,9.500000e-01,2.500000e-01,0,1
275,1.380000,9.970659e-03,2.479374e+00,2.974006e-02,2.825305e-02,0.000000e+00,4.747247e+02,4.509884e+02,4.062103e+02,7.719083e+00,9.924470e-01,9.500000e-01,2.500000e-01,1,9
276,1.385000,5.794471e-02,2.409197e+00,0.000000e+00,0.000000e+00,1.138171e-02,4.747247e+02,4.509884e+02,4.062103e+02,7.730464e+00,1.000000e+00,9.500000e-01,2.500000e-01,4,15
277,1.390000,1.314622e-03,2.063463e+00,5.663008e-02,0.000000e+00,2.936958e-01,4.747813e+02,4.510422e+02,4.062103e+02,8.024160e+00,1.000000e+00,9.500000e-01,2.500000e-01,5,20
278,1.395000,1.195470e-03,1.997277e+00,8.945239e-04,0.000000e+00,0.000000e+00,4.747822e+02,4.510431e+02,4.062103e+02,8.024160e+00,0.000000e+00,9.500000e-01,2.500000e-01,5,20
279,1.400000,4.985303e-02,1.952254e+00,0.000000e+00,0.000000e+00,0.000000e+00,4.747822e+02,4.510431e+02,4.062103e+02,8.024160e+00,0.000000e+00,9.500000e-01,2.500000e-01,5,17
280,1.405000,6.390956e-03,1.632073e+00,4.346208e-02,1.875727e-02,0.000000e+00,4.748256e+02,4.510844e+02,4.062290e+02,8.024160e+00,1.000000e+00,9.500000e-01,2.500000e-01,0,1
281,1.410000,4.558416e-02,1.575581e+00,0.000000e+00,0.000000e+00,0.000000e+00,4.748256e+02,4.510844e+02,4.062290e+02,8.024160e+00,0.000000e+00,9.500000e-01,2.500000e-01,1,4
282,1.415000,5.013495e-03,1.496864e+00,4.414494e-02,0.000000e+00,5.634937e-02,4.748698e+02,4.511263e+02,4.062290e+02,8.080510e+00,1.000000e+00,9.500000e-01,2.500000e-01,2,7
283,1.420000,1.660745e-02,1.536186e+00,0.000000e+00,0.000000e+00,0.000000e+00,4.748698e+02,4.511263e+02,4.062290e+02,8.080510e+00,0.000000e+00,9.500000e-01,2.500000e-01,2,5
284,1.425000,1.124599e-02,1.278290e+00,5.361460e-03,0.000000e+00,2.084915e-01,4.748751e+02,4.511314e+02,4.062290e+02,8.289001e+00,1.000000e+00,9.500000e-01,2.500000e-01,2,13
285,1.430000,5.783038e-04,1.206590e+00,1.066769e-02,0.000000e+00,5.860680e-03,4.748858e+02,4.511415e+02,4.062290e+02,8.294862e+00,1.000000e+00,9.500000e-01,2.500000e-01,5,20
286,1.435000,3.462276e-02,1.171544e+00,2.354705e-04,0.000000e+00,0.000000e+00,4.748861e+02,4.511417e+02,4.062290e+02,8.294862e+00,0.000000e+00,9.500000e-01,2.500000e-01,5,20
287,1.440000,3.557631e-02,9.434374e-01,2.864568e-02,0.000000e+00,0.000000e+00,4.749147e+02,4.511690e+02,4.062290e+02,8.294862e+00,0.000000e+00,9.500000e-01,2.500000e-01,4,7
288,1.445000,7.048345e-03,8.683954e-01,2.852797e-02,2.710157e-02,0.000000e+00,4.749432e+02,4.511961e+02,4.062561e+02,8.294862e+00,2.750753e-01,9.500000e-01,2.500000e-01,0,2
289,1.450000,3.011356e-02,8.481334e-01,0.000000e+00,0.000000e+00,4.133850e-03,4.749432e+02,4.511961e+02,4.062561e+02,8.298996e+00,1.000000e+00,9.500000e-01,2.500000e-01,1,4
290,1.455000,8.379919e-02,8.119506e-01,0.000000e+00,0.000000e+00,2.048920e-02,4.749432e+02,4.511961e+02,4.062561e+02,8.319485e+00,1.000000e+00,9.500000e-01,2.500000e-01,2,12
291,1.460000,7.691436e-04,7.154251e-01,8.309168e-02,0.000000e+00,8.010739e-02,4.750263e+02,4.512750e+02,4.062561e+02,8.399592e+00,1.000000e+00,9.500000e-01,2.500000e-01,5,20
292,1.465000,1.268120e-03,6.538777e-01,0.000000e+00,0.000000e+00,0.000000e+00,4.750263e+02,4.512750e+02,4.062561e+02,8.399592e+00,0.000000e+00,9.500000e-01,2.500000e-01,5,20
293,1.470000,2.193215e-02,6.119837e-01,2.042894e-04,0.000000e+00,0.000000e+00,4.750265e+02,4.512752e+02,4.062561e+02,8.399592e+00,0.000000e+00,9.500000e-01,2.500000e-01,5,20
294,1.475000,8.898883e-03,5.135926e-01,2.082052e-02,0.000000e+00,0.000000e+00,4.750473e+02,4.512950e+02,4.062561e+02,8.399592e+00,0.000000e+00,9.500000e-01,2.500000e-01,1,4
295,1.480000,2.344768e-02,4.856873e-01,0.000000e+00,0.000000e+00,0.000000e+00,4.750473e+02,4.512950e+02,4.062561e+02,8.399592e+00,0.000000e+00,9.500000e-01,2.500000e-01,1,2
296,1.485000,4.775259e-03,3.965135e-01,1.874625e-02,0.000000e+00,7.111023e-02,4.750661e+02,4.513128e+02,4.062561e+02,8.470702e+00,1.000000e+00,9.500000e-01,2.500000e-01,1,8
297,1.490000,4.088192e-04,3.501227e-01,4.366440e-03,0.000000e+00,1.362871e-02,4.750705e+02,4.513169e+02,4.062561e+02,8.484331e+00,1.000000e+00,9.500000e-01,2.500000e-01,2,20
298,1.495000,4.102061e-04,3.240907e-01,3.796463e-05,0.000000e+00,0.000000e+00,4.750705e+02,4.513170e+02,4.062561e+02,8.484331e+00,0.000000e+00,9.500000e-01,2.500000e-01,5,20
299,1.500000,9.994914e-04,3.097235e-01,1.550882e-04,0.000000e+00,0.000000e+00,4.750706e+02,4.513171e+02,4.062561e+02,8.484331e+00,0.000000e+00,9.500000e-01,2.500000e-01,5,20
300,1.505000,8.089152e-03,2.877554e-01,6.165345e-04,0.000000e+00,0.000000e+00,4.750713e+02,4.513177e+02,4.062561e+02,8.484331e+00,0.000000e+00,9.500000e-01,2.500000e-01,5,18
301,1.510000,5.610573e-03,2.373557e-01,6.408791e-03,5.049217e-04,0.000000e+00,4.750777e+02,4.513238e+02,4.062566e+02,8.484331e+00,1.000000e+00,9.500000e-01,2.500000e-01,1,6
302,1.515000,2.215721e-02,2.389541e-01,0.000000e+00,0.000000e+00,1.456465e-03,4.750777e+02,4.513238e+02,4.062566e+02,8.485788e+00,1.000000e+00,9.500000e-01,2.500000e-01,2,8
303,1.520000,4.956916e-04,2.043038e-01,2.163760e-02,0.000000e+00,2.707934e-02,4.750993e+02,4.513443e+02,4.062566e+02,8.512867e+00,1.000000e+00,9.500000e-01,2.500000e-01,3,20
304,1.525000,4.333764e-04,1.803495e-01,6.231513e-05,0.000000e+00,0.000000e+00,4.750994e+02,4.513444e+02,4.062566e+02,8.512867e+00,0.000000e+00,9.500000e-01,2.500000e-01,5,20
305,1.530000,3.317295e-04,1.627590e-01,1.016469e-04,0.000000e+00,0.000000e+00,4.750995e+02,4.513445e+02,4.062566e+02,8.512867e+00,0.000000e+00,9.500000e-01,2.500000e-01,5,20
306,1.535000,4.027169e-04,1.522287e-01,1.090441e-04,0.000000e+00,0.000000e+00,4.750996e+02,4.513446e+02,4.062566e+02,8.512867e+00,0.000000e+00,9.500000e-01,2.500000e-01,5,20
307,1.540000,2.692729e-03,1.351753e-01,2.533949e-04,0.000000e+00,0.000000e+00,4.750998e+02,4.513448e+02,4.062566e+02,8.512867e+00,0.000000e+00,9.500000e-01,2.500000e-01,5,20
308,1.545000,4.524971e-03,1.092056e-01,0.000000e+00,0.000000e+00,0.000000e+00,4.750998e+02,4.513448e+02,4.062566e+02,8.512867e+00,0.000000e+00,9.500000e-01,2.500000e-01,2,6
309,1.550000,1.977635e-03,1.138908e-01,2.547336e-03,0.000000e+00,2.292012e-03,4.751024e+02,4.513473e+02,4.062566e+02,8.515159e+00,1.000000e+00,9.500000e-01,2.500000e-01,1,18
310,1.555000,6.519699e-04,1.076337e-01,1.325666e-03,0.000000e+00,1.271565e-03,4.751037e+02,4.513485e+02,4.062566e+02,8.516431e+00,1.000000e+00,9.500000e-01,2.500000e-01,5,20
311,1.560000,4.582766e-04,1.041284e-01,1.936933e-04,0.000000e+00,0.000000e+00,4.751039e+02,4.513487e+02,4.062566e+02,8.516431e+00,0.000000e+00,9.500000e-01,2.500000e-01,5,20
312,1.565000,2.439397e-04,1.024391e-01,1.643404e-04,0.000000e+00,0.000000e+00,4.751041e+02,4.513489e+02,4.062566e+02,8.516431e+00,0.000000e+00,9.500000e-01,2.500000e-01,5,20
313,1.570000,1.619391e-03,1.011072e-01,5.456741e-05,0.000000e+00,0.000000e+00,4.751041e+02,4.513489e+02,4.062566e+02,8.516431e+00,0.000000e+00,9.500000e-01,2.500000e-01,5,20
314,1.575000,2.399436e-03,8.352043e-02,5.339154e-04,0.000000e+00,0.000000e+00,4.751047e+02,4.513494e+02,4.062566e+02,8.516431e+00,0.000000e+00,9.500000e-01,2.500000e-01,2,8
315,1.580000,1.515116e-04,7.298349e-02,1.988311e-03,8.962717e-04,0.000000e+00,4.751066e+02,4.513513e+02,4.062575e+02,8.516431e+00,1.000000e+00,9.500000e-01,2.500000e-01,2,20
316,1.585000,5.539794e-03,7.773185e-02,0.000000e+00,0.000000e+00,0.000000e+00,4.751066e+02,4.513513e+02,4.062575e+02,8.516431e+00,0.000000e+00,9.500000e-01,2.500000e-01,4,16
317,1.590000,6.786440e-04,7.279355e-02,4.861150e-03,0.000000e+00,3.590881e-03,4.751115e+02,4.513559e+02,4.062575e+02,8.520021e+00,1.000000e+00,9.500000e-01,2.500000e-01,4,20
318,1.595000,4.687903e-04,7.025595e-02,2.098536e-04,0.000000e+00,0.000000e+00,4.751117e+02,4.513561e+02,4.062575e+02,8.520021e+00,0.000000e+00,9.500000e-01,2.500000e-01,5,20
319,1.600000,1.858811e-04,6.933438e-02,1.696732e-04,0.000000e+00,0.000000e+00,4.751119e+02,4.513563e+02,4.062575e+02,8.520021e+00,0.000000e+00,9.500000e-01,2.500000e-01,5,20
320,1.605000,1.354589e-03,6.290046e-02,0.000000e+00,0.000000e+00,0.000000e+00,4.751119e+02,4.513563e+02,4.062575e+02,8.520021e+00,0.000000e+00,9.500000e-01,2.500000e-01,5,20
321,1.610000,1.303161e-03,5.141175e-02,3.646862e-04,0.000000e+00,0.000000e+00,4.751123e+02,4.513566e+02,4.062575e+02,8.520021e+00,0.000000e+00,9.500000e-01,2.500000e-01,2,8
322,1.615000,2.124500e-04,4.827766e-02,8.867004e-04,0.000000e+00,2.606521e-04,4.751131e+02,4.513575e+02,4.062575e+02,8.520282e+00,1.000000e+00,9.500000e-01,2.500000e-01,2,20
323,1.620000,4.750217e-04,4.877753e-02,0.000000e+00,0.000000e+00,0.000000e+00,4.751131e+02,4.513575e+02,4.062575e+02,8.520282e+00,0.000000e+00,9.500000e-01,2.500000e-01,5,20
324,1.625000,3.509989e-04,4.795082e-02,1.240228e-04,0.000000e+00,0.000000e+00,4.751133e+02,4.513576e+02,4.062575e+02,8.520282e+00,0.000000e+00,9.500000e-01,2.500000e-01,5,20
325,1.630000,2.269656e-04,4.735806e-02,1.240332e-04,0.000000e+00,0.000000e+00,4.751134e+02,4.513577e+02,4.062575e+02,8.520282e+00,0.000000e+00,9.500000e-01,2.500000e-01,5,20
326,1.635000,5.956868e-04,4.716910e-02,8.344449e-05,0.000000e+00,0.000000e+00,4.751135e+02,4.513578e+02,4.062575e+02,8.520282e+00,0.000000e+00,9.500000e-01,2.500000e-01,5,20
327,1.640000,5.818013e-03,3.889783e-02,0.000000e+00,0.000000e+00,0.000000e+00,4.751135e+02,4.513578e+02,4.062575e+02,8.520282e+00,0.000000e+00,9.500000e-01,2.500000e-01,1,4
328,1.645000,2.481986e-04,3.654836e-02,5.480856e-03,5.206813e-03,0.000000e+00,4.751189e+02,4.513630e+02,4.062627e+02,8.520282e+00,5.603442e-01,9.500000e-01,2.500000e-01,1,20
329,1.650000,4.400404e-04,3.560229e-02,0.000000e+00,0.000000e+00,0.000000e+00,4.751189e+02,4.513630e+02,4.062627e+02,8.520282e+00,0.000000e+00,9.500000e-01,2.500000e-01,5,20
330,1.655000,4.107465e-04,3.470948e-02,2.929395e-05,0.000000e+00,0.000000e+00,4.751190e+02,4.513630e+02,4.062627e+02,8.520282e+00,0.000000e+00,9.500000e-01,2.500000e-01,5,20
331,1.660000,2.757426e-04,3.399309e-02,1.350039e-04,0.000000e+00,0.000000e+00,4.751191e+02,4.513632e+02,4.062627e+02,8.520282e+00,0.000000e+00,9.500000e-01,2.500000e-01,5,20
332,1.665000,1.757540e-04,3.364344e-02,9.998857e-05,0.000000e+00,0.000000e+00,4.751192e+02,4.513633e+02,4.062627e+02,8.520282e+00,0.000000e+00,9.500000e-01,2.500000e-01,5,20
333,1.670000,4.468768e-04,3.343170e-02,6.472864e-05,0.000000e+00,0.000000e+00,4.751193e+02,4.513633e+02,4.062627e+02,8.520282e+00,0.000000e+00,9.500000e-01,2.500000e-01,5,20
334,1.675000,5.974795e-04,2.761743e-02,3.480485e-04,0.000000e+00,0.000000e+00,4.751196e+02,4.513636e+02,4.062627e+02,8.520282e+00,0.000000e+00,9.500000e-01,2.500000e-01,5,20
335,1.680000,3.107903e-03,2.323891e-02,0.000000e+00,0.000000e+00,0.000000e+00,4.751196e+02,4.513636e+02,4.062627e+02,8.520282e+00,0.000000e+00,9.500000e-01,2.500000e-01,2,6
336,1.685000,1.942987e-03,2.559439e-02,1.164916e-03,6.735088e-04,0.000000e+00,4.751208e+02,4.513648e+02,4.062634e+02,8.520282e+00,1.000000e+00,9.500000e-01,2.500000e-01,1,18
337,1.690000,2.999985e-04,2.407159e-02,1.642989e-03,0.000000e+00,4.820930e-04,4.751224e+02,4.513663e+02,4.062634e+02,8.520764e+00,1.000000e+00,9.500000e-01,2.500000e-01,5,20
338,1.695000,2.029817e-04,2.320944e-02,9.701682e-05,0.000000e+00,0.000000e+00,4.751225e+02,4.513664e+02,4.062634e+02,8.520764e+00,0.000000e+00,9.500000e-01,2.500000e-01,5,20
339,1.700000,4.743248e-05,2.285664e-02,7.348415e-05,0.000000e+00,0.000000e+00,4.751226e+02,4.513665e+02,4.062634e+02,8.520764e+00,0.000000e+00,9.500000e-01,2.500000e-01,5,20
340,1.705000,2.568458e-04,2.143828e-02,0.000000e+00,0.000000e+00,0.000000e+00,4.751226e+02,4.513665e+02,4.062634e+02,8.520764e+00,0.000000e+00,9.500000e-01,2.500000e-01,5,20
341,1.710000,1.082069e-04,1.827309e-02,1.607366e-04,0.000000e+00,0.000000e+00,4.751228e+02,4.513666e+02,4.062634e+02,8.520764e+00,0.000000e+00,9.500000e-01,2.500000e-01,5,20
342,1.715000,8.430281e-05,1.731940e-02,0.000000e+00,0.000000e+00,0.000000e+00,4.751228e+02,4.513666e+02,4.062634e+02,8.520764e+00,0.000000e+00,9.500000e-01,2.500000e-01,5,20
343,1.720000,1.425597e-04,1.732594e-02,0.000000e+00,0.000000e+00,0.000000e+00,4.751228e+02,4.513666e+02,4.062634e+02,8.520764e+00,0.000000e+00,9.500000e-01,2.500000e-01,5,20
344,1.725000,1.029262e-04,1.697421e-02,3.963349e-05,0.000000e+00,0.000000e+00,4.751228e+02,4.513667e+02,4.062634e+02,8.520764e+00,0.000000e+00,9.500000e-01,2.500000e-01,5,20
345,1.730000,9.788122e-05,1.671988e-02,3.659686e-05,0.000000e+00,0.000000e+00,4.751228e+02,4.513667e+02,4.062634e+02,8.520764e+00,0.000000e+00,9.500000e-01,2.500000e-01,5,20
346,1.735000,2.478049e-04,1.647609e-02,5.731169e-05,0.000000e+00,0.000000e+00,4.751229e+02,4.513668e+02,4.062634e+02,8.520764e+00,0.000000e+00,9.500000e-01,2.500000e-01,5,20
347,1.740000,6.210982e-03,1.377709e-02,0.000000e+00,0.000000e+00,0.000000e+00,4.751229e+02,4.513668e+02,4.062634e+02,8.520764e+00,0.000000e+00,9.500000e-01,2.500000e-01,1,4
348,1.745000,2.131420e-04,1.734538e-02,5.976035e-03,5.677233e-03,0.000000e+00,4.751289e+02,4.513724e+02,4.062691e+02,8.520764e+00,9.467531e-01,9.500000e-01,2.500000e-01,1,20
349,1.750000,2.311248e-04,1.488483e-02,0.000000e+00,0.000000e+00,0.000000e+00,4.751289e+02,4.513724e+02,4.062691e+02,8.520764e+00,0.000000e+00,9.500000e-01,2.500000e-01,5,20
350,1.755000,1.874234e-04,1.387203e-02,4.370140e-05,0.000000e+00,0.000000e+00,4.751289e+02,4.513725e+02,4.062691e+02,8.520764e+00,0.000000e+00,9.500000e-01,2.500000e-01,5,20
351,1.760000,1.238103e-04,1.332726e-02,6.361312e-05,0.000000e+00,0.000000e+00,4.751290e+02,4.513725e+02,4.062691e+02,8.520764e+00,0.000000e+00,9.500000e-01,2.500000e-01,5,20
352,1.765000,7.898859e-05,1.302556e-02,4.482168e-05,0.000000e+00,0.000000e+00,4.751290e+02,4.513726e+02,4.062691e+02,8.520764e+00,0.000000e+00,9.500000e-01,2.500000e-01,5,20
353,1.770000,2.141999e-04,1.284394e-02,2.889696e-05,0.000000e+00,0.000000e+00,4.751291e+02,4.513726e+02,4.062691e+02,8.520764e+00,0.000000e+00,9.500000e-01,2.500000e-01,5,20
354,1.775000,3.122292e-04,1.065087e-02,1.751061e-04,0.000000e+00,0.000000e+00,4.751292e+02,4.513728e+02,4.062691e+02,8.520764e+00,0.000000e+00,9.500000e-01,2.500000e-01,5,20
355,1.780000,1.298413e-03,8.656263e-03,0.000000e+00,0.000000e+00,0.000000e+00,4.751292e+02,4.513728e+02,4.062691e+02,8.520764e+00,0.000000e+00,9.500000e-01,2.500000e-01,2,8
356,1.785000,2.604056e-03,9.184531e-03,0.000000e+00,0.000000e+00,2.413815e-04,4.751292e+02,4.513728e+02,4.062691e+02,8.521006e+00,1.000000e+00,9.500000e-01,2.500000e-01,2,18
357,1.790000,2.401036e-03,9.216639e-03,2.030192e-04,1.928682e-04,0.000000e+00,4.751294e+02,4.513730e+02,4.062693e+02,8.521006e+00,9.925685e-01,9.500000e-01,2.500000e-01,4,18
358,1.795000,1.964376e-04,8.378488e-03,2.204599e-03,0.000000e+00,2.625934e-04,4.751316e+02,4.513751e+02,4.062693e+02,8.521268e+00,1.000000e+00,9.500000e-01,2.500000e-01,5,20
359,1.800000,1.058728e-04,7.861958e-03,6.182522e-05,0.000000e+00,0.000000e+00,4.751317e+02,4.513751e+02,4.062693e+02,8.521268e+00,0.000000e+00,9.500000e-01,2.500000e-01,5,20
360,1.805000,1.385732e-04,7.285257e-03,1.744092e-05,0.000000e+00,0.000000e+00,4.751317e+02,4.513751e+02,4.062693e+02,8.521268e+00,0.000000e+00,9.500000e-01,2.500000e-01,5,20
361,1.810000,5.941673e-05,6.281216e-03,6.962840e-05,0.000000e+00,0.000000e+00,4.751318e+02,4.513752e+02,4.062693e+02,8.521268e+00,0.000000e+00,9.500000e-01,2.500000e-01,5,20
362,1.815000,4.926678e-05,5.945599e-03,0.000000e+00,0.000000e+00,0.000000e+00,4.751318e+02,4.513752e+02,4.062693e+02,8.521268e+00,0.000000e+00,9.500000e-01,2.500000e-01,5,20
363,1.820000,6.026052e-05,5.930902e-03,0.000000e+00,0.000000e+00,0.000000e+00,4.751318e+02,4.513752e+02,4.062693e+02,8.521268e+00,0.000000e+00,9.500000e-01,2.500000e-01,5,20
364,1.825000,4.235105e-05,5.792185e-03,1.790947e-05,0.000000e+00,0.000000e+00,4.751318e+02,4.513752e+02,4.062693e+02,8.521268e+00,0.000000e+00,9.500000e-01,2.500000e-01,5,20
365,1.830000,2.960923e-05,5.694101e-03,1.510330e-05,0.000000e+00,0.000000e+00,4.751318e+02,4.513752e+02,4.062693e+02,8.521268e+00,0.000000e+00,9.500000e-01,2.500000e-01,5,20
366,1.835000,1.025698e-04,5.635277e-03,1.265036e-05,0.000000e+00,0.000000e+00,4.751318e+02,4.513752e+02,4.062693e+02,8.521268e+00,0.000000e+00,9.500000e-01,2.500000e-01,5,20
367,1.840000,1.565729e-03,4.668085e-03,0.000000e+00,0.000000e+00,0.000000e+00,4.751318e+02,4.513752e+02,4.062693e+02,8.521268e+00,0.000000e+00,9.500000e-01,2.500000e-01,2,8
368,1.845000,1.110284e-04,4.434296e-03,1.489939e-03,5.224563e-04,0.000000e+00,4.751333e+02,4.513767e+02,4.062698e+02,8.521268e+00,1.000000e+00,9.500000e-01,2.500000e-01,2,20
369,1.850000,5.141311e-03,4.484924e-03,0.000000e+00,0.000000e+00,0.000000e+00,4.751333e+02,4.513767e+02,4.062698e+02,8.521268e+00,0.000000e+00,9.500000e-01,2.500000e-01,4,16
370,1.855000,2.013439e-04,5.072029e-03,4.950149e-03,7.254578e-04,0.000000e+00,4.751383e+02,4.513814e+02,4.062705e+02,8.521268e+00,1.000000e+00,9.500000e-01,2.500000e-01,4,20
371,1.860000,1.413289e-04,3.623615e-03,6.001506e-05,0.000000e+00,0.000000e+00,4.751383e+02,4.513814e+02,4.062705e+02,8.521268e+00,0.000000e+00,9.500000e-01,2.500000e-01,5,20
372,1.865000,7.764352e-05,3.142278e-03,5.044735e-05,0.000000e+00,0.000000e+00,4.751384e+02,4.513815e+02,4.062705e+02,8.521268e+00,0.000000e+00,9.500000e-01,2.500000e-01,5,20
373,1.870000,5.572649e-05,2.861232e-03,1.860972e-05,0.000000e+00,0.000000e+00,4.751384e+02,4.513815e+02,4.062705e+02,8.521268e+00,0.000000e+00,9.500000e-01,2.500000e-01,5,20
374,1.875000,5.099971e-05,2.414947e-03,1.392491e-05,0.000000e+00,0.000000e+00,4.751384e+02,4.513815e+02,4.062705e+02,8.521268e+00,0.000000e+00,9.500000e-01,2.500000e-01,5,20
375,1.880000,2.273225e-05,1.993621e-03,1.579078e-05,0.000000e+00,0.000000e+00,4.751384e+02,4.513815e+02,4.062705e+02,8.521268e+00,0.000000e+00,9.500000e-01,2.500000e-01,5,20
376,1.885000,3.339736e-05,2.147149e-03,0.000000e+00,0.000000e+00,0.000000e+00,4.751384e+02,4.513815e+02,4.062705e+02,8.521268e+00,0.000000e+00,9.500000e-01,2.500000e-01,5,20
377,1.890000,2.782377e-05,2.073748e-03,5.573590e-06,0.000000e+00,0.000000e+00,4.751384e+02,4.513815e+02,4.062705e+02,8.521268e+00,0.000000e+00,9.500000e-01,2.500000e-01,5,20
378,1.895000,1.841921e-05,2.013046e-03,9.404560e-06,0.000000e+00,0.000000e+00,4.751384e+02,4.513815e+02,4.062705e+02,8.521268e+00,0.000000e+00,9.500000e-01,2.500000e-01,5,20
379,1.900000,1.717754e-05,1.983141e-03,6.684875e-06,0.000000e+00,0.000000e+00,4.751385e+02,4.513815e+02,4.062705e+02,8.521268e+00,0.000000e+00,9.500000e-01,2.500000e-01,5,20
380,1.905000,3.917111e-05,1.794033e-03,9.817894e-06,0.000000e+00,0.000000e+00,4.751385e+02,4.513815e+02,4.062705e+02,8.521268e+00,0.000000e+00,9.500000e-01,2.500000e-01,5,20
381,1.910000,1.587063e-03,1.447553e-03,0.000000e+00,0.000000e+00,0.000000e+00,4.751385e+02,4.513815e+02,4.062705e+02,8.521268e+00,0.000000e+00,9.500000e-01,2.500000e-01,2,8
382,1.915000,9.014942e-05,1.662424e-03,1.518234e-03,2.966640e-04,0.000000e+00,4.751400e+02,4.513830e+02,4.062708e+02,8.521268e+00,1.000000e+00,9.500000e-01,2.500000e-01,2,20
383,1.920000,5.218224e-03,1.620278e-03,0.000000e+00,0.000000e+00,0.000000e+00,4.751400e+02,4.513830e+02,4.062708e+02,8.521268e+00,0.000000e+00,9.500000e-01,2.500000e-01,4,16
384,1.925000,2.346082e-04,3.657482e-03,5.034846e-03,2.130776e-03,0.000000e+00,4.751450e+02,4.513878e+02,4.062729e+02,8.521268e+00,1.000000e+00,9.500000e-01,2.500000e-01,4,20
385,1.930000,1.328136e-04,2.186836e-03,1.017946e-04,0.000000e+00,0.000000e+00,4.751451e+02,4.513879e+02,4.062729e+02,8.521268e+00,0.000000e+00,9.500000e-01,2.500000e-01,5,20
386,1.935000,9.456937e-05,1.696223e-03,4.735137e-05,0.000000e+00,0.000000e+00,4.751452e+02,4.513879e+02,4.062729e+02,8.521268e+00,0.000000e+00,9.500000e-01,2.500000e-01,5,20
387,1.940000,5.428205e-05,1.408557e-03,3.831810e-05,0.000000e+00,0.000000e+00,4.751452e+02,4.513879e+02,4.062729e+02,8.521268e+00,0.000000e+00,9.500000e-01,2.500000e-01,5,20
388,1.945000,3.675720e-05,1.211554e-03,1.503101e-05,0.000000e+00,0.000000e+00,4.751452e+02,4.513880e+02,4.062729e+02,8.521268e+00,0.000000e+00,9.500000e-01,2.500000e-01,5,20
389,1.950000,2.706817e-05,1.091025e-03,9.689034e-06,0.000000e+00,0.000000e+00,4.751452e+02,4.513880e+02,4.062729e+02,8.521268e+00,0.000000e+00,9.500000e-01,2.500000e-01,5,20
390,1.955000,1.938352e-05,1.007595e-03,7.684647e-06,0.000000e+00,0.000000e+00,4.751452e+02,4.513880e+02,4.062729e+02,8.521268e+00,0.000000e+00,9.500000e-01,2.500000e-01,5,20
391,1.960000,1.259875e-05,9.360505e-04,6.784768e-06,0.000000e+00,0.000000e+00,4.751452e+02,4.513880e+02,4.062729e+02,8.521268e+00,0.000000e+00,9.500000e-01,2.500000e-01,5,20
392,1.965000,1.213280e-05,8.833454e-04,4.556654e-06,0.000000e+00,0.000000e+00,4.751452e+02,4.513880e+02,4.062729e+02,8.521268e+00,0.000000e+00,9.500000e-01,2.500000e-01,5,20
393,1.970000,4.812435e-05,8.347083e-04,7.460405e-06,0.000000e+00,0.000000e+00,4.751453e+02,4.513880e+02,4.062729e+02,8.521268e+00,0.000000e+00,9.500000e-01,2.500000e-01,5,20
394,1.975000,1.546622e-03,6.863247e-04,0.000000e+00,0.000000e+00,0.000000e+00,4.751453e+02,4.513880e+02,4.062729e+02,8.521268e+00,0.000000e+00,9.500000e-01,2.500000e-01,2,8
395,1.980000,1.010594e-04,9.788024e-04,1.487081e-03,3.802028e-04,0.000000e+00,4.751467e+02,4.513894e+02,4.062733e+02,8.521268e+00,1.000000e+00,9.500000e-01,2.500000e-01,2,20
396,1.985000,2.560108e-03,9.447698e-04,0.000000e+00,0.000000e+00,0.000000e+00,4.751467e+02,4.513894e+02,4.062733e+02,8.521268e+00,0.000000e+00,9.500000e-01,2.500000e-01,5,18
397,1.990000,2.798808e-03,8.778286e-04,0.000000e+00,0.000000e+00,0.000000e+00,4.751467e+02,4.513894e+02,4.062733e+02,8.521268e+00,8.853790e-01,9.500000e-01,2.500000e-01,4,18
398,1.995000,1.853705e-04,1.059082e-03,2.623903e-03,4.811020e-04,0.000000e+00,4.751494e+02,4.513919e+02,4.062738e+02,8.521268e+00,1.000000e+00,9.500000e-01,2.500000e-01,5,20
399,2.000000,1.234843e-04,5.187723e-04,6.188617e-05,0.000000e+00,0.000000e+00,4.751494e+02,4.513920e+02,4.062738e+02,8.521268e+00,0.000000e+00,9.500000e-01,2.500000e-01,5,20
400,2.005000,8.029691e-05,3.621647e-04,4.418992e-05,0.000000e+00,0.000000e+00,4.751495e+02,4.513920e+02,4.062738e+02,8.521268e+00,0.000000e+00,9.500000e-01,2.500000e-01,5,20
401,2.010000,5.105257e-05,3.136481e-04,2.924433e-05,0.000000e+00,0.000000e+00,4.751495e+02,4.513920e+02,4.062738e+02,8.521268e+00,0.000000e+00,9.500000e-01,2.500000e-01,5,20
402,2.015000,3.214656e-05,2.583806e-04,1.769268e-05,0.000000e+00,0.000000e+00,4.751495e+02,4.513920e+02,4.062738e+02,8.521268e+00,0.000000e+00,9.500000e-01,2.500000e-01,5,20
403,2.020000,2.168856e-05,2.565075e-04,1.045800e-05,0.000000e+00,0.000000e+00,4.751495e+02,4.513921e+02,4.062738e+02,8.521268e+00,0.000000e+00,9.500000e-01,2.500000e-01,5,20
404,2.025000,1.435005e-05,2.268992e-04,7.338507e-06,0.000000e+00,0.000000e+00,4.751495e+02,4.513921e+02,4.062738e+02,8.521268e+00,0.000000e+00,9.500000e-01,2.500000e-01,5,20
405,2.030000,8.749394e-06,2.053735e-04,5.130140e-06,0.000000e+00,0.000000e+00,4.751495e+02,4.513921e+02,4.062738e+02,8.521268e+00,0.000000e+00,9.500000e-01,2.500000e-01,5,20
406,2.035000,6.796381e-06,1.887017e-04,2.819664e-06,0.000000e+00,0.000000e+00,4.751495e+02,4.513921e+02,4.062738e+02,8.521268e+00,0.000000e+00,9.500000e-01,2.500000e-01,5,20
407,2.040000,1.300795e-05,1.583390e-04,2.971879e-06,0.000000e+00,0.000000e+00,4.751495e+02,4.513921e+02,4.062738e+02,8.521268e+00,0.000000e+00,9.500000e-01,2.500000e-01,5,20
408,2.045000,1.958397e-06,1.384642e-04,1.079708e-05,0.000000e+00,0.000000e+00,4.751496e+02,4.513921e+02,4.062738e+02,8.521268e+00,0.000000e+00,9.500000e-01,2.500000e-01,5,20
409,2.050000,1.424282e-03,1.275360e-04,0.000000e+00,0.000000e+00,0.000000e+00,4.751496e+02,4.513921e+02,4.062738e+02,8.521268e+00,0.000000e+00,9.500000e-01,2.500000e-01,4,12
410,2.055000,1.739553e-03,1.054174e-04,0.000000e+00,0.000000e+00,2.029281e-05,4.751496e+02,4.513921e+02,4.062738e+02,8.521288e+00,1.000000e+00,9.500000e-01,2.500000e-01,2,16
411,2.060000,1.459882e-04,5.575694e-05,1.594565e-03,0.000000e+00,8.780358e-06,4.751512e+02,4.513936e+02,4.062738e+02,8.521297e+00,1.000000e+00,9.500000e-01,2.500000e-01,5,20
412,2.065000,9.325039e-05,2.278988e-05,5.244385e-05,0.000000e+00,0.000000e+00,4.751512e+02,4.513936e+02,4.062738e+02,8.521297e+00,0.000000e+00,9.500000e-01,2.500000e-01,5,20
413,2.070000,5.981877e-05,1.390120e-05,3.333571e-05,0.000000e+00,0.000000e+00,4.751512e+02,4.513937e+02,4.062738e+02,8.521297e+00,0.000000e+00,9.500000e-01,2.500000e-01,5,20
414,2.075000,3.826270e-05,1.138552e-05,2.140254e-05,0.000000e+00,0.000000e+00,4.751513e+02,4.513937e+02,4.062738e+02,8.521297e+00,0.000000e+00,9.500000e-01,2.500000e-01,5,20
415,2.080000,2.451038e-05,9.861796e-06,1.365056e-05,0.000000e+00,0.000000e+00,4.751513e+02,4.513937e+02,4.062738e+02,8.521297e+00,0.000000e+00,9.500000e-01,2.500000e-01,5,20
416,2.085000,1.578613e-05,9.148451e-06,8.724436e-06,0.000000e+00,0.000000e+00,4.751513e+02,4.513937e+02,4.062738e+02,8.521297e+00,0.000000e+00,9.500000e-01,2.500000e-01,5,20
417,2.090000,1.022191e-05,8.477770e-06,5.669638e-06,0.000000e+00,0.000000e+00,4.751513e+02,4.513937e+02,4.062738e+02,8.521297e+00,0.000000e+00,9.500000e-01,2.500000e-01,5,20
418,2.095000,6.534073e-06,7.802399e-06,3.750341e-06,0.000000e+00,0.000000e+00,4.751513e+02,4.513937e+02,4.062738e+02,8.521297e+00,0.000000e+00,9.500000e-01,2.500000e-01,5,20
419,2.100000,4.168382e-06,7.188317e-06,2.390545e-06,0.000000e+00,0.000000e+00,4.751513e+02,4.513937e+02,4.062738e+02,8.521297e+00,0.000000e+00,9.500000e-01,2.500000e-01,5,20
420,2.105000,2.632755e-06,6.512026e-06,1.500450e-06,0.000000e+00,0.000000e+00,4.751513e+02,4.513937e+02,4.062738e+02,8.521297e+00,0.000000e+00,9.500000e-01,2.500000e-01,5,20
421,2.110000,1.707742e-06,5.953114e-06,9.041596e-07,0.000000e+00,0.000000e+00,4.751513e+02,4.513937e+02,4.062738e+02,8.521297e+00,0.000000e+00,9.500000e-01,2.500000e-01,5,20
422,2.115000,1.120748e-06,5.833822e-06,5.869943e-07,0.000000e+00,0.000000e+00,4.751513e+02,4.513937e+02,4.062738e+02,8.521297e+00,0.000000e+00,9.500000e-01,2.500000e-01,5,20
423,2.120000,7.308611e-07,5.486843e-06,3.898867e-07,0.000000e+00,0.000000e+00,4.751513e+02,4.513937e+02,4.062738e+02,8.521297e+00,0.000000e+00,9.500000e-01,2.500000e-01,5,20
424,2.125000,4.690053e-07,5.146284e-06,2.618558e-07,0.000000e+00,0.000000e+00,4.751513e+02,4.513937e+02,4.062738e+02,8.521297e+00,0.000000e+00,9.500000e-01,2.500000e-01,5,20
425,2.130000,3.185186e-07,4.836336e-06,1.689992e-07,0.000000e+00,0.000000e+00,4.751513e+02,4.513937e+02,4.062738e+02,8.521297e+00,0.000000e+00,9.500000e-01,2.500000e-01,5,20
426,2.135000,3.319098e-07,4.436573e-06,1.224640e-07,0.000000e+00,0.000000e+00,4.751513e+02,4.513937e+02,4.062738e+02,8.521297e+00,0.000000e+00,9.500000e-01,2.500000e-01,5,20
427,2.140000,1.917728e-07,3.587093e-06,1.876318e-07,0.000000e+00,0.000000e+00,4.751513e+02,4.513937e+02,4.062738e+02,8.521297e+00,0.000000e+00,9.500000e-01,2.500000e-01,5,20
428,2.145000,9.856220e-08,2.970055e-06,6.600003e-08,0.000000e+00,0.000000e+00,4.751513e+02,4.513937e+02,4.062738e+02,8.521297e+00,0.000000e+00,9.500000e-01,2.500000e-01,5,20
429,2.150000,1.061379e-07,3.054941e-06,0.000000e+00,0.000000e+00,0.000000e+00,4.751513e+02,4.513937e+02,4.062738e+02,8.521297e+00,0.000000e+00,9.500000e-01,2.500000e-01,5,20
430,2.155000,8.083667e-08,2.876268e-06,2.530125e-08,0.000000e+00,0.000000e+00,4.751513e+02,4.513937e+02,4.062738e+02,8.521297e+00,0.000000e+00,9.500000e-01,2.500000e-01,5,20
431,2.160000,5.266677e-08,2.722806e-06,2.816990e-08,0.000000e+00,0.000000e+00,4.751513e+02,4.513937e+02,4.062738e+02,8.521297e+00,0.000000e+00,9.500000e-01,2.500000e-01,5,20
432,2.165000,3.365301e-08,2.574683e-06,1.901375e-08,0.000000e+00,0.000000e+00,4.751513e+02,4.513937e+02,4.062738e+02,8.521297e+00,0.000000e+00,9.500000e-01,2.500000e-01,5,20
433,2.170000,4.122659e-08,2.428610e-06,1.221803e-08,0.000000e+00,0.000000e+00,4.751513e+02,4.513937e+02,4.062738e+02,8.521297e+00,0.000000e+00,9.500000e-01,2.500000e-01,5,20
434,2.175000,6.672961e-08,2.006800e-06,1.943461e-08,0.000000e+00,0.000000e+00,4.751513e+02,4.513937e+02,4.062738e+02,8.521297e+00,0.000000e+00,9.500000e-01,2.500000e-01,5,20
435,2.180000,6.129991e-08,1.567471e-06,3.470019e-08,0.000000e+00,0.000000e+00,4.751513e+02,4.513937e+02,4.062738e+02,8.521297e+00,0.000000e+00,9.500000e-01,2.500000e-01,5,20
436,2.185000,1.244943e-08,1.537877e-06,1.667447e-08,0.000000e+00,0.000000e+00,4.751513e+02,4.513937e+02,4.062738e+02,8.521297e+00,0.000000e+00,9.500000e-01,2.500000e-01,5,20
437,2.190000,2.649169e-08,1.468388e-06,0.000000e+00,0.000000e+00,0.000000e+00,4.751513e+02,4.513937e+02,4.062738e+02,8.521297e+00,0.000000e+00,9.500000e-01,2.500000e-01,5,20
438,2.195000,3.408403e-08,1.410799e-06,0.000000e+00,0.000000e+00,0.000000e+00,4.751513e+02,4.513937e+02,4.062738e+02,8.521297e+00,0.000000e+00,9.500000e-01,2.500000e-01,5,20
439,2.200000,1.925803e-08,1.349456e-06,1.205110e-08,0.000000e+00,0.000000e+00,4.751513e+02,4.513937e+02,4.062738e+02,8.521297e+00,0.000000e+00,9.500000e-01,2.500000e-01,5,20
440,2.205000,1.575020e-08,1.263913e-06,5.099762e-09,0.000000e+00,0.000000e+00,4.751513e+02,4.513937e+02,4.062738e+02,8.521297e+00,0.000000e+00,9.500000e-01,2.500000e-01,5,20
441,2.210000,1.370374e-09,1.147131e-06,4.458886e-09,0.000000e+00,0.000000e+00,4.751513e+02,4.513937e+02,4.062738e+02,8.521297e+00,0.000000e+00,9.500000e-01,2.500000e-01,5,20
442,2.215000,1.092221e-08,1.041594e-06,0.000000e+00,0.000000e+00,0.000000e+00,4.751513e+02,4.513937e+02,4.062738e+02,8.521297e+00,0.000000e+00,9.500000e-01,2.500000e-01,5,20
443,2.220000,7.853403e-09,9.939871e-07,0.000000e+00,0.000000e+00,0.000000e+00,4.751513e+02,4.513937e+02,4.062738e+02,8.521297e+00,0.000000e+00,9.500000e-01,2.500000e-01,5,20
444,2.225000,6.039236e-09,9.178916e-07,0.000000e+00,0.000000e+00,0.000000e+00,4.751513e+02,4.513937e+02,4.062738e+02,8.521297e+00,0.000000e+00,9.500000e-01,2.500000e-01,5,20
445,2.230000,2.945098e-09,8.734075e-07,0.000000e+00,0.000000e+00,0.000000e+00,4.751513e+02,4.513937e+02,4.062738e+02,8.521297e+00,0.000000e+00,9.500000e-01,2.500000e-01,5,20
446,2.235000,8.973097e-09,8.457478e-07,0.000000e+00,0.000000e+00,0.000000e+00,4.751513e+02,4.513937e+02,4.062738e+02,8.521297e+00,0.000000e+00,9.500000e-01,2.500000e-01,5,20
447,2.240000,1.201782e-08,7.657088e-07,0.000000e+00,0.000000e+00,0.000000e+00,4.751513e+02,4.513937e+02,4.062738e+02,8.521297e+00,0.000000e+00,9.500000e-01,2.500000e-01,5,20
448,2.245000,1.003368e-08,7.262921e-07,1.111934e-09,0.000000e+00,0.000000e+00,4.751513e+02,4.513937e+02,4.062738e+02,8.521297e+00,0.000000e+00,9.500000e-01,2.500000e-01,5,20
449,2.250000,7.588123e-09,6.985314e-07,1.945616e-09,0.000000e+00,0.000000e+00,4.751513e+02,4.513937e+02,4.062738e+02,8.521297e+00,0.000000e+00,9.500000e-01,2.500000e-01,5,20
450,2.255000,2.125818e-09,6.669808e-07,2.115500e-09,0.000000e+00,0.000000e+00,4.751513e+02,4.513937e+02,4.062738e+02,8.521297e+00,0.000000e+00,9.500000e-01,2.500000e-01,5,20
451,2.260000,5.593469e-09,6.314828e-07,0.000000e+00,0.000000e+00,0.000000e+00,4.751513e+02,4.513937e+02,4.062738e+02,8.521297e+00,0.000000e+00,9.500000e-01,2.500000e-01,5,20
452,2.265000,1.004259e-08,5.821433e-07,1.732886e-10,0.000000e+00,0.000000e+00,4.751513e+02,4.513937e+02,4.062738e+02,8.521297e+00,0.000000e+00,9.500000e-01,2.500000e-01,5,20
453,2.270000,1.050704e-08,4.958307e-07,2.302421e-09,0.000000e+00,0.000000e+00,4.751513e+02,4.513937e+02,4.062738e+02,8.521297e+00,0.000000e+00,9.500000e-01,2.500000e-01,5,20
454,2.275000,1.986928e-09,4.221607e-07,1.269418e-10,0.000000e+00,0.000000e+00,4.751513e+02,4.513937e+02,4.062738e+02,8.521297e+00,0.000000e+00,9.500000e-01,2.500000e-01,5,20
455,2.280000,1.062696e-08,4.182848e-07,0.000000e+00,0.000000e+00,0.000000e+00,4.751513e+02,4.513937e+02,4.062738e+02,8.521297e+00,0.000000e+00,9.500000e-01,2.500000e-01,5,20
456,2.285000,7.709113e-09,4.031420e-07,2.917849e-09,0.000000e+00,0.000000e+00,4.751513e+02,4.513937e+02,4.062738e+02,8.521297e+00,0.000000e+00,9.500000e-01,2.500000e-01,5,20
457,2.290000,5.012842e-09,3.866413e-07,2.696270e-09,0.000000e+00,0.000000e+00,4.751513e+02,4.513937e+02,4.062738e+02,8.521297e+00,0.000000e+00,9.500000e-01,2.500000e-01,5,20
458,2.295000,9.139376e-10,3.696728e-07,1.810975e-09,0.000000e+00,0.000000e+00,4.751513e+02,4.513937e+02,4.062738e+02,8.521297e+00,0.000000e+00,9.500000e-01,2.500000e-01,5,20
459,2.300000,8.084325e-09,3.478767e-07,0.000000e+00,0.000000e+00,0.000000e+00,4.751513e+02,4.513937e+02,4.062738e+02,8.521297e+00,0.000000e+00,9.500000e-01,2.500000e-01,5,20
460,2.305000,1.189947e-08,2.683076e-07,3.919219e-09,0.000000e+00,0.000000e+00,4.751513e+02,4.513937e+02,4.062738e+02,8.521297e+00,0.000000e+00,9.500000e-01,2.500000e-01,5,20
461,2.310000,3.376751e-09,1.996140e-07,4.756972e-09,0.000000e+00,0.000000e+00,4.751513e+02,4.513937e+02,4.062738e+02,8.521297e+00,0.000000e+00,9.500000e-01,2.500000e-01,5,20
462,2.315000,3.274905e-09,2.028639e-07,0.000000e+00,0.000000e+00,0.000000e+00,4.751513e+02,4.513937e+02,4.062738e+02,8.521297e+00,0.000000e+00,9.500000e-01,2.500000e-01,5,20
463,2.320000,8.114117e-09,2.026243e-07,0.000000e+00,0.000000e+00,0.000000e+00,4.751513e+02,4.513937e+02,4.062738e+02,8.521297e+00,0.000000e+00,9.500000e-01,2.500000e-01,5,20
464,2.325000,5.325919e-09,1.949368e-07,2.788198e-09,0.000000e+00,0.000000e+00,4.751513e+02,4.513937e+02,4.062738e+02,8.521297e+00,0.000000e+00,9.500000e-01,2.500000e-01,5,20
465,2.330000,3.269314e-09,1.886048e-07,1.920832e-09,0.000000e+00,0.000000e+00,4.751513e+02,4.513937e+02,4.062738e+02,8.521297e+00,0.000000e+00,9.500000e-01,2.500000e-01,5,20
466,2.335000,2.275792e-09,1.817606e-07,1.076306e-09,0.000000e+00,0.000000e+00,4.751513e+02,4.513937e+02,4.062738e+02,8.521297e+00,0.000000e+00,9.500000e-01,2.500000e-01,5,20
467,2.340000,3.211987e-09,1.461745e-07,0.000000e+00,0.000000e+00,0.000000e+00,4.751513e+02,4.513937e+02,4.062738e+02,8.521297e+00,0.000000e+00,9.500000e-01,2.500000e-01,5,20
468,2.345000,2.236389e-09,1.160259e-07,0.000000e+00,0.000000e+00,0.000000e+00,4.751513e+02,4.513937e+02,4.062738e+02,8.521297e+00,0.000000e+00,9.500000e-01,2.500000e-01,5,20
469,2.350000,1.010482e-09,1.157012e-07,0.000000e+00,0.000000e+00,0.000000e+00,4.751513e+02,4.513937e+02,4.062738e+02,8.521297e+00,0.000000e+00,9.500000e-01,2.500000e-01,5,20
470,2.355000,1.713391e-09,1.132055e-07,0.000000e+00,0.000000e+00,0.000000e+00,4.751513e+02,4.513937e+02,4.062738e+02,8.521297e+00,0.000000e+00,9.500000e-01,2.500000e-01,5,20
471,2.360000,2.553422e-09,1.119726e-07,0.000000e+00,0.000000e+00,0.000000e+00,4.751513e+02,4.513937e+02,4.062738e+02,8.521297e+00,0.000000e+00,9.500000e-01,2.500000e-01,5,20
472,2.365000,1.346555e-09,1.101798e-07,0.000000e+00,0.000000e+00,0.000000e+00,4.751513e+02,4.513937e+02,4.062738e+02,8.521297e+00,0.000000e+00,9.500000e-01,2.500000e-01,5,20
473,2.370000,1.471063e-09,1.010340e-07,0.000000e+00,0.000000e+00,0.000000e+00,4.751513e+02,4.513937e+02,4.062738e+02,8.521297e+00,0.000000e+00,9.500000e-01,2.500000e-01,5,20
474,2.375000,1.012848e-10,8.963112e-08,0.000000e+00,0.000000e+00,0.000000e+00,4.751513e+02,4.513937e+02,4.062738e+02,8.521297e+00,0.000000e+00,9.500000e-01,2.500000e-01,5,20
475,2.380000,4.359097e-10,8.527272e-08,0.000000e+00,0.000000e+00,0.000000e+00,4.751513e+02,4.513937e+02,4.062738e+02,8.521297e+00,0.000000e+00,9.500000e-01,2.500000e-01,5,20
476,2.385000,5.082352e-10,8.310983e-08,0.000000e+00,0.000000e+00,0.000000e+00,4.751513e+02,4.513937e+02,4.062738e+02,8.521297e+00,0.000000e+00,9.500000e-01,2.500000e-01,5,20
477,2.390000,3.794860e-10,7.964493e-08,0.000000e+00,0.000000e+00,0.000000e+00,4.751513e+02,4.513937e+02,4.062738e+02,8.521297e+00,0.000000e+00,9.500000e-01,2.500000e-01,5,20
478,2.395000,2.164369e-10,7.653091e-08,0.000000e+00,0.000000e+00,0.000000e+00,4.751513e+02,4.513937e+02,4.062738e+02,8.521297e+00,0.000000e+00,9.500000e-01,2.500000e-01,5,20
479,2.400000,9.489006e-10,7.358519e-08,0.000000e+00,0.000000e+00,0.000000e+00,4.751513e+02,4.513937e+02,4.062738e+02,8.521297e+00,0.000000e+00,9.500000e-01,2.500000e-01,5,20
480,2.405000,5.852231e-10,6.312095e-08,0.000000e+00,0.000000e+00,0.000000e+00,4.751513e+02,4.513937e+02,4.062738e+02,8.521297e+00,0.000000e+00,9.500000e-01,2.500000e-01,5,20
481,2.410000,8.398260e-10,5.921776e-08,0.000000e+00,0.000000e+00,0.000000e+00,4.751513e+02,4.513937e+02,4.062738e+02,8.521297e+00,0.000000e+00,9.500000e-01,2.500000e-01,5,20
482,2.415000,1.233300e-09,5.997013e-08,0.000000e+00,0.000000e+00,0.000000e+00,4.751513e+02,4.513937e+02,4.062738e+02,8.521297e+00,0.000000e+00,9.500000e-01,2.500000e-01,5,20
483,2.420000,7.735702e-10,5.825746e-08,1.986382e-10,0.000000e+00,0.000000e+00,4.751513e+02,4.513937e+02,4.062738e+02,8.521297e+00,0.000000e+00,9.500000e-01,2.500000e-01,5,20
484,2.425000,2.085974e-10,5.636566e-08,5.713532e-11,0.000000e+00,0.000000e+00,4.751513e+02,4.513937e+02,4.062738e+02,8.521297e+00,0.000000e+00,9.500000e-01,2.500000e-01,5,20
485,2.430000,7.436129e-10,5.356062e-08,0.000000e+00,0.000000e+00,0.000000e+00,4.751513e+02,4.513937e+02,4.062738e+02,8.521297e+00,0.000000e+00,9.500000e-01,2.500000e-01,5,20
486,2.435000,1.207425e-09,4.488446e-08,0.000000e+00,0.000000e+00,0.000000e+00,4.751513e+02,4.513937e+02,4.062738e+02,8.521297e+00,0.000000e+00,9.500000e-01,2.500000e-01,5,20
487,2.440000,4.316014e-10,3.552339e-08,0.000000e+00,0.000000e+00,0.000000e+00,4.751513e+02,4.513937e+02,4.062738e+02,8.521297e+00,0.000000e+00,9.500000e-01,2.500000e-01,5,20
488,2.445000,6.692572e-10,3.529118e-08,0.000000e+00,0.000000e+00,0.000000e+00,4.751513e+02,4.513937e+02,4.062738e+02,8.521297e+00,0.000000e+00,9.500000e-01,2.500000e-01,5,20
489,2.450000,1.101712e-09,3.534323e-08,0.000000e+00,0.000000e+00,0.000000e+00,4.751513e+02,4.513937e+02,4.062738e+02,8.521297e+00,0.000000e+00,9.500000e-01,2.500000e-01,5,20
490,2.455000,8.171461e-10,3.440655e-08,2.814382e-10,0.000000e+00,0.000000e+00,4.751513e+02,4.513937e+02,4.062738e+02,8.521297e+00,0.000000e+00,9.500000e-01,2.500000e-01,5,20
491,2.460000,2.142267e-10,3.342233e-08,2.919740e-10,0.000000e+00,0.000000e+00,4.751513e+02,4.513937e+02,4.062738e+02,8.521297e+00,0.000000e+00,9.500000e-01,2.500000e-01,5,20
492,2.465000,4.580076e-10,3.224079e-08,0.000000e+00,0.000000e+00,0.000000e+00,4.751513e+02,4.513937e+02,4.062738e+02,8.521297e+00,0.000000e+00,9.500000e-01,2.500000e-01,5,20
493,2.470000,8.708443e-10,2.503462e-08,0.000000e+00,0.000000e+00,0.000000e+00,4.751513e+02,4.513937e+02,4.062738e+02,8.521297e+00,0.000000e+00,9.500000e-01,2.500000e-01,5,20
494,2.475000,3.643706e-10,1.850458e-08,8.412194e-11,0.000000e+00,0.000000e+00,4.751513e+02,4.513937e+02,4.062738e+02,8.521297e+00,0.000000e+00,9.500000e-01,2.500000e-01,5,20
495,2.480000,2.592784e-10,1.931498e-08,0.000000e+00,0.000000e+00,0.000000e+00,4.751513e+02,4.513937e+02,4.062738e+02,8.521297e+00,0.000000e+00,9.500000e-01,2.500000e-01,5,20
496,2.485000,6.868204e-10,1.955361e-08,0.000000e+00,0.000000e+00,0.000000e+00,4.751513e+02,4.513937e+02,4.062738e+02,8.521297e+00,0.000000e+00,9.500000e-01,2.500000e-01,5,20
497,2.490000,5.537766e-10,1.923070e-08,1.647739e-11,0.000000e+00,0.000000e+00,4.751513e+02,4.513937e+02,4.062738e+02,8.521297e+00,0.000000e+00,9.500000e-01,2.500000e-01,5,20
498,2.495000,2.222856e-10,1.893582e-08,1.033360e-10,0.000000e+00,0.000000e+00,4.751513e+02,4.513937e+02,4.062738e+02,8.521297e+00,0.000000e+00,9.500000e-01,2.500000e-01,5,20
499,2.500000,2.297800e-10,1.839764e-08,0.000000e+00,0.000000e+00,0.000000e+00,4.751513e+02,4.513937e+02,4.062738e+02,8.521297e+00,0.000000e+00,9.500000e-01,2.500000e-01,5,20
500,2.505000,2.026228e-10,1.496021e-08,0.000000e+00,0.000000e+00,0.000000e+00,4.751513e+02,4.513937e+02,4.062738e+02,8.521297e+00,0.000000e+00,9.500000e-01,2.500000e-01,5,20
501,2.510000,1.092204e-10,1.259836e-08,0.000000e+00,0.000000e+00,0.000000e+00,4.751513e+02,4.513937e+02,4.062738e+02,8.521297e+00,0.000000e+00,9.500000e-01,2.500000e-01,5,20
502,2.515000,1.299085e-10,1.317066e-08,0.000000e+00,0.000000e+00,0.000000e+00,4.751513e+02,4.513937e+02,4.062738e+02,8.521297e+00,0.000000e+00,9.500000e-01,2.500000e-01,5,20
503,2.520000,1.693349e-10,1.307099e-08,0.000000e+00,0.000000e+00,0.000000e+00,4.751513e+02,4.513937e+02,4.062738e+02,8.521297e+00,0.000000e+00,9.500000e-01,2.500000e-01,5,20
504,2.525000,1.341045e-10,1.297728e-08,0.000000e+00,0.000000e+00,0.000000e+00,4.751513e+02,4.513937e+02,4.062738e+02,8.521297e+00,0.000000e+00,9.500000e-01,2.500000e-01,5,20
505,2.530000,8.194700e-11,1.288052e-08,0.000000e+00,0.000000e+00,0.000000e+00,4.751513e+02,4.513937e+02,4.062738e+02,8.521297e+00,0.000000e+00,9.500000e-01,2.500000e-01,5,20
506,2.535000,1.301974e-10,1.137828e-08,0.000000e+00,0.000000e+00,0.000000e+00,4.751513e+02,4.513937e+02,4.062738e+02,8.521297e+00,0.000000e+00,9.500000e-01,2.500000e-01,5,20
507,2.540000,5.613615e-11,9.826338e-09,0.000000e+00,0.000000e+00,0.000000e+00,4.751513e+02,4.513937e+02,4.062738e+02,8.521297e+00,0.000000e+00,9.500000e-01,2.500000e-01,5,20
508,2.545000,9.767116e-11,9.795834e-09,0.000000e+00,0.000000e+00,0.000000e+00,4.751513e+02,4.513937e+02,4.062738e+02,8.521297e+00,0.000000e+00,9.500000e-01,2.500000e-01,5,20
509,2.550000,1.137239e-10,9.738801e-09,0.000000e+00,0.000000e+00,0.000000e+00,4.751513e+02,4.513937e+02,4.062738e+02,8.521297e+00,0.000000e+00,9.500000e-01,2.500000e-01,5,20
510,2.555000,5.425469e-11,9.554878e-09,0.000000e+00,0.000000e+00,0.000000e+00,4.751513e+02,4.513937e+02,4.062738e+02,8.521297e+00,0.000000e+00,9.500000e-01,2.500000e-01,5,20
511,2.560000,3.776004e-11,9.333036e-09,0.000000e+00,0.000000e+00,0.000000e+00,4.751513e+02,4.513937e+02,4.062738e+02,8.521297e+00,0.000000e+00,9.500000e-01,2.500000e-01,5,20
512,2.565000,1.324423e-10,8.966953e-09,0.000000e+00,0.000000e+00,0.000000e+00,4.751513e+02,4.513937e+02,4.062738e+02,8.521297e+00,0.000000e+00,9.500000e-01,2.500000e-01,5,20
513,2.570000,9.382158e-11,7.324224e-09,0.000000e+00,0.000000e+00,0.000000e+00,4.751513e+02,4.513937e+02,4.062738e+02,8.521297e+00,0.000000e+00,9.500000e-01,2.500000e-01,5,20
514,2.575000,3.376518e-11,6.644837e-09,0.000000e+00,0.000000e+00,0.000000e+00,4.751513e+02,4.513937e+02,4.062738e+02,8.521297e+00,0.000000e+00,9.500000e-01,2.500000e-01,5,20
515,2.580000,1.358757e-10,7.009169e-09,0.000000e+00,0.000000e+00,0.000000e+00,4.751513e+02,4.513937e+02,4.062738e+02,8.521297e+00,0.000000e+00,9.500000e-01,2.500000e-01,5,20
516,2.585000,1.143648e-10,6.952224e-09,0.000000e+00,0.000000e+00,0.000000e+00,4.751513e+02,4.513937e+02,4.062738e+02,8.521297e+00,0.000000e+00,9.500000e-01,2.500000e-01,5,20
517,2.590000,3.981181e-11,6.814083e-09,0.000000e+00,0.000000e+00,0.000000e+00,4.751513e+02,4.513937e+02,4.062738e+02,8.521297e+00,0.000000e+00,9.500000e-01,2.500000e-01,5,20
518,2.595000,3.607994e-11,6.631867e-09,0.000000e+00,0.000000e+00,0.000000e+00,4.751513e+02,4.513937e+02,4.062738e+02,8.521297e+00,0.000000e+00,9.500000e-01,2.500000e-01,5,20
519,2.600000,1.525730e-10,5.644054e-09,0.000000e+00,0.000000e+00,0.000000e+00,4.751513e+02,4.513937e+02,4.062738e+02,8.521297e+00,0.000000e+00,9.500000e-01,2.500000e-01,5,20
520,2.605000,6.299774e-11,4.345194e-09,0.000000e+00,0.000000e+00,0.000000e+00,4.751513e+02,4.513937e+02,4.062738e+02,8.521297e+00,0.000000e+00,9.500000e-01,2.500000e-01,5,20
521,2.610000,4.977860e-11,4.232231e-09,0.000000e+00,0.000000e+00,0.000000e+00,4.751513e+02,4.513937e+02,4.062738e+02,8.521297e+00,0.000000e+00,9.500000e-01,2.500000e-01,5,20
522,2.615000,1.077153e-10,4.340210e-09,0.000000e+00,0.000000e+00,0.000000e+00,4.751513e+02,4.513937e+02,4.062738e+02,8.521297e+00,0.000000e+00,9.500000e-01,2.500000e-01,5,20
523,2.620000,9.338557e-11,4.330944e-09,0.000000e+00,0.000000e+00,0.000000e+00,4.751513e+02,4.513937e+02,4.062738e+02,8.521297e+00,0.000000e+00,9.500000e-01,2.500000e-01,5,20
524,2.625000,3.638088e-11,4.276563e-09,0.000000e+00,0.000000e+00,0.000000e+00,4.751513e+02,4.513937e+02,4.062738e+02,8.521297e+00,0.000000e+00,9.500000e-01,2.500000e-01,5,20
525,2.630000,5.402103e-11,4.181568e-09,0.000000e+00,0.000000e+00,0.000000e+00,4.751513e+02,4.513937e+02,4.062738e+02,8.521297e+00,0.000000e+00,9.500000e-01,2.500000e-01,5,20
526,2.635000,7.918371e-11,3.296217e-09,0.000000e+00,0.000000e+00,0.000000e+00,4.751513e+02,4.513937e+02,4.062738e+02,8.521297e+00,0.000000e+00,9.500000e-01,2.500000e-01,5,20
527,2.640000,4.371374e-11,2.516040e-09,0.000000e+00,0.000000e+00,0.000000e+00,4.751513e+02,4.513937e+02,4.062738e+02,8.521297e+00,0.000000e+00,9.500000e-01,2.500000e-01,5,20
528,2.645000,3.274622e-11,2.673277e-09,0.000000e+00,0.000000e+00,0.000000e+00,4.751513e+02,4.513937e+02,4.062738e+02,8.521297e+00,0.000000e+00,9.500000e-01,2.500000e-01,5,20
529,2.650000,6.396865e-11,2.717164e-09,0.000000e+00,0.000000e+00,0.000000e+00,4.751513e+02,4.513937e+02,4.062738e+02,8.521297e+00,0.000000e+00,9.500000e-01,2.500000e-01,5,20
530,2.655000,5.053118e-11,2.720062e-09,0.000000e+00,0.000000e+00,0.000000e+00,4.751513e+02,4.513937e+02,4.062738e+02,8.521297e+00,0.000000e+00,9.500000e-01,2.500000e-01,5,20
531,2.660000,1.503183e-11,2.706512e-09,0.000000e+00,0.000000e+00,0.000000e+00,4.751513e+02,4.513937e+02,4.062738e+02,8.521297e+00,0.000000e+00,9.500000e-01,2.500000e-01,5,20
532,2.665000,3.082849e-11,2.603544e-09,0.000000e+00,0.000000e+00,0.000000e+00,4.751513e+02,4.513937e+02,4.062738e+02,8.521297e+00,0.000000e+00,9.500000e-01,2.500000e-01,5,20
533,2.670000,2.893741e-11,2.108602e-09,0.000000e+00,0.000000e+00,0.000000e+00,4.751513e+02,4.513937e+02,4.062738e+02,8.521297e+00,0.000000e+00,9.500000e-01,2.500000e-01,5,20
534,2.675000,1.885376e-12,1.845363e-09,0.000000e+00,0.000000e+00,0.000000e+00,4.751513e+02,4.513937e+02,4.062738e+02,8.521297e+00,0.000000e+00,9.500000e-01,2.500000e-01,5,20
535,2.680000,2.634279e-11,1.965400e-09,0.000000e+00,0.000000e+00,0.000000e+00,4.751513e+02,4.513937e+02,4.062738e+02,8.521297e+00,0.000000e+00,9.500000e-01,2.500000e-01,5,20
536,2.685000,2.643805e-11,1.969170e-09,0.000000e+00,0.000000e+00,0.000000e+00,4.751513e+02,4.513937e+02,4.062738e+02,8.521297e+00,0.000000e+00,9.500000e-01,2.500000e-01,5,20
537,2.690000,1.341762e-11,1.958822e-09,0.000000e+00,0.000000e+00,0.000000e+00,4.751513e+02,4.513937e+02,4.062738e+02,8.521297e+00,0.000000e+00,9.500000e-01,2.500000e-01,5,20
538,2.695000,5.895850e-12,1.934749e-09,0.000000e+00,0.000000e+00,0.000000e+00,4.751513e+02,4.513937e+02,4.062738e+02,8.521297e+00,0.000000e+00,9.500000e-01,2.500000e-01,5,20
539,2.700000,2.265308e-11,1.656870e-09,0.000000e+00,0.000000e+00,0.000000e+00,4.751513e+02,4.513937e+02,4.062738e+02,8.521297e+00,0.000000e+00,9.500000e-01,2.500000e-01,5,20
540,2.705000,6.663138e-12,1.386997e-09,0.000000e+00,0.000000e+00,0.000000e+00,4.751513e+02,4.513937e+02,4.062738e+02,8.521297e+00,0.000000e+00,9.500000e-01,2.500000e-01,5,20
541,2.710000,1.827267e-11,1.426238e-09,0.000000e+00,0.000000e+00,0.000000e+00,4.751513e+02,4.513937e+02,4.062738e+02,8.521297e+00,0.000000e+00,9.500000e-01,2.500000e-01,5,20
542,2.715000,2.076037e-11,1.441490e-09,0.000000e+00,0.000000e+00,0.000000e+00,4.751513e+02,4.513937e+02,4.062738e+02,8.521297e+00,0.000000e+00,9.500000e-01,2.500000e-01,5,20
543,2.720000,1.337600e-11,1.433967e-09,0.000000e+00,0.000000e+00,0.000000e+00,4.751513e+02,4.513937e+02,4.062738e+02,8.521297e+00,0.000000e+00,9.500000e-01,2.500000e-01,5,20
544,2.725000,5.435456e-12,1.411051e-09,0.000000e+00,0.000000e+00,0.000000e+00,4.751513e+02,4.513937e+02,4.062738e+02,8.521297e+00,0.000000e+00,9.500000e-01,2.500000e-01,5,20
545,2.730000,2.354011e-11,1.353697e-09,0.000000e+00,0.000000e+00,0.000000e+00,4.751513e+02,4.513937e+02,4.062738e+02,8.521297e+00,0.000000e+00,9.500000e-01,2.500000e-01,5,20
546,2.735000,1.554647e-11,1.066433e-09,0.000000e+00,0.000000e+00,0.000000e+00,4.751513e+02,4.513937e+02,4.062738e+02,8.521297e+00,0.000000e+00,9.500000e-01,2.500000e-01,5,20
547,2.740000,2.991852e-12,9.294642e-10,0.000000e+00,0.000000e+00,0.000000e+00,4.751513e+02,4.513937e+02,4.062738e+02,8.521297e+00,0.000000e+00,9.500000e-01,2.500000e-01,5,20
548,2.745000,1.713178e-11,1.018764e-09,0.000000e+00,0.000000e+00,0.000000e+00,4.751513e+02,4.513937e+02,4.062738e+02,8.521297e+00,0.000000e+00,9.500000e-01,2.500000e-01,5,20
549,2.750000,1.744782e-11,1.034195e-09,0.000000e+00,0.000000e+00,0.000000e+00,4.751513e+02,4.513937e+02,4.062738e+02,8.521297e+00,0.000000e+00,9.500000e-01,2.500000e-01,5,20
550,2.755000,8.696211e-12,1.029903e-09,0.000000e+00,0.000000e+00,0.000000e+00,4.751513e+02,4.513937e+02,4.062738e+02,8.521297e+00,0.000000e+00,9.500000e-01,2.500000e-01,5,20
551,2.760000,2.627713e-12,1.008470e-09,0.000000e+00,0.000000e+00,0.000000e+00,4.751513e+02,4.513937e+02,4.062738e+02,8.521297e+00,0.000000e+00,9.500000e-01,2.500000e-01,5,20
552,2.765000,1.891552e-11,8.720634e-10,0.000000e+00,0.000000e+00,0.000000e+00,4.751513e+02,4.513937e+02,4.062738e+02,8.521297e+00,0.000000e+00,9.500000e-01,2.500000e-01,5,20
553,2.770000,1.092956e-11,6.660189e-10,0.000000e+00,0.000000e+00,0.000000e+00,4.751513e+02,4.513937e+02,4.062738e+02,8.521297e+00,0.000000e+00,9.500000e-01,2.500000e-01,5,20
554,2.775000,5.024923e-12,6.304592e-10,0.000000e+00,0.000000e+00,0.000000e+00,4.751513e+02,4.513937e+02,4.062738e+02,8.521297e+00,0.000000e+00,9.500000e-01,2.500000e-01,5,20
555,2.780000,1.307926e-11,6.624895e-10,0.000000e+00,0.000000e+00,0.000000e+00,4.751513e+02,4.513937e+02,4.062738e+02,8.521297e+00,0.000000e+00,9.500000e-01,2.500000e-01,5,20
556,2.785000,1.201507e-11,6.769978e-10,0.000000e+00,0.000000e+00,0.000000e+00,4.751513e+02,4.513937e+02,4.062738e+02,8.521297e+00,0.000000e+00,9.500000e-01,2.500000e-01,5,20
557,2.790000,5.066265e-12,6.774169e-10,0.000000e+00,0.000000e+00,0.000000e+00,4.751513e+02,4.513937e+02,4.062738e+02,8.521297e+00,0.000000e+00,9.500000e-01,2.500000e-01,5,20
558,2.795000,5.891511e-12,6.631469e-10,0.000000e+00,0.000000e+00,0.000000e+00,4.751513e+02,4.513937e+02,4.062738e+02,8.521297e+00,0.000000e+00,9.500000e-01,2.500000e-01,5,20
559,2.800000,1.008908e-11,5.302773e-10,0.000000e+00,0.000000e+00,0.000000e+00,4.751513e+02,4.513937e+02,4.062738e+02,8.521297e+00,0.000000e+00,9.500000e-01,2.500000e-01,5,20
560,2.805000,4.152029e-12,4.124972e-10,0.000000e+00,0.000000e+00,0.000000e+00,4.751513e+02,4.513937e+02,4.062738e+02,8.521297e+00,0.000000e+00,9.500000e-01,2.500000e-01,5,20
561,2.810000,5.590399e-12,4.428895e-10,0.000000e+00,0.000000e+00,0.000000e+00,4.751513e+02,4.513937e+02,4.062738e+02,8.521297e+00,0.000000e+00,9.500000e-01,2.500000e-01,5,20
562,2.815000,8.020758e-12,4.541924e-10,0.000000e+00,0.000000e+00,0.000000e+00,4.751513e+02,4.513937e+02,4.062738e+02,8.521297e+00,0.000000e+00,9.500000e-01,2.500000e-01,5,20
563,2.820000,6.200532e-12,4.609685e-10,0.000000e+00,0.000000e+00,0.000000e+00,4.751513e+02,4.513937e+02,4.062738e+02,8.521297e+00,0.000000e+00,9.500000e-01,2.500000e-01,5,20
564,2.825000,1.607439e-12,4.589148e-10,0.000000e+00,0.000000e+00,0.000000e+00,4.751513e+02,4.513937e+02,4.062738e+02,8.521297e+00,0.000000e+00,9.500000e-01,2.500000e-01,5,20
565,2.830000,5.654016e-12,4.368449e-10,0.000000e+00,0.000000e+00,0.000000e+00,4.751513e+02,4.513937e+02,4.062738e+02,8.521297e+00,0.000000e+00,9.500000e-01,2.500000e-01,5,20
566,2.835000,4.393217e-12,3.485635e-10,0.000000e+00,0.000000e+00,0.000000e+00,4.751513e+02,4.513937e+02,4.062738e+02,8.521297e+00,0.000000e+00,9.500000e-01,2.500000e-01,5,20
567,2.840000,7.254105e-13,3.086592e-10,0.000000e+00,0.000000e+00,0.000000e+00,4.751513e+02,4.513937e+02,4.062738e+02,8.521297e+00,0.000000e+00,9.500000e-01,2.500000e-01,5,20
568,2.845000,4.766523e-12,3.334029e-10,0.000000e+00,0.000000e+00,0.000000e+00,4.751513e+02,4.513937e+02,4.062738e+02,8.521297e+00,0.000000e+00,9.500000e-01,2.500000e-01,5,20
569,2.850000,4.360658e-12,3.394434e-10,0.000000e+00,0.000000e+00,0.000000e+00,4.751513e+02,4.513937e+02,4.062738e+02,8.521297e+00,0.000000e+00,9.500000e-01,2.500000e-01,5,20
570,2.855000,2.238785e-12,3.395459e-10,0.000000e+00,0.000000e+00,0.000000e+00,4.751513e+02,4.513937e+02,4.062738e+02,8.521297e+00,0.000000e+00,9.500000e-01,2.500000e-01,5,20
571,2.860000,1.408357e-12,3.321457e-10,0.000000e+00,0.000000e+00,0.000000e+00,4.751513e+02,4.513937e+02,4.062738e+02,8.521297e+00,0.000000e+00,9.500000e-01,2.500000e-01,5,20
572,2.865000,3.944940e-12,2.771597e-10,0.000000e+00,0.000000e+00,0.000000e+00,4.751513e+02,4.513937e+02,4.062738e+02,8.521297e+00,0.000000e+00,9.500000e-01,2.500000e-01,5,20
573,2.870000,2.019538e-12,2.240742e-10,0.000000e+00,0.000000e+00,0.000000e+00,4.751513e+02,4.513937e+02,4.062738e+02,8.521297e+00,0.000000e+00,9.500000e-01,2.500000e-01,5,20
574,2.875000,2.816140e-12,2.305042e-10,0.000000e+00,0.000000e+00,0.000000e+00,4.751513e+02,4.513937e+02,4.062738e+02,8.521297e+00,0.000000e+00,9.500000e-01,2.500000e-01,5,20
575,2.880000,3.864945e-12,2.394693e-10,0.000000e+00,0.000000e+00,0.000000e+00,4.751513e+02,4.513937e+02,4.062738e+02,8.521297e+00,0.000000e+00,9.500000e-01,2.500000e-01,5,20
576,2.885000,2.803851e-12,2.438858e-10,0.000000e+00,0.000000e+00,0.000000e+00,4.751513e+02,4.513937e+02,4.062738e+02,8.521297e+00,0.000000e+00,9.500000e-01,2.500000e-01,5,20
577,2.890000,9.291732e-13,2.407092e-10,0.000000e+00,0.000000e+00,0.000000e+00,4.751513e+02,4.513937e+02,4.062738e+02,8.521297e+00,0.000000e+00,9.500000e-01,2.500000e-01,5,20
578,2.895000,3.641117e-12,2.291039e-10,0.000000e+00,0.000000e+00,0.000000e+00,4.751513e+02,4.513937e+02,4.062738e+02,8.521297e+00,0.000000e+00,9.500000e-01,2.500000e-01,5,20
579,2.900000,2.822430e-12,1.760475e-10,0.000000e+00,0.000000e+00,0.000000e+00,4.751513e+02,4.513937e+02,4.062738e+02,8.521297e+00,0.000000e+00,9.500000e-01,2.500000e-01,5,20
580,2.905000,4.840031e-13,1.451739e-10,0.000000e+00,0.000000e+00,0.000000e+00,4.751513e+02,4.513937e+02,4.062738e+02,8.521297e+00,0.000000e+00,9.500000e-01,2.500000e-01,5,20
581,2.910000,2.697842e-12,1.651049e-10,0.000000e+00,0.000000e+00,0.000000e+00,4.751513e+02,4.513937e+02,4.062738e+02,8.521297e+00,0.000000e+00,9.500000e-01,2.500000e-01,5,20
582,2.915000,3.052916e-12,1.725605e-10,0.000000e+00,0.000000e+00,0.000000e+00,4.751513e+02,4.513937e+02,4.062738e+02,8.521297e+00,0.000000e+00,9.500000e-01,2.500000e-01,5,20
583,2.920000,1.803105e-12,1.756216e-10,0.000000e+00,0.000000e+00,0.000000e+00,4.751513e+02,4.513937e+02,4.062738e+02,8.521297e+00,0.000000e+00,9.500000e-01,2.500000e-01,5,20
584,2.925000,2.899787e-13,1.721493e-10,0.000000e+00,0.000000e+00,0.000000e+00,4.751513e+02,4.513937e+02,4.062738e+02,8.521297e+00,0.000000e+00,9.500000e-01,2.500000e-01,5,20
585,2.930000,2.602686e-12,1.506207e-10,0.000000e+00,0.000000e+00,0.000000e+00,4.751513e+02,4.513937e+02,4.062738e+02,8.521297e+00,0.000000e+00,9.500000e-01,2.500000e-01,5,20
586,2.935000,1.579619e-12,1.138098e-10,0.000000e+00,0.000000e+00,0.000000e+00,4.751513e+02,4.513937e+02,4.062738e+02,8.521297e+00,0.000000e+00,9.500000e-01,2.500000e-01,5,20
587,2.940000,6.435163e-13,1.052796e-10,0.000000e+00,0.000000e+00,0.000000e+00,4.751513e+02,4.513937e+02,4.062738e+02,8.521297e+00,0.000000e+00,9.500000e-01,2.500000e-01,5,20
588,2.945000,1.991733e-12,1.136990e-10,0.000000e+00,0.000000e+00,0.000000e+00,4.751513e+02,4.513937e+02,4.062738e+02,8.521297e+00,0.000000e+00,9.500000e-01,2.500000e-01,5,20
589,2.950000,1.918242e-12,1.192558e-10,0.000000e+00,0.000000e+00,0.000000e+00,4.751513e+02,4.513937e+02,4.062738e+02,8.521297e+00,0.000000e+00,9.500000e-01,2.500000e-01,5,20
590,2.955000,8.546351e-13,1.207034e-10,0.000000e+00,0.000000e+00,0.000000e+00,4.751513e+02,4.513937e+02,4.062738e+02,8.521297e+00,0.000000e+00,9.500000e-01,2.500000e-01,5,20
591,2.960000,8.703180e-13,1.172924e-10,0.000000e+00,0.000000e+00,0.000000e+00,4.751513e+02,4.513937e+02,4.062738e+02,8.521297e+00,0.000000e+00,9.500000e-01,2.500000e-01,5,20
592,2.965000,1.386989e-12,9.278755e-11,0.000000e+00,0.000000e+00,0.000000e+00,4.751513e+02,4.513937e+02,4.062738e+02,8.521297e+00,0.000000e+00,9.500000e-01,2.500000e-01,5,20
593,2.970000,6.114661e-13,7.249644e-11,0.000000e+00,0.000000e+00,0.000000e+00,4.751513e+02,4.513937e+02,4.062738e+02,8.521297e+00,0.000000e+00,9.500000e-01,2.500000e-01,5,20
594,2.975000,1.027517e-12,7.716157e-11,0.000000e+00,0.000000e+00,0.000000e+00,4.751513e+02,4.513937e+02,4.062738e+02,8.521297e+00,0.000000e+00,9.500000e-01,2.500000e-01,5,20
595,2.980000,1.321815e-12,8.100760e-11,0.000000e+00,0.000000e+00,0.000000e+00,4.751513e+02,4.513937e+02,4.062738e+02,8.521297e+00,0.000000e+00,9.500000e-01,2.500000e-01,5,20
596,2.985000,1.021541e-12,8.392781e-11,0.000000e+00,0.000000e+00,0.000000e+00,4.751513e+02,4.513937e+02,4.062738e+02,8.521297e+00,0.000000e+00,9.500000e-01,2.500000e-01,5,20
597,2.990000,3.090740e-13,8.328539e-11,0.000000e+00,0.000000e+00,0.000000e+00,4.751513e+02,4.513937e+02,4.062738e+02,8.521297e+00,0.000000e+00,9.500000e-01,2.500000e-01,5,20
598,2.995000,1.045776e-12,7.808626e-11,0.000000e+00,0.000000e+00,0.000000e+00,4.751513e+02,4.513937e+02,4.062738e+02,8.521297e+00,0.000000e+00,9.500000e-01,2.500000e-01,5,20
599,3.000000,7.367515e-13,6.089205e-11,0.000000e+00,0.000000e+00,0.000000e+00,4.751513e+02,4.513937e+02,4.062738e+02,8.521297e+00,0.000000e+00,9.500000e-01,2.500000e-01,5,20
600,3.005000,2.040979e-13,5.264406e-11,0.000000e+00,0.000000e+00,0.000000e+00,4.751513e+02,4.513937e+02,4.062738e+02,8.521297e+00,0.000000e+00,9.500000e-01,2.500000e-01,5,20
601,3.010000,8.787132e-13,5.905395e-11,0.000000e+00,0.000000e+00,0.000000e+00,4.751513e+02,4.513937e+02,4.062738e+02,8.521297e+00,0.000000e+00,9.500000e-01,2.500000e-01,5,20
602,3.015000,8.946583e-13,6.221046e-11,0.000000e+00,0.000000e+00,0.000000e+00,4.751513e+02,4.513937e+02,4.062738e+02,8.521297e+00,0.000000e+00,9.500000e-01,2.500000e-01,5,20
603,3.020000,4.512393e-13,6.305705e-11,0.000000e+00,0.000000e+00,0.000000e+00,4.751513e+02,4.513937e+02,4.062738e+02,8.521297e+00,0.000000e+00,9.500000e-01,2.500000e-01,5,20
604,3.025000,1.905182e-13,6.096694e-11,0.000000e+00,0.000000e+00,0.000000e+00,4.751513e+02,4.513937e+02,4.062738e+02,8.521297e+00,0.000000e+00,9.500000e-01,2.500000e-01,5,20
605,3.030000,7.281090e-13,5.020437e-11,0.000000e+00,0.000000e+00,0.000000e+00,4.751513e+02,4.513937e+02,4.062738e+02,8.521297e+00,0.000000e+00,9.500000e-01,2.500000e-01,5,20
606,3.035000,3.813880e-13,3.865683e-11,0.000000e+00,0.000000e+00,0.000000e+00,4.751513e+02,4.513937e+02,4.062738e+02,8.521297e+00,0.000000e+00,9.500000e-01,2.500000e-01,5,20
607,3.040000,4.671310e-13,3.947229e-11,0.000000e+00,0.000000e+00,0.000000e+00,4.751513e+02,4.513937e+02,4.062738e+02,8.521297e+00,0.000000e+00,9.500000e-01,2.500000e-01,5,20
608,3.045000,7.516814e-13,4.272854e-11,0.000000e+00,0.000000e+00,0.000000e+00,4.751513e+02,4.513937e+02,4.062738e+02,8.521297e+00,0.000000e+00,9.500000e-01,2.500000e-01,5,20
609,3.050000,6.252153e-13,4.519241e-11,0.000000e+00,0.000000e+00,0.000000e+00,4.751513e+02,4.513937e+02,4.062738e+02,8.521297e+00,0.000000e+00,9.500000e-01,2.500000e-01,5,20
610,3.055000,2.156555e-13,4.500129e-11,0.000000e+00,0.000000e+00,0.000000e+00,4.751513e+02,4.513937e+02,4.062738e+02,8.521297e+00,0.000000e+00,9.500000e-01,2.500000e-01,5,20
611,3.060000,5.540185e-13,4.219816e-11,0.000000e+00,0.000000e+00,0.000000e+00,4.751513e+02,4.513937e+02,4.062738e+02,8.521297e+00,0.000000e+00,9.500000e-01,2.500000e-01,5,20
612,3.065000,4.651569e-13,3.117154e-11,0.000000e+00,0.000000e+00,0.000000e+00,4.751513e+02,4.513937e+02,4.062738e+02,8.521297e+00,0.000000e+00,9.500000e-01,2.500000e-01,5,20
613,3.070000,1.050277e-13,2.451947e-11,0.000000e+00,0.000000e+00,0.000000e+00,4.751513e+02,4.513937e+02,4.062738e+02,8.521297e+00,0.000000e+00,9.500000e-01,2.500000e-01,5,20
614,3.075000,4.660760e-13,2.826009e-11,0.000000e+00,0.000000e+00,0.000000e+00,4.751513e+02,4.513937e+02,4.062738e+02,8.521297e+00,0.000000e+00,9.500000e-01,2.500000e-01,5,20
615,3.080000,5.739680e-13,3.074647e-11,0.000000e+00,0.000000e+00,0.000000e+00,4.751513e+02,4.513937e+02,4.062738e+02,8.521297e+00,0.000000e+00,9.500000e-01,2.500000e-01,5,20
616,3.085000,3.916054e-13,3.232107e-11,0.000000e+00,0.000000e+00,0.000000e+00,4.751513e+02,4.513937e+02,4.062738e+02,8.521297e+00,0.000000e+00,9.500000e-01,2.500000e-01,5,20
617,3.090000,4.475521e-14,3.168181e-11,0.000000e+00,0.000000e+00,0.000000e+00,4.751513e+02,4.513937e+02,4.062738e+02,8.521297e+00,0.000000e+00,9.500000e-01,2.500000e-01,5,20
618,3.095000,3.895650e-13,2.749963e-11,0.000000e+00,0.000000e+00,0.000000e+00,4.751513e+02,4.513937e+02,4.062738e+02,8.521297e+00,0.000000e+00,9.500000e-01,2.500000e-01,5,20
619,3.100000,2.262331e-13,2.039582e-11,0.000000e+00,0.000000e+00,0.000000e+00,4.751513e+02,4.513937e+02,4.062738e+02,8.521297e+00,0.000000e+00,9.500000e-01,2.500000e-01,5,20
620,3.105000,1.072973e-13,1.810865e-11,0.000000e+00,0.000000e+00,0.000000e+00,4.751513e+02,4.513937e+02,4.062738e+02,8.521297e+00,0.000000e+00,9.500000e-01,2.500000e-01,5,20
621,3.110000,3.579949e-13,2.046110e-11,0.000000e+00,0.000000e+00,0.000000e+00,4.751513e+02,4.513937e+02,4.062738e+02,8.521297e+00,0.000000e+00,9.500000e-01,2.500000e-01,5,20
622,3.115000,3.710477e-13,2.237014e-11,0.000000e+00,0.000000e+00,0.000000e+00,4.751513e+02,4.513937e+02,4.062738e+02,8.521297e+00,0.000000e+00,9.500000e-01,2.500000e-01,5,20
623,3.120000,1.772833e-13,2.299113e-11,0.000000e+00,0.000000e+00,0.000000e+00,4.751513e+02,4.513937e+02,4.062738e+02,8.521297e+00,0.000000e+00,9.500000e-01,2.500000e-01,5,20
624,3.125000,1.255278e-13,2.205081e-11,0.000000e+00,0.000000e+00,0.000000e+00,4.751513e+02,4.513937e+02,4.062738e+02,8.521297e+00,0.000000e+00,9.500000e-01,2.500000e-01,5,20
625,3.130000,2.156458e-13,1.724396e-11,0.000000e+00,0.000000e+00,0.000000e+00,4.751513e+02,4.513937e+02,4.062738e+02,8.521297e+00,0.000000e+00,9.500000e-01,2.500000e-01,5,20
626,3.135000,9.626454e-14,1.300566e-11,0.000000e+00,0.000000e+00,0.000000e+00,4.751513e+02,4.513937e+02,4.062738e+02,8.521297e+00,0.000000e+00,9.500000e-01,2.500000e-01,5,20
627,3.140000,1.851436e-13,1.388641e-11,0.000000e+00,0.000000e+00,0.000000e+00,4.751513e+02,4.513937e+02,4.062738e+02,8.521297e+00,0.000000e+00,9.500000e-01,2.500000e-01,5,20
628,3.145000,2.753995e-13,1.532550e-11,0.000000e+00,0.000000e+00,0.000000e+00,4.751513e+02,4.513937e+02,4.062738e+02,8.521297e+00,0.000000e+00,9.500000e-01,2.500000e-01,5,20
629,3.150000,2.227915e-13,1.645524e-11,0.000000e+00,0.000000e+00,0.000000e+00,4.751513e+02,4.513937e+02,4.062738e+02,8.521297e+00,0.000000e+00,9.500000e-01,2.500000e-01,5,20
630,3.155000,8.032198e-14,1.633417e-11,0.000000e+00,0.000000e+00,0.000000e+00,4.751513e+02,4.513937e+02,4.062738e+02,8.521297e+00,0.000000e+00,9.500000e-01,2.500000e-01,5,20
631,3.160000,1.765308e-13,1.499719e-11,0.000000e+00,0.000000e+00,0.000000e+00,4.751513e+02,4.513937e+02,4.062738e+02,8.521297e+00,0.000000e+00,9.500000e-01,2.500000e-01,5,20
632,3.165000,1.436286e-13,1.106709e-11,0.000000e+00,0.000000e+00,0.000000e+00,4.751513e+02,4.513937e+02,4.062738e+02,8.521297e+00,0.000000e+00,9.500000e-01,2.500000e-01,5,20
633,3.170000,2.194819e-14,9.163940e-12,0.000000e+00,0.000000e+00,0.000000e+00,4.751513e+02,4.513937e+02,4.062738e+02,8.521297e+00,0.000000e+00,9.500000e-01,2.500000e-01,5,20
634,3.175000,1.867555e-13,1.078221e-11,0.000000e+00,0.000000e+00,0.000000e+00,4.751513e+02,4.513937e+02,4.062738e+02,8.521297e+00,0.000000e+00,9.500000e-01,2.500000e-01,5,20
635,3.180000,2.087556e-13,1.198242e-11,0.000000e+00,0.000000e+00,0.000000e+00,4.751513e+02,4.513937e+02,4.062738e+02,8.521297e+00,0.000000e+00,9.500000e-01,2.500000e-01,5,20
636,3.185000,1.203605e-13,1.250953e-11,0.000000e+00,0.000000e+00,0.000000e+00,4.751513e+02,4.513937e+02,4.062738e+02,8.521297e+00,0.000000e+00,9.500000e-01,2.500000e-01,5,20
637,3.190000,1.064862e-14,1.197685e-11,0.000000e+00,0.000000e+00,0.000000e+00,4.751513e+02,4.513937e+02,4.062738e+02,8.521297e+00,0.000000e+00,9.500000e-01,2.500000e-01,5,20
638,3.195000,1.289230e-13,9.666287e-12,0.000000e+00,0.000000e+00,0.000000e+00,4.751513e+02,4.513937e+02,4.062738e+02,8.521297e+00,0.000000e+00,9.500000e-01,2.500000e-01,5,20
639,3.200000,6.302103e-14,7.057359e-12,0.000000e+00,0.000000e+00,0.000000e+00,4.751513e+02,4.513937e+02,4.062738e+02,8.521297e+00,0.000000e+00,9.500000e-01,2.500000e-01,5,20
640,3.205000,8.532789e-14,6.895845e-12,0.000000e+00,0.000000e+00,0.000000e+00,4.751513e+02,4.513937e+02,4.062738e+02,8.521297e+00,0.000000e+00,9.500000e-01,2.500000e-01,5,20
641,3.210000,1.611944e-13,7.949700e-12,0.000000e+00,0.000000e+00,0.000000e+00,4.751513e+02,4.513937e+02,4.062738e+02,8.521297e+00,0.000000e+00,9.500000e-01,2.500000e-01,5,20
642,3.215000,1.519783e-13,8.912248e-12,0.000000e+00,0.000000e+00,0.000000e+00,4.751513e+02,4.513937e+02,4.062738e+02,8.521297e+00,0.000000e+00,9.500000e-01,2.500000e-01,5,20
643,3.220000,5.984476e-14,9.036906e-12,0.000000e+00,0.000000e+00,0.000000e+00,4.751513e+02,4.513937e+02,4.062738e+02,8.521297e+00,0.000000e+00,9.500000e-01,2.500000e-01,5,20
644,3.225000,8.358310e-14,8.336293e-12,0.000000e+00,0.000000e+00,0.000000e+00,4.751513e+02,4.513937e+02,4.062738e+02,8.521297e+00,0.000000e+00,9.500000e-01,2.500000e-01,5,20
645,3.230000,7.007974e-14,6.008875e-12,0.000000e+00,0.000000e+00,0.000000e+00,4.751513e+02,4.513937e+02,4.062738e+02,8.521297e+00,0.000000e+00,9.500000e-01,2.500000e-01,5,20
646,3.235000,2.945197e-14,4.392309e-12,0.000000e+00,0.000000e+00,0.000000e+00,4.751513e+02,4.513937e+02,4.062738e+02,8.521297e+00,0.000000e+00,9.500000e-01,2.500000e-01,5,20
647,3.240000,9.125018e-14,5.107647e-12,0.000000e+00,0.000000e+00,0.000000e+00,4.751513e+02,4.513937e+02,4.062738e+02,8.521297e+00,0.000000e+00,9.500000e-01,2.500000e-01,5,20
648,3.245000,1.268024e-13,5.927928e-12,0.000000e+00,0.000000e+00,0.000000e+00,4.751513e+02,4.513937e+02,4.062738e+02,8.521297e+00,0.000000e+00,9.500000e-01,2.500000e-01,5,20
649,3.250000,9.799581e-14,6.534968e-12,0.000000e+00,0.000000e+00,0.000000e+00,4.751513e+02,4.513937e+02,4.062738e+02,8.521297e+00,0.000000e+00,9.500000e-01,2.500000e-01,5,20
650,3.255000,2.572706e-14,6.434235e-12,0.000000e+00,0.000000e+00,0.000000e+00,4.751513e+02,4.513937e+02,4.062738e+02,8.521297e+00,0.000000e+00,9.500000e-01,2.500000e-01,5,20
651,3.260000,6.329224e-14,5.569365e-12,0.000000e+00,0.000000e+00,0.000000e+00,4.751513e+02,4.513937e+02,4.062738e+02,8.521297e+00,0.000000e+00,9.500000e-01,2.500000e-01,5,20
652,3.265000,4.975971e-14,3.938030e-12,0.000000e+00,0.000000e+00,0.000000e+00,4.751513e+02,4.513937e+02,4.062738e+02,8.521297e+00,0.000000e+00,9.500000e-01,2.500000e-01,5,20
653,3.270000,1.395211e-14,3.288713e-12,0.000000e+00,0.000000e+00,0.000000e+00,4.751513e+02,4.513937e+02,4.062738e+02,8.521297e+00,0.000000e+00,9.500000e-01,2.500000e-01,5,20
654,3.275000,8.341327e-14,4.000173e-12,0.000000e+00,0.000000e+00,0.000000e+00,4.751513e+02,4.513937e+02,4.062738e+02,8.521297e+00,0.000000e+00,9.500000e-01,2.500000e-01,5,20
655,3.280000,9.063864e-14,4.626520e-12,0.000000e+00,0.000000e+00,0.000000e+00,4.751513e+02,4.513937e+02,4.062738e+02,8.521297e+00,0.000000e+00,9.500000e-01,2.500000e-01,5,20
656,3.285000,5.117937e-14,4.882541e-12,0.000000e+00,0.000000e+00,0.000000e+00,4.751513e+02,4.513937e+02,4.062738e+02,8.521297e+00,0.000000e+00,9.500000e-01,2.500000e-01,5,20
657,3.290000,1.487150e-14,4.618217e-12,0.000000e+00,0.000000e+00,0.000000e+00,4.751513e+02,4.513937e+02,4.062738e+02,8.521297e+00,0.000000e+00,9.500000e-01,2.500000e-01,5,20
658,3.295000,4.308822e-14,3.531829e-12,0.000000e+00,0.000000e+00,0.000000e+00,4.751513e+02,4.513937e+02,4.062738e+02,8.521297e+00,0.000000e+00,9.500000e-01,2.500000e-01,5,20
659,3.300000,1.804899e-14,2.527466e-12,0.000000e+00,0.000000e+00,0.000000e+00,4.751513e+02,4.513937e+02,4.062738e+02,8.521297e+00,0.000000e+00,9.500000e-01,2.500000e-01,5,20
660,3.305000,4.172392e-14,2.619705e-12,0.000000e+00,0.000000e+00,0.000000e+00,4.751513e+02,4.513937e+02,4.062738e+02,8.521297e+00,0.000000e+00,9.500000e-01,2.500000e-01,5,20
661,3.310000,7.009291e-14,3.126255e-12,0.000000e+00,0.000000e+00,0.000000e+00,4.751513e+02,4.513937e+02,4.062738e+02,8.521297e+00,0.000000e+00,9.500000e-01,2.500000e-01,5,20
662,3.315000,6.208118e-14,3.552550e-12,0.000000e+00,0.000000e+00,0.000000e+00,4.751513e+02,4.513937e+02,4.062738e+02,8.521297e+00,0.000000e+00,9.500000e-01,2.500000e-01,5,20
663,3.320000,2.564023e-14,3.565132e-12,0.000000e+00,0.000000e+00,0.000000e+00,4.751513e+02,4.513937e+02,4.062738e+02,8.521297e+00,0.000000e+00,9.500000e-01,2.500000e-01,5,20
664,3.325000,4.199283e-14,3.179583e-12,0.000000e+00,0.000000e+00,0.000000e+00,4.751513e+02,4.513937e+02,4.062738e+02,8.521297e+00,0.000000e+00,9.500000e-01,2.500000e-01,5,20
665,3.330000,2.449249e-14,2.197621e-12,0.000000e+00,0.000000e+00,0.000000e+00,4.751513e+02,4.513937e+02,4.062738e+02,8.521297e+00,0.000000e+00,9.500000e-01,2.500000e-01,5,20
666,3.335000,1.240170e-14,1.653057e-12,0.000000e+00,0.000000e+00,0.000000e+00,4.751513e+02,4.513937e+02,4.062738e+02,8.521297e+00,0.000000e+00,9.500000e-01,2.500000e-01,5,20
667,3.340000,4.757721e-14,2.058841e-12,0.000000e+00,0.000000e+00,0.000000e+00,4.751513e+02,4.513937e+02,4.062738e+02,8.521297e+00,0.000000e+00,9.500000e-01,2.500000e-01,5,20
668,3.345000,5.767784e-14,2.474633e-12,0.000000e+00,0.000000e+00,0.000000e+00,4.751513e+02,4.513937e+02,4.062738e+02,8.521297e+00,0.000000e+00,9.500000e-01,2.500000e-01,5,20
669,3.350000,3.966490e-14,2.713390e-12,0.000000e+00,0.000000e+00,0.000000e+00,4.751513e+02,4.513937e+02,4.062738e+02,8.521297e+00,0.000000e+00,9.500000e-01,2.500000e-01,5,20
670,3.355000,1.072147e-14,2.596841e-12,0.000000e+00,0.000000e+00,0.000000e+00,4.751513e+02,4.513937e+02,4.062738e+02,8.521297e+00,0.000000e+00,9.500000e-01,2.500000e-01,5,20
671,3.360000,2.423323e-14,2.069349e-12,0.000000e+00,0.000000e+00,0.000000e+00,4.751513e+02,4.513937e+02,4.062738e+02,8.521297e+00,0.000000e+00,9.500000e-01,2.500000e-01,5,20
672,3.365000,1.825077e-14,1.401033e-12,0.000000e+00,0.000000e+00,0.000000e+00,4.751513e+02,4.513937e+02,4.062738e+02,8.521297e+00,0.000000e+00,9.500000e-01,2.500000e-01,5,20
673,3.370000,1.743815e-14,1.252410e-12,0.000000e+00,0.000000e+00,0.000000e+00,4.751513e+02,4.513937e+02,4.062738e+02,8.521297e+00,0.000000e+00,9.500000e-01,2.500000e-01,5,20
674,3.375000,4.235464e-14,1.598364e-12,0.000000e+00,0.000000e+00,0.000000e+00,4.751513e+02,4.513937e+02,4.062738e+02,8.521297e+00,0.000000e+00,9.500000e-01,2.500000e-01,5,20
675,3.380000,4.335724e-14,1.930400e-12,0.000000e+00,0.000000e+00,0.000000e+00,4.751513e+02,4.513937e+02,4.062738e+02,8.521297e+00,0.000000e+00,9.500000e-01,2.500000e-01,5,20
676,3.385000,2.262249e-14,2.023357e-12,0.000000e+00,0.000000e+00,0.000000e+00,4.751513e+02,4.513937e+02,4.062738e+02,8.521297e+00,0.000000e+00,9.500000e-01,2.500000e-01,5,20
677,3.390000,1.175457e-14,1.849443e-12,0.000000e+00,0.000000e+00,0.000000e+00,4.751513e+02,4.513937e+02,4.062738e+02,8.521297e+00,0.000000e+00,9.500000e-01,2.500000e-01,5,20
678,3.395000,1.673848e-14,1.311182e-12,0.000000e+00,0.000000e+00,0.000000e+00,4.751513e+02,4.513937e+02,4.062738e+02,8.521297e+00,0.000000e+00,9.500000e-01,2.500000e-01,5,20
679,3.400000,7.403361e-15,8.893591e-13,0.000000e+00,0.000000e+00,0.000000e+00,4.751513e+02,4.513937e+02,4.062738e+02,8.521297e+00,0.000000e+00,9.500000e-01,2.500000e-01,5,20
680,3.405000,2.291415e-14,9.997164e-13,0.000000e+00,0.000000e+00,0.000000e+00,4.751513e+02,4.513937e+02,4.062738e+02,8.521297e+00,0.000000e+00,9.500000e-01,2.500000e-01,5,20
681,3.410000,3.455771e-14,1.267367e-12,0.000000e+00,0.000000e+00,0.000000e+00,4.751513e+02,4.513937e+02,4.062738e+02,8.521297e+00,0.000000e+00,9.500000e-01,2.500000e-01,5,20
682,3.415000,3.007340e-14,1.485181e-12,0.000000e+00,0.000000e+00,0.000000e+00,4.751513e+02,4.513937e+02,4.062738e+02,8.521297e+00,0.000000e+00,9.500000e-01,2.500000e-01,5,20
683,3.420000,1.343203e-14,1.482832e-12,0.000000e+00,0.000000e+00,0.000000e+00,4.751513e+02,4.513937e+02,4.062738e+02,8.521297e+00,0.000000e+00,9.500000e-01,2.500000e-01,5,20
684,3.425000,1.833486e-14,1.272233e-12,0.000000e+00,0.000000e+00,0.000000e+00,4.751513e+02,4.513937e+02,4.062738e+02,8.521297e+00,0.000000e+00,9.500000e-01,2.500000e-01,5,20
685,3.430000,1.010790e-14,8.459217e-13,0.000000e+00,0.000000e+00,0.000000e+00,4.751513e+02,4.513937e+02,4.062738e+02,8.521297e+00,0.000000e+00,9.500000e-01,2.500000e-01,5,20
686,3.435000,7.898189e-15,6.416434e-13,0.000000e+00,0.000000e+00,0.000000e+00,4.751513e+02,4.513937e+02,4.062738e+02,8.521297e+00,0.000000e+00,9.500000e-01,2.500000e-01,5,20
687,3.440000,2.395806e-14,8.393138e-13,0.000000e+00,0.000000e+00,0.000000e+00,4.751513e+02,4.513937e+02,4.062738e+02,8.521297e+00,0.000000e+00,9.500000e-01,2.500000e-01,5,20
688,3.445000,2.730838e-14,1.045145e-12,0.000000e+00,0.000000e+00,0.000000e+00,4.751513e+02,4.513937e+02,4.062738e+02,8.521297e+00,0.000000e+00,9.500000e-01,2.500000e-01,5,20
689,3.450000,1.867770e-14,1.150388e-12,0.000000e+00,0.000000e+00,0.000000e+00,4.751513e+02,4.513937e+02,4.062738e+02,8.521297e+00,0.000000e+00,9.500000e-01,2.500000e-01,5,20
690,3.455000,7.529074e-15,1.082596e-12,0.000000e+00,0.000000e+00,0.000000e+00,4.751513e+02,4.513937e+02,4.062738e+02,8.521297e+00,0.000000e+00,9.500000e-01,2.500000e-01,5,20
691,3.460000,1.127134e-14,8.146197e-13,0.000000e+00,0.000000e+00,0.000000e+00,4.751513e+02,4.513937e+02,4.062738e+02,8.521297e+00,0.000000e+00,9.500000e-01,2.500000e-01,5,20
692,3.465000,7.596134e-15,5.434057e-13,0.000000e+00,0.000000e+00,0.000000e+00,4.751513e+02,4.513937e+02,4.062738e+02,8.521297e+00,0.000000e+00,9.500000e-01,2.500000e-01,5,20
693,3.470000,1.216596e-14,5.197800e-13,0.000000e+00,0.000000e+00,0.000000e+00,4.751513e+02,4.513937e+02,4.062738e+02,8.521297e+00,0.000000e+00,9.500000e-01,2.500000e-01,5,20
694,3.475000,2.143629e-14,6.888698e-13,0.000000e+00,0.000000e+00,0.000000e+00,4.751513e+02,4.513937e+02,4.062738e+02,8.521297e+00,0.000000e+00,9.500000e-01,2.500000e-01,5,20
695,3.480000,2.053445e-14,8.415922e-13,0.000000e+00,0.000000e+00,0.000000e+00,4.751513e+02,4.513937e+02,4.062738e+02,8.521297e+00,0.000000e+00,9.500000e-01,2.500000e-01,5,20
696,3.485000,1.106641e-14,8.669728e-13,0.000000e+00,0.000000e+00,0.000000e+00,4.751513e+02,4.513937e+02,4.062738e+02,8.521297e+00,0.000000e+00,9.500000e-01,2.500000e-01,5,20
697,3.490000,7.901757e-15,7.627178e-13,0.000000e+00,0.000000e+00,0.000000e+00,4.751513e+02,4.513937e+02,4.062738e+02,8.521297e+00,0.000000e+00,9.500000e-01,2.500000e-01,5,20
698,3.495000,7.982143e-15,5.106968e-13,0.000000e+00,0.000000e+00,0.000000e+00,4.751513e+02,4.513937e+02,4.062738e+02,8.521297e+00,0.000000e+00,9.500000e-01,2.500000e-01,5,20
699,3.500000,4.919131e-15,3.489721e-13,0.000000e+00,0.000000e+00,0.000000e+00,4.751513e+02,4.513937e+02,4.062738e+02,8.521297e+00,0.000000e+00,9.500000e-01,2.500000e-01,5,20
700,3.505000,1.365127e-14,4.292257e-13,0.000000e+00,0.000000e+00,0.000000e+00,4.751513e+02,4.513937e+02,4.062738e+02,8.521297e+00,0.000000e+00,9.500000e-01,2.500000e-01,5,20
701,3.510000,1.816303e-14,5.708230e-13,0.000000e+00,0.000000e+00,0.000000e+00,4.751513e+02,4.513937e+02,4.062738e+02,8.521297e+00,0.000000e+00,9.500000e-01,2.500000e-01,5,20
702,3.515000,1.478428e-14,6.682675e-13,0.000000e+00,0.000000e+00,0.000000e+00,4.751513e+02,4.513937e+02,4.062738e+02,8.521297e+00,0.000000e+00,9.500000e-01,2.500000e-01,5,20
703,3.520000,7.102845e-15,6.507797e-13,0.000000e+00,0.000000e+00,0.000000e+00,4.751513e+02,4.513937e+02,4.062738e+02,8.521297e+00,0.000000e+00,9.500000e-01,2.500000e-01,5,20
704,3.525000,8.762751e-15,5.275166e-13,0.000000e+00,0.000000e+00,0.000000e+00,4.751513e+02,4.513937e+02,4.062738e+02,8.521297e+00,0.000000e+00,9.500000e-01,2.500000e-01,5,20
705,3.530000,4.967569e-15,3.353314e-13,0.000000e+00,0.000000e+00,0.000000e+00,4.751513e+02,4.513937e+02,4.062738e+02,8.521297e+00,0.000000e+00,9.500000e-01,2.500000e-01,5,20
706,3.535000,5.512106e-15,2.651222e-13,0.000000e+00,0.000000e+00,0.000000e+00,4.751513e+02,4.513937e+02,4.062738e+02,8.521297e+00,0.000000e+00,9.500000e-01,2.500000e-01,5,20
707,3.540000,1.341553e-14,3.714504e-13,0.000000e+00,0.000000e+00,0.000000e+00,4.751513e+02,4.513937e+02,4.062738e+02,8.521297e+00,0.000000e+00,9.500000e-01,2.500000e-01,5,20
708,3.545000,1.446259e-14,4.801882e-13,0.000000e+00,0.000000e+00,0.000000e+00,4.751513e+02,4.513937e+02,4.062738e+02,8.521297e+00,0.000000e+00,9.500000e-01,2.500000e-01,5,20
709,3.550000,9.877953e-15,5.275634e-13,0.000000e+00,0.000000e+00,0.000000e+00,4.751513e+02,4.513937e+02,4.062738e+02,8.521297e+00,0.000000e+00,9.500000e-01,2.500000e-01,5,20
710,3.555000,4.983044e-15,4.858306e-13,0.000000e+00,0.000000e+00,0.000000e+00,4.751513e+02,4.513937e+02,4.062738e+02,8.521297e+00,0.000000e+00,9.500000e-01,2.500000e-01,5,20
711,3.560000,6.091870e-15,3.460998e-13,0.000000e+00,0.000000e+00,0.000000e+00,4.751513e+02,4.513937e+02,4.062738e+02,8.521297e+00,0.000000e+00,9.500000e-01,2.500000e-01,5,20
712,3.565000,4.100140e-15,2.257077e-13,0.000000e+00,0.000000e+00,0.000000e+00,4.751513e+02,4.513937e+02,4.062738e+02,8.521297e+00,0.000000e+00,9.500000e-01,2.500000e-01,5,20
713,3.570000,7.412699e-15,2.263198e-13,0.000000e+00,0.000000e+00,0.000000e+00,4.751513e+02,4.513937e+02,4.062738e+02,8.521297e+00,0.000000e+00,9.500000e-01,2.500000e-01,5,20
714,3.575000,1.171891e-14,3.150644e-13,0.000000e+00,0.000000e+00,0.000000e+00,4.751513e+02,4.513937e+02,4.062738e+02,8.521297e+00,0.000000e+00,9.500000e-01,2.500000e-01,5,20
715,3.580000,1.090892e-14,3.898879e-13,0.000000e+00,0.000000e+00,0.000000e+00,4.751513e+02,4.513937e+02,4.062738e+02,8.521297e+00,0.000000e+00,9.500000e-01,2.500000e-01,5,20
716,3.585000,6.505481e-15,3.999449e-13,0.000000e+00,0.000000e+00,0.000000e+00,4.751513e+02,4.513937e+02,4.062738e+02,8.521297e+00,0.000000e+00,9.500000e-01,2.500000e-01,5,20
717,3.590000,5.146285e-15,3.437009e-13,0.000000e+00,0.000000e+00,0.000000e+00,4.751513e+02,4.513937e+02,4.062738e+02,8.521297e+00,0.000000e+00,9.500000e-01,2.500000e-01,5,20
718,3.595000,4.677700e-15,2.251803e-13,0.000000e+00,0.000000e+00,0.000000e+00,4.751513e+02,4.513937e+02,4.062738e+02,8.521297e+00,0.000000e+00,9.500000e-01,2.500000e-01,5,20
719,3.600000,3.851820e-15,1.596383e-13,0.000000e+00,0.000000e+00,0.000000e+00,4.751513e+02,4.513937e+02,4.062738e+02,8.521297e+00,0.000000e+00,9.500000e-01,2.500000e-01,5,20
720,3.605000,7.961053e-15,2.018583e-13,0.000000e+00,0.000000e+00,0.000000e+00,4.751513e+02,4.513937e+02,4.062738e+02,8.521297e+00,0.000000e+00,9.500000e-01,2.500000e-01,5,20
721,3.610000,9.843636e-15,2.729457e-13,0.000000e+00,0.000000e+00,0.000000e+00,4.751513e+02,4.513937e+02,4.062738e+02,8.521297e+00,0.000000e+00,9.500000e-01,2.500000e-01,5,20
722,3.615000,7.816493e-15,3.144446e-13,0.000000e+00,0.000000e+00,0.000000e+00,4.751513e+02,4.513937e+02,4.062738e+02,8.521297e+00,0.000000e+00,9.500000e-01,2.500000e-01,5,20
723,3.620000,4.284389e-15,3.010777e-13,0.000000e+00,0.000000e+00,0.000000e+00,4.751513e+02,4.513937e+02,4.062738e+02,8.521297e+00,0.000000e+00,9.500000e-01,2.500000e-01,5,20
724,3.625000,5.064391e-15,2.352828e-13,0.000000e+00,0.000000e+00,0.000000e+00,4.751513e+02,4.513937e+02,4.062738e+02,8.521297e+00,0.000000e+00,9.500000e-01,2.500000e-01,5,20
725,3.630000,3.257361e-15,1.503008e-13,0.000000e+00,0.000000e+00,0.000000e+00,4.751513e+02,4.513937e+02,4.062738e+02,8.521297e+00,0.000000e+00,9.500000e-01,2.500000e-01,5,20
726,3.635000,4.263105e-15,1.292153e-13,0.000000e+00,0.000000e+00,0.000000e+00,4.751513e+02,4.513937e+02,4.062738e+02,8.521297e+00,0.000000e+00,9.500000e-01,2.500000e-01,5,20
727,3.640000,7.739579e-15,1.833853e-13,0.000000e+00,0.000000e+00,0.000000e+00,4.751513e+02,4.513937e+02,4.062738e+02,8.521297e+00,0.000000e+00,9.500000e-01,2.500000e-01,5,20
728,3.645000,7.851802e-15,2.353763e-13,0.000000e+00,0.000000e+00,0.000000e+00,4.751513e+02,4.513937e+02,4.062738e+02,8.521297e+00,0.000000e+00,9.500000e-01,2.500000e-01,5,20
729,3.650000,5.494847e-15,2.526539e-13,0.000000e+00,0.000000e+00,0.000000e+00,4.751513e+02,4.513937e+02,4.062738e+02,8.521297e+00,0.000000e+00,9.500000e-01,2.500000e-01,5,20
730,3.655000,3.350881e-15,2.266928e-13,0.000000e+00,0.000000e+00,0.000000e+00,4.751513e+02,4.513937e+02,4.062738e+02,8.521297e+00,0.000000e+00,9.500000e-01,2.500000e-01,5,20
731,3.660000,3.791804e-15,1.568341e-13,0.000000e+00,0.000000e+00,0.000000e+00,4.751513e+02,4.513937e+02,4.062738e+02,8.521297e+00,0.000000e+00,9.500000e-01,2.500000e-01,5,20
732,3.665000,2.964396e-15,1.053988e-13,0.000000e+00,0.000000e+00,0.000000e+00,4.751513e+02,4.513937e+02,4.062738e+02,8.521297e+00,0.000000e+00,9.500000e-01,2.500000e-01,5,20
733,3.670000,4.823628e-15,1.125367e-13,0.000000e+00,0.000000e+00,0.000000e+00,4.751513e+02,4.513937e+02,4.062738e+02,8.521297e+00,0.000000e+00,9.500000e-01,2.500000e-01,5,20
734,3.675000,6.837125e-15,1.602730e-13,0.000000e+00,0.000000e+00,0.000000e+00,4.751513e+02,4.513937e+02,4.062738e+02,8.521297e+00,0.000000e+00,9.500000e-01,2.500000e-01,5,20
735,3.680000,6.109936e-15,1.954291e-13,0.000000e+00,0.000000e+00,0.000000e+00,4.751513e+02,4.513937e+02,4.062738e+02,8.521297e+00,0.000000e+00,9.500000e-01,2.500000e-01,5,20
736,3.685000,3.985469e-15,1.972974e-13,0.000000e+00,0.000000e+00,0.000000e+00,4.751513e+02,4.513937e+02,4.062738e+02,8.521297e+00,0.000000e+00,9.500000e-01,2.500000e-01,5,20
737,3.690000,3.257771e-15,1.653143e-13,0.000000e+00,0.000000e+00,0.000000e+00,4.751513e+02,4.513937e+02,4.062738e+02,8.521297e+00,0.000000e+00,9.500000e-01,2.500000e-01,5,20
738,3.695000,2.773843e-15,1.077296e-13,0.000000e+00,0.000000e+00,0.000000e+00,4.751513e+02,4.513937e+02,4.062738e+02,8.521297e+00,0.000000e+00,9.500000e-01,2.500000e-01,5,20
739,3.700000,2.854241e-15,8.089233e-14,0.000000e+00,0.000000e+00,0.000000e+00,4.751513e+02,4.513937e+02,4.062738e+02,8.521297e+00,0.000000e+00,9.500000e-01,2.500000e-01,5,20
740,3.705000,4.819805e-15,1.034740e-13,0.000000e+00,0.000000e+00,0.000000e+00,4.751513e+02,4.513937e+02,4.062738e+02,8.521297e+00,0.000000e+00,9.500000e-01,2.500000e-01,5,20
741,3.710000,5.678300e-15,1.403558e-13,0.000000e+00,0.000000e+00,0.000000e+00,4.751513e+02,4.513937e+02,4.062738e+02,8.521297e+00,0.000000e+00,9.500000e-01,2.500000e-01,5,20
742,3.715000,4.579313e-15,1.600227e-13,0.000000e+00,0.000000e+00,0.000000e+00,4.751513e+02,4.513937e+02,4.062738e+02,8.521297e+00,0.000000e+00,9.500000e-01,2.500000e-01,5,20
743,3.720000,2.907784e-15,1.522893e-13,0.000000e+00,0.000000e+00,0.000000e+00,4.751513e+02,4.513937e+02,4.062738e+02,8.521297e+00,0.000000e+00,9.500000e-01,2.500000e-01,5,20
744,3.725000,3.093608e-15,1.179563e-13,0.000000e+00,0.000000e+00,0.000000e+00,4.751513e+02,4.513937e+02,4.062738e+02,8.521297e+00,0.000000e+00,9.500000e-01,2.500000e-01,5,20
745,3.730000,2.332916e-15,7.827793e-14,0.000000e+00,0.000000e+00,0.000000e+00,4.751513e+02,4.513937e+02,4.062738e+02,8.521297e+00,0.000000e+00,9.500000e-01,2.500000e-01,5,20
746,3.735000,2.982652e-15,7.007802e-14,0.000000e+00,0.000000e+00,0.000000e+00,4.751513e+02,4.513937e+02,4.062738e+02,8.521297e+00,0.000000e+00,9.500000e-01,2.500000e-01,5,20
747,3.740000,4.549061e-15,9.690953e-14,0.000000e+00,0.000000e+00,0.000000e+00,4.751513e+02,4.513937e+02,4.062738e+02,8.521297e+00,0.000000e+00,9.500000e-01,2.500000e-01,5,20
748,3.745000,4.526579e-15,1.219864e-13,0.000000e+00,0.000000e+00,0.000000e+00,4.751513e+02,4.513937e+02,4.062738e+02,8.521297e+00,0.000000e+00,9.500000e-01,2.500000e-01,5,20
749,3.750000,3.381771e-15,1.293369e-13,0.000000e+00,0.000000e+00,0.000000e+00,4.751513e+02,4.513937e+02,4.062738e+02,8.521297e+00,0.000000e+00,9.500000e-01,2.500000e-01,5,20
750,3.755000,2.391853e-15,1.159744e-13,0.000000e+00,0.000000e+00,0.000000e+00,4.751513e+02,4.513937e+02,4.062738e+02,8.521297e+00,0.000000e+00,9.500000e-01,2.500000e-01,5,20
751,3.760000,2.479530e-15,8.235154e-14,0.000000e+00,0.000000e+00,0.000000e+00,4.751513e+02,4.513937e+02,4.062738e+02,8.521297e+00,0.000000e+00,9.500000e-01,2.500000e-01,5,20
752,3.765000,2.163428e-15,5.982083e-14,0.000000e+00,0.000000e+00,0.000000e+00,4.751513e+02,4.513937e+02,4.062738e+02,8.521297e+00,0.000000e+00,9.500000e-01,2.500000e-01,5,20
753,3.770000,3.073544e-15,6.436770e-14,0.000000e+00,0.000000e+00,0.000000e+00,4.751513e+02,4.513937e+02,4.062738e+02,8.521297e+00,0.000000e+00,9.500000e-01,2.500000e-01,5,20
754,3.775000,4.024733e-15,8.830617e-14,0.000000e+00,0.000000e+00,0.000000e+00,4.751513e+02,4.513937e+02,4.062738e+02,8.521297e+00,0.000000e+00,9.500000e-01,2.500000e-01,5,20
755,3.780000,3.569762e-15,1.041144e-13,0.000000e+00,0.000000e+00,0.000000e+00,4.751513e+02,4.513937e+02,4.062738e+02,8.521297e+00,0.000000e+00,9.500000e-01,2.500000e-01,5,20
756,3.785000,2.570488e-15,1.037736e-13,0.000000e+00,0.000000e+00,0.000000e+00,4.751513e+02,4.513937e+02,4.062738e+02,8.521297e+00,0.000000e+00,9.500000e-01,2.500000e-01,5,20
757,3.790000,2.174373e-15,8.693136e-14,0.000000e+00,0.000000e+00,0.000000e+00,4.751513e+02,4.513937e+02,4.062738e+02,8.521297e+00,0.000000e+00,9.500000e-01,2.500000e-01,5,20
758,3.795000,1.928679e-15,5.944158e-14,0.000000e+00,0.000000e+00,0.000000e+00,4.751513e+02,4.513937e+02,4.062738e+02,8.521297e+00,0.000000e+00,9.500000e-01,2.500000e-01,5,20
759,3.800000,2.114286e-15,4.852641e-14,0.000000e+00,0.000000e+00,0.000000e+00,4.751513e+02,4.513937e+02,4.062738e+02,8.521297e+00,0.000000e+00,9.500000e-01,2.500000e-01,5,20
760,3.805000,3.001180e-15,6.011745e-14,0.000000e+00,0.000000e+00,0.000000e+00,4.751513e+02,4.513937e+02,4.062738e+02,8.521297e+00,0.000000e+00,9.500000e-01,2.500000e-01,5,20
761,3.810000,3.408804e-15,7.896456e-14,0.000000e+00,0.000000e+00,0.000000e+00,4.751513e+02,4.513937e+02,4.062738e+02,8.521297e+00,0.000000e+00,9.500000e-01,2.500000e-01,5,20
762,3.815000,2.798710e-15,8.772275e-14,0.000000e+00,0.000000e+00,0.000000e+00,4.751513e+02,4.513937e+02,4.062738e+02,8.521297e+00,0.000000e+00,9.500000e-01,2.500000e-01,5,20
763,3.820000,2.001821e-15,8.295990e-14,0.000000e+00,0.000000e+00,0.000000e+00,4.751513e+02,4.513937e+02,4.062738e+02,8.521297e+00,0.000000e+00,9.500000e-01,2.500000e-01,5,20
764,3.825000,1.961369e-15,6.514556e-14,0.000000e+00,0.000000e+00,0.000000e+00,4.751513e+02,4.513937e+02,4.062738e+02,8.521297e+00,0.000000e+00,9.500000e-01,2.500000e-01,5,20
765,3.830000,1.639516e-15,4.585197e-14,0.000000e+00,0.000000e+00,0.000000e+00,4.751513e+02,4.513937e+02,4.062738e+02,8.521297e+00,0.000000e+00,9.500000e-01,2.500000e-01,5,20
766,3.835000,2.053230e-15,4.256534e-14,0.000000e+00,0.000000e+00,0.000000e+00,4.751513e+02,4.513937e+02,4.062738e+02,8.521297e+00,0.000000e+00,9.500000e-01,2.500000e-01,5,20
767,3.840000,2.797784e-15,5.633599e-14,0.000000e+00,0.000000e+00,0.000000e+00,4.751513e+02,4.513937e+02,4.062738e+02,8.521297e+00,0.000000e+00,9.500000e-01,2.500000e-01,5,20
768,3.845000,2.786592e-15,6.937378e-14,0.000000e+00,0.000000e+00,0.000000e+00,4.751513e+02,4.513937e+02,4.062738e+02,8.521297e+00,0.000000e+00,9.500000e-01,2.500000e-01,5,20
769,3.850000,2.192248e-15,7.281819e-14,0.000000e+00,0.000000e+00,0.000000e+00,4.751513e+02,4.513937e+02,4.062738e+02,8.521297e+00,0.000000e+00,9.500000e-01,2.500000e-01,5,20
770,3.855000,1.651253e-15,6.568580e-14,0.000000e+00,0.000000e+00,0.000000e+00,4.751513e+02,4.513937e+02,4.062738e+02,8.521297e+00,0.000000e+00,9.500000e-01,2.500000e-01,5,20
771,3.860000,1.650033e-15,4.865106e-14,0.000000e+00,0.000000e+00,0.000000e+00,4.751513e+02,4.513937e+02,4.062738e+02,8.521297e+00,0.000000e+00,9.500000e-01,2.500000e-01,5,20
772,3.865000,1.542600e-15,3.735758e-14,0.000000e+00,0.000000e+00,0.000000e+00,4.751513e+02,4.513937e+02,4.062738e+02,8.521297e+00,0.000000e+00,9.500000e-01,2.500000e-01,5,20
773,3.870000,1.983462e-15,3.944749e-14,0.000000e+00,0.000000e+00,0.000000e+00,4.751513e+02,4.513937e+02,4.062738e+02,8.521297e+00,0.000000e+00,9.500000e-01,2.500000e-01,5,20
774,3.875000,2.477611e-15,5.175251e-14,0.000000e+00,0.000000e+00,0.000000e+00,4.751513e+02,4.513937e+02,4.062738e+02,8.521297e+00,0.000000e+00,9.500000e-01,2.500000e-01,5,20
775,3.880000,2.247115e-15,5.984746e-14,0.000000e+00,0.000000e+00,0.000000e+00,4.751513e+02,4.513937e+02,4.062738e+02,8.521297e+00,0.000000e+00,9.500000e-01,2.500000e-01,5,20
776,3.885000,1.747815e-15,5.978787e-14,0.000000e+00,0.000000e+00,0.000000e+00,4.751513e+02,4.513937e+02,4.062738e+02,8.521297e+00,0.000000e+00,9.500000e-01,2.500000e-01,5,20
777,3.890000,1.480790e-15,5.117335e-14,0.000000e+00,0.000000e+00,0.000000e+00,4.751513e+02,4.513937e+02,4.062738e+02,8.521297e+00,0.000000e+00,9.500000e-01,2.500000e-01,5,20
778,3.895000,1.377930e-15,3.732309e-14,0.000000e+00,0.000000e+00,0.000000e+00,4.751513e+02,4.513937e+02,4.062738e+02,8.521297e+00,0.000000e+00,9.500000e-01,2.500000e-01,5,20
779,3.900000,1.494602e-15,3.181961e-14,0.000000e+00,0.000000e+00,0.000000e+00,4.751513e+02,4.513937e+02,4.062738e+02,8.521297e+00,0.000000e+00,9.500000e-01,2.500000e-01,5,20
780,3.905000,1.891312e-15,3.711840e-14,0.000000e+00,0.000000e+00,0.000000e+00,4.751513e+02,4.513937e+02,4.062738e+02,8.521297e+00,0.000000e+00,9.500000e-01,2.500000e-01,5,20
781,3.910000,2.123563e-15,4.680230e-14,0.000000e+00,0.000000e+00,0.000000e+00,4.751513e+02,4.513937e+02,4.062738e+02,8.521297e+00,0.000000e+00,9.500000e-01,2.500000e-01,5,20
782,3.915000,1.805895e-15,5.109783e-14,0.000000e+00,0.000000e+00,0.000000e+00,4.751513e+02,4.513937e+02,4.062738e+02,8.521297e+00,0.000000e+00,9.500000e-01,2.500000e-01,5,20
783,3.920000,1.412976e-15,4.876072e-14,0.000000e+00,0.000000e+00,0.000000e+00,4.751513e+02,4.513937e+02,4.062738e+02,8.521297e+00,0.000000e+00,9.500000e-01,2.500000e-01,5,20
784,3.925000,1.334859e-15,3.980530e-14,0.000000e+00,0.000000e+00,0.000000e+00,4.751513e+02,4.513937e+02,4.062738e+02,8.521297e+00,0.000000e+00,9.500000e-01,2.500000e-01,5,20
785,3.930000,1.177960e-15,2.993737e-14,0.000000e+00,0.000000e+00,0.000000e+00,4.751513e+02,4.513937e+02,4.062738e+02,8.521297e+00,0.000000e+00,9.500000e-01,2.500000e-01,5,20
786,3.935000,1.398453e-15,2.820772e-14,0.000000e+00,0.000000e+00,0.000000e+00,4.751513e+02,4.513937e+02,4.062738e+02,8.521297e+00,0.000000e+00,9.500000e-01,2.500000e-01,5,20
787,3.940000,1.763923e-15,3.499612e-14,0.000000e+00,0.000000e+00,0.000000e+00,4.751513e+02,4.513937e+02,4.062738e+02,8.521297e+00,0.000000e+00,9.500000e-01,2.500000e-01,5,20
788,3.945000,1.772259e-15,4.183684e-14,0.000000e+00,0.000000e+00,0.000000e+00,4.751513e+02,4.513937e+02,4.062738e+02,8.521297e+00,0.000000e+00,9.500000e-01,2.500000e-01,5,20
789,3.950000,1.464009e-15,4.360098e-14,0.000000e+00,0.000000e+00,0.000000e+00,4.751513e+02,4.513937e+02,4.062738e+02,8.521297e+00,0.000000e+00,9.500000e-01,2.500000e-01,5,20
790,3.955000,1.158521e-15,3.977403e-14,0.000000e+00,0.000000e+00,0.000000e+00,4.751513e+02,4.513937e+02,4.062738e+02,8.521297e+00,0.000000e+00,9.500000e-01,2.500000e-01,5,20
791,3.960000,1.146321e-15,3.099891e-14,0.000000e+00,0.000000e+00,0.000000e+00,4.751513e+02,4.513937e+02,4.062738e+02,8.521297e+00,0.000000e+00,9.500000e-01,2.500000e-01,5,20
792,3.965000,1.097175e-15,2.495317e-14,0.000000e+00,0.000000e+00,0.000000e+00,4.751513e+02,4.513937e+02,4.062738e+02,8.521297e+00,0.000000e+00,9.500000e-01,2.500000e-01,5,20
793,3.970000,1.312739e-15,2.577603e-14,0.000000e+00,0.000000e+00,0.000000e+00,4.751513e+02,4.513937e+02,4.062738e+02,8.521297e+00,0.000000e+00,9.500000e-01,2.500000e-01,5,20
794,3.975000,1.584944e-15,3.232878e-14,0.000000e+00,0.000000e+00,0.000000e+00,4.751513e+02,4.513937e+02,4.062738e+02,8.521297e+00,0.000000e+00,9.500000e-01,2.500000e-01,5,20
795,3.980000,1.465033e-15,3.668686e-14,0.000000e+00,0.000000e+00,0.000000e+00,4.751513e+02,4.513937e+02,4.062738e+02,8.521297e+00,0.000000e+00,9.500000e-01,2.500000e-01,5,20
796,3.985000,1.200955e-15,3.675555e-14,0.000000e+00,0.000000e+00,0.000000e+00,4.751513e+02,4.513937e+02,4.062738e+02,8.521297e+00,0.000000e+00,9.500000e-01,2.500000e-01,5,20
797,3.990000,1.002284e-15,3.217647e-14,0.000000e+00,0.000000e+00,0.000000e+00,4.751513e+02,4.513937e+02,4.062738e+02,8.521297e+00,0.000000e+00,9.500000e-01,2.500000e-01,5,20
798,3.995000,9.565746e-16,2.472279e-14,0.000000e+00,0.000000e+00,0.000000e+00,4.751513e+02,4.513937e+02,4.062738e+02,8.521297e+00,0.000000e+00,9.500000e-01,2.500000e-01,5,20
799,4.000000,1.029969e-15,2.155449e-14,0.000000e+00,0.000000e+00,0.000000e+00,4.751513e+02,4.513937e+02,4.062738e+02,8.521297e+00,0.000000e+00,9.500000e-01,2.500000e-01,5,20
