step,t,E_rigid_KE,E_modal,dE_rigid_loss,dE_modal_injected,dE_modal_extracted,cum_E_loss,cum_E_budget_eta,cum_E_injected,cum_E_extracted,alpha,eta,beta,n_active_kicks,n_active_contacts
0,0.005000,2.045022e-01,0.000000e+00,0.000000e+00,0.000000e+00,0.000000e+00,0.000000e+00,0.000000e+00,0.000000e+00,0.000000e+00,0.000000e+00,9.500000e-01,7.500000e-01,0,36
1,0.010000,8.180073e-01,0.000000e+00,0.000000e+00,0.000000e+00,0.000000e+00,0.000000e+00,0.000000e+00,0.000000e+00,0.000000e+00,0.000000e+00,9.500000e-01,7.500000e-01,0,36
2,0.015000,1.840516e+00,0.000000e+00,0.000000e+00,0.000000e+00,0.000000e+00,0.000000e+00,0.000000e+00,0.000000e+00,0.000000e+00,0.000000e+00,9.500000e-01,7.500000e-01,0,36
3,0.020000,3.272028e+00,0.000000e+00,0.000000e+00,0.000000e+00,0.000000e+00,0.000000e+00,0.000000e+00,0.000000e+00,0.000000e+00,0.000000e+00,9.500000e-01,7.500000e-01,0,36
4,0.025000,5.112543e+00,0.000000e+00,0.000000e+00,0.000000e+00,0.000000e+00,0.000000e+00,0.000000e+00,0.000000e+00,0.000000e+00,0.000000e+00,9.500000e-01,7.500000e-01,0,36
5,0.030000,7.362062e+00,0.000000e+00,0.000000e+00,0.000000e+00,0.000000e+00,0.000000e+00,0.000000e+00,0.000000e+00,0.000000e+00,0.000000e+00,9.500000e-01,7.500000e-01,0,36
6,0.035000,1.002058e+01,0.000000e+00,0.000000e+00,0.000000e+00,0.000000e+00,0.000000e+00,0.000000e+00,0.000000e+00,0.000000e+00,0.000000e+00,9.500000e-01,7.500000e-01,0,36
7,0.040000,1.308811e+01,0.000000e+00,0.000000e+00,0.000000e+00,0.000000e+00,0.000000e+00,0.000000e+00,0.000000e+00,0.000000e+00,0.000000e+00,9.500000e-01,7.500000e-01,0,36
8,0.045000,1.656464e+01,0.000000e+00,0.000000e+00,0.000000e+00,0.000000e+00,0.000000e+00,0.000000e+00,0.000000e+00,0.000000e+00,0.000000e+00,9.500000e-01,7.500000e-01,0,36
9,0.050000,2.045017e+01,0.000000e+00,0.000000e+00,0.000000e+00,0.000000e+00,0.000000e+00,0.000000e+00,0.000000e+00,0.000000e+00,0.000000e+00,9.500000e-01,7.500000e-01,0,36
10,0.055000,2.474471e+01,0.000000e+00,0.000000e+00,0.000000e+00,0.000000e+00,0.000000e+00,0.000000e+00,0.000000e+00,0.000000e+00,0.000000e+00,9.500000e-01,7.500000e-01,0,36
11,0.060000,2.944825e+01,0.000000e+00,0.000000e+00,0.000000e+00,0.000000e+00,0.000000e+00,0.000000e+00,0.000000e+00,0.000000e+00,0.000000e+00,9.500000e-01,7.500000e-01,0,36
12,0.065000,3.456079e+01,0.000000e+00,0.000000e+00,0.000000e+00,0.000000e+00,0.000000e+00,0.000000e+00,0.000000e+00,0.000000e+00,0.000000e+00,9.500000e-01,7.500000e-01,0,36
13,0.070000,4.008234e+01,0.000000e+00,0.000000e+00,0.000000e+00,0.000000e+00,0.000000e+00,0.000000e+00,0.000000e+00,0.000000e+00,0.000000e+00,9.500000e-01,7.500000e-01,0,36
14,0.075000,4.601289e+01,0.000000e+00,0.000000e+00,0.000000e+00,0.000000e+00,0.000000e+00,0.000000e+00,0.000000e+00,0.000000e+00,0.000000e+00,9.500000e-01,7.500000e-01,0,36
15,0.080000,5.235244e+01,0.000000e+00,0.000000e+00,0.000000e+00,0.000000e+00,0.000000e+00,0.000000e+00,0.000000e+00,0.000000e+00,0.000000e+00,9.500000e-01,7.500000e-01,0,36
16,0.085000,5.910100e+01,0.000000e+00,0.000000e+00,0.000000e+00,0.000000e+00,0.000000e+00,0.000000e+00,0.000000e+00,0.000000e+00,0.000000e+00,9.500000e-01,7.500000e-01,0,36
17,0.090000,6.625856e+01,0.000000e+00,0.000000e+00,0.000000e+00,0.000000e+00,0.000000e+00,0.000000e+00,0.000000e+00,0.000000e+00,0.000000e+00,9.500000e-01,7.500000e-01,0,36
18,0.095000,7.382512e+01,0.000000e+00,0.000000e+00,0.000000e+00,0.000000e+00,0.000000e+00,0.000000e+00,0.000000e+00,0.000000e+00,0.000000e+00,9.500000e-01,7.500000e-01,0,36
19,0.100000,8.180069e+01,0.000000e+00,0.000000e+00,0.000000e+00,0.000000e+00,0.000000e+00,0.000000e+00,0.000000e+00,0.000000e+00,0.000000e+00,9.500000e-01,7.500000e-01,0,36
20,0.105000,9.018526e+01,0.000000e+00,0.000000e+00,0.000000e+00,0.000000e+00,0.000000e+00,0.000000e+00,0.000000e+00,0.000000e+00,0.000000e+00,9.500000e-01,7.500000e-01,0,36
21,0.110000,9.897883e+01,0.000000e+00,0.000000e+00,0.000000e+00,0.000000e+00,0.000000e+00,0.000000e+00,0.000000e+00,0.000000e+00,0.000000e+00,9.500000e-01,7.500000e-01,0,36
22,0.115000,1.081814e+02,0.000000e+00,0.000000e+00,0.000000e+00,0.000000e+00,0.000000e+00,0.000000e+00,0.000000e+00,0.000000e+00,0.000000e+00,9.500000e-01,7.500000e-01,0,36
23,0.120000,1.177930e+02,0.000000e+00,0.000000e+00,0.000000e+00,0.000000e+00,0.000000e+00,0.000000e+00,0.000000e+00,0.000000e+00,0.000000e+00,9.500000e-01,7.500000e-01,0,36
24,0.125000,1.278136e+02,0.000000e+00,0.000000e+00,0.000000e+00,0.000000e+00,0.000000e+00,0.000000e+00,0.000000e+00,0.000000e+00,0.000000e+00,9.500000e-01,7.500000e-01,0,36
25,0.130000,1.382432e+02,0.000000e+00,0.000000e+00,0.000000e+00,0.000000e+00,0.000000e+00,0.000000e+00,0.000000e+00,0.000000e+00,0.000000e+00,9.500000e-01,7.500000e-01,0,36
26,0.135000,1.490817e+02,0.000000e+00,0.000000e+00,0.000000e+00,0.000000e+00,0.000000e+00,0.000000e+00,0.000000e+00,0.000000e+00,0.000000e+00,9.500000e-01,7.500000e-01,0,36
27,0.140000,1.603293e+02,0.000000e+00,0.000000e+00,0.000000e+00,0.000000e+00,0.000000e+00,0.000000e+00,0.000000e+00,0.000000e+00,0.000000e+00,9.500000e-01,7.500000e-01,0,36
28,0.145000,1.719859e+02,0.000000e+00,0.000000e+00,0.000000e+00,0.000000e+00,0.000000e+00,0.000000e+00,0.000000e+00,0.000000e+00,0.000000e+00,9.500000e-01,7.500000e-01,0,36
29,0.150000,1.830203e+02,8.503502e+00,8.951054e+00,8.503502e+00,0.000000e+00,8.951054e+00,8.503502e+00,8.503502e+00,0.000000e+00,4.721685e-01,9.500000e-01,7.500000e-01,6,40
30,0.155000,1.838980e+02,4.217626e+00,2.065255e+00,0.000000e+00,2.235770e-01,1.101631e+01,1.046549e+01,8.503502e+00,2.235770e-01,1.000000e+00,9.500000e-01,7.500000e-01,2,32
31,0.160000,1.921827e+02,2.617122e+00,0.000000e+00,0.000000e+00,0.000000e+00,1.101631e+01,1.046549e+01,8.503502e+00,2.235770e-01,0.000000e+00,9.500000e-01,7.500000e-01,0,21
32,0.165000,2.034568e+02,2.213859e+00,0.000000e+00,0.000000e+00,0.000000e+00,1.101631e+01,1.046549e+01,8.503502e+00,2.235770e-01,0.000000e+00,9.500000e-01,7.500000e-01,0,21
33,0.170000,2.150758e+02,1.994532e+00,0.000000e+00,0.000000e+00,0.000000e+00,1.101631e+01,1.046549e+01,8.503502e+00,2.235770e-01,0.000000e+00,9.500000e-01,7.500000e-01,0,21
34,0.175000,2.271290e+02,1.829891e+00,0.000000e+00,0.000000e+00,0.000000e+00,1.101631e+01,1.046549e+01,8.503502e+00,2.235770e-01,0.000000e+00,9.500000e-01,7.500000e-01,0,16
35,0.180000,2.396116e+02,1.684425e+00,0.000000e+00,0.000000e+00,0.000000e+00,1.101631e+01,1.046549e+01,8.503502e+00,2.235770e-01,0.000000e+00,9.500000e-01,7.500000e-01,0,14
36,0.185000,2.524246e+02,1.510134e+00,0.000000e+00,0.000000e+00,5.490081e-02,1.101631e+01,1.046549e+01,8.503502e+00,2.784778e-01,1.000000e+00,9.500000e-01,7.500000e-01,0,14
37,0.190000,2.657026e+02,1.414021e+00,0.000000e+00,0.000000e+00,0.000000e+00,1.101631e+01,1.046549e+01,8.503502e+00,2.784778e-01,0.000000e+00,9.500000e-01,7.500000e-01,0,13
38,0.195000,2.793487e+02,1.321440e+00,0.000000e+00,0.000000e+00,0.000000e+00,1.101631e+01,1.046549e+01,8.503502e+00,2.784778e-01,0.000000e+00,9.500000e-01,7.500000e-01,0,14
39,0.200000,2.934011e+02,1.238357e+00,0.000000e+00,0.000000e+00,0.000000e+00,1.101631e+01,1.046549e+01,8.503502e+00,2.784778e-01,0.000000e+00,9.500000e-01,7.500000e-01,0,10
40,0.205000,3.078401e+02,1.172368e+00,0.000000e+00,0.000000e+00,0.000000e+00,1.101631e+01,1.046549e+01,8.503502e+00,2.784778e-01,0.000000e+00,9.500000e-01,7.500000e-01,0,9
41,0.210000,3.226588e+02,1.108785e+00,0.000000e+00,0.000000e+00,0.000000e+00,1.101631e+01,1.046549e+01,8.503502e+00,2.784778e-01,0.000000e+00,9.500000e-01,7.500000e-01,0,12
42,0.215000,3.378443e+02,1.012174e+00,0.000000e+00,0.000000e+00,3.236630e-02,1.101631e+01,1.046549e+01,8.503502e+00,3.108441e-01,1.000000e+00,9.500000e-01,7.500000e-01,0,13
43,0.220000,3.533857e+02,9.620362e-01,0.000000e+00,0.000000e+00,0.000000e+00,1.101631e+01,1.046549e+01,8.503502e+00,3.108441e-01,0.000000e+00,9.500000e-01,7.500000e-01,0,12
44,0.225000,3.687930e+02,9.205376e-01,0.000000e+00,0.000000e+00,0.000000e+00,1.101631e+01,1.046549e+01,8.503502e+00,3.108441e-01,0.000000e+00,9.500000e-01,7.500000e-01,0,19
45,0.230000,3.851029e+02,8.739298e-01,0.000000e+00,0.000000e+00,0.000000e+00,1.101631e+01,1.046549e+01,8.503502e+00,3.108441e-01,0.000000e+00,9.500000e-01,7.500000e-01,0,19
46,0.235000,4.017961e+02,8.308838e-01,0.000000e+00,0.000000e+00,0.000000e+00,1.101631e+01,1.046549e+01,8.503502e+00,3.108441e-01,0.000000e+00,9.500000e-01,7.500000e-01,0,17
47,0.240000,4.188694e+02,8.001631e-01,0.000000e+00,0.000000e+00,0.000000e+00,1.101631e+01,1.046549e+01,8.503502e+00,3.108441e-01,0.000000e+00,9.500000e-01,7.500000e-01,0,16
48,0.245000,4.363218e+02,7.694902e-01,0.000000e+00,0.000000e+00,0.000000e+00,1.101631e+01,1.046549e+01,8.503502e+00,3.108441e-01,0.000000e+00,9.500000e-01,7.500000e-01,0,15
49,0.250000,4.541109e+02,7.309234e-01,0.000000e+00,0.000000e+00,2.587340e-03,1.101631e+01,1.046549e+01,8.503502e+00,3.134314e-01,1.000000e+00,9.500000e-01,7.500000e-01,0,16
50,0.255000,4.722760e+02,6.759417e-01,0.000000e+00,0.000000e+00,2.657999e-02,1.101631e+01,1.046549e+01,8.503502e+00,3.400114e-01,1.000000e+00,9.500000e-01,7.500000e-01,0,12
51,0.260000,4.908287e+02,6.556733e-01,0.000000e+00,0.000000e+00,0.000000e+00,1.101631e+01,1.046549e+01,8.503502e+00,3.400114e-01,0.000000e+00,9.500000e-01,7.500000e-01,0,13
52,0.265000,5.097576e+02,6.319324e-01,0.000000e+00,0.000000e+00,0.000000e+00,1.101631e+01,1.046549e+01,8.503502e+00,3.400114e-01,0.000000e+00,9.500000e-01,7.500000e-01,0,13
53,0.270000,5.290443e+02,6.061379e-01,0.000000e+00,0.000000e+00,0.000000e+00,1.101631e+01,1.046549e+01,8.503502e+00,3.400114e-01,0.000000e+00,9.500000e-01,7.500000e-01,0,13
54,0.275000,5.485795e+02,5.875965e-01,0.000000e+00,0.000000e+00,0.000000e+00,1.101631e+01,1.046549e+01,8.503502e+00,3.400114e-01,0.000000e+00,9.500000e-01,7.500000e-01,0,14
55,0.280000,5.685271e+02,5.723623e-01,0.000000e+00,0.000000e+00,0.000000e+00,1.101631e+01,1.046549e+01,8.503502e+00,3.400114e-01,0.000000e+00,9.500000e-01,7.500000e-01,0,16
56,0.285000,5.889179e+02,5.526939e-01,0.000000e+00,0.000000e+00,0.000000e+00,1.101631e+01,1.046549e+01,8.503502e+00,3.400114e-01,0.000000e+00,9.500000e-01,7.500000e-01,0,14
57,0.290000,6.096702e+02,5.332803e-01,0.000000e+00,0.000000e+00,0.000000e+00,1.101631e+01,1.046549e+01,8.503502e+00,3.400114e-01,0.000000e+00,9.500000e-01,7.500000e-01,0,14
58,0.295000,6.307944e+02,5.198471e-01,0.000000e+00,0.000000e+00,0.000000e+00,1.101631e+01,1.046549e+01,8.503502e+00,3.400114e-01,0.000000e+00,9.500000e-01,7.500000e-01,0,13
59,0.300000,6.522925e+02,5.070859e-01,0.000000e+00,0.000000e+00,0.000000e+00,1.101631e+01,1.046549e+01,8.503502e+00,3.400114e-01,0.000000e+00,9.500000e-01,7.500000e-01,0,13
60,0.305000,6.740431e+02,4.906016e-01,0.000000e+00,0.000000e+00,0.000000e+00,1.101631e+01,1.046549e+01,8.503502e+00,3.400114e-01,0.000000e+00,9.500000e-01,7.500000e-01,0,14
61,0.310000,6.962598e+02,4.756471e-01,0.000000e+00,0.000000e+00,0.000000e+00,1.101631e+01,1.046549e+01,8.503502e+00,3.400114e-01,0.000000e+00,9.500000e-01,7.500000e-01,0,12
62,0.315000,7.186220e+02,4.652885e-01,0.000000e+00,0.000000e+00,0.000000e+00,1.101631e+01,1.046549e+01,8.503502e+00,3.400114e-01,0.000000e+00,9.500000e-01,7.500000e-01,0,13
63,0.320000,7.414810e+02,4.483925e-01,0.000000e+00,0.000000e+00,5.803073e-03,1.101631e+01,1.046549e+01,8.503502e+00,3.458145e-01,1.000000e+00,9.500000e-01,7.500000e-01,0,13
64,0.325000,6.851551e+02,2.199310e+02,2.310490e+02,2.194965e+02,0.000000e+00,2.420653e+02,2.299620e+02,2.280000e+02,3.458145e-01,5.038011e-01,9.500000e-01,7.500000e-01,2,20
65,0.330000,6.238702e+02,1.635129e+02,1.352460e+02,4.703085e+01,0.000000e+00,3.773113e+02,3.584457e+02,2.750309e+02,3.458145e-01,1.000000e+00,9.500000e-01,7.500000e-01,1,23
66,0.335000,6.863137e+02,1.429131e+02,5.489544e+01,4.429832e+01,0.000000e+00,4.322067e+02,4.105964e+02,3.193292e+02,3.458145e-01,1.000000e+00,9.500000e-01,7.500000e-01,3,21
67,0.340000,6.683161e+02,1.432917e+02,6.260038e+01,5.947036e+01,0.000000e+00,4.948071e+02,4.700667e+02,3.787995e+02,3.458145e-01,5.541148e-01,9.500000e-01,7.500000e-01,1,14
68,0.345000,6.747763e+02,9.435025e+01,1.520033e+01,0.000000e+00,8.175954e+00,5.100074e+02,4.845071e+02,3.787995e+02,8.521769e+00,1.000000e+00,9.500000e-01,7.500000e-01,2,15
69,0.350000,6.750581e+02,3.970440e+01,0.000000e+00,0.000000e+00,0.000000e+00,5.100074e+02,4.845071e+02,3.787995e+02,8.521769e+00,9.603802e-01,9.500000e-01,7.500000e-01,0,12
70,0.355000,6.788490e+02,2.231876e+01,8.919738e+00,6.592895e-01,0.000000e+00,5.189272e+02,4.929808e+02,3.794588e+02,8.521769e+00,1.000000e+00,9.500000e-01,7.500000e-01,2,13
71,0.360000,6.798451e+02,1.879455e+01,0.000000e+00,0.000000e+00,0.000000e+00,5.189272e+02,4.929808e+02,3.794588e+02,8.521769e+00,3.587925e-01,9.500000e-01,7.500000e-01,0,11
72,0.365000,6.957966e+02,8.120174e+00,0.000000e+00,0.000000e+00,0.000000e+00,5.189272e+02,4.929808e+02,3.794588e+02,8.521769e+00,0.000000e+00,9.500000e-01,7.500000e-01,0,10
73,0.370000,7.104969e+02,6.144015e+00,0.000000e+00,0.000000e+00,0.000000e+00,5.189272e+02,4.929808e+02,3.794588e+02,8.521769e+00,0.000000e+00,9.500000e-01,7.500000e-01,0,9
74,0.375000,7.254496e+02,5.284052e+00,0.000000e+00,0.000000e+00,4.365773e-02,5.189272e+02,4.929808e+02,3.794588e+02,8.565426e+00,1.000000e+00,9.500000e-01,7.500000e-01,0,9
75,0.380000,7.405225e+02,4.763456e+00,0.000000e+00,0.000000e+00,0.000000e+00,5.189272e+02,4.929808e+02,3.794588e+02,8.565426e+00,0.000000e+00,9.500000e-01,7.500000e-01,0,12
76,0.385000,7.564573e+02,4.297003e+00,0.000000e+00,0.000000e+00,0.000000e+00,5.189272e+02,4.929808e+02,3.794588e+02,8.565426e+00,0.000000e+00,9.500000e-01,7.500000e-01,0,11
77,0.390000,7.726324e+02,3.885776e+00,0.000000e+00,0.000000e+00,0.000000e+00,5.189272e+02,4.929808e+02,3.794588e+02,8.565426e+00,0.000000e+00,9.500000e-01,7.500000e-01,0,9
78,0.395000,7.890089e+02,3.562060e+00,0.000000e+00,0.000000e+00,0.000000e+00,5.189272e+02,4.929808e+02,3.794588e+02,8.565426e+00,0.000000e+00,9.500000e-01,7.500000e-01,0,9
79,0.400000,8.061906e+02,3.273295e+00,0.000000e+00,0.000000e+00,0.000000e+00,5.189272e+02,4.929808e+02,3.794588e+02,8.565426e+00,0.000000e+00,9.500000e-01,7.500000e-01,0,8
80,0.405000,8.238053e+02,2.998871e+00,0.000000e+00,0.000000e+00,0.000000e+00,5.189272e+02,4.929808e+02,3.794588e+02,8.565426e+00,0.000000e+00,9.500000e-01,7.500000e-01,0,8
81,0.410000,8.418543e+02,2.764920e+00,0.000000e+00,0.000000e+00,8.462372e-05,5.189272e+02,4.929808e+02,3.794588e+02,8.565511e+00,1.000000e+00,9.500000e-01,7.500000e-01,0,8
82,0.415000,8.583811e+02,2.559023e+00,0.000000e+00,0.000000e+00,4.440892e-16,5.189272e+02,4.929808e+02,3.794588e+02,8.565511e+00,7.632573e-01,9.500000e-01,7.500000e-01,0,8
83,0.420000,8.768148e+02,2.331608e+00,0.000000e+00,0.000000e+00,0.000000e+00,5.189272e+02,4.929808e+02,3.794588e+02,8.565511e+00,0.000000e+00,9.500000e-01,7.500000e-01,0,9
84,0.425000,8.960174e+02,2.152617e+00,0.000000e+00,0.000000e+00,0.000000e+00,5.189272e+02,4.929808e+02,3.794588e+02,8.565511e+00,0.000000e+00,9.500000e-01,7.500000e-01,0,9
85,0.430000,9.155648e+02,1.987437e+00,0.000000e+00,0.000000e+00,1.217653e-02,5.189272e+02,4.929808e+02,3.794588e+02,8.577687e+00,1.000000e+00,9.500000e-01,7.500000e-01,0,9
86,0.435000,9.356034e+02,1.836098e+00,0.000000e+00,0.000000e+00,1.329304e-03,5.189272e+02,4.929808e+02,3.794588e+02,8.579017e+00,1.000000e+00,9.500000e-01,7.500000e-01,0,8
87,0.440000,9.560207e+02,1.705362e+00,0.000000e+00,0.000000e+00,0.000000e+00,5.189272e+02,4.929808e+02,3.794588e+02,8.579017e+00,0.000000e+00,9.500000e-01,7.500000e-01,0,8
88,0.445000,9.767918e+02,1.600490e+00,0.000000e+00,0.000000e+00,0.000000e+00,5.189272e+02,4.929808e+02,3.794588e+02,8.579017e+00,0.000000e+00,9.500000e-01,7.500000e-01,0,10
89,0.450000,9.979105e+02,1.497010e+00,0.000000e+00,0.000000e+00,0.000000e+00,5.189272e+02,4.929808e+02,3.794588e+02,8.579017e+00,0.000000e+00,9.500000e-01,7.500000e-01,0,11
90,0.455000,1.019624e+03,1.394810e+00,0.000000e+00,0.000000e+00,7.794241e-04,5.189272e+02,4.929808e+02,3.794588e+02,8.579796e+00,1.000000e+00,9.500000e-01,7.500000e-01,0,12
91,0.460000,1.041778e+03,1.314865e+00,0.000000e+00,0.000000e+00,0.000000e+00,5.189272e+02,4.929808e+02,3.794588e+02,8.579796e+00,0.000000e+00,9.500000e-01,7.500000e-01,0,12
92,0.465000,1.064368e+03,1.244534e+00,0.000000e+00,0.000000e+00,0.000000e+00,5.189272e+02,4.929808e+02,3.794588e+02,8.579796e+00,0.000000e+00,9.500000e-01,7.500000e-01,0,12
93,0.470000,1.081842e+03,1.168492e+00,0.000000e+00,0.000000e+00,0.000000e+00,5.189272e+02,4.929808e+02,3.794588e+02,8.579796e+00,5.426990e-02,9.500000e-01,7.500000e-01,0,13
94,0.475000,1.104135e+03,1.090585e+00,0.000000e+00,0.000000e+00,0.000000e+00,5.189272e+02,4.929808e+02,3.794588e+02,8.579796e+00,0.000000e+00,9.500000e-01,7.500000e-01,0,13
95,0.480000,1.126853e+03,1.026642e+00,0.000000e+00,0.000000e+00,8.795729e-03,5.189272e+02,4.929808e+02,3.794588e+02,8.588592e+00,1.000000e+00,9.500000e-01,7.500000e-01,0,15
96,0.485000,1.150077e+03,9.711110e-01,0.000000e+00,0.000000e+00,0.000000e+00,5.189272e+02,4.929808e+02,3.794588e+02,8.588592e+00,0.000000e+00,9.500000e-01,7.500000e-01,0,15
97,0.490000,1.173528e+03,9.134073e-01,0.000000e+00,0.000000e+00,0.000000e+00,5.189272e+02,4.929808e+02,3.794588e+02,8.588592e+00,0.000000e+00,9.500000e-01,7.500000e-01,0,16
98,0.495000,1.197438e+03,8.681076e-01,0.000000e+00,0.000000e+00,1.639345e-03,5.189272e+02,4.929808e+02,3.794588e+02,8.590231e+00,1.000000e+00,9.500000e-01,7.500000e-01,0,16
99,0.500000,1.221682e+03,8.320646e-01,0.000000e+00,0.000000e+00,0.000000e+00,5.189272e+02,4.929808e+02,3.794588e+02,8.590231e+00,0.000000e+00,9.500000e-01,7.500000e-01,0,17
100,0.505000,1.243984e+03,7.899099e-01,0.000000e+00,0.000000e+00,0.000000e+00,5.189272e+02,4.929808e+02,3.794588e+02,8.590231e+00,0.000000e+00,9.500000e-01,7.500000e-01,0,18
101,0.510000,1.267160e+03,7.217694e-01,0.000000e+00,0.000000e+00,2.888415e-02,5.189272e+02,4.929808e+02,3.794588e+02,8.619115e+00,1.000000e+00,9.500000e-01,7.500000e-01,0,17
102,0.515000,1.291968e+03,6.940226e-01,0.000000e+00,0.000000e+00,0.000000e+00,5.189272e+02,4.929808e+02,3.794588e+02,8.619115e+00,0.000000e+00,9.500000e-01,7.500000e-01,0,16
103,0.520000,1.317150e+03,6.676538e-01,0.000000e+00,0.000000e+00,0.000000e+00,5.189272e+02,4.929808e+02,3.794588e+02,8.619115e+00,0.000000e+00,9.500000e-01,7.500000e-01,0,14
104,0.525000,1.342689e+03,6.369886e-01,0.000000e+00,0.000000e+00,0.000000e+00,5.189272e+02,4.929808e+02,3.794588e+02,8.619115e+00,0.000000e+00,9.500000e-01,7.500000e-01,0,13
105,0.530000,1.368564e+03,6.114176e-01,0.000000e+00,0.000000e+00,0.000000e+00,5.189272e+02,4.929808e+02,3.794588e+02,8.619115e+00,0.000000e+00,9.500000e-01,7.500000e-01,0,15
106,0.535000,1.394815e+03,5.924983e-01,0.000000e+00,0.000000e+00,0.000000e+00,5.189272e+02,4.929808e+02,3.794588e+02,8.619115e+00,0.000000e+00,9.500000e-01,7.500000e-01,0,14
107,0.540000,1.419639e+03,5.715646e-01,0.000000e+00,0.000000e+00,0.000000e+00,5.189272e+02,4.929808e+02,3.794588e+02,8.619115e+00,0.000000e+00,9.500000e-01,7.500000e-01,0,16
108,0.545000,1.446496e+03,5.484933e-01,0.000000e+00,0.000000e+00,0.000000e+00,5.189272e+02,4.929808e+02,3.794588e+02,8.619115e+00,0.000000e+00,9.500000e-01,7.500000e-01,0,16
109,0.550000,1.469333e+03,5.302407e-01,0.000000e+00,1.110223e-16,0.000000e+00,5.189272e+02,4.929808e+02,3.794588e+02,8.619115e+00,3.936393e-01,9.500000e-01,7.500000e-01,0,20
110,0.555000,1.496022e+03,3.594587e-01,0.000000e+00,0.000000e+00,0.000000e+00,5.189272e+02,4.929808e+02,3.794588e+02,8.619115e+00,0.000000e+00,9.500000e-01,7.500000e-01,0,20
111,0.560000,1.523329e+03,3.127915e-01,0.000000e+00,0.000000e+00,5.937200e-04,5.189272e+02,4.929808e+02,3.794588e+02,8.619709e+00,1.000000e+00,9.500000e-01,7.500000e-01,0,22
112,0.565000,1.551004e+03,2.823036e-01,0.000000e+00,0.000000e+00,0.000000e+00,5.189272e+02,4.929808e+02,3.794588e+02,8.619709e+00,0.000000e+00,9.500000e-01,7.500000e-01,0,20
113,0.570000,1.578917e+03,2.598884e-01,0.000000e+00,0.000000e+00,0.000000e+00,5.189272e+02,4.929808e+02,3.794588e+02,8.619709e+00,0.000000e+00,9.500000e-01,7.500000e-01,0,21
114,0.575000,1.607097e+03,2.433050e-01,0.000000e+00,0.000000e+00,0.000000e+00,5.189272e+02,4.929808e+02,3.794588e+02,8.619709e+00,0.000000e+00,9.500000e-01,7.500000e-01,0,20
115,0.580000,1.635393e+03,2.273842e-01,0.000000e+00,2.775558e-17,0.000000e+00,5.189272e+02,4.929808e+02,3.794588e+02,8.619709e+00,4.583684e-02,9.500000e-01,7.500000e-01,0,20
116,0.585000,1.664296e+03,2.117364e-01,0.000000e+00,0.000000e+00,5.183924e-04,5.189272e+02,4.929808e+02,3.794588e+02,8.620227e+00,1.000000e+00,9.500000e-01,7.500000e-01,0,18
117,0.590000,1.693506e+03,1.971693e-01,0.000000e+00,0.000000e+00,2.850725e-03,5.189272e+02,4.929808e+02,3.794588e+02,8.623078e+00,1.000000e+00,9.500000e-01,7.500000e-01,0,19
118,0.595000,1.723098e+03,1.870957e-01,0.000000e+00,0.000000e+00,0.000000e+00,5.189272e+02,4.929808e+02,3.794588e+02,8.623078e+00,0.000000e+00,9.500000e-01,7.500000e-01,0,19
119,0.600000,1.752589e+03,1.770427e-01,0.000000e+00,2.775558e-17,0.000000e+00,5.189272e+02,4.929808e+02,3.794588e+02,8.623078e+00,2.585693e-01,9.500000e-01,7.500000e-01,0,17
120,0.605000,1.782798e+03,1.622021e-01,0.000000e+00,0.000000e+00,3.554951e-03,5.189272e+02,4.929808e+02,3.794588e+02,8.626633e+00,1.000000e+00,9.500000e-01,7.500000e-01,0,16
121,0.610000,1.811476e+03,1.512687e-01,0.000000e+00,0.000000e+00,0.000000e+00,5.189272e+02,4.929808e+02,3.794588e+02,8.626633e+00,0.000000e+00,9.500000e-01,7.500000e-01,0,17
122,0.615000,1.842080e+03,1.310256e-01,0.000000e+00,0.000000e+00,1.248550e-02,5.189272e+02,4.929808e+02,3.794588e+02,8.639119e+00,1.000000e+00,9.500000e-01,7.500000e-01,0,19
123,0.620000,1.873038e+03,1.239165e-01,0.000000e+00,0.000000e+00,0.000000e+00,5.189272e+02,4.929808e+02,3.794588e+02,8.639119e+00,0.000000e+00,9.500000e-01,7.500000e-01,0,19
124,0.625000,1.896964e+03,1.175309e-01,0.000000e+00,0.000000e+00,0.000000e+00,5.189272e+02,4.929808e+02,3.794588e+02,8.639119e+00,1.912648e-03,9.500000e-01,7.500000e-01,0,20
125,0.630000,1.924517e+03,1.122327e-01,0.000000e+00,1.387779e-17,0.000000e+00,5.189272e+02,4.929808e+02,3.794588e+02,8.639119e+00,1.597148e-01,9.500000e-01,7.500000e-01,0,20
126,0.635000,1.955693e+03,9.347388e-02,0.000000e+00,0.000000e+00,0.000000e+00,5.189272e+02,4.929808e+02,3.794588e+02,8.639119e+00,0.000000e+00,9.500000e-01,7.500000e-01,0,19
127,0.640000,1.987186e+03,8.338317e-02,0.000000e+00,0.000000e+00,0.000000e+00,5.189272e+02,4.929808e+02,3.794588e+02,8.639119e+00,5.313441e-01,9.500000e-01,7.500000e-01,0,22
128,0.645000,2.019022e+03,7.604211e-02,0.000000e+00,0.000000e+00,0.000000e+00,5.189272e+02,4.929808e+02,3.794588e+02,8.639119e+00,0.000000e+00,9.500000e-01,7.500000e-01,0,21
129,0.650000,2.051119e+03,7.103703e-02,0.000000e+00,0.000000e+00,0.000000e+00,5.189272e+02,4.929808e+02,3.794588e+02,8.639119e+00,0.000000e+00,9.500000e-01,7.500000e-01,0,22
130,0.655000,2.083549e+03,6.716481e-02,0.000000e+00,0.000000e+00,0.000000e+00,5.189272e+02,4.929808e+02,3.794588e+02,8.639119e+00,0.000000e+00,9.500000e-01,7.500000e-01,0,23
131,0.660000,2.100446e+03,6.332123e-02,0.000000e+00,0.000000e+00,0.000000e+00,5.189272e+02,4.929808e+02,3.794588e+02,8.639119e+00,9.415719e-03,9.500000e-01,7.500000e-01,0,25
132,0.665000,2.132061e+03,5.863941e-02,0.000000e+00,0.000000e+00,0.000000e+00,5.189272e+02,4.929808e+02,3.794588e+02,8.639119e+00,0.000000e+00,9.500000e-01,7.500000e-01,0,26
133,0.670000,2.164023e+03,5.592325e-02,0.000000e+00,0.000000e+00,0.000000e+00,5.189272e+02,4.929808e+02,3.794588e+02,8.639119e+00,0.000000e+00,9.500000e-01,7.500000e-01,0,25
134,0.675000,2.196257e+03,5.369593e-02,0.000000e+00,0.000000e+00,0.000000e+00,5.189272e+02,4.929808e+02,3.794588e+02,8.639119e+00,0.000000e+00,9.500000e-01,7.500000e-01,0,26
135,0.680000,2.228760e+03,5.131824e-02,0.000000e+00,0.000000e+00,0.000000e+00,5.189272e+02,4.929808e+02,3.794588e+02,8.639119e+00,0.000000e+00,9.500000e-01,7.500000e-01,0,26
136,0.685000,2.261537e+03,4.919322e-02,0.000000e+00,0.000000e+00,0.000000e+00,5.189272e+02,4.929808e+02,3.794588e+02,8.639119e+00,0.000000e+00,9.500000e-01,7.500000e-01,0,25
137,0.690000,2.294589e+03,4.759961e-02,0.000000e+00,0.000000e+00,0.000000e+00,5.189272e+02,4.929808e+02,3.794588e+02,8.639119e+00,0.000000e+00,9.500000e-01,7.500000e-01,0,25
138,0.695000,2.327907e+03,4.602813e-02,0.000000e+00,0.000000e+00,0.000000e+00,5.189272e+02,4.929808e+02,3.794588e+02,8.639119e+00,0.000000e+00,9.500000e-01,7.500000e-01,0,25
139,0.700000,2.361487e+03,4.399417e-02,0.000000e+00,0.000000e+00,3.034294e-04,5.189272e+02,4.929808e+02,3.794588e+02,8.639422e+00,1.000000e+00,9.500000e-01,7.500000e-01,0,26
140,0.705000,1.195336e+04,2.230339e+03,2.347681e+03,2.230297e+03,0.000000e+00,2.866608e+03,2.723278e+03,2.609756e+03,8.639422e+00,4.672015e-01,9.500000e-01,7.500000e-01,10,29
141,0.710000,4.128976e+03,5.839269e+03,1.007463e+04,4.247328e+03,0.000000e+00,1.294124e+04,1.229417e+04,6.857084e+03,8.639422e+00,1.000000e+00,9.500000e-01,7.500000e-01,1,65
142,0.715000,7.994305e+03,3.405743e+03,3.320570e+03,4.054244e+02,0.000000e+00,1.626181e+04,1.544872e+04,7.262508e+03,8.639422e+00,1.000000e+00,9.500000e-01,7.500000e-01,5,71
143,0.720000,5.013624e+03,4.909843e+03,6.871344e+03,2.993603e+03,0.000000e+00,2.313315e+04,2.197649e+04,1.025611e+04,8.639422e+00,1.000000e+00,9.500000e-01,7.500000e-01,2,63
144,0.725000,3.919922e+03,6.207751e+03,3.804184e+03,3.613975e+03,0.000000e+00,2.693733e+04,2.559047e+04,1.387009e+04,8.639422e+00,7.852133e-01,9.500000e-01,7.500000e-01,1,58
145,0.730000,5.008164e+03,6.616415e+03,2.560572e+03,2.432543e+03,0.000000e+00,2.949791e+04,2.802301e+04,1.630263e+04,8.639422e+00,6.851258e-01,9.500000e-01,7.500000e-01,2,52
146,0.735000,4.173547e+03,5.741878e+03,2.903016e+03,2.757865e+03,0.000000e+00,3.240092e+04,3.078088e+04,1.906049e+04,8.639422e+00,5.006204e-01,9.500000e-01,7.500000e-01,1,52
147,0.740000,3.610628e+03,5.814823e+03,1.957980e+03,1.860081e+03,0.000000e+00,3.435890e+04,3.264096e+04,2.092058e+04,8.639422e+00,5.823512e-01,9.500000e-01,7.500000e-01,1,46
148,0.745000,3.205353e+03,4.560668e+03,1.409653e+03,1.339171e+03,0.000000e+00,3.576856e+04,3.398013e+04,2.225975e+04,8.639422e+00,5.879817e-01,9.500000e-01,7.500000e-01,1,28
149,0.750000,3.266135e+03,2.580292e+03,1.430168e+02,1.358660e+02,0.000000e+00,3.591157e+04,3.411599e+04,2.239561e+04,8.639422e+00,7.114979e-01,9.500000e-01,7.500000e-01,2,10
150,0.755000,3.099882e+03,2.009744e+03,5.782705e+02,5.493570e+02,0.000000e+00,3.648984e+04,3.466535e+04,2.294497e+04,8.639422e+00,6.283746e-01,9.500000e-01,7.500000e-01,1,9
151,0.760000,3.315068e+03,1.365116e+03,0.000000e+00,0.000000e+00,0.000000e+00,3.648984e+04,3.466535e+04,2.294497e+04,8.639422e+00,3.387504e-01,9.500000e-01,7.500000e-01,0,7
152,0.765000,3.410623e+03,9.097672e+02,0.000000e+00,0.000000e+00,1.211084e+02,3.648984e+04,3.466535e+04,2.294497e+04,1.297478e+02,1.000000e+00,9.500000e-01,7.500000e-01,0,6
153,0.770000,3.366973e+03,7.693866e+02,4.365001e+01,0.000000e+00,0.000000e+00,3.653349e+04,3.470682e+04,2.294497e+04,1.297478e+02,0.000000e+00,9.500000e-01,7.500000e-01,0,5
154,0.775000,3.323755e+03,6.789946e+02,4.321815e+01,0.000000e+00,0.000000e+00,3.657671e+04,3.474788e+04,2.294497e+04,1.297478e+02,0.000000e+00,9.500000e-01,7.500000e-01,0,3
155,0.780000,3.280969e+03,6.155846e+02,4.278629e+01,0.000000e+00,0.000000e+00,3.661950e+04,3.478852e+04,2.294497e+04,1.297478e+02,0.000000e+00,9.500000e-01,7.500000e-01,0,2
156,0.785000,3.238614e+03,5.714989e+02,4.235443e+01,0.000000e+00,0.000000e+00,3.666185e+04,3.482876e+04,2.294497e+04,1.297478e+02,0.000000e+00,9.500000e-01,7.500000e-01,0,2
157,0.790000,3.225199e+03,5.280935e+02,4.666200e+01,0.000000e+00,1.393287e+01,3.670851e+04,3.487309e+04,2.294497e+04,1.436807e+02,1.000000e+00,9.500000e-01,7.500000e-01,1,3
158,0.795000,3.150144e+03,6.519571e+02,2.610587e+02,1.471604e+02,0.000000e+00,3.696957e+04,3.512109e+04,2.309213e+04,1.436807e+02,1.000000e+00,9.500000e-01,7.500000e-01,1,3
159,0.800000,2.973548e+03,6.467000e+02,1.765968e+02,3.381184e+01,0.000000e+00,3.714617e+04,3.528886e+04,2.312594e+04,1.436807e+02,1.000000e+00,9.500000e-01,7.500000e-01,0,5
160,0.805000,2.363649e+03,6.099616e+02,6.098983e+02,0.000000e+00,0.000000e+00,3.775607e+04,3.586826e+04,2.312594e+04,1.436807e+02,0.000000e+00,9.500000e-01,7.500000e-01,0,6
161,0.810000,2.330960e+03,5.885470e+02,3.268892e+01,0.000000e+00,0.000000e+00,3.778876e+04,3.589932e+04,2.312594e+04,1.436807e+02,0.000000e+00,9.500000e-01,7.500000e-01,0,2
162,0.815000,2.298703e+03,5.683946e+02,3.225706e+01,0.000000e+00,0.000000e+00,3.782101e+04,3.592996e+04,2.312594e+04,1.436807e+02,0.000000e+00,9.500000e-01,7.500000e-01,0,1
163,0.820000,2.266878e+03,5.472540e+02,3.182520e+01,0.000000e+00,0.000000e+00,3.785284e+04,3.596020e+04,2.312594e+04,1.436807e+02,0.000000e+00,9.500000e-01,7.500000e-01,0,1
164,0.825000,2.235485e+03,5.313335e+02,3.139334e+01,0.000000e+00,0.000000e+00,3.788423e+04,3.599002e+04,2.312594e+04,1.436807e+02,0.000000e+00,9.500000e-01,7.500000e-01,0,1
165,0.830000,2.204523e+03,5.194987e+02,3.096148e+01,0.000000e+00,0.000000e+00,3.791519e+04,3.601943e+04,2.312594e+04,1.436807e+02,0.000000e+00,9.500000e-01,7.500000e-01,0,1
166,0.835000,2.171767e+03,5.049070e+02,3.275609e+01,0.000000e+00,0.000000e+00,3.794795e+04,3.605055e+04,2.312594e+04,1.436807e+02,0.000000e+00,9.500000e-01,7.500000e-01,0,2
167,0.840000,2.141669e+03,4.892329e+02,3.009776e+01,0.000000e+00,0.000000e+00,3.797805e+04,3.607914e+04,2.312594e+04,1.436807e+02,0.000000e+00,9.500000e-01,7.500000e-01,0,2
168,0.845000,2.112004e+03,4.784112e+02,2.966590e+01,0.000000e+00,0.000000e+00,3.800771e+04,3.610733e+04,2.312594e+04,1.436807e+02,0.000000e+00,9.500000e-01,7.500000e-01,0,2
169,0.850000,2.082770e+03,4.784112e+02,2.923404e+01,0.000000e+00,0.000000e+00,3.803695e+04,3.613510e+04,2.312594e+04,1.436807e+02,0.000000e+00,9.500000e-01,7.500000e-01,0,0
170,0.855000,2.053967e+03,4.784112e+02,2.880218e+01,0.000000e+00,0.000000e+00,3.806575e+04,3.616246e+04,2.312594e+04,1.436807e+02,0.000000e+00,9.500000e-01,7.500000e-01,0,0
171,0.860000,2.025597e+03,4.784112e+02,2.837032e+01,0.000000e+00,0.000000e+00,3.809412e+04,3.618941e+04,2.312594e+04,1.436807e+02,0.000000e+00,9.500000e-01,7.500000e-01,0,0
172,0.865000,1.997659e+03,4.784112e+02,2.793846e+01,0.000000e+00,0.000000e+00,3.812206e+04,3.621596e+04,2.312594e+04,1.436807e+02,0.000000e+00,9.500000e-01,7.500000e-01,0,0
173,0.870000,1.970152e+03,4.784112e+02,2.750660e+01,0.000000e+00,0.000000e+00,3.814956e+04,3.624209e+04,2.312594e+04,1.436807e+02,0.000000e+00,9.500000e-01,7.500000e-01,0,0
174,0.875000,1.943077e+03,4.784112e+02,2.707474e+01,0.000000e+00,0.000000e+00,3.817664e+04,3.626781e+04,2.312594e+04,1.436807e+02,0.000000e+00,9.500000e-01,7.500000e-01,0,0
175,0.880000,1.916434e+03,4.784112e+02,2.664289e+01,0.000000e+00,0.000000e+00,3.820328e+04,3.629312e+04,2.312594e+04,1.436807e+02,0.000000e+00,9.500000e-01,7.500000e-01,0,0
176,0.885000,1.890223e+03,4.784112e+02,2.621103e+01,0.000000e+00,0.000000e+00,3.822949e+04,3.631802e+04,2.312594e+04,1.436807e+02,0.000000e+00,9.500000e-01,7.500000e-01,0,0
177,0.890000,1.864444e+03,4.784112e+02,2.577917e+01,0.000000e+00,0.000000e+00,3.825527e+04,3.634251e+04,2.312594e+04,1.436807e+02,0.000000e+00,9.500000e-01,7.500000e-01,0,0
178,0.895000,1.839097e+03,4.784112e+02,2.534731e+01,0.000000e+00,0.000000e+00,3.828062e+04,3.636659e+04,2.312594e+04,1.436807e+02,0.000000e+00,9.500000e-01,7.500000e-01,0,0
179,0.900000,1.814181e+03,4.784112e+02,2.491545e+01,0.000000e+00,0.000000e+00,3.830554e+04,3.639026e+04,2.312594e+04,1.436807e+02,0.000000e+00,9.500000e-01,7.500000e-01,0,0
180,0.905000,1.789698e+03,4.784112e+02,2.448359e+01,0.000000e+00,0.000000e+00,3.833002e+04,3.641352e+04,2.312594e+04,1.436807e+02,0.000000e+00,9.500000e-01,7.500000e-01,0,0
181,0.910000,1.765646e+03,4.784112e+02,2.405173e+01,0.000000e+00,0.000000e+00,3.835407e+04,3.643637e+04,2.312594e+04,1.436807e+02,0.000000e+00,9.500000e-01,7.500000e-01,0,0
182,0.915000,1.742026e+03,4.784112e+02,2.361987e+01,0.000000e+00,0.000000e+00,3.837769e+04,3.645881e+04,2.312594e+04,1.436807e+02,0.000000e+00,9.500000e-01,7.500000e-01,0,0
183,0.920000,1.718838e+03,4.784112e+02,2.318801e+01,0.000000e+00,0.000000e+00,3.840088e+04,3.648083e+04,2.312594e+04,1.436807e+02,0.000000e+00,9.500000e-01,7.500000e-01,0,0
184,0.925000,1.696082e+03,4.784112e+02,2.275615e+01,0.000000e+00,0.000000e+00,3.842363e+04,3.650245e+04,2.312594e+04,1.436807e+02,0.000000e+00,9.500000e-01,7.500000e-01,0,0
185,0.930000,1.673758e+03,4.784112e+02,2.232429e+01,0.000000e+00,0.000000e+00,3.844596e+04,3.652366e+04,2.312594e+04,1.436807e+02,0.000000e+00,9.500000e-01,7.500000e-01,0,0
186,0.935000,1.651865e+03,4.784112e+02,2.189243e+01,0.000000e+00,0.000000e+00,3.846785e+04,3.654446e+04,2.312594e+04,1.436807e+02,0.000000e+00,9.500000e-01,7.500000e-01,0,0
187,0.940000,1.630405e+03,4.784112e+02,2.146057e+01,0.000000e+00,0.000000e+00,3.848931e+04,3.656485e+04,2.312594e+04,1.436807e+02,0.000000e+00,9.500000e-01,7.500000e-01,0,0
188,0.945000,1.609376e+03,4.784112e+02,2.102871e+01,0.000000e+00,0.000000e+00,3.851034e+04,3.658482e+04,2.312594e+04,1.436807e+02,0.000000e+00,9.500000e-01,7.500000e-01,0,0
189,0.950000,1.588779e+03,4.784112e+02,2.059685e+01,0.000000e+00,0.000000e+00,3.853094e+04,3.660439e+04,2.312594e+04,1.436807e+02,0.000000e+00,9.500000e-01,7.500000e-01,0,0
190,0.955000,1.568614e+03,4.784112e+02,2.016499e+01,0.000000e+00,0.000000e+00,3.855110e+04,3.662355e+04,2.312594e+04,1.436807e+02,0.000000e+00,9.500000e-01,7.500000e-01,0,0
191,0.960000,1.548881e+03,4.784112e+02,1.973313e+01,0.000000e+00,0.000000e+00,3.857084e+04,3.664229e+04,2.312594e+04,1.436807e+02,0.000000e+00,9.500000e-01,7.500000e-01,0,0
192,0.965000,1.529580e+03,4.784112e+02,1.930127e+01,0.000000e+00,0.000000e+00,3.859014e+04,3.666063e+04,2.312594e+04,1.436807e+02,0.000000e+00,9.500000e-01,7.500000e-01,0,0
193,0.970000,1.510710e+03,4.784112e+02,1.886941e+01,0.000000e+00,0.000000e+00,3.860901e+04,3.667856e+04,2.312594e+04,1.436807e+02,0.000000e+00,9.500000e-01,7.500000e-01,0,0
194,0.975000,1.492273e+03,4.784112e+02,1.843755e+01,0.000000e+00,0.000000e+00,3.862744e+04,3.669607e+04,2.312594e+04,1.436807e+02,0.000000e+00,9.500000e-01,7.500000e-01,0,0
195,0.980000,1.474267e+03,4.784112e+02,1.800570e+01,0.000000e+00,0.000000e+00,3.864545e+04,3.671318e+04,2.312594e+04,1.436807e+02,0.000000e+00,9.500000e-01,7.500000e-01,0,0
196,0.985000,1.456693e+03,4.784112e+02,1.757384e+01,0.000000e+00,0.000000e+00,3.866302e+04,3.672987e+04,2.312594e+04,1.436807e+02,0.000000e+00,9.500000e-01,7.500000e-01,0,0
197,0.990000,1.439551e+03,4.784112e+02,1.714198e+01,0.000000e+00,0.000000e+00,3.868017e+04,3.674616e+04,2.312594e+04,1.436807e+02,0.000000e+00,9.500000e-01,7.500000e-01,0,0
198,0.995000,1.422841e+03,4.784112e+02,1.671012e+01,0.000000e+00,0.000000e+00,3.869688e+04,3.676203e+04,2.312594e+04,1.436807e+02,0.000000e+00,9.500000e-01,7.500000e-01,0,0
199,1.000000,1.406563e+03,4.784112e+02,1.627826e+01,0.000000e+00,0.000000e+00,3.871315e+04,3.677750e+04,2.312594e+04,1.436807e+02,0.000000e+00,9.500000e-01,7.500000e-01,0,0
200,1.005000,1.390717e+03,4.784112e+02,1.584640e+01,0.000000e+00,0.000000e+00,3.872900e+04,3.679255e+04,2.312594e+04,1.436807e+02,0.000000e+00,9.500000e-01,7.500000e-01,0,0
201,1.010000,1.375302e+03,4.784112e+02,1.541454e+01,0.000000e+00,0.000000e+00,3.874441e+04,3.680719e+04,2.312594e+04,1.436807e+02,0.000000e+00,9.500000e-01,7.500000e-01,0,0
202,1.015000,1.360319e+03,4.784112e+02,1.498268e+01,0.000000e+00,0.000000e+00,3.875940e+04,3.682143e+04,2.312594e+04,1.436807e+02,0.000000e+00,9.500000e-01,7.500000e-01,0,0
203,1.020000,1.345768e+03,4.784112e+02,1.455082e+01,0.000000e+00,0.000000e+00,3.877395e+04,3.683525e+04,2.312594e+04,1.436807e+02,0.000000e+00,9.500000e-01,7.500000e-01,0,0
204,1.025000,1.331650e+03,4.784112e+02,1.411896e+01,0.000000e+00,0.000000e+00,3.878807e+04,3.684866e+04,2.312594e+04,1.436807e+02,0.000000e+00,9.500000e-01,7.500000e-01,0,0
205,1.030000,1.317962e+03,4.784112e+02,1.368710e+01,0.000000e+00,0.000000e+00,3.880175e+04,3.686167e+04,2.312594e+04,1.436807e+02,0.000000e+00,9.500000e-01,7.500000e-01,0,0
206,1.035000,1.304707e+03,4.784112e+02,1.325524e+01,0.000000e+00,0.000000e+00,3.881501e+04,3.687426e+04,2.312594e+04,1.436807e+02,0.000000e+00,9.500000e-01,7.500000e-01,0,0
207,1.040000,1.291884e+03,4.784112e+02,1.282338e+01,0.000000e+00,0.000000e+00,3.882783e+04,3.688644e+04,2.312594e+04,1.436807e+02,0.000000e+00,9.500000e-01,7.500000e-01,0,0
208,1.045000,1.279492e+03,4.784112e+02,1.239152e+01,0.000000e+00,0.000000e+00,3.884022e+04,3.689821e+04,2.312594e+04,1.436807e+02,0.000000e+00,9.500000e-01,7.500000e-01,0,0
209,1.050000,1.267533e+03,4.784112e+02,1.195966e+01,0.000000e+00,0.000000e+00,3.885218e+04,3.690957e+04,2.312594e+04,1.436807e+02,0.000000e+00,9.500000e-01,7.500000e-01,0,0
210,1.055000,1.256005e+03,4.784112e+02,1.152780e+01,0.000000e+00,0.000000e+00,3.886371e+04,3.692053e+04,2.312594e+04,1.436807e+02,0.000000e+00,9.500000e-01,7.500000e-01,0,0
211,1.060000,1.244909e+03,4.784112e+02,1.109594e+01,0.000000e+00,0.000000e+00,3.887481e+04,3.693107e+04,2.312594e+04,1.436807e+02,0.000000e+00,9.500000e-01,7.500000e-01,0,0
212,1.065000,1.234245e+03,4.784112e+02,1.066408e+01,0.000000e+00,0.000000e+00,3.888547e+04,3.694120e+04,2.312594e+04,1.436807e+02,0.000000e+00,9.500000e-01,7.500000e-01,0,0
213,1.070000,1.224013e+03,4.784112e+02,1.023222e+01,0.000000e+00,0.000000e+00,3.889570e+04,3.695092e+04,2.312594e+04,1.436807e+02,0.000000e+00,9.500000e-01,7.500000e-01,0,0
214,1.075000,1.214212e+03,4.784112e+02,9.800365e+00,0.000000e+00,0.000000e+00,3.890550e+04,3.696023e+04,2.312594e+04,1.436807e+02,0.000000e+00,9.500000e-01,7.500000e-01,0,0
215,1.080000,1.204844e+03,4.784112e+02,9.368505e+00,0.000000e+00,0.000000e+00,3.891487e+04,3.696913e+04,2.312594e+04,1.436807e+02,0.000000e+00,9.500000e-01,7.500000e-01,0,0
216,1.085000,1.195907e+03,4.784112e+02,8.936646e+00,0.000000e+00,0.000000e+00,3.892381e+04,3.697762e+04,2.312594e+04,1.436807e+02,0.000000e+00,9.500000e-01,7.500000e-01,0,0
217,1.090000,1.187402e+03,4.784112e+02,8.504786e+00,0.000000e+00,0.000000e+00,3.893231e+04,3.698570e+04,2.312594e+04,1.436807e+02,0.000000e+00,9.500000e-01,7.500000e-01,0,0
218,1.095000,1.179329e+03,4.784112e+02,8.072927e+00,0.000000e+00,0.000000e+00,3.894039e+04,3.699337e+04,2.312594e+04,1.436807e+02,0.000000e+00,9.500000e-01,7.500000e-01,0,0
219,1.100000,1.171688e+03,4.784112e+02,7.641067e+00,0.000000e+00,0.000000e+00,3.894803e+04,3.700063e+04,2.312594e+04,1.436807e+02,0.000000e+00,9.500000e-01,7.500000e-01,0,0
220,1.105000,1.164479e+03,4.784112e+02,7.209208e+00,0.000000e+00,0.000000e+00,3.895524e+04,3.700748e+04,2.312594e+04,1.436807e+02,0.000000e+00,9.500000e-01,7.500000e-01,0,0
221,1.110000,1.157702e+03,4.784112e+02,6.777348e+00,0.000000e+00,0.000000e+00,3.896201e+04,3.701391e+04,2.312594e+04,1.436807e+02,0.000000e+00,9.500000e-01,7.500000e-01,0,0
222,1.115000,1.151356e+03,4.784112e+02,6.345489e+00,0.000000e+00,0.000000e+00,3.896836e+04,3.701994e+04,2.312594e+04,1.436807e+02,0.000000e+00,9.500000e-01,7.500000e-01,0,0
223,1.120000,1.145443e+03,4.784112e+02,5.913629e+00,0.000000e+00,0.000000e+00,3.897427e+04,3.702556e+04,2.312594e+04,1.436807e+02,0.000000e+00,9.500000e-01,7.500000e-01,0,0
224,1.125000,1.139961e+03,4.784112e+02,5.481770e+00,0.000000e+00,0.000000e+00,3.897976e+04,3.703077e+04,2.312594e+04,1.436807e+02,0.000000e+00,9.500000e-01,7.500000e-01,0,0
225,1.130000,1.134911e+03,4.784112e+02,5.049910e+00,0.000000e+00,0.000000e+00,3.898481e+04,3.703557e+04,2.312594e+04,1.436807e+02,0.000000e+00,9.500000e-01,7.500000e-01,0,0
226,1.135000,1.130293e+03,4.784112e+02,4.618051e+00,0.000000e+00,0.000000e+00,3.898942e+04,3.703995e+04,2.312594e+04,1.436807e+02,0.000000e+00,9.500000e-01,7.500000e-01,0,0
227,1.140000,1.126107e+03,4.784112e+02,4.186191e+00,0.000000e+00,0.000000e+00,3.899361e+04,3.704393e+04,2.312594e+04,1.436807e+02,0.000000e+00,9.500000e-01,7.500000e-01,0,0
228,1.145000,1.122352e+03,4.784112e+02,3.754332e+00,0.000000e+00,0.000000e+00,3.899736e+04,3.704750e+04,2.312594e+04,1.436807e+02,0.000000e+00,9.500000e-01,7.500000e-01,0,0
229,1.150000,1.119030e+03,4.784112e+02,3.322472e+00,0.000000e+00,0.000000e+00,3.900069e+04,3.705065e+04,2.312594e+04,1.436807e+02,0.000000e+00,9.500000e-01,7.500000e-01,0,0
230,1.155000,1.116139e+03,4.784112e+02,2.890613e+00,0.000000e+00,0.000000e+00,3.900358e+04,3.705340e+04,2.312594e+04,1.436807e+02,0.000000e+00,9.500000e-01,7.500000e-01,0,0
231,1.160000,1.113680e+03,4.784112e+02,2.458753e+00,0.000000e+00,0.000000e+00,3.900604e+04,3.705573e+04,2.312594e+04,1.436807e+02,0.000000e+00,9.500000e-01,7.500000e-01,0,0
232,1.165000,1.111654e+03,4.784112e+02,2.026894e+00,0.000000e+00,0.000000e+00,3.900806e+04,3.705766e+04,2.312594e+04,1.436807e+02,0.000000e+00,9.500000e-01,7.500000e-01,0,0
233,1.170000,1.110059e+03,4.784112e+02,1.595034e+00,0.000000e+00,0.000000e+00,3.900966e+04,3.705918e+04,2.312594e+04,1.436807e+02,0.000000e+00,9.500000e-01,7.500000e-01,0,0
234,1.175000,1.108895e+03,4.784112e+02,1.163175e+00,0.000000e+00,0.000000e+00,3.901082e+04,3.706028e+04,2.312594e+04,1.436807e+02,0.000000e+00,9.500000e-01,7.500000e-01,0,0
235,1.180000,1.108164e+03,4.784112e+02,7.313155e-01,0.000000e+00,0.000000e+00,3.901155e+04,3.706097e+04,2.312594e+04,1.436807e+02,0.000000e+00,9.500000e-01,7.500000e-01,0,0
236,1.185000,1.107865e+03,4.784112e+02,2.994560e-01,0.000000e+00,0.000000e+00,3.901185e+04,3.706126e+04,2.312594e+04,1.436807e+02,0.000000e+00,9.500000e-01,7.500000e-01,0,0
237,1.190000,1.107997e+03,4.784112e+02,0.000000e+00,0.000000e+00,0.000000e+00,3.901185e+04,3.706126e+04,2.312594e+04,1.436807e+02,0.000000e+00,9.500000e-01,7.500000e-01,0,0
238,1.195000,1.108561e+03,4.784112e+02,0.000000e+00,0.000000e+00,0.000000e+00,3.901185e+04,3.706126e+04,2.312594e+04,1.436807e+02,0.000000e+00,9.500000e-01,7.500000e-01,0,0
239,1.200000,1.109557e+03,4.784112e+02,0.000000e+00,0.000000e+00,0.000000e+00,3.901185e+04,3.706126e+04,2.312594e+04,1.436807e+02,0.000000e+00,9.500000e-01,7.500000e-01,0,0
240,1.205000,1.110985e+03,4.784112e+02,0.000000e+00,0.000000e+00,0.000000e+00,3.901185e+04,3.706126e+04,2.312594e+04,1.436807e+02,0.000000e+00,9.500000e-01,7.500000e-01,0,0
241,1.210000,1.112845e+03,4.784112e+02,0.000000e+00,0.000000e+00,0.000000e+00,3.901185e+04,3.706126e+04,2.312594e+04,1.436807e+02,0.000000e+00,9.500000e-01,7.500000e-01,0,0
242,1.215000,1.115137e+03,4.784112e+02,0.000000e+00,0.000000e+00,0.000000e+00,3.901185e+04,3.706126e+04,2.312594e+04,1.436807e+02,0.000000e+00,9.500000e-01,7.500000e-01,0,0
243,1.220000,1.117860e+03,4.784112e+02,0.000000e+00,0.000000e+00,0.000000e+00,3.901185e+04,3.706126e+04,2.312594e+04,1.436807e+02,0.000000e+00,9.500000e-01,7.500000e-01,0,0
244,1.225000,1.121016e+03,4.784112e+02,0.000000e+00,0.000000e+00,0.000000e+00,3.901185e+04,3.706126e+04,2.312594e+04,1.436807e+02,0.000000e+00,9.500000e-01,7.500000e-01,0,0
245,1.230000,1.124603e+03,4.784112e+02,0.000000e+00,0.000000e+00,0.000000e+00,3.901185e+04,3.706126e+04,2.312594e+04,1.436807e+02,0.000000e+00,9.500000e-01,7.500000e-01,0,0
246,1.235000,1.128622e+03,4.784112e+02,0.000000e+00,0.000000e+00,0.000000e+00,3.901185e+04,3.706126e+04,2.312594e+04,1.436807e+02,0.000000e+00,9.500000e-01,7.500000e-01,0,0
247,1.240000,1.133073e+03,4.784112e+02,0.000000e+00,0.000000e+00,0.000000e+00,3.901185e+04,3.706126e+04,2.312594e+04,1.436807e+02,0.000000e+00,9.500000e-01,7.500000e-01,0,0
248,1.245000,1.137956e+03,4.784112e+02,0.000000e+00,0.000000e+00,0.000000e+00,3.901185e+04,3.706126e+04,2.312594e+04,1.436807e+02,0.000000e+00,9.500000e-01,7.500000e-01,0,0
249,1.250000,1.143271e+03,4.784112e+02,0.000000e+00,0.000000e+00,0.000000e+00,3.901185e+04,3.706126e+04,2.312594e+04,1.436807e+02,0.000000e+00,9.500000e-01,7.500000e-01,0,0
250,1.255000,1.149017e+03,4.784112e+02,0.000000e+00,0.000000e+00,0.000000e+00,3.901185e+04,3.706126e+04,2.312594e+04,1.436807e+02,0.000000e+00,9.500000e-01,7.500000e-01,0,0
251,1.260000,1.155196e+03,4.784112e+02,0.000000e+00,0.000000e+00,0.000000e+00,3.901185e+04,3.706126e+04,2.312594e+04,1.436807e+02,0.000000e+00,9.500000e-01,7.500000e-01,0,0
252,1.265000,1.161806e+03,4.784112e+02,0.000000e+00,0.000000e+00,0.000000e+00,3.901185e+04,3.706126e+04,2.312594e+04,1.436807e+02,0.000000e+00,9.500000e-01,7.500000e-01,0,0
253,1.270000,1.168848e+03,4.784112e+02,0.000000e+00,0.000000e+00,0.000000e+00,3.901185e+04,3.706126e+04,2.312594e+04,1.436807e+02,0.000000e+00,9.500000e-01,7.500000e-01,0,0
254,1.275000,1.176322e+03,4.784112e+02,0.000000e+00,0.000000e+00,0.000000e+00,3.901185e+04,3.706126e+04,2.312594e+04,1.436807e+02,0.000000e+00,9.500000e-01,7.500000e-01,0,0
255,1.280000,1.184228e+03,4.784112e+02,0.000000e+00,0.000000e+00,0.000000e+00,3.901185e+04,3.706126e+04,2.312594e+04,1.436807e+02,0.000000e+00,9.500000e-01,7.500000e-01,0,0
256,1.285000,1.192566e+03,4.784112e+02,0.000000e+00,0.000000e+00,0.000000e+00,3.901185e+04,3.706126e+04,2.312594e+04,1.436807e+02,0.000000e+00,9.500000e-01,7.500000e-01,0,0
257,1.290000,1.201336e+03,4.784112e+02,0.000000e+00,0.000000e+00,0.000000e+00,3.901185e+04,3.706126e+04,2.312594e+04,1.436807e+02,0.000000e+00,9.500000e-01,7.500000e-01,0,0
258,1.295000,1.210537e+03,4.784112e+02,0.000000e+00,0.000000e+00,0.000000e+00,3.901185e+04,3.706126e+04,2.312594e+04,1.436807e+02,0.000000e+00,9.500000e-01,7.500000e-01,0,0
259,1.300000,1.220170e+03,4.784112e+02,0.000000e+00,0.000000e+00,0.000000e+00,3.901185e+04,3.706126e+04,2.312594e+04,1.436807e+02,0.000000e+00,9.500000e-01,7.500000e-01,0,0
260,1.305000,1.230236e+03,4.784112e+02,0.000000e+00,0.000000e+00,0.000000e+00,3.901185e+04,3.706126e+04,2.312594e+04,1.436807e+02,0.000000e+00,9.500000e-01,7.500000e-01,0,0
261,1.310000,1.240733e+03,4.784112e+02,0.000000e+00,0.000000e+00,0.000000e+00,3.901185e+04,3.706126e+04,2.312594e+04,1.436807e+02,0.000000e+00,9.500000e-01,7.500000e-01,0,0
262,1.315000,1.251661e+03,4.784112e+02,0.000000e+00,0.000000e+00,0.000000e+00,3.901185e+04,3.706126e+04,2.312594e+04,1.436807e+02,0.000000e+00,9.500000e-01,7.500000e-01,0,0
263,1.320000,1.263022e+03,4.784112e+02,0.000000e+00,0.000000e+00,0.000000e+00,3.901185e+04,3.706126e+04,2.312594e+04,1.436807e+02,0.000000e+00,9.500000e-01,7.500000e-01,0,0
264,1.325000,1.274815e+03,4.784112e+02,0.000000e+00,0.000000e+00,0.000000e+00,3.901185e+04,3.706126e+04,2.312594e+04,1.436807e+02,0.000000e+00,9.500000e-01,7.500000e-01,0,0
265,1.330000,1.287039e+03,4.784112e+02,0.000000e+00,0.000000e+00,0.000000e+00,3.901185e+04,3.706126e+04,2.312594e+04,1.436807e+02,0.000000e+00,9.500000e-01,7.500000e-01,0,0
266,1.335000,1.299696e+03,4.784112e+02,0.000000e+00,0.000000e+00,0.000000e+00,3.901185e+04,3.706126e+04,2.312594e+04,1.436807e+02,0.000000e+00,9.500000e-01,7.500000e-01,0,0
267,1.340000,1.312784e+03,4.784112e+02,0.000000e+00,0.000000e+00,0.000000e+00,3.901185e+04,3.706126e+04,2.312594e+04,1.436807e+02,0.000000e+00,9.500000e-01,7.500000e-01,0,0
268,1.345000,1.299489e+03,4.819174e+02,1.329495e+01,1.263020e+01,0.000000e+00,3.902515e+04,3.707389e+04,2.313857e+04,1.436807e+02,5.454701e-01,9.500000e-01,7.500000e-01,0,1
269,1.350000,1.121962e+03,1.054680e+03,6.174862e+02,5.866119e+02,0.000000e+00,3.964263e+04,3.766050e+04,2.372518e+04,1.436807e+02,6.061608e-01,9.500000e-01,7.500000e-01,1,2
270,1.355000,1.021611e+03,7.474621e+02,3.490469e+02,8.112737e+00,0.000000e+00,3.999168e+04,3.799210e+04,2.373330e+04,1.436807e+02,1.000000e+00,9.500000e-01,7.500000e-01,1,5
271,1.360000,8.095015e+02,6.367292e+02,2.121091e+02,0.000000e+00,0.000000e+00,4.020379e+04,3.819360e+04,2.373330e+04,1.436807e+02,0.000000e+00,9.500000e-01,7.500000e-01,0,3
272,1.365000,7.855626e+02,5.722944e+02,8.326559e+01,0.000000e+00,1.067759e+01,4.028705e+04,3.827270e+04,2.373330e+04,1.543583e+02,1.000000e+00,9.500000e-01,7.500000e-01,1,4
273,1.370000,7.249692e+02,5.297770e+02,6.059339e+01,0.000000e+00,0.000000e+00,4.034765e+04,3.833027e+04,2.373330e+04,1.543583e+02,0.000000e+00,9.500000e-01,7.500000e-01,0,4
274,1.375000,7.688539e+02,5.045458e+02,0.000000e+00,0.000000e+00,0.000000e+00,4.034765e+04,3.833027e+04,2.373330e+04,1.543583e+02,0.000000e+00,9.500000e-01,7.500000e-01,0,3
275,1.380000,7.813232e+02,4.847154e+02,0.000000e+00,0.000000e+00,0.000000e+00,4.034765e+04,3.833027e+04,2.373330e+04,1.543583e+02,0.000000e+00,9.500000e-01,7.500000e-01,0,2
276,1.385000,7.796307e+02,4.626003e+02,1.692582e+00,0.000000e+00,0.000000e+00,4.034934e+04,3.833187e+04,2.373330e+04,1.543583e+02,0.000000e+00,9.500000e-01,7.500000e-01,0,2
277,1.390000,7.783699e+02,4.424263e+02,1.260722e+00,0.000000e+00,0.000000e+00,4.035060e+04,3.833307e+04,2.373330e+04,1.543583e+02,0.000000e+00,9.500000e-01,7.500000e-01,0,1
278,1.395000,7.775411e+02,4.283994e+02,8.288630e-01,0.000000e+00,0.000000e+00,4.035143e+04,3.833386e+04,2.373330e+04,1.543583e+02,0.000000e+00,9.500000e-01,7.500000e-01,0,1
279,1.400000,7.771441e+02,4.149523e+02,3.970035e-01,0.000000e+00,0.000000e+00,4.035183e+04,3.833424e+04,2.373330e+04,1.543583e+02,0.000000e+00,9.500000e-01,7.500000e-01,0,1
280,1.405000,7.771789e+02,4.149523e+02,0.000000e+00,0.000000e+00,0.000000e+00,4.035183e+04,3.833424e+04,2.373330e+04,1.543583e+02,0.000000e+00,9.500000e-01,7.500000e-01,0,0
281,1.410000,7.776456e+02,4.149523e+02,0.000000e+00,0.000000e+00,0.000000e+00,4.035183e+04,3.833424e+04,2.373330e+04,1.543583e+02,0.000000e+00,9.500000e-01,7.500000e-01,0,0
282,1.415000,7.785442e+02,4.149523e+02,0.000000e+00,0.000000e+00,0.000000e+00,4.035183e+04,3.833424e+04,2.373330e+04,1.543583e+02,0.000000e+00,9.500000e-01,7.500000e-01,0,0
283,1.420000,7.798747e+02,4.149523e+02,0.000000e+00,0.000000e+00,0.000000e+00,4.035183e+04,3.833424e+04,2.373330e+04,1.543583e+02,0.000000e+00,9.500000e-01,7.500000e-01,0,0
284,1.425000,7.816369e+02,4.149523e+02,0.000000e+00,0.000000e+00,0.000000e+00,4.035183e+04,3.833424e+04,2.373330e+04,1.543583e+02,0.000000e+00,9.500000e-01,7.500000e-01,0,0
285,1.430000,7.497552e+02,4.291707e+02,3.188177e+01,3.028768e+01,0.000000e+00,4.038371e+04,3.836452e+04,2.376358e+04,1.543583e+02,7.633189e-01,9.500000e-01,7.500000e-01,0,1
286,1.435000,7.458862e+02,3.980520e+02,3.868959e+00,0.000000e+00,0.000000e+00,4.038758e+04,3.836820e+04,2.376358e+04,1.543583e+02,0.000000e+00,9.500000e-01,7.500000e-01,0,1
287,1.440000,7.457920e+02,3.838466e+02,9.422054e-02,0.000000e+00,0.000000e+00,4.038767e+04,3.836829e+04,2.376358e+04,1.543583e+02,0.000000e+00,9.500000e-01,7.500000e-01,0,1
288,1.445000,7.457575e+02,3.713677e+02,3.447956e-02,0.000000e+00,0.000000e+00,4.038771e+04,3.836832e+04,2.376358e+04,1.543583e+02,0.000000e+00,9.500000e-01,7.500000e-01,0,1
289,1.450000,7.461549e+02,3.583144e+02,0.000000e+00,0.000000e+00,0.000000e+00,4.038771e+04,3.836832e+04,2.376358e+04,1.543583e+02,0.000000e+00,9.500000e-01,7.500000e-01,0,1
290,1.455000,7.469841e+02,3.484977e+02,0.000000e+00,0.000000e+00,0.000000e+00,4.038771e+04,3.836832e+04,2.376358e+04,1.543583e+02,0.000000e+00,9.500000e-01,7.500000e-01,0,1
291,1.460000,7.482452e+02,3.484977e+02,0.000000e+00,0.000000e+00,0.000000e+00,4.038771e+04,3.836832e+04,2.376358e+04,1.543583e+02,0.000000e+00,9.500000e-01,7.500000e-01,0,0
292,1.465000,7.499382e+02,3.484977e+02,0.000000e+00,0.000000e+00,0.000000e+00,4.038771e+04,3.836832e+04,2.376358e+04,1.543583e+02,0.000000e+00,9.500000e-01,7.500000e-01,0,0
293,1.470000,7.520630e+02,3.484977e+02,0.000000e+00,0.000000e+00,0.000000e+00,4.038771e+04,3.836832e+04,2.376358e+04,1.543583e+02,0.000000e+00,9.500000e-01,7.500000e-01,0,0
294,1.475000,7.546197e+02,3.484977e+02,0.000000e+00,0.000000e+00,0.000000e+00,4.038771e+04,3.836832e+04,2.376358e+04,1.543583e+02,0.000000e+00,9.500000e-01,7.500000e-01,0,0
295,1.480000,7.576082e+02,3.484977e+02,0.000000e+00,0.000000e+00,0.000000e+00,4.038771e+04,3.836832e+04,2.376358e+04,1.543583e+02,0.000000e+00,9.500000e-01,7.500000e-01,0,0
296,1.485000,7.610286e+02,3.484977e+02,0.000000e+00,0.000000e+00,0.000000e+00,4.038771e+04,3.836832e+04,2.376358e+04,1.543583e+02,0.000000e+00,9.500000e-01,7.500000e-01,0,0
297,1.490000,7.648809e+02,3.484977e+02,0.000000e+00,0.000000e+00,0.000000e+00,4.038771e+04,3.836832e+04,2.376358e+04,1.543583e+02,0.000000e+00,9.500000e-01,7.500000e-01,0,0
298,1.495000,7.691650e+02,3.484977e+02,0.000000e+00,0.000000e+00,0.000000e+00,4.038771e+04,3.836832e+04,2.376358e+04,1.543583e+02,0.000000e+00,9.500000e-01,7.500000e-01,0,0
299,1.500000,7.738810e+02,3.484977e+02,0.000000e+00,0.000000e+00,0.000000e+00,4.038771e+04,3.836832e+04,2.376358e+04,1.543583e+02,0.000000e+00,9.500000e-01,7.500000e-01,0,0
300,1.505000,7.790288e+02,3.484977e+02,0.000000e+00,0.000000e+00,0.000000e+00,4.038771e+04,3.836832e+04,2.376358e+04,1.543583e+02,0.000000e+00,9.500000e-01,7.500000e-01,0,0
301,1.510000,7.846085e+02,3.484977e+02,0.000000e+00,0.000000e+00,0.000000e+00,4.038771e+04,3.836832e+04,2.376358e+04,1.543583e+02,0.000000e+00,9.500000e-01,7.500000e-01,0,0
302,1.515000,7.906201e+02,3.484977e+02,0.000000e+00,0.000000e+00,0.000000e+00,4.038771e+04,3.836832e+04,2.376358e+04,1.543583e+02,0.000000e+00,9.500000e-01,7.500000e-01,0,0
303,1.520000,7.970635e+02,3.484977e+02,0.000000e+00,0.000000e+00,0.000000e+00,4.038771e+04,3.836832e+04,2.376358e+04,1.543583e+02,0.000000e+00,9.500000e-01,7.500000e-01,0,0
304,1.525000,8.039387e+02,3.484977e+02,0.000000e+00,0.000000e+00,0.000000e+00,4.038771e+04,3.836832e+04,2.376358e+04,1.543583e+02,0.000000e+00,9.500000e-01,7.500000e-01,0,0
305,1.530000,8.112459e+02,3.484977e+02,0.000000e+00,0.000000e+00,0.000000e+00,4.038771e+04,3.836832e+04,2.376358e+04,1.543583e+02,0.000000e+00,9.500000e-01,7.500000e-01,0,0
306,1.535000,8.189849e+02,3.484977e+02,0.000000e+00,0.000000e+00,0.000000e+00,4.038771e+04,3.836832e+04,2.376358e+04,1.543583e+02,0.000000e+00,9.500000e-01,7.500000e-01,0,0
307,1.540000,8.271557e+02,3.484977e+02,0.000000e+00,0.000000e+00,0.000000e+00,4.038771e+04,3.836832e+04,2.376358e+04,1.543583e+02,0.000000e+00,9.500000e-01,7.500000e-01,0,0
308,1.545000,8.357584e+02,3.484977e+02,0.000000e+00,0.000000e+00,0.000000e+00,4.038771e+04,3.836832e+04,2.376358e+04,1.543583e+02,0.000000e+00,9.500000e-01,7.500000e-01,0,0
309,1.550000,8.447930e+02,3.484977e+02,0.000000e+00,0.000000e+00,0.000000e+00,4.038771e+04,3.836832e+04,2.376358e+04,1.543583e+02,0.000000e+00,9.500000e-01,7.500000e-01,0,0
310,1.555000,8.542594e+02,3.484977e+02,0.000000e+00,0.000000e+00,0.000000e+00,4.038771e+04,3.836832e+04,2.376358e+04,1.543583e+02,0.000000e+00,9.500000e-01,7.500000e-01,0,0
311,1.560000,8.641577e+02,3.484977e+02,0.000000e+00,0.000000e+00,0.000000e+00,4.038771e+04,3.836832e+04,2.376358e+04,1.543583e+02,0.000000e+00,9.500000e-01,7.500000e-01,0,0
312,1.565000,8.744879e+02,3.484977e+02,0.000000e+00,0.000000e+00,0.000000e+00,4.038771e+04,3.836832e+04,2.376358e+04,1.543583e+02,0.000000e+00,9.500000e-01,7.500000e-01,0,0
313,1.570000,8.852499e+02,3.484977e+02,0.000000e+00,0.000000e+00,0.000000e+00,4.038771e+04,3.836832e+04,2.376358e+04,1.543583e+02,0.000000e+00,9.500000e-01,7.500000e-01,0,0
314,1.575000,8.964437e+02,3.484977e+02,0.000000e+00,0.000000e+00,0.000000e+00,4.038771e+04,3.836832e+04,2.376358e+04,1.543583e+02,0.000000e+00,9.500000e-01,7.500000e-01,0,0
315,1.580000,9.080695e+02,3.484977e+02,0.000000e+00,0.000000e+00,0.000000e+00,4.038771e+04,3.836832e+04,2.376358e+04,1.543583e+02,0.000000e+00,9.500000e-01,7.500000e-01,0,0
316,1.585000,9.201270e+02,3.484977e+02,0.000000e+00,0.000000e+00,0.000000e+00,4.038771e+04,3.836832e+04,2.376358e+04,1.543583e+02,0.000000e+00,9.500000e-01,7.500000e-01,0,0
317,1.590000,9.326165e+02,3.484977e+02,0.000000e+00,0.000000e+00,0.000000e+00,4.038771e+04,3.836832e+04,2.376358e+04,1.543583e+02,0.000000e+00,9.500000e-01,7.500000e-01,0,0
318,1.595000,9.289823e+02,3.281085e+02,3.634239e+00,0.000000e+00,1.319138e+01,4.039134e+04,3.837177e+04,2.376358e+04,1.675497e+02,1.000000e+00,9.500000e-01,7.500000e-01,0,1
319,1.600000,9.389308e+02,2.897898e+02,0.000000e+00,0.000000e+00,0.000000e+00,4.039134e+04,3.837177e+04,2.376358e+04,1.675497e+02,0.000000e+00,9.500000e-01,7.500000e-01,0,1
320,1.605000,9.504606e+02,2.730343e+02,0.000000e+00,0.000000e+00,0.000000e+00,4.039134e+04,3.837177e+04,2.376358e+04,1.675497e+02,0.000000e+00,9.500000e-01,7.500000e-01,0,1
321,1.610000,9.620569e+02,2.643454e+02,0.000000e+00,0.000000e+00,0.000000e+00,4.039134e+04,3.837177e+04,2.376358e+04,1.675497e+02,0.000000e+00,9.500000e-01,7.500000e-01,0,1
322,1.615000,9.740850e+02,2.580482e+02,0.000000e+00,0.000000e+00,0.000000e+00,4.039134e+04,3.837177e+04,2.376358e+04,1.675497e+02,0.000000e+00,9.500000e-01,7.500000e-01,0,1
323,1.620000,9.865450e+02,2.502106e+02,0.000000e+00,0.000000e+00,0.000000e+00,4.039134e+04,3.837177e+04,2.376358e+04,1.675497e+02,0.000000e+00,9.500000e-01,7.500000e-01,0,1
324,1.625000,9.417229e+02,2.856760e+02,4.482213e+01,4.258102e+01,0.000000e+00,4.043616e+04,3.841435e+04,2.380616e+04,1.675497e+02,6.270908e-01,9.500000e-01,7.500000e-01,0,1
325,1.630000,9.408614e+02,2.397115e+02,8.615185e-01,0.000000e+00,0.000000e+00,4.043702e+04,3.841517e+04,2.380616e+04,1.675497e+02,0.000000e+00,9.500000e-01,7.500000e-01,0,1
326,1.635000,9.488170e+02,2.243519e+02,0.000000e+00,0.000000e+00,0.000000e+00,4.043702e+04,3.841517e+04,2.380616e+04,1.675497e+02,0.000000e+00,9.500000e-01,7.500000e-01,0,1
327,1.640000,9.582787e+02,2.137934e+02,0.000000e+00,0.000000e+00,0.000000e+00,4.043702e+04,3.841517e+04,2.380616e+04,1.675497e+02,0.000000e+00,9.500000e-01,7.500000e-01,0,1
328,1.645000,9.677628e+02,2.061104e+02,0.000000e+00,0.000000e+00,0.000000e+00,4.043702e+04,3.841517e+04,2.380616e+04,1.675497e+02,0.000000e+00,9.500000e-01,7.500000e-01,0,1
329,1.650000,9.776733e+02,2.012045e+02,0.000000e+00,0.000000e+00,0.000000e+00,4.043702e+04,3.841517e+04,2.380616e+04,1.675497e+02,0.000000e+00,9.500000e-01,7.500000e-01,0,1
330,1.655000,9.880156e+02,1.960909e+02,0.000000e+00,0.000000e+00,0.000000e+00,4.043702e+04,3.841517e+04,2.380616e+04,1.675497e+02,0.000000e+00,9.500000e-01,7.500000e-01,0,1
331,1.660000,9.987898e+02,1.897866e+02,0.000000e+00,0.000000e+00,0.000000e+00,4.043702e+04,3.841517e+04,2.380616e+04,1.675497e+02,0.000000e+00,9.500000e-01,7.500000e-01,0,1
332,1.665000,1.009996e+03,1.897866e+02,0.000000e+00,0.000000e+00,0.000000e+00,4.043702e+04,3.841517e+04,2.380616e+04,1.675497e+02,0.000000e+00,9.500000e-01,7.500000e-01,0,0
333,1.670000,1.021634e+03,1.897866e+02,0.000000e+00,0.000000e+00,0.000000e+00,4.043702e+04,3.841517e+04,2.380616e+04,1.675497e+02,0.000000e+00,9.500000e-01,7.500000e-01,0,0
334,1.675000,1.033703e+03,1.897866e+02,0.000000e+00,0.000000e+00,0.000000e+00,4.043702e+04,3.841517e+04,2.380616e+04,1.675497e+02,0.000000e+00,9.500000e-01,7.500000e-01,0,0
335,1.680000,1.046205e+03,1.897866e+02,0.000000e+00,0.000000e+00,0.000000e+00,4.043702e+04,3.841517e+04,2.380616e+04,1.675497e+02,0.000000e+00,9.500000e-01,7.500000e-01,0,0
336,1.685000,1.059139e+03,1.897866e+02,0.000000e+00,0.000000e+00,0.000000e+00,4.043702e+04,3.841517e+04,2.380616e+04,1.675497e+02,0.000000e+00,9.500000e-01,7.500000e-01,0,0
337,1.690000,1.072504e+03,1.897866e+02,0.000000e+00,0.000000e+00,0.000000e+00,4.043702e+04,3.841517e+04,2.380616e+04,1.675497e+02,0.000000e+00,9.500000e-01,7.500000e-01,0,0
338,1.695000,1.086301e+03,1.897866e+02,0.000000e+00,0.000000e+00,0.000000e+00,4.043702e+04,3.841517e+04,2.380616e+04,1.675497e+02,0.000000e+00,9.500000e-01,7.500000e-01,0,0
339,1.700000,1.100530e+03,1.897866e+02,0.000000e+00,0.000000e+00,0.000000e+00,4.043702e+04,3.841517e+04,2.380616e+04,1.675497e+02,0.000000e+00,9.500000e-01,7.500000e-01,0,0
340,1.705000,1.090121e+03,1.947529e+02,1.040911e+01,9.888654e+00,0.000000e+00,4.044743e+04,3.842506e+04,2.381605e+04,1.675497e+02,4.840190e-01,9.500000e-01,7.500000e-01,0,1
341,1.710000,1.099502e+03,1.784837e+02,0.000000e+00,0.000000e+00,0.000000e+00,4.044743e+04,3.842506e+04,2.381605e+04,1.675497e+02,0.000000e+00,9.500000e-01,7.500000e-01,0,1
342,1.715000,1.112007e+03,1.711134e+02,0.000000e+00,0.000000e+00,0.000000e+00,4.044743e+04,3.842506e+04,2.381605e+04,1.675497e+02,0.000000e+00,9.500000e-01,7.500000e-01,0,1
343,1.720000,1.124591e+03,1.646370e+02,0.000000e+00,0.000000e+00,0.000000e+00,4.044743e+04,3.842506e+04,2.381605e+04,1.675497e+02,0.000000e+00,9.500000e-01,7.500000e-01,0,1
344,1.725000,1.137000e+03,1.601209e+02,0.000000e+00,0.000000e+00,0.000000e+00,4.044743e+04,3.842506e+04,2.381605e+04,1.675497e+02,0.000000e+00,9.500000e-01,7.500000e-01,0,1
345,1.730000,1.149763e+03,1.568615e+02,0.000000e+00,0.000000e+00,0.000000e+00,4.044743e+04,3.842506e+04,2.381605e+04,1.675497e+02,0.000000e+00,9.500000e-01,7.500000e-01,0,1
346,1.735000,1.162959e+03,1.525035e+02,0.000000e+00,0.000000e+00,0.000000e+00,4.044743e+04,3.842506e+04,2.381605e+04,1.675497e+02,0.000000e+00,9.500000e-01,7.500000e-01,0,1
347,1.740000,1.176586e+03,1.477916e+02,0.000000e+00,0.000000e+00,0.000000e+00,4.044743e+04,3.842506e+04,2.381605e+04,1.675497e+02,0.000000e+00,9.500000e-01,7.500000e-01,0,1
348,1.745000,1.190645e+03,1.446551e+02,0.000000e+00,0.000000e+00,0.000000e+00,4.044743e+04,3.842506e+04,2.381605e+04,1.675497e+02,0.000000e+00,9.500000e-01,7.500000e-01,0,1
349,1.750000,1.205136e+03,1.446551e+02,0.000000e+00,0.000000e+00,0.000000e+00,4.044743e+04,3.842506e+04,2.381605e+04,1.675497e+02,0.000000e+00,9.500000e-01,7.500000e-01,0,0
350,1.755000,1.220059e+03,1.446551e+02,0.000000e+00,0.000000e+00,0.000000e+00,4.044743e+04,3.842506e+04,2.381605e+04,1.675497e+02,0.000000e+00,9.500000e-01,7.500000e-01,0,0
351,1.760000,1.235414e+03,1.446551e+02,0.000000e+00,0.000000e+00,0.000000e+00,4.044743e+04,3.842506e+04,2.381605e+04,1.675497e+02,0.000000e+00,9.500000e-01,7.500000e-01,0,0
352,1.765000,1.251200e+03,1.446551e+02,0.000000e+00,0.000000e+00,0.000000e+00,4.044743e+04,3.842506e+04,2.381605e+04,1.675497e+02,0.000000e+00,9.500000e-01,7.500000e-01,0,0
353,1.770000,1.267419e+03,1.446551e+02,0.000000e+00,0.000000e+00,0.000000e+00,4.044743e+04,3.842506e+04,2.381605e+04,1.675497e+02,0.000000e+00,9.500000e-01,7.500000e-01,0,0
354,1.775000,1.284069e+03,1.446551e+02,0.000000e+00,0.000000e+00,0.000000e+00,4.044743e+04,3.842506e+04,2.381605e+04,1.675497e+02,0.000000e+00,9.500000e-01,7.500000e-01,0,0
355,1.780000,1.041478e+03,1.419477e+02,2.425909e+02,0.000000e+00,0.000000e+00,4.069002e+04,3.865552e+04,2.381605e+04,1.675497e+02,0.000000e+00,9.500000e-01,7.500000e-01,0,1
356,1.785000,1.005716e+03,1.380066e+02,3.576233e+01,0.000000e+00,0.000000e+00,4.072579e+04,3.868950e+04,2.381605e+04,1.675497e+02,0.000000e+00,9.500000e-01,7.500000e-01,0,2
357,1.790000,9.158926e+02,2.195301e+02,8.982339e+01,8.533222e+01,0.000000e+00,4.081561e+04,3.877483e+04,2.390139e+04,1.675497e+02,8.505057e-01,9.500000e-01,7.500000e-01,0,2
358,1.795000,7.037149e+02,1.435028e+02,2.121777e+02,0.000000e+00,0.000000e+00,4.102779e+04,3.897640e+04,2.390139e+04,1.675497e+02,0.000000e+00,9.500000e-01,7.500000e-01,0,3
359,1.800000,6.655460e+02,1.251558e+02,3.816883e+01,0.000000e+00,0.000000e+00,4.106596e+04,3.901266e+04,2.390139e+04,1.675497e+02,0.000000e+00,9.500000e-01,7.500000e-01,0,3
360,1.805000,6.681979e+02,1.162124e+02,0.000000e+00,0.000000e+00,0.000000e+00,4.106596e+04,3.901266e+04,2.390139e+04,1.675497e+02,0.000000e+00,9.500000e-01,7.500000e-01,0,3
361,1.810000,6.797742e+02,1.105440e+02,0.000000e+00,0.000000e+00,0.000000e+00,4.106596e+04,3.901266e+04,2.390139e+04,1.675497e+02,0.000000e+00,9.500000e-01,7.500000e-01,0,1
362,1.815000,6.901562e+02,1.070707e+02,0.000000e+00,0.000000e+00,0.000000e+00,4.106596e+04,3.901266e+04,2.390139e+04,1.675497e+02,0.000000e+00,9.500000e-01,7.500000e-01,0,1
363,1.820000,7.000837e+02,1.038972e+02,0.000000e+00,0.000000e+00,0.000000e+00,4.106596e+04,3.901266e+04,2.390139e+04,1.675497e+02,0.000000e+00,9.500000e-01,7.500000e-01,0,1
364,1.825000,7.104430e+02,1.002730e+02,0.000000e+00,0.000000e+00,0.000000e+00,4.106596e+04,3.901266e+04,2.390139e+04,1.675497e+02,0.000000e+00,9.500000e-01,7.500000e-01,0,1
365,1.830000,7.011598e+02,1.280654e+02,3.228958e+01,3.067510e+01,0.000000e+00,4.109825e+04,3.904333e+04,2.393206e+04,1.675497e+02,7.628158e-01,9.500000e-01,7.500000e-01,1,2
366,1.835000,6.834356e+02,9.991891e+01,1.772419e+01,0.000000e+00,0.000000e+00,4.111597e+04,3.906017e+04,2.393206e+04,1.675497e+02,0.000000e+00,9.500000e-01,7.500000e-01,0,2
367,1.840000,6.943131e+02,8.993113e+01,0.000000e+00,0.000000e+00,0.000000e+00,4.111597e+04,3.906017e+04,2.393206e+04,1.675497e+02,0.000000e+00,9.500000e-01,7.500000e-01,0,2
368,1.845000,7.049850e+02,8.365640e+01,0.000000e+00,0.000000e+00,0.000000e+00,4.111597e+04,3.906017e+04,2.393206e+04,1.675497e+02,0.000000e+00,9.500000e-01,7.500000e-01,0,2
369,1.850000,7.147867e+02,7.932421e+01,0.000000e+00,0.000000e+00,0.000000e+00,4.111597e+04,3.906017e+04,2.393206e+04,1.675497e+02,0.000000e+00,9.500000e-01,7.500000e-01,0,2
370,1.855000,7.250204e+02,7.636769e+01,0.000000e+00,0.000000e+00,0.000000e+00,4.111597e+04,3.906017e+04,2.393206e+04,1.675497e+02,0.000000e+00,9.500000e-01,7.500000e-01,0,2
371,1.860000,7.356859e+02,7.330598e+01,0.000000e+00,0.000000e+00,0.000000e+00,4.111597e+04,3.906017e+04,2.393206e+04,1.675497e+02,0.000000e+00,9.500000e-01,7.500000e-01,0,1
372,1.865000,7.189033e+02,1.255456e+02,5.837415e+01,5.545544e+01,0.000000e+00,4.117434e+04,3.911563e+04,2.398752e+04,1.675497e+02,9.440846e-01,9.500000e-01,7.500000e-01,1,2
373,1.870000,6.619472e+02,8.838865e+01,5.695612e+01,0.000000e+00,0.000000e+00,4.123130e+04,3.916974e+04,2.398752e+04,1.675497e+02,0.000000e+00,9.500000e-01,7.500000e-01,0,2
374,1.875000,6.689174e+02,7.893354e+01,0.000000e+00,0.000000e+00,0.000000e+00,4.123130e+04,3.916974e+04,2.398752e+04,1.675497e+02,0.000000e+00,9.500000e-01,7.500000e-01,0,2
375,1.880000,6.661778e+02,8.284050e+01,9.529129e+00,9.052673e+00,0.000000e+00,4.124083e+04,3.917879e+04,2.399657e+04,1.675497e+02,6.225284e-01,9.500000e-01,7.500000e-01,1,3
376,1.885000,6.647847e+02,7.441597e+01,1.393092e+00,0.000000e+00,0.000000e+00,4.124222e+04,3.918011e+04,2.399657e+04,1.675497e+02,0.000000e+00,9.500000e-01,7.500000e-01,0,3
377,1.890000,6.894523e+02,1.254476e+02,5.804156e+01,5.513948e+01,0.000000e+00,4.130026e+04,3.923525e+04,2.405171e+04,1.675497e+02,5.713668e-01,9.500000e-01,7.500000e-01,2,4
378,1.895000,6.614732e+02,1.821587e+02,9.731881e+01,7.947161e+01,0.000000e+00,4.139758e+04,3.932770e+04,2.413118e+04,1.675497e+02,1.000000e+00,9.500000e-01,7.500000e-01,1,3
379,1.900000,5.992237e+02,1.267570e+02,6.224948e+01,0.000000e+00,0.000000e+00,4.145983e+04,3.938684e+04,2.413118e+04,1.675497e+02,0.000000e+00,9.500000e-01,7.500000e-01,0,3
380,1.905000,6.190416e+02,1.071556e+02,0.000000e+00,0.000000e+00,0.000000e+00,4.145983e+04,3.938684e+04,2.413118e+04,1.675497e+02,0.000000e+00,9.500000e-01,7.500000e-01,0,3
381,1.910000,6.306912e+02,9.595086e+01,0.000000e+00,0.000000e+00,0.000000e+00,4.145983e+04,3.938684e+04,2.413118e+04,1.675497e+02,0.000000e+00,9.500000e-01,7.500000e-01,0,3
382,1.915000,6.347778e+02,8.751880e+01,0.000000e+00,0.000000e+00,0.000000e+00,4.145983e+04,3.938684e+04,2.413118e+04,1.675497e+02,0.000000e+00,9.500000e-01,7.500000e-01,0,3
383,1.920000,6.392963e+02,8.093732e+01,0.000000e+00,0.000000e+00,0.000000e+00,4.145983e+04,3.938684e+04,2.413118e+04,1.675497e+02,0.000000e+00,9.500000e-01,7.500000e-01,0,3
384,1.925000,6.442466e+02,7.600193e+01,0.000000e+00,0.000000e+00,0.000000e+00,4.145983e+04,3.938684e+04,2.413118e+04,1.675497e+02,0.000000e+00,9.500000e-01,7.500000e-01,0,3
385,1.930000,6.496289e+02,7.161255e+01,0.000000e+00,0.000000e+00,0.000000e+00,4.145983e+04,3.938684e+04,2.413118e+04,1.675497e+02,0.000000e+00,9.500000e-01,7.500000e-01,0,3
386,1.935000,6.554171e+02,6.726578e+01,0.000000e+00,0.000000e+00,0.000000e+00,4.145983e+04,3.938684e+04,2.413118e+04,1.675497e+02,0.000000e+00,9.500000e-01,7.500000e-01,0,3
387,1.940000,6.090249e+02,4.106373e+02,3.653929e+02,3.471233e+02,0.000000e+00,4.182523e+04,3.973396e+04,2.447830e+04,1.675497e+02,5.854468e-01,9.500000e-01,7.500000e-01,2,6
388,1.945000,5.164270e+02,5.186428e+02,3.220797e+02,3.059757e+02,0.000000e+00,4.214731e+04,4.003994e+04,2.478428e+04,1.675497e+02,4.149140e-01,9.500000e-01,7.500000e-01,1,6
389,1.950000,6.012177e+02,5.173140e+02,1.995075e+02,1.895321e+02,0.000000e+00,4.234681e+04,4.022947e+04,2.497381e+04,1.675497e+02,4.954827e-01,9.500000e-01,7.500000e-01,2,6
390,1.955000,5.237743e+02,5.846434e+02,2.693684e+02,2.559000e+02,0.000000e+00,4.261618e+04,4.048537e+04,2.522971e+04,1.675497e+02,4.098662e-01,9.500000e-01,7.500000e-01,1,5
391,1.960000,5.825178e+02,4.872555e+02,1.382201e+02,1.313091e+02,0.000000e+00,4.275440e+04,4.061668e+04,2.536102e+04,1.675497e+02,4.364793e-01,9.500000e-01,7.500000e-01,2,5
392,1.965000,5.294059e+02,4.640846e+02,1.847372e+02,1.755003e+02,0.000000e+00,4.293914e+04,4.079218e+04,2.553652e+04,1.675497e+02,4.259638e-01,9.500000e-01,7.500000e-01,1,4
393,1.970000,5.661283e+02,3.030986e+02,8.640562e+01,8.208533e+01,0.000000e+00,4.302554e+04,4.087427e+04,2.561861e+04,1.675497e+02,3.173906e-01,9.500000e-01,7.500000e-01,2,3
394,1.975000,5.120951e+02,2.780391e+02,1.292222e+02,1.227611e+02,0.000000e+00,4.315477e+04,4.099703e+04,2.574137e+04,1.675497e+02,3.595044e-01,9.500000e-01,7.500000e-01,1,3
395,1.980000,5.195243e+02,1.168586e+02,1.748052e+01,1.660650e+01,0.000000e+00,4.317225e+04,4.101363e+04,2.575797e+04,1.675497e+02,1.699572e-01,9.500000e-01,7.500000e-01,2,4
396,1.985000,4.979819e+02,1.052499e+02,5.833877e+01,5.542183e+01,0.000000e+00,4.323059e+04,4.106906e+04,2.581340e+04,1.675497e+02,1.936769e-01,9.500000e-01,7.500000e-01,1,3
397,1.990000,5.291758e+02,4.906172e+01,0.000000e+00,0.000000e+00,0.000000e+00,4.323059e+04,4.106906e+04,2.581340e+04,1.675497e+02,7.006094e-03,9.500000e-01,7.500000e-01,0,4
398,1.995000,5.530483e+02,3.551042e+01,0.000000e+00,0.000000e+00,0.000000e+00,4.323059e+04,4.106906e+04,2.581340e+04,1.675497e+02,0.000000e+00,9.500000e-01,7.500000e-01,0,3
399,2.000000,5.417108e+02,3.105949e+01,1.133751e+01,0.000000e+00,0.000000e+00,4.324192e+04,4.107983e+04,2.581340e+04,1.675497e+02,0.000000e+00,9.500000e-01,7.500000e-01,0,3
400,2.005000,5.308052e+02,2.908879e+01,1.090565e+01,0.000000e+00,0.000000e+00,4.325283e+04,4.109019e+04,2.581340e+04,1.675497e+02,0.000000e+00,9.500000e-01,7.500000e-01,0,3
401,2.010000,5.203314e+02,2.780604e+01,1.047379e+01,0.000000e+00,0.000000e+00,4.326330e+04,4.110014e+04,2.581340e+04,1.675497e+02,0.000000e+00,9.500000e-01,7.500000e-01,0,3
402,2.015000,5.102895e+02,2.653863e+01,1.004193e+01,0.000000e+00,0.000000e+00,4.327334e+04,4.110968e+04,2.581340e+04,1.675497e+02,0.000000e+00,9.500000e-01,7.500000e-01,0,3
403,2.020000,5.006794e+02,2.543253e+01,9.610069e+00,0.000000e+00,0.000000e+00,4.328295e+04,4.111881e+04,2.581340e+04,1.675497e+02,0.000000e+00,9.500000e-01,7.500000e-01,0,1
404,2.025000,4.915012e+02,2.543253e+01,9.178210e+00,0.000000e+00,0.000000e+00,4.329213e+04,4.112753e+04,2.581340e+04,1.675497e+02,0.000000e+00,9.500000e-01,7.500000e-01,0,0
405,2.030000,4.827548e+02,2.543253e+01,8.746350e+00,0.000000e+00,0.000000e+00,4.330088e+04,4.113584e+04,2.581340e+04,1.675497e+02,0.000000e+00,9.500000e-01,7.500000e-01,0,0
406,2.035000,4.744404e+02,2.543253e+01,8.314491e+00,0.000000e+00,0.000000e+00,4.330919e+04,4.114373e+04,2.581340e+04,1.675497e+02,0.000000e+00,9.500000e-01,7.500000e-01,0,0
407,2.040000,3.881605e+02,2.467894e+01,8.627983e+01,0.000000e+00,0.000000e+00,4.339547e+04,4.122570e+04,2.581340e+04,1.675497e+02,0.000000e+00,9.500000e-01,7.500000e-01,0,1
408,2.045000,3.799433e+02,2.396833e+01,8.217203e+00,0.000000e+00,0.000000e+00,4.340369e+04,4.123351e+04,2.581340e+04,1.675497e+02,0.000000e+00,9.500000e-01,7.500000e-01,0,1
409,2.050000,3.721580e+02,2.308854e+01,7.785343e+00,0.000000e+00,0.000000e+00,4.341148e+04,4.124090e+04,2.581340e+04,1.675497e+02,0.000000e+00,9.500000e-01,7.500000e-01,0,1
410,2.055000,3.648045e+02,2.232056e+01,7.353484e+00,0.000000e+00,0.000000e+00,4.341883e+04,4.124789e+04,2.581340e+04,1.675497e+02,0.000000e+00,9.500000e-01,7.500000e-01,0,1
411,2.060000,3.578829e+02,2.232056e+01,6.921624e+00,0.000000e+00,0.000000e+00,4.342575e+04,4.125446e+04,2.581340e+04,1.675497e+02,0.000000e+00,9.500000e-01,7.500000e-01,0,0
412,2.065000,3.513931e+02,2.232056e+01,6.489765e+00,0.000000e+00,0.000000e+00,4.343224e+04,4.126063e+04,2.581340e+04,1.675497e+02,0.000000e+00,9.500000e-01,7.500000e-01,0,0
413,2.070000,3.453352e+02,2.232056e+01,6.057905e+00,0.000000e+00,0.000000e+00,4.343830e+04,4.126638e+04,2.581340e+04,1.675497e+02,0.000000e+00,9.500000e-01,7.500000e-01,0,0
414,2.075000,3.397092e+02,2.232056e+01,5.626046e+00,0.000000e+00,0.000000e+00,4.344393e+04,4.127173e+04,2.581340e+04,1.675497e+02,0.000000e+00,9.500000e-01,7.500000e-01,0,0
415,2.080000,3.345150e+02,2.232056e+01,5.194186e+00,0.000000e+00,0.000000e+00,4.344912e+04,4.127666e+04,2.581340e+04,1.675497e+02,0.000000e+00,9.500000e-01,7.500000e-01,0,0
416,2.085000,3.297526e+02,2.232056e+01,4.762327e+00,0.000000e+00,0.000000e+00,4.345388e+04,4.128119e+04,2.581340e+04,1.675497e+02,0.000000e+00,9.500000e-01,7.500000e-01,0,0
417,2.090000,3.254222e+02,2.232056e+01,4.330467e+00,0.000000e+00,0.000000e+00,4.345821e+04,4.128530e+04,2.581340e+04,1.675497e+02,0.000000e+00,9.500000e-01,7.500000e-01,0,0
418,2.095000,2.591285e+02,2.180405e+01,6.629369e+01,0.000000e+00,0.000000e+00,4.352451e+04,4.134828e+04,2.581340e+04,1.675497e+02,0.000000e+00,9.500000e-01,7.500000e-01,0,1
419,2.100000,2.549247e+02,2.124312e+01,4.203819e+00,0.000000e+00,0.000000e+00,4.352871e+04,4.135227e+04,2.581340e+04,1.675497e+02,0.000000e+00,9.500000e-01,7.500000e-01,0,1
420,2.105000,2.511527e+02,2.054183e+01,3.771959e+00,0.000000e+00,0.000000e+00,4.353248e+04,4.135586e+04,2.581340e+04,1.675497e+02,0.000000e+00,9.500000e-01,7.500000e-01,0,1
421,2.110000,2.478126e+02,2.054183e+01,3.340100e+00,0.000000e+00,0.000000e+00,4.353582e+04,4.135903e+04,2.581340e+04,1.675497e+02,0.000000e+00,9.500000e-01,7.500000e-01,0,0
422,2.115000,2.449044e+02,2.054183e+01,2.908240e+00,0.000000e+00,0.000000e+00,4.353873e+04,4.136179e+04,2.581340e+04,1.675497e+02,0.000000e+00,9.500000e-01,7.500000e-01,0,0
423,2.120000,2.424280e+02,2.054183e+01,2.476381e+00,0.000000e+00,0.000000e+00,4.354121e+04,4.136415e+04,2.581340e+04,1.675497e+02,0.000000e+00,9.500000e-01,7.500000e-01,0,0
424,2.125000,2.403835e+02,2.054183e+01,2.044521e+00,0.000000e+00,0.000000e+00,4.354325e+04,4.136609e+04,2.581340e+04,1.675497e+02,0.000000e+00,9.500000e-01,7.500000e-01,0,0
425,2.130000,2.387708e+02,2.054183e+01,1.612662e+00,0.000000e+00,0.000000e+00,4.354486e+04,4.136762e+04,2.581340e+04,1.675497e+02,0.000000e+00,9.500000e-01,7.500000e-01,0,0
426,2.135000,2.375900e+02,2.054183e+01,1.180802e+00,0.000000e+00,0.000000e+00,4.354604e+04,4.136874e+04,2.581340e+04,1.675497e+02,0.000000e+00,9.500000e-01,7.500000e-01,0,0
427,2.140000,2.368411e+02,2.054183e+01,7.489426e-01,0.000000e+00,0.000000e+00,4.354679e+04,4.136945e+04,2.581340e+04,1.675497e+02,0.000000e+00,9.500000e-01,7.500000e-01,0,0
428,2.145000,2.365240e+02,2.054183e+01,3.170831e-01,0.000000e+00,0.000000e+00,4.354711e+04,4.136975e+04,2.581340e+04,1.675497e+02,0.000000e+00,9.500000e-01,7.500000e-01,0,0
429,2.150000,2.366387e+02,2.054183e+01,0.000000e+00,0.000000e+00,0.000000e+00,4.354711e+04,4.136975e+04,2.581340e+04,1.675497e+02,0.000000e+00,9.500000e-01,7.500000e-01,0,0
430,2.155000,2.371854e+02,2.054183e+01,0.000000e+00,0.000000e+00,0.000000e+00,4.354711e+04,4.136975e+04,2.581340e+04,1.675497e+02,0.000000e+00,9.500000e-01,7.500000e-01,0,0
431,2.160000,2.381639e+02,2.054183e+01,0.000000e+00,0.000000e+00,0.000000e+00,4.354711e+04,4.136975e+04,2.581340e+04,1.675497e+02,0.000000e+00,9.500000e-01,7.500000e-01,0,0
432,2.165000,2.395742e+02,2.054183e+01,0.000000e+00,0.000000e+00,0.000000e+00,4.354711e+04,4.136975e+04,2.581340e+04,1.675497e+02,0.000000e+00,9.500000e-01,7.500000e-01,0,0
433,2.170000,2.414165e+02,2.054183e+01,0.000000e+00,0.000000e+00,0.000000e+00,4.354711e+04,4.136975e+04,2.581340e+04,1.675497e+02,0.000000e+00,9.500000e-01,7.500000e-01,0,0
434,2.175000,2.436905e+02,2.054183e+01,0.000000e+00,0.000000e+00,0.000000e+00,4.354711e+04,4.136975e+04,2.581340e+04,1.675497e+02,0.000000e+00,9.500000e-01,7.500000e-01,0,0
435,2.180000,2.463965e+02,2.054183e+01,0.000000e+00,0.000000e+00,0.000000e+00,4.354711e+04,4.136975e+04,2.581340e+04,1.675497e+02,0.000000e+00,9.500000e-01,7.500000e-01,0,0
436,2.185000,2.495343e+02,2.054183e+01,0.000000e+00,0.000000e+00,0.000000e+00,4.354711e+04,4.136975e+04,2.581340e+04,1.675497e+02,0.000000e+00,9.500000e-01,7.500000e-01,0,0
437,2.190000,2.531039e+02,2.054183e+01,0.000000e+00,0.000000e+00,0.000000e+00,4.354711e+04,4.136975e+04,2.581340e+04,1.675497e+02,0.000000e+00,9.500000e-01,7.500000e-01,0,0
438,2.195000,2.571054e+02,2.054183e+01,0.000000e+00,0.000000e+00,0.000000e+00,4.354711e+04,4.136975e+04,2.581340e+04,1.675497e+02,0.000000e+00,9.500000e-01,7.500000e-01,0,0
439,2.200000,2.311427e+02,4.464512e+01,2.596271e+01,2.466457e+01,0.000000e+00,4.357307e+04,4.139442e+04,2.583806e+04,1.675497e+02,9.944229e-01,9.500000e-01,7.500000e-01,0,1
440,2.205000,2.257448e+02,2.562567e+01,5.397874e+00,0.000000e+00,0.000000e+00,4.357847e+04,4.139955e+04,2.583806e+04,1.675497e+02,0.000000e+00,9.500000e-01,7.500000e-01,0,1
441,2.210000,2.255183e+02,2.126075e+01,2.265739e-01,0.000000e+00,0.000000e+00,4.357870e+04,4.139976e+04,2.583806e+04,1.675497e+02,0.000000e+00,9.500000e-01,7.500000e-01,0,1
442,2.215000,2.266716e+02,1.944904e+01,0.000000e+00,0.000000e+00,0.000000e+00,4.357870e+04,4.139976e+04,2.583806e+04,1.675497e+02,0.000000e+00,9.500000e-01,7.500000e-01,0,1
443,2.220000,2.281321e+02,1.849266e+01,0.000000e+00,0.000000e+00,0.000000e+00,4.357870e+04,4.139976e+04,2.583806e+04,1.675497e+02,0.000000e+00,9.500000e-01,7.500000e-01,0,1
444,2.225000,2.297098e+02,1.783739e+01,0.000000e+00,0.000000e+00,0.000000e+00,4.357870e+04,4.139976e+04,2.583806e+04,1.675497e+02,0.000000e+00,9.500000e-01,7.500000e-01,0,1
445,2.230000,2.314409e+02,1.714338e+01,0.000000e+00,0.000000e+00,0.000000e+00,4.357870e+04,4.139976e+04,2.583806e+04,1.675497e+02,0.000000e+00,9.500000e-01,7.500000e-01,0,1
446,2.235000,2.333842e+02,1.649741e+01,0.000000e+00,0.000000e+00,0.000000e+00,4.357870e+04,4.139976e+04,2.583806e+04,1.675497e+02,0.000000e+00,9.500000e-01,7.500000e-01,0,1
447,2.240000,2.355754e+02,1.606471e+01,0.000000e+00,0.000000e+00,0.000000e+00,4.357870e+04,4.139976e+04,2.583806e+04,1.675497e+02,0.000000e+00,9.500000e-01,7.500000e-01,0,1
448,2.245000,2.380289e+02,1.569042e+01,0.000000e+00,0.000000e+00,0.000000e+00,4.357870e+04,4.139976e+04,2.583806e+04,1.675497e+02,0.000000e+00,9.500000e-01,7.500000e-01,0,1
449,2.250000,2.407468e+02,1.519244e+01,0.000000e+00,0.000000e+00,0.000000e+00,4.357870e+04,4.139976e+04,2.583806e+04,1.675497e+02,0.000000e+00,9.500000e-01,7.500000e-01,0,1
450,2.255000,2.437267e+02,1.472982e+01,0.000000e+00,0.000000e+00,0.000000e+00,4.357870e+04,4.139976e+04,2.583806e+04,1.675497e+02,0.000000e+00,9.500000e-01,7.500000e-01,0,1
451,2.260000,2.469654e+02,1.443596e+01,0.000000e+00,0.000000e+00,0.000000e+00,4.357870e+04,4.139976e+04,2.583806e+04,1.675497e+02,0.000000e+00,9.500000e-01,7.500000e-01,0,1
452,2.265000,2.504604e+02,1.412889e+01,0.000000e+00,0.000000e+00,0.000000e+00,4.357870e+04,4.139976e+04,2.583806e+04,1.675497e+02,0.000000e+00,9.500000e-01,7.500000e-01,0,1
453,2.270000,2.542109e+02,1.370814e+01,0.000000e+00,0.000000e+00,0.000000e+00,4.357870e+04,4.139976e+04,2.583806e+04,1.675497e+02,0.000000e+00,9.500000e-01,7.500000e-01,0,1
454,2.275000,2.582173e+02,1.335440e+01,0.000000e+00,0.000000e+00,0.000000e+00,4.357870e+04,4.139976e+04,2.583806e+04,1.675497e+02,0.000000e+00,9.500000e-01,7.500000e-01,0,1
455,2.280000,2.624807e+02,1.312740e+01,0.000000e+00,0.000000e+00,0.000000e+00,4.357870e+04,4.139976e+04,2.583806e+04,1.675497e+02,0.000000e+00,9.500000e-01,7.500000e-01,0,1
456,2.285000,2.670036e+02,1.284259e+01,0.000000e+00,0.000000e+00,0.000000e+00,4.357870e+04,4.139976e+04,2.583806e+04,1.675497e+02,0.000000e+00,9.500000e-01,7.500000e-01,0,1
457,2.290000,2.637736e+02,1.247346e+01,1.123459e+01,0.000000e+00,0.000000e+00,4.358993e+04,4.141044e+04,2.583806e+04,1.675497e+02,0.000000e+00,9.500000e-01,7.500000e-01,1,2
458,2.295000,2.610933e+02,1.219790e+01,2.680291e+00,0.000000e+00,0.000000e+00,4.359261e+04,4.141298e+04,2.583806e+04,1.675497e+02,0.000000e+00,9.500000e-01,7.500000e-01,0,2
459,2.300000,2.658597e+02,1.952203e+01,2.079973e+01,7.515925e+00,0.000000e+00,4.361341e+04,4.143274e+04,2.584558e+04,1.675497e+02,1.000000e+00,9.500000e-01,7.500000e-01,2,3
460,2.305000,2.677660e+02,1.704408e+01,2.197231e+01,0.000000e+00,0.000000e+00,4.363538e+04,4.145362e+04,2.584558e+04,1.675497e+02,0.000000e+00,9.500000e-01,7.500000e-01,2,4
461,2.310000,2.646881e+02,1.708193e+01,2.549157e+01,1.162864e+00,0.000000e+00,4.366088e+04,4.147783e+04,2.584674e+04,1.675497e+02,1.000000e+00,9.500000e-01,7.500000e-01,2,6
462,2.315000,2.698232e+02,1.494590e+01,1.208242e+01,3.445743e-03,0.000000e+00,4.367296e+04,4.148931e+04,2.584674e+04,1.675497e+02,1.000000e+00,9.500000e-01,7.500000e-01,2,5
463,2.320000,2.735038e+02,1.250374e+01,8.660319e+00,0.000000e+00,1.620883e+00,4.368162e+04,4.149754e+04,2.584674e+04,1.691706e+02,1.000000e+00,9.500000e-01,7.500000e-01,2,6
464,2.325000,2.673503e+02,1.103018e+01,2.175516e+01,0.000000e+00,0.000000e+00,4.370337e+04,4.151821e+04,2.584674e+04,1.691706e+02,0.000000e+00,9.500000e-01,7.500000e-01,2,8
465,2.330000,2.753452e+02,1.424093e+01,7.028508e+00,3.839813e+00,0.000000e+00,4.371040e+04,4.152488e+04,2.585058e+04,1.691706e+02,1.000000e+00,9.500000e-01,7.500000e-01,3,8
466,2.335000,2.793553e+02,1.092328e+01,3.525369e+00,0.000000e+00,1.496129e+00,4.371393e+04,4.152823e+04,2.585058e+04,1.706667e+02,1.000000e+00,9.500000e-01,7.500000e-01,3,7
467,2.340000,2.802964e+02,1.029689e+01,0.000000e+00,0.000000e+00,0.000000e+00,4.371393e+04,4.152823e+04,2.585058e+04,1.706667e+02,0.000000e+00,9.500000e-01,7.500000e-01,0,8
468,2.345000,2.977306e+02,9.830603e+00,0.000000e+00,0.000000e+00,0.000000e+00,4.371393e+04,4.152823e+04,2.585058e+04,1.706667e+02,0.000000e+00,9.500000e-01,7.500000e-01,0,8
469,2.350000,3.056033e+02,9.471760e+00,0.000000e+00,0.000000e+00,0.000000e+00,4.371393e+04,4.152823e+04,2.585058e+04,1.706667e+02,0.000000e+00,9.500000e-01,7.500000e-01,0,8
470,2.355000,3.095253e+02,9.245014e+00,0.000000e+00,0.000000e+00,0.000000e+00,4.371393e+04,4.152823e+04,2.585058e+04,1.706667e+02,0.000000e+00,9.500000e-01,7.500000e-01,0,7
471,2.360000,3.079239e+02,4.889726e+01,4.198309e+01,3.988394e+01,0.000000e+00,4.375591e+04,4.156812e+04,2.589047e+04,1.706667e+02,6.189326e-01,9.500000e-01,7.500000e-01,2,4
472,2.365000,2.592767e+02,2.692112e+01,7.831875e+01,0.000000e+00,0.000000e+00,4.383423e+04,4.164252e+04,2.589047e+04,1.706667e+02,0.000000e+00,9.500000e-01,7.500000e-01,2,6
473,2.370000,3.143993e+02,7.699507e+01,6.022532e+01,5.721405e+01,0.000000e+00,4.389445e+04,4.169973e+04,2.594768e+04,1.706667e+02,9.219199e-01,9.500000e-01,7.500000e-01,3,7
474,2.375000,3.141944e+02,1.106393e+02,1.120262e+02,5.937358e+01,0.000000e+00,4.400648e+04,4.180616e+04,2.600705e+04,1.706667e+02,1.000000e+00,9.500000e-01,7.500000e-01,2,7
475,2.380000,3.562449e+02,1.466562e+02,1.040274e+02,7.210871e+01,0.000000e+00,4.411051e+04,4.190498e+04,2.607916e+04,1.706667e+02,1.000000e+00,9.500000e-01,7.500000e-01,2,5
476,2.385000,3.322995e+02,9.738527e+01,1.386905e+02,0.000000e+00,0.000000e+00,4.424920e+04,4.203674e+04,2.607916e+04,1.706667e+02,0.000000e+00,9.500000e-01,7.500000e-01,2,7
477,2.390000,3.056323e+02,1.425115e+02,1.129964e+02,6.601478e+01,0.000000e+00,4.436220e+04,4.214409e+04,2.614518e+04,1.706667e+02,1.000000e+00,9.500000e-01,7.500000e-01,2,6
478,2.395000,2.930452e+02,5.755280e+01,6.427352e+01,0.000000e+00,0.000000e+00,4.442647e+04,4.220515e+04,2.614518e+04,1.706667e+02,0.000000e+00,9.500000e-01,7.500000e-01,2,7
479,2.400000,2.768701e+02,7.533037e+01,4.302398e+01,4.087278e+01,0.000000e+00,4.446949e+04,4.224602e+04,2.618605e+04,1.706667e+02,5.878868e-01,9.500000e-01,7.500000e-01,1,7
480,2.405000,2.650745e+02,3.579851e+01,1.179559e+01,0.000000e+00,0.000000e+00,4.448129e+04,4.225722e+04,2.618605e+04,1.706667e+02,0.000000e+00,9.500000e-01,7.500000e-01,0,6
481,2.410000,3.581741e+02,2.372637e+01,0.000000e+00,0.000000e+00,0.000000e+00,4.448129e+04,4.225722e+04,2.618605e+04,1.706667e+02,0.000000e+00,9.500000e-01,7.500000e-01,0,6
482,2.415000,3.938288e+02,1.860866e+01,0.000000e+00,0.000000e+00,0.000000e+00,4.448129e+04,4.225722e+04,2.618605e+04,1.706667e+02,0.000000e+00,9.500000e-01,7.500000e-01,0,3
483,2.420000,3.855137e+02,1.554450e+01,8.315050e+00,0.000000e+00,0.000000e+00,4.448960e+04,4.226512e+04,2.618605e+04,1.706667e+02,0.000000e+00,9.500000e-01,7.500000e-01,0,2
484,2.425000,3.776306e+02,1.310998e+01,7.883191e+00,0.000000e+00,0.000000e+00,4.449749e+04,4.227261e+04,2.618605e+04,1.706667e+02,0.000000e+00,9.500000e-01,7.500000e-01,0,2
485,2.430000,3.701792e+02,1.113380e+01,7.451331e+00,0.000000e+00,0.000000e+00,4.450494e+04,4.227969e+04,2.618605e+04,1.706667e+02,0.000000e+00,9.500000e-01,7.500000e-01,0,2
486,2.435000,3.631598e+02,9.648909e+00,7.019472e+00,0.000000e+00,0.000000e+00,4.451196e+04,4.228636e+04,2.618605e+04,1.706667e+02,0.000000e+00,9.500000e-01,7.500000e-01,0,1
487,2.440000,3.565721e+02,8.456702e+00,6.587612e+00,0.000000e+00,0.000000e+00,4.451855e+04,4.229262e+04,2.618605e+04,1.706667e+02,0.000000e+00,9.500000e-01,7.500000e-01,0,1
488,2.445000,3.504164e+02,8.456702e+00,6.155753e+00,0.000000e+00,0.000000e+00,4.452470e+04,4.229847e+04,2.618605e+04,1.706667e+02,0.000000e+00,9.500000e-01,7.500000e-01,0,0
489,2.450000,3.446925e+02,8.456702e+00,5.723893e+00,0.000000e+00,0.000000e+00,4.453042e+04,4.230390e+04,2.618605e+04,1.706667e+02,0.000000e+00,9.500000e-01,7.500000e-01,0,0
490,2.455000,3.394005e+02,8.456702e+00,5.292034e+00,0.000000e+00,0.000000e+00,4.453572e+04,4.230893e+04,2.618605e+04,1.706667e+02,0.000000e+00,9.500000e-01,7.500000e-01,0,0
491,2.460000,3.345403e+02,8.456702e+00,4.860174e+00,0.000000e+00,0.000000e+00,4.454058e+04,4.231355e+04,2.618605e+04,1.706667e+02,0.000000e+00,9.500000e-01,7.500000e-01,0,0
492,2.465000,3.301120e+02,8.456702e+00,4.428315e+00,0.000000e+00,0.000000e+00,4.454501e+04,4.231775e+04,2.618605e+04,1.706667e+02,0.000000e+00,9.500000e-01,7.500000e-01,0,0
493,2.470000,3.261155e+02,8.456702e+00,3.996455e+00,0.000000e+00,0.000000e+00,4.454900e+04,4.232155e+04,2.618605e+04,1.706667e+02,0.000000e+00,9.500000e-01,7.500000e-01,0,0
494,2.475000,3.225509e+02,8.456702e+00,3.564596e+00,0.000000e+00,0.000000e+00,4.455257e+04,4.232494e+04,2.618605e+04,1.706667e+02,0.000000e+00,9.500000e-01,7.500000e-01,0,0
495,2.480000,3.194182e+02,8.456702e+00,3.132736e+00,0.000000e+00,0.000000e+00,4.455570e+04,4.232791e+04,2.618605e+04,1.706667e+02,0.000000e+00,9.500000e-01,7.500000e-01,0,0
496,2.485000,3.167173e+02,8.456702e+00,2.700877e+00,0.000000e+00,0.000000e+00,4.455840e+04,4.233048e+04,2.618605e+04,1.706667e+02,0.000000e+00,9.500000e-01,7.500000e-01,0,0
497,2.490000,3.144483e+02,8.456702e+00,2.269017e+00,0.000000e+00,0.000000e+00,4.456067e+04,4.233264e+04,2.618605e+04,1.706667e+02,0.000000e+00,9.500000e-01,7.500000e-01,0,0
498,2.495000,3.126111e+02,8.456702e+00,1.837158e+00,0.000000e+00,0.000000e+00,4.456251e+04,4.233438e+04,2.618605e+04,1.706667e+02,0.000000e+00,9.500000e-01,7.500000e-01,0,0
499,2.500000,2.726679e+02,4.532721e+01,3.994320e+01,3.794604e+01,0.000000e+00,4.460245e+04,4.237233e+04,2.622400e+04,1.706667e+02,5.910436e-01,9.500000e-01,7.500000e-01,0,1
500,2.505000,2.702464e+02,2.622574e+01,2.421507e+00,0.000000e+00,0.000000e+00,4.460487e+04,4.237463e+04,2.622400e+04,1.706667e+02,0.000000e+00,9.500000e-01,7.500000e-01,0,1
501,2.510000,2.677220e+02,1.927935e+01,2.524411e+00,0.000000e+00,0.000000e+00,4.460740e+04,4.237703e+04,2.622400e+04,1.706667e+02,0.000000e+00,9.500000e-01,7.500000e-01,0,1
502,2.515000,2.656295e+02,1.573602e+01,2.092551e+00,0.000000e+00,0.000000e+00,4.460949e+04,4.237901e+04,2.622400e+04,1.706667e+02,0.000000e+00,9.500000e-01,7.500000e-01,0,1
503,2.520000,2.639688e+02,1.343472e+01,1.660692e+00,0.000000e+00,0.000000e+00,4.461115e+04,4.238059e+04,2.622400e+04,1.706667e+02,0.000000e+00,9.500000e-01,7.500000e-01,0,1
504,2.525000,2.627399e+02,1.343472e+01,1.228832e+00,0.000000e+00,0.000000e+00,4.461238e+04,4.238176e+04,2.622400e+04,1.706667e+02,0.000000e+00,9.500000e-01,7.500000e-01,0,0
505,2.530000,2.619430e+02,1.343472e+01,7.969729e-01,0.000000e+00,0.000000e+00,4.461317e+04,4.238252e+04,2.622400e+04,1.706667e+02,0.000000e+00,9.500000e-01,7.500000e-01,0,0
506,2.535000,2.519569e+02,2.123979e+01,9.986046e+00,9.486744e+00,0.000000e+00,4.462316e+04,4.239200e+04,2.623348e+04,1.706667e+02,4.948722e-01,9.500000e-01,7.500000e-01,0,2
507,2.540000,2.504342e+02,1.726614e+01,1.522730e+00,0.000000e+00,0.000000e+00,4.462468e+04,4.239345e+04,2.623348e+04,1.706667e+02,0.000000e+00,9.500000e-01,7.500000e-01,0,2
508,2.545000,2.492990e+02,1.527724e+01,1.135142e+00,0.000000e+00,0.000000e+00,4.462582e+04,4.239453e+04,2.623348e+04,1.706667e+02,0.000000e+00,9.500000e-01,7.500000e-01,0,2
509,2.550000,2.484867e+02,1.385117e+01,8.123171e-01,0.000000e+00,0.000000e+00,4.462663e+04,4.239530e+04,2.623348e+04,1.706667e+02,0.000000e+00,9.500000e-01,7.500000e-01,0,2
510,2.555000,2.480274e+02,1.275501e+01,4.592892e-01,0.000000e+00,0.000000e+00,4.462709e+04,4.239574e+04,2.623348e+04,1.706667e+02,0.000000e+00,9.500000e-01,7.500000e-01,0,2
511,2.560000,2.479219e+02,1.182355e+01,1.055634e-01,0.000000e+00,0.000000e+00,4.462720e+04,4.239584e+04,2.623348e+04,1.706667e+02,0.000000e+00,9.500000e-01,7.500000e-01,0,2
512,2.565000,2.481642e+02,1.098201e+01,0.000000e+00,0.000000e+00,0.000000e+00,4.462720e+04,4.239584e+04,2.623348e+04,1.706667e+02,0.000000e+00,9.500000e-01,7.500000e-01,0,2
513,2.570000,2.487490e+02,1.031775e+01,0.000000e+00,0.000000e+00,0.000000e+00,4.462720e+04,4.239584e+04,2.623348e+04,1.706667e+02,0.000000e+00,9.500000e-01,7.500000e-01,0,2
514,2.575000,2.260699e+02,5.152267e+01,4.394645e+01,4.174913e+01,0.000000e+00,4.467114e+04,4.243758e+04,2.627523e+04,1.706667e+02,9.675591e-01,9.500000e-01,7.500000e-01,1,4
515,2.580000,2.048192e+02,2.835639e+01,2.125069e+01,0.000000e+00,0.000000e+00,4.469239e+04,4.245777e+04,2.627523e+04,1.706667e+02,0.000000e+00,9.500000e-01,7.500000e-01,0,4
516,2.585000,2.056824e+02,2.153725e+01,0.000000e+00,0.000000e+00,0.000000e+00,4.469239e+04,4.245777e+04,2.627523e+04,1.706667e+02,0.000000e+00,9.500000e-01,7.500000e-01,0,3
517,2.590000,2.065092e+02,1.858117e+01,0.000000e+00,0.000000e+00,0.000000e+00,4.469239e+04,4.245777e+04,2.627523e+04,1.706667e+02,0.000000e+00,9.500000e-01,7.500000e-01,0,3
518,2.595000,2.071704e+02,1.667774e+01,0.000000e+00,0.000000e+00,0.000000e+00,4.469239e+04,4.245777e+04,2.627523e+04,1.706667e+02,0.000000e+00,9.500000e-01,7.500000e-01,0,3
519,2.600000,2.080510e+02,1.525551e+01,0.000000e+00,0.000000e+00,0.000000e+00,4.469239e+04,4.245777e+04,2.627523e+04,1.706667e+02,0.000000e+00,9.500000e-01,7.500000e-01,0,3
520,2.605000,2.092912e+02,1.417635e+01,0.000000e+00,0.000000e+00,0.000000e+00,4.469239e+04,4.245777e+04,2.627523e+04,1.706667e+02,0.000000e+00,9.500000e-01,7.500000e-01,0,3
521,2.610000,2.108956e+02,1.338198e+01,0.000000e+00,0.000000e+00,0.000000e+00,4.469239e+04,4.245777e+04,2.627523e+04,1.706667e+02,0.000000e+00,9.500000e-01,7.500000e-01,0,3
522,2.615000,2.128770e+02,1.269526e+01,0.000000e+00,0.000000e+00,0.000000e+00,4.469239e+04,4.245777e+04,2.627523e+04,1.706667e+02,0.000000e+00,9.500000e-01,7.500000e-01,0,3
523,2.620000,2.152245e+02,1.203919e+01,0.000000e+00,0.000000e+00,0.000000e+00,4.469239e+04,4.245777e+04,2.627523e+04,1.706667e+02,0.000000e+00,9.500000e-01,7.500000e-01,0,3
524,2.625000,2.179284e+02,1.148676e+01,0.000000e+00,0.000000e+00,0.000000e+00,4.469239e+04,4.245777e+04,2.627523e+04,1.706667e+02,0.000000e+00,9.500000e-01,7.500000e-01,0,3
525,2.630000,2.209827e+02,1.103861e+01,0.000000e+00,0.000000e+00,0.000000e+00,4.469239e+04,4.245777e+04,2.627523e+04,1.706667e+02,0.000000e+00,9.500000e-01,7.500000e-01,0,3
526,2.635000,2.243851e+02,1.060894e+01,0.000000e+00,0.000000e+00,0.000000e+00,4.469239e+04,4.245777e+04,2.627523e+04,1.706667e+02,0.000000e+00,9.500000e-01,7.500000e-01,0,3
527,2.640000,2.281354e+02,1.017202e+01,0.000000e+00,0.000000e+00,0.000000e+00,4.469239e+04,4.245777e+04,2.627523e+04,1.706667e+02,0.000000e+00,9.500000e-01,7.500000e-01,0,3
528,2.645000,2.315747e+02,9.797439e+00,0.000000e+00,0.000000e+00,0.000000e+00,4.469239e+04,4.245777e+04,2.627523e+04,1.706667e+02,0.000000e+00,9.500000e-01,7.500000e-01,0,4
529,2.650000,2.356965e+02,9.494421e+00,0.000000e+00,0.000000e+00,0.000000e+00,4.469239e+04,4.245777e+04,2.627523e+04,1.706667e+02,0.000000e+00,9.500000e-01,7.500000e-01,0,4
530,2.655000,2.401820e+02,9.178118e+00,0.000000e+00,0.000000e+00,0.000000e+00,4.469239e+04,4.245777e+04,2.627523e+04,1.706667e+02,0.000000e+00,9.500000e-01,7.500000e-01,0,3
531,2.660000,2.450150e+02,8.841935e+00,0.000000e+00,0.000000e+00,0.000000e+00,4.469239e+04,4.245777e+04,2.627523e+04,1.706667e+02,0.000000e+00,9.500000e-01,7.500000e-01,0,3
532,2.665000,2.502006e+02,8.571556e+00,0.000000e+00,0.000000e+00,0.000000e+00,4.469239e+04,4.245777e+04,2.627523e+04,1.706667e+02,0.000000e+00,9.500000e-01,7.500000e-01,0,3
533,2.670000,2.557429e+02,8.354044e+00,0.000000e+00,0.000000e+00,0.000000e+00,4.469239e+04,4.245777e+04,2.627523e+04,1.706667e+02,0.000000e+00,9.500000e-01,7.500000e-01,0,3
534,2.675000,2.559014e+02,8.095254e+00,1.157630e+01,0.000000e+00,0.000000e+00,4.470397e+04,4.246877e+04,2.627523e+04,1.706667e+02,0.000000e+00,9.500000e-01,7.500000e-01,2,7
535,2.680000,2.621561e+02,7.823162e+00,1.090663e+01,0.000000e+00,0.000000e+00,4.471488e+04,4.247913e+04,2.627523e+04,1.706667e+02,0.000000e+00,9.500000e-01,7.500000e-01,3,8
536,2.685000,2.694272e+02,1.014908e+01,1.318203e+01,2.521801e+00,0.000000e+00,4.472806e+04,4.249165e+04,2.627775e+04,1.706667e+02,1.000000e+00,9.500000e-01,7.500000e-01,3,9
537,2.690000,2.603375e+02,9.691540e+00,2.145606e+01,6.012417e-01,0.000000e+00,4.474951e+04,4.251204e+04,2.627835e+04,1.706667e+02,1.000000e+00,9.500000e-01,7.500000e-01,2,9
538,2.695000,2.587427e+02,8.244251e+00,1.594835e+00,0.000000e+00,0.000000e+00,4.475111e+04,4.251355e+04,2.627835e+04,1.706667e+02,0.000000e+00,9.500000e-01,7.500000e-01,0,9
539,2.700000,2.668568e+02,7.626615e+00,0.000000e+00,0.000000e+00,0.000000e+00,4.475111e+04,4.251355e+04,2.627835e+04,1.706667e+02,0.000000e+00,9.500000e-01,7.500000e-01,0,8
540,2.705000,2.724324e+02,7.298614e+00,0.000000e+00,0.000000e+00,0.000000e+00,4.475111e+04,4.251355e+04,2.627835e+04,1.706667e+02,0.000000e+00,9.500000e-01,7.500000e-01,0,5
541,2.710000,2.784399e+02,7.036743e+00,0.000000e+00,0.000000e+00,0.000000e+00,4.475111e+04,4.251355e+04,2.627835e+04,1.706667e+02,0.000000e+00,9.500000e-01,7.500000e-01,0,5
542,2.715000,2.848792e+02,6.757750e+00,0.000000e+00,0.000000e+00,0.000000e+00,4.475111e+04,4.251355e+04,2.627835e+04,1.706667e+02,0.000000e+00,9.500000e-01,7.500000e-01,0,4
543,2.720000,2.917504e+02,6.539434e+00,0.000000e+00,0.000000e+00,0.000000e+00,4.475111e+04,4.251355e+04,2.627835e+04,1.706667e+02,0.000000e+00,9.500000e-01,7.500000e-01,0,2
544,2.725000,2.990534e+02,6.395317e+00,0.000000e+00,0.000000e+00,0.000000e+00,4.475111e+04,4.251355e+04,2.627835e+04,1.706667e+02,0.000000e+00,9.500000e-01,7.500000e-01,0,2
545,2.730000,3.067883e+02,6.220547e+00,0.000000e+00,0.000000e+00,0.000000e+00,4.475111e+04,4.251355e+04,2.627835e+04,1.706667e+02,0.000000e+00,9.500000e-01,7.500000e-01,0,1
546,2.735000,3.123644e+02,6.015157e+00,0.000000e+00,0.000000e+00,0.000000e+00,4.475111e+04,4.251355e+04,2.627835e+04,1.706667e+02,4.825019e-01,9.500000e-01,7.500000e-01,0,1
547,2.740000,3.206801e+02,5.627370e+00,0.000000e+00,0.000000e+00,0.000000e+00,4.475111e+04,4.251355e+04,2.627835e+04,1.706667e+02,0.000000e+00,9.500000e-01,7.500000e-01,0,1
548,2.745000,2.370461e+02,5.456126e+00,8.760227e+01,0.000000e+00,0.000000e+00,4.483871e+04,4.259678e+04,2.627835e+04,1.706667e+02,0.000000e+00,9.500000e-01,7.500000e-01,1,2
549,2.750000,2.187596e+02,5.291057e+00,1.828647e+01,0.000000e+00,0.000000e+00,4.485700e+04,4.261415e+04,2.627835e+04,1.706667e+02,0.000000e+00,9.500000e-01,7.500000e-01,0,2
550,2.755000,2.206884e+02,5.124397e+00,0.000000e+00,0.000000e+00,0.000000e+00,4.485700e+04,4.261415e+04,2.627835e+04,1.706667e+02,0.000000e+00,9.500000e-01,7.500000e-01,0,2
551,2.760000,2.244302e+02,5.015913e+00,0.000000e+00,0.000000e+00,0.000000e+00,4.485700e+04,4.261415e+04,2.627835e+04,1.706667e+02,0.000000e+00,9.500000e-01,7.500000e-01,0,2
552,2.765000,2.272231e+02,4.926162e+00,0.000000e+00,0.000000e+00,0.000000e+00,4.485700e+04,4.261415e+04,2.627835e+04,1.706667e+02,0.000000e+00,9.500000e-01,7.500000e-01,0,2
553,2.770000,2.292220e+02,4.796200e+00,0.000000e+00,0.000000e+00,0.000000e+00,4.485700e+04,4.261415e+04,2.627835e+04,1.706667e+02,0.000000e+00,9.500000e-01,7.500000e-01,0,2
554,2.775000,2.310407e+02,4.667347e+00,0.000000e+00,0.000000e+00,0.000000e+00,4.485700e+04,4.261415e+04,2.627835e+04,1.706667e+02,0.000000e+00,9.500000e-01,7.500000e-01,0,2
555,2.780000,2.330814e+02,4.586309e+00,0.000000e+00,0.000000e+00,0.000000e+00,4.485700e+04,4.261415e+04,2.627835e+04,1.706667e+02,0.000000e+00,9.500000e-01,7.500000e-01,0,2
556,2.785000,2.355177e+02,4.504160e+00,0.000000e+00,0.000000e+00,0.000000e+00,4.485700e+04,4.261415e+04,2.627835e+04,1.706667e+02,0.000000e+00,9.500000e-01,7.500000e-01,0,2
557,2.790000,2.368332e+02,4.383252e+00,0.000000e+00,0.000000e+00,0.000000e+00,4.485700e+04,4.261415e+04,2.627835e+04,1.706667e+02,1.557699e-01,9.500000e-01,7.500000e-01,0,3
558,2.795000,2.569402e+02,2.735556e+01,2.429865e+01,2.308372e+01,0.000000e+00,4.488130e+04,4.263723e+04,2.630144e+04,1.706667e+02,7.708384e-01,9.500000e-01,7.500000e-01,3,4
559,2.800000,2.579391e+02,2.240382e+01,4.082110e+01,2.667969e+00,0.000000e+00,4.492212e+04,4.267601e+04,2.630411e+04,1.706667e+02,1.000000e+00,9.500000e-01,7.500000e-01,3,5
560,2.805000,2.898156e+02,5.497630e+01,4.166270e+01,3.638965e+01,0.000000e+00,4.496378e+04,4.271559e+04,2.634050e+04,1.706667e+02,1.000000e+00,9.500000e-01,7.500000e-01,3,7
561,2.810000,2.800221e+02,3.634862e+01,6.696117e+01,3.664548e+00,0.000000e+00,4.503074e+04,4.277920e+04,2.634416e+04,1.706667e+02,1.000000e+00,9.500000e-01,7.500000e-01,3,7
562,2.815000,3.095106e+02,6.182688e+01,4.695610e+01,3.641902e+01,0.000000e+00,4.507770e+04,4.282381e+04,2.638058e+04,1.706667e+02,1.000000e+00,9.500000e-01,7.500000e-01,3,8
563,2.820000,3.901896e+02,1.013557e+02,7.092660e+01,6.738027e+01,0.000000e+00,4.514862e+04,4.289119e+04,2.644796e+04,1.706667e+02,7.359977e-01,9.500000e-01,7.500000e-01,3,9
564,2.825000,4.096726e+02,2.012439e+02,1.309770e+02,1.244281e+02,0.000000e+00,4.527960e+04,4.301562e+04,2.657239e+04,1.706667e+02,9.546649e-01,9.500000e-01,7.500000e-01,2,9
565,2.830000,4.529821e+02,1.337184e+02,1.435888e+02,3.341175e+01,0.000000e+00,4.542319e+04,4.315203e+04,2.660580e+04,1.706667e+02,1.000000e+00,9.500000e-01,7.500000e-01,3,8
566,2.835000,5.095880e+02,2.466258e+02,1.721684e+02,1.635600e+02,0.000000e+00,4.559536e+04,4.331559e+04,2.676936e+04,1.706667e+02,6.187979e-01,9.500000e-01,7.500000e-01,2,8
567,2.840000,5.728909e+02,1.719642e+02,2.058791e+02,1.944798e+01,0.000000e+00,4.580124e+04,4.351117e+04,2.678881e+04,1.706667e+02,1.000000e+00,9.500000e-01,7.500000e-01,3,8
568,2.845000,4.590174e+02,3.521631e+02,2.447649e+02,2.325266e+02,0.000000e+00,4.604600e+04,4.374370e+04,2.702133e+04,1.706667e+02,6.655690e-01,9.500000e-01,7.500000e-01,1,8
569,2.850000,3.543489e+02,1.745217e+02,1.046685e+02,0.000000e+00,0.000000e+00,4.615067e+04,4.384314e+04,2.702133e+04,1.706667e+02,0.000000e+00,9.500000e-01,7.500000e-01,0,8
570,2.855000,4.340343e+02,1.285153e+02,0.000000e+00,0.000000e+00,0.000000e+00,4.615067e+04,4.384314e+04,2.702133e+04,1.706667e+02,0.000000e+00,9.500000e-01,7.500000e-01,0,7
571,2.860000,4.779223e+02,1.100517e+02,0.000000e+00,0.000000e+00,0.000000e+00,4.615067e+04,4.384314e+04,2.702133e+04,1.706667e+02,0.000000e+00,9.500000e-01,7.500000e-01,0,5
572,2.865000,4.688397e+02,9.852252e+01,9.082592e+00,0.000000e+00,0.000000e+00,4.615975e+04,4.385176e+04,2.702133e+04,1.706667e+02,0.000000e+00,9.500000e-01,7.500000e-01,0,4
573,2.870000,4.579726e+02,9.014944e+01,1.086712e+01,0.000000e+00,0.000000e+00,4.617062e+04,4.386209e+04,2.702133e+04,1.706667e+02,0.000000e+00,9.500000e-01,7.500000e-01,0,3
574,2.875000,4.475373e+02,8.403865e+01,1.043526e+01,0.000000e+00,0.000000e+00,4.618105e+04,4.387200e+04,2.702133e+04,1.706667e+02,0.000000e+00,9.500000e-01,7.500000e-01,0,3
575,2.880000,4.444736e+02,7.962973e+01,1.065635e+01,0.000000e+00,0.000000e+00,4.619171e+04,4.388213e+04,2.702133e+04,1.706667e+02,0.000000e+00,9.500000e-01,7.500000e-01,1,3
576,2.885000,3.659459e+02,7.556531e+01,1.323552e+02,0.000000e+00,0.000000e+00,4.632407e+04,4.400786e+04,2.702133e+04,1.706667e+02,0.000000e+00,9.500000e-01,7.500000e-01,1,3
577,2.890000,3.548730e+02,7.177002e+01,3.851452e+01,0.000000e+00,0.000000e+00,4.636258e+04,4.404445e+04,2.702133e+04,1.706667e+02,0.000000e+00,9.500000e-01,7.500000e-01,1,4
578,2.895000,3.129670e+02,6.885769e+01,4.190601e+01,0.000000e+00,0.000000e+00,4.640449e+04,4.408426e+04,2.702133e+04,1.706667e+02,0.000000e+00,9.500000e-01,7.500000e-01,0,3
579,2.900000,3.307016e+02,6.636854e+01,0.000000e+00,0.000000e+00,0.000000e+00,4.640449e+04,4.408426e+04,2.702133e+04,1.706667e+02,0.000000e+00,9.500000e-01,7.500000e-01,0,3
580,2.905000,3.392379e+02,6.370882e+01,0.000000e+00,0.000000e+00,0.000000e+00,4.640449e+04,4.408426e+04,2.702133e+04,1.706667e+02,0.000000e+00,9.500000e-01,7.500000e-01,0,3
581,2.910000,3.358290e+02,6.130187e+01,3.408900e+00,0.000000e+00,0.000000e+00,4.640790e+04,4.408750e+04,2.702133e+04,1.706667e+02,0.000000e+00,9.500000e-01,7.500000e-01,0,3
582,2.915000,3.189764e+02,5.950285e+01,5.861752e+01,0.000000e+00,0.000000e+00,4.646651e+04,4.414319e+04,2.702133e+04,1.706667e+02,0.000000e+00,9.500000e-01,7.500000e-01,1,2
583,2.920000,1.655267e+02,5.771802e+01,1.952026e+02,0.000000e+00,0.000000e+00,4.666172e+04,4.432863e+04,2.702133e+04,1.706667e+02,0.000000e+00,9.500000e-01,7.500000e-01,1,6
584,2.925000,1.216068e+02,5.567044e+01,4.391984e+01,0.000000e+00,0.000000e+00,4.670564e+04,4.437035e+04,2.702133e+04,1.706667e+02,0.000000e+00,9.500000e-01,7.500000e-01,0,5
585,2.930000,1.367548e+02,5.397396e+01,0.000000e+00,0.000000e+00,0.000000e+00,4.670564e+04,4.437035e+04,2.702133e+04,1.706667e+02,0.000000e+00,9.500000e-01,7.500000e-01,0,4
586,2.935000,1.451038e+02,5.274535e+01,0.000000e+00,0.000000e+00,0.000000e+00,4.670564e+04,4.437035e+04,2.702133e+04,1.706667e+02,0.000000e+00,9.500000e-01,7.500000e-01,0,4
587,2.940000,1.462150e+02,5.130814e+01,2.614607e+00,0.000000e+00,0.000000e+00,4.670825e+04,4.437284e+04,2.702133e+04,1.706667e+02,0.000000e+00,9.500000e-01,7.500000e-01,2,4
588,2.945000,1.604326e+02,4.963521e+01,3.345309e+01,0.000000e+00,0.000000e+00,4.674170e+04,4.440462e+04,2.702133e+04,1.706667e+02,0.000000e+00,9.500000e-01,7.500000e-01,2,4
589,2.950000,1.805874e+02,4.838616e+01,4.742308e+01,0.000000e+00,0.000000e+00,4.678913e+04,4.444967e+04,2.702133e+04,1.706667e+02,0.000000e+00,9.500000e-01,7.500000e-01,2,4
590,2.955000,1.522961e+02,4.746051e+01,6.294545e+01,0.000000e+00,0.000000e+00,4.685207e+04,4.450947e+04,2.702133e+04,1.706667e+02,0.000000e+00,9.500000e-01,7.500000e-01,1,4
591,2.960000,1.182711e+02,4.620549e+01,3.402496e+01,0.000000e+00,0.000000e+00,4.688610e+04,4.454179e+04,2.702133e+04,1.706667e+02,0.000000e+00,9.500000e-01,7.500000e-01,0,4
592,2.965000,1.490620e+02,4.480946e+01,0.000000e+00,0.000000e+00,0.000000e+00,4.688610e+04,4.454179e+04,2.702133e+04,1.706667e+02,0.000000e+00,9.500000e-01,7.500000e-01,0,4
593,2.970000,1.632981e+02,4.386678e+01,0.000000e+00,0.000000e+00,0.000000e+00,4.688610e+04,4.454179e+04,2.702133e+04,1.706667e+02,0.000000e+00,9.500000e-01,7.500000e-01,0,4
594,2.975000,1.590532e+02,4.308829e+01,4.244912e+00,0.000000e+00,0.000000e+00,4.689034e+04,4.454582e+04,2.702133e+04,1.706667e+02,0.000000e+00,9.500000e-01,7.500000e-01,0,3
595,2.980000,1.537971e+02,4.193758e+01,5.256080e+00,0.000000e+00,0.000000e+00,4.689560e+04,4.455082e+04,2.702133e+04,1.706667e+02,0.000000e+00,9.500000e-01,7.500000e-01,0,1
596,2.985000,1.489729e+02,4.077345e+01,4.824220e+00,0.000000e+00,0.000000e+00,4.690042e+04,4.455540e+04,2.702133e+04,1.706667e+02,0.000000e+00,9.500000e-01,7.500000e-01,0,1
597,2.990000,1.445806e+02,4.004340e+01,4.392361e+00,0.000000e+00,0.000000e+00,4.690481e+04,4.455957e+04,2.702133e+04,1.706667e+02,0.000000e+00,9.500000e-01,7.500000e-01,0,1
598,2.995000,1.406201e+02,3.932166e+01,3.960501e+00,0.000000e+00,0.000000e+00,4.690878e+04,4.456334e+04,2.702133e+04,1.706667e+02,0.000000e+00,9.500000e-01,7.500000e-01,0,1
599,3.000000,1.370914e+02,3.824872e+01,3.528642e+00,0.000000e+00,0.000000e+00,4.691230e+04,4.456669e+04,2.702133e+04,1.706667e+02,0.000000e+00,9.500000e-01,7.500000e-01,0,1
600,3.005000,1.339946e+02,3.824872e+01,3.096782e+00,0.000000e+00,0.000000e+00,4.691540e+04,4.456963e+04,2.702133e+04,1.706667e+02,0.000000e+00,9.500000e-01,7.500000e-01,0,0
601,3.010000,1.313297e+02,3.824872e+01,2.664923e+00,0.000000e+00,0.000000e+00,4.691807e+04,4.457216e+04,2.702133e+04,1.706667e+02,0.000000e+00,9.500000e-01,7.500000e-01,0,0
602,3.015000,1.290966e+02,3.824872e+01,2.233063e+00,0.000000e+00,0.000000e+00,4.692030e+04,4.457428e+04,2.702133e+04,1.706667e+02,0.000000e+00,9.500000e-01,7.500000e-01,0,0
603,3.020000,1.272954e+02,3.824872e+01,1.801204e+00,0.000000e+00,0.000000e+00,4.692210e+04,4.457599e+04,2.702133e+04,1.706667e+02,0.000000e+00,9.500000e-01,7.500000e-01,0,0
604,3.025000,1.259261e+02,3.824872e+01,1.369344e+00,0.000000e+00,0.000000e+00,4.692347e+04,4.457730e+04,2.702133e+04,1.706667e+02,0.000000e+00,9.500000e-01,7.500000e-01,0,0
605,3.030000,1.158878e+02,4.456744e+01,1.003829e+01,7.278196e+00,0.000000e+00,4.693351e+04,4.458683e+04,2.702861e+04,1.706667e+02,1.000000e+00,9.500000e-01,7.500000e-01,0,1
606,3.035000,1.135536e+02,3.793529e+01,2.334226e+00,0.000000e+00,0.000000e+00,4.693584e+04,4.458905e+04,2.702861e+04,1.706667e+02,0.000000e+00,9.500000e-01,7.500000e-01,0,1
607,3.040000,1.120011e+02,3.481437e+01,1.552497e+00,0.000000e+00,0.000000e+00,4.693739e+04,4.459052e+04,2.702861e+04,1.706667e+02,0.000000e+00,9.500000e-01,7.500000e-01,0,1
608,3.045000,1.107484e+02,3.250338e+01,1.252707e+00,0.000000e+00,0.000000e+00,4.693865e+04,4.459171e+04,2.702861e+04,1.706667e+02,0.000000e+00,9.500000e-01,7.500000e-01,0,1
609,3.050000,1.098172e+02,3.075892e+01,9.312002e-01,0.000000e+00,0.000000e+00,4.693958e+04,4.459260e+04,2.702861e+04,1.706667e+02,0.000000e+00,9.500000e-01,7.500000e-01,0,1
610,3.055000,1.092414e+02,2.957687e+01,5.758252e-01,0.000000e+00,0.000000e+00,4.694015e+04,4.459315e+04,2.702861e+04,1.706667e+02,0.000000e+00,9.500000e-01,7.500000e-01,0,1
611,3.060000,1.091090e+02,2.842423e+01,4.603944e-01,0.000000e+00,0.000000e+00,4.694061e+04,4.459358e+04,2.702861e+04,1.706667e+02,0.000000e+00,9.500000e-01,7.500000e-01,1,2
612,3.065000,1.090111e+02,2.713560e+01,9.789897e-02,0.000000e+00,0.000000e+00,4.694071e+04,4.459368e+04,2.702861e+04,1.706667e+02,0.000000e+00,9.500000e-01,7.500000e-01,0,2
613,3.070000,1.093606e+02,2.612059e+01,0.000000e+00,0.000000e+00,0.000000e+00,4.694071e+04,4.459368e+04,2.702861e+04,1.706667e+02,0.000000e+00,9.500000e-01,7.500000e-01,0,2
614,3.075000,1.102115e+02,2.539434e+01,0.000000e+00,0.000000e+00,0.000000e+00,4.694071e+04,4.459368e+04,2.702861e+04,1.706667e+02,0.000000e+00,9.500000e-01,7.500000e-01,0,2
615,3.080000,1.114049e+02,2.453737e+01,0.000000e+00,0.000000e+00,0.000000e+00,4.694071e+04,4.459368e+04,2.702861e+04,1.706667e+02,0.000000e+00,9.500000e-01,7.500000e-01,0,1
616,3.085000,1.129624e+02,2.359449e+01,0.000000e+00,0.000000e+00,0.000000e+00,4.694071e+04,4.459368e+04,2.702861e+04,1.706667e+02,0.000000e+00,9.500000e-01,7.500000e-01,0,1
617,3.090000,1.148919e+02,2.291266e+01,0.000000e+00,0.000000e+00,0.000000e+00,4.694071e+04,4.459368e+04,2.702861e+04,1.706667e+02,0.000000e+00,9.500000e-01,7.500000e-01,0,1
618,3.095000,1.171957e+02,2.236466e+01,0.000000e+00,0.000000e+00,0.000000e+00,4.694071e+04,4.459368e+04,2.702861e+04,1.706667e+02,0.000000e+00,9.500000e-01,7.500000e-01,0,1
619,3.100000,1.198744e+02,2.165226e+01,0.000000e+00,0.000000e+00,0.000000e+00,4.694071e+04,4.459368e+04,2.702861e+04,1.706667e+02,0.000000e+00,9.500000e-01,7.500000e-01,0,1
620,3.105000,1.229290e+02,2.093770e+01,0.000000e+00,0.000000e+00,0.000000e+00,4.694071e+04,4.459368e+04,2.702861e+04,1.706667e+02,0.000000e+00,9.500000e-01,7.500000e-01,0,1
621,3.110000,1.263608e+02,2.045045e+01,0.000000e+00,0.000000e+00,0.000000e+00,4.694071e+04,4.459368e+04,2.702861e+04,1.706667e+02,0.000000e+00,9.500000e-01,7.500000e-01,0,1
622,3.115000,1.301717e+02,1.999038e+01,0.000000e+00,0.000000e+00,0.000000e+00,4.694071e+04,4.459368e+04,2.702861e+04,1.706667e+02,0.000000e+00,9.500000e-01,7.500000e-01,0,1
623,3.120000,1.343640e+02,1.937691e+01,0.000000e+00,0.000000e+00,0.000000e+00,4.694071e+04,4.459368e+04,2.702861e+04,1.706667e+02,0.000000e+00,9.500000e-01,7.500000e-01,0,1
624,3.125000,1.389405e+02,1.882242e+01,0.000000e+00,0.000000e+00,0.000000e+00,4.694071e+04,4.459368e+04,2.702861e+04,1.706667e+02,0.000000e+00,9.500000e-01,7.500000e-01,0,1
625,3.130000,1.439040e+02,1.845229e+01,0.000000e+00,0.000000e+00,0.000000e+00,4.694071e+04,4.459368e+04,2.702861e+04,1.706667e+02,0.000000e+00,9.500000e-01,7.500000e-01,0,1
626,3.135000,1.492579e+02,1.804083e+01,0.000000e+00,0.000000e+00,0.000000e+00,4.694071e+04,4.459368e+04,2.702861e+04,1.706667e+02,0.000000e+00,9.500000e-01,7.500000e-01,0,1
627,3.140000,1.550055e+02,1.750351e+01,0.000000e+00,0.000000e+00,0.000000e+00,4.694071e+04,4.459368e+04,2.702861e+04,1.706667e+02,0.000000e+00,9.500000e-01,7.500000e-01,0,1
628,3.145000,1.611505e+02,1.706523e+01,0.000000e+00,0.000000e+00,0.000000e+00,4.694071e+04,4.459368e+04,2.702861e+04,1.706667e+02,0.000000e+00,9.500000e-01,7.500000e-01,0,1
629,3.150000,1.677068e+02,1.706523e+01,0.000000e+00,0.000000e+00,0.000000e+00,4.694071e+04,4.459368e+04,2.702861e+04,1.706667e+02,0.000000e+00,9.500000e-01,7.500000e-01,0,0
630,3.155000,1.560546e+02,2.783664e+01,1.165222e+01,1.106961e+01,0.000000e+00,4.695236e+04,4.460475e+04,2.703968e+04,1.706667e+02,7.688595e-01,9.500000e-01,7.500000e-01,0,2
631,3.160000,1.283328e+02,1.736518e+01,3.817405e+01,0.000000e+00,0.000000e+00,4.699054e+04,4.464101e+04,2.703968e+04,1.706667e+02,0.000000e+00,9.500000e-01,7.500000e-01,1,2
632,3.165000,1.126482e+02,1.393635e+01,1.568467e+01,0.000000e+00,0.000000e+00,4.700622e+04,4.465591e+04,2.703968e+04,1.706667e+02,0.000000e+00,9.500000e-01,7.500000e-01,0,2
633,3.170000,1.141845e+02,1.233764e+01,0.000000e+00,0.000000e+00,0.000000e+00,4.700622e+04,4.465591e+04,2.703968e+04,1.706667e+02,0.000000e+00,9.500000e-01,7.500000e-01,0,2
634,3.175000,1.164091e+02,1.139148e+01,0.000000e+00,0.000000e+00,0.000000e+00,4.700622e+04,4.465591e+04,2.703968e+04,1.706667e+02,0.000000e+00,9.500000e-01,7.500000e-01,0,2
635,3.180000,1.184586e+02,1.066230e+01,0.000000e+00,0.000000e+00,0.000000e+00,4.700622e+04,4.465591e+04,2.703968e+04,1.706667e+02,0.000000e+00,9.500000e-01,7.500000e-01,0,2
636,3.185000,1.205472e+02,1.006002e+01,0.000000e+00,0.000000e+00,0.000000e+00,4.700622e+04,4.465591e+04,2.703968e+04,1.706667e+02,0.000000e+00,9.500000e-01,7.500000e-01,0,2
637,3.190000,1.214592e+02,9.617384e+00,1.295555e+01,0.000000e+00,0.000000e+00,4.701918e+04,4.466822e+04,2.703968e+04,1.706667e+02,0.000000e+00,9.500000e-01,7.500000e-01,2,3
638,3.195000,1.098559e+02,9.245056e+00,1.160329e+01,0.000000e+00,0.000000e+00,4.703078e+04,4.467924e+04,2.703968e+04,1.706667e+02,0.000000e+00,9.500000e-01,7.500000e-01,0,3
639,3.200000,1.135531e+02,8.865998e+00,0.000000e+00,0.000000e+00,0.000000e+00,4.703078e+04,4.467924e+04,2.703968e+04,1.706667e+02,0.000000e+00,9.500000e-01,7.500000e-01,0,3
640,3.205000,1.165446e+02,8.527413e+00,0.000000e+00,0.000000e+00,0.000000e+00,4.703078e+04,4.467924e+04,2.703968e+04,1.706667e+02,0.000000e+00,9.500000e-01,7.500000e-01,0,4
641,3.210000,1.192721e+02,8.277826e+00,0.000000e+00,0.000000e+00,0.000000e+00,4.703078e+04,4.467924e+04,2.703968e+04,1.706667e+02,0.000000e+00,9.500000e-01,7.500000e-01,0,3
642,3.215000,1.221014e+02,8.036048e+00,0.000000e+00,0.000000e+00,0.000000e+00,4.703078e+04,4.467924e+04,2.703968e+04,1.706667e+02,0.000000e+00,9.500000e-01,7.500000e-01,0,2
643,3.220000,1.224665e+02,8.568531e+00,8.589631e-01,8.160150e-01,0.000000e+00,4.703164e+04,4.468006e+04,2.704050e+04,1.706667e+02,2.005136e-01,9.500000e-01,7.500000e-01,2,3
644,3.225000,1.206269e+02,8.174454e+00,1.839566e+00,0.000000e+00,0.000000e+00,4.703348e+04,4.468181e+04,2.704050e+04,1.706667e+02,0.000000e+00,9.500000e-01,7.500000e-01,0,3
645,3.230000,1.240010e+02,7.938711e+00,0.000000e+00,0.000000e+00,0.000000e+00,4.703348e+04,4.468181e+04,2.704050e+04,1.706667e+02,0.000000e+00,9.500000e-01,7.500000e-01,0,3
646,3.235000,1.274401e+02,7.688568e+00,0.000000e+00,0.000000e+00,0.000000e+00,4.703348e+04,4.468181e+04,2.704050e+04,1.706667e+02,0.000000e+00,9.500000e-01,7.500000e-01,0,3
647,3.240000,1.309979e+02,7.410886e+00,0.000000e+00,0.000000e+00,0.000000e+00,4.703348e+04,4.468181e+04,2.704050e+04,1.706667e+02,0.000000e+00,9.500000e-01,7.500000e-01,0,3
648,3.245000,1.344313e+02,7.208000e+00,0.000000e+00,0.000000e+00,0.000000e+00,4.703348e+04,4.468181e+04,2.704050e+04,1.706667e+02,0.000000e+00,9.500000e-01,7.500000e-01,0,4
649,3.250000,1.384478e+02,7.052461e+00,0.000000e+00,0.000000e+00,0.000000e+00,4.703348e+04,4.468181e+04,2.704050e+04,1.706667e+02,0.000000e+00,9.500000e-01,7.500000e-01,0,4
650,3.255000,1.427561e+02,6.842870e+00,0.000000e+00,0.000000e+00,0.000000e+00,4.703348e+04,4.468181e+04,2.704050e+04,1.706667e+02,0.000000e+00,9.500000e-01,7.500000e-01,0,3
651,3.260000,1.473589e+02,6.621966e+00,0.000000e+00,0.000000e+00,0.000000e+00,4.703348e+04,4.468181e+04,2.704050e+04,1.706667e+02,0.000000e+00,9.500000e-01,7.500000e-01,0,2
652,3.265000,1.503481e+02,6.476053e+00,0.000000e+00,0.000000e+00,0.000000e+00,4.703348e+04,4.468181e+04,2.704050e+04,1.706667e+02,0.000000e+00,9.500000e-01,7.500000e-01,0,3
653,3.270000,1.554633e+02,6.345550e+00,0.000000e+00,0.000000e+00,0.000000e+00,4.703348e+04,4.468181e+04,2.704050e+04,1.706667e+02,0.000000e+00,9.500000e-01,7.500000e-01,0,3
654,3.275000,1.556221e+02,6.158171e+00,1.396454e-01,0.000000e+00,0.000000e+00,4.703362e+04,4.468194e+04,2.704050e+04,1.706667e+02,0.000000e+00,9.500000e-01,7.500000e-01,3,4
655,3.280000,1.513330e+02,5.982119e+00,2.190291e+01,0.000000e+00,0.000000e+00,4.705552e+04,4.470275e+04,2.704050e+04,1.706667e+02,0.000000e+00,9.500000e-01,7.500000e-01,4,8
656,3.285000,1.532727e+02,5.871256e+00,1.099904e+01,0.000000e+00,0.000000e+00,4.706652e+04,4.471320e+04,2.704050e+04,1.706667e+02,0.000000e+00,9.500000e-01,7.500000e-01,3,10
657,3.290000,1.549473e+02,5.723360e+00,1.498622e+01,0.000000e+00,2.720926e-02,4.708151e+04,4.472743e+04,2.704050e+04,1.706939e+02,1.000000e+00,9.500000e-01,7.500000e-01,4,12
658,3.295000,1.606799e+02,5.553576e+00,1.050960e+01,0.000000e+00,0.000000e+00,4.709202e+04,4.473742e+04,2.704050e+04,1.706939e+02,0.000000e+00,9.500000e-01,7.500000e-01,4,13
659,3.300000,2.074778e+02,4.687048e+01,4.363833e+01,4.145641e+01,0.000000e+00,4.713566e+04,4.477887e+04,2.708195e+04,1.706939e+02,7.247698e-01,9.500000e-01,7.500000e-01,5,16
660,3.305000,1.507998e+02,2.411634e+01,1.099401e+02,0.000000e+00,0.000000e+00,4.724560e+04,4.488332e+04,2.708195e+04,1.706939e+02,0.000000e+00,9.500000e-01,7.500000e-01,4,17
661,3.310000,1.653925e+02,1.775405e+01,5.298515e+01,0.000000e+00,0.000000e+00,4.729858e+04,4.493365e+04,2.708195e+04,1.706939e+02,0.000000e+00,9.500000e-01,7.500000e-01,6,19
662,3.315000,1.543429e+02,1.501729e+01,5.122134e+01,0.000000e+00,0.000000e+00,4.734980e+04,4.498231e+04,2.708195e+04,1.706939e+02,0.000000e+00,9.500000e-01,7.500000e-01,4,21
663,3.320000,1.901719e+02,3.875975e+01,2.670438e+01,2.536916e+01,0.000000e+00,4.737651e+04,4.500768e+04,2.710732e+04,1.706939e+02,7.764233e-01,9.500000e-01,7.500000e-01,5,19
664,3.325000,1.771837e+02,1.667558e+01,4.322354e+01,0.000000e+00,0.000000e+00,4.741973e+04,4.504874e+04,2.710732e+04,1.706939e+02,0.000000e+00,9.500000e-01,7.500000e-01,4,23
665,3.330000,2.067947e+02,2.105619e+01,1.155553e+01,1.097776e+01,0.000000e+00,4.743129e+04,4.505972e+04,2.711830e+04,1.706939e+02,5.498903e-01,9.500000e-01,7.500000e-01,5,21
666,3.335000,2.223957e+02,1.107640e+01,8.432954e+00,0.000000e+00,0.000000e+00,4.743972e+04,4.506773e+04,2.711830e+04,1.706939e+02,0.000000e+00,9.500000e-01,7.500000e-01,4,21
667,3.340000,2.302223e+02,1.238011e+01,4.230592e+00,4.019063e+00,0.000000e+00,4.744395e+04,4.507175e+04,2.712232e+04,1.706939e+02,3.353649e-01,9.500000e-01,7.500000e-01,4,22
668,3.345000,2.626608e+02,8.714292e+00,0.000000e+00,0.000000e+00,0.000000e+00,4.744395e+04,4.507175e+04,2.712232e+04,1.706939e+02,0.000000e+00,9.500000e-01,7.500000e-01,0,20
669,3.350000,3.095776e+02,7.620279e+00,0.000000e+00,0.000000e+00,0.000000e+00,4.744395e+04,4.507175e+04,2.712232e+04,1.706939e+02,0.000000e+00,9.500000e-01,7.500000e-01,0,14
670,3.355000,3.005522e+02,7.125314e+00,9.025446e+00,0.000000e+00,0.000000e+00,4.745298e+04,4.508033e+04,2.712232e+04,1.706939e+02,0.000000e+00,9.500000e-01,7.500000e-01,0,13
671,3.360000,2.919586e+02,6.827688e+00,8.593586e+00,0.000000e+00,0.000000e+00,4.746157e+04,4.508849e+04,2.712232e+04,1.706939e+02,0.000000e+00,9.500000e-01,7.500000e-01,0,12
672,3.365000,2.837969e+02,6.526647e+00,8.161727e+00,0.000000e+00,0.000000e+00,4.746973e+04,4.509624e+04,2.712232e+04,1.706939e+02,0.000000e+00,9.500000e-01,7.500000e-01,0,10
673,3.370000,2.760670e+02,6.225329e+00,7.729867e+00,0.000000e+00,0.000000e+00,4.747746e+04,4.510359e+04,2.712232e+04,1.706939e+02,0.000000e+00,9.500000e-01,7.500000e-01,0,3
674,3.375000,2.687690e+02,6.009008e+00,7.298008e+00,0.000000e+00,0.000000e+00,4.748476e+04,4.511052e+04,2.712232e+04,1.706939e+02,0.000000e+00,9.500000e-01,7.500000e-01,0,1
675,3.380000,2.619028e+02,5.831599e+00,6.866148e+00,0.000000e+00,0.000000e+00,4.749162e+04,4.511704e+04,2.712232e+04,1.706939e+02,0.000000e+00,9.500000e-01,7.500000e-01,0,1
676,3.385000,2.554686e+02,5.831599e+00,6.434289e+00,0.000000e+00,0.000000e+00,4.749806e+04,4.512316e+04,2.712232e+04,1.706939e+02,0.000000e+00,9.500000e-01,7.500000e-01,0,0
677,3.390000,2.359310e+02,5.611674e+00,1.953752e+01,0.000000e+00,0.000000e+00,4.751760e+04,4.514172e+04,2.712232e+04,1.706939e+02,0.000000e+00,9.500000e-01,7.500000e-01,0,1
678,3.395000,2.278761e+02,5.399347e+00,8.054971e+00,0.000000e+00,0.000000e+00,4.752565e+04,4.514937e+04,2.712232e+04,1.706939e+02,0.000000e+00,9.500000e-01,7.500000e-01,0,1
679,3.400000,2.209254e+02,5.251390e+00,6.950645e+00,0.000000e+00,0.000000e+00,4.753260e+04,4.515597e+04,2.712232e+04,1.706939e+02,0.000000e+00,9.500000e-01,7.500000e-01,0,1
680,3.405000,2.135602e+02,5.111011e+00,1.106628e+01,0.000000e+00,0.000000e+00,4.754367e+04,4.516648e+04,2.712232e+04,1.706939e+02,0.000000e+00,9.500000e-01,7.500000e-01,1,2
681,3.410000,2.039505e+02,4.934768e+00,9.609759e+00,0.000000e+00,0.000000e+00,4.755328e+04,4.517561e+04,2.712232e+04,1.706939e+02,0.000000e+00,9.500000e-01,7.500000e-01,0,2
682,3.415000,2.079614e+02,2.052527e+01,1.657782e+01,1.574893e+01,0.000000e+00,4.756986e+04,4.519136e+04,2.713807e+04,1.706939e+02,8.170301e-01,9.500000e-01,7.500000e-01,2,3
683,3.420000,1.989865e+02,1.372584e+01,2.608959e+01,0.000000e+00,0.000000e+00,4.759595e+04,4.521615e+04,2.713807e+04,1.706939e+02,0.000000e+00,9.500000e-01,7.500000e-01,2,4
684,3.425000,1.781747e+02,1.140976e+01,2.081174e+01,0.000000e+00,0.000000e+00,4.761676e+04,4.523592e+04,2.713807e+04,1.706939e+02,0.000000e+00,9.500000e-01,7.500000e-01,0,3
685,3.430000,1.745451e+02,1.020067e+01,3.629604e+00,0.000000e+00,0.000000e+00,4.762039e+04,4.523937e+04,2.713807e+04,1.706939e+02,0.000000e+00,9.500000e-01,7.500000e-01,0,3
686,3.435000,1.692003e+02,9.477873e+00,5.344774e+00,0.000000e+00,0.000000e+00,4.762573e+04,4.524444e+04,2.713807e+04,1.706939e+02,0.000000e+00,9.500000e-01,7.500000e-01,0,3
687,3.440000,1.631409e+02,9.008327e+00,6.059474e+00,0.000000e+00,0.000000e+00,4.763179e+04,4.525020e+04,2.713807e+04,1.706939e+02,0.000000e+00,9.500000e-01,7.500000e-01,0,3
688,3.445000,1.572490e+02,8.563434e+00,5.891855e+00,0.000000e+00,0.000000e+00,4.763768e+04,4.525580e+04,2.713807e+04,1.706939e+02,0.000000e+00,9.500000e-01,7.500000e-01,0,2
689,3.450000,1.517890e+02,8.145982e+00,5.459995e+00,0.000000e+00,0.000000e+00,4.764314e+04,4.526099e+04,2.713807e+04,1.706939e+02,0.000000e+00,9.500000e-01,7.500000e-01,0,2
690,3.455000,1.467609e+02,7.850976e+00,5.028136e+00,0.000000e+00,0.000000e+00,4.764817e+04,4.526576e+04,2.713807e+04,1.706939e+02,0.000000e+00,9.500000e-01,7.500000e-01,0,2
691,3.460000,1.421646e+02,7.614789e+00,4.596276e+00,0.000000e+00,0.000000e+00,4.765277e+04,4.527013e+04,2.713807e+04,1.706939e+02,0.000000e+00,9.500000e-01,7.500000e-01,0,2
692,3.465000,1.380002e+02,7.331059e+00,4.164417e+00,0.000000e+00,0.000000e+00,4.765693e+04,4.527409e+04,2.713807e+04,1.706939e+02,0.000000e+00,9.500000e-01,7.500000e-01,0,1
693,3.470000,1.342676e+02,7.061769e+00,3.732557e+00,0.000000e+00,0.000000e+00,4.766066e+04,4.527763e+04,2.713807e+04,1.706939e+02,0.000000e+00,9.500000e-01,7.500000e-01,0,1
694,3.475000,1.309683e+02,6.877677e+00,3.299344e+00,0.000000e+00,0.000000e+00,4.766396e+04,4.528077e+04,2.713807e+04,1.706939e+02,0.000000e+00,9.500000e-01,7.500000e-01,0,1
695,3.480000,1.280886e+02,6.699961e+00,2.879679e+00,0.000000e+00,0.000000e+00,4.766684e+04,4.528350e+04,2.713807e+04,1.706939e+02,0.000000e+00,9.500000e-01,7.500000e-01,0,1
696,3.485000,1.255662e+02,6.475890e+00,2.522387e+00,0.000000e+00,0.000000e+00,4.766937e+04,4.528590e+04,2.713807e+04,1.706939e+02,0.000000e+00,9.500000e-01,7.500000e-01,0,1
697,3.490000,1.233488e+02,6.281480e+00,2.217447e+00,0.000000e+00,0.000000e+00,4.767158e+04,4.528800e+04,2.713807e+04,1.706939e+02,0.000000e+00,9.500000e-01,7.500000e-01,0,1
698,3.495000,1.214147e+02,6.147756e+00,1.934062e+00,0.000000e+00,0.000000e+00,4.767352e+04,4.528984e+04,2.713807e+04,1.706939e+02,0.000000e+00,9.500000e-01,7.500000e-01,0,1
699,3.500000,1.197532e+02,5.995965e+00,1.661538e+00,0.000000e+00,0.000000e+00,4.767518e+04,4.529142e+04,2.713807e+04,1.706939e+02,0.000000e+00,9.500000e-01,7.500000e-01,0,1
700,3.505000,1.183581e+02,5.808544e+00,1.395117e+00,0.000000e+00,0.000000e+00,4.767657e+04,4.529275e+04,2.713807e+04,1.706939e+02,0.000000e+00,9.500000e-01,7.500000e-01,0,1
701,3.510000,1.172255e+02,5.660945e+00,1.132561e+00,0.000000e+00,0.000000e+00,4.767771e+04,4.529382e+04,2.713807e+04,1.706939e+02,0.000000e+00,9.500000e-01,7.500000e-01,0,1
702,3.515000,1.163528e+02,5.555277e+00,8.727257e-01,0.000000e+00,0.000000e+00,4.767858e+04,4.529465e+04,2.713807e+04,1.706939e+02,0.000000e+00,9.500000e-01,7.500000e-01,0,1
703,3.520000,1.157378e+02,5.417879e+00,6.149399e-01,0.000000e+00,0.000000e+00,4.767919e+04,4.529523e+04,2.713807e+04,1.706939e+02,0.000000e+00,9.500000e-01,7.500000e-01,0,1
704,3.525000,1.153791e+02,5.257549e+00,3.587368e-01,0.000000e+00,0.000000e+00,4.767955e+04,4.529558e+04,2.713807e+04,1.706939e+02,0.000000e+00,9.500000e-01,7.500000e-01,0,1
705,3.530000,1.152198e+02,5.053476e+00,5.542303e-01,0.000000e+00,8.922543e-02,4.768011e+04,4.529610e+04,2.713807e+04,1.707831e+02,1.000000e+00,9.500000e-01,7.500000e-01,1,2
706,3.535000,1.148935e+02,4.404521e+00,3.262305e-01,0.000000e+00,0.000000e+00,4.768043e+04,4.529641e+04,2.713807e+04,1.707831e+02,0.000000e+00,9.500000e-01,7.500000e-01,0,2
707,3.540000,1.150331e+02,4.118431e+00,0.000000e+00,0.000000e+00,0.000000e+00,4.768043e+04,4.529641e+04,2.713807e+04,1.707831e+02,0.000000e+00,9.500000e-01,7.500000e-01,0,2
708,3.545000,1.154235e+02,3.927572e+00,0.000000e+00,0.000000e+00,0.000000e+00,4.768043e+04,4.529641e+04,2.713807e+04,1.707831e+02,0.000000e+00,9.500000e-01,7.500000e-01,0,2
709,3.550000,1.160393e+02,3.811889e+00,0.000000e+00,0.000000e+00,0.000000e+00,4.768043e+04,4.529641e+04,2.713807e+04,1.707831e+02,0.000000e+00,9.500000e-01,7.500000e-01,0,2
710,3.555000,1.168801e+02,3.721139e+00,0.000000e+00,0.000000e+00,0.000000e+00,4.768043e+04,4.529641e+04,2.713807e+04,1.707831e+02,0.000000e+00,9.500000e-01,7.500000e-01,0,2
711,3.560000,1.179503e+02,3.604772e+00,0.000000e+00,0.000000e+00,0.000000e+00,4.768043e+04,4.529641e+04,2.713807e+04,1.707831e+02,0.000000e+00,9.500000e-01,7.500000e-01,0,2
712,3.565000,1.192543e+02,3.496155e+00,0.000000e+00,0.000000e+00,0.000000e+00,4.768043e+04,4.529641e+04,2.713807e+04,1.707831e+02,0.000000e+00,9.500000e-01,7.500000e-01,0,2
713,3.570000,1.207951e+02,3.427608e+00,0.000000e+00,0.000000e+00,0.000000e+00,4.768043e+04,4.529641e+04,2.713807e+04,1.707831e+02,0.000000e+00,9.500000e-01,7.500000e-01,0,2
714,3.575000,1.225756e+02,3.358221e+00,0.000000e+00,0.000000e+00,0.000000e+00,4.768043e+04,4.529641e+04,2.713807e+04,1.707831e+02,0.000000e+00,9.500000e-01,7.500000e-01,0,2
715,3.580000,1.246048e+02,3.261015e+00,0.000000e+00,0.000000e+00,0.000000e+00,4.768043e+04,4.529641e+04,2.713807e+04,1.707831e+02,0.000000e+00,9.500000e-01,7.500000e-01,0,1
716,3.585000,1.268753e+02,3.083666e+00,0.000000e+00,0.000000e+00,9.388538e-02,4.768043e+04,4.529641e+04,2.713807e+04,1.708770e+02,1.000000e+00,9.500000e-01,7.500000e-01,0,2
717,3.590000,1.293909e+02,3.007968e+00,0.000000e+00,0.000000e+00,0.000000e+00,4.768043e+04,4.529641e+04,2.713807e+04,1.708770e+02,0.000000e+00,9.500000e-01,7.500000e-01,0,2
718,3.595000,1.321576e+02,2.937282e+00,0.000000e+00,0.000000e+00,0.000000e+00,4.768043e+04,4.529641e+04,2.713807e+04,1.708770e+02,0.000000e+00,9.500000e-01,7.500000e-01,0,2
719,3.600000,1.351851e+02,2.849713e+00,0.000000e+00,0.000000e+00,0.000000e+00,4.768043e+04,4.529641e+04,2.713807e+04,1.708770e+02,0.000000e+00,9.500000e-01,7.500000e-01,0,1
720,3.605000,1.384736e+02,2.782803e+00,0.000000e+00,0.000000e+00,0.000000e+00,4.768043e+04,4.529641e+04,2.713807e+04,1.708770e+02,0.000000e+00,9.500000e-01,7.500000e-01,0,2
721,3.610000,1.412899e+02,2.737960e+00,0.000000e+00,0.000000e+00,0.000000e+00,4.768043e+04,4.529641e+04,2.713807e+04,1.708770e+02,0.000000e+00,9.500000e-01,7.500000e-01,0,3
722,3.615000,1.444303e+02,2.675784e+00,0.000000e+00,0.000000e+00,0.000000e+00,4.768043e+04,4.529641e+04,2.713807e+04,1.708770e+02,0.000000e+00,9.500000e-01,7.500000e-01,0,3
723,3.620000,1.484227e+02,2.600666e+00,0.000000e+00,0.000000e+00,0.000000e+00,4.768043e+04,4.529641e+04,2.713807e+04,1.708770e+02,0.000000e+00,9.500000e-01,7.500000e-01,0,4
724,3.625000,1.526989e+02,2.548828e+00,0.000000e+00,0.000000e+00,0.000000e+00,4.768043e+04,4.529641e+04,2.713807e+04,1.708770e+02,0.000000e+00,9.500000e-01,7.500000e-01,0,2
725,3.630000,1.572652e+02,2.509021e+00,0.000000e+00,0.000000e+00,0.000000e+00,4.768043e+04,4.529641e+04,2.713807e+04,1.708770e+02,0.000000e+00,9.500000e-01,7.500000e-01,0,2
726,3.635000,1.564818e+02,5.036714e+00,2.724770e+00,2.588531e+00,0.000000e+00,4.768316e+04,4.529900e+04,2.714066e+04,1.708770e+02,4.768733e-01,9.500000e-01,7.500000e-01,1,2
727,3.640000,1.592369e+02,3.630974e+00,0.000000e+00,0.000000e+00,0.000000e+00,4.768316e+04,4.529900e+04,2.714066e+04,1.708770e+02,0.000000e+00,9.500000e-01,7.500000e-01,0,2
728,3.645000,1.640278e+02,3.154627e+00,0.000000e+00,0.000000e+00,0.000000e+00,4.768316e+04,4.529900e+04,2.714066e+04,1.708770e+02,0.000000e+00,9.500000e-01,7.500000e-01,0,2
729,3.650000,1.691733e+02,2.901489e+00,0.000000e+00,0.000000e+00,0.000000e+00,4.768316e+04,4.529900e+04,2.714066e+04,1.708770e+02,0.000000e+00,9.500000e-01,7.500000e-01,0,2
730,3.655000,1.731957e+02,2.719406e+00,0.000000e+00,0.000000e+00,0.000000e+00,4.768316e+04,4.529900e+04,2.714066e+04,1.708770e+02,0.000000e+00,9.500000e-01,7.500000e-01,0,3
731,3.660000,1.788839e+02,2.590939e+00,0.000000e+00,0.000000e+00,0.000000e+00,4.768316e+04,4.529900e+04,2.714066e+04,1.708770e+02,0.000000e+00,9.500000e-01,7.500000e-01,0,3
732,3.665000,1.848953e+02,2.495452e+00,0.000000e+00,0.000000e+00,0.000000e+00,4.768316e+04,4.529900e+04,2.714066e+04,1.708770e+02,0.000000e+00,9.500000e-01,7.500000e-01,0,3
733,3.670000,1.912518e+02,2.395960e+00,0.000000e+00,0.000000e+00,0.000000e+00,4.768316e+04,4.529900e+04,2.714066e+04,1.708770e+02,0.000000e+00,9.500000e-01,7.500000e-01,0,3
734,3.675000,1.979678e+02,2.297318e+00,0.000000e+00,0.000000e+00,0.000000e+00,4.768316e+04,4.529900e+04,2.714066e+04,1.708770e+02,0.000000e+00,9.500000e-01,7.500000e-01,0,3
735,3.680000,2.050526e+02,2.227624e+00,0.000000e+00,0.000000e+00,0.000000e+00,4.768316e+04,4.529900e+04,2.714066e+04,1.708770e+02,0.000000e+00,9.500000e-01,7.500000e-01,0,2
736,3.685000,2.103049e+02,2.170426e+00,0.000000e+00,0.000000e+00,0.000000e+00,4.768316e+04,4.529900e+04,2.714066e+04,1.708770e+02,0.000000e+00,9.500000e-01,7.500000e-01,0,4
737,3.690000,2.064021e+02,2.837378e+00,8.965073e+00,7.391772e-01,0.000000e+00,4.769212e+04,4.530752e+04,2.714140e+04,1.708770e+02,1.000000e+00,9.500000e-01,7.500000e-01,3,5
738,3.695000,2.005262e+02,2.249916e+00,5.875979e+00,0.000000e+00,0.000000e+00,4.769800e+04,4.531310e+04,2.714140e+04,1.708770e+02,0.000000e+00,9.500000e-01,7.500000e-01,0,5
739,3.700000,2.065072e+02,2.089992e+00,0.000000e+00,0.000000e+00,0.000000e+00,4.769800e+04,4.531310e+04,2.714140e+04,1.708770e+02,0.000000e+00,9.500000e-01,7.500000e-01,0,5
740,3.705000,2.077160e+02,3.016600e+00,1.062690e+00,1.009555e+00,0.000000e+00,4.769906e+04,4.531411e+04,2.714241e+04,1.708770e+02,5.557987e-01,9.500000e-01,7.500000e-01,3,6
741,3.710000,2.105765e+02,2.057048e+00,0.000000e+00,0.000000e+00,0.000000e+00,4.769906e+04,4.531411e+04,2.714241e+04,1.708770e+02,0.000000e+00,9.500000e-01,7.500000e-01,0,5
742,3.715000,1.970790e+02,1.732663e+00,1.705789e+01,0.000000e+00,0.000000e+00,4.771612e+04,4.533031e+04,2.714241e+04,1.708770e+02,0.000000e+00,9.500000e-01,7.500000e-01,3,6
743,3.720000,1.973249e+02,1.582424e+00,3.080998e+00,0.000000e+00,0.000000e+00,4.771920e+04,4.533324e+04,2.714241e+04,1.708770e+02,0.000000e+00,9.500000e-01,7.500000e-01,3,8
744,3.725000,2.007620e+02,1.478596e+00,0.000000e+00,0.000000e+00,0.000000e+00,4.771920e+04,4.533324e+04,2.714241e+04,1.708770e+02,0.000000e+00,9.500000e-01,7.500000e-01,0,7
745,3.730000,2.086061e+02,1.398650e+00,0.000000e+00,0.000000e+00,0.000000e+00,4.771920e+04,4.533324e+04,2.714241e+04,1.708770e+02,0.000000e+00,9.500000e-01,7.500000e-01,0,8
746,3.735000,2.354074e+02,4.858087e+01,4.972585e+01,4.723956e+01,0.000000e+00,4.776893e+04,4.538048e+04,2.718965e+04,1.708770e+02,6.638775e-01,9.500000e-01,7.500000e-01,4,8
747,3.740000,2.088172e+02,6.649998e+01,1.066896e+02,4.099093e+01,0.000000e+00,4.787562e+04,4.548184e+04,2.723064e+04,1.708770e+02,1.000000e+00,9.500000e-01,7.500000e-01,3,12
748,3.745000,2.373736e+02,4.166864e+01,8.175852e+01,6.068937e+00,0.000000e+00,4.795737e+04,4.555951e+04,2.723671e+04,1.708770e+02,1.000000e+00,9.500000e-01,7.500000e-01,5,12
749,3.750000,1.950261e+02,5.136196e+01,9.629714e+01,2.194464e+01,0.000000e+00,4.805367e+04,4.565099e+04,2.725865e+04,1.708770e+02,1.000000e+00,9.500000e-01,7.500000e-01,2,15
750,3.755000,2.444494e+02,3.495777e+01,5.022717e+01,0.000000e+00,1.008627e+00,4.810390e+04,4.569870e+04,2.725865e+04,1.718856e+02,1.000000e+00,9.500000e-01,7.500000e-01,5,15
751,3.760000,2.207133e+02,6.223702e+01,6.926447e+01,3.566355e+01,0.000000e+00,4.817316e+04,4.576451e+04,2.729431e+04,1.718856e+02,1.000000e+00,9.500000e-01,7.500000e-01,2,18
752,3.765000,2.824128e+02,6.203580e+01,3.335106e+01,3.168351e+01,0.000000e+00,4.820651e+04,4.579619e+04,2.732600e+04,1.718856e+02,2.343995e-01,9.500000e-01,7.500000e-01,4,17
753,3.770000,3.375315e+02,8.916474e+01,5.109063e+01,4.853610e+01,0.000000e+00,4.825761e+04,4.584472e+04,2.737453e+04,1.718856e+02,9.395866e-01,9.500000e-01,7.500000e-01,3,15
754,3.775000,4.187597e+02,1.238885e+02,8.072033e+01,7.668432e+01,0.000000e+00,4.833833e+04,4.592141e+04,2.745122e+04,1.718856e+02,9.066218e-01,9.500000e-01,7.500000e-01,3,15
755,3.780000,3.964161e+02,1.458080e+02,7.771679e+01,7.383095e+01,0.000000e+00,4.841604e+04,4.599524e+04,2.752505e+04,1.718856e+02,6.416337e-01,9.500000e-01,7.500000e-01,1,12
756,3.785000,4.302795e+02,1.614399e+02,8.481688e+01,8.057603e+01,0.000000e+00,4.850086e+04,4.607582e+04,2.760563e+04,1.718856e+02,7.097195e-01,9.500000e-01,7.500000e-01,2,10
757,3.790000,3.615939e+02,2.187753e+02,1.470053e+02,1.396551e+02,0.000000e+00,4.864786e+04,4.621547e+04,2.774528e+04,1.718856e+02,6.652962e-01,9.500000e-01,7.500000e-01,1,8
758,3.795000,3.754485e+02,1.353955e+02,3.259921e+01,3.096925e+01,0.000000e+00,4.868046e+04,4.624644e+04,2.777625e+04,1.718856e+02,3.711088e-01,9.500000e-01,7.500000e-01,2,7
759,3.800000,3.433323e+02,1.446861e+02,7.838882e+01,7.446938e+01,0.000000e+00,4.875885e+04,4.632091e+04,2.785072e+04,1.718856e+02,5.874634e-01,9.500000e-01,7.500000e-01,1,8
760,3.805000,3.563968e+02,6.169682e+01,0.000000e+00,0.000000e+00,0.000000e+00,4.875885e+04,4.632091e+04,2.785072e+04,1.718856e+02,1.216188e-01,9.500000e-01,7.500000e-01,0,7
761,3.810000,3.845556e+02,3.395635e+01,0.000000e+00,0.000000e+00,0.000000e+00,4.875885e+04,4.632091e+04,2.785072e+04,1.718856e+02,0.000000e+00,9.500000e-01,7.500000e-01,0,7
762,3.815000,3.734090e+02,2.528879e+01,1.114664e+01,0.000000e+00,0.000000e+00,4.877000e+04,4.633150e+04,2.785072e+04,1.718856e+02,0.000000e+00,9.500000e-01,7.500000e-01,0,7
763,3.820000,3.626942e+02,2.118173e+01,1.071478e+01,0.000000e+00,0.000000e+00,4.878071e+04,4.634168e+04,2.785072e+04,1.718856e+02,0.000000e+00,9.500000e-01,7.500000e-01,0,3
764,3.825000,3.524113e+02,1.839037e+01,1.028292e+01,0.000000e+00,0.000000e+00,4.879100e+04,4.635145e+04,2.785072e+04,1.718856e+02,0.000000e+00,9.500000e-01,7.500000e-01,0,3
765,3.830000,3.516132e+02,2.217410e+01,4.400108e+01,5.845928e+00,0.000000e+00,4.883500e+04,4.639325e+04,2.785656e+04,1.718856e+02,1.000000e+00,9.500000e-01,7.500000e-01,3,7
766,3.835000,1.776821e+02,1.151934e+02,2.237710e+02,9.599202e+01,0.000000e+00,4.905877e+04,4.660583e+04,2.795256e+04,1.718856e+02,1.000000e+00,9.500000e-01,7.500000e-01,1,7
767,3.840000,2.197304e+02,7.193953e+01,3.696550e+01,5.486323e+00,0.000000e+00,4.909573e+04,4.664095e+04,2.795804e+04,1.718856e+02,1.000000e+00,9.500000e-01,7.500000e-01,3,10
768,3.845000,2.549973e+02,1.331316e+02,8.913272e+01,8.467609e+01,0.000000e+00,4.918487e+04,4.672562e+04,2.804272e+04,1.718856e+02,8.716060e-01,9.500000e-01,7.500000e-01,2,9
769,3.850000,2.321491e+02,8.276790e+01,1.133588e+02,0.000000e+00,1.651800e-01,4.929823e+04,4.683331e+04,2.804272e+04,1.720508e+02,1.000000e+00,9.500000e-01,7.500000e-01,2,11
770,3.855000,3.149050e+02,1.291499e+02,7.275237e+01,6.880948e+01,0.000000e+00,4.937098e+04,4.690243e+04,2.811153e+04,1.720508e+02,1.000000e+00,9.500000e-01,7.500000e-01,3,10
771,3.860000,2.588146e+02,8.043076e+01,1.947326e+02,6.931848e+00,0.000000e+00,4.956571e+04,4.708743e+04,2.811846e+04,1.720508e+02,1.000000e+00,9.500000e-01,7.500000e-01,3,17
772,3.865000,3.653041e+02,1.693741e+02,1.134266e+02,1.077553e+02,0.000000e+00,4.967914e+04,4.719518e+04,2.822622e+04,1.720508e+02,8.363703e-01,9.500000e-01,7.500000e-01,3,17
773,3.870000,3.153736e+02,9.774051e+01,2.150413e+02,0.000000e+00,0.000000e+00,4.989418e+04,4.739947e+04,2.822622e+04,1.720508e+02,0.000000e+00,9.500000e-01,7.500000e-01,3,16
774,3.875000,4.337716e+02,1.849564e+02,1.174461e+02,1.115738e+02,0.000000e+00,5.001162e+04,4.751104e+04,2.833779e+04,1.720508e+02,7.863338e-01,9.500000e-01,7.500000e-01,3,15
775,3.880000,5.829858e+02,2.920049e+02,1.970371e+02,1.871853e+02,0.000000e+00,5.020866e+04,4.769823e+04,2.852497e+04,1.720508e+02,3.741506e-01,9.500000e-01,7.500000e-01,3,17
776,3.885000,6.729186e+02,4.145363e+02,2.743650e+02,2.606468e+02,0.000000e+00,5.048303e+04,4.795888e+04,2.878562e+04,1.720508e+02,7.584025e-01,9.500000e-01,7.500000e-01,2,16
777,3.890000,7.527875e+02,2.428652e+02,3.113618e+02,0.000000e+00,0.000000e+00,5.079439e+04,4.825467e+04,2.878562e+04,1.720508e+02,0.000000e+00,9.500000e-01,7.500000e-01,3,16
778,3.895000,6.673611e+02,4.561587e+02,2.971352e+02,2.822784e+02,0.000000e+00,5.109152e+04,4.853695e+04,2.906790e+04,1.720508e+02,6.761731e-01,9.500000e-01,7.500000e-01,1,15
779,3.900000,7.635418e+02,2.831499e+02,2.263076e+02,0.000000e+00,0.000000e+00,5.131783e+04,4.875194e+04,2.906790e+04,1.720508e+02,0.000000e+00,9.500000e-01,7.500000e-01,2,15
780,3.905000,8.629492e+02,4.446678e+02,2.338998e+02,2.222048e+02,0.000000e+00,5.155173e+04,4.897414e+04,2.929011e+04,1.720508e+02,5.168877e-01,9.500000e-01,7.500000e-01,2,14
781,3.910000,1.050871e+03,6.840255e+02,4.673060e+02,4.439407e+02,0.000000e+00,5.201904e+04,4.941809e+04,2.973405e+04,1.720508e+02,7.765569e-01,9.500000e-01,7.500000e-01,2,12
782,3.915000,1.342496e+03,1.128012e+03,7.275717e+02,6.911931e+02,0.000000e+00,5.274661e+04,5.010928e+04,3.042524e+04,1.720508e+02,7.518999e-01,9.500000e-01,7.500000e-01,2,10
783,3.920000,1.666837e+03,1.404464e+03,7.631571e+02,7.249993e+02,0.000000e+00,5.350977e+04,5.083428e+04,3.115024e+04,1.720508e+02,5.268932e-01,9.500000e-01,7.500000e-01,2,8
784,3.925000,2.163104e+03,1.931240e+03,1.167686e+03,1.109302e+03,0.000000e+00,5.467745e+04,5.194358e+04,3.225954e+04,1.720508e+02,5.568588e-01,9.500000e-01,7.500000e-01,2,8
785,3.930000,2.632488e+03,2.215950e+03,1.104432e+03,9.092262e+02,0.000000e+00,5.578188e+04,5.299279e+04,3.316877e+04,1.720508e+02,1.000000e+00,9.500000e-01,7.500000e-01,2,9
786,3.935000,1.381055e+03,2.497480e+03,1.251433e+03,1.188861e+03,0.000000e+00,5.703332e+04,5.418165e+04,3.435763e+04,1.720508e+02,6.407186e-01,9.500000e-01,7.500000e-01,0,12
787,3.940000,1.953739e+03,1.503188e+03,0.000000e+00,0.000000e+00,0.000000e+00,5.703332e+04,5.418165e+04,3.435763e+04,1.720508e+02,0.000000e+00,9.500000e-01,7.500000e-01,0,7
788,3.945000,1.947363e+03,1.114953e+03,6.375521e+00,0.000000e+00,4.188014e+01,5.703969e+04,5.418771e+04,3.435763e+04,2.139310e+02,1.000000e+00,9.500000e-01,7.500000e-01,0,6
789,3.950000,1.911496e+03,9.359084e+02,3.586728e+01,0.000000e+00,0.000000e+00,5.707556e+04,5.422178e+04,3.435763e+04,2.139310e+02,0.000000e+00,9.500000e-01,7.500000e-01,0,4
790,3.955000,1.876060e+03,8.120321e+02,3.543542e+01,0.000000e+00,0.000000e+00,5.711100e+04,5.425545e+04,3.435763e+04,2.139310e+02,0.000000e+00,9.500000e-01,7.500000e-01,0,3
791,3.960000,1.841057e+03,7.103566e+02,3.500356e+01,0.000000e+00,0.000000e+00,5.714600e+04,5.428870e+04,3.435763e+04,2.139310e+02,0.000000e+00,9.500000e-01,7.500000e-01,0,3
792,3.965000,1.806485e+03,6.266609e+02,3.457170e+01,0.000000e+00,0.000000e+00,5.718057e+04,5.432154e+04,3.435763e+04,2.139310e+02,0.000000e+00,9.500000e-01,7.500000e-01,0,3
793,3.970000,1.772345e+03,5.615837e+02,3.413984e+01,0.000000e+00,0.000000e+00,5.721471e+04,5.435398e+04,3.435763e+04,2.139310e+02,0.000000e+00,9.500000e-01,7.500000e-01,0,1
794,3.975000,1.738637e+03,5.615837e+02,3.370798e+01,0.000000e+00,0.000000e+00,5.724842e+04,5.438600e+04,3.435763e+04,2.139310e+02,0.000000e+00,9.500000e-01,7.500000e-01,0,0
795,3.980000,1.705361e+03,5.615837e+02,3.327612e+01,0.000000e+00,0.000000e+00,5.728169e+04,5.441761e+04,3.435763e+04,2.139310e+02,0.000000e+00,9.500000e-01,7.500000e-01,0,0
796,3.985000,1.672517e+03,5.615837e+02,3.284426e+01,0.000000e+00,0.000000e+00,5.731454e+04,5.444881e+04,3.435763e+04,2.139310e+02,0.000000e+00,9.500000e-01,7.500000e-01,0,0
797,3.990000,1.640104e+03,5.615837e+02,3.241240e+01,0.000000e+00,0.000000e+00,5.734695e+04,5.447960e+04,3.435763e+04,2.139310e+02,0.000000e+00,9.500000e-01,7.500000e-01,0,0
798,3.995000,1.608124e+03,5.615837e+02,3.198054e+01,0.000000e+00,0.000000e+00,5.737893e+04,5.450999e+04,3.435763e+04,2.139310e+02,0.000000e+00,9.500000e-01,7.500000e-01,0,0
799,4.000000,1.576575e+03,5.615837e+02,3.154868e+01,0.000000e+00,0.000000e+00,5.741048e+04,5.453996e+04,3.435763e+04,2.139310e+02,0.000000e+00,9.500000e-01,7.500000e-01,0,0
