t,total,KE_slab,PEel_slab,KE_cubes,max_pen,impactor_y,KE_body0,KE_body1,KE_body2
0,1.5890325,0.00016638118,5.2303011e-06,1.4426758e-05,0,nan,0.00016638118,7.2133788e-06,7.2133788e-06
0.0005,1.5888481,0.00062927849,3.9356739e-05,5.7689725e-05,0,nan,0.00062927849,2.8844862e-05,2.8844862e-05
0.001,1.5886655,0.0013343352,0.00012841951,0.00012976296,0,nan,0.0013343352,6.4881479e-05,6.4881479e-05
0.0015,1.5884845,0.0022385757,0.00028695782,0.00023062053,0,nan,0.0022385757,0.00011531026,0.00011531026
0.002,1.5883048,0.0033112849,0.00051889495,0.00036023653,0,nan,0.0033112849,0.00018011826,0.00018011826
0.0025,1.5881259,0.0045245381,0.00082813614,0.00051858507,0,nan,0.0045245381,0.00025929253,0.00025929253
0.003,1.5879465,0.0058428347,0.0012295351,0.00070564027,0,nan,0.0058428347,0.00035282014,0.00035282014
0.0035,1.5877655,0.007218774,0.0017532102,0.00092137629,0,nan,0.007218774,0.00046068815,0.00046068815
0.004,1.5875821,0.0085961365,0.0024407621,0.0011657673,2.7755576e-17,nan,0.0085961365,0.00058288364,0.00058288364
0.0045,1.5873962,0.009917186,0.0033366669,0.0014387874,0,nan,0.009917186,0.00071939372,0.00071939372
0.005,1.5872079,0.011129673,0.004479655,0.001740411,0,nan,0.011129673,0.00087020548,0.00087020548
0.0055,1.5870178,0.0121906,0.0058974236,0.0020706121,0,nan,0.0121906,0.001035306,0.001035306
0.006,1.5868267,0.013066473,0.007605316,0.002429365,0,nan,0.013066473,0.0012146825,0.0012146825
0.0065,1.5866349,0.01373169,0.0096075086,0.0028166439,0,nan,0.01373169,0.001408322,0.001408322
0.007,1.5864431,0.014167084,0.011898686,0.0032324232,0,nan,0.014167084,0.0016162116,0.0016162116
0.0075,1.5862517,0.014359743,0.014464922,0.0036766772,0,nan,0.014359743,0.0018383386,0.0018383386
0.008,1.5860616,0.014303994,0.017283664,0.0041493801,0,nan,0.014303994,0.00207469,0.00207469
0.0085,1.5858733,0.014002685,0.020323485,0.0046505062,0,nan,0.014002685,0.0023252531,0.0023252531
0.009,1.5856877,0.013467832,0.023544389,0.00518003,0,nan,0.013467832,0.002590015,0.002590015
0.0095,1.5855056,0.012720214,0.026898981,0.0057379257,0,nan,0.012720214,0.0028689628,0.0028689628
0.01,1.5853274,0.011788093,0.030334325,0.0063241678,0,nan,0.011788093,0.0031620839,0.0031620839
0.0105,1.5851536,0.010705501,0.033793968,0.0069387306,0,nan,0.010705501,0.0034693653,0.0034693653
0.011,1.5849847,0.0095105727,0.037219732,0.0075815886,0,nan,0.0095105727,0.0037907943,0.0037907943
0.0115,1.5848207,0.0082441161,0.040553069,0.0082527162,0,nan,0.0082441161,0.0041263581,0.0041263581
0.012,1.5846619,0.0069483692,0.043736103,0.0089520878,0,nan,0.0069483692,0.0044760439,0.0044760439
0.0125,1.584508,0.0056657875,0.046712593,0.009679678,0,nan,0.0056657875,0.004839839,0.004839839
0.013,1.584359,0.0044377332,0.049428996,0.010435461,0,nan,0.0044377332,0.0052177306,0.0052177306
0.0135,1.5842146,0.0033030678,0.051835707,0.011219412,0,nan,0.0033030678,0.0056097059,0.0056097059
0.014,1.5840743,0.0022967539,0.053888387,0.012031505,0,nan,0.0022967539,0.0060157523,0.0060157523
0.0145,1.5839377,0.0014486133,0.055549246,0.012871714,0,nan,0.0014486133,0.0064358569,0.0064358569
0.015,1.5838039,0.00078234807,0.056788155,0.013740014,0,nan,0.00078234807,0.0068700072,0.0068700072
0.0155,1.5836725,0.00031486646,0.057583509,0.01463638,0,nan,0.00031486646,0.0073181902,0.0073181902
0.016,1.5835427,5.5898092e-05,0.057922822,0.015560787,0,nan,5.5898092e-05,0.0077803935,0.0077803935
0.0165,1.5834138,7.8596549e-06,0.057803048,0.016513208,0,nan,7.8596549e-06,0.0082566042,0.0082566042
0.017,1.583285,0.00016594279,0.057230645,0.017493619,0,nan,0.00016594279,0.0087468097,0.0087468097
0.0175,1.5831556,0.00051841478,0.056221351,0.018501994,0,nan,0.00051841478,0.0092509972,0.0092509972
0.018,1.5830252,0.0010471351,0.054799674,0.019538308,0,nan,0.0010471351,0.0097691542,0.0097691542
0.0185,1.582893,0.0017282863,0.052998105,0.020602536,0,nan,0.0017282863,0.010301268,0.010301268
0.019,1.5827586,0.0025333007,0.050856055,0.021694652,0,nan,0.0025333007,0.010847326,0.010847326
0.0195,1.5826217,0.0034299467,0.048418604,0.022814631,0,nan,0.0034299467,0.011407315,0.011407315
0.02,1.5824821,0.0043835237,0.045735093,0.023962447,0,nan,0.0043835237,0.011981224,0.011981224
0.0205,1.5823395,0.0053581143,0.04285766,0.025138076,0,nan,0.0053581143,0.012569038,0.012569038
0.021,1.5821941,0.006317845,0.039839755,0.026341492,0,nan,0.006317845,0.013170746,0.013170746
0.0215,1.5820458,0.0072281129,0.036734709,0.027572671,0,nan,0.0072281129,0.013786335,0.013786335
0.022,1.581895,0.008056742,0.033594379,0.028831586,0,nan,0.008056742,0.014415793,0.014415793
0.0225,1.5817419,0.0087750348,0.030467921,0.030118212,2.7755576e-17,nan,0.0087750348,0.015059106,0.015059106
0.023,1.5815869,0.0093586861,0.027400702,0.031432526,2.7755576e-17,nan,0.0093586861,0.015716263,0.015716263
0.0235,1.5814306,0.0097885307,0.02443339,0.0327745,5.5511151e-17,nan,0.0097885307,0.01638725,0.01638725
0.024,1.5812733,0.010051099,0.021601231,0.034144111,0,nan,0.010051099,0.017072055,0.017072055
0.0245,1.5811157,0.010138964,0.01893353,0.035541333,0,nan,0.010138964,0.017770666,0.017770666
0.025,1.5809584,0.010050875,0.016453343,0.036966141,0,nan,0.010050875,0.01848307,0.01848307
0.0255,1.5808017,0.0097916672,0.014177371,0.03841851,0,nan,0.0097916672,0.019209255,0.019209255
0.026,1.5806464,0.0093719765,0.012116059,0.039898415,0,nan,0.0093719765,0.019949207,0.019949207
0.0265,1.5804928,0.0088077498,0.01027388,0.041405831,0,nan,0.0088077498,0.020702915,0.020702915
0.027,1.5803413,0.0081195902,0.0086498023,0.042940732,0,nan,0.0081195902,0.021470366,0.021470366
0.0275,1.5801923,0.0073319545,0.0072378955,0.044503095,0,nan,0.0073319545,0.022251547,0.022251547
0.028,1.580046,0.0064722341,0.006028079,0.046092893,0,nan,0.0064722341,0.023046447,0.023046447
0.0285,1.5799025,0.0055697545,0.0050069625,0.047710103,0,nan,0.0055697545,0.023855051,0.023855051
0.029,1.5797619,0.0046547275,0.0041587562,0.049354698,0,nan,0.0046547275,0.024677349,0.024677349
0.0295,1.5796241,0.0037571952,0.0034662117,0.051026655,0,nan,0.0037571952,0.025513327,0.025513327
0.03,1.5794889,0.0029060008,0.0029115588,0.052725947,0,nan,0.0029060008,0.026362974,0.026362974
0.0305,1.5793562,0.0021278217,0.0024774031,0.054452551,0,nan,0.0021278217,0.027226276,0.027226276
0.031,1.5792256,0.0014462981,0.0021475491,0.056206441,0,nan,0.0014462981,0.028103221,0.028103221
0.0315,1.5790967,0.00088128227,0.0019077224,0.057987593,0,nan,0.00088128227,0.028993797,0.028993797
0.032,1.578969,0.00044823438,0.0017461628,0.059795982,0,nan,0.00044823438,0.029897991,0.029897991
0.0325,1.5788421,0.00015778105,0.0016540707,0.061631582,0,nan,0.00015778105,0.030815791,0.030815791
0.033,1.5787155,1.5449006e-05,0.0016258936,0.063494369,0,nan,1.5449006e-05,0.031747185,0.031747185
0.0335,1.5785886,2.1579301e-05,0.0016594451,0.065384319,0,nan,2.1579301e-05,0.03269216,0.03269216
0.034,1.578461,0.00017142151,0.0017558568,0.067301406,0,nan,0.00017142151,0.033650703,0.033650703
0.0345,1.5783321,0.00045540095,0.0019193707,0.069245606,0,nan,0.00045540095,0.034622803,0.034622803
0.035,1.5782015,0.00085954611,0.0021569828,0.071216894,0,nan,0.00085954611,0.035608447,0.035608447
0.0355,1.5780689,0.0013660585,0.002477956,0.073215245,0,nan,0.0013660585,0.036607623,0.036607623
0.036,1.5779339,0.0019540023,0.0028932261,0.075240635,0,nan,0.0019540023,0.037620317,0.037620317
0.0365,1.5777964,0.0026000873,0.0034147233,0.077293039,0,nan,0.0026000873,0.038646519,0.038646519
0.037,1.5776561,0.0032795176,0.0040546396,0.079372431,0,nan,0.0032795176,0.039686216,0.039686216
0.0375,1.577513,0.0039668732,0.0048246704,0.081478789,0,nan,0.0039668732,0.040739394,0.040739394
0.038,1.5773671,0.0046369966,0.0057352596,0.083612086,0,nan,0.0046369966,0.041806043,0.041806043
0.0385,1.5772185,0.0052658512,0.0067948781,0.085772299,0,nan,0.0052658512,0.04288615,0.04288615
0.039,1.5770673,0.005831324,0.0080093624,0.087959403,0,nan,0.005831324,0.043979701,0.043979701
0.0395,1.5769138,0.0063139456,0.0093813387,0.090173372,0,nan,0.0063139456,0.045086686,0.045086686
0.04,1.5767583,0.006697505,0.010909754,0.092414183,0,nan,0.006697505,0.046207092,0.046207092
0.0405,1.5766012,0.0069695395,0.012589531,0.094681812,0,nan,0.0069695395,0.047340906,0.047340906
0.041,1.5764427,0.0071216861,0.014411366,0.096976232,0,nan,0.0071216861,0.048488116,0.048488116
0.0415,1.5762833,0.0071498849,0.016361662,0.099297421,0,nan,0.0071498849,0.049648711,0.049648711
0.042,1.5761233,0.0070544298,0.018422627,0.10164535,0,nan,0.0070544298,0.050822677,0.050822677
0.0425,1.5759632,0.0068398702,0.020572508,0.10402,0,nan,0.0068398702,0.052010002,0.052010002
0.043,1.5758033,0.0065147663,0.022785966,0.10642135,0,nan,0.0065147663,0.053210675,0.053210675
0.0435,1.5756438,0.0060913139,0.02503459,0.10884937,0,nan,0.0060913139,0.054424683,0.054424683
0.044,1.5754851,0.0055848504,0.027287509,0.11130403,0,nan,0.0055848504,0.055652014,0.055652014
0.0445,1.5753274,0.0050132633,0.029512108,0.11378531,0,nan,0.0050132633,0.056892656,0.056892656
0.045,1.5751708,0.0043963241,0.031674807,0.11629319,0,nan,0.0043963241,0.058146596,0.058146596
0.0455,1.5750153,0.0037549698,0.033741883,0.11882764,0,nan,0.0037549698,0.059413822,0.059413822
0.046,1.5593163,0.0049021118,0.036113034,0.098848246,6.8064329e-05,nan,0.0049021118,0.042063899,0.056784347
0.0465,1.5457997,0.0090807515,0.039516531,0.063531185,0.00013714353,nan,0.0090807515,0.019464962,0.044066223
0.047,1.5356931,0.015207352,0.044647996,0.031198333,0.00015662106,nan,0.015207352,0.0073063286,0.023892004
0.0475,1.5276106,0.021265787,0.051744161,0.0096123951,0.00015077292,nan,0.021265787,0.002536775,0.0070756201
0.048,1.520937,0.025557827,0.060394827,0.0010275926,0.00013160356,nan,0.025557827,0.00076413851,0.00026345407
0.0485,1.5153422,0.027190589,0.069707081,0.0014412155,0.00010381136,nan,0.027190589,0.00015808452,0.0012831309
0.049,1.5106128,0.026166771,0.078600347,0.0045452553,7.0296142e-05,nan,0.026166771,0.00017928371,0.0043659716
0.0495,1.5065846,0.02330053,0.086159717,0.0061448431,3.5175518e-05,nan,0.02330053,0.00045018345,0.0056946597
0.05,1.5036106,0.019838025,0.09198773,0.0057045994,4.9967191e-06,nan,0.019838025,0.00042782257,0.0052767768
0.0505,1.5020942,0.017119087,0.096567599,0.005142711,0,nan,0.017119087,0.0002617147,0.0048809963
0.051,1.5007626,0.014713794,0.10050678,0.0046907544,0,nan,0.014713794,0.00018051238,0.004510242
0.0515,1.4995335,0.012139719,0.10421575,0.0042691791,0,nan,0.012139719,0.00011519058,0.0041539885
0.052,1.4984046,0.0092683178,0.10778356,0.0038771792,0,nan,0.0092683178,6.4582397e-05,0.0038125968
0.0525,1.4973802,0.0063046875,0.11098929,0.0035145555,0,nan,0.0063046875,2.8605076e-05,0.0034859505
0.053,1.4964582,0.0036442214,0.11343622,0.0031811012,0,nan,0.0036442214,7.0798151e-06,0.0031740214
0.0535,1.4956276,0.0016996901,0.11471931,0.002876798,0,nan,0.0016996901,6.7499286e-10,0.0028767973
0.054,1.494872,0.00077473354,0.11454907,0.0026016174,0,nan,0.00077473354,7.3526955e-06,0.0025942647
0.0545,1.4941726,0.0010029847,0.11281026,0.002355533,0,nan,0.0010029847,2.912269e-05,0.0023264103
0.055,1.4935119,0.0023397157,0.10956781,0.0021385187,0,nan,0.0023397157,6.52977e-05,0.002073221
0.0555,1.4928752,0.0045915173,0.1050354,0.0019505484,0,nan,0.0045915173,0.00011586475,0.0018346837
0.056,1.492136,0.0073777091,0.099554504,0.0017128875,4.6107995e-06,nan,0.0073777091,0.00010210232,0.0016107852
0.0565,1.4913494,0.010149203,0.093568827,0.0014059896,1.647835e-05,nan,0.010149203,4.4772374e-06,0.0014015123
0.057,1.4906391,0.01268868,0.087430223,0.0013427976,2.0586523e-05,nan,0.01268868,0.00013594551,0.0012068521
0.0575,1.4899844,0.014933134,0.081313682,0.0015527806,1.9191527e-05,nan,0.014933134,0.0005259893,0.0010267913
0.058,1.4893775,0.016970974,0.075214212,0.0018370909,1.5047208e-05,nan,0.016970974,0.00097577401,0.0008613169
0.0585,1.4888126,0.018955149,0.069026134,0.0020340424,1.0739119e-05,nan,0.018955149,0.0013236266,0.00071041576
0.059,1.488282,0.02098896,0.062646448,0.0021271964,7.8492912e-06,nan,0.02098896,0.0015531216,0.00057407482
0.0595,1.4877766,0.023064547,0.056048775,0.0021840616,6.7197977e-06,nan,0.023064547,0.0017317806,0.00045228101
0.06,1.4872872,0.025075133,0.04930941,0.0022711444,6.8098271e-06,nan,0.025075133,0.0019261231,0.00034502126
0.0605,1.4868069,0.026867813,0.042591213,0.0024138442,7.2647173e-06,nan,0.026867813,0.0021615617,0.00025228251
0.061,1.4863316,0.028296404,0.036100722,0.0025928127,7.3802006e-06,nan,0.028296404,0.0024187609,0.00017405173
0.0615,1.4858611,0.029254128,0.030037454,0.0027588408,6.8258323e-06,nan,0.029254128,0.0026485249,0.00011031588
0.062,1.4853977,0.029685166,0.024552831,0.0028574402,5.6402799e-06,nan,0.029685166,0.0027963783,6.1061927e-05
0.0625,1.4849448,0.029582207,0.01972907,0.0028529017,4.0907036e-06,nan,0.029582207,0.0028266248,2.6276862e-05
0.063,1.4845061,0.028976949,0.015579479,0.0027402694,2.5016381e-06,nan,0.028976949,0.0027343217,5.9476743e-06
0.0635,1.4840839,0.027927365,0.012065142,0.0025414842,1.1278539e-06,nan,0.027927365,0.0025414228,6.1364913e-08
0.064,1.483679,0.02650364,0.0091197953,0.0022919276,9.9642553e-08,nan,0.02650364,0.0022833226,8.6049443e-06
0.0645,1.4832922,0.02473917,0.0066742155,0.0020641036,0,nan,0.02473917,0.0020325382,3.1565432e-05
0.065,1.4829209,0.022712712,0.0046716065,0.0018653653,0,nan,0.022712712,0.0017964355,6.8929856e-05
0.0655,1.4825636,0.020488211,0.0030741053,0.0016956551,0,nan,0.020488211,0.0015749699,0.00012068525
0.066,1.482219,0.018113745,0.0018577706,0.0015549466,0,nan,0.018113745,0.001368128,0.00018681867
0.0665,1.4818866,0.015633772,0.0010009388,0.0014432137,0,nan,0.015633772,0.0011758965,0.00026731717
0.067,1.4815512,0.01310113,0.00047235391,0.0013447667,2.1257187e-07,nan,0.01310113,0.00098848063,0.00035628603
0.0675,1.4806354,0.01058382,0.00022410359,0.00037432246,1.669796e-05,nan,0.01058382,0.00028033035,9.3992106e-05
0.068,1.4800087,0.0080882844,0.00018988657,1.2858816e-05,1.6926512e-05,nan,0.0080882844,1.2279071e-05,5.7974524e-07
0.0685,1.4794857,0.0055188103,0.00029084727,4.9419817e-05,1.405613e-05,nan,0.0055188103,4.60515e-06,4.4814667e-05
0.069,1.4790623,0.0032890151,0.00046031141,0.00014972198,1.8521415e-05,nan,0.0032890151,3.7617061e-05,0.00011210492
0.0695,1.4786944,0.0016188045,0.00063704156,0.00028226003,1.6750717e-05,nan,0.0016188045,0.00010446348,0.00017779655
0.07,1.4783622,0.0005539708,0.00076304892,0.00036278986,1.1623611e-05,nan,0.0005539708,0.00013413245,0.0002286574
0.0705,1.4780546,5.7851281e-05,0.000797821,0.00033983731,5.7517712e-06,nan,5.7851281e-05,0.00010491346,0.00023492385
0.071,1.4777639,6.1668493e-05,0.00073317728,0.00023240327,1.0417328e-06,nan,6.1668493e-05,5.2753335e-05,0.00017964993
0.0715,1.4775177,0.00049588605,0.00059480537,0.00013443258,0,nan,0.00049588605,1.9795835e-05,0.00011463674
0.072,1.4772771,0.0013000677,0.00042599531,6.7274857e-05,0,nan,0.0013000677,3.0346818e-06,6.4240175e-05
0.0725,1.4770374,0.0024074227,0.00027541851,2.9277102e-05,0,nan,0.0024074227,9.0098989e-07,2.8376112e-05
0.073,1.4767978,0.0037536589,0.00018805193,2.0154198e-05,0,nan,0.0037536589,1.3187435e-05,6.9667633e-06
0.0735,1.4765581,0.0052824394,0.00020027975,3.9895645e-05,0,nan,0.0052824394,3.9893421e-05,2.2244475e-09
0.074,1.476318,0.0069446567,0.0003407728,8.8468597e-05,0,nan,0.0069446567,8.0999985e-05,7.4686126e-06
0.0745,1.4760771,0.0086932502,0.00063563507,0.00016584706,0,nan,0.0086932502,0.00013649419,2.9352877e-05
0.075,1.475835,0.010477468,0.0011140698,0.00027200511,0,nan,0.010477468,0.00020636306,6.5642048e-05
0.0755,1.4755908,0.012239818,0.0018113471,0.0004069168,0,nan,0.012239818,0.00029059364,0.00011632316
0.076,1.4753441,0.013916836,0.002767911,0.00057055627,0,nan,0.013916836,0.000389173,0.00018138326
0.0765,1.4750948,0.015443024,0.0040252882,0.00076289763,0,nan,0.015443024,0.00050208822,0.00026080941
0.077,1.4748432,0.016756437,0.0056203586,0.00098391504,0,nan,0.016756437,0.00062932638,0.00035458866
0.0775,1.4745902,0.017804258,0.0075796907,0.0012335827,0,nan,0.017804258,0.00077087458,0.00046270809
0.078,1.4743366,0.018547048,0.0099153155,0.0015118747,0,nan,0.018547048,0.00092671991,0.00058515478
0.0785,1.4740837,0.018960906,0.012622718,0.0018187653,0,nan,0.018960906,0.0010968495,0.00072191583
0.079,1.4738328,0.019037473,0.015681124,0.0021542288,0,nan,0.019037473,0.0012812505,0.00087297833
0.0795,1.4735849,0.018782284,0.019055558,0.0025182393,0,nan,0.018782284,0.0014799099,0.0010383294
0.08,1.4733409,0.018212291,0.022699797,0.0029107711,0,nan,0.018212291,0.001692815,0.0012179561
0.0805,1.4731016,0.017353397,0.026559352,0.0033317986,0,nan,0.017353397,0.0019199529,0.0014118457
0.081,1.4728676,0.016238558,0.030573822,0.0037812959,0,nan,0.016238558,0.0021613107,0.0016199852
0.0815,1.4726396,0.014906646,0.034678419,0.0042592375,0,nan,0.014906646,0.0024168757,0.0018423618
0.082,1.4724179,0.01340186,0.038804811,0.0047655975,0,nan,0.01340186,0.0026866349,0.0020789626
0.0825,1.4722029,0.01177329,0.042881713,0.0053003505,0,nan,0.01177329,0.0029705757,0.0023297748
0.083,1.4719949,0.010074154,0.046835686,0.0058634707,0,nan,0.010074154,0.003268685,0.0025947856
0.0835,1.4716053,0.0085309337,0.050628215,0.0060363311,4.94643e-06,nan,0.0085309337,0.0031623489,0.0028739822
0.084,1.4710806,0.0074949804,0.054306128,0.0051263681,2.0146876e-05,nan,0.0074949804,0.0019590163,0.0031673517
0.0845,1.470693,0.0065628028,0.057855609,0.0043330157,2.4095507e-05,nan,0.0065628028,0.00085813424,0.0034748814
0.085,1.470387,0.0054986947,0.061205254,0.0040839464,2.0552021e-05,nan,0.0054986947,0.0002873879,0.0037965585
0.0855,1.4701343,0.0042637028,0.064242438,0.0042260462,1.3748896e-05,nan,0.0042637028,9.3676131e-05,0.0041323701
0.086,1.4692214,0.0030714112,0.066888963,0.0032793039,1.658677e-05,nan,0.0030714112,0.00026551049,0.0030137934
0.0865,1.4686685,0.0021493804,0.069154617,0.0021760341,2.4304508e-05,nan,0.0021493804,0.000591361,0.0015846731
0.087,1.468293,0.0015147838,0.071093149,0.0012593046,2.6252603e-05,nan,0.0015147838,0.00060215641,0.0006571482
0.0875,1.467999,0.0010610432,0.072738752,0.00051547665,3.2380353e-05,nan,0.0010610432,0.0003211852,0.00019429144
0.088,1.4677489,0.00068325847,0.074073656,9.6461522e-05,3.3059176e-05,nan,0.00068325847,7.8266116e-05,1.8195406e-05
0.0885,1.4675263,0.00034608281,0.075030155,1.689608e-05,2.9475472e-05,nan,0.00034608281,1.7166336e-06,1.5179446e-05
0.089,1.4673232,9.295168e-05,0.075520152,0.00013241494,2.3995737e-05,nan,9.295168e-05,2.6552784e-05,0.00010586215
0.0895,1.4671344,5.0699321e-06,0.075470222,0.00029394302,1.8523684e-05,nan,5.0699321e-06,7.7637698e-05,0.00021630532
0.09,1.4669558,0.00015161659,0.074841486,0.0004187531,1.4049526e-05,nan,0.00015161659,0.00012690446,0.00029184865
0.0905,1.4667842,0.000562774,0.073632123,0.00048753769,1.0884165e-05,nan,0.000562774,0.00017150978,0.00031602791
0.091,1.4666174,0.0012264558,0.071870898,0.00051742403,9.0104872e-06,nan,0.0012264558,0.00021309927,0.00030432475
0.0915,1.4664536,0.0020982921,0.069607853,0.00053496452,8.28368e-06,nan,0.0020982921,0.00025269576,0.00028226876
0.092,1.4662921,0.0031172642,0.06690461,0.00056161544,8.4826779e-06,nan,0.0031172642,0.00029200692,0.00026960852
0.0925,1.4661322,0.0042215076,0.063826371,0.00061134529,9.3134069e-06,nan,0.0042215076,0.00033424456,0.00027710073
0.093,1.4659737,0.0053591779,0.060437663,0.00069262212,1.0434714e-05,nan,0.0053591779,0.00038305902,0.00030956309
0.0935,1.4658162,0.0064916712,0.056802,0.00080924108,1.1515657e-05,nan,0.0064916712,0.00044084089,0.00036840019
0.094,1.465659,0.007590553,0.052983435,0.00095926512,1.2297398e-05,nan,0.007590553,0.00050758465,0.00045168047
0.0945,1.4655017,0.0086321658,0.049047437,0.0011339516,1.2632539e-05,nan,0.0086321658,0.00058071593,0.00055323569
0.095,1.4653437,0.0095935536,0.045059721,0.001318554,1.2491443e-05,nan,0.0095935536,0.00065577323,0.00066278079
0.0955,1.4651849,0.010451154,0.041083381,0.0014954385,1.1940874e-05,nan,0.010451154,0.00072756983,0.00076786867
0.096,1.4650254,0.011181685,0.037175605,0.0016483806,1.1107497e-05,nan,0.011181685,0.00079136528,0.00085701531
0.0965,1.4648658,0.011763878,0.033385266,0.0017662248,1.0138553e-05,nan,0.011763878,0.00084367939,0.00092254543
0.097,1.4647065,0.01218004,0.029751956,0.0018445413,9.1683485e-06,nan,0.01218004,0.0008826008,0.00096194049
0.0975,1.4645482,0.012417082,0.026306411,0.0018849985,8.2952347e-06,nan,0.012417082,0.00090764138,0.0009773571
0.098,1.4643914,0.012467166,0.02307182,0.0018931502,7.570609e-06,nan,0.012467166,0.0009192976,0.00097385258
0.0985,1.4642368,0.012328163,0.020065415,0.0018757451,6.9991941e-06,nan,0.012328163,0.00091851064,0.00095723442
0.099,1.4640848,0.012004027,0.01729983,0.0018385004,6.548229e-06,nan,0.012004027,0.00090619315,0.00093230729
0.0995,1.4639357,0.011505008,0.014783894,0.0017848302,6.16216e-06,nan,0.011505008,0.00088293663,0.00090189354
0.1,1.4637901,0.010847548,0.012522761,0.00171559,5.7790747e-06,nan,0.010847548,0.00084894686,0.00086664311
0.1005,1.4636481,0.01005377,0.010517515,0.0016296493,5.3454745e-06,nan,0.01005377,0.00080419217,0.0008254571
0.101,1.4635102,0.0091504937,0.0087645794,0.0015249994,4.82691e-06,nan,0.0091504937,0.00074870073,0.00077629869
0.1015,1.4633766,0.0081678531,0.0072553158,0.001400082,4.2132334e-06,nan,0.0081678531,0.0006829132,0.00071716879
0.102,1.4632476,0.007137655,0.0059761205,0.0012550174,3.5184517e-06,nan,0.007137655,0.0006079889,0.00064702852
0.1025,1.4631233,0.0060917017,0.0049091414,0.0010924388,2.7761538e-06,nan,0.0060917017,0.00052597706,0.00056646172
0.103,1.4630038,0.0050603232,0.0040335083,0.00091772057,2.032096e-06,nan,0.0050603232,0.00043979991,0.00047792066
0.1035,1.4628888,0.0040713225,0.003326827,0.00073854282,1.3357235e-06,nan,0.0040713225,0.0003530428,0.00038550002
0.104,1.4627782,0.0031494244,0.0027666523,0.00056391034,7.3225561e-07,nan,0.0031494244,0.00026959609,0.00029431425
0.1045,1.4626715,0.0023161751,0.0023317344,0.00040289111,2.5655108e-07,nan,0.0023161751,0.00019322934,0.00020966177
0.105,1.4625686,0.0015890182,0.0020029803,0.00026466243,0,nan,0.0015890182,0.00012566991,0.00013899252
0.1055,1.4624689,0.00098323883,0.0017640959,0.00015542088,0,nan,0.00098323883,7.2607275e-05,8.2813604e-05
0.106,1.4623718,0.00051496391,0.001602002,7.5129826e-05,0,nan,0.00051496391,3.4019997e-05,4.1109829e-05
0.1065,1.4622768,0.0001951584,0.001507157,2.3760058e-05,0,nan,0.0001951584,9.8918969e-06,1.3868161e-05
0.107,1.4621833,2.9424917e-05,0.0014736898,1.3802302e-06,1.2765745e-07,nan,2.9424917e-05,3.0463766e-07,1.0755925e-06
0.1075,1.4620909,1.9947603e-05,0.0014994326,6.2053583e-06,3.6656509e-07,nan,1.9947603e-05,3.486234e-06,2.7191243e-06
0.108,1.461999,0.00016436111,0.0015858188,3.5989864e-05,5.5376477e-07,nan,0.00016436111,1.7204093e-05,1.8785772e-05
0.1085,1.4619071,0.00045457484,0.0017376369,8.9305153e-05,6.9071569e-07,nan,0.00045457484,4.0042595e-05,4.9262559e-05
0.109,1.4618148,0.00087733591,0.0019626713,0.00016521388,7.958433e-07,nan,0.00087733591,7.1077358e-05,9.4136518e-05
0.1095,1.4617211,0.001416141,0.0022713249,0.00026096423,9.6534232e-07,nan,0.001416141,0.00011310109,0.00014786314
0.11,1.4616262,0.0020544589,0.0026763309,0.00036953972,1.3679728e-06,nan,0.0020544589,0.00016926405,0.00020027567
0.1105,1.4615299,0.0027749823,0.0031923447,0.000482847,1.9976802e-06,nan,0.0027749823,0.0002298058,0.0002530412
0.111,1.4614319,0.0035557775,0.0038351691,0.00059469015,2.6642617e-06,nan,0.0035557775,0.00028813707,0.00030655308
0.1115,1.461332,0.0043696879,0.004620732,0.00070291511,3.2222958e-06,nan,0.0043696879,0.00034294014,0.00035997497
0.112,1.4612301,0.0051866777,0.0055640341,0.0008079326,3.6380303e-06,nan,0.0051866777,0.00039569883,0.00041223377
0.1125,1.4611264,0.0059767885,0.0066782072,0.0009104944,3.9496221e-06,nan,0.0059767885,0.00044766442,0.00046282997
0.113,1.4610209,0.0067123172,0.0079737264,0.001010445,4.214492e-06,nan,0.0067123172,0.00049860287,0.00051184215
0.1135,1.4609139,0.0073690349,0.0094577637,0.0011064282,4.4804815e-06,nan,0.0073690349,0.00054710967,0.00055931851
0.114,1.4608057,0.0079268214,0.011133679,0.0011960401,4.7797652e-06,nan,0.0079268214,0.00059137999,0.00060466014
0.1145,1.4606966,0.0083700295,0.01300066,0.0012760835,5.1325648e-06,nan,0.0083700295,0.00062969494,0.00064638859
0.115,1.4605871,0.0086876527,0.015053513,0.0013428433,5.5507328e-06,nan,0.0086876527,0.00066052217,0.00068232113
0.1155,1.4604775,0.0088732569,0.017282611,0.0013924481,6.038358e-06,nan,0.0088732569,0.00068246799,0.00070998009
0.116,1.4603684,0.0089246785,0.019673944,0.0014213483,6.5910347e-06,nan,0.0089246785,0.00069429847,0.00072704985
0.1165,1.4602601,0.0088435777,0.022209267,0.0014268374,7.1960624e-06,nan,0.0088435777,0.00069507559,0.00073176178
0.117,1.4601531,0.0086349746,0.024866308,0.0014074846,7.834438e-06,nan,0.0086349746,0.00068433116,0.00072315341
0.1175,1.4600478,0.0083068604,0.02761904,0.0013633706,8.4840865e-06,nan,0.0083068604,0.00066218538,0.00070118523
0.118,1.4599446,0.0078699144,0.030438009,0.0012960848,9.1232488e-06,nan,0.0078699144,0.00062936594,0.00066671886
0.1185,1.4598438,0.0073372933,0.033290752,0.0012085139,9.7331579e-06,nan,0.0073372933,0.0005871371,0.00062137678
0.119,1.4597457,0.0067244338,0.036142315,0.001104497,1.0299619e-05,nan,0.0067244338,0.00053717427,0.00056732273
0.1195,1.4596506,0.0060488035,0.038955875,0.0009884326,1.0813515e-05,nan,0.0060488035,0.00048141962,0.00050701299
0.12,1.4595585,0.0053295533,0.041693471,0.00086491038,1.1270468e-05,nan,0.0053295533,0.00042194344,0.00044296694
0.1205,1.4594696,0.0045870548,0.044316832,0.00073841538,1.1669941e-05,nan,0.0045870548,0.00036082469,0.00037759069
0.121,1.4593839,0.0038423296,0.046788248,0.00061312327,1.2014072e-05,nan,0.0038423296,0.00030005685,0.00031306642
0.1215,1.4593014,0.0031164011,0.049071473,0.00049278242,1.2306467e-05,nan,0.0031164011,0.00024148025,0.00025130217
0.122,1.4592219,0.0024296113,0.051132599,0.00038066333,1.2551154e-05,nan,0.0024296113,0.00018673829,0.00019392504
0.1225,1.4591452,0.0018009484,0.05294087,0.00027955038,1.2751803e-05,nan,0.0018009484,0.00013725257,0.00014229781
0.123,1.459071,0.001247425,0.054469415,0.00019175247,1.2911271e-05,nan,0.001247425,9.4210871e-05,9.7541604e-05
0.1235,1.4589992,0.00078353891,0.055695859,0.0001191159,1.3031449e-05,nan,0.00078353891,5.8562548e-05,6.0553355e-05
0.124,1.4589293,0.00042083715,0.056602818,6.3030569e-05,1.3113356e-05,nan,0.00042083715,3.1017278e-05,3.2013291e-05
0.1245,1.458861,0.00016759338,0.057178251,2.4428401e-05,1.3157371e-05,nan,0.00016759338,1.2045281e-05,1.238312e-05
0.125,1.4587938,2.8603984e-05,0.057415681,3.7775182e-06,1.3163523e-05,nan,2.8603984e-05,1.8785851e-06,1.898933e-06
0.1255,1.4587274,5.1014844e-06,0.057314271,1.0779544e-06,1.3131763e-05,nan,5.1014844e-06,5.139733e-07,5.6398112e-07
0.126,1.4586614,9.4782077e-05,0.056878768,1.5864449e-05,1.3062168e-05,nan,9.4782077e-05,7.7186175e-06,8.1458315e-06
0.1265,1.4585954,0.00029194214,0.05611931,4.721999e-05,1.2955051e-05,nan,0.00029194214,2.3039282e-05,2.4180707e-05
0.127,1.4585291,0.00058771687,0.055051117,9.3801473e-05,1.2811002e-05,nan,0.00058771687,4.5815651e-05,4.7985821e-05
0.1275,1.4584622,0.00097041212,0.053694065,0.00015387684,1.263086e-05,nan,0.00097041212,7.5197941e-05,7.8678896e-05
0.128,1.4583943,0.0014259182,0.052072168,0.00022537187,1.241566e-05,nan,0.0014259182,0.00011016869,0.00011520318
0.1285,1.4583253,0.0019381916,0.050212967,0.00030592462,1.2166583e-05,nan,0.0019381916,0.00014956847,0.00015635616
0.129,1.458255,0.0024897871,0.048146867,0.00039294594,1.188493e-05,nan,0.0024897871,0.00019212526,0.00020082067
0.1295,1.4581834,0.003062423,0.045906421,0.0004836851,1.1572126e-05,nan,0.003062423,0.00023648724,0.00024719786
0.13,1.4581103,0.0036375577,0.043525587,0.0005753006,1.1229764e-05,nan,0.0036375577,0.00028125863,0.00029404197
0.1305,1.4580359,0.0041969595,0.041038985,0.00066493574,1.085967e-05,nan,0.0041969595,0.00032503826,0.00033989748
0.131,1.4579602,0.0047232502,0.038481166,0.00074979884,1.0463982e-05,nan,0.0047232502,0.00036646009,0.00038333874
0.1315,1.4578834,0.0052004068,0.03588591,0.00082724643,1.0045219e-05,nan,0.0052004068,0.00040423469,0.00042301174
0.132,1.4578057,0.0056142073,0.033285577,0.00089486712,9.6063288e-06,nan,0.0056142073,0.00043719005,0.00045767708
0.1325,1.4577272,0.0059526102,0.03071052,0.00095056235,9.1507004e-06,nan,0.0059526102,0.0004643102,0.00048625215
0.133,1.4576484,0.0062060595,0.028188582,0.00099261962,8.6821395e-06,nan,0.0062060595,0.00048476952,0.00050785009
0.1335,1.4575694,0.0063677097,0.025744674,0.0010197736,8.204805e-06,nan,0.0063677097,0.00049796075,0.00052181288
0.134,1.4574907,0.0064335684,0.023400459,0.0010312511,7.7231141e-06,nan,0.0064335684,0.00050351517,0.0005277359
0.1345,1.4574125,0.006402555,0.021174133,0.0010267958,7.2416258e-06,nan,0.006402555,0.00050131358,0.00052548218
0.135,1.4573351,0.0062764759,0.019080314,0.0010066725,6.7649154e-06,nan,0.0062764759,0.00049148741,0.0005151851
0.1355,1.4572589,0.0060599198,0.017130035,0.00097164941,6.2974493e-06,nan,0.0060599198,0.00047441009,0.00049723932
0.136,1.4571842,0.0057600758,0.015330839,0.00092296011,5.8434738e-06,nan,0.0057600758,0.00045067908,0.00047228103
0.1365,1.4571111,0.0053864817,0.013686958,0.00086224876,5.4069225e-06,nan,0.0053864817,0.00042109004,0.00044115872
0.137,1.45704,0.0049507075,0.012199582,0.00079150134,4.9913483e-06,nan,0.0049507075,0.00038660448,0.00040489686
0.1375,1.456971,0.0044659853,0.010867198,0.00071296771,4.599882e-06,nan,0.0044659853,0.00034831292,0.00036465479
0.138,1.4569041,0.0039467946,0.0096859817,0.0006290785,4.2352163e-06,nan,0.0039467946,0.00030739542,0.00032168309
0.1385,1.4568396,0.0034084149,0.0086502331,0.00054236087,3.8996117e-06,nan,0.0034084149,0.00026508113,0.00027727974
0.139,1.4567774,0.0028664593,0.0077528376,0.00045535653,3.5949214e-06,nan,0.0028664593,0.00022260875,0.00023274778
0.1395,1.4567175,0.0023364028,0.0069857381,0.00037054473,3.3226288e-06,nan,0.0023364028,0.00018118894,0.00018935579
0.14,1.4566598,0.0018331192,0.0063404011,0.00029027203,3.0838937e-06,nan,0.0018331192,0.00014196972,0.00014830231
0.1405,1.4566041,0.0013704415,0.0058082618,0.00021669026,2.8796002e-06,nan,0.0013704415,0.00010600571,0.00011068455
0.141,1.4565503,0.00096075874,0.005381136,0.00015170312,2.7104033e-06,nan,0.00096075874,7.4231354e-05,7.7471769e-05
0.1415,1.4564982,0.00061466361,0.005051584,9.6921974e-05,2.5767699e-06,nan,0.00061466361,4.7438629e-05,4.9483345e-05
0.142,1.4564476,0.00034065919,0.0048132172,5.363049e-05,2.4790104e-06,nan,0.00034065919,2.6259107e-05,2.7371382e-05
0.1425,1.4563981,0.0001449357,0.0046609382,2.2758355e-05,2.4172996e-06,nan,0.0001449357,1.1150563e-05,1.1607792e-05
0.143,1.4563495,3.122239e-05,0.0045911085,4.863807e-06,2.3916856e-06,nan,3.122239e-05,2.388072e-06,2.4757351e-06
0.1435,1.4563016,7.1833399e-07,0.0046016397,1.2507553e-07,2.4020871e-06,nan,7.1833399e-07,5.9670402e-08,6.5405126e-08
0.144,1.4562539,5.2102756e-05,0.0046920065,8.3408413e-06,2.44828e-06,nan,5.2102756e-05,4.0666297e-06,4.2742116e-06
0.1445,1.4562063,0.00018162275,0.0048631843,2.8939907e-05,2.5298759e-06,nan,0.00018162275,1.412842e-05,1.4811488e-05
0.145,1.4561585,0.0003832537,0.0051175142,6.1000253e-05,2.6462948e-06,nan,0.0003832537,2.9792394e-05,3.1207858e-05
0.1455,1.4561103,0.00064892555,0.005458501,0.00010327752,2.7967356e-06,nan,0.00064892555,5.0448162e-05,5.2829356e-05
0.146,1.4560615,0.00096880592,0.0058905547,0.00015424272,2.9801489e-06,nan,0.00096880592,7.5346464e-05,7.8896258e-05
0.1465,1.4560118,0.0013316301,0.0064186826,0.00021212865,3.1952134e-06,nan,0.0013316301,0.00010362223,0.00010850642
0.147,1.4559613,0.0017250667,0.0070481461,0.00027498394,3.4403212e-06,nan,0.0017250667,0.00013432126,0.00014066268
0.1475,1.4559098,0.0021361062,0.0077840928,0.0003407334,3.7135716e-06,nan,0.0021361062,0.00016642984,0.00017430356
0.148,1.4558572,0.0025514621,0.0086311778,0.00040724269,4.0127773e-06,nan,0.0025514621,0.00019890623,0.00020833646
0.1485,1.4558037,0.0029579711,0.009593188,0.00047238513,4.3354807e-06,nan,0.0029579711,0.00023071318,0.00024167195
0.149,1.4557492,0.0033429815,0.010672681,0.00053410817,4.6789812e-06,nan,0.0033429815,0.00026085009,0.00027325808
0.1495,1.4556939,0.0036947187,0.011870655,0.00059049704,5.0403708e-06,nan,0.0036947187,0.00028838374,0.0003021133
0.15,1.4556379,0.0040026183,0.013186253,0.00063983308,5.416577e-06,nan,0.0040026183,0.00031247648,0.0003273566
0.1505,1.4555814,0.0042576174,0.014616525,0.00068064467,5.804409e-06,nan,0.0042576174,0.00033241081,0.00034823386
0.151,1.4555245,0.0044523965,0.016156241,0.00071174894,6.2006055e-06,nan,0.0044523965,0.00034760959,0.00036413935
0.1515,1.4554676,0.0045815666,0.01779778,0.000732283,6.6018817e-06,nan,0.0045815666,0.00035765122,0.00037463179
0.152,1.4554107,0.0046417957,0.019531076,0.00074172387,7.004972e-06,nan,0.0046417957,0.00036227938,0.00037944448
0.1525,1.4553542,0.0046318728,0.021343651,0.00073989686,7.4066688e-06,nan,0.0046318728,0.00036140736,0.0003784895
0.153,1.4552982,0.0045527083,0.023220715,0.00072697272,7.8038553e-06,nan,0.0045527083,0.00035511675,0.00037185596
0.1535,1.455243,0.0044072705,0.025145334,0.00070345398,8.193531e-06,nan,0.0044072705,0.00034365111,0.00035980286
0.154,1.4551889,0.0042004631,0.027098673,0.00067015167,8.5728324e-06,nan,0.0042004631,0.00032740477,0.0003427469
0.1545,1.455136,0.0039389454,0.029060298,0.00062815347,8.9390476e-06,nan,0.0039389454,0.00030690748,0.00032124599
0.155,1.4550844,0.0036309034,0.031008529,0.00057878466,9.2896259e-06,nan,0.0036309034,0.00028280549,0.00029597917
0.1555,1.4550343,0.0032857784,0.032920836,0.00052356334,9.6221848e-06,nan,0.0032857784,0.00025583974,0.00026772359
0.156,1.4549858,0.0029139626,0.034774277,0.00046415144,9.9345138e-06,nan,0.0029139626,0.00022682195,0.00023732949
0.1565,1.454939,0.0025264705,0.036545944,0.0004023029,1.0224578e-05,nan,0.0025264705,0.00019660921,0.00020569369
0.157,1.4548938,0.0021345973,0.03821343,0.00033981059,1.049052e-05,nan,0.0021345973,0.000166078,0.00017373259
0.1575,1.4548503,0.0017495748,0.039755286,0.00027845332,1.0730665e-05,nan,0.0017495748,0.00013609814,0.00014235518
0.158,1.4548083,0.0013822348,0.041151463,0.00021994435,1.0943521e-05,nan,0.0013822348,0.00010750752,0.00011243682
0.1585,1.4547679,0.0010426914,0.042383729,0.00016588267,1.1127789e-05,nan,0.0010426914,8.1088223e-05,8.479445e-05
0.159,1.4547289,0.0007400493,0.043436043,0.00011770839,1.1282365e-05,nan,0.0007400493,5.7544536e-05,6.016385e-05
0.1595,1.4546911,0.00048214944,0.044294887,7.6663189e-05,1.1406351e-05,nan,0.00048214944,3.7483665e-05,3.9179524e-05
0.16,1.4546544,0.00027535633,0.044949536,4.3757135e-05,1.1499061e-05,nan,0.00027535633,2.1399431e-05,2.2357704e-05
0.1605,1.4546186,0.00012439419,0.045392265,1.9742466e-05,1.1560028e-05,nan,0.00012439419,9.6594957e-06,1.008297e-05
0.161,1.4545834,3.2235399e-05,0.045618491,5.095261e-06,1.1589013e-05,nan,3.2235399e-05,2.4964313e-06,2.5988297e-06
0.1615,1.4545487,4.3586158e-08,0.045626842,5.411752e-09,1.1586012e-05,nan,4.3586158e-08,2.8755288e-09,2.5362232e-09
0.162,1.4545143,2.717196e-05,0.045419153,4.3751801e-06,1.1551256e-05,nan,2.717196e-05,2.130892e-06,2.2442881e-06
0.1625,1.45448,0.00011121587,0.045000394,1.7826373e-05,1.148522e-05,nan,0.00011121587,8.6955386e-06,9.130834e-06
0.163,1.4544455,0.0002481169,0.044378528,3.9715872e-05,1.1388618e-05,nan,0.0002481169,1.9382511e-05,2.0333361e-05
0.1635,1.4544108,0.00043231432,0.043564306,6.9159011e-05,1.12624e-05,nan,0.00043231432,3.37596e-05,3.5399411e-05
0.164,1.4543756,0.00065693859,0.042571006,0.00010506,1.1107747e-05,nan,0.00065693859,5.1291579e-05,5.3768421e-05
0.1645,1.4543399,0.00091404021,0.041414122,0.00014614841,1.0926061e-05,nan,0.00091404021,7.1358019e-05,7.4790386e-05
0.165,1.4543035,0.0011948466,0.040111015,0.00019102045,1.0718953e-05,nan,0.0011948466,9.3273445e-05,9.7747006e-05
0.1655,1.4542665,0.0014900386,0.03868053,0.00023818378,1.0488225e-05,nan,0.0014900386,0.00011630917,0.00012187461
0.166,1.4542287,0.0017900386,0.0371426,0.00028610418,1.0235854e-05,nan,0.0017900386,0.00013971606,0.00014638812
0.1665,1.4541902,0.002085301,0.035517833,0.00033325283,9.9639743e-06,nan,0.002085301,0.00016274758,0.00017050525
0.167,1.454151,0.0023665964,0.033827105,0.0003781524,9.6748506e-06,nan,0.0023665964,0.00018468227,0.00019347013
0.1675,1.4541112,0.0026252816,0.032091168,0.00041942081,9.3708606e-06,nan,0.0026252816,0.00020484508,0.00021457573
0.168,1.4540708,0.0028535474,0.030330273,0.00045581112,9.0544697e-06,nan,0.0028535474,0.00022262683,0.00023318429
0.1685,1.4540301,0.0030446369,0.028563828,0.00048624649,8.7282092e-06,nan,0.0030446369,0.00023750129,0.0002487452
0.169,1.4539891,0.0031930292,0.026810093,0.00050984928,8.3946538e-06,nan,0.0031930292,0.00024903944,0.00026080984
0.1695,1.453948,0.0032945822,0.025085919,0.00052596349,8.0563997e-06,nan,0.0032945822,0.0002569204,0.00026904309
0.17,1.4539069,0.0033466326,0.02340654,0.00053417009,7.7160443e-06,nan,0.0033466326,0.000260939,0.0002732311
0.1705,1.453866,0.0033480489,0.021785414,0.00053429493,7.376167e-06,nan,0.0033480489,0.00026100967,0.00027328526
0.171,1.4538256,0.0032992389,0.020234121,0.00052640913,7.0393104e-06,nan,0.0032992389,0.0002571667,0.00026924243
0.1715,1.4537857,0.0032021097,0.018762314,0.00051082229,6.7079638e-06,nan,0.0032021097,0.0002495609,0.00026126139
0.172,1.4537465,0.0030599843,0.017377725,0.00048806872,6.3845466e-06,nan,0.0030599843,0.00023845296,0.00024961576
0.1725,1.4537081,0.0028774772,0.016086221,0.0004588873,6.0713937e-06,nan,0.0028774772,0.0002242036,0.0002346837
0.173,1.4536707,0.0026603327,0.014891908,0.00042419574,5.770741e-06,nan,0.0026603327,0.000207261,0.00021693474
0.1735,1.4536344,0.0024152333,0.013797267,0.00038506005,5.4847119e-06,nan,0.0024152333,0.00018814588,0.00019691416
0.174,1.4535992,0.0021495825,0.012803338,0.00034266021,5.2153044e-06,nan,0.0021495825,0.00016743473,0.00017522548
0.1745,1.4535651,0.0018712702,0.011909916,0.0002982531,4.9643787e-06,nan,0.0018712702,0.00014574165,0.00015251145
0.175,1.4535323,0.0015884281,0.011115771,0.00025313374,4.7336457e-06,nan,0.0015884281,0.00012369942,0.00012943433
0.1755,1.4535007,0.0013091812,0.010418885,0.00020859619,4.5246555e-06,nan,0.0013091812,0.00010194035,0.00010665584
0.176,1.4534703,0.0010414053,0.0098166757,0.00016589495,4.3387869e-06,nan,0.0010414053,8.1077457e-05,8.4817493e-05
0.1765,1.4534409,0.00079249555,0.0093062289,0.00012620832,4.1772386e-06,nan,0.00079249555,6.1686489e-05,6.4521834e-05
0.177,1.4534126,0.00056915365,0.008884508,9.0604521e-05,4.0410197e-06,nan,0.00056915365,4.4289409e-05,4.6315112e-05
0.1775,1.4533852,0.00037719999,0.0085485466,6.0011638e-05,3.9309431e-06,nan,0.00037719999,2.9339709e-05,3.0671929e-05
0.178,1.4533586,0.00022141535,0.0082956138,3.519228e-05,3.8476193e-06,nan,0.00022141535,1.7210026e-05,1.7982254e-05
0.1785,1.4533326,0.00010541658,0.0081233481,1.672356e-05,3.7914523e-06,nan,0.00010541658,8.1823753e-06,8.5411852e-06
0.179,1.4533072,3.1569377e-05,0.0080298565,4.9829782e-06,3.7626369e-06,nan,3.1569377e-05,2.4412624e-06,2.5417158e-06
0.1795,1.4532821,9.4002264e-07,0.008013776,1.4053279e-07,3.7611578e-06,nan,9.4002264e-07,6.9838986e-08,7.0693808e-08
0.18,1.4532572,1.3286799e-05,0.0080742966,2.1572114e-06,3.786791e-06,nan,1.3286799e-05,1.0491689e-06,1.1080424e-06
0.1805,1.4532325,6.7090664e-05,0.0082111461,1.0789799e-05,3.8391065e-06,nan,6.7090664e-05,5.2605802e-06,5.5292187e-06
0.181,1.4532076,0.00015962351,0.0084245383,2.560176e-05,3.9174735e-06,nan,0.00015962351,1.2490978e-05,1.3110782e-05
0.1815,1.4531826,0.00028705135,0.0087150869,4.5979759e-05,4.0210671e-06,nan,0.00028705135,2.244091e-05,2.3538849e-05
0.182,1.4531573,0.00044456863,0.0090836898,7.1155215e-05,4.1488766e-06,nan,0.00044456863,3.4735084e-05,3.6420132e-05
0.1825,1.4531316,0.00062655925,0.0095313882,0.00010023015,4.2997153e-06,nan,0.00062655925,4.8934985e-05,5.1295163e-05
0.183,1.4531054,0.00082677886,0.010059205,0.00013220644,4.4722323e-06,nan,0.00082677886,6.4553161e-05,6.7653284e-05
0.1835,1.4530787,0.0010385527,0.010667974,0.0001660176,4.6649247e-06,nan,0.0010385527,8.1068718e-05,8.4948886e-05
0.184,1.4530516,0.001254983,0.011358154,0.00020056194,4.8761511e-06,nan,0.001254983,9.7943531e-05,0.00010261841
0.1845,1.4530239,0.0014691588,0.012129655,0.00023473621,5.1041463e-06,nan,0.0014691588,0.00011463867,0.00012009754
0.185,1.4529957,0.0016743633,0.01298166,0.0002674687,5.3470363e-06,nan,0.0016743633,0.00013063056,0.00013683813
0.1855,1.452967,0.0018642708,0.013912468,0.00029775066,5.6028538e-06,nan,0.0018642708,0.00014542634,0.00015232432
0.186,1.4529379,0.0020331292,0.014919356,0.00032466538,5.8695541e-06,nan,0.0020331292,0.00015857806,0.00016608731
0.1865,1.4529086,0.0021759219,0.015998458,0.00034741384,6.1450313e-06,nan,0.0021759219,0.00016969525,0.00017771859
0.187,1.452879,0.0022885044,0.017144689,0.00036533648,6.4271346e-06,nan,0.0022885044,0.00017845552,0.00018688096
0.1875,1.4528493,0.002367713,0.018351688,0.00037793036,6.7136846e-06,nan,0.002367713,0.000184613,0.00019331736
0.188,1.4528197,0.0024114417,0.019611805,0.00038486131,7.0024895e-06,nan,0.0024114417,0.00018800425,0.00019685706
0.1885,1.4527902,0.0024186865,0.020916124,0.00038597087,7.2913613e-06,nan,0.0024186865,0.00018855168,0.00019741919
0.189,1.4527609,0.0023895558,0.022254523,0.00038127787,7.5781315e-06,nan,0.0023895558,0.00018626432,0.00019501355
0.1895,1.452732,0.0023252468,0.023615776,0.00037097467,7.860667e-06,nan,0.0023252468,0.00018123598,0.00018973869
0.19,1.4527036,0.0022279909,0.024987681,0.0003554183,8.1368852e-06,nan,0.0022279909,0.00017364096,0.00018177734
0.1905,1.4526758,0.0021009677,0.026357233,0.00033511691,8.4047685e-06,nan,0.0021009677,0.00016372737,0.00017138954
0.191,1.4526487,0.0019481935,0.027710813,0.00031071186,8.6623793e-06,nan,0.0019481935,0.00015180846,0.0001589034
0.1915,1.4526224,0.0017743857,0.029034408,0.00028295623,8.9078731e-06,nan,0.0017743857,0.00013825204,0.00014470419
0.192,1.4525968,0.0015848093,0.030313851,0.00025269032,9.1395119e-06,nan,0.0015848093,0.00012346857,0.00012922175
0.1925,1.4525721,0.0013851095,0.031535063,0.000220815,9.3556761e-06,nan,0.0013851095,0.0001078981,0.00011291689
0.193,1.4525483,0.0011811362,0.032684311,0.0001882637,9.5548761e-06,nan,0.0011811362,9.1996644e-05,9.626706e-05
0.1935,1.4525253,0.00097876515,0.033748462,0.00015597394,9.7357623e-06,nan,0.00097876515,7.6222175e-05,7.9751764e-05
0.194,1.4525032,0.00078372164,0.034715225,0.00012485916,9.8971345e-06,nan,0.00078372164,6.1020957e-05,6.38382e-05
0.1945,1.4524819,0.0006014122,0.035573386,9.5781853e-05,1.003795e-05,nan,0.0006014122,4.6814371e-05,4.8967482e-05
0.195,1.4524613,0.00043676843,0.036313016,6.9528649e-05,1.015733e-05,nan,0.00043676843,3.3986751e-05,3.5541898e-05
0.1955,1.4524415,0.00029410802,0.036925663,4.6788086e-05,1.0254565e-05,nan,0.00029410802,2.2874532e-05,2.3913554e-05
0.196,1.4524222,0.00017701659,0.037404505,2.8131756e-05,1.032912e-05,nan,0.00017701659,1.3757037e-05,1.437472e-05
0.1965,1.4524033,8.8253515e-05,0.037744476,1.3999262e-05,1.0380635e-05,nan,8.8253515e-05,6.8491202e-06,7.1501421e-06
0.197,1.4523849,2.9684197e-05,0.037942352,4.6874062e-06,1.0408928e-05,nan,2.9684197e-05,2.2958931e-06,2.3915131e-06
0.1975,1.4523668,2.2402011e-06,0.037996802,3.4384937e-07,1.0413995e-05,nan,2.2402011e-06,1.6961755e-07,1.7423183e-07
0.198,1.4523488,5.9080808e-06,0.037908394,9.6535539e-07,1.0396006e-05,nan,5.9080808e-06,4.6884585e-07,4.9650953e-07
0.1985,1.452331,3.9746636e-05,0.037679571,6.4005866e-06,1.0355305e-05,nan,3.9746636e-05,3.1197822e-06,3.2808043e-06
0.199,1.452313,0.00010193161,0.03731458,1.6357287e-05,1.0292404e-05,nan,0.00010193161,7.9797865e-06,8.3775001e-06
0.1995,1.452295,0.000189826,0.036819372,3.0413554e-05,1.0207978e-05,nan,0.000189826,1.4842876e-05,1.5570678e-05
0.2,1.4522768,0.00030007341,0.036201468,4.8032794e-05,1.0102857e-05,nan,0.00030007341,2.3447026e-05,2.4585768e-05
0.2005,1.4522583,0.00042871125,0.035469794,6.858183e-05,9.9780196e-06,nan,0.00042871125,3.3483012e-05,3.5098818e-05
0.201,1.4522395,0.00057130007,0.034634495,9.1351581e-05,9.8345852e-06,nan,0.00057130007,4.4604507e-05,4.6747073e-05
0.2015,1.4522203,0.00072306483,0.033706731,0.00011557963,9.6738012e-06,nan,0.00072306483,5.6439107e-05,5.9140521e-05
0.202,1.4522007,0.00087904369,0.032698455,0.00014047398,9.4970345e-06,nan,0.00087904369,6.8599933e-05,7.1874046e-05
0.2025,1.4521808,0.0010342397,0.031622188,0.00016523727,9.3057594e-06,nan,0.0010342397,8.0697458e-05,8.4539808e-05
0.203,1.4521605,0.001183771,0.03049079,0.0001890907,9.1015456e-06,nan,0.001183771,9.2351205e-05,9.6739493e-05
0.2035,1.4521399,0.0013230146,0.029317235,0.00021129699,8.8860458e-06,nan,0.0013230146,0.00010320095,0.00010809604
0.204,1.4521189,0.0014477401,0.028114394,0.00023118167,8.6609822e-06,nan,0.0014477401,0.00011291715,0.00011826453
0.2045,1.4520978,0.0015542291,0.026894836,0.00024815212,8.4281333e-06,nan,0.0015542291,0.00012121019,0.00012694192
0.205,1.4520765,0.0016393775,0.025670638,0.00026171379,8.1893201e-06,nan,0.0016393775,0.00012783842,0.00013387537
0.2055,1.4520551,0.0017007771,0.024453229,0.00027148328,7.9463919e-06,nan,0.0017007771,0.00013261441,0.00013886887
0.206,1.4520337,0.0017367754,0.02325325,0.00027719778,7.7012125e-06,nan,0.0017367754,0.00013540967,0.00014178811
0.2065,1.4520123,0.001746511,0.022080445,0.00027872077,7.4556461e-06,nan,0.001746511,0.00013615741,0.00014256336
0.207,1.4519912,0.001729926,0.020943578,0.00027604386,7.2115432e-06,nan,0.001729926,0.0001348534,0.00014119046
0.2075,1.4519703,0.0016877527,0.019850384,0.00026928476,6.970727e-06,nan,0.0016877527,0.00013155506,0.00013772971
0.208,1.4519497,0.0016214776,0.018807542,0.0002586815,6.7349798e-06,nan,0.0016214776,0.00012637854,0.00013230296
0.2085,1.4519296,0.001533284,0.01782068,0.00024458315,6.5060302e-06,nan,0.001533284,0.0001194943,0.00012508884
0.209,1.4519099,0.0014259734,0.016894402,0.00022743742,6.2855404e-06,nan,0.0014259734,0.00011112097,0.00011631645
0.2095,1.4518908,0.0013028713,0.016032344,0.00020777553,6.0750941e-06,nan,0.0013028713,0.00010151798,0.00010625755
0.21,1.4518723,0.0011677179,0.015237239,0.00018619477,5.8761854e-06,nan,0.0011677179,9.0977065e-05,9.5217709e-05
0.2105,1.4518543,0.0010245492,0.014511012,0.00016333951,5.6902085e-06,nan,0.0010245492,7.9812966e-05,8.3526542e-05
0.211,1.451837,0.00087757064,0.013854873,0.00013988103,5.5184474e-06,nan,0.00087757064,6.8353599e-05,7.152743e-05
0.2115,1.4518204,0.00073102844,0.013269427,0.00011649701,5.362068e-06,nan,0.00073102844,5.6930011e-05,5.9566994e-05
0.212,1.4518043,0.00058908182,0.012754784,9.3851084e-05,5.2221095e-06,nan,0.00058908182,4.5866416e-05,4.7984668e-05
0.2125,1.4517888,0.00045568016,0.012310673,7.2573287e-05,5.0994783e-06,nan,0.00045568016,3.5470618e-05,3.7102669e-05
0.213,1.4517739,0.00033444859,0.011936542,5.3241758e-05,4.9949422e-06,nan,0.00033444859,2.6025096e-05,2.7216662e-05
0.2135,1.4517595,0.00022858538,0.01163166,3.6366395e-05,4.9091254e-06,nan,0.00022858538,1.7779003e-05,1.8587393e-05
0.214,1.4517455,0.00014077385,0.011395203,2.2374809e-05,4.8425057e-06,nan,0.00014077385,1.0941306e-05,1.1433503e-05
0.2145,1.4517318,7.3111326e-05,0.011226324,1.1601004e-05,4.795412e-06,nan,7.3111326e-05,5.6752563e-06,5.9257479e-06
0.215,1.4517185,2.7056873e-05,0.011124214,4.277058e-06,4.7680232e-06,nan,2.7056873e-05,2.094319e-06,2.1827389e-06
0.2155,1.4517054,3.3990295e-06,0.011088135,5.2800082e-07,4.7603679e-06,nan,3.3990295e-06,2.596699e-07,2.6833092e-07
0.216,1.4516924,2.2441953e-06,0.011117443,3.6998959e-07,4.7723263e-06,nan,2.2441953e-06,1.7930004e-07,1.9068955e-07
0.2165,1.4516795,2.3025618e-05,0.01121159,3.711771e-06,4.8036319e-06,nan,2.3025618e-05,1.8087275e-06,1.9030436e-06
0.217,1.4516666,6.4532359e-05,0.011370105,1.0359332e-05,4.8538748e-06,nan,6.4532359e-05,5.0532655e-06,5.3060661e-06
0.2175,1.4516536,0.000124957,0.011592564,2.0023537e-05,4.9225067e-06,nan,0.000124957,9.7717521e-06,1.0251785e-05
0.218,1.4516404,0.00020196036,0.011878539,3.233048e-05,5.0088457e-06,nan,0.00020196036,1.5781602e-05,1.6548878e-05
0.2185,1.4516271,0.00029275093,0.012227535,4.6834178e-05,5.1120829e-06,nan,0.00029275093,2.2865009e-05,2.396917e-05
0.219,1.4516136,0.00039417643,0.012638924,6.3031196e-05,5.2312897e-06,nan,0.00039417643,3.0776084e-05,3.2255112e-05
0.2195,1.4515998,0.00050282456,0.013111861,8.0376729e-05,5.3654256e-06,nan,0.00050282456,3.9248716e-05,4.1128013e-05
0.22,1.4515857,0.00061512965,0.013645207,9.8301633e-05,5.5133473e-06,nan,0.00061512965,4.8004888e-05,5.0296745e-05
0.2205,1.4515714,0.00072748207,0.014237441,0.00011622988,5.673818e-06,nan,0.00072748207,5.6763202e-05,5.9466675e-05
0.221,1.4515568,0.00083633695,0.014886589,0.00013359589,5.8455179e-06,nan,0.00083633695,6.5247355e-05,6.8348535e-05
0.2215,1.4515419,0.00093831903,0.015590145,0.00014986129,6.0270543e-06,nan,0.00093831903,7.319431e-05,7.6666977e-05
0.222,1.4515269,0.0010303206,0.016345011,0.00016453048,6.216973e-06,nan,0.0010303206,8.0361925e-05,8.4168556e-05
0.2225,1.4515116,0.0011095896,0.017147449,0.00017716474,6.4137698e-06,nan,0.0011095896,8.6535819e-05,9.062892e-05
0.223,1.4514963,0.0011738055,0.017993045,0.00018739429,6.6159024e-06,nan,0.0011738055,9.1535289e-05,9.5858996e-05
0.2235,1.4514808,0.0012211414,0.018876691,0.00019492812,6.8218018e-06,nan,0.0012211414,9.521811e-05,9.9710015e-05
0.224,1.4514654,0.001250309,0.019792588,0.00019956134,7.0298849e-06,nan,0.001250309,9.7484098e-05,0.00010207724
0.2245,1.45145,0.0012605885,0.020734266,0.00020117968,7.2385663e-06,nan,0.0012605885,9.8277361e-05,0.00010290232
0.225,1.4514347,0.0012518391,0.021694623,0.00019976135,7.4462702e-06,nan,0.0012518391,9.7587174e-05,0.00010217417
0.2255,1.4514196,0.0012244934,0.022665988,0.00019537602,7.6514422e-06,nan,0.0012244934,9.5447491e-05,9.9928533e-05
0.226,1.4514047,0.0011795338,0.023640199,0.00018818111,7.852561e-06,nan,0.0011795338,9.1935134e-05,9.624598e-05
0.2265,1.4513901,0.0011184536,0.024608694,0.0001784155,8.0481494e-06,nan,0.0011184536,8.7166727e-05,9.1248769e-05
0.227,1.4513758,0.0010432031,0.025562627,0.0001663909,8.2367849e-06,nan,0.0010432031,8.1294494e-05,8.5096409e-05
0.2275,1.451362,0.00095612298,0.026492989,0.00015248131,8.4171102e-06,nan,0.00095612298,7.4501071e-05,7.7980235e-05
0.228,1.4513485,0.0008598673,0.027390742,0.0001371106,8.5878428e-06,nan,0.0008598673,6.6993496e-05,7.0117107e-05
0.2285,1.4513355,0.00075731868,0.028246954,0.00012073905,8.7477839e-06,nan,0.00075731868,5.8996583e-05,6.1742471e-05
0.229,1.4513229,0.00065149783,0.029052948,0.00010384886,8.8958265e-06,nan,0.00065149783,5.0745873e-05,5.3102984e-05
0.2295,1.4513108,0.00054547079,0.029800439,8.6929334e-05,9.0309634e-06,nan,0.00054547079,4.2480404e-05,4.4448931e-05
0.23,1.4512992,0.00044225636,0.030481675,7.0462161e-05,9.1522934e-06,nan,0.00044225636,3.4435488e-05,3.6026673e-05
0.2305,1.4512879,0.00034473668,0.031089566,5.4907098e-05,9.2590274e-06,nan,0.00034473668,2.6835748e-05,2.807135e-05
0.231,1.4512771,0.00025557344,0.031617809,4.0688628e-05,9.3504933e-06,nan,0.00025557344,1.9888581e-05,2.0800047e-05
0.2315,1.4512666,0.00017713218,0.03206099,2.8183886e-05,9.4261399e-06,nan,0.00017713218,1.3778267e-05,1.4405618e-05
0.232,1.4512565,0.00011141687,0.032414681,1.7712227e-05,9.48554e-06,nan,0.00011141687,8.6608694e-06,9.0513576e-06
0.2325,1.4512466,6.0016351e-05,0.032675509,9.5267038e-06,9.5283925e-06,nan,6.0016351e-05,4.6600668e-06,4.866637e-06
0.233,1.4512369,2.4064288e-05,0.032841213,3.8076812e-06,9.5545236e-06,nan,2.4064288e-05,1.8640361e-06,1.9436451e-06
0.2335,1.4512274,4.2133403e-06,0.032910674,6.5874008e-07,9.5638869e-06,nan,4.2133403e-06,3.2344683e-07,3.3529325e-07
0.234,1.4512181,6.2424344e-07,0.032883928,1.0495016e-07,9.5565624e-06,nan,6.2424344e-07,5.0616e-08,5.4334158e-08
0.2345,1.4512087,1.2969779e-05,0.032762157,2.0935219e-06,9.5327552e-06,nan,1.2969779e-05,1.0198242e-06,1.0736977e-06
0.235,1.4511994,4.0453268e-05,0.032547654,6.4967756e-06,9.4927924e-06,nan,4.0453268e-05,3.1687641e-06,3.3280114e-06
0.2355,1.45119,8.1840782e-05,0.032243775,1.3117296e-05,9.4371198e-06,nan,8.1840782e-05,6.4010569e-06,6.7162396e-06
0.236,1.4511806,0.00013550585,0.031854866,2.1695084e-05,9.3662974e-06,nan,0.00013550585,1.0589743e-05,1.1105341e-05
0.2365,1.451171,0.00019948511,0.03138618,3.1916447e-05,9.2809941e-06,nan,0.00019948511,1.5581625e-05,1.6334821e-05
0.237,1.4511613,0.00027154305,0.030843772,4.3424338e-05,9.1819817e-06,nan,0.00027154305,2.1202318e-05,2.2222019e-05
0.2375,1.4511513,0.0003492437,0.030234389,5.5829811e-05,9.0701284e-06,nan,0.0003492437,2.7261843e-05,2.8567968e-05
0.238,1.4511412,0.00043002711,0.029565347,6.8724222e-05,8.9463912e-06,nan,0.00043002711,3.3560585e-05,3.5163636e-05
0.2385,1.4511309,0.00051128806,0.028844405,8.1691796e-05,8.8118078e-06,nan,0.00051128806,3.9895439e-05,4.1796357e-05
0.239,1.4511204,0.00059045484,0.028079635,9.4322196e-05,8.6674883e-06,nan,0.00059045484,4.606594e-05,4.8256256e-05
0.2395,1.4511097,0.00066506552,0.027279289,0.00010622269,8.5146062e-06,nan,0.00066506552,5.1880217e-05,5.4342473e-05
0.24,1.4510989,0.00073283962,0.026451678,0.00011702959,8.3543887e-06,nan,0.00073283962,5.7160573e-05,5.9869013e-05
0.2405,1.4510879,0.00079174306,0.025605047,0.00012641859,8.1881074e-06,nan,0.00079174306,6.1748548e-05,6.4670038e-05
0.241,1.4510768,0.00084004463,0.024747465,0.00013411378,8.017068e-06,nan,0.00084004463,6.5509313e-05,6.860447e-05
0.2415,1.4510657,0.00087636226,0.023886722,0.00013989505,7.8426005e-06,nan,0.00087636226,6.8335279e-05,7.1559766e-05
0.242,1.4510545,0.00089969819,0.023030242,0.0001436036,7.6660484e-06,nan,0.00089969819,7.014883e-05,7.3454771e-05
0.2425,1.4510434,0.00090946188,0.022185006,0.00014514569,7.4887592e-06,nan,0.00090946188,7.0904105e-05,7.4241587e-05
0.243,1.4510323,0.00090548041,0.021357491,0.00014449421,7.3120736e-06,nan,0.00090548041,7.0587802e-05,7.3906409e-05
0.2435,1.4510214,0.00088799616,0.020553626,0.00014168832,7.137316e-06,nan,0.00088799616,6.9218995e-05,7.2469327e-05
0.244,1.4510106,0.00085765216,0.019778761,0.0001368311,6.965784e-06,nan,0.00085765216,6.6847983e-05,6.9983121e-05
0.2445,1.4510001,0.00081546565,0.019037651,0.00013008532,6.7987398e-06,nan,0.00081546565,6.3554225e-05,6.6531095e-05
0.245,1.4509897,0.00076279096,0.018334457,0.00012166748,6.6373999e-06,nan,0.00076279096,5.9443445e-05,6.2224038e-05
0.2455,1.4509797,0.00070127301,0.017672755,0.00011184042,6.4829275e-06,nan,0.00070127301,5.4643996e-05,5.7196422e-05
0.246,1.4509699,0.00063279285,0.01705556,0.00010090457,6.3364233e-06,nan,0.00063279285,4.9302619e-05,5.1601953e-05
0.2465,1.4509605,0.00055940721,0.016485361,8.918835e-05,6.1989182e-06,nan,0.00055940721,4.3579721e-05,4.5608629e-05
0.247,1.4509513,0.00048328382,0.015964157,7.7037795e-05,6.0713663e-06,nan,0.00048328382,3.7644335e-05,3.939346e-05
0.2475,1.4509425,0.00040663459,0.015493507,6.4805922e-05,5.954638e-06,nan,0.00040663459,3.166891e-05,3.3137012e-05
0.248,1.4509341,0.00033164864,0.015074579,5.2842029e-05,5.8495147e-06,nan,0.00033164864,2.5824087e-05,2.7017942e-05
0.2485,1.4509259,0.00026042723,0.014708201,4.1481319e-05,5.7566831e-06,nan,0.00026042723,2.0273633e-05,2.1207686e-05
0.249,1.450918,0.00019492247,0.01439491,3.103512e-05,5.6767315e-06,nan,0.00019492247,1.5169658e-05,1.5865462e-05
0.2495,1.4509104,0.0001368816,0.014135001,2.1782006e-05,5.610146e-06,nan,0.0001368816,1.0648281e-05,1.1133725e-05
0.25,1.4509031,8.7798367e-05,0.013928571,1.3960039e-05,5.5573075e-06,nan,8.7798367e-05,6.8258356e-06,7.1342037e-06
0.2505,1.4508959,4.8872885e-05,0.013775557,7.760383e-06,5.5184903e-06,nan,4.8872885e-05,3.7957505e-06,3.9646325e-06
0.251,1.4508889,2.0980968e-05,0.013675764,3.3224131e-06,5.4938607e-06,nan,2.0980968e-05,1.6261597e-06,1.6962535e-06
0.2515,1.4508821,4.6537316e-06,0.013628892,7.3047748e-07,5.4834766e-06,nan,4.6537316e-06,3.5831759e-07,3.7215988e-07
0.252,1.4508753,6.785005e-08,0.013634546,1.2354066e-08,5.4872882e-06,nan,6.785005e-08,5.8446727e-09,6.5093934e-09
0.2525,1.4508685,7.0466052e-06,0.013692244,1.1394303e-06,5.5051396e-06,nan,7.0466052e-06,5.5481311e-07,5.8461716e-07
0.253,1.4508618,2.5071477e-05,0.013801414,4.028565e-06,5.5367702e-06,nan,2.5071477e-05,1.9646553e-06,2.0639098e-06
0.2535,1.4508551,5.3303754e-05,0.013961383,8.5455488e-06,5.5818184e-06,nan,5.3303754e-05,4.1698524e-06,4.3756964e-06
0.254,1.4508483,9.0615331e-05,0.014171357,1.4510029e-05,5.6398247e-06,nan,9.0615331e-05,7.0823395e-06,7.4276892e-06
0.2545,1.4508414,0.00013562762,0.014430401,2.1701727e-05,5.7102364e-06,nan,0.00013562762,1.0594542e-05,1.1107185e-05
0.255,1.4508343,0.00018675724,0.014737403,2.986774e-05,5.7924123e-06,nan,0.00018675724,1.4582941e-05,1.52848e-05
0.2555,1.4508272,0.00024226705,0.01509105,3.8730687e-05,5.8856282e-06,nan,0.00024226705,1.891205e-05,1.9818637e-05
0.256,1.4508199,0.00030032081,0.015489784,4.7997439e-05,5.9890837e-06,nan,0.00030032081,2.3438687e-05,2.4558753e-05
0.2565,1.4508125,0.00035903991,0.015931778,5.736817e-05,6.1019083e-06,nan,0.00035903991,2.8016384e-05,2.9351785e-05
0.257,1.450805,0.00041656027,0.016414893,6.6545438e-05,6.2231689e-06,nan,0.00041656027,3.2499835e-05,3.4045603e-05
0.2575,1.4507973,0.00047108786,0.016936657,7.5243045e-05,6.3518772e-06,nan,0.00047108786,3.6749216e-05,3.8493829e-05
0.258,1.4507895,0.00052095105,0.017494237,8.3194389e-05,6.4869979e-06,nan,0.00052095105,4.0634269e-05,4.256012e-05
0.2585,1.4507815,0.00056464846,0.018084421,9.0160086e-05,6.6274564e-06,nan,0.00056464846,4.4038027e-05,4.6122059e-05
0.259,1.4507736,0.00060089081,0.018703609,9.5934647e-05,6.7721479e-06,nan,0.00060089081,4.6860074e-05,4.9074574e-05
0.2595,1.4507655,0.00062863565,0.019347813,0.00010035202,6.9199456e-06,nan,0.00062863565,4.9019252e-05,5.1332763e-05
0.26,1.4507575,0.00064711416,0.020012664,0.00010328982,7.0697093e-06,nan,0.00064711416,5.0455746e-05,5.2834077e-05
0.2605,1.4507494,0.00065584921,0.020693431,0.00010467228,7.2202943e-06,nan,0.00065584921,5.1132486e-05,5.3539791e-05
0.261,1.4507414,0.00065466444,0.021385048,0.00010447158,7.3705601e-06,nan,0.00065466444,5.1035853e-05,5.343573e-05
0.2615,1.4507335,0.00064368414,0.022082157,0.00010270793,7.5193788e-06,nan,0.00064368414,5.0175665e-05,5.2532263e-05
0.262,1.4507257,0.00062332415,0.022779153,9.9448008e-05,7.6656433e-06,nan,0.00062332415,4.8584464e-05,5.0863543e-05
0.2625,1.4507181,0.00059427421,0.023470242,9.4802206e-05,7.808276e-06,nan,0.00059427421,4.6316136e-05,4.8486071e-05
0.263,1.4507106,0.00055747243,0.024149509,8.892051e-05,7.9462361e-06,nan,0.00055747243,4.3443916e-05,4.5476594e-05
0.2635,1.4507033,0.00051407276,0.024810985,8.1987314e-05,8.0785273e-06,nan,0.00051407276,4.0057855e-05,4.1929459e-05
0.264,1.4506962,0.00046540665,0.025448728,7.4215289e-05,8.204205e-06,nan,0.00046540665,3.6261821e-05,3.7953468e-05
0.2645,1.4506894,0.00041294003,0.026056901,6.5838514e-05,8.3223828e-06,nan,0.00041294003,3.2170148e-05,3.3668366e-05
0.265,1.4506828,0.00035822704,0.026629855,5.7105093e-05,8.4322387e-06,nan,0.00035822704,2.7904026e-05,2.9201067e-05
0.2655,1.4506764,0.00030286199,0.027162209,4.8269483e-05,8.5330207e-06,nan,0.00030286199,2.3587758e-05,2.4681725e-05
0.266,1.4506702,0.00024843092,0.027648934,3.9584765e-05,8.6240518e-06,nan,0.00024843092,1.9344979e-05,2.0239786e-05
0.2665,1.4506643,0.00019646434,0.028085422,3.1295102e-05,8.7047346e-06,nan,0.00019646434,1.5294975e-05,1.6000127e-05
0.267,1.4506586,0.0001483924,0.028467563,2.3628593e-05,8.7745547e-06,nan,0.0001483924,1.1549191e-05,1.2079402e-05
0.2675,1.450653,0.00010550394,0.028791801,1.6790736e-05,8.8330842e-06,nan,0.00010550394,8.2080376e-06,8.5826983e-06
0.268,1.4506477,6.8910428e-05,0.029055193,1.0958685e-05,8.8799841e-06,nan,6.8910428e-05,5.3580825e-06,5.6006028e-06
0.2685,1.4506425,3.9515897e-05,0.029255451,6.2764591e-06,8.9150058e-06,nan,3.9515897e-05,3.0697107e-06,3.2067483e-06
0.269,1.4506374,1.7993605e-05,0.029390976,2.8512218e-06,8.9379924e-06,nan,1.7993605e-05,1.3953069e-06,1.4559149e-06
0.2695,1.4506325,4.7700144e-06,0.029460876,7.5073745e-07,8.9488789e-06,nan,4.7700144e-06,3.6800998e-07,3.8272747e-07
0.27,1.4506276,1.6441744e-08,0.029464983,2.0457508e-09,8.947692e-06,nan,1.6441744e-08,1.0654805e-09,9.8027025e-10
0.2705,1.4506227,3.6484891e-06,0.02940384,5.913802e-07,8.934549e-06,nan,3.6484891e-06,2.8778441e-07,3.0359578e-07
0.271,1.4506179,1.5333131e-05,0.029278697,2.4653082e-06,8.9096562e-06,nan,1.5333131e-05,1.2020992e-06,1.2632091e-06
0.2715,1.450613,3.4503114e-05,0.029091475,5.5330373e-06,8.8733063e-06,nan,3.4503114e-05,2.699689e-06,2.8333483e-06
0.272,1.4506081,6.0378103e-05,0.028844736,9.6697973e-06,8.8258758e-06,nan,6.0378103e-05,4.7196316e-06,4.9501657e-06
0.2725,1.4506031,9.1991822e-05,0.028541635,1.4721179e-05,8.767821e-06,nan,9.1991822e-05,7.1865211e-06,7.5346575e-06
0.273,1.4505981,0.00012822427,0.02818586,2.0508279e-05,8.6996742e-06,nan,0.00012822427,1.0012982e-05,1.0495297e-05
0.2735,1.4505929,0.00016783798,0.027781575,2.6833492e-05,8.6220389e-06,nan,0.00016783798,1.3102497e-05,1.3730995e-05
0.274,1.4505877,0.00020951708,0.027333348,3.3486751e-05,8.5355844e-06,nan,0.00020951708,1.6352455e-05,1.7134295e-05
0.2745,1.4505824,0.00025190811,0.02684608,4.025203e-05,8.4410404e-06,nan,0.00025190811,1.9657329e-05,2.0594701e-05
0.275,1.4505769,0.0002936611,0.026324929,4.6913919e-05,8.3391912e-06,nan,0.0002936611,2.2911887e-05,2.4002033e-05
0.2755,1.4505714,0.00033346995,0.025775234,5.3264045e-05,8.2308687e-06,nan,0.00033346995,2.6014327e-05,2.7249718e-05
0.276,1.4505658,0.00037011064,0.025202442,5.9107185e-05,8.1169461e-06,nan,0.00037011064,2.8869268e-05,3.0237917e-05
0.2765,1.4505601,0.0004024764,0.024612031,6.4266866e-05,7.9983312e-06,nan,0.0004024764,3.1390483e-05,3.2876383e-05
0.277,1.4505543,0.00042960873,0.024009444,6.8590307e-05,7.8759586e-06,nan,0.00042960873,3.3503315e-05,3.5086992e-05
0.2775,1.4505485,0.00045072336,0.023400024,7.1952565e-05,7.7507829e-06,nan,0.00045072336,3.5146702e-05,3.6805864e-05
0.278,1.4505427,0.00046523065,0.022788954,7.4259776e-05,7.6237713e-06,nan,0.00046523065,3.6274761e-05,3.7985015e-05
0.2785,1.4505369,0.00047274968,0.022181208,7.5451401e-05,7.4958961e-06,nan,0.00047274968,3.6857888e-05,3.8593513e-05
0.279,1.4505311,0.00047311596,0.021581509,7.5501444e-05,7.3681274e-06,nan,0.00047311596,3.6883354e-05,3.861809e-05
0.2795,1.4505254,0.00046638245,0.020994286,7.4418611e-05,7.2414256e-06,nan,0.00046638245,3.6355381e-05,3.806323e-05
0.28,1.4505198,0.00045281408,0.020423654,7.2245426e-05,7.1167348e-06,nan,0.00045281408,3.5294711e-05,3.6950714e-05
0.2805,1.4505142,0.00043287606,0.01987339,6.9056357e-05,6.9949751e-06,nan,0.00043287606,3.3737697e-05,3.531866e-05
0.281,1.4505088,0.00040721634,0.019346925,6.4955016e-05,6.8770365e-06,nan,0.00040721634,3.1734928e-05,3.3220088e-05
0.2815,1.4505035,0.00037664299,0.018847332,6.0070537e-05,6.7637723e-06,nan,0.00037664299,2.9349466e-05,3.0721071e-05
0.282,1.4504984,0.00034209718,0.018377339,5.4553258e-05,6.6559928e-06,nan,0.00034209718,2.6654735e-05,2.7898522e-05
0.2825,1.4504934,0.00030462257,0.017939326,4.8569843e-05,6.55446e-06,nan,0.00030462257,2.373214e-05,2.4837703e-05
0.283,1.4504886,0.00026533236,0.017535346,4.2298009e-05,6.4598817e-06,nan,0.00026533236,2.0668489e-05,2.162952e-05
0.2835,1.450484,0.00022537467,0.017167139,3.5921006e-05,6.3729072e-06,nan,0.00022537467,1.7553298e-05,1.8367708e-05
0.284,1.4504795,0.0001858976,0.016836149,2.9622041e-05,6.2941229e-06,nan,0.0001858976,1.4476066e-05,1.5145975e-05
0.2845,1.4504752,0.00014801489,0.016543552,2.3578797e-05,6.2240481e-06,nan,0.00014801489,1.1523602e-05,1.2055195e-05
0.285,1.450471,0.00011277322,0.016290269,1.7958215e-05,6.1631319e-06,nan,0.00011277322,8.7774679e-06,9.1807467e-06
0.2855,1.450467,8.1122068e-05,0.016076998,1.2911695e-05,6.1117506e-06,nan,8.1122068e-05,6.3116399e-06,6.6000551e-06
0.286,1.4504632,5.3887082e-05,0.015904226,8.5708436e-06,6.0702051e-06,nan,5.3887082e-05,4.1904276e-06,4.380416e-06
0.2865,1.4504594,3.1747574e-05,0.015772253,5.0438894e-06,6.0387199e-06,nan,3.1747574e-05,2.4667237e-06,2.5771656e-06
0.287,1.4504557,1.5218819e-05,0.015681205,2.4128643e-06,6.0174416e-06,nan,1.5218819e-05,1.1806258e-06,1.2322385e-06
0.2875,1.4504521,4.6395654e-06,0.015631047,7.3161753e-07,6.0064386e-06,nan,4.6395654e-06,3.584651e-07,3.7315244e-07
0.288,1.4504486,1.6505907e-07,0.015621595,2.4707483e-08,6.0057016e-06,nan,1.6505907e-07,1.2264972e-08,1.2442511e-08
0.2885,1.4504451,1.7656722e-06,0.015652517,2.871903e-07,6.0151439e-06,nan,1.7656722e-06,1.3963643e-07,1.4755387e-07
0.289,1.4504416,9.2310904e-06,0.015723337,1.4852943e-06,6.0346031e-06,nan,9.2310904e-06,7.241069e-07,7.6118735e-07
0.2895,1.4504381,2.2179827e-05,0.015833434,3.5579443e-06,6.0638429e-06,nan,2.2179827e-05,1.7358643e-06,1.82208e-06
0.29,1.4504345,4.0073691e-05,0.015982033,6.4190764e-06,6.1025553e-06,nan,4.0073691e-05,3.1328867e-06,3.2861896e-06
0.2905,1.450431,6.2236676e-05,0.016168202,9.960657e-06,6.1503641e-06,nan,6.2236676e-05,4.8624173e-06,5.0982396e-06
0.291,1.4504273,8.7877643e-05,0.016390838,1.4056307e-05,6.2068278e-06,nan,8.7877643e-05,6.8627336e-06,7.1935733e-06
0.2915,1.4504236,0.00011611603,0.016648658,1.8565408e-05,6.2714439e-06,nan,0.00011611603,9.0651535e-06,9.5002545e-06
0.292,1.4504199,0.0001460098,0.016940185,2.3337563e-05,6.3436528e-06,nan,0.0001460098,1.1396214e-05,1.1941349e-05
0.2925,1.450416,0.00017658468,0.017263737,2.8217268e-05,6.422843e-06,nan,0.00017658468,1.3779952e-05,1.4437316e-05
0.293,1.4504121,0.00020686391,0.017617415,3.3048654e-05,6.508356e-06,nan,0.00020686391,1.6140224e-05,1.690843e-05
0.2935,1.4504081,0.00023589746,0.017999097,3.7680155e-05,6.5994915e-06,nan,0.00023589746,1.8402982e-05,1.9277173e-05
0.294,1.4504041,0.00026279001,0.018406427,4.1968962e-05,6.6955131e-06,nan,0.00026279001,2.0498455e-05,2.1470508e-05
0.2945,1.4504,0.0002867267,0.018836817,4.5785142e-05,6.7956544e-06,nan,0.0002867267,2.2363155e-05,2.3421988e-05
0.295,1.4503958,0.00030699609,0.019287445,4.9015287e-05,6.8991249e-06,nan,0.00030699609,2.3941666e-05,2.5073621e-05
0.2955,1.4503917,0.00032300957,0.019755259,5.1565615e-05,7.0051159e-06,nan,0.00032300957,2.5188156e-05,2.6377459e-05
0.296,1.4503875,0.00033431678,0.020236994,5.3364421e-05,7.1128074e-06,nan,0.00033431678,2.6067577e-05,2.7296843e-05
0.2965,1.4503833,0.00034061658,0.020729182,5.4363827e-05,7.2213735e-06,nan,0.00034061658,2.6556519e-05,2.7807308e-05
0.297,1.4503791,0.00034176343,0.021228175,5.4540789e-05,7.3299894e-06,nan,0.00034176343,2.6643701e-05,2.7897088e-05
0.2975,1.450375,0.00033776892,0.021730175,5.3897339e-05,7.4378374e-06,nan,0.00033776892,2.6330094e-05,2.7567245e-05
0.298,1.4503709,0.00032879862,0.022231259,5.2460078e-05,7.5441127e-06,nan,0.00032879862,2.5628671e-05,2.6831407e-05
0.2985,1.4503669,0.00031516438,0.02272742,5.0278941e-05,7.6480297e-06,nan,0.00031516438,2.4563807e-05,2.5715134e-05
0.299,1.4503629,0.00029731238,0.023214606,4.7425282e-05,7.7488275e-06,nan,0.00029731238,2.3170339e-05,2.4254943e-05
0.2995,1.4503591,0.00027580738,0.023688763,4.398936e-05,7.8457757e-06,nan,0.00027580738,2.1492344e-05,2.2497015e-05
0.3,1.4503554,0.0002513137,0.02414588,4.00773e-05,7.9381791e-06,nan,0.0002513137,1.9581653e-05,2.0495647e-05
0.3005,1.4503518,0.00022457359,0.02458204,3.5807636e-05,8.0253833e-06,nan,0.00022457359,1.7496161e-05,1.8311475e-05
0.301,1.4503483,0.0001963836,0.024993464,3.1307539e-05,8.1067786e-06,nan,0.0001963836,1.5297984e-05,1.6009555e-05
0.3015,1.4503449,0.0001675698,0.025376564,2.6708864e-05,8.1818047e-06,nan,0.0001675698,1.3051534e-05,1.365733e-05
0.302,1.4503417,0.00013896255,0.025727986,2.2144119e-05,8.2499541e-06,nan,0.00013896255,1.0821541e-05,1.1322578e-05
0.3025,1.4503385,0.00011137156,0.026044655,1.7742488e-05,8.3107758e-06,nan,0.00011137156,8.6711186e-06,9.0713697e-06
0.303,1.4503355,8.5562059e-05,0.026323821,1.3626031e-05,8.3638778e-06,nan,8.5562059e-05,6.6599001e-06,6.9661307e-06
0.3035,1.4503326,6.2232696e-05,0.026563088,9.9061537e-06,8.4089297e-06,nan,6.2232696e-05,4.84232e-06,5.0638338e-06
0.304,1.4503298,4.1995816e-05,0.026760455,6.680471e-06,8.4456649e-06,nan,4.1995816e-05,3.2660766e-06,3.4143944e-06
0.3045,1.4503271,2.5360699e-05,0.026914337,4.0301299e-06,8.4738816e-06,nan,2.5360699e-05,1.9708266e-06,2.0593033e-06
0.305,1.4503244,1.2720159e-05,0.027023587,2.0176771e-06,8.4934437e-06,nan,1.2720159e-05,9.8714165e-07,1.0305355e-06
0.3055,1.4503218,4.3408751e-06,0.027087511,6.8552055e-07,8.504282e-06,nan,4.3408751e-06,3.3575677e-07,3.4976378e-07
0.306,1.4503192,3.5766928e-07,0.027105874,5.5019924e-08,8.506393e-06,nan,3.5766928e-07,2.7125251e-08,2.7894673e-08
0.3065,1.4503167,7.718231e-07,0.027078901,1.2622378e-07,8.4998393e-06,nan,7.718231e-07,6.1289703e-08,6.4934073e-08
0.307,1.4503142,5.4534252e-06,0.027007269,8.7824834e-07,8.4847479e-06,nan,5.4534252e-06,4.2806659e-07,4.5018175e-07
0.3075,1.4503116,1.4147598e-05,0.026892093,2.2702758e-06,8.461309e-06,nan,1.4147598e-05,1.1075333e-06,1.1627425e-06
0.308,1.4503091,2.6484351e-05,0.02673491,4.2431309e-06,8.429774e-06,nan,2.6484351e-05,2.070798e-06,2.1723329e-06
0.3085,1.4503065,4.1991703e-05,0.026537648,6.7213784e-06,8.3904529e-06,nan,4.1991703e-05,3.2810234e-06,3.440355e-06
0.309,1.4503039,6.0111616e-05,0.026302598,9.6158697e-06,8.3437115e-06,nan,6.0111616e-05,4.694671e-06,4.9211987e-06
0.3095,1.4503013,8.0218223e-05,0.026032378,1.2826653e-05,8.2899681e-06,nan,8.0218223e-05,6.2629223e-06,6.5637312e-06
0.31,1.4502985,0.00010163775,0.025729894,1.6246158e-05,8.2296899e-06,nan,0.00010163775,7.9332331e-06,8.3129248e-06
0.3105,1.4502958,0.00012366955,0.025398296,1.9762544e-05,8.1633894e-06,nan,0.00012366955,9.6509717e-06,1.0111572e-05
0.311,1.450293,0.00014560748,0.025040936,2.3263126e-05,8.0916194e-06,nan,0.00014560748,1.136109e-05,1.1902036e-05
0.3115,1.4502901,0.00016676117,0.024661322,2.6637758e-05,8.0149692e-06,nan,0.00016676117,1.3009777e-05,1.3627981e-05
0.312,1.4502872,0.00018647637,0.024263069,2.9782079e-05,7.9340594e-06,nan,0.00018647637,1.4546045e-05,1.5236034e-05
0.3125,1.4502842,0.00020415386,0.023849863,3.2600535e-05,7.8495372e-06,nan,0.00020415386,1.5923207e-05,1.6677328e-05
0.313,1.4502812,0.00021926639,0.023425407,3.5009076e-05,7.7620709e-06,nan,0.00021926639,1.7100192e-05,1.7908884e-05
0.3135,1.4502782,0.00023137318,0.022993387,3.6937464e-05,7.6723452e-06,nan,0.00023137318,1.8042676e-05,1.8894788e-05
0.314,1.4502752,0.00024013152,0.022557431,3.8331127e-05,7.5810557e-06,nan,0.00024013152,1.8723984e-05,1.9607143e-05
0.3145,1.4502722,0.0002453053,0.022121075,3.9152513e-05,7.4889033e-06,nan,0.0002453053,1.9125758e-05,2.0026755e-05
0.315,1.4502692,0.00024677014,0.021687732,3.9381904e-05,7.3965894e-06,nan,0.00024677014,1.9238348e-05,2.0143556e-05
0.3155,1.4502662,0.0002445151,0.021260664,3.9017691e-05,7.3048099e-06,nan,0.0002445151,1.9060953e-05,1.9956738e-05
0.316,1.4502632,0.00023864104,0.02084296,3.8076094e-05,7.2142509e-06,nan,0.00023864104,1.860148e-05,1.9474614e-05
0.3165,1.4502603,0.00022935552,0.020437519,3.6590362e-05,7.1255827e-06,nan,0.00022935552,1.7876156e-05,1.8714205e-05
0.317,1.4502575,0.00021696472,0.020047033,3.4609469e-05,7.0394558e-06,nan,0.00021696472,1.6908894e-05,1.7700574e-05
0.3175,1.4502547,0.00020186255,0.019673981,3.2196373e-05,6.9564954e-06,nan,0.00020186255,1.5730437e-05,1.6465936e-05
0.318,1.450252,0.00018451724,0.019320621,2.9425878e-05,6.8772975e-06,nan,0.00018451724,1.4377316e-05,1.5048562e-05
0.3185,1.4502494,0.00016545602,0.018988987,2.6382188e-05,6.8024241e-06,nan,0.00016545602,1.289066e-05,1.3491528e-05
0.319,1.4502468,0.00014524833,0.018680893,2.3156217e-05,6.7324e-06,nan,0.00014524833,1.1314875e-05,1.1841342e-05
0.3195,1.4502444,0.00012448798,0.018397932,1.9842751e-05,6.6677086e-06,nan,0.00012448798,9.696263e-06,1.0146488e-05
0.32,1.450242,0.00010377499,0.018141485,1.6537545e-05,6.6087888e-06,nan,0.00010377499,8.0816009e-06,8.4559438e-06
0.3205,1.4502398,8.3697518e-05,0.017912726,1.3334437e-05,6.5560321e-06,nan,8.3697518e-05,6.5167327e-06,6.8177046e-06
0.321,1.4502376,6.4814464e-05,0.017712631,1.0322581e-05,6.5097804e-06,nan,6.4814464e-05,5.0452152e-06,5.277366e-06
0.3215,1.4502355,4.7639293e-05,0.017541988,7.5838583e-06,6.4703233e-06,nan,4.7639293e-05,3.7070559e-06,3.8768024e-06
0.322,1.4502334,3.2625478e-05,0.017401402,5.1905609e-06,6.4378966e-06,nan,3.2625478e-05,2.5375793e-06,2.6529816e-06
0.3225,1.4502314,2.0154011e-05,0.017291307,3.2034e-06,6.4126813e-06,nan,2.0154011e-05,1.5664545e-06,1.6369456e-06
0.323,1.4502295,1.0523296e-05,0.017211973,1.6698966e-06,6.3948024e-06,nan,1.0523296e-05,8.169078e-07,8.5298882e-07
0.3235,1.4502276,3.9416999e-06,0.017163509,6.2319523e-07,6.3843287e-06,nan,3.9416999e-06,3.0514391e-07,3.1805131e-07
0.324,1.4502258,5.2292781e-07,0.017145874,8.1329492e-08,6.3812723e-06,nan,5.2292781e-07,3.9985992e-08,4.13435e-08
0.3245,1.4502239,2.8431101e-07,0.017158876,4.6952356e-08,6.3855899e-06,nan,2.8431101e-07,2.2743705e-08,2.4208651e-08
0.325,1.4502221,3.1480087e-06,0.017202176,5.0753126e-07,6.3971826e-06,nan,3.1480087e-06,2.4730813e-07,2.6022313e-07
0.3255,1.4502203,8.9450349e-06,0.017275291,1.4359941e-06,6.415898e-06,nan,8.9450349e-06,7.0046691e-07,7.3552715e-07
0.326,1.4502185,1.742194e-05,0.017377592,2.7917982e-06,6.4415312e-06,nan,1.742194e-05,1.3624262e-06,1.429372e-06
0.3265,1.4502166,2.8249897e-05,0.017508301,4.5223837e-06,6.4738272e-06,nan,2.8249897e-05,2.20752e-06,2.3148637e-06
0.327,1.4502147,4.1035885e-05,0.017666495,6.5649598e-06,6.5124833e-06,nan,4.1035885e-05,3.2050829e-06,3.3598769e-06
0.3275,1.4502128,5.5335586e-05,0.017851098,8.8485652e-06,6.5571514e-06,nan,5.5335586e-05,4.3204563e-06,4.5281089e-06
0.328,1.4502109,7.066759e-05,0.018060878,1.1296336e-05,6.6074414e-06,nan,7.066759e-05,5.5160961e-06,5.7802404e-06
0.3285,1.4502089,8.6528455e-05,0.018294452,1.3827912e-05,6.6629244e-06,nan,8.6528455e-05,6.752747e-06,7.0751649e-06
0.329,1.4502069,0.00010240816,0.018550276,1.6361897e-05,6.7231362e-06,nan,0.00010240816,7.9906476e-06,8.3712499e-06
0.3295,1.4502048,0.00011780546,0.018826652,1.8818319e-05,6.7875814e-06,nan,0.00011780546,9.1907276e-06,9.6275916e-06
0.33,1.4502027,0.00013224274,0.019121724,2.112099e-05,6.8557368e-06,nan,0.00013224274,1.0315765e-05,1.0805225e-05
0.3305,1.4502006,0.00014527986,0.019433484,2.3199718e-05,6.9270564e-06,nan,0.00014527986,1.1331464e-05,1.1868254e-05
0.331,1.4501984,0.00015652667,0.019759776,2.4992304e-05,7.000975e-06,nan,0.00015652667,1.2207433e-05,1.2784872e-05
0.3315,1.4501962,0.00016565374,0.020098306,2.6446252e-05,7.076913e-06,nan,0.00016565374,1.2918016e-05,1.3528236e-05
0.332,1.4501941,0.00017240117,0.020446651,2.7520169e-05,7.1542809e-06,nan,0.00017240117,1.3442984e-05,1.4077185e-05
0.3325,1.4501919,0.0001765851,0.02080227,2.8184805e-05,7.2324836e-06,nan,0.0001765851,1.3768036e-05,1.4416769e-05
0.333,1.4501897,0.00017810186,0.021162524,2.8423709e-05,7.310925e-06,nan,0.00017810186,1.3885125e-05,1.4538584e-05
0.3335,1.4501875,0.00017692959,0.021524693,2.8233491e-05,7.3890128e-06,nan,0.00017692959,1.3792582e-05,1.4440909e-05
0.334,1.4501854,0.00017312752,0.021885997,2.7623694e-05,7.4661625e-06,nan,0.00017312752,1.3495058e-05,1.4128636e-05
0.3345,1.4501833,0.00016683263,0.022243619,2.6616272e-05,7.5418019e-06,nan,0.00016683263,1.3003268e-05,1.3613004e-05
0.335,1.4501812,0.00015825428,0.022594734,2.5244712e-05,7.6153754e-06,nan,0.00015825428,1.2333559e-05,1.2911153e-05
0.3355,1.4501792,0.00014766656,0.022936531,2.3552831e-05,7.6863478e-06,nan,0.00014766656,1.1507328e-05,1.2045503e-05
0.336,1.4501773,0.00013539898,0.023266245,2.1593275e-05,7.7542085e-06,nan,0.00013539898,1.0550287e-05,1.1042988e-05
0.3365,1.4501754,0.00012182562,0.023581186,1.9425787e-05,7.8184746e-06,nan,0.00012182562,9.4916131e-06,9.9341739e-06
0.337,1.4501735,0.00010735313,0.023878771,1.7115296e-05,7.8786949e-06,nan,0.00010735313,8.3630224e-06,8.7522738e-06
0.3375,1.4501717,9.240798e-05,0.024156545,1.472988e-05,7.9344524e-06,nan,9.240798e-05,7.1977688e-06,7.5321111e-06
0.338,1.45017,7.7423363e-05,0.024412221,1.2338672e-05,7.9853677e-06,nan,7.7423363e-05,6.0296245e-06,6.3090474e-06
0.3385,1.4501684,6.282611e-05,0.024643698,1.0009776e-05,8.0311009e-06,nan,6.282611e-05,4.8918604e-06,5.1179155e-06
0.339,1.4501668,4.9024035e-05,0.024849088,7.8082458e-06,8.0713546e-06,nan,4.9024035e-05,3.8162592e-06,3.9919866e-06
0.3395,1.4501653,3.6394077e-05,0.025026742,5.7941949e-06,8.105875e-06,nan,3.6394077e-05,2.8321919e-06,2.962003e-06
0.34,1.4501638,2.5271572e-05,0.025175268,4.0210857e-06,8.1344537e-06,nan,2.5271572e-05,1.9657817e-06,2.0553039e-06
0.3405,1.4501623,1.594097e-05,0.025293546,2.5342495e-06,8.156929e-06,nan,1.594097e-05,1.2391812e-06,1.2950682e-06
0.341,1.4501609,8.6282333e-06,0.025380742,1.3696754e-06,8.1731866e-06,nan,8.6282333e-06,6.6997995e-07,6.9969543e-07
0.3415,1.4501596,3.4951208e-06,0.025436317,5.5310094e-07,8.1831599e-06,nan,3.4951208e-06,2.7076033e-07,2.8234061e-07
0.342,1.4501582,6.3549616e-07,0.025460033,9.9424993e-08,8.1868304e-06,nan,6.3549616e-07,4.8810339e-08,5.0614654e-08
0.3425,1.4501569,7.3732576e-08,0.025451954,1.2455641e-08,8.1842269e-06,nan,7.3732576e-08,6.0001428e-09,6.4554984e-09
0.343,1.4501556,1.7652237e-06,0.02541244,2.8499428e-07,8.1754254e-06,nan,1.7652237e-06,1.3882286e-07,1.4617142e-07
0.3435,1.4501543,5.5989491e-06,0.025342144,8.9924735e-07,8.1605477e-06,nan,5.5989491e-06,4.3859539e-07,4.6065196e-07
0.344,1.450153,1.140198e-05,0.025241998,1.8275477e-06,8.1397604e-06,nan,1.140198e-05,8.9181056e-07,9.357371e-07
0.3445,1.4501516,1.8945758e-05,0.0251132,3.0333581e-06,8.1132729e-06,nan,1.8945758e-05,1.4806272e-06,1.5527309e-06
0.345,1.4501503,2.795392e-05,0.024957197,4.4725227e-06,8.0813358e-06,nan,2.795392e-05,2.1834809e-06,2.2890418e-06
0.3455,1.4501489,3.8111421e-05,0.024775662,6.0947234e-06,8.0442382e-06,nan,3.8111421e-05,2.975796e-06,3.1189274e-06
0.346,1.4501475,4.9074645e-05,0.024570473,7.8450945e-06,8.0023057e-06,nan,4.9074645e-05,3.8307735e-06,4.014321e-06
0.3465,1.4501461,6.0482191e-05,0.024343687,9.6659452e-06,7.9558973e-06,nan,6.0482191e-05,4.7202328e-06,4.9457124e-06
0.347,1.4501446,7.1965998e-05,0.024097513,1.1498535e-05,7.9054023e-06,nan,7.1965998e-05,5.6154791e-06,5.8830561e-06
0.3475,1.4501431,8.3162476e-05,0.023834286,1.328485e-05,7.8512374e-06,nan,8.3162476e-05,6.4881706e-06,6.7966793e-06
0.348,1.4501416,9.3723292e-05,0.023556439,1.4969323e-05,7.7938433e-06,nan,9.3723292e-05,7.3111596e-06,7.6581629e-06
0.3485,1.4501401,0.00010332552,0.023266471,1.6500452e-05,7.7336807e-06,nan,0.00010332552,8.0592834e-06,8.4411689e-06
0.349,1.4501385,0.00011168084,0.022966924,1.7832271e-05,7.6712273e-06,nan,0.00011168084,8.7100809e-06,9.1221905e-06
0.3495,1.450137,0.00011854354,0.022660357,1.8925621e-05,7.6069737e-06,nan,0.00011854354,9.2444165e-06,9.6812049e-06
0.35,1.4501354,0.00012371712,0.022349314,1.9749202e-05,7.5414194e-06,nan,0.00012371712,9.6469923e-06,1.010221e-05
0.3505,1.4501338,0.00012705926,0.022036307,2.0280367e-05,7.4750696e-06,nan,0.00012705926,9.9067374e-06,1.0373629e-05
0.351,1.4501322,0.00012848512,0.021723792,2.0505645e-05,7.4084306e-06,nan,0.00012848512,1.0017063e-05,1.0488582e-05
0.3515,1.4501307,0.00012796886,0.021414147,2.0420982e-05,7.3420066e-06,nan,0.00012796886,9.9759803e-06,1.0445002e-05
0.352,1.4501291,0.00012554333,0.02110966,2.003169e-05,7.2762954e-06,nan,0.00012554333,9.7860753e-06,1.0245615e-05
0.3525,1.4501276,0.00012129808,0.020812507,1.9352122e-05,7.2117852e-06,nan,0.00012129808,9.4543524e-06,9.8977699e-06
0.353,1.4501261,0.00011537561,0.020524745,1.8405082e-05,7.1489506e-06,nan,0.00011537561,8.9919439e-06,9.4131385e-06
0.3535,1.4501247,0.00010796622,0.020248297,1.7220991e-05,7.0882495e-06,nan,0.00010796622,8.413704e-06,8.8072866e-06
0.354,1.4501232,9.9301399e-05,0.019984951,1.5836838e-05,7.0301195e-06,nan,9.9301399e-05,7.7376975e-06,8.0991403e-06
0.3545,1.4501219,8.9646231e-05,0.019736345,1.4294961e-05,6.974975e-06,nan,8.9646231e-05,6.9846023e-06,7.3103588e-06
0.355,1.4501205,7.9290813e-05,0.01950397,1.2641682e-05,6.9232041e-06,nan,7.9290813e-05,6.1770439e-06,6.4646386e-06
0.3555,1.4501192,6.8541153e-05,0.019289166,1.0925851e-05,6.8751661e-06,nan,6.8541153e-05,5.3388839e-06,5.5869671e-06
0.356,1.450118,5.7709725e-05,0.019093119,9.1973373e-06,6.8311891e-06,nan,5.7709725e-05,4.494484e-06,4.7028532e-06
0.3565,1.4501168,4.7106012e-05,0.018916865,7.5055225e-06,6.7915676e-06,nan,4.7106012e-05,3.6679685e-06,3.837554e-06
0.357,1.4501156,3.7027295e-05,0.01876129,5.8978307e-06,6.7565605e-06,nan,3.7027295e-05,2.8825065e-06,3.0153242e-06
0.3575,1.4501145,2.7749981e-05,0.018627131,4.418345e-06,6.7263899e-06,nan,2.7749981e-05,2.1596365e-06,2.2587085e-06
0.358,1.4501134,1.952171e-05,0.018514981,3.1065481e-06,6.7012395e-06,nan,1.952171e-05,1.5186507e-06,1.5878975e-06
0.3585,1.4501124,1.2554457e-05,0.018425291,1.9962242e-06,6.6812535e-06,nan,1.2554457e-05,9.7605826e-07,1.0201659e-06
0.359,1.4501114,7.0188307e-06,0.018358372,1.1145493e-06,6.6665358e-06,nan,7.0188307e-06,5.4514122e-07,5.6940813e-07
0.3595,1.4501104,3.039708e-06,0.0183144,4.8139716e-07,6.6571499e-06,nan,3.039708e-06,2.3561464e-07,2.4578252e-07
0.36,1.4501094,6.9331486e-07,0.018293419,1.0887441e-07,6.6531187e-06,nan,6.9331486e-07,5.3399828e-08,5.5474582e-08
0.3605,1.4501085,5.8150012e-09,0.01829534,1.0976209e-09,6.6544243e-06,nan,5.8150012e-09,5.1486944e-10,5.8275146e-10
0.361,1.4501075,9.5342101e-07,0.018319946,1.5421257e-07,6.6610091e-06,nan,9.5342101e-07,7.5083977e-08,7.912859e-08
0.3615,1.4501066,3.4639972e-06,0.018366894,5.5665181e-07,6.6727761e-06,nan,3.4639972e-06,2.7146308e-07,2.8518873e-07
0.362,1.4501056,7.4200802e-06,0.018435717,1.1896184e-06,6.6895903e-06,nan,7.4200802e-06,5.804759e-07,6.0914246e-07
0.3625,1.4501047,1.2663201e-05,0.01852582,2.0277769e-06,6.7112797e-06,nan,1.2663201e-05,9.8975142e-07,1.0380254e-06
0.363,1.4501037,1.8999357e-05,0.018636489,3.0401281e-06,6.7376375e-06,nan,1.8999357e-05,1.484151e-06,1.5559771e-06
0.3635,1.4501027,2.6205448e-05,0.018766887,4.1910372e-06,6.7684233e-06,nan,2.6205448e-05,2.0462703e-06,2.1447669e-06
0.364,1.4501017,3.4036467e-05,0.018916056,5.4413821e-06,6.8033658e-06,nan,3.4036467e-05,2.6570007e-06,2.7843814e-06
0.3645,1.4501007,4.2233221e-05,0.01908292,6.7497858e-06,6.8421646e-06,nan,4.2233221e-05,3.2961306e-06,3.4536553e-06
0.365,1.4500996,5.0530333e-05,0.019266287,8.0738942e-06,6.8844932e-06,nan,5.0530333e-05,3.9429701e-06,4.1309241e-06
0.3655,1.4500985,5.8664293e-05,0.019464853,9.3716598e-06,6.9300014e-06,nan,5.8664293e-05,4.5769779e-06,4.7946819e-06
0.366,1.4500975,6.6381298e-05,0.019677203,1.0602594e-05,6.9783181e-06,nan,6.6381298e-05,5.1783733e-06,5.4242208e-06
0.3665,1.4500963,7.3444677e-05,0.019901818,1.1728951e-05,7.0290546e-06,nan,7.3444677e-05,5.7287139e-06,6.0002367e-06
0.367,1.4500952,7.9641654e-05,0.020137085,1.2716804e-05,7.0818073e-06,nan,7.9641654e-05,6.2114231e-06,6.5053808e-06
0.3675,1.4500941,8.4789292e-05,0.020381297,1.3536997e-05,7.1361611e-06,nan,8.4789292e-05,6.6122527e-06,6.924744e-06
0.368,1.450093,8.8739423e-05,0.020632669,1.4165926e-05,7.1916926e-06,nan,8.8739423e-05,6.9196676e-06,7.2462588e-06
0.3685,1.4500918,9.1382463e-05,0.020889346,1.4586151e-05,7.2479735e-06,nan,9.1382463e-05,7.1251414e-06,7.4610095e-06
0.369,1.4500907,9.2649994e-05,0.021149412,1.4786801e-05,7.3045733e-06,nan,9.2649994e-05,7.2233585e-06,7.5634424e-06
0.3695,1.4500896,9.2516079e-05,0.021410911,1.4763787e-05,7.3610633e-06,nan,9.2516079e-05,7.212315e-06,7.5514719e-06
0.37,1.4500884,9.0997272e-05,0.021671855,1.45198e-05,7.4170194e-06,nan,9.0997272e-05,7.0933197e-06,7.4264804e-06
0.3705,1.4500873,8.8151364e-05,0.021930241,1.4064111e-05,7.4720254e-06,nan,8.8151364e-05,6.8708954e-06,7.1932155e-06
0.371,1.4500863,8.4074921e-05,0.022184071,1.3412174e-05,7.5256757e-06,nan,8.4074921e-05,6.5525865e-06,6.8595871e-06
0.3715,1.4500852,7.8899695e-05,0.022431368,1.2585054e-05,7.5775788e-06,nan,7.8899695e-05,6.1486787e-06,6.4363749e-06
0.372,1.4500842,7.2788057e-05,0.022670196,1.1608697e-05,7.6273599e-06,nan,7.2788057e-05,5.6718429e-06,5.9368539e-06
0.3725,1.4500832,6.5927592e-05,0.022898673,1.0513066e-05,7.6746633e-06,nan,6.5927592e-05,5.136713e-06,5.3763533e-06
0.373,1.4500822,5.8525038e-05,0.023114997,9.3311742e-06,7.7191553e-06,nan,5.8525038e-05,4.5594134e-06,4.7717609e-06
0.3735,1.4500813,5.0799757e-05,0.02331746,8.0980397e-06,7.7605263e-06,nan,5.0799757e-05,3.9570498e-06,4.14099e-06
0.374,1.4500804,4.2976948e-05,0.023504469,6.8496054e-06,7.7984931e-06,nan,4.2976948e-05,3.34718e-06,3.5024254e-06
0.3745,1.4500795,3.5280806e-05,0.023674557,5.6216459e-06,7.8328004e-06,nan,3.5280806e-05,2.7472808e-06,2.874365e-06
0.375,1.4500787,2.7927834e-05,0.023826406,4.4487004e-06,7.863223e-06,nan,2.7927834e-05,2.1742264e-06,2.2744739e-06
0.3755,1.4500778,2.1120507e-05,0.023958856,3.3630618e-06,7.8895668e-06,nan,2.1120507e-05,1.6437945e-06,1.7192673e-06
0.376,1.4500771,1.5041458e-05,0.024070918,2.3938506e-06,7.91167e-06,nan,1.5041458e-05,1.1702137e-06,1.2236369e-06
0.3765,1.4500763,9.8483766e-06,0.024161788,1.5662009e-06,7.9294046e-06,nan,9.8483766e-06,7.6576609e-07,8.0043484e-07
0.377,1.4500756,5.6697354e-06,0.02423085,9.0057919e-07,7.9426762e-06,nan,5.6697354e-06,4.4045409e-07,4.6012511e-07
0.3775,1.4500749,2.6014671e-06,0.024277688,4.122558e-07,7.951425e-06,nan,2.6014671e-06,2.0174217e-07,2.1051363e-07
0.378,1.4500742,7.0467735e-07,0.024302083,1.1094092e-07,7.9556258e-06,nan,7.0467735e-07,5.4378864e-08,5.6562053e-08
0.3785,1.4500735,4.438423e-09,0.02430402,5.9330438e-10,7.9552878e-06,nan,4.438423e-09,3.0321392e-10,2.9009046e-10
0.379,1.4500728,4.896824e-07,0.024283682,7.940458e-08,7.9504543e-06,nan,4.896824e-07,3.8636904e-08,4.0767675e-08
0.3795,1.4500721,2.1141773e-06,0.024241451,3.3995624e-07,7.9412019e-06,nan,2.1141773e-06,1.6576083e-07,1.741954e-07
0.38,1.4500714,4.7985374e-06,0.024177899,7.6954167e-07,7.9276401e-06,nan,4.7985374e-06,3.7547227e-07,3.940694e-07
0.3805,1.4500707,8.4331895e-06,0.024093777,1.3506406e-06,7.9099096e-06,nan,8.4331895e-06,6.592165e-07,6.9142409e-07
0.381,1.45007,1.2882189e-05,0.023990011,2.0615289e-06,7.8881811e-06,nan,1.2882189e-05,1.0063846e-06,1.0551443e-06
0.3815,1.4500693,1.7987755e-05,0.023867685,2.8770037e-06,7.8626541e-06,nan,1.7987755e-05,1.4046676e-06,1.4723361e-06
0.382,1.4500686,2.3575382e-05,0.02372803,3.7691987e-06,7.8335549e-06,nan,2.3575382e-05,1.8404546e-06,1.9287441e-06
0.3825,1.4500678,2.9459355e-05,0.023572405,4.7084656e-06,7.8011343e-06,nan,2.9459355e-05,2.2992635e-06,2.4092022e-06
0.383,1.4500671,3.5448503e-05,0.023402286,5.6642923e-06,7.7656664e-06,nan,3.5448503e-05,2.7661892e-06,2.8981031e-06
0.3835,1.4500663,4.1352016e-05,0.023219243,6.6062309e-06,7.7274452e-06,nan,4.1352016e-05,3.2263573e-06,3.3798736e-06
0.384,1.4500655,4.6985144e-05,0.023024927,7.5048071e-06,7.6867831e-06,nan,4.6985144e-05,3.6653683e-06,3.8394389e-06
0.3845,1.4500647,5.2174611e-05,0.022821052,8.3323845e-06,7.6440081e-06,nan,5.2174611e-05,4.0697194e-06,4.262665e-06
0.385,1.4500639,5.6763597e-05,0.022609373,9.0639575e-06,7.599461e-06,nan,5.6763597e-05,4.4271928e-06,4.6367647e-06
0.3855,1.4500631,6.0616128e-05,0.022391673,9.677853e-06,7.553493e-06,nan,6.0616128e-05,4.7271977e-06,4.9506552e-06
0.386,1.4500623,6.3620774e-05,0.022169742,1.0156318e-05,7.5064627e-06,nan,6.3620774e-05,4.9610581e-06,5.19526e-06
0.3865,1.4500615,6.569354e-05,0.021945367,1.0485982e-05,7.4587336e-06,nan,6.569354e-05,5.1222379e-06,5.3637438e-06
0.387,1.4500607,6.6779886e-05,0.021720308,1.0658175e-05,7.4106711e-06,nan,6.6779886e-05,5.2064982e-06,5.451677e-06
0.3875,1.4500598,6.6855836e-05,0.021496291,1.0669108e-05,7.36264e-06,nan,6.6855836e-05,5.211983e-06,5.4571251e-06
0.388,1.450059,6.5928142e-05,0.021274992,1.0519894e-05,7.3150013e-06,nan,6.5928142e-05,5.1392318e-06,5.3806621e-06
0.3885,1.4500582,6.4033536e-05,0.021058025,1.0216429e-05,7.2681101e-06,nan,6.4033536e-05,4.9911211e-06,5.2253082e-06
0.389,1.4500575,6.1237094e-05,0.020846933,9.7691317e-06,7.2223125e-06,nan,6.1237094e-05,4.772736e-06,4.9963957e-06
0.3895,1.4500567,5.7629782e-05,0.020643177,9.1925471e-06,7.1779433e-06,nan,5.7629782e-05,4.4911787e-06,4.7013684e-06
0.39,1.4500559,5.3325272e-05,0.020448131,8.5048411e-06,7.1353237e-06,nan,5.3325272e-05,4.1553204e-06,4.3495207e-06
0.3905,1.4500552,4.8456135e-05,0.020263071,7.7271906e-06,7.0947586e-06,nan,4.8456135e-05,3.7755036e-06,3.951687e-06
0.391,1.4500545,4.3169539e-05,0.020089176,6.8830967e-06,7.0565348e-06,nan,4.3169539e-05,3.3632071e-06,3.5198896e-06
0.3915,1.4500538,3.7622582e-05,0.019927519,5.99764e-06,7.0209191e-06,nan,3.7622582e-05,2.9306818e-06,3.0669582e-06
0.392,1.4500532,3.197742e-05,0.019779066,5.096702e-06,6.9881559e-06,nan,3.197742e-05,2.4905705e-06,2.6061314e-06
0.3925,1.4500525,2.6396323e-05,0.019644675,4.2061768e-06,6.9584663e-06,nan,2.6396323e-05,2.0555232e-06,2.1506536e-06
0.393,1.4500519,2.1036819e-05,0.01952509,3.3511962e-06,6.9320461e-06,nan,2.1036819e-05,1.6378177e-06,1.7133785e-06
0.3935,1.4500513,1.6047068e-05,0.019420947,2.5553914e-06,6.9090646e-06,nan,1.6047068e-05,1.2489998e-06,1.3063916e-06
0.394,1.4500508,1.1561594e-05,0.01933277,1.8402133e-06,6.8896642e-06,nan,1.1561594e-05,8.9955054e-07,9.406628e-07
0.3945,1.4500502,7.6975089e-06,0.019260972,1.2243293e-06,6.8739585e-06,nan,7.6975089e-06,5.9859175e-07,6.2573756e-07
0.395,1.4500497,4.5513171e-06,0.019205855,7.2311484e-07,6.8620325e-06,nan,4.5513171e-06,3.5363761e-07,3.6947723e-07
0.3955,1.4500492,2.1963978e-06,0.019167612,3.482523e-07,6.8539422e-06,nan,2.1963978e-06,1.7039844e-07,1.7785386e-07
0.396,1.4500487,6.8122336e-07,0.019146331,1.0744743e-07,6.849714e-06,nan,6.8122336e-07,5.2642189e-08,5.4805236e-08
0.3965,1.4500482,2.8353144e-08,0.019141991,4.2698325e-09,6.8493449e-06,nan,2.8353144e-08,2.1163466e-09,2.1534858e-09
0.397,1.4500477,2.3422196e-07,0.019154466,3.812007e-08,6.8528032e-06,nan,2.3422196e-07,1.8531771e-08,1.9588299e-08
0.3975,1.4500472,1.2697127e-06,0.019183529,2.0432196e-07,6.8600285e-06,nan,1.2697127e-06,9.9607678e-08,1.0471428e-07
0.398,1.4500467,3.0814834e-06,0.019228848,4.9433522e-07,6.8709325e-06,nan,3.0814834e-06,2.4117541e-07,2.5315982e-07
0.3985,1.4500462,5.5939948e-06,0.019289995,8.9607989e-07,6.8854003e-06,nan,5.5939948e-06,4.3733679e-07,4.5874309e-07
0.399,1.4500457,8.7121663e-06,0.019366442,1.3943607e-06,6.9032908e-06,nan,8.7121663e-06,6.8067146e-07,7.1368929e-07
0.3995,1.4500452,1.2324568e-05,0.019457564,1.9713774e-06,6.9244389e-06,nan,1.2324568e-05,9.6248589e-07,1.0088916e-06
0.4,1.4500446,1.6307045e-05,0.019562648,2.6073033e-06,6.948656e-06,nan,1.6307045e-05,1.2730962e-06,1.3342071e-06
0.4005,1.4500441,2.0526658e-05,0.019680885,3.2809145e-06,6.9757324e-06,nan,2.0526658e-05,1.6021353e-06,1.6787792e-06
0.401,1.4500436,2.4845816e-05,0.019811384,3.9702498e-06,7.0054387e-06,nan,2.4845816e-05,1.9388754e-06,2.0313744e-06
0.4015,1.450043,2.9126475e-05,0.019953169,4.6532803e-06,7.0375277e-06,nan,2.9126475e-05,2.2725551e-06,2.3807252e-06
0.402,1.4500425,3.3234271e-05,0.020105185,5.3085694e-06,7.0717365e-06,nan,3.3234271e-05,2.5927016e-06,2.7158679e-06
0.4025,1.4500419,3.7042475e-05,0.020266307,5.9159038e-06,7.1077888e-06,nan,3.7042475e-05,2.8894392e-06,3.0264647e-06
0.403,1.4500413,4.0435649e-05,0.020435338,6.4568755e-06,7.1453965e-06,nan,4.0435649e-05,3.1537736e-06,3.3031019e-06
0.4035,1.4500407,4.3312891e-05,0.020611026,6.9154002e-06,7.1842628e-06,nan,4.3312891e-05,3.3778454e-06,3.5375548e-06
0.404,1.4500401,4.5590595e-05,0.020792062,7.2781568e-06,7.2240839e-06,nan,4.5590595e-05,3.5551444e-06,3.7230124e-06
0.4045,1.4500395,4.7204643e-05,0.020977094,7.5349367e-06,7.2645515e-06,nan,4.7204643e-05,3.6806809e-06,3.8542558e-06
0.405,1.4500389,4.8111971e-05,0.021164734,7.6788927e-06,7.3053553e-06,nan,4.8111971e-05,3.7511067e-06,3.927786e-06
0.4055,1.4500384,4.8291485e-05,0.021353569,7.7066841e-06,7.3461853e-06,nan,4.8291485e-05,3.7647869e-06,3.9418972e-06
0.406,1.4500378,4.7744294e-05,0.021542169,7.6185139e-06,7.3867339e-06,nan,4.7744294e-05,3.7218174e-06,3.8966965e-06
0.4065,1.4500372,4.6493281e-05,0.021729101,7.4180592e-06,7.4266984e-06,nan,4.6493281e-05,3.6239915e-06,3.7940677e-06
0.407,1.4500366,4.4582029e-05,0.021912939,7.1122988e-06,7.4657835e-06,nan,4.4582029e-05,3.4747155e-06,3.6375833e-06
0.4075,1.4500361,4.2073148e-05,0.022092276,6.7112458e-06,7.5037029e-06,nan,4.2073148e-05,3.2788785e-06,3.4323674e-06
0.408,1.4500355,3.9046062e-05,0.022265739,6.2275937e-06,7.5401817e-06,nan,3.9046062e-05,3.0426788e-06,3.1849149e-06
0.4085,1.450035,3.5594327e-05,0.022431995,5.6762884e-06,7.5749582e-06,nan,3.5594327e-05,2.773416e-06,2.9028723e-06
0.409,1.4500345,3.1822589e-05,0.022589768,5.0740412e-06,7.6077862e-06,nan,3.1822589e-05,2.4792523e-06,2.5947888e-06
0.4095,1.450034,2.7843247e-05,0.022737853,4.4387973e-06,7.6384359e-06,nan,2.7843247e-05,2.1689532e-06,2.2698441e-06
0.41,1.4500335,2.3772957e-05,0.022875119,3.7891768e-06,7.6666964e-06,nan,2.3772957e-05,1.8516143e-06,1.9375625e-06
0.4105,1.4500331,1.9729064e-05,0.023000528,3.1439058e-06,7.6923764e-06,nan,1.9729064e-05,1.5363836e-06,1.6075222e-06
0.411,1.4500326,1.582608e-05,0.023113143,2.5212541e-06,7.7153059e-06,nan,1.582608e-05,1.2321866e-06,1.2890675e-06
0.4115,1.4500322,1.2172312e-05,0.023212135,1.938497e-06,7.7353369e-06,nan,1.2172312e-05,9.4746358e-07,9.9103341e-07
0.412,1.4500318,8.8667267e-06,0.023296791,1.4114164e-06,7.7523447e-06,nan,8.8667267e-06,6.899256e-07,7.2149082e-07
0.4125,1.4500314,5.9961626e-06,0.023366524,9.5385525e-07,7.7662285e-06,nan,5.9961626e-06,4.663369e-07,4.8751835e-07
0.413,1.450031,3.6329468e-06,0.023420876,5.7733798e-07,7.7769119e-06,nan,3.6329468e-06,2.8232947e-07,2.9500851e-07
0.4135,1.4500306,1.8329905e-06,0.023459521,2.9076742e-07,7.7843431e-06,nan,1.8329905e-06,1.4225482e-07,1.4851259e-07
0.414,1.4500303,6.3441004e-07,0.023482272,1.0020512e-07,7.7884956e-06,nan,6.3441004e-07,4.9076679e-08,5.1128446e-08
0.4145,1.4500299,5.6704493e-08,0.023489076,8.7408706e-09,7.7893673e-06,nan,5.6704493e-08,4.3070814e-09,4.4337892e-09
0.415,1.4500295,1.0050449e-07,0.023480018,1.6453242e-08,7.7869813e-06,nan,1.0050449e-07,7.9870956e-09,8.4661466e-09
0.4155,1.4500292,7.4789028e-07,0.023455318,1.2046104e-07,7.7813847e-06,nan,7.4789028e-07,5.8711828e-08,6.1749214e-08
0.416,1.4500288,1.9632588e-06,0.023415328,3.1506229e-07,7.7726485e-06,nan,1.9632588e-06,1.5369826e-07,1.6136404e-07
0.4165,1.4500285,3.6947042e-06,0.023360523,5.9195513e-07,7.7608666e-06,nan,3.6947042e-06,2.8889307e-07,3.0306206e-07
0.417,1.4500281,5.875861e-06,0.023291501,9.4053249e-07,7.7461549e-06,nan,5.875861e-06,4.5911656e-07,4.8141593e-07
0.4175,1.4500277,8.4281474e-06,0.023208973,1.3482405e-06,7.7286506e-06,nan,8.4281474e-06,6.5823766e-07,6.9000286e-07
0.418,1.4500274,1.1263334e-05,0.023113752,1.8009887e-06,7.7085104e-06,nan,1.1263334e-05,8.7937426e-07,9.2161448e-07
0.4185,1.450027,1.4286352e-05,0.023006748,2.283599e-06,7.6859095e-06,nan,1.4286352e-05,1.1151125e-06,1.1684865e-06
0.419,1.4500266,1.7398263e-05,0.022888953,2.7802785e-06,7.6610401e-06,nan,1.7398263e-05,1.3577379e-06,1.4225406e-06
0.4195,1.4500262,2.0499284e-05,0.022761436,3.2751036e-06,7.6341097e-06,nan,2.0499284e-05,1.5994715e-06,1.6756322e-06
0.42,1.4500258,2.3491787e-05,0.022625325,3.7524979e-06,7.6053395e-06,nan,2.3491787e-05,1.8327036e-06,1.9197943e-06
0.4205,1.4500254,2.6283178e-05,0.022481803,4.197692e-06,7.5749624e-06,nan,2.6283178e-05,2.0502184e-06,2.1474736e-06
0.421,1.450025,2.8788581e-05,0.022332088,4.5971508e-06,7.5432216e-06,nan,2.8788581e-05,2.2454027e-06,2.3517481e-06
0.4215,1.4500245,3.0933235e-05,0.022177429,4.9389561e-06,7.5103681e-06,nan,3.0933235e-05,2.4124327e-06,2.5265234e-06
0.422,1.4500241,3.2654548e-05,0.022019089,5.2131344e-06,7.4766591e-06,nan,3.2654548e-05,2.5464344e-06,2.6666999e-06
0.4225,1.4500237,3.3903754e-05,0.021858337,5.4119198e-06,7.442356e-06,nan,3.3903754e-05,2.6436122e-06,2.7683076e-06
0.423,1.4500232,3.4647122e-05,0.021696436,5.5299475e-06,7.4077223e-06,nan,3.4647122e-05,2.7013431e-06,2.8286045e-06
0.4235,1.4500228,3.4866696e-05,0.021534631,5.5643707e-06,7.3730215e-06,nan,3.4866696e-05,2.718234e-06,2.8461367e-06
0.424,1.4500224,3.4560552e-05,0.021374145,5.5149007e-06,7.3385154e-06,nan,3.4560552e-05,2.6941418e-06,2.8207589e-06
0.4245,1.450022,3.3742564e-05,0.021216164,5.3837704e-06,7.304462e-06,nan,3.3742564e-05,2.6301549e-06,2.7536154e-06
0.425,1.4500216,3.244171e-05,0.021061831,5.1756214e-06,7.2711133e-06,nan,3.244171e-05,2.5285389e-06,2.6470825e-06
0.4255,1.4500212,3.0700936e-05,0.020912241,4.897323e-06,7.2387141e-06,nan,3.0700936e-05,2.3926473e-06,2.5046756e-06
0.426,1.4500208,2.8575617e-05,0.020768432,4.5577261e-06,7.2074997e-06,nan,2.8575617e-05,2.2268025e-06,2.3309236e-06
0.4265,1.4500204,2.6131682e-05,0.020631377,4.1673637e-06,7.1776942e-06,nan,2.6131682e-05,2.0361483e-06,2.1312154e-06
0.427,1.45002,2.3443451e-05,0.020501985,3.738105e-06,7.1495094e-06,nan,2.3443451e-05,1.826482e-06,1.911623e-06
0.4275,1.4500197,2.0591263e-05,0.020381091,3.2827772e-06,7.1231429e-06,nan,2.0591263e-05,1.6040691e-06,1.6787081e-06
0.428,1.4500193,1.7658966e-05,0.020269458,2.814764e-06,7.0987766e-06,nan,1.7658966e-05,1.3754472e-06,1.4393168e-06
0.4285,1.450019,1.4731343e-05,0.020167767,2.3475957e-06,7.076576e-06,nan,1.4731343e-05,1.1472261e-06,1.2003696e-06
0.429,1.4500187,1.1891561e-05,0.020076622,1.8945419e-06,7.0566887e-06,nan,1.1891561e-05,9.2588834e-07,9.6865358e-07
0.4295,1.4500184,9.2187137e-06,0.019996544,1.4682189e-06,7.0392437e-06,nan,9.2187137e-06,7.175979e-07,7.5062098e-07
0.43,1.4500181,6.785525e-06,0.01992797,1.0802241e-06,7.0243503e-06,nan,6.785525e-06,5.2802124e-07,5.5220282e-07
0.4305,1.4500178,4.6562897e-06,0.019871255,7.4080729e-07,7.0120976e-06,nan,4.6562897e-06,3.6216679e-07,3.786405e-07
0.431,1.4500175,2.8850998e-06,0.019826669,4.5858833e-07,7.0025542e-06,nan,2.8850998e-06,2.2424692e-07,2.3434141e-07
0.4315,1.4500172,1.5144089e-06,0.019794398,2.4032803e-07,6.9957675e-06,nan,1.5144089e-06,1.1756608e-07,1.2276195e-07
0.432,1.450017,5.7397005e-07,0.019774543,9.0759341e-08,6.9917639e-06,nan,5.7397005e-07,4.4438215e-08,4.6321126e-08
0.4325,1.4500167,8.0172701e-08,0.019767126,1.2481963e-08,6.9905485e-06,nan,8.0172701e-08,6.1352207e-09,6.3467421e-09
0.433,1.4500164,3.5790711e-08,0.019772081,5.9226187e-09,6.9921055e-06,nan,3.5790711e-08,2.8674883e-09,3.0551305e-09
0.4335,1.4500162,4.3014261e-07,0.019789267,6.9361105e-08,6.9963982e-06,nan,4.3014261e-07,3.379657e-08,3.5564535e-08
0.434,1.4500159,1.2396512e-06,0.019818459,1.9902005e-07,7.0033697e-06,nan,1.2396512e-06,9.7078975e-08,1.0194108e-07
0.4345,1.4500157,2.4287789e-06,0.019859357,3.8921463e-07,7.0129437e-06,nan,2.4287789e-06,1.8993924e-07,1.9927539e-07
0.435,1.4500154,3.951304e-06,0.019911584,6.325566e-07,7.0250246e-06,nan,3.951304e-06,3.0876959e-07,3.2378701e-07
0.4355,1.4500151,5.7518941e-06,0.019974688,9.2020572e-07,7.039499e-06,nan,5.7518941e-06,4.4925268e-07,4.7095303e-07
0.436,1.4500149,7.767923e-06,0.020048149,1.24216e-06,7.0562365e-06,nan,7.767923e-06,6.0650339e-07,6.3565663e-07
0.4365,1.4500146,9.9314747e-06,0.020131376,1.5875757e-06,7.075091e-06,nan,9.9314747e-06,7.7522504e-07,8.1235064e-07
0.437,1.4500143,1.2171468e-05,0.020223715,1.9451064e-06,7.0959013e-06,nan,1.2171468e-05,9.498752e-07,9.952312e-07
0.4375,1.450014,1.441584e-05,0.02032445,2.3032516e-06,7.1184935e-06,nan,1.441584e-05,1.1248358e-06,1.1784159e-06
0.438,1.4500137,1.6593718e-05,0.020432807,2.6507033e-06,7.1426815e-06,nan,1.6593718e-05,1.2945823e-06,1.3561209e-06
0.4385,1.4500134,1.8637516e-05,0.020547961,2.9766805e-06,7.168269e-06,nan,1.8637516e-05,1.4538478e-06,1.5228327e-06
0.439,1.4500131,2.0484901e-05,0.020669037,3.2712426e-06,7.1950507e-06,nan,2.0484901e-05,1.5977752e-06,1.6734674e-06
0.4395,1.4500128,2.2080561e-05,0.020795119,3.5255713e-06,7.2228146e-06,nan,2.2080561e-05,1.7220556e-06,1.8035157e-06
0.44,1.4500125,2.3377731e-05,0.020925256,3.7322145e-06,7.2513428e-06,nan,2.3377731e-05,1.8230474e-06,1.9091671e-06
0.4405,1.4500122,2.4339445e-05,0.021058465,3.8852845e-06,7.2804137e-06,nan,2.4339445e-05,1.8978728e-06,1.9874117e-06
0.441,1.4500119,2.4939459e-05,0.021193739,3.9806062e-06,7.3098038e-06,nan,2.4939459e-05,1.9444907e-06,2.0361154e-06
0.4415,1.4500116,2.516285e-05,0.021330058,4.0158114e-06,7.339289e-06,nan,2.516285e-05,1.9617428e-06,2.0540686e-06
0.442,1.4500113,2.5006257e-05,0.02146639,3.9903772e-06,7.3686465e-06,nan,2.5006257e-05,1.9493717e-06,2.0410055e-06
0.4425,1.450011,2.4477773e-05,0.021601704,3.9056086e-06,7.3976567e-06,nan,2.4477773e-05,1.9080135e-06,1.9975951e-06
0.443,1.4500107,2.3596502e-05,0.021734978,3.7645668e-06,7.4261042e-06,nan,2.3596502e-05,1.8391621e-06,1.9254048e-06
0.4435,1.4500104,2.2391786e-05,0.021865202,3.5719462e-06,7.4537801e-06,nan,2.2391786e-05,1.7451092e-06,1.826837e-06
0.444,1.4500101,2.0902149e-05,0.021991392,3.3339047e-06,7.480483e-06,nan,2.0902149e-05,1.6288619e-06,1.7050428e-06
0.4445,1.4500098,1.9173977e-05,0.022112596,3.0578535e-06,7.5060208e-06,nan,1.9173977e-05,1.4940395e-06,1.563814e-06
0.445,1.4500096,1.725999e-05,0.022227901,2.7522128e-06,7.5302116e-06,nan,1.725999e-05,1.3447546e-06,1.4074582e-06
0.4455,1.4500093,1.5217552e-05,0.022336445,2.4261419e-06,7.5528855e-06,nan,1.5217552e-05,1.1854811e-06,1.2406608e-06
0.446,1.4500091,1.3106875e-05,0.022437419,2.089252e-06,7.5738856e-06,nan,1.3106875e-05,1.0209137e-06,1.0683383e-06
0.4465,1.4500088,1.0989161e-05,0.022530078,1.7513108e-06,7.5930688e-06,nan,1.0989161e-05,8.5582412e-07,8.9548671e-07
0.447,1.4500086,8.9247595e-06,0.022613745,1.4219474e-06,7.610307e-06,nan,8.9247595e-06,6.9491636e-07,7.2703104e-07
0.4475,1.4500084,6.9713731e-06,0.022687822,1.1103665e-06,7.6254881e-06,nan,6.9713731e-06,5.4268755e-07,5.6767896e-07
0.448,1.4500081,5.1823811e-06,0.022751789,8.2508104e-07,7.6385162e-06,nan,5.1823811e-06,4.0329699e-07,4.2178404e-07
0.4485,1.4500079,3.6053195e-06,0.022805212,5.7366959e-07,7.6493126e-06,nan,3.6053195e-06,2.8044782e-07,2.9322177e-07
0.449,1.4500077,2.2805627e-06,0.022847745,3.6256652e-07,7.6578161e-06,nan,2.2805627e-06,1.7728436e-07,1.8528216e-07
0.4495,1.4500075,1.2402444e-06,0.022879138,1.9688988e-07,7.6639833e-06,nan,1.2402444e-06,9.6308031e-08,1.0058185e-07
0.45,1.4500073,5.0744324e-07,0.022899229,8.0311835e-08,7.6677887e-06,nan,5.0744324e-07,3.9314052e-08,4.0997784e-08
0.4505,1.4500071,9.5654261e-08,0.022907955,1.4974629e-08,7.6692249e-06,nan,9.5654261e-08,7.350302e-09,7.6243271e-09
0.451,1.450007,8.5561489e-09,0.022905345,1.453814e-09,7.6683025e-06,nan,8.5561489e-09,6.9934191e-10,7.5447205e-10
0.4515,1.4500068,2.4007654e-07,0.022891523,3.8769005e-08,7.6650494e-06,nan,2.4007654e-07,1.8883616e-08,1.988539e-08
0.452,1.4500066,7.7474766e-07,0.022866703,1.2444098e-07,7.6595111e-06,nan,7.7474766e-07,6.0693303e-08,6.3747673e-08
0.4525,1.4500064,1.5883367e-06,0.022831189,2.5459256e-07,7.6517498e-06,nan,1.5883367e-06,1.2423557e-07,1.3035698e-07
0.453,1.4500062,2.6487268e-06,0.022785369,4.2408955e-07,7.6418438e-06,nan,2.6487268e-06,2.0700339e-07,2.1708616e-07
0.4535,1.450006,3.9170188e-06,0.022729711,6.2671673e-07,7.629887e-06,nan,3.9170188e-06,3.0596145e-07,3.2075528e-07
0.454,1.4500058,5.3488152e-06,0.022664758,8.5538302e-07,7.6159877e-06,nan,5.3488152e-06,4.1764641e-07,4.377366e-07
0.4545,1.4500056,6.8956464e-06,0.022591122,1.1023492e-06,7.6002679e-06,nan,6.8956464e-06,5.3827808e-07,5.640711e-07
0.455,1.4500054,8.5064929e-06,0.022509478,1.3594709e-06,7.5828624e-06,nan,8.5064929e-06,6.6387815e-07,6.9559272e-07
0.4555,1.4500052,1.0129357e-05,0.022420556,1.6184494e-06,7.5639172e-06,nan,1.0129357e-05,7.9039269e-07,8.2805673e-07
0.456,1.450005,1.1712833e-05,0.022325133,1.8710828e-06,7.5435887e-06,nan,1.1712833e-05,9.1381477e-07,9.5726801e-07
0.4565,1.4500048,1.3207639e-05,0.022224028,2.1095091e-06,7.5220423e-06,nan,1.3207639e-05,1.0303034e-06,1.0792057e-06
0.457,1.4500046,1.4568048e-05,0.022118093,2.3264356e-06,7.4994511e-06,nan,1.4568048e-05,1.1362955e-06,1.1901402e-06
0.4575,1.4500044,1.5753192e-05,0.022008204,2.5153469e-06,7.4759945e-06,nan,1.5753192e-05,1.2286073e-06,1.2867396e-06
0.458,1.4500041,1.6728201e-05,0.021895254,2.6706853e-06,7.4518567e-06,nan,1.6728201e-05,1.3045231e-06,1.3661622e-06
0.4585,1.4500039,1.7465135e-05,0.021780145,2.7880007e-06,7.4272255e-06,nan,1.7465135e-05,1.3618678e-06,1.4261328e-06
0.459,1.4500037,1.7943697e-05,0.021663782,2.864063e-06,7.4022907e-06,nan,1.7943697e-05,1.3990625e-06,1.4650004e-06
0.4595,1.4500035,1.8151703e-05,0.021547063,2.8969375e-06,7.3772427e-06,nan,1.8151703e-05,1.4151609e-06,1.4817766e-06
0.46,1.4500033,1.8085301e-05,0.021430874,2.8860193e-06,7.352271e-06,nan,1.8085301e-05,1.4098662e-06,1.4761531e-06
0.4605,1.450003,1.7748939e-05,0.021316083,2.8320278e-06,7.3275628e-06,nan,1.7748939e-05,1.3835287e-06,1.4484991e-06
0.461,1.4500028,1.715508e-05,0.021203532,2.7369612e-06,7.3033016e-06,nan,1.715508e-05,1.3371235e-06,1.3998377e-06
0.4615,1.4500026,1.6323688e-05,0.021094032,2.6040141e-06,7.2796662e-06,nan,1.6323688e-05,1.2722101e-06,1.331804e-06
0.462,1.4500024,1.5281498e-05,0.020988356,2.4374602e-06,7.2568286e-06,nan,1.5281498e-05,1.1908753e-06,1.2465849e-06
0.4625,1.4500022,1.406109e-05,0.02088724,2.2425058e-06,7.2349536e-06,nan,1.406109e-05,1.0956617e-06,1.1468441e-06
0.463,1.450002,1.2699817e-05,0.020791371,2.0251166e-06,7.2141972e-06,nan,1.2699817e-05,9.8948296e-07,1.0356336e-06
0.4635,1.4500018,1.1238595e-05,0.020701388,1.7918261e-06,7.1947055e-06,nan,1.1238595e-05,8.7553037e-07,9.1629575e-07
0.464,1.4500016,9.7206224e-06,0.020617879,1.5495302e-06,7.1766138e-06,nan,9.7206224e-06,7.571723e-07,7.9235789e-07
0.4645,1.4500015,8.190041e-06,0.020541376,1.3052738e-06,7.1600458e-06,nan,8.190041e-06,6.3785028e-07,6.6742357e-07
0.465,1.4500013,6.6906021e-06,0.020472354,1.0660382e-06,7.1451124e-06,nan,6.6906021e-06,5.2097476e-07,5.4506343e-07
0.4655,1.4500011,5.2643639e-06,0.020411226,8.3853259e-07,7.1319114e-06,nan,5.2643639e-06,4.0982364e-07,4.2870895e-07
0.466,1.450001,3.9504633e-06,0.020358348,6.2899885e-07,7.1205265e-06,nan,3.9504633e-06,3.0744657e-07,3.2155227e-07
0.4665,1.4500008,2.7839977e-06,0.020314011,4.4303285e-07,7.111027e-06,nan,2.7839977e-06,2.1657784e-07,2.2645501e-07
0.467,1.4500007,1.7950471e-06,0.020278445,2.8542872e-07,7.1034677e-06,nan,1.7950471e-06,1.3956017e-07,1.4586855e-07
0.4675,1.4500005,1.0078641e-06,0.020251815,1.6004972e-07,7.0978879e-06,nan,1.0078641e-06,7.8281664e-08,8.1768052e-08
0.468,1.4500004,4.4025241e-07,0.020234225,6.9729279e-08,7.0943118e-06,nan,4.4025241e-07,3.4127426e-08,3.5601853e-08
0.4685,1.4500002,1.0314929e-07,0.020225713,1.6204695e-08,7.0927484e-06,nan,1.0314929e-07,7.9471277e-09,8.2575669e-09
0.469,1.4500001,4.211622e-10,0.020226257,8.4675926e-11,7.0931914e-06,nan,4.211622e-10,3.9139398e-11,4.5536528e-11
0.4695,1.45,1.2887411e-07,0.020235771,2.0851305e-08,7.0956195e-06,nan,1.2887411e-07,1.0151448e-08,1.0699857e-08
0.47,1.4499998,4.784754e-07,0.02025411,7.6895635e-08,7.0999964e-06,nan,4.784754e-07,3.749902e-08,3.9396615e-08
0.4705,1.4499997,1.0327757e-06,0.020281068,1.6558528e-07,7.1062719e-06,nan,1.0327757e-06,8.0796792e-08,8.4788488e-08
0.471,1.4499996,1.7695154e-06,0.020316382,2.8336142e-07,7.1143816e-06,nan,1.7695154e-06,1.3830704e-07,1.4505439e-07
0.4715,1.4499994,2.6613944e-06,0.020359734,4.2586178e-07,7.1242481e-06,nan,2.6613944e-06,2.0789941e-07,2.1796238e-07
0.472,1.4499993,3.6769781e-06,0.020410749,5.8806542e-07,7.1357813e-06,nan,3.6769781e-06,2.8712167e-07,3.0094376e-07
0.4725,1.4499992,4.7817119e-06,0.020469004,7.6445468e-07,7.1488794e-06,nan,4.7817119e-06,3.7327876e-07,3.9117591e-07
0.473,1.449999,5.9390098e-06,0.020534026,9.4918903e-07,7.16343e-06,nan,5.9390098e-06,4.6351779e-07,4.8567124e-07
0.4735,1.4499989,7.1113851e-06,0.020605296,1.1362855e-06,7.1793103e-06,nan,7.1113851e-06,5.5491608e-07,5.8136947e-07
0.474,1.4499987,8.2615876e-06,0.020682253,1.3198003e-06,7.196389e-06,nan,8.2615876e-06,6.445699e-07,6.7523043e-07
0.4745,1.4499986,9.3537129e-06,0.020764298,1.4940056e-06,7.2145269e-06,nan,9.3537129e-06,7.2968093e-07,7.6432468e-07
0.475,1.4499984,1.0354253e-05,0.020850795,1.6535571e-06,7.2335778e-06,nan,1.0354253e-05,8.0763806e-07,8.4591908e-07
0.4755,1.4499982,1.1233054e-05,0.020941082,1.7936472e-06,7.2533903e-06,nan,1.1233054e-05,8.7609215e-07,9.1755504e-07
0.476,1.4499981,1.196416e-05,0.021034467,1.9101387e-06,7.2738084e-06,nan,1.196416e-05,9.3302155e-07,9.7711712e-07
0.4765,1.4499979,1.2526513e-05,0.021130238,1.9996769e-06,7.294673e-06,nan,1.2526513e-05,9.7678677e-07,1.0228902e-06
0.477,1.4499978,1.2904493e-05,0.021227667,2.0597761e-06,7.3158231e-06,nan,1.2904493e-05,1.0061726e-06,1.0536035e-06
0.4775,1.4499976,1.3088293e-05,0.021326016,2.0888778e-06,7.3370969e-06,nan,1.3088293e-05,1.020417e-06,1.0684608e-06
0.478,1.4499974,1.3074104e-05,0.021424541,2.0863811e-06,7.3583334e-06,nan,1.3074104e-05,1.0192255e-06,1.0671556e-06
0.4785,1.4499973,1.2864122e-05,0.021522497,2.0526437e-06,7.3793729e-06,nan,1.2864122e-05,1.002772e-06,1.0498717e-06
0.479,1.4499971,1.2466377e-05,0.021619147,1.9889537e-06,7.400059e-06,nan,1.2466377e-05,9.7168485e-07,1.0172688e-06
0.4795,1.449997,1.1894386e-05,0.021713765,1.8974744e-06,7.4202391e-06,nan,1.1894386e-05,9.2702026e-07,9.7045415e-07
0.48,1.4499968,1.1166652e-05,0.021805641,1.7811644e-06,7.4397659e-06,nan,1.1166652e-05,8.7022275e-07,9.1094167e-07
0.4805,1.4499967,1.0306023e-05,0.02189409,1.6436744e-06,7.4584984e-06,nan,1.0306023e-05,8.0307513e-07,8.4059924e-07
0.481,1.4499965,9.3389241e-06,0.021978454,1.4892256e-06,7.4763027e-06,nan,9.3389241e-06,7.2763912e-07,7.6158651e-07
0.4815,1.4499964,8.2945123e-06,0.02205811,1.3224738e-06,7.4930531e-06,nan,8.2945123e-06,6.4618869e-07,6.7628513e-07
0.482,1.4499963,7.2037485e-06,0.022132475,1.1483616e-06,7.508633e-06,nan,7.2037485e-06,5.6113819e-07,5.8722345e-07
0.4825,1.4499961,6.0984422e-06,0.022201009,9.7196605e-07,7.5229358e-06,nan,6.0984422e-06,4.749677e-07,4.9699835e-07
0.483,1.449996,5.010284e-06,0.022263221,7.9834387e-07,7.5358653e-06,nan,5.010284e-06,3.9014758e-07,4.0819629e-07
0.4835,1.4499959,3.9698997e-06,0.022318672,6.3238095e-07,7.5473364e-06,nan,3.9698997e-06,3.0906482e-07,3.2331613e-07
0.484,1.4499958,3.0059534e-06,0.02236698,4.7864901e-07,7.5572759e-06,nan,3.0059534e-06,2.3395307e-07,2.4469594e-07
0.4845,1.4499957,2.1443252e-06,0.022407822,3.4127458e-07,7.5656229e-06,nan,2.1443252e-06,1.6682861e-07,1.7444596e-07
0.485,1.4499956,1.4073862e-06,0.022440938,2.2382341e-07,7.5723287e-06,nan,1.4073862e-06,1.0943389e-07,1.1438952e-07
0.4855,1.4499955,8.1339275e-07,0.02246613,1.292039e-07,7.5773577e-06,nan,8.1339275e-07,6.3190289e-08,6.6013612e-08
0.486,1.4499954,3.7601321e-07,0.022483266,5.9591812e-08,7.580687e-06,nan,3.7601321e-07,2.9161361e-08,3.0430451e-08
0.4865,1.4499953,1.0400131e-07,0.022492281,1.6378264e-08,7.5823069e-06,nan,1.0400131e-07,8.027392e-09,8.3508723e-09
0.487,1.4499952,1.0219818e-09,0.022493175,1.4213489e-10,7.5822205e-06,nan,1.0219818e-09,7.1895371e-11,7.0239522e-11
0.4875,1.4499951,6.5632561e-08,0.022486013,1.0647243e-08,7.5804438e-06,nan,6.5632561e-08,5.1802157e-09,5.4670273e-09
0.488,1.449995,2.914171e-07,0.022470926,4.6863961e-08,7.5770053e-06,nan,2.914171e-07,2.2850064e-08,2.4013897e-08
0.4885,1.4499949,6.6726704e-07,0.022448106,1.0701417e-07,7.5719458e-06,nan,6.6726704e-07,5.2213462e-08,5.4800711e-08
0.489,1.4499948,1.1777972e-06,0.022417806,1.8863781e-07,7.565318e-06,nan,1.1777972e-06,9.2069224e-08,9.6568588e-08
0.4895,1.4499947,1.8038823e-06,0.022380336,2.8867861e-07,7.5571858e-06,nan,1.8038823e-06,1.4092484e-07,1.4775378e-07
0.49,1.4499946,2.5232956e-06,0.022336061,4.0358617e-07,7.5476238e-06,nan,2.5232956e-06,1.9704629e-07,2.0653988e-07
0.4905,1.4499945,3.3114293e-06,0.022285394,5.2943091e-07,7.536717e-06,nan,3.3114293e-06,2.5851426e-07,2.7091665e-07
0.491,1.4499944,4.1420725e-06,0.022228797,6.6202843e-07,7.5245594e-06,nan,4.1420725e-06,3.2328481e-07,3.3874362e-07
0.4915,1.4499943,4.9882242e-06,0.022166771,7.9706913e-07,7.5112537e-06,nan,4.9882242e-06,3.8925272e-07,4.0781641e-07
0.492,1.4499942,5.8229145e-06,0.022099854,9.302494e-07,7.4969105e-06,nan,5.8229145e-06,4.5431559e-07,4.7593381e-07
0.4925,1.449994,6.620011e-06,0.022028616,1.0574001e-06,7.4816469e-06,nan,6.620011e-06,5.1643662e-07,5.4096352e-07
0.493,1.4499939,7.3549849e-06,0.021953653,1.1746091e-06,7.465586e-06,nan,7.3549849e-06,5.7370437e-07,6.0090472e-07
0.4935,1.4499938,8.005616e-06,0.021875582,1.2783332e-06,7.448856e-06,nan,8.005616e-06,6.2438767e-07,6.5394555e-07
0.494,1.4499937,8.5526163e-06,0.021795035,1.3654981e-06,7.4315886e-06,nan,8.5526163e-06,6.6698417e-07,6.9851389e-07
0.4945,1.4499936,8.9801537e-06,0.021712655,1.4335813e-06,7.4139188e-06,nan,8.9801537e-06,7.0026117e-07,7.3332013e-07
0.495,1.4499935,9.2762644e-06,0.021629089,1.4806783e-06,7.3959829e-06,nan,9.2762644e-06,7.232877e-07,7.5739063e-07
0.4955,1.4499934,9.4331408e-06,0.021544983,1.5055481e-06,7.3779185e-06,nan,9.4331408e-06,7.354569e-07,7.7009123e-07
0.496,1.4499932,9.4472912e-06,0.02146098,1.5076386e-06,7.3598626e-06,nan,9.4472912e-06,7.3649843e-07,7.7114013e-07
0.4965,1.4499931,9.3195665e-06,0.02137771,1.4870905e-06,7.341951e-06,nan,9.3195665e-06,7.2648049e-07,7.6061e-07
0.497,1.449993,9.0550574e-06,0.02129579,1.4447212e-06,7.3243171e-06,nan,9.0550574e-06,7.0580175e-07,7.3891948e-07
0.4975,1.4499929,8.6628663e-06,0.021215817,1.3819879e-06,7.3070913e-06,nan,8.6628663e-06,6.7517349e-07,7.0681443e-07
0.498,1.4499928,8.1557628e-06,0.021138365,1.3009326e-06,7.2903995e-06,nan,8.1557628e-06,6.3559275e-07,6.6533983e-07
0.4985,1.4499927,7.5497365e-06,0.021063981,1.2041105e-06,7.2743624e-06,nan,7.5497365e-06,5.8830737e-07,6.1580311e-07
0.499,1.4499926,6.8634611e-06,0.020993181,1.0945046e-06,7.259095e-06,nan,6.8634611e-06,5.3477422e-07,5.5973037e-07
0.4995,1.4499925,6.1176877e-06,0.020926449,9.7542864e-07,7.2447051e-06,nan,6.1176877e-06,4.7661182e-07,4.9881682e-07
0.5,1.4499924,5.3345869e-06,0.02086423,8.5042215e-07,7.2312932e-06,nan,5.3345869e-06,4.1554909e-07,4.3487306e-07
0.5005,1.4499923,4.5370601e-06,0.020806934,7.2314044e-07,7.2189515e-06,nan,4.5370601e-06,3.5337163e-07,3.6976881e-07
0.501,1.4499922,3.7480419e-06,0.020754926,5.9724327e-07,7.2077632e-06,nan,3.7480419e-06,2.9186729e-07,3.0537597e-07
0.5015,1.4499921,2.9898126e-06,0.020708531,4.7628526e-07,7.1978021e-06,nan,2.9898126e-06,2.3277268e-07,2.4351258e-07
0.502,1.449992,2.2833443e-06,0.020668029,3.6361145e-07,7.1891322e-06,nan,2.2833443e-06,1.7772208e-07,1.8588937e-07
0.5025,1.449992,1.6476963e-06,0.020633655,2.6226095e-07,7.1818072e-06,nan,1.6476963e-06,1.2820044e-07,1.3406051e-07
0.503,1.4499919,1.0994794e-06,0.020605597,1.7488156e-07,7.1758701e-06,nan,1.0994794e-06,8.5501608e-08,8.9379949e-08
0.5035,1.4499918,6.5240244e-07,0.020583997,1.0365746e-07,7.1713531e-06,nan,6.5240244e-07,5.0693008e-08,5.2964456e-08
0.504,1.4499917,3.1691468e-07,0.020568949,5.0252258e-08,7.1682775e-06,nan,3.1691468e-07,2.4587801e-08,2.5664457e-08
0.5045,1.4499917,9.9950789e-08,0.020560501,1.5768433e-08,7.1666534e-06,nan,9.9950789e-08,7.7250733e-09,8.04336e-09
0.505,1.4499916,4.7864996e-09,0.020558652,7.2443056e-10,7.1664801e-06,nan,4.7864996e-09,3.5861265e-10,3.6581791e-10
0.5055,1.4499915,3.1005838e-08,0.020563357,5.0495573e-09,7.1677458e-06,nan,3.1005838e-08,2.4544069e-09,2.5951503e-09
0.506,1.4499915,1.7457948e-07,0.020574524,2.8096617e-08,7.1704282e-06,nan,1.7457948e-07,1.36968e-08,1.4399817e-08
0.5065,1.4499914,4.2804975e-07,0.020592015,6.8671556e-08,7.1744942e-06,nan,4.2804975e-07,3.3502959e-08,3.5168597e-08
0.507,1.4499913,7.8081487e-07,0.02061565,1.2507894e-07,7.1799009e-06,nan,7.8081487e-07,6.1045075e-08,6.4033863e-08
0.5075,1.4499912,1.2195022e-06,0.020645208,1.951816e-07,7.1865956e-06,nan,1.2195022e-06,9.5279496e-08,9.9902106e-08
0.508,1.4499912,1.7284175e-06,0.020680424,2.7647246e-07,7.1945163e-06,nan,1.7284175e-06,1.3498179e-07,1.4149067e-07
0.5085,1.4499911,2.290056e-06,0.020720997,3.6615609e-07,7.2035923e-06,nan,2.290056e-06,1.7878659e-07,1.8736949e-07
0.509,1.449991,2.885658e-06,0.02076659,4.6123748e-07,7.2137452e-06,nan,2.885658e-06,2.2523096e-07,2.3600651e-07
0.5095,1.4499909,3.4957924e-06,0.02081683,5.5861515e-07,7.2248886e-06,nan,3.4957924e-06,2.7279987e-07,2.8581528e-07
0.51,1.4499909,4.1009499e-06,0.020871315,6.5517584e-07,7.23693e-06,nan,4.1009499e-06,3.1997242e-07,3.3520342e-07
0.5105,1.4499908,4.6821276e-06,0.020929612,7.478878e-07,7.2497707e-06,nan,4.6821276e-06,3.6526748e-07,3.8262031e-07
0.511,1.4499907,5.2213884e-06,0.020991263,8.3388997e-07,7.2633067e-06,nan,5.2213884e-06,4.0728722e-07,4.2660275e-07
0.5115,1.4499906,5.7023784e-06,0.021055789,9.1057455e-07,7.2774301e-06,nan,5.7023784e-06,4.4475746e-07,4.658171e-07
0.512,1.4499905,6.1107874e-06,0.021122691,9.7566043e-07,7.2920293e-06,nan,6.1107874e-06,4.7656352e-07,4.9909691e-07
0.5125,1.4499905,6.4347408e-06,0.021191454,1.0272555e-06,7.3069901e-06,nan,6.4347408e-06,5.0178077e-07,5.2547478e-07
0.513,1.4499904,6.6651105e-06,0.021261554,1.0639065e-06,7.3221967e-06,nan,6.6651105e-06,5.1969881e-07,5.4420772e-07
0.5135,1.4499903,6.7957395e-06,0.021332455,1.0846343e-06,7.3375324e-06,nan,6.7957395e-06,5.2983894e-07,5.547954e-07
0.514,1.4499902,6.8235721e-06,0.021403621,1.088955e-06,7.3528808e-06,nan,6.8235721e-06,5.319643e-07,5.5699071e-07
0.5145,1.4499901,6.7486904e-06,0.021474514,1.0768853e-06,7.3681262e-06,nan,6.7486904e-06,5.2608262e-07,5.5080267e-07
0.515,1.44999,6.5742553e-06,0.0215446,1.0489332e-06,7.3831547e-06,nan,6.5742553e-06,5.1244165e-07,5.3649156e-07
0.5155,1.44999,6.3063573e-06,0.021613355,1.006074e-06,7.3978552e-06,nan,6.3063573e-06,4.915174e-07,5.1455661e-07
0.516,1.4499899,5.9537812e-06,0.021680266,9.4971273e-07,7.4121202e-06,nan,5.9537812e-06,4.6399587e-07,4.8571685e-07
0.5165,1.4499898,5.5276959e-06,0.021744837,8.8163436e-07,7.425846e-06,nan,5.5276959e-06,4.3074875e-07,4.5088562e-07
0.517,1.4499897,5.0412772e-06,0.021806592,8.0394378e-07,7.4389343e-06,nan,5.0412772e-06,3.9280399e-07,4.1113978e-07
0.5175,1.4499897,4.5092776e-06,0.021865079,7.1899695e-07,7.4512922e-06,nan,4.5092776e-06,3.5131234e-07,3.6768461e-07
0.518,1.4499896,3.9475576e-06,0.021919874,6.2932606e-07,7.4628335e-06,nan,3.9475576e-06,3.0751064e-07,3.2181542e-07
0.5185,1.4499895,3.3725904e-06,0.021970582,5.3756053e-07,7.4734784e-06,nan,3.3725904e-06,2.6268333e-07,2.748772e-07
0.519,1.4499895,2.8009591e-06,0.022016845,4.4634671e-07,7.483155e-06,nan,2.8009591e-06,2.1812319e-07,2.2822351e-07
0.5195,1.4499894,2.2488581e-06,0.022058341,3.5826832e-07,7.4917992e-06,nan,2.2488581e-06,1.7509249e-07,1.8317584e-07
0.52,1.4499893,1.7316158e-06,0.022094785,2.7577038e-07,7.4993551e-06,nan,1.7316158e-06,1.3478576e-07,1.4098462e-07
0.5205,1.4499893,1.2632515e-06,0.022125937,2.0108847e-07,7.5057757e-06,nan,1.2632515e-06,9.8295336e-08,1.0279314e-07
0.521,1.4499892,8.5607957e-07,0.022151598,1.3618563e-07,7.5110228e-06,nan,8.5607957e-07,6.6580429e-08,6.9605199e-08
0.5215,1.4499892,5.2037124e-07,0.022171615,8.2698497e-08,7.5150676e-06,nan,5.2037124e-07,4.0440863e-08,4.2257634e-08
0.522,1.4499891,2.6408415e-07,0.022185881,4.18942e-08,7.5178902e-06,nan,2.6408415e-07,2.049598e-08,2.1398219e-08
0.5225,1.4499891,9.2665456e-08,0.022194333,1.4639023e-08,7.5194806e-06,nan,9.2665456e-08,7.1693341e-09,7.4696884e-09
0.523,1.449989,8.9337531e-09,0.022196958,1.3796672e-09,7.5198377e-06,nan,8.9337531e-09,6.7951875e-10,7.0014842e-10
0.5235,1.449989,1.3041685e-08,0.022193787,2.1373757e-09,7.5189699e-06,nan,1.3041685e-08,1.0372892e-09,1.1000865e-09
0.524,1.4499889,1.0251896e-07,0.022184897,1.651489e-08,7.5168948e-06,nan,1.0251896e-07,8.0489486e-09,8.4659414e-09
0.5245,1.4499889,2.7239307e-07,0.022170409,4.3715803e-08,7.5136389e-06,nan,2.7239307e-07,2.1325791e-08,2.2390012e-08
0.525,1.4499888,5.1538263e-07,0.022150488,8.2575504e-08,7.5092372e-06,nan,5.1538263e-07,4.0299209e-08,4.2276295e-08
0.5255,1.4499888,8.2215644e-07,0.022125341,1.3160258e-07,7.5037331e-06,nan,8.2215644e-07,6.4240908e-08,6.7361671e-08
0.526,1.4499887,1.1816491e-06,0.022095212,1.8902926e-07,7.497178e-06,nan,1.1816491e-06,9.2287542e-08,9.6741714e-08
0.5265,1.4499886,1.5814228e-06,0.022060384,2.528692e-07,7.4896306e-06,nan,1.5814228e-06,1.2346894e-07,1.2940026e-07
0.527,1.4499886,2.0080642e-06,0.02202117,3.2098083e-07,7.4811566e-06,nan,2.0080642e-06,1.5673904e-07,1.6424178e-07
0.5275,1.4499885,2.4476023e-06,0.021977917,3.9113412e-07,7.4718282e-06,nan,2.4476023e-06,1.9100852e-07,2.001256e-07
0.528,1.4499885,2.885937e-06,0.021931,4.6107889e-07,7.4617231e-06,nan,2.885937e-06,2.2517812e-07,2.3590077e-07
0.5285,1.4499884,3.3092624e-06,0.021880815,5.2861246e-07,7.4509244e-06,nan,3.3092624e-06,2.5817176e-07,2.704407e-07
0.529,1.4499884,3.704475e-06,0.021827782,5.9164464e-07,7.4395196e-06,nan,3.704475e-06,2.8896824e-07,3.026764e-07
0.5295,1.4499883,4.0595524e-06,0.021772334,6.4825827e-07,7.4276e-06,nan,4.0595524e-06,3.1663083e-07,3.3162744e-07
0.53,1.4499882,4.3638941e-06,0.02171492,6.9676343e-07,7.4152598e-06,nan,4.3638941e-06,3.4033379e-07,3.5642965e-07
0.5305,1.4499882,4.6086126e-06,0.021655998,7.3574393e-07,7.4025958e-06,nan,4.6086126e-06,3.5938501e-07,3.7635892e-07
0.531,1.4499881,4.7867689e-06,0.021596031,7.6409475e-07,7.389706e-06,nan,4.7867689e-06,3.7324442e-07,3.9085033e-07
0.5315,1.4499881,4.8935449e-06,0.021535484,7.8104954e-07,7.3766896e-06,nan,4.8935449e-06,3.8153732e-07,3.9951222e-07
0.532,1.449988,4.9263498e-06,0.02147482,7.8619747e-07,7.3636457e-06,nan,4.9263498e-06,3.8406272e-07,4.0213476e-07
0.5325,1.4499879,4.8848574e-06,0.021414498,7.7948916e-07,7.3506726e-06,nan,4.8848574e-06,3.8079615e-07,3.9869301e-07
0.533,1.4499879,4.7709758e-06,0.021354968,7.6123166e-07,7.3378673e-06,nan,4.7709758e-06,3.7188731e-07,3.8934435e-07
0.5335,1.4499878,4.5887497e-06,0.021296666,7.3207294e-07,7.3253247e-06,nan,4.5887497e-06,3.5765243e-07,3.744205e-07
0.534,1.4499878,4.3442019e-06,0.021240017,6.9297635e-07,7.3131369e-06,nan,4.3442019e-06,3.3856186e-07,3.5441449e-07
0.5345,1.4499877,4.0451171e-06,0.021185424,6.4518622e-07,7.3013923e-06,nan,4.0451171e-06,3.1522323e-07,3.2996299e-07
0.535,1.4499877,3.7007781e-06,0.021133273,5.9018556e-07,7.2901753e-06,nan,3.7007781e-06,2.8836079e-07,3.0182476e-07
0.5355,1.4499876,3.3216608e-06,0.021083925,5.2964745e-07,7.2795657e-06,nan,3.3216608e-06,2.5879172e-07,2.7085573e-07
0.536,1.4499876,2.9190998e-06,0.021037717,4.6538161e-07,7.2696378e-06,nan,2.9190998e-06,2.2739998e-07,2.3798164e-07
0.5365,1.4499875,2.5049341e-06,0.020994958,3.992778e-07,7.2604603e-06,nan,2.5049341e-06,1.9510867e-07,2.0416913e-07
0.537,1.4499875,2.0911436e-06,0.020955928,3.3324787e-07,7.2520953e-06,nan,2.0911436e-06,1.6285176e-07,1.7039611e-07
0.5375,1.4499874,1.6894884e-06,0.020920877,2.6916816e-07,7.2445987e-06,nan,1.6894884e-06,1.3154589e-07,1.3762226e-07
0.538,1.4499874,1.3111609e-06,0.020890024,2.0882402e-07,7.2380189e-06,nan,1.3111609e-06,1.0206335e-07,1.0676067e-07
0.5385,1.4499873,9.664613e-07,0.020863553,1.5385804e-07,7.2323974e-06,nan,9.664613e-07,7.5206678e-08,7.8651359e-08
0.539,1.4499873,6.6450513e-07,0.020841616,1.0572343e-07,7.2277678e-06,nan,6.6450513e-07,5.1685977e-08,5.4037457e-08
0.5395,1.4499873,4.1297196e-07,0.020824331,6.5643984e-08,7.224156e-06,nan,4.1297196e-07,3.2099286e-08,3.3544698e-08
0.54,1.4499872,2.1790124e-07,0.02081178,3.4581506e-08,7.2215801e-06,nan,2.1790124e-07,1.6916706e-08,1.76648e-08
0.5405,1.4499872,8.3540926e-08,0.02080401,1.321177e-08,7.2200501e-06,nan,8.3540926e-08,6.4686168e-09,6.7431527e-09
0.541,1.4499871,1.2252429e-08,0.020801035,1.909386e-09,7.2195682e-06,nan,1.2252429e-08,9.3829045e-10,9.7109559e-10
0.5415,1.4499871,4.4736317e-09,0.020802832,7.4198248e-10,7.2201287e-06,nan,4.4736317e-09,3.5903658e-10,3.829459e-10
0.542,1.4499871,5.8740133e-08,0.020809347,9.4736561e-09,7.2217179e-06,nan,5.8740133e-08,4.6158816e-09,4.8577745e-09
0.5425,1.449987,1.71763e-07,0.02082049,2.7577448e-08,7.2243146e-06,nan,1.71763e-07,1.3451654e-08,1.4125794e-08
0.543,1.449987,3.3855971e-07,0.020836139,5.4256301e-08,7.2278903e-06,nan,3.3855971e-07,2.6477216e-08,2.7779085e-08
0.5435,1.449987,5.5263338e-07,0.02085614,8.8471714e-08,7.2324092e-06,nan,5.5263338e-07,4.3185455e-08,4.528626e-08
0.544,1.4499869,8.0619415e-07,0.020880312,1.2897912e-07,7.2378289e-06,nan,8.0619415e-07,6.2968557e-08,6.6010563e-08
0.5445,1.4499869,1.0904152e-06,0.020908441,1.7436878e-07,7.2441005e-06,nan,1.0904152e-06,8.5137984e-08,8.9230794e-08
0.545,1.4499868,1.3957152e-06,0.020940288,2.2311089e-07,7.2511692e-06,nan,1.3957152e-06,1.0894651e-07,1.1416438e-07
0.5455,1.4499868,1.7120584e-06,0.020975589,2.7360348e-07,7.2589746e-06,nan,1.7120584e-06,1.3361159e-07,1.3999189e-07
0.546,1.4499868,2.029263e-06,0.021014055,3.2422163e-07,7.2674514e-06,nan,2.029263e-06,1.5833946e-07,1.6588217e-07
0.5465,1.4499867,2.3373079e-06,0.021055377,3.7336643e-07,7.2765298e-06,nan,2.3373079e-06,1.8234898e-07,1.9101745e-07
0.547,1.4499867,2.6266299e-06,0.021099226,4.1951237e-07,7.2861359e-06,nan,2.6266299e-06,2.0489486e-07,2.1461751e-07
0.5475,1.4499866,2.8884012e-06,0.021145258,4.6125163e-07,7.2961929e-06,nan,2.8884012e-06,2.2528924e-07,2.3596239e-07
0.548,1.4499866,3.1147803e-06,0.021193114,4.9733409e-07,7.306621e-06,nan,3.1147803e-06,2.4292127e-07,2.5441282e-07
0.5485,1.4499866,3.2991293e-06,0.021242422,5.2670188e-07,7.3173383e-06,nan,3.2991293e-06,2.57274e-07,2.6942788e-07
0.549,1.4499865,3.43619e-06,0.021292804,5.485176e-07,7.3282616e-06,nan,3.43619e-06,2.6793813e-07,2.8057946e-07
0.5495,1.4499865,3.5222175e-06,0.021343874,5.6218538e-07,7.3393069e-06,nan,3.5222175e-06,2.7462237e-07,2.87563e-07
0.55,1.4499864,3.5550644e-06,0.021395243,5.6736443e-07,7.35039e-06,nan,3.5550644e-06,2.7716001e-07,2.9020442e-07
0.5505,1.4499864,3.5342165e-06,0.021446523,5.6397462e-07,7.3614271e-06,nan,3.5342165e-06,2.7551166e-07,2.8846296e-07
0.551,1.4499863,3.4607793e-06,0.021497329,5.5219426e-07,7.3723356e-06,nan,3.4607793e-06,2.6976421e-07,2.8243005e-07
0.5515,1.4499863,3.3374159e-06,0.02154728,5.3245009e-07,7.3830345e-06,nan,3.3374159e-06,2.601259e-07,2.7232419e-07
0.552,1.4499863,3.1682389e-06,0.021596005,5.0540012e-07,7.3934452e-06,nan,3.1682389e-06,2.4691799e-07,2.5848213e-07
0.5525,1.4499862,2.9586623e-06,0.021643144,4.7190975e-07,7.4034919e-06,nan,2.9586623e-06,2.3056305e-07,2.413467e-07
0.553,1.4499862,2.7152156e-06,0.02168835,4.3302225e-07,7.4131024e-06,nan,2.7152156e-06,2.1157058e-07,2.2145167e-07
0.5535,1.4499861,2.4453288e-06,0.021731294,3.8992429e-07,7.4222082e-06,nan,2.4453288e-06,1.9052017e-07,1.9940413e-07
0.554,1.4499861,2.1570941e-06,0.021771667,3.4390796e-07,7.4307452e-06,nan,2.1570941e-06,1.6804292e-07,1.7586503e-07
0.5545,1.4499861,1.8590119e-06,0.021809181,2.9633015e-07,7.4386545e-06,nan,1.8590119e-06,1.4480167e-07,1.5152848e-07
0.555,1.449986,1.5597291e-06,0.021843571,2.4857087e-07,7.445882e-06,nan,1.5597291e-06,1.2147053e-07,1.2710034e-07
0.5555,1.449986,1.2677781e-06,0.0218746,2.0199153e-07,7.4523796e-06,nan,1.2677781e-06,9.8714615e-08,1.0327692e-07
0.556,1.449986,9.9132348e-07,0.021902056,1.5789454e-07,7.4581048e-06,nan,9.9132348e-07,7.7170213e-08,8.0724325e-08
0.5565,1.4499859,7.3792418e-07,0.021925758,1.174854e-07,7.4630215e-06,nan,7.3792418e-07,5.7426332e-08,6.0059073e-08
0.557,1.4499859,5.1431846e-07,0.021945556,8.1838415e-08,7.4671e-06,nan,5.1431846e-07,4.0007896e-08,4.1830519e-08
0.5575,1.4499859,3.2623685e-07,0.02196133,5.1866834e-08,7.4703172e-06,nan,3.2623685e-07,2.5361195e-08,2.6505638e-08
0.558,1.4499858,1.7824879e-07,0.021972994,2.8298462e-08,7.4726564e-06,nan,1.7824879e-07,1.384194e-08,1.4456523e-08
0.5585,1.4499858,7.3646612e-08,0.021980493,1.165718e-08,7.4741081e-06,nan,7.3646612e-08,5.7062352e-09,5.950945e-09
0.559,1.4499858,1.4369922e-08,0.021983805,2.250915e-09,7.4746693e-06,nan,1.4369922e-08,1.1047019e-09,1.1462131e-09
0.5595,1.4499858,9.7169665e-10,0.021982944,1.6628716e-10,7.4743436e-06,nan,9.7169665e-10,7.985211e-11,8.6435051e-11
0.56,1.4499857,3.2626507e-08,0.021977953,5.2699688e-09,7.4731416e-06,nan,3.2626507e-08,2.5667478e-09,2.703221e-09
0.5605,1.4499857,1.071798e-07,0.021968907,1.7216598e-08,7.4710802e-06,nan,1.071798e-07,8.3968611e-09,8.8197367e-09
0.561,1.4499857,2.2123608e-07,0.021955914,3.5462891e-08,7.4681825e-06,nan,2.2123608e-07,1.7304964e-08,1.8157928e-08
0.5615,1.4499857,3.702826e-07,0.021939111,5.9287428e-08,7.4644779e-06,nan,3.702826e-07,2.8938785e-08,3.0348643e-08
0.562,1.4499856,5.4884426e-07,0.021918663,8.7815404e-08,7.4600015e-06,nan,5.4884426e-07,4.2871103e-08,4.49443e-08
0.5625,1.4499856,7.5066456e-07,0.021894761,1.2004753e-07,7.454794e-06,nan,7.5066456e-07,5.8613858e-08,6.1433674e-08
0.563,1.4499856,9.6890665e-07,0.021867621,1.5489216e-07,7.448901e-06,nan,9.6890665e-07,7.5633836e-08,7.9258321e-08
0.5635,1.4499855,1.1963682e-06,0.021837484,1.9119954e-07,7.4423731e-06,nan,1.1963682e-06,9.336942e-08,9.783012e-08
0.564,1.4499855,1.4257031e-06,0.021804609,2.2779729e-07,7.4352651e-06,nan,1.4257031e-06,1.112479e-07,1.165494e-07
0.5645,1.4499855,1.6496442e-06,0.021769273,2.6352583e-07,7.4276357e-06,nan,1.6496442e-06,1.2870277e-07,1.3482306e-07
0.565,1.4499855,1.8612187e-06,0.021731772,2.9727284e-07,7.419547e-06,nan,1.8612187e-06,1.4519062e-07,1.5208222e-07
0.5655,1.4499854,2.0539516e-06,0.021692412,3.2800568e-07,7.411064e-06,nan,2.0539516e-06,1.6020691e-07,1.6779878e-07
0.566,1.4499854,2.2220507e-06,0.021651511,3.5480084e-07,7.402254e-06,nan,2.2220507e-06,1.7330038e-07,1.8150046e-07
0.5665,1.4499854,2.3605672e-06,0.021609395,3.7686962e-07,7.3931864e-06,nan,2.3605672e-06,1.8408562e-07,1.92784e-07
0.567,1.4499853,2.4655289e-06,0.021566396,3.9357929e-07,7.3839316e-06,nan,2.4655289e-06,1.922534e-07,2.0132589e-07
0.5675,1.4499853,2.5340412e-06,0.021522848,4.0446923e-07,7.3745609e-06,nan,2.5340412e-06,1.9757854e-07,2.0689069e-07
0.568,1.4499853,2.5643549e-06,0.021479084,4.0926164e-07,7.365146e-06,nan,2.5643549e-06,1.9992516e-07,2.0933648e-07
0.5685,1.4499852,2.5558976e-06,0.021435438,4.0786655e-07,7.3557581e-06,nan,2.5558976e-06,1.9924915e-07,2.086174e-07
0.569,1.4499852,2.5092698e-06,0.021392235,4.0038117e-07,7.3464675e-06,nan,2.5092698e-06,1.9559783e-07,2.0478334e-07
0.5695,1.4499852,2.4262061e-06,0.021349797,3.8708362e-07,7.3373434e-06,nan,2.4262061e-06,1.891069e-07,1.9797672e-07
0.57,1.4499852,2.309503e-06,0.021308432,3.6842138e-07,7.3284529e-06,nan,2.309503e-06,1.7999482e-07,1.8842656e-07
0.5705,1.4499851,2.1629162e-06,0.021268441,3.4499488e-07,7.3198607e-06,nan,2.1629162e-06,1.6855478e-07,1.764401e-07
0.571,1.4499851,1.991031e-06,0.021230107,3.1753678e-07,7.3116289e-06,nan,1.991031e-06,1.5514457e-07,1.6239221e-07
0.5715,1.4499851,1.7991104e-06,0.0211937,2.8688773e-07,7.3038163e-06,nan,1.7991104e-06,1.4017478e-07,1.4671295e-07
0.572,1.449985,1.5929258e-06,0.021159471,2.5396925e-07,7.2964777e-06,nan,1.5929258e-06,1.240955e-07,1.2987375e-07
0.5725,1.449985,1.3785746e-06,0.021127653,2.1975475e-07,7.2896642e-06,nan,1.3785746e-06,1.0738223e-07,1.1237251e-07
0.573,1.449985,1.1622927e-06,0.021098459,1.8523944e-07,7.2834224e-06,nan,1.1622927e-06,9.0521134e-08,9.471831e-08
0.5735,1.449985,9.5026521e-07,0.021072079,1.5141025e-07,7.2777941e-06,nan,9.5026521e-07,7.3994335e-08,7.7415914e-08
0.574,1.4499849,7.4844206e-07,0.021048681,1.1921636e-07,7.2728161e-06,nan,7.4844206e-07,5.8265571e-08,6.0950787e-08
0.5745,1.4499849,5.6236462e-07,0.021028411,8.9541544e-08,7.2685201e-06,nan,5.6236462e-07,4.376664e-08,4.5774905e-08
0.575,1.4499849,3.9700708e-07,0.021011386,6.3178891e-08,7.2649322e-06,nan,3.9700708e-07,3.0885058e-08,3.2293832e-08
0.5755,1.4499849,2.5663773e-07,0.020997704,4.0808682e-08,7.2620731e-06,nan,2.5663773e-07,1.9953259e-08,2.0855423e-08
0.576,1.4499849,1.4470398e-07,0.020987432,2.2980074e-08,7.2599579e-06,nan,1.4470398e-07,1.1239632e-08,1.1740442e-08
0.5765,1.4499848,6.3743863e-08,0.020980616,1.0097003e-08,7.2585956e-06,nan,6.3743863e-08,4.9416356e-09,5.1553673e-09
0.577,1.4499848,1.532633e-08,0.020977275,2.4087021e-09,7.2579899e-06,nan,1.532633e-08,1.1811634e-09,1.2275387e-09
0.5775,1.4499848,2.1652563e-11,0.0209774,5.0037483e-12,7.2581384e-06,nan,2.1652563e-11,2.2413169e-12,2.7624314e-12
0.578,1.4499848,1.7402172e-08,0.020980961,2.8164987e-09,7.2590334e-06,nan,1.7402172e-08,1.371103e-09,1.4453957e-09
0.5785,1.4499848,6.6072912e-08,0.0209879,1.0619455e-08,7.2606613e-06,nan,6.6072912e-08,5.178588e-09,5.440867e-09
0.579,1.4499847,1.4373056e-07,0.020998137,2.3045264e-08,7.2630033e-06,nan,1.4373056e-07,1.1244752e-08,1.1800511e-08
0.5795,1.4499847,2.4724857e-07,0.021011567,3.9594049e-08,7.2660354e-06,nan,2.4724857e-07,1.9325514e-08,2.0268535e-08
0.58,1.4499847,3.7278538e-07,0.021028064,5.9651964e-08,7.2697287e-06,nan,3.7278538e-07,2.9121097e-08,3.0530867e-08
0.5805,1.4499847,5.1591205e-07,0.021047479,8.2511579e-08,7.2740492e-06,nan,5.1591205e-07,4.0285992e-08,4.2225586e-08
0.581,1.4499847,6.7175521e-07,0.021069645,1.0739471e-07,7.278959e-06,nan,6.7175521e-07,5.2440107e-08,5.4954607e-08
0.5815,1.4499846,8.3515073e-07,0.021094373,1.3347698e-07,7.2844158e-06,nan,8.3515073e-07,6.5180749e-08,6.8296227e-08
0.582,1.4499846,1.0008034e-06,0.02112146,1.5991323e-07,7.2903735e-06,nan,1.0008034e-06,7.8095074e-08,8.1818157e-08
0.5825,1.4499846,1.1634476e-06,0.021150684,1.8586325e-07,7.2967829e-06,nan,1.1634476e-06,9.0772611e-08,9.5090644e-08
0.583,1.4499846,1.3180041e-06,0.021181812,2.1051677e-07,7.3035917e-06,nan,1.3180041e-06,1.028175e-07,1.0769927e-07
0.5835,1.4499846,1.459729e-06,0.021214596,2.3311715e-07,7.3107451e-06,nan,1.459729e-06,1.1386006e-07,1.1925709e-07
0.584,1.4499845,1.5843491e-06,0.021248777,2.5298308e-07,7.3181861e-06,nan,1.5843491e-06,1.2356739e-07,1.2941569e-07
0.5845,1.4499845,1.6881817e-06,0.02128409,2.6952757e-07,7.3258561e-06,nan,1.6881817e-06,1.3165266e-07,1.3787491e-07
0.585,1.4499845,1.7682341e-06,0.021320261,2.8227386e-07,7.3336954e-06,nan,1.7682341e-06,1.3788286e-07,1.44391e-07
0.5855,1.4499845,1.8222803e-06,0.021357012,2.9086767e-07,7.3416435e-06,nan,1.8222803e-06,1.420848e-07,1.4878286e-07
0.586,1.4499844,1.8489147e-06,0.021394063,2.9508562e-07,7.3496396e-06,nan,1.8489147e-06,1.4414925e-07,1.5093636e-07
0.5865,1.4499844,1.8475785e-06,0.021431133,2.9483957e-07,7.357623e-06,nan,1.8475785e-06,1.4403303e-07,1.5080653e-07
0.587,1.4499844,1.8185622e-06,0.021467943,2.9017683e-07,7.3655339e-06,nan,1.8185622e-06,1.4175914e-07,1.484177e-07
0.5875,1.4499844,1.7629809e-06,0.021504216,2.8127633e-07,7.3733132e-06,nan,1.7629809e-06,1.3741485e-07,1.4386148e-07
0.588,1.4499844,1.6827266e-06,0.021539685,2.6844091e-07,7.3809038e-06,nan,1.6827266e-06,1.3114801e-07,1.372929e-07
0.5885,1.4499843,1.5803979e-06,0.021574086,2.5208601e-07,7.3882501e-06,nan,1.5803979e-06,1.2316146e-07,1.2892454e-07
0.589,1.4499843,1.459209e-06,0.021607168,2.3272529e-07,7.395299e-06,nan,1.459209e-06,1.1370606e-07,1.1901922e-07
0.5895,1.4499843,1.3228832e-06,0.021638691,2.1095347e-07,7.4020002e-06,nan,1.3228832e-06,1.0307227e-07,1.078812e-07
0.59,1.4499843,1.175532e-06,0.021668427,1.8742709e-07,7.4083064e-06,nan,1.175532e-06,9.1580752e-08,9.5846333e-08
0.5905,1.4499843,1.0215253e-06,0.021696166,1.6284378e-07,7.4141736e-06,nan,1.0215253e-06,7.9572287e-08,8.3271488e-08
0.591,1.4499842,8.6535607e-07,0.021721712,1.3792064e-07,7.4195617e-06,nan,8.6535607e-07,6.7397175e-08,7.0523466e-08
0.5915,1.4499842,7.1150384e-07,0.02174489,1.1337247e-07,7.4244344e-06,nan,7.1150384e-07,5.5404605e-08,5.7967865e-08
0.592,1.4499842,5.6430074e-07,0.021765541,8.9890388e-08,7.4287596e-06,nan,5.6430074e-07,4.3932226e-08,4.5958162e-08
0.5925,1.4499842,4.2780468e-07,0.02178353,6.8121609e-08,7.4325097e-06,nan,4.2780468e-07,3.3296254e-08,3.4825355e-08
0.593,1.4499842,3.0568282e-07,0.021798743,4.8650859e-08,7.4356618e-06,nan,3.0568282e-07,2.3782395e-08,2.4868464e-08
0.5935,1.4499842,2.0110888e-07,0.021811085,3.1984003e-08,7.4381973e-06,nan,2.0110888e-07,1.5637842e-08,1.6346161e-08
0.594,1.4499841,1.1667698e-07,0.021820489,1.8534316e-08,7.4401028e-06,nan,1.1667698e-07,9.0645718e-09,9.469744e-09
0.5945,1.4499841,5.4334424e-08,0.021826907,8.6117798e-09,7.4413696e-06,nan,5.4334424e-08,4.2141072e-09,4.3976726e-09
0.595,1.4499841,1.5334977e-08,0.021830317,2.4156529e-09,7.4419938e-06,nan,1.5334977e-08,1.1838881e-09,1.2317648e-09
0.5955,1.4499841,2.1375843e-10,0.02183072,3.0485795e-11,7.4419766e-06,nan,2.1375843e-10,1.5321015e-11,1.516478e-11
0.596,1.4499841,8.7840572e-09,0.021828139,1.4256406e-09,7.4413239e-06,nan,8.7840572e-09,6.9354093e-10,7.3209969e-10
0.5965,1.4499841,4.0155801e-08,0.021822621,6.4582633e-09,7.4400462e-06,nan,4.0155801e-08,3.1488605e-09,3.3094028e-09
0.597,1.4499841,9.277473e-08,0.021814235,1.4879559e-08,7.4381588e-06,nan,9.277473e-08,7.2598328e-09,7.6197264e-09
0.5975,1.449984,1.6448074e-07,0.021803072,2.6344125e-08,7.4356813e-06,nan,1.6448074e-07,1.2857807e-08,1.3486318e-08
0.598,1.449984,2.5258331e-07,0.021789243,4.0422004e-08,7.4326378e-06,nan,2.5258331e-07,1.9732817e-08,2.0689187e-08
0.5985,1.449984,3.5395142e-07,0.021772877,5.6613054e-08,7.4290561e-06,nan,3.5395142e-07,2.7640595e-08,2.8972458e-08
0.599,1.449984,4.6511507e-07,0.021754125,7.4363157e-08,7.4249681e-06,nan,4.6511507e-07,3.6310493e-08,3.8052664e-08
0.5995,1.449984,5.823751e-07,0.021733151,9.3081759e-08,7.4204091e-06,nan,5.823751e-07,4.5454045e-08,4.7627714e-08
0.6,1.449984,7.019179e-07,0.021710136,1.1216018e-07,7.4154176e-06,nan,7.019179e-07,5.4773913e-08,5.7386263e-08
0.6005,1.449984,8.1993155e-07,0.021685276,1.3099013e-07,7.410035e-06,nan,8.1993155e-07,6.3972941e-08,6.7017186e-08
0.601,1.4499839,9.3271972e-07,0.021658777,1.4898191e-07,7.4043055e-06,nan,9.3271972e-07,7.2763031e-08,7.6218879e-08
0.6015,1.4499839,1.0368102e-06,0.021630856,1.6558171e-07,7.3982751e-06,nan,1.0368102e-06,8.0873604e-08,8.470811e-08
0.602,1.4499839,1.1290547e-06,0.021601739,1.8028753e-07,7.391992e-06,nan,1.1290547e-06,8.8059373e-08,9.2228158e-08
0.6025,1.4499839,1.2067172e-06,0.021571657,1.9266325e-07,7.3855058e-06,nan,1.2067172e-06,9.4107233e-08,9.855602e-08
0.603,1.4499839,1.2675484e-06,0.021540849,2.0235052e-07,7.378867e-06,nan,1.2675484e-06,9.8842049e-08,1.0350847e-07
0.6035,1.4499839,1.3098443e-06,0.021509554,2.0907806e-07,7.372127e-06,nan,1.3098443e-06,1.0213122e-07,1.0694684e-07
0.604,1.4499838,1.3324876e-06,0.021478013,2.1266825e-07,7.3653375e-06,nan,1.3324876e-06,1.038879e-07,1.0878035e-07
0.6045,1.4499838,1.3349701e-06,0.021446465,2.1304072e-07,7.3585499e-06,nan,1.3349701e-06,1.0407272e-07,1.0896799e-07
0.605,1.4499838,1.3173975e-06,0.021415149,2.1021305e-07,7.3518154e-06,nan,1.3173975e-06,1.026942e-07,1.0751884e-07
0.6055,1.4499838,1.280475e-06,0.021384298,2.0429847e-07,7.3451841e-06,nan,1.280475e-06,9.9807575e-08,1.044909e-07
0.606,1.4499838,1.2254756e-06,0.021354138,1.955008e-07,7.338705e-06,nan,1.2254756e-06,9.5512314e-08,9.9988486e-08
0.6065,1.4499838,1.1541919e-06,0.021324889,1.8410666e-07,7.3324255e-06,nan,1.1541919e-06,8.9948376e-08,9.4158288e-08
0.607,1.4499838,1.0688728e-06,0.021296761,1.704755e-07,7.326391e-06,nan,1.0688728e-06,8.3291286e-08,8.718421e-08
0.6075,1.4499837,9.721487e-07,0.021269953,1.5502746e-07,7.3206449e-06,nan,9.721487e-07,7.5746248e-08,7.9281211e-08
0.608,1.4499837,8.6694546e-07,0.021244652,1.382298e-07,7.3152276e-06,nan,8.6694546e-07,6.7541476e-08,7.0688319e-08
0.6085,1.4499837,7.5639182e-07,0.021221034,1.2058201e-07,7.3101771e-06,nan,7.5639182e-07,5.892096e-08,6.1661049e-08
0.609,1.4499837,6.4372217e-07,0.021199257,1.0260034e-07,7.3055281e-06,nan,6.4372217e-07,5.0136878e-08,5.2463465e-08
0.6095,1.4499837,5.3217787e-07,0.021179467,8.4802044e-08,7.3013119e-06,nan,5.3217787e-07,4.1441916e-08,4.3360128e-08
0.61,1.4499837,4.249102e-07,0.021161791,6.7689865e-08,7.2975564e-06,nan,4.249102e-07,3.3081689e-08,3.4608175e-08
0.6105,1.4499837,3.2488767e-07,0.021146341,5.1737289e-08,7.2942857e-06,nan,3.2488767e-07,2.5287532e-08,2.6449757e-08
0.611,1.4499836,2.3481051e-07,0.021133211,3.7374887e-08,7.29152e-06,nan,2.3481051e-07,1.8269822e-08,1.9105065e-08
0.6115,1.4499836,1.5703468e-07,0.021122476,2.4978206e-08,7.2892758e-06,nan,1.5703468e-07,1.2212072e-08,1.2766135e-08
0.612,1.4499836,9.3507549e-08,0.021114194,1.4857516e-08,7.287565e-06,nan,9.3507549e-08,7.2659111e-09,7.5916051e-09
0.6125,1.4499836,4.5716923e-08,0.021108405,7.2496958e-09,7.2863959e-06,nan,4.5716923e-08,3.5471253e-09,3.7025704e-09
0.613,1.4499836,1.465477e-08,0.021105127,2.3124566e-09,7.2857724e-06,nan,1.465477e-08,1.1328298e-09,1.1796267e-09
0.6135,1.4499836,7.9638543e-10,0.021104363,1.2103949e-10,7.2856943e-06,nan,7.9638543e-10,5.985442e-11,6.1185074e-11
0.614,1.4499836,4.0954036e-09,0.021106096,6.67436e-10,7.2861572e-06,nan,4.0954036e-09,3.2436065e-10,3.4307535e-10
0.6145,1.4499836,2.3994493e-08,0.02111029,3.8621135e-09,7.2871528e-06,nan,2.3994493e-08,1.8826825e-09,1.979431e-09
0.615,1.4499836,5.9451145e-08,0.021116892,9.5381486e-09,7.2886689e-06,nan,5.9451145e-08,4.6533433e-09,4.8848052e-09
0.6155,1.4499836,1.0897752e-07,0.021125833,1.74576e-08,7.2906894e-06,nan,1.0897752e-07,8.5201675e-09,8.9374329e-09
0.616,1.4499835,1.7069288e-07,0.021137026,2.7319895e-08,7.2931944e-06,nan,1.7069288e-07,1.3336375e-08,1.3983521e-08
0.6165,1.4499835,2.4238689e-07,0.021150368,3.8771934e-08,7.296161e-06,nan,2.4238689e-07,1.8929515e-08,1.9842418e-08
0.617,1.4499835,3.2159154e-07,0.021165741,5.1419589e-08,7.2995625e-06,nan,3.2159154e-07,2.5107088e-08,2.6312502e-08
0.6175,1.4499835,4.0565962e-07,0.021183013,6.4840226e-08,7.3033694e-06,nan,4.0565962e-07,3.1662652e-08,3.3177575e-08
0.618,1.4499835,4.9184705e-07,0.02120204,7.8595851e-08,7.3075495e-06,nan,4.9184705e-07,3.8382252e-08,4.0213599e-08
0.6185,1.4499835,5.7739671e-07,0.021222666,9.2246481e-08,7.312068e-06,nan,5.7739671e-07,4.5050951e-08,4.7195531e-08
0.619,1.4499835,6.5962108e-07,0.021244722,1.0536334e-07,7.3168879e-06,nan,6.5962108e-07,5.1459274e-08,5.3904069e-08
0.6195,1.4499835,7.3598139e-07,0.021268032,1.1754149e-07,7.32197e-06,nan,7.3598139e-07,5.7409376e-08,6.0132114e-08
0.62,1.4499835,8.0416089e-07,0.021292412,1.2841149e-07,7.327274e-06,nan,8.0416089e-07,6.2720751e-08,6.5690739e-08
0.6205,1.4499834,8.6213016e-07,0.021317671,1.3764984e-07,7.3327578e-06,nan,8.6213016e-07,6.723532e-08,7.0414519e-08
0.621,1.4499834,9.0820266e-07,0.021343611,1.4498781e-07,7.3383785e-06,nan,9.0820266e-07,7.0821754e-08,7.4166051e-08
0.6215,1.4499834,9.4107902e-07,0.021370033,1.502185e-07,7.3440927e-06,nan,9.4107902e-07,7.3378929e-08,7.6839572e-08
0.622,1.4499834,9.5987901e-07,0.021396734,1.5320195e-07,7.3498565e-06,nan,9.5987901e-07,7.4838407e-08,7.8363546e-08
0.6225,1.4499834,9.6416033e-07,0.021423512,1.5386809e-07,7.3556261e-06,nan,9.6416033e-07,7.5165894e-08,7.8702197e-08
0.623,1.4499834,9.53924e-07,0.021450163,1.522176e-07,7.3613579e-06,nan,9.53924e-07,7.4361664e-08,7.7855938e-08
0.6235,1.4499834,9.2960643e-07,0.02147649,1.4832063e-07,7.3670093e-06,nan,9.2960643e-07,7.2459921e-08,7.5860708e-08
0.624,1.4499834,8.9205856e-07,0.021502294,1.4231344e-07,7.3725384e-06,nan,8.9205856e-07,6.9527177e-08,7.2786267e-08
0.6245,1.4499834,8.4251295e-07,0.021527387,1.3439318e-07,7.3779047e-06,nan,8.4251295e-07,6.5659683e-08,6.8733498e-08
0.625,1.4499833,7.8254015e-07,0.021551585,1.2481085e-07,7.3830693e-06,nan,7.8254015e-07,6.0980014e-08,6.3830835e-08
0.6255,1.4499833,7.1399562e-07,0.021574711,1.1386287e-07,7.3879951e-06,nan,7.1399562e-07,5.5632935e-08,5.8229932e-08
0.626,1.4499833,6.3895917e-07,0.0215966,1.0188138e-07,7.3926472e-06,nan,6.3895917e-07,4.9780672e-08,5.2100704e-08
0.6265,1.4499833,5.5966872e-07,0.021617095,8.9223675e-08,7.396993e-06,nan,5.5966872e-07,4.359775e-08,4.5625924e-08
0.627,1.4499833,4.7845049e-07,0.021636054,7.6261072e-08,7.4010027e-06,nan,4.7845049e-07,3.7265549e-08,3.8995523e-08
0.6275,1.4499833,3.9764793e-07,0.021653346,6.3367536e-08,7.4046489e-06,nan,3.9764793e-07,3.0966755e-08,3.240078e-08
0.628,1.4499833,3.1955119e-07,0.021668852,5.0908456e-08,7.4079077e-06,nan,3.1955119e-07,2.4879878e-08,2.6028578e-08
0.6285,1.4499833,2.4632968e-07,0.021682472,3.922987e-08,7.4107578e-06,nan,2.4632968e-07,1.917398e-08,2.005589e-08
0.629,1.4499833,1.7996926e-07,0.021694116,2.8648452e-08,7.4131816e-06,nan,1.7996926e-07,1.4003788e-08,1.4644664e-08
0.6295,1.4499833,1.2221612e-07,0.021703714,1.9442571e-08,7.4151646e-06,nan,1.2221612e-07,9.5053258e-09,9.9372451e-09
0.63,1.4499833,7.4528876e-08,0.021711211,1.1844644e-08,7.4166958e-06,nan,7.4528876e-08,5.7921735e-09,6.0524706e-09
0.6305,1.4499832,3.8040005e-08,0.021716568,6.0350061e-09,7.4177678e-06,nan,3.8040005e-08,2.9524745e-09,3.0825316e-09
0.631,1.4499832,1.3527848e-08,0.021719763,2.1374449e-09,7.4183767e-06,nan,1.3527848e-08,1.0467519e-09,1.090693e-09
0.6315,1.4499832,1.3996248e-09,0.02172079,2.1650798e-10,7.418522e-06,nan,1.3996248e-09,1.0659092e-10,1.0991706e-10
0.632,1.4499832,1.6858816e-09,0.021719663,2.7662982e-10,7.4182068e-06,nan,1.6858816e-09,1.3421123e-10,1.4241859e-10
0.6325,1.4499832,1.4046303e-08,0.021716407,2.2630716e-09,7.4174375e-06,nan,1.4046303e-08,1.1029244e-09,1.1601472e-09
0.633,1.4499832,3.778651e-08,0.021711068,6.0646149e-09,7.4162241e-06,nan,3.778651e-08,2.9584482e-09,3.1061667e-09
0.6335,1.4499832,7.1885146e-08,0.021703706,1.1517896e-08,7.4145797e-06,nan,7.1885146e-08,5.6210227e-09,5.8968735e-09
0.634,1.4499832,1.1503026e-07,0.021694394,1.8413223e-08,7.4125206e-06,nan,1.1503026e-07,8.9882505e-09,9.4249729e-09
0.6345,1.4499832,1.6566374e-07,0.021683222,2.6501675e-08,7.4100658e-06,nan,1.6566374e-07,1.2938563e-08,1.3563111e-08
0.635,1.4499832,2.2203229e-07,0.021670291,3.5503243e-08,7.4072375e-06,nan,2.2203229e-07,1.7335199e-08,1.8168043e-08
0.6355,1.4499832,2.8224336e-07,0.021655717,4.5115764e-08,7.4040603e-06,nan,2.8224336e-07,2.2030566e-08,2.3085198e-08
0.636,1.4499832,3.4432424e-07,0.021639626,5.5024353e-08,7.4005613e-06,nan,3.4432424e-07,2.6870847e-08,2.8153506e-08
0.6365,1.4499832,4.0628248e-07,0.021622153,6.4911043e-08,7.3967696e-06,nan,4.0628248e-07,3.1700712e-08,3.3210331e-08
0.637,1.4499831,4.6616581e-07,0.021603445,7.4464352e-08,7.3927164e-06,nan,4.6616581e-07,3.636799e-08,3.8096361e-08
0.6375,1.4499831,5.2211983e-07,0.021583655,8.3388481e-08,7.3884346e-06,nan,5.2211983e-07,4.0728165e-08,4.2660316e-08
0.638,1.4499831,5.7244173e-07,0.021562943,9.1411881e-08,7.3839584e-06,nan,5.7244173e-07,4.4648557e-08,4.6763324e-08
0.6385,1.4499831,6.1562844e-07,0.021541475,9.8294939e-08,7.3793234e-06,nan,6.1562844e-07,4.8012082e-08,5.0282857e-08
0.639,1.4499831,6.5041809e-07,0.021519419,1.0383657e-07,7.3745656e-06,nan,6.5041809e-07,5.0720475e-08,5.3116099e-08
0.6395,1.4499831,6.7582336e-07,0.021496949,1.0787956e-07,7.3697222e-06,nan,6.7582336e-07,5.2696887e-08,5.518267e-08
0.64,1.4499831,6.9115616e-07,0.021474237,1.1031444e-07,7.3648303e-06,nan,6.9115616e-07,5.3887807e-08,5.642663e-08
0.6405,1.4499831,6.9604279e-07,0.021451457,1.1108195e-07,7.3599271e-06,nan,6.9604279e-07,5.4264238e-08,5.681771e-08
0.641,1.4499831,6.9042955e-07,0.021428781,1.101739e-07,7.3550497e-06,nan,6.9042955e-07,5.382213e-08,5.6351765e-08
0.6415,1.4499831,6.7457857e-07,0.021406379,1.0763248e-07,7.3502345e-06,nan,6.7457857e-07,5.2582056e-08,5.5050423e-08
0.642,1.4499831,6.4905437e-07,0.021384416,1.0354813e-07,7.3455172e-06,nan,6.4905437e-07,5.058815e-08,5.2959982e-08
0.6425,1.4499831,6.1470151e-07,0.021363054,9.8055952e-08,7.3409324e-06,nan,6.1470151e-07,4.7906371e-08,5.0149582e-08
0.643,1.449983,5.7261434e-07,0.021342445,9.1330861e-08,7.3365135e-06,nan,5.7261434e-07,4.4622135e-08,4.6708726e-08
0.6435,1.449983,5.240998e-07,0.021322739,8.3581661e-08,7.3322921e-06,nan,5.240998e-07,4.0837417e-08,4.2744244e-08
0.644,1.449983,4.7063454e-07,0.021304073,7.5044181e-08,7.3282984e-06,nan,4.7063454e-07,3.66674e-08,3.8376781e-08
0.6445,1.449983,4.1381765e-07,0.021286578,6.5973741e-08,7.3245602e-06,nan,4.1381765e-07,3.2236795e-08,3.3736946e-08
0.645,1.449983,3.5532073e-07,0.021270372,5.6637166e-08,7.3211035e-06,nan,3.5532073e-07,2.7675941e-08,2.8961225e-08
0.6455,1.449983,2.968365e-07,0.021255566,4.7304595e-08,7.3179517e-06,nan,2.968365e-07,2.3116803e-08,2.4187792e-08
0.646,1.449983,2.4002786e-07,0.021242256,3.8241347e-08,7.3151258e-06,nan,2.4002786e-07,1.8688999e-08,1.9552348e-08
0.6465,1.449983,1.8647861e-07,0.021230528,2.9700063e-08,7.3126442e-06,nan,1.8647861e-07,1.451596e-08,1.5184103e-08
0.647,1.449983,1.3764755e-07,0.021220455,2.1913383e-08,7.3105224e-06,nan,1.3764755e-07,1.0711353e-08,1.120203e-08
0.6475,1.449983,9.4827033e-08,0.021212095,1.5087338e-08,7.3087732e-06,nan,9.4827033e-08,7.3758524e-09,7.7114859e-09
0.648,1.449983,5.9107308e-08,0.021205497,9.3956656e-09,7.3074063e-06,nan,5.9107308e-08,4.5943599e-09,4.8013057e-09
0.6485,1.449983,3.134749e-08,0.021200692,4.9751877e-09,7.3064287e-06,nan,3.134749e-08,2.433749e-09,2.5414387e-09
0.649,1.449983,1.2154004e-08,0.0211977,1.9223786e-09,7.3058442e-06,nan,1.2154004e-08,9.4118493e-10,9.8119364e-10
0.6495,1.449983,1.8669533e-09,0.021196528,2.9119859e-10,7.3056537e-06,nan,1.8669533e-09,1.4306613e-10,1.4813247e-10
0.65,1.449983,5.5470165e-10,0.021197167,9.2239152e-11,7.305855e-06,nan,5.5470165e-10,4.4605175e-11,4.7633978e-11
0.6505,1.449983,8.0166775e-09,0.021199597,1.29318e-09,7.3064432e-06,nan,8.0166775e-09,6.3005111e-10,6.6312893e-10
0.651,1.449983,2.3794174e-08,0.021203782,3.820522e-09,7.3074103e-06,nan,2.3794174e-08,1.8635347e-09,1.9569873e-09
0.6515,1.4499829,4.7188674e-08,0.021209678,7.5625202e-09,7.3087457e-06,nan,4.7188674e-08,3.6905004e-09,3.8720199e-09
0.652,1.4499829,7.7287026e-08,0.021217224,1.2373209e-08,7.310436e-06,nan,7.7287026e-08,6.0396713e-09,6.3335375e-09
0.6525,1.4499829,1.1299258e-07,0.02122635,1.8077377e-08,7.3124653e-06,nan,1.1299258e-07,8.8254799e-09,9.2518974e-09
0.653,1.4499829,1.5306127e-07,0.021236974,2.4476333e-08,7.3148152e-06,nan,1.5306127e-07,1.1950882e-08,1.2525451e-08
0.6535,1.4499829,1.9614145e-07,0.021249004,3.1354263e-08,7.3174653e-06,nan,1.9614145e-07,1.5310463e-08,1.60438e-08
0.654,1.4499829,2.4081621e-07,0.021262338,3.8484992e-08,7.3203929e-06,nan,2.4081621e-07,1.8793742e-08,1.9691249e-08
0.6545,1.4499829,2.8564698e-07,0.021276865,4.5638934e-08,7.3235734e-06,nan,2.8564698e-07,2.2288565e-08,2.3350368e-08
0.655,1.4499829,3.2921687e-07,0.021292466,5.2590017e-08,7.3269807e-06,nan,3.2921687e-07,2.5684488e-08,2.6905528e-08
0.6555,1.4499829,3.7017269e-07,0.021309015,5.9122383e-08,7.3305871e-06,nan,3.7017269e-07,2.8876052e-08,3.0246331e-08
0.656,1.4499829,4.0726427e-07,0.021326381,6.5036658e-08,7.3343636e-06,nan,4.0726427e-07,3.1765843e-08,3.3270816e-08
0.6565,1.4499829,4.3938002e-07,0.021344425,7.0155624e-08,7.3382804e-06,nan,4.3938002e-07,3.4267267e-08,3.5888357e-08
0.657,1.4499829,4.6557767e-07,0.021363008,7.4329117e-08,7.3423066e-06,nan,4.6557767e-07,3.6306943e-08,3.8022174e-08
0.6575,1.4499829,4.8510943e-07,0.021381985,7.7438037e-08,7.346411e-06,nan,4.8510943e-07,3.782666e-08,3.9611377e-08
0.658,1.4499829,4.974409e-07,0.021401211,7.9397356e-08,7.350562e-06,nan,4.974409e-07,3.878485e-08,4.0612506e-08
0.6585,1.4499829,5.0226317e-07,0.021420538,8.0158048e-08,7.3547279e-06,nan,5.0226317e-07,3.9157531e-08,4.1000516e-08
0.659,1.4499829,4.9949812e-07,0.021439821,7.970791e-08,7.3588774e-06,nan,4.9949812e-07,3.893871e-08,4.07692e-08
0.6595,1.4499829,4.8929652e-07,0.021458914,7.8071274e-08,7.3629792e-06,nan,4.8929652e-07,3.814024e-08,3.9931034e-08
0.66,1.4499828,4.720295e-07,0.021477676,7.5307618e-08,7.3670029e-06,nan,4.720295e-07,3.6791146e-08,3.8516473e-08
0.6605,1.4499828,4.4827348e-07,0.021495968,7.1509164e-08,7.3709191e-06,nan,4.4827348e-07,3.4936451e-08,3.6572713e-08
0.661,1.4499828,4.1878926e-07,0.021513655,6.679753e-08,7.3746991e-06,nan,4.1878926e-07,3.2635542e-08,3.4161988e-08
0.6615,1.4499828,3.8449596e-07,0.021530609,6.1319568e-08,7.3783157e-06,nan,3.8449596e-07,2.9960137e-08,3.1359431e-08
0.662,1.4499828,3.4644067e-07,0.021546709,5.5242517e-08,7.3817432e-06,nan,3.4644067e-07,2.6991917e-08,2.82506e-08
0.6625,1.4499828,3.057649e-07,0.02156184,4.874864e-08,7.3849575e-06,nan,3.057649e-07,2.3819908e-08,2.4928732e-08
0.663,1.4499828,2.6366868e-07,0.021575895,4.2029501e-08,7.3879363e-06,nan,2.6366868e-07,2.0537684e-08,2.1491818e-08
0.6635,1.4499828,2.2137368e-07,0.021588778,3.5280069e-08,7.3906594e-06,nan,2.2137368e-07,1.7240487e-08,1.8039581e-08
0.664,1.4499828,1.800862e-07,0.021600401,2.8692822e-08,7.3931084e-06,nan,1.800862e-07,1.4022351e-08,1.4670471e-08
0.6645,1.4499828,1.4096145e-07,0.021610687,2.2452038e-08,7.3952676e-06,nan,1.4096145e-07,1.0973305e-08,1.1478733e-08
0.665,1.4499828,1.0506983e-07,0.021619569,1.6728427e-08,7.3971231e-06,nan,1.0506983e-07,8.1767562e-09,8.5516709e-09
0.6655,1.4499828,7.3366457e-08,0.021626992,1.1674268e-08,7.3986638e-06,nan,7.3366457e-08,5.7071122e-09,5.9671554e-09
0.666,1.4499828,4.6664673e-08,0.021632914,7.4191795e-09,7.3998809e-06,nan,4.6664673e-08,3.6277149e-09,3.7914646e-09
0.6665,1.4499828,2.5614211e-08,0.021637301,4.0666524e-09,7.4007681e-06,nan,2.5614211e-08,1.9891441e-09,2.0775083e-09
0.667,1.4499828,1.06847e-08,0.021640135,1.6914162e-09,7.4013218e-06,nan,1.06847e-08,8.2793233e-10,8.6348383e-10
0.6675,1.4499828,2.1548305e-09,0.021641408,3.3771935e-10,7.4015407e-06,nan,2.1548305e-09,1.6572291e-10,1.7199644e-10
0.668,1.4499828,1.0742673e-10,0.021641124,1.8549498e-11,7.4014262e-06,nan,1.0742673e-10,8.8882453e-12,9.6612529e-12
0.6685,1.4499828,4.4304638e-09,0.021639299,7.1580274e-10,7.4009822e-06,nan,4.4304638e-09,3.4861184e-10,3.6719089e-10
0.669,1.4499828,1.4823897e-08,0.021635961,2.3813802e-09,7.400215e-06,nan,1.4823897e-08,1.1614231e-09,1.2199571e-09
0.6695,1.4499828,3.0811994e-08,0.021631149,4.939162e-09,7.3991332e-06,nan,3.0811994e-08,2.4101609e-09,2.5290011e-09
0.67,1.4499828,5.1760694e-08,0.021624913,8.2877842e-09,7.3977478e-06,nan,5.1760694e-08,4.0453293e-09,4.2424549e-09
0.6705,1.4499828,7.6899403e-08,0.021617313,1.230412e-08,7.396072e-06,nan,7.6899403e-08,6.0067982e-09,6.2973223e-09
0.671,1.4499827,1.0534647e-07,0.02160842,1.6847354e-08,7.3941209e-06,nan,1.0534647e-07,8.2257913e-09,8.6215625e-09
0.6715,1.4499827,1.3613756e-07,0.021598312,2.1763503e-08,7.3919118e-06,nan,1.3613756e-07,1.0627098e-08,1.1136405e-08
0.672,1.4499827,1.6825593e-07,0.021587078,2.6890264e-08,7.3894636e-06,nan,1.6825593e-07,1.3131436e-08,1.3758828e-08
0.6725,1.4499827,2.0066381e-07,0.021574813,3.2062009e-08,7.3867968e-06,nan,2.0066381e-07,1.5657897e-08,1.6404112e-08
0.673,1.4499827,2.3233378e-07,0.021561619,3.7114805e-08,7.3839334e-06,nan,2.3233378e-07,1.8126394e-08,1.8988411e-08
0.6735,1.4499827,2.6227936e-07,0.021547606,4.1891279e-08,7.3808969e-06,nan,2.6227936e-07,2.0460043e-08,2.1431236e-08
0.674,1.4499827,2.8958372e-07,0.021532886,4.6245214e-08,7.3777115e-06,nan,2.8958372e-07,2.2587403e-08,2.3657812e-08
0.6745,1.4499827,3.1342589e-07,0.021517577,5.0045716e-08,7.3744027e-06,nan,3.1342589e-07,2.4444516e-08,2.56012e-08
0.675,1.4499827,3.3310358e-07,0.021501801,5.3180858e-08,7.3709963e-06,nan,3.3310358e-07,2.5976687e-08,2.7204171e-08
0.6755,1.4499827,3.480521e-07,0.021485681,5.5560688e-08,7.367519e-06,nan,3.480521e-07,2.7139954e-08,2.8420734e-08
0.676,1.4499827,3.578587e-07,0.021469341,5.7119523e-08,7.3639974e-06,nan,3.578587e-07,2.7902207e-08,2.9217316e-08
0.6765,1.4499827,3.6227231e-07,0.021452907,5.7817485e-08,7.3604586e-06,nan,3.6227231e-07,2.8243943e-08,2.9573543e-08
0.677,1.4499827,3.6120804e-07,0.021436504,5.7641225e-08,7.3569293e-06,nan,3.6120804e-07,2.8158616e-08,2.948261e-08
0.6775,1.4499827,3.5474685e-07,0.021420255,5.6603853e-08,7.353436e-06,nan,3.5474685e-07,2.7652607e-08,2.8951246e-08
0.678,1.4499827,3.4313006e-07,0.02140428,5.4744068e-08,7.3500046e-06,nan,3.4313006e-07,2.67448e-08,2.7999268e-08
0.6785,1.4499827,3.2674936e-07,0.021388696,5.2124546e-08,7.3466604e-06,nan,3.2674936e-07,2.5465791e-08,2.6658755e-08
0.679,1.4499827,3.0613233e-07,0.021373618,4.8829634e-08,7.3434278e-06,nan,3.0613233e-07,2.3856766e-08,2.4972869e-08
0.6795,1.4499827,2.8192426e-07,0.021359153,4.4962442e-08,7.3403301e-06,nan,2.8192426e-07,2.1968079e-08,2.2994363e-08
0.68,1.4499827,2.5486673e-07,0.021345404,4.0641419e-08,7.3373895e-06,nan,2.5486673e-07,1.9857583e-08,2.0783837e-08
0.6805,1.4499827,2.2577373e-07,0.021332468,3.5996539e-08,7.3346265e-06,nan,2.2577373e-07,1.758876e-08,1.8407779e-08
0.681,1.4499827,1.9550596e-07,0.021320434,3.1165206e-08,7.3320606e-06,nan,1.9550596e-07,1.5228729e-08,1.5936476e-08
0.6815,1.4499827,1.6494433e-07,0.021309383,2.6288008e-08,7.329709e-06,nan,1.6494433e-07,1.2846168e-08,1.3441839e-08
0.682,1.4499827,1.3496316e-07,0.02129939,2.150446e-08,7.3275878e-06,nan,1.3496316e-07,1.0509233e-08,1.0995227e-08
0.6825,1.4499827,1.0640423e-07,0.021290518,1.6948845e-08,7.3257106e-06,nan,1.0640423e-07,8.2835288e-09,8.6653166e-09
0.683,1.4499827,8.0052091e-08,0.021282825,1.2746295e-08,7.3240896e-06,nan,8.0052091e-08,6.2301919e-09,6.5161032e-09
0.6835,1.4499826,5.6611697e-08,0.021276356,9.0092061e-09,7.3227345e-06,nan,5.6611697e-08,4.404142e-09,4.6050641e-09
0.684,1.4499826,3.6688695e-08,0.021271149,5.8341076e-09,7.3216532e-06,nan,3.6688695e-08,2.8525496e-09,2.981558e-09
0.6845,1.4499826,2.0773093e-08,0.021267232,3.2990569e-09,7.3208514e-06,nan,2.0773093e-08,1.6135635e-09,1.6854934e-09
0.685,1.4499826,9.2266691e-09,0.021264621,1.4616343e-09,7.3203325e-06,nan,9.2266691e-09,7.1533108e-10,7.4630321e-10
0.6855,1.4499826,2.274437e-09,0.021263325,3.5758627e-10,7.3200981e-06,nan,2.274437e-09,1.7533449e-10,1.8225178e-10
0.686,1.4499826,3.5823291e-13,0.021263341,1.4598142e-13,7.3201471e-06,nan,3.5823291e-13,5.8369966e-14,8.7611455e-14
0.6865,1.4499826,2.3473479e-09,0.021264658,3.8003933e-10,7.3204769e-06,nan,2.3473479e-09,1.8499213e-10,1.950472e-10
0.687,1.4499826,9.1214996e-09,0.021267254,1.4661641e-09,7.3210823e-06,nan,9.1214996e-09,7.149611e-10,7.5120298e-10
0.6875,1.4499826,2.0000327e-08,0.021271098,3.2069097e-09,7.3219563e-06,nan,2.0000327e-08,1.5647707e-09,1.642139e-09
0.688,1.4499826,3.4544704e-08,0.02127615,5.532067e-09,7.3230899e-06,nan,3.4544704e-08,2.700139e-09,2.831928e-09
0.6885,1.4499826,5.2214082e-08,0.021282362,8.3552601e-09,7.3244723e-06,nan,5.2214082e-08,4.078884e-09,4.2763761e-09
0.689,1.4499826,7.2384462e-08,0.021289678,1.1576818e-08,7.3260909e-06,nan,7.2384462e-08,5.6523263e-09,5.9244917e-09
0.6895,1.4499826,9.4368554e-08,0.021298032,1.5086993e-08,7.3279313e-06,nan,9.4368554e-08,7.366861e-09,7.720132e-09
0.69,1.4499826,1.1743745e-07,0.021307354,1.8769423e-08,7.3299776e-06,nan,1.1743745e-07,9.1656489e-09,9.6037743e-09
0.6905,1.4499826,1.4084319e-07,0.021317565,2.250473e-08,7.3322127e-06,nan,1.4084319e-07,1.0990374e-08,1.1514356e-08
0.691,1.4499826,1.6384143e-07,0.021328581,2.6174141e-08,7.3346181e-06,nan,1.6384143e-07,1.2783013e-08,1.3391128e-08
0.6915,1.4499826,1.8571368e-07,0.021340312,2.9663034e-08,7.3371741e-06,nan,1.8571368e-07,1.4487567e-08,1.5175467e-08
0.692,1.4499826,2.057883e-07,0.021352664,3.2864289e-08,7.33986e-06,nan,2.057883e-07,1.60517e-08,1.6812589e-08
0.6925,1.4499826,2.2345977e-07,0.02136554,3.5681356e-08,7.3426546e-06,nan,2.2345977e-07,1.7428235e-08,1.8253121e-08
0.693,1.4499826,2.3820558e-07,0.021378838,3.8030956e-08,7.3455359e-06,nan,2.3820558e-07,1.8576477e-08,1.9454478e-08
0.6935,1.4499826,2.4960041e-07,0.021392454,3.9845332e-08,7.3484813e-06,nan,2.4960041e-07,1.9463313e-08,2.0382019e-08
0.694,1.4499826,2.5732711e-07,0.021406285,4.1074001e-08,7.3514681e-06,nan,2.5732711e-07,2.0064063e-08,2.1009937e-08
0.6945,1.4499826,2.6118422e-07,0.021420223,4.1684949e-08,7.3544735e-06,nan,2.6118422e-07,2.0363074e-08,2.1321875e-08
0.695,1.4499826,2.6108993e-07,0.021434163,4.1665264e-08,7.3574747e-06,nan,2.6108993e-07,2.035402e-08,2.1311244e-08
0.6955,1.4499826,2.5708243e-07,0.021448,4.1021178e-08,7.3604492e-06,nan,2.5708243e-07,2.0039928e-08,2.098125e-08
0.696,1.4499826,2.4931654e-07,0.021461631,3.9777535e-08,7.3633747e-06,nan,2.4931654e-07,1.9432919e-08,2.0344616e-08
0.6965,1.4499826,2.3805708e-07,0.021474955,3.7976721e-08,7.3662298e-06,nan,2.3805708e-07,1.8553684e-08,1.9423037e-08
0.697,1.4499826,2.2366893e-07,0.021487874,3.5677075e-08,7.3689936e-06,nan,2.2366893e-07,1.7430708e-08,1.8246367e-08
0.6975,1.4499826,2.0660431e-07,0.021500294,3.2950867e-08,7.3716461e-06,nan,2.0660431e-07,1.6099284e-08,1.6851583e-08
0.698,1.4499826,1.8738775e-07,0.021512126,2.9881877e-08,7.3741683e-06,nan,1.8738775e-07,1.460033e-08,1.5281547e-08
0.6985,1.4499826,1.6659905e-07,0.021523285,2.6562693e-08,7.3765424e-06,nan,1.6659905e-07,1.2979069e-08,1.3583624e-08
0.699,1.4499826,1.4485496e-07,0.021533693,2.3091777e-08,7.3787519e-06,nan,1.4485496e-07,1.1283597e-08,1.180818e-08
0.6995,1.4499826,1.2279011e-07,0.021543278,1.9570417e-08,7.3807817e-06,nan,1.2279011e-07,9.5633915e-09,1.0007025e-08
0.7,1.4499826,1.0103766e-07,0.021551974,1.6099646e-08,7.382618e-06,nan,1.0103766e-07,7.8678109e-09,8.2318354e-09
0.7005,1.4499826,8.0210384e-08,0.021559724,1.2777227e-08,7.3842488e-06,nan,8.0210384e-08,6.244616e-09,6.5326114e-09
0.701,1.4499825,6.0882754e-08,0.021566477,9.6947829e-09,7.3856637e-06,nan,6.0882754e-08,4.7385719e-09,4.9562111e-09
0.7015,1.4499825,4.3574387e-08,0.021572191,6.9351669e-09,7.3868539e-06,nan,4.3574387e-08,3.3901621e-09,3.5450049e-09
0.702,1.4499825,2.8735507e-08,0.021576832,4.5701421e-09,7.3878126e-06,nan,2.8735507e-08,2.234454e-09,2.3356881e-09
0.7025,1.4499825,1.6734712e-08,0.021580373,2.6584314e-09,7.3885346e-06,nan,1.6734712e-08,1.3001464e-09,1.358285e-09
0.703,1.4499825,7.8494051e-09,0.021582799,1.2441943e-09,7.3890165e-06,nan,7.8494051e-09,6.0882507e-10,6.3536927e-10
0.7035,1.4499825,2.2591242e-09,0.021584101,3.5596626e-10,7.3892569e-06,nan,2.2591242e-09,1.7444389e-10,1.8152237e-10
0.704,1.4499825,4.1920499e-11,0.021584278,6.0833567e-12,7.3892562e-06,nan,4.1920499e-11,3.0437126e-12,3.0396441e-12
0.7045,1.4499825,1.1738341e-09,0.02158334,1.9060307e-10,7.3890165e-06,nan,1.1738341e-09,9.2712978e-11,9.7890093e-11
0.705,1.4499825,5.5314321e-09,0.021581303,8.8971251e-10,7.3885418e-06,nan,5.5314321e-09,4.3378679e-10,4.5592572e-10
0.7055,1.4499825,1.2897276e-08,0.021578194,2.0686043e-09,7.3878378e-06,nan,1.2897276e-08,1.0092744e-09,1.0593299e-09
0.706,1.4499825,2.2968101e-08,0.021574045,3.6787853e-09,7.3869117e-06,nan,2.2968101e-08,1.7954981e-09,1.8832872e-09
0.7065,1.4499825,3.5365422e-08,0.021568897,5.6597713e-09,7.3857727e-06,nan,3.5365422e-08,2.7629208e-09,2.8968505e-09
0.707,1.4499825,4.9648192e-08,0.021562798,7.9411096e-09,7.3844311e-06,nan,4.9648192e-08,3.8771339e-09,4.0639757e-09
0.7075,1.4499825,6.5327111e-08,0.021555804,1.0444665e-08,7.3828989e-06,nan,6.5327111e-08,5.0999736e-09,5.3446912e-09
0.708,1.4499825,8.1880123e-08,0.021547974,1.3087092e-08,7.3811893e-06,nan,8.1880123e-08,6.3907289e-09,6.6963631e-09
0.7085,1.4499825,9.876861e-08,0.021539377,1.5782423e-08,7.3793168e-06,nan,9.876861e-08,7.7074049e-09,8.0750179e-09
0.709,1.4499825,1.154538e-07,0.021530084,1.8444683e-08,7.3772969e-06,nan,1.154538e-07,9.0080014e-09,9.4366813e-09
0.7095,1.4499825,1.3141287e-07,0.021520171,2.0990463e-08,7.3751462e-06,nan,1.3141287e-07,1.0251769e-08,1.0738694e-08
0.71,1.4499825,1.4615431e-07,0.02150972,2.3341368e-08,7.372882e-06,nan,1.4615431e-07,1.1400407e-08,1.1940961e-08
0.7105,1.4499825,1.5923207e-07,0.021498814,2.5426272e-08,7.3705224e-06,nan,1.5923207e-07,1.241916e-08,1.3007112e-08
0.711,1.4499825,1.7025806e-07,0.021487539,2.7183314e-08,7.3680859e-06,nan,1.7025806e-07,1.3277802e-08,1.3905512e-08
0.7115,1.4499825,1.7891273e-07,0.021475985,2.8561583e-08,7.3655917e-06,nan,1.7891273e-07,1.3951451e-08,1.4610132e-08
0.712,1.4499825,1.8495342e-07,0.02146424,2.9522446e-08,7.3630589e-06,nan,1.8495342e-07,1.4421224e-08,1.5101223e-08
0.7125,1.4499825,1.882202e-07,0.021452396,3.0040481e-08,7.3605071e-06,nan,1.882202e-07,1.4674688e-08,1.5365793e-08
0.713,1.4499825,1.8863923e-07,0.021440541,3.0104003e-08,7.3579555e-06,nan,1.8863923e-07,1.4706125e-08,1.5397878e-08
0.7135,1.4499825,1.8622336e-07,0.021428766,2.9715167e-08,7.3554234e-06,nan,1.8622336e-07,1.4516575e-08,1.5198592e-08
0.714,1.4499825,1.8107027e-07,0.021417158,2.8889655e-08,7.3529297e-06,nan,1.8107027e-07,1.4113686e-08,1.4775969e-08
0.7145,1.4499825,1.7335795e-07,0.021405803,2.7655967e-08,7.3504927e-06,nan,1.7335795e-07,1.351137e-08,1.4144598e-08
0.715,1.4499825,1.63338e-07,0.021394784,2.6054338e-08,7.3481304e-06,nan,1.63338e-07,1.2729271e-08,1.3325067e-08
0.7155,1.4499825,1.5132678e-07,0.021384181,2.4135322e-08,7.3458597e-06,nan,1.5132678e-07,1.1792079e-08,1.2343244e-08
0.716,1.4499825,1.3769474e-07,0.021374069,2.1958101e-08,7.3436971e-06,nan,1.3769474e-07,1.0728695e-08,1.1229406e-08
0.7165,1.4499825,1.2285443e-07,0.02136452,1.9588555e-08,7.3416577e-06,nan,1.2285443e-07,9.5712985e-09,1.0017256e-08
0.717,1.4499825,1.0724738e-07,0.021355599,1.7097173e-08,7.3397559e-06,nan,1.0724738e-07,8.3543202e-09,8.7428523e-09
0.7175,1.4499825,9.1330373e-08,0.021347369,1.4556863e-08,7.3380046e-06,nan,9.1330373e-08,7.1133752e-09,7.4434877e-09
0.718,1.4499825,7.5561505e-08,0.021339885,1.2040728e-08,7.3364158e-06,nan,7.5561505e-08,5.8841753e-09,6.156553e-09
0.7185,1.4499825,6.0386475e-08,0.021333195,9.6198755e-09,7.3349999e-06,nan,6.0386475e-08,4.7014592e-09,4.9184163e-09
0.719,1.4499825,4.6225458e-08,0.021327343,7.3613237e-09,7.3337661e-06,nan,4.6225458e-08,3.5979708e-09,3.7633529e-09
0.7195,1.4499825,3.3461002e-08,0.021322364,5.3260731e-09,7.3327219e-06,nan,3.3461002e-08,2.6035151e-09,2.722558e-09
0.72,1.4499825,2.2427249e-08,0.021318289,3.5673875e-09,7.3318736e-06,nan,2.2427249e-08,1.7441195e-09,1.823268e-09
0.7205,1.4499825,1.340081e-08,0.021315139,2.1293394e-09,7.3312257e-06,nan,1.340081e-08,1.0413224e-09,1.088017e-09
0.721,1.4499825,6.5935134e-09,0.02131293,1.0456555e-09,7.3307814e-06,nan,6.5935134e-09,5.11609e-10,5.3404648e-10
0.7215,1.4499825,2.1472313e-09,0.021311669,3.388928e-10,7.3305421e-06,nan,2.1472313e-09,1.6600887e-10,1.7288393e-10
0.722,1.4499825,1.3087924e-10,0.021311358,1.9963259e-11,7.3305078e-06,nan,1.3087924e-10,9.8629959e-12,1.0100263e-11
0.7225,1.4499825,5.3965971e-10,0.02131199,8.801515e-11,7.330677e-06,nan,5.3965971e-10,4.276574e-11,4.5249411e-11
0.723,1.4499825,3.2965208e-09,0.021313552,5.3066859e-10,7.3310465e-06,nan,3.2965208e-09,2.5867952e-10,2.7198907e-10
0.7235,1.4499825,8.2557506e-09,0.021316024,1.3245916e-09,7.3316118e-06,nan,8.2557506e-09,6.4621593e-10,6.7837564e-10
0.724,1.4499825,1.520856e-08,0.02131938,2.4363932e-09,7.3323668e-06,nan,1.520856e-08,1.1890718e-09,1.2473214e-09
0.7245,1.4499825,2.3890456e-08,0.021323586,3.8238022e-09,7.3333041e-06,nan,2.3890456e-08,1.8666047e-09,1.9571975e-09
0.725,1.4499825,3.3990141e-08,0.021328604,5.4370891e-09,7.3344151e-06,nan,3.3990141e-08,2.6545274e-09,2.7825617e-09
0.7255,1.4499825,4.5159664e-08,0.021334388,7.2206873e-09,7.3356899e-06,nan,4.5159664e-08,3.5256997e-09,3.6949875e-09
0.726,1.4499825,5.7025478e-08,0.02134089,9.1149586e-09,7.3371174e-06,nan,5.7025478e-08,4.450991e-09,4.6639677e-09
0.7265,1.4499825,6.9200071e-08,0.021348052,1.105805e-08,7.3386854e-06,nan,6.9200071e-08,5.4001866e-09,5.6578634e-09
0.727,1.4499825,8.1293799e-08,0.021355817,1.2987782e-08,7.3403809e-06,nan,8.1293799e-08,6.3429113e-09,6.6448711e-09
0.7275,1.4499824,9.2926582e-08,0.02136412,1.4843516e-08,7.3421901e-06,nan,9.2926582e-08,7.24954e-09,7.5939761e-09
0.728,1.4499824,1.037391e-07,0.021372895,1.6567937e-08,7.3440982e-06,nan,1.037391e-07,8.0920709e-09,8.4758664e-09
0.7285,1.4499824,1.1340316e-07,0.021382072,1.8108712e-08,7.3460901e-06,nan,1.1340316e-07,8.8449333e-09,9.2637785e-09
0.729,1.4499824,1.2163097e-07,0.021391577,1.9419962e-08,7.3481499e-06,nan,1.2163097e-07,9.4857091e-09,9.9342525e-09
0.7295,1.4499824,1.2818299e-07,0.021401338,2.0463521e-08,7.3502616e-06,nan,1.2818299e-07,9.9957469e-09,1.0467774e-08
0.73,1.4499824,1.3287428e-07,0.021411278,2.1209941e-08,7.3524088e-06,nan,1.3287428e-07,1.0360652e-08,1.0849288e-08
0.7305,1.4499824,1.3557901e-07,0.02142132,2.1639212e-08,7.354575e-06,nan,1.3557901e-07,1.0570643e-08,1.106857e-08
0.731,1.4499824,1.3623321e-07,0.02143139,2.1741197e-08,7.3567439e-06,nan,1.3623321e-07,1.0620756e-08,1.1120441e-08
0.7315,1.4499824,1.3483551e-07,0.02144141,2.1515753e-08,7.3588989e-06,nan,1.3483551e-07,1.0510914e-08,1.1004839e-08
0.732,1.4499824,1.3144614e-07,0.021451305,2.0972561e-08,7.3610241e-06,nan,1.3144614e-07,1.0245838e-08,1.0726723e-08
0.7325,1.4499824,1.2618398e-07,0.021461003,2.0130659e-08,7.3631036e-06,nan,1.2618398e-07,9.8348186e-09,1.029584e-08
0.733,1.4499824,1.1922193e-07,0.021470431,1.9017703e-08,7.3651224e-06,nan,1.1922193e-07,9.2913604e-09,9.7263431e-09
0.7335,1.4499824,1.1078085e-07,0.021479522,1.7668991e-08,7.3670656e-06,nan,1.1078085e-07,8.632699e-09,9.0362921e-09
0.734,1.4499824,1.0112202e-07,0.021488209,1.6126264e-08,7.3689194e-06,nan,1.0112202e-07,7.8792204e-09,8.2470432e-09
0.7345,1.4499824,9.0538632e-08,0.021496431,1.4436345e-08,7.3706707e-06,nan,9.0538632e-08,7.0537944e-09,7.3825504e-09
0.735,1.4499824,7.9346464e-08,0.021504129,1.2649649e-08,7.3723071e-06,nan,7.9346464e-08,6.1810464e-09,6.468603e-09
0.7355,1.4499824,6.7873999e-08,0.02151125,1.081861e-08,7.3738174e-06,nan,6.7873999e-08,5.2865891e-09,5.532021e-09
0.736,1.4499824,5.6452393e-08,0.021517745,8.9960735e-09,7.3751913e-06,nan,5.6452393e-08,4.3962385e-09,4.5998349e-09
0.7365,1.4499824,4.5405511e-08,0.021523571,7.2337117e-09,7.3764198e-06,nan,4.5405511e-08,3.5352387e-09,3.698473e-09
0.737,1.4499824,3.5040377e-08,0.02152869,5.5804975e-09,7.3774949e-06,nan,3.5040377e-08,2.7275161e-09,2.8529814e-09
0.7375,1.4499824,2.5638284e-08,0.021533069,4.081288e-09,7.3784098e-06,nan,2.5638284e-08,1.9949879e-09,2.0863001e-09
0.738,1.4499824,1.7446841e-08,0.021536681,2.7755558e-09,7.3791592e-06,nan,1.7446841e-08,1.356942e-09,1.4186137e-09
0.7385,1.4499824,1.0673171e-08,0.021539507,1.6963047e-09,7.3797389e-06,nan,1.0673171e-08,8.2950726e-10,8.6679744e-10
0.739,1.4499824,5.4784347e-09,0.021541532,8.6919809e-10,7.380146e-06,nan,5.4784347e-09,4.2522713e-10,4.4397096e-10
0.7395,1.4499824,1.9738321e-09,0.021542747,3.1192208e-10,7.380379e-06,nan,1.9738321e-09,1.5274873e-10,1.5917335e-10
0.74,1.4499824,2.1816736e-10,0.021543151,3.3799045e-11,7.3804378e-06,nan,2.1816736e-10,1.6633644e-11,1.7165401e-11
0.7405,1.4499824,2.1702571e-10,0.021542748,3.5658055e-11,7.3803234e-06,nan,2.1702571e-10,1.7294429e-11,1.8363627e-11
0.741,1.4499824,1.9235562e-09,0.021541549,3.0996165e-10,7.3800383e-06,nan,1.9235562e-09,1.5105632e-10,1.5890534e-10
0.7415,1.4499824,5.2408089e-09,0.021539568,8.4118064e-10,7.3795862e-06,nan,5.2408089e-09,4.1034009e-10,4.3084055e-10
0.742,1.4499824,1.0025529e-08,0.02153683,1.6064012e-09,7.3789719e-06,nan,1.0025529e-08,7.8395844e-10,8.2244273e-10
0.7425,1.4499824,1.6093266e-08,0.02153336,2.5761419e-09,7.3782015e-06,nan,1.6093266e-08,1.257515e-09,1.3186269e-09
0.743,1.4499824,2.3224631e-08,0.021529192,3.715353e-09,7.3772823e-06,nan,2.3224631e-08,1.8138922e-09,1.9014608e-09
0.7435,1.4499824,3.1172473e-08,0.021524364,4.9845636e-09,7.3762224e-06,nan,3.1172473e-08,2.4338117e-09,2.5507519e-09
0.744,1.4499824,3.9669776e-08,0.021518918,6.3411415e-09,7.3750312e-06,nan,3.9669776e-08,3.0964496e-09,3.2446919e-09
0.7445,1.4499824,4.843799e-08,0.021512901,7.7406242e-09,7.3737187e-06,nan,4.843799e-08,3.7800868e-09,3.9605374e-09
0.745,1.4499824,5.7195574e-08,0.021506364,9.1380818e-09,7.372296e-06,nan,5.7195574e-08,4.4627745e-09,4.6753073e-09
0.7455,1.4499824,6.5666466e-08,0.021499361,1.0489468e-08,7.3707747e-06,nan,6.5666466e-08,5.1229948e-09,5.3664736e-09
0.746,1.4499824,7.3588242e-08,0.021491948,1.1752924e-08,7.3691672e-06,nan,7.3588242e-08,5.7402961e-09,6.0126276e-09
0.7465,1.4499824,8.0719717e-08,0.021484186,1.2889986e-08,7.3674862e-06,nan,8.0719717e-08,6.2958863e-09,6.5941001e-09
0.747,1.4499824,8.6847784e-08,0.021476136,1.3866683e-08,7.3657453e-06,nan,8.6847784e-08,6.7731645e-09,7.0935181e-09
0.7475,1.4499824,9.1793279e-08,0.021467862,1.4654462e-08,7.3639579e-06,nan,9.1793279e-08,7.1581787e-09,7.4962836e-09
0.748,1.4499824,9.5415735e-08,0.021459427,1.5230956e-08,7.3621379e-06,nan,9.5415735e-08,7.4399954e-09,7.7909605e-09
0.7485,1.4499824,9.7616889e-08,0.021450898,1.5580533e-08,7.3602994e-06,nan,9.7616889e-08,7.6109728e-09,7.9695599e-09
0.749,1.4499824,9.8342869e-08,0.021442339,1.5694648e-08,7.3584563e-06,nan,9.8342869e-08,7.6669302e-09,8.0277177e-09
0.7495,1.4499824,9.7585005e-08,0.021433814,1.5571971e-08,7.3566226e-06,nan,9.7585005e-08,7.6072112e-09,7.9647596e-09
0.75,1.4499824,9.5379286e-08,0.021425388,1.5218296e-08,7.3548119e-06,nan,9.5379286e-08,7.4346405e-09,7.783656e-09
0.7505,1.4499824,9.1804479e-08,0.021417123,1.4646244e-08,7.3530378e-06,nan,9.1804479e-08,7.1553766e-09,7.4908675e-09
0.751,1.4499824,8.6979009e-08,0.02140908,1.3874758e-08,7.3513131e-06,nan,8.6979009e-08,6.7786685e-09,7.096089e-09
0.7515,1.4499824,8.105671e-08,0.021401317,1.2928426e-08,7.3496504e-06,nan,8.105671e-08,6.3165234e-09,6.6119025e-09
0.752,1.4499824,7.4221585e-08,0.021393889,1.1836647e-08,7.3480618e-06,nan,7.4221585e-08,5.7832982e-09,6.0533484e-09
0.7525,1.4499824,6.6681766e-08,0.021386851,1.063266e-08,7.3465585e-06,nan,6.6681766e-08,5.1952281e-09,5.437432e-09
0.753,1.4499824,5.8662856e-08,0.02138025,9.352487e-09,7.3451509e-06,nan,5.8662856e-08,4.5699075e-09,4.7825795e-09
0.7535,1.4499824,5.0400866e-08,0.021374132,8.0338008e-09,7.343849e-06,nan,5.0400866e-08,3.9257389e-09,4.1080618e-09
0.754,1.4499824,4.2134972e-08,0.021368539,6.7147711e-09,7.3426614e-06,nan,4.2134972e-08,3.2813687e-09,3.4334024e-09
0.7545,1.4499824,3.4100301e-08,0.021363509,5.4329135e-09,7.3415962e-06,nan,3.4100301e-08,2.6551245e-09,2.777789e-09
0.755,1.4499824,2.6520973e-08,0.021359073,4.2239783e-09,7.3406603e-06,nan,2.6520973e-08,2.0644726e-09,2.1595058e-09
0.7555,1.4499824,1.9603589e-08,0.021355259,3.1209135e-09,7.3398594e-06,nan,1.9603589e-08,1.5255111e-09,1.5954025e-09
0.756,1.4499824,1.3531367e-08,0.021352091,2.1529285e-09,7.3391985e-06,nan,1.3531367e-08,1.0525127e-09,1.1004158e-09
0.7565,1.4499824,8.4590807e-09,0.021349586,1.3446875e-09,7.3386813e-06,nan,8.4590807e-09,6.5753049e-10,6.8715703e-10
0.757,1.4499824,4.5089318e-09,0.021347758,7.1565289e-10,7.3383103e-06,nan,4.5089318e-09,3.5007674e-10,3.6557615e-10
0.7575,1.4499824,1.7674818e-09,0.021346613,2.7959581e-10,7.338087e-06,nan,1.7674818e-09,1.3688401e-10,1.4271179e-10
0.758,1.4499824,2.8369621e-10,0.021346154,4.4285961e-11,7.3380119e-06,nan,2.8369621e-10,2.1753269e-11,2.2532692e-11
0.7585,1.4499824,6.815209e-11,0.021346379,1.1366282e-11,7.3380841e-06,nan,6.815209e-11,5.4925509e-12,5.8737316e-12
0.759,1.4499824,1.0934064e-09,0.02134728,1.7641316e-10,7.3383017e-06,nan,1.0934064e-09,8.5946222e-11,9.0466934e-11
0.7595,1.4499824,3.2954955e-09,0.021348843,5.2917701e-10,7.3386619e-06,nan,3.2954955e-09,2.5811234e-10,2.7106467e-10
0.76,1.4499824,6.5765003e-09,0.021351051,1.0539929e-09,7.3391605e-06,nan,6.5765003e-09,5.1434307e-10,5.396498e-10
0.7605,1.4499824,1.0808081e-08,0.021353883,1.7303455e-09,7.3397928e-06,nan,1.0808081e-08,8.4462063e-10,8.8572487e-10
0.761,1.4499824,1.5835858e-08,0.02135731,2.5335696e-09,7.3405526e-06,nan,1.5835858e-08,1.2368992e-09,1.2966704e-09
0.7615,1.4499824,2.1484494e-08,0.021361302,3.4356616e-09,7.3414331e-06,nan,2.1484494e-08,1.6775015e-09,1.75816e-09
0.762,1.4499824,2.7563313e-08,0.021365825,4.4061765e-09,7.3424266e-06,nan,2.7563313e-08,2.1515568e-09,2.2546197e-09
0.7625,1.4499824,3.3872275e-08,0.021370839,5.4131824e-09,7.3435246e-06,nan,3.3872275e-08,2.6434669e-09,2.7697155e-09
0.763,1.4499824,4.0208126e-08,0.021376303,6.4242418e-09,7.344718e-06,nan,4.0208126e-08,3.137386e-09,3.2868558e-09
0.7635,1.4499824,4.6370536e-08,0.021382171,7.4073904e-09,7.3459968e-06,nan,4.6370536e-08,3.6176986e-09,3.7896918e-09
0.764,1.4499824,5.2168035e-08,0.021388396,8.332085e-09,7.3473507e-06,nan,5.2168035e-08,4.0694823e-09,4.2626028e-09
0.7645,1.4499824,5.7423579e-08,0.021394928,9.1700914e-09,7.3487688e-06,nan,5.7423579e-08,4.4789422e-09,4.6911492e-09
0.765,1.4499824,6.1979594e-08,0.021401715,9.8962872e-09,7.35024e-06,nan,6.1979594e-08,4.8338028e-09,5.0624845e-09
0.7655,1.4499824,6.5702332e-08,0.021408705,1.0489358e-08,7.3517525e-06,nan,6.5702332e-08,5.123648e-09,5.3657098e-09
0.766,1.4499824,6.8485448e-08,0.021415842,1.0932365e-08,7.3532947e-06,nan,6.8485448e-08,5.3401997e-09,5.5921658e-09
0.7665,1.4499824,7.0252692e-08,0.021423071,1.1213178e-08,7.3548547e-06,nan,7.0252692e-08,5.4775265e-09,5.7356512e-09
0.767,1.4499824,7.0959647e-08,0.021430339,1.1324744e-08,7.3564206e-06,nan,7.0959647e-08,5.5321798e-09,5.7925643e-09
0.7675,1.4499824,7.0594492e-08,0.021437588,1.1265216e-08,7.3579806e-06,nan,7.0594492e-08,5.5032518e-09,5.7619645e-09
0.768,1.4499824,6.9177768e-08,0.021444766,1.103791e-08,7.359523e-06,nan,6.9177768e-08,5.3923579e-09,5.6455521e-09
0.7685,1.4499824,6.6761188e-08,0.021451819,1.0651114e-08,7.3610362e-06,nan,6.6761188e-08,5.2035427e-09,5.447571e-09
0.769,1.4499824,6.342553e-08,0.021458694,1.0117751e-08,7.3625093e-06,nan,6.342553e-08,4.9431157e-09,5.1746357e-09
0.7695,1.4499824,5.9277702e-08,0.021465342,9.4549133e-09,7.3639315e-06,nan,5.9277702e-08,4.6194221e-09,4.8354912e-09
0.77,1.4499824,5.4447077e-08,0.021471714,8.68327e-09,7.3652925e-06,nan,5.4447077e-08,4.2425568e-09,4.4407133e-09
0.7705,1.4499824,4.9081219e-08,0.021477765,7.8263903e-09,7.3665827e-06,nan,4.9081219e-08,3.8240308e-09,4.0023594e-09
0.771,1.4499824,4.3341147e-08,0.021483451,6.9099839e-09,7.3677929e-06,nan,4.3341147e-08,3.3764022e-09,3.5335818e-09
0.7715,1.4499824,3.7396273e-08,0.021488734,5.9610948e-09,7.3689148e-06,nan,3.7396273e-08,2.912881e-09,3.0482138e-09
0.772,1.4499824,3.1419189e-08,0.021493578,5.0072676e-09,7.3699407e-06,nan,3.1419189e-08,2.4469231e-09,2.5603445e-09
0.7725,1.4499824,2.5580446e-08,0.021497948,4.0757153e-09,7.3708638e-06,nan,2.5580446e-08,1.9918228e-09,2.0838926e-09
0.773,1.4499824,2.0043487e-08,0.021501817,3.1925108e-09,7.3716781e-06,nan,2.0043487e-08,1.5603181e-09,1.6321927e-09
0.7735,1.4499824,1.4959886e-08,0.02150516,2.3818273e-09,7.3723783e-06,nan,1.4959886e-08,1.1642199e-09,1.2176075e-09
0.774,1.4499824,1.0465025e-08,0.021507956,1.6652496e-09,7.3729603e-06,nan,1.0465025e-08,8.1407491e-10,8.5117465e-10
0.7745,1.4499824,6.674336e-09,0.021510189,1.0611738e-09,7.3734207e-06,nan,6.674336e-09,5.1887305e-10,5.4230079e-10
0.775,1.4499824,3.6802007e-09,0.021511847,5.8431507e-10,7.3737572e-06,nan,3.6802007e-09,2.8580606e-10,2.9850901e-10
0.7755,1.4499823,1.5496019e-09,0.021512923,2.4533218e-10,7.3739683e-06,nan,1.5496019e-09,1.2008462e-10,1.2524756e-10
0.776,1.4499823,3.2257155e-10,0.021513414,5.0581703e-11,7.3740536e-06,nan,3.2257155e-10,2.4817844e-11,2.5763859e-11
0.7765,1.4499823,1.1474872e-11,0.021513322,2.0044917e-12,7.3740136e-06,nan,1.1474872e-11,9.5779058e-13,1.0467011e-12
0.777,1.4499823,6.0113449e-10,0.021512652,9.7146441e-11,7.3738496e-06,nan,6.0113449e-10,4.7309485e-11,4.9836956e-11
0.7775,1.4499823,2.0497758e-09,0.021511414,3.2931035e-10,7.3735641e-06,nan,2.0497758e-09,1.6060498e-10,1.6870537e-10
0.778,1.4499823,4.2907514e-09,0.021509623,6.8783197e-10,7.3731602e-06,nan,4.2907514e-09,3.3563811e-10,3.5219386e-10
0.7785,1.4499823,7.2349779e-09,0.021507298,1.1584698e-09,7.3726422e-06,nan,7.2349779e-09,5.6545478e-10,5.9301497e-10
0.779,1.4499823,1.0774001e-08,0.021504461,1.7238947e-09,7.3720148e-06,nan,1.0774001e-08,8.4159215e-10,8.823025e-10
0.7795,1.4499823,1.4783586e-08,0.021501138,2.3642635e-09,7.3712838e-06,nan,1.4783586e-08,1.1543587e-09,1.2099048e-09
0.78,1.4499823,1.9127712e-08,0.021497359,3.0578574e-09,7.3704557e-06,nan,1.9127712e-08,1.493146e-09,1.5647114e-09
0.7805,1.4499823,2.3662853e-08,0.021493155,3.7817646e-09,7.3695375e-06,nan,2.3662853e-08,1.8467622e-09,1.9350024e-09
0.781,1.4499823,2.8242405e-08,0.021488564,4.5125872e-09,7.368537e-06,nan,2.8242405e-08,2.2037775e-09,2.3088097e-09
0.7815,1.4499823,3.2721121e-08,0.021483622,5.2271494e-09,7.3674624e-06,nan,3.2721121e-08,2.5528699e-09,2.6742796e-09
0.782,1.4499823,3.6959435e-08,0.021478371,5.9031868e-09,7.3663225e-06,nan,3.6959435e-08,2.8831618e-09,3.0200249e-09
0.7825,1.4499823,4.0827532e-08,0.021472852,6.5199955e-09,7.3651264e-06,nan,4.0827532e-08,3.1845379e-09,3.3354576e-09
0.783,1.4499823,4.4209055e-08,0.02146711,7.0590241e-09,7.3638836e-06,nan,4.4209055e-08,3.4479333e-09,3.6110908e-09
0.7835,1.4499823,4.7004346e-08,0.02146119,7.5043891e-09,7.362604e-06,nan,4.7004346e-08,3.6655863e-09,3.8388028e-09
0.784,1.4499823,4.9133128e-08,0.021455138,7.8433031e-09,7.3612974e-06,nan,4.9133128e-08,3.8312473e-09,4.0120558e-09
0.7845,1.4499823,5.0536556e-08,0.021449002,8.0664011e-09,7.359974e-06,nan,5.0536556e-08,3.9403383e-09,4.1260628e-09
0.785,1.4499823,5.1178596e-08,0.021442827,8.1679597e-09,7.3586439e-06,nan,5.1178596e-08,3.99006e-09,4.1778997e-09
0.7855,1.4499823,5.1046695e-08,0.021436661,8.1460031e-09,7.3573171e-06,nan,5.1046695e-08,3.9794439e-09,4.1665592e-09
0.786,1.4499823,5.0151733e-08,0.021430551,8.002295e-09,7.3560036e-06,nan,5.0151733e-08,3.9093483e-09,4.0929468e-09
0.7865,1.4499823,4.8527282e-08,0.021424541,7.7422191e-09,7.3547131e-06,nan,4.8527282e-08,3.7823999e-09,3.9598192e-09
0.787,1.4499823,4.6228194e-08,0.021418676,7.374553e-09,7.3534552e-06,nan,4.6228194e-08,3.602884e-09,3.7716691e-09
0.7875,1.4499823,4.3328579e-08,0.021412999,6.9111453e-09,7.352239e-06,nan,4.3328579e-08,3.3765858e-09,3.5345595e-09
0.788,1.4499823,3.9919243e-08,0.02140755,6.366506e-09,7.3510733e-06,nan,3.9919243e-08,3.1105916e-09,3.2559144e-09
0.7885,1.4499823,3.6104676e-08,0.021402369,5.7573246e-09,7.3499665e-06,nan,3.6104676e-08,2.8130525e-09,2.9442721e-09
0.789,1.4499823,3.199968e-08,0.021397492,5.1019327e-09,7.3489263e-06,nan,3.199968e-08,2.4929224e-09,2.6090102e-09
0.7895,1.4499823,2.772575e-08,0.021392952,4.4197253e-09,7.3479599e-06,nan,2.772575e-08,2.1596753e-09,2.26005e-09
0.79,1.4499823,2.3407319e-08,0.021388782,3.7305623e-09,7.347074e-06,nan,2.3407319e-08,1.8230125e-09,1.9075498e-09
0.7905,1.4499823,1.9167987e-08,0.021385009,3.0541658e-09,7.3462745e-06,nan,1.9167987e-08,1.4925689e-09,1.5615969e-09
0.791,1.4499823,1.5126835e-08,0.021381657,2.4095328e-09,7.3455667e-06,nan,1.5126835e-08,1.1776256e-09,1.2319072e-09
0.7915,1.4499823,1.1394944e-08,0.021378748,1.8143796e-09,7.344955e-06,nan,1.1394944e-08,8.868383e-10,9.2754126e-10
0.792,1.4499823,8.0722173e-09,0.021376299,1.2846349e-09,7.3444433e-06,nan,8.0722173e-09,6.2799023e-10,6.5664467e-10
0.7925,1.4499823,5.2445898e-09,0.021374326,8.339954e-10,7.3440343e-06,nan,5.2445898e-09,4.0777439e-10,4.2622101e-10
0.793,1.4499823,2.9817069e-09,0.021372838,4.7355562e-10,7.3437304e-06,nan,2.9817069e-09,2.31613e-10,2.4194262e-10
0.7935,1.4499823,1.335133e-09,0.021371843,2.1152273e-10,7.3435328e-06,nan,1.335133e-09,1.0351798e-10,1.0800475e-10
0.794,1.4499823,3.3713125e-10,0.021371342,5.3022508e-11,7.3434421e-06,nan,3.3713125e-10,2.5996108e-11,2.7026401e-11
0.7945,1.4499823,4.3240222e-14,0.021371337,1.0792308e-15,7.3434581e-06,nan,4.3240222e-14,9.2454394e-16,1.5468683e-16
0.795,1.4499823,3.162755e-10,0.021371821,5.122342e-11,7.3435795e-06,nan,3.162755e-10,2.4931921e-11,2.6291498e-11
0.7955,1.4499823,1.2588823e-09,0.021372788,2.023671e-10,7.3438046e-06,nan,1.2588823e-09,9.8680246e-11,1.0368685e-10
0.796,1.4499823,2.7827173e-09,0.021374225,4.4620665e-10,7.3441307e-06,nan,2.7827173e-09,2.177187e-10,2.2848795e-10
0.7965,1.4499823,4.826108e-09,0.021376118,7.7288151e-10,7.3445546e-06,nan,4.826108e-09,3.7723254e-10,3.9564897e-10
0.797,1.4499823,7.3129962e-09,0.021378448,1.170238e-09,7.345072e-06,nan,7.3129962e-09,5.7128649e-10,5.9895148e-10
0.7975,1.4499823,1.0155469e-08,0.021381195,1.6242335e-09,7.3456783e-06,nan,1.0155469e-08,7.930222e-10,8.3121135e-10
0.798,1.4499823,1.3256599e-08,0.021384333,2.1193908e-09,7.3463682e-06,nan,1.3256599e-08,1.0348799e-09,1.0845109e-09
0.7985,1.4499823,1.6513505e-08,0.021387835,2.6392856e-09,7.3471356e-06,nan,1.6513505e-08,1.2888369e-09,1.3504486e-09
0.799,1.4499823,1.9820536e-08,0.021391672,3.1670555e-09,7.3479741e-06,nan,1.9820536e-08,1.5466561e-09,1.6203994e-09
0.7995,1.4499823,2.3072478e-08,0.021395813,3.6859116e-09,7.3488768e-06,nan,2.3072478e-08,1.8001356e-09,1.885776e-09
0.8,1.4499823,2.6167692e-08,0.021400223,4.1796395e-09,7.3498363e-06,nan,2.6167692e-08,2.0413539e-09,2.1382857e-09
0.8005,1.4499823,2.9011095e-08,0.021404867,4.6330739e-09,7.3508448e-06,nan,2.9011095e-08,2.2629014e-09,2.3701725e-09
0.801,1.4499823,3.151688e-08,0.021409708,5.0325331e-09,7.3518944e-06,nan,3.151688e-08,2.4580932e-09,2.5744399e-09
0.8015,1.4499823,3.3610919e-08,0.021414708,5.366202e-09,7.3529767e-06,nan,3.3610919e-08,2.6211557e-09,2.7450464e-09
0.802,1.4499823,3.5232773e-08,0.021419828,5.624452e-09,7.3540833e-06,nan,3.5232773e-08,2.7473831e-09,2.8770689e-09
0.8025,1.4499823,3.6337249e-08,0.021425028,5.8000894e-09,7.3552058e-06,nan,3.6337249e-08,2.833259e-09,2.9668304e-09
0.803,1.4499823,3.6895485e-08,0.021430268,5.8885277e-09,7.3563354e-06,nan,3.6895485e-08,2.8765406e-09,3.0119872e-09
0.8035,1.4499823,3.6895517e-08,0.021435509,5.8878776e-09,7.3574636e-06,nan,3.6895517e-08,2.8763024e-09,3.0115752e-09
0.804,1.4499823,3.6342337e-08,0.021440712,5.7989551e-09,7.358582e-06,nan,3.6342337e-08,2.8329408e-09,2.9660144e-09
0.8045,1.4499823,3.5257436e-08,0.021445836,5.6252094e-09,7.3596822e-06,nan,3.5257436e-08,2.7481383e-09,2.8770711e-09
0.805,1.4499823,3.3677873e-08,0.021450845,5.3725718e-09,7.3607561e-06,nan,3.3677873e-08,2.6247903e-09,2.7477815e-09
0.8055,1.4499823,3.1654879e-08,0.021455702,5.0492345e-09,7.3617959e-06,nan,3.1654879e-08,2.4668969e-09,2.5823376e-09
0.806,1.4499823,2.9252079e-08,0.021460372,4.6653645e-09,7.362794e-06,nan,2.9252079e-08,2.2794231e-09,2.3859414e-09
0.8065,1.4499823,2.6543363e-08,0.02146482,4.2327648e-09,7.3637433e-06,nan,2.6543363e-08,2.0681334e-09,2.1646314e-09
0.807,1.4499823,2.3610493e-08,0.021469016,3.7644917e-09,7.3646371e-06,nan,2.3610493e-08,1.839405e-09,1.9250867e-09
0.8075,1.4499823,2.0540516e-08,0.02147293,3.2744416e-09,7.3654691e-06,nan,2.0540516e-08,1.6000258e-09,1.6744159e-09
0.808,1.4499823,1.7423067e-08,0.021476535,2.776921e-09,7.3662337e-06,nan,1.7423067e-08,1.3569843e-09,1.4199367e-09
0.8085,1.4499823,1.4347638e-08,0.021479807,2.2862105e-09,7.3669258e-06,nan,1.4347638e-08,1.1172571e-09,1.1689534e-09
0.809,1.4499823,1.140091e-08,0.021482723,1.8161384e-09,7.3675407e-06,nan,1.140091e-08,8.8759983e-10,9.2853855e-10
0.8095,1.4499823,8.664203e-09,0.021485266,1.3796751e-09,7.3680745e-06,nan,8.664203e-09,6.7434964e-10,7.0532551e-10
0.81,1.4499823,6.2111435e-09,0.021487419,9.8856063e-10,7.3685239e-06,nan,6.2111435e-09,4.8324274e-10,5.0531789e-10
0.8105,1.4499823,4.1055984e-09,0.02148917,6.5297491e-10,7.3688864e-06,nan,4.1055984e-09,3.1925369e-10,3.3372122e-10
0.811,1.4499823,2.3999392e-09,0.021490508,3.8126159e-10,7.3691599e-06,nan,2.3999392e-09,1.8646013e-10,1.9480146e-10
0.8115,1.4499823,1.1336801e-09,0.021491428,1.7971111e-10,7.3693432e-06,nan,1.1336801e-09,8.7936878e-11,9.1774228e-11
0.812,1.4499823,3.3252596e-10,0.021491927,5.2409118e-11,7.3694358e-06,nan,3.3252596e-10,2.5681816e-11,2.6727302e-11
0.8125,1.4499823,7.8498358e-12,0.021492003,1.1537212e-12,7.3694376e-06,nan,7.8498358e-12,5.7537944e-13,5.7834176e-13
0.813,1.4499823,1.566087e-10,0.021491661,2.5442478e-11,7.3693497e-06,nan,1.566087e-10,1.2374158e-11,1.306832e-11
0.8135,1.4499823,7.6169167e-10,0.021490907,1.2252851e-10,7.3691733e-06,nan,7.6169167e-10,5.973824e-11,6.2790266e-11
0.814,1.4499823,1.792683e-09,0.02148975,2.875427e-10,7.3689107e-06,nan,1.792683e-09,1.4029086e-10,1.4725184e-10
0.8145,1.4499823,3.207009e-09,0.021488203,5.1367724e-10,7.3685646e-06,nan,3.207009e-09,2.5070798e-10,2.6296926e-10
0.815,1.4499823,4.9514289e-09,0.021486281,7.924238e-10,7.3681383e-06,nan,4.9514289e-09,3.8683463e-10,4.0558917e-10
0.8155,1.4499823,6.9638168e-09,0.021484001,1.1138584e-09,7.3676358e-06,nan,6.9638168e-09,5.4382401e-10,5.7003437e-10
0.816,1.4499823,9.175179e-09,0.021481384,1.4669634e-09,7.3670616e-06,nan,9.175179e-09,7.1629478e-10,7.5066861e-10
0.8165,1.4499823,1.151184e-08,0.021478454,1.8399766e-09,7.3664205e-06,nan,1.151184e-08,8.9850154e-10,9.4147509e-10
0.817,1.4499823,1.3897728e-08,0.021475234,2.2207564e-09,7.3657181e-06,nan,1.3897728e-08,1.0845132e-09,1.1362432e-09
0.8175,1.4499823,1.6256695e-08,0.021471751,2.5971513e-09,7.3649601e-06,nan,1.6256695e-08,1.2683935e-09,1.3287578e-09
0.818,1.4499823,1.8514794e-08,0.021468036,2.957364e-09,7.3641528e-06,nan,1.8514794e-08,1.4443789e-09,1.512985e-09
0.8185,1.4499823,2.0602452e-08,0.021464116,3.2902974e-09,7.3633026e-06,nan,2.0602452e-08,1.6070478e-09,1.6832495e-09
0.819,1.4499823,2.245647e-08,0.021460024,3.5858742e-09,7.3624164e-06,nan,2.245647e-08,1.7514762e-09,1.834398e-09
0.8195,1.4499823,2.4021802e-08,0.021455793,3.8353201e-09,7.3615012e-06,nan,2.4021802e-08,1.8733765e-09,1.9619436e-09
0.82,1.4499823,2.5253054e-08,0.021451455,4.0314027e-09,7.3605641e-06,nan,2.5253054e-08,1.9692143e-09,2.0621884e-09
0.8205,1.4499823,2.6115668e-08,0.021447044,4.1686201e-09,7.3596124e-06,nan,2.6115668e-08,2.0363002e-09,2.13232e-09
0.821,1.4499823,2.6586766e-08,0.021442594,4.243335e-09,7.3586533e-06,nan,2.6586766e-08,2.0728556e-09,2.1704795e-09
0.8215,1.4499823,2.6655617e-08,0.021438138,4.2538496e-09,7.3576941e-06,nan,2.6655617e-08,2.0780494e-09,2.1758002e-09
0.822,1.4499823,2.6323749e-08,0.021433711,4.2004218e-09,7.3567421e-06,nan,2.6323749e-08,2.0520059e-09,2.1484159e-09
0.8225,1.4499823,2.560468e-08,0.021429345,4.0852228e-09,7.3558043e-06,nan,2.560468e-08,1.995784e-09,2.0894388e-09
0.823,1.4499823,2.4523298e-08,0.021425073,3.9122373e-09,7.3548877e-06,nan,2.4523298e-08,1.9113288e-09,2.0009085e-09
0.8235,1.4499823,2.3114916e-08,0.021420925,3.6871125e-09,7.353999e-06,nan,2.3114916e-08,1.8013976e-09,1.8857149e-09
0.824,1.4499823,2.1424026e-08,0.021416933,3.416959e-09,7.3531446e-06,nan,2.1424026e-08,1.6694626e-09,1.7474964e-09
0.8245,1.4499823,1.9502808e-08,0.021413124,3.1101123e-09,7.3523306e-06,nan,1.9502808e-08,1.5195949e-09,1.5905174e-09
0.825,1.4499823,1.7409427e-08,0.021409526,2.775861e-09,7.3515629e-06,nan,1.7409427e-08,1.3563312e-09,1.4195297e-09
0.8255,1.4499823,1.5206191e-08,0.021406163,2.4241525e-09,7.3508468e-06,nan,1.5206191e-08,1.1845306e-09,1.2396219e-09
0.826,1.4499823,1.2957609e-08,0.021403059,2.0652832e-09,7.3501871e-06,nan,1.2957609e-08,1.0092227e-09,1.0560605e-09
0.8265,1.4499823,1.0728422e-08,0.021400235,1.7095847e-09,7.3495884e-06,nan,1.0728422e-08,8.3545453e-10,8.7413019e-10
0.827,1.4499823,8.5816658e-09,0.021397709,1.3671137e-09,7.3490546e-06,nan,8.5816658e-09,6.6813934e-10,6.9897435e-10
0.8275,1.4499823,6.5768131e-09,0.021395499,1.0473562e-09,7.3485891e-06,nan,6.5768131e-09,5.1191172e-10,5.3544447e-10
0.828,1.4499823,4.7680584e-09,0.021393616,7.589541e-10,7.3481949e-06,nan,4.7680584e-09,3.7099415e-10,3.8795995e-10
0.8285,1.4499823,3.2027914e-09,0.021392073,5.0946159e-10,7.3478742e-06,nan,3.2027914e-09,2.4907795e-10,2.6038364e-10
0.829,1.4499823,1.920301e-09,0.021390879,3.0513868e-10,7.3476289e-06,nan,1.920301e-09,1.4922242e-10,1.5591626e-10
0.8295,1.4499823,9.507448e-10,0.021390038,1.5078705e-10,7.34746e-06,nan,9.507448e-10,7.3774546e-11,7.7012499e-11
0.83,1.4499823,3.1440983e-10,0.021389555,4.9632416e-11,7.3473683e-06,nan,3.1440983e-10,2.4311571e-11,2.5320845e-11
0.8305,1.4499823,2.1282029e-11,0.021389429,3.2562479e-12,7.3473535e-06,nan,2.1282029e-11,1.6075227e-12,1.6487252e-12
0.831,1.4499823,7.0931423e-11,0.021389659,1.1577757e-11,7.3474153e-06,nan,7.0931423e-11,5.6244124e-12,5.9533449e-12
0.8315,1.4499823,4.5271092e-10,0.021390239,7.2886008e-11,7.3475524e-06,nan,4.5271092e-10,3.5527861e-11,3.7358147e-11
0.832,1.4499823,1.1462571e-09,0.021391162,1.8392018e-10,7.3477632e-06,nan,1.1462571e-09,8.9726272e-11,9.4193909e-11
0.8325,1.4499823,2.1222726e-09,0.021392418,3.3999477e-10,7.3480453e-06,nan,2.1222726e-09,1.6593195e-10,1.7406282e-10
0.833,1.4499823,3.3435622e-09,0.021393994,5.3516513e-10,7.348396e-06,nan,3.3435622e-09,2.6124194e-10,2.7392319e-10
0.8335,1.4499823,4.7662855e-09,0.021395876,7.6242777e-10,7.3488121e-06,nan,4.7662855e-09,3.7223584e-10,3.9019194e-10
0.834,1.4499823,6.3413876e-09,0.021398047,1.0139487e-09,7.3492898e-06,nan,6.3413876e-09,4.9508733e-10,5.1886138e-10
0.8345,1.4499823,8.0161584e-09,0.021400488,1.2813126e-09,7.3498251e-06,nan,8.0161584e-09,6.2568586e-10,6.556267e-10
0.835,1.4499823,9.7358751e-09,0.021403178,1.5557846e-09,7.3504133e-06,nan,9.7358751e-09,7.5976464e-10,7.9601999e-10
0.8355,1.4499823,1.1445474e-08,0.021406095,1.8285778e-09,7.3510495e-06,nan,1.1445474e-08,8.9303105e-10,9.3554675e-10
0.836,1.4499823,1.3091203e-08,0.021409215,2.0911163e-09,7.3517286e-06,nan,1.3091203e-08,1.0212954e-09,1.0698208e-09
0.8365,1.4499823,1.4622207e-08,0.021412513,2.3352882e-09,7.352445e-06,nan,1.4622207e-08,1.1405947e-09,1.1946936e-09
0.837,1.4499823,1.5991996e-08,0.021415962,2.5536802e-09,7.353193e-06,nan,1.5991996e-08,1.2473064e-09,1.3063738e-09
0.8375,1.4499823,1.7159756e-08,0.021419535,2.7397862e-09,7.3539667e-06,nan,1.7159756e-08,1.3382516e-09,1.4015346e-09
0.838,1.4499823,1.8091473e-08,0.021423204,2.8881859e-09,7.35476e-06,nan,1.8091473e-08,1.4107814e-09,1.4774045e-09
0.8385,1.4499823,1.876082e-08,0.02142694,2.9946879e-09,7.3555669e-06,nan,1.876082e-08,1.462847e-09,1.5318409e-09
0.839,1.4499823,1.9149817e-08,0.021430716,3.0564323e-09,7.3563811e-06,nan,1.9149817e-08,1.4930503e-09,1.563382e-09
0.8395,1.4499823,1.9249212e-08,0.021434501,3.071953e-09,7.3571963e-06,nan,1.9249212e-08,1.5006736e-09,1.5712793e-09
0.84,1.4499823,1.9058602e-08,0.021438269,3.0411963e-09,7.3580066e-06,nan,1.9058602e-08,1.4856897e-09,1.5555066e-09
0.8405,1.4499823,1.8586292e-08,0.021441989,2.9654974e-09,7.3588057e-06,nan,1.8586292e-08,1.4487494e-09,1.516748e-09
0.841,1.4499823,1.7848886e-08,0.021445635,2.8475155e-09,7.3595879e-06,nan,1.7848886e-08,1.3911507e-09,1.4563648e-09
0.8415,1.4499823,1.6870641e-08,0.021449181,2.6911306e-09,7.3603473e-06,nan,1.6870641e-08,1.3147879e-09,1.3763427e-09
0.842,1.4499823,1.568261e-08,0.021452599,2.5013056e-09,7.3610784e-06,nan,1.568261e-08,1.2220846e-09,1.279221e-09
0.8425,1.4499823,1.4321586e-08,0.021455866,2.2839185e-09,7.3617761e-06,nan,1.4321586e-08,1.1159115e-09,1.1680071e-09
0.843,1.4499823,1.2828901e-08,0.021458958,2.0455702e-09,7.3624354e-06,nan,1.2828901e-08,9.994925e-10,1.0460777e-09
0.8435,1.4499823,1.1249109e-08,0.021461854,1.793374e-09,7.3630516e-06,nan,1.1249109e-08,8.7630227e-10,9.1707176e-10
0.844,1.4499823,9.6285952e-09,0.021464533,1.5347339e-09,7.3636204e-06,nan,9.6285952e-09,7.4995748e-10,7.8477641e-10
0.8445,1.4499823,8.0141546e-09,0.021466978,1.2771176e-09,7.3641381e-06,nan,8.0141546e-09,6.2410623e-10,6.5301137e-10
0.845,1.4499823,6.4515863e-09,0.021469171,1.0278323e-09,7.3646012e-06,nan,6.4515863e-09,5.0231833e-10,5.2551395e-10
0.8455,1.4499823,4.9843405e-09,0.021471099,7.9380872e-10,7.3650067e-06,nan,4.9843405e-09,3.8797994e-10,4.0582878e-10
0.846,1.4499823,3.6522612e-09,0.02147275,5.8140071e-10,7.3653521e-06,nan,3.6522612e-09,2.8419552e-10,2.9720519e-10
0.8465,1.4499823,2.4904582e-09,0.021474113,3.9620535e-10,7.3656353e-06,nan,2.4904582e-09,1.9370004e-10,2.0250531e-10
0.847,1.4499823,1.5283419e-09,0.02147518,2.4290907e-10,7.3658547e-06,nan,1.5283419e-09,1.1878371e-10,1.2412536e-10
0.8475,1.4499823,7.8884497e-10,0.021475947,1.2516376e-10,7.3660093e-06,nan,7.8884497e-10,6.1231467e-11,6.393229e-11
0.848,1.4499823,2.878522e-10,0.021476411,4.5495976e-11,7.3660985e-06,nan,2.878522e-10,2.2278588e-11,2.3217388e-11
0.8485,1.4499823,3.3851199e-11,0.02147657,5.2514726e-12,7.3661221e-06,nan,3.3851199e-11,2.5835439e-12,2.6679288e-12
0.849,1.4499823,2.7810508e-11,0.021476426,4.576012e-12,7.3660807e-06,nan,2.7810508e-11,2.2186072e-12,2.3574049e-12
0.8495,1.4499823,2.6328483e-10,0.021475983,4.2432431e-11,7.3659751e-06,nan,2.6328483e-10,2.0678154e-11,2.1754277e-11
0.85,1.4499823,7.2674015e-10,0.021475246,1.1665278e-10,7.3658066e-06,nan,7.2674015e-10,5.6904102e-11,5.9748675e-11
0.8505,1.4499823,1.3980851e-09,0.021474225,2.2402333e-10,7.3655771e-06,nan,1.3980851e-09,1.0932741e-10,1.1469591e-10
0.851,1.4499823,2.2513887e-09,0.021472929,3.6039937e-10,7.3652889e-06,nan,2.2513887e-09,1.7592414e-10,1.8447523e-10
0.8515,1.4499823,3.2557605e-09,0.021471371,5.2084581e-10,7.3649447e-06,nan,3.2557605e-09,2.542841e-10,2.6656171e-10
0.852,1.4499823,4.3763626e-09,0.021469564,6.9979883e-10,7.3645475e-06,nan,4.3763626e-09,3.4168982e-10,3.5810901e-10
0.8525,1.4499823,5.5755224e-09,0.021467525,8.9124355e-10,7.3641009e-06,nan,5.5755224e-09,4.3520331e-10,4.5604024e-10
0.853,1.4499823,6.8139093e-09,0.021465271,1.0889019e-09,7.3636086e-06,nan,6.8139093e-09,5.3175787e-10,5.5714407e-10
0.8535,1.4499823,8.0517413e-09,0.021462821,1.2864253e-09,7.3630748e-06,nan,8.0517413e-09,6.2825209e-10,6.5817319e-10
0.854,1.4499823,9.2499819e-09,0.021460195,1.4775853e-09,7.3625038e-06,nan,9.2499819e-09,7.2164322e-10,7.5594206e-10
0.8545,1.4499823,1.0371495e-08,0.021457415,1.6564582e-09,7.3619003e-06,nan,1.0371495e-08,8.0903713e-10,8.4742107e-10
0.855,1.4499823,1.1382121e-08,0.021454502,1.8175966e-09,7.361269e-06,nan,1.1382121e-08,8.877722e-10,9.2982435e-10
0.8555,1.4499823,1.2251645e-08,0.02145148,1.9561835e-09,7.3606151e-06,nan,1.2251645e-08,9.5549474e-10,1.0006887e-09
0.856,1.4499823,1.295463e-08,0.021448374,2.0681655e-09,7.3599436e-06,nan,1.295463e-08,1.0102239e-09,1.0579417e-09
0.8565,1.4499823,1.3471094e-08,0.021445206,2.1503603e-09,7.3592598e-06,nan,1.3471094e-08,1.0504042e-09,1.0999561e-09
0.857,1.4499823,1.3787005e-08,0.021442001,2.2005358e-09,7.3585688e-06,nan,1.3787005e-08,1.0749444e-09,1.1255914e-09
0.8575,1.4499823,1.38946e-08,0.021438784,2.2174606e-09,7.357876e-06,nan,1.38946e-08,1.0832422e-09,1.1342184e-09
0.858,1.4499823,1.3792502e-08,0.02143558,2.2009223e-09,7.3571866e-06,nan,1.3792502e-08,1.0751927e-09,1.1257296e-09
0.8585,1.4499823,1.3485647e-08,0.021432411,2.1517159e-09,7.3565057e-06,nan,1.3485647e-08,1.0511836e-09,1.1005323e-09
0.859,1.4499823,1.2985024e-08,0.021429302,2.0716021e-09,7.3558385e-06,nan,1.2985024e-08,1.012074e-09,1.0595281e-09
0.8595,1.4499823,1.2307236e-08,0.021426275,1.9632371e-09,7.3551897e-06,nan,1.2307236e-08,9.5916081e-10,1.0040763e-09
0.86,1.4499823,1.1473908e-08,0.021423353,1.8300771e-09,7.3545641e-06,nan,1.1473908e-08,8.9413175e-10,9.3594536e-10
0.8605,1.4499823,1.0510944e-08,0.021420556,1.676261e-09,7.3539663e-06,nan,1.0510944e-08,8.1900809e-10,8.5725293e-10
0.861,1.4499823,9.4476804e-09,0.021417905,1.506474e-09,7.3534004e-06,nan,9.4476804e-09,7.3607815e-10,7.7039582e-10
0.8615,1.4499823,8.3159435e-09,0.021415418,1.3257977e-09,7.3528704e-06,nan,8.3159435e-09,6.4782409e-10,6.7797357e-10
0.862,1.4499823,7.1490559e-09,0.021413112,1.1395512e-09,7.35238e-06,nan,7.1490559e-09,5.5684416e-10,5.8270701e-10
0.8625,1.4499823,5.9808113e-09,0.021411003,9.5312765e-10,7.3519326e-06,nan,5.9808113e-09,4.6577297e-10,4.8735468e-10
0.863,1.4499823,4.8444556e-09,0.021409105,7.7183162e-10,7.3515311e-06,nan,4.8444556e-09,3.7720194e-10,3.9462968e-10
0.8635,1.4499823,3.7717022e-09,0.02140743,6.007219e-10,7.3511781e-06,nan,3.7717022e-09,2.9360263e-10,3.0711927e-10
0.864,1.4499823,2.7918105e-09,0.021405989,4.4446466e-10,7.3508758e-06,nan,2.7918105e-09,2.172549e-10,2.2720976e-10
0.8645,1.4499823,1.9307549e-09,0.021404791,3.0720088e-10,7.3506261e-06,nan,1.9307549e-09,1.5018216e-10,1.5701871e-10
0.865,1.4499823,1.2105062e-09,0.021403842,1.9243182e-10,7.3504304e-06,nan,1.2105062e-09,9.4095427e-11,9.8336398e-11
0.8655,1.4499823,6.4844574e-10,0.021403148,1.0292576e-10,7.3502896e-06,nan,6.4844574e-10,5.0347687e-11,5.2578072e-11
0.866,1.4499823,2.5692786e-10,0.021402711,4.0648216e-11,7.3502044e-06,nan,2.5692786e-10,1.9899859e-11,2.0748358e-11
0.8665,1.4499823,4.2999747e-11,0.021402532,6.7175432e-12,7.3501748e-06,nan,4.2999747e-11,3.2990281e-12,3.4185151e-12
0.867,1.4499823,8.2855254e-12,0.021402611,1.3865678e-12,7.3502006e-06,nan,8.2855254e-12,6.6947481e-13,7.1709299e-13
0.8675,1.4499823,1.4903444e-10,0.021402943,2.4050488e-11,7.3502811e-06,nan,1.4903444e-10,1.1716502e-11,1.2333985e-11
0.868,1.4499823,4.5632899e-10,0.021403526,7.3280266e-11,7.3504152e-06,nan,4.5632899e-10,3.574273e-11,3.7537536e-11
0.8685,1.4499823,9.1644384e-10,0.021404351,1.4688009e-10,7.3506015e-06,nan,9.1644384e-10,7.1676141e-11,7.5203946e-11
0.869,1.4499823,1.5113422e-09,0.021405411,2.4196671e-10,7.3508379e-06,nan,1.5113422e-09,1.1810883e-10,1.2385789e-10
0.8695,1.4499823,2.2192921e-09,0.021406696,3.5506798e-10,7.3511224e-06,nan,2.2192921e-09,1.7334509e-10,1.8172289e-10
0.87,1.4499823,3.0155825e-09,0.021408193,4.8223718e-10,7.3514523e-06,nan,3.0155825e-09,2.3545732e-10,2.4677987e-10
0.8705,1.4499823,3.8733153e-09,0.021409891,6.1917954e-10,7.3518248e-06,nan,3.8733153e-09,3.0234773e-10,3.1683181e-10
0.871,1.4499823,4.764249e-09,0.021411773,7.6138688e-10,7.3522366e-06,nan,4.764249e-09,3.7181419e-10,3.895727e-10
0.8715,1.4499823,5.6596672e-09,0.021413825,9.0427628e-10,7.3526844e-06,nan,5.6596672e-09,4.416179e-10,4.6265837e-10
0.872,1.4499823,6.5312457e-09,0.021416029,1.0433284e-09,7.3531643e-06,nan,6.5312457e-09,5.0955105e-10,5.3377735e-10
0.8725,1.4499823,7.3518929e-09,0.021418367,1.1742216e-09,7.3536726e-06,nan,7.3518929e-09,5.7350223e-10,6.0071935e-10
0.873,1.4499823,8.0965377e-09,0.021420822,1.2929575e-09,7.3542051e-06,nan,8.0965377e-09,6.3151791e-10,6.6143959e-10
0.8735,1.4499823,8.7428432e-09,0.021423372,1.395975e-09,7.3547577e-06,nan,8.7428432e-09,6.8185797e-10,7.1411698e-10
0.874,1.4499823,9.2718255e-09,0.021425999,1.4802486e-09,7.3553259e-06,nan,9.2718255e-09,7.2304399e-10,7.5720459e-10
0.8745,1.4499823,9.6683622e-09,0.021428682,1.5433697e-09,7.3559053e-06,nan,9.6683622e-09,7.5389876e-10,7.8947096e-10
0.875,1.4499823,9.9215749e-09,0.021431399,1.5836074e-09,7.3564916e-06,nan,9.9215749e-09,7.7357606e-10,8.1003137e-10
0.8755,1.4499823,1.0025079e-08,0.021434131,1.5999481e-09,7.3570802e-06,nan,1.0025079e-08,7.8158011e-10,8.1836801e-10
0.876,1.4499823,9.9770931e-09,0.021436857,1.592113e-09,7.3576667e-06,nan,9.9770931e-09,7.7777408e-10,8.1433896e-10
0.8765,1.4499823,9.7804125e-09,0.021439556,1.5605534e-09,7.3582466e-06,nan,9.7804125e-09,7.6237776e-10,7.9817568e-10
0.877,1.4499823,9.4422409e-09,0.021442208,1.506424e-09,7.3588158e-06,nan,9.4422409e-09,7.3595464e-10,7.7046941e-10
0.8775,1.4499823,8.9738974e-09,0.021444793,1.4315359e-09,7.3593699e-06,nan,8.9738974e-09,6.9938886e-10,7.3214705e-10
0.878,1.4499823,8.3904041e-09,0.021447293,1.3382905e-09,7.359905e-06,nan,8.3904041e-09,6.5385306e-10,6.8443742e-10
0.8785,1.4499823,7.7099706e-09,0.02144969,1.2295972e-09,7.3604171e-06,nan,7.7099706e-09,6.0076813e-10,6.2882912e-10
0.879,1.4499823,6.953392e-09,0.021451966,1.1087776e-09,7.3609028e-06,nan,6.953392e-09,5.4175625e-10,5.6702133e-10
0.8795,1.4499823,6.1433808e-09,0.021454106,9.7945804e-10,7.3613584e-06,nan,6.1433808e-09,4.785888e-10,5.0086924e-10
0.88,1.4499823,5.3038533e-09,0.021456094,8.4545643e-10,7.3617809e-06,nan,5.3038533e-09,4.1313068e-10,4.3232575e-10
0.8805,1.4499823,4.4591923e-09,0.021457917,7.1066416e-10,7.3621675e-06,nan,4.4591923e-09,3.4728286e-10,3.6338131e-10
0.881,1.4499823,3.6335099e-09,0.021459563,5.7892855e-10,7.3625154e-06,nan,3.6335099e-09,2.8292485e-10,2.960037e-10
0.8815,1.4499823,2.8499304e-09,0.02146102,4.539385e-10,7.3628225e-06,nan,2.8499304e-09,2.2185891e-10,2.3207959e-10
0.882,1.4499823,2.129917e-09,0.02146228,3.3911698e-10,7.3630867e-06,nan,2.129917e-09,1.6575745e-10,1.7335953e-10
0.8825,1.4499823,1.4926587e-09,0.021463335,2.3752343e-10,7.3633065e-06,nan,1.4926587e-09,1.1611539e-10,1.2140804e-10
0.883,1.4499823,9.5453741e-10,0.021464179,1.5176867e-10,7.3634807e-06,nan,9.5453741e-10,7.4208568e-11,7.75601e-11
0.8835,1.4499823,5.2868773e-10,0.021464807,8.394484e-11,7.3636083e-06,nan,5.2868773e-10,4.1059493e-11,4.2885347e-11
0.884,1.4499823,2.2466227e-10,0.021465216,3.5572104e-11,7.3636888e-06,nan,2.2466227e-10,1.7411301e-11,1.8160802e-11
0.8845,1.4499823,4.8209763e-11,0.021465405,7.5633553e-12,7.363722e-06,nan,4.8209763e-11,3.710498e-12,3.8528573e-12
0.885,1.4499823,1.1709925e-12,0.021465376,2.0777071e-13,7.3637081e-06,nan,1.1709925e-12,9.8905397e-14,1.0886531e-13
0.8855,1.4499823,8.1493535e-11,0.021465129,1.3173287e-11,7.3636475e-06,nan,8.1493535e-11,6.4148554e-12,6.7584313e-12
0.886,1.4499823,2.8336261e-10,0.02146467,4.5527621e-11,7.3635413e-06,nan,2.8336261e-10,2.2203443e-11,2.3324178e-11
0.8865,1.4499823,5.9744216e-10,0.021464002,9.5776871e-11,7.3633905e-06,nan,5.9744216e-10,4.6735366e-11,4.9041505e-11
0.887,1.4499823,1.0112169e-09,0.021463134,1.6192022e-10,7.3631968e-06,nan,1.0112169e-09,7.9033637e-11,8.2886581e-11
0.8875,1.4499823,1.5094235e-09,0.021462073,2.4151881e-10,7.362962e-06,nan,1.5094235e-09,1.1790722e-10,1.2361159e-10
0.888,1.4499823,2.0745559e-09,0.02146083,3.3177655e-10,7.3626881e-06,nan,2.0745559e-09,1.6199048e-10,1.6978607e-10
0.8885,1.4499823,2.6874292e-09,0.021459414,4.2963004e-10,7.3623777e-06,nan,2.6874292e-09,2.0978712e-10,2.1984291e-10
0.889,1.4499823,3.327783e-09,0.021457839,5.3184502e-10,7.3620333e-06,nan,3.327783e-09,2.5971732e-10,2.721277e-10
0.8895,1.4499823,3.9749069e-09,0.021456118,6.3511615e-10,7.3616579e-06,nan,3.9749069e-09,3.1016639e-10,3.2494976e-10
0.89,1.4499823,4.6082678e-09,0.021454265,7.3616706e-10,7.3612546e-06,nan,4.6082678e-09,3.5953375e-10,3.7663331e-10
0.8905,1.4499823,5.2081206e-09,0.021452295,8.3184789e-10,7.3608267e-06,nan,5.2081206e-09,4.0628052e-10,4.2556737e-10
0.891,1.4499823,5.7560846e-09,0.021450224,9.1922719e-10,7.3603776e-06,nan,5.7560846e-09,4.4897443e-10,4.7025276e-10
0.8915,1.4499823,6.2356693e-09,0.021448068,9.9567568e-10,7.3599108e-06,nan,6.2356693e-09,4.8633076e-10,5.0934492e-10
0.892,1.4499823,6.632733e-09,0.021445845,1.0589395e-09,7.3594301e-06,nan,6.632733e-09,5.1724812e-10,5.4169136e-10
0.8925,1.4499823,6.9358641e-09,0.021443572,1.1072008e-09,7.3589392e-06,nan,6.9358641e-09,5.4083809e-10,5.6636271e-10
0.893,1.4499823,7.1366738e-09,0.021441267,1.1391245e-09,7.3584419e-06,nan,7.1366738e-09,5.5644802e-10,5.8267651e-10
0.8935,1.4499823,7.2299922e-09,0.021438946,1.1538895e-09,7.3579419e-06,nan,7.2299922e-09,5.6367627e-10,5.9021319e-10
0.894,1.4499823,7.2139661e-09,0.021436629,1.1512037e-09,7.3574431e-06,nan,7.2139661e-09,5.6237981e-10,5.8882393e-10
0.8945,1.4499823,7.0900544e-09,0.021434331,1.1313041e-09,7.3569492e-06,nan,7.0900544e-09,5.5267378e-10,5.7863028e-10
0.895,1.4499823,6.8629258e-09,0.021432071,1.0949391e-09,7.3564639e-06,nan,6.8629258e-09,5.3492349e-10,5.6001564e-10
0.8955,1.4499823,6.540261e-09,0.021429864,1.0433382e-09,7.3559908e-06,nan,6.540261e-09,5.0972902e-10,5.3360915e-10
0.896,1.4499823,6.1324699e-09,0.021427728,9.7816545e-10,7.3555332e-06,nan,6.1324699e-09,4.7790301e-10,5.0026244e-10
0.8965,1.4499823,5.6523306e-09,0.021425677,9.0146282e-10,7.3550946e-06,nan,5.6523306e-09,4.404426e-10,4.6102023e-10
0.897,1.4499823,5.1145654e-09,0.021423726,8.1558183e-10,7.354678e-06,nan,5.1145654e-09,3.9849629e-10,4.1708554e-10
0.8975,1.4499823,4.5353652e-09,0.021421889,7.2310785e-10,7.3542863e-06,nan,4.5353652e-09,3.5332689e-10,3.6978096e-10
0.898,1.4499823,3.9318793e-09,0.021420178,6.2677855e-10,7.3539224e-06,nan,3.9318793e-09,3.0627166e-10,3.2050689e-10
0.8985,1.4499823,3.3216849e-09,0.021418606,5.2939931e-10,7.3535887e-06,nan,3.3216849e-09,2.5870103e-10,2.7069828e-10
0.899,1.4499823,2.722254e-09,0.021417183,4.3375805e-10,7.3532873e-06,nan,2.722254e-09,2.1197695e-10,2.217811e-10
0.8995,1.4499823,2.1504324e-09,0.021415918,3.425422e-10,7.3530204e-06,nan,2.1504324e-09,1.6741239e-10,1.7512981e-10
0.9,1.4499823,1.6219469e-09,0.02141482,2.5826004e-10,7.3527896e-06,nan,1.6219469e-09,1.2623284e-10,1.320272e-10
0.9005,1.4499823,1.1509553e-09,0.021413894,1.8316892e-10,7.3525964e-06,nan,1.1509553e-09,8.9541289e-11,9.3627628e-11
0.901,1.4499823,7.4965016e-10,0.021413148,1.1921218e-10,7.3524417e-06,nan,7.4965016e-10,5.828737e-11,6.0924806e-11
0.9015,1.4499823,4.2792997e-10,0.021412584,6.7966653e-11,7.3523265e-06,nan,4.2792997e-10,3.3241726e-11,3.4724927e-11
0.902,1.4499823,1.931435e-10,0.021412205,3.0602044e-11,7.3522513e-06,nan,1.931435e-10,1.4976136e-11,1.5625908e-11
0.9025,1.4499823,4.9915713e-11,0.021412012,7.8531834e-12,7.3522163e-06,nan,4.9915713e-11,3.849968e-12,4.0032154e-12
0.903,1.4499823,5.7977564e-14,0.021412005,5.8331933e-15,7.3522213e-06,nan,5.7977564e-14,3.2203922e-15,2.6128011e-15
0.9035,1.4499823,4.2564152e-11,0.021412183,6.8961456e-12,7.352266e-06,nan,4.2564152e-11,3.3562494e-12,3.5398961e-12
0.904,1.4499823,1.7369095e-10,0.021412543,2.7923592e-11,7.3523497e-06,nan,1.7369095e-10,1.3616073e-11,1.4307519e-11
0.9045,1.4499823,3.8711874e-10,0.021413079,6.2076716e-11,7.3524714e-06,nan,3.8711874e-10,3.028894e-11,3.1787777e-11
0.905,1.4499823,6.7418658e-10,0.021413787,1.0797072e-10,7.3526298e-06,nan,6.7418658e-10,5.2698683e-11,5.5272042e-11
0.9055,1.4499823,1.024193e-09,0.02141466,1.6389556e-10,7.3528235e-06,nan,1.024193e-09,8.0010197e-11,8.3885366e-11
0.906,1.4499823,1.4247525e-09,0.02141569,2.2787287e-10,7.3530506e-06,nan,1.4247525e-09,1.1125725e-10,1.1661562e-10
0.9065,1.4499823,1.8621961e-09,0.021416867,2.9771992e-10,7.3533092e-06,nan,1.8621961e-09,1.4537372e-10,1.5234619e-10
0.907,1.4499823,2.3220029e-09,0.021418181,3.7111858e-10,7.353597e-06,nan,2.3220029e-09,1.8122729e-10,1.8989129e-10
0.9075,1.4499823,2.7892496e-09,0.021419622,4.4568702e-10,7.3539116e-06,nan,2.7892496e-09,2.1765442e-10,2.280326e-10
0.908,1.4499823,3.2490642e-09,0.021421176,5.1905211e-10,7.3542503e-06,nan,3.2490642e-09,2.534958e-10,2.6555631e-10
0.9085,1.4499823,3.6870695e-09,0.021422833,5.8892021e-10,7.3546105e-06,nan,3.6870695e-09,2.8763087e-10,3.0128934e-10
0.909,1.4499823,4.0898043e-09,0.021424577,6.5314437e-10,7.3549892e-06,nan,4.0898043e-09,3.1901067e-10,3.341337e-10
0.9095,1.4499823,4.44511e-09,0.021426396,7.0978586e-10,7.3553834e-06,nan,4.44511e-09,3.4668792e-10,3.6309795e-10
0.91,1.4499823,4.7424701e-09,0.021428275,7.571685e-10,7.3557899e-06,nan,4.7424701e-09,3.6984352e-10,3.8732499e-10
0.9105,1.4499823,4.9732961e-09,0.021430199,7.9392403e-10,7.3562057e-06,nan,4.9732961e-09,3.8780878e-10,4.0611525e-10
0.911,1.4499823,5.1311495e-09,0.021432153,8.1902754e-10,7.3566275e-06,nan,5.1311495e-09,4.0008272e-10,4.1894481e-10
0.9115,1.4499823,5.2118959e-09,0.021434123,8.3182199e-10,7.3570521e-06,nan,5.2118959e-09,4.0634404e-10,4.2547796e-10
0.912,1.4499823,5.2137876e-09,0.021436093,8.3203128e-10,7.3574762e-06,nan,5.2137876e-09,4.064575e-10,4.2557378e-10
0.9125,1.4499823,5.1374729e-09,0.021438049,8.1976165e-10,7.3578967e-06,nan,5.1374729e-09,4.0047467e-10,4.1928698e-10
0.913,1.4499823,4.9859339e-09,0.021439976,7.9549172e-10,7.3583105e-06,nan,4.9859339e-09,3.8862905e-10,4.0686267e-10
0.9135,1.4499823,4.7643559e-09,0.02144186,7.6005147e-10,7.3587144e-06,nan,4.7643559e-09,3.7132576e-10,3.887257e-10
0.914,1.4499823,4.4799322e-09,0.021443687,7.1459112e-10,7.3591056e-06,nan,4.4799322e-09,3.4912645e-10,3.6546467e-10
0.9145,1.4499823,4.1416135e-09,0.021445443,6.6054104e-10,7.3594811e-06,nan,4.1416135e-09,3.2272962e-10,3.3781142e-10
0.915,1.4499823,3.7598088e-09,0.021447117,5.9956389e-10,7.3598384e-06,nan,3.7598088e-09,2.9294731e-10,3.0661659e-10
0.9155,1.4499823,3.3460476e-09,0.021448696,5.335008e-10,7.3601749e-06,nan,3.3460476e-09,2.6067878e-10,2.7282202e-10
0.916,1.4499823,2.9126149e-09,0.021450169,4.6431305e-10,7.3604883e-06,nan,2.9126149e-09,2.2688205e-10,2.37431e-10
0.9165,1.4499823,2.4721709e-09,0.021451526,3.9402126e-10,7.3607763e-06,nan,2.4721709e-09,1.9254418e-10,2.0147708e-10
0.917,1.4499823,2.0373647e-09,0.021452758,3.2464392e-10,7.3610371e-06,nan,2.0373647e-09,1.5865125e-10,1.6599266e-10
0.9175,1.4499823,1.6204569e-09,0.021453857,2.58137e-10,7.3612689e-06,nan,1.6204569e-09,1.2615884e-10,1.3197816e-10
0.918,1.4499823,1.232959e-09,0.021454815,1.9633659e-10,7.3614703e-06,nan,1.232959e-09,9.5964022e-11,1.0037257e-10
0.9185,1.4499823,8.8530322e-10,0.021455628,1.4090612e-10,7.36164e-06,nan,8.8530322e-10,6.8879562e-11,7.2026559e-11
0.919,1.4499823,5.8654913e-10,0.021456289,9.3289659e-11,7.3617771e-06,nan,5.8654913e-10,4.5611114e-11,4.7678545e-11
0.9195,1.4499823,3.4413744e-10,0.021456795,5.467265e-11,7.3618807e-06,nan,3.4413744e-10,2.6738019e-11,2.7934631e-11
0.92,1.4499823,1.6369626e-10,0.021457145,2.5951075e-11,7.3619504e-06,nan,1.6369626e-10,1.2698238e-11,1.3252836e-11
0.9205,1.4499823,4.8905113e-11,0.021457336,7.70981e-12,7.361986e-06,nan,4.8905113e-11,3.7777711e-12,3.9320389e-12
0.921,1.4499823,1.4196851e-12,0.021457368,2.1069382e-13,7.3619875e-06,nan,1.4196851e-12,1.0481756e-13,1.0587627e-13
0.9215,1.4499823,2.0858399e-11,0.021457243,3.3904556e-12,7.3619553e-06,nan,2.0858399e-11,1.6487572e-12,1.7416985e-12
0.922,1.4499823,1.048502e-10,0.021456964,1.6868413e-11,7.3618898e-06,nan,1.048502e-10,8.2239011e-12,8.6445123e-12
0.9225,1.4499823,2.4914099e-10,0.021456533,3.9963524e-11,7.3617918e-06,nan,2.4914099e-10,1.9497814e-11,2.0465711e-11
0.923,1.4499823,4.4775447e-10,0.021455955,7.1720116e-11,7.3616625e-06,nan,4.4775447e-10,3.5003874e-11,3.6716242e-11
0.9235,1.4499823,6.932016e-10,0.021455237,1.1094137e-10,7.3615029e-06,nan,6.932016e-10,5.4157627e-11,5.6783743e-11
0.924,1.4499823,9.7673162e-10,0.021454383,1.5622942e-10,7.3613147e-06,nan,9.7673162e-10,7.6276367e-11,7.9953052e-11
0.9245,1.4499823,1.2886163e-09,0.021453403,2.0603075e-10,7.3610995e-06,nan,1.2886163e-09,1.0060131e-10,1.0542944e-10
0.925,1.4499823,1.6184581e-09,0.021452305,2.5868543e-10,7.3608591e-06,nan,1.6184581e-09,1.2632164e-10,1.3236379e-10
0.9255,1.4499823,1.9555137e-09,0.021451098,3.1247867e-10,7.3605956e-06,nan,1.9555137e-09,1.525997e-10,1.5987897e-10
0.926,1.4499823,2.2890205e-09,0.021449792,3.6569305e-10,7.3603111e-06,nan,2.2890205e-09,1.7859651e-10,1.8709655e-10
0.9265,1.4499823,2.6085198e-09,0.021448398,4.1665999e-10,7.3600081e-06,nan,2.6085198e-09,2.0349687e-10,2.1316312e-10
0.927,1.4499823,2.9041635e-09,0.021446927,4.6380868e-10,7.3596889e-06,nan,2.9041635e-09,2.2653334e-10,2.3727534e-10
0.9275,1.4499823,3.1669978e-09,0.021445391,5.0571142e-10,7.3593561e-06,nan,3.1669978e-09,2.4700833e-10,2.5870309e-10
0.928,1.4499823,3.3892153e-09,0.021443802,5.4112366e-10,7.3590123e-06,nan,3.3892153e-09,2.6431369e-10,2.7680997e-10
0.9285,1.4499823,3.5643676e-09,0.021442173,5.6901801e-10,7.3586602e-06,nan,3.5643676e-09,2.7794733e-10,2.9107068e-10
0.929,1.4499823,3.687534e-09,0.021440516,5.8861104e-10,7.3583026e-06,nan,3.687534e-09,2.875263e-10,3.0108474e-10
0.9295,1.4499823,3.7554414e-09,0.021438843,5.9938237e-10,7.3579421e-06,nan,3.7554414e-09,2.9279617e-10,3.065862e-10
0.93,1.4499823,3.7665325e-09,0.021437169,6.0108552e-10,7.3575816e-06,nan,3.7665325e-09,2.9363628e-10,3.0744924e-10
0.9305,1.4499823,3.720982e-09,0.021435504,5.9375036e-10,7.3572236e-06,nan,3.720982e-09,2.9006097e-10,3.0368939e-10
0.931,1.4499823,3.6206599e-09,0.021433862,5.776773e-10,7.356871e-06,nan,3.6206599e-09,2.8221676e-10,2.9546054e-10
0.9315,1.4499823,3.4690458e-09,0.021432255,5.5342346e-10,7.3565262e-06,nan,3.4690458e-09,2.7037559e-10,2.8304787e-10
0.932,1.4499823,3.2710954e-09,0.021430695,5.2178137e-10,7.3561919e-06,nan,3.2710954e-09,2.5492441e-10,2.6685695e-10
0.9325,1.4499823,3.0330664e-09,0.021429192,4.8375112e-10,7.3558704e-06,nan,3.0330664e-09,2.3635161e-10,2.4739951e-10
0.933,1.4499823,2.7623078e-09,0.021427758,4.4050667e-10,7.3555641e-06,nan,2.7623078e-09,2.1523053e-10,2.2527614e-10
0.9335,1.4499823,2.4670205e-09,0.021426403,3.9335768e-10,7.355275e-06,nan,2.4670205e-09,1.9220084e-10,2.0115684e-10
0.934,1.4499823,2.1559967e-09,0.021425136,3.4370784e-10,7.3550054e-06,nan,2.1559967e-09,1.6794819e-10,1.7575965e-10
0.9345,1.4499823,1.8383465e-09,0.021423967,2.9301127e-10,7.3547569e-06,nan,1.8383465e-09,1.431829e-10,1.4982836e-10
0.935,1.4499823,1.5232198e-09,0.021422902,2.4272805e-10,7.3545313e-06,nan,1.5232198e-09,1.1861825e-10,1.241098e-10
0.9355,1.4499823,1.2195314e-09,0.021421949,1.9428051e-10,7.35433e-06,nan,1.2195314e-09,9.49491e-11,9.9331415e-11
0.936,1.4499823,9.3569894e-10,0.021421115,1.4901131e-10,7.3541544e-06,nan,9.3569894e-10,7.2831434e-11,7.6179875e-11
0.9365,1.4499823,6.794e-10,0.021420404,1.0814469e-10,7.3540056e-06,nan,6.794e-10,5.286343e-11,5.5281262e-11
0.937,1.4499823,4.5735538e-10,0.021419821,7.2752013e-11,7.3538844e-06,nan,4.5735538e-10,3.5568599e-11,3.7183414e-11
0.9375,1.4499823,2.7514532e-10,0.021419368,4.37224e-11,7.3537915e-06,nan,2.7514532e-10,2.1381459e-11,2.2340941e-11
0.938,1.4499823,1.3706294e-10,0.021419049,2.1739417e-11,7.3537273e-06,nan,1.3706294e-10,1.0636127e-11,1.1103291e-11
0.9385,1.4499823,4.6008782e-11,0.021418864,7.2642844e-12,7.3536921e-06,nan,4.6008782e-11,3.5581138e-12,3.7061706e-12
0.939,1.4499823,3.4288968e-12,0.021418813,5.2605419e-13,7.3536859e-06,nan,3.4288968e-12,2.5952305e-13,2.6653114e-13
0.9395,1.4499823,9.2975739e-12,0.021418896,1.5189039e-12,7.3537085e-06,nan,9.2975739e-12,7.3771844e-13,7.8118544e-13
0.94,1.4499823,6.2144371e-11,0.021419111,1.0006501e-11,7.3537593e-06,nan,6.2144371e-11,4.8774518e-12,5.1290495e-12
0.9405,1.4499823,1.5912388e-10,0.021419456,2.5533188e-11,7.3538379e-06,nan,1.5912388e-10,1.245632e-11,1.3076868e-11
0.941,1.4499823,2.9612538e-10,0.021419925,4.7441523e-11,7.3539433e-06,nan,2.9612538e-10,2.3153329e-11,2.4288194e-11
0.9415,1.4499823,4.6791836e-10,0.021420515,7.4895545e-11,7.3540745e-06,nan,4.6791836e-10,3.6560255e-11,3.833529e-11
0.942,1.4499823,6.6832893e-10,0.02142122,1.0690897e-10,7.3542304e-06,nan,6.6832893e-10,5.2195409e-11,5.4713556e-11
0.9425,1.4499823,8.9044135e-10,0.021422034,1.4237734e-10,7.3544094e-06,nan,8.9044135e-10,6.9519358e-11,7.2857985e-11
0.943,1.4499823,1.126818e-09,0.02142295,1.8011323e-10,7.3546101e-06,nan,1.126818e-09,8.7952082e-11,9.216115e-11
0.9435,1.4499823,1.3697314e-09,0.021423959,2.1888317e-10,7.3548307e-06,nan,1.3697314e-09,1.0689105e-10,1.1199211e-10
0.944,1.4499823,1.6113999e-09,0.021425054,2.5744538e-10,7.3550695e-06,nan,1.6113999e-09,1.2572965e-10,1.3171573e-10
0.9445,1.4499823,1.8442223e-09,0.021426226,2.9458708e-10,7.3553243e-06,nan,1.8442223e-09,1.4387537e-10,1.5071171e-10
0.945,1.4499823,2.0610008e-09,0.021427465,3.2916021e-10,7.3555933e-06,nan,2.0610008e-09,1.6076732e-10,1.6839289e-10
0.9455,1.4499823,2.25515e-09,0.02142876,3.6011461e-10,7.3558742e-06,nan,2.25515e-09,1.7589238e-10,1.8422223e-10
0.946,1.4499823,2.4208825e-09,0.021430103,3.8652769e-10,7.3561648e-06,nan,2.4208825e-09,1.8879973e-10,1.9772795e-10
0.9465,1.4499823,2.5533676e-09,0.021431481,4.0762972e-10,7.3564629e-06,nan,2.5533676e-09,1.9911322e-10,2.085165e-10
0.947,1.4499823,2.6488588e-09,0.021432886,4.2282413e-10,7.3567661e-06,nan,2.6488588e-09,2.0654126e-10,2.1628288e-10
0.9475,1.4499823,2.7047866e-09,0.021434305,4.3170226e-10,7.3570721e-06,nan,2.7047866e-09,2.1088402e-10,2.2081823e-10
0.948,1.4499823,2.7198138e-09,0.021435728,4.3405218e-10,7.3573785e-06,nan,2.7198138e-09,2.1203783e-10,2.2201435e-10
0.9485,1.4499823,2.693854e-09,0.021437144,4.2986156e-10,7.3576832e-06,nan,2.693854e-09,2.0999646e-10,2.198651e-10
0.949,1.4499823,2.6280514e-09,0.021438543,4.1931444e-10,7.3579837e-06,nan,2.6280514e-09,2.0484966e-10,2.1446478e-10
0.9495,1.4499823,2.5247249e-09,0.021439914,4.027822e-10,7.3582779e-06,nan,2.5247249e-09,1.9677868e-10,2.0600352e-10
0.95,1.4499823,2.3872774e-09,0.021441247,3.8080913e-10,7.3585635e-06,nan,2.3872774e-09,1.8604926e-10,1.9475986e-10
0.9505,1.4499823,2.2200747e-09,0.021442533,3.5409301e-10,7.3588386e-06,nan,2.2200747e-09,1.7300216e-10,1.8109085e-10
0.951,1.4499823,2.0282978e-09,0.021443762,3.2346156e-10,7.3591012e-06,nan,2.0282978e-09,1.5804161e-10,1.6541995e-10
0.9515,1.4499823,1.8177731e-09,0.021444926,2.8984529e-10,7.3593494e-06,nan,1.8177731e-09,1.4162209e-10,1.482232e-10
0.952,1.4499823,1.5947871e-09,0.021446016,2.5424785e-10,7.3595814e-06,nan,1.5947871e-09,1.2423384e-10,1.3001401e-10
0.9525,1.4499823,1.3658893e-09,0.021447025,2.1771471e-10,7.3597957e-06,nan,1.3658893e-09,1.0638755e-10,1.1132716e-10
0.953,1.4499823,1.1376924e-09,0.021447945,1.8130114e-10,7.3599907e-06,nan,1.1376924e-09,8.8598739e-11,9.2702404e-11
0.9535,1.4499823,9.1667272e-10,0.021448772,1.4604045e-10,7.3601653e-06,nan,9.1667272e-10,7.1372213e-11,7.4668237e-11
0.954,1.4499823,7.0897943e-10,0.021449499,1.1291348e-10,7.3603183e-06,nan,7.0897943e-10,5.5187179e-11,5.7726297e-11
0.9545,1.4499823,5.2025604e-10,0.021450121,8.2820195e-11,7.3604486e-06,nan,5.2025604e-10,4.0483363e-11,4.2336832e-11
0.955,1.4499823,3.5548082e-10,0.021450636,5.6554227e-11,7.3605557e-06,nan,3.5548082e-10,2.7648559e-11,2.8905668e-11
0.9555,1.4499823,2.1882972e-10,0.02145104,3.4781006e-11,7.3606387e-06,nan,2.1882972e-10,1.7007957e-11,1.7773049e-11
0.956,1.4499823,1.135658e-10,0.021451331,1.8020163e-11,7.3606974e-06,nan,1.135658e-10,8.8155369e-12,9.2046258e-12
0.9565,1.4499823,4.1957887e-11,0.021451507,6.63258e-12,7.3607315e-06,nan,4.1957887e-11,3.2477373e-12,3.3848427e-12
0.957,1.4499823,5.2304919e-12,0.02145157,8.1243743e-13,7.360741e-06,nan,5.2304919e-12,3.995669e-13,4.1287053e-13
0.9575,1.4499823,3.5458131e-12,0.021451518,5.8437558e-13,7.360726e-06,nan,3.5458131e-12,2.832134e-13,3.0116218e-13
0.958,1.4499823,3.6017844e-11,0.021451355,5.8057864e-12,7.3606868e-06,nan,3.6017844e-11,2.8291586e-12,2.9766278e-12
0.9585,1.4499823,1.0075759e-10,0.021451081,1.6174063e-11,7.3606241e-06,nan,1.0075759e-10,7.8897152e-12,8.284348e-12
0.959,1.4499823,1.9494744e-10,0.021450699,3.1238507e-11,7.3605384e-06,nan,1.9494744e-10,1.524484e-11,1.5993668e-11
0.9595,1.4499823,3.1494208e-10,0.021450215,5.0416452e-11,7.3604306e-06,nan,3.1494208e-10,2.4610005e-11,2.5806447e-11
0.96,1.4499823,4.563922e-10,0.021449632,7.3013043e-11,7.3603017e-06,nan,4.563922e-10,3.5645862e-11,3.7367181e-11
0.9605,1.4499823,6.1438722e-10,0.021448955,9.8244024e-11,7.3601528e-06,nan,6.1438722e-10,4.7969364e-11,5.0274659e-11
0.961,1.4499823,7.8361211e-10,0.021448191,1.2526078e-10,7.3599854e-06,nan,7.8361211e-10,6.1166008e-11,6.4094777e-11
0.9615,1.4499823,9.5851361e-10,0.021447346,1.5317689e-10,7.3598007e-06,nan,9.5851361e-10,7.4802787e-11,7.8374106e-11
0.962,1.4499823,1.1334705e-09,0.021446427,1.8109528e-10,7.3596004e-06,nan,1.1334705e-09,8.8441474e-11,9.2653804e-11
0.9625,1.4499823,1.3029631e-09,0.021445442,2.0813525e-10,7.3593861e-06,nan,1.3029631e-09,1.0165182e-10,1.0648343e-10
0.963,1.4499823,1.4617361e-09,0.021444399,2.3345853e-10,7.3591595e-06,nan,1.4617361e-09,1.1402427e-10,1.1943425e-10
0.9635,1.4499823,1.6049517e-09,0.021443305,2.5629358e-10,7.3589225e-06,nan,1.6049517e-09,1.2518186e-10,1.3111172e-10
0.964,1.4499823,1.7283259e-09,0.021442171,2.7595749e-10,7.3586769e-06,nan,1.7283259e-09,1.347909e-10,1.4116659e-10
0.9645,1.4499823,1.8282476e-09,0.021441004,2.9187478e-10,7.3584246e-06,nan,1.8282476e-09,1.4257014e-10,1.4930464e-10
0.965,1.4499823,1.9018741e-09,0.021439814,3.0359272e-10,7.3581677e-06,nan,1.9018741e-09,1.4829833e-10,1.5529439e-10
0.9655,1.4499823,1.9472023e-09,0.021438609,3.1079266e-10,7.357908e-06,nan,1.9472023e-09,1.5181967e-10,1.5897299e-10
0.966,1.4499823,1.9631138e-09,0.0214374,3.1329718e-10,7.3576476e-06,nan,1.9631138e-09,1.5304736e-10,1.6024982e-10
0.9665,1.4499823,1.9493924e-09,0.021436196,3.1107283e-10,7.3573884e-06,nan,1.9493924e-09,1.5196494e-10,1.5910789e-10
0.967,1.4499823,1.9067147e-09,0.021435004,3.0422859e-10,7.3571323e-06,nan,1.9067147e-09,1.4862551e-10,1.5560307e-10
0.9675,1.4499823,1.8366132e-09,0.021433835,2.9301005e-10,7.3568814e-06,nan,1.8366132e-09,1.4314894e-10,1.498611e-10
0.968,1.4499823,1.741416e-09,0.021432696,2.7778961e-10,7.3566373e-06,nan,1.741416e-09,1.3571704e-10,1.4207257e-10
0.9685,1.4499823,1.6241623e-09,0.021431596,2.5905309e-10,7.356402e-06,nan,1.6241623e-09,1.2656702e-10,1.3248606e-10
0.969,1.4499823,1.488499e-09,0.021430544,2.3738316e-10,7.356177e-06,nan,1.488499e-09,1.1598347e-10,1.2139969e-10
0.9695,1.4499823,1.3385608e-09,0.021429546,2.1344016e-10,7.355964e-06,nan,1.3385608e-09,1.0428889e-10,1.0915127e-10
0.97,1.4499823,1.1788377e-09,0.021428609,1.87941e-10,7.3557644e-06,nan,1.1788377e-09,9.1833456e-11,9.6107543e-11
0.9705,1.4499823,1.0140343e-09,0.02142774,1.6163666e-10,7.3555797e-06,nan,1.0140343e-09,7.8984012e-11,8.2652646e-11
0.971,1.4499823,8.4892538e-10,0.021426945,1.3528914e-10,7.3554111e-06,nan,8.4892538e-10,6.6112798e-11,6.9176342e-11
0.9715,1.4499823,6.882116e-10,0.021426229,1.0964847e-10,7.3552598e-06,nan,6.882116e-10,5.3586227e-11,5.6062241e-11
0.972,1.4499823,5.3638041e-10,0.021425598,8.5430469e-11,7.3551267e-06,nan,5.3638041e-10,4.1754023e-11,4.3676446e-11
0.9725,1.4499823,3.9757555e-10,0.021425054,6.329597e-11,7.3550126e-06,nan,3.9757555e-10,3.0939062e-11,3.2356908e-11
0.973,1.4499823,2.7547918e-10,0.021424601,4.3832011e-11,7.3549182e-06,nan,2.7547918e-10,2.142819e-11,2.2403821e-11
0.9735,1.4499823,1.7321009e-10,0.021424242,2.7535604e-11,7.3548442e-06,nan,1.7321009e-10,1.3464287e-11,1.4071317e-11
0.974,1.4499823,9.3240356e-11,0.021423978,1.4800475e-11,7.3547908e-06,nan,9.3240356e-11,7.2397873e-12,7.5606878e-12
0.9745,1.4499823,3.733302e-11,0.021423812,5.9071296e-12,7.3547582e-06,nan,3.733302e-11,2.8918236e-12,3.0153061e-12
0.975,1.4499823,6.5019779e-12,0.021423742,1.0164825e-12,7.3547466e-06,nan,6.5019779e-12,4.9911211e-13,5.173704e-13
0.9755,1.4499823,9.950301e-13,0.021423769,1.6718113e-13,7.3547558e-06,nan,9.950301e-13,8.0641321e-14,8.6539811e-14
0.976,1.4499823,2.0300147e-11,0.021423892,3.276631e-12,7.3547856e-06,nan,2.0300147e-11,1.5961698e-12,1.6804612e-12
0.9765,1.4499823,6.3174343e-11,0.021424109,1.014563e-11,7.3548355e-06,nan,6.3174343e-11,4.9484873e-12,5.1971431e-12
0.977,1.4499823,1.276939e-10,0.021424417,2.0466409e-11,7.3549051e-06,nan,1.276939e-10,9.9873386e-12,1.0479071e-11
0.9775,1.4499823,2.1132406e-10,0.021424814,3.3833773e-11,7.3549935e-06,nan,2.1132406e-10,1.6514865e-11,1.7318909e-11
0.978,1.4499823,3.1100573e-10,0.021425295,4.9758959e-11,7.3551e-06,nan,3.1100573e-10,2.429237e-11,2.5466589e-11
0.9785,1.4499823,4.2325635e-10,0.021425856,6.7685747e-11,7.3552236e-06,nan,4.2325635e-10,3.3048189e-11,3.4637557e-11
0.979,1.4499823,5.4428157e-10,0.021426493,8.7008296e-11,7.3553633e-06,nan,5.4428157e-10,4.2486402e-11,4.4521893e-11
0.9795,1.4499823,6.7009435e-10,0.021427199,1.0709015e-10,7.3555177e-06,nan,6.7009435e-10,5.2296117e-11,5.4794036e-11
0.98,1.4499823,7.9663757e-10,0.021427969,1.2728383e-10,7.3556857e-06,nan,7.9663757e-10,6.2161033e-11,6.5122797e-11
0.9805,1.4499823,9.1990668e-10,0.021428796,1.4695037e-10,7.3558659e-06,nan,9.1990668e-10,7.1768997e-11,7.518137e-11
0.981,1.4499823,1.0360685e-09,0.021429675,1.6547828e-10,7.3560567e-06,nan,1.0360685e-09,8.0821266e-11,8.4657018e-11
0.9815,1.4499823,1.1415726e-09,0.021430596,1.8230138e-10,7.3562566e-06,nan,1.1415726e-09,8.9041201e-11,9.3260181e-11
0.982,1.4499823,1.233253e-09,0.021431555,1.9691486e-10,7.3564642e-06,nan,1.233253e-09,9.6182141e-11,1.0073272e-10
0.9825,1.4499823,1.3084151e-09,0.021432542,2.0888932e-10,7.3566776e-06,nan,1.3084151e-09,1.0203425e-10,1.0685507e-10
0.983,1.4499823,1.3649085e-09,0.02143355,2.1788224e-10,7.3568954e-06,nan,1.3649085e-09,1.0643013e-10,1.1145211e-10
0.9835,1.4499823,1.4011816e-09,0.021434571,2.2364671e-10,7.3571157e-06,nan,1.4011816e-09,1.0924906e-10,1.1439765e-10
0.984,1.4499823,1.4163167e-09,0.021435598,2.2603706e-10,7.3573369e-06,nan,1.4163167e-09,1.104198e-10,1.1561726e-10
0.9845,1.4499823,1.4100467e-09,0.021436623,2.250114e-10,7.3575574e-06,nan,1.4100467e-09,1.0992179e-10,1.1508961e-10
0.985,1.4499823,1.3827511e-09,0.021437637,2.2063106e-10,7.3577755e-06,nan,1.3827511e-09,1.077849e-10,1.1284616e-10
0.9855,1.4499823,1.3354333e-09,0.021438635,2.1305688e-10,7.3579895e-06,nan,1.3354333e-09,1.0408762e-10,1.0896926e-10
0.986,1.4499823,1.2696793e-09,0.021439607,2.0254262e-10,7.358198e-06,nan,1.2696793e-09,9.8953824e-11,1.035888e-10
0.9865,1.4499823,1.1875997e-09,0.021440547,1.8942571e-10,7.3583993e-06,nan,1.1875997e-09,9.2548284e-11,9.6877427e-11
0.987,1.4499823,1.0917576e-09,0.021441449,1.7411565e-10,7.358592e-06,nan,1.0917576e-09,8.5070986e-11,8.9044668e-11
0.9875,1.4499823,9.8508337e-10,0.021442306,1.570805e-10,7.3587748e-06,nan,9.8508337e-10,7.6750529e-11,8.032997e-11
0.988,1.4499823,8.7078063e-10,0.021443111,1.3883179e-10,7.3589464e-06,nan,8.7078063e-10,6.7836772e-11,7.0995015e-11
0.9885,1.4499823,7.5222563e-10,0.02144386,1.1990847e-10,7.3591055e-06,nan,7.5222563e-10,5.859298e-11,6.1315492e-11
0.989,1.4499823,6.3286299e-10,0.021444546,1.0086031e-10,7.3592511e-06,nan,6.3286299e-10,4.9287709e-11,5.1572598e-11
0.9895,1.4499823,5.1610155e-10,0.021445166,8.2231209e-11,7.3593822e-06,nan,5.1610155e-10,4.0186676e-11,4.2044533e-11
0.99,1.4499823,4.0521298e-10,0.021445716,6.454309e-11,7.359498e-06,nan,4.0521298e-10,3.1544867e-11,3.2998223e-11
0.9905,1.4499823,3.032364e-10,0.021446191,4.828064e-11,7.3595978e-06,nan,3.032364e-10,2.3599094e-11,2.4681545e-11
0.991,1.4499823,2.1289158e-10,0.021446589,3.3877492e-11,7.3596808e-06,nan,2.1289158e-10,1.6561242e-11,1.7316251e-11
0.9915,1.4499823,1.3650335e-10,0.021446908,2.1704164e-11,7.3597467e-06,nan,1.3650335e-10,1.0612369e-11,1.1091794e-11
0.992,1.4499823,7.5939051e-11,0.021447146,1.2058099e-11,7.3597951e-06,nan,7.5939051e-11,5.8978499e-12,6.1602487e-12
0.9925,1.4499823,3.2560874e-11,0.021447302,5.1560766e-12,7.3598257e-06,nan,3.2560874e-11,2.5236558e-12,2.6324208e-12
0.993,1.4499823,7.1941295e-12,0.021447375,1.1291677e-12,7.3598386e-06,nan,7.1941295e-12,5.538933e-13,5.7527443e-13
0.9935,1.4499823,1.1214467e-13,0.021447366,2.0342574e-14,7.3598338e-06,nan,1.1214467e-13,9.6326316e-15,1.0709943e-14
0.994,1.4499823,1.1037939e-11,0.021447275,1.7847592e-12,7.3598115e-06,nan,1.1037939e-11,8.6904555e-13,9.1571368e-13
0.9945,1.4499823,3.916233e-11,0.021447104,6.2926719e-12,7.359772e-06,nan,3.916233e-11,3.0688241e-12,3.2238478e-12
0.995,1.4499823,8.317764e-11,0.021446855,1.3334827e-11,7.3597157e-06,nan,8.317764e-11,6.5068144e-12,6.8280125e-12
0.9955,1.4499823,1.413257e-10,0.021446531,2.263014e-11,7.3596433e-06,nan,1.413257e-10,1.1045765e-11,1.1584375e-11
0.996,1.4499823,2.1145846e-10,0.021446134,3.3835386e-11,7.3595553e-06,nan,2.1145846e-10,1.651806e-11,1.7317327e-11
0.9965,1.4499823,2.9110924e-10,0.021445668,4.6556573e-11,7.3594527e-06,nan,2.9110924e-10,2.273127e-11,2.3825303e-11
0.997,1.4499823,3.7757213e-10,0.021445138,6.036163e-11,7.3593364e-06,nan,3.7757213e-10,2.9474355e-11,3.0887275e-11
0.9975,1.4499823,4.6798722e-10,0.021444547,7.4794013e-11,7.3592072e-06,nan,4.6798722e-10,3.6524305e-11,3.8269707e-11
0.998,1.4499823,5.5942887e-10,0.021443902,8.9386789e-11,7.3590664e-06,nan,5.5942887e-10,4.3653026e-11,4.5733763e-11
0.9985,1.4499823,6.4899438e-10,0.021443207,1.0367679e-10,7.358915e-06,nan,6.4899438e-10,5.0634246e-11,5.3042545e-11
0.999,1.4499823,7.3389039e-10,0.021442467,1.172184e-10,7.3587544e-06,nan,7.3389039e-10,5.7250258e-11,5.9968143e-11
0.9995,1.4499823,8.1151446e-10,0.02144169,1.2959656e-10,7.3585858e-06,nan,8.1151446e-10,6.329827e-11,6.629829e-11
1,1.4499823,8.7952945e-10,0.02144088,1.4043864e-10,7.3584105e-06,nan,8.7952945e-10,6.8596206e-11,7.1842429e-11
1.0005,1.4499823,9.3592874e-10,0.021440046,1.4942481e-10,7.3582299e-06,nan,9.3592874e-10,7.2987782e-11,7.6437026e-11
1.001,1.4499823,9.7909027e-10,0.021439192,1.5629669e-10,7.3580454e-06,nan,9.7909027e-10,7.6346715e-11,7.9949975e-11
1.0015,1.4499823,1.0078182e-09,0.021438325,1.6086395e-10,7.3578585e-06,nan,1.0078182e-09,7.8579966e-11,8.2283986e-11
1.002,1.4499823,1.021371e-09,0.021437453,1.630088e-10,7.3576706e-06,nan,1.021371e-09,7.9629926e-11,8.3378875e-11
1.0025,1.4499823,1.0194756e-09,0.021436582,1.626882e-10,7.3574831e-06,nan,1.0194756e-09,7.9475507e-11,8.3212698e-11
1.003,1.4499823,1.002327e-09,0.021435718,1.5993384e-10,7.3572974e-06,nan,1.002327e-09,7.8132114e-11,8.1801721e-11
1.0035,1.4499823,9.7057425e-10,0.021434868,1.5484979e-10,7.3571149e-06,nan,9.7057425e-10,7.5650539e-11,7.9199254e-11
1.004,1.4499823,9.2529286e-10,0.021434038,1.4760819e-10,7.3569369e-06,nan,9.2529286e-10,7.2114803e-11,7.549339e-11
1.0045,1.4499823,8.6794491e-10,0.021433234,1.384428e-10,7.3567648e-06,nan,8.6794491e-10,6.7639047e-11,7.0803748e-11
1.005,1.4499823,8.0032844e-10,0.021432462,1.2764092e-10,7.3565997e-06,nan,8.0032844e-10,6.2363584e-11,6.5277334e-11
1.0055,1.4499823,7.2451772e-10,0.021431728,1.1553388e-10,7.3564429e-06,nan,7.2451772e-10,5.6450231e-11,5.9083649e-11
1.006,1.4499823,6.427962e-10,0.021431036,1.024863e-10,7.3562954e-06,nan,6.427962e-10,5.0077082e-11,5.240922e-11
1.0065,1.4499823,5.5758446e-10,0.021430392,8.888461e-11,7.3561584e-06,nan,5.5758446e-10,4.3432895e-11,4.5451715e-11
1.007,1.4499823,4.7136539e-10,0.021429799,7.5125077e-11,7.3560327e-06,nan,4.7136539e-10,3.6711247e-11,3.841383e-11
1.0075,1.4499823,3.8660878e-10,0.021429263,6.1601801e-11,7.3559191e-06,nan,3.8660878e-10,3.0104666e-11,3.1497135e-11
1.008,1.4499823,3.0569768e-10,0.021428786,4.8694951e-11,7.3558185e-06,nan,3.0569768e-10,2.3798883e-11,2.4896067e-11
1.0085,1.4499823,2.3085864e-10,0.021428371,3.6759644e-11,7.3557314e-06,nan,2.3085864e-10,1.7967403e-11,1.8792241e-11
1.009,1.4499823,1.6409795e-10,0.021428022,2.6115773e-11,7.3556584e-06,nan,1.6409795e-10,1.276653e-11,1.3349244e-11
1.0095,1.4499823,1.0714551e-10,0.02142774,1.7039062e-11,7.3555999e-06,nan,1.0714551e-10,8.3309995e-12,8.7080624e-12
1.01,1.4499823,6.1408046e-11,0.021427526,9.7536089e-12,7.3555562e-06,nan,6.1408046e-11,4.7703344e-12,4.9832745e-12
1.0105,1.4499823,2.7932804e-11,0.021427382,4.4261059e-12,7.3555276e-06,nan,2.7932804e-11,2.1660175e-12,2.2600884e-12
1.011,1.4499823,7.3826267e-12,0.021427307,1.1618764e-12,7.3555141e-06,nan,7.3826267e-12,5.6955582e-13,5.9232055e-13
1.0115,1.4499823,2.3000048e-14,0.021427303,2.820319e-15,7.3555156e-06,nan,2.3000048e-14,1.47463e-15,1.3456889e-15
1.012,1.4499823,5.7212014e-12,0.021427369,9.2729338e-13,7.3555321e-06,nan,5.7212014e-12,4.5125665e-13,4.7603673e-13
1.0125,1.4499823,2.3957377e-11,0.021427502,3.8518882e-12,7.3555632e-06,nan,2.3957377e-11,1.8782106e-12,1.9736776e-12
1.013,1.4499823,5.3847002e-11,0.021427702,8.6350318e-12,7.3556086e-06,nan,5.3847002e-11,4.2132269e-12,4.4218049e-12
1.0135,1.4499823,9.4173841e-11,0.021427967,1.5082258e-11,7.3556678e-06,nan,9.4173841e-11,7.361352e-12,7.7209056e-12
1.014,1.4499823,1.4343225e-10,0.021428294,2.2952966e-11,7.3557403e-06,nan,1.4343225e-10,1.1205089e-11,1.1747877e-11
1.0145,1.4499823,1.9987736e-10,0.021428679,3.1968444e-11,7.3558254e-06,nan,1.9987736e-10,1.5608316e-11,1.6360128e-11
1.015,1.4499823,2.6158156e-10,0.021429121,4.1820881e-11,7.3559223e-06,nan,2.6158156e-10,2.0420686e-11,2.1400195e-11
1.0155,1.4499823,3.2649537e-10,0.021429614,5.2183092e-11,7.3560302e-06,nan,3.2649537e-10,2.548238e-11,2.6700711e-11
1.016,1.4499823,3.9251094e-10,0.021430154,6.2718652e-11,7.3561482e-06,nan,3.9251094e-10,3.0629058e-11,3.2089594e-11
1.0165,1.4499823,4.5752612e-10,0.021430738,7.3092119e-11,7.3562754e-06,nan,4.5752612e-10,3.5696848e-11,3.7395271e-11
1.017,1.4499823,5.1950721e-10,0.02143136,8.2979049e-11,7.3564106e-06,nan,5.1950721e-10,4.0527243e-11,4.2451806e-11
1.0175,1.4499823,5.7654857e-10,0.021432015,9.2075504e-11,7.3565527e-06,nan,5.7654857e-10,4.4971746e-11,4.7103759e-11
1.018,1.4499823,6.2692733e-10,0.021432698,1.0010677e-10,7.3567008e-06,nan,6.2692733e-10,4.8896127e-11,5.1210644e-11
1.0185,1.4499823,6.6915162e-10,0.021433404,1.0683506e-10,7.3568535e-06,nan,6.6915162e-10,5.2184188e-11,5.4650869e-11
1.019,1.4499823,7.0200106e-10,0.021434127,1.1206594e-10,7.3570097e-06,nan,7.0200106e-10,5.4740912e-11,5.7325029e-11
1.0195,1.4499823,7.2455842e-10,0.021434861,1.1565341e-10,7.3571682e-06,nan,7.2455842e-10,5.6494925e-11,5.9158485e-11
1.02,1.4499823,7.3623161e-10,0.021435602,1.1750336e-10,7.3573278e-06,nan,7.3623161e-10,5.7400211e-11,6.010315e-11
1.0205,1.4499823,7.3676556e-10,0.021436342,1.1757549e-10,7.3574873e-06,nan,7.3676556e-10,5.7437032e-11,6.0138456e-11
1.021,1.4499823,7.2624385e-10,0.021437078,1.1588352e-10,7.3576454e-06,nan,7.2624385e-10,5.6612046e-11,5.9271474e-11
1.0215,1.4499823,7.050801e-10,0.021437802,1.1249385e-10,7.357801e-06,nan,7.050801e-10,5.4957642e-11,5.753621e-11
1.022,1.4499823,6.7399977e-10,0.021438511,1.0752261e-10,7.3579529e-06,nan,6.7399977e-10,5.2530503e-11,5.4992103e-11
1.0225,1.4499823,6.3401279e-10,0.021439198,1.0113128e-10,7.3581e-06,nan,6.3401279e-10,4.9409482e-11,5.1721793e-11
1.023,1.4499823,5.8637831e-10,0.021439859,9.352108e-11,7.3582414e-06,nan,5.8637831e-10,4.5692844e-11,4.7828236e-11
1.0235,1.4499823,5.3256259e-10,0.021440488,8.4926236e-11,7.3583758e-06,nan,5.3256259e-10,4.1494978e-11,4.3431258e-11
1.024,1.4499823,4.7419141e-10,0.021441083,7.560636e-11,7.3585025e-06,nan,4.7419141e-10,3.694269e-11,3.866367e-11
1.0245,1.4499823,4.1299857e-10,0.021441637,6.583825e-11,7.3586205e-06,nan,4.1299857e-10,3.2171185e-11,3.3667066e-11
1.025,1.4499823,3.5077214e-10,0.021442149,5.5907296e-11,7.358729e-06,nan,3.5077214e-10,2.7319874e-11,2.8587423e-11
1.0255,1.4499823,2.8929996e-10,0.021442613,4.6098792e-11,7.3588273e-06,nan,2.8929996e-10,2.2528129e-11,2.3570664e-11
1.026,1.4499823,2.3031621e-10,0.021443027,3.6689401e-11,7.3589147e-06,nan,2.3031621e-10,1.7931112e-11,1.8758289e-11
1.0265,1.4499823,1.7545043e-10,0.021443388,2.7939035e-11,7.3589907e-06,nan,1.7545043e-10,1.3655811e-11,1.4283223e-11
1.027,1.4499823,1.2618069e-10,0.021443695,2.0083376e-11,7.3590548e-06,nan,1.2618069e-10,9.8173834e-12,1.0265993e-11
1.0275,1.4499823,8.3792078e-11,0.021443945,1.3327266e-11,7.3591066e-06,nan,8.3792078e-11,6.5159239e-12,6.8113421e-12
1.028,1.4499823,4.9341689e-11,0.021444136,7.8391213e-12,7.3591458e-06,nan,4.9341689e-11,3.8337405e-12,4.0053808e-12
1.0285,1.4499823,2.3631084e-11,0.021444269,3.7465521e-12,7.3591723e-06,nan,2.3631084e-11,1.8332093e-12,1.9133428e-12
1.029,1.4499823,7.1868769e-12,0.021444342,1.1332704e-12,7.359186e-06,nan,7.1868769e-12,5.5526416e-13,5.7800626e-13
1.0295,1.4499823,2.498877e-13,0.021444356,3.7370882e-14,7.3591869e-06,nan,2.498877e-13,1.8555502e-14,1.881538e-14
1.03,1.4499823,2.7730428e-12,0.021444311,4.5100528e-13,7.3591751e-06,nan,2.7730428e-12,2.1929014e-13,2.3171514e-13
1.0305,1.4499823,1.4427921e-11,0.021444207,2.3214375e-12,7.3591508e-06,nan,1.4427921e-11,1.1317453e-12,1.1896922e-12
1.031,1.4499823,3.4619597e-11,0.021444046,5.5534218e-12,7.3591142e-06,nan,3.4619597e-11,2.7094293e-12,2.8439925e-12
1.0315,1.4499823,6.2509193e-11,0.021443831,1.001281e-11,7.3590659e-06,nan,6.2509193e-11,4.886843e-12,5.1259675e-12
1.032,1.4499823,9.7043324e-11,0.021443562,1.553126e-11,7.3590062e-06,nan,9.7043324e-11,7.5817777e-12,7.9494825e-12
1.0325,1.4499823,1.3698943e-10,0.021443242,2.1911877e-11,7.3589357e-06,nan,1.3698943e-10,1.0698072e-11,1.1213805e-11
1.033,1.4499823,1.8097583e-10,0.021442875,2.8935616e-11,7.358855e-06,nan,1.8097583e-10,1.4128739e-11,1.4806877e-11
1.0335,1.4499823,2.2753524e-10,0.021442463,3.6368225e-11,7.3587649e-06,nan,2.2753524e-10,1.7759354e-11,1.8608871e-11
1.034,1.4499823,2.7515036e-10,0.021442011,4.3967525e-11,7.358666e-06,nan,2.7515036e-10,2.1471616e-11,2.2495909e-11
1.0345,1.4499823,3.2230013e-10,0.021441521,5.149079e-11,7.3585593e-06,nan,3.2230013e-10,2.5146949e-11,2.6343841e-11
1.035,1.4499823,3.6750532e-10,0.021440998,5.8702021e-11,7.3584455e-06,nan,3.6750532e-10,2.8670057e-11,3.0031964e-11
1.0355,1.4499823,4.0937194e-10,0.021440445,6.5378879e-11,7.3583257e-06,nan,4.0937194e-10,3.193231e-11,3.3446569e-11
1.036,1.4499823,4.4663153e-10,0.021439869,7.1319092e-11,7.3582007e-06,nan,4.4663153e-10,3.4834878e-11,3.6484214e-11
1.0365,1.4499823,4.7817671e-10,0.021439272,7.6346145e-11,7.3580716e-06,nan,4.7817671e-10,3.7291505e-11,3.9054639e-11
1.037,1.4499823,5.0309152e-10,0.02143866,8.0314096e-11,7.3579393e-06,nan,5.0309152e-10,3.9230871e-11,4.1083225e-11
1.0375,1.4499823,5.2067536e-10,0.021438037,8.3111399e-11,7.3578049e-06,nan,5.2067536e-10,4.0598452e-11,4.2512947e-11
1.038,1.4499823,5.3046004e-10,0.021437409,8.4663618e-11,7.3576694e-06,nan,5.3046004e-10,4.1357851e-11,4.3305767e-11
1.0385,1.4499823,5.3221972e-10,0.021436779,8.4934993e-11,7.3575339e-06,nan,5.3221972e-10,4.1491565e-11,4.3443428e-11
1.039,1.4499823,5.2597322e-10,0.021436153,8.3928818e-11,7.3573993e-06,nan,5.2597322e-10,4.1001168e-11,4.292765e-11
1.0395,1.4499823,5.1197916e-10,0.021435536,8.1686641e-11,7.3572667e-06,nan,5.1197916e-10,3.9906923e-11,4.1779717e-11
1.04,1.4499823,4.9072391e-10,0.021434931,7.8286337e-11,7.357137e-06,nan,4.9072391e-10,3.8246842e-11,4.0039495e-11
1.0405,1.4499823,4.6290294e-10,0.021434344,7.3839132e-11,7.3570113e-06,nan,4.6290294e-10,3.6075231e-11,3.7763901e-11
1.041,1.4499823,4.2939631e-10,0.021433779,6.8485675e-11,7.3568903e-06,nan,4.2939631e-10,3.3460774e-11,3.5024901e-11
1.0415,1.4499823,3.9123902e-10,0.021433239,6.2391305e-11,7.356775e-06,nan,3.9123902e-10,3.048422e-11,3.1907085e-11
1.042,1.4499823,3.495873e-10,0.021432729,5.5740669e-11,7.3566662e-06,nan,3.495873e-10,2.7235754e-11,2.8504914e-11
1.0425,1.4499823,3.0568183e-10,0.021432252,4.8731845e-11,7.3565646e-06,nan,3.0568183e-10,2.3812132e-11,2.4919713e-11
1.043,1.4499823,2.6080914e-10,0.021431811,4.1570182e-11,7.356471e-06,nan,2.6080914e-10,2.0313662e-11,2.125652e-11
1.0435,1.4499823,2.1626231e-10,0.02143141,3.4462028e-11,7.356386e-06,nan,2.1626231e-10,1.6841149e-11,1.7620879e-11
1.044,1.4499823,1.7330212e-10,0.021431051,2.7608534e-11,7.3563102e-06,nan,1.7330212e-10,1.3492864e-11,1.411567e-11
1.0445,1.4499823,1.3311998e-10,0.021430736,2.1199737e-11,7.3562439e-06,nan,1.3311998e-10,1.0361654e-11,1.0838084e-11
1.045,1.4499823,9.6803496e-11,0.021430468,1.5409068e-11,7.3561877e-06,nan,9.6803496e-11,7.5322564e-12,7.8768116e-12
1.0455,1.4499823,6.5305794e-11,0.021430247,1.0388463e-11,7.3561419e-06,nan,6.5305794e-11,5.0789151e-12,5.3095475e-12
1.046,1.4499823,3.941941e-11,0.021430076,6.2642014e-12,7.3561068e-06,nan,3.941941e-11,3.0633432e-12,3.2008582e-12
1.0465,1.4499823,1.9755451e-11,0.021429955,3.133589e-12,7.3560824e-06,nan,1.9755451e-11,1.5331014e-12,1.6004876e-12
1.047,1.4499823,6.7285582e-12,0.021429884,1.0625615e-12,7.3560689e-06,nan,6.7285582e-12,5.2042864e-13,5.4213289e-13
1.0475,1.4499823,5.4800887e-13,0.021429864,8.4274116e-14,7.3560663e-06,nan,5.4800887e-13,4.1550958e-14,4.2723159e-14
1.048,1.4499823,1.2151225e-12,0.021429894,1.9869426e-13,7.3560745e-06,nan,1.2151225e-12,9.6481936e-14,1.0221233e-13
1.0485,1.4499823,8.5269335e-12,0.021429973,1.3731953e-12,7.3560934e-06,nan,8.5269335e-12,6.6931175e-13,7.0388353e-13
1.049,1.4499823,2.2085908e-11,0.021430102,3.5441139e-12,7.3561227e-06,nan,2.2085908e-11,1.7289672e-12,1.8151467e-12
1.0495,1.4499823,4.1315307e-11,0.021430277,6.6192083e-12,7.356162e-06,nan,4.1315307e-11,3.2304117e-12,3.3887966e-12
1.05,1.4499823,6.5479634e-11,0.021430498,1.0480927e-11,7.3562111e-06,nan,6.5479634e-11,5.1162418e-12,5.3646855e-12
1.0505,1.4499823,9.3709464e-11,0.021430762,1.4990377e-11,7.3562695e-06,nan,9.3709464e-11,7.3186242e-12,7.6717531e-12
1.051,1.4499823,1.2502984e-10,0.021431067,1.9991858e-11,7.3563366e-06,nan,1.2502984e-10,9.7615111e-12,1.0230347e-11
1.0515,1.4499823,1.5839132e-10,0.02143141,2.5317817e-11,7.3564118e-06,nan,1.5839132e-10,1.2363061e-11,1.2954756e-11
1.052,1.4499823,1.9270267e-10,0.021431789,3.0794076e-11,7.3564946e-06,nan,1.9270267e-10,1.503819e-11,1.5755887e-11
1.0525,1.4499823,2.2686428e-10,0.0214322,3.6245155e-11,7.3565842e-06,nan,2.2686428e-10,1.7701173e-11,1.8543983e-11
1.053,1.4499823,2.5980115e-10,0.02143264,4.1499544e-11,7.3566799e-06,nan,2.5980115e-10,2.0268222e-11,2.1231323e-11
1.0535,1.4499823,2.9049466e-10,0.021433105,4.6394761e-11,7.3567808e-06,nan,2.9049466e-10,2.2659952e-11,2.3734809e-11
1.054,1.4499823,3.1801198e-10,0.021433592,5.0782052e-11,7.3568863e-06,nan,3.1801198e-10,2.4803682e-11,2.5978369e-11
1.0545,1.4499823,3.4153242e-10,0.021434096,5.4530588e-11,7.3569955e-06,nan,3.4153242e-10,2.6635485e-11,2.7895103e-11
1.055,1.4499823,3.6037003e-10,0.021434614,5.7531066e-11,7.3571075e-06,nan,3.6037003e-10,2.8101945e-11,2.9429122e-11
1.0555,1.4499823,3.7399163e-10,0.021435141,5.9698585e-11,7.3572214e-06,nan,3.7399163e-10,2.9161562e-11,3.0537023e-11
1.056,1.4499823,3.8203008e-10,0.021435675,6.0974752e-11,7.3573364e-06,nan,3.8203008e-10,2.9785789e-11,3.1188963e-11
1.0565,1.4499823,3.8429225e-10,0.02143621,6.1328954e-11,7.3574516e-06,nan,3.8429225e-10,2.9959646e-11,3.1369308e-11
1.057,1.4499823,3.8076173e-10,0.021436742,6.0758775e-11,7.3575661e-06,nan,3.8076173e-10,2.9681927e-11,3.1076849e-11
1.0575,1.4499823,3.7159609e-10,0.021437268,5.9289566e-11,7.3576791e-06,nan,3.7159609e-10,2.8964991e-11,3.0324574e-11
1.058,1.4499823,3.5711912e-10,0.021437784,5.6973186e-11,7.3577898e-06,nan,3.5711912e-10,2.7834151e-11,2.9139035e-11
1.0585,1.4499823,3.3780811e-10,0.021438285,5.3885981e-11,7.3578972e-06,nan,3.3780811e-10,2.6326679e-11,2.7559302e-11
1.059,1.4499823,3.1427689e-10,0.021438769,5.0126059e-11,7.3580008e-06,nan,3.1427689e-10,2.4490486e-11,2.5635573e-11
1.0595,1.4499823,2.8725497e-10,0.021439232,4.5809968e-11,7.3580996e-06,nan,2.8725497e-10,2.2382489e-11,2.3427479e-11
1.06,1.4499823,2.5756369e-10,0.02143967,4.1068877e-11,7.358193e-06,nan,2.5756369e-10,2.0066756e-11,2.1002121e-11
1.0605,1.4499823,2.2608999e-10,0.02144008,3.6044395e-11,7.3582803e-06,nan,2.2608999e-10,1.7612455e-11,1.843194e-11
1.061,1.4499823,1.9375869e-10,0.02144046,3.0884144e-11,7.3583611e-06,nan,1.9375869e-10,1.5091697e-11,1.5792447e-11
1.0615,1.4499823,1.6150418e-10,0.021440807,2.5737241e-11,7.3584346e-06,nan,1.6150418e-10,1.2577327e-11,1.3159913e-11
1.062,1.4499823,1.3024229e-10,0.021441118,2.0749802e-11,7.3585004e-06,nan,1.3024229e-10,1.0140729e-11,1.0609073e-11
1.0625,1.4499823,1.0084321e-10,0.021441392,1.6060636e-11,7.3585581e-06,nan,1.0084321e-10,7.8497202e-12,8.2109162e-12
1.063,1.4499823,7.4106274e-11,0.021441627,1.1797214e-11,7.3586073e-06,nan,7.4106274e-11,5.7665817e-12,6.0306321e-12
1.0635,1.4499823,5.0737349e-11,0.021441822,8.0720608e-12,7.3586477e-06,nan,5.0737349e-11,3.9462985e-12,4.1257623e-12
1.064,1.4499823,3.1329348e-11,0.021441974,4.9796596e-12,7.3586791e-06,nan,3.1329348e-11,2.4350427e-12,2.5446169e-12
1.0645,1.4499823,1.6346533e-11,0.021442085,2.5939439e-12,7.3587014e-06,nan,1.6346533e-11,1.2689506e-12,1.3249933e-12
1.065,1.4499823,6.1129234e-12,0.021442152,9.6645432e-13,7.3587145e-06,nan,6.1129234e-12,4.7322091e-13,4.932334e-13
1.0655,1.4499823,8.0510113e-13,0.021442177,1.2519665e-13,7.3587182e-06,nan,8.0510113e-13,6.1555739e-14,6.3640911e-14
1.066,1.4499823,4.4956673e-13,0.021442158,7.42242e-14,7.3587128e-06,nan,4.4956673e-13,3.5956459e-14,3.8267741e-14
1.0665,1.4499823,4.9246226e-12,0.021442098,7.9394403e-13,7.3586983e-06,nan,4.9246226e-12,3.8687255e-13,4.0707148e-13
1.067,1.4499823,1.3966659e-11,0.021441996,2.2421251e-12,7.358675e-06,nan,1.3966659e-11,1.0936935e-12,1.1484317e-12
1.0675,1.4499823,2.718057e-11,0.021441853,4.3555656e-12,7.3586429e-06,nan,2.718057e-11,2.1255624e-12,2.2300032e-12
1.068,1.4499823,4.405392e-11,0.021441672,7.0523569e-12,7.3586026e-06,nan,4.405392e-11,3.4424821e-12,3.6098747e-12
1.0685,1.4499823,6.3974363e-11,0.021441454,1.0234668e-11,7.3585543e-06,nan,6.3974363e-11,4.9966745e-12,5.2379936e-12
1.069,1.4499823,8.6249737e-11,0.021441201,1.3791955e-11,7.3584986e-06,nan,8.6249737e-11,6.7341479e-12,7.0578073e-12
1.0695,1.4499823,1.1013019e-10,0.021440914,1.7604495e-11,7.3584358e-06,nan,1.1013019e-10,8.5964234e-12,9.0080717e-12
1.07,1.4499823,1.3483165e-10,0.021440597,2.1547129e-11,7.3583665e-06,nan,1.3483165e-10,1.0522363e-11,1.1024766e-11
1.0705,1.4499823,1.5955986e-10,0.021440253,2.5493103e-11,7.3582914e-06,nan,1.5955986e-10,1.2450048e-11,1.3043056e-11
1.071,1.4499823,1.8353433e-10,0.021439883,2.9317888e-11,7.3582109e-06,nan,1.8353433e-10,1.4318639e-11,1.4999249e-11
1.0715,1.4499823,2.0601141e-10,0.021439491,3.2902862e-11,7.3581259e-06,nan,2.0601141e-10,1.6070183e-11,1.6832678e-11
1.072,1.4499823,2.2630592e-10,0.021439081,3.6138753e-11,7.3580369e-06,nan,2.2630592e-10,1.7651291e-11,1.8487462e-11
1.0725,1.4499823,2.4381053e-10,0.021438655,3.8928741e-11,7.3579446e-06,nan,2.4381053e-10,1.9014653e-11,1.9914089e-11
1.073,1.4499823,2.5801257e-10,0.021438216,4.1191129e-11,7.3578498e-06,nan,2.5801257e-10,2.0120344e-11,2.1070785e-11
1.0735,1.4499823,2.6850769e-10,0.021437769,4.2861516e-11,7.3577533e-06,nan,2.6850769e-10,2.0936888e-11,2.1924628e-11
1.074,1.4499823,2.7500994e-10,0.021437317,4.3894414e-11,7.3576557e-06,nan,2.7500994e-10,2.1442047e-11,2.2452367e-11
1.0745,1.4499823,2.7735828e-10,0.021436862,4.426427e-11,7.3575578e-06,nan,2.7735828e-10,2.162332e-11,2.264095e-11
1.075,1.4499823,2.7551912e-10,0.021436409,4.3965873e-11,7.3574604e-06,nan,2.7551912e-10,2.1478143e-11,2.248773e-11
1.0755,1.4499823,2.6958506e-10,0.021435961,4.3014146e-11,7.3573641e-06,nan,2.6958506e-10,2.1013789e-11,2.2000357e-11
1.076,1.4499823,2.5976986e-10,0.021435521,4.1443341e-11,7.3572697e-06,nan,2.5976986e-10,2.0246973e-11,2.1196369e-11
1.0765,1.4499823,2.4639985e-10,0.021435093,3.9305666e-11,7.3571779e-06,nan,2.4639985e-10,1.9203183e-11,2.0102483e-11
1.077,1.4499823,2.299022e-10,0.021434679,3.6669401e-11,7.3570893e-06,nan,2.299022e-10,1.7915762e-11,1.8753639e-11
1.0775,1.4499823,2.1079032e-10,0.021434283,3.3616574e-11,7.3570047e-06,nan,2.1079032e-10,1.642477e-11,1.7191805e-11
1.078,1.4499823,1.8964694e-10,0.021433907,3.0240256e-11,7.3569245e-06,nan,1.8964694e-10,1.4775663e-11,1.5464593e-11
1.0785,1.4499823,1.6710548e-10,0.021433555,2.6641581e-11,7.3568494e-06,nan,1.6710548e-10,1.301784e-11,1.362374e-11
1.079,1.4499823,1.4383014e-10,0.021433227,2.2926575e-11,7.3567798e-06,nan,1.4383014e-10,1.1203094e-11,1.1723481e-11
1.0795,1.4499823,1.2049555e-10,0.021432928,1.9202901e-11,7.3567163e-06,nan,1.2049555e-10,9.3840183e-12,9.8188829e-12
1.08,1.4499823,9.7766325e-11,0.021432658,1.5576606e-11,7.3566592e-06,nan,9.7766325e-11,7.6124196e-12,7.9641869e-12
1.0805,1.4499823,7.6277437e-11,0.02143242,1.2148978e-11,7.356609e-06,nan,7.6277437e-11,5.9377834e-12,6.211195e-12
1.081,1.4499823,5.6615701e-11,0.021432214,9.0136013e-12,7.356566e-06,nan,5.6615701e-11,4.4058344e-12,4.6077669e-12
1.0815,1.4499823,3.9303101e-11,0.021432043,6.2536944e-12,7.3565303e-06,nan,3.9303101e-11,3.0572359e-12,3.1964585e-12
1.082,1.4499823,2.4782331e-11,0.021431908,3.9398072e-12,7.3565023e-06,nan,2.4782331e-11,1.926464e-12,2.0133432e-12
1.0825,1.4499823,1.3404966e-11,0.021431808,2.1279351e-12,7.356482e-06,nan,1.3404966e-11,1.0408864e-12,1.0870487e-12
1.083,1.4499823,5.4225745e-12,0.021431744,8.5810517e-13,7.3564696e-06,nan,5.4225745e-12,4.2007127e-13,4.380339e-13
1.0835,1.4499823,9.8097954e-13,0.021431717,1.5346317e-13,7.3564651e-06,nan,9.8097954e-13,7.5340761e-14,7.8122404e-14
1.084,1.4499823,1.1778313e-13,0.021431727,1.9882935e-14,7.3564683e-06,nan,1.1778313e-13,9.5796908e-15,1.0303245e-14
1.0845,1.4499823,2.7631738e-12,0.021431772,4.4609887e-13,7.3564793e-06,nan,2.7631738e-12,2.1729979e-13,2.2879908e-13
1.085,1.4499823,8.7439319e-12,0.021431853,1.4043489e-12,7.3564979e-06,nan,8.7439319e-12,6.8495339e-13,7.1939547e-13
1.0855,1.4499823,1.7790456e-11,0.021431968,2.851499e-12,7.3565239e-06,nan,1.7790456e-11,1.3914823e-12,1.4600166e-12
1.086,1.4499823,2.9546546e-11,0.021432116,4.730608e-12,7.356557e-06,nan,2.9546546e-11,2.3090821e-12,2.4215259e-12
1.0865,1.4499823,4.3581605e-11,0.021432296,6.972877e-12,7.3565969e-06,nan,4.3581605e-11,3.4041535e-12,3.5687235e-12
1.087,1.4499823,5.9404841e-11,0.021432506,9.4999183e-12,7.3566432e-06,nan,5.9404841e-11,4.6384112e-12,4.8615071e-12
1.0875,1.4499823,7.6481022e-11,0.021432745,1.2226271e-11,7.3566955e-06,nan,7.6481022e-11,5.9701123e-12,6.2561589e-12
1.088,1.4499823,9.424728e-11,0.02143301,1.5062084e-11,7.3567534e-06,nan,9.424728e-11,7.3553665e-12,7.7067176e-12
1.0885,1.4499823,1.1213043e-10,0.021433299,1.791588e-11,7.3568165e-06,nan,1.1213043e-10,8.7494869e-12,9.1663932e-12
1.089,1.4499823,1.295643e-10,0.021433609,2.0697322e-11,7.3568841e-06,nan,1.295643e-10,1.0108341e-11,1.0588981e-11
1.0895,1.4499823,1.4600654e-10,0.021433939,2.3319892e-11,7.3569557e-06,nan,1.4600654e-10,1.138966e-11,1.1930232e-11
1.09,1.4499823,1.6095441e-10,0.021434285,2.5703412e-11,7.3570308e-06,nan,1.6095441e-10,1.255427e-11,1.3149142e-11
1.0905,1.4499823,1.7395911e-10,0.021434645,2.777633e-11,7.3571088e-06,nan,1.7395911e-10,1.3567208e-11,1.4209123e-11
1.091,1.4499823,1.8463823e-10,0.021435016,2.9477701e-11,7.3571889e-06,nan,1.8463823e-10,1.4398692e-11,1.5079009e-11
1.0915,1.4499823,1.9268602e-10,0.021435395,3.0758824e-11,7.3572708e-06,nan,1.9268602e-10,1.502492e-11,1.5733904e-11
1.092,1.4499823,1.9788113e-10,0.021435779,3.1584476e-11,7.3573536e-06,nan,1.9788113e-10,1.5428673e-11,1.6155803e-11
1.0925,1.4499823,2.0009175e-10,0.021436165,3.1933728e-11,7.3574367e-06,nan,2.0009175e-10,1.5599714e-11,1.6334014e-11
1.093,1.4499823,1.9927793e-10,0.02143655,3.1800312e-11,7.3575196e-06,nan,1.9927793e-10,1.5534969e-11,1.6265344e-11
1.0935,1.4499823,1.9549113e-10,0.021436931,3.1192549e-11,7.3576016e-06,nan,1.9549113e-10,1.5238488e-11,1.5954062e-11
1.094,1.4499823,1.8887108e-10,0.021437306,3.0132836e-11,7.3576821e-06,nan,1.8887108e-10,1.47212e-11,1.5411636e-11
1.0945,1.4499823,1.7963995e-10,0.021437672,2.8656725e-11,7.3577605e-06,nan,1.7963995e-10,1.4000463e-11,1.4656262e-11
1.095,1.4499823,1.6809431e-10,0.021438026,2.6811627e-11,7.3578362e-06,nan,1.6809431e-10,1.3099427e-11,1.3712201e-11
1.0955,1.4499823,1.5459489e-10,0.021438365,2.4655177e-11,7.3579088e-06,nan,1.5459489e-10,1.2046238e-11,1.260894e-11
1.096,1.4499823,1.3955461e-10,0.021438687,2.2253331e-11,7.3579776e-06,nan,1.3955461e-10,1.0873109e-11,1.1380222e-11
1.0965,1.4499823,1.2342536e-10,0.021438991,1.9678242e-11,7.3580422e-06,nan,1.2342536e-10,9.6152841e-12,1.0062958e-11
1.097,1.4499823,1.0668374e-10,0.021439273,1.7005992e-11,7.3581021e-06,nan,1.0668374e-10,8.3099267e-12,8.6960652e-12
1.0975,1.4499823,8.981637e-11,0.021439531,1.4314245e-11,7.358157e-06,nan,8.981637e-11,6.9949757e-12,7.3192695e-12
1.098,1.4499823,7.3305174e-11,0.021439765,1.1679897e-11,7.3582064e-06,nan,7.3305174e-11,5.7079967e-12,5.9719002e-12
1.0985,1.4499823,5.7613019e-11,0.021439972,9.1767869e-12,7.3582501e-06,nan,5.7613019e-11,4.4850646e-12,4.6917224e-12
1.099,1.4499823,4.3170227e-11,0.021440151,6.8735454e-12,7.3582877e-06,nan,4.3170227e-11,3.3597111e-12,3.5138343e-12
1.0995,1.4499823,3.036228e-11,0.021440302,4.8316326e-12,7.3583191e-06,nan,3.036228e-11,2.3619672e-12,2.4696654e-12
1.1,1.4499823,1.951909e-11,0.021440422,3.1036285e-12,7.358344e-06,nan,1.951909e-11,1.5175271e-12,1.5861015e-12
1.1005,1.4499823,1.0906121e-11,0.021440512,1.7318192e-12,7.3583623e-06,nan,1.0906121e-11,8.4705739e-13,8.8476184e-13
1.101,1.4499823,4.7176038e-12,0.021440572,7.4711519e-13,7.358374e-06,nan,4.7176038e-12,3.6566861e-13,3.8144658e-13
1.1015,1.4499823,1.071991e-12,0.0214406,1.6832999e-13,7.358379e-06,nan,1.071991e-12,8.2562292e-14,8.5767703e-14
1.102,1.4499823,9.7721403e-15,0.021440597,1.8334457e-15,7.3583774e-06,nan,9.7721403e-15,8.6125436e-16,9.721913e-16
1.1025,1.4499823,1.4936517e-12,0.021440564,2.415833e-13,7.3583691e-06,nan,1.4936517e-12,1.1762475e-13,1.2395855e-13
1.103,1.4499823,5.4110535e-12,0.0214405,8.6952745e-13,7.3583544e-06,nan,5.4110535e-12,4.2404461e-13,4.4548283e-13
1.1035,1.4499823,1.1578832e-11,0.021440407,1.8563581e-12,7.3583334e-06,nan,1.1578832e-11,9.0581348e-13,9.5054466e-13
1.104,1.4499823,1.9750008e-11,0.021440286,3.1625895e-12,7.3583063e-06,nan,1.9750008e-11,1.5436508e-12,1.6189387e-12
1.1045,1.4499823,2.9622296e-11,0.021440138,4.7399203e-12,7.3582734e-06,nan,2.9622296e-11,2.3139682e-12,2.4259521e-12
1.105,1.4499823,4.0848133e-11,0.021439963,6.5328356e-12,7.358235e-06,nan,4.0848133e-11,3.189652e-12,3.3431836e-12
1.1055,1.4499823,5.304588e-11,0.021439764,8.480396e-12,7.3581914e-06,nan,5.304588e-11,4.1409371e-12,4.339459e-12
1.106,1.4499823,6.5811843e-11,0.021439543,1.0518157e-11,7.3581429e-06,nan,6.5811843e-11,5.1363439e-12,5.381813e-12
1.1065,1.4499823,7.8732743e-11,0.021439301,1.2580159e-11,7.3580901e-06,nan,7.8732743e-11,6.1436515e-12,6.4365073e-12
1.107,1.4499823,9.1398241e-11,0.02143904,1.4600926e-11,7.3580333e-06,nan,9.1398241e-11,7.1308733e-12,7.4700527e-12
1.1075,1.4499823,1.0341317e-10,0.021438763,1.6517417e-11,7.357973e-06,nan,1.0341317e-10,8.0672101e-12,8.4502068e-12
1.108,1.4499823,1.1440905e-10,0.021438471,1.8270866e-11,7.3579097e-06,nan,1.1440905e-10,8.9239496e-12,9.346916e-12
1.1085,1.4499823,1.2405468e-10,0.021438167,1.9808462e-11,7.3578438e-06,nan,1.2405468e-10,9.6752883e-12,1.0133174e-11
1.109,1.4499823,1.3206533e-10,0.021437853,2.1084827e-11,7.357776e-06,nan,1.3206533e-10,1.029905e-11,1.0785777e-11
1.1095,1.4499823,1.3821045e-10,0.021437532,2.2063234e-11,7.3577067e-06,nan,1.3821045e-10,1.0777287e-11,1.1285947e-11
1.11,1.4499823,1.4231959e-10,0.021437207,2.2716552e-11,7.3576364e-06,nan,1.4231959e-10,1.1096735e-11,1.1619817e-11
1.1105,1.4499823,1.4428641e-10,0.021436879,2.3027889e-11,7.3575658e-06,nan,1.4428641e-10,1.1249134e-11,1.1778755e-11
1.111,1.4499823,1.4407074e-10,0.021436551,2.2990912e-11,7.3574953e-06,nan,1.4407074e-10,1.1231381e-11,1.1759531e-11
1.1115,1.4499823,1.4169858e-10,0.021436227,2.2609845e-11,7.3574255e-06,nan,1.4169858e-10,1.1045529e-11,1.1564316e-11
1.112,1.4499823,1.3726012e-10,0.021435907,2.1899158e-11,7.3573569e-06,nan,1.3726012e-10,1.0698639e-11,1.1200519e-11
1.1125,1.4499823,1.3090593e-10,0.021435595,2.0882948e-11,7.3572899e-06,nan,1.3090593e-10,1.0202473e-11,1.0680475e-11
1.113,1.4499823,1.2284137e-10,0.021435292,1.9594047e-11,7.3572252e-06,nan,1.2284137e-10,9.5730636e-12,1.0020984e-11
1.1135,1.4499823,1.1331943e-10,0.021435002,1.8072884e-11,7.357163e-06,nan,1.1331943e-10,8.8301535e-12,9.2427302e-12
1.114,1.4499823,1.0263236e-10,0.021434725,1.6366137e-11,7.357104e-06,nan,1.0263236e-10,7.9965409e-12,8.369596e-12
1.1145,1.4499823,9.1102177e-11,0.021434465,1.4525229e-11,7.3570485e-06,nan,9.1102177e-11,7.0973424e-12,7.4278869e-12
1.115,1.4499823,7.9070552e-11,0.021434222,1.2604704e-11,7.3569969e-06,nan,7.9070552e-11,6.1592007e-12,6.4455031e-12
1.1155,1.4499823,6.6888195e-11,0.021433999,1.0660535e-11,7.3569495e-06,nan,6.6888195e-11,5.2094593e-12,5.4510759e-12
1.116,1.4499823,5.4904224e-11,0.021433797,8.748432e-12,7.3569067e-06,nan,5.4904224e-11,4.2753329e-12,4.4730991e-12
1.1165,1.4499823,4.3455743e-11,0.021433617,6.9221727e-12,7.3568688e-06,nan,4.3455743e-11,3.3830952e-12,3.5390775e-12
1.117,1.4499823,3.2857974e-11,0.021433461,5.2320333e-12,7.3568359e-06,nan,3.2857974e-11,2.55731e-12,2.6747233e-12
1.1175,1.4499823,2.3395222e-11,0.021433329,3.7233447e-12,7.3568084e-06,nan,2.3395222e-11,1.8201268e-12,1.9032179e-12
1.118,1.4499823,1.5312916e-11,0.021433222,2.4352257e-12,7.3567862e-06,nan,1.5312916e-11,1.1906613e-12,1.2445643e-12
1.1185,1.4499823,8.8109661e-12,0.021433141,1.3995235e-12,7.3567697e-06,nan,8.8109661e-12,6.8447811e-13,7.1504542e-13
1.119,1.4499823,4.0385977e-12,0.021433086,6.3999115e-13,7.3567588e-06,nan,4.0385977e-12,3.1318803e-13,3.2680313e-13
1.1195,1.4499823,1.0907886e-12,0.021433058,1.7172122e-13,7.3567536e-06,nan,1.0907886e-12,8.4171846e-14,8.7549378e-14
1.12,1.4499823,6.3993861e-15,0.021433055,8.4924684e-16,7.356754e-06,nan,6.3993861e-15,4.3484081e-16,4.1440604e-16
1.1205,1.4499823,7.6801164e-13,0.021433079,1.2452996e-13,7.3567601e-06,nan,7.6801164e-13,6.0595007e-14,6.393495e-14
1.121,1.4499823,3.3034538e-12,0.021433129,5.3118268e-13,7.3567716e-06,nan,3.3034538e-12,2.5900271e-13,2.7217997e-13
1.1215,1.4499823,7.4889368e-12,0.021433204,1.2009937e-12,7.3567886e-06,nan,7.4889368e-12,5.8598585e-13,6.1500781e-13
1.122,1.4499823,1.3153678e-11,0.021433303,2.1066556e-12,7.3568107e-06,nan,1.3153678e-11,1.028211e-12,1.0784446e-12
1.1225,1.4499823,2.0085848e-11,0.021433425,3.2143181e-12,7.3568379e-06,nan,2.0085848e-11,1.5691472e-12,1.6451709e-12
1.123,1.4499823,2.8039638e-11,0.021433569,4.4847169e-12,7.3568697e-06,nan,2.8039638e-11,2.1896182e-12,2.2950988e-12
1.1235,1.4499823,3.6743218e-11,0.021433735,5.8744448e-12,7.356906e-06,nan,3.6743218e-11,2.8684223e-12,3.0060226e-12
1.124,1.4499823,4.5907332e-11,0.02143392,7.3373238e-12,7.3569465e-06,nan,4.5907332e-11,3.5830029e-12,3.7543208e-12
1.1245,1.4499823,5.5234258e-11,0.021434122,8.8258354e-12,7.3569908e-06,nan,5.5234258e-11,4.3101479e-12,4.5156875e-12
1.125,1.4499823,6.4426866e-11,0.021434341,1.0292566e-11,7.3570385e-06,nan,6.4426866e-11,5.0266944e-12,5.2658716e-12
1.1255,1.4499823,7.3197487e-11,0.021434575,1.1691623e-11,7.3570893e-06,nan,7.3197487e-11,5.7102217e-12,5.981401e-12
1.126,1.4499823,8.1276354e-11,0.021434821,1.2979979e-11,7.3571426e-06,nan,8.1276354e-11,6.3397076e-12,6.6402709e-12
1.1265,1.4499823,8.8419344e-11,0.021435077,1.4118708e-11,7.3571982e-06,nan,8.8419344e-11,6.8961327e-12,7.2225753e-12
1.127,1.4499823,9.4414824e-11,0.021435343,1.5074078e-11,7.3572556e-06,nan,9.4414824e-11,7.3630132e-12,7.7110649e-12
1.1275,1.4499823,9.9089397e-11,0.021435614,1.5818464e-11,7.3573143e-06,nan,9.9089397e-11,7.7268482e-12,8.0916155e-12
1.128,1.4499823,1.023124e-10,0.02143589,1.6331065e-11,7.3573739e-06,nan,1.023124e-10,7.9774704e-12,8.3535943e-12
1.1285,1.4499823,1.0399906e-10,0.021436168,1.6598406e-11,7.3574338e-06,nan,1.0399906e-10,8.1082907e-12,8.4901158e-12
1.129,1.4499823,1.0411218e-10,0.021436447,1.6614611e-11,7.3574938e-06,nan,1.0411218e-10,8.1164308e-12,8.4981801e-12
1.1295,1.4499823,1.0266245e-10,0.021436723,1.6381437e-11,7.3575532e-06,nan,1.0266245e-10,8.0027431e-12,8.3786937e-12
1.13,1.4499823,9.9707208e-11,0.021436996,1.5908091e-11,7.3576117e-06,nan,9.9707208e-11,7.7717187e-12,8.1363721e-12
1.1305,1.4499823,9.534794e-11,0.021437262,1.5210818e-11,7.3576689e-06,nan,9.534794e-11,7.4312872e-12,7.7795308e-12
1.131,1.4499823,8.9726431e-11,0.021437521,1.4312291e-11,7.3577242e-06,nan,8.9726431e-11,6.9925189e-12,7.3197719e-12
1.1315,1.4499823,8.3019808e-11,0.021437769,1.3240815e-11,7.3577774e-06,nan,8.3019808e-11,6.4692369e-12,6.7715783e-12
1.132,1.4499823,7.5434608e-11,0.021438006,1.2029383e-11,7.357828e-06,nan,7.5434608e-11,5.8775544e-12,6.151829e-12
1.1325,1.4499823,6.7200079e-11,0.02143823,1.0714604e-11,7.3578757e-06,nan,6.7200079e-11,5.235352e-12,5.4792518e-12
1.133,1.4499823,5.8560908e-11,0.021438439,9.3355401e-12,7.3579202e-06,nan,5.8560908e-11,4.5617108e-12,4.7738293e-12
1.1335,1.4499823,4.9769632e-11,0.021438632,7.9324998e-12,7.357961e-06,nan,4.9769632e-11,3.8763208e-12,4.056179e-12
1.134,1.4499823,4.1078942e-11,0.021438806,6.5458057e-12,7.3579981e-06,nan,4.1078942e-11,3.1988805e-12,3.3469252e-12
1.1345,1.4499823,3.2734121e-11,0.021438963,5.2145896e-12,7.358031e-06,nan,3.2734121e-11,2.5485075e-12,2.6660821e-12
1.135,1.4499823,2.4965835e-11,0.021439099,3.9756433e-12,7.3580597e-06,nan,2.4965835e-11,1.9431774e-12,2.0324659e-12
1.1355,1.4499823,1.7983503e-11,0.021439215,2.8623589e-12,7.3580839e-06,nan,1.7983503e-11,1.3992059e-12,1.463153e-12
1.136,1.4499823,1.1969403e-11,0.021439309,1.9037919e-12,7.3581035e-06,nan,1.1969403e-11,9.3079107e-13,9.7300084e-13
1.1365,1.4499823,7.0737097e-12,0.021439382,1.1238686e-12,7.3581183e-06,nan,7.0737097e-12,5.4962587e-13,5.7424274e-13
1.137,1.4499823,3.4105736e-12,0.021439432,5.4076228e-13,7.3581284e-06,nan,3.4105736e-12,2.6459339e-13,2.7616889e-13
1.1375,1.4499823,1.0553501e-12,0.02143946,1.6645231e-13,7.3581337e-06,nan,1.0553501e-12,8.155133e-14,8.4900984e-14
1.138,1.4499823,4.3038178e-14,0.021439466,6.4764208e-15,7.3581341e-06,nan,4.3038178e-14,3.2106583e-15,3.2657625e-15
1.1385,1.4499823,3.679535e-13,0.021439449,5.9880007e-14,7.3581298e-06,nan,3.679535e-13,2.9110808e-14,3.07692e-14
1.139,1.4499823,1.9846249e-12,0.021439411,3.1936055e-13,7.3581208e-06,nan,1.9846249e-12,1.5569e-13,1.6367056e-13
1.1395,1.4499823,4.8098643e-12,0.021439351,7.7159941e-13,7.3581071e-06,nan,4.8098643e-12,3.7644713e-13,3.9515227e-13
1.14,1.4499823,8.7259282e-12,0.02143927,1.3977674e-12,7.3580891e-06,nan,8.7259282e-12,6.8218873e-13,7.1557871e-13
1.1405,1.4499823,1.3584656e-11,0.02143917,2.1741866e-12,7.3580667e-06,nan,1.3584656e-11,1.0613519e-12,1.1128347e-12
1.141,1.4499823,1.9212444e-11,0.02143905,3.0731245e-12,7.3580403e-06,nan,1.9212444e-11,1.5003924e-12,1.5727321e-12
1.1415,1.4499823,2.5415892e-11,0.021438912,4.0636965e-12,7.3580101e-06,nan,2.5415892e-11,1.9842254e-12,2.0794711e-12
1.142,1.4499823,3.1987939e-11,0.021438758,5.1128453e-12,7.3579763e-06,nan,3.1987939e-11,2.4967036e-12,2.6161417e-12
1.1425,1.4499823,3.8714303e-11,0.021438588,6.1863687e-12,7.3579392e-06,nan,3.8714303e-11,3.0211196e-12,3.1652491e-12
1.143,1.4499823,4.5380015e-11,0.021438405,7.2499623e-12,7.3578992e-06,nan,4.5380015e-11,3.5407151e-12,3.7092472e-12
1.1435,1.4499823,5.177586e-11,0.021438208,8.270248e-12,7.3578565e-06,nan,5.177586e-11,4.0391835e-12,4.2310645e-12
1.144,1.4499823,5.7704535e-11,0.021438001,9.2157551e-12,7.3578115e-06,nan,5.7704535e-11,4.5011491e-12,4.714606e-12
1.1445,1.4499823,6.2986331e-11,0.021437784,1.0057827e-11,7.3577645e-06,nan,6.2986331e-11,4.9126102e-12,5.1452172e-12
1.145,1.4499823,6.7464196e-11,0.02143756,1.077143e-11,7.357716e-06,nan,6.7464196e-11,5.2613337e-12,5.5100966e-12
1.1455,1.4499823,7.1008026e-11,0.02143733,1.1335834e-11,7.3576663e-06,nan,7.1008026e-11,5.5371889e-12,5.7986449e-12
1.146,1.4499823,7.3518072e-11,0.021437096,1.1735156e-11,7.3576158e-06,nan,7.3518072e-11,5.7324129e-12,6.0027435e-12
1.1465,1.4499823,7.4927383e-11,0.02143686,1.1958753e-11,7.3575649e-06,nan,7.4927383e-11,5.8418006e-12,6.1169519e-12
1.147,1.4499823,7.5203221e-11,0.021436623,1.2001438e-11,7.357514e-06,nan,7.5203221e-11,5.8628146e-12,6.1386236e-12
1.1475,1.4499823,7.4347425e-11,0.021436388,1.1863547e-11,7.3574634e-06,nan,7.4347425e-11,5.7956133e-12,6.067934e-12
1.148,1.4499823,7.2395739e-11,0.021436156,1.1550823e-11,7.3574135e-06,nan,7.2395739e-11,5.6429975e-12,5.9078257e-12
1.1485,1.4499823,6.9416139e-11,0.021435929,1.1074151e-11,7.3573647e-06,nan,6.9416139e-11,5.4102799e-12,5.6638706e-12
1.149,1.4499823,6.5506216e-11,0.021435708,1.0449137e-11,7.3573174e-06,nan,6.5506216e-11,5.1050813e-12,5.344056e-12
1.1495,1.4499823,6.0789735e-11,0.021435495,9.6955633e-12,7.3572719e-06,nan,6.0789735e-11,4.7370607e-12,4.9585026e-12
1.15,1.4499823,5.5412459e-11,0.021435292,8.8367143e-12,7.3572285e-06,nan,5.5412459e-11,4.3175906e-12,4.5191237e-12
1.1505,1.4499823,4.9537396e-11,0.0214351,7.8986223e-12,7.3571875e-06,nan,4.9537396e-11,3.8593857e-12,4.0392367e-12
1.151,1.4499823,4.3339619e-11,0.02143492,6.9092384e-12,7.3571493e-06,nan,4.3339619e-11,3.3760987e-12,3.5331396e-12
1.1515,1.4499823,3.7000807e-11,0.021434754,5.8975614e-12,7.357114e-06,nan,3.7000807e-11,2.8818955e-12,3.0156659e-12
1.152,1.4499823,3.0703696e-11,0.021434603,4.8927525e-12,7.357082e-06,nan,3.0703696e-11,2.3910216e-12,2.5017309e-12
1.1525,1.4499823,2.4626593e-11,0.021434468,3.9232594e-12,7.3570534e-06,nan,2.4626593e-11,1.9173749e-12,2.0058845e-12
1.153,1.4499823,1.8938121e-11,0.021434349,3.0159786e-12,7.3570284e-06,nan,1.8938121e-11,1.4740962e-12,1.5418824e-12
1.1535,1.4499823,1.3792348e-11,0.021434247,2.1954783e-12,7.3570072e-06,nan,1.3792348e-11,1.0731897e-12,1.1222886e-12
1.154,1.4499823,9.324439e-12,0.021434164,1.4833052e-12,7.3569899e-06,nan,9.324439e-12,7.2518389e-13,7.5812132e-13
1.1545,1.4499823,5.6469493e-12,0.021434099,8.973937e-13,7.3569766e-06,nan,5.6469493e-12,4.3884342e-13,4.5855028e-13
1.155,1.4499823,2.8468619e-12,0.021434053,4.5159402e-13,7.3569673e-06,nan,2.8468619e-12,2.2093799e-13,2.3065603e-13
1.1555,1.4499823,9.834422e-13,0.021434026,1.5533101e-13,7.3569621e-06,nan,9.834422e-13,7.6075718e-14,7.9255297e-14
1.156,1.4499823,8.6959985e-14,0.021434018,1.3401071e-14,7.3569611e-06,nan,8.6959985e-14,6.6038516e-15,6.7972196e-15
1.1565,1.4499823,1.5830175e-13,0.021434029,2.5911286e-14,7.3569641e-06,nan,1.5830175e-13,1.2578877e-14,1.3332409e-14
1.157,1.4499823,1.1694685e-12,0.021434059,1.8836e-13,7.3569711e-06,nan,1.1694685e-12,9.1805737e-14,9.6554268e-14
1.1575,1.4499823,3.0649288e-12,0.021434106,4.918537e-13,7.356982e-06,nan,3.0649288e-12,2.3994366e-13,2.5191004e-13
1.158,1.4499823,5.7637711e-12,0.021434172,9.2345138e-13,7.3569967e-06,nan,5.7637711e-12,4.5067434e-13,4.7277704e-13
1.1585,1.4499823,9.1625768e-12,0.021434254,1.4666239e-12,7.3570151e-06,nan,9.1625768e-12,7.1592612e-13,7.5069774e-13
1.159,1.4499823,1.3138915e-11,0.021434353,2.1018121e-12,7.3570369e-06,nan,1.3138915e-11,1.0261467e-12,1.0756654e-12
1.1595,1.4499823,1.7555342e-11,0.021434468,2.8070664e-12,7.3570621e-06,nan,1.7555342e-11,1.3706154e-12,1.436451e-12
1.16,1.4499823,2.2263785e-11,0.021434596,3.5587455e-12,7.3570903e-06,nan,2.2263785e-11,1.7377845e-12,1.820961e-12
1.1605,1.4499823,2.7110151e-11,0.021434738,4.3322537e-12,7.3571213e-06,nan,2.7110151e-11,2.1156394e-12,2.2166144e-12
1.161,1.4499823,3.1939054e-11,0.021434893,5.1027935e-12,7.3571549e-06,nan,3.1939054e-11,2.4920661e-12,2.6107275e-12
1.1615,1.4499823,3.6598474e-11,0.021435058,5.8461109e-12,7.3571908e-06,nan,3.6598474e-11,2.8552156e-12,2.9908953e-12
1.162,1.4499823,4.094425e-11,0.021435232,6.5392107e-12,7.3572288e-06,nan,4.094425e-11,3.1938533e-12,3.3453574e-12
1.1625,1.4499823,4.4844251e-11,0.021435415,7.161022e-12,7.3572684e-06,nan,4.4844251e-11,3.4976839e-12,3.663338e-12
1.163,1.4499823,4.8182107e-11,0.021435605,7.6929939e-12,7.3573094e-06,nan,4.8182107e-11,3.7576427e-12,3.9353512e-12
1.1635,1.4499823,5.0860411e-11,0.021435799,8.119605e-12,7.3573514e-06,nan,5.0860411e-11,3.9661445e-12,4.1534604e-12
1.164,1.4499823,5.2803294e-11,0.021435997,8.4287736e-12,7.3573942e-06,nan,5.2803294e-11,4.1172841e-12,4.3114895e-12
1.1645,1.4499823,5.3958305e-11,0.021436198,8.6121575e-12,7.3574375e-06,nan,5.3958305e-11,4.2069829e-12,4.4051746e-12
1.165,1.4499823,5.4297564e-11,0.021436399,8.6653363e-12,7.3574808e-06,nan,5.4297564e-11,4.2330778e-12,4.4322585e-12
1.1655,1.4499823,5.3818153e-11,0.021436599,8.5878739e-12,7.3575238e-06,nan,5.3818153e-11,4.1953524e-12,4.3925215e-12
1.166,1.4499823,5.2541759e-11,0.021436797,8.3832595e-12,7.3575663e-06,nan,5.2541759e-11,4.0955077e-12,4.2877518e-12
1.1665,1.4499823,5.0513586e-11,0.021436991,8.0587338e-12,7.3576079e-06,nan,5.0513586e-11,3.9370777e-12,4.1216561e-12
1.167,1.4499823,4.7800577e-11,0.021437179,7.6250048e-12,7.3576484e-06,nan,4.7800577e-11,3.7252901e-12,3.8997147e-12
1.1675,1.4499823,4.4489028e-11,0.021437362,7.0958656e-12,7.3576873e-06,nan,4.4489028e-11,3.4668806e-12,3.628985e-12
1.168,1.4499823,4.0681657e-11,0.021437536,6.4877264e-12,7.3577245e-06,nan,4.0681657e-11,3.1698635e-12,3.3178629e-12
1.1685,1.4499823,3.6494242e-11,0.0214377,5.8190775e-12,7.3577597e-06,nan,3.6494242e-11,2.8432699e-12,2.9758076e-12
1.169,1.4499823,3.2051917e-11,0.021437855,5.1098982e-12,7.3577926e-06,nan,3.2051917e-11,2.4968586e-12,2.6130396e-12
1.1695,1.4499823,2.7485269e-11,0.021437998,4.3810327e-12,7.357823e-06,nan,2.7485269e-11,2.1408117e-12,2.2402209e-12
1.17,1.4499823,2.292633e-11,0.021438129,3.6535516e-12,7.3578507e-06,nan,2.292633e-11,1.7854225e-12,1.8681291e-12
1.1705,1.4499823,1.85046e-11,0.021438246,2.9481171e-12,7.3578755e-06,nan,1.85046e-11,1.4407851e-12,1.507332e-12
1.171,1.4499823,1.4343225e-11,0.021438349,2.2843722e-12,7.3578972e-06,nan,1.4343225e-11,1.1164963e-12,1.1678758e-12
1.1715,1.4499823,1.055542e-11,0.021438438,1.6803715e-12,7.3579158e-06,nan,1.055542e-11,8.2137786e-13,8.5899359e-13
1.172,1.4499823,7.2412628e-12,0.021438511,1.1520694e-12,7.3579311e-06,nan,7.2412628e-12,5.6322542e-13,5.8884398e-13
1.1725,1.4499823,4.4849353e-12,0.021438569,7.1288058e-13,7.357943e-06,nan,4.4849353e-12,3.4859458e-13,3.64286e-13
1.173,1.4499823,2.3524878e-12,0.021438611,3.7332376e-13,7.3579514e-06,nan,2.3524878e-12,1.8262658e-13,1.9069719e-13
1.1735,1.4499823,8.9018824e-13,0.021438637,1.4075889e-13,7.3579564e-06,nan,8.9018824e-13,6.8919653e-14,7.1839239e-14
1.174,1.4499823,1.2349059e-13,0.021438646,1.922344e-14,7.3579579e-06,nan,1.2349059e-13,9.4491604e-15,9.7742794e-15
1.1745,1.4499823,5.6645467e-14,0.02143864,9.3709229e-15,7.357956e-06,nan,5.6645467e-14,4.5373376e-15,4.8335853e-15
1.175,1.4499823,6.7295127e-13,0.021438618,1.0851172e-13,7.3579506e-06,nan,6.7295127e-13,5.2873231e-14,5.5638487e-14
1.1755,1.4499823,1.9356278e-12,0.02143858,3.1075322e-13,7.3579419e-06,nan,1.9356278e-12,1.5158103e-13,1.5917219e-13
1.176,1.4499823,3.7892745e-12,0.021438526,6.0723321e-13,7.3579299e-06,nan,3.7892745e-12,2.96334e-13,3.1089921e-13
1.1765,1.4499823,6.1618601e-12,0.021438459,9.8643793e-13,7.3579148e-06,nan,6.1618601e-12,4.8150981e-13,5.0492812e-13
1.177,1.4499823,8.9671734e-12,0.021438377,1.4345938e-12,7.3578968e-06,nan,8.9671734e-12,7.0038181e-13,7.3421203e-13
1.1775,1.4499823,1.2107655e-11,0.021438282,1.9361198e-12,7.3578759e-06,nan,1.2107655e-11,9.4533996e-13,9.9077985e-13
1.178,1.4499823,1.5477518e-11,0.021438175,2.4741252e-12,7.3578523e-06,nan,1.5477518e-11,1.208134e-12,1.2659912e-12
1.1785,1.4499823,1.8966058e-11,0.021438056,3.030939e-12,7.3578264e-06,nan,1.8966058e-11,1.480132e-12,1.550807e-12
1.179,1.4499823,2.246105e-11,0.021437927,3.5886514e-12,7.3577982e-06,nan,2.246105e-11,1.7525848e-12,1.8360666e-12
1.1795,1.4499823,2.5852137e-11,0.021437788,4.1296543e-12,7.357768e-06,nan,2.5852137e-11,2.0168904e-12,2.1127639e-12
1.18,1.4499823,2.9034091e-11,0.021437641,4.6371621e-12,7.357736e-06,nan,2.9034091e-11,2.2648478e-12,2.3723143e-12
1.1805,1.4499823,3.1909871e-11,0.021437487,5.0956992e-12,7.3577026e-06,nan,3.1909871e-11,2.4888959e-12,2.6068033e-12
1.181,1.4499823,3.4393378e-11,0.021437327,5.4915394e-12,7.357668e-06,nan,3.4393378e-11,2.6823276e-12,2.8092119e-12
1.1815,1.4499823,3.6411836e-11,0.021437162,5.813085e-12,7.3576324e-06,nan,3.6411836e-11,2.8394751e-12,2.9736099e-12
1.182,1.4499823,3.7907726e-11,0.021436994,6.0511755e-12,7.3575961e-06,nan,3.7907726e-11,2.9558613e-12,3.0953142e-12
1.1825,1.4499823,3.8840238e-11,0.021436824,6.1993181e-12,7.3575594e-06,nan,3.8840238e-11,3.0283121e-12,3.1710061e-12
1.183,1.4499823,3.918619e-11,0.021436653,6.2538342e-12,7.3575226e-06,nan,3.918619e-11,3.0550277e-12,3.1988065e-12
1.1835,1.4499823,3.8940405e-11,0.021436483,6.2139188e-12,7.357486e-06,nan,3.8940405e-11,3.0356124e-12,3.1783064e-12
1.184,1.4499823,3.8115546e-11,0.021436314,6.0816133e-12,7.3574498e-06,nan,3.8115546e-11,2.971061e-12,3.1105523e-12
1.1845,1.4499823,3.6741417e-11,0.021436149,5.8616936e-12,7.3574143e-06,nan,3.6741417e-11,2.8637041e-12,2.9979894e-12
1.185,1.4499823,3.4863763e-11,0.021435988,5.5614781e-12,7.3573797e-06,nan,3.4863763e-11,2.7171148e-12,2.8443634e-12
1.1855,1.4499823,3.2542619e-11,0.021435832,5.1905637e-12,7.3573464e-06,nan,3.2542619e-11,2.5359791e-12,2.6545846e-12
1.186,1.4499823,2.9850258e-11,0.021435683,4.7604973e-12,7.3573146e-06,nan,2.9850258e-11,2.3259362e-12,2.4345611e-12
1.1865,1.4499823,2.686881e-11,0.021435542,4.2843963e-12,7.3572844e-06,nan,2.686881e-11,2.0933929e-12,2.1910034e-12
1.187,1.4499823,2.3687627e-11,0.021435409,3.7765274e-12,7.3572561e-06,nan,2.3687627e-11,1.8453177e-12,1.9312097e-12
1.1875,1.4499823,2.0400485e-11,0.021435285,3.2518597e-12,7.3572299e-06,nan,2.0400485e-11,1.5890227e-12,1.662837e-12
1.188,1.4499823,1.7102696e-11,0.021435173,2.7256046e-12,7.357206e-06,nan,1.7102696e-11,1.3319387e-12,1.3936659e-12
1.1885,1.4499823,1.3888231e-11,0.021435071,2.2127556e-12,7.3571845e-06,nan,1.3888231e-11,1.0813906e-12,1.131365e-12
1.189,1.4499823,1.0846934e-11,0.021434981,1.7276447e-12,7.3571655e-06,nan,1.0846934e-11,8.4438029e-13,8.8326439e-13
1.1895,1.4499823,8.0619059e-12,0.021434904,1.2835246e-12,7.3571493e-06,nan,8.0619059e-12,6.2738304e-13,6.5614159e-13
1.19,1.4499823,5.6071409e-12,0.021434839,8.921923e-13,7.3571358e-06,nan,5.6071409e-12,4.3616317e-13,4.5602913e-13
1.1905,1.4499823,3.5454745e-12,0.021434788,5.6366158e-13,7.3571252e-06,nan,3.5454745e-12,2.7561419e-13,2.8804739e-13
1.191,1.4499823,1.9269044e-12,0.02143475,3.0589573e-13,7.3571175e-06,nan,1.9269044e-12,1.4962813e-13,1.5626759e-13
1.1915,1.4499823,7.8732302e-13,0.021434726,1.2460578e-13,7.3571128e-06,nan,7.8732302e-13,6.0996952e-14,6.3608826e-14
1.192,1.4499823,1.4769655e-13,0.021434715,2.3119915e-14,7.357111e-06,nan,1.4769655e-13,1.1348651e-14,1.1771265e-14
1.1925,1.4499823,1.370378e-14,0.021434718,2.3264606e-15,7.3571122e-06,nan,1.370378e-14,1.1193545e-15,1.2071061e-15
1.193,1.4499823,3.7583929e-13,0.021434735,6.0690858e-14,7.3571162e-06,nan,3.7583929e-13,2.9561546e-14,3.1129312e-14
1.1935,1.4499823,1.2099687e-12,0.021434765,1.9434482e-13,7.3571231e-06,nan,1.2099687e-12,9.4787577e-14,9.9557244e-14
1.194,1.4499823,2.4783118e-12,0.021434808,3.9724365e-13,7.3571328e-06,nan,2.4783118e-12,1.9384641e-13,2.0339723e-13
1.1945,1.4499823,4.1308158e-12,0.021434863,6.6138589e-13,7.3571452e-06,nan,4.1308158e-12,3.2283094e-13,3.3855494e-13
1.195,1.4499823,6.1068715e-12,0.021434931,9.7708762e-13,7.3571601e-06,nan,6.1068715e-12,4.7701184e-13,5.0007577e-13
1.1955,1.4499823,8.3373146e-12,0.02143501,1.333302e-12,7.3571775e-06,nan,8.3373146e-12,6.5099378e-13,6.8230826e-13
1.196,1.4499823,1.0746646e-11,0.021435099,1.7179742e-12,7.3571971e-06,nan,1.0746646e-11,8.3888856e-13,8.7908562e-13
1.1965,1.4499823,1.3255406e-11,0.021435198,2.1184194e-12,7.3572188e-06,nan,1.3255406e-11,1.0345001e-12,1.0839193e-12
1.197,1.4499823,1.5782615e-11,0.021435307,2.5217141e-12,7.3572425e-06,nan,1.5782615e-11,1.2315151e-12,1.290199e-12
1.1975,1.4499823,1.824823e-11,0.021435423,2.9150865e-12,7.3572679e-06,nan,1.824823e-11,1.4236942e-12,1.4913923e-12
1.198,1.4499823,2.0575515e-11,0.021435547,3.2862955e-12,7.3572948e-06,nan,2.0575515e-11,1.6050569e-12,1.6812386e-12
1.1985,1.4499823,2.2693282e-11,0.021435677,3.6239877e-12,7.357323e-06,nan,2.2693282e-11,1.7700561e-12,1.8539317e-12
1.199,1.4499823,2.4537917e-11,0.021435812,3.918021e-12,7.3573522e-06,nan,2.4537917e-11,1.913736e-12,2.004285e-12
1.1995,1.4499823,2.6055148e-11,0.021435952,4.159746e-12,7.3573824e-06,nan,2.6055148e-11,2.03187e-12,2.127876e-12
1.2,1.4499823,2.7201502e-11,0.021436094,4.3422381e-12,7.3574131e-06,nan,2.7201502e-11,2.1210738e-12,2.2211643e-12
1.2005,1.4499823,2.7945412e-11,0.021436238,4.4604737e-12,7.3574442e-06,nan,2.7945412e-11,2.1788915e-12,2.2815823e-12
1.201,1.4499823,2.8267945e-11,0.021436383,4.5114467e-12,7.3574755e-06,nan,2.8267945e-11,2.2038527e-12,2.307594e-12
1.2015,1.4499823,2.8163147e-11,0.021436528,4.4942218e-12,7.3575066e-06,nan,2.8163147e-11,2.1954989e-12,2.298723e-12
1.202,1.4499823,2.7637982e-11,0.021436672,4.4099259e-12,7.3575375e-06,nan,2.7637982e-11,2.1543785e-12,2.2555474e-12
1.2025,1.4499823,2.6711902e-11,0.021436813,4.2616773e-12,7.3575677e-06,nan,2.6711902e-11,2.0820132e-12,2.1796641e-12
1.203,1.4499823,2.5416033e-11,0.02143695,4.0544565e-12,7.3575972e-06,nan,2.5416033e-11,1.9808345e-12,2.073622e-12
1.2035,1.4499823,2.3792039e-11,0.021437083,3.7949244e-12,7.3576257e-06,nan,2.3792039e-11,1.8540947e-12,1.9408297e-12
1.204,1.4499823,2.1890687e-11,0.021437211,3.4911927e-12,7.357653e-06,nan,2.1890687e-11,1.7057554e-12,1.7854373e-12
1.2045,1.4499823,1.9770165e-11,0.021437332,3.1525553e-12,7.3576789e-06,nan,1.9770165e-11,1.5403558e-12,1.6121995e-12
1.205,1.4499823,1.749421e-11,0.021437446,2.7891893e-12,7.3577032e-06,nan,1.749421e-11,1.3628667e-12,1.4263226e-12
1.2055,1.4499823,1.51301e-11,0.021437553,2.4118347e-12,7.3577258e-06,nan,1.51301e-11,1.1785344e-12,1.2333003e-12
1.206,1.4499823,1.2746579e-11,0.02143765,2.0314631e-12,7.3577465e-06,nan,1.2746579e-11,9.9271847e-13,1.0387446e-12
1.2065,1.4499823,1.0411775e-11,0.021437738,1.6589451e-12,7.3577651e-06,nan,1.0411775e-11,8.1072958e-13,8.4821556e-13
1.207,1.4499823,8.1911744e-12,0.021437816,1.3047275e-12,7.3577816e-06,nan,8.1911744e-12,6.3767143e-13,6.6705603e-13
1.2075,1.4499823,6.1457064e-12,0.021437884,9.7852754e-13,7.3577958e-06,nan,6.1457064e-12,4.7829186e-13,5.0023567e-13
1.208,1.4499823,4.3300049e-12,0.021437941,6.8905616e-13,7.3578076e-06,nan,4.3300049e-12,3.3684718e-13,3.5220899e-13
1.2085,1.4499823,2.7908858e-12,0.021437986,4.4377475e-13,7.357817e-06,nan,2.7908858e-12,2.169835e-13,2.2679125e-13
1.209,1.4499823,1.5660862e-12,0.02143802,2.4869452e-13,7.357824e-06,nan,1.5660862e-12,1.2163874e-13,1.2705577e-13
1.2095,1.4499823,6.8329747e-13,0.021438043,1.0822254e-13,7.3578284e-06,nan,6.8329747e-13,5.2967258e-14,5.5255287e-14
1.21,1.4499823,1.5951671e-13,0.021438054,2.5058609e-14,7.3578304e-06,nan,1.5951671e-13,1.2289445e-14,1.2769164e-14
1.2105,1.4499823,7.2891388e-16,0.021438053,1.4490573e-16,7.3578298e-06,nan,7.2891388e-16,6.7154068e-17,7.7751666e-17
1.211,1.4499823,2.0192465e-13,0.021438041,3.2669213e-14,7.3578268e-06,nan,2.0192465e-13,1.5905155e-14,1.6764058e-14
1.2115,1.4499823,7.4744612e-13,0.021438017,1.201205e-13,7.3578213e-06,nan,7.4744612e-13,5.8578277e-14,6.1542228e-14
1.212,1.4499823,1.6116455e-12,0.021437982,2.5839439e-13,7.3578135e-06,nan,1.6116455e-12,1.2608285e-13,1.3231153e-13
1.2125,1.4499823,2.7598304e-12,0.021437937,4.419443e-13,7.3578034e-06,nan,2.7598304e-12,2.1571055e-13,2.2623375e-13
1.213,1.4499823,4.1494629e-12,0.021437882,6.6397315e-13,7.357791e-06,nan,4.1494629e-12,3.2414198e-13,3.3983117e-13
1.2135,1.4499823,5.7315716e-12,0.021437816,9.1665892e-13,7.3577766e-06,nan,5.7315716e-12,4.4755685e-13,4.6910207e-13
1.214,1.4499823,7.4523314e-12,0.021437742,1.1914069e-12,7.3577603e-06,nan,7.4523314e-12,5.8175716e-13,6.0964969e-13
1.2145,1.4499823,9.2547597e-12,0.021437659,1.4791203e-12,7.3577421e-06,nan,9.2547597e-12,7.2229943e-13,7.568209e-13
1.215,1.4499823,1.1080477e-11,0.021437568,1.7704819e-12,7.3577223e-06,nan,1.1080477e-11,8.6463212e-13,9.0584977e-13
1.2155,1.4499823,1.2871477e-11,0.02143747,2.0562358e-12,7.357701e-06,nan,1.2871477e-11,1.0042336e-12,1.0520022e-12
1.216,1.4499823,1.4571857e-11,0.021437366,2.3274636e-12,7.3576783e-06,nan,1.4571857e-11,1.1367467e-12,1.1907169e-12
1.2165,1.4499823,1.6129449e-11,0.021437256,2.5758454e-12,7.3576546e-06,nan,1.6129449e-11,1.2581065e-12,1.3177389e-12
1.217,1.4499823,1.7497313e-11,0.021437142,2.7938969e-12,7.3576298e-06,nan,1.7497313e-11,1.364656e-12,1.4292409e-12
1.2175,1.4499823,1.8635053e-11,0.021437024,2.9751794e-12,7.3576044e-06,nan,1.8635053e-11,1.4532488e-12,1.5219306e-12
1.218,1.4499823,1.9509899e-11,0.021436904,3.1144727e-12,7.3575783e-06,nan,1.9509899e-11,1.5213337e-12,1.593139e-12
1.2185,1.4499823,2.0097559e-11,0.021436781,3.2079104e-12,7.3575519e-06,nan,2.0097559e-11,1.5670207e-12,1.6408897e-12
1.219,1.4499823,2.0382787e-11,0.021436658,3.2530702e-12,7.3575254e-06,nan,2.0382787e-11,1.5891252e-12,1.663945e-12
1.2195,1.4499823,2.0359683e-11,0.021436535,3.2490215e-12,7.3574989e-06,nan,2.0359683e-11,1.5871912e-12,1.6618303e-12
1.22,1.4499823,2.0031699e-11,0.021436413,3.1963258e-12,7.3574726e-06,nan,2.0031699e-11,1.5614917e-12,1.6348341e-12
1.2205,1.4499823,1.9411366e-11,0.021436293,3.0969938e-12,7.3574468e-06,nan,1.9411366e-11,1.5130078e-12,1.5839861e-12
1.221,1.4499823,1.8519763e-11,0.021436175,2.9543989e-12,7.3574216e-06,nan,1.8519763e-11,1.443386e-12,1.5110129e-12
1.2215,1.4499823,1.7385729e-11,0.021436062,2.7731522e-12,7.3573973e-06,nan,1.7385729e-11,1.3548779e-12,1.4182743e-12
1.222,1.4499823,1.6044861e-11,0.021435952,2.558942e-12,7.3573739e-06,nan,1.6044861e-11,1.2502616e-12,1.3086804e-12
1.2225,1.4499823,1.4538332e-11,0.021435848,2.3183447e-12,7.3573517e-06,nan,1.4538332e-11,1.1327488e-12,1.1855959e-12
1.223,1.4499823,1.2911558e-11,0.02143575,2.0586125e-12,7.3573308e-06,nan,1.2911558e-11,1.0058818e-12,1.0527307e-12
1.2235,1.4499823,1.121276e-11,0.021435659,1.7874436e-12,7.3573113e-06,nan,1.121276e-11,8.7342092e-13,9.1402272e-13
1.224,1.4499823,9.4914775e-12,0.021435575,1.5127447e-12,7.3572935e-06,nan,9.4914775e-12,7.3922853e-13,7.7351619e-13
1.2245,1.4499823,7.7970589e-12,0.021435498,1.2423902e-12,7.3572774e-06,nan,7.7970589e-12,6.0715149e-13,6.3523875e-13
1.225,1.4499823,6.1771901e-12,0.021435431,9.8398768e-13,7.3572631e-06,nan,6.1771901e-12,4.8090644e-13,5.0308124e-13
1.2255,1.4499823,4.6764974e-12,0.021435372,7.4465468e-13,7.3572507e-06,nan,4.6764974e-12,3.6397092e-13,3.8068376e-13
1.226,1.4499823,3.3352674e-12,0.021435322,5.3081478e-13,7.3572402e-06,nan,3.3352674e-12,2.5948356e-13,2.7133122e-13
1.2265,1.4499823,2.1883195e-12,0.021435281,3.4801788e-13,7.3572319e-06,nan,2.1883195e-12,1.7015639e-13,1.778615e-13
1.227,1.4499823,1.2640617e-12,0.021435251,2.0078963e-13,7.3572256e-06,nan,1.2640617e-12,9.8201152e-14,1.0258848e-13
1.2275,1.4499823,5.8375543e-13,0.02143523,9.2514448e-14,7.3572215e-06,nan,5.8375543e-13,4.5272241e-14,4.7242207e-14
1.228,1.4499823,1.6100733e-13,0.021435219,2.5354642e-14,7.3572195e-06,nan,1.6100733e-13,1.242706e-14,1.2927582e-14
1.2285,1.4499823,1.4986758e-15,0.021435218,2.0753062e-16,7.3572196e-06,nan,1.4986758e-15,1.050916e-16,1.0243902e-16
1.229,1.4499823,1.0295704e-13,0.021435227,1.6701195e-14,7.3572218e-06,nan,1.0295704e-13,8.1257759e-15,8.5754195e-15
1.2295,1.4499823,4.5536617e-13,0.021435245,7.3228261e-14,7.3572261e-06,nan,4.5536617e-13,3.5704969e-14,3.7523292e-14
1.23,1.4499823,1.0414038e-12,0.021435273,1.6701602e-13,7.3572324e-06,nan,1.0414038e-12,8.148918e-14,8.5526842e-14
1.2305,1.4499823,1.8370902e-12,0.02143531,2.9423016e-13,7.3572407e-06,nan,1.8370902e-12,1.4360624e-13,1.5062392e-13
1.231,1.4499823,2.8126241e-12,0.021435356,4.5010839e-13,7.3572508e-06,nan,2.8126241e-12,2.1973047e-13,2.3037793e-13
1.2315,1.4499823,3.933378e-12,0.02143541,6.2911945e-13,7.3572628e-06,nan,3.933378e-12,3.0716044e-13,3.2195901e-13
1.232,1.4499823,5.1610197e-12,0.021435472,8.2514218e-13,7.3572764e-06,nan,5.1610197e-12,4.0290638e-13,4.222358e-13
1.2325,1.4499823,6.4547254e-12,0.021435541,1.0316592e-12,7.3572916e-06,nan,6.4547254e-12,5.0378478e-13,5.2787446e-13
1.233,1.4499823,7.7724444e-12,0.021435617,1.2419591e-12,7.3573082e-06,nan,7.7724444e-12,6.065171e-13,6.3544196e-13
1.2335,1.4499823,9.072179e-12,0.021435699,1.44934e-12,7.3573261e-06,nan,9.072179e-12,7.078294e-13,7.4151058e-13
1.234,1.4499823,1.0313239e-11,0.021435787,1.6473105e-12,7.3573451e-06,nan,1.0313239e-11,8.045503e-13,8.4276018e-13
1.2345,1.4499823,1.1457437e-11,0.021435879,1.8297796e-12,7.3573652e-06,nan,1.1457437e-11,8.937039e-13,9.3607569e-13
1.235,1.4499823,1.2470181e-11,0.021435976,1.991232e-12,7.3573861e-06,nan,1.2470181e-11,9.7259528e-13,1.0186367e-12
1.2355,1.4499823,1.3321452e-11,0.021436075,2.1268823e-12,7.3574076e-06,nan,1.3321452e-11,1.0388861e-12,1.0879962e-12
1.236,1.4499823,1.3986613e-11,0.021436177,2.2328056e-12,7.3574297e-06,nan,1.3986613e-11,1.0906582e-12,1.1421474e-12
1.2365,1.4499823,1.4447053e-11,0.021436281,2.3060391e-12,7.357452e-06,nan,1.4447053e-11,1.1264634e-12,1.1795758e-12
1.237,1.4499823,1.4690635e-11,0.021436386,2.3446537e-12,7.3574746e-06,nan,1.4690635e-11,1.1453582e-12,1.1992955e-12
1.2375,1.4499823,1.4711943e-11,0.02143649,2.3477931e-12,7.3574971e-06,nan,1.4711943e-11,1.1469235e-12,1.2008696e-12
1.238,1.4499823,1.4512326e-11,0.021436594,2.31568e-12,7.3575195e-06,nan,1.4512326e-11,1.131267e-12,1.1844129e-12
1.2385,1.4499823,1.409973e-11,0.021436697,2.2495906e-12,7.3575415e-06,nan,1.409973e-11,1.0990114e-12,1.1505792e-12
1.239,1.4499823,1.3488352e-11,0.021436797,2.1517974e-12,7.357563e-06,nan,1.3488352e-11,1.0512658e-12,1.1005316e-12
1.2395,1.4499823,1.2698095e-11,0.021436894,2.0254831e-12,7.3575838e-06,nan,1.2698095e-11,9.8958432e-13,1.0358988e-12
1.24,1.4499823,1.1753875e-11,0.021436988,1.8746295e-12,7.3576038e-06,nan,1.1753875e-11,9.1591133e-13,9.5871813e-13
1.2405,1.4499823,1.0684783e-11,0.021437077,1.7038837e-12,7.3576229e-06,nan,1.0684783e-11,8.3251653e-13,8.7136718e-13
1.241,1.4499823,9.5231458e-12,0.021437161,1.5184079e-12,7.3576408e-06,nan,9.5231458e-12,7.4192122e-13,7.7648665e-13
1.2415,1.4499823,8.3034936e-12,0.02143724,1.3237148e-12,7.3576575e-06,nan,8.3034936e-12,6.4681821e-13,6.7689657e-13
1.242,1.4499823,7.0614932e-12,0.021437312,1.1254972e-12,7.3576729e-06,nan,7.0614932e-12,5.4998835e-13,5.755088e-13
1.2425,1.4499823,5.8328586e-12,0.021437378,9.2945415e-13,7.3576869e-06,nan,5.8328586e-12,4.5421577e-13,4.7523839e-13
1.243,1.4499823,4.6522823e-12,0.021437437,7.411205e-13,7.3576993e-06,nan,4.6522823e-12,3.6220446e-13,3.7891605e-13
1.2435,1.4499823,3.5524154e-12,0.021437489,5.6570414e-13,7.3577101e-06,nan,3.5524154e-12,2.7649885e-13,2.8920529e-13
1.244,1.4499823,2.5629279e-12,0.021437532,4.0793608e-13,7.3577193e-06,nan,2.5629279e-12,1.9941058e-13,2.085255e-13
1.2445,1.4499823,1.7096739e-12,0.021437568,2.7193748e-13,7.3577267e-06,nan,1.7096739e-12,1.3295346e-13,1.3898402e-13
1.245,1.4499823,1.0139867e-12,0.021437595,1.6110733e-13,7.3577323e-06,nan,1.0139867e-12,7.8788583e-14,8.2318747e-14
1.2455,1.4499823,4.9212128e-13,0.021437615,7.8033535e-14,7.3577361e-06,nan,4.9212128e-13,3.8180921e-14,3.9852615e-14
1.246,1.4499823,1.5485872e-13,0.021437625,2.4430093e-14,7.3577382e-06,nan,1.5485872e-13,1.1968572e-14,1.2461522e-14
1.2465,1.4499823,7.2815088e-15,0.021437628,1.1013508e-15,7.3577384e-06,nan,7.2815088e-15,5.4528499e-16,5.5606585e-16
1.247,1.4499823,4.8723169e-14,0.021437622,7.9342437e-15,7.3577368e-06,nan,4.8723169e-14,3.856635e-15,4.0776087e-15
1.2475,1.4499823,2.7289085e-13,0.021437607,4.3918019e-14,7.3577334e-06,nan,2.7289085e-13,2.1409649e-14,2.2508369e-14
1.248,1.4499823,6.6815393e-13,0.021437585,1.0719051e-13,7.3577284e-06,nan,6.6815393e-13,5.229538e-14,5.4895125e-14
1.2485,1.4499823,1.2179872e-12,0.021437555,1.95109e-13,7.3577216e-06,nan,1.2179872e-12,9.5223499e-14,9.9885497e-14
1.249,1.4499823,1.9015524e-12,0.021437517,3.0434324e-13,7.3577132e-06,nan,1.9015524e-12,1.4856772e-13,1.5577552e-13
1.2495,1.4499823,2.6943986e-12,0.021437472,4.3098725e-13,7.3577034e-06,nan,2.6943986e-12,2.1042042e-13,2.2056683e-13
1.25,1.4499823,3.5692576e-12,0.021437421,5.7068649e-13,7.357692e-06,nan,3.5692576e-12,2.7865471e-13,2.9203178e-13
1.2505,1.4499823,4.4969102e-12,0.021437363,7.1877604e-13,7.3576794e-06,nan,4.4969102e-12,3.5099197e-13,3.6778408e-13
1.251,1.4499823,5.4470945e-12,0.021437299,8.7042568e-13,7.3576654e-06,nan,5.4470945e-12,4.2507269e-13,4.4535299e-13
1.2515,1.4499823,6.3894298e-12,0.02143723,1.0207873e-12,7.3576504e-06,nan,6.3894298e-12,4.9852851e-13,5.2225883e-13
1.252,1.4499823,7.294327e-12,0.021437157,1.1651403e-12,7.3576344e-06,nan,7.294327e-12,5.6905314e-13,5.9608713e-13
1.2525,1.4499823,8.1338595e-12,0.021437079,1.2990302e-12,7.3576175e-06,nan,8.1338595e-12,6.3447032e-13,6.6455984e-13
1.253,1.4499823,8.8825686e-12,0.021436998,1.4183973e-12,7.3575999e-06,nan,8.8825686e-12,6.9279645e-13,7.2560082e-13
1.2535,1.4499823,9.5181809e-12,0.021436913,1.5196911e-12,7.3575816e-06,nan,9.5181809e-12,7.4229657e-13,7.773945e-13
1.254,1.4499823,1.0022217e-11,0.021436827,1.5999672e-12,7.357563e-06,nan,1.0022217e-11,7.8153177e-13,8.1843544e-13
1.2545,1.4499823,1.0380477e-11,0.021436739,1.6569647e-12,7.357544e-06,nan,1.0380477e-11,8.0939692e-13,8.4756782e-13
1.255,1.4499823,1.0583387e-11,0.02143665,1.6891614e-12,7.3575249e-06,nan,1.0583387e-11,8.2514774e-13,8.6401366e-13
1.2555,1.4499823,1.0626205e-11,0.021436561,1.6958061e-12,7.3575057e-06,nan,1.0626205e-11,8.2841657e-13,8.673895e-13
1.256,1.4499823,1.0509075e-11,0.021436473,1.6769274e-12,7.3574867e-06,nan,1.0509075e-11,8.1921673e-13,8.5771068e-13
1.2565,1.4499823,1.0236934e-11,0.021436386,1.633319e-12,7.3574679e-06,nan,1.0236934e-11,7.9793522e-13,8.3538373e-13
1.257,1.4499823,9.819282e-12,0.0214363,1.5665018e-12,7.3574496e-06,nan,9.819282e-12,7.6531446e-13,8.0118738e-13
1.2575,1.4499823,9.2698122e-12,0.021436217,1.4786661e-12,7.3574318e-06,nan,9.2698122e-12,7.2242379e-13,7.5624233e-13
1.258,1.4499823,8.605929e-12,0.021436137,1.3725934e-12,7.3574147e-06,nan,8.605929e-12,6.706215e-13,7.0197189e-13
1.2585,1.4499823,7.8481602e-12,0.02143606,1.251563e-12,7.3573983e-06,nan,7.8481602e-12,6.1150918e-13,6.4005384e-13
1.259,1.4499823,7.0194868e-12,0.021435988,1.1192451e-12,7.3573829e-06,nan,7.0194868e-12,5.4687945e-13,5.7236561e-13
1.2595,1.4499823,6.1446125e-12,0.021435921,9.7958349e-13,7.3573685e-06,nan,6.1446125e-12,4.7865871e-13,5.0092478e-13
1.26,1.4499823,5.2491931e-12,0.021435858,8.3667344e-13,7.3573552e-06,nan,5.2491931e-12,4.0884738e-13,4.2782606e-13
1.2605,1.4499823,4.3590523e-12,0.021435801,6.9463594e-13,7.3573432e-06,nan,4.3590523e-12,3.3945863e-13,3.551773e-13
1.261,1.4499823,3.4994067e-12,0.02143575,5.574941e-13,7.3573324e-06,nan,3.4994067e-12,2.7245796e-13,2.8503614e-13
1.2615,1.4499823,2.6941213e-12,0.021435705,4.2905466e-13,7.3573229e-06,nan,2.6941213e-12,2.0970519e-13,2.1934947e-13
1.262,1.4499823,1.9650209e-12,0.021435667,3.1279781e-13,7.3573149e-06,nan,1.9650209e-12,1.5290076e-13,1.5989706e-13
1.2625,1.4499823,1.3312727e-12,0.021435635,2.1177906e-13,7.3573084e-06,nan,1.3312727e-12,1.0353772e-13,1.0824133e-13
1.263,1.4499823,8.0886122e-13,0.021435611,1.2854538e-13,7.3573034e-06,nan,8.0886122e-13,6.2860776e-14,6.5684604e-14
1.2635,1.4499823,4.1016639e-13,0.021435593,6.5068088e-14,7.3572998e-06,nan,4.1016639e-13,3.1833456e-14,3.3234632e-14
1.264,1.4499823,1.4365792e-13,0.021435583,2.2694138e-14,7.3572979e-06,nan,1.4365792e-13,1.1114321e-14,1.1579816e-14
1.2645,1.4499823,1.371165e-14,0.02143558,2.1170217e-15,7.3572974e-06,nan,1.371165e-14,1.0427458e-15,1.0742759e-15
1.265,1.4499823,2.0551775e-14,0.021435584,3.3676599e-15,7.3572985e-06,nan,2.0551775e-14,1.6344209e-15,1.7332389e-15
1.2655,1.4499823,1.6031822e-13,0.021435595,2.5825314e-14,7.3573011e-06,nan,1.6031822e-13,1.2586683e-14,1.3238632e-14
1.266,1.4499823,4.2525499e-13,0.021435613,6.8247783e-14,7.3573052e-06,nan,4.2525499e-13,3.329324e-14,3.4954543e-14
1.2665,1.4499823,8.0401172e-13,0.021435637,1.2881962e-13,7.3573107e-06,nan,8.0401172e-13,6.2867728e-14,6.5951897e-14
1.267,1.4499823,1.2820472e-12,0.021435668,2.0521675e-13,7.3573175e-06,nan,1.2820472e-12,1.0017523e-13,1.0504152e-13
1.2675,1.4499823,1.8421215e-12,0.021435705,2.9468496e-13,7.3573257e-06,nan,1.8421215e-12,1.4387065e-13,1.5081431e-13
1.268,1.4499823,2.4648592e-12,0.021435748,3.9412996e-13,7.3573351e-06,nan,2.4648592e-12,1.9244269e-13,2.0168727e-13
1.2685,1.4499823,3.1293677e-12,0.021435796,5.0021607e-13,7.3573457e-06,nan,3.1293677e-12,2.4426198e-13,2.559541e-13
1.269,1.4499823,3.8138886e-12,0.021435849,6.0947021e-13,7.3573574e-06,nan,3.8138886e-12,2.9763199e-13,3.1183822e-13
1.2695,1.4499823,4.496464e-12,0.021435907,7.1838822e-13,7.35737e-06,nan,4.496464e-12,3.5084091e-13,3.6754731e-13
1.27,1.4499823,5.1555968e-12,0.021435969,8.2354029e-13,7.3573835e-06,nan,5.1555968e-12,4.0221316e-13,4.2132713e-13
1.2705,1.4499823,5.7708852e-12,0.021436035,9.2167214e-13,7.3573977e-06,nan,5.7708852e-12,4.5015875e-13,4.7151339e-13
1.271,1.4499823,6.3236136e-12,0.021436103,1.0097992e-12,7.3574126e-06,nan,6.3236136e-12,4.9321945e-13,5.1657971e-13
1.2715,1.4499823,6.7972814e-12,0.021436174,1.085291e-12,7.357428e-06,nan,6.7972814e-12,5.3010994e-13,5.5518104e-13
1.272,1.4499823,7.1780579e-12,0.021436248,1.1459436e-12,7.3574438e-06,nan,7.1780579e-12,5.5975318e-13,5.8619046e-13
1.2725,1.4499823,7.4551473e-12,0.021436322,1.1900379e-12,7.3574599e-06,nan,7.4551473e-12,5.8130889e-13,6.0872905e-13
1.273,1.4499823,7.6210574e-12,0.021436397,1.2163822e-12,7.3574761e-06,nan,7.6210574e-12,5.9419441e-13,6.2218783e-13
1.2735,1.4499823,7.6717652e-12,0.021436473,1.2243386e-12,7.3574924e-06,nan,7.6717652e-12,5.9809765e-13,6.2624095e-13
1.274,1.4499823,7.6067742e-12,0.021436548,1.2138319e-12,7.3575086e-06,nan,7.6067742e-12,5.9298138e-13,6.2085054e-13
1.2745,1.4499823,7.4290669e-12,0.021436623,1.1853421e-12,7.3575246e-06,nan,7.4290669e-12,5.7907961e-13,6.0626253e-13
1.275,1.4499823,7.1449528e-12,0.021436696,1.1398801e-12,7.3575402e-06,nan,7.1449528e-12,5.5688568e-13,5.8299442e-13
1.2755,1.4499823,6.7638206e-12,0.021436767,1.0789475e-12,7.3575554e-06,nan,6.7638206e-12,5.2713274e-13,5.5181478e-13
1.276,1.4499823,6.2978019e-12,0.021436835,1.0044835e-12,7.3575701e-06,nan,6.2978019e-12,4.907677e-13,5.1371579e-13
1.2765,1.4499823,5.7613594e-12,0.021436901,9.1879859e-13,7.3575841e-06,nan,5.7613594e-12,4.4891899e-13,4.698796e-13
1.277,1.4499823,5.1708126e-12,0.021436963,8.2449916e-13,7.3575973e-06,nan,5.1708126e-12,4.0285964e-13,4.2163951e-13
1.2775,1.4499823,4.5438164e-12,0.021437021,7.2440399e-13,7.3576097e-06,nan,4.5438164e-12,3.5396644e-13,3.7043755e-13
1.278,1.4499823,3.8988091e-12,0.021437075,6.2145628e-13,7.3576211e-06,nan,3.8988091e-12,3.0367709e-13,3.1777919e-13
1.2785,1.4499823,3.2544467e-12,0.021437124,5.1863328e-13,7.3576316e-06,nan,3.2544467e-12,2.5344605e-13,2.6518723e-13
1.279,1.4499823,2.6290413e-12,0.021437168,4.1885672e-13,7.3576409e-06,nan,2.6290413e-12,2.0470064e-13,2.1415607e-13
1.2795,1.4499823,2.040019e-12,0.021437207,3.2490632e-13,7.3576491e-06,nan,2.040019e-12,1.5879896e-13,1.6610736e-13
1.28,1.4499823,1.5034149e-12,0.021437241,2.3933923e-13,7.3576561e-06,nan,1.5034149e-12,1.1699041e-13,1.2234882e-13
1.2805,1.4499823,1.033418e-12,0.021437268,1.6441746e-13,7.3576619e-06,nan,1.033418e-12,8.0380299e-14,8.4037158e-14
1.281,1.4499823,6.4197968e-13,0.02143729,1.0204554e-13,7.3576664e-06,nan,6.4197968e-13,4.9899345e-14,5.2146192e-14
1.2815,1.4499823,3.384964e-13,0.021437306,5.3719899e-14,7.3576696e-06,nan,3.384964e-13,2.627894e-14,2.7440959e-14
1.282,1.4499823,1.2957411e-13,0.021437316,2.0491415e-14,7.3576715e-06,nan,1.2957411e-13,1.0032853e-14,1.0458562e-14
1.2825,1.4499823,1.8880467e-14,0.02143732,2.9419105e-15,7.3576721e-06,nan,1.8880467e-14,1.4457285e-15,1.496182e-15
1.283,1.4499823,7.0876033e-15,0.021437317,1.1751413e-15,7.3576714e-06,nan,7.0876033e-15,5.6868304e-16,6.0645829e-16
1.2835,1.4499823,9.1905483e-14,0.021437309,1.4822211e-14,7.3576694e-06,nan,9.1905483e-14,7.2219229e-15,7.6002883e-15
1.284,1.4499823,2.6820327e-13,0.021437295,4.3061063e-14,7.3576662e-06,nan,2.6820327e-13,2.1004258e-14,2.2056805e-14
1.2845,1.4499823,5.2821349e-13,0.021437275,8.464913e-14,7.3576617e-06,nan,5.2821349e-13,4.1309043e-14,4.3340087e-14
1.285,1.4499823,8.618114e-13,0.02143725,1.3796802e-13,7.3576561e-06,nan,8.618114e-13,6.734599e-14,7.0622032e-14
1.2855,1.4499823,1.2568599e-12,0.021437219,2.0107862e-13,7.3576493e-06,nan,1.2568599e-12,9.8168099e-14,1.0291052e-13
1.286,1.4499823,1.6996084e-12,0.021437184,2.7178483e-13,7.3576415e-06,nan,1.6996084e-12,1.3270276e-13,1.3908207e-13
1.2865,1.4499823,2.175133e-12,0.021437143,3.4770377e-13,7.3576327e-06,nan,2.175133e-12,1.6978607e-13,1.779177e-13
1.287,1.4499823,2.6678035e-12,0.021437099,4.2634048e-13,7.3576229e-06,nan,2.6678035e-12,2.0819927e-13,2.1814122e-13
1.2875,1.4499823,3.1617638e-12,0.02143705,5.0516446e-13,7.3576123e-06,nan,3.1617638e-12,2.4670618e-13,2.5845828e-13
1.288,1.4499823,3.6414096e-12,0.021436998,5.8168603e-13,7.357601e-06,nan,3.6414096e-12,2.8409053e-13,2.9759549e-13
1.2885,1.4499823,4.0918512e-12,0.021436943,6.5353e-13,7.357589e-06,nan,4.0918512e-12,3.1919189e-13,3.3433811e-13
1.289,1.4499823,4.4993456e-12,0.021436885,7.1850468e-13,7.3575765e-06,nan,4.4993456e-12,3.5093943e-13,3.6756525e-13
1.2895,1.4499823,4.851687e-12,0.021436825,7.7466412e-13,7.3575634e-06,nan,4.851687e-12,3.783823e-13,3.9628183e-13
1.29,1.4499823,5.1385445e-12,0.021436763,8.2036198e-13,7.3575501e-06,nan,5.1385445e-12,4.0071592e-13,4.1964606e-13
1.2905,1.4499823,5.3517373e-12,0.0214367,8.5429534e-13,7.3575364e-06,nan,5.3517373e-12,4.173035e-13,4.3699184e-13
1.291,1.4499823,5.4854411e-12,0.021436636,8.7553756e-13,7.3575227e-06,nan,5.4854411e-12,4.2769205e-13,4.4784551e-13
1.2915,1.4499823,5.5363201e-12,0.021436572,8.8355923e-13,7.3575088e-06,nan,5.5363201e-12,4.316226e-13,4.5193663e-13
1.292,1.4499823,5.503582e-12,0.021436508,8.7823692e-13,7.3574951e-06,nan,5.503582e-12,4.2903445e-13,4.4920247e-13
1.2925,1.4499823,5.3889565e-12,0.021436445,8.5984956e-13,7.3574814e-06,nan,5.3889565e-12,4.2006352e-13,4.3978604e-13
1.293,1.4499823,5.1965983e-12,0.021436382,8.2906299e-13,7.3574681e-06,nan,5.1965983e-12,4.0503474e-13,4.2402825e-13
1.2935,1.4499823,4.9329192e-12,0.021436322,7.86903e-13,7.3574551e-06,nan,4.9329192e-12,3.8444891e-13,4.0245409e-13
1.294,1.4499823,4.6063565e-12,0.021436263,7.3471831e-13,7.3574426e-06,nan,4.6063565e-12,3.5896464e-13,3.7575367e-13
1.2945,1.4499823,4.2270836e-12,0.021436207,6.7413442e-13,7.3574306e-06,nan,4.2270836e-12,3.2937574e-13,3.4475868e-13
1.295,1.4499823,3.8066754e-12,0.021436154,6.0699993e-13,7.3574192e-06,nan,3.8066754e-12,2.9658512e-13,3.1041481e-13
1.2955,1.4499823,3.3577366e-12,0.021436104,5.3532741e-13,7.3574086e-06,nan,3.3577366e-12,2.6157579e-13,2.7375162e-13
1.296,1.4499823,2.893506e-12,0.021436057,4.6123022e-13,7.3573987e-06,nan,2.893506e-12,2.253801e-13,2.3585012e-13
1.2965,1.4499823,2.4274498e-12,0.021436015,3.8685743e-13,7.3573897e-06,nan,2.4274498e-12,1.8904785e-13,1.9780958e-13
1.297,1.4499823,1.972854e-12,0.021435977,3.1432898e-13,7.3573816e-06,nan,1.972854e-12,1.5361471e-13,1.6071427e-13
1.2975,1.4499823,1.5424308e-12,0.021435943,2.456727e-13,7.3573744e-06,nan,1.5424308e-12,1.2007141e-13,1.2560129e-13
1.298,1.4499823,1.1479482e-12,0.021435913,1.8276533e-13,7.3573683e-06,nan,1.1479482e-12,8.9334892e-14,9.3430434e-14
1.2985,1.4499823,7.998949e-13,0.021435889,1.272791e-13,7.3573632e-06,nan,7.998949e-13,6.2222267e-14,6.5056831e-14
1.299,1.4499823,5.0718951e-13,0.02143587,8.0635347e-14,7.3573592e-06,nan,5.0718951e-13,3.94281e-14,4.1207247e-14
1.2995,1.4499823,2.7694173e-13,0.021435855,4.3966496e-14,7.3573563e-06,nan,2.7694173e-13,2.1505855e-14,2.2460641e-14
1.3,1.4499823,1.1427199e-13,0.021435846,1.8087301e-14,7.3573545e-06,nan,1.1427199e-13,8.8538395e-15,9.2334618e-15
1.3005,1.4499823,2.2193827e-14,0.021435842,3.4761855e-15,7.3573538e-06,nan,2.2193827e-14,1.7060723e-15,1.7701133e-15
1.301,1.4499823,1.5613219e-15,0.021435843,2.6690526e-16,7.3573542e-06,nan,1.5613219e-15,1.2820284e-16,1.3870242e-16
1.3015,1.4499823,5.1082113e-14,0.021435849,8.2507239e-15,7.3573557e-06,nan,5.1082113e-14,4.0185635e-15,4.2321604e-15
1.302,1.4499823,1.6739436e-13,0.02143586,2.6888762e-14,7.3573583e-06,nan,1.6739436e-13,1.3114193e-14,1.3774568e-14
1.3025,1.4499823,3.4520423e-13,0.021435876,5.5334006e-14,7.3573619e-06,nan,3.4520423e-13,2.7001579e-14,2.8332427e-14
1.303,1.4499823,5.7747871e-13,0.021435897,9.2462144e-14,7.3573665e-06,nan,5.7747871e-13,4.5131731e-14,4.7330413e-14
1.3035,1.4499823,8.5568701e-13,0.021435922,1.3691014e-13,7.3573721e-06,nan,8.5568701e-13,6.6838973e-14,7.0071163e-14
1.304,1.4499823,1.1700824e-12,0.021435952,1.8712126e-13,7.3573786e-06,nan,1.1700824e-12,9.1363006e-14,9.575825e-14
1.3045,1.4499823,1.5100155e-12,0.021435985,2.4139508e-13,7.357386e-06,nan,1.5100155e-12,1.1787324e-13,1.2352183e-13
1.305,1.4499823,1.8642688e-12,0.021436023,2.9794091e-13,7.3573941e-06,nan,1.8642688e-12,1.4549499e-13,1.5244592e-13
1.3055,1.4499823,2.2214022e-12,0.021436063,3.5493298e-13,7.357403e-06,nan,2.2214022e-12,1.7333636e-13,1.8159662e-13
1.306,1.4499823,2.5700993e-12,0.021436107,4.1056561e-13,7.3574125e-06,nan,2.5700993e-12,2.0051521e-13,2.100504e-13
1.3065,1.4499823,2.8995036e-12,0.021436154,4.6310693e-13,7.3574226e-06,nan,2.8995036e-12,2.2618545e-13,2.3692148e-13
1.307,1.4499823,3.1995347e-12,0.021436202,5.1094926e-13,7.3574332e-06,nan,3.1995347e-12,2.4956156e-13,2.6138769e-13
1.3075,1.4499823,3.4611761e-12,0.021436253,5.5265509e-13,7.3574442e-06,nan,3.4611761e-12,2.6994115e-13,2.8271394e-13
1.308,1.4499823,3.6767259e-12,0.021436305,5.869969e-13,7.3574555e-06,nan,3.6767259e-12,2.8672437e-13,3.0027253e-13
1.3085,1.4499823,3.8400032e-12,0.021436359,6.1299018e-13,7.3574671e-06,nan,3.8400032e-12,2.9943004e-13,3.1356014e-13
1.309,1.4499823,3.9465064e-12,0.021436413,6.2991859e-13,7.3574787e-06,nan,3.9465064e-12,3.0770798e-13,3.2221061e-13
1.3095,1.4499823,3.9935169e-12,0.021436468,6.3735037e-13,7.3574905e-06,nan,3.9935169e-12,3.1134701e-13,3.2600336e-13
1.31,1.4499823,3.9801496e-12,0.021436522,6.3514643e-13,7.3575022e-06,nan,3.9801496e-12,3.1027893e-13,3.248675e-13
1.3105,1.4499823,3.9073455e-12,0.021436576,6.2345906e-13,7.3575138e-06,nan,3.9073455e-12,3.0457787e-13,3.1888118e-13
1.311,1.4499823,3.7778116e-12,0.021436629,6.0272225e-13,7.3575252e-06,nan,3.7778116e-12,2.9445562e-13,3.0826663e-13
1.3115,1.4499823,3.5959079e-12,0.021436681,5.7363373e-13,7.3575363e-06,nan,3.5959079e-12,2.8025277e-13,2.9338097e-13
1.312,1.4499823,3.3674877e-12,0.021436731,5.3712924e-13,7.357547e-06,nan,3.3674877e-12,2.6242624e-13,2.74703e-13
1.3125,1.4499823,3.0996955e-12,0.021436779,4.943504e-13,7.3575573e-06,nan,3.0996955e-12,2.4153356e-13,2.5281684e-13
1.313,1.4499823,2.8007307e-12,0.021436825,4.4660678e-13,7.357567e-06,nan,2.8007307e-12,2.1821433e-13,2.2839245e-13
1.3135,1.4499823,2.4795828e-12,0.021436868,3.9533384e-13,7.3575762e-06,nan,2.4795828e-12,1.9316967e-13,2.0216417e-13
1.314,1.4499823,2.1457487e-12,0.021436908,3.4204763e-13,7.3575847e-06,nan,2.1457487e-12,1.6714016e-13,1.7490747e-13
1.3145,1.4499823,1.8089398e-12,0.021436944,2.8829809e-13,7.3575925e-06,nan,1.8089398e-12,1.4088292e-13,1.4741516e-13
1.315,1.4499823,1.4787871e-12,0.021436977,2.3562195e-13,7.3575995e-06,nan,1.4787871e-12,1.151487e-13,1.2047325e-13
1.3155,1.4499823,1.164555e-12,0.021437007,1.8549714e-13,7.3576057e-06,nan,1.164555e-12,9.0659539e-14,9.4837604e-14
1.316,1.4499823,8.7487063e-13,0.021437032,1.3929958e-13,7.3576111e-06,nan,8.7487063e-13,6.8087686e-14,7.1211893e-14
1.3165,1.4499823,6.1747685e-13,0.021437054,9.8263801e-14,7.3576155e-06,nan,6.1747685e-13,4.803637e-14,5.0227431e-14
1.317,1.4499823,3.9901682e-13,0.021437071,6.3448583e-14,7.3576191e-06,nan,3.9901682e-13,3.102298e-14,3.2425603e-14
1.3175,1.4499823,2.2485474e-13,0.021437084,3.570842e-14,7.3576217e-06,nan,2.2485474e-13,1.7465133e-14,1.8243287e-14
1.318,1.4499823,9.8938279e-14,0.021437093,1.5671592e-14,7.3576234e-06,nan,9.8938279e-14,7.6699541e-15,8.0016382e-15
1.3185,1.4499823,2.3705727e-14,0.021437097,3.7254238e-15,7.3576242e-06,nan,2.3705727e-14,1.8268722e-15,1.8985515e-15
1.319,1.4499823,4.0054255e-17,0.021437097,8.9988138e-18,7.357624e-06,nan,4.0054255e-17,4.0560811e-18,4.9427328e-18
1.3195,1.4499823,2.7270247e-14,0.021437092,4.4134244e-15,7.3576229e-06,nan,2.7270247e-14,2.1485284e-15,2.264896e-15
1.32,1.4499823,1.0321912e-13,0.021437083,1.6589522e-14,7.3576208e-06,nan,1.0321912e-13,8.0899215e-15,8.4996002e-15
1.3205,1.4499823,2.242953e-13,0.02143707,3.5962545e-14,7.3576179e-06,nan,2.242953e-13,1.7547661e-14,1.8414884e-14
1.321,1.4499823,3.856259e-13,0.021437053,6.1753417e-14,7.3576141e-06,nan,3.856259e-13,3.0141332e-14,3.1612085e-14
1.3215,1.4499823,5.8122514e-13,0.021437033,9.3005672e-14,7.3576095e-06,nan,5.8122514e-13,4.5403841e-14,4.7601831e-14
1.322,1.4499823,8.0419321e-13,0.021437008,1.2861719e-13,7.3576041e-06,nan,8.0419321e-13,6.2796917e-14,6.5820276e-14
1.3225,1.4499823,1.0469389e-12,0.02143698,1.6737585e-13,7.357598e-06,nan,1.0469389e-12,8.1728504e-14,8.564735e-14
1.323,1.4499823,1.3014192e-12,0.021436949,2.0799763e-13,7.3575912e-06,nan,1.3014192e-12,1.0157141e-13,1.0642622e-13
1.3235,1.4499823,1.5593875e-12,0.021436915,2.4916636e-13,7.3575837e-06,nan,1.5593875e-12,1.2168267e-13,1.2748369e-13
1.324,1.4499823,1.8126443e-12,0.021436878,2.8957367e-13,7.3575757e-06,nan,1.8126443e-12,1.4142312e-13,1.4815055e-13
1.3245,1.4499823,2.053281e-12,0.021436839,3.2795794e-13,7.3575672e-06,nan,2.053281e-12,1.601764e-13,1.6778154e-13
1.325,1.4499823,2.2739121e-12,0.021436798,3.6314118e-13,7.3575583e-06,nan,2.2739121e-12,1.7736696e-13,1.8577422e-13
1.3255,1.4499823,2.4678856e-12,0.021436755,3.9406281e-13,7.357549e-06,nan,2.4678856e-12,1.9247659e-13,2.0158622e-13
1.326,1.4499823,2.6294698e-12,0.021436711,4.1980927e-13,7.3575395e-06,nan,2.6294698e-12,2.0505885e-13,2.1475043e-13
1.3265,1.4499823,2.7540076e-12,0.021436666,4.3963867e-13,7.3575297e-06,nan,2.7540076e-12,2.1475117e-13,2.248875e-13
1.327,1.4499823,2.8380371e-12,0.02143662,4.5299996e-13,7.3575198e-06,nan,2.8380371e-12,2.2128419e-13,2.3171578e-13
1.3275,1.4499823,2.879373e-12,0.021436573,4.5954596e-13,7.3575098e-06,nan,2.879373e-12,2.2448811e-13,2.3505785e-13
1.328,1.4499823,2.87715e-12,0.021436527,4.5914006e-13,7.3574998e-06,nan,2.87715e-12,2.2429603e-13,2.3484403e-13
1.3285,1.4499823,2.8318242e-12,0.021436481,4.5185666e-13,7.3574899e-06,nan,2.8318242e-12,2.2074408e-13,2.3111258e-13
1.329,1.4499823,2.7451366e-12,0.021436436,4.3797503e-13,7.3574802e-06,nan,2.7451366e-12,2.1396852e-13,2.2400651e-13
1.3295,1.4499823,2.6200375e-12,0.021436392,4.1796741e-13,7.3574708e-06,nan,2.6200375e-12,2.0419988e-13,2.1376753e-13
1.33,1.4499823,2.4605767e-12,0.021436349,3.9248133e-13,7.3574616e-06,nan,2.4605767e-12,1.9175431e-13,2.0072702e-13
1.3305,1.4499823,2.2717628e-12,0.021436308,3.6231712e-13,7.3574528e-06,nan,2.2717628e-12,1.7702269e-13,1.8529443e-13
1.331,1.4499823,2.0593962e-12,0.021436269,3.2840131e-13,7.3574444e-06,nan,2.0593962e-12,1.6045752e-13,1.6794379e-13
1.3315,1.4499823,1.8298815e-12,0.021436232,2.9175658e-13,7.3574366e-06,nan,1.8298815e-12,1.4255832e-13,1.4919826e-13
1.332,1.4499823,1.5900249e-12,0.021436197,2.534695e-13,7.3574293e-06,nan,1.5900249e-12,1.2385584e-13,1.2961367e-13
1.3325,1.4499823,1.3468236e-12,0.021436166,2.1465689e-13,7.3574225e-06,nan,1.3468236e-12,1.0489562e-13,1.0976127e-13
1.333,1.4499823,1.1072531e-12,0.021436137,1.7643181e-13,7.3574165e-06,nan,1.1072531e-12,8.622143e-14,9.0210379e-14
1.3335,1.4499823,8.7805868e-13,0.021436111,1.3987035e-13,7.3574111e-06,nan,8.7805868e-13,6.835901e-14,7.1511344e-14
1.334,1.4499823,6.6555803e-13,0.021436089,1.0598017e-13,7.3574064e-06,nan,6.6555803e-13,5.1800658e-14,5.4179513e-14
1.3345,1.4499823,4.7545977e-13,0.02143607,7.5671506e-14,7.3574024e-06,nan,4.7545977e-13,3.6991133e-14,3.8680373e-14
1.335,1.4499823,3.1270355e-13,0.021436055,4.9731669e-14,7.3573993e-06,nan,3.1270355e-13,2.4315174e-14,2.5416495e-14
1.3355,1.4499823,1.8132606e-13,0.021436043,2.8803772e-14,7.3573969e-06,nan,1.8132606e-13,1.4087069e-14,1.4716703e-14
1.336,1.4499823,8.4356407e-14,0.021436036,1.3369996e-14,7.3573953e-06,nan,8.4356407e-14,6.542521e-15,6.8274747e-15
1.3365,1.4499823,2.374346e-14,0.021436031,3.7400636e-15,7.3573946e-06,nan,2.374346e-14,1.8329864e-15,1.9070772e-15
1.337,1.4499823,3.1687647e-16,0.021436031,4.5062462e-17,7.3573946e-06,nan,3.1687647e-16,2.2663376e-17,2.2399086e-17
1.3375,1.4499823,1.3782245e-14,0.021436034,2.2366969e-15,7.3573954e-06,nan,1.3782245e-14,1.0881182e-15,1.1485787e-15
1.338,1.4499823,6.2749963e-14,0.021436041,1.0091945e-14,7.357397e-06,nan,6.2749963e-14,4.9205542e-15,5.1713912e-15
1.3385,1.4499823,1.4479634e-13,0.021436051,2.3222837e-14,7.3573994e-06,nan,1.4479634e-13,1.1330589e-14,1.1892249e-14
1.339,1.4499823,2.5655456e-13,0.021436065,4.1091027e-14,7.3574024e-06,nan,2.5655456e-13,2.0055361e-14,2.1035666e-14
1.3395,1.4499823,3.9383218e-13,0.021436082,6.3026537e-14,7.3574062e-06,nan,3.9383218e-13,3.0767693e-14,3.2258844e-14
1.34,1.4499823,5.5175129e-13,0.021436103,8.8250179e-14,7.3574107e-06,nan,5.5175129e-13,4.3087037e-14,4.5163142e-14
1.3405,1.4499823,7.2490663e-13,0.021436126,1.158988e-13,7.3574158e-06,nan,7.2490663e-13,5.6591787e-14,5.9307015e-14
1.341,1.4499823,9.0753662e-13,0.021436152,1.450526e-13,7.3574215e-06,nan,9.0753662e-13,7.0832666e-14,7.4219932e-14
1.3415,1.4499823,1.0937021e-12,0.02143618,1.7476363e-13,7.3574277e-06,nan,1.0937021e-12,8.5346596e-14,8.9417036e-14
1.342,1.4499823,1.277467e-12,0.021436211,2.0408466e-13,7.3574345e-06,nan,1.277467e-12,9.9670858e-14,1.0441381e-13
1.3425,1.4499823,1.4530759e-12,0.021436244,2.3209749e-13,7.3574416e-06,nan,1.4530759e-12,1.1335684e-13,1.1874065e-13
1.343,1.4499823,1.6151231e-12,0.021436279,2.5793989e-13,7.3574491e-06,nan,1.6151231e-12,1.259833e-13,1.3195659e-13
1.3435,1.4499823,1.7587075e-12,0.021436315,2.8083039e-13,7.357457e-06,nan,1.7587075e-12,1.371684e-13,1.4366199e-13
1.344,1.4499823,1.8795706e-12,0.021436352,3.0009023e-13,7.3574651e-06,nan,1.8795706e-12,1.4658044e-13,1.5350979e-13
1.3445,1.4499823,1.9742124e-12,0.021436391,3.1516172e-13,7.3574734e-06,nan,1.9742124e-12,1.539469e-13,1.6121482e-13
1.345,1.4499823,2.0399821e-12,0.02143643,3.256229e-13,7.3574818e-06,nan,2.0399821e-12,1.5906149e-13,1.6656141e-13
1.3455,1.4499823,2.0751425e-12,0.021436469,3.3119764e-13,7.3574902e-06,nan,2.0751425e-12,1.6178922e-13,1.6940843e-13
1.346,1.4499823,2.0789056e-12,0.021436508,3.3176128e-13,7.3574987e-06,nan,2.0789056e-12,1.6206903e-13,1.6969225e-13
1.3465,1.4499823,2.0514391e-12,0.021436547,3.2734169e-13,7.3575071e-06,nan,2.0514391e-12,1.5991442e-13,1.6742727e-13
1.347,1.4499823,1.9938441e-12,0.021436586,3.1811568e-13,7.3575154e-06,nan,1.9938441e-12,1.5541162e-13,1.6270405e-13
1.3475,1.4499823,1.908106e-12,0.021436624,3.0440108e-13,7.3575235e-06,nan,1.908106e-12,1.4871578e-13,1.5568531e-13
1.348,1.4499823,1.7970185e-12,0.02143666,2.8664468e-13,7.3575313e-06,nan,1.7970185e-12,1.4004505e-13,1.4659963e-13
1.3485,1.4499823,1.6640865e-12,0.021436695,2.6540655e-13,7.3575388e-06,nan,1.6640865e-12,1.2967292e-13,1.3573364e-13
1.349,1.4499823,1.5134075e-12,0.021436729,2.413413e-13,7.357546e-06,nan,1.5134075e-12,1.179191e-13,1.234222e-13
1.3495,1.4499823,1.3495396e-12,0.021436761,2.1517673e-13,7.3575528e-06,nan,1.3495396e-12,1.051391e-13,1.1003763e-13
1.35,1.4499823,1.1773557e-12,0.02143679,1.8769087e-13,7.3575591e-06,nan,1.1773557e-12,9.1712917e-14,9.5977954e-14
1.3505,1.4499823,1.0018932e-12,0.021436818,1.5968771e-13,7.3575649e-06,nan,1.0018932e-12,7.8033309e-14,8.1654403e-14
1.351,1.4499823,8.2819953e-13,0.021436842,1.3197271e-13,7.3575701e-06,nan,8.2819953e-13,6.4493768e-14,6.7478945e-14
1.3515,1.4499823,6.6118147e-13,0.021436865,1.0532871e-13,7.3575748e-06,nan,6.6118147e-13,5.1476723e-14,5.3851985e-14
1.352,1.4499823,5.0546074e-13,0.021436884,8.0492855e-14,7.3575789e-06,nan,5.0546074e-13,3.9342342e-14,4.1150513e-14
1.3525,1.4499823,3.6524082e-13,0.0214369,5.8135435e-14,7.3575823e-06,nan,3.6524082e-13,2.8418133e-14,2.9717302e-14
1.353,1.4499823,2.4418873e-13,0.021436914,3.8840975e-14,7.3575851e-06,nan,2.4418873e-13,1.8989718e-14,1.9851256e-14
1.3535,1.4499823,1.4533484e-13,0.021436924,2.3092308e-14,7.3575873e-06,nan,1.4533484e-13,1.1293062e-14,1.1799246e-14
1.354,1.4499823,7.0993701e-14,0.021436932,1.1257928e-14,7.3575887e-06,nan,7.0993701e-14,5.5082832e-15,5.7496452e-15
1.3545,1.4499823,2.2707493e-14,0.021436936,3.5830352e-15,7.3575895e-06,nan,2.2707493e-14,1.755276e-15,1.8277591e-15
1.355,1.4499823,1.2137438e-15,0.021436937,1.8437306e-16,7.3575896e-06,nan,1.2137438e-15,9.1185369e-17,9.3187693e-17
1.3555,1.4499823,6.4376055e-15,0.021436934,1.0490472e-15,7.357589e-06,nan,6.4376055e-15,5.0982886e-16,5.3921839e-16
1.356,1.4499823,3.7508602e-14,0.021436929,6.0372211e-15,7.3575878e-06,nan,3.7508602e-14,2.9430051e-15,3.094216e-15
1.3565,1.4499823,9.2800861e-14,0.021436921,1.4888564e-14,7.3575859e-06,nan,9.2800861e-14,7.2636448e-15,7.6249195e-15
1.357,1.4499823,1.6999523e-13,0.02143691,2.7232202e-14,7.3575834e-06,nan,1.6999523e-13,1.3290665e-14,1.3941537e-14
1.3575,1.4499823,2.66161e-13,0.021436896,4.2599749e-14,7.3575802e-06,nan,2.66161e-13,2.0795339e-14,2.180441e-14
1.358,1.4499823,3.778545e-13,0.021436879,6.044108e-14,7.3575765e-06,nan,3.778545e-13,2.9508997e-14,3.0932084e-14
1.3585,1.4499823,5.0123122e-13,0.021436859,8.0142251e-14,7.3575723e-06,nan,5.0123122e-13,3.9131763e-14,4.1010487e-14
1.359,1.4499823,6.3216795e-13,0.021436838,1.0104499e-13,7.3575675e-06,nan,6.3216795e-13,4.9342103e-14,5.1702883e-14
1.3595,1.4499823,7.6639108e-13,0.021436814,1.2246716e-13,7.3575623e-06,nan,7.6639108e-13,5.9806798e-14,6.2660361e-14
1.36,1.4499823,8.9960708e-13,0.021436788,1.437236e-13,7.3575567e-06,nan,8.9960708e-13,7.0191143e-14,7.3532461e-14
1.3605,1.4499823,1.0276312e-12,0.02143676,1.6414668e-13,7.3575507e-06,nan,1.0276312e-12,8.0168965e-14,8.3977714e-14
1.361,1.4499823,1.1465109e-12,0.021436731,1.8310593e-13,7.3575443e-06,nan,1.1465109e-12,8.9432229e-14,9.3673697e-14
1.3615,1.4499823,1.2526396e-12,0.021436701,2.0002621e-13,7.3575377e-06,nan,1.2526396e-12,9.7699937e-14,1.0232627e-13
1.362,1.4499823,1.3428583e-12,0.021436669,2.1440402e-13,7.3575309e-06,nan,1.3428583e-12,1.0472605e-13,1.0967797e-13
1.3625,1.4499823,1.4145427e-12,0.021436637,2.2582116e-13,7.3575238e-06,nan,1.4145427e-12,1.1030619e-13,1.1551497e-13
1.363,1.4499823,1.4656712e-12,0.021436603,2.3395575e-13,7.3575167e-06,nan,1.4656712e-12,1.1428303e-13,1.1967272e-13
1.3635,1.4499823,1.4948752e-12,0.02143657,2.3859017e-13,7.3575095e-06,nan,1.4948752e-12,1.1655015e-13,1.2204002e-13
1.364,1.4499823,1.5014682e-12,0.021436537,2.3961569e-13,7.3575023e-06,nan,1.5014682e-12,1.1705435e-13,1.2256134e-13
1.3645,1.4499823,1.4854541e-12,0.021436503,2.3703373e-13,7.3574952e-06,nan,1.4854541e-12,1.1579623e-13,1.212375e-13
1.365,1.4499823,1.4475146e-12,0.021436471,2.3095386e-13,7.3574881e-06,nan,1.4475146e-12,1.1282921e-13,1.1812465e-13
1.3655,1.4499823,1.3889769e-12,0.021436438,2.2158861e-13,7.3574812e-06,nan,1.3889769e-12,1.0825704e-13,1.1333157e-13
1.366,1.4499823,1.3117624e-12,0.021436407,2.0924528e-13,7.3574745e-06,nan,1.3117624e-12,1.0222974e-13,1.0701553e-13
1.3665,1.4499823,1.2183184e-12,0.021436377,1.9431502e-13,7.3574681e-06,nan,1.2183184e-12,9.493833e-14,9.9376687e-14
1.367,1.4499823,1.1115358e-12,0.021436348,1.7725963e-13,7.3574619e-06,nan,1.1115358e-12,8.6608341e-14,9.0651289e-14
1.3675,1.4499823,9.9465436e-13,0.021436321,1.5859653e-13,7.3574561e-06,nan,9.9465436e-13,7.7492502e-14,8.1104032e-14
1.368,1.4499823,8.7115984e-13,0.021436296,1.3888224e-13,7.3574507e-06,nan,8.7115984e-13,6.7862631e-14,7.1019605e-14
1.3685,1.4499823,7.4467516e-13,0.021436272,1.1869502e-13,7.3574457e-06,nan,7.4467516e-13,5.8001232e-14,6.0693789e-14
1.369,1.4499823,6.1884963e-13,0.021436251,9.8617245e-14,7.3574411e-06,nan,6.1884963e-13,4.8192769e-14,5.0424476e-14
1.3695,1.4499823,4.9724929e-13,0.021436231,7.9217877e-14,7.3574371e-06,nan,4.9724929e-13,3.871521e-14,4.0502667e-14
1.37,1.4499823,3.8325173e-13,0.021436214,6.1035661e-14,7.3574335e-06,nan,3.8325173e-13,2.983178e-14,3.120388e-14
1.3705,1.4499823,2.7994846e-13,0.0214362,4.4563585e-14,7.3574305e-06,nan,2.7994846e-13,2.1783351e-14,2.2780234e-14
1.371,1.4499823,1.9005748e-13,0.021436188,3.0234933e-14,7.357428e-06,nan,1.9005748e-13,1.478164e-14,1.5453294e-14
1.3715,1.4499823,1.1584868e-13,0.021436179,1.8411393e-14,7.3574261e-06,nan,1.1584868e-13,9.003404e-15,9.4079891e-15
1.372,1.4499823,5.9083965e-14,0.021436172,9.3735291e-15,7.3574248e-06,nan,5.9083965e-14,4.5857722e-15,4.7877569e-15
1.3725,1.4499823,2.0973567e-14,0.021436168,3.3138169e-15,7.357424e-06,nan,2.0973567e-14,1.6228557e-15,1.6909613e-15
1.373,1.4499823,2.149738e-15,0.021436167,3.3247045e-16,7.3574238e-06,nan,2.149738e-15,1.6369016e-16,1.6878029e-16
1.3735,1.4499823,2.6581386e-15,0.021436168,4.3608914e-16,7.3574242e-06,nan,2.6581386e-15,2.1158441e-16,2.2450473e-16
1.374,1.4499823,2.1966943e-14,0.021436172,3.5391327e-15,7.3574252e-06,nan,2.1966943e-14,1.724831e-15,1.8143017e-15
1.3745,1.4499823,5.8993055e-14,0.021436179,9.4681264e-15,7.3574267e-06,nan,5.8993055e-14,4.6187625e-15,4.8493639e-15
1.375,1.4499823,1.1214434e-13,0.021436188,1.7968409e-14,7.3574288e-06,nan,1.1214434e-13,8.7690444e-15,9.1993648e-15
1.3755,1.4499823,1.7937634e-13,0.0214362,2.8713209e-14,7.3574313e-06,nan,1.7937634e-13,1.4016107e-14,1.4697102e-14
1.376,1.4499823,2.5826146e-13,0.021436214,4.1314703e-14,7.3574344e-06,nan,2.5826146e-13,2.0170541e-14,2.1144162e-14
1.3765,1.4499823,3.4606846e-13,0.02143623,5.5336707e-14,7.3574379e-06,nan,3.4606846e-13,2.7019309e-14,2.8317398e-14
1.377,1.4499823,4.3984953e-13,0.021436248,7.0308575e-14,7.3574419e-06,nan,4.3984953e-13,3.4332523e-14,3.5976051e-14
1.3775,1.4499823,5.365323e-13,0.021436268,8.573989e-14,7.3574463e-06,nan,5.365323e-13,4.1870621e-14,4.3869269e-14
1.378,1.4499823,6.3301399e-13,0.021436289,1.0113548e-13,7.357451e-06,nan,6.3301399e-13,4.9391709e-14,5.1743776e-14
1.3785,1.4499823,7.2625471e-13,0.021436313,1.1601034e-13,7.3574561e-06,nan,7.2625471e-13,5.6658838e-14,5.9351506e-14
1.379,1.4499823,8.1336725e-13,0.021436337,1.2990394e-13,7.3574614e-06,nan,8.1336725e-13,6.3447006e-14,6.6456932e-14
1.3795,1.4499823,8.9170068e-13,0.021436363,1.4239353e-13,7.357467e-06,nan,8.9170068e-13,6.9549673e-14,7.2843855e-14
1.38,1.4499823,9.5891546e-13,0.02143639,1.5310614e-13,7.3574728e-06,nan,9.5891546e-13,7.4784578e-14,7.8321558e-14
1.3805,1.4499823,1.0130478e-12,0.021436417,1.6172884e-13,7.3574787e-06,nan,1.0130478e-12,7.8998794e-14,8.2730042e-14
1.381,1.4499823,1.0525615e-12,0.021436445,1.6801702e-13,7.3574848e-06,nan,1.0525615e-12,8.207278e-14,8.5944244e-14
1.3815,1.4499823,1.0763868e-12,0.021436474,1.7180048e-13,7.3574909e-06,nan,1.0763868e-12,8.3923304e-14,8.7877177e-14
1.382,1.4499823,1.0839431e-12,0.021436502,1.7298717e-13,7.357497e-06,nan,1.0839431e-12,8.4505338e-14,8.8481827e-14
1.3825,1.4499823,1.0751486e-12,0.02143653,1.715646e-13,7.3575031e-06,nan,1.0751486e-12,8.3812714e-14,8.7751882e-14
1.383,1.4499823,1.0504131e-12,0.021436558,1.6759874e-13,7.3575091e-06,nan,1.0504131e-12,8.1877581e-14,8.5721155e-14
1.3835,1.4499823,1.010617e-12,0.021436586,1.6123066e-13,7.357515e-06,nan,1.010617e-12,7.8768794e-14,8.2461863e-14
1.384,1.4499823,9.5707708e-13,0.021436612,1.5267095e-13,7.3575207e-06,nan,9.5707708e-13,7.458917e-14,7.8081781e-14
1.3845,1.4499823,8.9149868e-13,0.021436638,1.4219222e-13,7.3575262e-06,nan,8.9149868e-13,6.9471821e-14,7.2720399e-14
1.385,1.4499823,8.1591808e-13,0.021436663,1.3011979e-13,7.3575315e-06,nan,8.1591808e-13,6.357563e-14,6.6544161e-14
1.3855,1.4499823,7.326356e-13,0.021436686,1.1682103e-13,7.3575365e-06,nan,7.326356e-13,5.7080029e-14,5.9741002e-14
1.386,1.4499823,6.4414202e-13,0.021436708,1.0269363e-13,7.3575411e-06,nan,6.4414202e-13,5.0179265e-14,5.2514361e-14
1.3865,1.4499823,5.5304073e-13,0.021436728,8.8153139e-14,7.3575454e-06,nan,5.5304073e-13,4.3076331e-14,4.5076808e-14
1.387,1.4499823,4.6196779e-13,0.021436747,7.3620273e-14,7.3575494e-06,nan,4.6196779e-13,3.5976748e-14,3.7643525e-14
1.3875,1.4499823,3.7351252e-13,0.021436764,5.9508138e-14,7.3575529e-06,nan,3.7351252e-13,2.9082334e-14,3.0425804e-14
1.388,1.4499823,2.9014088e-13,0.021436778,4.6210098e-14,7.357556e-06,nan,2.9014088e-13,2.2585276e-14,2.3624822e-14
1.3885,1.4499823,2.141239e-13,0.021436791,3.4088317e-14,7.3575586e-06,nan,2.141239e-13,1.6662518e-14,1.7425799e-14
1.389,1.4499823,1.4747322e-13,0.021436801,2.3463495e-14,7.3575608e-06,nan,1.4747322e-13,1.1470769e-14,1.1992726e-14
1.3895,1.4499823,9.1885544e-14,0.02143681,1.4606023e-14,7.3575625e-06,nan,9.1885544e-14,7.1421644e-15,7.4638583e-15
1.39,1.4499823,4.8697547e-14,0.021436816,7.7287777e-15,7.3575637e-06,nan,4.8697547e-14,3.7807491e-15,3.9480287e-15
1.3905,1.4499823,1.8852283e-14,0.021436819,2.981781e-15,7.3575645e-06,nan,1.8852283e-14,1.4598685e-15,1.5219125e-15
1.391,1.4499823,2.8780202e-15,0.021436821,4.4884703e-16,7.3575647e-06,nan,2.8780202e-15,2.2052575e-16,2.2832128e-16
1.3915,1.4499823,8.7983688e-16,0.02143682,1.4625035e-16,7.3575644e-06,nan,8.7983688e-16,7.0730568e-17,7.5519784e-17
1.392,1.4499823,1.2544037e-14,0.021436817,2.0234426e-15,7.3575637e-06,nan,1.2544037e-14,9.8584919e-16,1.0375934e-15
1.3925,1.4499823,3.7155006e-14,0.021436812,5.9657609e-15,7.3575625e-06,nan,3.7155006e-14,2.9099227e-15,3.0558382e-15
1.393,1.4499823,7.3623784e-14,0.021436804,1.1799e-14,7.3575608e-06,nan,7.3623784e-14,5.7579032e-15,6.0410964e-15
1.3935,1.4499823,1.2052731e-13,0.021436795,1.9295679e-14,7.3575587e-06,nan,1.2052731e-13,9.418707e-15,9.8769719e-15
1.394,1.4499823,1.7615692e-13,0.021436783,2.8182818e-14,7.3575562e-06,nan,1.7615692e-13,1.375902e-14,1.4423798e-14
1.3945,1.4499823,2.3857459e-13,0.02143677,3.8150891e-14,7.3575533e-06,nan,2.3857459e-13,1.8627664e-14,1.9523227e-14
1.395,1.4499823,3.0567495e-13,0.021436755,4.886373e-14,7.3575499e-06,nan,3.0567495e-13,2.3860441e-14,2.5003288e-14
1.3955,1.4499823,3.7525126e-13,0.021436738,5.9969091e-14,7.3575463e-06,nan,3.7525126e-13,2.9285283e-14,3.0683808e-14
1.396,1.4499823,4.4506321e-13,0.02143672,7.1109438e-14,7.3575423e-06,nan,4.4506321e-13,3.4727534e-14,3.6381904e-14
1.3965,1.4499823,5.1290451e-13,0.021436701,8.193274e-14,7.3575381e-06,nan,5.1290451e-13,4.0015216e-14,4.1917524e-14
1.397,1.4499823,5.7666828e-13,0.02143668,9.2102915e-14,7.3575336e-06,nan,5.7666828e-13,4.498413e-14,4.7118785e-14
1.3975,1.4499823,6.3440824e-13,0.021436658,1.0130958e-13,7.3575289e-06,nan,6.3440824e-13,4.9482628e-14,5.1826955e-14
1.398,1.4499823,6.8439412e-13,0.021436636,1.0927688e-13,7.357524e-06,nan,6.8439412e-13,5.3375912e-14,5.5900972e-14
1.3985,1.4499823,7.2515943e-13,0.021436612,1.1577111e-13,7.3575189e-06,nan,7.2515943e-13,5.6549781e-14,5.9221326e-14
1.399,1.4499823,7.5554071e-13,0.021436589,1.2060696e-13,7.3575138e-06,nan,7.5554071e-13,5.8913666e-14,6.1693296e-14
1.3995,1.4499823,7.7470684e-13,0.021436565,1.236522e-13,7.3575086e-06,nan,7.7470684e-13,6.0402916e-14,6.3249282e-14
1.4,1.4499823,7.8217796e-13,0.02143654,1.2483065e-13,7.3575034e-06,nan,7.8217796e-13,6.0980287e-14,6.3850366e-14
1.4005,1.4499823,7.7783353e-13,0.021436516,1.2412351e-13,7.3574983e-06,nan,7.7783353e-13,6.063652e-14,6.3486993e-14
1.401,1.4499823,7.6190954e-13,0.021436493,1.2156886e-13,7.3574931e-06,nan,7.6190954e-13,5.9390167e-14,6.2178689e-14
1.4015,1.4499823,7.3498502e-13,0.021436469,1.172595e-13,7.3574881e-06,nan,7.3498502e-13,5.7286525e-14,5.9972973e-14
1.402,1.4499823,6.9795863e-13,0.021436446,1.113392e-13,7.3574832e-06,nan,6.9795863e-13,5.4395784e-14,5.6943417e-14
1.4025,1.4499823,6.5201602e-13,0.021436424,1.039975e-13,7.3574785e-06,nan,6.5201602e-13,5.0810493e-14,5.3187005e-14
1.403,1.4499823,5.9858927e-13,0.021436403,9.5463207e-14,7.357474e-06,nan,5.9858927e-13,4.6642389e-14,4.8820818e-14
1.4035,1.4499823,5.3930959e-13,0.021436383,8.5996848e-14,7.3574697e-06,nan,5.3930959e-13,4.2018723e-14,4.3978125e-14
1.404,1.4499823,4.7595504e-13,0.021436364,7.5882322e-14,7.3574657e-06,nan,4.7595504e-13,3.707816e-14,3.8804162e-14
1.4045,1.4499823,4.1039463e-13,0.021436347,6.5417983e-14,7.357462e-06,nan,4.1039463e-13,3.1966448e-14,3.3451535e-14
1.405,1.4499823,3.4453085e-13,0.021436331,5.4907461e-14,7.3574586e-06,nan,3.4453085e-13,2.6831906e-14,2.8075554e-14
1.4055,1.4499823,2.8024214e-13,0.021436316,4.4650461e-14,7.3574556e-06,nan,2.8024214e-13,2.182095e-14,2.2829511e-14
1.406,1.4499823,2.1932711e-13,0.021436304,3.4933911e-14,7.3574529e-06,nan,2.1932711e-13,1.7073755e-14,1.7860156e-14
1.4065,1.4499823,1.634522e-13,0.021436293,2.6023584e-14,7.3574505e-06,nan,1.634522e-13,1.2720179e-14,1.3303405e-14
1.407,1.4499823,1.1410417e-13,0.021436283,1.8156515e-14,7.3574486e-06,nan,1.1410417e-13,8.8760462e-15,9.2804693e-15
1.4075,1.4499823,7.2548822e-14,0.021436276,1.1534436e-14,7.3574471e-06,nan,7.2548822e-14,5.6399344e-15,5.8945017e-15
1.408,1.4499823,3.9797118e-14,0.021436271,6.3183663e-15,7.357446e-06,nan,3.9797118e-14,3.0905437e-15,3.2278226e-15
1.4085,1.4499823,1.6579461e-14,0.021436267,2.6245329e-15,7.3574453e-06,nan,1.6579461e-14,1.2846884e-15,1.3398444e-15
1.409,1.4499823,3.328866e-15,0.021436265,5.2168347e-16,7.357445e-06,nan,3.328866e-15,2.5600097e-16,2.6568249e-16
1.4095,1.4499823,1.7331471e-16,0.021436266,2.9885725e-17,7.3574452e-06,nan,1.7331471e-16,1.4324846e-17,1.5560878e-17
1.41,1.4499823,6.9373725e-15,0.021436268,1.1207893e-15,7.3574457e-06,nan,6.9373725e-15,5.4585379e-16,5.749355e-16
1.4105,1.4499823,2.3152851e-14,0.021436272,3.7193439e-15,7.3574467e-06,nan,2.3152851e-14,1.813966e-15,1.9053779e-15
1.411,1.4499823,4.8078038e-14,0.021436278,7.706871e-15,7.3574481e-06,nan,4.8078038e-14,3.7607231e-15,3.9461479e-15
1.4115,1.4499823,8.0724761e-14,0.021436286,1.2925399e-14,7.3574498e-06,nan,8.0724761e-14,6.3089889e-15,6.6164098e-15
1.412,1.4499823,1.1989235e-13,0.021436295,1.9183078e-14,7.3574519e-06,nan,1.1989235e-13,9.365069e-15,9.8180094e-15
1.4125,1.4499823,1.6420731e-13,0.021436306,2.6260534e-14,7.3574543e-06,nan,1.6420731e-13,1.2821823e-14,1.3438711e-14
1.413,1.4499823,2.1216754e-13,0.021436319,3.3917924e-14,7.3574571e-06,nan,2.1216754e-13,1.6562095e-14,1.7355829e-14
1.4135,1.4499823,2.6218948e-13,0.021436333,4.1902463e-14,7.3574601e-06,nan,2.6218948e-13,2.046241e-14,2.1440053e-14
1.414,1.4499823,3.1265699e-13,0.021436348,4.9956211e-14,7.3574635e-06,nan,3.1265699e-13,2.4396764e-14,2.5559447e-14
1.4145,1.4499823,3.6197022e-13,0.021436365,5.7823904e-14,7.357467e-06,nan,3.6197022e-13,2.8240456e-14,2.9583448e-14
1.415,1.4499823,4.0859319e-13,0.021436382,6.5260497e-14,7.3574708e-06,nan,4.0859319e-13,3.1873767e-14,3.338673e-14
1.4155,1.4499823,4.5109855e-13,0.0214364,7.2038364e-14,7.3574748e-06,nan,4.5109855e-13,3.5185473e-14,3.6852891e-14
1.416,1.4499823,4.8820836e-13,0.02143642,7.7953756e-14,7.3574789e-06,nan,4.8820836e-13,3.8076027e-14,3.9877729e-14
1.4165,1.4499823,5.1882962e-13,0.021436439,8.2832463e-14,7.3574832e-06,nan,5.1882962e-13,4.0460298e-14,4.2372165e-14
1.417,1.4499823,5.4208363e-13,0.021436459,8.6534531e-14,7.3574875e-06,nan,5.4208363e-13,4.2269877e-14,4.4264654e-14
1.4175,1.4499823,5.5732848e-13,0.02143648,8.8957808e-14,7.3574919e-06,nan,5.5732848e-13,4.3454832e-14,4.5502975e-14
1.418,1.4499823,5.6417397e-13,0.0214365,9.0040304e-14,7.3574963e-06,nan,5.6417397e-13,4.3984852e-14,4.6055452e-14
1.4185,1.4499823,5.6248879e-13,0.021436521,8.9761374e-14,7.3575007e-06,nan,5.6248879e-13,4.3849804e-14,4.591157e-14
1.419,1.4499823,5.5239981e-13,0.021436541,8.8141574e-14,7.3575051e-06,nan,5.5239981e-13,4.3059689e-14,4.5081885e-14
1.4195,1.4499823,5.3428367e-13,0.021436561,8.5241297e-14,7.3575094e-06,nan,5.3428367e-13,4.1643994e-14,4.3597303e-14
1.42,1.4499823,5.0875105e-13,0.02143658,8.1158253e-14,7.3575135e-06,nan,5.0875105e-13,3.9650403e-14,4.150785e-14
1.4205,1.4499823,4.7662422e-13,0.021436599,7.602391e-14,7.3575176e-06,nan,4.7662422e-13,3.7143116e-14,3.8880793e-14
1.421,1.4499823,4.3890861e-13,0.021436617,6.9998919e-14,7.3575214e-06,nan,4.3890861e-13,3.4200588e-14,3.5798331e-14
1.4215,1.4499823,3.9675953e-13,0.021436634,6.3267814e-14,7.3575251e-06,nan,3.9675953e-13,3.0912947e-14,3.2354867e-14
1.422,1.4499823,3.514449e-13,0.021436651,5.6033058e-14,7.3575286e-06,nan,3.514449e-13,2.7379084e-14,2.8653974e-14
1.4225,1.4499823,3.0430527e-13,0.021436666,4.8508654e-14,7.3575318e-06,nan,3.0430527e-13,2.3703526e-14,2.4805128e-14
1.423,1.4499823,2.5671249e-13,0.021436679,4.0913538e-14,7.3575347e-06,nan,2.5671249e-13,1.9993231e-14,2.0920307e-14
1.4235,1.4499823,2.1002806e-13,0.021436692,3.3464961e-14,7.3575373e-06,nan,2.1002806e-13,1.6354334e-14,1.7110627e-14
1.424,1.4499823,1.6556262e-13,0.021436703,2.6372007e-14,7.3575397e-06,nan,1.6556262e-13,1.2888979e-14,1.3483028e-14
1.4245,1.4499823,1.2453763e-13,0.021436713,1.9829484e-14,7.3575417e-06,nan,1.2453763e-13,9.692347e-15,1.0137137e-14
1.425,1.4499823,8.8050441e-14,0.021436721,1.401235e-14,7.3575434e-06,nan,8.8050441e-14,6.8499281e-15,7.1624221e-15
1.4255,1.4499823,5.7043669e-14,0.021436727,9.070854e-15,7.3575447e-06,nan,5.7043669e-14,4.435141e-15,4.635713e-15
1.426,1.4499823,3.2279784e-14,0.021436732,5.1264508e-15,7.3575457e-06,nan,3.2279784e-14,2.5073427e-15,2.6191081e-15
1.4265,1.4499823,1.4321502e-14,0.021436735,2.2686981e-15,7.3575464e-06,nan,1.4321502e-14,1.1103155e-15,1.1583825e-15
1.427,1.4499823,3.5185264e-15,0.021436737,5.531529e-16,7.3575467e-06,nan,3.5185264e-15,2.7122984e-16,2.8192306e-16
1.4275,1.4499823,8.8940469e-19,0.021436737,3.079335e-19,7.3575466e-06,nan,8.8940469e-19,1.2691784e-19,1.8101567e-19
1.428,1.4499823,3.6789829e-15,0.021436735,5.956064e-16,7.3575462e-06,nan,3.6789829e-15,2.8992703e-16,3.0567938e-16
1.4285,1.4499823,1.4250159e-14,0.021436732,2.2905038e-15,7.3575454e-06,nan,1.4250159e-14,1.1169457e-15,1.1735581e-15
1.429,1.4499823,3.1211583e-14,0.021436727,5.0045279e-15,7.3575444e-06,nan,3.1211583e-14,2.4418991e-15,2.5626288e-15
1.4295,1.4499823,5.3878849e-14,0.021436721,8.6282517e-15,7.3575429e-06,nan,5.3878849e-14,4.2113552e-15,4.4168965e-15
1.43,1.4499823,8.1409687e-14,0.021436713,1.3027088e-14,7.3575412e-06,nan,8.1409687e-14,6.3595886e-15,6.6674995e-15
1.4305,1.4499823,1.1283197e-13,0.021436704,1.8045763e-14,7.3575392e-06,nan,1.1283197e-13,8.8107639e-15,9.2349993e-15
1.431,1.4499823,1.4707512e-13,0.021436694,2.3513324e-14,7.3575369e-06,nan,1.4707512e-13,1.1481378e-14,1.2031946e-14
1.4315,1.4499823,1.8300386e-13,0.021436682,2.9248534e-14,7.3575343e-06,nan,1.8300386e-13,1.4282901e-14,1.4965633e-14
1.432,1.4499823,2.1945334e-13,0.021436669,3.506548e-14,7.3575315e-06,nan,2.1945334e-13,1.7124522e-14,1.7940957e-14
1.4325,1.4499823,2.5526448e-13,0.021436655,4.0779211e-14,7.3575285e-06,nan,2.5526448e-13,1.9915891e-14,2.086332e-14
1.433,1.4499823,2.8931857e-13,0.021436641,4.6211256e-14,7.3575254e-06,nan,2.8931857e-13,2.2569798e-14,2.3641458e-14
1.4335,1.4499823,3.2056995e-13,0.021436625,5.1194845e-14,7.357522e-06,nan,3.2056995e-13,2.5004781e-14,2.6190064e-14
1.434,1.4499823,3.4807602e-13,0.021436609,5.5579674e-14,7.3575185e-06,nan,3.4807602e-13,2.7147391e-14,2.8432284e-14
1.4345,1.4499823,3.7102357e-13,0.021436593,5.9236136e-14,7.3575149e-06,nan,3.7102357e-13,2.8934293e-14,3.0301844e-14
1.435,1.4499823,3.8875076e-13,0.021436576,6.205879e-14,7.3575112e-06,nan,3.8875076e-13,3.0313955e-14,3.1744835e-14
1.4355,1.4499823,4.0076424e-13,0.021436558,6.3969114e-14,7.3575075e-06,nan,4.0076424e-13,3.1248002e-14,3.2721111e-14
1.436,1.4499823,4.067509e-13,0.021436541,6.4917343e-14,7.3575038e-06,nan,4.067509e-13,3.171209e-14,3.3205253e-14
1.4365,1.4499823,4.0658397e-13,0.021436523,6.4883469e-14,7.3575e-06,nan,4.0658397e-13,3.169642e-14,3.3187049e-14
1.437,1.4499823,4.0032348e-13,0.021436506,6.3877307e-14,7.3574963e-06,nan,4.0032348e-13,3.1205753e-14,3.2671553e-14
1.4375,1.4499823,3.8821115e-13,0.021436489,6.1937629e-14,7.3574927e-06,nan,3.8821115e-13,3.0259014e-14,3.1678615e-14
1.438,1.4499823,3.7065991e-13,0.021436473,5.9130531e-14,7.3574891e-06,nan,3.7065991e-13,2.8888467e-14,3.0242064e-14
1.4385,1.4499823,3.4823844e-13,0.021436456,5.5546932e-14,7.3574856e-06,nan,3.4823844e-13,2.7138506e-14,2.8408426e-14
1.439,1.4499823,3.2165144e-13,0.021436441,5.129945e-14,7.3574823e-06,nan,3.2165144e-13,2.506412e-14,2.623533e-14
1.4395,1.4499823,2.9171603e-13,0.021436426,4.6518611e-14,7.3574792e-06,nan,2.9171603e-13,2.2729065e-14,2.3789546e-14
1.44,1.4499823,2.593354e-13,0.021436412,4.1348629e-14,7.3574762e-06,nan,2.593354e-13,2.0203783e-14,2.1144846e-14
1.4405,1.4499823,2.2547015e-13,0.021436399,3.5942867e-14,7.3574735e-06,nan,2.2547015e-13,1.7563176e-14,1.8379691e-14
1.441,1.4499823,1.9110863e-13,0.021436387,3.0459065e-14,7.3574709e-06,nan,1.9110863e-13,1.4884303e-14,1.5574762e-14
1.4415,1.4499823,1.5723677e-13,0.021436377,2.5054557e-14,7.3574686e-06,nan,1.5723677e-13,1.224403e-14,1.2810527e-14
1.442,1.4499823,1.2480874e-13,0.021436367,1.9881564e-14,7.3574666e-06,nan,1.2480874e-13,9.7167222e-15,1.0164842e-14
1.4425,1.4499823,9.4718896e-14,0.021436359,1.5082725e-14,7.3574648e-06,nan,9.4718896e-14,7.3720692e-15,7.7106557e-15
1.443,1.4499823,6.7776122e-14,0.021436351,1.0787019e-14,7.3574634e-06,nan,6.7776122e-14,5.2730899e-15,5.5139292e-15
1.4435,1.4499823,4.4681163e-14,0.021436346,7.1061431e-15,7.3574622e-06,nan,4.4681163e-14,3.4743688e-15,3.6317743e-15
1.444,1.4499823,2.6007596e-14,0.021436341,4.131476e-15,7.3574613e-06,nan,2.6007596e-14,2.0205645e-15,2.1109114e-15
1.4445,1.4499823,1.2186935e-14,0.021436338,1.931708e-15,7.3574607e-06,nan,1.2186935e-14,9.4525009e-16,9.8645792e-16
1.445,1.4499823,3.498264e-15,0.021436337,5.5119595e-16,7.3574604e-06,nan,3.498264e-15,2.7011967e-16,2.8107628e-16
1.4455,1.4499823,6.261193e-17,0.021436336,9.0675393e-18,7.3574604e-06,nan,6.261193e-17,4.5391755e-18,4.5283637e-18
1.446,1.4499823,1.8421505e-15,0.021436338,2.9910115e-16,7.3574607e-06,nan,1.8421505e-15,1.4549088e-16,1.5361027e-16
1.4465,1.4499823,8.6441626e-15,0.02143634,1.3903645e-15,7.3574613e-06,nan,8.6441626e-15,6.7788636e-16,7.1247811e-16
1.447,1.4499823,2.0129572e-14,0.021436344,3.2285779e-15,7.3574621e-06,nan,2.0129572e-14,1.5752295e-15,1.6533484e-15
1.4475,1.4499823,3.5825695e-14,0.021436349,5.7381582e-15,7.3574633e-06,nan,3.5825695e-14,2.8006151e-15,2.9375432e-15
1.448,1.4499823,5.5142766e-14,0.021436356,8.8248545e-15,7.3574647e-06,nan,5.5142766e-14,4.3080175e-15,4.516837e-15
1.4485,1.4499823,7.7393659e-14,0.021436363,1.237891e-14,7.3574664e-06,nan,7.7393659e-14,6.0438291e-15,6.3350811e-15
1.449,1.4499823,1.0181618e-13,0.021436372,1.6278608e-14,7.3574683e-06,nan,1.0181618e-13,7.9486027e-15,8.3300053e-15
1.4495,1.4499823,1.2759722e-13,0.021436382,2.0394144e-14,7.3574704e-06,nan,1.2759722e-13,9.958932e-15,1.0435212e-14
1.45,1.4499823,1.5389793e-13,0.021436392,2.4591625e-14,7.3574728e-06,nan,1.5389793e-13,1.2009413e-14,1.2582213e-14
1.4505,1.4499823,1.7987932e-13,0.021436404,2.8737167e-14,7.3574753e-06,nan,1.7987932e-13,1.403464e-14,1.4702526e-14
1.451,1.4499823,2.0472735e-13,0.021436416,3.2700905e-14,7.357478e-06,nan,2.0472735e-13,1.5971165e-14,1.672974e-14
1.4515,1.4499823,2.2767677e-13,0.021436429,3.6360783e-14,7.3574808e-06,nan,2.2767677e-13,1.7759361e-14,1.8601422e-14
1.452,1.4499823,2.4803322e-13,0.021436443,3.9606074e-14,7.3574838e-06,nan,2.4803322e-13,1.9345119e-14,2.0260955e-14
1.4525,1.4499823,2.6519263e-13,0.021436457,4.2340499e-14,7.3574868e-06,nan,2.6519263e-13,2.0681396e-14,2.1659103e-14
1.453,1.4499823,2.7865777e-13,0.021436471,4.4484835e-14,7.3574899e-06,nan,2.7865777e-13,2.1729471e-14,2.2755364e-14
1.4535,1.4499823,2.8805112e-13,0.021436486,4.5978979e-14,7.3574931e-06,nan,2.8805112e-13,2.245997e-14,2.351901e-14
1.454,1.4499823,2.9312409e-13,0.021436501,4.6783419e-14,7.3574963e-06,nan,2.9312409e-13,2.2853569e-14,2.392985e-14
1.4545,1.4499823,2.937621e-13,0.021436516,4.6880021e-14,7.3574994e-06,nan,2.937621e-13,2.2901391e-14,2.397863e-14
1.455,1.4499823,2.8998563e-13,0.02143653,4.6272212e-14,7.3575026e-06,nan,2.8998563e-13,2.2605093e-14,2.3667119e-14
1.4555,1.4499823,2.8194719e-13,0.021436545,4.4984487e-14,7.3575057e-06,nan,2.8194719e-13,2.1976618e-14,2.3007869e-14
1.456,1.4499823,2.6992437e-13,0.021436559,4.3061293e-14,7.3575088e-06,nan,2.6992437e-13,2.1037666e-14,2.2023627e-14
1.4565,1.4499823,2.5430935e-13,0.021436573,4.0565334e-14,7.3575117e-06,nan,2.5430935e-13,1.9818857e-14,2.0746478e-14
1.457,1.4499823,2.3559508e-13,0.021436586,3.7575392e-14,7.3575145e-06,nan,2.3559508e-13,1.8358654e-14,1.9216738e-14
1.4575,1.4499823,2.1435873e-13,0.021436599,3.4183658e-14,7.3575172e-06,nan,2.1435873e-13,1.6702086e-14,1.7481571e-14
1.458,1.4499823,1.9124293e-13,0.021436611,3.0492764e-14,7.3575198e-06,nan,1.9124293e-13,1.4899282e-14,1.5593482e-14
1.4585,1.4499823,1.6693538e-13,0.021436622,2.6612506e-14,7.3575222e-06,nan,1.6693538e-13,1.3003868e-14,1.3608638e-14
1.459,1.4499823,1.4214748e-13,0.021436632,2.2656425e-14,7.3575243e-06,nan,1.4214748e-13,1.107132e-14,1.1585104e-14
1.4595,1.4499823,1.1759258e-13,0.021436641,1.873836e-14,7.3575263e-06,nan,1.1759258e-13,9.15724e-15,9.5811198e-15
1.46,1.4499823,9.3964675e-14,0.02143665,1.4969035e-14,7.3575281e-06,nan,9.3964675e-14,7.3157222e-15,7.653313e-15
1.4605,1.4499823,7.1917944e-14,0.021436657,1.1452788e-14,7.3575296e-06,nan,7.1917944e-14,5.5977443e-15,5.8550434e-15
1.461,1.4499823,5.2047903e-14,0.021436663,8.2845818e-15,7.3575309e-06,nan,5.2047903e-14,4.0497077e-15,4.2348741e-15
1.4615,1.4499823,3.4874641e-14,0.021436668,5.5473149e-15,7.357532e-06,nan,3.4874641e-14,2.7121206e-15,2.8351943e-15
1.462,1.4499823,2.082861e-14,0.021436672,3.3095756e-15,7.3575328e-06,nan,2.082861e-14,1.6185012e-15,1.6910744e-15
1.4625,1.4499823,1.0239348e-14,0.021436675,1.6238287e-15,7.3575333e-06,nan,1.0239348e-14,7.9449427e-16,8.2933439e-16
1.463,1.4499823,3.3274228e-15,0.021436677,5.2514544e-16,7.3575336e-06,nan,3.3274228e-15,2.5724791e-16,2.6789753e-16
1.4635,1.4499823,1.9978212e-16,0.021436677,3.0459098e-17,7.3575337e-06,nan,1.9978212e-16,1.5050319e-17,1.5408779e-17
1.464,1.4499823,8.4858135e-16,0.021436676,1.3838395e-16,7.3575335e-06,nan,8.4858135e-16,6.7241102e-17,7.1142846e-17
1.4645,1.4499823,5.1534676e-15,0.021436674,8.2958311e-16,7.357533e-06,nan,5.1534676e-15,4.0439002e-16,4.2519309e-16
1.465,1.4499823,1.2887187e-14,0.021436671,2.067668e-15,7.3575323e-06,nan,1.2887187e-14,1.0087351e-15,1.0589328e-15
1.4655,1.4499823,2.3724291e-14,0.021436667,3.8005901e-15,7.3575314e-06,nan,2.3724291e-14,1.8548645e-15,1.9457257e-15
1.466,1.4499823,3.7252621e-14,0.021436662,5.962479e-15,7.3575302e-06,nan,3.7252621e-14,2.9106102e-15,3.0518688e-15
1.4665,1.4499823,5.2987184e-14,0.021436655,8.4758577e-15,7.3575288e-06,nan,5.2987184e-14,4.1381339e-15,4.3377238e-15
1.467,1.4499823,7.0385956e-14,0.021436648,1.1254165e-14,7.3575272e-06,nan,7.0385956e-14,5.4951574e-15,5.7590079e-15
1.4675,1.4499823,8.8867112e-14,0.02143664,1.4204516e-14,7.3575254e-06,nan,8.8867112e-14,6.9363116e-15,7.2682047e-15
1.468,1.4499823,1.0782714e-13,0.021436631,1.7230574e-14,7.3575235e-06,nan,1.0782714e-13,8.4145346e-15,8.8160391e-15
1.4685,1.4499823,1.2665927e-13,0.021436621,2.0235511e-14,7.3575214e-06,nan,1.2665927e-13,9.8825247e-15,1.0352986e-14
1.469,1.4499823,1.4477168e-13,0.021436611,2.3124909e-14,7.3575191e-06,nan,1.4477168e-13,1.1294157e-14,1.1830752e-14
1.4695,1.4499823,1.6160494e-13,0.0214366,2.5809539e-14,7.3575167e-06,nan,1.6160494e-13,1.2605834e-14,1.3203705e-14
1.47,1.4499823,1.7664813e-13,0.021436588,2.8207927e-14,7.3575142e-06,nan,1.7664813e-13,1.3777747e-14,1.443018e-14
1.4705,1.4499823,1.8945329e-13,0.021436577,3.0248657e-14,7.3575117e-06,nan,1.8945329e-13,1.4775003e-14,1.5473654e-14
1.471,1.4499823,1.9964768e-13,0.021436564,3.1872348e-14,7.357509e-06,nan,1.9964768e-13,1.5568577e-14,1.6303771e-14
1.4715,1.4499823,2.0694356e-13,0.021436552,3.3033176e-14,7.3575063e-06,nan,2.0694356e-13,1.613608e-14,1.6897097e-14
1.472,1.4499823,2.1114531e-13,0.021436539,3.3700027e-14,7.3575036e-06,nan,2.1114531e-13,1.6462291e-14,1.7237736e-14
1.4725,1.4499823,2.1215359e-13,0.021436527,3.3857172e-14,7.3575009e-06,nan,2.1215359e-13,1.6539514e-14,1.7317659e-14
1.473,1.4499823,2.0996662e-13,0.021436514,3.3504443e-14,7.3574982e-06,nan,2.0996662e-13,1.636765e-14,1.7136793e-14
1.4735,1.4499823,2.0467849e-13,0.021436502,3.2656951e-14,7.3574956e-06,nan,2.0467849e-13,1.5954078e-14,1.6702874e-14
1.474,1.4499823,1.9647459e-13,0.02143649,3.1344406e-14,7.357493e-06,nan,1.9647459e-13,1.5313288e-14,1.6031119e-14
1.4745,1.4499823,1.856245e-13,0.021436478,2.9609908e-14,7.3574905e-06,nan,1.856245e-13,1.4466329e-14,1.5143579e-14
1.475,1.4499823,1.7247233e-13,0.021436467,2.7508464e-14,7.3574881e-06,nan,1.7247233e-13,1.344006e-14,1.4068404e-14
1.4755,1.4499823,1.5742519e-13,0.021436456,2.5105111e-14,7.3574857e-06,nan,1.5742519e-13,1.2266245e-14,1.2838865e-14
1.476,1.4499823,1.4093981e-13,0.021436446,2.2472779e-14,7.3574836e-06,nan,1.4093981e-13,1.0980508e-14,1.1492271e-14
1.4765,1.4499823,1.2350802e-13,0.021436436,1.9690002e-14,7.3574815e-06,nan,1.2350802e-13,9.6212044e-15,1.0068797e-14
1.477,1.4499823,1.0564141e-13,0.021436427,1.6838439e-14,7.3574796e-06,nan,1.0564141e-13,8.2282232e-15,8.610216e-15
1.4775,1.4499823,8.7855673e-14,0.021436419,1.4000388e-14,7.3574779e-06,nan,8.7855673e-14,6.8417681e-15,7.1586201e-15
1.478,1.4499823,7.065511e-14,0.021436412,1.1256302e-14,7.3574764e-06,nan,7.065511e-14,5.5011481e-15,5.7551538e-15
1.4785,1.4499823,5.4517734e-14,0.021436406,8.682433e-15,7.357475e-06,nan,5.4517734e-14,4.2436149e-15,4.4388182e-15
1.479,1.4499823,3.9881451e-14,0.0214364,6.3486097e-15,7.3574739e-06,nan,3.9881451e-14,3.1032849e-15,3.2453248e-15
1.4795,1.4499823,2.7131673e-14,0.021436396,4.3162714e-15,7.357473e-06,nan,2.7131673e-14,2.1101849e-15,2.2060865e-15
1.48,1.4499823,1.6590729e-14,0.021436392,2.6367824e-15,7.3574722e-06,nan,1.6590729e-14,1.2894104e-15,1.3473721e-15
1.4805,1.4499823,8.5093492e-15,0.02143639,1.3500674e-15,7.3574717e-06,nan,8.5093492e-15,6.6047773e-16,6.8958964e-16
1.481,1.4499823,3.0604418e-15,0.021436388,4.8362704e-16,7.3574714e-06,nan,3.0604418e-15,2.36834e-16,2.4679304e-16
1.4815,1.4499823,3.3531254e-16,0.021436388,5.1937317e-17,7.3574714e-06,nan,3.3531254e-16,2.556134e-17,2.6375976e-17
1.482,1.4499823,3.4238943e-16,0.021436388,5.6245087e-17,7.3574715e-06,nan,3.4238943e-16,2.7280654e-17,2.8964433e-17
1.4825,1.4499823,3.0084494e-15,0.02143639,4.8477039e-16,7.3574719e-06,nan,3.0084494e-15,2.3624874e-16,2.4852165e-16
1.483,1.4499823,8.1822658e-15,0.021436392,1.3132906e-15,7.3574724e-06,nan,8.1822658e-15,6.4064318e-16,6.7264747e-16
1.4835,1.4499823,1.5640524e-14,0.021436396,2.5060871e-15,7.3574732e-06,nan,1.5640524e-14,1.2230253e-15,1.2830619e-15
1.484,1.4499823,2.5095787e-14,0.0214364,4.0172177e-15,7.3574742e-06,nan,2.5095787e-14,1.9609609e-15,2.0562568e-15
1.4845,1.4499823,3.6206239e-14,0.021436405,5.792073e-15,7.3574753e-06,nan,3.6206239e-14,2.8277799e-15,2.9642931e-15
1.485,1.4499823,4.8586874e-14,0.021436411,7.7691651e-15,7.3574766e-06,nan,4.8586874e-14,3.7934497e-15,3.9757154e-15
1.4855,1.4499823,6.1821785e-14,0.021436418,9.8820928e-15,7.3574781e-06,nan,6.1821785e-14,4.8255359e-15,5.0565569e-15
1.486,1.4499823,7.5477154e-14,0.021436425,1.2061605e-14,7.3574798e-06,nan,7.5477154e-14,5.8902124e-15,6.1713926e-15
1.4865,1.4499823,8.9114543e-14,0.021436433,1.4237739e-14,7.3574815e-06,nan,8.9114543e-14,6.9532989e-15,7.2844402e-15
1.487,1.4499823,1.0230409e-13,0.021436442,1.6341904e-14,7.3574834e-06,nan,1.0230409e-13,7.9812909e-15,8.3606134e-15
1.4875,1.4499823,1.1463721e-13,0.021436451,1.830893e-14,7.3574854e-06,nan,1.1463721e-13,8.9423448e-15,9.3665854e-15
1.488,1.4499823,1.2573844e-13,0.021436461,2.0078936e-14,7.3574875e-06,nan,1.2573844e-13,9.8072033e-15,1.0271733e-14
1.4885,1.4499823,1.3527607e-13,0.021436471,2.1599048e-14,7.3574897e-06,nan,1.3527607e-13,1.0550031e-14,1.1049017e-14
1.489,1.4499823,1.4297126e-13,0.021436481,2.2824828e-14,7.3574919e-06,nan,1.4297126e-13,1.1149111e-14,1.1675717e-14
1.4895,1.4499823,1.4860547e-13,0.021436492,2.3721476e-14,7.3574942e-06,nan,1.4860547e-13,1.1587435e-14,1.2134041e-14
1.49,1.4499823,1.5202591e-13,0.021436503,2.4264693e-14,7.3574965e-06,nan,1.5202591e-13,1.185312e-14,1.2411573e-14
1.4905,1.4499823,1.5314891e-13,0.021436513,2.4441197e-14,7.3574988e-06,nan,1.5314891e-13,1.1939672e-14,1.2501526e-14
1.491,1.4499823,1.5196119e-13,0.021436524,2.4248957e-14,7.3575011e-06,nan,1.5196119e-13,1.1846089e-14,1.2402868e-14
1.4915,1.4499823,1.4851903e-13,0.021436534,2.3697029e-14,7.3575034e-06,nan,1.4851903e-13,1.1576784e-14,1.2120246e-14
1.492,1.4499823,1.429453e-13,0.021436545,2.2805108e-14,7.3575056e-06,nan,1.429453e-13,1.1141367e-14,1.1663741e-14
1.4925,1.4499823,1.3542461e-13,0.021436555,2.1602717e-14,7.3575077e-06,nan,1.3542461e-13,1.055425e-14,1.1048467e-14
1.493,1.4499823,1.261967e-13,0.021436565,2.0128178e-14,7.3575098e-06,nan,1.261967e-13,9.8341542e-15,1.0294023e-14
1.4935,1.4499823,1.1554825e-13,0.021436574,1.8427294e-14,7.3575118e-06,nan,1.1554825e-13,9.0034412e-15,9.4238524e-15
1.494,1.4499823,1.0380349e-13,0.021436583,1.6551848e-14,7.3575137e-06,nan,1.0380349e-13,8.0874062e-15,8.4644415e-15
1.4945,1.4499823,9.1313829e-14,0.021436591,1.4557945e-14,7.3575154e-06,nan,9.1313829e-14,7.1134531e-15,7.444492e-15
1.495,1.4499823,7.8446832e-14,0.021436598,1.2504266e-14,7.357517e-06,nan,7.8446832e-14,6.1102436e-15,6.3940223e-15
1.4955,1.4499823,6.5574969e-14,0.021436605,1.0450243e-14,7.3575185e-06,nan,6.5574969e-14,5.1068154e-15,5.3434281e-15
1.496,1.4499823,5.3064365e-14,0.021436612,8.4542951e-15,7.3575199e-06,nan,5.3064365e-14,4.1317062e-15,4.3225889e-15
1.4965,1.4499823,4.1263966e-14,0.021436617,6.5720837e-15,7.357521e-06,nan,4.1263966e-14,3.2121109e-15,3.3599728e-15
1.497,1.4499823,3.0495408e-14,0.021436622,4.8548992e-15,7.357522e-06,nan,3.0495408e-14,2.373089e-15,2.4818102e-15
1.4975,1.4499823,2.1043882e-14,0.021436626,3.3482113e-15,7.3575228e-06,nan,2.1043882e-14,1.6368585e-15,1.7113527e-15
1.498,1.4499823,1.3150259e-14,0.021436629,2.0904073e-15,7.3575235e-06,nan,1.3150259e-14,1.0221762e-15,1.0682311e-15
1.4985,1.4499823,7.0046691e-15,0.021436631,1.1117655e-15,7.3575239e-06,nan,7.0046691e-15,5.4384442e-16,5.6792107e-16
1.499,1.4499823,2.7417272e-15,0.021436633,4.3370217e-16,7.3575242e-06,nan,2.7417272e-15,2.1233228e-16,2.2136989e-16
1.4995,1.4499823,4.3749302e-16,0.021436633,6.8286406e-17,7.3575243e-06,nan,4.3749302e-16,3.3543356e-17,3.474305e-17
