t,slab_KE,slab_PE,cube_KE,bystander_KE,total,max_pen
0,0.00016878183,4.102357e-06,5.1726904e-05,7.2177075e-06,-0.00022579819,0
0.0005,0.00064535045,3.2013859e-05,0.00020690762,2.887083e-05,-0.00044935938,0
0.001,0.001381656,0.00010842318,0.00046554213,6.4959368e-05,-0.00067187798,0
0.0015,0.0023360334,0.00025046375,0.00082763046,0.00011548332,-0.00089362338,0
0.002,0.0034787475,0.00046376577,0.0012931726,0.00018044269,-0.0011145386,0
0.0025,0.0047886235,0.00074699134,0.0018621685,0.00025983747,-0.0013347649,0
0.003,0.0062449328,0.0011007715,0.0025346183,0.00035366767,-0.0015548782,0
0.0035,0.0078197613,0.0015358134,0.0033105218,0.00046193328,-0.0017758058,0
0.004,0.0094745506,0.0020764248,0.0041898792,0.00058463431,-0.0019985436,0
0.0045,0.011161708,0.0027585062,0.0051726904,0.00072177075,-0.0022238524,0
0.005,0.01282971,0.0036236122,0.0062589554,0.00087334261,-0.002452074,0
0.0055,0.014428959,0.0047119433,0.0074486741,0.0010393499,-0.0026831218,0
0.006,0.015916042,0.0060568528,0.0087418467,0.0012197926,-0.0029166072,0
0.0065,0.017255299,0.0076821734,0.010138473,0.0014146707,-0.0031520151,0
0.007,0.01841808,0.0096021826,0.011638553,0.0016239842,-0.003388843,0
0.0075,0.019380951,0.011823049,0.013242087,0.0018477331,-0.0036266562,0
0.008,0.020124203,0.014344408,0.014949075,0.0020859175,-0.003865064,0
0.0085,0.020631463,0.017160174,0.016759517,0.0023385372,-0.0041036532,0
0.009,0.02089047,0.020258424,0.018673412,0.0026055924,-0.0043419289,0
0.0095,0.020894462,0.023620784,0.020690761,0.002887083,-0.0045792927,0
0.01,0.02064343,0.027221935,0.022811565,0.003183009,-0.0048150679,0
0.0105,0.020144684,0.031029749,0.025035821,0.0034933704,-0.0050485543,0
0.011,0.01941256,0.035006153,0.027363532,0.0038181673,-0.0052790885,0
0.0115,0.018467469,0.039108523,0.029794697,0.0041573995,-0.005506088,0
0.012,0.017334661,0.043291178,0.032329315,0.0045110672,-0.0057290703,0
0.0125,0.016043081,0.047506653,0.034967387,0.0048791703,-0.0059476496,0
0.013,0.014624484,0.051706538,0.037708913,0.0052617088,-0.0061615244,0
0.0135,0.013112809,0.055841952,0.040553893,0.0056586827,-0.006370466,0
0.014,0.011543663,0.059863837,0.043502326,0.006070092,-0.0065743174,0
0.0145,0.0099537194,0.063723285,0.046554213,0.0064959367,-0.0067730007,0
0.015,0.0083799532,0.06737207,0.049709555,0.0069362169,-0.0069665294,0
0.0155,0.0068586951,0.070763405,0.052968349,0.0073909325,-0.0071550181,0
0.016,0.0054246039,0.073852875,0.056330598,0.0078600835,-0.0073386841,0
0.0165,0.0041096805,0.076599418,0.059796301,0.0083436699,-0.0075178416,0
0.017,0.0029424265,0.078966253,0.063365457,0.0088416917,-0.0076928877,0
0.0175,0.0019471941,0.080921676,0.067038067,0.0093541489,-0.0078642865,0
0.018,0.001143723,0.08243972,0.070814131,0.0098810416,-0.0080325527,0
0.0185,0.00054682116,0.083500677,0.074693649,0.01042237,-0.0081982379,0
0.019,0.00016615091,0.084091511,0.078676621,0.010978133,-0.0083619185,0
0.0195,6.0947533e-06,0.084206153,0.082763046,0.011548332,-0.008524185,0
0.02,6.570627e-05,0.083845666,0.086952925,0.012132966,-0.0086856304,0
0.0205,0.00033876638,0.083018253,0.091246258,0.012732036,-0.0088468367,0
0.021,0.00077545623,0.081951212,0.088244346,0.013345541,-0.014196606,5.0933294e-05
0.0215,0.0015736471,0.080991179,0.081836413,0.013973482,-0.018796652,9.595951e-05
0.022,0.0024603032,0.080409682,0.078226528,0.014615858,-0.022311149,0.00010719538
0.0225,0.0029477696,0.080045866,0.079029901,0.015272669,-0.024797331,9.5997496e-05
0.023,0.0030635736,0.079313636,0.083068461,0.015943916,-0.026622404,7.5855152e-05
0.0235,0.0029237856,0.077660738,0.084549748,0.012905901,-0.031801817,5.4358776e-05
0.024,0.0030986124,0.075266114,0.0797608,0.0039427295,-0.038804154,7.858019e-05
0.0245,0.0039849295,0.07314568,0.079247935,0.00016607609,-0.043247929,7.9750747e-05
0.025,0.0041580339,0.071710572,0.081932106,0.000313884,-0.04608227,5.082569e-05
0.0255,0.0035382354,0.070347522,0.084937795,0.00073310022,-0.0477568,1.918177e-05
0.026,0.0032798047,0.068354712,0.087543565,0.00060534207,-0.048844409,3.9025186e-07
0.0265,0.0036978326,0.06572407,0.090265534,0.0004738622,-0.049563882,0
0.027,0.0045443998,0.062693498,0.093099109,0.00036133912,-0.050184004,1.2881822e-07
0.0275,0.0053641073,0.059532161,0.0962157,0.00044466129,-0.050700364,6.7402731e-06
0.028,0.0060615397,0.056344164,0.099591396,0.00069829342,-0.051133515,1.1949494e-05
0.0285,0.0067137808,0.05319067,0.10313253,0.0010278142,-0.051513603,1.2708553e-05
0.029,0.0073291321,0.050169594,0.10669535,0.0012897161,-0.051861092,1.0087907e-05
0.0295,0.0078402933,0.047367625,0.11018815,0.0013925516,-0.052185217,6.303049e-06
0.03,0.0081949242,0.044791017,0.11362005,0.0013454885,-0.052486726,3.1025549e-06
0.0305,0.0084068195,0.042356954,0.11705614,0.0012135957,-0.052763997,1.2206547e-06
0.031,0.0085443699,0.039940397,0.12055634,0.0010567821,-0.053017603,5.8391035e-07
0.0315,0.0086876341,0.037433471,0.12415093,0.00090535257,-0.05325119,4.5209506e-07
0.032,0.0088861768,0.034785155,0.12784739,0.00076676689,-0.053470053,4.5626133e-07
0.0325,0.0091372988,0.032011715,0.13164518,0.00064048916,-0.053679358,4.6408787e-07
0.033,0.0093902511,0.029183244,0.13554519,0.00052741588,-0.053882935,5.1900596e-07
0.0335,0.0095692143,0.026397434,0.13955143,0.00043155147,-0.054082765,7.2715093e-07
0.034,0.0096014886,0.023751561,0.14366831,0.00035730918,-0.054279083,1.1924391e-06
0.0345,0.0094392212,0.021320783,0.14789791,0.00030678082,-0.054470893,1.9021316e-06
0.035,0.0090692375,0.019146762,0.15223939,0.00027910329,-0.054656659,2.7595631e-06
0.0355,0.0085113941,0.017236922,0.15668981,0.00027134657,-0.05483495,3.6187977e-06
0.036,0.0078091801,0.015571818,0.1612451,0.00027943752,-0.055004892,4.3384747e-06
0.0365,0.0070171909,0.014116599,0.16590032,0.00029845325,-0.055166345,4.8197115e-06
0.037,0.00616415,0.012841002,0.17051105,0.00032400377,-0.055442788,8.3630869e-06
0.0375,0.005294671,0.011731807,0.17500552,0.00035138905,-0.055737868,2.3120732e-05
0.038,0.0044325992,0.010801924,0.17931821,0.00037460519,-0.056172692,2.9220751e-05
0.0385,0.0036160271,0.010061166,0.18365251,0.00038333639,-0.056538562,2.8928382e-05
0.039,0.0028630066,0.0094887038,0.18816256,0.00036622553,-0.056839498,3.0079312e-05
0.0395,0.0021882593,0.0090284056,0.19285893,0.00031904363,-0.057086317,2.8891898e-05
0.04,0.0016160601,0.0086120783,0.19768705,0.00024937881,-0.057298406,2.5079908e-05
0.0405,0.0011631015,0.0081911463,0.20258941,0.00017584887,-0.05749077,2.0169989e-05
0.041,0.0008314132,0.0077540896,0.20752989,0.00011182824,-0.05766945,1.5097804e-05
0.0415,0.00060550278,0.0073239107,0.21249896,6.2216779e-05,-0.057835585,1.0443427e-05
0.042,0.00045829953,0.00694252,0.21750607,2.7044328e-05,-0.057989826,6.5594651e-06
0.0425,0.00036165063,0.0066524506,0.22257008,6.3174071e-06,-0.058133359,3.6232651e-06
0.043,0.00029804624,0.0064836912,0.22770902,1.9086655e-08,-0.058267699,2.5119762e-06
0.0435,0.00027157267,0.0064480106,0.23293072,3.6375736e-06,-0.058393764,2.7957047e-06
0.044,0.00030279177,0.0065402157,0.23823607,1.2507956e-05,-0.058512383,3.212048e-06
0.0445,0.00041568204,0.0067449421,0.24362449,2.5972642e-05,-0.058624646,3.6412421e-06
0.045,0.00062665404,0.0070465784,0.24909446,4.5703494e-05,-0.058732035,4.0256605e-06
0.0455,0.00093820972,0.0074376838,0.25464306,7.340113e-05,-0.058836215,4.3629562e-06
0.046,0.0013378236,0.0079222366,0.26026575,0.00010943101,-0.058938732,4.6866405e-06
0.0465,0.0018018951,0.0085129653,0.26595668,0.00015249372,-0.059040705,5.0423914e-06
0.047,0.0023027757,0.0092248673,0.27170961,0.00020018744,-0.059142657,5.4676954e-06
0.0475,0.0028158463,0.010068417,0.277519,0.00024988581,-0.059244565,6.356201e-06
0.048,0.0033239886,0.011045509,0.2833809,0.00029933731,-0.059346083,7.3481922e-06
0.0485,0.0038182888,0.01214943,0.28929316,0.00034679033,-0.059446812,8.2230197e-06
0.049,0.0042955703,0.013368148,0.29525519,0.00039081927,-0.059546513,8.9424059e-06
0.0495,0.0047544917,0.01468898,0.30126748,0.00043012403,-0.059645189,9.4746213e-06
0.05,0.0051920831,0.016102544,0.30733113,0.00046346746,-0.059743043,9.7978376e-06
0.0505,0.0056019086,0.017604731,0.31344737,0.00048976573,-0.059840375,9.9032615e-06
0.051,0.0059740807,0.019196441,0.31961731,0.0005082553,-0.05993746,9.7975469e-06
0.0515,0.0062966083,0.020881712,0.32584186,0.00051864346,-0.060034466,9.5039571e-06
0.052,0.0065572757,0.022665162,0.33212178,0.00052117935,-0.060131418,9.0927133e-06
0.0525,0.0067453656,0.024549613,0.33845785,0.00051662533,-0.060228207,8.7666946e-06
0.053,0.0068528571,0.026534389,0.34485101,0.00050614198,-0.060324629,8.3637696e-06
0.0535,0.0068750375,0.028614462,0.35130238,0.00049111798,-0.060420427,7.9392143e-06
0.054,0.0068106514,0.03078031,0.35781316,0.00047298059,-0.060515333,7.54716e-06
0.0545,0.0066617551,0.033018283,0.36438433,0.00045301946,-0.060609102,7.2337884e-06
0.055,0.0064333996,0.035311231,0.37101638,0.00043224859,-0.06070153,7.0321612e-06
0.0555,0.0061331975,0.037639254,0.37770915,0.00041132119,-0.060792457,6.9593144e-06
0.056,0.0057707903,0.039980475,0.38446181,0.000390502,-0.060881771,7.015813e-06
0.0565,0.0053572339,0.042311827,0.39127308,0.00036969365,-0.060969395,7.1875452e-06
0.057,0.0049043455,0.044609794,0.39814156,0.0003485087,-0.061055278,7.4492146e-06
0.0575,0.004424088,0.046851106,0.40506606,0.0003263771,-0.061139397,7.9059603e-06
0.058,0.0039280683,0.049013315,0.4120459,0.00030267743,-0.061221747,8.3838043e-06
0.0585,0.0034272131,0.051075226,0.41908101,0.00027687841,-0.061302339,8.8205598e-06
0.059,0.0029316342,0.053017148,0.42617193,0.00024867461,-0.061381203,9.1825397e-06
0.0595,0.0024506538,0.054820985,0.43331971,0.00021809767,-0.061458386,9.4485598e-06
0.06,0.0019929186,0.05647023,0.44052577,0.00018558455,-0.061533947,9.6107351e-06
0.0605,0.0015665197,0.057949905,0.44779174,0.00015198848,-0.06160796,9.6734515e-06
0.061,0.0011790456,0.059246556,0.4551193,0.00011852599,-0.061680513,9.6509139e-06
0.0615,0.00083752691,0.060348314,0.46251014,8.6664707e-05,-0.061751714,9.5638187e-06
0.062,0.00054827118,0.061245071,0.46996579,5.7967511e-05,-0.061821693,9.4357422e-06
0.0625,0.0003166223,0.061928708,0.47748757,3.3917208e-05,-0.061890606,9.2897752e-06
0.063,0.00014670054,0.062393357,0.48507651,1.5749795e-05,-0.061958629,9.1635805e-06
0.0635,4.1184141e-05,0.062635603,0.49273324,4.3224454e-06,-0.06202596,9.0801248e-06
0.064,1.1789902e-06,0.062654601,0.50045798,3.5254689e-08,-0.062092807,9.0027377e-06
0.0645,2.6197995e-05,0.062452062,0.50825054,2.8153175e-06,-0.062159374,8.9370395e-06
0.065,0.000114243,0.062032133,0.51611034,1.2160318e-05,-0.062225856,8.8855646e-06
0.0655,0.00026195924,0.06140118,0.52403648,2.7229074e-05,-0.062292431,8.8480691e-06
0.066,0.00046482054,0.060567555,0.5320279,4.6960182e-05,-0.062359251,8.8220729e-06
0.0665,0.00071730566,0.059541355,0.54008343,7.019796e-05,-0.062426448,8.803542e-06
0.067,0.0010130397,0.058334243,0.54820192,9.5806914e-05,-0.062494129,8.7876225e-06
0.0675,0.0013448944,0.056959313,0.5563823,0.00012276101,-0.062562385,8.76935e-06
0.068,0.00170506,0.055430998,0.56462366,0.00015020044,-0.06263129,8.7442677e-06
0.0685,0.0020851156,0.053764988,0.57292523,0.0001774548,-0.062700902,8.7089083e-06
0.069,0.0024761263,0.051978122,0.5812864,0.0002040368,-0.062771264,8.6611076e-06
0.0695,0.0028687913,0.050088225,0.5897067,0.00022961365,-0.062842395,8.6001395e-06
0.07,0.0032536524,0.04811387,0.59818577,0.00025396484,-0.062914297,8.5266771e-06
0.0705,0.0036213561,0.046074076,0.60672334,0.00027693445,-0.062986941,8.4426009e-06
0.071,0.0039629489,0.043987956,0.61531916,0.00029838541,-0.063060274,8.3506895e-06
0.0715,0.0042701776,0.04187434,0.62397298,0.00031816098,-0.063134215,8.2542358e-06
0.072,0.0045357638,0.039751424,0.63268457,0.00033605745,-0.063208661,8.1566371e-06
0.0725,0.0047536265,0.037636449,0.64145364,0.0003518099,-0.063283486,8.0622852e-06
0.073,0.0049190382,0.035545453,0.65027986,0.00036509205,-0.063358554,7.9931953e-06
0.0735,0.0050287093,0.033493088,0.65916289,0.00037552939,-0.063433715,7.9310029e-06
0.074,0.0050808063,0.031492509,0.66810237,0.00038272386,-0.063508819,7.8745209e-06
0.0745,0.0050749148,0.02955532,0.67709793,0.00038628713,-0.063583712,7.8218255e-06
0.075,0.0050119649,0.027691568,0.68614925,0.00038587883,-0.063658246,7.7705367e-06
0.0755,0.0048941317,0.02590976,0.69525611,0.00038124527,-0.063732279,7.7181246e-06
0.076,0.0047247235,0.024216915,0.70441837,0.00037225422,-0.063805677,7.6622141e-06
0.0765,0.0045080649,0.022618615,0.71363605,0.00035892184,-0.063878315,7.6008573e-06
0.077,0.0042493774,0.021119082,0.72290931,0.00034142851,-0.063950083,7.5327527e-06
0.0775,0.0039546577,0.019721255,0.73223849,0.00032012194,-0.06402088,7.4573929e-06
0.078,0.0036305497,0.018426893,0.74162412,0.00029550717,-0.064090625,7.3751319e-06
0.0785,0.0032842095,0.01723668,0.75106685,0.00026822468,-0.064159254,7.287169e-06
0.079,0.0029231604,0.016150359,0.76056746,0.0002390192,-0.064226719,7.1954546e-06
0.0795,0.0025551385,0.015166871,0.77012685,0.00020870229,-0.064292996,7.1025297e-06
0.08,0.0021879312,0.014284511,0.77974593,0.00017811253,-0.064358082,7.0113167e-06
0.0805,0.0018292124,0.013501085,0.78942564,0.00014807663,-0.064421993,6.9248806e-06
0.081,0.0014863789,0.012814068,0.79916691,0.00011937463,-0.06448477,6.8544021e-06
0.0815,0.0011663942,0.012220757,0.80897055,9.2711169e-05,-0.064546471,6.7965713e-06
0.082,0.00087564271,0.011718403,0.8188373,6.8694184e-05,-0.064607173,6.7487768e-06
0.0825,0.0006197995,0.011304341,0.82876778,4.7821343e-05,-0.06466697,6.7123966e-06
0.083,0.0004037172,0.010976088,0.83876244,3.0473782e-05,-0.064725967,6.688174e-06
0.0835,0.00023133167,0.010731433,0.84882162,1.6916144e-05,-0.064784283,6.6761839e-06
0.084,0.00010558712,0.010568501,0.8589455,7.3015676e-06,-0.064842043,6.6758627e-06
0.0845,2.8381072e-05,0.010485801,0.86913414,1.6801573e-06,-0.064899377,6.6860981e-06
0.085,5.2954642e-07,0.010482263,0.87938746,9.4901757e-09,-0.064956417,6.705362e-06
0.0855,2.175331e-05,0.010557245,0.88970531,2.16594e-06,-0.065013296,6.7318734e-06
0.086,9.0686353e-05,0.010710538,0.90008744,7.9558394e-06,-0.065070143,6.7637716e-06
0.0865,0.00020490783,0.010942338,0.91053354,1.7125814e-05,-0.065127082,6.7992833e-06
0.087,0.00036099852,0.011253211,0.92104325,2.9371912e-05,-0.065184227,6.8439163e-06
0.0875,0.00055462201,0.011644028,0.93161615,4.4347431e-05,-0.065241684,6.891268e-06
0.088,0.00078063001,0.012115886,0.9422518,6.1669524e-05,-0.065299544,6.9383284e-06
0.0885,0.0010331895,0.012670007,0.95294976,8.0924874e-05,-0.065357882,6.9844187e-06
0.089,0.0013059281,0.013307624,0.96370952,0.00010167477,-0.06541676,7.0293187e-06
0.0895,0.0015920936,0.014029851,0.97453059,0.00012346002,-0.065476219,7.0732245e-06
0.09,0.0018847212,0.014837547,0.98541245,0.00014580608,-0.065536283,7.1166737e-06
0.0905,0.0021768041,0.01573118,0.99635456,0.00016822876,-0.065596957,7.160449e-06
0.091,0.0024614596,0.01671069,1.0073564,0.00019024083,-0.065658225,7.2054695e-06
0.0915,0.0027320893,0.017775363,1.0184174,0.00021135958,-0.065720057,7.2526805e-06
0.092,0.0029825249,0.018923716,1.0295371,0.00023111557,-0.065782404,7.3029508e-06
0.0925,0.0032071603,0.020153398,1.0407149,0.00024906221,-0.065845202,7.3569852e-06
0.093,0.0034010651,0.021461109,1.0519504,0.00026478621,-0.065908374,7.4152589e-06
0.0935,0.0035600804,0.022842539,1.0632431,0.00027791824,-0.06597183,7.4779751e-06
0.094,0.0036808934,0.024292328,1.0745927,0.00028814361,-0.066035471,7.5450498e-06
0.0945,0.0037610932,0.025804049,1.0859989,0.00029521214,-0.066099193,7.6161189e-06
0.095,0.0037992056,0.027370212,1.0974614,0.00029894688,-0.066162885,7.6905685e-06
0.0955,0.0037947083,0.028982294,1.1089802,0.00029925087,-0.066226434,7.7675795e-06
0.096,0.0037480256,0.030630789,1.1205551,0.00029611163,-0.066289728,7.8461858e-06
0.0965,0.0036605048,0.032305281,1.1321863,0.00028960292,-0.066352658,7.925336e-06
0.097,0.0035343724,0.033994541,1.143874,0.00027988344,-0.066415119,8.0039565e-06
0.0975,0.0033726737,0.035686638,1.1556184,0.00026719263,-0.066477016,8.0810088e-06
0.098,0.0031791956,0.037369077,1.1674199,0.00025184351,-0.06653826,8.1555387e-06
0.0985,0.0029583747,0.039028944,1.1792789,0.00023421295,-0.066598777,8.2267139e-06
0.099,0.0027151924,0.040653066,1.191196,0.0002147299,-0.066658503,8.2938477e-06
0.0995,0.0024550603,0.042228185,1.2031716,0.00019386212,-0.066717392,8.356411e-06
0.1,0.0021836969,0.043741134,1.2152064,0.00017210203,-0.06677541,8.4140308e-06
0.1005,0.001906999,0.045179013,1.2273009,0.00014995243,-0.066832541,8.4664788e-06
0.101,0.001630911,0.046529368,1.2394557,0.00012791268,-0.066888782,8.5136515e-06
0.1015,0.0013612936,0.047780369,1.2516713,0.00010646583,-0.066944149,8.5555451e-06
0.102,0.0011037953,0.048920971,1.2639483,8.6067212e-05,-0.066998672,8.5922278e-06
0.1025,0.00086372985,0.049941074,1.2762872,6.7134653e-05,-0.067052395,8.6238125e-06
0.103,0.00064596095,0.050831667,1.2886882,5.0040532e-05,-0.067105375,8.6504312e-06
0.1035,0.00045479851,0.051584952,1.3011519,3.5105642e-05,-0.067157683,8.6722139e-06
0.104,0.00029390725,0.052194458,1.3136785,2.2594775e-05,-0.067209397,8.6892732e-06
0.1045,0.00016623086,0.05265513,1.3262682,1.2713828e-05,-0.067260605,8.7016936e-06
0.105,7.3933102e-05,0.052963397,1.3389212,5.6082531e-06,-0.067311402,8.7095274e-06
0.1055,1.8357437e-05,0.053117218,1.3516376,1.362596e-06,-0.067361886,8.7127961e-06
0.106,6.125202e-09,0.053116104,1.3644174,9.4806722e-10,-0.067412157,8.7114947e-06
0.1065,1.85392e-05,0.052961115,1.3772606,1.4881539e-06,-0.067462316,8.7056012e-06
0.107,7.2793177e-05,0.052654833,1.390167,5.731681e-06,-0.067512459,8.6950868e-06
0.1075,0.00016081878,0.052201315,1.4031366,1.2584117e-05,-0.067562679,8.6799276e-06
0.108,0.00027993644,0.051606017,1.4161691,2.1846314e-05,-0.067613062,8.6601159e-06
0.1085,0.00042680786,0.050875704,1.4292641,3.3271238e-05,-0.067663686,8.6356703e-06
0.109,0.00059752152,0.050018338,1.4424215,4.6568593e-05,-0.067714618,8.6066445e-06
0.1095,0.00078768981,0.049042951,1.4556407,6.14103e-05,-0.067765914,8.5731335e-06
0.11,0.00099255514,0.047959505,1.4689215,7.7436868e-05,-0.067817616,8.535278e-06
0.1105,0.0012071024,0.04677874,1.4822633,9.4264652e-05,-0.067869757,8.4932653e-06
0.111,0.0014261752,0.04551202,1.4956657,0.00011149394,-0.067922351,8.4473299e-06
0.1115,0.0016445927,0.044171164,1.5091283,0.00012871776,-0.067975402,8.3977504e-06
0.112,0.0018572653,0.042768288,1.5226505,0.00014553113,-0.068028899,8.3448459e-06
0.1125,0.0020593058,0.041315638,1.536232,0.00016154061,-0.068082817,8.2889708e-06
0.113,0.0022461349,0.039825436,1.5498723,0.00017637378,-0.068137119,8.2305094e-06
0.1135,0.0024135772,0.03830973,1.563571,0.00018968829,-0.068191759,8.1698688e-06
0.114,0.0025579482,0.036780251,1.5773278,0.00020118022,-0.068246676,8.1074729e-06
0.1145,0.0026761278,0.035248287,1.5911423,0.00021059147,-0.068301803,8.0437555e-06
0.115,0.0027656218,0.033724567,1.6050145,0.00021771572,-0.068357068,7.979154e-06
0.1155,0.0028246079,0.032219164,1.6189439,0.00022240307,-0.068412389,7.9141031e-06
0.116,0.0028519673,0.030741414,1.6329307,0.00022456291,-0.068467683,7.8490296e-06
0.1165,0.0028472995,0.029299852,1.6469747,0.00022416516,-0.068522867,7.7843468e-06
0.117,0.0028109225,0.027902164,1.661076,0.00022123986,-0.068577854,7.7204504e-06
0.1175,0.0027438556,0.026555161,1.6752346,0.00021587514,-0.068632565,7.6577147e-06
0.118,0.0026477888,0.025264773,1.6894508,0.00020821378,-0.068686919,7.5964897e-06
0.1185,0.0025250362,0.024036049,1.7037248,0.00019844844,-0.068740846,7.5370992e-06
0.119,0.0023784773,0.022873187,1.7180567,0.00018681598,-0.06879428,7.4798396e-06
0.1195,0.0022114855,0.021779569,1.732447,0.00017359082,-0.068847165,7.4249797e-06
0.12,0.0020278472,0.020757811,1.746896,0.0001590778,-0.068899455,7.3727613e-06
0.1205,0.0018316718,0.019809826,1.7614041,0.00014360461,-0.068951115,7.3234009e-06
0.121,0.0016272964,0.018936896,1.7759716,0.00012751407,-0.069002119,7.2770916e-06
0.1215,0.0014191854,0.018139745,1.7905989,0.00011115632,-0.069052457,7.2340057e-06
0.122,0.0012118295,0.017418624,1.8052865,9.4881212e-05,-0.069102128,7.1942977e-06
0.1225,0.0010096443,0.016773395,1.8200347,7.9030902e-05,-0.069151144,7.1581071e-06
0.123,0.00081687232,0.016203612,1.8348439,6.3932822e-05,-0.069199527,7.1255613e-06
0.1235,0.00063749048,0.015708601,1.8497145,4.9893099e-05,-0.069247312,7.0967774e-06
0.124,0.00047512401,0.015287543,1.8646468,3.71905e-05,-0.069294542,7.0718647e-06
0.1245,0.00033297001,0.014939534,1.8796409,2.607101e-05,-0.069341271,7.0509247e-06
0.125,0.00021373158,0.014663654,1.8946973,1.6743087e-05,-0.069387559,7.0340517e-06
0.1255,0.00011956398,0.014459015,1.9098161,9.3736919e-06,-0.069433472,7.0213317e-06
0.126,5.2034019e-05,0.014324804,1.9249973,4.0851616e-06,-0.06947908,7.0128406e-06
0.1265,1.2093159e-05,0.01426031,1.9402412,9.5298521e-07,-0.069524459,7.0086416e-06
0.127,6.4966528e-08,0.014264946,1.9555476,4.5521027e-09,-0.069569683,7.0087824e-06
0.1275,1.564676e-05,0.014338247,1.9709167,1.2189129e-06,-0.069614827,7.0132911e-06
0.128,5.7925275e-05,0.014479869,1.9863483,4.5275819e-06,-0.069659963,7.022173e-06
0.1285,0.00012540573,0.014689568,2.0018423,9.8163868e-06,-0.069705161,7.0354068e-06
0.129,0.00021605344,0.014967169,2.0173985,1.6928343e-05,-0.069750486,7.0529417e-06
0.1295,0.00032734676,0.015312528,2.0330168,2.5667503e-05,-0.069795994,7.0746945e-06
0.13,0.00045634018,0.015725484,2.0486967,3.5803704e-05,-0.069841736,7.1005482e-06
0.1305,0.00059973576,0.016205806,2.0644381,4.7078097e-05,-0.069887753,7.1303513e-06
0.131,0.0007539615,0.016753127,2.0802406,5.9209334e-05,-0.069934077,7.1639176e-06
0.1315,0.00091525447,0.017366886,2.0961039,7.1900243e-05,-0.069980731,7.2010283e-06
0.132,0.0010797472,0.018046264,2.1120277,8.4844836e-05,-0.070027726,7.2414334e-06
0.1325,0.0012435549,0.018790111,2.1280115,9.7735448e-05,-0.070075064,7.2848558e-06
0.133,0.0014028623,0.019596895,2.1440551,0.00011026984,-0.070122735,7.3309945e-06
0.1335,0.0015540073,0.020464634,2.1601581,0.00012215805,-0.070170722,7.3795297e-06
0.134,0.0016935603,0.021390853,2.1763202,0.00013312889,-0.070218995,7.4301269e-06
0.1345,0.0018183974,0.022372533,2.1925411,0.00014293587,-0.070267519,7.4824426e-06
0.135,0.0019257658,0.023406081,2.2088206,0.00015136239,-0.070316248,7.5361281e-06
0.1355,0.00201334,0.024487305,2.2251584,0.0001582262,-0.070365133,7.590835e-06
0.136,0.0020792682,0.025611401,2.2415545,0.00016338297,-0.070414117,7.6462182e-06
0.1365,0.0021222066,0.026772952,2.2580086,0.00016672887,-0.07046314,7.7019399e-06
0.137,0.0021413434,0.027965943,2.2745208,0.00016820221,-0.070512139,7.7576718e-06
0.1375,0.0021364093,0.029183787,2.291091,0.00016778409,-0.070561051,7.8130979e-06
0.138,0.0021076766,0.030419361,2.3077192,0.00016549813,-0.070609812,7.8679149e-06
0.1385,0.0020559456,0.03166506,2.3244055,0.00016140916,-0.070658362,7.9218337e-06
0.139,0.0019825201,0.032912862,2.34115,0.00015562117,-0.070706641,7.9745791e-06
0.1395,0.0018891714,0.034154395,2.3579529,0.00014827435,-0.070754595,8.0258901e-06
0.14,0.0017780926,0.03538103,2.3748144,0.00013954142,-0.070802178,8.075519e-06
0.1405,0.0016518436,0.036583968,2.3917346,0.00012962339,-0.070849346,8.1232308e-06
0.141,0.0015132896,0.037754339,2.408714,0.00011874469,-0.070896065,8.168803e-06
0.1415,0.0013655324,0.038883308,2.4257526,0.00010714798,-0.07094231,8.2120244e-06
0.142,0.0012118381,0.039962181,2.4428509,9.50885e-05,-0.070988062,8.2526952e-06
0.1425,0.0010555619,0.040982511,2.4600091,8.2828403e-05,-0.071033314,8.2906266e-06
0.143,0.00090007213,0.041936209,2.4772275,7.0630856e-05,-0.071078065,8.3256412e-06
0.1435,0.00074867448,0.042815647,2.4945065,5.8754272e-05,-0.071122325,8.3575732e-06
0.144,0.00060453931,0.043613753,2.5118462,4.7446674e-05,-0.071166112,8.386269e-06
0.1445,0.00047063266,0.044324111,2.529247,3.6940352e-05,-0.071209452,8.4115889e-06
0.145,0.0003496529,0.044941039,2.5467091,2.7446912e-05,-0.071252379,8.4334075e-06
0.1455,0.00024397417,0.045459669,2.5642326,1.9152822e-05,-0.071294931,8.4516156e-06
0.146,0.00015559796,0.045876004,2.5818179,1.221556e-05,-0.071337155,8.4661213e-06
0.1465,8.6113569e-05,0.046186974,2.599465,6.7604424e-06,-0.071379101,8.4768518e-06
0.147,3.6668359e-05,0.046390472,2.6171741,2.8781985e-06,-0.071420821,8.4837544e-06
0.1475,7.9482852e-06,0.046485376,2.6349451,6.2334781e-07,-0.071462373,8.4867979e-06
0.148,1.6893612e-07,0.046471564,2.6527782,1.3411064e-08,-0.071503812,8.4859735e-06
0.1485,1.3077184e-05,0.0463499,2.6706732,1.0289676e-06,-0.071545194,8.4812956e-06
0.149,4.5963243e-05,0.046122224,2.6886302,3.6145513e-06,-0.071586573,8.4728022e-06
0.1495,9.768272e-05,0.045791317,2.706649,7.6803568e-06,-0.071628003,8.4605548e-06
0.15,0.00016668803,0.045360852,2.7247295,1.3104707e-05,-0.071669529,8.4446389e-06
0.1505,0.00025106836,0.044835344,2.7428716,1.9737217e-05,-0.071711196,8.4251625e-06
0.151,0.00034859714,0.044220075,2.7610749,2.7402566e-05,-0.07175304,8.4022561e-06
0.1515,0.00045678595,0.043521024,2.7793394,3.5904788e-05,-0.071795093,8.3760713e-06
0.152,0.00057294348,0.042744775,2.7976647,4.5031971e-05,-0.071837377,8.3467795e-06
0.1525,0.00069423821,0.041898432,2.8160506,5.4561235e-05,-0.071879909,8.3145705e-06
0.153,0.00081776343,0.040989521,2.8344968,6.4263902e-05,-0.071922698,8.2796509e-06
0.1535,0.000940603,0.040025888,2.8530032,7.3910696e-05,-0.071965744,8.2422419e-06
0.154,0.0010598964,0.039015607,2.8715693,8.3276882e-05,-0.072009039,8.2025783e-06
0.1545,0.001172902,0.037966876,2.8901951,9.2147227e-05,-0.07205257,8.1609058e-06
0.155,0.0012770561,0.036887924,2.9088802,0.00010032065,-0.072096315,8.1174796e-06
0.1555,0.0013700283,0.035786917,2.9276244,0.00010761452,-0.072140246,8.0725625e-06
0.156,0.0014497695,0.034671871,2.9464276,0.00011386841,-0.07218433,8.0264232e-06
0.1565,0.0015145549,0.033550575,2.9652897,0.00011894736,-0.072228527,7.9793342e-06
0.157,0.0015630169,0.03243052,2.9842104,0.00012274454,-0.072272796,7.9315705e-06
0.1575,0.0015941718,0.03131883,3.0031897,0.00012518314,-0.072317091,7.8834077e-06
0.158,0.0016074356,0.030222215,3.0222276,0.00012621774,-0.072361366,7.8351209e-06
0.1585,0.0016026324,0.029146928,3.041324,0.00012583479,-0.072405573,7.7869828e-06
0.159,0.0015799925,0.028098725,3.060479,0.00012405254,-0.072449664,7.7392625e-06
0.1595,0.0015401415,0.027082852,3.0796926,0.00012092017,-0.072493593,7.6922242e-06
0.16,0.0014840811,0.026104024,3.0989649,0.00011651626,-0.072537316,7.6461257e-06
0.1605,0.001413162,0.02516643,3.118296,0.00011094671,-0.072580794,7.6012174e-06
0.161,0.0013290484,0.024273734,3.1376861,0.00010434197,-0.07262399,7.5577412e-06
0.1615,0.0012336771,0.023429092,3.1571353,9.6853861e-05,-0.072666874,7.5159288e-06
0.162,0.0011292101,0.022635175,3.1766439,8.8651899e-05,-0.072709419,7.4760013e-06
0.1625,0.0010179838,0.021894198,3.196212,7.9919307e-05,-0.072751607,7.4381674e-06
0.163,0.00090245427,0.021207952,3.2158399,7.0848757e-05,-0.072793425,7.4026231e-06
0.1635,0.00078514079,0.020577846,3.2355277,6.163795e-05,-0.072834868,7.3695501e-06
0.164,0.0006685689,0.020004944,3.2552758,5.2485149e-05,-0.072875935,7.3391153e-06
0.1645,0.00055521398,0.01949001,3.2750843,4.3584747e-05,-0.072916634,7.31147e-06
0.165,0.00044744678,0.019033547,3.2949535,3.5122975e-05,-0.072956979,7.2867487e-06
0.1655,0.00034748193,0.018635845,3.3148835,2.727385e-05,-0.07299699,7.2650688e-06
0.166,0.00025733077,0.018297014,3.3348745,2.0195445e-05,-0.073036692,7.2465301e-06
0.1665,0.00017875921,0.018017023,3.3549267,1.4026566e-05,-0.073076115,7.2312142e-06
0.167,0.00011325176,0.017795732,3.3750402,8.8839033e-06,-0.073115294,7.2191838e-06
0.1675,6.1982266e-05,0.017632916,3.3952151,4.8597174e-06,-0.073154266,7.2104834e-06
0.168,2.5791928e-05,0.017528293,3.4154516,2.0201045e-06,-0.073193073,7.2051381e-06
0.1685,5.1751044e-06,0.017481532,3.4357495,4.0387266e-07,-0.073231754,7.2031543e-06
0.169,2.7298789e-07,0.017492268,3.456109,2.2046719e-08,-0.073270354,7.2045197e-06
0.1695,1.0875249e-05,0.0175601,3.4765301,8.5800235e-07,-0.073308913,7.2092032e-06
0.17,3.6429493e-05,0.017684594,3.4970126,2.8682189e-06,-0.073347473,7.2171557e-06
0.1705,7.6058207e-05,0.017865268,3.5175565,5.9836235e-06,-0.073386073,7.2283102e-06
0.171,0.00012858273,0.01810158,3.5381618,1.0111489e-05,-0.073424748,7.2425823e-06
0.1715,0.00019255361,0.018392908,3.5588282,1.513783e-05,-0.073463529,7.259871e-06
0.172,0.00026628658,0.018738527,3.5795556,2.0930247e-05,-0.073502446,7.2800594e-06
0.1725,0.00034790328,0.019137578,3.6003439,2.7341131e-05,-0.07354152,7.3030153e-06
0.173,0.00043537579,0.019589046,3.6211928,3.4211168e-05,-0.073580768,7.3285919e-06
0.1735,0.00052657386,0.020091722,3.6421022,4.1373049e-05,-0.073620204,7.3566291e-06
0.174,0.00061931376,0.020644173,3.6630719,4.8655312e-05,-0.073659832,7.3869541e-06
0.1745,0.00071140775,0.021244716,3.6841017,5.5886216e-05,-0.073699653,7.4193826e-06
0.175,0.00080071287,0.021891384,3.7051914,6.2897566e-05,-0.07373966,7.4537197e-06
0.1755,0.00088517814,0.022581903,3.7263408,6.952841e-05,-0.073779844,7.4897609e-06
0.176,0.00096288902,0.023313671,3.7475497,7.5628522e-05,-0.073820187,7.5272938e-06
0.1765,0.0010321083,0.024083736,3.7688181,8.1061599e-05,-0.073860669,7.5660986e-06
0.177,0.0010913122,0.02488879,3.7901457,8.5708102e-05,-0.073901263,7.6059495e-06
0.1775,0.001139222,0.02572516,3.8115324,8.9467692e-05,-0.07394194,7.6466166e-06
0.178,0.0011748284,0.026588809,3.8329782,9.2261202e-05,-0.07398267,7.6878661e-06
0.1785,0.0011974112,0.027475348,3.8544829,9.4032114e-05,-0.074023417,7.7294627e-06
0.179,0.0012065507,0.028380045,3.8760467,9.4747511e-05,-0.074064147,7.7711702e-06
0.1795,0.0012021335,0.029297853,3.8976693,9.4398496e-05,-0.074104823,7.8127532e-06
0.18,0.0011843505,0.030223439,3.9193509,9.3000064e-05,-0.074145411,7.8539785e-06
0.1805,0.0011536887,0.03115122,3.9410915,9.059045e-05,-0.074185875,7.8946162e-06
0.181,0.0011109163,0.032075405,3.9628912,8.7229963e-05,-0.074226182,7.9344412e-06
0.1815,0.0010570616,0.03299005,3.98475,8.2999346e-05,-0.074266304,7.9732347e-06
0.182,0.00099338666,0.033889104,4.0066681,7.7997704e-05,-0.074306213,8.0107851e-06
0.1825,0.00092135588,0.034766475,4.0286456,7.2340042e-05,-0.074345886,8.0468893e-06
0.183,0.00084260071,0.03561609,4.0506827,6.6154489e-05,-0.074385304,8.0813541e-06
0.1835,0.00075888088,0.036431957,4.0727794,5.9579261e-05,-0.074424453,8.113997e-06
0.184,0.00067204352,0.037208234,4.0949361,5.2759441e-05,-0.074463324,8.1446473e-06
0.1845,0.0005839807,0.037939294,4.1171527,4.5843647e-05,-0.074501913,8.1731471e-06
0.185,0.00049658671,0.038619788,4.1394296,3.898067e-05,-0.074540221,8.1993518e-06
0.1855,0.00041171575,0.039244709,4.1617669,3.2316147e-05,-0.074578253,8.2231312e-06
0.186,0.00033114114,0.039809452,4.1841646,2.5989355e-05,-0.07461602,8.2443698e-06
0.1865,0.00025651689,0.040309867,4.2066231,2.013019e-05,-0.074653537,8.2629675e-06
0.187,0.00018934244,0.040742309,4.2291424,1.4856396e-05,-0.074690824,8.2788398e-06
0.1875,0.00013093133,0.041103683,4.2517226,1.0271099e-05,-0.074727903,8.2919181e-06
0.188,8.2384423e-05,0.041391479,4.2743638,6.4607125e-06,-0.0747648,8.3021503e-06
0.1885,4.4568275e-05,0.041603801,4.2970661,3.4932336e-06,-0.074801544,8.3095002e-06
0.189,1.8098965e-05,0.041739388,4.3198296,1.4169794e-06,-0.074838165,8.3139483e-06
0.1895,3.3317747e-06,0.041797628,4.3426543,2.5977862e-07,-0.074874694,8.3154909e-06
0.19,3.5679831e-07,0.04177856,4.3655402,2.8631475e-08,-0.074911164,8.3141407e-06
0.1905,9.0005362e-06,0.04168287,4.3884873,7.0983847e-07,-0.074947606,8.3099261e-06
0.191,2.8833338e-05,0.04151188,4.4114955,2.2695889e-06,-0.074984049,8.3028908e-06
0.1915,5.918246e-05,0.041267524,4.4345648,4.6549893e-06,-0.075020524,8.293094e-06
0.192,9.915036e-05,0.040952323,4.4576951,7.7955031e-06,-0.075057057,8.2806092e-06
0.1925,0.00014763777,0.040569346,4.4808863,1.1604763e-05,-0.075093672,8.2655245e-06
0.193,0.00020337092,0.040122171,4.5041383,1.5982713e-05,-0.075130389,8.2479413e-06
0.1935,0.00026493234,0.039614833,4.527451,2.0818021e-05,-0.075167225,8.2279741e-06
0.194,0.0003307944,0.039051778,4.5508242,2.5990718e-05,-0.075204193,8.2057497e-06
0.1945,0.00039935484,0.038437801,4.5742578,3.1374984e-05,-0.075241301,8.1814064e-06
0.195,0.00046897356,0.03777799,4.5977516,3.6842033e-05,-0.075278554,8.1550935e-06
0.1955,0.00053800966,0.037077667,4.6213055,4.2263025e-05,-0.075315952,8.1269701e-06
0.196,0.00060485802,0.036342323,4.6449194,4.7511936e-05,-0.075353489,8.0972043e-06
0.1965,0.00066798467,0.035577559,4.6685931,5.2468325e-05,-0.075391158,8.0659724e-06
0.197,0.00072595992,0.034789028,4.6923265,5.7019952e-05,-0.075428946,8.0334579e-06
0.1975,0.00077748892,0.033982374,4.7161195,6.1065156e-05,-0.075466836,7.9998503e-06
0.198,0.00082143861,0.033163179,4.7399719,6.4514991e-05,-0.07550481,7.9653441e-06
0.1985,0.00085686083,0.032336917,4.7638837,6.7295025e-05,-0.075542845,7.9301379e-06
0.199,0.00088301091,0.031508898,4.7878548,6.9346811e-05,-0.075580918,7.894433e-06
0.1995,0.00089936152,0.030684237,4.8118852,7.0628968e-05,-0.075619002,7.8584324e-06
0.2,0.00090561148,0.029867812,4.8359749,7.1117878e-05,-0.075657072,7.8223398e-06
0.2005,0.00090168936,0.029064237,4.8601238,7.0807966e-05,-0.075695099,7.786358e-06
0.201,0.00088775198,0.028277836,4.8843319,6.9711582e-05,-0.075733059,7.7506882e-06
0.2015,0.00086417778,0.027512625,4.9085994,6.7858484e-05,-0.075770924,7.7155286e-06
0.202,0.00083155541,0.026772302,4.9329262,6.5294935e-05,-0.075808671,7.6810733e-06
0.2025,0.00079066769,0.026060239,4.9573123,6.2082449e-05,-0.075846277,7.6475114e-06
0.203,0.00074247153,0.025379478,4.981758,5.829621e-05,-0.075883722,7.6150256e-06
0.2035,0.00068807427,0.024732739,5.0062633,5.402321e-05,-0.075920988,7.5837915e-06
0.204,0.00062870688,0.024122425,5.0308283,4.9360147e-05,-0.075958063,7.5539763e-06
0.2045,0.00056569488,0.023550635,5.0554531,4.441114e-05,-0.075994936,7.5257383e-06
0.205,0.00050042745,0.023019177,5.0801378,3.92853e-05,-0.0760316,7.4992256e-06
0.2055,0.00043432566,0.022529589,5.1048827,3.4094234e-05,-0.076068052,7.4745756e-06
0.206,0.00036881028,0.022083155,5.1296877,2.8949516e-05,-0.076104292,7.4519144e-06
0.2065,0.00030527015,0.021680928,5.154553,2.3960206e-05,-0.076140327,7.4313557e-06
0.207,0.00024503162,0.021323747,5.1794788,1.9230449e-05,-0.076176163,7.4130006e-06
0.2075,0.00018932983,0.021012262,5.2044652,1.4857218e-05,-0.076211812,7.3969373e-06
0.208,0.00013928243,0.020746951,5.2295122,1.0928252e-05,-0.076247289,7.3832402e-06
0.2085,9.5866213e-05,0.020528138,5.2546199,7.5202262e-06,-0.076282612,7.3719698e-06
0.209,5.9897289e-05,0.020356012,5.2797884,4.6971893e-06,-0.076317799,7.3631726e-06
0.2095,3.2015047e-05,0.020230638,5.3050179,2.5093108e-06,-0.076352873,7.3568811e-06
0.21,1.2670301e-05,0.020151967,5.3303082,9.9194984e-07,-0.076387855,7.353113e-06
0.2105,2.117803e-06,0.020119849,5.3556594,1.6506851e-07,-0.076422771,7.3518722e-06
0.211,4.1322382e-07,0.020134035,5.3810716,3.2996154e-08,-0.076457643,7.353148e-06
0.2115,7.414613e-06,0.020194178,5.4065448,5.8454516e-07,-0.076492495,7.3569161e-06
0.212,2.2788249e-05,0.020299834,5.4320788,1.7934711e-06,-0.076527351,7.363138e-06
0.2125,4.6018683e-05,0.020450458,5.4576736,3.6192623e-06,-0.076562231,7.371762e-06
0.213,7.64227e-05,0.020645397,5.4833293,6.0082364e-06,-0.076597155,7.3827234e-06
0.2135,0.00011316683,0.020883879,5.5090457,8.8949159e-06,-0.076632142,7.3959447e-06
0.214,0.00015528797,0.021165006,5.5348226,1.2203648e-05,-0.076667207,7.4113363e-06
0.2145,0.00020171661,0.021487739,5.5606602,1.5850428e-05,-0.076702361,7.4287973e-06
0.215,0.00025130214,0.021850885,5.5865581,1.9744888e-05,-0.076737615,7.4482158e-06
0.2155,0.0003028396,0.022253084,5.6125164,2.3792395e-05,-0.076772975,7.4694697e-06
0.216,0.00035509725,0.022692796,5.6385349,2.789622e-05,-0.076808444,7.4924275e-06
0.2165,0.00040684445,0.023168288,5.6646135,3.195972e-05,-0.07684402,7.5169492e-06
0.217,0.00045687902,0.02367762,5.690752,3.5888499e-05,-0.076879702,7.5428868e-06
0.2175,0.00050405371,0.024218641,5.7169505,3.9592471e-05,-0.076915481,7.5700855e-06
0.218,0.00054730099,0.024788975,5.7432088,4.2987821e-05,-0.07695135,7.5983844e-06
0.2185,0.00058565579,0.025386024,5.7695268,4.5998781e-05,-0.076987294,7.6276176e-06
0.219,0.00061827559,0.026006963,5.7959044,4.8559211e-05,-0.0770233,7.657615e-06
0.2195,0.00064445757,0.026648742,5.8223416,5.0613946e-05,-0.077059351,7.6882034e-06
0.22,0.00066365237,0.027308094,5.8488383,5.2119875e-05,-0.077095429,7.7192073e-06
0.2205,0.00067547423,0.027981548,5.8753945,5.3046736e-05,-0.077131515,7.7504503e-06
0.221,0.0006797074,0.028665438,5.9020101,5.3377621e-05,-0.077167588,7.7817554e-06
0.2215,0.00067630858,0.029355928,5.9286853,5.3109166e-05,-0.077203629,7.8129469e-06
0.222,0.0006654056,0.03004903,5.9554199,5.2251445e-05,-0.077239617,7.8438505e-06
0.2225,0.00064729223,0.030740633,5.982214,5.082756e-05,-0.077275534,7.874295e-06
0.223,0.00062241932,0.031426534,6.0090677,4.8872951e-05,-0.07731136,7.9041126e-06
0.2235,0.00059138268,0.032102467,6.035981,4.6434437e-05,-0.07734708,7.9331403e-06
0.224,0.00055490777,0.032764145,6.0629539,4.3569016e-05,-0.077382678,7.9612206e-06
0.2245,0.00051383181,0.033407293,6.0899865,4.0342456e-05,-0.077418142,7.9882025e-06
0.225,0.00046908353,0.03402769,6.117079,3.6827709e-05,-0.077453462,8.013942e-06
0.2255,0.00042166128,0.034621208,6.1442314,3.3103189e-05,-0.077488629,8.0383031e-06
0.226,0.00037260978,0.035183857,6.1714438,2.9250945e-05,-0.077523639,8.0611586e-06
0.2265,0.00032299622,0.035711821,6.1987163,2.5354784e-05,-0.07755849,8.0823904e-06
0.227,0.00027388613,0.036201499,6.226049,2.149838e-05,-0.077593183,8.1018906e-06
0.2275,0.00022631968,0.036649546,6.253442,1.7763409e-05,-0.077627721,8.1195617e-06
0.228,0.0001812888,0.037052905,6.2808953,1.4227754e-05,-0.07766211,8.1353169e-06
0.2285,0.00013971572,0.037408841,6.3084091,1.096382e-05,-0.077696361,8.1490812e-06
0.229,0.00010243338,0.037714972,6.3359834,8.0369968e-06,-0.077730482,8.160791e-06
0.2295,7.0168051e-05,0.037969293,6.3636184,5.5042931e-06,-0.077764489,8.1703948e-06
0.23,4.3524575e-05,0.038170198,6.3913139,3.4131813e-06,-0.077798395,8.1778533e-06
0.2305,2.2974556e-05,0.038316497,6.4190702,1.8006676e-06,-0.077832216,8.1831397e-06
0.231,8.847642e-06,0.038407427,6.4468872,6.9260947e-07,-0.077865971,8.1862392e-06
0.2315,1.3260998e-06,0.038442658,6.4747649,1.0329036e-07,-0.077899676,8.1871497e-06
0.232,4.4275701e-07,0.038422296,6.5027034,3.525828e-08,-0.077933349,8.1858814e-06
0.2325,6.0822982e-06,0.038346877,6.5307026,4.7942841e-07,-0.077967009,8.1824565e-06
0.233,1.7985847e-05,0.038217363,6.5587625,1.4154435e-06,-0.078000672,8.1769093e-06
0.2335,3.575869e-05,0.038035121,6.5868831,2.8122807e-06,-0.078034355,8.1692856e-06
0.234,5.8880916e-05,0.03780191,6.6150643,4.6290882e-06,-0.078068072,8.1596427e-06
0.2345,8.6720715e-05,0.037519858,6.643306,6.8162291e-06,-0.078101836,8.1480487e-06
0.235,0.00011854998,0.037191432,6.6716083,9.3165076e-06,-0.078135659,8.1345821e-06
0.2355,0.00015356184,0.036819413,6.699971,1.2066547e-05,-0.07816955,8.1193314e-06
0.236,0.00019088975,0.036406858,6.728394,1.4998285e-05,-0.078203517,8.1023945e-06
0.2365,0.019086397,0.040284972,5.9549647,1.478569e-06,-0.69609605,0.00051376373
0.237,0.23638346,0.080414135,4.159517,2.3127692e-06,-1.387813,0.0012196319
0.2375,0.76107102,0.23705382,2.3508727,1.755042e-05,-1.9361503,0.0015336809
0.238,1.3706477,0.57644068,1.0881216,4.7247903e-05,-2.3792199,0.0015002856
0.2385,1.7502679,1.0641043,0.41933741,9.1396244e-05,-2.738953,0.0012345252
0.239,1.7874837,1.5689602,0.14227547,0.00014998248,-3.0303704,0.00087374916
0.2395,1.6015894,1.9536079,0.049723856,0.00022300361,-3.2680524,0.00053630529
0.24,1.379395,2.1556826,0.02270675,0.00031046005,-3.4662238,0.00029669367
0.2405,1.2320338,2.1969911,0.014212673,0.00041235204,-3.6362053,0.00017958315
0.241,1.1722842,2.1394313,0.0092546275,0.00052867952,-3.7835897,0.00016760084
0.2415,1.1630019,2.036384,0.004840887,0.00065944243,-3.9141672,0.00022077191
0.242,1.1722976,1.9181088,0.0030720762,0.00080464075,-4.0303901,0.00029910789
0.2425,1.1838122,1.8009148,0.0075569531,0.00096427449,-4.1344876,0.00036616331
0.243,1.1870886,1.6981395,0.020194636,0.0011383436,-4.2287849,0.00040115764
0.2435,1.1699249,1.6248732,0.03896373,0.0013268482,-4.3152099,0.00039851062
0.244,1.1191573,1.5950339,0.060462387,0.0015297882,-4.3947316,0.00036282386
0.2445,1.0275458,1.6151478,0.082360692,0.0017471636,-4.467855,0.00030537529
0.245,0.89936592,1.679973,0.10231795,0.0019789744,-4.5350142,0.00023837805
0.2455,0.74976768,1.7733841,0.11851329,0.0022252206,-4.5965036,0.0001714208
0.246,0.5993549,1.8738763,0.12954147,0.0024859023,-4.6528002,0.00010990295
0.2465,0.46658433,1.9620336,0.13449523,0.0027610193,-4.7045753,5.6600991e-05
0.247,0.36200004,2.0262564,0.13311309,0.0030505718,-4.7526002,1.5582606e-05
0.2475,0.2851181,2.0641382,0.12918446,0.0033545597,-4.7964844,0
0.248,0.22948743,2.0789288,0.12271978,0.003672983,-4.8400267,5.4065337e-05
0.2485,0.19266382,2.0743693,0.11672758,0.0040058417,-4.8801522,8.9014021e-05
0.249,0.17477044,2.051833,0.11286393,0.0043531358,-4.9171579,8.8206807e-05
0.2495,0.17753815,2.009753,0.1106026,0.0047148654,-4.951423,6.5908796e-05
0.25,0.20366588,1.9448372,0.10861443,0.0050910304,-4.9834835,3.472862e-05
0.2505,0.25534748,1.854135,0.10593423,0.0054816307,-5.0137804,3.7205778e-06
0.251,0.33293148,1.7368383,0.10292546,0.0058866665,-5.0421865,0
0.2515,0.43361178,1.5954851,0.099886915,0.0063061377,-5.0693571,0
0.252,0.55120968,1.4360284,0.096991521,0.0067400444,-5.0957046,0
0.2525,0.67712349,1.2669437,0.09427766,0.0071883864,-5.1215365,0
0.253,0.80183097,1.0977543,0.091731653,0.0076511639,-5.1470074,0
0.2535,0.9165027,0.93741702,0.08932454,0.0081283767,-5.1721375,0
0.254,1.0119097,0.79305913,0.086052732,0.008620025,-5.1999114,2.4113716e-05
0.2545,1.0752962,0.66891637,0.081046576,0.0091261087,-5.2324312,0.00014205574
0.255,1.1104905,0.56542759,0.08046419,0.0082796685,-5.2677815,0.00018643708
0.2555,1.0486853,0.48167639,0.080835239,0.0021273376,-5.3524702,0.0002751302
0.256,0.9638307,0.41142084,0.13261878,0.045356125,-5.4113192,0.00033690891
0.2565,0.91483972,0.34859203,0.20377006,0.11151951,-5.4510497,0.00026310457
0.257,0.91027532,0.28838188,0.23422378,0.14405976,-5.4805755,0.00014273826
0.2575,0.92368219,0.22885963,0.23804201,0.15107579,-5.5017375,4.9191244e-05
0.258,0.94108665,0.17124143,0.23368564,0.14919716,-5.5179716,6.318948e-05
0.2585,0.95376389,0.11890098,0.22973127,0.14685842,-5.5324758,6.3120852e-05
0.259,0.95834204,0.07536888,0.2263649,0.14458733,-5.5460785,5.6430822e-05
0.2595,0.95214626,0.043430486,0.22328173,0.14249261,-5.5591765,4.7528671e-05
0.26,0.93017231,0.025232561,0.22186208,0.14047292,-5.5731353,3.4387597e-05
0.2605,0.89145874,0.021918754,0.22218689,0.13846844,-5.5868757,5.7838147e-05
0.261,0.83822052,0.033373855,0.22346354,0.13647354,-5.5997106,7.0768559e-05
0.2615,0.77332212,0.058276492,0.2251854,0.1344936,-5.6116299,6.7452913e-05
0.262,0.69854776,0.094305353,0.22674642,0.13252971,-5.6240293,5.2402933e-05
0.2625,0.6039595,0.13818461,0.23273938,0.13058086,-5.6403173,0.00011392493
0.263,0.50346337,0.18644632,0.24044858,0.12864645,-5.6550765,0.00017999658
0.2635,0.4046875,0.23577615,0.25085804,0.12672644,-5.6683346,0.0002041686
0.264,0.31479576,0.28298282,0.26117174,0.12482086,-5.6803185,0.00019275055
0.2645,0.23897535,0.32542874,0.26786121,0.12292974,-5.6908626,0.00015604052
0.265,0.17742198,0.36134516,0.27042079,0.12105305,-5.7003621,0.00010523707
0.2655,0.12962239,0.39009289,0.26852069,0.11919081,-5.7092394,4.9584003e-05
0.266,0.093804978,0.41201154,0.26250739,0.11734299,-5.7176729,0
0.2665,0.066127112,0.42769309,0.25622846,0.11550962,-5.7250996,0
0.267,0.045969274,0.43771044,0.24935256,0.11369067,-5.7321874,0
0.2675,0.03273191,0.4426057,0.2421433,0.11188617,-5.7388628,0
0.268,0.025857582,0.44287579,0.23501961,0.1100961,-5.7451467,0
0.2685,0.024963897,0.43884921,0.22824219,0.10832046,-5.7511249,0
0.269,0.029960781,0.43056877,0.22183731,0.10655926,-5.7568905,0
0.2695,0.041023665,0.41781072,0.21568693,0.1048125,-5.7625084,0
0.27,0.058421271,0.40024967,0.20965691,0.10308017,-5.768013,0
0.2705,0.082295675,0.37767664,0.20367488,0.10136227,-5.7734236,0
0.271,0.11249506,0.35016905,0.19773867,0.099658814,-5.7787612,0
0.2715,0.14850102,0.31816732,0.19188302,0.097969791,-5.7840553,0
0.272,0.18943737,0.2824684,0.18614218,0.096295203,-5.7893419,0
0.2725,0.23412745,0.24416866,0.18053056,0.094635051,-5.7946558,0
0.273,0.28117463,0.20458264,0.17504348,0.092989334,-5.8000243,0
0.2735,0.3290531,0.1651514,0.16966818,0.091358053,-5.8054635,0
0.274,0.37620176,0.12734804,0.1643942,0.089741207,-5.8109781,0
0.2745,0.42111368,0.092588001,0.15921778,0.088138797,-5.816564,0
0.275,0.46241281,0.062152322,0.15414064,0.086550821,-5.8222105,0
0.2755,0.49891207,0.037129872,0.14916636,0.084977282,-5.827903,0
0.276,0.52965054,0.018380739,0.14429744,0.083418177,-5.833624,0
0.2765,0.55391098,0.0065196072,0.13953439,0.081873508,-5.8393544,0
0.277,0.57122051,0.0019160801,0.13487628,0.080343275,-5.845074,0
0.2775,0.5813381,0.0047082472,0.13032192,0.078827477,-5.8507629,0
0.278,0.58423268,0.014825488,0.12587058,0.077326114,-5.8564018,0
0.2785,0.58005586,0.032016447,0.12152215,0.075839187,-5.8619733,0
0.279,0.56911305,0.05587841,0.11727693,0.074366695,-5.8674617,0
0.2795,0.55183595,0.085885126,0.11313523,0.072908639,-5.8728535,0
0.28,0.52875812,0.12141126,0.10909722,0.071465018,-5.8781372,0
0.2805,0.5004946,0.1617527,0.10516287,0.070035832,-5.8833031,0
0.281,0.46772589,0.20614245,0.10133206,0.068621082,-5.8883431,0
0.2815,0.43118612,0.25376235,0.097604689,0.067220767,-5.8932506,0
0.282,0.39165541,0.30375073,0.093980719,0.065834888,-5.89802,0
0.2825,0.34995565,0.35520682,0.090460161,0.064463444,-5.9026472,0
0.283,0.30694824,0.40719328,0.087043048,0.063106436,-5.9071288,0
0.2835,0.26353158,0.45873909,0.083729407,0.061763863,-5.9114629,0
0.284,0.22063535,0.50884556,0.080519242,0.060435725,-5.9156489,0
0.2845,0.17920897,0.55649828,0.077412547,0.059122023,-5.919688,0
0.285,0.14020215,0.60068681,0.074409309,0.057822756,-5.9235841,0
0.2855,0.10453732,0.64043258,0.071509521,0.056537924,-5.9273435,0
0.286,0.073075425,0.67482343,0.068713181,0.055267528,-5.9309758,0
0.2865,0.046578303,0.70305179,0.066020293,0.054011568,-5.9344939,0
0.287,0.025672081,0.72445185,0.063430858,0.052770043,-5.9379135,0
0.2875,0.01081612,0.73853144,0.06094488,0.051542953,-5.9412527,0
0.288,0.002281451,0.74499441,0.058562358,0.050330298,-5.9445311,0
0.2885,0.00014116779,0.74375107,0.05628329,0.04913208,-5.9477689,0
0.289,0.0042734139,0.73491595,0.054107676,0.047948296,-5.9509859,0
0.2895,0.014375806,0.71879383,0.052035516,0.046778948,-5.9542005,0
0.29,0.029988674,0.69585683,0.050066809,0.045624035,-5.9574292,0
0.2905,0.05052366,0.66671576,0.048201555,0.044483558,-5.9606862,0
0.291,0.075294054,0.63208954,0.046439756,0.043357516,-5.9639827,0
0.2915,0.10354373,0.59277578,0.04478141,0.04224591,-5.9673276,0
0.292,0.13447241,0.54962494,0.043226519,0.041148739,-5.9707273,0
0.2925,0.16725628,0.50351908,0.041775081,0.040066003,-5.974186,0
0.293,0.20106383,0.45535533,0.040427097,0.038997703,-5.9777059,0
0.2935,0.23506809,0.40603315,0.039182567,0.037943838,-5.9812876,0
0.294,0.2684566,0.35644377,0.038041491,0.036904409,-5.9849302,0
0.2945,0.30044096,0.3074603,0.037003868,0.035879415,-5.988631,0
0.295,0.33026718,0.25992689,0.036069699,0.034868856,-5.992386,0
0.2955,0.35722795,0.21464609,0.035238984,0.033872733,-5.9961894,0
0.296,0.38067696,0.17236406,0.034511723,0.032891045,-6.0000338,0
0.2965,0.40004481,0.13375413,0.033887916,0.031923793,-6.0039099,0
0.297,0.41485558,0.099399488,0.033367563,0.030970976,-6.0078072,0
0.2975,0.42474264,0.069776623,0.032950663,0.030032595,-6.0117132,0
0.298,0.42946222,0.045240779,0.032637217,0.029108649,-6.0156149,0
0.2985,0.42890345,0.026014928,0.032427225,0.028199138,-6.0194981,0
0.299,0.4230937,0.012183291,0.032320687,0.027304063,-6.0233484,0
0.2995,0.41219874,0.0036900799,0.032317602,0.026423423,-6.0271518,0
0.3,0.39651756,0.00034363058,0.032417972,0.025557219,-6.0308947,0
0.3005,0.37647204,0.0018256486,0.032621795,0.02470545,-6.0345648,0
0.301,0.35259239,0.0077049037,0.032929072,0.023868116,-6.0381512,0
0.3015,0.32549909,0.017454432,0.033339803,0.023045218,-6.041645,0
0.302,0.29588262,0.030471152,0.033853987,0.022236755,-6.0450391,0
0.3025,0.26448195,0.046096767,0.034471626,0.021442728,-6.0483287,0
0.303,0.23206302,0.0636389,0.035192718,0.020663136,-6.0515112,0
0.3035,0.19939786,0.082391573,0.036017264,0.01989798,-6.0545861,0
0.304,0.16724525,0.10165435,0.036945264,0.019147259,-6.0575549,0
0.3045,0.13633317,0.12074968,0.037976718,0.018410973,-6.0604212,0
0.305,0.10734334,0.13903829,0.039111625,0.017689123,-6.0631902,0
0.3055,0.080897788,0.15593248,0.040349986,0.016981708,-6.0658687,0
0.306,0.057547448,0.17090762,0.041691801,0.016288728,-6.0684647,0
0.3065,0.037762435,0.1835118,0.04313707,0.015610184,-6.0709875,0
0.307,0.021923974,0.19337401,0.044685793,0.014946076,-6.0734475,0
0.3075,0.010317782,0.20021087,0.04633797,0.014296403,-6.0758554,0
0.308,0.0031289414,0.20383193,0.0480936,0.013661165,-6.0782229,0
0.3085,0.00043834055,0.20414347,0.049952684,0.013040363,-6.0805619,0
0.309,0.0022209279,0.20115051,0.051915222,0.012433996,-6.0828842,0
0.3095,0.0083460362,0.19495688,0.053981214,0.011842064,-6.0852016,0
0.31,0.018580074,0.18576294,0.056150659,0.011264568,-6.0875256,0
0.3105,0.032591819,0.17386074,0.058423558,0.010701507,-6.0898666,0
0.311,0.049960426,0.15962655,0.060799912,0.010152882,-6.0922344,0
0.3115,0.070186127,0.14351068,0.063279719,0.0096186923,-6.0946373,0
0.312,0.092703389,0.12602483,0.065862979,0.0090989379,-6.0970823,0
0.3125,0.11689615,0.10772742,0.068549694,0.0085936189,-6.0995745,0
0.313,0.14211459,0.089207268,0.071339862,0.0081027353,-6.1021176,0
0.3135,0.16769275,0.071066466,0.074233484,0.0076262871,-6.1047131,0
0.314,0.19296638,0.053902928,0.07723056,0.0071642743,-6.1073607,0
0.3145,0.21729029,0.038293442,0.08033109,0.006716697,-6.1100583,0
0.315,0.24005458,0.024777754,0.083535074,0.006283555,-6.1128022,0
0.3155,0.26069933,0.013844207,0.086842511,0.0058648485,-6.1155871,0
0.316,0.27872735,0.0059172924,0.090253402,0.0054605774,-6.1184062,0
0.3165,0.29371472,0.0013473506,0.093767748,0.0050707417,-6.1212516,0
0.317,0.30531919,0.000402515,0.097385546,0.0046953414,-6.1241147,0
0.3175,0.31328617,0.003262917,0.1011068,0.0043343766,-6.1269859,0
0.318,0.31745265,0.010017087,0.10493151,0.0039878471,-6.1298554,0
0.3185,0.31774899,0.02066046,0.10885967,0.0036557531,-6.1327131,0
0.319,0.31419864,0.035095885,0.11289128,0.0033380945,-6.1355488,0
0.3195,0.30691605,0.05313604,0.11702635,0.0030348713,-6.1383529,0
0.32,0.29610272,0.074507682,0.12126487,0.0027460835,-6.141116,0
0.3205,0.28204142,0.098857655,0.12560684,0.0024717311,-6.1438293,0
0.321,0.26508882,0.1257606,0.13005227,0.0022118142,-6.1464851,0
0.3215,0.24566639,0.15472825,0.13460116,0.0019663326,-6.1490765,0
0.322,0.22424998,0.18522024,0.13925349,0.0017352865,-6.1515981,0
0.3225,0.2013579,0.21665615,0.14400928,0.0015186758,-6.1540456,0
0.323,0.17753812,0.24842873,0.14886853,0.0013165005,-6.1564161,0
0.3235,0.1533546,0.27991775,0.15383123,0.0011287606,-6.1587084,0
0.324,0.12937324,0.31050438,0.15889738,0.00095545613,-6.1609226,0
0.3245,0.10646421,0.33964422,0.16176918,0.00079658708,-6.1648438,1.8367487e-05
0.325,0.08640065,0.36713473,0.15501351,0.00065215344,-6.1719464,0.00010870267
0.3255,0.068541946,0.3928378,0.14823894,0.00052215522,-6.1777982,0.00014718841
0.326,0.052080938,0.41640045,0.14594238,0.00040659242,-6.1825434,0.00014598718
0.3265,0.036821697,0.43698573,0.14829715,0.00030546502,-6.1863743,0.00012178767
0.327,0.023397126,0.45354994,0.15338574,0.00021877305,-6.1897016,8.8483657e-05
0.3275,0.012704404,0.46536289,0.15917366,0.00014651649,-6.1927978,5.5208669e-05
0.328,0.0053545337,0.47223726,0.16455328,8.8695339e-05,-6.19571,2.7002875e-05
0.3285,0.0015492757,0.47436293,0.16934997,4.5309607e-05,-6.1984049,6.0870307e-06
0.329,0.0011771464,0.47205634,0.17402898,1.6359291e-05,-6.2007408,0
0.3295,0.0040748897,0.46551481,0.17885285,1.8443891e-06,-6.202887,0
0.33,0.010141914,0.4548738,0.18382118,1.7649024e-06,-6.204945,0
0.3305,0.019209236,0.44033489,0.18890302,1.6120831e-05,-6.2069619,0
0.331,0.031011675,0.42219569,0.19408692,4.4912174e-05,-6.2089586,0
0.3315,0.045211947,0.40082561,0.19937336,8.8138932e-05,-6.2109485,0
0.332,0.059490437,0.37712275,0.19541249,0.00014580111,-6.2220897,6.6448047e-05
0.3325,0.070889623,0.35299589,0.16995983,0.00021789869,-6.2387976,0.00024380325
0.333,0.08095003,0.33121256,0.13059924,0.0003044317,-6.2604523,0.00036581114
0.3335,0.090113076,0.31606783,0.082499189,0.00040540012,-6.2852747,0.00041969038
0.334,0.099040184,0.31066815,0.049260907,0.00052080395,-6.3050926,0.00041196207
0.3345,0.10228514,0.31446459,0.037439425,0.0006506432,-6.3211612,0.00036188863
0.335,0.096768707,0.32250801,0.040484239,0.00079491786,-6.334448,0.00029319206
0.3355,0.085474496,0.32801823,0.049152149,0.00095362794,-6.3457498,0.00022670957
0.336,0.074973473,0.32594222,0.057741952,0.0011267734,-6.3553572,0.00017601193
0.3365,0.069777158,0.31481177,0.064785481,0.0013143543,-6.3636616,0.00014609031
0.337,0.070050812,0.29610347,0.071417966,0.0015163707,-6.3708489,0.00013374462
0.3375,0.074016047,0.27200353,0.078554755,0.0017328224,-6.3773039,0.00013253271
0.338,0.080194466,0.2442529,0.086646001,0.0019637096,-6.3831623,0.00013560778
0.3385,0.087151957,0.21440615,0.092374875,0.0022090321,-6.3921915,0.0001363813
0.339,0.090878615,0.18499579,0.081005392,0.0024687901,-6.4105171,0.00016848925
0.3395,0.094868808,0.15736536,0.071174633,0.0027429835,-6.4251748,0.00022840506
0.34,0.099124955,0.13274879,0.069175365,0.0030316123,-6.4378376,0.00022385777
0.3405,0.10313808,0.11139003,0.075095506,0.0033346765,-6.4470766,0.00018250916
0.341,0.10673301,0.092525153,0.082560806,0.0036521762,-6.4544698,0.00012752072
0.3415,0.10951128,0.075631303,0.087306362,0.0039841112,-6.4612729,7.2481847e-05
0.342,0.11153982,0.060739655,0.087697649,0.0043304817,-6.4675771,2.4316553e-05
0.3425,0.11187209,0.048381023,0.085521043,0.0046912876,-6.472563,1.5472004e-05
0.343,0.10957278,0.038905633,0.083301738,0.0050665289,-6.4763899,1.413951e-05
0.3435,0.1052827,0.032139797,0.080957847,0.0054562056,-6.4796554,9.5744755e-06
0.344,0.099718795,0.02771154,0.078055043,0.0058603178,-6.4826094,0
0.3445,0.092659022,0.025146264,0.075272854,0.0062788653,-6.4852963,4.7374211e-07
0.345,0.084768389,0.023844255,0.072548818,0.0067118483,-6.4877786,7.133382e-06
0.3455,0.076740018,0.023141004,0.069879935,0.0071592667,-6.4900646,1.3451638e-05
0.346,0.06916473,0.022443695,0.067292135,0.0076211204,-6.4921814,1.8660434e-05
0.3465,0.062396494,0.021375969,0.064820809,0.0080974097,-6.4941585,2.2378758e-05
0.347,0.056514322,0.019831219,0.062496851,0.0085881343,-6.4960235,2.4491273e-05
0.3475,0.0513973,0.017911692,0.06033341,0.0090932943,-6.4977989,2.5054602e-05
0.348,0.046826145,0.015818973,0.058329947,0.0096128898,-6.4995093,2.4284263e-05
0.3485,0.04232983,0.013812012,0.05662393,0.010146921,-6.501229,2.0449299e-05
0.349,0.037941935,0.012044465,0.05509975,0.010695387,-6.5028719,1.6815264e-05
0.3495,0.03370391,0.010621451,0.053552166,0.011258289,-6.5044484,1.9144655e-05
0.35,0.029475152,0.0096748515,0.05202737,0.011835626,-6.5059148,1.9554098e-05
0.3505,0.025156584,0.0093313759,0.050576428,0.012427398,-6.5073002,1.8255037e-05
0.351,0.02077385,0.0096592803,0.049134283,0.013033606,-6.5086216,1.5028623e-05
0.3515,0.016429898,0.010635372,0.047616214,0.01365425,-6.5098865,9.9310733e-06
0.352,0.01229484,0.012130037,0.045965903,0.014289328,-6.5110956,3.4775199e-06
0.3525,0.0084955846,0.013910011,0.044314648,0.014938843,-6.5122231,0
0.353,0.0052934215,0.01565416,0.042763974,0.015602792,-6.5132756,0
0.3535,0.003052172,0.017010626,0.041318968,0.016281177,-6.5142632,0
0.354,0.00207934,0.017670803,0.039979012,0.016973998,-6.5151969,0
0.3545,0.0025613355,0.017434513,0.038742813,0.017681253,-6.5160892,0
0.355,0.0045253789,0.016250261,0.037610003,0.018402945,-6.5169537,0
0.3555,0.0078351999,0.014222723,0.03658063,0.019139071,-6.5178034,0
0.356,0.012218283,0.011588926,0.035654736,0.019889633,-6.5186489,0
0.3565,0.017315253,0.0086718648,0.034832313,0.020654631,-6.5194974,0
0.357,0.022738588,0.0058239799,0.034113347,0.021434064,-6.5203517,0
0.3575,0.028128142,0.0033728523,0.033497833,0.022227932,-6.521211,0
0.358,0.033193941,0.0015787378,0.03298577,0.023036236,-6.5220715,0
0.3585,0.037740845,0.00060951379,0.032577162,0.023858975,-6.5229279,0
0.359,0.041673896,0.00053448707,0.032272007,0.02469615,-6.5237745,0
0.3595,0.044986574,0.0013350704,0.032070307,0.02554776,-6.5246065,0
0.36,0.047736603,0.0029279197,0.031972062,0.026413805,-6.5254205,0
0.3605,0.050015208,0.0051948089,0.03197727,0.027294286,-6.5262151,0
0.361,0.051915937,0.0080132397,0.032085932,0.028189202,-6.5269907,0
0.3615,0.053508481,0.01128242,0.032298048,0.029098554,-6.5277495,0
0.362,0.054821448,0.014940638,0.032613617,0.030022341,-6.5284943,0
0.3625,0.055836113,0.018971937,0.033032641,0.030960563,-6.5292282,0
0.363,0.056491047,0.023402098,0.033555118,0.031913221,-6.529954,0
0.3635,0.056695624,0.028285806,0.034181049,0.032880315,-6.5306732,0
0.364,0.05634903,0.033688261,0.034910434,0.033861843,-6.5313862,0
0.3645,0.05536084,0.039665117,0.035743273,0.034857808,-6.5320918,0
0.365,0.053669386,0.046244468,0.036679565,0.035868207,-6.5327878,0
0.3655,0.05125506,0.053413759,0.037719311,0.036893042,-6.5334712,0
0.366,0.048146931,0.061113263,0.038862511,0.037932312,-6.5341385,0
0.3665,0.0444224,0.069236442,0.040109165,0.038986018,-6.5347866,0
0.367,0.040200761,0.077636375,0.041459273,0.04005416,-6.5354127,0
0.3675,0.03563228,0.086136661,0.042912835,0.041136736,-6.5360151,0
0.368,0.030884767,0.094544849,0.04446985,0.042233748,-6.536593,0
0.3685,0.026129589,0.10266646,0.046130319,0.043345196,-6.5371465,0
0.369,0.021528791,0.11031794,0.047894242,0.044471079,-6.5376767,0
0.3695,0.017224616,0.11733723,0.049761619,0.045611397,-6.5381856,0
0.37,0.013332206,0.12359121,0.051732449,0.046766151,-6.5386755,0
0.3705,0.0099358803,0.12897956,0.053806734,0.04793534,-6.5391492,0
0.371,0.0070889222,0.13343522,0.055984472,0.049118964,-6.5396094,0
0.3715,0.0048164488,0.13692162,0.058265664,0.050317024,-6.5400587,0
0.372,0.0031206188,0.1394277,0.060650309,0.05152952,-6.5404993,0
0.3725,0.0019871987,0.14096148,0.063138409,0.05275645,-6.540933,0
0.373,0.0013923964,0.14154329,0.065729962,0.053997817,-6.5413611,0
0.3735,0.0013089029,0.14119977,0.06842497,0.055253618,-6.5417847,0
0.374,0.001710267,0.1399595,0.071223431,0.056523855,-6.5422043,0
0.3745,0.0026031526,0.13788913,0.07336524,0.057808528,-6.5432081,1.5647265e-05
0.375,0.0039816442,0.13512995,0.074189797,0.059107636,-6.5445022,5.2125817e-05
0.3755,0.0057072108,0.13180267,0.075226018,0.060421179,-6.5455959,6.7379301e-05
0.376,0.0076176441,0.12794434,0.077151322,0.061749157,-6.5465007,6.6638924e-05
0.3765,0.0096626778,0.1234754,0.079937845,0.063091572,-6.5472531,5.6672555e-05
0.377,0.011922081,0.11827468,0.083219296,0.064448421,-6.5479262,4.3016056e-05
0.3775,0.014495181,0.11228955,0.086627198,0.065819706,-6.5485667,2.9293423e-05
0.378,0.017405102,0.10558295,0.089965989,0.067205426,-6.5491823,1.7518709e-05
0.3785,0.02058353,0.098303345,0.093210476,0.068605582,-6.549768,8.599588e-06
0.379,0.023906465,0.090628393,0.096422986,0.070020173,-6.5503239,2.7933561e-06
0.3795,0.027230006,0.082729761,0.099682275,0.0714492,-6.5508551,9.548099e-08
0.38,0.030408249,0.074765783,0.10304905,0.072892662,-6.551369,0
0.3805,0.0333369,0.066881068,0.10652273,0.074350559,-6.5518763,0
0.381,0.035913473,0.059210951,0.11010632,0.075822892,-6.5523797,8.1307572e-07
0.3815,0.038030348,0.051876551,0.11381748,0.077309661,-6.5528793,2.8236011e-06
0.382,0.039627654,0.044976489,0.11764644,0.078810864,-6.5533737,4.9669676e-06
0.3825,0.040669549,0.038584967,0.12158379,0.080326503,-6.5538622,6.7977732e-06
0.383,0.041141793,0.032750836,0.12562203,0.081856578,-6.5543436,7.9828004e-06
0.3835,0.041052192,0.027496597,0.12975497,0.083401088,-6.5548164,8.5326717e-06
0.384,0.040431269,0.022818542,0.1339771,0.084960033,-6.5552794,8.5315219e-06
0.3845,0.039329716,0.01869043,0.13828379,0.086533414,-6.5557315,8.106566e-06
0.385,0.037811271,0.015071612,0.14267184,0.08812123,-6.556172,7.4054018e-06
0.3855,0.035942948,0.011917687,0.14713995,0.089723482,-6.5566007,6.5743955e-06
0.386,0.033786449,0.0091898818,0.15168871,0.091340169,-6.5570179,5.7396507e-06
0.3865,0.030857202,0.0069147008,0.15451612,0.092971291,-6.5595204,2.3405004e-05
0.387,0.023537116,0.0055457805,0.14222349,0.094616849,-6.5713602,0.00012380561
0.3875,0.01793535,0.0060053399,0.12617527,0.096276842,-6.580676,0.00017927529
0.388,0.01586531,0.0093933819,0.11549009,0.097951271,-6.588144,0.00018968533
0.3885,0.014628425,0.015614372,0.11217285,0.099640135,-6.5941911,0.00016574764
0.389,0.011844508,0.022816417,0.1136326,0.10134343,-6.5990795,0.00012613078
0.3895,0.0079514556,0.028480178,0.11667646,0.10306117,-6.6030376,8.1853603e-05
0.39,0.0049517732,0.031006975,0.11957294,0.10479334,-6.6063022,4.4406527e-05
0.3905,0.004188653,0.030374798,0.12200371,0.10653995,-6.6090816,1.9421374e-05
0.391,0.0055497503,0.027624294,0.12423511,0.10830099,-6.6115132,1.3467686e-05
0.3915,0.0081173508,0.023960377,0.12651677,0.11007646,-6.6136738,1.4841589e-05
0.392,0.011049644,0.020218595,0.12894191,0.11186637,-6.6156035,1.923529e-05
0.3925,0.013923018,0.01684249,0.13149638,0.11367072,-6.6173362,2.5414498e-05
0.393,0.01656834,0.014094632,0.13411623,0.1154895,-6.6189074,2.9442848e-05
0.3935,0.018816798,0.012213915,0.1367212,0.11732272,-6.6203498,2.9517219e-05
0.394,0.020038635,0.011491497,0.13348241,0.11917038,-6.6260155,6.6306851e-05
0.3945,0.020769863,0.0122211,0.12608134,0.12103247,-6.6330029,0.00010738274
0.395,0.021314605,0.014583844,0.12394346,0.12290899,-6.6372858,0.00010100621
0.3955,0.02082449,0.018038577,0.12572665,0.12479995,-6.6400299,7.2830892e-05
0.396,0.019826792,0.021560951,0.12800384,0.12670535,-6.6417665,4.3042808e-05
0.3965,0.019244603,0.024508147,0.13006562,0.12862518,-6.6431329,1.9439734e-05
0.397,0.019217833,0.026843282,0.13184318,0.13055944,-6.6443393,1.1095444e-05
0.3975,0.019400451,0.028953022,0.13360626,0.13250814,-6.6452968,8.7331291e-06
0.398,0.019375301,0.031246542,0.13548863,0.13447128,-6.6461108,6.7073087e-06
0.3985,0.018908493,0.033971763,0.13749683,0.13644885,-6.6468335,5.6509441e-06
0.399,0.017960234,0.037190798,0.13960268,0.13844086,-6.647487,5.8431642e-06
0.3995,0.016640127,0.04081082,0.14178344,0.1404473,-6.6480769,7.2121759e-06
0.4,0.015140709,0.044640822,0.14402851,0.14246818,-6.6486073,9.4109987e-06
0.4005,0.013658184,0.048467074,0.14633804,0.1445035,-6.6490851,1.1939967e-05
0.401,0.0123222,0.052126062,0.14872151,0.14655325,-6.6495206,1.4281594e-05
0.4015,0.020738907,0.057219626,0.076205103,0.073642318,-6.6936595,0.00017083717
0.402,0.035226079,0.065597277,0.019667344,0.016614627,-6.7196877,0.0002087651
0.4025,0.043896949,0.077116511,0.0043419958,0.00068251328,-6.7348546,0.00015675214
0.403,0.041975388,0.088714895,0.0046766304,0.00032152801,-6.7439886,6.927979e-05
0.4035,0.035125906,0.097610148,0.005445427,0.00032780821,-6.7498346,2.067547e-06
0.404,0.030626358,0.10425531,0.0061574769,0.00019897383,-6.7522071,0
0.4045,0.027453741,0.10960431,0.0069785476,9.3864426e-05,-6.7542265,0
0.405,0.024895777,0.11426158,0.0079420924,4.0198971e-05,-6.7560089,0
0.4055,0.022566377,0.11851174,0.0090234171,1.3486801e-05,-6.7576205,0
0.406,0.020138079,0.12258624,0.010208955,1.5323867e-06,-6.7590996,0
0.4065,0.017314129,0.12670988,0.011497325,3.4444794e-06,-6.7604676,0
0.407,0.013980744,0.13098527,0.012769117,1.9946695e-05,-6.7617714,1.0489971e-05
0.4075,0.01031221,0.13521119,0.014062559,5.1081186e-05,-6.7629519,1.9737858e-05
0.408,0.0067394025,0.13896527,0.015324097,9.6702522e-05,-6.7641437,2.3752316e-05
0.4085,0.0035458359,0.14198139,0.014559584,0.00015675663,-6.7661924,5.7946403e-05
0.409,0.0014172017,0.14399235,0.01267087,0.00023124365,-6.7679527,9.7984496e-05
0.4095,0.0007261883,0.14496812,0.010420109,0.00032016761,-6.7695442,0.00012217483
0.41,0.0012767745,0.14510652,0.0082193917,0.0004235282,-6.7709987,0.00013208774
0.4105,0.002552229,0.14470534,0.0062621789,0.00054132446,-6.7723375,0.00013167549
0.411,0.0040891181,0.14406506,0.0045888117,0.00053566718,-6.7735779,0.00012553181
0.4115,0.005390307,0.14343539,0.0033339074,0.00045055088,-6.77477,0.00011711048
0.412,0.0062095411,0.1430233,0.002074495,0.00033448198,-6.7759688,0.00010817417
0.4125,0.0064268119,0.14284908,0.0010835788,0.00021484784,-6.7770517,0.00010013153
0.413,0.006087139,0.14272697,0.00051172652,0.00010812237,-6.7780328,9.3724515e-05
0.4135,0.0054174407,0.14233031,0.000368632,3.0069925e-05,-6.7789078,8.9094206e-05
0.414,0.0047330199,0.14129025,0.00059096706,3.6536164e-07,-6.7796879,8.598395e-05
0.4145,0.0043357626,0.13929418,0.0010984017,3.9798598e-05,-6.7803878,8.3964015e-05
0.415,0.0044364822,0.13615659,0.0018266858,0.00016328501,-6.7810219,8.2596336e-05
0.4155,0.0051151757,0.13185109,0.002731947,0.00037306182,-6.7816051,8.1514235e-05
0.416,0.0063192866,0.12650552,0.0037804315,0.00065513929,-6.7821529,8.0433472e-05
0.4165,0.0078926804,0.12036833,0.0049368755,0.00098041743,-6.7826785,7.9127754e-05
0.417,0.0096242917,0.11375598,0.0061569009,0.0013102042,-6.7831902,7.739937e-05
0.4175,0.011303642,0.1069917,0.0073847528,0.0016043732,-6.7836913,7.5063641e-05
0.418,0.012770117,0.10034747,0.0085562318,0.0018296149,-6.7841809,7.1952642e-05
0.4185,0.013944638,0.09400194,0.0096054739,0.0019654579,-6.7846561,6.7933937e-05
0.419,0.014836929,0.088023771,0.010473121,0.002006732,-6.7851135,6.2935291e-05
0.4195,0.015528524,0.082383041,0.011113158,0.0019623972,-6.7855508,5.6965966e-05
0.42,0.01613862,0.076984954,0.011496625,0.0018516704,-6.7859676,5.0127819e-05
0.4205,0.016784228,0.071713794,0.011612052,0.0016988998,-6.7863652,4.2613129e-05
0.421,0.017546292,0.066473604,0.011463809,0.0015286304,-6.7867465,3.468973e-05
0.4215,0.018449983,0.061215132,0.011070002,0.0013619113,-6.787115,2.6676603e-05
0.422,0.019449026,0.055945154,0.010472053,0.0012259672,-6.787475,1.89016e-05
0.4225,0.02044403,0.050718531,0.0097270441,0.0011480948,-6.7878288,1.165835e-05
0.423,0.021323839,0.045618717,0.0088892756,0.0011397705,-6.788178,7.6068718e-06
0.4235,0.022035747,0.040732241,0.0079717662,0.0011555868,-6.7885174,7.2843234e-06
0.424,0.022447685,0.036135272,0.0070966607,0.0011693421,-6.7888356,8.7708616e-06
0.4245,0.022541476,0.03187317,0.0062729557,0.0011751605,-6.7891412,1.0009459e-05
0.425,0.022314573,0.027963699,0.0055144014,0.0011798405,-6.7894355,1.0924951e-05
0.4255,0.021784764,0.024403491,0.0048290819,0.0011883752,-6.7897198,1.1487837e-05
0.426,0.020982232,0.021175657,0.0042226838,0.0012061806,-6.7899947,1.1695787e-05
0.4265,0.019952169,0.018256265,0.0036913321,0.0012308001,-6.7902603,1.1561693e-05
0.427,0.018745715,0.015620161,0.0032256122,0.0012553246,-6.7905166,1.111426e-05
0.4275,0.017412143,0.013245638,0.0028136167,0.0012710557,-6.790764,1.0402345e-05
0.428,0.01599297,0.011117405,0.0024438518,0.0012698465,-6.7910034,9.4961956e-06
0.4285,0.014519351,0.0092273919,0.0021074367,0.0012455647,-6.7912353,8.4822947e-06
0.429,0.013002622,0.0075748847,0.0018041779,0.0011942857,-6.7914644,8.3939383e-06
0.4295,0.011349659,0.0061794096,0.0015718175,0.0011101377,-6.7917081,1.0760299e-05
0.43,0.0096258266,0.00504848,0.0013722651,0.00099682976,-6.7919397,1.8783986e-05
0.4305,0.0078638569,0.0041760172,0.0011968834,0.00086883149,-6.7921873,2.4727213e-05
0.431,0.006056773,0.0035456471,0.0010562837,0.00073018495,-6.7924689,2.7598673e-05
0.4315,0.0043885555,0.0031235124,0.00094522324,0.00059226006,-6.792719,2.7161494e-05
0.432,0.0029701496,0.0028634476,0.00084738907,0.00046873285,-6.7929439,2.408811e-05
0.4325,0.0018412561,0.002712109,0.00072719519,0.00035957587,-6.7931501,1.9559378e-05
0.433,0.0010015343,0.0026202566,0.0005696819,0.00026487216,-6.7933416,1.4822137e-05
0.4335,0.00043708253,0.0025562432,0.00039024097,0.00018463284,-6.7935214,1.085013e-05
0.434,0.00012781908,0.0025106106,0.0002221121,0.00011884007,-6.7936923,8.178357e-06
0.4345,5.1612374e-05,0.0024899671,9.9315019e-05,6.7483461e-05,-6.7938546,7.1936985e-06
0.435,0.00019372699,0.0025043494,3.5238544e-05,3.0561485e-05,-6.7940122,7.9750163e-06
0.4355,0.00054424778,0.0025625071,3.1714314e-05,8.0749205e-06,-6.7941665,8.4930734e-06
0.436,0.0010915843,0.0026752487,8.587322e-05,2.4072071e-08,-6.7943187,8.6503623e-06
0.4365,0.0018171635,0.0028595985,0.00019180904,6.4088135e-06,-6.79447,8.4287526e-06
0.437,0.0026939755,0.0031393103,0.00034210897,2.7229006e-05,-6.7946216,9.281778e-06
0.4375,0.0036893928,0.003541529,0.0005294473,6.2484607e-05,-6.7947741,1.0430454e-05
0.438,0.0047699156,0.0040920306,0.00074779742,0.00011217562,-6.7949278,1.1616575e-05
0.4385,0.0059050559,0.0048116355,0.00099295965,0.00017630205,-6.7950827,1.2807384e-05
0.439,0.0070688975,0.005714998,0.0012624345,0.0002548639,-6.7952384,1.3959417e-05
0.4395,0.0082394649,0.0068114675,0.0015549483,0.00034786116,-6.7953949,1.5017732e-05
0.44,0.0093969263,0.0081069579,0.0018699861,0.00045529384,-6.795552,1.5925142e-05
0.4405,0.010521728,0.0096058032,0.0022075209,0.00057716193,-6.7957099,1.6636513e-05
0.441,0.011593369,0.011312008,0.0025679036,0.00071346544,-6.7958686,1.713266e-05
0.4415,0.012590071,0.013229753,0.0029517423,0.00086420436,-6.7960283,1.7429451e-05
0.442,0.013489306,0.015363265,0.0033596125,0.0010293787,-6.7961889,1.7579757e-05
0.4425,0.014268969,0.017716253,0.0037915549,0.0012089885,-6.7963504,1.7668143e-05
0.443,0.014908908,0.020291104,0.0042464457,0.0014030336,-6.7965125,1.779999e-05
0.4435,0.01539251,0.023087983,0.0047213958,0.0016115142,-6.7966751,1.8087717e-05
0.444,0.015708039,0.026103987,0.0052113308,0.0018344302,-6.7968377,1.8636954e-05
0.4445,0.01584952,0.029332449,0.0057088561,0.0020717816,-6.7970001,1.9534964e-05
0.445,0.015817031,0.032762474,0.0062044494,0.0023235684,-6.7971617,2.0842711e-05
0.4455,0.015616421,0.036378746,0.0066869735,0.0025897907,-6.7973223,2.2591008e-05
0.446,0.015258547,0.040161605,0.0071444698,0.0028704483,-6.7974814,2.4780361e-05
0.4465,0.014758191,0.044087352,0.0075651578,0.0031655414,-6.7976386,2.7383648e-05
0.447,0.014132836,0.048128733,0.0079385394,0.0034750699,-6.7977937,3.0350601e-05
0.4475,0.013584582,0.052274466,0.0078961805,0.0034390713,-6.7980737,3.3598008e-05
0.448,0.013475227,0.056562945,0.0068814725,0.0024991701,-6.7984678,3.6676494e-05
0.4485,0.013423364,0.061010401,0.0057665172,0.0015167967,-6.7987644,3.9345876e-05
0.449,0.013041534,0.065579829,0.0050215019,0.00095095135,-6.7989957,4.1748243e-05
0.4495,0.012240593,0.070190742,0.0045849103,0.00073401143,-6.7991889,4.4175114e-05
0.45,0.011215654,0.074770195,0.0042476685,0.00065456094,-6.7993523,4.6757967e-05
0.4505,0.010098674,0.079259783,0.0039208343,0.0006232261,-6.7995045,4.9552576e-05
0.451,0.0089622208,0.083610217,0.0035684492,0.00060336033,-6.7996487,5.2543647e-05
0.4515,0.0078535839,0.087779171,0.0031736459,0.00057458227,-6.7997856,5.5629455e-05
0.452,0.0067980007,0.09173082,0.0027370804,0.00052912702,-6.7999166,5.8641079e-05
0.4525,0.0058047308,0.095435628,0.0022730593,0.00046731393,-6.8000428,6.1383304e-05
0.453,0.0048741418,0.098868413,0.0018049967,0.00039431968,-6.8001648,6.3679117e-05
0.4535,0.0040044338,0.10200534,0.0013597679,0.0003174933,-6.8002828,6.5403014e-05
0.454,0.0031963097,0.10482177,0.00096180452,0.00024390434,-6.8003966,6.6495785e-05
0.4545,0.0024548882,0.10729208,0.00062876434,0.00017865495,-6.8005066,6.6961222e-05
0.455,0.0017894242,0.10939112,0.00036984555,0.00012430595,-6.8006132,6.6850482e-05
0.4555,0.0012119109,0.11109615,0.00018649494,8.1245826e-05,-6.8007169,6.624179e-05
0.456,0.00073541542,0.11238846,7.446854e-05,4.8548263e-05,-6.8008185,6.5222191e-05
0.4565,0.00037256843,0.11325431,2.6172778e-05,2.4879816e-05,-6.8009184,6.3875361e-05
0.457,0.00013434772,0.11368515,3.2623463e-05,9.1913166e-06,-6.801017,6.2276397e-05
0.4575,2.918291e-05,0.11367747,8.4806496e-05,1.1029701e-06,-6.8011148,6.04921e-05
0.458,6.2368669e-05,0.11323253,0.00017448662,9.9751284e-07,-6.8012119,5.8584078e-05
0.4585,0.0002357449,0.11235608,0.00029458645,9.8726422e-06,-6.8013087,5.661196e-05
0.459,0.00054758286,0.11105805,0.00043924834,2.9016392e-05,-6.8014055,5.4634882e-05
0.4595,0.00098900679,0.1093555,0.00060664194,6.2686654e-05,-6.8015029,5.2691294e-05
0.46,0.0015511853,0.10726783,0.00079342773,0.00011246159,-6.8016009,5.0822996e-05
0.4605,0.0022268556,0.10481507,0.0009920236,0.00017433087,-6.8016997,4.9086739e-05
0.461,0.0030052725,0.1020198,0.0011952434,0.00024325142,-6.8017996,4.7537357e-05
0.4615,0.0038703813,0.098908502,0.0013988976,0.0003158448,-6.8019009,4.6213151e-05
0.462,0.0048012928,0.095512004,0.0016018177,0.00039070621,-6.8020038,4.5127744e-05
0.4625,0.0057742474,0.09186493,0.0018043266,0.00046728764,-6.8021085,4.4268983e-05
0.463,0.0067647739,0.088004689,0.0020066444,0.00054475273,-6.8022152,4.3603339e-05
0.4635,0.0077491593,0.083970397,0.0022080377,0.00062152398,-6.8023237,4.3083302e-05
0.464,0.0087050898,0.07980194,0.0024067521,0.00069550737,-6.8024342,4.2655357e-05
0.4645,0.0096118005,0.075539214,0.0026003691,0.00076461215,-6.8025464,4.2266757e-05
0.465,0.010450138,0.071221475,0.0027861954,0.00082718099,-6.8026603,4.1870227e-05
0.4655,0.011202676,0.066886791,0.0029615524,0.00088222535,-6.8027757,4.1426338e-05
0.466,0.011852067,0.062571866,0.0031258264,0.00093140462,-6.8028923,4.089953e-05
0.4665,0.01238667,0.058310942,0.0032751052,0.00097349496,-6.8030098,4.0265473e-05
0.467,0.012797964,0.054135327,0.003405055,0.0010070639,-6.803128,3.9510931e-05
0.4675,0.013080132,0.050073075,0.0035115824,0.0010309255,-6.8032465,3.8632502e-05
0.468,0.013229794,0.046148783,0.0035913051,0.0010444219,-6.803365,3.7634717e-05
0.4685,0.013245761,0.04238349,0.0036419411,0.0010476648,-6.8034832,3.6527693e-05
0.469,0.013127293,0.03879491,0.0036641359,0.0010433055,-6.8036006,3.5322605e-05
0.4695,0.012879802,0.035396977,0.0036556335,0.0010306157,-6.803717,3.4034137e-05
0.47,0.012511402,0.032199958,0.0036145929,0.0010087277,-6.8038321,3.2679743e-05
0.4705,0.012032272,0.029210683,0.0035400234,0.00097701079,-6.8039454,3.1278877e-05
0.471,0.011454076,0.026432851,0.0034320922,0.00093535056,-6.8040568,2.9851889e-05
0.4715,0.010789555,0.02386738,0.0032922154,0.00088425148,-6.804166,2.8418557e-05
0.472,0.01005228,0.021512772,0.0031229568,0.00082478659,-6.8042729,2.699651e-05
0.4725,0.0092564994,0.019365457,0.002927805,0.00075845746,-6.8043771,2.5599901e-05
0.473,0.0084170332,0.017420107,0.0027109107,0.000687028,-6.8044786,2.4238679e-05
0.4735,0.0075491402,0.015669938,0.0024768425,0.00061237474,-6.8045774,2.2918617e-05
0.474,0.0066683471,0.014106976,0.0022303963,0.00053637248,-6.8046733,2.1642046e-05
0.4745,0.0057902258,0.012722326,0.0019764639,0.0004608163,-6.8047664,2.0409105e-05
0.475,0.00493013,0.011506431,0.0017199525,0.0003873716,-6.8048567,1.9219198e-05
0.4755,0.0041029079,0.010449332,0.0014657377,0.00031754204,-6.8049443,1.8072384e-05
0.476,0.0033226124,0.0095409373,0.0012186292,0.00025264714,-6.8050293,1.6970488e-05
0.4765,0.0026022274,0.0087712799,0.00098333455,0.00019380507,-6.8051119,1.5917791e-05
0.477,0.0019534223,0.0081307817,0.00076441067,0.00014191945,-6.8051922,1.4921304e-05
0.4775,0.0013863447,0.0076105006,0.00056619841,9.7671666e-05,-6.8052704,1.3990658e-05
0.478,0.00090945269,0.0072023609,0.00039274167,6.1520696e-05,-6.8053467,1.3137699e-05
0.4785,0.00052938883,0.0068993618,0.00024769476,3.371221e-05,-6.8054215,1.2375893e-05
0.479,0.00025036194,0.0066958458,0.00013463661,1.4729893e-05,-6.8054951,1.1712048e-05
0.4795,7.570546e-05,0.0065876146,5.5602059e-05,3.9273645e-06,-6.8055676,1.1151966e-05
0.48,7.3906321e-06,0.0065718181,1.1527517e-05,2.8824823e-08,-6.8056394,1.0714189e-05
0.4805,4.3653248e-05,0.0066470579,4.2144547e-06,3.2219326e-06,-6.8057107,1.0422191e-05
0.481,0.00018049029,0.0068134435,3.4991056e-05,1.3981429e-05,-6.8057818,1.0297401e-05
0.4815,0.00041262196,0.0070726047,0.00010382149,3.2316817e-05,-6.805853,1.0354869e-05
0.482,0.00073373198,0.0074276417,0.00020913439,5.7673587e-05,-6.8059246,1.060172e-05
0.4825,0.0011363263,0.0078830036,0.00034811888,8.922156e-05,-6.8059968,1.1037656e-05
0.483,0.0016115881,0.0084443028,0.00051710307,0.00012615514,-6.8060698,1.1656587e-05
0.4835,0.0021494213,0.0091180761,0.00071179339,0.00016780607,-6.8061439,1.24485e-05
0.484,0.002738682,0.0099115131,0.0009273654,0.00021358117,-6.8062192,1.3400998e-05
0.4845,0.0033674914,0.010832167,0.0011585035,0.00026283785,-6.8062958,1.4500262e-05
0.485,0.0040235306,0.011887657,0.0013994811,0.000314796,-6.8063739,1.5731482e-05
0.4855,0.0046946833,0.013085415,0.0016439044,0.0003681022,-6.8064535,1.7078104e-05
0.486,0.005368825,0.014432406,0.0018853084,0.00042124216,-6.8065346,1.8521297e-05
0.4865,0.0060340903,0.01593488,0.0021172679,0.00047246968,-6.8066171,2.0039475e-05
0.487,0.0066774787,0.017597981,0.0023351076,0.00052138637,-6.806701,2.1613156e-05
0.4875,0.0072862546,0.019425434,0.0025348256,0.00056777733,-6.8067862,2.3225563e-05
0.488,0.0078484395,0.021419269,0.0027129078,0.00061137052,-6.8068726,2.4862524e-05
0.4885,0.0083532138,0.023579593,0.0028662085,0.00065168533,-6.80696,2.6511825e-05
0.489,0.0087911711,0.025904424,0.0029919424,0.00068800059,-6.8070482,2.8162313e-05
0.4895,0.0091544322,0.028389582,0.0030877701,0.00071941996,-6.807137,2.980308e-05
0.49,0.0094366639,0.031028626,0.0031519351,0.00074499151,-6.8072263,3.1422966e-05
0.4905,0.0096330516,0.033812837,0.0031834014,0.00076383856,-6.8073157,3.3010481e-05
0.491,0.0097402706,0.036731223,0.0031819505,0.00077526978,-6.8074051,3.4554132e-05
0.4915,0.0097564803,0.039770552,0.0031482154,0.00077885047,-6.8074941,3.6042981e-05
0.492,0.0096813484,0.042915416,0.0030836434,0.00077442952,-6.8075825,3.7467278e-05
0.4925,0.0095160955,0.046148318,0.0029903985,0.00076212782,-6.8076702,3.8818983e-05
0.493,0.0092635423,0.049449795,0.0028712231,0.00074229979,-6.8077568,4.0092082e-05
0.4935,0.0089281363,0.052798585,0.0027292837,0.0007154825,-6.8078421,4.1282664e-05
0.494,0.0085159403,0.056171823,0.0025680212,0.00068234516,-6.8079259,4.2388782e-05
0.4945,0.0080345695,0.059545289,0.0023910222,0.00064364746,-6.8080081,4.3410182e-05
0.495,0.0074930741,0.062893678,0.002201917,0.00060021081,-6.8080885,4.4347977e-05
0.4955,0.0069017691,0.066190908,0.0020043054,0.0005529017,-6.8081669,4.5204333e-05
0.496,0.0062720195,0.069410445,0.0018017052,0.00050262383,-6.8082433,4.5982214e-05
0.4965,0.0056169292,0.072525922,0.0015965584,0.00044933389,-6.8083176,4.6683406e-05
0.497,0.0049488119,0.075511206,0.0013925086,0.00039434885,-6.8083897,4.7310352e-05
0.4975,0.0042795554,0.078340489,0.0011937164,0.0003397047,-6.8084597,4.7867684e-05
0.498,0.0036217437,0.08098877,0.0010034155,0.00028673218,-6.8085275,4.8361439e-05
0.4985,0.0029880943,0.083432299,0.00082418003,0.0002363256,-6.8085933,4.879829e-05
0.499,0.0023909066,0.085648993,0.00065818422,0.00018918684,-6.8086571,4.9184759e-05
0.4995,0.0018416228,0.087618792,0.00050736412,0.00014596461,-6.808719,4.9526458e-05
0.5,0.0013505037,0.089323968,0.00037348864,0.00010730212,-6.8087793,4.9827531e-05
0.5005,0.00092639755,0.090749378,0.00025816656,7.3826665e-05,-6.808838,5.0090403e-05
0.501,0.00057657984,0.091882667,0.00016281716,4.6111593e-05,-6.8088954,5.0315842e-05
0.5015,0.00030664508,0.092714421,8.8627072e-05,2.4633306e-05,-6.8089517,5.0503221e-05
0.502,0.00012043715,0.09323827,3.650944e-05,9.7375423e-06,-6.8090072,5.0650856e-05
0.5025,2.0011892e-05,0.093450956,7.0737321e-06,1.6207002e-06,-6.8090619,5.0756284e-05
0.503,5.6314134e-06,0.093352352,6.0741906e-07,3.2541501e-07,-6.8091163,5.0816457e-05
0.5035,7.5792749e-05,0.092945429,1.7066399e-05,5.7460402e-06,-6.8091705,5.0827837e-05
0.504,0.00022729366,0.09223619,5.6069845e-05,1.7639186e-05,-6.8092247,5.078644e-05
0.5045,0.00045533625,0.09123355,0.0001168963,3.5635797e-05,-6.8092791,5.0687896e-05
0.505,0.00075366604,0.08994917,0.00019848003,5.9253159e-05,-6.809334,5.0527551e-05
0.5055,0.0011147416,0.088397258,0.00029940882,8.7906736e-05,-6.8093895,5.0300637e-05
0.506,0.0015299282,0.086594333,0.00041792553,0.00012092256,-6.8094458,5.0002501e-05
0.5065,0.0019897071,0.084558951,0.0005519365,0.00015755096,-6.8095029,4.9628859e-05
0.507,0.0024836088,0.082311564,0.00069932043,0.00019728044,-6.8095611,4.9175234e-05
0.5075,0.0030009434,0.079874064,0.00085744215,0.00023934552,-6.8096203,4.8637952e-05
0.508,0.0035310415,0.077269393,0.0010231675,0.00028271935,-6.8096807,4.8014887e-05
0.5085,0.004063296,0.074521223,0.0011930852,0.00032629838,-6.8097423,4.7305708e-05
0.509,0.0045872834,0.071653672,0.0013636517,0.00036899653,-6.8098049,4.6511906e-05
0.5095,0.0050928887,0.068691023,0.0015313265,0.00040982299,-6.8098687,4.563659e-05
0.51,0.0055704519,0.065657465,0.0016926778,0.00044792632,-6.8099335,4.4684115e-05
0.5105,0.0060109363,0.062576825,0.001844453,0.00048260437,-6.8099993,4.3659678e-05
0.511,0.0064061041,0.059472321,0.0019836227,0.0005132909,-6.8100659,4.2569007e-05
0.5115,0.0067486851,0.056366301,0.0021074125,0.00053953233,-6.8101332,4.1418188e-05
0.512,0.0070325201,0.053280014,0.002213335,0.00056096585,-6.810201,4.0213668e-05
0.5125,0.007252672,0.050233393,0.002299227,0.00057730532,-6.8102692,3.8962354e-05
0.513,0.0074054992,0.047244863,0.0023632955,0.00058833666,-6.8103377,3.7671755e-05
0.5135,0.0074886921,0.044331189,0.0024041682,0.00059392108,-6.8104061,3.6350082e-05
0.514,0.0075012779,0.041507361,0.0024209411,0.00059400297,-6.8104744,3.5006268e-05
0.5145,0.0074435998,0.038786509,0.0024132187,0.00058861832,-6.8105423,3.364988e-05
0.515,0.0073172756,0.036179866,0.0023811388,0.00057790081,-6.8106096,3.2290947e-05
0.5155,0.0071251408,0.033696759,0.0023253785,0.00056208322,-6.8106763,3.0939736e-05
0.516,0.0068711776,0.031344638,0.002247141,0.00054149372,-6.8107419,2.9606512e-05
0.5165,0.0065604313,0.029129136,0.0021481229,0.00051654743,-6.8108065,2.8301311e-05
0.517,0.0061989137,0.027054153,0.0020304656,0.00048773466,-6.8108699,2.7033759e-05
0.5175,0.0057934422,0.025121978,0.0018967437,0.00045565754,-6.810932,2.5812838e-05
0.518,0.0053508978,0.023333509,0.0017505054,0.00042164498,-6.8109925,2.4645501e-05
0.5185,0.004880312,0.021688209,0.0015939986,0.00038551912,-6.8110516,2.3539287e-05
0.519,0.0043906959,0.020184331,0.0014300904,0.00034756653,-6.811109,2.2501819e-05
0.5195,0.00389099,0.018819144,0.0012620867,0.0003084199,-6.8111648,2.1540395e-05
0.52,0.0033900743,0.017589139,0.0010934835,0.00026887886,-6.811219,2.0661587e-05
0.5205,0.0028967337,0.016490233,0.00092776054,0.00022977689,-6.8112715,1.9870888e-05
0.521,0.00241957,0.015517966,0.00076823603,0.00019190606,-6.8113224,1.9172427e-05
0.5215,0.0019668726,0.014667681,0.00061797051,0.00015598423,-6.8113718,1.8568875e-05
0.522,0.0015464679,0.013934705,0.00047970795,0.00012264825,-6.8114198,1.8061527e-05
0.5225,0.0011655631,0.013314504,0.00035584095,9.2459094e-05,-6.8114664,1.7650531e-05
0.523,0.00083059728,0.012802833,0.00024838944,6.5908884e-05,-6.8115119,1.7335159e-05
0.5235,0.00054711158,0.012395861,0.00015898539,4.3423806e-05,-6.8115563,1.7114048e-05
0.524,0.0003196426,0.01209028,8.886024e-05,2.5361227e-05,-6.8115998,1.6985359e-05
0.5245,0.0001515885,0.011883417,3.8890563e-05,1.2059094e-05,-6.8116425,1.694621e-05
0.525,4.534073e-05,0.01177327,9.4027445e-06,3.6332641e-06,-6.8116847,1.6993346e-05
0.5255,2.0988821e-06,0.011758541,3.2493932e-07,1.1589992e-07,-6.8117264,1.7123405e-05
0.526,2.1814095e-05,0.01183864,1.1241641e-05,1.4926585e-06,-6.811768,1.7333026e-05
0.5265,0.00010320207,0.012013671,4.1408964e-05,7.6978283e-06,-6.8118094,1.7618879e-05
0.527,0.00024379499,0.012284397,8.9760042e-05,1.8596919e-05,-6.811851,1.7977602e-05
0.5275,0.00044001861,0.012652175,0.00015491249,3.3968073e-05,-6.8118929,1.840567e-05
0.528,0.00068728333,0.013118881,0.00023518723,5.349098e-05,-6.8119351,1.8899253e-05
0.5285,0.00098008334,0.013686803,0.0003286423,7.6746829e-05,-6.8119779,1.9454136e-05
0.529,0.0013121029,0.01435853,0.00043312001,0.00010322847,-6.8120214,2.0065715e-05
0.5295,0.001676332,0.015136813,0.00054630266,0.00013235742,-6.8120655,2.0729083e-05
0.53,0.0020651934,0.016024421,0.00066577089,0.0001635038,-6.8121105,2.1439193e-05
0.5305,0.0024706835,0.017023985,0.00078905966,0.00019600591,-6.8121563,2.2191025e-05
0.531,0.0028845253,0.018137835,0.00091370851,0.00022918739,-6.8122031,2.2979758e-05
0.5315,0.0032983317,0.019367838,0.0010373049,0.00026237148,-6.8122507,2.3800877e-05
0.532,0.003703775,0.020715237,0.0011575207,0.00029489258,-6.8122992,2.4650236e-05
0.5325,0.0040927565,0.022180497,0.001272144,0.00032610616,-6.8123485,2.5524059e-05
0.533,0.0044575712,0.023763162,0.0013791067,0.00035539818,-6.8123986,2.6418902e-05
0.5335,0.0047910622,0.025461725,0.0014765106,0.0003821946,-6.8124494,2.7331595e-05
0.534,0.0050867621,0.027273514,0.0015626515,0.00040597155,-6.8125008,2.825918e-05
0.5345,0.005339016,0.029194601,0.0016360424,0.00042626574,-6.8125527,2.9198851e-05
0.535,0.0055430856,0.031219726,0.0016954341,0.00044268478,-6.812605,3.0147916e-05
0.5355,0.005695233,0.033342255,0.0017398335,0.00045491642,-6.8126575,3.1103755e-05
0.536,0.0057927821,0.035554152,0.001768518,0.00046273612,-6.8127101,3.20638e-05
0.5365,0.0058341587,0.037845986,0.0017810453,0.00046601208,-6.8127626,3.3025502e-05
0.537,0.0058189074,0.040206962,0.0017772589,0.00046470769,-6.8128149,3.3986305e-05
0.5375,0.0057476861,0.042624977,0.0017572885,0.000458881,-6.8128668,3.4943606e-05
0.538,0.0056222388,0.04508671,0.0017215464,0.0004486816,-6.8129182,3.5894722e-05
0.5385,0.0054455683,0.047577773,0.0016704935,0.00043411448,-6.812969,3.6836419e-05
0.539,0.005221675,0.050082879,0.0016048225,0.00041522058,-6.813019,3.7764734e-05
0.5395,0.004954587,0.052585801,0.0015263286,0.00039296891,-6.8130681,3.8676531e-05
0.54,0.0046494466,0.055069593,0.0014366891,0.000368056,-6.8131161,3.9569104e-05
0.5405,0.0043123052,0.057516813,0.0013375301,0.00034098833,-6.8131631,4.0439847e-05
0.541,0.0039498656,0.059909757,0.0012305272,0.00031219707,-6.8132089,4.1285971e-05
0.5415,0.0035692475,0.062230689,0.0011174724,0.00028211785,-6.8132535,4.2104259e-05
0.542,0.0031777882,0.064462057,0.0010002971,0.0002512281,-6.8132969,4.2890936e-05
0.5425,0.0027828764,0.066586714,0.00088105848,0.00022005232,-6.813339,4.3641677e-05
0.543,0.0023918101,0.068588122,0.00076190002,0.00018914745,-6.8133798,4.4351772e-05
0.5435,0.0020116709,0.070450546,0.00064499855,0.00015907914,-6.8134194,4.5016363e-05
0.544,0.0016492093,0.072159251,0.00053250588,0.00013039717,-6.8134578,4.5630699e-05
0.5445,0.0013107355,0.073700671,0.00042649322,0.00010361533,-6.813495,4.6190329e-05
0.545,0.0010020161,0.075062587,0.00032890218,7.9197438e-05,-6.8135312,4.6691218e-05
0.5455,0.0007281772,0.076234272,0.00024150315,5.7549129e-05,-6.8135665,4.7129776e-05
0.546,0.00049361784,0.07720663,0.00016586053,3.9013508e-05,-6.8136008,4.7502849e-05
0.5465,0.00030193713,0.077972309,0.00010330321,2.3868786e-05,-6.8136344,4.7807674e-05
0.547,0.00015587763,0.07852579,5.4899444e-05,1.2326609e-05,-6.8136674,4.8041867e-05
0.5475,5.7286682e-05,0.078863446,2.1435737e-05,4.5305269e-06,-6.8137,4.8203417e-05
0.548,7.0962688e-06,0.078983586,3.4001421e-06,5.546324e-07,-6.8137321,4.8290728e-05
0.5485,5.3209212e-06,0.078886457,9.7091575e-07,4.0275083e-07,-6.813764,4.8302662e-05
0.549,5.1072797e-05,0.078574227,1.4011403e-05,4.0085997e-06,-6.8137958,4.8238596e-05
0.5495,0.00014259281,0.078050947,4.2071927e-05,1.1237239e-05,-6.8138277,4.809847e-05
0.55,0.00027728548,0.077322491,8.4410224e-05,2.1899423e-05,-6.8138597,4.7882712e-05
0.5505,0.00045178438,0.076396465,0.0001400021,3.5750664e-05,-6.813892,4.7592287e-05
0.551,0.00066205298,0.075282066,0.00020753578,5.2467924e-05,-6.8139246,4.7228841e-05
0.5515,0.00090345697,0.073989954,0.00028545242,7.1666741e-05,-6.8139577,4.6794688e-05
0.552,0.0011708482,0.072532109,0.00037198985,9.2916576e-05,-6.8139913,4.6292776e-05
0.5525,0.0014586564,0.07092167,0.00046523094,0.00011575711,-6.8140256,4.5726597e-05
0.553,0.0017609899,0.069172771,0.00056315208,0.0001397122,-6.8140604,4.5100096e-05
0.5535,0.0020717458,0.06730036,0.00066366907,0.00016430013,-6.814096,4.4417567e-05
0.554,0.0023847264,0.065320012,0.00076468004,0.0001890407,-6.8141322,4.3683568e-05
0.5545,0.0026937578,0.063247735,0.00086410583,0.00021346052,-6.8141691,4.290287e-05
0.555,0.0029928084,0.061099777,0.00095992889,0.00023709785,-6.8142067,4.2080429e-05
0.5555,0.0032761015,0.058892435,0.0010502311,0.00025950809,-6.8142448,4.1221376e-05
0.556,0.003538221,0.056641866,0.0011332303,0.00028027025,-6.8142836,4.033101e-05
0.5565,0.0037742083,0.054363912,0.001207315,0.00029899426,-6.8143228,3.9414781e-05
0.557,0.0039796484,0.052073941,0.0012710756,0.00031532869,-6.8143624,3.8478256e-05
0.5575,0.0041507445,0.049786693,0.0013233313,0.00032896821,-6.8144024,3.7527066e-05
0.558,0.0042843821,0.04751615,0.0013631513,0.00033966022,-6.8144426,3.6566837e-05
0.5585,0.0043781795,0.045275422,0.0013898697,0.00034721014,-6.8144828,3.5603119e-05
0.559,0.0044305265,0.043076654,0.0014030928,0.00035148519,-6.8145231,3.4641315e-05
0.5595,0.0044406085,0.040930949,0.001402701,0.00035241647,-6.8145633,3.3686618e-05
0.56,0.0044084172,0.03884831,0.0013888429,0.00034999953,-6.8146033,3.2743966e-05
0.5605,0.0043347457,0.036837608,0.0013619252,0.00034429359,-6.8146429,3.1818005e-05
0.561,0.0042211691,0.034906565,0.0013225973,0.00033541952,-6.8146821,3.0913073e-05
0.5615,0.0040700092,0.033061756,0.0012717312,0.0003235569,-6.8147207,3.0033192e-05
0.562,0.0038842858,0.031308635,0.0012103997,0.00030894019,-6.8147586,2.9182062e-05
0.5625,0.0036676535,0.02965157,0.0011398508,0.000291854,-6.8147959,2.8363076e-05
0.563,0.003424327,0.028093904,0.0010614801,0.00027262767,-6.8148323,2.7579322e-05
0.5635,0.0031589951,0.026638023,0.00097680243,0.00025162903,-6.8148679,2.6833597e-05
0.564,0.0028767262,0.025285438,0.00088742136,0.00022925738,-6.8149025,2.6128423e-05
0.5645,0.002582867,0.024036878,0.00079499876,0.00020593582,-6.8149362,2.5466059e-05
0.565,0.0022829361,0.022892392,0.00070122382,0.00018210298,-6.814969,2.484852e-05
0.5655,0.0019825158,0.021851451,0.00060778257,0.00015820439,-6.8150007,2.4277596e-05
0.566,0.0016871424,0.020913061,0.00051632801,0.00013468352,-6.8150315,2.3754867e-05
0.5665,0.0014021994,0.020075867,0.0004284516,0.00011197298,-6.8150614,2.3281722e-05
0.567,0.0011328141,0.019338258,0.00034565631,9.0485837e-05,-6.8150904,2.2859375e-05
0.5675,0.00088376004,0.018698472,0.00026933168,7.060747e-05,-6.8151185,2.2488878e-05
0.568,0.00065936777,0.01815469,0.00020073128,5.2688009e-05,-6.8151459,2.217113e-05
0.5685,0.00046344513,0.017705116,0.00014095274,3.7035649e-05,-6.8151725,2.1906889e-05
0.569,0.00029920864,0.01734806,9.0920648e-05,2.3910905e-05,-6.8151986,2.1696768e-05
0.5695,0.00016922741,0.017081994,5.1372587e-05,1.3521929e-05,-6.8152241,2.1541242e-05
0.57,7.5380533e-05,0.016905604,2.2848328e-05,6.0209876e-06,-6.8152492,2.1440641e-05
0.5705,1.8828675e-05,0.01681783,5.6824566e-06,1.5021176e-06,-6.815274,2.1395146e-05
0.571,1.4843147e-10,0.016817878,4.5429818e-10,7.553584e-12,-6.8152985,2.1404783e-05
0.5715,1.8591682e-05,0.016905236,5.7183214e-06,1.4900916e-06,-6.8153229,2.146941e-05
0.572,7.3583551e-05,0.017079658,2.2545745e-05,5.8898348e-06,-6.8153474,2.1588712e-05
0.5725,0.00016326859,0.017341144,4.9992781e-05,1.306116e-05,-6.8153719,2.1762188e-05
0.573,0.00028529425,0.017689907,8.7379956e-05,2.2813948e-05,-6.8153965,2.1989142e-05
0.5735,0.00043671672,0.018126318,0.00013385165,3.4910523e-05,-6.8154214,2.2268677e-05
0.574,0.0006140657,0.018650853,0.00018839255,4.9071009e-05,-6.8154467,2.2599682e-05
0.5745,0.00081341857,0.019264021,0.0002498469,6.4979439e-05,-6.8154723,2.2980831e-05
0.575,0.0010304821,0.019966286,0.00031694028,8.2290476e-05,-6.8154984,2.3410575e-05
0.5755,0.0012606804,0.020757989,0.00038830349,0.00010063659,-6.8155249,2.3887135e-05
0.576,0.0014992463,0.021639257,0.00046249815,0.00011963558,-6.815552,2.440851e-05
0.5765,0.0017413159,0.02260992,0.00053804364,0.00013889818,-6.8155796,2.4972465e-05
0.577,0.0019820231,0.023669422,0.00061344473,0.00015803572,-6.8156077,2.5576542e-05
0.5775,0.0022165923,0.024816735,0.00068721961,0.00017666765,-6.8156363,2.6218058e-05
0.578,0.0024404287,0.026050283,0.0007579276,0.00019442868,-6.8156654,2.6894115e-05
0.5785,0.0026492033,0.027367868,0.00082419622,0.00021097556,-6.815695,2.7601603e-05
0.579,0.0028389314,0.028766604,0.00088474689,0.00022599326,-6.815725,2.8337216e-05
0.5795,0.0030060438,0.030242865,0.00093841894,0.00023920053,-6.8157553,2.9097456e-05
0.58,0.0031474487,0.031792245,0.00098419134,0.00025035469,-6.8157858,2.9878656e-05
0.5805,0.0032605834,0.033409524,0.0010212017,0.00025925553,-6.8158166,3.0676992e-05
0.581,0.0033434555,0.035088656,0.0010487623,0.00026574849,-6.8158475,3.1488504e-05
0.5815,0.0033946732,0.03682277,0.0010663726,0.00026972671,-6.8158785,3.2309114e-05
0.582,0.0034134627,0.03860418,0.0010737281,0.00027113238,-6.8159093,3.3134657e-05
0.5825,0.0033996748,0.04042442,0.0010707251,0.00026995698,-6.8159401,3.39609e-05
0.583,0.003353779,0.042274286,0.001057462,0.00026624067,-6.8159706,3.4783575e-05
0.5835,0.0032768466,0.044143895,0.0010342356,0.00026007084,-6.8160008,3.5598403e-05
0.584,0.0031705228,0.046022761,0.0010015345,0.00025157976,-6.8160307,3.6401129e-05
0.5845,0.0030369877,0.047899882,0.00096002789,0.00024094149,-6.81606,3.7187552e-05
0.585,0.0028789092,0.049763832,0.00091055082,0.00022836807,-6.8160888,3.7953555e-05
0.5855,0.0026993866,0.051602878,0.00085408638,0.00021410511,-6.8161171,3.8695137e-05
0.586,0.0025018866,0.053405092,0.00079174486,0.00019842678,-6.8161446,3.9408444e-05
0.5865,0.0022901746,0.055158474,0.00072474042,0.00018163041,-6.8161715,4.0089799e-05
0.587,0.0020682401,0.056851084,0.00065436581,0.00016403076,-6.8161977,4.0735728e-05
0.5875,0.0018402196,0.058471171,0.00058196578,0.00014595396,-6.8162231,4.1342986e-05
0.588,0.0016103172,0.060007305,0.00050890962,0.00012773144,-6.8162478,4.1908582e-05
0.5885,0.0013827252,0.06144851,0.00043656356,0.00010969368,-6.8162718,4.2429796e-05
0.589,0.0011615458,0.062784389,0.00036626353,9.2164197e-05,-6.816295,4.29042e-05
0.5895,0.00095071531,0.064005244,0.00029928894,7.545359e-05,-6.8163175,4.332967e-05
0.59,0.00075393207,0.065102195,0.00023683793,5.9853933e-05,-6.8163394,4.3704395e-05
0.5905,0.0005745897,0.066067282,0.00018000476,4.563354e-05,-6.8163606,4.4026885e-05
0.591,0.00041572306,0.066893562,0.00012975317,3.3025616e-05,-6.8163813,4.4295934e-05
0.5915,0.00027996245,0.067575221,8.6891663e-05,2.2216209e-05,-6.8164015,4.4510456e-05
0.592,0.00016941508,0.068107574,5.2133639e-05,1.3416187e-05,-6.8164213,4.4669885e-05
0.5925,8.5719827e-05,0.068487138,2.5995712e-05,6.7679614e-06,-6.8164406,4.477411e-05
0.593,3.0008039e-05,0.068711672,8.8037854e-06,2.3564586e-06,-6.8164598,4.4823412e-05
0.5935,2.8753053e-06,0.06878021,7.0166479e-07,2.1936859e-07,-6.8164787,4.4818402e-05
0.594,4.3688042e-06,0.068693067,1.6579792e-06,3.5283857e-07,-6.8164975,4.4759952e-05
0.5945,3.3989471e-05,0.068451834,1.1472102e-05,2.7136743e-06,-6.8165162,4.4649137e-05
0.595,9.0707143e-05,0.068059347,2.9780597e-05,7.2199017e-06,-6.816535,4.4487201e-05
0.5955,0.00017298682,0.067519644,5.6065488e-05,1.3751182e-05,-6.8165538,4.4275546e-05
0.596,0.00027882436,0.066837908,8.9665226e-05,2.2150062e-05,-6.8165729,4.4015743e-05
0.5965,0.00040579021,0.066020393,0.00012978872,3.2224515e-05,-6.8165921,4.3709551e-05
0.597,0.00055108008,0.065074341,0.00017553228,4.37518e-05,-6.8166116,4.3358926e-05
0.5975,0.00071157176,0.064007885,0.00022589896,5.6483317e-05,-6.8166315,4.2966018e-05
0.598,0.00088388719,0.062829949,0.00027981952,7.0150097e-05,-6.8166517,4.2533159e-05
0.5985,0.0010644589,0.061550137,0.00033617431,8.4468548e-05,-6.8166723,4.2062831e-05
0.599,0.0012496,0.060178616,0.00039381536,9.9146231e-05,-6.8166933,4.1557638e-05
0.5995,0.0014355753,0.058725996,0.0004515884,0.00011388755,-6.8167147,4.1020278e-05
0.6,0.0016186743,0.057203209,0.00050835415,0.0001283993,-6.8167365,4.0453518e-05
0.6005,0.0017952819,0.055621387,0.00056300892,0.00014239606,-6.8167587,3.9860181e-05
0.601,0.0019619472,0.053991743,0.00061450415,0.00015560539,-6.8167812,3.9243136e-05
0.6015,0.0021154483,0.052325448,0.00066186466,0.00016777278,-6.8168041,3.8605294e-05
0.602,0.0022528519,0.050633528,0.00070420532,0.00017866632,-6.8168272,3.7949603e-05
0.6025,0.002371523,0.048926769,0.00074078988,0.00018812581,-6.8168506,3.727892e-05
0.603,0.0024692491,0.047215609,0.00077096552,0.00019598863,-6.8168742,3.6596098e-05
0.6035,0.002544282,0.045510041,0.00079416944,0.00020208817,-6.8168979,3.5904082e-05
0.604,0.0025953332,0.043819537,0.00080997156,0.00020628959,-6.8169216,3.5205936e-05
0.6045,0.0026215832,0.042152984,0.00081809008,0.00020850015,-6.8169454,3.4504834e-05
0.605,0.0026226871,0.040518638,0.00081840072,0.00020867545,-6.816969,3.3804031e-05
0.6055,0.0025987738,0.038924083,0.00081093854,0.00020682063,-6.8169925,3.3106802e-05
0.606,0.0025504401,0.037376213,0.00079589324,0.00020298767,-6.8170158,3.2416381e-05
0.6065,0.0024787386,0.035881212,0.00077359985,0.00019727032,-6.8170389,3.1735907e-05
0.607,0.0023851555,0.034444554,0.00074452666,0.00018979835,-6.8170616,3.1068394e-05
0.6075,0.0022715808,0.033071014,0.00070926196,0.00018073205,-6.8170839,3.0416728e-05
0.608,0.0021402683,0.031764676,0.00066850025,0.00017025745,-6.8171058,2.9783685e-05
0.6085,0.0019937887,0.03052897,0.00062302809,0.00015858225,-6.8171272,2.917195e-05
0.609,0.0018349753,0.029366701,0.00057370962,0.00014593213,-6.817148,2.8584146e-05
0.6095,0.0016668648,0.028280092,0.00052147124,0.00013254728,-6.8171684,2.8022842e-05
0.61,0.0014926356,0.027270837,0.00046728524,0.00011867854,-6.8171881,2.7490549e-05
0.6105,0.0013155442,0.02634015,0.00041215242,0.00010458334,-6.8172073,2.6989708e-05
0.611,0.0011388607,0.025488829,0.00035708359,9.0521065e-05,-6.817226,2.6522657e-05
0.6115,0.00096580718,0.02471731,0.00030308054,7.6748193e-05,-6.817244,2.6091608e-05
0.612,0.00079949657,0.024025727,0.00025111677,6.351323e-05,-6.8172616,2.5698614e-05
0.6125,0.00064287565,0.023413974,0.00020211874,5.1051743e-05,-6.8172786,2.5345542e-05
0.613,0.00049867157,0.022881758,0.00015694803,3.958169e-05,-6.8172951,2.5034058e-05
0.6135,0.0003693433,0.022428648,0.00011638499,2.9299228e-05,-6.8173111,2.4765614e-05
0.614,0.00025703854,0.022054129,8.1114273e-05,2.0375121e-05,-6.8173268,2.4541436e-05
0.6145,0.00016355695,0.021757634,5.1712456e-05,1.2951814e-05,-6.8173421,2.4362521e-05
0.615,9.0320201e-05,0.021538586,2.8638047e-05,7.1411943e-06,-6.8173571,2.4229636e-05
0.6155,3.8349628e-05,0.021396421,1.222389e-05,3.0230188e-06,-6.8173718,2.4143311e-05
0.616,8.251546e-06,0.021330606,2.6721088e-06,6.4398278e-07,-6.8173864,2.4103836e-05
0.6165,2.1072539e-07,0.021340657,5.1599964e-08,1.7394668e-08,-6.8174009,2.4111262e-05
0.617,1.3991919e-05,0.021426134,4.2980823e-06,1.1234358e-06,-6.8174152,2.4165396e-05
0.6175,4.894936e-05,0.021586643,1.5216683e-05,3.9099835e-06,-6.8174296,2.4265803e-05
0.618,0.00010404394,0.02182182,3.2486993e-05,8.293985e-06,-6.8174441,2.4411807e-05
0.6185,0.00017786762,0.022131314,5.5670499e-05,1.4163363e-05,-6.8174586,2.4602495e-05
0.619,0.00026867453,0.022514758,8.4220226e-05,2.1379434e-05,-6.8174733,2.4836725e-05
0.6195,0.00037441804,0.022971739,0.0001174924,2.9779791e-05,-6.8174882,2.5113132e-05
0.62,0.00049279312,0.023501759,0.00015475988,3.9181622e-05,-6.8175033,2.5430138e-05
0.6205,0.00062128297,0.024104196,0.00019522707,4.9385375e-05,-6.8175187,2.5785964e-05
0.621,0.00075720919,0.024778258,0.00023804606,6.0178716e-05,-6.8175344,2.6178642e-05
0.6215,0.00089778437,0.02552294,0.00028233348,7.1340691e-05,-6.8175504,2.6606028e-05
0.622,0.0010401661,0.026336974,0.00032718803,8.2645997e-05,-6.8175667,2.7065811e-05
0.6225,0.0011815116,0.027218787,0.00037170796,9.3869296e-05,-6.8175833,2.7555533e-05
0.623,0.0013190312,0.028166457,0.00041500853,0.00010478947,-6.8176002,2.8072597e-05
0.6235,0.001450041,0.029177672,0.0004562388,0.00011519373,-6.8176174,2.8614282e-05
0.624,0.001572012,0.030249693,0.00049459765,0.00012488157,-6.8176348,2.9177763e-05
0.6245,0.0016826169,0.031379329,0.0005293486,0.00013366835,-6.8176525,2.9760117e-05
0.625,0.001779771,0.032562907,0.00055983325,0.00014138864,-6.8176704,3.0358346e-05
0.6255,0.0018616697,0.033796257,0.00058548299,0.00014789909,-6.8176884,3.0969391e-05
0.626,0.0019268189,0.035074707,0.0006058289,0.00015308092,-6.8177065,3.1590147e-05
0.6265,0.0019740604,0.036393074,0.0006205095,0.00015684184,-6.8177247,3.2217483e-05
0.627,0.0020025892,0.037745682,0.00062927646,0.00015911756,-6.817743,3.2848257e-05
0.6275,0.0020119654,0.03912637,0.00063199787,0.00015987269,-6.8177612,3.3479336e-05
0.628,0.0020021184,0.040528525,0.00062865938,0.00015910108,-6.8177793,3.4107611e-05
0.6285,0.0019733438,0.041945114,0.00061936292,0.00015682568,-6.8177972,3.4730016e-05
0.629,0.0019262937,0.043368726,0.00060432324,0.00015309774,-6.817815,3.5343545e-05
0.6295,0.001861961,0.044791627,0.00058386232,0.00014799562,-6.8178325,3.5945267e-05
0.63,0.0017816558,0.046205817,0.00055840176,0.00014162297,-6.8178498,3.6532342e-05
0.6305,0.0016869781,0.047603094,0.00052845338,0.00013410654,-6.8178667,3.7102037e-05
0.631,0.0015797833,0.048975131,0.0004946082,0.00012559349,-6.8178833,3.7651735e-05
0.6315,0.0014621447,0.050313546,0.00045752411,0.00011624841,-6.8178995,3.817895e-05
0.632,0.0013363119,0.051609984,0.00041791237,0.00010625003,-6.8179153,3.8681338e-05
0.6325,0.0012046653,0.052856201,0.00037652338,9.5787578e-05,-6.8179307,3.9156703e-05
0.633,0.0010696703,0.054044146,0.00033413188,8.5057154e-05,-6.8179456,3.9603008e-05
0.6335,0.00093382882,0.055166043,0.00029152189,7.4257849e-05,-6.8179601,4.0018377e-05
0.634,0.00079963149,0.056214475,0.00024947176,6.3587931e-05,-6.8179742,4.0401106e-05
0.6345,0.00066951035,0.057182462,0.0002087395,5.3241057e-05,-6.8179878,4.0749662e-05
0.635,0.00054579305,0.058063537,0.0001700488,4.3402615e-05,-6.818001,4.1062688e-05
0.6355,0.00043065966,0.058851817,0.00013407576,3.4246265e-05,-6.8180138,4.1339008e-05
0.636,0.00032610269,0.059542064,0.00010143686,2.5930741e-05,-6.8180263,4.1577621e-05
0.6365,0.00023389746,0.060129754,7.2671779e-05,1.8590471e-05,-6.8180385,4.1777651e-05
0.637,0.00015555881,0.060611123,4.8246098e-05,1.2345158e-05,-6.8180503,4.193835e-05
0.6375,9.2304921e-05,0.060983184,2.8553752e-05,7.3083629e-06,-6.8180619,4.2059263e-05
0.638,4.5066499e-05,0.061243766,1.3881356e-05,3.5563154e-06,-6.8180733,4.2140191e-05
0.6385,1.4464997e-05,0.061391541,4.4114093e-06,1.1339765e-06,-6.8180846,4.2181146e-05
0.639,7.9881485e-07,0.061426039,2.2560726e-07,5.9694755e-08,-6.8180957,4.2182315e-05
0.6395,4.0386875e-06,0.06134765,1.3071184e-06,3.2747426e-07,-6.8181068,4.2144033e-05
0.64,2.3831493e-05,0.061157615,7.5425806e-06,1.9077304e-06,-6.8181178,4.2066755e-05
0.6405,5.9511342e-05,0.060858008,1.8724746e-05,4.7475387e-06,-6.8181289,4.1951055e-05
0.641,0.00011011689,0.060451704,3.4556477e-05,8.7710986e-06,-6.81814,4.1797635e-05
0.6415,0.00017441397,0.059942344,5.4656501e-05,1.3880822e-05,-6.8181512,4.1607342e-05
0.642,0.00025092282,0.059334281,7.8567047e-05,1.9959175e-05,-6.8181626,4.1381186e-05
0.6425,0.00033794926,0.058632533,0.00010576321,2.6871192e-05,-6.8181741,4.1120355e-05
0.643,0.00043361937,0.05784272,0.00013566372,3.4467471e-05,-6.8181858,4.0826209e-05
0.6435,0.00053591716,0.056970997,0.00016764278,4.2587433e-05,-6.8181978,4.0500275e-05
0.644,0.00064272438,0.056023985,0.00020104252,5.1062683e-05,-6.8182099,4.0144231e-05
0.6445,0.00075186217,0.055008697,0.00023518579,5.9720367e-05,-6.8182223,3.9759891e-05
0.645,0.00086113326,0.053932463,0.00026938915,6.8386476e-05,-6.818235,3.9349189e-05
0.6455,0.00096835284,0.052802857,0.00030298709,7.6900797e-05,-6.8182479,3.8914115e-05
0.646,0.001071409,0.051627617,0.00033532541,8.5101041e-05,-6.8182609,3.8456744e-05
0.6465,0.0011683045,0.050414561,0.00036577113,9.2823547e-05,-6.8182743,3.7979271e-05
0.647,0.0012571858,0.049171515,0.0003937318,9.9913761e-05,-6.8182877,3.7484018e-05
0.6475,0.0013363741,0.047906237,0.00041866884,0.00010623122,-6.8183014,3.697343e-05
0.648,0.0014043934,0.046626361,0.00044010907,0.00011165368,-6.8183152,3.6450055e-05
0.6485,0.0014599952,0.045339325,0.00045765398,0.00011607984,-6.8183291,3.5916519e-05
0.649,0.0015021796,0.044052325,0.00047098629,0.0001194308,-6.8183431,3.5375486e-05
0.6495,0.0015302125,0.042772261,0.00047987432,0.00012165053,-6.818357,3.4829626e-05
0.65,0.001543637,0.041505698,0.00048417437,0.00012270577,-6.818371,3.4281599e-05
0.6505,0.0015422801,0.040258824,0.00048383162,0.00012258563,-6.818385,3.3734033e-05
0.651,0.0015262533,0.039037427,0.00047887955,0.000121301,-6.8183988,3.3189524e-05
0.6515,0.0014959469,0.03784687,0.00046943817,0.00011888398,-6.8184125,3.2650638e-05
0.652,0.0014520197,0.036692073,0.000455711,0.00011538707,-6.8184261,3.2119907e-05
0.6525,0.0013953823,0.035577513,0.00043798056,0.00011088217,-6.8184394,3.1599828e-05
0.653,0.001327177,0.034507216,0.00041660267,0.00010545928,-6.8184525,3.1092857e-05
0.6535,0.0012487525,0.033484765,0.00039199919,9.9224848e-05,-6.8184654,3.0601392e-05
0.654,0.0011616359,0.032513313,0.00036464951,9.229974e-05,-6.8184779,3.0127759e-05
0.6545,0.0010675014,0.031595598,0.00033508079,8.4816814e-05,-6.8184902,2.9674192e-05
0.655,0.00096813687,0.030733967,0.00030385732,7.6918264e-05,-6.8185021,2.9242817e-05
0.6555,0.00086540884,0.029930397,0.00027156906,6.8752717e-05,-6.8185137,2.8835634e-05
0.656,0.00076122635,0.029186524,0.00023881991,6.0472236e-05,-6.818525,2.845451e-05
0.6565,0.0006575044,0.028503675,0.00020621571,5.2229293e-05,-6.8185359,2.810116e-05
0.657,0.00055612774,0.027882895,0.00017435248,4.417381e-05,-6.8185465,2.7777147e-05
0.6575,0.00045891554,0.027324981,0.00014380503,3.6450316e-05,-6.8185568,2.7483873e-05
0.658,0.00036758767,0.026830514,0.00011511615,2.9195281e-05,-6.8185668,2.7222573e-05
0.6585,0.00028373314,0.026399883,8.8786604e-05,2.2534668e-05,-6.8185765,2.6994314e-05
0.659,0.00020878148,0.026033318,6.5266111e-05,1.658171e-05,-6.8185859,2.6799988e-05
0.6595,0.00014397731,0.025730916,4.4945379e-05,1.1434967e-05,-6.8185951,2.6640314e-05
0.66,9.03588e-05,0.025492656,2.8149407e-05,7.1766585e-06,-6.8186041,2.6515829e-05
0.6605,4.8740269e-05,0.025318429,1.5132117e-05,3.8713155e-06,-6.8186129,2.6426895e-05
0.661,1.9699212e-05,0.025208041,6.0723984e-06,1.5647575e-06,-6.8186216,2.6373692e-05
0.6615,3.5680038e-06,0.025161232,1.0716469e-06,2.8342473e-07,-6.8186302,2.6356225e-05
0.662,4.3033852e-07,0.025177681,1.5280362e-07,3.4074992e-08,-6.8186387,2.6374323e-05
0.6625,1.0122429e-05,0.025257005,3.2609101e-06,8.0385264e-07,-6.8186471,2.6427645e-05
0.663,3.2238897e-05,0.025398758,1.0265142e-05,2.560731e-06,-6.8186556,2.6515685e-05
0.6635,6.6143195e-05,0.025602426,2.0962264e-05,5.2543179e-06,-6.8186641,2.6637775e-05
0.664,0.00011098229,0.025867417,3.508141e-05,8.8170067e-06,-6.8186727,2.6793092e-05
0.6645,0.00016570534,0.026193044,5.2290097e-05,1.3165447e-05,-6.8186814,2.6980665e-05
0.665,0.00022908588,0.026578513,7.2201309e-05,1.8202305e-05,-6.8186902,2.7199381e-05
0.6655,0.00029974715,0.027022899,9.4381532e-05,2.3818268e-05,-6.8186991,2.7447992e-05
0.666,0.00037619,0.02752513,0.00011835955,2.9894264e-05,-6.8187082,2.7725121e-05
0.6665,0.00045682279,0.028083958,0.00014363587,3.6303834e-05,-6.8187175,2.8029268e-05
0.667,0.00053999278,0.028697943,0.00016969247,4.2915629e-05,-6.8187269,2.8358823e-05
0.6675,0.00062401823,0.029365427,0.00019600291,4.9595962e-05,-6.8187365,2.8712068e-05
0.668,0.00070722081,0.030084511,0.00022204235,5.6211383e-05,-6.8187463,2.9087184e-05
0.6685,0.00078795749,0.030853036,0.00024729751,6.2631218e-05,-6.8187563,2.9482267e-05
0.669,0.00086465141,0.031668566,0.00027127621,6.8730025e-05,-6.8187665,2.9895328e-05
0.6695,0.00093582118,0.032528369,0.00029351644,7.438993e-05,-6.8187768,3.0324308e-05
0.67,0.0010001079,0.033429409,0.0003135948,7.9502785e-05,-6.8187872,3.0767087e-05
0.6705,0.0010562999,0.034368334,0.00033113399,8.3972121e-05,-6.8187977,3.1221489e-05
0.671,0.0011033536,0.035341478,0.00034580946,8.7714856e-05,-6.8188084,3.1685299e-05
0.6715,0.0011404119,0.036344855,0.00035735491,9.0662727e-05,-6.8188191,3.2156269e-05
0.672,0.0011668184,0.03737417,0.00036556667,9.2763426e-05,-6.8188298,3.2632131e-05
0.6725,0.0011821269,0.038424828,0.0003703068,9.3981415e-05,-6.8188405,3.3110604e-05
0.673,0.0011861085,0.039491953,0.00037150496,9.4298415e-05,-6.8188513,3.3589412e-05
0.6735,0.0011787525,0.040570409,0.00036915891,9.3713554e-05,-6.8188619,3.4066287e-05
0.674,0.0011602646,0.041654824,0.00036333381,9.2243188e-05,-6.8188725,3.4538983e-05
0.6745,0.0011310605,0.042739626,0.00035416015,8.9920388e-05,-6.8188829,3.5005288e-05
0.675,0.0010917551,0.043819079,0.00034183058,8.6794114e-05,-6.8188933,3.5463031e-05
0.6755,0.0010431491,0.044887321,0.00032659547,8.2928099e-05,-6.8189034,3.5910095e-05
0.676,0.00098621117,0.045938411,0.00030875757,7.839946e-05,-6.8189134,3.6344422e-05
0.6765,0.00092205764,0.046966378,0.00028866562,7.329707e-05,-6.8189231,3.6764026e-05
0.677,0.00085192962,0.047965266,0.00026670726,6.771972e-05,-6.8189326,3.7167002e-05
0.6775,0.00077716783,0.048929191,0.00024330122,6.1774123e-05,-6.8189419,3.7551531e-05
0.678,0.00069918596,0.04985239,0.00021888903,5.5572782e-05,-6.8189509,3.7915889e-05
0.6785,0.00061944287,0.050729278,0.00019392645,4.9231777e-05,-6.8189597,3.8258457e-05
0.679,0.00053941429,0.051554499,0.00016887458,4.2868507e-05,-6.8189682,3.8577723e-05
0.6795,0.00046056454,0.052322975,0.00014419115,3.6599438e-05,-6.8189764,3.8872293e-05
0.68,0.00038431879,0.053029962,0.00012032184,3.0537896e-05,-6.8189844,3.9140895e-05
0.6805,0.00031203636,0.053671088,9.7691955e-05,2.4791946e-05,-6.8189922,3.9382385e-05
0.681,0.00024498564,0.054242405,7.6698612e-05,1.9462393e-05,-6.8189997,3.9595751e-05
0.6815,0.00018432105,0.054740422,5.7703488e-05,1.4640959e-05,-6.819007,3.9780118e-05
0.682,0.00013106234,0.055162144,4.1026357e-05,1.0408639e-05,-6.8190142,3.9934754e-05
0.6825,8.6076835e-05,0.055505098,2.6939475e-05,6.8342934e-06,-6.8190211,4.0059067e-05
0.683,5.006471e-05,0.055767359,1.5662921e-05,3.9734842e-06,-6.8190279,4.0152617e-05
0.6835,2.354763e-05,0.055947568,7.3609894e-06,1.8675783e-06,-6.8190346,4.0215109e-05
0.684,6.8609402e-06,0.056044942,2.1396701e-06,5.4313168e-07,-6.8190413,4.0246401e-05
0.6845,1.4947933e-07,0.056059283,4.5270166e-08,1.1562406e-08,-6.8190478,4.0246498e-05
0.685,3.367071e-06,0.055990971,1.0641822e-06,2.6911434e-07,-6.8190543,4.0215559e-05
0.6855,1.6279647e-05,0.055840964,5.1237985e-06,1.2971092e-06,-6.8190608,4.0153892e-05
0.686,3.8471907e-05,0.055610782,1.209454e-05,3.0624782e-06,-6.8190673,4.006195e-05
0.6865,6.935734e-05,0.055302486,2.179295e-05,5.51856e-06,-6.8190739,3.9940334e-05
0.687,0.00010819138,0.054918654,3.3985787e-05,8.6061465e-06,-6.8190805,3.9789786e-05
0.6875,0.0001540874,0.054462353,4.8395018e-05,1.2254754e-05,-6.8190872,3.9611185e-05
0.688,0.00020603523,0.053937102,6.4703624e-05,1.6384092e-05,-6.8190941,3.9405543e-05
0.6885,0.00026292179,0.053346837,8.256208e-05,2.0905702e-05,-6.819101,3.9174001e-05
0.689,0.00032355342,0.052695863,0.00010159539,2.5724731e-05,-6.819108,3.8917818e-05
0.6895,0.00038667951,0.051988814,0.00012141054,3.0741807e-05,-6.8191152,3.863837e-05
0.69,0.00045101691,0.051230602,0.00014160419,3.5854973e-05,-6.8191225,3.8337137e-05
0.6905,0.00051527467,0.050426372,0.00016177051,4.0961657e-05,-6.81913,3.8015698e-05
0.691,0.00057817863,0.049581447,0.00018150893,4.5960623e-05,-6.8191376,3.7675724e-05
0.6915,0.00063849547,0.048701284,0.00020043177,5.0753876e-05,-6.8191453,3.7318964e-05
0.692,0.00069505561,0.04779142,0.00021817146,5.5248489e-05,-6.8191532,3.6947241e-05
0.6925,0.0007467747,0.046857427,0.00023438733,5.9358305e-05,-6.8191611,3.6562436e-05
0.693,0.00079267325,0.045904862,0.00024877183,6.3005497e-05,-6.8191692,3.6166487e-05
0.6935,0.00083189397,0.044939229,0.00026105598,6.6121951e-05,-6.8191773,3.5761369e-05
0.694,0.0008637167,0.043965932,0.00027101405,6.8650445e-05,-6.8191855,3.5349091e-05
0.6945,0.00088757047,0.04299024,0.00027846737,7.0545614e-05,-6.8191938,3.4931684e-05
0.695,0.00090304266,0.042017253,0.00028328721,7.1774674e-05,-6.819202,3.4511188e-05
0.6955,0.000909885,0.041051872,0.00028539656,7.23179e-05,-6.8192102,3.4089645e-05
0.696,0.00090801639,0.040098771,0.00028477109,7.2168853e-05,-6.8192184,3.3669088e-05
0.6965,0.00089752258,0.039162379,0.00028143887,7.1334348e-05,-6.8192266,3.3251528e-05
0.697,0.00087865253,0.038246859,0.0002754793,6.9834174e-05,-6.8192347,3.2838951e-05
0.6975,0.00085181191,0.0373561,0.00026702095,6.7700568e-05,-6.8192426,3.2433303e-05
0.698,0.00081755354,0.036493702,0.00025623849,6.4977462e-05,-6.8192505,3.2036481e-05
0.6985,0.00077656519,0.035662978,0.00024334885,6.1719513e-05,-6.8192582,3.1650328e-05
0.699,0.00072965499,0.034866947,0.00022860658,5.7990941e-05,-6.8192657,3.1276622e-05
0.6995,0.00067773467,0.034108342,0.00021229851,5.3864201e-05,-6.8192731,3.0917068e-05
0.7,0.00062180104,0.033389614,0.00019473799,4.9418508e-05,-6.8192803,3.0573291e-05
0.7005,0.00056291606,0.032712941,0.0001762585,4.4738259e-05,-6.8192873,3.0246828e-05
0.701,0.00050218587,0.032080238,0.00015720719,3.9911364e-05,-6.8192941,2.9939125e-05
0.7015,0.00044073929,0.031493172,0.00013793803,3.5027537e-05,-6.8193007,2.9651527e-05
0.702,0.00037970606,0.030953174,0.00011880502,3.0176569e-05,-6.8193072,2.9385274e-05
0.7025,0.00032019531,0.030461456,0.00010015552,2.5446618e-05,-6.8193134,2.9141497e-05
0.703,0.00026327474,0.030019028,8.2323666e-05,2.0922553e-05,-6.8193194,2.8921211e-05
0.7035,0.00020995075,0.029626711,6.5624213e-05,1.6684372e-05,-6.8193253,2.8725314e-05
0.704,0.00016115,0.029285154,5.0346795e-05,1.280574e-05,-6.819331,2.8554585e-05
0.7045,0.00011770269,0.028994848,3.6750721e-05,9.352657e-06,-6.8193365,2.8409676e-05
0.705,8.0327854e-05,0.028756139,2.5060408e-05,6.3822876e-06,-6.8193419,2.8291115e-05
0.7055,4.9620989e-05,0.028569241,1.5461544e-05,3.9419769e-06,-6.8193472,2.8199302e-05
0.706,2.6044109e-05,0.028434247,8.0980119e-06,2.0684591e-06,-6.8193524,2.8134507e-05
0.7065,9.9185027e-06,0.028351132,3.0696562e-06,7.8727988e-07,-6.8193575,2.8096876e-05
0.707,1.4202413e-06,0.028319765,4.309015e-07,1.1243797e-07,-6.8193625,2.8086422e-05
0.7075,5.7850031e-07,0.02833991,1.902501e-07,4.6251217e-08,-6.8193675,2.8103032e-05
0.708,7.2767012e-06,0.028411225,2.3106549e-06,5.7944645e-07,-6.8193725,2.8146468e-05
0.7085,2.1256414e-05,0.028533266,6.7107505e-06,1.6914695e-06,-6.8193775,2.8216364e-05
0.709,4.2123915e-05,0.028705483,1.3266909e-05,3.3510066e-06,-6.8193825,2.8312237e-05
0.7095,6.9359249e-05,0.028927212,2.1816072e-05,5.5167052e-06,-6.8193876,2.8433479e-05
0.71,0.00010232758,0.029197671,3.21593e-05,8.1380775e-06,-6.8193927,2.8579372e-05
0.7105,0.00014029261,0.029515953,4.4065957e-05,1.1156568e-05,-6.8193979,2.8749081e-05
0.711,0.00018243178,0.029881016,5.727845e-05,1.4506762e-05,-6.8194032,2.8941668e-05
0.7115,0.00022785287,0.030291671,7.1517427e-05,1.8117711e-05,-6.8194085,2.9156089e-05
0.712,0.00027561185,0.030746576,8.6487324e-05,2.1914349e-05,-6.819414,2.9391205e-05
0.7125,0.00032473143,0.031244223,0.00010188216,2.5818969e-05,-6.8194196,2.9645785e-05
0.713,0.00037421999,0.031782925,0.00011739148,2.9752731e-05,-6.8194253,2.9918511e-05
0.7135,0.00042309068,0.032360816,0.00013270626,3.3637182e-05,-6.8194311,3.0207989e-05
0.714,0.00047038008,0.03297583,0.00014752481,3.7395737e-05,-6.819437,3.0512751e-05
0.7145,0.0005151663,0.033625707,0.00016155838,4.0955121e-05,-6.8194429,3.0831265e-05
0.715,0.00055658601,0.03430798,0.00017453652,4.424672e-05,-6.819449,3.1161941e-05
0.7155,0.00059385017,0.035019973,0.000186212,4.7207834e-05,-6.8194552,3.150314e-05
0.716,0.00062625818,0.035758806,0.00019636526,4.97828e-05,-6.8194614,3.185318e-05
0.7165,0.00065321018,0.036521392,0.00020480824,5.1923967e-05,-6.8194677,3.2210348e-05
0.717,0.00067421729,0.037304445,0.00021138764,5.3592509e-05,-6.819474,3.2572902e-05
0.7175,0.00068890957,0.038104488,0.00021598741,5.475906e-05,-6.8194803,3.2939086e-05
0.718,0.00069704171,0.038917865,0.00021853053,5.540416e-05,-6.8194866,3.3307135e-05
0.7185,0.00069849624,0.039740755,0.00021898006,5.5518509e-05,-6.8194929,3.3675282e-05
0.719,0.00069328424,0.040569189,0.00021733936,5.5103025e-05,-6.8194992,3.404177e-05
0.7195,0.00068154364,0.041399073,0.00021365162,5.4168704e-05,-6.8195054,3.4404859e-05
0.72,0.00066353516,0.04222621,0.0002079985,5.2736299e-05,-6.8195116,3.4762832e-05
0.7205,0.00063963586,0.043046325,0.00020049822,5.0835805e-05,-6.8195176,3.5114007e-05
0.721,0.00061033065,0.043855096,0.00019130286,4.8505781e-05,-6.8195236,3.5456743e-05
0.7215,0.00057620183,0.044648182,0.00018059507,4.5792523e-05,-6.8195295,3.5789447e-05
0.722,0.00053791683,0.045421258,0.00016858427,4.2749087e-05,-6.8195352,3.6110582e-05
0.7225,0.00049621459,0.046170044,0.00015550234,3.9434207e-05,-6.8195408,3.6418675e-05
0.723,0.00045189066,0.046890344,0.00014159894,3.5911108e-05,-6.8195462,3.6712325e-05
0.7235,0.0004057814,0.047578078,0.00012713658,3.2246257e-05,-6.8195515,3.6990205e-05
0.724,0.00035874765,0.048229315,0.00011238543,2.8508062e-05,-6.8195567,3.7251072e-05
0.7245,0.00031165803,0.04884031,9.7618145e-05,2.4765546e-05,-6.8195616,3.7493772e-05
0.725,0.00026537239,0.049407535,8.3104576e-05,2.1087032e-05,-6.8195665,3.7717245e-05
0.7255,0.00022072553,0.04992771,6.9106712e-05,1.7538852e-05,-6.8195712,3.7920529e-05
0.726,0.00017851166,0.050397836,5.5873755e-05,1.4184111e-05,-6.8195757,3.8102763e-05
0.7265,0.00013946971,0.050815215,4.3637529e-05,1.1081522e-05,-6.8195802,3.8263195e-05
0.727,0.00010427,0.051177484,3.2608262e-05,8.2843447e-06,-6.8195844,3.840118e-05
0.7275,7.350224e-05,0.051482627,2.2970832e-05,5.8394363e-06,-6.8195886,3.8516186e-05
0.728,4.7665285e-05,0.051728998,1.4881538e-05,3.7864326e-06,-6.8195927,3.8607794e-05
0.7285,2.7158673e-05,0.051915336,8.4654601e-06,2.15708e-06,-6.8195967,3.8675701e-05
0.729,1.2276196e-05,0.052040773,3.8144345e-06,9.747221e-07,-6.8196007,3.871972e-05
0.7295,3.2015296e-06,0.052104843,9.8569655e-07,2.5395329e-07,-6.8196046,3.8739779e-05
0.73,6.0100016e-09,0.052107483,1.1934083e-09,4.4151897e-10,-6.8196084,3.8735922e-05
0.7305,2.6485751e-06,0.05204903,8.4757928e-07,2.1092316e-07,-6.8196123,3.8708309e-05
0.731,1.0977838e-05,0.051930223,3.4768828e-06,8.7336747e-07,-6.8196161,3.8657212e-05
0.7315,2.4736236e-05,0.051752183,7.8078264e-06,1.9673058e-06,-6.8196199,3.8583014e-05
0.732,4.3566149e-05,0.051516409,1.3727764e-05,3.4643172e-06,-6.8196238,3.8486208e-05
0.7325,6.701785e-05,0.051224759,2.1095195e-05,5.3286602e-06,-6.8196277,3.8367391e-05
0.733,9.4559114e-05,0.050879428,2.9742792e-05,7.5180356e-06,-6.8196317,3.8227263e-05
0.7335,0.00012558629,0.050482925,3.9480896e-05,9.9844661e-06,-6.8196357,3.8066621e-05
0.734,0.00015943659,0.050038055,5.0101377e-05,1.2675273e-05,-6.8196398,3.7886356e-05
0.7345,0.00019540138,0.049547879,6.1381821e-05,1.5534133e-05,-6.819644,3.7687447e-05
0.735,0.00023274019,0.049015698,7.3089921e-05,1.850219e-05,-6.8196482,3.7470957e-05
0.7355,0.00027069514,0.048445011,8.4988013e-05,2.1519201e-05,-6.8196525,3.7238025e-05
0.736,0.00030850556,0.047839489,9.6837661e-05,2.4524702e-05,-6.8196569,3.6989862e-05
0.7365,0.00034542249,0.047202942,0.00010840419,2.745916e-05,-6.8196614,3.6727744e-05
0.737,0.00038072281,0.046539284,0.00011946112,3.0265089e-05,-6.819666,3.6453007e-05
0.7375,0.00041372264,0.045852502,0.00012979436,3.2888128e-05,-6.8196706,3.6167037e-05
0.738,0.00044378996,0.045146625,0.00013920612,3.5278032e-05,-6.8196753,3.5871267e-05
0.7385,0.00047035596,0.044425691,0.00014751851,3.7389586e-05,-6.8196801,3.5567164e-05
0.739,0.00049292521,0.043693719,0.00015457666,3.9183404e-05,-6.8196849,3.5256231e-05
0.7395,0.00051108417,0.042954682,0.0001602514,4.0626611e-05,-6.8196897,3.493999e-05
0.74,0.00052450815,0.042212478,0.00016444142,4.1693399e-05,-6.8196946,3.4619981e-05
0.7405,0.00053296644,0.041470909,0.00016707487,4.2365427e-05,-6.8196994,3.4297752e-05
0.741,0.00053632564,0.040733661,0.00016811035,4.2632093e-05,-6.8197043,3.3974853e-05
0.7415,0.00053455102,0.04000428,0.00016753737,4.2490642e-05,-6.8197091,3.3652825e-05
0.742,0.00052770611,0.039286161,0.00016537621,4.1946128e-05,-6.8197139,3.33332e-05
0.7425,0.00051595028,0.038582532,0.00016167712,4.1011228e-05,-6.8197186,3.3017486e-05
0.743,0.00049953468,0.037896444,0.00015651905,3.9705914e-05,-6.8197233,3.2707166e-05
0.7435,0.00047879632,0.037230759,0.00015000782,3.8056987e-05,-6.8197279,3.2403685e-05
0.744,0.00045415073,0.036588151,0.00014227379,3.6097488e-05,-6.8197325,3.2108452e-05
0.7445,0.00042608308,0.035971096,0.00013346911,3.3865997e-05,-6.8197369,3.1822824e-05
0.745,0.00039513821,0.035381873,0.00012376456,3.1405835e-05,-6.8197412,3.1548108e-05
0.7455,0.00036190954,0.034822567,0.0001133461,2.8764185e-05,-6.8197455,3.1285549e-05
0.746,0.0003270272,0.034295066,0.00010241117,2.5991148e-05,-6.8197496,3.1036329e-05
0.7465,0.00029114565,0.033801071,9.1164783e-05,2.3138757e-05,-6.8197536,3.0801558e-05
0.747,0.00025493092,0.033342096,7.9815577e-05,2.0259964e-05,-6.8197575,3.0582274e-05
0.7475,0.00021904784,0.032919478,6.8571783e-05,1.7407621e-05,-6.8197612,3.0379431e-05
0.748,0.00018414737,0.032534382,5.7637281e-05,1.4633476e-05,-6.8197649,3.0193904e-05
0.7485,0.00015085438,0.032187807,4.7207775e-05,1.1987203e-05,-6.8197684,3.0026477e-05
0.749,0.00011975611,0.031880598,3.7467169e-05,9.5154767e-06,-6.8197718,2.9877845e-05
0.7495,9.139139e-05,0.031613448,2.8584207e-05,7.2611239e-06,-6.8197752,2.974861e-05
0.75,6.6240962e-05,0.03138691,2.0709434e-05,5.262351e-06,-6.8197784,2.9639277e-05
0.7505,4.4719028e-05,0.031201401,1.397255e-05,3.5520716e-06,-6.8197816,2.9550255e-05
0.751,2.7166132e-05,0.031057209,8.480179e-06,2.1573422e-06,-6.8197847,2.9481853e-05
0.7515,1.3843536e-05,0.030954497,4.3141037e-06,1.0989156e-06,-6.8197878,2.9434278e-05
0.752,4.9291804e-06,0.030893309,1.5299983e-06,3.9091956e-07,-6.8197908,2.9407639e-05
0.7525,5.1525918e-07,0.030873574,1.5666651e-07,4.0665278e-08,-6.8197937,2.9401943e-05
0.753,6.0746691e-07,0.030895105,1.9580095e-07,4.8587894e-08,-6.8197967,2.9417099e-05
0.7535,5.1258925e-06,0.030957602,1.6222611e-06,4.0831817e-07,-6.8197996,2.9452914e-05
0.754,1.3907533e-05,0.031060654,4.3848583e-06,1.1068829e-06,-6.8198026,2.9509099e-05
0.7545,2.6710357e-05,0.031203735,8.4076271e-06,2.1250284e-06,-6.8198055,2.9585269e-05
0.755,4.3218826e-05,0.031386204,1.3591554e-05,3.43766e-06,-6.8198085,2.9680946e-05
0.7555,6.3050741e-05,0.031607301,1.9816724e-05,5.0143866e-06,-6.8198115,2.979556e-05
0.756,8.5765292e-05,0.031866148,2.6944844e-05,6.8201609e-06,-6.8198146,2.9928454e-05
0.7565,0.00011087211,0.03216174,3.482208e-05,8.815999e-06,-6.8198177,3.0078889e-05
0.757,0.00013784117,0.032492945,4.3282164e-05,1.0959768e-05,-6.8198209,3.0246044e-05
0.7575,0.00016611334,0.032858498,5.2149704e-05,1.3207022e-05,-6.8198241,3.0429024e-05
0.758,0.0001951113,0.033256999,6.1243621e-05,1.5511878e-05,-6.8198274,3.0626863e-05
0.7585,0.0002242508,0.033686908,7.0380659e-05,1.7827898e-05,-6.8198308,3.0838529e-05
0.759,0.00025295181,0.034146545,7.9378905e-05,2.0108984e-05,-6.8198342,3.1062929e-05
0.7595,0.00028064946,0.034634085,8.8061225e-05,2.2310248e-05,-6.8198377,3.1298918e-05
0.76,0.00030680469,0.035147559,9.6258588e-05,2.438885e-05,-6.8198412,3.1545299e-05
0.7605,0.00033091413,0.035684855,0.00010381318,2.6304793e-05,-6.8198448,3.1800834e-05
0.761,0.00035251927,0.036243718,0.0001105813,2.8021642e-05,-6.8198484,3.2064249e-05
0.7615,0.00037121468,0.036821754,0.00011643589,2.9507183e-05,-6.8198521,3.2334238e-05
0.762,0.00038665507,0.037416437,0.0001212688,3.0733985e-05,-6.8198558,3.2609472e-05
0.7625,0.00039856119,0.038025114,0.00012499261,3.1679861e-05,-6.8198595,3.2888605e-05
0.763,0.00040672435,0.038645012,0.00012754206,3.2328235e-05,-6.8198632,3.317028e-05
0.7635,0.00041100957,0.039273252,0.00012887501,3.2668388e-05,-6.819867,3.3453136e-05
0.764,0.00041135732,0.039906859,0.00012897302,3.2695597e-05,-6.8198707,3.3735815e-05
0.7645,0.00040778375,0.040542777,0.00012784139,3.2411152e-05,-6.8198744,3.4016967e-05
0.765,0.00040037952,0.041177884,0.00012550878,3.1822266e-05,-6.819878,3.4295257e-05
0.7655,0.0003893072,0.041809009,0.00012202641,3.0941866e-05,-6.8198816,3.4569375e-05
0.766,0.00037479739,0.042432954,0.00011746683,2.9788283e-05,-6.8198852,3.4838034e-05
0.7665,0.00035714348,0.04304651,0.00011192227,2.8384841e-05,-6.8198887,3.5099985e-05
0.767,0.00033669541,0.043646479,0.00010550267,2.6759355e-05,-6.8198922,3.5354016e-05
0.7675,0.00031385231,0.044229699,9.8333361e-05,2.494355e-05,-6.8198955,3.5598962e-05
0.768,0.00028905439,0.044793061,9.0552534e-05,2.2972415e-05,-6.8198988,3.5833706e-05
0.7685,0.00026277405,0.04533354,8.230844e-05,2.0883498e-05,-6.819902,3.6057189e-05
0.769,0.00023550657,0.045848207,7.3756455e-05,1.8716164e-05,-6.8199051,3.6268411e-05
0.7695,0.00020776036,0.046334263,6.5056045e-05,1.6510822e-05,-6.8199081,3.6466437e-05
0.77,0.00018004723,0.046789053,5.6367683e-05,1.430815e-05,-6.819911,3.66504e-05
0.7705,0.00015287254,0.04721009,4.7849786e-05,1.2148314e-05,-6.8199139,3.6819504e-05
0.771,0.0001267257,0.047595076,3.9655728e-05,1.007021e-05,-6.8199166,3.6973032e-05
0.7715,0.00010207102,0.047941919,3.1930977e-05,8.1107436e-06,-6.8199193,3.7110344e-05
0.772,7.9339226e-05,0.048248753,2.4810428e-05,6.3041454e-06,-6.8199219,3.7230879e-05
0.7725,5.8919586e-05,0.04851395,1.8415954e-05,4.6813537e-06,-6.8199244,3.7334161e-05
0.773,4.1153029e-05,0.048736134,1.2854244e-05,3.2694639e-06,-6.8199269,3.7419801e-05
0.7735,2.6326206e-05,0.048914196,8.2149537e-06,2.0912565e-06,-6.8199293,3.7487493e-05
0.774,1.4666664e-05,0.049047297,4.5691934e-06,1.1648144e-06,-6.8199317,3.7537019e-05
0.7745,6.3392049e-06,0.049134878,1.9683962e-06,5.0323285e-07,-6.819934,3.756825e-05
0.775,1.4434705e-06,0.049176664,4.435675e-07,1.1442758e-07,-6.8199363,3.7581144e-05
0.7755,1.2803723e-08,0.049172663,4.9329288e-09,1.0444487e-09,-6.8199385,3.7575747e-05
0.776,2.014379e-06,0.049123163,6.4198569e-07,1.6046965e-07,-6.8199408,3.755219e-05
0.7765,7.3505908e-06,0.049028736,2.3239268e-06,5.8494019e-07,-6.819943,3.7510693e-05
0.777,1.5861659e-05,0.04889022,5.0004858e-06,1.261751e-06,-6.8199453,3.7451556e-05
0.7775,2.7329385e-05,0.048708722,8.6031025e-06,2.1735536e-06,-6.8199476,3.7375164e-05
0.778,4.1481978e-05,0.048485595,1.3046442e-05,3.2987398e-06,-6.8199499,3.7281981e-05
0.7785,5.7999846e-05,0.048222437,1.8230209e-05,4.6119019e-06,-6.8199522,3.7172548e-05
0.779,7.652222e-05,0.047921064,2.4041233e-05,6.0843598e-06,-6.8199546,3.704748e-05
0.7795,9.66545e-05,0.047583502,3.0355761e-05,7.6847445e-06,-6.819957,3.6907464e-05
0.78,0.00011797614,0.047211965,3.7041936e-05,9.3796257e-06,-6.8199595,3.6753252e-05
0.7805,0.00014004897,0.046808836,4.3962397e-05,1.1134172e-05,-6.819962,3.6585663e-05
0.781,0.0001624257,0.046376645,5.0976954e-05,1.2912828e-05,-6.8199646,3.640557e-05
0.7815,0.00018465854,0.045918051,5.794528e-05,1.4680001e-05,-6.8199672,3.6213905e-05
0.782,0.00020630777,0.045435816,6.4729588e-05,1.6400738e-05,-6.8199698,3.6011648e-05
0.7825,0.00022694992,0.044932789,7.1197215e-05,1.8041381e-05,-6.8199725,3.5799824e-05
0.783,0.00024618571,0.044411877,7.7223084e-05,1.9570195e-05,-6.8199752,3.5579497e-05
0.7835,0.00026364735,0.04387603,8.2691998e-05,2.0957948e-05,-6.819978,3.5351767e-05
0.784,0.00027900512,0.043328217,8.7500715e-05,2.2178437e-05,-6.8199808,3.5117762e-05
0.7845,0.00029197328,0.042771405,9.1559767e-05,2.3208953e-05,-6.8199836,3.4878635e-05
0.785,0.0003023149,0.042208542,9.479501e-05,2.4030671e-05,-6.8199865,3.4635556e-05
0.7855,0.00030984589,0.041642538,9.7148853e-05,2.4628962e-05,-6.8199894,3.4389707e-05
0.786,0.00031443782,0.041076248,9.858116e-05,2.4993627e-05,-6.8199922,3.4142276e-05
0.7865,0.00031601976,0.040512457,9.9069816e-05,2.5119033e-05,-6.8199951,3.3894455e-05
0.787,0.00031457894,0.039953865,9.8610936e-05,2.5004172e-05,-6.8199979,3.3647427e-05
0.7875,0.00031016032,0.039403077,9.7218731e-05,2.4652626e-05,-6.8200007,3.3402369e-05
0.788,0.00030286507,0.038862591,9.4925028e-05,2.4072443e-05,-6.8200035,3.3160438e-05
0.7885,0.00029284798,0.038334787,9.1778461e-05,2.3275934e-05,-6.8200063,3.2922773e-05
0.789,0.00028031394,0.037821923,8.7843354e-05,2.2279388e-05,-6.820009,3.2690483e-05
0.7895,0.00026551339,0.037326127,8.3198315e-05,2.110272e-05,-6.8200117,3.2464648e-05
0.79,0.00024873709,0.036849392,7.7934577e-05,1.9769045e-05,-6.8200143,3.224631e-05
0.7905,0.0002303101,0.036393574,7.2154115e-05,1.8304203e-05,-6.8200168,3.2036468e-05
0.791,0.0002105852,0.035960389,6.5967587e-05,1.6736239e-05,-6.8200193,3.1836077e-05
0.7915,0.00018993586,0.035551414,5.9492125e-05,1.5094839e-05,-6.8200217,3.164604e-05
0.792,0.0001687489,0.035168086,5.2849031e-05,1.3410751e-05,-6.8200241,3.1467206e-05
0.7925,0.00014741698,0.034811703,4.6161425e-05,1.1715185e-05,-6.8200263,3.1300365e-05
0.793,0.00012633107,0.034483426,3.9551883e-05,1.0039216e-05,-6.8200285,3.1146245e-05
0.7935,0.00010587301,0.034184283,3.3140105e-05,8.4131949e-06,-6.8200307,3.1005511e-05
0.794,8.6408402e-05,0.033915168,2.7040677e-05,6.8661763e-06,-6.8200328,3.0878757e-05
0.7945,6.8279799e-05,0.03367685,2.1360948e-05,5.4253856e-06,-6.8200348,3.0766509e-05
0.795,5.1800481e-05,0.033469971,1.6199071e-05,4.1157196e-06,-6.8200367,3.066922e-05
0.7955,3.7248832e-05,0.033295051,1.1642246e-05,2.9593014e-06,-6.8200386,3.0587268e-05
0.796,2.4863449e-05,0.033152492,7.7651793e-06,1.9750908e-06,-6.8200405,3.0520957e-05
0.7965,1.4839067e-05,0.033042581,4.6288168e-06,1.1785613e-06,-6.8200423,3.0470513e-05
0.797,7.3233618e-06,0.032965492,2.2793365e-06,5.8144569e-07,-6.8200441,3.0436085e-05
0.7975,2.4146878e-06,0.032921286,7.4744436e-07,1.9155635e-07,-6.8200459,3.0417744e-05
0.798,1.6077601e-07,0.032909918,4.7968117e-08,1.2682018e-08,-6.8200476,3.0415486e-05
0.7985,5.5841305e-07,0.032931235,1.7975943e-07,4.4562275e-08,-6.8200494,3.0429226e-05
0.799,3.554091e-06,0.032984976,1.1259006e-06,2.8293927e-07,-6.8200511,3.0458807e-05
0.7995,9.0456062e-06,0.033070777,2.854209e-06,7.1968489e-07,-6.8200528,3.0503994e-05
0.8,1.6884565e-05,0.033188166,5.3180263e-06,1.343e-06,-6.8200546,3.0564481e-05
0.8005,2.6879742e-05,0.033336566,8.4572734e-06,2.1376812e-06,-6.8200564,3.0639889e-05
0.801,3.8801205e-05,0.033515295,1.2199749e-05,3.0854493e-06,-6.8200581,3.072977e-05
0.8015,5.2385143e-05,0.033723564,1.6462643e-05,4.1653324e-06,-6.8200599,3.0833611e-05
0.802,6.7339267e-05,0.033960475,2.1154235e-05,5.3540955e-06,-6.8200618,3.0950834e-05
0.8025,8.33487e-05,0.034225025,2.6175743e-05,6.6267088e-06,-6.8200637,3.10808e-05
0.803,0.00010008223,0.034516099,3.142328e-05,7.9568444e-06,-6.8200656,3.1222813e-05
0.8035,0.00011719877,0.034832478,3.6789893e-05,9.3173914e-06,-6.8200675,3.1376125e-05
0.804,0.00013435402,0.035172829,4.2167633e-05,1.0680981e-05,-6.8200695,3.1539937e-05
0.8045,0.00015120698,0.035535715,4.7449614e-05,1.202051e-05,-6.8200715,3.1713405e-05
0.805,0.00016742642,0.035919591,5.253204e-05,1.3309651e-05,-6.8200736,3.1895643e-05
0.8055,0.00018269711,0.036322807,5.7316137e-05,1.4523349e-05,-6.8200757,3.208573e-05
0.806,0.00019672554,0.036743612,6.1709976e-05,1.5638278e-05,-6.8200778,3.2282713e-05
0.8065,0.00020924536,0.037180155,6.5630141e-05,1.6633266e-05,-6.8200799,3.2485609e-05
0.807,0.00022002201,0.037630492,6.9003217e-05,1.7489674e-05,-6.8200821,3.2693416e-05
0.8075,0.00022885693,0.038092592,7.1767066e-05,1.8191722e-05,-6.8200843,3.2905113e-05
0.808,0.00023559082,0.038564342,7.3871883e-05,1.8726751e-05,-6.8200865,3.3119665e-05
0.8085,0.00024010629,0.039043554,7.5280996e-05,1.9085435e-05,-6.8200886,3.3336033e-05
0.809,0.00024232956,0.039527978,7.5971411e-05,1.9261912e-05,-6.8200908,3.3553173e-05
0.8095,0.00024223137,0.040015307,7.5934091e-05,1.9253863e-05,-6.820093,3.3770043e-05
0.81,0.00023982703,0.040503193,7.5173967e-05,1.9062508e-05,-6.8200952,3.3985611e-05
0.8105,0.00023517562,0.040989256,7.3709682e-05,1.8692548e-05,-6.8200974,3.4198855e-05
0.811,0.00022837833,0.041471095,7.1573074e-05,1.815203e-05,-6.8200995,3.4408771e-05
0.8115,0.00021957606,0.041946306,6.880842e-05,1.745216e-05,-6.8201016,3.4614377e-05
0.812,0.00020894631,0.042412496,6.5471454e-05,1.6607049e-05,-6.8201036,3.4814717e-05
0.8125,0.00019669934,0.042867292,6.1628165e-05,1.5633413e-05,-6.8201057,3.5008867e-05
0.813,0.0001830738,0.043308364,5.7353434e-05,1.4550227e-05,-6.8201076,3.5195934e-05
0.8135,0.00016833188,0.043733436,5.2729498e-05,1.3378334e-05,-6.8201096,3.537507e-05
0.814,0.00015275405,0.044140301,4.7844308e-05,1.2140028e-05,-6.8201114,3.5545465e-05
0.8145,0.00013663347,0.04452684,4.2789787e-05,1.0858616e-05,-6.8201133,3.5706357e-05
0.815,0.00012027035,0.044891032,3.7660038e-05,9.5579584e-06,-6.820115,3.5857033e-05
0.8155,0.00010396607,0.045230976,3.2549527e-05,8.2620129e-06,-6.8201168,3.5996836e-05
0.816,8.8017494e-05,0.045544896,2.7551286e-05,6.9943751e-06,-6.8201184,3.6125161e-05
0.8165,7.2711349e-05,0.045831161,2.2755159e-05,5.777835e-06,-6.82012,3.6241462e-05
0.817,5.8318904e-05,0.046088294,1.8246127e-05,4.6339525e-06,-6.8201216,3.6345255e-05
0.8175,4.5090976e-05,0.046314984,1.4102757e-05,3.5826618e-06,-6.8201231,3.6436117e-05
0.818,3.3253408e-05,0.046510097,1.0395774e-05,2.6419108e-06,-6.8201246,3.6513691e-05
0.8185,2.3003057e-05,0.046672682,7.1868079e-06,1.827343e-06,-6.8201261,3.6577682e-05
0.819,1.4504384e-05,0.046801979,4.527332e-06,1.1520269e-06,-6.8201275,3.6627865e-05
0.8195,7.8867075e-06,0.046897425,2.4577954e-06,6.262365e-07,-6.8201289,3.666408e-05
0.82,3.2421451e-06,0.046958656,1.0069843e-06,2.5728915e-07,-6.8201302,3.6686235e-05
0.8205,6.242954e-07,0.046985513,1.9160817e-07,4.9440095e-08,-6.8201316,3.6694307e-05
0.821,4.7663068e-08,0.046978035,1.6121512e-08,3.8371788e-09,-6.8201329,3.6688338e-05
0.8215,1.4878362e-06,0.046936468,4.7278073e-07,1.1853502e-07,-6.8201342,3.6668438e-05
0.822,4.8824006e-06,0.046861252,1.541932e-06,3.8856779e-07,-6.8201356,3.6634783e-05
0.8225,1.0132567e-05,0.046753023,3.1925223e-06,8.060787e-07,-6.8201369,3.6587613e-05
0.823,1.710547e-05,0.046612603,5.382822e-06,1.3605028e-06,-6.8201382,3.6527232e-05
0.8235,2.5637089e-05,0.046440994,8.0613407e-06,2.0387993e-06,-6.8201396,3.6454004e-05
0.824,3.5535729e-05,0.046239371,1.116792e-05,2.8257282e-06,-6.820141,3.6368353e-05
0.8245,4.6585985e-05,0.046009067,1.4634977e-05,3.7041655e-06,-6.8201424,3.6270759e-05
0.825,5.8553113e-05,0.045751565,1.8388875e-05,4.655451e-06,-6.8201438,3.6161758e-05
0.8255,7.1187716e-05,0.045468486,2.2351395e-05,5.6597601e-06,-6.8201453,3.6041935e-05
0.826,8.423066e-05,0.045161572,2.6441274e-05,6.6964952e-06,-6.8201467,3.5911926e-05
0.8265,9.7418109e-05,0.044832678,3.0575787e-05,7.7446856e-06,-6.8201483,3.5772409e-05
0.827,0.0001104866,0.044483751,3.4672339e-05,8.7833907e-06,-6.8201498,3.5624107e-05
0.8275,0.00012317804,0.044116822,3.865003e-05,9.7920982e-06,-6.8201514,3.5467776e-05
0.828,0.00013524457,0.043733984,4.2431176e-05,1.0751108e-05,-6.820153,3.5304211e-05
0.8285,0.00014645314,0.043337384,4.5942751e-05,1.16419e-05,-6.8201546,3.5134233e-05
0.829,0.00015658978,0.042929204,4.9117718e-05,1.2447469e-05,-6.8201562,3.4958691e-05
0.8295,0.00016546344,0.042511647,5.1896239e-05,1.3152633e-05,-6.8201579,3.4778456e-05
0.83,0.00017290935,0.042086925,5.4226726e-05,1.3744299e-05,-6.8201595,3.4594415e-05
0.8305,0.00017879189,0.041657243,5.606673e-05,1.421169e-05,-6.8201612,3.4407468e-05
0.831,0.00018300677,0.041224787,5.738364e-05,1.4546522e-05,-6.8201629,3.4218525e-05
0.8315,0.0001854827,0.040791713,5.8155189e-05,1.4743131e-05,-6.8201646,3.40285e-05
0.832,0.00018618233,0.040360135,5.8369759e-05,1.4798553e-05,-6.8201663,3.3838305e-05
0.8325,0.00018510259,0.039932115,5.802648e-05,1.4712546e-05,-6.8201679,3.364885e-05
0.833,0.00018227434,0.039509651,5.7135119e-05,1.4487567e-05,-6.8201696,3.3461034e-05
0.8335,0.00017776138,0.039094673,5.5715771e-05,1.4128692e-05,-6.8201712,3.3275746e-05
0.834,0.0001716589,0.038689033,5.379836e-05,1.3643486e-05,-6.8201729,3.3093854e-05
0.8345,0.00016409124,0.038294498,5.1421955e-05,1.3041838e-05,-6.8201745,3.2916208e-05
0.835,0.00015520924,0.037912747,4.8633917e-05,1.2335738e-05,-6.820176,3.2743631e-05
0.8355,0.00014518703,0.037545361,4.5488907e-05,1.1539029e-05,-6.8201775,3.2576917e-05
0.836,0.00013421849,0.037193829,4.2047761e-05,1.0667122e-05,-6.820179,3.2416828e-05
0.8365,0.00012251329,0.036859533,3.8376257e-05,9.7366836e-06,-6.8201805,3.226409e-05
0.837,0.00011029274,0.036543758,3.4543812e-05,8.7653056e-06,-6.8201819,3.2119389e-05
0.8375,9.7785454e-05,0.036247681,3.0622117e-05,7.771159e-06,-6.8201833,3.198337e-05
0.838,8.5222907e-05,0.035972374,2.6683748e-05,6.7726423e-06,-6.8201846,3.1856631e-05
0.8385,7.2835001e-05,0.035718807,2.2800772e-05,5.7880286e-06,-6.8201859,3.1739724e-05
0.839,6.0845714e-05,0.035487842,1.9043388e-05,4.8351196e-06,-6.8201872,3.1633149e-05
0.8395,4.9468904e-05,0.035280238,1.5478609e-05,3.9309127e-06,-6.8201884,3.1537356e-05
0.84,3.8904367e-05,0.035096649,1.2169027e-05,3.0912869e-06,-6.8201896,3.1452739e-05
0.8405,2.9334192e-05,0.03493763,9.171673e-06,2.3307138e-06,-6.8201907,3.1379637e-05
0.841,2.0919506e-05,0.034803631,6.5369958e-06,1.6619986e-06,-6.8201919,3.1318332e-05
0.8415,1.3797655e-05,0.034695005,4.3079803e-06,1.0960558e-06,-6.820193,3.1269048e-05
0.842,8.0798601e-06,0.034612003,2.5194163e-06,6.4172355e-07,-6.820194,3.1231952e-05
0.8425,3.8494118e-06,0.034554782,1.1973313e-06,3.0561961e-07,-6.8201951,3.1207148e-05
0.843,1.1604041e-06,0.034523402,3.5859752e-07,9.2041004e-08,-6.8201961,3.1194685e-05
0.8435,3.7044631e-08,0.034517827,1.0716807e-08,2.9092467e-09,-6.8201971,3.1194551e-05
0.844,4.7354037e-07,0.034537928,1.5178672e-07,3.7761179e-08,-6.8201982,3.1206674e-05
0.8445,2.434554e-06,0.034583482,7.706455e-07,1.9378536e-07,-6.8201992,3.1230925e-05
0.845,5.8562176e-06,0.034654174,1.8471915e-06,4.6590267e-07,-6.8202002,3.1267119e-05
0.8455,1.0647677e-05,0.034749597,3.3528691e-06,8.468891e-07,-6.8202012,3.1315013e-05
0.846,1.6693133e-05,0.034869254,5.2513094e-06,1.3275379e-06,-6.8202023,3.1374312e-05
0.8465,2.3854328e-05,0.035012558,7.499112e-06,1.8968577e-06,-6.8202033,3.1444665e-05
0.847,3.1973441e-05,0.03517883,1.0046752e-05,2.542302e-06,-6.8202044,3.1525673e-05
0.8475,4.0876308e-05,0.035367304,1.2839593e-05,3.2500258e-06,-6.8202055,3.1616888e-05
0.848,5.0375929e-05,0.035577125,1.5818983e-05,4.0051641e-06,-6.8202066,3.1717816e-05
0.8485,6.0276169e-05,0.035807352,1.8923419e-05,4.7921259e-06,-6.8202077,3.1827917e-05
0.849,7.0375594e-05,0.036056957,2.2089747e-05,5.5948996e-06,-6.8202089,3.1946613e-05
0.8495,8.0471366e-05,0.036324829,2.5254384e-05,6.3973622e-06,-6.82021,3.2073289e-05
0.85,9.0363109e-05,0.036609775,2.8354529e-05,7.1835871e-06,-6.8202112,3.2207293e-05
0.8505,9.98567e-05,0.036910522,3.1329351e-05,7.9381445e-06,-6.8202124,3.2347943e-05
0.851,0.00010876788,0.037225721,3.412112e-05,8.6463896e-06,-6.8202137,3.2494529e-05
0.8515,0.00011692565,0.037553949,3.6676273e-05,9.2947316e-06,-6.8202149,3.2646317e-05
0.852,0.00012417536,0.037893716,3.8946379e-05,9.8708801e-06,-6.8202162,3.2802553e-05
0.8525,0.00013038148,0.038243466,4.0889003e-05,1.0364064e-05,-6.8202175,3.2962464e-05
0.853,0.00013542992,0.038601587,4.2468443e-05,1.0765217e-05,-6.8202188,3.3125266e-05
0.8535,0.00013923,0.038966411,4.3656333e-05,1.1067133e-05,-6.82022,3.3290165e-05
0.854,0.00014171586,0.039336226,4.4432094e-05,1.1264581e-05,-6.8202213,3.3456361e-05
0.8545,0.00014284744,0.039709283,4.4783238e-05,1.135438e-05,-6.8202226,3.3623054e-05
0.855,0.00014261095,0.040083799,4.4705508e-05,1.1335436e-05,-6.8202239,3.3789445e-05
0.8555,0.00014101883,0.040457972,4.4202869e-05,1.120874e-05,-6.8202252,3.3954741e-05
0.856,0.00013810919,0.040829986,4.3287334e-05,1.0977324e-05,-6.8202265,3.411816e-05
0.8565,0.0001339448,0.041198021,4.1978641e-05,1.0646182e-05,-6.8202277,3.4278931e-05
0.857,0.00012861162,0.041560266,4.0303793e-05,1.0222147e-05,-6.820229,3.4436303e-05
0.8575,0.00012221687,0.041914924,3.8296456e-05,9.7137445e-06,-6.8202302,3.4589544e-05
0.858,0.00011488677,0.042260228,3.5996244e-05,9.1310101e-06,-6.8202314,3.4737946e-05
0.8585,0.00010676391,0.042594449,3.3447895e-05,8.4852792e-06,-6.8202325,3.4880828e-05
0.859,9.8004359e-05,0.042915906,3.0700363e-05,7.7889576e-06,-6.8202336,3.501754e-05
0.8595,8.8774514e-05,0.043222979,2.7805838e-05,7.0552733e-06,-6.8202347,3.5147466e-05
0.86,7.9247842e-05,0.043514117,2.4818714e-05,6.298015e-06,-6.8202358,3.5270024e-05
0.8605,6.9601486e-05,0.043787851,2.179453e-05,5.5312633e-06,-6.8202369,3.5384671e-05
0.861,6.0012861e-05,0.044042802,1.8788902e-05,4.7691201e-06,-6.8202379,3.5490907e-05
0.8615,5.0656271e-05,0.044277689,1.5856462e-05,4.0254395e-06,-6.8202388,3.5588272e-05
0.862,4.1699632e-05,0.044491341,1.3049833e-05,3.3135676e-06,-6.8202398,3.5676353e-05
0.8625,3.3301354e-05,0.044682704,1.0418647e-05,2.6460943e-06,-6.8202407,3.5754783e-05
0.863,2.5607436e-05,0.044850846,8.0086425e-06,2.0346231e-06,-6.8202416,3.5823245e-05
0.8635,1.8748835e-05,0.044994967,5.8608324e-06,1.4895613e-06,-6.8202425,3.5881468e-05
0.864,1.283915e-05,0.045114399,4.0107834e-06,1.019936e-06,-6.8202433,3.5929235e-05
0.8645,7.9726596e-06,0.045208619,2.4880006e-06,6.3323901e-07,-6.8202442,3.5966377e-05
0.865,4.2227557e-06,0.045277241,1.3154372e-06,3.3530126e-07,-6.820245,3.599278e-05
0.8655,1.6407876e-06,0.04532003,5.0913311e-07,1.3020177e-07,-6.8202458,3.600838e-05
0.866,2.5534129e-07,0.045336894,7.7990286e-08,2.0210093e-08,-6.8202466,3.6013165e-05
0.8665,7.1958706e-08,0.045327889,2.3685784e-08,5.764135e-09,-6.8202473,3.6007176e-05
0.867,1.0732992e-06,0.045293215,3.4072344e-07,8.5483017e-08,-6.8202481,3.5990502e-05
0.8675,3.2197337e-06,0.045233217,1.0166213e-06,2.5621437e-07,-6.8202489,3.5963288e-05
0.868,6.4503563e-06,0.045148377,2.03223e-06,5.1311477e-07,-6.8202497,3.5925722e-05
0.8685,1.0684388e-05,0.045039316,3.3621738e-06,8.497614e-07,-6.8202505,3.5878046e-05
0.869,1.5822945e-05,0.044906782,4.9754051e-06,1.2582924e-06,-6.8202513,3.5820546e-05
0.8695,2.1751122e-05,0.044751649,6.8358609e-06,1.7295733e-06,-6.8202521,3.5753553e-05
0.87,2.8340373e-05,0.044574905,8.9032063e-06,2.2533847e-06,-6.8202529,3.5677443e-05
0.8705,3.5451103e-05,0.044377649,1.1133651e-05,2.8186303e-06,-6.8202538,3.5592632e-05
0.871,4.2935455e-05,0.044161081,1.3480822e-05,3.4135567e-06,-6.8202546,3.5499576e-05
0.8715,5.064022e-05,0.043926491,1.5896677e-05,4.0259857e-06,-6.8202555,3.5398767e-05
0.872,5.8409805e-05,0.043675249,1.8332432e-05,4.6435501e-06,-6.8202564,3.5290732e-05
0.8725,6.6089226e-05,0.043408801,2.0739504e-05,5.253931e-06,-6.8202573,3.5176027e-05
0.873,7.3527044e-05,0.043128651,2.3070431e-05,5.845092e-06,-6.8202582,3.5055241e-05
0.8735,8.0578205e-05,0.042836357,2.5279757e-05,6.4055042e-06,-6.8202592,3.4928985e-05
0.874,8.7106724e-05,0.042533516,2.7324879e-05,6.9243601e-06,-6.8202601,3.4797893e-05
0.8745,9.2988165e-05,0.042221756,2.9166819e-05,7.3917703e-06,-6.8202611,3.4662619e-05
0.875,9.8111877e-05,0.041902727,3.077093e-05,7.7989412e-06,-6.8202621,3.4523834e-05
0.8755,0.00010238293,0.041578087,3.2107495e-05,8.1383294e-06,-6.8202631,3.4382221e-05
0.876,0.00010572375,0.041249498,3.3152245e-05,8.4037707e-06,-6.8202641,3.4238471e-05
0.8765,0.00010807539,0.040918611,3.388675e-05,8.5905813e-06,-6.820265,3.4093283e-05
0.877,0.00010939842,0.040587062,3.4298705e-05,8.6956298e-06,-6.820266,3.394736e-05
0.8775,0.00010967347,0.040256458,3.4382093e-05,8.7173787e-06,-6.820267,3.3801401e-05
0.878,0.00010890136,0.039928377,3.4137225e-05,8.6558953e-06,-6.820268,3.3656103e-05
0.8785,0.00010710285,0.039604353,3.3570663e-05,8.5128316e-06,-6.820269,3.3512157e-05
0.879,0.00010431801,0.039285875,3.2695021e-05,8.2913746e-06,-6.82027,3.3370241e-05
0.8795,0.00010060523,0.038974379,3.1528656e-05,7.9961682e-06,-6.8202709,3.323102e-05
0.88,9.6039927e-05,0.03867124,3.0095249e-05,7.6332075e-06,-6.8202718,3.3095144e-05
0.8805,9.0712873e-05,0.038377773,2.84233e-05,7.2097096e-06,-6.8202728,3.2963241e-05
0.881,8.4728316e-05,0.038095224,2.6545523e-05,6.733962e-06,-6.8202737,3.2835918e-05
0.8815,7.8201835e-05,0.037824768,2.4498179e-05,6.2151525e-06,-6.8202745,3.2713756e-05
0.882,7.125801e-05,0.037567506,2.2320345e-05,5.6631843e-06,-6.8202754,3.2597308e-05
0.8825,6.4027949e-05,0.037324463,2.0053136e-05,5.0884789e-06,-6.8202762,3.2487096e-05
0.883,5.6646719e-05,0.037096586,1.7738903e-05,4.5017726e-06,-6.820277,3.238361e-05
0.8835,4.9250733e-05,0.036884742,1.5420411e-05,3.913908e-06,-6.8202778,3.2287306e-05
0.884,4.1975137e-05,0.036689716,1.3140019e-05,3.335627e-06,-6.8202786,3.21986e-05
0.8845,3.4951257e-05,0.03651221,1.0938884e-05,2.7773675e-06,-6.8202793,3.2117872e-05
0.885,2.8304144e-05,0.036352848,8.8561901e-06,2.2490683e-06,-6.82028,3.2045461e-05
0.8855,2.215027e-05,0.036212167,6.9284232e-06,1.7599862e-06,-6.8202807,3.1981664e-05
0.886,1.659541e-05,0.036090623,5.1887128e-06,1.3185274e-06,-6.8202814,3.1926736e-05
0.8865,1.1732756e-05,0.035988589,3.6662383e-06,9.3209796e-07,-6.8202821,3.1880887e-05
0.887,7.641291e-06,0.035906358,2.3857205e-06,6.0697402e-07,-6.8202827,3.1844285e-05
0.8875,4.3844477e-06,0.035844139,1.3670027e-06,3.4819591e-07,-6.8202833,3.1817048e-05
0.888,2.0090856e-06,0.035802061,6.2473022e-07,1.594864e-07,-6.820284,3.1799254e-05
0.8885,5.4479029e-07,0.035780173,1.6813152e-07,4.3195186e-08,-6.8202846,3.1790933e-05
0.889,3.5102875e-09,0.035778443,9.0566914e-10,2.7011019e-10,-6.8202852,3.1792068e-05
0.8895,3.7953434e-07,0.035796761,1.212158e-07,3.0255318e-08,-6.8202858,3.1802601e-05
0.89,1.6498041e-06,0.035834939,5.2178804e-07,1.3131618e-07,-6.8202864,3.1822426e-05
0.8905,3.7745532e-06,0.03589271,1.1901127e-06,3.0029014e-07,-6.820287,3.1851395e-05
0.891,6.698257e-06,0.035969734,2.1087429e-06,5.3276219e-07,-6.8202876,3.1889317e-05
0.8915,1.035087e-05,0.03606559,3.2556828e-06,8.2316333e-07,-6.8202882,3.1935959e-05
0.892,1.4649328e-05,0.036179789,4.6048595e-06,1.1648898e-06,-6.8202888,3.1991047e-05
0.8925,1.9499274e-05,0.036311763,6.1266648e-06,1.5504408e-06,-6.8202895,3.205427e-05
0.893,2.4796987e-05,0.036460875,7.7885602e-06,1.971571e-06,-6.8202901,3.2125279e-05
0.8935,3.0431463e-05,0.036626418,9.5557286e-06,2.4194566e-06,-6.8202908,3.220369e-05
0.894,3.6286606e-05,0.036807615,1.1391763e-05,2.8848695e-06,-6.8202914,3.2289086e-05
0.8945,4.2243497e-05,0.037003623,1.3259379e-05,3.3583572e-06,-6.8202921,3.2381019e-05
0.895,4.818269e-05,0.037213532,1.5121129e-05,3.8304256e-06,-6.8202928,3.2479012e-05
0.8955,5.3986486e-05,0.037436374,1.6940123e-05,4.2917197e-06,-6.8202935,3.2582562e-05
0.896,5.9541152e-05,0.037671118,1.8680718e-05,4.7332001e-06,-6.8202942,3.2691142e-05
0.8965,6.4739037e-05,0.03791668,2.0309183e-05,5.146311e-06,-6.8202949,3.2804206e-05
0.897,6.9480551e-05,0.038171921,2.179432e-05,5.5231374e-06,-6.8202957,3.2921188e-05
0.8975,7.3675964e-05,0.038435654,2.3108027e-05,5.8565481e-06,-6.8202964,3.3041506e-05
0.898,7.7246996e-05,0.038706649,2.4225795e-05,6.1403225e-06,-6.8202972,3.3164567e-05
0.8985,8.0128176e-05,0.038983635,2.5127133e-05,6.3692579e-06,-6.8202979,3.3289767e-05
0.899,8.2267936e-05,0.039265308,2.5795914e-05,6.5392572e-06,-6.8202987,3.3416497e-05
0.8995,8.3629434e-05,0.039550334,2.6220626e-05,6.6473932e-06,-6.8202995,3.3544142e-05
0.9,8.419108e-05,0.039837357,2.6394543e-05,6.6919518e-06,-6.8203002,3.3672088e-05
0.9005,8.3946773e-05,0.040125004,2.6315794e-05,6.6724493e-06,-6.820301,3.3799722e-05
0.901,8.2905834e-05,0.040411893,2.5987342e-05,6.5896284e-06,-6.8203017,3.3926437e-05
0.9015,8.1092655e-05,0.040696638,2.5416873e-05,6.4454293e-06,-6.8203025,3.4051633e-05
0.902,7.8546056e-05,0.040977857,2.4616597e-05,6.2429391e-06,-6.8203032,3.4174721e-05
0.9025,7.5318382e-05,0.041254181,2.3602958e-05,5.9863197e-06,-6.8203039,3.4295126e-05
0.903,7.1474351e-05,0.041524258,2.2396278e-05,5.6807164e-06,-6.8203046,3.4412289e-05
0.9035,6.7089677e-05,0.041786764,2.1020321e-05,5.3321485e-06,-6.8203053,3.4525668e-05
0.904,6.2249508e-05,0.042040408,1.9501806e-05,4.9473847e-06,-6.820306,3.4634745e-05
0.9045,5.7046692e-05,0.042283944,1.7869859e-05,4.5338058e-06,-6.8203067,3.4739024e-05
0.905,5.1579927e-05,0.042516171,1.6155436e-05,4.0992572e-06,-6.8203073,3.4838034e-05
0.9055,4.595181e-05,0.042735948,1.4390709e-05,3.6518943e-06,-6.820308,3.4931334e-05
0.906,4.0266848e-05,0.042942195,1.2608445e-05,3.2000239e-06,-6.8203086,3.5018511e-05
0.9065,3.4629443e-05,0.043133905,1.0841371e-05,2.7519442e-06,-6.8203092,3.5099184e-05
0.907,2.914191e-05,0.043310146,9.1215549e-06,2.3157874e-06,-6.8203097,3.5173007e-05
0.9075,2.3902554e-05,0.043470068,7.4798022e-06,1.8993671e-06,-6.8203103,3.5239666e-05
0.908,1.900385e-05,0.043612912,5.9450854e-06,1.5100326e-06,-6.8203108,3.5298884e-05
0.9085,1.4530746e-05,0.043738007,4.5440138e-06,1.1545355e-06,-6.8203114,3.5350423e-05
0.909,1.0559141e-05,0.043844783,3.3003549e-06,8.3890753e-07,-6.8203119,3.539408e-05
0.9095,7.1545411e-06,0.043932768,2.2346152e-06,5.6835444e-07,-6.8203124,3.5429693e-05
0.91,4.3709381e-06,0.044001596,1.363688e-06,3.4716648e-07,-6.8203129,3.5457138e-05
0.9105,2.2499125e-06,0.044051002,7.0057419e-07,1.7864741e-07,-6.8203133,3.5476333e-05
0.911,8.1998794e-07,0.044080831,2.5417956e-07,6.5063112e-08,-6.8203138,3.5487233e-05
0.9115,9.623966e-08,0.044091035,2.9193207e-08,7.6104437e-09,-6.8203143,3.5489834e-05
0.912,8.016311e-08,0.044081672,2.604701e-08,6.4068787e-09,-6.8203147,3.5484172e-05
0.9125,7.5980264e-07,0.044052906,2.4095668e-07,6.050074e-08,-6.8203152,3.5470322e-05
0.913,2.1101344e-06,0.044005007,6.660425e-07,1.6790166e-07,-6.8203157,3.5448398e-05
0.9135,4.0936933e-06,0.043938344,1.2895266e-06,3.2563046e-07,-6.8203161,3.5418551e-05
0.914,6.6614295e-06,0.043853389,2.0960018e-06,5.297872e-07,-6.8203166,3.538097e-05
0.9145,9.7537748e-06,0.043750705,3.0667669e-06,7.7563603e-07,-6.8203171,3.5335879e-05
0.915,1.3301897e-05,0.043630949,4.1802203e-06,1.0577049e-06,-6.8203176,3.5283537e-05
0.9155,1.7229118e-05,0.043494861,5.4123041e-06,1.3698981e-06,-6.820318,3.5224236e-05
0.916,2.1452458e-05,0.043343263,6.7369902e-06,1.7056195e-06,-6.8203185,3.51583e-05
0.9165,2.5884291e-05,0.04317705,8.1267981e-06,2.0579036e-06,-6.820319,3.5086081e-05
0.917,3.0434064e-05,0.042997187,9.5533339e-06,2.4195524e-06,-6.8203196,3.5007962e-05
0.9175,3.5010048e-05,0.042804698,1.0987841e-05,2.783275e-06,-6.8203201,3.4924349e-05
0.918,3.9521104e-05,0.042600662,1.2401752e-05,3.141827e-06,-6.8203206,3.4835673e-05
0.9185,4.3878403e-05,0.042386206,1.3767227e-05,3.4881481e-06,-6.8203212,3.4742388e-05
0.919,4.799709e-05,0.042162495,1.5057678e-05,3.8154941e-06,-6.8203217,3.4644965e-05
0.9195,5.1797852e-05,0.041930728,1.6248257e-05,4.1175615e-06,-6.8203223,3.4543893e-05
0.92,5.5208361e-05,0.04169213,1.7316312e-05,4.3886019e-06,-6.8203229,3.4439677e-05
0.9205,5.8164571e-05,0.041447941,1.8241787e-05,4.6235257e-06,-6.8203234,3.4332831e-05
0.921,6.0611837e-05,0.041199415,1.9007577e-05,4.8179904e-06,-6.820324,3.4223882e-05
0.9215,6.2505847e-05,0.040947808,1.959982e-05,4.9684749e-06,-6.8203246,3.4113361e-05
0.922,6.3813344e-05,0.040694372,2.000812e-05,5.072337e-06,-6.8203252,3.4001806e-05
0.9225,6.451263e-05,0.040440352,2.0225706e-05,5.1278534e-06,-6.8203258,3.3889755e-05
0.923,6.4593847e-05,0.040186976,2.024952e-05,5.1342417e-06,-6.8203264,3.3777746e-05
0.9235,6.4059023e-05,0.039935449,2.0080227e-05,5.0916647e-06,-6.8203269,3.3666312e-05
0.924,6.2921902e-05,0.03968695,1.9722168e-05,5.0012157e-06,-6.8203275,3.3555984e-05
0.9245,6.1207541e-05,0.039442627,1.9183227e-05,4.8648879e-06,-6.8203281,3.3447281e-05
0.925,5.8951704e-05,0.039203589,1.8474642e-05,4.685525e-06,-6.8203286,3.3340712e-05
0.9255,5.620006e-05,0.038970904,1.7610757e-05,4.4667582e-06,-6.8203292,3.3236774e-05
0.926,5.3007198e-05,0.038745595,1.6608706e-05,4.2129273e-06,-6.8203297,3.3135949e-05
0.9265,4.9435485e-05,0.038528635,1.5488061e-05,3.9289906e-06,-6.8203303,3.3038698e-05
0.927,4.5553791e-05,0.038320946,1.4270427e-05,3.6204227e-06,-6.8203308,3.2945466e-05
0.9275,4.1436103e-05,0.038123395,1.297901e-05,3.2931052e-06,-6.8203313,3.2856674e-05
0.928,3.716006e-05,0.037936791,1.1638159e-05,2.9532094e-06,-6.8203318,3.277272e-05
0.9285,3.2805434e-05,0.037761883,1.0272884e-05,2.6070761e-06,-6.8203322,3.2693978e-05
0.929,2.8452585e-05,0.03759936,8.9083791e-06,2.261093e-06,-6.8203327,3.2620792e-05
0.9295,2.418093e-05,0.037449848,7.5695363e-06,1.9215722e-06,-6.8203331,3.255348e-05
0.93,2.0067443e-05,0.037313909,6.2804784e-06,1.5946316e-06,-6.8203336,3.2492328e-05
0.9305,1.6185216e-05,0.03719204,5.0641082e-06,1.2860806e-06,-6.820334,3.2437594e-05
0.931,1.2602118e-05,0.037084673,3.9416872e-06,1.001313e-06,-6.8203344,3.2389501e-05
0.9315,9.379563e-06,0.036992175,2.9324499e-06,7.452095e-07,-6.8203348,3.234824e-05
0.932,6.5714154e-06,0.036914844,2.0532621e-06,5.2205074e-07,-6.8203352,3.2313969e-05
0.9325,4.2230552e-06,0.036852916,1.3183269e-06,3.3544273e-07,-6.8203356,3.2286809e-05
0.933,2.3706121e-06,0.036806557,7.3894577e-07,1.8825616e-07,-6.8203359,3.2266851e-05
0.9335,1.0403855e-06,0.036775869,3.2333701e-07,8.2580332e-08,-6.8203363,3.2254146e-05
0.934,2.4845803e-07,0.036760888,7.6515204e-08,1.9692438e-08,-6.8203367,3.2248714e-05
0.9345,5.0786044e-10,0.036761585,2.3285629e-10,4.2663086e-11,-6.820337,3.2250538e-05
0.935,2.9182126e-07,0.036777865,9.2984807e-08,2.3255201e-08,-6.8203374,3.2259568e-05
0.9355,1.1075023e-06,0.036809571,3.5007452e-07,8.8144948e-08,-6.8203377,3.2275718e-05
0.936,2.4228737e-06,0.036856482,7.637403e-07,1.9274941e-07,-6.8203381,3.229887e-05
0.9365,4.2040598e-06,0.036918314,1.3233384e-06,3.3437499e-07,-6.8203384,3.2328873e-05
0.937,6.4087363e-06,0.036994724,2.0155785e-06,5.096567e-07,-6.8203388,3.2365544e-05
0.9375,8.9870337e-06,0.037085307,2.8248076e-06,7.1462988e-07,-6.8203392,3.2408669e-05
0.938,1.1882572e-05,0.037189599,3.7333344e-06,9.4481256e-07,-6.8203395,3.2458004e-05
0.9385,1.5033609e-05,0.03730708,4.7217897e-06,1.1952966e-06,-6.8203399,3.2513279e-05
0.939,1.8374276e-05,0.037437175,5.7695139e-06,1.4608462e-06,-6.8203403,3.2574194e-05
0.9395,2.1835877e-05,0.037579253,6.8549649e-06,1.7360007e-06,-6.8203407,3.2640427e-05
0.94,2.5348231e-05,0.037732633,7.956138e-06,2.0151817e-06,-6.8203411,3.2711629e-05
0.9405,2.8841018e-05,0.037896585,9.0509896e-06,2.2928e-06,-6.8203415,3.2787433e-05
0.941,3.2245124e-05,0.038070329,1.0117857e-05,2.5633622e-06,-6.8203419,3.286745e-05
0.9415,3.5493938e-05,0.038253046,1.1135865e-05,2.8215741e-06,-6.8203423,3.2951274e-05
0.942,3.8524589e-05,0.038443869,1.2085316e-05,3.0624388e-06,-6.8203428,3.3038481e-05
0.9425,4.12791e-05,0.0386419,1.2948047e-05,3.2813487e-06,-6.8203432,3.3128637e-05
0.943,4.3705432e-05,0.0388462,1.3707763e-05,3.4741682e-06,-6.8203436,3.3221294e-05
0.9435,4.5758407e-05,0.039055804,1.4350318e-05,3.637307e-06,-6.8203441,3.3315995e-05
0.944,4.7400486e-05,0.039269717,1.4863967e-05,3.7677823e-06,-6.8203445,3.3412276e-05
0.9445,4.8602395e-05,0.039486924,1.5239553e-05,3.863268e-06,-6.820345,3.3509668e-05
0.945,4.9343585e-05,0.039706389,1.547066e-05,3.9221318e-06,-6.8203454,3.36077e-05
0.9455,4.9612523e-05,0.039927065,1.5553696e-05,3.9434579e-06,-6.8203459,3.3705901e-05
0.946,4.9406805e-05,0.040147896,1.5487932e-05,3.9270563e-06,-6.8203463,3.38038e-05
0.9465,4.8733099e-05,0.040367822,1.5275483e-05,3.8734579e-06,-6.8203468,3.3900932e-05
0.947,4.7606911e-05,0.040585784,1.4921232e-05,3.7838961e-06,-6.8203472,3.3996839e-05
0.9475,4.6052186e-05,0.040800733,1.443271e-05,3.660275e-06,-6.8203476,3.4091068e-05
0.948,4.410076e-05,0.041011631,1.3819917e-05,3.5051258e-06,-6.8203481,3.4183181e-05
0.9485,4.1791656e-05,0.041217457,1.3095106e-05,3.3215511e-06,-6.8203485,3.427275e-05
0.949,3.9170267e-05,0.041417216,1.2272523e-05,3.1131595e-06,-6.8203489,3.4359361e-05
0.9495,3.6287411e-05,0.041609942,1.1368113e-05,2.8839909e-06,-6.8203493,3.444262e-05
0.95,3.3198308e-05,0.041794701,1.0399197e-05,2.6384347e-06,-6.8203497,3.4522147e-05
0.9505,2.9961474e-05,0.041970603,9.3841295e-06,2.3811424e-06,-6.8203501,3.4597585e-05
0.951,2.6637574e-05,0.042136799,8.3419313e-06,2.1169361e-06,-6.8203504,3.4668597e-05
0.9515,2.3288241e-05,0.042292494,7.2919258e-06,1.8507147e-06,-6.8203508,3.4734871e-05
0.952,1.9974893e-05,0.042436943,6.2533655e-06,1.58736e-06,-6.8203511,3.4796116e-05
0.9525,1.6757567e-05,0.042569465,5.245067e-06,1.3316438e-06,-6.8203515,3.4852071e-05
0.953,1.3693794e-05,0.042689438,4.285058e-06,1.0881388e-06,-6.8203518,3.4902499e-05
0.9535,1.0837536e-05,0.042796308,3.3902443e-06,8.6113342e-07,-6.8203521,3.4947191e-05
0.954,8.2381959e-06,0.042889591,2.5761003e-06,6.5455417e-07,-6.8203524,3.4985966e-05
0.9545,5.9397347e-06,0.042968877,1.8563922e-06,4.7189464e-07,-6.8203527,3.5018675e-05
0.955,3.9798975e-06,0.043033828,1.2429353e-06,3.1615429e-07,-6.820353,3.5045196e-05
0.9555,2.3895671e-06,0.043084186,7.4539206e-07,1.8978712e-07,-6.8203533,3.5065439e-05
0.956,1.1922564e-06,0.043119768,3.7111352e-07,9.4661246e-08,-6.8203536,3.5079343e-05
0.9565,4.0374644e-07,0.043140473,1.2502586e-07,3.2030219e-08,-6.8203539,3.5086879e-05
0.957,3.1875778e-08,0.043146277,9.5649561e-09,2.5162451e-09,-6.8203541,3.5088047e-05
0.9575,7.6483154e-08,0.043137235,2.4658838e-08,6.105672e-09,-6.8203544,3.5082879e-05
0.958,5.2950316e-07,0.043113483,1.6775805e-07,4.2156603e-08,-6.8203547,3.5071437e-05
0.9585,1.375211e-06,0.043075231,4.3391278e-07,1.0941837e-07,-6.820355,3.5053811e-05
0.959,2.5906103e-06,0.043022764,8.1589478e-07,2.0606234e-07,-6.8203552,3.5030122e-05
0.9595,4.1459539e-06,0.042956442,1.3043611e-06,3.2972341e-07,-6.8203555,3.5000517e-05
0.96,6.0053887e-06,0.042876694,1.8880564e-06,4.7755115e-07,-6.8203558,3.4965173e-05
0.9605,8.1277068e-06,0.042784016,2.5540487e-06,6.4626965e-07,-6.8203561,3.4924291e-05
0.961,1.0467192e-05,0.042678968,3.2879951e-06,8.3224471e-07,-6.8203564,3.4878098e-05
0.9615,1.2974541e-05,0.042562168,4.0744308e-06,1.0315571e-06,-6.8203567,3.4826846e-05
0.962,1.5597842e-05,0.042434291,4.8970759e-06,1.2400804e-06,-6.820357,3.477081e-05
0.9625,1.8283593e-05,0.042296062,5.7391545e-06,1.4535618e-06,-6.8203573,3.4710283e-05
0.963,2.0977736e-05,0.042148252,6.5837194e-06,1.6677047e-06,-6.8203576,3.4645582e-05
0.9635,2.3626694e-05,0.041991675,7.4139767e-06,1.8782503e-06,-6.8203579,3.4577038e-05
0.964,2.617838e-05,0.041827177,8.2136028e-06,2.0810589e-06,-6.8203582,3.4505003e-05
0.9645,2.8583176e-05,0.041655639,8.9670498e-06,2.2721867e-06,-6.8203585,3.4429839e-05
0.965,3.079484e-05,0.041477965,9.6598318e-06,2.4479587e-06,-6.8203589,3.4351924e-05
0.9655,3.2771356e-05,0.041295079,1.0278788e-05,2.6050357e-06,-6.8203592,3.4271646e-05
0.966,3.4475675e-05,0.041107922,1.0812319e-05,2.7404734e-06,-6.8203596,3.4189402e-05
0.9665,3.5876368e-05,0.040917444,1.1250587e-05,2.8517743e-06,-6.8203599,3.4105595e-05
0.967,3.6948155e-05,0.040724598,1.1585684e-05,2.9369297e-06,-6.8203602,3.4020636e-05
0.9675,3.7672316e-05,0.040530338,1.1811758e-05,2.9944523e-06,-6.8203606,3.3934935e-05
0.968,3.8036973e-05,0.040335613,1.1925106e-05,3.0233986e-06,-6.8203609,3.3848908e-05
0.9685,3.8037231e-05,0.04014136,1.192421e-05,3.0233804e-06,-6.8203613,3.3762965e-05
0.969,3.7675196e-05,0.039948504,1.1809751e-05,2.9945658e-06,-6.8203616,3.3677518e-05
0.9695,3.695985e-05,0.03975795,1.1584561e-05,2.9376696e-06,-6.820362,3.3592971e-05
0.97,3.5906803e-05,0.03957058,1.1253553e-05,2.853933e-06,-6.8203623,3.3509722e-05
0.9705,3.4537919e-05,0.039387251,1.0823595e-05,2.7450946e-06,-6.8203626,3.3428161e-05
0.971,3.2880825e-05,0.039208788,1.0303365e-05,2.613351e-06,-6.8203629,3.3348669e-05
0.9715,3.0968322e-05,0.039035985,9.7031587e-06,2.4613099e-06,-6.8203633,3.3271612e-05
0.972,2.8837701e-05,0.038869598,9.0346771e-06,2.2919357e-06,-6.8203636,3.3197345e-05
0.9725,2.652998e-05,0.038710345,8.3107886e-06,2.1084892e-06,-6.8203639,3.3126205e-05
0.973,2.4089082e-05,0.038558902,7.5452698e-06,1.9144619e-06,-6.8203642,3.3058514e-05
0.9735,2.1560965e-05,0.038415903,6.7525331e-06,1.7135069e-06,-6.8203645,3.2994575e-05
0.974,1.8992727e-05,0.038281936,5.9473453e-06,1.509368e-06,-6.8203647,3.2934672e-05
0.9745,1.6431694e-05,0.038157541,5.1445425e-06,1.3058067e-06,-6.820365,3.2879067e-05
0.975,1.3924519e-05,0.038043211,4.3587476e-06,1.1065313e-06,-6.8203653,3.2828001e-05
0.9755,1.1516303e-05,0.037939389,3.6040942e-06,9.1512638e-07,-6.8203655,3.2781691e-05
0.976,9.2497526e-06,0.037846466,2.8939636e-06,7.3498619e-07,-6.8203658,3.2740331e-05
0.9765,7.1643985e-06,0.037764783,2.2407391e-06,5.6925249e-07,-6.820366,3.2704089e-05
0.977,5.2958793e-06,0.037694628,1.6555821e-06,4.2075754e-07,-6.8203662,3.2673108e-05
0.9775,3.6753083e-06,0.037636238,1.1482338e-06,2.9197392e-07,-6.8203665,3.2647507e-05
0.978,2.3287349e-06,0.037589796,7.2684641e-07,1.8497158e-07,-6.8203667,3.2627376e-05
0.9785,1.2767074e-06,0.037555432,3.9784659e-07,1.0138321e-07,-6.8203669,3.2612779e-05
0.979,5.3394581e-07,0.037533223,1.6583314e-07,4.2378208e-08,-6.8203671,3.2603753e-05
0.9795,1.0912955e-07,0.037523193,3.3510666e-08,8.6457922e-09,-6.8203673,3.2600311e-05
0.98,4.8021144e-09,0.037525316,1.6601011e-09,3.8747941e-10,-6.8203675,3.2602435e-05
0.9805,2.173937e-07,0.037539512,6.9146063e-08,1.7318872e-08,-6.8203677,3.2610083e-05
0.981,7.3735981e-07,0.037565649,2.3296063e-07,5.8680691e-08,-6.820368,3.2623186e-05
0.9815,1.5494318e-06,0.037603546,4.8830218e-07,1.2325871e-07,-6.8203682,3.2641651e-05
0.982,2.6329736e-06,0.037652972,8.2868749e-07,2.0941209e-07,-6.8203684,3.2665357e-05
0.9825,3.9624359e-06,0.037713646,1.2460944e-06,3.1510956e-07,-6.8203686,3.2694163e-05
0.983,5.5078992e-06,0.03778524,1.7311322e-06,4.3797251e-07,-6.8203688,3.2727899e-05
0.9835,7.235693e-06,0.03786738,2.2732362e-06,5.7532426e-07,-6.820369,3.2766377e-05
0.984,9.1090797e-06,0.037959647,2.8608817e-06,7.2424441e-07,-6.8203692,3.2809385e-05
0.9845,1.1088988e-05,0.038061578,3.4818149e-06,8.8162719e-07,-6.8203695,3.2856691e-05
0.985,1.3134785e-05,0.038172668,4.1232939e-06,1.0442427e-06,-6.8203697,3.2908046e-05
0.9855,1.5205064e-05,0.038292374,4.7723367e-06,1.2087996e-06,-6.8203699,3.296318e-05
0.986,1.7258441e-05,0.038420112,5.4159712e-06,1.3720088e-06,-6.8203702,3.3021808e-05
0.9865,1.9254345e-05,0.038555266,6.0414811e-06,1.5306453e-06,-6.8203704,3.308363e-05
0.987,2.1153776e-05,0.038697185,6.6366452e-06,1.6816097e-06,-6.8203707,3.3148332e-05
0.9875,2.2920032e-05,0.038845187,7.1899642e-06,1.8219847e-06,-6.8203709,3.3215588e-05
0.988,2.4519374e-05,0.038998564,7.6908703e-06,1.9490891e-06,-6.8203712,3.3285063e-05
0.9885,2.5921642e-05,0.039156583,8.1299182e-06,2.060526e-06,-6.8203715,3.3356413e-05
0.989,2.7100781e-05,0.039318487,8.4989513e-06,2.1542248e-06,-6.8203717,3.3429285e-05
0.9895,2.8035289e-05,0.039483502,8.7912416e-06,2.2284771e-06,-6.820372,3.3503324e-05
0.99,2.8708577e-05,0.039650841,9.0016016e-06,2.2819647e-06,-6.8203722,3.3578168e-05
0.9905,2.9109223e-05,0.039819702,9.1264651e-06,2.3137804e-06,-6.8203725,3.3653456e-05
0.991,2.9231133e-05,0.039989278,9.1639355e-06,2.3234403e-06,-6.8203728,3.3728825e-05
0.9915,2.9073593e-05,0.040158756,9.1138035e-06,2.3108883e-06,-6.820373,3.3803917e-05
0.992,2.8641221e-05,0.040327326,8.9775309e-06,2.276492e-06,-6.8203733,3.3878373e-05
0.9925,2.7943817e-05,0.040494178,8.7582036e-06,2.2210309e-06,-6.8203736,3.3951842e-05
0.993,2.6996117e-05,0.040658514,8.4604541e-06,2.1456769e-06,-6.8203738,3.402398e-05
0.9935,2.5817456e-05,0.040819545,8.0903556e-06,2.0519672e-06,-6.8203741,3.4094448e-05
0.994,2.4431346e-05,0.0409765,7.6552896e-06,1.9417711e-06,-6.8203743,3.4162922e-05
0.9945,2.2864982e-05,0.041128627,7.1637906e-06,1.8172505e-06,-6.8203745,3.4229085e-05
0.995,2.1148678e-05,0.041275201,6.6253703e-06,1.6808155e-06,-6.8203748,3.4292635e-05
0.9955,1.9315261e-05,0.041415521,6.0503253e-06,1.5350753e-06,-6.820375,3.4353284e-05
0.996,1.7399412e-05,0.04154892,5.4495325e-06,1.3827868e-06,-6.8203752,3.441076e-05
0.9965,1.5436989e-05,0.041674768,4.8342351e-06,1.2268002e-06,-6.8203754,3.4464805e-05
0.997,1.3464327e-05,0.041792472,4.215825e-06,1.0700037e-06,-6.8203757,3.4515183e-05
0.9975,1.1517545e-05,0.041901482,3.6056241e-06,9.1526817e-07,-6.8203759,3.4561674e-05
0.998,9.6318615e-06,0.042001293,3.0146699e-06,7.6539272e-07,-6.8203761,3.4604079e-05
0.9985,7.8409331e-06,0.042091449,2.4535088e-06,6.230524e-07,-6.8203763,3.4642218e-05
0.999,6.1762337e-06,0.042171543,1.9320013e-06,4.9074863e-07,-6.8203764,3.4675936e-05
0.9995,4.6664811e-06,0.042241223,1.4591424e-06,3.7076374e-07,-6.8203766,3.4705095e-05
1,3.3371227e-06,0.042300191,1.0429006e-06,2.6512003e-07,-6.8203768,3.4729585e-05
1.0005,2.2098895e-06,0.042348205,6.9007807e-07,1.7554437e-07,-6.820377,3.4749314e-05
1.001,1.3024254e-06,0.04238508,4.0619494e-07,1.0343873e-07,-6.8203771,3.4764216e-05
1.0015,6.2799942e-07,0.04241069,1.9539905e-07,4.9857334e-08,-6.8203773,3.4774249e-05
1.002,1.9530382e-07,0.042424968,6.0402984e-08,1.549057e-08,-6.8203775,3.4779392e-05
1.0025,8.3415334e-09,0.042427907,2.4490772e-09,6.5611402e-10,-6.8203776,3.477965e-05
1.003,6.6404499e-08,0.042419557,2.1302799e-08,5.2971844e-09,-6.8203778,3.4775049e-05
1.0035,3.6414152e-07,0.042400026,1.1527429e-07,2.8987953e-08,-6.8203779,3.476564e-05
1.004,8.9171376e-07,0.04236948,2.8126732e-07,7.0945912e-08,-6.8203781,3.4751496e-05
1.0045,1.6350337e-06,0.042328142,5.1485445e-07,1.3005088e-07,-6.8203783,3.4732711e-05
1.005,2.5760823e-06,0.042276286,8.1037661e-07,2.0487021e-07,-6.8203784,3.4709402e-05
1.0055,3.6932968e-06,0.042214241,1.161065e-06,2.9368963e-07,-6.8203786,3.4681707e-05
1.006,4.9620222e-06,0.042142384,1.5591825e-06,3.9454915e-07,-6.8203788,3.4649783e-05
1.0065,6.3550156e-06,0.042061141,1.9961822e-06,5.052831e-07,-6.8203789,3.4613807e-05
1.007,7.842994e-06,0.041970981,2.4628791e-06,6.2356375e-07,-6.8203791,3.4573975e-05
1.0075,9.3952152e-06,0.041872415,2.9496324e-06,7.4694742e-07,-6.8203793,3.4530498e-05
1.008,1.0980079e-05,0.041765993,3.4465339e-06,8.729223e-07,-6.8203795,3.4483607e-05
1.0085,1.2565738e-05,0.041652297,3.9435993e-06,9.9895701e-07,-6.8203796,3.4433543e-05
1.009,1.4120705e-05,0.041531944,4.4309596e-06,1.1225489e-06,-6.8203798,3.4380566e-05
1.0095,1.5614451e-05,0.041405575,4.8990467e-06,1.2412715e-06,-6.82038,3.4324944e-05
1.01,1.701797e-05,0.041273857,5.3387723e-06,1.3528193e-06,-6.8203802,3.4266958e-05
1.0105,1.8304316e-05,0.041137476,5.7416949e-06,1.455051e-06,-6.8203804,3.4206899e-05
1.011,1.9449091e-05,0.040997133,6.1001732e-06,1.5460274e-06,-6.8203806,3.4145066e-05
1.0115,2.0430878e-05,0.040853544,6.4075016e-06,1.6240467e-06,-6.8203808,3.4081764e-05
1.012,2.1231617e-05,0.04070743,6.6580273e-06,1.6876735e-06,-6.820381,3.4017304e-05
1.0125,2.1836906e-05,0.040559519,6.8472455e-06,1.7357637e-06,-6.8203812,3.3952e-05
1.013,2.2236233e-05,0.040410536,6.9718717e-06,1.7674821e-06,-6.8203814,3.3886169e-05
1.0135,2.2423133e-05,0.040261208,7.02989e-06,1.7823152e-06,-6.8203816,3.3820128e-05
1.014,2.2395263e-05,0.040112252,7.0205768e-06,1.7800772e-06,-6.8203818,3.3754194e-05
1.0145,2.2154398e-05,0.039964375,6.9444996e-06,1.7609097e-06,-6.820382,3.368868e-05
1.015,2.1706349e-05,0.039818274,6.8034912e-06,1.7252749e-06,-6.8203822,3.3623898e-05
1.0155,2.1060809e-05,0.039674625,6.6006001e-06,1.6739438e-06,-6.8203824,3.3560152e-05
1.016,2.023112e-05,0.039534089,6.3400187e-06,1.6079772e-06,-6.8203826,3.349774e-05
1.0165,1.923398e-05,0.039397303,6.0269901e-06,1.5287026e-06,-6.8203828,3.3436953e-05
1.017,1.8089083e-05,0.03926488,5.6676962e-06,1.4376857e-06,-6.820383,3.3378071e-05
1.0175,1.6818713e-05,0.039137405,5.2691294e-06,1.3366981e-06,-6.8203832,3.3321364e-05
1.018,1.544729e-05,0.039015434,4.8389504e-06,1.2276809e-06,-6.8203834,3.3267091e-05
1.0185,1.4000878e-05,0.038899494,4.3853341e-06,1.1127061e-06,-6.8203835,3.3215497e-05
1.019,1.2506674e-05,0.038790075,3.9168089e-06,9.9393537e-07,-6.8203837,3.3166811e-05
1.0195,1.0992474e-05,0.038687637,3.4420901e-06,8.7357829e-07,-6.8203839,3.312125e-05
1.02,9.4861421e-06,0.038592598,2.9699121e-06,7.5384945e-07,-6.820384,3.3079014e-05
1.0205,8.0150738e-06,0.038505345,2.5088618e-06,6.3692643e-07,-6.8203842,3.3040283e-05
1.021,6.6056855e-06,0.038426221,2.0672174e-06,5.2490879e-07,-6.8203843,3.3005224e-05
1.0215,5.282921e-06,0.038355532,1.652794e-06,4.1977901e-07,-6.8203845,3.2973982e-05
1.022,4.0697949e-06,0.038293544,1.2728011e-06,3.2336618e-07,-6.8203846,3.2946684e-05
1.0225,2.9869768e-06,0.038240481,9.3371183e-07,2.3731298e-07,-6.8203847,3.2923437e-05
1.023,2.0524258e-06,0.038196526,6.4114852e-07,1.6304657e-07,-6.8203849,3.2904329e-05
1.0235,1.2810799e-06,0.03816182,3.9978586e-07,1.0175398e-07,-6.820385,3.2889427e-05
1.024,6.8460728e-07,0.038136462,2.1327271e-07,5.4362293e-08,-6.8203851,3.2878778e-05
1.0245,2.7122182e-07,0.038120511,8.4174686e-08,2.1524025e-08,-6.8203853,3.2872408e-05
1.025,4.5567079e-08,0.038113981,1.3937884e-08,3.6078869e-09,-6.8203854,3.2870323e-05
1.0255,8.6692441e-09,0.038116847,2.874304e-09,6.9506227e-10,-6.8203855,3.2872507e-05
1.026,1.5795943e-07,0.038129042,5.0169054e-08,1.2580985e-08,-6.8203856,3.2878926e-05
1.0265,4.8736412e-07,0.038150457,1.5390887e-07,3.8782533e-08,-6.8203858,3.2889524e-05
1.027,9.874612e-07,0.038180945,3.1113122e-07,7.8550444e-08,-6.8203859,3.2904226e-05
1.0275,1.6456978e-06,0.038220319,5.1789275e-07,1.3088663e-07,-6.820386,3.2922939e-05
1.028,2.4466655e-06,0.038268351,7.6935563e-07,1.9456605e-07,-6.8203861,3.294555e-05
1.0285,3.3724257e-06,0.03832478,1.0598899e-06,2.6816262e-07,-6.8203863,3.2971927e-05
1.029,4.4028809e-06,0.038389306,1.3831897e-06,3.5007865e-07,-6.8203864,3.3001924e-05
1.0295,5.5161811e-06,0.038461593,1.7324009e-06,4.3857724e-07,-6.8203865,3.3035377e-05
1.03,6.6891599e-06,0.038541273,2.100258e-06,5.3181688e-07,-6.8203867,3.3072105e-05
1.0305,7.8977903e-06,0.038627946,2.4792268e-06,6.278877e-07,-6.8203868,3.3111913e-05
1.031,9.1176513e-06,0.03872118,2.8616509e-06,7.2484858e-07,-6.8203869,3.3154596e-05
1.0315,1.0324397e-05,0.038820516,3.2398988e-06,8.2076441e-07,-6.8203871,3.319993e-05
1.032,1.1494219e-05,0.038925466,3.6065084e-06,9.1374284e-07,-6.8203872,3.3247686e-05
1.0325,1.2604292e-05,0.039035518,3.9543272e-06,1.0019697e-06,-6.8203874,3.3297621e-05
1.033,1.3633197e-05,0.03915014,4.2766449e-06,1.0837428e-06,-6.8203875,3.3349483e-05
1.0335,1.4561312e-05,0.039268776,4.5673153e-06,1.1575025e-06,-6.8203877,3.3403015e-05
1.034,1.5371166e-05,0.039390854,4.8208672e-06,1.2218605e-06,-6.8203878,3.345795e-05
1.0345,1.6047745e-05,0.039515786,5.0326003e-06,1.2756236e-06,-6.820388,3.3514019e-05
1.035,1.6578745e-05,0.039642971,5.1986658e-06,1.3178142e-06,-6.8203881,3.3570947e-05
1.0355,1.6954785e-05,0.039771799,5.3161297e-06,1.3476868e-06,-6.8203883,3.3628458e-05
1.036,1.7169538e-05,0.039901651,5.3830179e-06,1.3647391e-06,-6.8203884,3.3686273e-05
1.0365,1.721983e-05,0.040031907,5.3983427e-06,1.3687189e-06,-6.8203886,3.3744114e-05
1.037,1.710565e-05,0.040161942,5.3621101e-06,1.3596258e-06,-6.8203888,3.3801707e-05
1.0375,1.6830126e-05,0.040291134,5.2753085e-06,1.3377087e-06,-6.8203889,3.3858776e-05
1.038,1.6399421e-05,0.040418867,5.1398778e-06,1.3034578e-06,-6.8203891,3.3915053e-05
1.0385,1.5822582e-05,0.04054453,4.9586622e-06,1.2575926e-06,-6.8203892,3.3970273e-05
1.039,1.5111339e-05,0.040667525,4.7353453e-06,1.2010456e-06,-6.8203894,3.4024179e-05
1.0395,1.4279844e-05,0.040787268,4.4743704e-06,1.1349419e-06,-6.8203895,3.4076522e-05
1.04,1.334438e-05,0.04090319,4.1808471e-06,1.0605761e-06,-6.8203896,3.412706e-05
1.0405,1.2323022e-05,0.041014742,3.8604466e-06,9.793851e-07,-6.8203898,3.4175563e-05
1.041,1.1235276e-05,0.041121399,3.5192872e-06,8.9291935e-07,-6.8203899,3.4221812e-05
1.0415,1.010169e-05,0.04122266,3.1638128e-06,8.028122e-07,-6.82039,3.4265597e-05
1.042,8.9434503e-06,0.041318053,2.8006666e-06,7.1074772e-07,-6.8203902,3.4306725e-05
1.0425,7.7819717e-06,0.041407135,2.4365623e-06,6.1842811e-07,-6.8203903,3.4345015e-05
1.043,6.6384889e-06,0.041489497,2.0781559e-06,5.2754116e-07,-6.8203904,3.43803e-05
1.0435,5.5336533e-06,0.041564764,1.7319195e-06,4.3972825e-07,-6.8203905,3.441243e-05
1.044,4.4871475e-06,0.041632599,1.4040205e-06,3.5655374e-07,-6.8203906,3.4441269e-05
1.0445,3.517322e-06,0.041692702,1.100208e-06,2.7947607e-07,-6.8203907,3.4466699e-05
1.045,2.6408619e-06,0.041744815,8.2570766e-07,2.0982125e-07,-6.8203909,3.4488618e-05
1.0455,1.8724887e-06,0.04178872,5.851292e-07,1.4875921e-07,-6.820391,3.4506942e-05
1.046,1.2247031e-06,0.041824242,3.823853e-07,9.7283305e-08,-6.8203911,3.4521605e-05
1.0465,7.075727e-07,0.04185125,2.2062547e-07,5.6193503e-08,-6.8203912,3.4532557e-05
1.047,3.2856915e-07,0.041869655,1.0218491e-07,2.6083396e-08,-6.8203913,3.4539768e-05
1.0475,9.2455708e-08,0.041879414,2.8549576e-08,7.331301e-09,-6.8203914,3.4543225e-05
1.048,1.2281578e-09,0.041880529,3.3771353e-10,9.5553999e-11,-6.8203914,3.4542934e-05
1.0485,5.4108803e-08,0.041873042,1.7298129e-08,4.3140437e-09,-6.8203915,3.4538917e-05
1.049,2.4759335e-07,0.041857042,7.8325035e-08,1.9707943e-08,-6.8203916,3.4531216e-05
1.0495,5.7554907e-07,0.041832661,1.8148896e-07,4.5789516e-08,-6.8203917,3.4519888e-05
1.05,1.0293619e-06,0.041800069,3.2408297e-07,8.1873812e-08,-6.8203918,3.4505009e-05
1.0505,1.5981287e-06,0.041759481,5.0268312e-07,1.2709397e-07,-6.8203919,3.4486671e-05
1.051,2.2688914e-06,0.041711147,7.1322188e-07,1.804198e-07,-6.820392,3.4464981e-05
1.0515,3.0269071e-06,0.041655357,9.5107291e-07,2.4067929e-07,-6.8203921,3.4440061e-05
1.052,3.8559487e-06,0.041592436,1.2111455e-06,3.0658248e-07,-6.8203922,3.441205e-05
1.0525,4.7386313e-06,0.041522742,1.4879868e-06,3.7674742e-07,-6.8203923,3.43811e-05
1.053,5.6567554e-06,0.041446662,1.7758895e-06,4.4972746e-07,-6.8203924,3.4347375e-05
1.0535,6.591663e-06,0.041364617,2.0690037e-06,5.2403955e-07,-6.8203925,3.4311052e-05
1.054,7.5245977e-06,0.041277049,2.3614493e-06,5.981928e-07,-6.8203926,3.427232e-05
1.0545,8.4370618e-06,0.041184426,2.6474285e-06,6.7071701e-07,-6.8203928,3.4231377e-05
1.055,9.311166e-06,0.041087237,2.921335e-06,7.401903e-07,-6.8203929,3.4188433e-05
1.0555,1.0129962e-05,0.040985989,3.1778584e-06,8.0526565e-07,-6.820393,3.4143703e-05
1.056,1.0877753e-05,0.040881205,3.4120818e-06,8.646956e-07,-6.8203931,3.4097411e-05
1.0565,1.154038e-05,0.040773418,3.6195706e-06,9.1735485e-07,-6.8203932,3.4049788e-05
1.057,1.2105472e-05,0.040663172,3.7964512e-06,9.6226024e-07,-6.8203933,3.4001069e-05
1.0575,1.2562658e-05,0.04055102,3.9394786e-06,9.9858779e-07,-6.8203934,3.3951492e-05
1.058,1.2903747e-05,0.040437515,4.0460903e-06,1.0256865e-06,-6.8203936,3.3901299e-05
1.0585,1.3122851e-05,0.040323214,4.1144472e-06,1.0430888e-06,-6.8203937,3.3850733e-05
1.059,1.3216477e-05,0.04020867,4.1434606e-06,1.0505172e-06,-6.8203938,3.3800038e-05
1.0595,1.3183563e-05,0.040094433,4.1328038e-06,1.0478876e-06,-6.8203939,3.3749457e-05
1.06,1.3025468e-05,0.039981046,4.0829096e-06,1.0353082e-06,-6.820394,3.369923e-05
1.0605,1.2745922e-05,0.039869043,3.9949532e-06,1.0130757e-06,-6.8203942,3.3649595e-05
1.061,1.2350923e-05,0.039758944,3.8708216e-06,9.8166729e-07,-6.8203943,3.3600786e-05
1.0615,1.1848603e-05,0.039651256,3.7130689e-06,9.4172933e-07,-6.8203944,3.355303e-05
1.062,1.1249041e-05,0.03954647,3.5248605e-06,8.9406333e-07,-6.8203945,3.350655e-05
1.0625,1.0564056e-05,0.039445059,3.3099055e-06,8.3960878e-07,-6.8203946,3.3461561e-05
1.063,9.8069574e-06,0.039347475,3.0723801e-06,7.7942371e-07,-6.8203947,3.3418267e-05
1.0635,8.992275e-06,0.039254146,2.8168425e-06,7.1466322e-07,-6.8203948,3.3376867e-05
1.064,8.1354709e-06,0.039165479,2.5481421e-06,6.4655636e-07,-6.8203949,3.3337546e-05
1.0645,7.2526327e-06,0.039081855,2.2713238e-06,5.7638192e-07,-6.820395,3.330048e-05
1.065,6.3601612e-06,0.039003628,1.9915294e-06,5.0544353e-07,-6.8203951,3.3265834e-05
1.0655,5.4744543e-06,0.038931123,1.7138993e-06,4.3504455e-07,-6.8203952,3.3233758e-05
1.066,4.6115954e-06,0.038864637,1.4434746e-06,3.6646334e-07,-6.8203953,3.3204391e-05
1.0665,3.7870514e-06,0.038804439,1.1851019e-06,3.0092919e-07,-6.8203954,3.3177857e-05
1.067,3.0153852e-06,0.038750764,9.4334405e-07,2.3959954e-07,-6.8203955,3.3154266e-05
1.0675,2.3099897e-06,0.038703816,7.223962e-07,1.8353878e-07,-6.8203956,3.3133715e-05
1.068,1.6828463e-06,0.038663769,5.2601047e-07,1.3369909e-07,-6.8203956,3.3116283e-05
1.0685,1.1443135e-06,0.038630764,3.5742964e-07,9.090363e-08,-6.8203957,3.3102035e-05
1.069,7.0294856e-07,0.038604907,2.1933143e-07,5.5832394e-08,-6.8203958,3.3091021e-05
1.0695,3.6536591e-07,0.038586274,1.1378406e-07,2.9010904e-08,-6.8203959,3.3083275e-05
1.07,1.3613347e-07,0.038574907,4.2214004e-08,1.0802024e-08,-6.8203959,3.3078815e-05
1.0705,1.7709644e-08,0.038570813,5.3862757e-09,1.4009346e-09,-6.820396,3.3077644e-05
1.071,1.0420912e-08,0.038573971,3.3975188e-09,8.3336015e-10,-6.8203961,3.3079746e-05
1.0715,1.124803e-07,0.038584322,3.5681912e-08,8.9570409e-09,-6.8203962,3.3085095e-05
1.072,3.200458e-07,0.038601779,1.0102959e-07,2.546638e-08,-6.8203962,3.3093644e-05
1.0725,6.273172e-07,0.038626222,1.9761708e-07,4.9900145e-08,-6.8203963,3.3105335e-05
1.073,1.026669e-06,0.038657501,3.2304912e-07,8.1652038e-08,-6.8203964,3.3120094e-05
1.0735,1.5088166e-06,0.038695435,4.7441077e-07,1.199839e-07,-6.8203965,3.3137833e-05
1.074,2.063012e-06,0.038739813,6.4832888e-07,1.6404129e-07,-6.8203965,3.3158449e-05
1.0745,2.677265e-06,0.038790398,8.4104153e-07,2.1287104e-07,-6.8203966,3.3181828e-05
1.075,3.3385859e-06,0.038846924,1.0484741e-06,2.6544056e-07,-6.8203967,3.3207841e-05
1.0755,4.0332437e-06,0.0389091,1.2663202e-06,3.2065838e-07,-6.8203968,3.3236349e-05
1.076,4.747036e-06,0.038976609,1.4901265e-06,3.7739559e-07,-6.8203968,3.3267203e-05
1.0765,5.4655643e-06,0.039049112,1.715379e-06,4.3450771e-07,-6.8203969,3.330024e-05
1.077,6.1745104e-06,0.039126247,1.9375895e-06,4.9085668e-07,-6.820397,3.333529e-05
1.0775,6.8599075e-06,0.039207633,2.1523806e-06,5.453324e-07,-6.8203971,3.3372175e-05
1.078,7.5084018e-06,0.039292869,2.3555678e-06,5.968735e-07,-6.8203972,3.3410708e-05
1.0785,8.107499e-06,0.039381539,2.543237e-06,6.44487e-07,-6.8203973,3.3450695e-05
1.079,8.6457927e-06,0.039473209,2.7118152e-06,6.8726637e-07,-6.8203974,3.3491937e-05
1.0795,9.1131677e-06,0.039567436,2.8581353e-06,7.2440775e-07,-6.8203975,3.353423e-05
1.08,9.5009784e-06,0.039663763,2.9794907e-06,7.552241e-07,-6.8203975,3.3577365e-05
1.0805,9.8021952e-06,0.039761725,3.0736824e-06,7.7915687e-07,-6.8203976,3.3621132e-05
1.081,1.001152e-05,0.03986085,3.1390543e-06,7.9578514e-07,-6.8203977,3.3665319e-05
1.0815,1.0125468e-05,0.039960663,3.1745183e-06,8.0483203e-07,-6.8203978,3.3709711e-05
1.082,1.014241e-05,0.040060684,3.1795691e-06,8.0616831e-07,-6.8203979,3.3754096e-05
1.0825,1.0062584e-05,0.040160436,3.1542863e-06,7.9981313e-07,-6.820398,3.3798263e-05
1.083,9.8880702e-06,0.040259441,3.0993267e-06,7.8593194e-07,-6.8203981,3.3842e-05
1.0835,9.6227269e-06,0.040357228,3.0159048e-06,7.6483167e-07,-6.8203982,3.3885103e-05
1.084,9.2720992e-06,0.040453333,2.9057631e-06,7.3695322e-07,-6.8203983,3.3927369e-05
1.0845,8.8432926e-06,0.0405473,2.7711334e-06,7.0286154e-07,-6.8203984,3.3968601e-05
1.085,8.3448205e-06,0.040638684,2.6146879e-06,6.6323345e-07,-6.8203984,3.4008608e-05
1.0855,7.7864256e-06,0.040727056,2.4394843e-06,6.1884347e-07,-6.8203985,3.4047207e-05
1.086,7.1788805e-06,0.040812,2.2489021e-06,5.7054797e-07,-6.8203986,3.4084221e-05
1.0865,6.5337708e-06,0.04089312,2.0465753e-06,5.1926792e-07,-6.8203987,3.4119483e-05
1.087,5.8632658e-06,0.040970039,1.8363202e-06,4.6597063e-07,-6.8203988,3.4152834e-05
1.0875,5.1798796e-06,0.041042403,1.6220607e-06,4.1165081e-07,-6.8203988,3.4184127e-05
1.088,4.4962296e-06,0.041109879,1.4077522e-06,3.5731137e-07,-6.8203989,3.4213224e-05
1.0885,3.8247954e-06,0.041172162,1.1973063e-06,3.0394422e-07,-6.820399,3.4239999e-05
1.089,3.1776824e-06,0.041228972,9.9451691e-07,2.5251151e-07,-6.820399,3.4264338e-05
1.0895,2.566397e-06,0.041280059,8.029893e-07,2.0392775e-07,-6.8203991,3.4286138e-05
1.09,2.0016337e-06,0.041325202,6.2607376e-07,1.5904289e-07,-6.8203992,3.4305311e-05
1.0905,1.4930815e-06,0.041364209,4.6680489e-07,1.1862697e-07,-6.8203992,3.4321779e-05
1.091,1.0492515e-06,0.041396921,3.2784753e-07,8.3356349e-08,-6.8203993,3.4335481e-05
1.0915,6.7732824e-07,0.041423211,2.1145031e-07,5.3801941e-08,-6.8203994,3.4346366e-05
1.092,3.8304866e-07,0.041442985,1.1940777e-07,3.0419592e-08,-6.8203994,3.4354399e-05
1.0925,1.7060973e-07,0.041456181,5.3031415e-08,1.354273e-08,-6.8203995,3.4359559e-05
1.093,4.2606356e-08,0.041462772,1.313042e-08,3.3774402e-09,-6.8203995,3.4361837e-05
1.0935,6.5215973e-13,0.041462763,2.0165168e-12,1.9803848e-14,-6.8203996,3.4361239e-05
1.094,4.2122473e-08,0.041456192,1.3431774e-08,3.3570296e-09,-6.8203996,3.4357785e-05
1.0945,1.6670106e-07,0.04144313,5.2703591e-08,1.3267809e-08,-6.8203997,3.4351508e-05
1.095,3.6992672e-07,0.041423681,1.1661912e-07,2.9429385e-08,-6.8203998,3.4342453e-05
1.0955,6.4654109e-07,0.041397978,2.0352613e-07,5.1423644e-08,-6.8203998,3.4330682e-05
1.096,9.8995386e-07,0.041366186,3.1135516e-07,7.8726621e-08,-6.8203999,3.4316265e-05
1.0965,1.3923836e-06,0.0413285,4.3766374e-07,1.1071968e-07,-6.8203999,3.4299286e-05
1.097,1.8450192e-06,0.041285142,5.7968711e-07,1.4670238e-07,-6.8204,3.4279842e-05
1.0975,2.3381998e-06,0.041236361,7.3439452e-07,1.8590674e-07,-6.8204,3.425804e-05
1.098,2.8616081e-06,0.04118243,8.9854999e-07,2.2751262e-07,-6.8204001,3.4233998e-05
1.0985,3.4044738e-06,0.041123647,1.0687761e-06,2.7066392e-07,-6.8204002,3.4207842e-05
1.099,3.9557844e-06,0.041060332,1.2416201e-06,3.1448527e-07,-6.8204002,3.4179711e-05
1.0995,4.5044967e-06,0.040992822,1.4136202e-06,3.5809892e-07,-6.8204003,3.414975e-05
1.1,5.0397474e-06,0.040921476,1.5813713e-06,4.0064143e-07,-6.8204004,3.4118113e-05
1.1005,5.5510578e-06,0.040846666,1.7415898e-06,4.4127994e-07,-6.8204004,3.4084961e-05
1.101,6.0285282e-06,0.040768779,1.8911739e-06,4.7922766e-07,-6.8204005,3.405046e-05
1.1015,6.4630199e-06,0.040688214,2.0272609e-06,5.1375828e-07,-6.8204006,3.4014783e-05
1.102,6.8463198e-06,0.040605379,2.1472785e-06,5.4421907e-07,-6.8204006,3.3978108e-05
1.1025,7.1712857e-06,0.040520689,2.2489909e-06,5.7004249e-07,-6.8204007,3.3940615e-05
1.103,7.4319705e-06,0.040434566,2.3305369e-06,5.9075593e-07,-6.8204008,3.3902487e-05
1.1035,7.6237205e-06,0.040347433,2.3904611e-06,6.0598965e-07,-6.8204008,3.3863912e-05
1.104,7.7432495e-06,0.040259716,2.427737e-06,6.1548259e-07,-6.8204009,3.3825074e-05
1.1045,7.7886852e-06,0.04017184,2.4417816e-06,6.1908609e-07,-6.820401,3.3786162e-05
1.105,7.7595887e-06,0.040084224,2.432461e-06,6.1676541e-07,-6.8204011,3.3747361e-05
1.1055,7.6569459e-06,0.039997286,2.4000881e-06,6.0859907e-07,-6.8204011,3.3708857e-05
1.106,7.4831322e-06,0.039911435,2.3454113e-06,5.9477602e-07,-6.8204012,3.367083e-05
1.1065,7.2418518e-06,0.03982707,2.2695952e-06,5.7559084e-07,-6.8204013,3.363346e-05
1.107,6.9380513e-06,0.039744581,2.1741938e-06,5.5143682e-07,-6.8204013,3.3596922e-05
1.1075,6.5778113e-06,0.039664345,2.0611162e-06,5.227974e-07,-6.8204014,3.3561384e-05
1.108,6.1682178e-06,0.039586727,1.9325865e-06,4.9023592e-07,-6.8204015,3.3527012e-05
1.1085,5.7172159e-06,0.039512072,1.7910975e-06,4.5438397e-07,-6.8204015,3.3493962e-05
1.109,5.2334485e-06,0.039440713,1.6393604e-06,4.159286e-07,-6.8204016,3.3462384e-05
1.1095,4.7260838e-06,0.039372962,1.4802506e-06,3.755986e-07,-6.8204016,3.343242e-05
1.11,4.2046351e-06,0.039309113,1.3167513e-06,3.3415016e-07,-6.8204017,3.3404205e-05
1.1105,3.6787758e-06,0.039249437,1.1518951e-06,2.9235218e-07,-6.8204018,3.3377862e-05
1.111,3.1581536e-06,0.039194186,9.8870645e-07,2.5097149e-07,-6.8204018,3.3353507e-05
1.1115,2.6522071e-06,0.03914359,8.3014345e-07,2.107583e-07,-6.8204019,3.3331244e-05
1.112,2.1699891e-06,0.039097853,6.7904291e-07,1.724321e-07,-6.8204019,3.3311167e-05
1.1125,1.7199984e-06,0.039057157,5.3806755e-07,1.3666838e-07,-6.820402,3.329336e-05
1.113,1.3100253e-06,0.039021659,4.0965748e-07,1.0408624e-07,-6.820402,3.3277895e-05
1.1135,9.4701067e-07,0.038991492,2.9598631e-07,7.5237301e-08,-6.8204021,3.3264831e-05
1.114,6.3692477e-07,0.038966762,1.9892291e-07,5.0595993e-08,-6.8204021,3.3254217e-05
1.1145,3.8466428e-07,0.03894755,1.1999943e-07,3.0551409e-08,-6.8204021,3.324609e-05
1.115,1.9397182e-07,0.038933913,6.0386003e-08,1.5400907e-08,-6.8204022,3.3240473e-05
1.1155,6.7378125e-08,0.03892588,2.0872713e-08,5.3455118e-09,-6.8204022,3.323738e-05
1.116,6.1679202e-09,0.038923455,1.8589606e-09,4.8720419e-10,-6.8204023,3.323681e-05
1.1165,1.0369882e-08,0.038926617,3.3503812e-09,8.2813068e-10,-6.8204023,3.3238751e-05
1.117,7.8770638e-08,0.038935318,2.4963295e-08,6.2717153e-09,-6.8204024,3.3243179e-05
1.1175,2.089522e-07,0.038949488,6.5936505e-08,1.6625638e-08,-6.8204024,3.325006e-05
1.118,3.9735189e-07,0.038969028,1.2515014e-07,3.1606601e-08,-6.8204024,3.3259345e-05
1.1185,6.3934329e-07,0.038993821,2.0115109e-07,5.0846765e-08,-6.8204025,3.3270977e-05
1.119,9.2933659e-07,0.03902372,2.9218452e-07,7.3901724e-08,-6.8204025,3.3284886e-05
1.1195,1.2608959e-06,0.03905856,3.9623068e-07,1.0025984e-07,-6.8204026,3.3300992e-05
1.12,1.6268717e-06,0.039098152,5.1104644e-07,1.2935276e-07,-6.8204026,3.3319207e-05
1.1205,2.0195446e-06,0.039142287,6.3421046e-07,1.6056686e-07,-6.8204027,3.3339431e-05
1.121,2.4307792e-06,0.039190736,7.6317137e-07,1.9325545e-07,-6.8204027,3.3361556e-05
1.1215,2.8521832e-06,0.03924325,8.9529772e-07,2.2675146e-07,-6.8204028,3.3385464e-05
1.122,3.2752702e-06,0.039299562,1.027929e-06,2.6038034e-07,-6.8204028,3.3411032e-05
1.1225,3.6916221e-06,0.039359391,1.1584265e-06,2.9347299e-07,-6.8204029,3.3438128e-05
1.123,4.0930485e-06,0.039422437,1.2842233e-06,3.2537843e-07,-6.8204029,3.3466614e-05
1.1235,4.4717395e-06,0.039488389,1.4028723e-06,3.5547594e-07,-6.820403,3.3496345e-05
1.124,4.8204099e-06,0.039556923,1.5120911e-06,3.8318651e-07,-6.820403,3.3527173e-05
1.1245,5.1324321e-06,0.039627701,1.6098039e-06,4.0798342e-07,-6.8204031,3.3558944e-05
1.125,5.4019537e-06,0.03970038,1.6941782e-06,4.294016e-07,-6.8204031,3.35915e-05
1.1255,5.6240006e-06,0.039774606,1.763657e-06,4.4704575e-07,-6.8204032,3.3624683e-05
1.126,5.7945609e-06,0.039850021,1.8169854e-06,4.6059711e-07,-6.8204032,3.3658329e-05
1.1265,5.9106503e-06,0.039926259,1.8532305e-06,4.6981858e-07,-6.8204033,3.3692275e-05
1.127,5.9703567e-06,0.040002955,1.8717959e-06,4.7455829e-07,-6.8204033,3.3726359e-05
1.1275,5.9728645e-06,0.040079741,1.8724287e-06,4.7475153e-07,-6.8204034,3.3760415e-05
1.128,5.9184571e-06,0.040156249,1.8552208e-06,4.7042094e-07,-6.8204034,3.3794282e-05
1.1285,5.8084987e-06,0.040232115,1.8206027e-06,4.6167508e-07,-6.8204035,3.38278e-05
1.129,5.6453964e-06,0.040306979,1.7693317e-06,4.4870536e-07,-6.8204036,3.386081e-05
1.1295,5.4325416e-06,0.040380485,1.7024736e-06,4.3178147e-07,-6.8204036,3.3893157e-05
1.13,5.1742345e-06,0.040452287,1.6213789e-06,4.1124531e-07,-6.8204037,3.3924691e-05
1.1305,4.8755921e-06,0.040522047,1.5276538e-06,3.8750365e-07,-6.8204037,3.3955267e-05
1.131,4.5424406e-06,0.040589438,1.4231264e-06,3.610197e-07,-6.8204038,3.3984743e-05
1.1315,4.1811971e-06,0.040654147,1.3098101e-06,3.3230356e-07,-6.8204038,3.4012986e-05
1.132,3.7987406e-06,0.040715873,1.1898624e-06,3.0190204e-07,-6.8204039,3.4039868e-05
1.1325,3.4022753e-06,0.040774332,1.0655426e-06,2.7038782e-07,-6.8204039,3.4065268e-05
1.133,2.9991907e-06,0.040829256,9.3916748e-07,2.3834825e-07,-6.8204039,3.4089073e-05
1.1335,2.5969181e-06,0.040880398,8.1306681e-07,2.0637401e-07,-6.820404,3.4111181e-05
1.134,2.2027893e-06,0.040927526,6.8953861e-07,1.7504785e-07,-6.820404,3.4131493e-05
1.1345,1.8238982e-06,0.040970434,5.7080599e-07,1.449336e-07,-6.8204041,3.4149925e-05
1.135,1.4669684e-06,0.041008933,4.5897568e-07,1.1656565e-07,-6.8204041,3.4166399e-05
1.1355,1.13823e-06,0.041042859,3.5599931e-07,9.043912e-08,-6.8204041,3.4180848e-05
1.136,8.4330659e-07,0.041072071,2.6363812e-07,6.7000946e-08,-6.8204042,3.4193214e-05
1.1365,5.8711527e-07,0.041096453,1.8343161e-07,4.6641885e-08,-6.8204042,3.4203451e-05
1.137,3.737815e-07,0.04111591,1.166709e-07,2.9689761e-08,-6.8204042,3.4211522e-05
1.1375,2.0656971e-07,0.041130376,6.4376999e-08,1.6403951e-08,-6.8204043,3.4217402e-05
1.138,8.7831138e-08,0.041139808,2.7284525e-08,6.9712469e-09,-6.8204043,3.4221074e-05
1.1385,1.896974e-08,0.041144188,5.8310495e-09,1.5031388e-09,-6.8204043,3.4222534e-05
1.139,4.2641831e-10,0.041143524,1.5221202e-10,3.4569816e-11,-6.8204044,3.4221788e-05
1.1395,3.1681785e-08,0.041137848,1.0082631e-08,2.5241547e-09,-6.8204044,3.4218852e-05
1.14,1.1127714e-07,0.041127218,3.5162531e-08,8.8558502e-09,-6.8204044,3.4213753e-05
1.1405,2.3685308e-07,0.041111715,7.4649891e-08,1.8842025e-08,-6.8204045,3.4206529e-05
1.141,4.0520477e-07,0.041091444,1.2753782e-07,3.2227856e-08,-6.8204045,3.4197225e-05
1.1415,6.1235268e-07,0.041066532,1.9257676e-07,4.8696951e-08,-6.8204045,3.4185898e-05
1.142,8.5362723e-07,0.041037131,2.6830107e-07,6.7878079e-08,-6.8204046,3.4172614e-05
1.1425,1.1237655e-06,0.041003412,3.5305939e-07,8.9352859e-08,-6.8204046,3.4157449e-05
1.143,1.4170183e-06,0.040965565,4.4504818e-07,1.1266427e-07,-6.8204046,3.4140484e-05
1.1435,1.727265e-06,0.040923801,5.4234777e-07,1.3732577e-07,-6.8204047,3.4121812e-05
1.144,2.0481343e-06,0.040878348,6.4296026e-07,1.6283092e-07,-6.8204047,3.4101531e-05
1.1445,2.3731282e-06,0.040829451,7.4484834e-07,1.8866323e-07,-6.8204048,3.4079749e-05
1.145,2.695747e-06,0.040777369,8.4597455e-07,2.1430606e-07,-6.8204048,3.4056577e-05
1.1455,3.0096131e-06,0.040722375,9.4433997e-07,2.3925251e-07,-6.8204048,3.4032134e-05
1.146,3.3085907e-06,0.040664756,1.0380218e-06,2.6301491e-07,-6.8204049,3.4006544e-05
1.1465,3.5868998e-06,0.040604806,1.1252092e-06,2.8513387e-07,-6.8204049,3.3979936e-05
1.147,3.8392216e-06,0.04054283,1.204236e-06,3.051867e-07,-6.820405,3.3952443e-05
1.1475,4.0607951e-06,0.040479142,1.2736112e-06,3.22795e-07,-6.820405,3.3924202e-05
1.148,4.2475002e-06,0.040414058,1.3320451e-06,3.3763138e-07,-6.820405,3.3895351e-05
1.1485,4.3959293e-06,0.040347902,1.3784713e-06,3.4942507e-07,-6.8204051,3.3866032e-05
1.149,4.5034437e-06,0.040280998,1.4120648e-06,3.579664e-07,-6.8204051,3.3836387e-05
1.1495,4.5682146e-06,0.040213671,1.4322543e-06,3.631101e-07,-6.8204052,3.380656e-05
1.15,4.589249e-06,0.040146246,1.4387309e-06,3.6477734e-07,-6.8204052,3.3776695e-05
1.1505,4.5663983e-06,0.040079047,1.4314502e-06,3.6295639e-07,-6.8204052,3.3746933e-05
1.151,4.5003519e-06,0.040012392,1.4106306e-06,3.5770213e-07,-6.8204053,3.3717418e-05
1.1515,4.3926139e-06,0.039946596,1.3767457e-06,3.4913421e-07,-6.8204053,3.3688287e-05
1.152,4.2454655e-06,0.039881964,1.3305128e-06,3.3743403e-07,-6.8204054,3.3659678e-05
1.1525,4.0619122e-06,0.039818796,1.2728758e-06,3.2284056e-07,-6.8204054,3.3631724e-05
1.153,3.8456186e-06,0.039757382,1.2049854e-06,3.0564514e-07,-6.8204054,3.3604556e-05
1.1535,3.6008308e-06,0.039698,1.1281742e-06,2.8618533e-07,-6.8204055,3.3578298e-05
1.154,3.3322893e-06,0.039640919,1.0439293e-06,2.6483798e-07,-6.8204055,3.355307e-05
1.1545,3.0451324e-06,0.039586391,9.5386278e-07,2.4201156e-07,-6.8204056,3.3528987e-05
1.155,2.7447948e-06,0.039534658,8.5967892e-07,2.1813805e-07,-6.8204056,3.3506156e-05
1.1555,2.4369002e-06,0.039485944,7.6314112e-07,1.9366447e-07,-6.8204056,3.3484681e-05
1.156,2.127152e-06,0.039440459,6.6603755e-07,1.6904418e-07,-6.8204057,3.3464655e-05
1.1565,1.8212247e-06,0.039398396,5.7014686e-07,1.4472818e-07,-6.8204057,3.3446165e-05
1.157,1.5246555e-06,0.039359931,4.772045e-07,1.211566e-07,-6.8204057,3.3429292e-05
1.1575,1.242741e-06,0.03932522,3.8887019e-07,9.8750404e-08,-6.8204057,3.3414105e-05
1.158,9.8043928e-07,0.039294402,3.0669721e-07,7.7903636e-08,-6.8204058,3.3400668e-05
1.1585,7.4227922e-07,0.039267599,2.3210414e-07,5.8976233e-08,-6.8204058,3.3389035e-05
1.159,5.3227967e-07,0.03924491,1.6634942e-07,4.2287572e-08,-6.8204058,3.3379251e-05
1.1595,3.5387871e-07,0.039226415,1.1050926e-07,2.8110866e-08,-6.8204059,3.3371352e-05
1.16,2.0987509e-07,0.039212177,6.5459285e-08,1.6668504e-08,-6.8204059,3.3365364e-05
1.1605,1.0238236e-07,0.039202236,3.1860204e-08,8.1284041e-09,-6.8204059,3.3361306e-05
1.161,3.2796591e-08,0.039196612,1.0147739e-08,2.6014573e-09,-6.8204059,3.3359184e-05
1.1615,1.7781482e-09,0.039195307,5.2693461e-10,1.4007352e-10,-6.820406,3.3358999e-05
1.162,9.2476348e-09,0.039198302,2.9709252e-09,7.3786309e-10,-6.820406,3.3360739e-05
1.1625,5.4395954e-08,0.039205558,1.7224131e-08,4.3304378e-09,-6.820406,3.3364386e-05
1.163,1.3570814e-07,0.039217016,4.2809761e-08,1.0797306e-08,-6.820406,3.3369911e-05
1.1635,2.5100031e-07,0.0392326,7.9041442e-08,1.9964815e-08,-6.8204061,3.3377276e-05
1.164,3.9746898e-07,0.039252214,1.2503869e-07,3.1610063e-08,-6.8204061,3.3386436e-05
1.1645,5.7175148e-07,0.039275743,1.797459e-07,4.5465712e-08,-6.8204061,3.3397336e-05
1.165,7.6999641e-07,0.039303055,2.4195446e-07,6.1225587e-08,-6.8204061,3.3409915e-05
1.1655,9.8794253e-07,0.039334004,3.1032746e-07,7.8550939e-08,-6.8204062,3.3424102e-05
1.166,1.2210045e-06,0.039368423,3.8342666e-07,9.7077275e-08,-6.8204062,3.3439821e-05
1.1665,1.4643638e-06,0.039406134,4.5974097e-07,1.1642157e-07,-6.8204062,3.3456988e-05
1.167,1.7130632e-06,0.039446941,5.3771601e-07,1.361898e-07,-6.8204063,3.3475512e-05
1.1675,1.9621025e-06,0.039490637,6.1578424e-07,1.559845e-07,-6.8204063,3.3495296e-05
1.168,2.206534e-06,0.039537,6.9239484e-07,1.7541244e-07,-6.8204063,3.351624e-05
1.1685,2.4415562e-06,0.0395858,7.6604304e-07,1.9409198e-07,-6.8204063,3.3538237e-05
1.169,2.6626034e-06,0.039636792,8.3529823e-07,2.1166023e-07,-6.8204064,3.3561175e-05
1.1695,2.8654295e-06,0.039689725,8.9883023e-07,2.2777975e-07,-6.8204064,3.3584939e-05
1.17,3.0461855e-06,0.03974434,9.5543351e-07,2.4214463e-07,-6.8204064,3.3609411e-05
1.1705,3.2014876e-06,0.039800368,1.0040486e-06,2.5448597e-07,-6.8204065,3.3634471e-05
1.171,3.3284765e-06,0.039857537,1.0437805e-06,2.6457655e-07,-6.8204065,3.3659995e-05
1.1715,3.4248655e-06,0.039915569,1.0739141e-06,2.7223469e-07,-6.8204065,3.3685858e-05
1.172,3.4889775e-06,0.039974185,1.0939251e-06,2.7732714e-07,-6.8204066,3.3711936e-05
1.1725,3.5197699e-06,0.040033102,1.1034885e-06,2.7977109e-07,-6.8204066,3.3738103e-05
1.173,3.5168467e-06,0.040092038,1.1024818e-06,2.7953514e-07,-6.8204066,3.3764232e-05
1.1735,3.4804588e-06,0.040150712,1.0909855e-06,2.7663931e-07,-6.8204067,3.37902e-05
1.174,3.411492e-06,0.040208843,1.0692788e-06,2.7115406e-07,-6.8204067,3.3815883e-05
1.1745,3.3114421e-06,0.040266157,1.0378324e-06,2.6319836e-07,-6.8204067,3.3841161e-05
1.175,3.1823801e-06,0.040322382,9.9729689e-07,2.5293688e-07,-6.8204067,3.3865916e-05
1.1755,3.0269057e-06,0.040377254,9.4848874e-07,2.4057631e-07,-6.8204068,3.3890031e-05
1.176,2.848092e-06,0.040430516,8.923725e-07,2.2636096e-07,-6.8204068,3.3913396e-05
1.1765,2.6494214e-06,0.04048192,8.300409e-07,2.1056767e-07,-6.8204068,3.3935904e-05
1.177,2.4347147e-06,0.040531228,7.6269259e-07,1.9350017e-07,-6.8204069,3.3957452e-05
1.1775,2.2080544e-06,0.040578212,6.9160806e-07,1.7548298e-07,-6.8204069,3.3977942e-05
1.178,1.9737043e-06,0.040622657,6.1812435e-07,1.5685503e-07,-6.8204069,3.3997284e-05
1.1785,1.7360262e-06,0.040664363,5.4360903e-07,1.3796302e-07,-6.8204069,3.4015391e-05
1.179,1.4993955e-06,0.04070314,4.6943374e-07,1.1915472e-07,-6.820407,3.4032184e-05
1.1795,1.2681183e-06,0.040738818,3.9694816e-07,1.0077241e-07,-6.820407,3.4047591e-05
1.18,1.0463501e-06,0.04077124,3.2745449e-07,8.3146344e-08,-6.820407,3.4061546e-05
1.1805,8.3801839e-07,0.040800265,2.6218334e-07,6.658869e-08,-6.820407,3.4073991e-05
1.181,6.4675086e-07,0.040825771,2.0227108e-07,5.1387752e-08,-6.8204071,3.4084875e-05
1.1815,4.7580966e-07,0.040847654,1.4873932e-07,3.7802783e-08,-6.8204071,3.4094156e-05
1.182,3.280337e-07,0.040865828,1.0247688e-07,2.6059386e-08,-6.8204071,3.4101798e-05
1.1825,2.0578952e-07,0.040880224,6.4224343e-08,1.6345612e-08,-6.8204071,3.4107774e-05
1.183,1.1093174e-07,0.040890794,3.4561716e-08,8.8088215e-09,-6.8204071,3.4112066e-05
1.1835,4.4773764e-08,0.040897507,1.3899271e-08,3.5533504e-09,-6.8204072,3.4114663e-05
1.184,8.068992e-09,0.040900355,2.4716867e-09,6.3902338e-10,-6.8204072,3.4115563e-05
1.1845,1.0030195e-09,0.040899344,3.3562519e-10,8.0531805e-11,-6.8204072,3.411477e-05
1.185,2.3196656e-08,0.040894502,7.3707104e-09,1.847676e-09,-6.8204072,3.4112298e-05
1.1855,7.371967e-08,0.040885876,2.3283866e-08,5.8664587e-09,-6.8204072,3.410817e-05
1.186,1.5111485e-07,0.040873529,4.7616885e-08,1.2020999e-08,-6.8204073,3.4102414e-05
1.1865,2.5343183e-07,0.040857545,7.9757054e-08,2.015622e-08,-6.8204073,3.4095067e-05
1.187,3.7826983e-07,0.040838021,1.1895059e-07,3.0081252e-08,-6.8204073,3.4086174e-05
1.1875,5.2282859e-07,0.040815075,1.6431862e-07,4.1573475e-08,-6.8204073,3.4075785e-05
1.188,6.8396618e-07,0.04078884,2.148753e-07,5.4383119e-08,-6.8204073,3.406396e-05
1.1885,8.5826274e-07,0.040759461,2.6954785e-07,6.8238329e-08,-6.8204074,3.4050763e-05
1.189,1.0420887e-06,0.040727102,3.2719793e-07,8.285059e-08,-6.8204074,3.4036265e-05
1.1895,1.2316762e-06,0.040691938,3.8664406e-07,9.7920405e-08,-6.8204074,3.4020543e-05
1.19,1.4231925e-06,0.040654156,4.4668456e-07,1.1314312e-07,-6.8204074,3.4003679e-05
1.1905,1.6128132e-06,0.040613956,5.0612065e-07,1.2821476e-07,-6.8204074,3.398576e-05
1.191,1.7967956e-06,0.040571546,5.6377923e-07,1.4283784e-07,-6.8204075,3.3966877e-05
1.1915,1.9715479e-06,0.040527147,6.1853485e-07,1.567269e-07,-6.8204075,3.3947127e-05
1.192,2.1336968e-06,0.040480985,6.693306e-07,1.6961382e-07,-6.8204075,3.3926609e-05
1.1925,2.2801484e-06,0.040433292,7.1519738e-07,1.8125274e-07,-6.8204075,3.3905425e-05
1.193,2.4081442e-06,0.040384309,7.5527132e-07,1.914244e-07,-6.8204076,3.3883681e-05
1.1935,2.5153092e-06,0.04033428,7.8880901e-07,1.999401e-07,-6.8204076,3.3861482e-05
1.194,2.5996932e-06,0.04028345,8.1520021e-07,2.0664487e-07,-6.8204076,3.3838938e-05
1.1945,2.6598025e-06,0.04023207,8.3397794e-07,2.1142003e-07,-6.8204076,3.3816159e-05
1.195,2.6946235e-06,0.040180388,8.4482567e-07,2.1418505e-07,-6.8204077,3.3793254e-05
1.1955,2.7036357e-06,0.040128653,8.4758161e-07,2.1489862e-07,-6.8204077,3.3770334e-05
1.196,2.6868166e-06,0.040077113,8.4224003e-07,2.1355902e-07,-6.8204077,3.3747508e-05
1.1965,2.6446359e-06,0.040026013,8.2894947e-07,2.1020362e-07,-6.8204077,3.3724885e-05
1.197,2.5780411e-06,0.039975593,8.0800824e-07,2.0490778e-07,-6.8204078,3.3702571e-05
1.1975,2.4884338e-06,0.039926088,7.7985692e-07,1.9778296e-07,-6.8204078,3.3680671e-05
1.198,2.377638e-06,0.039877728,7.4506839e-07,1.8897419e-07,-6.8204078,3.3659288e-05
1.1985,2.2478601e-06,0.039830735,7.0433536e-07,1.7865687e-07,-6.8204078,3.3638519e-05
1.199,2.1016431e-06,0.039785323,6.5845587e-07,1.6703318e-07,-6.8204079,3.3618462e-05
1.1995,1.9418138e-06,0.039741697,6.083168e-07,1.5432781e-07,-6.8204079,3.3599207e-05
1.2,1.771426e-06,0.039700052,5.5487608e-07,1.4078355e-07,-6.8204079,3.3580842e-05
1.2005,1.5936998e-06,0.039660572,4.9914357e-07,1.2665634e-07,-6.8204079,3.3563449e-05
1.201,1.4119585e-06,0.039623429,4.4216128e-07,1.1221034e-07,-6.8204079,3.3547106e-05
1.2015,1.2295639e-06,0.039588785,3.849832e-07,9.7712775e-08,-6.820408,3.3531885e-05
1.202,1.0498522e-06,0.039556786,3.2865508e-07,8.3428821e-08,-6.820408,3.3517851e-05
1.2025,8.7607102e-07,0.039527568,2.7419466e-07,6.9616583e-08,-6.820408,3.3505065e-05
1.203,7.1131802e-07,0.039501249,2.2257264e-07,5.6522277e-08,-6.820408,3.3493581e-05
1.2035,5.5848436e-07,0.039477937,1.7469476e-07,4.4375677e-08,-6.820408,3.3483445e-05
1.204,4.2020181e-07,0.039457722,1.3138532e-07,3.3385939e-08,-6.820408,3.3474699e-05
1.2045,2.9879573e-07,0.03944068,9.3372446e-08,2.3737863e-08,-6.8204081,3.3467377e-05
1.205,1.9624446e-07,0.039426873,6.1275367e-08,1.5588655e-08,-6.8204081,3.3461504e-05
1.2055,1.1414565e-07,0.039416346,3.5593889e-08,9.0652647e-09,-6.8204081,3.34571e-05
1.206,5.3690274e-08,0.039409128,1.6700273e-08,4.2623129e-09,-6.8204081,3.3454179e-05
1.2065,1.564475e-08,0.039405234,4.8336316e-09,1.2406713e-09,-6.8204081,3.3452744e-05
1.207,3.4121129e-10,0.039404663,9.6922261e-11,2.6693429e-11,-6.8204081,3.3452796e-05
1.2075,7.6762415e-09,0.039407398,2.4565631e-09,6.1211309e-10,-6.8204082,3.3454324e-05
1.208,3.7117874e-08,0.039413407,1.1744651e-08,2.9546017e-09,-6.8204082,3.3457312e-05
1.2085,8.7720663e-08,0.039422644,2.7663709e-08,6.9789673e-09,-6.8204082,3.3461739e-05
1.209,1.5814845e-07,0.039435046,4.9793839e-08,1.2578965e-08,-6.8204082,3.3467574e-05
1.2095,2.4670428e-07,0.039450538,7.7602126e-08,1.9619674e-08,-6.8204082,3.3474782e-05
1.21,3.5136685e-07,0.039469029,1.1045408e-07,2.7940401e-08,-6.8204082,3.348332e-05
1.2105,4.6983272e-07,0.039490416,1.4762686e-07,3.7358026e-08,-6.8204082,3.349314e-05
1.211,5.9956332e-07,0.039514582,1.8832409e-07,4.767075e-08,-6.8204083,3.3504187e-05
1.2115,7.3783602e-07,0.039541399,2.3169177e-07,5.8662145e-08,-6.8204083,3.3516401e-05
1.212,8.8179796e-07,0.039570725,2.7683527e-07,7.0105442e-08,-6.8204083,3.3529718e-05
1.2125,1.0285219e-06,0.039602409,3.2283676e-07,8.1767959e-08,-6.8204083,3.3544067e-05
1.213,1.1750625e-06,0.039636289,3.6877294e-07,9.3415598e-08,-6.8204083,3.3559375e-05
1.2135,1.318513e-06,0.039672193,4.1373266e-07,1.0481731e-07,-6.8204083,3.3575561e-05
1.214,1.4560595e-06,0.03970994,4.5683412e-07,1.1574944e-07,-6.8204084,3.3592545e-05
1.2145,1.5850338e-06,0.039749342,4.9724128e-07,1.2599994e-07,-6.8204084,3.3610239e-05
1.215,1.7029622e-06,0.039790205,5.3417924e-07,1.3537221e-07,-6.8204084,3.3628557e-05
1.2155,1.8076106e-06,0.039832326,5.6694825e-07,1.4368868e-07,-6.8204084,3.3647406e-05
1.216,1.8970237e-06,0.039875499,5.9493617e-07,1.5079398e-07,-6.8204084,3.3666693e-05
1.2165,1.9695594e-06,0.039919514,6.1762908e-07,1.5655762e-07,-6.8204084,3.3686324e-05
1.217,2.0239164e-06,0.039964156,6.3461991e-07,1.608762e-07,-6.8204085,3.3706204e-05
1.2175,2.0591544e-06,0.040009211,6.4561495e-07,1.6367503e-07,-6.8204085,3.3726235e-05
1.218,2.0747088e-06,0.040054461,6.5043813e-07,1.6490925e-07,-6.8204085,3.3746322e-05
1.2185,2.0703961e-06,0.040099689,6.4903299e-07,1.6456435e-07,-6.8204085,3.3766368e-05
1.219,2.0464137e-06,0.04014468,6.4146238e-07,1.6265602e-07,-6.8204085,3.3786277e-05
1.2195,2.003331e-06,0.040189219,6.2790588e-07,1.5922959e-07,-6.8204086,3.3805956e-05
1.22,1.9420752e-06,0.040233096,6.0865503e-07,1.5435879e-07,-6.8204086,3.3825312e-05
1.2205,1.8639088e-06,0.040276104,5.8410647e-07,1.4814398e-07,-6.8204086,3.3844254e-05
1.221,1.7704018e-06,0.040318042,5.5475323e-07,1.4071002e-07,-6.8204086,3.3862694e-05
1.2215,1.6633985e-06,0.040358713,5.2117418e-07,1.3220351e-07,-6.8204086,3.3880547e-05
1.222,1.5449793e-06,0.040397929,4.8402207e-07,1.2278983e-07,-6.8204086,3.3897732e-05
1.2225,1.4174181e-06,0.040435508,4.4401023e-07,1.1264975e-07,-6.8204087,3.391417e-05
1.223,1.2831368e-06,0.040471279,4.0189832e-07,1.019758e-07,-6.8204087,3.3929787e-05
1.2235,1.1446581e-06,0.04050508,3.5847734e-07,9.096848e-08,-6.8204087,3.3944513e-05
1.224,1.0045557e-06,0.040536756,3.1455424e-07,7.9832374e-08,-6.8204087,3.3958284e-05
1.2245,8.6540498e-07,0.040566168,2.7093635e-07,6.8772187e-08,-6.8204087,3.3971038e-05
1.225,7.2973412e-07,0.040593185,2.2841607e-07,5.7988864e-08,-6.8204087,3.3982722e-05
1.2255,5.9997646e-07,0.04061769,1.8775592e-07,4.7675806e-08,-6.8204088,3.3993284e-05
1.226,4.7842535e-07,0.040639579,1.4967446e-07,3.8015282e-08,-6.8204088,3.4002683e-05
1.2265,3.6719214e-07,0.040658758,1.1483304e-07,2.9175093e-08,-6.8204088,3.4010878e-05
1.227,2.6816813e-07,0.040675152,8.3823948e-08,2.1305544e-08,-6.8204088,3.4017839e-05
1.2275,1.8299116e-07,0.040688697,5.7159938e-08,1.4536789e-08,-6.8204088,3.4023539e-05
1.228,1.130174e-07,0.040699341,3.5265377e-08,8.9765937e-09,-6.8204088,3.4027958e-05
1.2285,5.9298796e-08,0.040707052,1.8469213e-08,4.7085375e-09,-6.8204088,3.4031083e-05
1.229,2.2566594e-08,0.040711807,6.9998171e-09,1.7907096e-09,-6.8204088,3.4032907e-05
1.2295,3.2211495e-09,0.040713601,9.8180688e-10,2.5489652e-10,-6.8204089,3.4033427e-05
1.23,1.3281343e-09,0.040712443,4.3487461e-10,1.0628247e-10,-6.8204089,3.4032649e-05
1.2305,1.6621159e-08,0.040708354,5.274627e-09,1.3236584e-09,-6.8204089,3.4030585e-05
1.231,4.8510681e-08,0.040701373,1.5315394e-08,3.8601307e-09,-6.8204089,3.4027252e-05
1.2315,9.6098951e-08,0.040691549,3.0274929e-08,7.6443095e-09,-6.8204089,3.4022672e-05
1.232,1.5820065e-07,0.040678948,4.9780898e-08,1.258195e-08,-6.8204089,3.4016876e-05
1.2325,2.3336876e-07,0.040663647,7.3378995e-08,1.855801e-08,-6.8204089,3.4009897e-05
1.233,3.1992509e-07,0.040645736,1.0054254e-07,2.5439075e-08,-6.8204089,3.4001777e-05
1.2335,4.1599489e-07,0.040625317,1.3068331e-07,3.3076112e-08,-6.8204089,3.399256e-05
1.234,5.1954477e-07,0.040602505,1.6316346e-07,4.1307479e-08,-6.820409,3.3982296e-05
1.2345,6.2842316e-07,0.040577424,1.9730822e-07,4.996215e-08,-6.820409,3.3971042e-05
1.235,7.4040265e-07,0.040550209,2.3241916e-07,5.8863073e-08,-6.820409,3.3958855e-05
1.2355,8.5322317e-07,0.040521005,2.677877e-07,6.7830604e-08,-6.820409,3.3945801e-05
1.236,9.646354e-07,0.040489965,3.0270876e-07,7.6685959e-08,-6.820409,3.3931946e-05
1.2365,1.0724433e-06,0.040457249,3.3649411e-07,8.5254598e-08,-6.820409,3.3917361e-05
1.237,1.1745456e-06,0.040423026,3.6848524e-07,9.3369497e-08,-6.820409,3.390212e-05
1.2375,1.2689739e-06,0.04038747,3.9806556e-07,1.0087424e-07,-6.820409,3.3886299e-05
1.238,1.3539296e-06,0.04035076,4.2467161e-07,1.0762586e-07,-6.8204091,3.3869978e-05
1.2385,1.4278153e-06,0.040313079,4.4780323e-07,1.1349742e-07,-6.8204091,3.3853237e-05
1.239,1.4892631e-06,0.040274614,4.6703223e-07,1.1838022e-07,-6.8204091,3.3836158e-05
1.2395,1.5371581e-06,0.040235555,4.8200979e-07,1.2218567e-07,-6.8204091,3.3818826e-05
1.24,1.5706565e-06,0.040196093,4.9247213e-07,1.2484673e-07,-6.8204091,3.3801323e-05
1.2405,1.5891987e-06,0.040156418,4.9824457e-07,1.2631895e-07,-6.8204091,3.3783736e-05
1.241,1.5925163e-06,0.040116721,4.9924377e-07,1.2658102e-07,-6.8204092,3.3766147e-05
1.2415,1.5806342e-06,0.040077193,4.954783e-07,1.2563496e-07,-6.8204092,3.3748642e-05
1.242,1.5538666e-06,0.040038021,4.8704742e-07,1.2350577e-07,-6.8204092,3.3731303e-05
1.2425,1.5128074e-06,0.039999389,4.7413809e-07,1.2024069e-07,-6.8204092,3.3714212e-05
1.243,1.4583161e-06,0.039961477,4.5702044e-07,1.1590806e-07,-6.8204092,3.3697449e-05
1.2435,1.3914983e-06,0.039924462,4.3604167e-07,1.1059579e-07,-6.8204092,3.3681093e-05
1.244,1.3136815e-06,0.039888514,4.1161854e-07,1.0440941e-07,-6.8204092,3.3665219e-05
1.2445,1.2263875e-06,0.039853796,3.8422862e-07,9.7469905e-08,-6.8204092,3.36499e-05
1.245,1.1313013e-06,0.039820466,3.5440055e-07,8.9911227e-08,-6.8204093,3.3635205e-05
1.2455,1.0302372e-06,0.039788673,3.2270337e-07,8.1877583e-08,-6.8204093,3.3621203e-05
1.246,9.2510226e-07,0.039758558,2.8973521e-07,7.3520584e-08,-6.8204093,3.3607954e-05
1.2465,8.1785976e-07,0.039730253,2.5611162e-07,6.4996274e-08,-6.8204093,3.3595519e-05
1.247,7.1049065e-07,0.03970388,2.2245363e-07,5.6462109e-08,-6.8204093,3.3583951e-05
1.2475,6.0495583e-07,0.039679554,1.8937588e-07,4.807395e-08,-6.8204093,3.3573301e-05
1.248,5.0315913e-07,0.039657375,1.5747503e-07,3.9983116e-08,-6.8204093,3.3563615e-05
1.2485,4.0691172e-07,0.039637436,1.2731858e-07,3.2333555e-08,-6.8204093,3.3554933e-05
1.249,3.1789876e-07,0.039619816,9.9434456e-08,2.5259196e-08,-6.8204093,3.3547291e-05
1.2495,2.3764877e-07,0.039604586,7.4301387e-08,1.8881519e-08,-6.8204094,3.3540719e-05
1.25,1.6750644e-07,0.039591802,5.2340407e-08,1.3307383e-08,-6.8204094,3.3535243e-05
1.2505,1.086091e-07,0.03958151,3.3907493e-08,8.6271672e-09,-6.8204094,3.3530881e-05
1.251,6.1867574e-08,0.039573745,1.9287555e-08,4.9132431e-09,-6.8204094,3.3527649e-05
1.2515,2.7951417e-08,0.039568527,8.6898401e-09,2.2188043e-09,-6.8204094,3.3525556e-05
1.252,7.2789997e-09,0.039565865,2.2448253e-09,5.7707794e-10,-6.8204094,3.3524604e-05
1.2525,1.2453187e-11,0.039565759,2.6499204e-12,9.2357967e-13,-6.8204094,3.3524791e-05
1.253,6.057547e-09,0.039568193,1.9330903e-09,4.8282417e-10,-6.8204094,3.3526111e-05
1.2535,2.5068447e-08,0.039573142,7.9270641e-09,1.9952647e-09,-6.8204094,3.3528551e-05
1.254,5.6457204e-08,0.039580567,1.7799617e-08,4.4914865e-09,-6.8204094,3.3532091e-05
1.2545,9.9407731e-08,0.039590419,3.1294316e-08,7.9065996e-09,-6.8204094,3.3536709e-05
1.255,1.5289396e-07,0.039602638,4.8088955e-08,1.2159026e-08,-6.8204095,3.3542377e-05
1.2555,2.157018e-07,0.039617154,6.7802441e-08,1.7152242e-08,-6.8204095,3.3549061e-05
1.256,2.8645435e-07,0.039633885,9.0002722e-08,2.2776793e-08,-6.8204095,3.3556724e-05
1.2565,3.6364004e-07,0.039652739,1.1421559e-07,2.8912515e-08,-6.8204095,3.3565323e-05
1.257,4.4564287e-07,0.039673616,1.399342e-07,3.5430952e-08,-6.8204095,3.3574812e-05
1.2575,5.3077436e-07,0.039696405,1.6662905e-07,4.2197888e-08,-6.8204095,3.3585141e-05
1.258,6.1730653e-07,0.03972099,1.9375837e-07,4.9075973e-08,-6.8204095,3.3596254e-05
1.2585,7.0350516e-07,0.039747242,2.207785e-07,5.5927362e-08,-6.8204095,3.3608096e-05
1.259,7.876629e-07,0.03977503,2.4715429e-07,6.2616351e-08,-6.8204095,3.3620604e-05
1.2595,8.6813136e-07,0.039804213,2.723692e-07,6.9011925e-08,-6.8204095,3.3633715e-05
1.26,9.4335183e-07,0.039834645,2.9593482e-07,7.4990201e-08,-6.8204096,3.3647363e-05
1.2605,1.0118838e-06,0.039866176,3.1739993e-07,8.0436698e-08,-6.8204096,3.3661481e-05
1.261,1.0724312e-06,0.039898649,3.3635859e-07,8.5248403e-08,-6.8204096,3.3675997e-05
1.2615,1.123865e-06,0.039931905,3.5245736e-07,8.9335604e-08,-6.8204096,3.369084e-05
1.262,1.1652431e-06,0.039965781,3.6540139e-07,9.2623433e-08,-6.8204096,3.3705938e-05
1.2625,1.1958258e-06,0.040000114,3.7495939e-07,9.5053125e-08,-6.8204096,3.3721217e-05
1.263,1.2150878e-06,0.040034738,3.8096722e-07,9.6582944e-08,-6.8204096,3.3736602e-05
1.2635,1.2227256e-06,0.040069484,3.8333031e-07,9.7188784e-08,-6.8204096,3.3752021e-05
1.264,1.2186604e-06,0.040104188,3.8202462e-07,9.6864417e-08,-6.8204096,3.3767398e-05
1.2645,1.2030375e-06,0.040138684,3.7709627e-07,9.5621411e-08,-6.8204097,3.3782661e-05
1.265,1.1762206e-06,0.040172807,3.6865986e-07,9.34887e-08,-6.8204097,3.3797738e-05
1.2655,1.1387825e-06,0.040206397,3.5689549e-07,9.0511832e-08,-6.8204097,3.3812558e-05
1.266,1.0914918e-06,0.040239295,3.4204461e-07,8.6751911e-08,-6.8204097,3.3827051e-05
1.2665,1.0352957e-06,0.040271348,3.2440466e-07,8.2284259e-08,-6.8204097,3.384115e-05
1.267,9.7130035e-07,0.040302407,3.0432281e-07,7.7196812e-08,-6.8204097,3.3854791e-05
1.2675,9.0074788e-07,0.040332328,2.8218876e-07,7.1588304e-08,-6.8204097,3.386791e-05
1.268,8.2499095e-07,0.040360973,2.5842687e-07,6.5566269e-08,-6.8204097,3.3880449e-05
1.2685,7.4546597e-07,0.040388211,2.3348762e-07,5.9244886e-08,-6.8204097,3.389235e-05
1.269,6.6366475e-07,0.04041392,2.0783881e-07,5.2742737e-08,-6.8204097,3.390356e-05
1.2695,5.8110549e-07,0.040437984,1.8195643e-07,4.6180497e-08,-6.8204098,3.3914031e-05
1.27,4.993036e-07,0.040460296,1.5631552e-07,3.9678618e-08,-6.8204098,3.3923716e-05
1.2705,4.1974292e-07,0.040480759,1.3138113e-07,3.3355036e-08,-6.8204098,3.3932574e-05
1.271,3.4384784e-07,0.040499283,1.0759963e-07,2.7322965e-08,-6.8204098,3.3940567e-05
1.2715,2.7295695e-07,0.040515791,8.5390383e-08,2.1688788e-08,-6.8204098,3.3947662e-05
1.272,2.082985e-07,0.040530215,6.5138139e-08,1.6550124e-08,-6.8204098,3.395383e-05
1.2725,1.5096841e-07,0.040542495,4.7186075e-08,1.1994064e-08,-6.8204098,3.3959048e-05
1.273,1.0191086e-07,0.040552586,3.1829774e-08,8.0956412e-09,-6.8204098,3.3963296e-05
1.2735,6.1902188e-08,0.04056045,1.931214e-08,4.9165432e-09,-6.8204098,3.3966559e-05
1.274,3.1537983e-08,0.040566063,9.819399e-09,2.5040916e-09,-6.8204098,3.3968827e-05
1.2745,1.1223904e-08,0.040569411,3.4782053e-09,8.9050923e-10,-6.8204098,3.3970096e-05
1.275,1.170137e-09,0.04057049,3.5392545e-10,9.2481826e-11,-6.8204098,3.3970365e-05
1.2755,1.3896681e-09,0.040569308,4.5010332e-10,1.1102056e-10,-6.8204098,3.3969639e-05
1.276,1.1700314e-08,0.040565884,3.7091076e-09,9.3162396e-10,-6.8204098,3.3967926e-05
1.2765,3.1730443e-08,0.040560247,1.0013935e-08,2.5247331e-09,-6.8204099,3.3965242e-05
1.277,6.0928237e-08,0.040552439,1.9191124e-08,4.8464679e-09,-6.8204099,3.3961603e-05
1.2775,9.8574263e-08,0.040542509,3.1014701e-08,7.8396271e-09,-6.8204099,3.3957034e-05
1.278,1.437971e-07,0.040530518,4.5211092e-08,1.143493e-08,-6.8204099,3.3951561e-05
1.2785,1.9559166e-07,0.040516537,6.1464871e-08,1.5552475e-08,-6.8204099,3.3945216e-05
1.279,2.5283986e-07,0.040500643,7.9425243e-08,2.0103378e-08,-6.8204099,3.3938034e-05
1.2795,3.1433317e-07,0.040482926,9.8713123e-08,2.4991572e-08,-6.8204099,3.3930054e-05
1.28,3.7879665e-07,0.040463482,1.1892867e-07,3.0115712e-08,-6.8204099,3.3921319e-05
1.2805,4.4491398e-07,0.040442415,1.3965915e-07,3.5371167e-08,-6.8204099,3.3911875e-05
1.281,5.1135293e-07,0.040419835,1.6048689e-07,4.0652044e-08,-6.8204099,3.3901772e-05
1.2815,5.7679092e-07,0.040395862,1.8099731e-07,4.585322e-08,-6.8204099,3.389106e-05
1.282,6.3994002e-07,0.040370619,2.0078679e-07,5.0872328e-08,-6.8204099,3.3879796e-05
1.2825,6.9957106e-07,0.040344234,2.1947016e-07,5.5611676e-08,-6.8204099,3.3868036e-05
1.283,7.5453633e-07,0.040316842,2.3668787e-07,5.9980046e-08,-6.82041,3.3855838e-05
1.2835,8.0379043e-07,0.04028858,2.5211247e-07,6.3894358e-08,-6.82041,3.3843265e-05
1.284,8.46409e-07,0.04025959,2.6545453e-07,6.7281151e-08,-6.82041,3.3830377e-05
1.2845,8.8160486e-07,0.040230013,2.7646766e-07,7.0077874e-08,-6.82041,3.3817239e-05
1.285,9.0874143e-07,0.040199996,2.8495269e-07,7.2233942e-08,-6.82041,3.3803914e-05
1.2855,9.2734305e-07,0.040169686,2.9076097e-07,7.3711566e-08,-6.82041,3.3790467e-05
1.286,9.3710218e-07,0.040139227,2.9379652e-07,7.4486319e-08,-6.82041,3.3776963e-05
1.2865,9.3788332e-07,0.040108769,2.9401734e-07,7.454745e-08,-6.82041,3.3763467e-05
1.287,9.2972355e-07,0.040078454,2.914355e-07,7.3897923e-08,-6.82041,3.3750044e-05
1.2875,9.1282985e-07,0.040048428,2.8611634e-07,7.255421e-08,-6.82041,3.3736756e-05
1.288,8.8757322e-07,0.040018832,2.7817661e-07,7.0545815e-08,-6.82041,3.3723667e-05
1.2885,8.5447965e-07,0.039989803,2.677816e-07,6.7914564e-08,-6.82041,3.3710837e-05
1.289,8.1421843e-07,0.039961477,2.5514149e-07,6.4713668e-08,-6.8204101,3.3698327e-05
1.2895,7.6758765e-07,0.039933984,2.4050682e-07,6.1006579e-08,-6.8204101,3.3686195e-05
1.29,7.1549761e-07,0.039907449,2.2416324e-07,5.6865661e-08,-6.8204101,3.3674496e-05
1.2905,6.5895217e-07,0.039881993,2.0642569e-07,5.2370717e-08,-6.8204101,3.3663283e-05
1.291,5.990286e-07,0.03985773,1.8763205e-07,4.7607379e-08,-6.8204101,3.3652608e-05
1.2915,5.368562e-07,0.039834768,1.6813648e-07,4.2665415e-08,-6.8204101,3.3642517e-05
1.292,4.7359428e-07,0.039813207,1.4830247e-07,3.7636974e-08,-6.8204101,3.3633057e-05
1.2925,4.1040972e-07,0.039793142,1.2849583e-07,3.2614807e-08,-6.8204101,3.3624267e-05
1.293,3.4845471e-07,0.039774657,1.0907769e-07,2.7690491e-08,-6.8204101,3.3616188e-05
1.2935,2.8884498e-07,0.039757832,9.0397729e-08,2.2952707e-08,-6.8204101,3.3608852e-05
1.294,2.3263906e-07,0.039742736,7.27876e-08,1.8485585e-08,-6.8204101,3.360229e-05
1.2945,1.8081874e-07,0.03972943,5.6554874e-08,1.4367153e-08,-6.8204101,3.359653e-05
1.295,1.3427136e-07,0.039717966,4.1977451e-08,1.0667931e-08,-6.8204101,3.3591594e-05
1.2955,9.3773953e-08,0.039708387,2.9298621e-08,7.4496682e-09,-6.8204101,3.3587502e-05
1.296,5.9979808e-08,0.039700727,1.8722842e-08,4.7642784e-09,-6.8204101,3.3584266e-05
1.2965,3.3407434e-08,0.039695012,1.0412293e-08,2.6529604e-09,-6.8204102,3.3581899e-05
1.297,1.4432282e-08,0.039691257,4.4842877e-09,1.1455413e-09,-6.8204102,3.3580407e-05
1.2975,3.2812493e-09,0.039689468,1.0095545e-09,2.6004004e-10,-6.8204102,3.357979e-05
1.298,3.0084675e-11,0.039689642,1.143587e-11,2.4614427e-12,-6.8204102,3.3580048e-05
1.2985,4.6036981e-09,0.039691767,1.4659897e-09,3.6682098e-10,-6.8204102,3.3581174e-05
1.299,1.6779331e-08,0.039695821,5.3029924e-09,1.3353972e-09,-6.8204102,3.3583158e-05
1.2995,3.6192502e-08,0.039701775,1.1407809e-08,2.8792044e-09,-6.8204102,3.3585985e-05
1.3,6.2345575e-08,0.03970959,1.9624089e-08,4.9586744e-09,-6.8204102,3.3589636e-05
1.3005,9.4618765e-08,0.039719217,2.9757216e-08,7.524531e-09,-6.8204102,3.359409e-05
1.301,1.3228333e-07,0.039730601,4.1578461e-08,1.051884e-08,-6.8204102,3.359932e-05
1.3015,1.7451671e-07,0.039743678,5.4829715e-08,1.3876209e-08,-6.8204102,3.3605298e-05
1.302,2.2041922e-07,0.039758377,6.9228747e-08,1.752512e-08,-6.8204102,3.361199e-05
1.3025,2.6903207e-07,0.039774619,8.4474844e-08,2.1389359e-08,-6.8204102,3.361936e-05
1.303,3.1935629e-07,0.039792318,1.0025475e-07,2.5389518e-08,-6.8204102,3.3627369e-05
1.3035,3.7037218e-07,0.039811383,1.1624874e-07,2.9444546e-08,-6.8204102,3.3635975e-05
1.304,4.2105892e-07,0.039831716,1.3213683e-07,3.3473303e-08,-6.8204102,3.3645134e-05
1.3045,4.7041405e-07,0.039853213,1.4760482e-07,3.7396111e-08,-6.8204102,3.3654798e-05
1.305,5.1747224e-07,0.039875765,1.6235019e-07,4.1136247e-08,-6.8204102,3.3664919e-05
1.3055,5.6132329e-07,0.03989926,1.7608778e-07,4.4621369e-08,-6.8204102,3.3675445e-05
1.306,6.0112876e-07,0.039923581,1.8855494e-07,4.7784842e-08,-6.8204103,3.3686324e-05
1.3065,6.3613708e-07,0.039948608,1.995163e-07,5.0566937e-08,-6.8204103,3.3697503e-05
1.307,6.6569686e-07,0.039974218,2.0876794e-07,5.2915891e-08,-6.8204103,3.3708925e-05
1.3075,6.8926811e-07,0.040000285,2.1614089e-07,5.4788794e-08,-6.8204103,3.3720535e-05
1.308,7.0643118e-07,0.040026683,2.2150391e-07,5.6152303e-08,-6.8204103,3.3732277e-05
1.3085,7.168934e-07,0.040053285,2.247656e-07,5.698317e-08,-6.8204103,3.3744093e-05
1.309,7.2049315e-07,0.040079963,2.2587564e-07,5.7268561e-08,-6.8204103,3.3755927e-05
1.3095,7.172014e-07,0.040106588,2.248253e-07,5.7006185e-08,-6.8204103,3.3767722e-05
1.31,7.0712077e-07,0.040133034,2.2164708e-07,5.6204209e-08,-6.8204103,3.3779422e-05
1.3105,6.9048198e-07,0.040159175,2.1641366e-07,5.4880989e-08,-6.8204103,3.3790972e-05
1.311,6.6763806e-07,0.040184889,2.0923604e-07,5.3064598e-08,-6.8204103,3.3802318e-05
1.3115,6.3905618e-07,0.040210054,2.0026095e-07,5.0792178e-08,-6.8204103,3.3813406e-05
1.312,6.0530743e-07,0.040234553,1.896677e-07,4.8109134e-08,-6.8204103,3.3824185e-05
1.3125,5.6705477e-07,0.040258272,1.7766436e-07,4.5068171e-08,-6.8204103,3.3834606e-05
1.313,5.2503937e-07,0.040281102,1.6448348e-07,4.172821e-08,-6.8204103,3.3844621e-05
1.3135,4.800656e-07,0.040302938,1.5037737e-07,3.8153189e-08,-6.8204104,3.3854184e-05
1.314,4.3298499e-07,0.040323681,1.356131e-07,3.4410799e-08,-6.8204104,3.3863252e-05
1.3145,3.8467951e-07,0.040343238,1.2046721e-07,3.0571145e-08,-6.8204104,3.3871785e-05
1.315,3.3604441e-07,0.04036152,1.0522039e-07,2.6705386e-08,-6.8204104,3.3879745e-05
1.3155,2.8797108e-07,0.040378448,9.015205e-08,2.2884375e-08,-6.8204104,3.3887098e-05
1.316,2.4133013e-07,0.040393948,7.5535051e-08,1.9177307e-08,-6.8204104,3.3893812e-05
1.3165,1.9695505e-07,0.040407952,6.1630575e-08,1.5650429e-08,-6.8204104,3.3899859e-05
1.317,1.5562683e-07,0.040420403,4.8683297e-08,1.2365811e-08,-6.8204104,3.3905213e-05
1.3175,1.1805967e-07,0.040431248,3.6916926e-08,9.3802134e-09,-6.8204104,3.3909854e-05
1.318,8.4888193e-08,0.040440445,2.653019e-08,6.7440712e-09,-6.8204104,3.3913763e-05
1.3185,5.665631e-08,0.040447959,1.7693345e-08,4.5006063e-09,-6.8204104,3.3916925e-05
1.319,3.3807901e-08,0.040453763,1.054527e-08,2.6850895e-09,-6.8204104,3.391933e-05
1.3195,1.6679539e-08,0.04045784,5.1911876e-09,1.324262e-09,-6.8204104,3.3920972e-05
1.32,5.4953346e-09,0.040460179,1.7010487e-09,4.3592481e-10,-6.8204104,3.3921845e-05
1.3205,3.6397084e-10,0.040460779,1.0861474e-10,2.870432e-11,-6.8204104,3.3921952e-05
1.321,1.2779723e-09,0.040459648,4.1123216e-10,1.01994e-10,-6.8204104,3.3921295e-05
1.3215,8.1151907e-09,0.0404568,2.5703042e-09,6.4607279e-10,-6.8204104,3.3919882e-05
1.322,2.0642454e-08,0.04045226,6.5124408e-09,1.6423954e-09,-6.8204104,3.3917725e-05
1.3225,3.8521285e-08,0.04044606,1.2131256e-08,3.0640471e-09,-6.8204104,3.3914838e-05
1.323,6.1315556e-08,0.040438239,1.9289775e-08,4.876352e-09,-6.8204104,3.3911239e-05
1.3235,8.8500909e-08,0.040428844,2.7823387e-08,7.0376229e-09,-6.8204104,3.3906949e-05
1.324,1.1947575e-07,0.04041793,3.7543304e-08,9.5000343e-09,-6.8204104,3.3901993e-05
1.3245,1.5357359e-07,0.040405558,4.824042e-08,1.2210603e-08,-6.8204104,3.3896399e-05
1.325,1.9007644e-07,0.040391797,5.9689533e-08,1.5112257e-08,-6.8204105,3.3890196e-05
1.3255,2.2822911e-07,0.040376721,7.1653803e-08,1.8144964e-08,-6.8204105,3.3883418e-05
1.326,2.6725394e-07,0.04036041,8.38894e-08,2.1246913e-08,-6.8204105,3.3876101e-05
1.3265,3.0636591e-07,0.04034295,9.6150214e-08,2.4355703e-08,-6.8204105,3.3868282e-05
1.327,3.4478759e-07,0.040324433,1.0819256e-07,2.7409545e-08,-6.8204105,3.3860003e-05
1.3275,3.817639e-07,0.040304952,1.1977981e-07,3.034842e-08,-6.8204105,3.3851304e-05
1.328,4.1657613e-07,0.040284608,1.3068675e-07,3.311521e-08,-6.8204105,3.3842231e-05
1.3285,4.4855527e-07,0.040263503,1.407038e-07,3.5656743e-08,-6.8204105,3.3832828e-05
1.329,4.770941e-07,0.040241743,1.4964078e-07,3.7924761e-08,-6.8204105,3.3823142e-05
1.3295,5.0165803e-07,0.040219436,1.573303e-07,3.9876781e-08,-6.8204105,3.3813222e-05
1.33,5.2179446e-07,0.040196692,1.6363069e-07,4.1476836e-08,-6.8204105,3.3803116e-05
1.3305,5.3714037e-07,0.040173624,1.6842841e-07,4.2696082e-08,-6.8204105,3.3792872e-05
1.331,5.4742824e-07,0.040150342,1.7163985e-07,4.3513266e-08,-6.8204105,3.3782542e-05
1.3315,5.5249004e-07,0.04012696,1.732126e-07,4.3915041e-08,-6.8204105,3.3772175e-05
1.332,5.522592e-07,0.040103589,1.7312606e-07,4.3896129e-08,-6.8204105,3.376182e-05
1.3325,5.4677078e-07,0.040080342,1.7139149e-07,4.3459326e-08,-6.8204105,3.3751527e-05
1.333,5.3615959e-07,0.040057329,1.6805142e-07,4.2615357e-08,-6.8204105,3.3741345e-05
1.3335,5.2065645e-07,0.040034658,1.6317847e-07,4.1382581e-08,-6.8204105,3.3731321e-05
1.334,5.0058275e-07,0.040012434,1.5687361e-07,3.9786552e-08,-6.8204105,3.3721503e-05
1.3345,4.7634322e-07,0.039990761,1.4926396e-07,3.7859448e-08,-6.8204105,3.3711936e-05
1.335,4.4841732e-07,0.039969739,1.4049999e-07,3.5639386e-08,-6.8204105,3.3702664e-05
1.3355,4.1734921e-07,0.039949463,1.3075248e-07,3.3169627e-08,-6.8204106,3.369373e-05
1.336,3.837367e-07,0.039930026,1.2020896e-07,3.0497692e-08,-6.8204106,3.3685175e-05
1.3365,3.4821922e-07,0.039911516,1.0906999e-07,2.767441e-08,-6.8204106,3.3677038e-05
1.337,3.1146522e-07,0.039894013,9.7545185e-08,2.4752915e-08,-6.8204106,3.3669354e-05
1.3375,2.7415905e-07,0.039877596,8.5849119e-08,2.1787604e-08,-6.8204106,3.3662157e-05
1.338,2.3698785e-07,0.039862335,7.4197197e-08,1.8833095e-08,-6.8204106,3.365548e-05
1.3385,2.0062839e-07,0.039848297,6.2801541e-08,1.5943177e-08,-6.8204106,3.3649352e-05
1.339,1.6573432e-07,0.03983554,5.1866997e-08,1.3169805e-08,-6.8204106,3.3643797e-05
1.3395,1.3292404e-07,0.039824117,4.1587322e-08,1.0562127e-08,-6.8204106,3.363884e-05
1.34,1.0276933e-07,0.039814075,3.2141628e-08,8.165585e-09,-6.8204106,3.36345e-05
1.3405,7.5785005e-08,0.039805453,2.3691145e-08,6.0210933e-09,-6.8204106,3.3630795e-05
1.341,5.2419789e-08,0.039798283,1.6376362e-08,4.1643116e-09,-6.8204106,3.3627739e-05
1.3415,3.3048559e-08,0.039792591,1.0314596e-08,2.6250284e-09,-6.8204106,3.3625342e-05
1.342,1.7966056e-08,0.039788395,5.5980262e-09,1.4266626e-09,-6.8204106,3.3623613e-05
1.3425,7.3822118e-09,0.039785707,2.2922347e-09,5.8589131e-10,-6.8204106,3.3622555e-05
1.343,1.4191364e-09,0.039784529,4.3526534e-10,1.1241107e-10,-6.8204106,3.362217e-05
1.3435,1.0981225e-10,0.039784859,3.7219297e-11,8.8339773e-12,-6.8204106,3.3622455e-05
1.344,3.3984979e-09,0.039786687,1.0803859e-09,2.7072002e-10,-6.8204106,3.3623406e-05
1.3445,1.1142814e-08,0.039789995,3.5199013e-09,8.8674306e-10,-6.8204106,3.3625013e-05
1.345,2.3117451e-08,0.039794759,7.2849155e-09,1.8389858e-09,-6.8204106,3.3627267e-05
1.3455,3.9019418e-08,0.039800948,1.228024e-08,3.103357e-09,-6.8204106,3.3630151e-05
1.346,5.8474697e-08,0.039808525,1.8388441e-08,4.6501205e-09,-6.8204106,3.3633649e-05
1.3465,8.104618e-08,0.039817445,2.5472326e-08,6.4445264e-09,-6.8204106,3.363774e-05
1.347,1.0624271e-07,0.03982766,3.3377787e-08,8.4475299e-09,-6.8204106,3.3642401e-05
1.3475,1.3352905e-07,0.039839112,4.193692e-08,1.0616583e-08,-6.8204106,3.3647607e-05
1.348,1.6233655e-07,0.039851741,5.0971383e-08,1.2906485e-08,-6.8204106,3.365333e-05
1.3485,1.920744e-07,0.039865481,6.0295906e-08,1.527027e-08,-6.8204106,3.3659539e-05
1.349,2.2214104e-07,0.039880259,6.9721891e-08,1.7660126e-08,-6.8204106,3.3666203e-05
1.3495,2.5193579e-07,0.039896,7.9061043e-08,2.0028308e-08,-6.8204106,3.3673285e-05
1.35,2.8087025e-07,0.039912624,8.8128943e-08,2.2328047e-08,-6.8204107,3.3680751e-05
1.3505,3.0837932e-07,0.039930046,9.6748508e-08,2.451443e-08,-6.8204107,3.3688563e-05
1.351,3.3393169e-07,0.039948179,1.0475328e-07,2.654523e-08,-6.8204107,3.369668e-05
1.3515,3.5703957e-07,0.039966934,1.1199046e-07,2.838168e-08,-6.8204107,3.3705064e-05
1.352,3.7726742e-07,0.039986217,1.1832366e-07,2.9989167e-08,-6.8204107,3.3713671e-05
1.3525,3.9423968e-07,0.040005934,1.2363531e-07,3.1337845e-08,-6.8204107,3.372246e-05
1.353,4.0764716e-07,0.040025988,1.2782866e-07,3.2403148e-08,-6.8204107,3.3731387e-05
1.3535,4.1725221e-07,0.040046282,1.3082942e-07,3.3166191e-08,-6.8204107,3.374041e-05
1.354,4.2289235e-07,0.040066717,1.3258684e-07,3.361407e-08,-6.8204107,3.3749484e-05
1.3545,4.2448253e-07,0.040087197,1.3307447e-07,3.3740033e-08,-6.8204107,3.3758566e-05
1.355,4.2201585e-07,0.040107621,1.3229036e-07,3.3543538e-08,-6.8204107,3.3767613e-05
1.3555,4.1556276e-07,0.040127894,1.3025679e-07,3.3030194e-08,-6.8204107,3.3776581e-05
1.356,4.0526884e-07,0.04014792,1.2701961e-07,3.2211581e-08,-6.8204107,3.3785429e-05
1.3565,3.9135116e-07,0.040167603,1.2264706e-07,3.1104959e-08,-6.8204107,3.3794114e-05
1.357,3.7409334e-07,0.040186852,1.1722821e-07,2.9732879e-08,-6.8204107,3.3802596e-05
1.3575,3.5383934e-07,0.040205577,1.1087105e-07,2.8122686e-08,-6.8204107,3.3810836e-05
1.358,3.3098626e-07,0.040223691,1.0370021e-07,2.6305951e-08,-6.8204107,3.3818797e-05
1.3585,3.0597618e-07,0.040241111,9.5854375e-08,2.4317814e-08,-6.8204107,3.382644e-05
1.359,2.7928719e-07,0.040257758,8.7483525e-08,2.2196281e-08,-6.8204107,3.3833733e-05
1.3595,2.514239e-07,0.040273555,7.8745912e-08,1.9981464e-08,-6.8204107,3.3840642e-05
1.36,2.2290755e-07,0.040288432,6.9804975e-08,1.7714795e-08,-6.8204107,3.3847136e-05
1.3605,1.9426591e-07,0.040302323,6.082617e-08,1.5438223e-08,-6.8204107,3.3853187e-05
1.361,1.6602312e-07,0.040315166,5.1973796e-08,1.3193409e-08,-6.8204107,3.3858768e-05
1.3615,1.3868982e-07,0.040326907,4.3407887e-08,1.102094e-08,-6.8204107,3.3863856e-05
1.362,1.1275355e-07,0.040337494,3.5281217e-08,8.9595641e-09,-6.8204107,3.3868429e-05
1.3625,8.8669792e-08,0.040346883,2.7736478e-08,7.0454816e-09,-6.8204107,3.3872468e-05
1.363,6.6853623e-08,0.040355037,2.0903681e-08,5.3116811e-09,-6.8204107,3.3875957e-05
1.3635,4.7672335e-08,0.040361922,1.4897835e-08,3.7873512e-09,-6.8204107,3.3878884e-05
1.364,3.1438984e-08,0.040367514,9.8169305e-09,2.4973688e-09,-6.8204107,3.3881235e-05
1.3645,1.8407062e-08,0.040371792,5.7402712e-09,1.4618763e-09,-6.8204107,3.3883005e-05
1.365,8.7663697e-09,0.040374744,2.7271851e-09,6.9595326e-10,-6.8204108,3.3884188e-05
1.3655,2.640144e-09,0.040376364,8.1612583e-10,2.0938779e-10,-6.8204108,3.3884782e-05
1.366,8.3481535e-11,0.04037665,2.4182906e-11,6.5520252e-12,-6.8204108,3.3884787e-05
1.3665,1.0830808e-09,0.04037561,3.4700391e-10,8.638142e-11,-6.8204108,3.3884207e-05
1.367,5.5582856e-09,0.040373256,1.7591252e-09,4.4245793e-10,-6.8204108,3.3883047e-05
1.3675,1.3363398e-08,0.040369607,4.2147005e-09,1.063194e-09,-6.8204108,3.3881318e-05
1.368,2.4291202e-08,0.040364689,7.6486081e-09,1.9321125e-09,-6.8204108,3.3879029e-05
1.3685,3.8077613e-08,0.040358532,1.1977913e-08,3.0282171e-09,-6.8204108,3.3876197e-05
1.369,5.4407361e-08,0.040351173,1.7103648e-08,4.3264433e-09,-6.8204108,3.3872836e-05
1.3695,7.2920575e-08,0.040342654,2.2912884e-08,5.7981821e-09,-6.8204108,3.3868967e-05
1.37,9.3220143e-08,0.040333024,2.9281036e-08,7.4118657e-09,-6.8204108,3.386461e-05
1.3705,1.1487969e-07,0.040322336,3.6074371e-08,9.1336011e-09,-6.8204108,3.385979e-05
1.371,1.3745205e-07,0.040310646,4.3152652e-08,1.0927842e-08,-6.8204108,3.3854532e-05
1.3715,1.6047795e-07,0.040298017,5.0371882e-08,1.2758084e-08,-6.8204108,3.3848863e-05
1.372,1.8349495e-07,0.040284514,5.7587088e-08,1.458757e-08,-6.8204108,3.3842814e-05
1.3725,2.0604624e-07,0.040270209,6.4655084e-08,1.6379991e-08,-6.8204108,3.3836415e-05
1.373,2.2768926e-07,0.040255175,7.1437179e-08,1.8100171e-08,-6.8204108,3.3829698e-05
1.3735,2.4800397e-07,0.040239487,7.7801758e-08,1.9714727e-08,-6.8204108,3.3822698e-05
1.374,2.6660053e-07,0.040223225,8.3626701e-08,2.1192676e-08,-6.8204108,3.3815451e-05
1.3745,2.8312643e-07,0.04020647,8.8801603e-08,2.2506003e-08,-6.8204108,3.380799e-05
1.375,2.9727272e-07,0.040189305,9.3229728e-08,2.3630155e-08,-6.8204108,3.3800355e-05
1.3755,3.0877937e-07,0.040171816,9.6829699e-08,2.454447e-08,-6.8204108,3.3792582e-05
1.376,3.1743968e-07,0.040154086,9.9536861e-08,2.5232523e-08,-6.8204108,3.3784708e-05
1.3765,3.2310356e-07,0.040136204,1.0130432e-07,2.5682393e-08,-6.8204108,3.3776773e-05
1.377,3.2567978e-07,0.040118254,1.0210363e-07,2.5886832e-08,-6.8204108,3.3768814e-05
1.3775,3.2513695e-07,0.040100324,1.0192511e-07,2.5843354e-08,-6.8204108,3.376087e-05
1.378,3.2150349e-07,0.040082498,1.0077783e-07,2.5554221e-08,-6.8204108,3.3752978e-05
1.3785,3.1486636e-07,0.040064861,9.8689204e-08,2.5026354e-08,-6.8204108,3.3745176e-05
1.379,3.0536872e-07,0.040047496,9.5704267e-08,2.4271137e-08,-6.8204108,3.3737501e-05
1.3795,2.9320661e-07,0.040030484,9.1884606e-08,2.3304157e-08,-6.8204108,3.3729988e-05
1.38,2.7862454e-07,0.040013904,8.7307002e-08,2.2144854e-08,-6.8204108,3.3722672e-05
1.3805,2.6191032e-07,0.039997833,8.2061792e-08,2.0816111e-08,-6.8204108,3.3715587e-05
1.381,2.4338908e-07,0.039982343,7.6250997e-08,1.9343772e-08,-6.8204108,3.3708766e-05
1.3815,2.2341666e-07,0.039967506,6.9986241e-08,1.7756125e-08,-6.8204108,3.370224e-05
1.382,2.0237247e-07,0.039953387,6.3386524e-08,1.608333e-08,-6.8204108,3.3696037e-05
1.3825,1.8065199e-07,0.03994005,5.6575867e-08,1.4356822e-08,-6.8204108,3.3690186e-05
1.383,1.5865911e-07,0.039927554,4.9680897e-08,1.2608706e-08,-6.8204108,3.3684713e-05
1.3835,1.3679831e-07,0.039915952,4.2828412e-08,1.0871132e-08,-6.8204108,3.3679642e-05
1.384,1.1546698e-07,0.039905294,3.6142964e-08,9.1756836e-09,-6.8204109,3.3674994e-05
1.3845,9.5047938e-08,0.039895626,2.9744518e-08,7.5527886e-09,-6.8204109,3.3670789e-05
1.385,7.5902311e-08,0.039886988,2.374622e-08,6.0311485e-09,-6.8204109,3.3667045e-05
1.3855,5.8362933e-08,0.039879414,1.8252331e-08,4.6372153e-09,-6.8204109,3.3663777e-05
1.386,4.2728335e-08,0.039872935,1.335634e-08,3.3947137e-09,-6.8204109,3.3660997e-05
1.3865,2.9257465e-08,0.039867574,9.1393162e-09,2.3242217e-09,-6.8204109,3.3658717e-05
1.387,1.8165219e-08,0.03986335,5.6685057e-09,1.4428157e-09,-6.8204109,3.3656944e-05
1.3875,9.61887e-09,0.039860277,2.996217e-09,7.6378592e-10,-6.8204109,3.3655684e-05
1.388,3.7354302e-09,0.039858363,1.1589968e-09,2.9642783e-10,-6.8204109,3.3654939e-05
1.3885,5.8001322e-10,0.03985761,1.7711769e-10,4.5911332e-11,-6.8204109,3.3654711e-05
1.389,1.6519283e-10,0.039858014,5.4380921e-11,1.3230274e-11,-6.8204109,3.3654997e-05
1.3895,2.4513726e-09,0.039859568,7.7823466e-10,1.9523181e-10,-6.8204109,3.3655793e-05
1.39,7.3481419e-09,0.039862256,2.3202017e-09,5.8472432e-10,-6.8204109,3.3657092e-05
1.3905,1.4716583e-08,0.039866061,4.6366053e-09,1.1706609e-09,-6.8204109,3.3658885e-05
1.391,2.4372474e-08,0.039870957,7.6695753e-09,1.938394e-09,-6.8204109,3.3661162e-05
1.3915,3.6090316e-08,0.039876914,1.1348313e-08,2.8699956e-09,-6.8204109,3.3663907e-05
1.392,4.9608098e-08,0.039883899,1.5590588e-08,3.9446361e-09,-6.8204109,3.3667105e-05
1.3925,6.4632702e-08,0.039891873,2.030443e-08,5.1390139e-09,-6.8204109,3.3670739e-05
1.393,8.0845837e-08,0.039900791,2.5389998e-08,6.4278274e-09,-6.8204109,3.3674788e-05
1.3935,9.7910383e-08,0.039910607,3.0741561e-08,7.7842786e-09,-6.8204109,3.3679231e-05
1.394,1.1547702e-07,0.039921268,3.6249583e-08,9.1806009e-09,-6.8204109,3.3684044e-05
1.3945,1.33191e-07,0.039932719,4.1802849e-08,1.0588597e-08,-6.8204109,3.3689202e-05
1.395,1.5069899e-07,0.039944901,4.7290595e-08,1.1980183e-08,-6.8204109,3.3694679e-05
1.3955,1.6765572e-07,0.039957752,5.2604614e-08,1.3327915e-08,-6.8204109,3.3700446e-05
1.396,1.837305e-07,0.039971207,5.7641282e-08,1.4605512e-08,-6.8204109,3.3706475e-05
1.3965,1.9861334e-07,0.039985198,6.2303476e-08,1.5788334e-08,-6.8204109,3.3712734e-05
1.397,2.1202055e-07,0.039999657,6.6502343e-08,1.6853838e-08,-6.8204109,3.3719193e-05
1.3975,2.2369992e-07,0.040014511,7.0158897e-08,1.7781979e-08,-6.8204109,3.372582e-05
1.398,2.3343505e-07,0.040029688,7.3205406e-08,1.855556e-08,-6.8204109,3.3732582e-05
1.3985,2.4104914e-07,0.040045113,7.5586547e-08,1.9160534e-08,-6.8204109,3.3739446e-05
1.399,2.4640783e-07,0.040060712,7.7260319e-08,1.9586224e-08,-6.8204109,3.3746378e-05
1.3995,2.494213e-07,0.040076408,7.8198682e-08,1.9825497e-08,-6.8204109,3.3753346e-05
1.4,2.5004544e-07,0.040092128,7.8387933e-08,1.9874851e-08,-6.8204109,3.3760316e-05
1.4005,2.4828217e-07,0.040107794,7.7828798e-08,1.9734445e-08,-6.8204109,3.3767254e-05
1.401,2.4417889e-07,0.040123334,7.6536251e-08,1.9408049e-08,-6.8204109,3.3774128e-05
1.4015,2.37827e-07,0.040138673,7.4539065e-08,1.8902934e-08,-6.8204109,3.3780905e-05
1.402,2.2935969e-07,0.04015374,7.1879106e-08,1.8229692e-08,-6.8204109,3.3787553e-05
1.4025,2.1894893e-07,0.040168463,6.8610383e-08,1.7401993e-08,-6.8204109,3.3794041e-05
1.403,2.0680172e-07,0.040182774,6.479788e-08,1.6436297e-08,-6.8204109,3.380034e-05
1.4035,1.9315578e-07,0.040196608,6.0516195e-08,1.53515e-08,-6.8204109,3.380642e-05
1.404,1.7827463e-07,0.0402099,5.584801e-08,1.4168553e-08,-6.8204109,3.3812253e-05
1.4045,1.6244234e-07,0.04022259,5.0882423e-08,1.2910034e-08,-6.8204109,3.3817814e-05
1.405,1.4595783e-07,0.04023462,4.571318e-08,1.1599706e-08,-6.8204109,3.3823077e-05
1.4055,1.2912905e-07,0.040245938,4.043684e-08,1.0262047e-08,-6.8204109,3.3828018e-05
1.406,1.1226701e-07,0.040256492,3.5150903e-08,8.9217769e-09,-6.8204109,3.3832617e-05
1.4065,9.5679814e-08,0.040266236,2.9951948e-08,7.6033858e-09,-6.8204109,3.3836852e-05
1.407,7.9666865e-08,0.040275129,2.4933805e-08,6.33067e-09,-6.8204109,3.3840707e-05
1.4075,6.4513247e-08,0.040283131,2.0185802e-08,5.1262877e-09,-6.8204109,3.3844165e-05
1.408,5.0484475e-08,0.040290211,1.5791119e-08,4.0113412e-09,-6.8204109,3.3847211e-05
1.4085,3.7821677e-08,0.04029634,1.1825279e-08,3.0049935e-09,-6.8204109,3.3849833e-05
1.409,2.6737284e-08,0.040301492,8.3547979e-09,2.1241268e-09,-6.8204109,3.3852022e-05
1.4095,1.7411327e-08,0.04030565,5.4360231e-09,1.383047e-09,-6.820411,3.3853769e-05
1.41,9.9883843e-09,0.0403088,3.1141823e-09,7.9324215e-10,-6.820411,3.3855069e-05
1.4105,4.5752452e-09,0.040310931,1.4226501e-09,3.6319625e-10,-6.820411,3.3855918e-05
1.411,1.2393138e-09,0.040312039,3.824508e-10,9.8262695e-11,-6.820411,3.3856315e-05
1.4115,7.7840643e-12,0.040312125,2.0016679e-12,5.9868853e-13,-6.820411,3.385626e-05
1.412,8.6758731e-10,0.040311196,2.7709844e-10,6.9161195e-11,-6.820411,3.3855756e-05
1.4125,3.7661064e-09,0.04030926,1.1911413e-09,2.9976378e-10,-6.820411,3.3854809e-05
1.413,8.6126338e-09,0.040306333,2.715594e-09,6.8519258e-10,-6.820411,3.3853425e-05
1.4135,1.5280537e-08,0.040302435,4.8106644e-09,1.2153785e-09,-6.820411,3.3851613e-05
1.414,2.3610082e-08,0.04029759,7.4261914e-09,1.8776217e-09,-6.820411,3.3849385e-05
1.4145,3.3411855e-08,0.040291828,1.0502719e-08,2.6568635e-09,-6.820411,3.3846753e-05
1.415,4.4470704e-08,0.04028518,1.3972734e-08,3.5360002e-09,-6.820411,3.3843734e-05
1.4155,5.6550131e-08,0.040277685,1.7762044e-08,4.4962316e-09,-6.820411,3.3840342e-05
1.416,6.9397038e-08,0.040269383,2.1791263e-08,5.5174385e-09,-6.820411,3.3836597e-05
1.4165,8.2746725e-08,0.040260319,2.5977384e-08,6.5785804e-09,-6.820411,3.3832518e-05
1.417,9.6328065e-08,0.04025054,3.0235398e-08,7.6581061e-09,-6.820411,3.3828128e-05
1.4175,1.0986873e-07,0.040240099,3.4479934e-08,8.7343698e-09,-6.820411,3.3823448e-05
1.418,1.2310038e-07,0.040229048,3.8626886e-08,9.7860433e-09,-6.820411,3.3818503e-05
1.4185,1.3576373e-07,0.040217444,4.2594996e-08,1.0792518e-08,-6.820411,3.3813318e-05
1.419,1.4761336e-07,0.040205346,4.6307372e-08,1.173429e-08,-6.820411,3.3807918e-05
1.4195,1.5842224e-07,0.040192815,4.9692891e-08,1.2593314e-08,-6.820411,3.3802332e-05
1.42,1.6798583e-07,0.040179914,5.2687494e-08,1.3353334e-08,-6.820411,3.3796587e-05
1.4205,1.7612567e-07,0.040166706,5.5235314e-08,1.4000171e-08,-6.820411,3.379071e-05
1.421,1.8269254e-07,0.040153257,5.7289647e-08,1.4521966e-08,-6.820411,3.3784732e-05
1.4215,1.8756891e-07,0.040139631,5.8813738e-08,1.490938e-08,-6.820411,3.3778681e-05
1.422,1.9067083e-07,0.040125896,5.9781355e-08,1.5155744e-08,-6.820411,3.3772586e-05
1.4225,1.919491e-07,0.040112117,6.0177176e-08,1.5257152e-08,-6.820411,3.3766477e-05
1.423,1.9138987e-07,0.040098361,5.9996947e-08,1.5212505e-08,-6.820411,3.3760382e-05
1.4235,1.8901442e-07,0.040084693,5.9247439e-08,1.5023501e-08,-6.820411,3.3754332e-05
1.424,1.8487842e-07,0.040071178,5.7946188e-08,1.4694567e-08,-6.820411,3.3748354e-05
1.4245,1.790704e-07,0.040057879,5.6121039e-08,1.4232743e-08,-6.820411,3.3742478e-05
1.425,1.7170975e-07,0.040044858,5.3809497e-08,1.3647522e-08,-6.820411,3.3736729e-05
1.4255,1.6294405e-07,0.040032177,5.1057901e-08,1.2950638e-08,-6.820411,3.3731135e-05
1.426,1.5294596e-07,0.040019892,4.7920442e-08,1.2155816e-08,-6.820411,3.3725722e-05
1.4265,1.4190962e-07,0.040008061,4.4458038e-08,1.127849e-08,-6.820411,3.3720514e-05
1.427,1.3004674e-07,0.039996737,4.0737101e-08,1.0335491e-08,-6.820411,3.3715536e-05
1.4275,1.1758237e-07,0.039985971,3.682821e-08,9.3447056e-09,-6.820411,3.3710809e-05
1.428,1.0475042e-07,0.039975811,3.2804718e-08,8.3247289e-09,-6.820411,3.3706355e-05
1.4285,9.178916e-08,0.039966301,2.8741328e-08,7.2944995e-09,-6.820411,3.3702193e-05
1.429,7.893662e-08,0.039957484,2.4712654e-08,6.2729368e-09,-6.820411,3.3698342e-05
1.4295,6.6426059e-08,0.039949396,2.0791806e-08,5.2785809e-09,-6.820411,3.3694817e-05
1.43,5.4481593e-08,0.039942072,1.7049012e-08,4.3292444e-09,-6.820411,3.3691635e-05
1.4305,4.3314033e-08,0.039935543,1.3550323e-08,3.441682e-09,-6.820411,3.3688809e-05
1.431,3.3117034e-08,0.039929834,1.0356397e-08,2.6312846e-09,-6.820411,3.3686348e-05
1.4315,2.406361e-08,0.039924969,7.5214164e-09,1.9118016e-09,-6.820411,3.3684265e-05
1.432,1.630308e-08,0.039920964,5.0921243e-09,1.2950992e-09,-6.820411,3.3682565e-05
1.4325,9.9585025e-09,0.039917835,3.107027e-09,7.9095567e-10,-6.820411,3.3681255e-05
1.433,5.1246432e-09,0.03991559,1.5957552e-09,4.0690044e-10,-6.820411,3.3680339e-05
1.4335,1.8664953e-09,0.039914236,5.7860339e-10,1.4809626e-10,-6.820411,3.3679819e-05
1.434,2.1839039e-10,0.039913774,6.6251602e-11,1.7268694e-11,-6.820411,3.3679696e-05
1.4345,1.8369923e-10,0.0399142,5.967385e-11,1.468237e-11,-6.820411,3.3679967e-05
1.435,1.7351262e-09,0.039915508,5.5023173e-10,1.3816446e-10,-6.820411,3.3680628e-05
1.4355,4.815583e-09,0.039917686,1.5199499e-09,3.8317417e-10,-6.820411,3.3681676e-05
1.436,9.3396185e-09,0.039920719,2.9419657e-09,7.4291648e-10,-6.820411,3.3683101e-05
1.4365,1.5195372e-08,0.039924587,4.7811432e-09,1.2084974e-09,-6.820411,3.3684896e-05
1.437,2.2247006e-08,0.039929268,6.9948367e-09,1.7691175e-09,-6.820411,3.3687049e-05
1.4375,3.0337567e-08,0.039934734,9.5337885e-09,2.4122992e-09,-6.820411,3.3689549e-05
1.438,3.9292212e-08,0.039940955,1.2343142e-08,3.1241433e-09,-6.820411,3.369238e-05
1.4385,4.8921744e-08,0.039947896,1.5363551e-08,3.8896101e-09,-6.820411,3.3695529e-05
1.439,5.9026372e-08,0.039955522,1.8532357e-08,4.6928183e-09,-6.820411,3.3698977e-05
1.4395,6.9399637e-08,0.039963791,2.1784822e-08,5.5173569e-09,-6.820411,3.3702708e-05
1.44,7.9832408e-08,0.039972661,2.5055382e-08,6.3466031e-09,-6.820411,3.37067e-05
1.4405,9.01169e-08,0.039982086,2.8278906e-08,7.1640413e-09,-6.820411,3.3710934e-05
1.441,1.000506e-07,0.039992018,3.1391923e-08,7.9535755e-09,-6.820411,3.3715388e-05
1.4415,1.0944006e-07,0.040002407,3.4333818e-08,8.6998305e-09,-6.820411,3.372004e-05
1.442,1.1810446e-07,0.0400132,3.7047946e-08,9.3884365e-09,-6.820411,3.3724866e-05
1.4425,1.2587895e-07,0.040024345,3.9482663e-08,1.000629e-08,-6.820411,3.3729842e-05
1.443,1.3261751e-07,0.040035785,4.1592255e-08,1.0541788e-08,-6.820411,3.3734944e-05
1.4435,1.3819559e-07,0.040047465,4.3337732e-08,1.0985033e-08,-6.820411,3.3740146e-05
1.444,1.4251219e-07,0.040059328,4.4687498e-08,1.1328e-08,-6.820411,3.3745423e-05
1.4445,1.4549152e-07,0.040071316,4.561786e-08,1.1564667e-08,-6.820411,3.3750749e-05
1.445,1.4708414e-07,0.040083371,4.6113392e-08,1.1691108e-08,-6.820411,3.37561e-05
1.4455,1.4726761e-07,0.040095436,4.616713e-08,1.170554e-08,-6.8204111,3.3761448e-05
1.446,1.4604659e-07,0.040107452,4.5780608e-08,1.1608339e-08,-6.8204111,3.3766768e-05
1.4465,1.4345244e-07,0.040119362,4.4963727e-08,1.1401998e-08,-6.8204111,3.3772036e-05
1.447,1.3954232e-07,0.040131111,4.3734475e-08,1.1091065e-08,-6.8204111,3.3777226e-05
1.4475,1.3439779e-07,0.040142643,4.2118486e-08,1.0682025e-08,-6.8204111,3.3782315e-05
1.448,1.2812301e-07,0.040153903,4.0148468e-08,1.0183158e-08,-6.8204111,3.3787277e-05
1.4485,1.2084244e-07,0.040164841,3.7863496e-08,9.6043613e-09,-6.8204111,3.3792091e-05
1.449,1.1269831e-07,0.040175405,3.5308197e-08,8.9569395e-09,-6.8204111,3.3796735e-05
1.4495,1.0384765e-07,0.040185547,3.2531837e-08,8.2533762e-09,-6.8204111,3.3801186e-05
1.45,9.445915e-08,0.040195221,2.9587329e-08,7.5070812e-09,-6.8204111,3.3805426e-05
1.4505,8.4709828e-08,0.040204383,2.6530185e-08,6.7321255e-09,-6.8204111,3.3809434e-05
1.451,7.478156e-08,0.040212992,2.3417433e-08,5.9429657e-09,-6.8204111,3.3813194e-05
1.4515,6.4857562e-08,0.04022101,2.0306508e-08,5.1541648e-09,-6.8204111,3.3816688e-05
1.452,5.5118893e-08,0.040228403,1.7254163e-08,4.380114e-09,-6.8204111,3.3819902e-05
1.4525,4.5741036e-08,0.040235138,1.4315392e-08,3.6347606e-09,-6.8204111,3.3822822e-05
1.453,3.6890625e-08,0.040241186,1.1542408e-08,2.9313486e-09,-6.8204111,3.3825435e-05
1.4535,2.872238e-08,0.040246523,8.9836786e-09,2.2821744e-09,-6.8204111,3.3827731e-05
1.454,2.1376297e-08,0.040251128,6.6830512e-09,1.6983641e-09,-6.8204111,3.3829701e-05
1.4545,1.4975165e-08,0.040254982,4.6789699e-09,1.1896753e-09,-6.8204111,3.3831337e-05
1.455,9.6224205e-09,0.040258071,3.0038085e-09,7.643279e-10,-6.8204111,3.3832634e-05
1.4555,5.4004106e-09,0.040260385,1.6833243e-09,4.2886474e-10,-6.8204111,3.3833587e-05
1.456,2.3690686e-09,0.040261918,7.3624481e-10,1.8804721e-10,-6.8204111,3.3834193e-05
1.4565,5.6503339e-10,0.040262666,1.7399333e-10,4.4785072e-11,-6.8204111,3.3834452e-05
1.457,1.2226145e-12,0.04026263,5.5584116e-13,1.0253723e-13,-6.8204111,3.3834365e-05
1.4575,6.6686117e-10,0.040261815,2.1249131e-10,5.3140638e-11,-6.8204111,3.3833933e-05
1.458,2.5279601e-09,0.04026023,7.9908306e-10,2.0119533e-10,-6.8204111,3.3833162e-05
1.4585,5.5282316e-09,0.040257887,1.7426267e-09,4.3979023e-10,-6.8204111,3.3832056e-05
1.459,9.5904171e-09,0.040254801,3.0188475e-09,7.6278229e-10,-6.8204111,3.3830623e-05
1.4595,1.4617999e-08,0.040250991,4.5974383e-09,1.1624978e-09,-6.8204111,3.3828872e-05
1.46,2.0497259e-08,0.04024648,6.4427051e-09,1.6298962e-09,-6.8204111,3.3826813e-05
1.4605,2.7099639e-08,0.040241294,8.5143088e-09,2.1547576e-09,-6.8204111,3.3824457e-05
1.461,3.4284359e-08,0.040235461,1.0768085e-08,2.7258908e-09,-6.8204111,3.3821817e-05
1.4615,4.1901233e-08,0.040229013,1.315693e-08,3.3313574e-09,-6.8204111,3.3818908e-05
1.462,4.9793635e-08,0.040221986,1.5631728e-08,3.9587075e-09,-6.8204111,3.3815745e-05
1.4625,5.7801552e-08,0.040214414,1.814231e-08,4.5952222e-09,-6.8204111,3.3812345e-05
1.463,6.5764667e-08,0.040206339,2.0638419e-08,5.2281588e-09,-6.8204111,3.3808725e-05
1.4635,7.3525408e-08,0.040197802,2.3070668e-08,5.844993e-09,-6.8204111,3.3804904e-05
1.464,8.0931914e-08,0.040188846,2.5391467e-08,6.4336551e-09,-6.8204111,3.3800902e-05
1.4645,8.7840857e-08,0.040179517,2.7555911e-08,6.9827536e-09,-6.8204111,3.3796737e-05
1.465,9.412007e-08,0.040169862,2.9522596e-08,7.4817845e-09,-6.8204111,3.3792432e-05
1.4655,9.9650928e-08,0.040159928,3.1254374e-08,7.9213202e-09,-6.8204111,3.3788008e-05
1.466,1.0433045e-07,0.040149765,3.2719004e-08,8.2931771e-09,-6.8204111,3.3783486e-05
1.4665,1.0807306e-07,0.040139422,3.3889709e-08,8.590556e-09,-6.8204111,3.3778888e-05
1.467,1.1081206e-07,0.040128951,3.4745626e-08,8.8081557e-09,-6.8204111,3.3774238e-05
1.4675,1.1250061e-07,0.040118402,3.5272129e-08,8.9422566e-09,-6.8204111,3.3769557e-05
1.468,1.1311244e-07,0.040107825,3.5461039e-08,8.9907728e-09,-6.8204111,3.3764867e-05
1.4685,1.1264211e-07,0.040097273,3.5310702e-08,8.9532733e-09,-6.8204111,3.3760193e-05
1.469,1.1110483e-07,0.040086793,3.4825945e-08,8.8309702e-09,-6.8204111,3.3755555e-05
1.4695,1.0853598e-07,0.040076437,3.4017912e-08,8.6266776e-09,-6.8204111,3.3750975e-05
1.47,1.0499019e-07,0.040066253,3.2903776e-08,8.3447389e-09,-6.8204111,3.3746476e-05
1.4705,1.0054005e-07,0.040056289,3.1506343e-08,7.9909265e-09,-6.8204111,3.3742078e-05
1.471,9.5274551e-08,0.04004659,2.9853555e-08,7.5723158e-09,-6.8204111,3.3737801e-05
1.4715,8.9297204e-08,0.040037202,2.7977896e-08,7.0971352e-09,-6.8204111,3.3733665e-05
1.472,8.2723884e-08,0.040028167,2.5915724e-08,6.5745965e-09,-6.8204111,3.372969e-05
1.4725,7.5680497e-08,0.040019526,2.3706534e-08,6.0147083e-09,-6.8204111,3.3725893e-05
1.473,6.8300464e-08,0.040011318,2.1392171e-08,5.4280763e-09,-6.8204111,3.3722291e-05
1.4735,6.0722099e-08,0.04000358,1.9016005e-08,4.8256947e-09,-6.8204111,3.3718901e-05
1.474,5.308592e-08,0.039996345,1.662209e-08,4.2187327e-09,-6.8204111,3.3715736e-05
1.4745,4.5531953e-08,0.039989646,1.4254322e-08,3.6183202e-09,-6.8204111,3.3712812e-05
1.475,3.8197072e-08,0.03998351,1.1955597e-08,3.0353362e-09,-6.8204111,3.3710141e-05
1.4755,3.1212437e-08,0.039977965,9.767016e-09,2.4802051e-09,-6.8204111,3.3707733e-05
1.476,2.4701061e-08,0.039973031,7.7271182e-09,1.9627037e-09,-6.8204111,3.37056e-05
1.4765,1.8775565e-08,0.039968731,5.8711805e-09,1.4917825e-09,-6.8204111,3.3703749e-05
1.477,1.3536162e-08,0.03996508,4.2305834e-09,1.0754054e-09,-6.8204111,3.3702187e-05
1.4775,9.0688882e-09,0.039962092,2.8322592e-09,7.204096e-10,-6.8204111,3.3700922e-05
1.478,5.4441333e-09,0.039959777,1.6982319e-09,4.323882e-10,-6.8204111,3.3699955e-05
1.4785,2.7154838e-09,0.039958142,8.4525446e-10,2.1559871e-10,-6.8204111,3.3699292e-05
1.479,9.188975e-10,0.039957192,2.8455165e-10,7.2897328e-11,-6.8204111,3.3698933e-05
1.4795,7.2223085e-11,0.039956926,2.1670243e-11,5.7008196e-12,-6.8204111,3.3698878e-05
1.48,1.7507081e-10,0.039957342,5.6439341e-11,1.3976267e-11,-6.8204111,3.3699125e-05
1.4805,1.2090306e-09,0.039958434,3.830397e-10,9.6258443e-11,-6.8204111,3.3699672e-05
1.481,3.1382306e-09,0.039960193,9.9017975e-10,2.4969424e-10,-6.8204111,3.3700514e-05
1.4815,5.9102212e-09,0.039962607,1.8613736e-09,4.70113e-10,-6.8204111,3.3701645e-05
1.482,9.4571644e-09,0.039965661,2.9753145e-09,7.5212101e-10,-6.8204111,3.3703059e-05
1.4825,1.3697301e-08,0.039969335,4.3063361e-09,1.0892183e-09,-6.8204111,3.3704748e-05
1.483,1.8536669e-08,0.03997361,5.8249505e-09,1.4739349e-09,-6.8204111,3.37067e-05
1.4835,2.3871027e-08,0.039978461,7.4984535e-09,1.8979844e-09,-6.8204111,3.3708906e-05
1.484,2.9587958e-08,0.039983862,9.2915837e-09,2.3524304e-09,-6.8204111,3.3711354e-05
1.4845,3.5569105e-08,0.039989784,1.1167223e-08,2.8278648e-09,-6.8204111,3.371403e-05
1.485,4.1692482e-08,0.039996196,1.3087121e-08,3.3145913e-09,-6.8204111,3.371692e-05
1.4855,4.7834844e-08,0.040003065,1.5012642e-08,3.8028137e-09,-6.8204111,3.372001e-05
1.486,5.3874039e-08,0.040010355,1.6905497e-08,4.282823e-09,-6.8204111,3.3723283e-05
1.4865,5.9691324e-08,0.040018029,1.872847e-08,4.7451813e-09,-6.8204111,3.3726723e-05
1.487,6.5173576e-08,0.040026048,2.0446118e-08,5.1808977e-09,-6.8204111,3.3730312e-05
1.4875,7.0215385e-08,0.040034373,2.2025416e-08,5.5815947e-09,-6.8204111,3.3734032e-05
1.488,7.4720965e-08,0.040042961,2.3436364e-08,5.9396598e-09,-6.8204111,3.3737865e-05
1.4885,7.8605866e-08,0.040051771,2.4652518e-08,6.2483817e-09,-6.8204111,3.3741793e-05
1.489,8.1798447e-08,0.040060759,2.5651457e-08,6.5020675e-09,-6.8204111,3.3745794e-05
1.4895,8.424109e-08,0.040069881,2.6415154e-08,6.696139e-09,-6.8204111,3.3749851e-05
1.49,8.5891134e-08,0.040079093,2.6930278e-08,6.8272069e-09,-6.8204111,3.3753943e-05
1.4905,8.6721515e-08,0.04008835,2.7188386e-08,6.8931216e-09,-6.8204111,3.375805e-05
1.491,8.6721095e-08,0.040097608,2.7186028e-08,6.8929996e-09,-6.8204111,3.3762154e-05
1.4915,8.5894693e-08,0.040106824,2.6924759e-08,6.8272257e-09,-6.8204111,3.3766234e-05
1.492,8.4262808e-08,0.040115952,2.6411045e-08,6.6974307e-09,-6.8204111,3.3770271e-05
1.4925,8.1861046e-08,0.04012495,2.565609e-08,6.5064465e-09,-6.8204111,3.3774245e-05
1.493,7.873927e-08,0.040133776,2.4675561e-08,6.2582378e-09,-6.8204111,3.3778139e-05
1.4935,7.4960485e-08,0.040142388,2.3489245e-08,5.9578141e-09,-6.8204111,3.3781935e-05
1.494,7.0599487e-08,0.040150747,2.2120619e-08,5.6111215e-09,-6.8204111,3.3785614e-05
1.4945,6.5741307e-08,0.040158814,2.0596367e-08,5.2249199e-09,-6.8204111,3.378916e-05
1.495,6.0479472e-08,0.040166552,1.8945828e-08,4.806644e-09,-6.8204111,3.3792556e-05
1.4955,5.4914129e-08,0.040173926,1.7200415e-08,4.3642547e-09,-6.8204111,3.3795788e-05
1.496,4.9150065e-08,0.040180903,1.5392988e-08,3.9060814e-09,-6.8204111,3.3798841e-05
1.4965,4.3294659e-08,0.040187451,1.3557214e-08,3.4406593e-09,-6.8204111,3.3801701e-05
1.497,3.745581e-08,0.040193543,1.1726919e-08,2.9765647e-09,-6.8204111,3.3804355e-05
1.4975,3.1739881e-08,0.04019915,9.9354397e-09,2.5222516e-09,-6.8204111,3.3806793e-05
1.498,2.624969e-08,0.04020425,8.2149988e-09,2.085892e-09,-6.8204111,3.3809004e-05
1.4985,2.10826e-08,0.040208821,6.5961018e-09,1.6752241e-09,-6.8204111,3.3810979e-05
1.499,1.6328725e-08,0.040212844,5.1069786e-09,1.29741e-09,-6.8204111,3.3812709e-05
1.4995,1.2069308e-08,0.040216302,3.7730725e-09,9.5890602e-10,-6.8204111,3.3814188e-05
1.5,8.3752711e-09,0.040219183,2.6165884e-09,6.6534837e-10,-6.8204111,3.381541e-05
1.5005,5.3059894e-09,0.040221476,1.6561081e-09,4.2145522e-10,-6.8204111,3.3816371e-05
1.501,2.9082955e-09,0.040223173,9.0627899e-10,2.3094766e-10,-6.8204111,3.3817068e-05
1.5015,1.2157336e-09,0.04022427,3.775808e-10,9.6490514e-11,-6.8204111,3.3817499e-05
1.502,2.48075e-10,0.040224766,7.6174546e-11,1.9653816e-11,-6.8204111,3.3817663e-05
1.5025,1.1101592e-11,0.04022466,3.8353505e-12,8.9565449e-13,-6.8204111,3.3817561e-05
1.503,4.9665778e-10,0.040223957,1.579694e-10,3.9566304e-11,-6.8204111,3.3817196e-05
1.5035,1.6829667e-09,0.040222665,5.317138e-10,1.339334e-10,-6.8204111,3.381657e-05
1.504,3.5352018e-09,0.040220792,1.1141165e-09,2.812274e-10,-6.8204111,3.3815688e-05
1.5045,6.0063003e-09,0.04021835,1.8903917e-09,4.7770624e-10,-6.8204111,3.3814556e-05
1.505,9.0379992e-09,0.040215356,2.8422455e-09,7.1873776e-10,-6.8204111,3.381318e-05
1.5055,1.2562073e-08,0.040211826,3.9482645e-09,9.9889807e-10,-6.8204111,3.3811569e-05
1.506,1.6501748e-08,0.040207781,5.1843587e-09,1.3120839e-09,-6.8204111,3.3809732e-05
1.5065,2.0773256e-08,0.040203243,6.5242509e-09,1.6516363e-09,-6.8204111,3.3807678e-05
1.507,2.5287515e-08,0.040198236,7.9400014e-09,2.0104741e-09,-6.8204111,3.3805419e-05
1.5075,2.9951879e-08,0.040192787,9.4025587e-09,2.381233e-09,-6.8204111,3.3802967e-05
1.508,3.4671944e-08,0.040186925,1.0882325e-08,2.7564093e-09,-6.8204111,3.3800334e-05
1.5085,3.9353363e-08,0.040180681,1.2349724e-08,3.1285038e-09,-6.8204112,3.3797534e-05
1.509,4.3903639e-08,0.040174086,1.3775766e-08,3.4901645e-09,-6.8204112,3.3794582e-05
1.5095,4.823386e-08,0.040167174,1.5132589e-08,3.834325e-09,-6.8204112,3.3791493e-05
1.51,5.2260353e-08,0.04015998,1.6393978e-08,4.1543351e-09,-6.8204112,3.3788281e-05
1.5105,5.5906212e-08,0.04015254,1.7535842e-08,4.4440825e-09,-6.8204112,3.3784964e-05
1.511,5.9102681e-08,0.040144892,1.8536649e-08,4.6981032e-09,-6.8204112,3.3781557e-05
1.5115,6.1790367e-08,0.040137072,1.9377808e-08,4.9116775e-09,-6.8204112,3.3778078e-05
1.512,6.3920266e-08,0.040129119,2.0043983e-08,5.0809112e-09,-6.8204112,3.3774542e-05
1.5125,6.5454565e-08,0.040121072,2.0523351e-08,5.2028002e-09,-6.8204112,3.3770968e-05
1.513,6.6367241e-08,0.04011297,2.0807787e-08,5.2752772e-09,-6.8204112,3.3767374e-05
1.5135,6.6644413e-08,0.040104852,2.0892971e-08,5.2972403e-09,-6.8204112,3.3763775e-05
1.514,6.6284469e-08,0.040096757,2.077843e-08,5.2685625e-09,-6.8204112,3.3760189e-05
1.5145,6.5297952e-08,0.040088724,2.0467503e-08,5.1900831e-09,-6.8204112,3.3756634e-05
1.515,6.3707219e-08,0.040080789,1.9967229e-08,5.0635805e-09,-6.8204112,3.3753126e-05
1.5155,6.154588e-08,0.040072991,1.9288174e-08,4.8917274e-09,-6.8204112,3.3749682e-05
1.516,5.8858029e-08,0.040065367,1.8444188e-08,4.6780296e-09,-6.8204112,3.3746317e-05
1.5165,5.5697282e-08,0.04005795,1.7452105e-08,4.4267497e-09,-6.8204112,3.3743047e-05
1.517,5.2125649e-08,0.040050776,1.6331384e-08,4.1428175e-09,-6.8204112,3.3739888e-05
1.5175,4.8212255e-08,0.040043877,1.5103715e-08,3.831728e-09,-6.8204112,3.3736854e-05
1.518,4.4031946e-08,0.040037285,1.3792575e-08,3.499431e-09,-6.8204112,3.3733958e-05
1.5185,3.9663798e-08,0.040031029,1.2422763e-08,3.1522121e-09,-6.8204112,3.3731214e-05
1.519,3.5189562e-08,0.040025136,1.1019914e-08,2.7965697e-09,-6.8204112,3.3728633e-05
1.5195,3.0692084e-08,0.040019634,9.6099994e-09,2.4390886e-09,-6.8204112,3.3726228e-05
1.52,2.6253709e-08,0.040014545,8.2188329e-09,2.0863141e-09,-6.8204112,3.3724008e-05
1.5205,2.1954728e-08,0.040009892,6.8715774e-09,1.7446278e-09,-6.8204112,3.3721984e-05
1.521,1.7871871e-08,0.040005694,5.5922762e-09,1.420128e-09,-6.8204112,3.3720163e-05
1.5215,1.4076888e-08,0.040001969,4.4034081e-09,1.1185173e-09,-6.8204112,3.3718553e-05
1.522,1.0635246e-08,0.039998731,3.3254784e-09,8.4499854e-10,-6.8204112,3.3717161e-05
1.5225,7.6049525e-09,0.039995993,2.3766512e-09,6.0418169e-10,-6.8204112,3.3715992e-05
1.523,5.0355415e-09,0.039993766,1.5724316e-09,4.0000298e-10,-6.8204112,3.371505e-05
1.5235,2.9672283e-09,0.039992056,9.25401e-10,2.3565789e-10,-6.8204112,3.3714339e-05
1.524,1.4302527e-09,0.039990869,4.4501234e-10,1.1354897e-10,-6.8204112,3.371386e-05
1.5245,4.4441931e-10,0.039990208,1.3744594e-10,3.5249238e-11,-6.8204112,3.3713615e-05
1.525,1.884164e-11,0.039990073,5.5300871e-12,1.4819475e-12,-6.8204112,3.3713603e-05
1.5255,1.5189237e-10,0.03999046,4.8725983e-11,1.2116609e-11,-6.8204112,3.3713823e-05
1.526,8.313586e-10,0.039991366,2.631769e-10,6.6181365e-11,-6.8204112,3.3714272e-05
1.5265,2.0347965e-09,0.039992783,6.4181994e-10,1.6189119e-10,-6.8204112,3.3714948e-05
1.527,3.7300763e-09,0.039994702,1.1745574e-09,2.9669127e-10,-6.8204112,3.3715845e-05
1.5275,5.8761058e-09,0.039997109,1.8484838e-09,4.6731444e-10,-6.8204112,3.3716959e-05
1.528,8.4237145e-09,0.039999992,2.648164e-09,6.6985158e-10,-6.8204112,3.3718281e-05
1.5285,1.1316683e-08,0.040003333,3.5559558e-09,8.9983341e-10,-6.8204112,3.3719806e-05
1.529,1.4492894e-08,0.040007115,4.5523709e-09,1.1523219e-09,-6.8204112,3.3721524e-05
1.5295,1.7885579e-08,0.040011315,5.6164671e-09,1.4220096e-09,-6.8204112,3.3723426e-05
1.53,2.1424646e-08,0.040015913,6.726263e-09,1.7033248e-09,-6.8204112,3.3725502e-05
1.5305,2.5038046e-08,0.040020884,7.8591683e-09,1.9905407e-09,-6.8204112,3.3727742e-05
1.531,2.8653171e-08,0.040026201,8.9924202e-09,2.277886e-09,-6.8204112,3.3730132e-05
1.5315,3.2198236e-08,0.040031839,1.0103518e-08,2.559655e-09,-6.8204112,3.3732662e-05
1.532,3.5603638e-08,0.040037767,1.117065e-08,2.8303156e-09,-6.8204112,3.3735318e-05
1.5325,3.8803253e-08,0.040043956,1.2173095e-08,3.0846124e-09,-6.8204112,3.3738087e-05
1.533,4.1735652e-08,0.040050376,1.3091612e-08,3.3176632e-09,-6.8204112,3.3740955e-05
1.5335,4.4345218e-08,0.040056993,1.3908779e-08,3.5250479e-09,-6.8204112,3.3743908e-05
1.534,4.6583131e-08,0.040063776,1.4609312e-08,3.7028869e-09,-6.8204112,3.374693e-05
1.5345,4.8408224e-08,0.040070691,1.5180326e-08,3.8479089e-09,-6.8204112,3.3750008e-05
1.535,4.9787671e-08,0.040077705,1.5611554e-08,3.9575056e-09,-6.8204112,3.3753126e-05
1.5355,5.069752e-08,0.040084783,1.5895511e-08,4.0297741e-09,-6.8204112,3.375627e-05
1.536,5.1123042e-08,0.040091891,1.6027604e-08,4.0635447e-09,-6.8204112,3.3759423e-05
1.5365,5.1058905e-08,0.040098995,1.6006187e-08,4.0583946e-09,-6.8204112,3.3762571e-05
1.537,5.0509167e-08,0.040106062,1.5832556e-08,4.0146473e-09,-6.8204112,3.37657e-05
1.5375,4.9487091e-08,0.040113057,1.5510896e-08,3.9333581e-09,-6.8204112,3.3768793e-05
1.538,4.8014784e-08,0.040119948,1.5048158e-08,3.8162849e-09,-6.8204112,3.3771836e-05
1.5385,4.6122675e-08,0.040126702,1.4453903e-08,3.6658474e-09,-6.8204112,3.3774816e-05
1.539,4.3848842e-08,0.040133288,1.374009e-08,3.4850729e-09,-6.8204112,3.3777719e-05
1.5395,4.1238195e-08,0.040139676,1.2920814e-08,3.2775317e-09,-6.8204112,3.378053e-05
1.54,3.8341546e-08,0.040145836,1.2012019e-08,3.0472634e-09,-6.8204112,3.3783238e-05
1.5405,3.5214574e-08,0.040151739,1.1031172e-08,2.7986939e-09,-6.8204112,3.3785829e-05
1.541,3.1916709e-08,0.04015736,9.9969137e-09,2.5365475e-09,-6.8204112,3.3788292e-05
1.5415,2.8509958e-08,0.040162672,8.9286877e-09,2.2657529e-09,-6.8204112,3.3790617e-05
1.542,2.5057697e-08,0.040167653,7.8463648e-09,1.9913478e-09,-6.8204112,3.3792792e-05
1.5425,2.1623449e-08,0.04017228,6.7698584e-09,1.7183812e-09,-6.8204112,3.3794808e-05
1.543,1.8269675e-08,0.040176534,5.7187453e-09,1.4518176e-09,-6.8204112,3.3796658e-05
1.5435,1.5056598e-08,0.040180395,4.7118979e-09,1.1964436e-09,-6.8204112,3.3798331e-05
1.544,1.2041082e-08,0.040183848,3.7671331e-09,9.5677863e-10,-6.8204112,3.3799823e-05
1.5445,9.2755925e-09,0.040186879,2.9008856e-09,7.3699242e-10,-6.8204112,3.3801126e-05
1.545,6.807248e-09,0.040189475,2.1279114e-09,5.4082954e-10,-6.8204112,3.3802236e-05
1.5455,4.6769854e-09,0.040191627,1.4610268e-09,3.7154316e-10,-6.8204112,3.3803148e-05
1.546,2.9188534e-09,0.040193328,9.1088688e-10,2.318389e-10,-6.8204112,3.3803859e-05
1.5465,1.5594447e-09,0.04019457,4.8580781e-10,1.2382967e-10,-6.8204112,3.3804367e-05
1.547,6.1747671e-10,0.040195352,1.9163599e-10,4.900237e-11,-6.8204112,3.3804671e-05
1.5475,1.0352628e-10,0.040195671,3.166527e-11,8.1968203e-12,-6.8204112,3.380477e-05
1.548,1.9923003e-11,0.04019553,6.6038869e-12,1.5973122e-12,-6.8204112,3.3804666e-05
1.5485,3.6080017e-10,0.040194932,1.1459088e-10,2.8736665e-11,-6.8204112,3.3804359e-05
1.549,1.1123012e-09,0.040193881,3.5126122e-10,8.8512647e-11,-6.8204112,3.3803853e-05
1.5495,2.2529355e-09,0.040192386,7.0985773e-10,1.7921628e-10,-6.8204112,3.3803151e-05
1.55,3.7540753e-09,0.040190457,1.1813873e-09,2.9857137e-10,-6.8204112,3.3802257e-05
1.5505,5.5805831e-09,0.040188105,1.7548177e-09,4.4378433e-10,-6.8204112,3.3801177e-05
1.551,7.6915544e-09,0.040185344,2.4173111e-09,6.1160329e-10,-6.8204112,3.3799917e-05
1.5515,1.0041163e-08,0.04018219,3.1544889e-09,7.9838525e-10,-6.8204112,3.3798485e-05
1.552,1.2579588e-08,0.040178659,3.9507231e-09,1.0001699e-09,-6.8204112,3.3796887e-05
1.5525,1.525401e-08,0.040174771,4.7894477e-09,1.2127585e-09,-6.8204112,3.3795133e-05
1.553,1.8009647e-08,0.040170548,5.653485e-09,1.4317966e-09,-6.8204112,3.3793232e-05
1.5535,2.0790822e-08,0.04016601,6.5253788e-09,1.6528586e-09,-6.8204112,3.3791194e-05
1.554,2.3542028e-08,0.040161181,7.3877301e-09,1.8715326e-09,-6.8204112,3.378903e-05
1.5545,2.6208986e-08,0.040156087,8.2235267e-09,2.0835046e-09,-6.8204112,3.3786749e-05
1.555,2.8739661e-08,0.040150753,9.0164628e-09,2.2846385e-09,-6.8204112,3.3784365e-05
1.5555,3.1085222e-08,0.040145206,9.7512403e-09,2.4710538e-09,-6.8204112,3.3781888e-05
1.556,3.3200942e-08,0.040139473,1.0413848e-08,2.6391955e-09,-6.8204112,3.3779332e-05
1.5565,3.5046991e-08,0.040133584,1.0991815e-08,2.7858984e-09,-6.8204112,3.3776709e-05
1.557,3.6589144e-08,0.040127567,1.1474427e-08,2.9084427e-09,-6.8204112,3.3774032e-05
1.5575,3.7799364e-08,0.040121452,1.1852911e-08,3.0046006e-09,-6.8204112,3.3771314e-05
1.558,3.8656262e-08,0.040115269,1.212058e-08,3.0726728e-09,-6.8204112,3.3768568e-05
1.5585,3.9145431e-08,0.040109047,1.2272937e-08,3.1115148e-09,-6.8204112,3.3765807e-05
1.559,3.9259635e-08,0.040102817,1.2307733e-08,3.1205522e-09,-6.8204112,3.3763045e-05
1.5595,3.8998865e-08,0.040096608,1.2224983e-08,3.0997851e-09,-6.8204112,3.3760295e-05
1.56,3.8370256e-08,0.040090449,1.2026945e-08,3.0497814e-09,-6.8204112,3.375757e-05
1.5605,3.7387867e-08,0.040084371,1.1718042e-08,2.9716593e-09,-6.8204112,3.3754883e-05
1.561,3.6072337e-08,0.040078401,1.1304764e-08,2.8670599e-09,-6.8204112,3.3752247e-05
1.5615,3.445041e-08,0.040072567,1.0795509e-08,2.7381097e-09,-6.8204112,3.3749673e-05
1.562,3.2554364e-08,0.040066896,1.020041e-08,2.5873747e-09,-6.8204112,3.3747174e-05
1.5625,3.0421323e-08,0.040061415,9.5311193e-09,2.4178064e-09,-6.8204112,3.3744761e-05
1.563,2.8092505e-08,0.040056148,8.8005671e-09,2.2326813e-09,-6.8204112,3.3742445e-05
1.5635,2.5612383e-08,0.040051119,8.0227039e-09,2.0355346e-09,-6.8204112,3.3740237e-05
1.564,2.3027807e-08,0.040046351,7.212222e-09,1.8300905e-09,-6.8204112,3.3738146e-05
1.5645,2.0387082e-08,0.040041866,6.3842675e-09,1.6201885e-09,-6.8204112,3.3736183e-05
1.565,1.7739031e-08,0.040037681,5.5541475e-09,1.4097094e-09,-6.8204112,3.3734354e-05
1.5655,1.5132068e-08,0.040033817,4.7370364e-09,1.2025013e-09,-6.8204112,3.373267e-05
1.566,1.2613272e-08,0.040030289,3.9476897e-09,1.0023062e-09,-6.8204112,3.3731136e-05
1.5665,1.0227516e-08,0.040027113,3.2001673e-09,8.1269036e-10,-6.8204112,3.3729759e-05
1.567,8.0166334e-09,0.040024301,2.5075751e-09,6.3697862e-10,-6.8204112,3.3728545e-05
1.5675,6.0186592e-09,0.040021865,1.8818261e-09,4.781938e-10,-6.8204112,3.3727499e-05
1.568,4.2671515e-09,0.040019813,1.3334278e-09,3.3900274e-10,-6.8204112,3.3726624e-05
1.5685,2.7906042e-09,0.040018155,8.7129888e-10,2.2166972e-10,-6.8204112,3.3725924e-05
1.569,1.611964e-09,0.040016894,5.0261771e-10,1.2801804e-10,-6.8204112,3.3725401e-05
1.5695,7.4825804e-10,0.040016035,2.3270606e-10,5.940046e-11,-6.8204112,3.3725057e-05
1.57,2.1033865e-10,0.04001558,6.4949375e-11,1.6678917e-11,-6.8204112,3.3724892e-05
1.5705,2.7483174e-12,0.040015529,7.5475569e-13,2.1379393e-13,-6.8204112,3.3724906e-05
1.571,1.2370635e-10,0.040015879,3.9547111e-11,9.862882e-12,-6.8204112,3.3725098e-05
1.5715,5.6521585e-10,0.040016626,1.78803e-10,4.4989892e-11,-6.8204112,3.3725466e-05
1.572,1.3132876e-09,0.040017765,4.1412118e-10,1.0448227e-10,-6.8204112,3.3726007e-05
1.5725,2.3482757e-09,0.040019287,7.3932796e-10,1.8677786e-10,-6.8204112,3.3726718e-05
1.573,3.645316e-09,0.040021184,1.1466152e-09,2.8989982e-10,-6.8204112,3.3727594e-05
1.5735,5.1748598e-09,0.040023444,1.6267076e-09,4.11499e-10,-6.8204112,3.3728629e-05
1.574,6.9032899e-09,0.040026055,2.169056e-09,5.4890291e-10,-6.8204112,3.3729819e-05
1.5745,8.7936065e-09,0.040029001,2.7620531e-09,6.9917031e-10,-6.8204112,3.3731157e-05
1.575,1.080617e-08,0.040032267,3.3932657e-09,8.5915022e-10,-6.8204112,3.3732635e-05
1.5755,1.2899487e-08,0.040035836,4.0496815e-09,1.0255443e-09,-6.8204112,3.3734246e-05
1.576,1.5031017e-08,0.040039688,4.7179625e-09,1.1949711e-09,-6.8204112,3.373598e-05
1.5765,1.7157996e-08,0.040043804,5.384703e-09,1.3640318e-09,-6.8204112,3.373783e-05
1.577,1.9238255e-08,0.040048162,6.0366848e-09,1.5293744e-09,-6.8204112,3.3739785e-05
1.5775,2.1231007e-08,0.040052741,6.6611269e-09,1.6877573e-09,-6.8204112,3.3741835e-05
1.578,2.3097616e-08,0.040057517,7.2459228e-09,1.8361097e-09,-6.8204112,3.3743971e-05
1.5785,2.48023e-08,0.040062466,7.7798636e-09,1.9715878e-09,-6.8204112,3.3746182e-05
1.579,2.631278e-08,0.040067565,8.2528403e-09,2.0916263e-09,-6.8204112,3.3748456e-05
1.5795,2.7600855e-08,0.040072786,8.6560233e-09,2.1939842e-09,-6.8204112,3.3750782e-05
1.58,2.864289e-08,0.040078106,8.9820157e-09,2.2767832e-09,-6.8204112,3.3753149e-05
1.5805,2.9420212e-08,0.040083498,9.2249773e-09,2.3385398e-09,-6.8204112,3.3755546e-05
1.581,2.9919408e-08,0.040088936,9.3807174e-09,2.3781883e-09,-6.8204112,3.375796e-05
1.5815,3.0132518e-08,0.040094393,9.4467558e-09,2.3950967e-09,-6.8204112,3.3760381e-05
1.582,3.0057127e-08,0.040099844,9.4223497e-09,2.3890735e-09,-6.8204112,3.3762796e-05
1.5825,2.9696342e-08,0.040105262,9.308488e-09,2.3603664e-09,-6.8204112,3.3765195e-05
1.583,2.9058672e-08,0.040110623,9.1078522e-09,2.3096521e-09,-6.8204112,3.3767565e-05
1.5835,2.81578e-08,0.040115899,8.8247461e-09,2.238019e-09,-6.8204112,3.3769895e-05
1.584,2.7012269e-08,0.040121068,8.4649948e-09,2.1469413e-09,-6.8204112,3.3772175e-05
1.5845,2.5645067e-08,0.040126105,8.0358167e-09,2.0382467e-09,-6.8204112,3.3774395e-05
1.585,2.4083141e-08,0.040130985,7.5456697e-09,1.9140775e-09,-6.8204112,3.3776543e-05
1.5855,2.235684e-08,0.040135688,7.0040762e-09,1.7768463e-09,-6.8204112,3.377861e-05
1.586,2.0499296e-08,0.040140192,6.4214296e-09,1.6291869e-09,-6.8204112,3.3780586e-05
1.5865,1.8545761e-08,0.040144476,5.8087867e-09,1.4739015e-09,-6.8204112,3.3782464e-05
1.587,1.6532917e-08,0.040148521,5.1776496e-09,1.3139058e-09,-6.8204112,3.3784234e-05
1.5875,1.4498154e-08,0.040152309,4.5397416e-09,1.1521719e-09,-6.8204112,3.3785888e-05
1.588,1.247886e-08,0.040155823,3.9067823e-09,9.9167149e-10,-6.8204112,3.3787419e-05
1.5885,1.0511701e-08,0.040159049,3.2902642e-09,8.353189e-10,-6.8204112,3.3788821e-05
1.589,8.6319375e-09,0.040161972,2.7012367e-09,6.8591668e-10,-6.8204112,3.3790088e-05
1.5895,6.8727702e-09,0.04016458,2.1501017e-09,5.4610345e-10,-6.8204112,3.3791214e-05
1.59,5.2647296e-09,0.040166863,1.6464227e-09,4.1830564e-10,-6.8204112,3.3792195e-05
1.5905,3.8351281e-09,0.040168811,1.1987529e-09,3.0469382e-10,-6.8204112,3.3793028e-05
1.591,2.6075773e-09,0.040170418,8.1448402e-10,2.0714435e-10,-6.8204112,3.3793708e-05
1.5915,1.6015822e-09,0.040171676,4.9971943e-10,1.2720712e-10,-6.8204112,3.3794233e-05
1.592,8.322172e-10,0.040172584,2.5917276e-10,6.6079857e-11,-6.8204112,3.3794603e-05
1.5925,3.0989114e-10,0.040173137,9.6094453e-11,2.4589386e-11,-6.8204112,3.3794816e-05
1.593,4.0203057e-11,0.040173336,1.2226812e-11,3.180235e-12,-6.8204112,3.3794871e-05
1.5935,2.3891412e-11,0.040173182,7.7883459e-12,1.9105833e-12,-6.8204112,3.3794771e-05
1.594,2.5687627e-10,0.040172677,8.1487227e-11,2.0455628e-11,-6.8204112,3.3794515e-05
1.5945,7.303926e-10,0.040171826,2.3056332e-10,5.811819e-11,-6.8204112,3.3794107e-05
1.595,1.4312112e-09,0.040170635,4.5085766e-10,1.1384628e-10,-6.8204112,3.3793548e-05
1.5955,2.3419417e-09,0.040169112,7.3690771e-10,1.862572e-10,-6.8204112,3.3792843e-05
1.596,3.4414116e-09,0.040167265,1.0820663e-09,2.7366767e-10,-6.8204112,3.3791996e-05
1.5965,4.7051127e-09,0.040165106,1.4786419e-09,3.7412931e-10,-6.8204112,3.3791012e-05
1.597,6.1057054e-09,0.040162647,1.9180565e-09,4.8546877e-10,-6.8204112,3.3789895e-05
1.5975,7.6135717e-09,0.040159901,2.3910196e-09,6.0533162e-10,-6.8204112,3.3788653e-05
1.598,9.1974044e-09,0.040156883,2.8877126e-09,7.3122928e-10,-6.8204112,3.3787292e-05
1.5985,1.0824822e-08,0.040153609,3.3979821e-09,8.6058783e-10,-6.8204112,3.3785818e-05
1.599,1.2462998e-08,0.040150097,3.9115362e-09,9.9079798e-10,-6.8204112,3.3784241e-05
1.5995,1.4079288e-08,0.040146363,4.4181425e-09,1.1192651e-09,-6.8204112,3.3782567e-05
1.6,1.5641851e-08,0.040142429,4.9078214e-09,1.2434583e-09,-6.8204112,3.3780806e-05
1.6005,1.7120242e-08,0.040138312,5.3710334e-09,1.360958e-09,-6.8204112,3.3778966e-05
1.601,1.8485979e-08,0.040134035,5.7988551e-09,1.4695004e-09,-6.8204112,3.3777056e-05
1.6015,1.9713059e-08,0.040129619,6.1831419e-09,1.5670191e-09,-6.8204112,3.3775087e-05
1.602,2.0778425e-08,0.040125085,6.5166737e-09,1.6516815e-09,-6.8204112,3.3773068e-05
1.6025,2.1662369e-08,0.040120456,6.7932817e-09,1.7219218e-09,-6.8204112,3.3771008e-05
1.603,2.2348869e-08,0.040115754,7.0079533e-09,1.7764666e-09,-6.8204112,3.3768918e-05
1.6035,2.2825852e-08,0.040111003,7.1569142e-09,1.8143569e-09,-6.8204112,3.3766808e-05
1.604,2.3085376e-08,0.040106225,7.2376857e-09,1.8349617e-09,-6.8204112,3.3764689e-05
1.6045,2.3123733e-08,0.040101444,7.2491171e-09,1.8379869e-09,-6.8204112,3.3762569e-05
1.605,2.2941471e-08,0.040096681,7.1913915e-09,1.8234765e-09,-6.8204112,3.376046e-05
1.6055,2.2543337e-08,0.040091961,7.066008e-09,1.791808e-09,-6.8204112,3.3758372e-05
1.606,2.1938133e-08,0.040087304,6.8757367e-09,1.7436818e-09,-6.8204112,3.3756314e-05
1.6065,2.1138505e-08,0.040082734,6.6245522e-09,1.6801033e-09,-6.8204112,3.3754296e-05
1.607,2.0160657e-08,0.040078271,6.3175437e-09,1.6023609e-09,-6.8204112,3.3752327e-05
1.6075,1.9024004e-08,0.040073936,5.9608054e-09,1.511998e-09,-6.8204112,3.3750417e-05
1.608,1.7750761e-08,0.040069748,5.5613088e-09,1.4107806e-09,-6.8204112,3.3748574e-05
1.6085,1.636549e-08,0.040065728,5.12676e-09,1.3006615e-09,-6.8204112,3.3746807e-05
1.609,1.4894608e-08,0.040061893,4.665445e-09,1.1837405e-09,-6.8204112,3.3745123e-05
1.6095,1.3365862e-08,0.04005826,4.1860648e-09,1.0622231e-09,-6.8204112,3.3743531e-05
1.61,1.1807782e-08,0.040054845,3.6975657e-09,9.3837726e-10,-6.8204112,3.3742037e-05
1.6105,1.0249136e-08,0.040051664,3.2089658e-09,8.1448941e-10,-6.8204112,3.3740648e-05
1.611,8.7183743e-09,0.040048731,2.7291832e-09,6.9282098e-10,-6.8204112,3.3739369e-05
1.6115,7.2430963e-09,0.040046057,2.2668669e-09,5.7556554e-10,-6.8204112,3.3738207e-05
1.612,5.8495326e-09,0.040043654,1.8302362e-09,4.648079e-10,-6.8204112,3.3737167e-05
1.6125,4.5620636e-09,0.040041532,1.4269285e-09,3.6248569e-10,-6.8204112,3.3736251e-05
1.613,3.4027764e-09,0.0400397,1.0638618e-09,2.7035426e-10,-6.8204112,3.3735465e-05
1.6135,2.3910719e-09,0.040038164,7.4711028e-10,1.8995538e-10,-6.8204112,3.3734811e-05
1.614,1.5433265e-09,0.04003693,4.8179964e-10,1.225904e-10,-6.8204112,3.3734291e-05
1.6145,8.7261578e-10,0.040036003,2.720199e-10,6.9298269e-11,-6.8204112,3.3733908e-05
1.615,3.8850403e-10,0.040035384,1.2075984e-10,3.0838823e-11,-6.8204112,3.3733662e-05
1.6155,9.6902987e-11,0.040035075,2.9862881e-11,7.6815629e-12,-6.8204112,3.3733553e-05
1.616,1.6397852e-15,0.040035076,5.2756148e-15,8.2493051e-17,-6.8204112,3.3733582e-05
1.6165,9.6267636e-11,0.040035384,3.0696728e-11,7.6721887e-12,-6.8204112,3.3733747e-05
1.617,3.8051948e-10,0.040035998,1.2030322e-10,3.0285647e-11,-6.8204112,3.3734047e-05
1.6175,8.4406729e-10,0.040036911,2.6609132e-10,6.7149374e-11,-6.8204112,3.3734479e-05
1.618,1.4749186e-09,0.040038118,4.6429286e-10,1.1730981e-10,-6.8204112,3.3735042e-05
1.6185,2.2580445e-09,0.040039611,7.1018857e-10,1.7957207e-10,-6.8204112,3.373573e-05
1.619,3.1757009e-09,0.040041382,9.9820883e-10,2.5252549e-10,-6.8204112,3.3736541e-05
1.6195,4.2077969e-09,0.040043421,1.3220494e-09,3.3457292e-10,-6.8204112,3.373747e-05
1.62,5.3323044e-09,0.040045715,1.6747998e-09,4.2396325e-10,-6.8204112,3.3738511e-05
1.6205,6.5256989e-09,0.040048254,2.0490818e-09,5.1882651e-10,-6.8204112,3.3739659e-05
1.621,7.7634246e-09,0.040051023,2.4371949e-09,6.1721079e-10,-6.8204112,3.3740908e-05
1.6215,9.0203733e-09,0.040054007,2.8312668e-09,7.1712032e-10,-6.8204112,3.3742251e-05
1.622,1.0271368e-08,0.040057193,3.223405e-09,8.165539e-10,-6.8204112,3.3743682e-05
1.6225,1.1491641e-08,0.040060562,3.6058468e-09,9.1354303e-10,-6.8204112,3.3745192e-05
1.623,1.2657305e-08,0.040064097,3.9711059e-09,1.006189e-09,-6.8204112,3.3746775e-05
1.6235,1.374579e-08,0.040067782,4.3121113e-09,1.0926981e-09,-6.8204112,3.3748423e-05
1.624,1.4736263e-08,0.040071598,4.6223366e-09,1.1714145e-09,-6.8204112,3.3750126e-05
1.6245,1.5610002e-08,0.040075525,4.8959187e-09,1.2408505e-09,-6.8204112,3.3751878e-05
1.625,1.6350726e-08,0.040079545,5.1277606e-09,1.2997122e-09,-6.8204112,3.3753668e-05
1.6255,1.694488e-08,0.040083637,5.3136202e-09,1.3469224e-09,-6.8204112,3.3755489e-05
1.626,1.7381858e-08,0.040087781,5.4501807e-09,1.3816384e-09,-6.8204112,3.375733e-05
1.6265,1.7654171e-08,0.040091958,5.5351028e-09,1.4032655e-09,-6.8204112,3.3759185e-05
1.627,1.7757555e-08,0.040096148,5.5670584e-09,1.4114648e-09,-6.8204112,3.3761043e-05
1.6275,1.7691012e-08,0.04010033,5.5457436e-09,1.4061576e-09,-6.8204112,3.3762896e-05
1.628,1.7456794e-08,0.040104484,5.471873e-09,1.3875231e-09,-6.8204112,3.3764734e-05
1.6285,1.7060322e-08,0.040108591,5.3471541e-09,1.3559925e-09,-6.8204112,3.376655e-05
1.629,1.6510043e-08,0.040112632,5.1742433e-09,1.3122377e-09,-6.8204112,3.3768334e-05
1.6295,1.5817239e-08,0.040116587,4.9566845e-09,1.2571555e-09,-6.8204112,3.3770079e-05
1.63,1.4995776e-08,0.040120438,4.6988314e-09,1.1918485e-09,-6.8204112,3.3771776e-05
1.6305,1.4061813e-08,0.040124167,4.4057553e-09,1.1176011e-09,-6.8204112,3.3773417e-05
1.631,1.3033465e-08,0.040127758,4.0831403e-09,1.0358536e-09,-6.8204112,3.3774995e-05
1.6315,1.1930438e-08,0.040131193,3.7371684e-09,9.4817245e-10,-6.8204112,3.3776502e-05
1.632,1.0773638e-08,0.040134458,3.3743955e-09,8.5621936e-10,-6.8204112,3.3777933e-05
1.6325,9.5847544e-09,0.040137537,3.0016231e-09,7.6171844e-10,-6.8204112,3.377928e-05
1.633,8.3858416e-09,0.040140417,2.6257658e-09,6.6642272e-10,-6.8204112,3.3780538e-05
1.6335,7.1988953e-09,0.040143086,2.2537185e-09,5.7208049e-10,-6.8204112,3.3781701e-05
1.634,6.0454342e-09,0.040145532,1.8922254e-09,4.8040207e-10,-6.8204112,3.3782764e-05
1.6345,4.9460961e-09,0.040147744,1.5477536e-09,3.9302779e-10,-6.8204112,3.3783722e-05
1.635,3.9202563e-09,0.040149714,1.2263736e-09,3.1149752e-10,-6.8204112,3.3784572e-05
1.6355,2.9856733e-09,0.040151433,9.3364768e-10,2.3722261e-10,-6.8204112,3.3785311e-05
1.636,2.1581698e-09,0.040152894,6.7453079e-10,1.714605e-10,-6.8204112,3.3785934e-05
1.6365,1.4513543e-09,0.040154092,4.5328292e-10,1.1529263e-10,-6.8204112,3.3786441e-05
1.637,8.7638764e-10,0.040155023,2.7339622e-10,6.9605849e-11,-6.8204112,3.3786829e-05
1.6375,4.4179955e-10,0.040155684,1.3753748e-10,3.5077849e-11,-6.8204112,3.3787097e-05
1.638,1.5335644e-10,0.040156073,4.7506956e-11,1.2166677e-11,-6.8204112,3.3787244e-05
1.6385,1.3983876e-11,0.040156191,4.2141538e-12,1.1045689e-12,-6.8204112,3.3787272e-05
1.639,2.3743795e-11,0.040156037,7.6708348e-12,1.8961411e-12,-6.8204112,3.3787179e-05
1.6395,1.7986642e-10,0.040155615,5.7001178e-11,1.4320939e-11,-6.8204112,3.3786967e-05
1.64,4.7683568e-10,0.040154927,1.504687e-10,3.7940232e-11,-6.8204112,3.3786638e-05
1.6405,9.0652589e-10,0.04015398,2.8551923e-10,7.2107877e-11,-6.8204112,3.3786195e-05
1.641,1.4583864e-09,0.040152778,4.5883894e-10,1.1598501e-10,-6.8204112,3.3785639e-05
1.6415,2.1196705e-09,0.040151329,6.6642614e-10,1.6855823e-10,-6.8204112,3.3784975e-05
1.642,2.8757027e-09,0.040149641,9.0367535e-10,2.2866087e-10,-6.8204112,3.3784206e-05
1.6425,3.7101808e-09,0.040147725,1.1654718e-09,2.9499698e-10,-6.8204112,3.3783336e-05
1.643,4.6055041e-09,0.04014559,1.4462947e-09,3.6616744e-10,-6.8204112,3.378237e-05
1.6435,5.5431234e-09,0.040143247,1.7403268e-09,4.406978e-10,-6.8204112,3.3781314e-05
1.644,6.5039046e-09,0.04014071,2.0415686e-09,5.1706714e-10,-6.8204112,3.3780172e-05
1.6445,7.4684996e-09,0.040137991,2.3439541e-09,5.9373755e-10,-6.8204112,3.3778951e-05
1.645,8.4177162e-09,0.040135105,2.6414676e-09,6.6918358e-10,-6.8204112,3.3777657e-05
1.6455,9.3328815e-09,0.040132066,2.9282571e-09,7.4192109e-10,-6.8204112,3.3776297e-05
1.646,1.0196191e-08,0.040128889,3.1987435e-09,8.1053499e-10,-6.8204112,3.3774877e-05
1.6465,1.0991037e-08,0.040125592,3.4477239e-09,8.7370536e-10,-6.8204112,3.3773405e-05
1.647,1.1702311e-08,0.040122189,3.6704662e-09,9.3023145e-10,-6.8204112,3.3771888e-05
1.6475,1.2316672e-08,0.040118699,3.8627932e-09,9.7905311e-10,-6.8204112,3.3770334e-05
1.648,1.2822783e-08,0.040115138,4.021156e-09,1.0192693e-09,-6.8204112,3.3768749e-05
1.6485,1.3211498e-08,0.040111523,4.142694e-09,1.0501536e-09,-6.8204112,3.3767143e-05
1.649,1.3476018e-08,0.040107872,4.2252816e-09,1.0711655e-09,-6.8204112,3.3765522e-05
1.6495,1.3611986e-08,0.040104204,4.2675597e-09,1.0819591e-09,-6.8204112,3.3763894e-05
1.65,1.3617545e-08,0.040100535,4.2689529e-09,1.082387e-09,-6.8204112,3.3762268e-05
1.6505,1.3493345e-08,0.040096882,4.2296716e-09,1.0725012e-09,-6.8204112,3.3760651e-05
1.651,1.3242498e-08,0.040093264,4.1506981e-09,1.0525494e-09,-6.8204112,3.3759051e-05
1.6515,1.2870496e-08,0.040089698,4.0337601e-09,1.0229681e-09,-6.8204112,3.3757475e-05
1.652,1.2385073e-08,0.040086199,3.8812881e-09,9.8437261e-10,-6.8204112,3.375593e-05
1.6525,1.1796037e-08,0.040082785,3.696362e-09,9.3754244e-10,-6.8204112,3.3754424e-05
1.653,1.1115054e-08,0.040079471,3.4826442e-09,8.8340524e-10,-6.8204112,3.3752964e-05
1.6535,1.035541e-08,0.040076273,3.2443038e-09,8.2301719e-10,-6.8204112,3.3751557e-05
1.654,9.5317376e-09,0.040073204,2.985931e-09,7.5754141e-10,-6.8204112,3.3750209e-05
1.6545,8.6597206e-09,0.04007028,2.7124453e-09,6.8822467e-10,-6.8204112,3.3748925e-05
1.655,7.7557854e-09,0.040067512,2.428998e-09,6.1637268e-10,-6.8204112,3.3747712e-05
1.6555,6.8367791e-09,0.040064913,2.1408712e-09,5.4332457e-10,-6.8204112,3.3746576e-05
1.656,5.9196447e-09,0.040062496,1.8533765e-09,4.7042705e-10,-6.8204112,3.374552e-05
1.6565,5.0210975e-09,0.040060269,1.571753e-09,3.990087e-10,-6.8204112,3.3744551e-05
1.657,4.15731e-09,0.040058243,1.3010691e-09,3.3035491e-10,-6.8204112,3.3743671e-05
1.6575,3.3436105e-09,0.040056426,1.0461275e-09,2.6568396e-10,-6.8204112,3.3742884e-05
1.658,2.5942013e-09,0.040054826,8.1137719e-10,2.0612458e-10,-6.8204112,3.3742194e-05
1.6585,1.921902e-09,0.040053449,6.0083317e-10,1.5269558e-10,-6.8204112,3.3741604e-05
1.659,1.3379211e-09,0.0400523,4.1800472e-10,1.0628769e-10,-6.8204112,3.3741115e-05
1.6595,8.5166201e-10,0.040051383,2.6583473e-10,6.7648134e-11,-6.8204112,3.374073e-05
1.66,4.7056481e-10,0.040050702,1.4665026e-10,3.736808e-11,-6.8204112,3.3740449e-05
1.6605,1.9998758e-10,0.040050257,6.2125358e-11,1.5873186e-11,-6.8204112,3.3740274e-05
1.661,4.3128572e-11,0.040050051,1.3256827e-11,3.4174328e-12,-6.8204112,3.3740205e-05
1.6615,9.9032478e-13,0.040050083,3.5307742e-13,8.0272681e-14,-6.8204112,3.374024e-05
1.662,7.2386042e-11,0.040050351,2.3036228e-11,5.7671414e-12,-6.8204112,3.3740381e-05
1.6625,2.5398746e-10,0.040050852,8.0257231e-11,2.0213267e-11,-6.8204112,3.3740624e-05
1.663,5.4041292e-10,0.040051583,1.7032358e-10,4.2990674e-11,-6.8204112,3.3740969e-05
1.6635,9.2435343e-10,0.040052538,2.9093895e-10,7.3518208e-11,-6.8204112,3.3741414e-05
1.664,1.396734e-09,0.040053713,4.3925383e-10,1.1107436e-10,-6.8204112,3.3741955e-05
1.6645,1.9469065e-09,0.0400551,6.1192612e-10,1.5481262e-10,-6.8204112,3.3742589e-05
1.665,2.5628706e-09,0.040056691,8.0519037e-10,2.0377899e-10,-6.8204112,3.3743313e-05
1.6655,3.2315174e-09,0.040058478,1.0149343e-09,2.569314e-10,-6.8204112,3.3744124e-05
1.666,3.9388914e-09,0.04006045,1.236781e-09,3.1316053e-10,-6.8204112,3.3745015e-05
1.6665,4.6704661e-09,0.040062598,1.4661752e-09,3.7131169e-10,-6.8204112,3.3745984e-05
1.667,5.4114265e-09,0.04006491,1.698472e-09,4.3020729e-10,-6.8204112,3.3747024e-05
1.6675,6.1469541e-09,0.040067374,1.9290262e-09,4.8866949e-10,-6.8204112,3.374813e-05
1.668,6.8625089e-09,0.040069978,2.1532806e-09,5.4554263e-10,-6.8204112,3.3749297e-05
1.6685,7.5441027e-09,0.040072708,2.3668517e-09,5.9971492e-10,-6.8204112,3.3750519e-05
1.669,8.1785586e-09,0.040075551,2.565611e-09,6.5013908e-10,-6.8204112,3.375179e-05
1.6695,8.753752e-09,0.040078492,2.7457607e-09,6.9585153e-10,-6.8204112,3.3753103e-05
1.67,9.2588293e-09,0.040081517,2.9039017e-09,7.359897e-10,-6.8204112,3.3754451e-05
1.6705,9.6843993e-09,0.04008461,3.0370941e-09,7.698073e-10,-6.8204112,3.3755829e-05
1.671,1.0022695e-08,0.040087758,3.1429074e-09,7.9668714e-10,-6.8204112,3.3757229e-05
1.6715,1.0267702e-08,0.040090943,3.2194611e-09,8.1615141e-10,-6.8204112,3.3758644e-05
1.672,1.0415255e-08,0.040094152,3.2654539e-09,8.2786908e-10,-6.8204112,3.3760068e-05
1.6725,1.046309e-08,0.040097368,3.2801819e-09,8.3166057e-10,-6.8204112,3.3761495e-05
1.673,1.0410871e-08,0.040100576,3.2635447e-09,8.2749937e-10,-6.8204112,3.3762916e-05
1.6735,1.0260173e-08,0.040103761,3.2160408e-09,8.1551076e-10,-6.8204112,3.3764325e-05
1.674,1.0014428e-08,0.040106908,3.1387509e-09,7.9596772e-10,-6.8204112,3.3765716e-05
1.6745,9.6788367e-09,0.040110001,3.0333108e-09,7.6928397e-10,-6.8204112,3.3767082e-05
1.675,9.2602552e-09,0.040113027,2.9018734e-09,7.360045e-10,-6.8204112,3.3768416e-05
1.6755,8.7670395e-09,0.040115972,2.7470625e-09,6.9679368e-10,-6.8204112,3.3769714e-05
1.676,8.2088721e-09,0.040118821,2.5719167e-09,6.5242127e-10,-6.8204112,3.3770967e-05
1.6765,7.5965617e-09,0.040121562,2.3798273e-09,6.0374649e-10,-6.8204112,3.3772172e-05
1.677,6.9418248e-09,0.040124182,2.1744695e-09,5.5170072e-10,-6.8204112,3.3773322e-05
1.6775,6.2570523e-09,0.04012667,1.9597294e-09,4.972689e-10,-6.8204112,3.3774412e-05
1.678,5.5550659e-09,0.040129014,1.7396274e-09,4.4147023e-10,-6.8204112,3.3775437e-05
1.6785,4.8488696e-09,0.040131204,1.5182405e-09,3.8533831e-10,-6.8204112,3.3776393e-05
1.679,4.1513999e-09,0.04013323,1.2996238e-09,3.299014e-10,-6.8204112,3.3777276e-05
1.6795,3.475281e-09,0.040135084,1.0877337e-09,2.7616289e-10,-6.8204112,3.3778082e-05
1.68,2.8325879e-09,0.040136758,8.8635397e-10,2.2508247e-10,-6.8204112,3.3778807e-05
1.6805,2.2346232e-09,0.040138245,6.9902572e-10,1.7755846e-10,-6.8204112,3.3779448e-05
1.681,1.6917114e-09,0.040139539,5.2898274e-10,1.3441138e-10,-6.8204112,3.3780004e-05
1.6815,1.2130134e-09,0.040140634,3.7909368e-10,9.6369262e-11,-6.8204112,3.3780471e-05
1.682,8.0636614e-10,0.040141527,2.5181166e-10,6.405487e-11,-6.8204112,3.3780848e-05
1.6825,4.7814866e-10,0.040142215,1.4913246e-10,3.7975083e-11,-6.8204112,3.3781133e-05
1.683,2.3317772e-10,0.040142695,7.2561848e-11,1.8512592e-11,-6.8204112,3.3781327e-05
1.6835,7.4634231e-11,0.040142966,2.3092588e-11,5.9200555e-12,-6.8204112,3.3781428e-05
1.684,4.0217342e-12,0.040143029,1.1915194e-12,3.1680214e-13,-6.8204112,3.3781437e-05
1.6845,2.1157166e-11,0.040142884,6.7967516e-12,1.6881022e-12,-6.8204112,3.3781354e-05
1.685,1.2419387e-10,0.040142533,3.9324958e-11,9.8869983e-12,-6.8204112,3.378118e-05
1.6855,3.0967593e-10,0.040141979,9.7688501e-11,2.463863e-11,-6.8204112,3.3780916e-05
1.686,5.7262253e-10,0.040141226,1.8032194e-10,4.5546937e-11,-6.8204112,3.3780564e-05
1.6865,9.066403e-10,0.040140279,2.8521735e-10,7.2103599e-11,-6.8204112,3.3780127e-05
1.687,1.3040612e-09,0.040139143,4.0996758e-10,1.0369899e-10,-6.8204112,3.3779606e-05
1.6875,1.7561031e-09,0.040137824,5.5181669e-10,1.3963496e-10,-6.8204112,3.3779005e-05
1.688,2.2530498e-09,0.040136331,7.0771635e-10,1.7913911e-10,-6.8204112,3.3778328e-05
1.6885,2.7844462e-09,0.040134671,8.7438723e-10,2.2138036e-10,-6.8204112,3.3777577e-05
1.689,3.3393062e-09,0.040132853,1.048384e-09,2.6548543e-10,-6.8204112,3.3776757e-05
1.6895,3.9063274e-09,0.040130887,1.2261628e-09,3.1055591e-10,-6.8204112,3.3775873e-05
1.69,4.4741095e-09,0.040128782,1.4041497e-09,3.5568566e-10,-6.8204112,3.3774928e-05
1.6905,5.0313728e-09,0.040126551,1.5788091e-09,3.9997814e-10,-6.8204112,3.3773928e-05
1.691,5.5671708e-09,0.040124204,1.7467105e-09,4.425633e-10,-6.8204112,3.3772878e-05
1.6915,6.0710947e-09,0.040121754,1.9045923e-09,4.8261387e-10,-6.8204112,3.3771782e-05
1.692,6.533465e-09,0.040119211,2.0494222e-09,5.1936055e-10,-6.8204112,3.3770647e-05
1.6925,6.9455071e-09,0.04011659,2.178452e-09,5.5210601e-10,-6.8204112,3.3769479e-05
1.693,7.2995079e-09,0.040113903,2.2892668e-09,5.8023728e-10,-6.8204112,3.3768282e-05
1.6935,7.5889499e-09,0.040111164,2.3798265e-09,6.0323645e-10,-6.8204112,3.3767064e-05
1.694,7.8086213e-09,0.040108385,2.448501e-09,6.2068941e-10,-6.8204112,3.3765829e-05
1.6945,7.9547003e-09,0.040105581,2.494096e-09,6.3229253e-10,-6.8204112,3.3764583e-05
1.695,8.0248113e-09,0.040102764,2.5158705e-09,6.3785714e-10,-6.8204112,3.3763334e-05
1.6955,8.0180534e-09,0.040099948,2.5135461e-09,6.373118e-10,-6.8204112,3.3762086e-05
1.696,7.9350006e-09,0.040097148,2.4873067e-09,6.3070228e-10,-6.8204112,3.3760846e-05
1.6965,7.7776737e-09,0.040094375,2.4377896e-09,6.1818936e-10,-6.8204112,3.375962e-05
1.697,7.5494852e-09,0.040091643,2.3660683e-09,6.0004442e-10,-6.8204112,3.3758413e-05
1.6975,7.2551581e-09,0.040088966,2.2736269e-09,5.7664301e-10,-6.8204112,3.3757231e-05
1.698,6.9006209e-09,0.040086354,2.1623269e-09,5.4845649e-10,-6.8204112,3.375608e-05
1.6985,6.4928812e-09,0.040083821,2.0343679e-09,5.1604194e-10,-6.8204112,3.3754964e-05
1.699,6.0398795e-09,0.040081378,1.8922417e-09,4.8003064e-10,-6.8204112,3.375389e-05
1.6995,5.5503277e-09,0.040079037,1.7386813e-09,4.4111511e-10,-6.8204112,3.3752861e-05
1.7,5.0335346e-09,0.040076807,1.5766062e-09,4.000353e-10,-6.8204112,3.3751882e-05
1.7005,4.4992213e-09,0.040074698,1.4090649e-09,3.5756396e-10,-6.8204112,3.3750959e-05
1.701,3.9573325e-09,0.040072721,1.2391755e-09,3.1449154e-10,-6.8204112,3.3750094e-05
1.7015,3.4178437e-09,0.040070884,1.070065e-09,2.7161095e-10,-6.8204112,3.3749293e-05
1.702,2.8905723e-09,0.040069194,9.0481067e-10,2.2970248e-10,-6.8204112,3.3748557e-05
1.7025,2.3849916e-09,0.04006766,7.4638113e-10,1.895191e-10,-6.8204112,3.3747891e-05
1.703,1.9100556e-09,0.040066286,5.9758184e-10,1.5177244e-10,-6.8204112,3.3747297e-05
1.7035,1.474034e-09,0.04006508,4.6100334e-10,1.1711973e-10,-6.8204112,3.3746777e-05
1.704,1.0843631e-09,0.040064045,3.3897451e-10,8.6151966e-11,-6.8204112,3.3746334e-05
1.7045,7.4751423e-10,0.040063186,2.3352133e-10,5.93834e-11,-6.8204112,3.3745969e-05
1.705,4.6888143e-10,0.040062506,1.4633186e-10,3.7242669e-11,-6.8204112,3.3745684e-05
1.7055,2.526917e-10,0.040062007,7.8728031e-11,2.0065622e-11,-6.8204112,3.3745479e-05
1.706,1.0193789e-10,0.04006169,3.1644728e-11,8.0900158e-12,-6.8204112,3.3745355e-05
1.7065,1.8336161e-11,0.040061555,5.6165137e-12,1.4521205e-12,-6.8204112,3.3745312e-05
1.707,2.3080755e-12,0.040061603,7.720796e-13,1.8530619e-13,-6.8204112,3.374535e-05
1.7075,5.2987561e-11,0.040061832,1.6836494e-11,4.2205969e-12,-6.8204112,3.3745468e-05
1.708,1.6825227e-10,0.04006224,5.3141102e-11,1.3389166e-11,-6.8204112,3.3745666e-05
1.7085,3.4477849e-10,0.040062824,1.0864079e-10,2.7426703e-11,-6.8204112,3.3745941e-05
1.709,5.781182e-10,0.04006358,1.819382e-10,4.5979542e-11,-6.8204112,3.3746292e-05
1.7095,8.6279671e-10,0.040064503,2.7131443e-10,6.8612421e-11,-6.8204112,3.3746716e-05
1.71,1.1924286e-09,0.040065589,3.7476537e-10,9.4817703e-11,-6.8204112,3.3747212e-05
1.7105,1.5598497e-09,0.04006683,4.9004315e-10,1.2402587e-10,-6.8204112,3.3747777e-05
1.711,1.9572623e-09,0.040068221,6.1470169e-10,1.5561706e-10,-6.8204112,3.3748407e-05
1.7115,2.3763909e-09,0.040069753,7.4614554e-10,1.8893344e-10,-6.8204112,3.37491e-05
1.712,2.8086447e-09,0.040071419,8.816809e-10,2.2329216e-10,-6.8204112,3.374985e-05
1.7125,3.2452853e-09,0.04007321,1.018568e-09,2.5799863e-10,-6.8204112,3.3750656e-05
1.713,3.6775939e-09,0.040075116,1.1540739e-09,2.9235984e-10,-6.8204112,3.3751511e-05
1.7135,4.097037e-09,0.040077128,1.285524e-09,3.2569756e-10,-6.8204112,3.3752413e-05
1.714,4.495427e-09,0.040079236,1.4103526e-09,3.57361e-10,-6.8204112,3.3753356e-05
1.7145,4.8650733e-09,0.040081428,1.5261502e-09,3.8673896e-10,-6.8204112,3.3754336e-05
1.715,5.198923e-09,0.040083695,1.6307077e-09,4.132709e-10,-6.8204112,3.3755347e-05
1.7155,5.4906877e-09,0.040086024,1.7220557e-09,4.3645709e-10,-6.8204112,3.3756386e-05
1.716,5.7349541e-09,0.040088405,1.7984998e-09,4.5586734e-10,-6.8204112,3.3757446e-05
1.7165,5.9272771e-09,0.040090826,1.858649e-09,4.7114843e-10,-6.8204112,3.3758522e-05
1.717,6.0642525e-09,0.040093274,1.9014391e-09,4.8202991e-10,-6.8204112,3.375961e-05
1.7175,6.1435703e-09,0.040095738,1.9261487e-09,4.8832827e-10,-6.8204112,3.3760703e-05
1.718,6.1640458e-09,0.040098207,1.9324096e-09,4.8994947e-10,-6.8204112,3.3761798e-05
1.7185,6.1256286e-09,0.040100668,1.920209e-09,4.8688963e-10,-6.8204112,3.3762888e-05
1.719,6.0293912e-09,0.040103109,1.8898861e-09,4.7923411e-10,-6.8204112,3.3763968e-05
1.7195,5.8774949e-09,0.04010552,1.8421212e-09,4.6715483e-10,-6.8204112,3.3765033e-05
1.72,5.6731368e-09,0.040107888,1.7779195e-09,4.5090599e-10,-6.8204112,3.3766079e-05
1.7205,5.4204761e-09,0.040110203,1.6985871e-09,4.308183e-10,-6.8204112,3.37671e-05
1.721,5.1245446e-09,0.040112454,1.605704e-09,4.0729181e-10,-6.8204112,3.3768092e-05
1.7215,4.7911407e-09,0.040114631,1.5010896e-09,3.8078747e-10,-6.8204112,3.3769049e-05
1.722,4.4267101e-09,0.040116723,1.3867664e-09,3.5181768e-10,-6.8204112,3.3769969e-05
1.7225,4.0382157e-09,0.040118721,1.2649184e-09,3.2093595e-10,-6.8204112,3.3770846e-05
1.723,3.6329996e-09,0.040120617,1.1378481e-09,2.8872588e-10,-6.8204112,3.3771676e-05
1.7235,3.2186385e-09,0.040122401,1.0079314e-09,2.5578974e-10,-6.8204112,3.3772456e-05
1.724,2.8027974e-09,0.040124066,8.775712e-10,2.2273677e-10,-6.8204112,3.3773183e-05
1.7245,2.3930824e-09,0.040125604,7.4915169e-10,1.9017154e-10,-6.8204112,3.3773853e-05
1.725,1.9968969e-09,0.040127009,6.2499314e-10,1.5868248e-10,-6.8204112,3.3774463e-05
1.7255,1.6213034e-09,0.040128276,5.0730852e-10,1.2883091e-10,-6.8204112,3.3775012e-05
1.726,1.2728925e-09,0.040129398,3.981626e-10,1.0114063e-10,-6.8204112,3.3775496e-05
1.7265,9.5766383e-10,0.040130371,2.9943448e-10,7.6088443e-11,-6.8204112,3.3775913e-05
1.727,6.8091803e-10,0.040131191,2.1278395e-10,5.4095603e-11,-6.8204112,3.3776263e-05
1.7275,4.4716451e-10,0.040131856,1.3962247e-10,3.552045e-11,-6.8204112,3.3776543e-05
1.728,2.6004468e-10,0.040132363,8.1089231e-11,2.0652326e-11,-6.8204112,3.3776753e-05
1.7285,1.2227277e-10,0.040132711,3.8032576e-11,9.7068685e-12,-6.8204112,3.3776893e-05
1.729,3.5594891e-11,0.040132898,1.0997297e-11,2.8227654e-12,-6.8204112,3.3776961e-05
1.7295,7.6709795e-13,0.040132926,2.1774531e-13,6.0004334e-14,-6.8204112,3.3776958e-05
1.73,1.7552408e-11,0.040132794,5.6169831e-12,1.3996437e-12,-6.8204112,3.3776885e-05
1.7305,8.4736814e-11,0.040132504,2.681184e-11,6.7450853e-12,-6.8204112,3.3776743e-05
1.731,2.0016367e-10,0.040132059,6.312374e-11,1.5924809e-11,-6.8204112,3.3776531e-05
1.7315,3.6078559e-10,0.040131461,1.1359503e-10,2.8696503e-11,-6.8204112,3.3776252e-05
1.732,5.6273274e-10,0.040130715,1.7701041e-10,4.4752486e-11,-6.8204112,3.3775908e-05
1.7325,8.0139587e-10,0.040129824,2.5192303e-10,6.3726321e-11,-6.8204112,3.37755e-05
1.733,1.0715226e-09,0.040128794,3.3668467e-10,8.5200455e-11,-6.8204112,3.3775032e-05
1.7335,1.3673247e-09,0.040127631,4.2947943e-10,1.0871476e-10,-6.8204112,3.3774504e-05
1.734,1.6825943e-09,0.040126341,5.2836019e-10,1.3377576e-10,-6.8204112,3.3773921e-05
1.7345,2.0108268e-09,0.04012493,6.3128714e-10,1.5986642e-10,-6.8204112,3.3773285e-05
1.735,2.3453482e-09,0.040123407,7.3616767e-10,1.8645623e-10,-6.8204112,3.37726e-05
1.7355,2.6794437e-09,0.040121779,8.4089675e-10,2.1301148e-10,-6.8204112,3.3771869e-05
1.736,3.0064859e-09,0.040120054,9.4339711e-10,2.390054e-10,-6.8204112,3.3771096e-05
1.7365,3.32006e-09,0.040118242,1.0416584e-09,2.6392814e-10,-6.8204112,3.3770285e-05
1.737,3.6140831e-09,0.040116351,1.1337747e-09,2.8729623e-10,-6.8204112,3.376944e-05
1.7375,3.882916e-09,0.040114392,1.2179795e-09,3.086615e-10,-6.8204112,3.3768565e-05
1.738,4.1214657e-09,0.040112373,1.2926776e-09,3.276192e-10,-6.8204112,3.3767665e-05
1.7385,4.3252753e-09,0.040110304,1.3564736e-09,3.4381513e-10,-6.8204112,3.3766744e-05
1.739,4.490602e-09,0.040108197,1.4081962e-09,3.5695187e-10,-6.8204112,3.3765807e-05
1.7395,4.6144793e-09,0.040106061,1.4469176e-09,3.6679374e-10,-6.8204112,3.3764857e-05
1.74,4.6947653e-09,0.040103907,1.4719685e-09,3.7317056e-10,-6.8204112,3.3763901e-05
1.7405,4.7301731e-09,0.040101744,1.4829477e-09,3.7598013e-10,-6.8204112,3.3762942e-05
1.741,4.7202857e-09,0.040099584,1.4797269e-09,3.7518941e-10,-6.8204112,3.3761985e-05
1.7415,4.6655539e-09,0.040097436,1.4624497e-09,3.7083432e-10,-6.8204112,3.3761034e-05
1.742,4.5672775e-09,0.040095311,1.4315258e-09,3.6301825e-10,-6.8204112,3.3760095e-05
1.7425,4.427571e-09,0.04009322,1.3876203e-09,3.5190937e-10,-6.8204112,3.375917e-05
1.743,4.2493134e-09,0.04009117,1.3316377e-09,3.377366e-10,-6.8204112,3.3758266e-05
1.7435,4.0360855e-09,0.040089173,1.2647023e-09,3.2078462e-10,-6.8204112,3.3757385e-05
1.744,3.7920928e-09,0.040087237,1.1881341e-09,3.0138778e-10,-6.8204112,3.3756533e-05
1.7445,3.5220787e-09,0.040085372,1.1034216e-09,2.7992314e-10,-6.8204112,3.3755712e-05
1.745,3.231228e-09,0.040083585,1.0121911e-09,2.5680288e-10,-6.8204112,3.3754928e-05
1.7455,2.9250632e-09,0.040081885,9.1617487e-10,2.3246599e-10,-6.8204112,3.3754182e-05
1.746,2.6093357e-09,0.040080279,8.1717627e-10,2.0736961e-10,-6.8204112,3.3753479e-05
1.7465,2.2899133e-09,0.040078775,7.1703511e-10,1.8198017e-10,-6.8204112,3.3752821e-05
1.747,1.9726677e-09,0.040077379,6.1759203e-10,1.5676439e-10,-6.8204112,3.3752212e-05
1.7475,1.6633629e-09,0.040076097,5.2065355e-10,1.3218037e-10,-6.8204112,3.3751655e-05
1.748,1.3675462e-09,0.040074935,4.279581e-10,1.0866905e-10,-6.8204112,3.375115e-05
1.7485,1.0904458e-09,0.040073897,3.4114372e-10,8.6645926e-11,-6.8204112,3.3750702e-05
1.749,8.3687494e-10,0.040072988,2.6171809e-10,6.6493539e-11,-6.8204112,3.375031e-05
1.7495,6.1114487e-10,0.040072211,1.910314e-10,4.8554516e-11,-6.8204112,3.3749978e-05
1.75,4.1698903e-10,0.04007157,1.302524e-10,3.3125542e-11,-6.8204112,3.3749706e-05
1.7505,2.5749852e-10,0.040071066,8.0348384e-11,2.0452243e-11,-6.8204112,3.3749495e-05
1.751,1.3507084e-10,0.0400707,4.2069045e-11,1.0725107e-11,-6.8204112,3.3749346e-05
1.7515,5.1372265e-11,0.040070475,1.5934768e-11,4.0764998e-12,-6.8204112,3.3749259e-05
1.752,7.314649e-12,0.040070391,2.2293792e-12,5.788191e-13,-6.8204112,3.3749234e-05
1.7525,3.0467902e-12,0.040070446,9.9748571e-13,2.4381083e-13,-6.8204112,3.3749271e-05
1.753,3.7960436e-11,0.040070639,1.2046393e-11,3.0230479e-12,-6.8204112,3.374937e-05
1.7535,1.107106e-10,0.04007097,3.4952515e-11,8.8095471e-12,-6.8204112,3.3749529e-05
1.754,2.1924967e-10,0.040071436,6.9072098e-11,1.744048e-11,-6.8204112,3.3749748e-05
1.7545,3.6087445e-10,0.040072033,1.1355601e-10,2.8700918e-11,-6.8204112,3.3750025e-05
1.755,5.3228519e-10,0.040072758,1.6736826e-10,4.2328516e-11,-6.8204112,3.3750358e-05
1.7555,7.2965517e-10,0.040073608,2.2930786e-10,5.8019057e-11,-6.8204112,3.3750746e-05
1.756,9.4870963e-10,0.040074576,2.9803359e-10,7.5432717e-11,-6.8204112,3.3751186e-05
1.7565,1.1848122e-09,0.040075658,3.7209109e-10,9.4200938e-11,-6.8204112,3.3751676e-05
1.757,1.4330572e-09,0.040076848,4.4994186e-10,1.1393377e-10,-6.8204112,3.3752214e-05
1.7575,1.6883663e-09,0.04007814,5.2999344e-10,1.3422755e-10,-6.8204112,3.3752796e-05
1.758,1.9455866e-09,0.040079526,6.106304e-10,1.5467268e-10,-6.8204112,3.3753419e-05
1.7585,2.1995899e-09,0.040081001,6.9024522e-10,1.7486158e-10,-6.8204112,3.3754081e-05
1.759,2.4453698e-09,0.040082555,7.6726883e-10,1.9439631e-10,-6.8204112,3.3754777e-05
1.7595,2.6781355e-09,0.040084182,8.4020001e-10,2.1289611e-10,-6.8204112,3.3755505e-05
1.76,2.8934003e-09,0.040085873,9.0763311e-10,2.3000438e-10,-6.8204112,3.375626e-05
1.7605,3.0870634e-09,0.04008762,9.6828369e-10,2.4539523e-10,-6.8204112,3.375704e-05
1.761,3.2554837e-09,0.040089414,1.0210115e-09,2.5877928e-10,-6.8204112,3.3757839e-05
1.7615,3.3955433e-09,0.040091246,1.0648407e-09,2.6990878e-10,-6.8204112,3.3758655e-05
1.762,3.504701e-09,0.040093107,1.0989761e-09,2.7858179e-10,-6.8204112,3.3759482e-05
1.7625,3.5810339e-09,0.040094989,1.1228165e-09,2.8464555e-10,-6.8204112,3.3760318e-05
1.763,3.6232666e-09,0.040096881,1.1359641e-09,2.8799874e-10,-6.8204112,3.3761158e-05
1.7635,3.6307883e-09,0.040098776,1.1382289e-09,2.8859289e-10,-6.8204112,3.3761997e-05
1.764,3.6036564e-09,0.040100663,1.1296309e-09,2.8643264e-10,-6.8204112,3.3762833e-05
1.7645,3.5425879e-09,0.040102534,1.1103966e-09,2.8157504e-10,-6.8204112,3.3763661e-05
1.765,3.448938e-09,0.040104381,1.0809523e-09,2.7412788e-10,-6.8204112,3.3764477e-05
1.7655,3.3246669e-09,0.040106194,1.0419144e-09,2.6424703e-10,-6.8204112,3.3765278e-05
1.766,3.1722957e-09,0.040107965,9.9407449e-10,2.5213293e-10,-6.8204112,3.3766059e-05
1.7665,2.9948516e-09,0.040109686,9.3838295e-10,2.3802625e-10,-6.8204112,3.3766817e-05
1.767,2.7958049e-09,0.040111348,8.759288e-10,2.2220288e-10,-6.8204112,3.3767548e-05
1.7675,2.5789976e-09,0.040112945,8.0791741e-10,2.0496823e-10,-6.8204112,3.376825e-05
1.768,2.348566e-09,0.040114469,7.3564621e-10,1.866511e-10,-6.8204112,3.3768918e-05
1.7685,2.1088589e-09,0.040115913,6.6047898e-10,1.6759718e-10,-6.8204112,3.3769551e-05
1.769,1.8643522e-09,0.040117271,5.8381914e-10,1.4816224e-10,-6.8204112,3.3770144e-05
1.7695,1.6195622e-09,0.040118537,5.0708258e-10,1.2870527e-10,-6.8204112,3.3770697e-05
1.77,1.3789596e-09,0.040119704,4.3167061e-10,1.0958161e-10,-6.8204112,3.3771205e-05
1.7705,1.1468848e-09,0.040120769,3.5894347e-10,9.1136225e-11,-6.8204112,3.3771668e-05
1.771,9.2746675e-10,0.040121727,2.9019494e-10,7.3697295e-11,-6.8204112,3.3772082e-05
1.7715,7.2454706e-10,0.040122573,2.266285e-10,5.7570133e-11,-6.8204112,3.3772447e-05
1.772,5.4161019e-10,0.040123305,1.6933548e-10,4.303166e-11,-6.8204112,3.3772761e-05
1.7725,3.8172133e-10,0.040123919,1.1927563e-10,3.0325465e-11,-6.8204112,3.3773022e-05
1.773,2.4747295e-10,0.040124414,7.7260359e-11,1.9657559e-11,-6.8204112,3.377323e-05
1.7735,1.4094096e-10,0.040124787,4.3939028e-11,1.1192888e-11,-6.8204112,3.3773385e-05
1.774,6.3651213e-11,0.040125038,1.978849e-11,5.0526754e-12,-6.8204112,3.3773484e-05
1.7745,1.6556859e-11,0.040125166,5.1059998e-12,1.3126205e-12,-6.8204112,3.377353e-05
1.775,2.6827399e-14,0.040125171,5.6498709e-15,1.9852057e-15,-6.8204112,3.3773521e-05
1.7755,1.3845578e-11,0.040125054,4.4183112e-12,1.1035753e-12,-6.8204112,3.3773458e-05
1.776,5.7223954e-11,0.040124816,1.8095071e-11,4.5546044e-12,-6.8204112,3.3773341e-05
1.7765,1.2882083e-10,0.040124458,4.0614045e-11,1.0248415e-11,-6.8204112,3.3773172e-05
1.777,2.2677498e-10,0.040123985,7.1390399e-11,1.8037015e-11,-6.8204112,3.3772951e-05
1.7775,3.4874653e-10,0.040123397,1.0968936e-10,2.7734369e-11,-6.8204112,3.3772681e-05
1.778,4.9196693e-10,0.040122699,1.5464191e-10,3.9120377e-11,-6.8204112,3.3772362e-05
1.7785,6.5329661e-10,0.040121895,2.0526288e-10,5.1945452e-11,-6.8204112,3.3771996e-05
1.779,8.2928893e-10,0.04012099,2.6047102e-10,6.5935609e-11,-6.8204112,3.3771585e-05
1.7795,1.0162593e-09,0.040119987,3.1911067e-10,8.0797957e-11,-6.8204112,3.3771132e-05
1.78,1.2103581e-09,0.040118893,3.799746e-10,9.6226488e-11,-6.8204112,3.3770639e-05
1.7805,1.4076454e-09,0.040117712,4.4182755e-10,1.1190804e-10,-6.8204112,3.3770108e-05
1.781,1.6041676e-09,0.040116453,5.0343008e-10,1.2752836e-10,-6.8204112,3.3769542e-05
1.7815,1.796032e-09,0.04011512,5.6356212e-10,1.4277804e-10,-6.8204112,3.3768945e-05
1.782,1.9794808e-09,0.040113721,6.2104602e-10,1.5735841e-10,-6.8204112,3.3768319e-05
1.7825,2.1509604e-09,0.040112262,6.7476841e-10,1.7098705e-10,-6.8204112,3.3767667e-05
1.783,2.3071871e-09,0.040110752,7.2370063e-10,1.8340297e-10,-6.8204112,3.3766993e-05
1.7835,2.4452062e-09,0.040109197,7.669173e-10,1.9437136e-10,-6.8204112,3.37663e-05
1.784,2.5624442e-09,0.040107605,8.0361277e-10,2.0368771e-10,-6.8204112,3.3765591e-05
1.7845,2.6567537e-09,0.040105984,8.3311497e-10,2.1118138e-10,-6.8204112,3.376487e-05
1.785,2.726449e-09,0.040104342,8.5489675e-10,2.1671843e-10,-6.8204112,3.3764141e-05
1.7855,2.7703329e-09,0.040102687,8.6858411e-10,2.2020375e-10,-6.8204112,3.3763406e-05
1.786,2.7877139e-09,0.040101027,8.7396161e-10,2.2158244e-10,-6.8204112,3.376267e-05
1.7865,2.7784134e-09,0.04009937,8.7097464e-10,2.2084035e-10,-6.8204112,3.3761936e-05
1.787,2.742763e-09,0.040097723,8.5972852e-10,2.1800389e-10,-6.8204112,3.3761207e-05
1.7875,2.6815926e-09,0.040096095,8.4048474e-10,2.1313909e-10,-6.8204112,3.3760487e-05
1.788,2.5962086e-09,0.040094493,8.136541e-10,2.0634983e-10,-6.8204112,3.375978e-05
1.7885,2.4883637e-09,0.040092925,7.7978721e-10,1.9777547e-10,-6.8204112,3.3759088e-05
1.789,2.3602182e-09,0.040091397,7.3956238e-10,1.8758777e-10,-6.8204112,3.3758414e-05
1.7895,2.2142945e-09,0.040089918,6.9377125e-10,1.7598724e-10,-6.8204112,3.3757763e-05
1.79,2.0534247e-09,0.040088494,6.4330243e-10,1.6319903e-10,-6.8204112,3.3757137e-05
1.7905,1.8806929e-09,0.04008713,5.8912346e-10,1.4946832e-10,-6.8204112,3.3756538e-05
1.791,1.6993744e-09,0.040085834,5.322615e-10,1.3505545e-10,-6.8204112,3.375597e-05
1.7915,1.5128705e-09,0.040084612,4.7378312e-10,1.2023078e-10,-6.8204112,3.3755435e-05
1.792,1.3246425e-09,0.040083468,4.1477354e-10,1.0526944e-10,-6.8204112,3.3754935e-05
1.7925,1.1381454e-09,0.040082407,3.5631578e-10,9.0446045e-11,-6.8204112,3.3754472e-05
1.793,9.5676212e-10,0.040081435,2.994701e-10,7.6029477e-11,-6.8204112,3.3754049e-05
1.7935,7.8373992e-10,0.040080555,2.452541e-10,6.2277829e-11,-6.8204112,3.3753668e-05
1.794,6.2213038e-10,0.040079771,1.9462383e-10,4.9433632e-11,-6.8204112,3.3753329e-05
1.7945,4.7473351e-10,0.040079087,1.4845637e-10,3.7719416e-11,-6.8204112,3.3753035e-05
1.795,3.4404747e-10,0.040078504,1.07534e-10,2.7333712e-11,-6.8204112,3.3752785e-05
1.7955,2.3222453e-10,0.040078025,7.2530495e-11,1.8447555e-11,-6.8204112,3.3752583e-05
1.796,1.4103413e-10,0.040077652,4.3999506e-11,1.1201547e-11,-6.8204112,3.3752427e-05
1.7965,7.1833681e-11,0.040077385,2.2365444e-11,5.7035369e-12,-6.8204112,3.3752319e-05
1.797,2.5547505e-11,0.040077227,7.9169056e-12,2.0269473e-12,-6.8204112,3.3752258e-05
1.7975,2.6542686e-12,0.040077176,8.027491e-13,2.0977736e-13,-6.8204112,3.3752245e-05
1.798,3.183031e-12,0.040077232,1.0308836e-12,2.5428911e-13,-6.8204112,3.375228e-05
1.7985,2.6717896e-11,0.040077395,8.4697473e-12,2.1273781e-12,-6.8204112,3.3752362e-05
1.799,7.2411066e-11,0.040077662,2.2852423e-11,5.7616117e-12,-6.8204112,3.375249e-05
1.7995,1.3900396e-10,0.040078033,4.3783278e-11,1.1056909e-11,-6.8204112,3.3752664e-05
1.8,2.2485588e-10,0.040078504,7.074698e-11,1.7882821e-11,-6.8204112,3.3752882e-05
1.8005,3.2797968e-10,0.040079074,1.0311968e-10,2.6081362e-11,-6.8204112,3.3753144e-05
1.801,4.460835e-10,0.040079738,1.4018211e-10,3.5470334e-11,-6.8204112,3.3753447e-05
1.8015,5.7661792e-10,0.040080493,1.8113442e-10,4.584707e-11,-6.8204112,3.375379e-05
1.802,7.1682737e-10,0.040081334,2.2511225e-10,5.6992526e-11,-6.8204112,3.3754171e-05
1.8025,8.6380497e-10,0.040082258,2.7120397e-10,6.8675634e-11,-6.8204112,3.3754588e-05
1.803,1.0145495e-09,0.04008326,3.1846851e-10,8.0657836e-11,-6.8204112,3.3755039e-05
1.8035,1.1660237e-09,0.040084333,3.6595365e-10,9.2697706e-11,-6.8204112,3.3755521e-05
1.804,1.3152121e-09,0.040085473,4.1271422e-10,1.0455558e-10,-6.8204112,3.3756033e-05
1.8045,1.4591785e-09,0.040086674,4.5782998e-10,1.1599807e-10,-6.8204112,3.3756571e-05
1.805,1.5951208e-09,0.04008793,5.0042289e-10,1.2680247e-10,-6.8204112,3.3757132e-05
1.8055,1.7204225e-09,0.040089234,5.3967325e-10,1.3676084e-10,-6.8204112,3.3757715e-05
1.806,1.8327005e-09,0.04009058,5.7483464e-10,1.4568377e-10,-6.8204112,3.3758315e-05
1.8065,1.9298476e-09,0.040091961,6.0524726e-10,1.5340381e-10,-6.8204112,3.375893e-05
1.807,2.0100697e-09,0.040093371,6.303495e-10,1.5977839e-10,-6.8204112,3.3759558e-05
1.8075,2.0719157e-09,0.040094802,6.4968743e-10,1.6469221e-10,-6.8204112,3.3760194e-05
1.808,2.1143017e-09,0.040096247,6.6292223e-10,1.6805915e-10,-6.8204112,3.3760836e-05
1.8085,2.1365269e-09,0.040097701,6.6983528e-10,1.6982356e-10,-6.8204112,3.3761481e-05
1.809,2.138283e-09,0.040099155,6.7033092e-10,1.6996096e-10,-6.8204112,3.3762125e-05
1.8095,2.1196549e-09,0.040100602,6.6443687e-10,1.6847814e-10,-6.8204112,3.3762766e-05
1.81,2.081115e-09,0.040102037,6.5230222e-10,1.6541271e-10,-6.8204112,3.3763401e-05
1.8105,2.0235096e-09,0.040103451,6.3419327e-10,1.6083195e-10,-6.8204112,3.3764026e-05
1.811,1.9480383e-09,0.040104839,6.1048702e-10,1.5483127e-10,-6.8204112,3.3764638e-05
1.8115,1.8562274e-09,0.040106193,5.8166279e-10,1.4753201e-10,-6.8204112,3.3765235e-05
1.812,1.7498968e-09,0.040107509,5.4829186e-10,1.3907887e-10,-6.8204112,3.3765815e-05
1.8125,1.6311223e-09,0.040108779,5.1102561e-10,1.2963684e-10,-6.8204112,3.3766373e-05
1.813,1.5021927e-09,0.040109997,4.7058211e-10,1.1938789e-10,-6.8204112,3.3766909e-05
1.8135,1.3655643e-09,0.040111159,4.277318e-10,1.0852727e-10,-6.8204112,3.3767418e-05
1.814,1.2238119e-09,0.040112259,3.8328214e-10,9.7259646e-11,-6.8204112,3.37679e-05
1.8145,1.0795788e-09,0.040113293,3.3806188e-10,8.5795123e-11,-6.8204112,3.3768352e-05
1.815,9.3552528e-10,0.040114254,2.9290501e-10,7.4345158e-11,-6.8204112,3.3768771e-05
1.8155,7.9427813e-10,0.04011514,2.4863491e-10,6.3118536e-11,-6.8204112,3.3769157e-05
1.816,6.5838107e-10,0.040115947,2.0604871e-10,5.2317432e-11,-6.8204112,3.3769507e-05
1.8165,5.3024721e-10,0.040116671,1.6590253e-10,4.2133636e-11,-6.8204112,3.3769821e-05
1.817,4.1211476e-10,0.04011731,1.2889752e-10,3.2745032e-11,-6.8204112,3.3770096e-05
1.8175,3.0600644e-10,0.04011786,9.5667183e-11,2.4312371e-11,-6.8204112,3.3770331e-05
1.818,2.1369354e-10,0.040118319,6.6766097e-11,1.6976417e-11,-6.8204112,3.3770527e-05
1.8185,1.3666512e-10,0.040118687,4.2660291e-11,1.0855495e-11,-6.8204112,3.3770681e-05
1.819,7.6102959e-11,0.040118961,2.3719405e-11,6.0435065e-12,-6.8204112,3.3770794e-05
1.8195,3.2862642e-11,0.040119141,1.021077e-11,2.6084215e-12,-6.8204112,3.3770865e-05
1.82,7.4610616e-12,0.040119227,2.2955169e-12,5.9128899e-13,-6.8204112,3.3770895e-05
1.8205,7.0501619e-14,0.040119219,2.6729902e-14,5.76611e-15,-6.8204112,3.3770882e-05
1.821,1.0519348e-11,0.040119116,3.3496942e-12,8.381757e-13,-6.8204112,3.3770829e-05
1.8215,3.8299329e-11,0.040118922,1.210418e-11,3.0480824e-12,-6.8204112,3.3770734e-05
1.822,8.2579077e-11,0.040118636,2.6028711e-11,6.5693713e-12,-6.8204112,3.3770599e-05
1.8225,1.4222367e-10,0.040118261,4.4766707e-11,1.1311802e-11,-6.8204112,3.3770424e-05
1.823,2.1581973e-10,0.040117798,6.7874365e-11,1.7163003e-11,-6.8204112,3.3770212e-05
1.8235,3.0170552e-10,0.040117252,9.4830109e-11,2.3990867e-11,-6.8204112,3.3769962e-05
1.824,3.9800541e-10,0.040116625,1.250454e-10,3.1646287e-11,-6.8204112,3.3769676e-05
1.8245,5.0266801e-10,0.040115919,1.5787672e-10,3.9966193e-11,-6.8204112,3.3769357e-05
1.825,6.1350726e-10,0.04011514,1.9263843e-10,4.8776812e-11,-6.8204112,3.3769005e-05
1.8255,7.2824549e-10,0.040114292,2.2861628e-10,5.7897096e-11,-6.8204112,3.3768622e-05
1.826,8.4455781e-10,0.040113378,2.6508136e-10,6.7142249e-11,-6.8204112,3.3768211e-05
1.8265,9.6011692e-10,0.040112403,3.0130412e-10,7.6327285e-11,-6.8204112,3.3767774e-05
1.827,1.0726373e-09,0.040111373,3.365682e-10,8.5270549e-11,-6.8204112,3.3767313e-05
1.8275,1.1799183e-09,0.040110293,3.7018399e-10,9.3797129e-11,-6.8204112,3.3766829e-05
1.828,1.2798849e-09,0.040109168,4.0150133e-10,1.0174211e-10,-6.8204112,3.3766327e-05
1.8285,1.3706256e-09,0.040108004,4.2992153e-10,1.0895358e-10,-6.8204112,3.3765807e-05
1.829,1.4504274e-09,0.040106806,4.5490803e-10,1.1529538e-10,-6.8204112,3.3765273e-05
1.8295,1.5178053e-09,0.040105581,4.75996e-10,1.2064953e-10,-6.8204112,3.3764728e-05
1.83,1.5715285e-09,0.040104334,4.9280028e-10,1.2491822e-10,-6.8204112,3.3764174e-05
1.8305,1.6106406e-09,0.040103072,5.0502181e-10,1.2802546e-10,-6.8204112,3.3763613e-05
1.831,1.6344747e-09,0.040101801,5.1245228e-10,1.2991827e-10,-6.8204112,3.3763049e-05
1.8315,1.6426628e-09,0.040100527,5.1497711e-10,1.3056742e-10,-6.8204112,3.3762484e-05
1.832,1.6351389e-09,0.040099255,5.1257646e-10,1.2996771e-10,-6.8204112,3.3761921e-05
1.8325,1.6121374e-09,0.040097993,5.0532459e-10,1.2813781e-10,-6.8204112,3.3761362e-05
1.833,1.5741847e-09,0.040096746,4.9338731e-10,1.2511957e-10,-6.8204112,3.376081e-05
1.8335,1.522086e-09,0.040095519,4.7701775e-10,1.2097704e-10,-6.8204112,3.3760269e-05
1.834,1.4569066e-09,0.040094319,4.5655058e-10,1.1579492e-10,-6.8204112,3.3759739e-05
1.8345,1.3799489e-09,0.040093151,4.3239469e-10,1.0967674e-10,-6.8204112,3.3759225e-05
1.835,1.2927247e-09,0.040092021,4.0502452e-10,1.027427e-10,-6.8204112,3.3758727e-05
1.8355,1.1969239e-09,0.040090933,3.7497033e-10,9.5127131e-11,-6.8204112,3.3758249e-05
1.836,1.0943805e-09,0.040089893,3.4280742e-10,8.6975835e-11,-6.8204112,3.3757792e-05
1.8365,9.870362e-10,0.040088906,3.091447e-10,7.8443142e-11,-6.8204112,3.3757359e-05
1.837,8.769017e-10,0.040087975,2.7461272e-10,6.9688889e-11,-6.8204112,3.3756952e-05
1.8375,7.6601818e-10,0.040087105,2.3985138e-10,6.0875319e-11,-6.8204112,3.3756572e-05
1.838,6.5641791e-10,0.040086299,2.0549775e-10,5.2163962e-11,-6.8204112,3.3756221e-05
1.8385,5.5008569e-10,0.040085562,1.7217386e-10,4.3712575e-11,-6.8204112,3.37559e-05
1.839,4.4892171e-10,0.040084896,1.4047517e-10,3.5672184e-11,-6.8204112,3.3755612e-05
1.8395,3.5470637e-10,0.040084304,1.1095946e-10,2.8184288e-11,-6.8204112,3.3755356e-05
1.84,2.6906779e-10,0.040083789,8.4136698e-11,2.1378283e-11,-6.8204112,3.3755134e-05
1.8405,1.9345264e-10,0.040083352,6.0459897e-11,1.5369136e-11,-6.8204112,3.3754948e-05
1.841,1.291007e-10,0.040082995,4.0317145e-11,1.0255368e-11,-6.8204112,3.3754797e-05
1.8415,7.7023699e-11,0.040082719,2.4024982e-11,6.1173707e-12,-6.8204112,3.3754682e-05
1.842,3.7988692e-11,0.040082525,1.1823209e-11,3.0160875e-12,-6.8204112,3.3754604e-05
1.8425,1.2506313e-11,0.040082414,3.8712118e-12,9.9207833e-13,-6.8204112,3.3754562e-05
1.843,8.2403013e-13,0.040082386,2.4586124e-13,6.4984783e-14,-6.8204112,3.3754557e-05
1.8435,2.9244786e-12,0.04008244,9.4100736e-13,2.3339864e-13,-6.8204112,3.3754588e-05
1.844,1.8528858e-11,0.040082575,5.868555e-12,1.4751319e-12,-6.8204112,3.3754656e-05
1.8445,4.7105257e-11,0.040082791,1.4861087e-11,3.747879e-12,-6.8204112,3.3754759e-05
1.845,8.7881694e-11,0.040083086,2.7675964e-11,6.9902542e-12,-6.8204112,3.3754897e-05
1.8455,1.3986358e-10,0.040083458,4.4000813e-11,1.1123179e-11,-6.8204112,3.3755069e-05
1.846,2.0185519e-10,0.040083904,6.3460268e-11,1.6051592e-11,-6.8204112,3.3755274e-05
1.8465,2.7248475e-10,0.040084423,8.5623841e-11,2.166644e-11,-6.8204112,3.375551e-05
1.847,3.5023254e-10,0.040085012,1.1001474e-10,2.7846913e-11,-6.8204112,3.3755777e-05
1.8475,4.3346153e-10,0.040085666,1.3611949e-10,3.446288e-11,-6.8204112,3.3756074e-05
1.848,5.2044982e-10,0.040086384,1.6339809e-10,4.1377469e-11,-6.8204112,3.3756397e-05
1.8485,6.0942441e-10,0.04008716,1.9129461e-10,4.844975e-11,-6.8204112,3.3756747e-05
1.849,6.9859549e-10,0.040087991,2.1924794e-10,5.5537457e-11,-6.8204112,3.375712e-05
1.8495,7.8619065e-10,0.040088872,2.4670253e-10,6.2499716e-11,-6.8204112,3.3757515e-05
1.85,8.7048843e-10,0.0400898,2.7311887e-10,6.9199701e-11,-6.8204112,3.3757931e-05
1.8505,9.4985038e-10,0.040090769,2.9798358e-10,7.5507193e-11,-6.8204112,3.3758364e-05
1.851,1.0227514e-09,0.040091774,3.2081885e-10,8.1300977e-11,-6.8204112,3.3758813e-05
1.8515,1.0878071e-09,0.040092811,3.4119116e-10,8.6471045e-11,-6.8204112,3.3759276e-05
1.852,1.1437991e-09,0.040093874,3.5871895e-10,9.0920556e-11,-6.8204112,3.3759749e-05
1.8525,1.1896957e-09,0.040094959,3.730793e-10,9.4567526e-11,-6.8204112,3.3760232e-05
1.853,1.2246694e-09,0.040096059,3.840134e-10,9.7346216e-11,-6.8204112,3.3760721e-05
1.8535,1.2481106e-09,0.04009717,3.9133073e-10,9.9208192e-11,-6.8204112,3.3761214e-05
1.854,1.2596364e-09,0.040098286,3.9491187e-10,1.0012304e-10,-6.8204112,3.3761709e-05
1.8545,1.2590955e-09,0.040099402,3.9470998e-10,1.0007876e-10,-6.8204112,3.3762204e-05
1.855,1.246568e-09,0.040100512,3.907508e-10,9.9081744e-11,-6.8204112,3.3762695e-05
1.8555,1.2223615e-09,0.040101611,3.8313138e-10,9.7156464e-11,-6.8204112,3.3763181e-05
1.856,1.1870025e-09,0.040102694,3.7201735e-10,9.4344798e-11,-6.8204112,3.376366e-05
1.8565,1.1412241e-09,0.040103756,3.5763902e-10,9.0705025e-11,-6.8204112,3.3764129e-05
1.857,1.0859492e-09,0.040104793,3.4028625e-10,8.6310529e-11,-6.8204112,3.3764585e-05
1.8575,1.022271e-09,0.040105798,3.2030221e-10,8.1248228e-11,-6.8204112,3.3765028e-05
1.858,9.5143055e-10,0.040106768,2.9807625e-10,7.5616763e-11,-6.8204112,3.3765455e-05
1.8585,8.7479075e-10,0.040107698,2.7403601e-10,6.9524491e-11,-6.8204112,3.3765863e-05
1.859,7.9380961e-10,0.040108584,2.4863875e-10,6.3087305e-11,-6.8204112,3.3766252e-05
1.8595,7.1001116e-10,0.040109421,2.2236241e-10,5.642635e-11,-6.8204112,3.3766619e-05
1.86,6.2495574e-10,0.040110207,1.9569621e-10,4.9665652e-11,-6.8204112,3.3766962e-05
1.8605,5.4020992e-10,0.040110938,1.6913125e-10,4.2929729e-11,-6.8204112,3.3767281e-05
1.861,4.5731663e-10,0.040111611,1.4315113e-10,3.6341217e-11,-6.8204112,3.3767574e-05
1.8615,3.7776608e-10,0.040112222,1.1822286e-10,3.0018559e-11,-6.8204112,3.3767839e-05
1.862,3.0296806e-10,0.040112769,9.4788154e-11,2.40738e-11,-6.8204112,3.3768075e-05
1.8625,2.34226e-10,0.04011325,7.3255324e-11,1.8610534e-11,-6.8204112,3.3768283e-05
1.863,1.7271347e-10,0.040113663,5.3991908e-11,1.3722027e-11,-6.8204112,3.3768459e-05
1.8635,1.1945336e-10,0.040114007,3.7318148e-11,9.489564e-12,-6.8204112,3.3768605e-05
1.864,7.5300113e-11,0.04011428,2.3501449e-11,5.9810444e-12,-6.8204112,3.376872e-05
1.8645,4.0925497e-11,0.040114481,1.27519e-11,3.2498425e-12,-6.8204112,3.3768802e-05
1.865,1.6807895e-11,0.04011461,5.2189484e-12,1.333962e-12,-6.8204112,3.3768853e-05
1.8655,3.2254642e-12,0.040114666,9.8925281e-13,2.5549058e-13,-6.8204112,3.3768871e-05
1.866,2.5315362e-13,0.04011465,8.5766004e-14,2.0363911e-14,-6.8204112,3.3768857e-05
1.8665,7.7636342e-12,0.040114563,2.4680331e-12,6.1843984e-13,-6.8204112,3.3768812e-05
1.867,2.5432057e-11,0.040114404,8.0336944e-12,2.0238771e-12,-6.8204112,3.3768735e-05
1.8675,5.2744518e-11,0.040114175,1.6621148e-11,4.1958081e-12,-6.8204112,3.3768628e-05
1.868,8.9010011e-11,0.040113879,2.8013309e-11,7.0792902e-12,-6.8204112,3.376849e-05
1.8685,1.3337562e-10,0.040113515,4.1942377e-11,1.0606513e-11,-6.8204112,3.3768323e-05
1.869,1.8484463e-10,0.040113088,5.8095518e-11,1.4698237e-11,-6.8204112,3.3768127e-05
1.8695,2.4229708e-10,0.040112598,7.6121333e-11,1.9265432e-11,-6.8204112,3.3767905e-05
1.87,3.0451259e-10,0.040112049,9.5636985e-11,2.4211085e-11,-6.8204112,3.3767656e-05
1.8705,3.7019463e-10,0.040111444,1.1623584e-10,2.9432133e-11,-6.8204112,3.3767383e-05
1.871,4.3799609e-10,0.040110786,1.3749549e-10,3.48215e-11,-6.8204112,3.3767086e-05
1.8715,5.0654552e-10,0.040110078,1.5898595e-10,4.0270172e-11,-6.8204112,3.3766768e-05
1.872,5.7447342e-10,0.040109324,1.8027791e-10,4.5669297e-11,-6.8204112,3.376643e-05
1.8725,6.4043833e-10,0.040108529,2.0095094e-10,5.0912252e-11,-6.8204112,3.3766074e-05
1.873,7.0315194e-10,0.040107695,2.2060133e-10,5.5896644e-11,-6.8204112,3.3765701e-05
1.8735,7.6140304e-10,0.040106827,2.388496e-10,6.0526207e-11,-6.8204112,3.3765313e-05
1.874,8.1407962e-10,0.04010593,2.5534743e-10,6.4712567e-11,-6.8204112,3.3764913e-05
1.8745,8.6018887e-10,0.040105007,2.6978391e-10,6.8376821e-11,-6.8204112,3.3764502e-05
1.875,8.9887468e-10,0.040104065,2.8189104e-10,7.145094e-11,-6.8204112,3.3764082e-05
1.8755,9.2943237e-10,0.040103106,2.9144833e-10,7.3878925e-11,-6.8204112,3.3763656e-05
1.876,9.5132027e-10,0.040102136,2.982864e-10,7.5617742e-11,-6.8204112,3.3763225e-05
1.8765,9.6416818e-10,0.04010116,3.0228968e-10,7.6637984e-11,-6.8204112,3.3762792e-05
1.877,9.6778241e-10,0.040100182,3.0339792e-10,7.6924273e-11,-6.8204112,3.3762358e-05
1.8775,9.6214743e-10,0.040099206,3.0160671e-10,7.6475395e-11,-6.8204112,3.3761926e-05
1.878,9.4742408e-10,0.040098239,2.9696696e-10,7.5304152e-11,-6.8204112,3.3761498e-05
1.8785,9.2394447e-10,0.040097283,2.8958322e-10,7.3436961e-11,-6.8204112,3.3761075e-05
1.879,8.9220371e-10,0.040096344,2.7961115e-10,7.0913191e-11,-6.8204112,3.3760661e-05
1.8795,8.5284856e-10,0.040095426,2.6725388e-10,6.7784266e-11,-6.8204112,3.3760256e-05
1.88,8.0666342e-10,0.040094533,2.5275767e-10,6.4112549e-11,-6.8204112,3.3759862e-05
1.8805,7.5455379e-10,0.040093669,2.3640671e-10,5.9970024e-11,-6.8204112,3.3759482e-05
1.881,6.9752763e-10,0.040092839,2.1851723e-10,5.5436821e-11,-6.8204112,3.3759117e-05
1.8815,6.3667506e-10,0.040092046,1.9943117e-10,5.0599594e-11,-6.8204112,3.3758769e-05
1.882,5.7314663e-10,0.040091293,1.7950937e-10,4.5549801e-11,-6.8204112,3.3758439e-05
1.8825,5.0813074e-10,0.040090585,1.5912448e-10,4.0381906e-11,-6.8204112,3.3758129e-05
1.883,4.4283064e-10,0.040089923,1.386537e-10,3.5191547e-11,-6.8204112,3.375784e-05
1.8835,3.7844134e-10,0.040089312,1.1847162e-10,3.007371e-11,-6.8204112,3.3757574e-05
1.884,3.1612696e-10,0.040088753,9.8943095e-11,2.5120921e-11,-6.8204112,3.3757331e-05
1.8845,2.5699902e-10,0.040088249,8.0416404e-11,2.042152e-11,-6.8204112,3.3757112e-05
1.885,2.0209583e-10,0.040087802,6.3216844e-11,1.6058032e-11,-6.8204112,3.375692e-05
1.8855,1.5236365e-10,0.040087414,4.7640791e-11,1.2105657e-11,-6.8204112,3.3756753e-05
1.886,1.0863971e-10,0.040087086,3.3950411e-11,8.6309319e-12,-6.8204112,3.3756613e-05
1.8865,7.1637603e-11,0.04008682,2.2369062e-11,5.6905615e-12,-6.8204112,3.3756501e-05
1.887,4.1935091e-11,0.040086617,1.3077499e-11,3.3304552e-12,-6.8204112,3.3756417e-05
1.8875,1.9964726e-11,0.040086477,6.2109266e-12,1.5849783e-12,-6.8204112,3.375636e-05
1.888,6.0072881e-12,0.0400864,1.8569577e-12,4.7643229e-13,-6.8204112,3.3756332e-05
1.8885,1.8820493e-13,0.040086386,5.4494988e-14,1.4770126e-14,-6.8204112,3.3756332e-05
1.889,2.4769615e-12,0.040086436,7.9355666e-13,1.9754977e-13,-6.8204112,3.3756359e-05
1.8895,1.2689485e-11,0.040086548,4.0160302e-12,1.010124e-12,-6.8204112,3.3756415e-05
1.89,3.0493422e-11,0.040086721,9.6173351e-12,2.4260603e-12,-6.8204112,3.3756497e-05
1.8905,5.5416171e-11,0.040086955,1.7448948e-11,4.4077792e-12,-6.8204112,3.3756607e-05
1.891,8.6855494e-11,0.040087248,2.7321737e-11,6.9073989e-12,-6.8204112,3.3756742e-05
1.8915,1.2409247e-10,0.040087599,3.9010024e-11,9.8677637e-12,-6.8204112,3.3756902e-05
1.892,1.6630651e-10,0.040088004,5.2256305e-11,1.3223639e-11,-6.8204112,3.3757087e-05
1.8925,2.1259214e-10,0.040088463,6.677651e-11,1.6903045e-11,-6.8204112,3.3757295e-05
1.893,2.619772e-10,0.040088972,8.2265713e-11,2.0828704e-11,-6.8204112,3.3757525e-05
1.8935,3.1344211e-10,0.040089528,9.8404174e-11,2.491957e-11,-6.8204112,3.3757777e-05
1.894,3.659398e-10,0.04009013,1.1486359e-10,2.9092413e-11,-6.8204112,3.3758047e-05
1.8945,4.1841592e-10,0.040090773,1.3131342e-10,3.326343e-11,-6.8204112,3.3758336e-05
1.895,4.6982901e-10,0.040091454,1.4742725e-10,3.7349843e-11,-6.8204112,3.3758642e-05
1.8955,5.1917014e-10,0.040092171,1.6288886e-10,4.1271459e-11,-6.8204112,3.3758962e-05
1.896,5.6548168e-10,0.040092918,1.7739823e-10,4.495217e-11,-6.8204112,3.3759297e-05
1.8965,6.0787499e-10,0.040093694,1.9067694e-10,4.8321349e-11,-6.8204112,3.3759643e-05
1.897,6.4554645e-10,0.040094492,2.0247333e-10,5.131513e-11,-6.8204112,3.3759999e-05
1.8975,6.777918e-10,0.040095311,2.1256689e-10,5.3877546e-11,-6.8204112,3.3760364e-05
1.898,7.0401835e-10,0.040096145,2.2077213e-10,5.59615e-11,-6.8204112,3.3760735e-05
1.8985,7.23755e-10,0.040096991,2.2694169e-10,5.7529559e-11,-6.8204112,3.3761111e-05
1.899,7.3665974e-10,0.040097844,2.3096869e-10,5.8554552e-11,-6.8204112,3.376149e-05
1.8995,7.4252468e-10,0.040098701,2.3278834e-10,5.9019972e-11,-6.8204112,3.376187e-05
1.9,7.4127846e-10,0.040099557,2.3237863e-10,5.8920159e-11,-6.8204112,3.3762249e-05
1.9005,7.3298603e-10,0.040100408,2.2976028e-10,5.826029e-11,-6.8204112,3.3762626e-05
1.901,7.178458e-10,0.040101251,2.2499585e-10,5.7056151e-11,-6.8204112,3.3762998e-05
1.9015,6.9618435e-10,0.04010208,2.1818805e-10,5.5333712e-11,-6.8204112,3.3763365e-05
1.902,6.6844872e-10,0.040102893,2.0947734e-10,5.312852e-11,-6.8204112,3.3763723e-05
1.9025,6.3519653e-10,0.040103686,1.9903882e-10,5.0484909e-11,-6.8204112,3.3764073e-05
1.903,5.9708409e-10,0.040104454,1.8707849e-10,4.7455053e-11,-6.8204112,3.3764411e-05
1.9035,5.5485276e-10,0.040105195,1.7382896e-10,4.409789e-11,-6.8204112,3.3764737e-05
1.904,5.0931386e-10,0.040105904,1.5954476e-10,4.0477914e-11,-6.8204112,3.3765048e-05
1.9045,4.6133248e-10,0.04010658,1.4449722e-10,3.6663891e-11,-6.8204112,3.3765344e-05
1.905,4.1181034e-10,0.040107218,1.2896909e-10,3.2727498e-11,-6.8204112,3.3765624e-05
1.9055,3.6166828e-10,0.040107816,1.132491e-10,2.8741929e-11,-6.8204112,3.3765885e-05
1.906,3.1182846e-10,0.040108371,9.7626315e-11,2.4780482e-11,-6.8204112,3.3766127e-05
1.9065,2.6319687e-10,0.040108881,8.23847e-11,2.0915166e-11,-6.8204112,3.3766349e-05
1.907,2.1664624e-10,0.040109344,6.7797747e-11,1.7215347e-11,-6.8204112,3.376655e-05
1.9075,1.7299986e-10,0.040109757,5.4123401e-11,1.3746456e-11,-6.8204112,3.3766729e-05
1.908,1.3301646e-10,0.04011012,4.1599336e-11,1.0568796e-11,-6.8204112,3.3766885e-05
1.9085,9.737657e-11,0.04011043,3.0438671e-11,7.7364479e-12,-6.8204112,3.3767017e-05
1.909,6.6670448e-11,0.040110687,2.0826196e-11,5.2963194e-12,-6.8204112,3.3767126e-05
1.9095,4.1387917e-11,0.040110889,1.291519e-11,3.2873328e-12,-6.8204112,3.3767211e-05
1.91,2.1910203e-11,0.040111036,6.8248682e-12,1.7397778e-12,-6.8204112,3.3767271e-05
1.9105,8.503946e-12,0.040111128,2.6385097e-12,6.7483614e-13,-6.8204112,3.3767306e-05
1.911,1.3174537e-12,0.040111164,4.0228866e-13,1.0428313e-13,-6.8204112,3.3767317e-05
1.9115,3.7924808e-13,0.040111144,1.2482621e-13,3.0373135e-14,-6.8204112,3.3767304e-05
1.912,5.5989096e-12,0.04011107,1.7774602e-12,4.4590659e-13,-6.8204112,3.3767266e-05
1.9125,1.6770172e-11,0.040110941,5.2952217e-12,1.3344763e-12,-6.8204112,3.3767204e-05
1.913,3.3576185e-11,0.040110759,1.0578491e-11,2.6708859e-12,-6.8204112,3.3767118e-05
1.9135,5.5596819e-11,0.040110524,1.7495292e-11,4.4217307e-12,-6.8204112,3.3767009e-05
1.914,8.2317846e-11,0.040110239,2.5884175e-11,6.5461278e-12,-6.8204112,3.3766878e-05
1.9145,1.1314181e-10,0.040109904,3.5557631e-11,8.99658e-12,-6.8204112,3.3766725e-05
1.915,1.4740035e-10,0.040109522,4.6305955e-11,1.1719956e-11,-6.8204112,3.3766552e-05
1.9155,1.8436773e-10,0.040109095,5.7901495e-11,1.4658564e-11,-6.8204112,3.3766358e-05
1.916,2.232753e-10,0.040108625,7.0103185e-11,1.7751305e-11,-6.8204112,3.3766146e-05
1.9165,2.6332662e-10,0.040108115,8.2661281e-11,2.0934871e-11,-6.8204112,3.3765916e-05
1.917,3.0371289e-10,0.040107567,9.5322219e-11,2.4144975e-11,-6.8204112,3.376567e-05
1.9175,3.4362854e-10,0.040106984,1.0783347e-10,2.7317586e-11,-6.8204112,3.3765409e-05
1.918,3.8228643e-10,0.040106369,1.1994835e-10,3.0390142e-11,-6.8204112,3.3765133e-05
1.9185,4.1893268e-10,0.040105726,1.3143062e-10,3.3302723e-11,-6.8204112,3.3764845e-05
1.919,4.5286056e-10,0.040105056,1.4205885e-10,3.5999163e-11,-6.8204112,3.3764546e-05
1.9195,4.8342342e-10,0.040104365,1.5163051e-10,3.8428067e-11,-6.8204112,3.3764238e-05
1.92,5.1004627e-10,0.040103655,1.5996554e-10,4.0543742e-11,-6.8204112,3.3763922e-05
1.9205,5.322359e-10,0.040102929,1.6690955e-10,4.2306993e-11,-6.8204112,3.3763599e-05
1.921,5.4958929e-10,0.040102192,1.7233644e-10,4.3685797e-11,-6.8204112,3.3763271e-05
1.9215,5.6180025e-10,0.040101447,1.761505e-10,4.4655827e-11,-6.8204112,3.376294e-05
1.922,5.6866413e-10,0.040100697,1.7828783e-10,4.5200827e-11,-6.8204112,3.3762607e-05
1.9225,5.7008049e-10,0.040099947,1.7871722e-10,4.5312824e-11,-6.8204112,3.3762274e-05
1.923,5.6605384e-10,0.040099199,1.7744039e-10,4.4992189e-11,-6.8204112,3.3761943e-05
1.9235,5.5669234e-10,0.040098457,1.744915e-10,4.4247528e-11,-6.8204112,3.3761615e-05
1.924,5.4220452e-10,0.040097725,1.6993619e-10,4.3095428e-11,-6.8204112,3.3761291e-05
1.9245,5.2289415e-10,0.040097006,1.6386995e-10,4.1560046e-11,-6.8204112,3.3760974e-05
1.925,4.9915341e-10,0.040096303,1.5641594e-10,3.9672559e-11,-6.8204112,3.3760664e-05
1.9255,4.7145434e-10,0.040095621,1.4772236e-10,3.7470498e-11,-6.8204112,3.3760363e-05
1.926,4.4033897e-10,0.040094961,1.379593e-10,3.4996954e-11,-6.8204112,3.3760073e-05
1.9265,4.0640821e-10,0.040094327,1.2731529e-10,3.2299694e-11,-6.8204112,3.3759795e-05
1.927,3.7030972e-10,0.040093722,1.1599349e-10,2.9430203e-11,-6.8204112,3.3759529e-05
1.9275,3.3272508e-10,0.040093149,1.0420763e-10,2.6442659e-11,-6.8204112,3.3759278e-05
1.928,2.9435639e-10,0.040092609,9.2177866e-11,2.3392869e-11,-6.8204112,3.3759042e-05
1.9285,2.5591272e-10,0.040092106,8.0126493e-11,2.0337196e-11,-6.8204112,3.3758822e-05
1.929,2.1809652e-10,0.040091642,6.8273694e-11,1.7331471e-11,-6.8204112,3.375862e-05
1.9295,1.8159037e-10,0.040091219,5.6833384e-11,1.4429947e-11,-6.8204112,3.3758436e-05
1.93,1.4704418e-10,0.040090837,4.600921e-11,1.1684278e-11,-6.8204112,3.3758271e-05
1.9305,1.1506324e-10,0.0400905,3.5990798e-11,9.1425709e-12,-6.8204112,3.3758126e-05
1.931,8.6197239e-11,0.040090208,2.6950307e-11,6.8485097e-12,-6.8204112,3.3758e-05
1.9315,6.0930408e-11,0.040089963,1.9039361e-11,4.8405774e-12,-6.8204112,3.3757896e-05
1.932,3.9673109e-11,0.040089765,1.23864e-11,3.1513832e-12,-6.8204112,3.3757813e-05
1.9325,2.2754868e-11,0.040089615,7.0945057e-12,1.8071105e-12,-6.8204112,3.375775e-05
1.933,1.0419047e-11,0.040089514,3.239736e-12,8.2709358e-13,-6.8204112,3.375771e-05
1.9335,2.8192125e-12,0.040089461,8.6999025e-13,2.2352904e-13,-6.8204112,3.3757691e-05
1.934,1.7251668e-14,0.040089457,4.4238535e-15,1.3262027e-15,-6.8204112,3.3757694e-05
1.9345,1.9832587e-12,0.040089501,6.3341671e-13,1.5809824e-13,-6.8204112,3.3757718e-05
1.935,8.5971633e-12,0.040089594,2.7190889e-12,6.8429188e-13,-6.8204112,3.3757763e-05
1.9355,1.9652058e-11,0.040089733,6.196348e-12,1.563452e-12,-6.8204112,3.3757829e-05
1.936,3.4859134e-11,0.040089919,1.0974442e-11,2.7726142e-12,-6.8204112,3.3757916e-05
1.9365,5.3854127e-11,0.04009015,1.693898e-11,4.2828171e-12,-6.8204112,3.3758022e-05
1.937,7.620511e-11,0.040090424,2.3954383e-11,6.0597222e-12,-6.8204112,3.3758148e-05
1.9375,1.0142149e-10,0.040090741,3.1866707e-11,8.0643291e-12,-6.8204112,3.3758292e-05
1.938,1.2896403e-10,0.040091098,4.0506783e-11,1.0253771e-11,-6.8204112,3.3758454e-05
1.9385,1.5825563e-10,0.040091493,4.9693605e-11,1.2582175e-11,-6.8204112,3.3758633e-05
1.939,1.8869278e-10,0.040091925,5.9237917e-11,1.5001568e-11,-6.8204112,3.3758828e-05
1.9395,2.1965733e-10,0.040092391,6.8945903e-11,1.7462814e-11,-6.8204112,3.3759037e-05
1.94,2.5052839e-10,0.040092889,7.8622925e-11,1.9916564e-11,-6.8204112,3.3759261e-05
1.9405,2.806942e-10,0.040093416,8.8077233e-11,2.2314192e-11,-6.8204112,3.3759497e-05
1.941,3.0956363e-10,0.040093969,9.7123581e-11,2.4608716e-11,-6.8204112,3.3759744e-05
1.9415,3.365772e-10,0.040094546,1.0558667e-10,2.6755669e-11,-6.8204112,3.3760002e-05
1.942,3.6121734e-10,0.040095143,1.1330437e-10,2.8713917e-11,-6.8204112,3.3760269e-05
1.9425,3.8301778e-10,0.040095759,1.2013064e-10,3.0446404e-11,-6.8204112,3.3760543e-05
1.943,4.0157177e-10,0.040096389,1.2593814e-10,3.1920806e-11,-6.8204112,3.3760824e-05
1.9435,4.1653914e-10,0.04009703,1.3062043e-10,3.3110093e-11,-6.8204112,3.3761109e-05
1.944,4.2765204e-10,0.040097681,1.3409371e-10,3.3992982e-11,-6.8204112,3.3761398e-05
1.9445,4.3471914e-10,0.040098336,1.3629823e-10,3.4554273e-11,-6.8204112,3.3761689e-05
1.945,4.3762842e-10,0.040098994,1.3719908e-10,3.4785071e-11,-6.8204112,3.3761981e-05
1.9455,4.3634834e-10,0.040099651,1.3678658e-10,3.4682879e-11,-6.8204112,3.3762272e-05
1.946,4.3092757e-10,0.040100303,1.3507621e-10,3.4251571e-11,-6.8204112,3.3762561e-05
1.9465,4.2149308e-10,0.040100949,1.3210798e-10,3.350125e-11,-6.8204112,3.3762846e-05
1.947,4.0824683e-10,0.040101584,1.279454e-10,3.2447976e-11,-6.8204112,3.3763127e-05
1.9475,3.9146108e-10,0.040102206,1.22674e-10,3.1113397e-11,-6.8204112,3.3763401e-05
1.948,3.7147238e-10,0.040102812,1.1639945e-10,2.9524269e-11,-6.8204112,3.3763669e-05
1.9485,3.4867443e-10,0.040103399,1.0924533e-10,2.7711893e-11,-6.8204112,3.3763927e-05
1.949,3.2350995e-10,0.040103965,1.0135053e-10,2.5711461e-11,-6.8204112,3.3764176e-05
1.9495,2.9646163e-10,0.040104506,9.28665e-11,2.3561347e-11,-6.8204112,3.3764413e-05
1.95,2.6804259e-10,0.040105021,8.3954145e-11,2.1302335e-11,-6.8204112,3.3764639e-05
1.9505,2.3878616e-10,0.040105507,7.4780717e-11,1.8976821e-11,-6.8204112,3.3764852e-05
1.951,2.0923558e-10,0.040105962,6.5516531e-11,1.6627985e-11,-6.8204112,3.376505e-05
1.9515,1.7993352e-10,0.040106383,5.6331699e-11,1.429896e-11,-6.8204112,3.3765234e-05
1.952,1.5141178e-10,0.04010677,4.7392898e-11,1.2032014e-11,-6.8204112,3.3765403e-05
1.9525,1.2418129e-10,0.040107121,3.8860237e-11,9.8677567e-12,-6.8204112,3.3765554e-05
1.953,9.8722637e-11,0.040107433,3.0884288e-11,7.8443839e-12,-6.8204112,3.3765689e-05
1.9535,7.5477293e-11,0.040107706,2.3603335e-11,5.9969808e-12,-6.8204112,3.3765807e-05
1.954,5.4839646e-11,0.040107939,1.7140883e-11,4.3568904e-12,-6.8204112,3.3765906e-05
1.9545,3.7150063e-11,0.04010813,1.1603485e-11,2.9511607e-12,-6.8204112,3.3765987e-05
1.955,2.2689035e-11,0.04010828,7.0789079e-12,1.8020797e-12,-6.8204112,3.376605e-05
1.9555,1.1672534e-11,0.040108388,3.6346816e-12,9.268073e-13,-6.8204112,3.3766094e-05
1.956,4.2486576e-12,0.040108452,1.3170489e-12,3.3710741e-13,-6.8204112,3.3766118e-05
1.9565,4.9559232e-13,0.040108474,1.5033291e-13,3.9187289e-14,-6.8204112,3.3766124e-05
1.957,4.2093825e-13,0.040108454,1.3672758e-13,3.3643503e-14,-6.8204112,3.3766111e-05
1.9575,3.9623798e-12,0.040108391,1.2565118e-12,3.1551552e-13,-6.8204112,3.376608e-05
1.958,1.098968e-11,0.040108287,3.4686777e-12,8.744443e-13,-6.8204112,3.376603e-05
1.9585,2.1307941e-11,0.040108142,6.7119575e-12,1.6949317e-12,-6.8204112,3.3765962e-05
1.959,3.4662061e-11,0.040107957,1.0906222e-11,2.7566949e-12,-6.8204112,3.3765876e-05
1.9595,5.074228e-11,0.040107733,1.5954223e-11,4.0351067e-12,-6.8204112,3.3765773e-05
1.96,6.9190701e-11,0.040107471,2.1743641e-11,5.5017152e-12,-6.8204112,3.3765654e-05
1.9605,8.9608655e-11,0.040107173,2.8149394e-11,7.124828e-12,-6.8204112,3.3765519e-05
1.961,1.1156475e-10,0.040106841,3.5036163e-11,8.8701531e-12,-6.8204112,3.3765368e-05
1.9615,1.3460347e-10,0.040106476,4.2261089e-11,1.0701481e-11,-6.8204112,3.3765203e-05
1.962,1.5825407e-10,0.040106081,4.967657e-11,1.2581394e-11,-6.8204112,3.3765025e-05
1.9625,1.8203977e-10,0.040105656,5.7133127e-11,1.4471994e-11,-6.8204112,3.3764835e-05
1.963,2.0548683e-10,0.040105206,6.4482264e-11,1.6335627e-11,-6.8204112,3.3764633e-05
1.9635,2.2813356e-10,0.040104731,7.1579286e-11,1.8135598e-11,-6.8204112,3.376442e-05
1.964,2.4953895e-10,0.040104234,7.8286e-11,1.9836855e-11,-6.8204112,3.3764198e-05
1.9645,2.6929082e-10,0.040103718,8.4473274e-11,2.1406639e-11,-6.8204112,3.3763967e-05
1.965,2.870133e-10,0.040103185,9.002338e-11,2.2815079e-11,-6.8204112,3.376373e-05
1.9655,3.0237359e-10,0.040102638,9.483211e-11,2.4035727e-11,-6.8204112,3.3763486e-05
1.966,3.1508777e-10,0.04010208,9.8810593e-11,2.5046021e-11,-6.8204112,3.3763238e-05
1.9665,3.2492564e-10,0.040101513,1.0188681e-10,2.5827669e-11,-6.8204112,3.3762986e-05
1.967,3.3171447e-10,0.040100941,1.0400677e-10,2.6366949e-11,-6.8204112,3.3762731e-05
1.9675,3.3534164e-10,0.040100365,1.0513532e-10,2.6654914e-11,-6.8204112,3.3762476e-05
1.968,3.3575603e-10,0.040099789,1.0525662e-10,2.668751e-11,-6.8204112,3.3762221e-05
1.9685,3.3296836e-10,0.040099215,1.0437417e-10,2.6465592e-11,-6.8204112,3.3761966e-05
1.969,3.2705019e-10,0.040098646,1.0251059e-10,2.5994857e-11,-6.8204112,3.3761715e-05
1.9695,3.181319e-10,0.040098086,9.9706889e-11,2.5285675e-11,-6.8204112,3.3761467e-05
1.97,3.0639955e-10,0.040097535,9.6021547e-11,2.4352838e-11,-6.8204112,3.3761224e-05
1.9705,2.9209062e-10,0.040096998,9.1529147e-11,2.3215229e-11,-6.8204112,3.3760987e-05
1.971,2.7548897e-10,0.040096476,8.6318797e-11,2.1895416e-11,-6.8204112,3.3760757e-05
1.9715,2.5691888e-10,0.040095972,8.0492253e-11,2.0419177e-11,-6.8204112,3.3760536e-05
1.972,2.367384e-10,0.040095489,7.4161851e-11,1.8814976e-11,-6.8204112,3.3760323e-05
1.9725,2.1533218e-10,0.040095027,6.7448236e-11,1.7113388e-11,-6.8204112,3.3760121e-05
1.973,1.9310382e-10,0.04009459,6.0477979e-11,1.5346497e-11,-6.8204112,3.3759929e-05
1.9735,1.7046798e-10,0.04009418,5.3381097e-11,1.3547261e-11,-6.8204112,3.375975e-05
1.974,1.4784238e-10,0.040093798,4.628854e-11,1.1748884e-11,-6.8204112,3.3759583e-05
1.9745,1.2563982e-10,0.040093445,3.9329696e-11,9.9841753e-12,-6.8204112,3.375943e-05
1.975,1.0426034e-10,0.040093124,3.2629939e-11,8.2849319e-12,-6.8204112,3.375929e-05
1.9755,8.4083847e-11,0.040092836,2.6308302e-11,6.6813467e-12,-6.8204112,3.3759165e-05
1.976,6.5463038e-11,0.040092582,2.0475275e-11,5.2014513e-12,-6.8204112,3.3759056e-05
1.9765,4.8717055e-11,0.040092362,1.5230812e-11,3.870609e-12,-6.8204112,3.3758962e-05
1.977,3.412579e-11,0.040092179,1.0662547e-11,2.7110624e-12,-6.8204112,3.3758884e-05
1.9775,2.1925018e-11,0.040092032,6.8442725e-12,1.7415472e-12,-6.8204112,3.3758822e-05
1.978,1.230242e-11,0.040091921,3.8346923e-12,9.7697609e-13,-6.8204112,3.3758776e-05
1.9785,5.3945758e-12,0.040091848,1.6764847e-12,4.2819954e-13,-6.8204112,3.3758747e-05
1.979,1.2849544e-12,0.040091813,3.9567299e-13,1.0184631e-13,-6.8204112,3.3758735e-05
1.9795,2.940732e-15,0.040091815,1.3244403e-15,2.4632252e-16,-6.8204112,3.3758739e-05
1.98,1.5239035e-12,0.040091853,4.8557349e-13,1.2143602e-13,-6.8204112,3.375876e-05
1.9805,5.7702877e-12,0.040091929,1.8239673e-12,4.5924538e-13,-6.8204112,3.3758797e-05
1.981,1.2613702e-11,0.040092041,3.9761223e-12,1.0034639e-12,-6.8204112,3.3758849e-05
1.9815,2.1877947e-11,0.040092188,6.8866769e-12,1.7400815e-12,-6.8204112,3.3758918e-05
1.982,3.3342922e-11,0.040092369,1.0486517e-11,2.6515988e-12,-6.8204112,3.3759002e-05
1.9825,4.6749313e-11,0.040092584,1.4694251e-11,3.7174005e-12,-6.8204112,3.37591e-05
1.983,6.1803982e-11,0.040092832,1.9417896e-11,4.9141831e-12,-6.8204112,3.3759212e-05
1.9835,7.8185932e-11,0.04009311,2.4556752e-11,6.2164293e-12,-6.8204112,3.3759338e-05
1.984,9.5552729e-11,0.040093417,3.0003419e-11,7.596919e-12,-6.8204112,3.3759477e-05
1.9845,1.1354727e-10,0.040093752,3.5645914e-11,9.0272663e-12,-6.8204112,3.3759628e-05
1.985,1.3180473e-10,0.040094113,4.1369853e-11,1.0478473e-11,-6.8204112,3.3759791e-05
1.9855,1.499596e-10,0.040094498,4.7060658e-11,1.1921486e-11,-6.8204112,3.3759964e-05
1.986,1.6765265e-10,0.040094905,5.2605732e-11,1.3327754e-11,-6.8204112,3.3760146e-05
1.9865,1.8453766e-10,0.040095332,5.7896583e-11,1.4669759e-11,-6.8204112,3.3760337e-05
1.987,2.0028789e-10,0.040095777,6.2830836e-11,1.5921532e-11,-6.8204112,3.3760536e-05
1.9875,2.1460205e-10,0.040096238,6.7314108e-11,1.7059127e-11,-6.8204112,3.3760742e-05
1.988,2.272097e-10,0.040096712,7.1261715e-11,1.8061054e-11,-6.8204112,3.3760953e-05
1.9885,2.3787612e-10,0.040097197,7.4600166e-11,1.8908658e-11,-6.8204112,3.3761169e-05
1.989,2.4640627e-10,0.04009769,7.7268429e-11,1.9586443e-11,-6.8204112,3.3761388e-05
1.9895,2.526481e-10,0.04009819,7.9218952e-11,2.0082325e-11,-6.8204112,3.376161e-05
1.99,2.5649489e-10,0.040098694,8.0418409e-11,2.0387828e-11,-6.8204112,3.3761834e-05
1.9905,2.5788682e-10,0.040099199,8.0848168e-11,2.0498203e-11,-6.8204112,3.3762058e-05
1.991,2.5681152e-10,0.040099702,8.0504477e-11,2.041247e-11,-6.8204112,3.3762281e-05
1.9915,2.5330375e-10,0.040100203,7.939836e-11,2.0133399e-11,-6.8204112,3.3762502e-05
1.992,2.4744421e-10,0.040100697,7.7555242e-11,1.9667408e-11,-6.8204112,3.3762721e-05
1.9925,2.393575e-10,0.040101184,7.5014291e-11,1.9024404e-11,-6.8204112,3.3762936e-05
1.993,2.2920917e-10,0.04010166,7.1827517e-11,1.8217553e-11,-6.8204112,3.3763146e-05
1.9935,2.1720218e-10,0.040102123,6.8058639e-11,1.7262988e-11,-6.8204112,3.376335e-05
1.994,2.0357252e-10,0.040102572,6.3781731e-11,1.6179473e-11,-6.8204112,3.3763548e-05
1.9945,1.8858444e-10,0.040103004,5.9079694e-11,1.4988012e-11,-6.8204112,3.3763737e-05
1.995,1.7252501e-10,0.040103417,5.4042582e-11,1.3711427e-11,-6.8204112,3.3763919e-05
1.9955,1.5569843e-10,0.040103809,4.8765801e-11,1.2373897e-11,-6.8204112,3.3764091e-05
1.996,1.3842005e-10,0.040104179,4.3348236e-11,1.1000491e-11,-6.8204112,3.3764253e-05
1.9965,1.2101025e-10,0.040104525,3.789033e-11,9.6166725e-12,-6.8204112,3.3764404e-05
1.997,1.0378828e-10,0.040104845,3.2492153e-11,8.247817e-12,-6.8204112,3.3764543e-05
1.9975,8.7066173e-11,0.040105138,2.7251508e-11,6.9187265e-12,-6.8204112,3.3764671e-05
1.998,7.114295e-11,0.040105404,2.2262092e-11,5.6531663e-12,-6.8204112,3.3764786e-05
1.9985,5.6299042e-11,0.040105639,1.7611762e-11,4.4734244e-12,-6.8204112,3.3764888e-05
1.999,4.2791189e-11,0.040105845,1.3380938e-11,3.3999051e-12,-6.8204112,3.3764976e-05
1.9995,3.0847825e-11,0.04010602,9.6411528e-12,2.4507622e-12,-6.8204112,3.376505e-05
