t,total,max_pen,KE_slab,KE_body1,KE_body2,KE_body3,KE_body4,KE_body5,KE_body6,KE_body7,KE_body8
0,107.68805,0,0,9.62361e-06,8.4206588e-06,8.4206588e-06,8.4206588e-06,1.3232464e-05,9.0221344e-06,9.0221344e-06,108.17665
0.0005,107.68791,0,0,3.849444e-05,3.3682635e-05,3.3682635e-05,3.3682635e-05,5.2929855e-05,3.6088538e-05,3.6088538e-05,108.35345
0.001,107.68777,0,0,8.661249e-05,7.5785929e-05,7.5785929e-05,7.5785929e-05,0.00011909217,8.1199209e-05,8.1199209e-05,108.53039
0.0015,107.68764,0,0,0.00015397776,0.00013473054,0.00013473054,0.00013473054,0.00021171942,0.00014435415,0.00014435415,108.70747
0.002,107.6875,0,0,0.00024059025,0.00021051647,0.00021051647,0.00021051647,0.00033081159,0.00022555336,0.00022555336,108.8847
0.0025,107.68736,0,0,0.00034644996,0.00030314371,0.00030314371,0.00030314371,0.0004763687,0.00032479684,0.00032479684,109.06208
0.003,107.68722,0,0,0.00047155689,0.00041261228,0.00041261228,0.00041261228,0.00064839072,0.00044208458,0.00044208458,109.2396
0.0035,107.68708,0,0,0.00061591104,0.00053892216,0.00053892216,0.00053892216,0.00084687768,0.0005774166,0.0005774166,109.41726
0.004,107.68694,0,0,0.00077951241,0.00068207336,0.00068207336,0.00068207336,0.0010718296,0.00073079288,0.00073079288,109.59507
0.0045,107.68681,0,0,0.000962361,0.00084206588,0.00084206588,0.00084206588,0.0013232464,0.00090221344,0.00090221344,109.77302
0.005,107.68667,0,0,0.0011644568,0.0010188997,0.0010188997,0.0010188997,0.0016011281,0.0010916783,0.0010916783,109.95111
0.0055,107.68653,0,0,0.0013857998,0.0012125749,0.0012125749,0.0012125749,0.0019054748,0.0012991874,0.0012991874,110.12935
0.006,107.68639,0,0,0.0016263901,0.0014230913,0.0014230913,0.0014230913,0.0022362864,0.0015247407,0.0015247407,110.30774
0.0065,107.68625,0,0,0.0018862276,0.0016504491,0.0016504491,0.0016504491,0.0025935629,0.0017683383,0.0017683383,110.48627
0.007,107.68611,0,0,0.0021653122,0.0018946482,0.0018946482,0.0018946482,0.0029773043,0.0020299802,0.0020299802,110.66494
0.0075,107.68598,0,0,0.0024636442,0.0021556886,0.0021556886,0.0021556886,0.0033875107,0.0023096664,0.0023096664,110.84376
0.008,107.68584,0,0,0.0027812233,0.0024335704,0.0024335704,0.0024335704,0.003824182,0.0026073968,0.0026073968,111.02272
0.0085,107.6857,0,0,0.0031180496,0.0027282934,0.0027282934,0.0027282934,0.0042873183,0.0029231715,0.0029231715,111.20183
0.009,107.68494,4.9640156e-06,0,0.0030769704,0.0030398578,0.0030398578,0.0030398578,0.0047769194,0.0029754676,0.003112594,111.38108
0.0095,107.68393,1.6014885e-05,0,0.0023186775,0.0033682635,0.0033682635,0.0033682635,0.0052929855,0.0025459461,0.0029113409,111.56047
0.01,107.68298,2.5254925e-05,0,0.0013262319,0.0037135105,0.0037135105,0.0037135105,0.0058355165,0.0019265554,0.0023092117,111.74001
0.0105,107.68212,3.239627e-05,0,0.00050128909,0.0040755988,0.0040755988,0.0040755988,0.0064045125,0.0012507351,0.0015102328,111.91969
0.011,107.68136,3.7306316e-05,0,6.6449545e-05,0.0044545285,0.0044545285,0.0044545285,0.0069999733,0.00063420383,0.00075773516,112.09952
0.0115,107.68072,3.9930847e-05,0,3.8714866e-05,0.0048502994,0.0048502994,0.0048502994,0.0076218991,0.00019544789,0.00022913116,112.27949
0.012,107.68015,4.0287153e-05,0,0.0002726451,0.0052629117,0.0052629117,0.0052629117,0.0082702898,8.5414851e-06,7.3361601e-06,112.45961
0.0125,107.67962,3.8485144e-05,0,0.00056138719,0.0056923653,0.0056923653,0.0056923653,0.0089451455,7.3888941e-05,8.4633849e-05,112.63987
0.013,107.67911,3.4749971e-05,0,0.00073882136,0.0061386602,0.0061386602,0.0061386602,0.0096464661,0.00032463832,0.0003801951,112.82028
0.0135,107.67863,2.9428173e-05,0,0.00073585414,0.0066017965,0.0066017965,0.0066017965,0.010374252,0.00065432508,0.00076935947,113.00083
0.014,107.67817,2.2970473e-05,0,0.00058008698,0.007081774,0.007081774,0.007081774,0.011128502,0.00095082458,0.0011205452,113.18152
0.0145,107.67778,1.5689017e-05,0,0.00042529483,0.0075785929,0.0075785929,0.0075785929,0.011909217,0.001120558,0.0013265653,113.36236
0.015,107.67741,8.4584922e-06,0,0.00029824425,0.0080922531,0.0080922531,0.0080922531,0.012716398,0.0011261868,0.0013360977,113.54334
0.0155,107.67707,1.7915453e-06,0,0.00019913536,0.0086227546,0.0086227546,0.0086227546,0.013550043,0.00097896798,0.0011614966,113.72447
0.016,107.67688,0,0,0.00012173644,0.0091700974,0.0091700974,0.0091700974,0.014410153,0.00078393646,0.0009637266,113.90574
0.0165,107.67672,0,0,6.3151294e-05,0.0097342815,0.0097342815,0.0097342815,0.015296728,0.00061104889,0.0007843355,114.08716
0.017,107.67658,0,0,2.3398973e-05,0.010315307,0.010315307,0.010315307,0.016209768,0.00046769751,0.00062453446,114.26872
0.0175,107.67644,0,0,2.9684906e-06,0.010913174,0.010913174,0.010913174,0.017149273,0.00034702944,0.00048343799,114.45042
0.018,107.6763,0,0,1.9605678e-06,0.011527882,0.011527882,0.011527882,0.018115243,0.00024446432,0.00036041542,114.63227
0.0185,107.67616,0,0,2.027305e-05,0.012159431,0.012159431,0.012159431,0.019107678,0.00015943007,0.00025537398,114.81426
0.019,107.67602,0,0,5.7833248e-05,0.012807822,0.012807822,0.012807822,0.020126577,9.2427109e-05,0.00016837295,114.9964
0.0195,107.67589,0,0,0.00011463086,0.013473054,0.013473054,0.013473054,0.021171942,4.3635006e-05,9.9435709e-05,115.17868
0.02,107.67532,3.5282932e-06,0,0.00019067491,0.014155127,0.014155127,0.014155127,0.021567989,1.2974028e-05,4.8553435e-05,115.36111
0.0205,107.67471,8.6125657e-06,0,0.00028596936,0.014854042,0.014854042,0.014854042,0.021028512,3.6614588e-07,1.5716785e-05,115.54368
0.021,107.67412,1.3532375e-05,0,0.00040051293,0.015569798,0.015569798,0.015569798,0.019631808,5.7943053e-06,9.2352444e-07,115.7264
0.0215,107.67352,1.8133488e-05,0,0.00053430399,0.016302395,0.016302395,0.016302395,0.0175136,2.9265043e-05,4.174312e-06,115.90925
0.022,107.67291,2.2135085e-05,0,0.00060619106,0.017051834,0.017051834,0.017051834,0.01489047,7.0782363e-05,2.546961e-05,116.09226
0.0225,107.67231,2.5550661e-05,0,0.00055679024,0.017816172,0.017817208,0.017817486,0.011996523,0.00013034559,6.4809363e-05,116.27541
0.023,107.67148,2.6079804e-05,0,0.00056596204,0.017953332,0.01832796,0.018433413,0.0093486095,0.00020795341,0.00012219343,116.4587
0.0235,107.67068,2.6072848e-05,0,0.00061223791,0.017771565,0.018454696,0.018690453,0.0070326619,0.00030360537,0.00019762174,116.64214
0.024,107.66989,2.5616595e-05,0,0.0006717214,0.017375611,0.018186813,0.01848493,0.0050915801,0.00041730155,0.00029109433,116.82572
0.0245,107.66911,2.4737026e-05,0,0.00072387224,0.016740601,0.017547907,0.017834678,0.0035332159,0.00054904203,0.00040261118,117.00944
0.025,107.66834,2.5353884e-05,0,0.00075647312,0.015820573,0.016567313,0.016812496,0.0023382591,0.00069882681,0.00053217231,117.19331
0.0255,107.66757,3.0415075e-05,0,0.00076282837,0.014606071,0.015282455,0.015490579,0.0014670914,0.00086665586,0.0006797777,117.37733
0.026,107.66682,3.5342287e-05,0,0.00073915343,0.013132871,0.013743203,0.013927302,0.00086671449,0.0010525292,0.00084542737,117.56149
0.0265,107.66608,4.0054528e-05,0,0.0006847086,0.01146669,0.012011797,0.012178286,0.0004783183,0.0012564468,0.0010291213,117.74579
0.027,107.66535,4.4476085e-05,0,0.00060277833,0.0096856898,0.010160353,0.010307983,0.00024453669,0.0014784086,0.0012308595,117.93024
0.0275,107.66463,4.8537381e-05,0,0.00050076346,0.0078701615,0.0082675198,0.0083922188,0.00011508022,0.0017184148,0.001450642,118.11483
0.028,107.66364,5.2359421e-05,0,0.00038938275,0.0060846053,0.0064085493,0.0065098459,6.559718e-05,0.0016144267,0.0016884687,118.29956
0.0285,107.66259,5.578595e-05,0,0.00027910745,0.0044104424,0.0046613623,0.0047397254,6.8236342e-05,0.0009853158,0.0019443397,118.48444
0.029,107.66163,5.8343707e-05,0,0.00017881421,0.0029447416,0.0031125209,0.0031649533,8.787741e-05,0.00038209811,0.002218255,118.66947
0.0295,107.66052,6.0160441e-05,0,9.7106007e-05,0.0017400703,0.001833471,0.0018613628,0.00011733146,0.00010889237,0.0020370061,118.85464
0.03,107.65925,6.1367138e-05,0,3.9566053e-05,0.00083160494,0.00087268627,0.00088345704,0.00016669524,0.00014941708,0.00092263567,119.03995
0.0305,107.6583,6.1887693e-05,0,7.7562356e-06,0.0002498538,0.00026024113,0.00026209382,0.00023585238,0.00015819231,0.00021002499,119.22541
0.031,107.6575,6.1657321e-05,0,3.6231523e-07,8.0584202e-06,7.7461187e-06,7.4230938e-06,0.00030661219,5.3378554e-05,1.3701642e-05,119.41101
0.0315,107.65676,6.0695997e-05,0,1.4284295e-05,9.7448764e-05,0.00010631178,0.00010995892,0.00034948883,4.8483417e-07,1.1510977e-05,119.59676
0.032,107.65604,5.9082787e-05,0,4.5320185e-05,0.00049143628,0.00052770037,0.00054107185,0.00033878079,4.8030586e-05,7.5269038e-05,119.78265
0.0325,107.65533,5.6916457e-05,0,8.8744692e-05,0.00115099,0.0012285148,0.0012559761,0.00026739631,0.00012611421,0.00015954872,119.96868
0.033,107.65463,5.4295484e-05,0,0.00013987864,0.0020283583,0.00215529,0.0021990899,0.00015546711,0.00017879013,0.00022366535,120.15486
0.0335,107.65394,5.1313598e-05,0,0.00019454132,0.0030701252,0.003249249,0.0033097075,5.0780664e-05,0.00018944037,0.00023862959,120.34119
0.034,107.65327,4.8059424e-05,0,0.00024930059,0.0042205219,0.0044504073,0.0045265554,2.1074267e-05,0.00016343897,0.00020427205,120.52766
0.0345,107.65262,4.4614801e-05,0,0.00030153647,0.0054247465,0.0057009318,0.0057910462,0.00014013765,0.00011675657,0.000142656,120.71427
0.035,107.65199,4.1052117e-05,0,0.00034938461,0.0066316656,0.0069476634,0.0070495652,0.0004715696,6.7543666e-05,8.0962592e-05,120.90102
0.0355,107.65138,3.743199e-05,0,0.00039162273,0.007795573,0.0081437604,0.0082550123,0.0010546727,3.0838663e-05,3.5721156e-05,121.08793
0.036,107.65079,3.3800102e-05,0,0.00042754253,0.0088769397,0.0092494636,0.0093676013,0.0018968032,1.2501691e-05,1.0073159e-05,121.27497
0.0365,107.6502,3.0193391e-05,0,0.00045680084,0.0098431009,0.010232377,0.010355073,0.0029716861,6.4208241e-06,1.6791675e-06,121.46216
0.037,107.64963,2.6638315e-05,0,0.00047930433,0.010668201,0.011067309,0.011192478,0.004224256,7.2184054e-06,7.353455e-07,121.6495
0.0375,107.64905,2.3152158e-05,0,0.0004951177,0.011332864,0.011735803,0.011861671,0.0055803875,1.1856416e-05,1.5124081e-06,121.83697
0.038,107.64849,1.9746324e-05,0,0.00050439021,0.011823892,0.012225582,0.012350677,0.0069582751,2.2442103e-05,6.4635294e-06,122.0246
0.0385,107.64793,1.7774569e-05,0,0.00050730717,0.012133943,0.012530037,0.012653115,0.0082787246,4.6585183e-05,2.4987753e-05,122.21237
0.039,107.64739,1.6882359e-05,0,0.00050407026,0.012261155,0.012647793,0.012767738,0.009472746,9.3701605e-05,6.9363392e-05,122.40028
0.0395,107.64685,1.8148007e-05,0,0.0004949034,0.012208707,0.012582326,0.012698077,0.010485855,0.00017021709,0.00014875232,122.58833
0.04,107.64632,1.8548181e-05,0,0.00048007601,0.011984357,0.012341595,0.012452121,0.011279281,0.00027570815,0.00026396733,122.77653
0.0405,107.44089,1.9867969e-05,0,0.00035585215,0.011193384,0.011761692,0.011933088,0.010548204,0.00015339549,0.0002465956,122.71834
0.041,107.13875,6.9371093e-05,0,0.00024908919,0.010582187,0.011140382,0.01130751,0.0098170556,0.00010446483,0.00016453131,122.05749
0.0415,106.83741,0.00012057581,0,0.00016001805,0.0099876543,0.010535641,0.010698688,0.00909368,4.5416448e-05,9.5918951e-05,120.80239
0.042,106.5368,0.00017300631,0,9.0523044e-05,0.0094141148,0.0099481008,0.010106754,0.0083995761,8.7246877e-06,4.4892042e-05,118.96715
0.0425,106.23683,0.00022590502,0,4.0949821e-05,0.0088593883,0.0093776356,0.0095317077,0.0077413014,8.0506432e-07,1.3251115e-05,116.57134
0.043,105.93743,0.00027851234,0,1.0893847e-05,0.008321651,0.0088240513,0.0089735153,0.0071146657,1.5138313e-05,4.0749575e-07,113.63975
0.0435,105.63861,0.0003302318,0,8.2829741e-08,0.0078005843,0.0082872937,0.0084321622,0.0065150065,4.7521321e-05,5.7082473e-06,110.20219
0.044,105.3404,0.00038067834,0,8.4823427e-06,0.0072963419,0.0077673722,0.0079076487,0.0059409045,9.7474919e-05,2.8996509e-05,106.29327
0.0445,105.04288,0.00042964658,0,3.6127107e-05,0.0068089915,0.0072642957,0.0073999768,0.005392866,0.00016547113,7.031447e-05,101.95207
0.045,104.74611,0.0004770462,0,8.3031254e-05,0.0063385108,0.0067780636,0.0069091471,0.004871477,0.00025166856,0.00012969178,97.22179
0.0455,104.45014,0.0005228415,0,0.00014918963,0.0058848749,0.0063086738,0.0064351589,0.0043768301,0.00035598925,0.00020712478,92.149317
0.046,104.15504,0.00056701316,0,0.00023459613,0.0054480781,0.0058561251,0.0059780121,0.0039087676,0.00047836127,0.00030260458,86.784696
0.0465,103.86081,0.00060954311,0,0.00033924914,0.0050281222,0.0054204176,0.0055377065,0.0034671663,0.00061876987,0.00041612804,81.180608
0.047,103.56745,0.00065041355,0,0.00046314914,0.0046250082,0.0050015515,0.0051142423,0.0030520026,0.00077722135,0.00054769541,75.391813
0.0475,103.27494,0.00068960948,0,0.00060629656,0.0042387359,0.0045995267,0.0047076194,0.0026632967,0.00095371931,0.00069730719,69.474585
0.048,102.98327,0.00072711739,0,0.00076869135,0.0038693051,0.0042143433,0.0043178378,0.0023010636,0.001148263,0.00086496342,63.486159
0.0485,102.69239,0.00076291846,0,0.00095033341,0.0035167155,0.0038460012,0.0039448975,0.0019653032,0.0013608513,0.001050664,57.484171
0.049,102.40229,0.00079697883,0,0.0011512227,0.0031809672,0.0034945004,0.0035887986,0.0016560102,0.0015914837,0.0012544088,51.526098
0.0495,102.11294,0.00082924112,0,0.0013713592,0.0028620603,0.0031598409,0.003249541,0.0013731816,0.0018401604,0.0014761979,45.668713
0.05,101.82433,0.00085962107,0,0.0016107429,0.0025599946,0.0028420227,0.0029271246,0.0011168172,0.0021068813,0.0017160313,39.967537
0.0505,101.53644,0.00088801062,0,0.0018693738,0.0022747703,0.0025410459,0.0026215496,0.00088691763,0.0023916466,0.0019739089,34.476301
0.051,101.24927,0.00091428677,0,0.0021472519,0.0020063873,0.0022569104,0.002332816,0.00068348329,0.0026944561,0.0022498308,29.246427
0.0515,100.96281,0.00093832368,0,0.0024443773,0.0017548457,0.0019896162,0.0020609236,0.00050651407,0.0030153099,0.002543797,24.326532
0.052,100.67707,0.00096000496,0,0.0027607499,0.0015201453,0.0017391633,0.0018058726,0.00035600984,0.003354208,0.0028558074,19.761957
0.0525,100.39202,0.0009792335,0,0.0030963697,0.0013022863,0.0015055517,0.0015676628,0.0002319705,0.0037111503,0.0031858621,15.594339
0.053,100.10769,0.00099593742,0,0.0034512367,0.0011012686,0.0012887814,0.0013462944,0.00013439608,0.0040861369,0.0035339611,11.861212
0.0535,99.824062,0.0010100717,0,0.003825351,0.00091709216,0.0010888525,0.0011417673,6.328658e-05,0.0044791677,0.0039001043,8.5956669
0.054,99.541142,0.0010216161,0,0.0042187125,0.00074975708,0.00090576487,0.00095408157,1.8642021e-05,0.0048902429,0.0042842918,5.8260443
0.0545,99.25893,0.0010305708,0,0.0046313211,0.00059926332,0.00073951857,0.00078323711,4.6239395e-07,0.0053193623,0.0046865236,3.5756854
0.055,98.977425,0.0010369502,0,0.0050631771,0.00046561087,0.00059011358,0.00062923397,8.7476952e-06,0.0057665259,0.0051067997,1.8627273
0.0555,98.696624,0.0010407781,0,0.0055142802,0.00034879974,0.00045754992,0.00049207215,4.3497923e-05,0.0062317339,0.00554512,0.69995176
0.056,98.416523,0.0010420821,0,0.0059846305,0.00024882993,0.00034182757,0.00037175165,0.00010471308,0.0067149861,0.0060014846,0.094685496
0.0565,98.137119,0.0010408905,0,0.0064742281,0.00016570143,0.00024294653,0.00026827246,0.00019239316,0.0072162826,0.0064758934,0.048754635
0.057,97.858404,0.0010372301,0,0.0069830729,9.9414253e-05,0.00016090682,0.0001816346,0.00030653817,0.0077356233,0.0069683466,0.55849293
0.0575,97.580374,0.0010311252,0,0.0075111649,4.9968393e-05,9.5708418e-05,0.00011183805,0.00044714811,0.0082730083,0.0074788439,1.6148042
0.058,97.303022,0.0010225985,0,0.0080585041,1.7363851e-05,4.7351337e-05,5.8882813e-05,0.00061422297,0.0088284376,0.0080073856,3.2032782
0.0585,97.026342,0.0010116717,0,0.0086250906,1.6006254e-06,1.5835574e-05,2.2768897e-05,0.00080776277,0.0094019112,0.0085539715,5.3043581
0.059,96.750329,0.00099836772,0,0.0092109242,2.6787177e-06,1.1611281e-06,3.4962996e-06,0.0010277675,0.009993429,0.0091186017,7.8935584
0.0595,96.47498,0.00098271202,0,0.0098160051,2.0598128e-05,3.3279997e-06,1.0650192e-06,0.0012742371,0.010602991,0.0097012762,10.941729
0.06,96.200291,0.00096473504,0,0.010440333,5.5358855e-05,2.2336189e-05,1.5475056e-05,0.0015471717,0.011230597,0.010301995,14.415367
0.0605,95.926259,0.0009444735,0,0.011083909,0.0001069609,5.8185696e-05,4.6726411e-05,0.0018465712,0.011876248,0.010920758,18.27696
0.061,95.652882,0.00092197173,0,0.011746731,0.00017540426,0.00011087652,9.4819083e-05,0.0021724356,0.012539943,0.011557565,22.485384
0.0615,95.380157,0.00089728238,0,0.012428801,0.00026068894,0.00018040866,0.00015975307,0.002524765,0.013221682,0.012212417,26.996314
0.062,95.108084,0.00087046667,0,0.013130118,0.00036281494,0.00026678212,0.00024152838,0.0029035593,0.013921466,0.012885313,31.762681
0.0625,94.83666,0.0008415942,0,0.013850682,0.00048178225,0.0003699969,0.000340145,0.0033088185,0.014639293,0.013576253,36.735144
0.063,94.565881,0.00081074235,0,0.014590494,0.00061759089,0.00049005299,0.00045560295,0.0037405426,0.015375165,0.014285237,41.862585
0.0635,94.295747,0.0007779954,0,0.015349552,0.00077024084,0.0006269504,0.00058790221,0.0041987317,0.016129081,0.015012266,47.092622
0.064,94.026254,0.00074344358,0,0.016127858,0.0009397321,0.00078068913,0.00073704278,0.0046833857,0.016901042,0.015757339,52.372125
0.0645,93.757401,0.00070718201,0,0.016925411,0.0011260647,0.00095126918,0.00090302468,0.0051945046,0.017691047,0.016520456,57.647744
0.065,93.489183,0.00066930977,0,0.017742211,0.0013292386,0.0011386905,0.0010858479,0.0057320885,0.018499096,0.017301617,62.866431
0.0655,93.2216,0.00062992898,0,0.018578259,0.0015492538,0.0013429532,0.0012855124,0.0062961373,0.019325189,0.018100823,67.975963
0.066,92.954649,0.00058914418,0,0.019433554,0.0017861103,0.0015640572,0.0015020183,0.006886651,0.020169327,0.018918073,72.925443
0.0665,92.688328,0.00054706178,0,0.020308096,0.0020398082,0.0018020025,0.0017353654,0.0075036296,0.021031509,0.019753367,77.665802
0.067,92.422637,0.00050378974,0,0.021201885,0.0023103474,0.0020567892,0.0019855539,0.0081470732,0.021911735,0.020606705,82.150265
0.0675,92.133678,0.00045420124,0,0.022114921,0.0025977279,0.0023284171,0.0022525837,0.0088169816,0.015403836,0.021478088,86.314278
0.068,91.790512,0.00039546551,0,0.012342152,0.0029019497,0.0026168864,0.0025364548,0.0095133551,0.002922078,0.022367515,90.04081
0.0685,91.43336,0.0003418043,0,0.0035483727,0.0032230128,0.002922197,0.0028371673,0.010236193,0.01007917,0.0072070075,93.278997
0.069,91.08748,0.00028906865,0,0.030605706,0.0035609172,0.0032443489,0.003154721,0.010985497,0.025514801,0.0055554587,96.035226
0.0695,90.759014,0.0003266329,0,0.10436133,0.003915663,0.0035833421,0.0034891161,0.011761265,0.056512071,0.0452374,98.320467
0.07,90.446351,0.00033561899,0,0.21270681,0.0042872501,0.0039391766,0.0038403525,0.012563498,0.11594456,0.11716332,100.14715
0.0705,90.144262,0.00031813718,0,0.3276878,0.0046756785,0.0043118525,0.0042084302,0.013392196,0.20158898,0.21087888,101.52643
0.071,89.847145,0.00027874197,0,0.41741958,0.0050809482,0.0047013697,0.0045933492,0.014247359,0.29752805,0.31563018,102.46658
0.0715,89.552194,0.00022265782,0,0.45945288,0.0055030592,0.0051077282,0.0049951095,0.015128987,0.38572891,0.41550501,102.97226
0.072,89.261964,0.00015558507,0,0.45567233,0.0059420116,0.005530928,0.0054137112,0.01603708,0.45213097,0.49281075,103.03949
0.0725,89.113605,5.0639936e-05,0,0.44893059,0.0063978052,0.0059709691,0.0058491542,0.0098131249,0.4373513,0.5055993,102.86653
0.073,89.099071,5.3673257e-05,0,0.44297517,0.0068704402,0.0064278515,0.0063014385,0.0050501791,0.43060131,0.50115924,102.6934
0.0735,89.092465,5.4789377e-05,0,0.43839349,0.0073599165,0.0069015753,0.0067705641,0.0017242708,0.42308491,0.49646235,102.52044
0.074,89.089583,5.4454513e-05,0,0.43434628,0.0078662341,0.0073921404,0.007256531,0.000184429,0.41781785,0.4920243,102.34788
0.0745,89.087776,5.3175036e-05,0,0.43030224,0.0083893931,0.0078995468,0.0077593392,0.00057979168,0.41385829,0.48778986,102.1758
0.075,89.086231,5.1186896e-05,0,0.42620472,0.0089293933,0.0084237945,0.0082789888,0.0027473883,0.41008526,0.48361285,102.00416
0.0755,89.084839,4.8498505e-05,0,0.42212504,0.0094862349,0.0089648835,0.0088154797,0.0063332774,0.40622121,0.47944373,101.83282
0.076,89.083568,4.5047581e-05,0,0.41808959,0.010059918,0.0095228139,0.0093688119,0.010905362,0.40234679,0.47528737,101.66162
0.0765,89.082368,4.0816094e-05,0,0.41408705,0.010650442,0.010097586,0.0099389854,0.01599902,0.3985197,0.47115147,101.49047
0.077,89.081218,3.5865579e-05,0,0.41010525,0.011257807,0.010689199,0.010526,0.021135977,0.39473303,0.46703631,101.31934
0.0775,89.079002,2.6551394e-05,0,0.40614124,0.010764508,0.011297653,0.011129856,0.025086064,0.39096912,0.46294,101.14825
0.078,89.076799,1.5725337e-05,0,0.40219608,0.0089517248,0.011922948,0.011750554,0.02709473,0.3872218,0.45886165,100.97725
0.0785,89.074685,2.2939621e-05,0,0.39827057,0.0063089161,0.012565085,0.012388093,0.027029365,0.38349179,0.45480125,100.80642
0.079,89.073483,2.7618424e-05,0,0.39436463,0.0036603143,0.013224064,0.013042473,0.025833923,0.37978015,0.4507589,100.63579
0.0795,89.072565,2.8994908e-05,0,0.39047802,0.0017530874,0.013508706,0.013713694,0.024613864,0.37608695,0.44673464,100.46538
0.08,89.070045,3.1046131e-05,0,0.38661063,0.0024076695,0.0082476409,0.014401757,0.023440965,0.37241191,0.44272845,100.29516
0.0805,89.067942,3.3541649e-05,0,0.38276248,0.0039039386,0.0049531007,0.011900724,0.022328006,0.36875491,0.43874029,100.12511
0.081,89.066573,3.6559826e-05,0,0.37893357,0.0050190261,0.0048116526,0.0067347429,0.021256444,0.36511593,0.43477018,99.955203
0.0815,89.065797,3.9436056e-05,0,0.37512392,0.0050542468,0.0044814853,0.0039044516,0.020211178,0.361495,0.43081811,99.785417
0.082,89.065237,4.1604487e-05,0,0.37133352,0.0041021281,0.003608539,0.0027967447,0.019189084,0.35789212,0.42688409,99.615748
0.0825,89.064757,4.3096235e-05,0,0.36756237,0.0028254579,0.0026319165,0.0022650572,0.018192537,0.35430728,0.42296811,99.446204
0.083,89.064318,4.4229879e-05,0,0.36381046,0.0017466214,0.0017806798,0.0017509034,0.017223356,0.35074049,0.41907018,99.276798
0.0835,89.063905,4.5219775e-05,0,0.3600778,0.00099502445,0.0010915107,0.0011632221,0.016281581,0.34719175,0.41519029,99.10754
0.084,89.063506,4.6072603e-05,0,0.35636439,0.00049984601,0.0005643818,0.00061656965,0.01536659,0.34366104,0.41132845,98.93844
0.0845,89.063114,4.6684216e-05,0,0.35267022,0.00018412469,0.0002059523,0.0002228561,0.014478005,0.34014839,0.40748465,98.769496
0.085,89.062727,4.6955614e-05,0,0.34899531,2.2138605e-05,2.3991118e-05,2.5344692e-05,0.013615795,0.33665377,0.40365889,98.600707
0.0855,89.062344,4.684406e-05,0,0.34533964,1.9272013e-05,2.0499666e-05,2.1486178e-05,0.01278004,0.33317721,0.39985118,98.432067
0.086,89.061963,4.6356701e-05,0,0.34170321,0.00018141114,0.00019053231,0.0001955815,0.011970782,0.32971868,0.39606151,98.26357
0.0865,89.061584,4.5523365e-05,0,0.33808604,0.00050192163,0.00052288844,0.00053201655,0.011188015,0.3262782,0.39228989,98.095213
0.087,89.061208,4.4374886e-05,0,0.33448811,0.00096348895,0.0010006992,0.0010144064,0.010431718,0.32285577,0.38853631,97.926996
0.0875,89.060834,4.2934703e-05,0,0.33090943,0.0015433554,0.0016020119,0.0016219991,0.0097018837,0.31945137,0.38480077,97.758919
0.088,89.060464,4.1220061e-05,0,0.32734999,0.002216044,0.0023006671,0.0023287251,0.0089985118,0.31606503,0.38108328,97.590985
0.0885,89.060096,3.924649e-05,0,0.32380981,0.0029538665,0.0030674058,0.0031046428,0.008321605,0.31269672,0.37738384,97.423196
0.089,89.059731,3.7031414e-05,0,0.32028887,0.0037271735,0.0038710514,0.0039178925,0.0076711643,0.30934647,0.37370243,97.255554
0.0895,89.059368,3.4595628e-05,0,0.31678717,0.004505256,0.0046796923,0.0047361526,0.0070471891,0.30601425,0.37003908,97.088058
0.09,89.059006,3.1963163e-05,0,0.31330473,0.0052576947,0.0054618549,0.0055276689,0.0064496789,0.30270008,0.36639376,96.920709
0.0905,89.058646,2.9160474e-05,0,0.30984153,0.0059556788,0.0061876446,0.0062622233,0.0058786335,0.29940396,0.36276649,96.753505
0.091,89.058287,2.6215613e-05,0,0.30639758,0.0065730705,0.0068298195,0.0069121873,0.005334053,0.29612587,0.35915727,96.586446
0.0915,89.057929,2.3157642e-05,0,0.30297288,0.0070872408,0.0073647492,0.0074535657,0.0048159375,0.29286584,0.35556609,96.41953
0.092,89.057574,2.0016253e-05,0,0.29956742,0.0074797691,0.0077732224,0.0078668793,0.0043242869,0.28962384,0.35199295,96.252757
0.0925,89.05722,1.6821502e-05,0,0.29618121,0.0077370323,0.0080410728,0.0081378093,0.0038591013,0.28639989,0.34843786,96.086128
0.093,89.056869,1.3603584e-05,0,0.29281425,0.0078506451,0.0081596066,0.0082576006,0.0034203806,0.28319399,0.34490081,95.919643
0.0935,89.056519,1.039259e-05,0,0.28946653,0.0078177016,0.0081258199,0.00822325,0.0030081248,0.28000613,0.34138181,95.753303
0.094,89.056172,7.2182611e-06,0,0.28613807,0.007640792,0.0079424013,0.0080374958,0.0026223339,0.27683631,0.33788085,95.587107
0.0945,89.055828,4.1097246e-06,0,0.28282885,0.0073277997,0.0076175252,0.0077086121,0.002263008,0.27368454,0.33439793,95.421056
0.095,89.055486,1.0952324e-06,0,0.27953887,0.0068915011,0.0071644467,0.0072500081,0.001930147,0.27055081,0.33093306,95.25515
0.0955,89.055315,0,0,0.27626815,0.006415291,0.0066813528,0.0067642124,0.0016237509,0.26743513,0.32748624,95.089388
0.096,89.055173,0,0,0.27301667,0.0059561299,0.0062150725,0.0062952502,0.0013438198,0.26433749,0.32405745,94.923771
0.0965,89.055034,0,0,0.26978444,0.005515801,0.0057658497,0.0058431696,0.0010903536,0.2612579,0.32064672,94.758298
0.097,89.054895,0,0,0.26657145,0.0050931931,0.0053335752,0.0054079526,0.00086335228,0.25819635,0.31725402,94.592969
0.0975,89.054756,0,0,0.26337772,0.0046874735,0.0049181519,0.0049895796,0.00066281592,0.25515284,0.31387937,94.427784
0.098,89.054618,0,0,0.26020323,0.0042985154,0.004519561,0.004588046,0.00048874449,0.25212738,0.31052277,94.262744
0.0985,89.054479,0,0,0.25704798,0.0039263939,0.0041378101,0.0042033531,0.00034113798,0.24911996,0.30718421,94.097848
0.099,89.054341,0,0,0.25391199,0.0035711381,0.003772903,0.0038355021,0.0002199964,0.24613059,0.30386369,93.933096
0.0995,89.054203,0,0,0.25079524,0.0032327364,0.0034248389,0.0034844928,0.00012531975,0.24315926,0.30056122,93.768489
0.1,89.054064,0,0,0.24769774,0.0029111774,0.0030936163,0.003150325,5.710802e-05,0.24020597,0.29727679,93.604026
0.1005,89.053926,0,0,0.24461949,0.0026064586,0.0027792349,0.0028329984,1.5361222e-05,0.23727073,0.2940104,93.439708
0.101,89.053787,0,0,0.24156048,0.002318581,0.0024816948,0.0025325132,7.9351579e-08,0.23435354,0.29076206,93.275534
0.1015,89.053649,0,0,0.23852072,0.002047545,0.002200996,0.0022488692,1.1262409e-05,0.23145439,0.28753177,93.111504
0.102,89.053511,0,0,0.23550021,0.0017933505,0.0019371386,0.0019820666,4.8910393e-05,0.22857328,0.28431952,92.947619
0.1025,89.053372,0,0,0.23249894,0.0015559973,0.0016901225,0.0017321054,0.00011302331,0.22571022,0.28112531,92.783878
0.103,89.053234,0,0,0.22951693,0.0013354855,0.0014599478,0.0014989854,0.00020360115,0.2228652,0.27794915,92.620281
0.1035,89.053096,0,0,0.22655416,0.0011318149,0.0012466143,0.0012827067,0.00032064391,0.22003822,0.27479103,92.456829
0.104,89.052957,0,0,0.22361063,0.00094498574,0.0010501222,0.0010832694,0.00046415161,0.21722929,0.27165096,92.293521
0.1045,89.052819,0,0,0.22068636,0.00077499785,0.00087047134,0.0009006734,0.00063412423,0.2144384,0.26852893,92.130357
0.105,89.05268,0,0,0.21778133,0.00062185128,0.00070766183,0.00073491871,0.00083056178,0.21166556,0.26542494,91.967338
0.1055,89.052542,0,0,0.21489555,0.00048554603,0.00056169365,0.00058600533,0.0010534643,0.20891076,0.262339,91.804463
0.106,89.052404,0,0,0.21202901,0.00036608209,0.00043256678,0.00045393327,0.0013028317,0.20617401,0.2592711,91.641733
0.1065,89.052265,0,0,0.20918173,0.00026345947,0.00032028123,0.00033870253,0.001578664,0.2034553,0.25622125,91.479147
0.107,89.052127,0,0,0.20635369,0.00017767817,0.000224837,0.00024031311,0.0018809613,0.20075464,0.25318944,91.316705
0.1075,89.051989,0,0,0.20354489,0.00010873819,0.00014623408,0.000158765,0.0022097234,0.19807202,0.25017568,91.154408
0.108,89.05185,0,0,0.20075535,5.6639521e-05,8.4472483e-05,9.4058213e-05,0.0025649506,0.19540744,0.24717996,90.992254
0.1085,89.051712,0,0,0.19798505,2.1382173e-05,3.9552202e-05,4.6192741e-05,0.0029466426,0.19276091,0.24420228,90.830246
0.109,89.051574,0,0,0.195234,2.9661417e-06,1.1473239e-05,1.5168587e-05,0.0033547996,0.19013242,0.24124265,90.668381
0.1095,89.051435,0,0,0.1925022,1.3914281e-06,2.3559364e-07,9.8575102e-07,0.0037894215,0.18752198,0.23830106,90.506661
0.11,89.051297,0,0,0.18978964,1.6658032e-05,5.8392656e-06,3.6442321e-06,0.0042505083,0.18492958,0.23537752,90.345086
0.1105,89.051159,0,0,0.18709633,4.8765954e-05,2.8284255e-05,2.3144031e-05,0.00473806,0.18235522,0.23247202,90.183654
0.111,89.05102,0,0,0.18442227,9.7715193e-05,6.7570562e-05,5.9485147e-05,0.0052520767,0.17979891,0.22958457,90.022367
0.1115,89.050882,0,0,0.18176745,0.00016350575,0.00012369819,0.00011266758,0.0057925583,0.17726064,0.22671516,89.861225
0.112,89.050744,0,0,0.17913189,0.00024613762,0.00019666713,0.00018269133,0.0063595049,0.17474042,0.22386379,89.700227
0.1125,89.050605,0,0,0.17651557,0.00034561081,0.00028647739,0.0002695564,0.0069529163,0.17223824,0.22103047,89.539373
0.113,89.050467,0,0,0.17391849,0.00046192532,0.00039312896,0.00037326279,0.0075727927,0.16975411,0.2182152,89.378663
0.1135,89.050329,0,0,0.17134067,0.00059508115,0.00051662186,0.00049381049,0.008219134,0.16728802,0.21541796,89.218098
0.114,89.05019,0,0,0.16878209,0.00074507829,0.00065695607,0.00063119951,0.0088919403,0.16483998,0.21263877,89.057677
0.1145,89.050052,0,0,0.16624276,0.00091191676,0.0008141316,0.00078542985,0.0095912114,0.16240997,0.20987763,88.897401
0.115,89.049914,0,0,0.16372267,0.0010955965,0.00098814845,0.00095650151,0.010316948,0.15999802,0.20713453,88.737269
0.1155,89.049775,0,0,0.16122184,0.0012961176,0.0011790066,0.0011444145,0.011069149,0.15760411,0.20440947,88.577281
0.116,89.049637,0,0,0.15874025,0.00151348,0.0013867061,0.0013491688,0.011847815,0.15522824,0.20170246,88.417437
0.1165,89.049499,0,0,0.1562779,0.0017476838,0.0016112469,0.0015707644,0.012652945,0.15287041,0.19901349,88.257738
0.117,89.04936,0,0,0.15383481,0.0019987288,0.001852629,0.0018092013,0.013484541,0.15053063,0.19634257,88.098184
0.1175,89.049222,0,0,0.15141096,0.0022666152,0.0021108524,0.0020644795,0.014342602,0.1482089,0.19368969,87.938773
0.118,89.049084,0,0,0.14900636,0.0025513429,0.0023859172,0.0023365991,0.015227128,0.14590521,0.19105486,87.779507
0.1185,89.048945,0,0,0.14662101,0.0028529119,0.0026778233,0.00262556,0.016138118,0.14361956,0.18843807,87.620386
0.119,89.048807,0,0,0.1442549,0.0031713222,0.0029865707,0.0029313622,0.017075574,0.14135196,0.18583932,87.461408
0.1195,89.048669,0,0,0.14190804,0.0035065738,0.0033121594,0.0032540057,0.018039494,0.1391024,0.18325862,87.302575
0.12,89.04853,0,0,0.13958043,0.0038586668,0.0036545894,0.0035934905,0.01902988,0.13687089,0.18069596,87.143887
0.1205,89.048392,0,0,0.13727206,0.0042276011,0.0040138607,0.0039498167,0.02004673,0.13465742,0.17815135,86.985343
0.121,89.048254,0,0,0.13498294,0.0046133766,0.0043899734,0.0043229841,0.021090045,0.13246199,0.17562478,86.826943
0.1215,89.047822,1.9325689e-06,0,0.13271307,0.0050159936,0.0047829274,0.0047129929,0.0217887,0.13028461,0.17311626,86.668687
0.122,89.047211,7.0550311e-06,0,0.13046245,0.0054354518,0.0051927226,0.005119843,0.021529974,0.12812527,0.17062578,86.510576
0.1225,89.046606,1.2073334e-05,0,0.12823108,0.0058717513,0.0056193593,0.0055435344,0.020373373,0.12598398,0.16815334,86.352609
0.123,89.046005,1.6813404e-05,0,0.12601895,0.0063248922,0.0060628372,0.0059840672,0.01843887,0.12386073,0.16569895,86.194787
0.1235,89.045411,2.1161607e-05,0,0.12382607,0.0067948744,0.0065231564,0.0064414412,0.015901055,0.12175553,0.1632626,86.037109
0.124,89.044828,2.5053135e-05,0,0.12165243,0.0072816978,0.007000317,0.0069156566,0.01297916,0.11966837,0.1608443,85.879575
0.1245,89.044261,2.8443103e-05,0,0.11949804,0.0077853627,0.0074943189,0.0074067133,0.0099174932,0.11759925,0.15844404,85.722185
0.125,89.04371,3.1288211e-05,0,0.1173629,0.0083058688,0.0080051621,0.0079146113,0.0069620281,0.11554818,0.15606182,85.56494
0.1255,89.043145,3.3346876e-05,0,0.11524701,0.0087882525,0.0085328466,0.0084393506,0.0043562068,0.11351515,0.15369765,85.40784
0.126,89.042473,3.2874289e-05,0,0.11315037,0.0087318516,0.0090773724,0.0089809313,0.0023888199,0.11150017,0.15135153,85.250883
0.1265,89.041818,3.1759092e-05,0,0.11107297,0.0081266536,0.0096387396,0.0095393532,0.0010560601,0.10950323,0.14902345,85.094071
0.127,89.041175,3.0140068e-05,0,0.10901482,0.0070331867,0.010216948,0.010114617,0.00029738068,0.10752434,0.14671341,84.937404
0.1275,89.040542,2.8151036e-05,0,0.10697591,0.0055815842,0.010811998,0.010706721,1.6779876e-05,0.10556349,0.14442141,84.780881
0.128,89.039775,2.5814868e-05,0,0.10495626,0.0042748292,0.010869629,0.011315667,0.00010169078,0.10362068,0.14214747,84.624502
0.1285,89.038603,2.2862387e-05,0,0.10295585,0.0046796651,0.0079578134,0.011941454,0.00042388101,0.10169592,0.13989156,84.468267
0.129,89.037435,2.7381429e-05,0,0.10097469,0.0055359027,0.0064652619,0.0098602192,0.00084172596,0.099789203,0.1376537,84.312177
0.1295,89.036565,3.2305035e-05,0,0.09901277,0.0059017094,0.0060593696,0.0068870374,0.0012254222,0.09790053,0.13543388,84.156231
0.13,89.035853,3.7044843e-05,0,0.097070103,0.0054405006,0.0053467847,0.0049889865,0.0014816335,0.096029902,0.13323211,84.00043
0.1305,89.035207,4.1173271e-05,0,0.095146682,0.0043618598,0.0043013497,0.0038985696,0.001565823,0.094177318,0.13104838,83.844772
0.131,89.034594,4.4625533e-05,0,0.093242509,0.0031216212,0.0031972735,0.0030611809,0.0014794373,0.092342777,0.1288827,83.68926
0.1315,89.034004,4.750463e-05,0,0.091357583,0.0020353601,0.0021858344,0.0022209238,0.0012578591,0.090526282,0.12673506,83.533891
0.132,89.033513,4.9215735e-05,0,0.089491904,0.0012155964,0.0013362644,0.0014004794,0.0010066767,0.08872783,0.12460547,83.378667
0.1325,89.033054,5.0161847e-05,0,0.087645473,0.00062748335,0.00068388865,0.00071771022,0.00078275492,0.086947423,0.12249392,83.223587
0.133,89.032604,5.0766767e-05,0,0.085818288,0.00023053399,0.00024480575,0.00025257523,0.00059001652,0.08518506,0.12040041,83.068652
0.1335,89.03216,5.0988592e-05,0,0.084010351,2.5940222e-05,2.6235185e-05,2.6065111e-05,0.00042656723,0.083440741,0.11832495,82.913861
0.134,89.03172,5.0813181e-05,0,0.082221661,2.6383276e-05,2.8520463e-05,2.9865521e-05,0.0002899693,0.081714467,0.11626753,82.759214
0.1345,89.031282,5.0250927e-05,0,0.080452219,0.00023409541,0.00024484717,0.00024965911,0.00017939041,0.080006236,0.11422816,82.604712
0.135,89.030848,4.9322657e-05,0,0.078702023,0.00063660816,0.0006611676,0.00067015282,9.5047419e-05,0.07831605,0.11220683,82.450354
0.1355,89.030417,4.8049251e-05,0,0.076971075,0.0012115796,0.0012565111,0.001271702,3.7248388e-05,0.076643909,0.11020354,82.29614
0.136,89.029988,4.6448764e-05,0,0.075259374,0.0019314519,0.0020036608,0.0020276876,6.0563143e-06,0.074989811,0.1082183,82.142071
0.1365,89.029561,4.4538203e-05,0,0.07356692,0.0027652014,0.0028702141,0.0029050638,1.3956688e-06,0.073353758,0.1062511,81.988146
0.137,89.029137,4.2336159e-05,0,0.071893714,0.0036786464,0.0038199245,0.003866565,2.3201139e-05,0.071735749,0.10430195,81.834366
0.1375,89.028671,3.9349393e-05,0,0.070239754,0.0046000251,0.0047990702,0.0048636331,5.9847153e-05,0.070135785,0.10237084,81.68073
0.138,89.028187,3.5363355e-05,0,0.068605042,0.0054499398,0.0057346525,0.0058278609,8.1802597e-05,0.068553864,0.10045778,81.527238
0.1385,89.027707,3.1171949e-05,0,0.066989577,0.0062108781,0.0065678926,0.0066886425,7.7162483e-05,0.066989988,0.09856276,81.37389
0.139,89.027228,2.685449e-05,0,0.06539336,0.0068557057,0.0072571047,0.0073934777,4.9529509e-05,0.065444157,0.096685785,81.220687
0.1395,89.026754,2.2489862e-05,0,0.063816389,0.007353021,0.0077733068,0.0079129111,1.9465285e-05,0.063916369,0.094826854,81.067628
0.14,89.026288,1.8160495e-05,0,0.062258666,0.0076776886,0.0080987676,0.0082344903,2.2853889e-05,0.062406626,0.092985968,80.914714
0.1405,89.02583,1.6342693e-05,0,0.06072019,0.007817549,0.0082271853,0.0083563247,0.00010468741,0.060914927,0.091163125,80.761944
0.141,89.025383,1.8026053e-05,0,0.059200961,0.0077745159,0.0081633365,0.0082845917,0.00031018214,0.059441272,0.089358327,80.609318
0.1415,89.024946,1.9273289e-05,0,0.057700979,0.0075620618,0.0079218105,0.0080335086,0.00067557602,0.057985662,0.087571573,80.456837
0.142,89.024519,2.0035543e-05,0,0.056220245,0.0072016974,0.0075251318,0.0076251558,0.0012202849,0.056548096,0.085802864,80.3045
0.1425,89.02415,2.0001849e-05,0,0.054758758,0.0067152881,0.0070298684,0.0071267355,0.0019258534,0.055128574,0.084052198,80.152307
0.143,89.023896,1.8210015e-05,0,0.053316518,0.0062435688,0.0065511733,0.0066451154,0.002672443,0.053727096,0.082319577,80.000259
0.1435,89.023649,1.6164894e-05,0,0.051893525,0.0057914629,0.006089624,0.0061803928,0.0033926108,0.052343663,0.080605001,79.848355
0.144,89.023404,1.3949571e-05,0,0.05048978,0.005358017,0.005645124,0.0057325503,0.0040218365,0.050978274,0.078908468,79.696595
0.1445,89.02316,1.1627631e-05,0,0.049105282,0.0049417157,0.0052175021,0.0053015563,0.0045055753,0.049630929,0.07722998,79.54498
0.145,89.022918,9.2451117e-06,0,0.047740031,0.0045421368,0.0048067086,0.0048874007,0.0048044896,0.048301628,0.075569536,79.393509
0.1455,89.022678,6.8428131e-06,0,0.046394027,0.0041593605,0.0044127518,0.0044900854,0.0048969841,0.046990372,0.073927136,79.242183
0.146,89.022442,4.4646971e-06,0,0.04506727,0.0037934565,0.0040356395,0.004109612,0.0047798273,0.04569716,0.072302781,79.091001
0.1465,89.022208,2.1591246e-06,0,0.043759761,0.0034444188,0.0036753715,0.0037459807,0.0044674498,0.044421992,0.07069647,78.939963
0.147,89.021981,0,0,0.042471499,0.0031122279,0.0033319455,0.0033991909,0.0039935677,0.043164869,0.069108203,78.789069
0.1475,89.021838,0,0,0.041202484,0.002796877,0.0030053606,0.0030692424,0.0035432784,0.041925789,0.06753798,78.63832
0.148,89.021698,0,0,0.039952716,0.0024983667,0.002695617,0.0027561351,0.0031209014,0.040704754,0.065985802,78.487716
0.1485,89.021559,0,0,0.038722195,0.002216698,0.0024027147,0.0024598692,0.002727048,0.039501764,0.064451668,78.337255
0.149,89.02142,0,0,0.037510922,0.001951871,0.0021266538,0.0021804447,0.0023605211,0.038316817,0.062935578,78.186939
0.1495,89.021282,0,0,0.036318896,0.0017038855,0.0018674342,0.0019178614,0.0020204172,0.037149915,0.061437533,78.036767
0.15,89.021143,0,0,0.035146117,0.0014727412,0.0016250559,0.0016721195,0.0017065755,0.036001057,0.059957531,77.88674
0.1505,89.021005,0,0,0.033992586,0.0012584383,0.0013995189,0.0014432188,0.0014191507,0.034870244,0.058495574,77.736857
0.151,89.020866,0,0,0.032858301,0.0010609766,0.0011908233,0.0012311595,0.0011582503,0.033757474,0.057051662,77.587118
0.1515,89.020728,0,0,0.031743264,0.00088035631,0.00099896899,0.0010359416,0.00092387198,0.032662749,0.055625793,77.437524
0.152,89.02059,0,0,0.030647474,0.00071657732,0.00082395599,0.00085756488,0.00071597651,0.031586069,0.054217969,77.288074
0.1525,89.020451,0,0,0.029570931,0.00056963964,0.0006657843,0.00069602953,0.0005345417,0.030527432,0.052828189,77.138769
0.153,89.020313,0,0,0.028513636,0.00043954328,0.00052445394,0.0005513355,0.00037956633,0.02948684,0.051456453,76.989607
0.1535,89.020175,0,0,0.027475587,0.00032628824,0.00039996489,0.00042348279,0.00025105553,0.028464292,0.050102762,76.840591
0.154,89.020036,0,0,0.026456786,0.00022987452,0.00029231716,0.00031247139,0.00014901175,0.027459788,0.048767115,76.691718
0.1545,89.019898,0,0,0.025457232,0.00015030211,0.00020151074,0.00021830131,7.3434401e-05,0.026473329,0.047449512,76.54299
0.155,89.01976,0,0,0.024476926,8.7571023e-05,0.00012754564,0.00014097255,2.43223e-05,0.025504913,0.046149953,76.394406
0.1555,89.019621,0,0,0.023515866,4.1681252e-05,7.0421865e-05,8.04851e-05,1.674941e-06,0.024554543,0.044868439,76.245967
0.156,89.019483,0,0,0.022574054,1.2632798e-05,3.0139403e-05,3.6838972e-05,5.4923745e-06,0.023622216,0.043604969,76.097672
0.1565,89.019345,0,0,0.021651489,4.2566184e-07,6.6982584e-06,1.0034162e-05,3.5774754e-05,0.022707933,0.042359543,75.949521
0.157,89.019206,0,0,0.020748171,5.059843e-06,9.8431378e-08,7.0669544e-08,9.2522127e-05,0.021811695,0.041132162,75.801515
0.1575,89.019068,0,0,0.019864101,2.6535342e-05,1.0339922e-05,6.9484944e-06,0.00017573447,0.020933502,0.039922824,75.653653
0.158,89.01893,0,0,0.018999278,6.4852158e-05,3.742273e-05,3.0667637e-05,0.00028541174,0.020073352,0.038731531,75.505935
0.1585,89.018791,0,0,0.018153701,0.00012001029,8.1346855e-05,7.1228097e-05,0.00042155393,0.019231247,0.037558283,75.358362
0.159,89.018653,0,0,0.017327373,0.00019200974,0.0001421123,0.00012862987,0.00058416104,0.018407186,0.036403078,75.210933
0.1595,89.018515,0,0,0.016520291,0.00028085051,0.00021971906,0.00020287297,0.00077323309,0.017601169,0.035265918,75.063648
0.16,89.018376,0,0,0.015732456,0.0003865326,0.00031416714,0.00029395738,0.00098877006,0.016813196,0.034146802,74.916508
0.1605,89.018238,0,0,0.014963869,0.000509056,0.00042545653,0.00040188311,0.001230772,0.016043268,0.033045731,74.769512
0.161,89.0181,0,0,0.014214529,0.00064842072,0.00055358725,0.00052665016,0.0014992388,0.015291384,0.031962703,74.62266
0.1615,89.017961,0,0,0.013484436,0.00080462676,0.00069855928,0.00066825852,0.0017941705,0.014557544,0.03089772,74.475953
0.162,89.017823,0,0,0.012773591,0.00097767412,0.00086037262,0.00082670821,0.0021155672,0.013841749,0.029850781,74.32939
0.1625,89.017685,0,0,0.012081993,0.0011675628,0.0010390273,0.0010019992,0.0024634288,0.013143998,0.028821887,74.182972
0.163,89.017546,0,0,0.011409641,0.0013742928,0.0012345233,0.0011941315,0.0028377554,0.012464291,0.027811037,74.036698
0.1635,89.017408,0,0,0.010756538,0.0015978641,0.0014468606,0.0014031052,0.0032385469,0.011802628,0.026818231,73.890568
0.164,89.017232,6.026396e-07,0,0.010122681,0.0018382767,0.0016760392,0.0016289201,0.0036186722,0.01115901,0.025843469,73.744583
0.1645,89.017017,2.764879e-06,0,0.0095080714,0.0020955307,0.0019220591,0.0018715764,0.0038464034,0.010533436,0.024886751,73.598741
0.165,89.016803,4.9627673e-06,0,0.0089127091,0.0023696259,0.0021849204,0.002131074,0.0039081631,0.0099259062,0.023948078,73.453045
0.1655,89.016589,7.1182289e-06,0,0.0083365941,0.0026605625,0.0024646229,0.0024074129,0.0038030999,0.0093364206,0.023027449,73.307492
0.166,89.016377,9.1759902e-06,0,0.0077797263,0.0029683404,0.0027611668,0.0027005931,0.0035433645,0.0087649794,0.022124865,73.162084
0.1665,89.016166,1.110089e-05,0,0.0072421057,0.0032929596,0.003074552,0.0030106146,0.0031537404,0.0082115824,0.021240324,73.016821
0.167,89.015958,1.286631e-05,0,0.0067237324,0.0036344201,0.0034047786,0.0033374775,0.0026692571,0.0076762296,0.020373828,72.871702
0.1675,89.015752,1.4446138e-05,0,0.0062246062,0.003992722,0.0037518464,0.0036811817,0.0021315236,0.0071589212,0.019525376,72.726727
0.168,89.01555,1.5813133e-05,0,0.0057447273,0.0043678652,0.0041157556,0.0040417272,0.0015847543,0.006659657,0.018694969,72.581896
0.1685,89.01535,1.6941264e-05,0,0.0052840956,0.0047598496,0.004496506,0.004419114,0.0010719638,0.006178437,0.017882605,72.43721
0.169,89.015152,1.7808846e-05,0,0.0048427111,0.0051686754,0.0048940978,0.0048133421,0.00063150419,0.0057152614,0.017088286,72.292668
0.1695,89.014956,1.8400684e-05,0,0.0044205739,0.0055943426,0.0053085309,0.0052244115,0.00029410257,0.00527013,0.016312011,72.14827
0.17,89.014762,1.8708886e-05,0,0.0040176838,0.006036851,0.0057398054,0.0056523223,8.0611097e-05,0.0048430429,0.015553781,72.004017
0.1705,89.014373,1.7237087e-05,0,0.003634041,0.0061632432,0.0061879211,0.0060970744,3.2165454e-06,0.004434,0.014813595,71.859908
0.171,89.013966,1.4756673e-05,0,0.0032696454,0.0058035872,0.0066528782,0.0065586678,1.7284134e-05,0.0040430014,0.014091453,71.715944
0.1715,89.013566,1.2289689e-05,0,0.002924497,0.0050297758,0.0071346766,0.0070371025,6.9711665e-05,0.0036700471,0.013387355,71.572124
0.172,89.013173,1.3665972e-05,0,0.0025985958,0.00396997,0.0076333163,0.0075323785,0.00012190832,0.0033151371,0.012701301,71.428448
0.1725,89.012793,1.6510084e-05,0,0.0022919419,0.0027904814,0.0081487973,0.0080444959,0.00015289675,0.0029782713,0.012033292,71.284917
0.173,89.011997,1.9267761e-05,0,0.0020045352,0.0024668929,0.0070536034,0.0085734545,0.00015318811,0.0026594498,0.011383327,71.14153
0.1735,89.011124,2.2440931e-05,0,0.0017363757,0.0032088309,0.0044938952,0.0087380093,0.00012225899,0.0023586725,0.010751407,70.998287
0.174,89.01029,2.611431e-05,0,0.0014874634,0.0039431049,0.0042237199,0.0060316156,7.0980907e-05,0.0020759396,0.01013753,70.855189
0.1745,89.009783,2.9471175e-05,0,0.0012577983,0.0041542446,0.0040424011,0.0040006139,2.4289968e-05,0.0018112509,0.0095416983,70.712235
0.175,89.009418,3.1713684e-05,0,0.0010473805,0.0037425208,0.003507233,0.003020835,2.6585987e-06,0.0015646064,0.0089639104,70.569425
0.1755,89.009096,3.3457214e-05,0,0.00085620984,0.0029655813,0.0028300662,0.0025293952,8.9351729e-06,0.0013360063,0.0084041669,70.42676
0.176,89.008791,3.4880581e-05,0,0.00068428644,0.0021673291,0.0021783977,0.002114067,4.3153373e-05,0.0011254504,0.0078624676,70.284239
0.1765,89.008495,3.6144338e-05,0,0.00053161025,0.0015133331,0.001595609,0.0016393307,0.00010432916,0.00093293873,0.0073388126,70.141862
0.177,89.008205,3.7284905e-05,0,0.00039818129,0.0010108978,0.0010885828,0.0011408746,0.00019187466,0.00075847137,0.0068332018,69.99963
0.1775,89.007917,3.8249482e-05,0,0.00028399954,0.00062131408,0.00066635344,0.0006947283,0.00030574329,0.00060204828,0.0063456353,69.857542
0.178,89.007632,3.8968749e-05,0,0.00018906502,0.00032268698,0.0003406828,0.00034966258,0.00044606322,0.00046366946,0.0058761131,69.715599
0.1785,89.007349,3.940079e-05,0,0.00011337772,0.00011645559,0.0001209523,0.00012198234,0.00061289979,0.00034333491,0.0054246351,69.5738
0.179,89.007069,3.9537096e-05,0,5.6937632e-05,1.2090986e-05,1.2297713e-05,1.2026922e-05,0.00080624035,0.00024104462,0.0049912015,69.432145
0.1795,89.00679,3.9389116e-05,0,1.9744768e-05,1.4895695e-05,1.5581333e-05,1.6136295e-05,0.0010260549,0.00015679861,0.0045758121,69.290634
0.18,89.006488,3.8644436e-05,0,1.7991235e-06,0.00011924714,0.0001259687,0.00012866295,0.0012389824,9.0596858e-05,0.0041784669,69.149268
0.1805,89.006166,3.684903e-05,0,3.1006994e-06,0.00030120616,0.00032654185,0.00033538484,0.0013597608,4.243938e-05,0.003799166,69.008047
0.181,89.005848,3.4787405e-05,0,2.3649495e-05,0.0005426118,0.00059287502,0.00061109975,0.0013688501,1.232617e-05,0.0034379094,68.866969
0.1815,89.005531,3.2511655e-05,0,6.3445511e-05,0.00082605193,0.00089994149,0.00092679799,0.0012624044,2.572293e-07,0.0030946971,68.726036
0.182,89.005215,3.0074272e-05,0,0.00012248875,0.001131351,0.0012241804,0.0012566856,0.0010544666,6.2325573e-06,0.002769529,68.585247
0.1825,89.004904,2.7534261e-05,0,0.0002007792,0.0014372721,0.001544272,0.0015799832,0.0007774612,3.0252154e-05,0.0024624052,68.444603
0.183,89.004597,2.4953805e-05,0,0.00029831688,0.0017247762,0.0018420473,0.0018798496,0.00047888069,7.2316019e-05,0.0021733257,68.304103
0.1835,89.004296,2.2393226e-05,0,0.00041510177,0.0019792211,0.0021032474,0.0021426048,0.00021495855,0.00013242415,0.0019022904,68.163748
0.184,89.004001,1.9907607e-05,0,0.00055113389,0.0021908722,0.0023178927,0.0023580272,4.2884018e-05,0.00021057656,0.0016492994,68.023536
0.1845,89.003712,2.0199297e-05,0,0.00070641323,0.002354369,0.0024802768,0.0025199634,1.2890887e-05,0.00030677323,0.0014143527,67.883469
0.185,89.003429,2.1020178e-05,0,0.00088093978,0.0024679335,0.0025886492,0.0026264789,0.00016123197,0.00042101417,0.0011974503,67.743547
0.1855,89.003151,2.1388363e-05,0,0.0010747136,0.0025326769,0.0026446447,0.0026793729,0.00050485913,0.00055329938,0.00099859206,67.603769
0.186,89.002878,2.1291929e-05,0,0.0012877346,0.0025519975,0.0026525366,0.0026832903,0.0010384524,0.00070362886,0.00081777815,67.464135
0.1865,89.002609,2.0736005e-05,0,0.0015200028,0.0025309736,0.0026184144,0.0026447328,0.001734174,0.0008720026,0.0006550085,67.324645
0.187,89.002344,1.9741548e-05,0,0.0017715182,0.0024757256,0.0025493803,0.0025711603,0.0025441735,0.0010584206,0.00051028311,67.1853
0.1875,89.002083,1.8343622e-05,0,0.0020422809,0.0023927956,0.0024528365,0.0024702516,0.0034055145,0.0012628829,0.000383602,67.0461
0.188,89.001824,1.6589476e-05,0,0.0023322907,0.00228861,0.0023359069,0.0023493328,0.0042468921,0.0014853895,0.00027496516,66.907043
0.1885,89.001567,1.4536503e-05,0,0.0026415478,0.0021690686,0.0022050135,0.0022149649,0.004996305,0.0017259403,0.00018437258,66.768131
0.189,89.001312,1.2250049e-05,0,0.0029700521,0.002039271,0.0020656047,0.002072682,0.0055887524,0.0019845354,0.00011182428,66.629363
0.1895,89.00106,9.8011002e-06,0,0.0033178037,0.0019033725,0.0019220223,0.0019268633,0.0059730553,0.0022611747,5.7320237e-05,66.49074
0.19,89.00081,7.2638539e-06,0,0.0036848024,0.001764548,0.0017774842,0.0017807227,0.0061170334,0.0025558584,2.0860468e-05,66.352261
0.1905,89.000562,4.7132655e-06,0,0.0040710484,0.0016250438,0.0016341579,0.0016363883,0.0060104956,0.0028685863,2.4449681e-06,66.213926
0.191,89.000317,4.2993679e-06,0,0.0044765416,0.0014862925,0.0014932993,0.0014950493,0.0056657814,0.0031993584,2.0737366e-06,66.075736
0.1915,89.000086,4.021613e-06,0,0.004901282,0.0013462235,0.0013542407,0.0013564149,0.0051308425,0.0035481749,1.9746774e-05,65.93769
0.192,88.999918,2.7972473e-06,0,0.0053452697,0.0011756323,0.001203472,0.0012116259,0.0046185548,0.0039150356,5.546408e-05,65.799789
0.1925,88.999754,1.6472638e-06,0,0.0058085045,0.0010009221,0.0010401054,0.0010537273,0.0041341977,0.0042999405,0.00010922565,65.662031
0.193,88.999592,5.9099856e-07,0,0.0062909866,0.00083177931,0.00087049929,0.00088473048,0.0036787554,0.0047028898,0.0001810315,65.524418
0.1935,88.999445,0,0,0.0067927159,0.00067269617,0.00070768252,0.00072052601,0.0032508867,0.0051238833,0.00027088161,65.38695
0.194,88.999306,0,0,0.0073136924,0.00053018609,0.00056166555,0.0005731515,0.0028494788,0.0055629211,0.00037877599,65.249626
0.1945,88.999167,0,0,0.0078539161,0.00040478589,0.00043251806,0.00044262284,0.0024742944,0.0060200031,0.00050471464,65.112446
0.195,88.999028,0,0,0.0084133871,0.00029641874,0.00032023562,0.00032894102,0.0021255051,0.0064951294,0.00064869756,64.97541
0.1955,88.99889,0,0,0.0089921053,0.00020492877,0.00022479993,0.00023210224,0.0018032457,0.0069883,0.00081072475,64.838519
0.196,88.998751,0,0,0.0095900707,0.00013026863,0.00014620442,0.00015210462,0.0015075202,0.0074995149,0.0009907962,64.701773
0.1965,88.998613,0,0,0.010207283,7.2445304e-05,8.4449548e-05,8.8948078e-05,0.0012382836,0.008028774,0.0011889119,64.56517
0.197,88.998475,0,0,0.010843743,3.146623e-05,3.9536255e-05,4.2632878e-05,0.00099550784,0.0085760774,0.0014050719,64.428712
0.1975,88.998336,0,0,0.01149945,7.3310741e-06,1.1464602e-05,1.3159087e-05,0.0007791903,0.009141425,0.0016392762,64.292398
0.198,88.998198,0,0,0.012174404,3.7860755e-08,2.3436985e-07,5.2665494e-07,0.00058933689,0.009724817,0.0018915247,64.156229
0.1985,88.99806,0,0,0.012868606,9.5858435e-06,5.8454485e-06,4.7355429e-06,0.00042595077,0.010326253,0.0021618175,64.020204
0.199,88.997921,0,0,0.013582055,3.5975064e-05,2.8297832e-05,2.5785743e-05,0.00028903143,0.010945734,0.0024501546,63.884324
0.1995,88.997783,0,0,0.014314751,7.9205632e-05,6.7591534e-05,6.3677261e-05,0.00017857747,0.011583258,0.0027565359,63.748587
0.2,88.997645,0,0,0.015066694,0.00013927755,0.00012372656,0.0001184101,9.4588237e-05,0.012238827,0.0030809615,63.612995
0.2005,88.997506,0,0,0.015837884,0.0002161908,0.0001967029,0.00018998425,3.7063762e-05,0.012912441,0.0034234314,63.477548
0.201,88.997368,0,0,0.016628322,0.00030994537,0.00028652056,0.00027839972,6.0042251e-06,0.013604098,0.0037839455,63.342245
0.2015,88.99723,0,0,0.017438007,0.00042054126,0.00039317954,0.00038365651,1.4096934e-06,0.0143138,0.004162504,63.207086
0.202,88.997091,0,0,0.018266939,0.00054797846,0.00051667984,0.00050575462,2.3280136e-05,0.015041546,0.0045591066,63.072071
0.2025,88.996938,6.8852015e-07,0,0.019115118,0.00066325076,0.00065702145,0.00064469405,7.1615513e-05,0.015787336,0.0049737536,62.937201
0.203,88.996784,1.6755859e-06,0,0.019982544,0.00074617986,0.00081420439,0.00080047479,0.00014641581,0.016551171,0.0054064448,62.802475
0.2035,88.99663,2.6896236e-06,0,0.020869218,0.00078853616,0.00098822863,0.00097309685,0.00024768103,0.01733305,0.0058571803,62.667894
0.204,88.996475,3.6888518e-06,0,0.021775139,0.00080056281,0.0011614589,0.0011625602,0.00037541118,0.018132973,0.00632596,62.533457
0.2045,88.996309,4.8013695e-06,0,0.022700307,0.00091163352,0.0011680812,0.0013688649,0.00052960626,0.01895094,0.0068127841,62.399164
0.205,88.996141,6.0158019e-06,0,0.023644722,0.0010838755,0.0011911639,0.0014348516,0.00071026627,0.019786952,0.0073176524,62.265016
0.2055,88.99598,7.341863e-06,0,0.024608385,0.0012405588,0.0012885668,0.0013791868,0.0009173912,0.020641008,0.0078405649,62.131012
0.206,88.995823,8.706413e-06,0,0.025591295,0.0013376159,0.0013591127,0.0013474251,0.0011509811,0.021513108,0.0083815218,61.997152
0.2065,88.995669,1.004238e-05,0,0.026593452,0.0013659262,0.0013848527,0.0013550047,0.0014110359,0.022403253,0.0089405229,61.863437
0.207,88.995516,1.1338648e-05,0,0.027614856,0.0013448799,0.001377475,0.0013678873,0.0016975556,0.023311442,0.0095175682,61.729866
0.2075,88.995363,1.2612467e-05,0,0.028655507,0.0012978512,0.0013451806,0.001356437,0.0020105402,0.024237675,0.010112658,61.596439
0.208,88.995211,1.3873445e-05,0,0.029715406,0.0012366867,0.0012902711,0.0013105394,0.0023499898,0.025181952,0.010725792,61.463157
0.2085,88.995059,1.511302e-05,0,0.030794552,0.0011626325,0.0012140905,0.0012341017,0.0027159043,0.026144274,0.01135697,61.330019
0.209,88.994908,1.6312216e-05,0,0.031892945,0.0010737312,0.0011191682,0.0011354422,0.0031082837,0.027124639,0.012006192,61.197025
0.2095,88.994757,1.7451898e-05,0,0.033010586,0.00096998697,0.0010090891,0.0010217775,0.0035271281,0.028123049,0.012673459,61.064176
0.21,88.994607,1.8517811e-05,0,0.034147473,0.00085436783,0.00088799912,0.0008982479,0.0039724374,0.029139504,0.01335877,60.931471
0.2105,88.994457,1.950054e-05,0,0.035303608,0.00073156467,0.00076034056,0.00076895082,0.0044442116,0.030174002,0.014062125,60.798911
0.211,88.994307,2.0393415e-05,0,0.03647899,0.00060662615,0.00063070935,0.00063794749,0.0049424507,0.031226545,0.014783525,60.666495
0.2115,88.994158,2.119068e-05,0,0.037673619,0.00048429001,0.00050370201,0.00050957332,0.0054671548,0.032297133,0.015522969,60.534223
0.212,88.99401,2.1886739e-05,0,0.038887495,0.00036884971,0.00038374101,0.00038824336,0.0060183238,0.033385764,0.016280457,60.402096
0.2125,88.993862,2.247625e-05,0,0.040120619,0.00026417403,0.00027490611,0.00027812575,0.0065959577,0.03449244,0.017055989,60.270113
0.213,88.993577,2.1921145e-05,0,0.04137299,0.00018727175,0.00018656339,0.00018641333,0.0069630419,0.03561716,0.017849566,60.138274
0.2135,88.993269,2.0513169e-05,0,0.042644608,0.00013560664,0.00012305855,0.00011898347,0.0069387393,0.036759924,0.018661186,60.006579
0.214,88.992964,1.910577e-05,0,0.043935473,9.7146655e-05,8.022523e-05,7.4608965e-05,0.0065417415,0.037920733,0.019490852,59.875029
0.2145,88.99266,1.7747609e-05,0,0.045245586,6.7757268e-05,5.2139014e-05,4.7253648e-05,0.0058240582,0.039099585,0.020338561,59.743624
0.215,88.992361,1.6482543e-05,0,0.046574946,4.6107029e-05,3.4045157e-05,3.0668362e-05,0.0048680437,0.040296482,0.021204315,59.612363
0.2155,88.992069,1.8947237e-05,0,0.047923553,3.1030937e-05,2.2569199e-05,2.0476742e-05,0.0037792888,0.041511424,0.022088113,59.481246
0.216,88.991787,2.1241143e-05,0,0.049291407,2.0967271e-05,1.5352696e-05,1.4086893e-05,0.0026739327,0.042744409,0.022989955,59.350273
0.2165,88.991515,2.3045393e-05,0,0.050678508,1.4304369e-05,1.0767163e-05,9.998076e-06,0.0016641635,0.043995439,0.023909841,59.219445
0.217,88.99125,2.4321238e-05,0,0.052084857,9.7372988e-06,7.7159436e-06,7.2764814e-06,0.00084526303,0.045264513,0.024847772,59.088761
0.2175,88.990993,2.5041399e-05,0,0.053510453,6.3832642e-06,5.482578e-06,5.2957609e-06,0.00028580873,0.046551632,0.025803747,58.958221
0.218,88.990742,2.5195744e-05,0,0.054955296,3.7503785e-06,3.6312158e-06,3.6409701e-06,2.1661279e-05,0.047856794,0.026777766,58.827826
0.2185,88.990495,2.4794279e-05,0,0.056419386,1.6877866e-06,1.9750877e-06,2.1047337e-06,5.4020122e-05,0.049180001,0.02776983,58.697575
0.219,88.990252,2.3867028e-05,0,0.057902724,3.7876671e-07,6.1437659e-07,7.4930479e-07,0.00035154079,0.050521253,0.028779938,58.567469
0.2195,88.990012,2.2461816e-05,0,0.059405308,3.8246638e-07,2.5108204e-08,1.3647439e-08,0.00085607337,0.051880548,0.02980809,58.437507
0.22,88.989775,2.0641103e-05,0,0.06092714,2.698853e-06,1.1649948e-06,8.3276684e-07,0.0014911278,0.053257888,0.030854286,58.307689
0.2205,88.98954,1.8478617e-05,0,0.06246822,8.8178287e-06,5.5543347e-06,4.7285263e-06,0.0021718585,0.054653272,0.031918527,58.178016
0.221,88.989308,1.7079086e-05,0,0.064028546,2.0713492e-05,1.5291508e-05,1.3832134e-05,0.0028152495,0.0560667,0.033000812,58.048487
0.2215,88.989077,1.8104254e-05,0,0.06560812,4.0755198e-05,3.2972651e-05,3.0807362e-05,0.0033492619,0.057498173,0.034101141,57.919102
0.222,88.98885,1.9094039e-05,0,0.06720694,7.1523713e-05,6.1501393e-05,5.8659036e-05,0.0037199332,0.05894769,0.035219514,57.789862
0.2225,88.988625,1.9998347e-05,0,0.068825008,0.00011553898,0.00010379401,0.00010043115,0.0038957549,0.060415251,0.036355932,57.660766
0.223,88.988404,2.0770203e-05,0,0.070462324,0.00017492315,0.0001624048,0.00015881961,0.003869044,0.061900856,0.037510394,57.531814
0.2235,88.988186,2.1367338e-05,0,0.072118886,0.00025103642,0.00023911298,0.00023574243,0.0036544157,0.063404506,0.0386829,57.403007
0.224,88.987973,2.1753596e-05,0,0.073794696,0.00034413263,0.00033452375,0.000331922,0.0032848117,0.0649262,0.039873451,57.274344
0.2245,88.98781,2.1382542e-05,0,0.075489753,0.00044233048,0.00044329065,0.00044383611,0.0028779314,0.066465938,0.041082045,57.145825
0.225,88.98766,2.0544975e-05,0,0.077204057,0.00054075992,0.00055698851,0.0005629492,0.0024975867,0.06802372,0.042308684,57.017451
0.2255,88.987511,1.9618824e-05,0,0.078937608,0.00064186171,0.00066953366,0.00068007924,0.0021458895,0.069599547,0.043553368,56.889221
0.226,88.987363,1.8619757e-05,0,0.080690407,0.00074291588,0.00077667726,0.00078914011,0.0018220678,0.071193418,0.044816095,56.761136
0.2265,88.987216,1.7560695e-05,0,0.082462453,0.00083842707,0.0008747557,0.00088714124,0.0015249502,0.072805333,0.046096867,56.633195
0.227,88.987068,1.6453464e-05,0,0.084253746,0.00092277842,0.00096037351,0.00097224583,0.0012540948,0.074435293,0.047395683,56.505398
0.2275,88.986921,1.5309032e-05,0,0.086064286,0.00099170534,0.0010305446,0.0010423957,0.0010095844,0.076083296,0.048712544,56.377745
0.228,88.986775,1.4137639e-05,0,0.087894074,0.0010425503,0.0010828422,0.0010951986,0.00079156878,0.077749344,0.050047448,56.250237
0.2285,88.986629,1.2949316e-05,0,0.089743108,0.0010738817,0.0011154905,0.001128486,0.0006000853,0.079433437,0.051400397,56.122874
0.229,88.986483,1.1754403e-05,0,0.09161139,0.0010850696,0.0011274348,0.0011408444,0.0004351007,0.081135573,0.052771391,55.995654
0.2295,88.986338,1.0563726e-05,0,0.093498919,0.001076086,0.0011183925,0.0011318394,0.00029658295,0.082855754,0.054160428,55.868579
0.23,88.986192,9.3884011e-06,0,0.095405696,0.0010474965,0.0010888697,0.0011019884,0.00018452359,0.084593979,0.05556751,55.741648
0.2305,88.986047,8.2394763e-06,0,0.097331719,0.0010005079,0.0010401338,0.0010526339,9.8926753e-05,0.086350249,0.056992636,55.614862
0.231,88.985903,7.1276263e-06,0,0.09927699,0.00093697551,0.00097415029,0.00098581413,3.9796387e-05,0.088124562,0.058435806,55.48822
0.2315,88.985759,6.0629623e-06,0,0.10124151,0.00085934726,0.00089349144,0.00090415426,7.1328908e-06,0.08991692,0.059897021,55.361723
0.232,88.985615,5.0549521e-06,0,0.10322527,0.00077056185,0.00080122557,0.00081076242,9.3508252e-07,0.091727323,0.061376279,55.235369
0.2325,88.985471,4.1123883e-06,0,0.10522829,0.00067392408,0.00070079213,0.00070911554,2.1202137e-05,0.093555769,0.062873582,55.10916
0.233,88.985328,3.2433612e-06,0,0.10725055,0.00057297087,0.00059586731,0.00060292993,6.7933932e-05,0.09540226,0.06438893,54.983096
0.2335,88.985186,2.4552159e-06,0,0.10929205,0.00047133415,0.0004902243,0.00049602164,0.00014113062,0.097266795,0.065922321,54.857176
0.234,88.985043,1.7544965e-06,0,0.11135281,0.00037260413,0.00038759283,0.00039216389,0.00024079229,0.099149374,0.067473757,54.7314
0.2345,88.984892,9.9742722e-07,0,0.11343281,0.00027779189,0.00029047996,0.00029430896,0.00035920376,0.10105,0.069043237,54.605768
0.235,88.984734,1.6338848e-06,0,0.11553206,0.00018811769,0.00020045991,0.00020428153,0.00046406804,0.10296867,0.070630762,54.480281
0.2355,88.984591,2.4729126e-06,0,0.11765055,0.00011678164,0.00012669751,0.00012975041,0.00055788898,0.10490538,0.07223633,54.354939
0.236,88.984449,3.350075e-06,0,0.1197883,6.2370065e-05,6.9779659e-05,7.2060389e-05,0.00063243286,0.10686013,0.073859943,54.22974
0.2365,88.984307,4.2481278e-06,0,0.12194529,2.4931581e-05,2.971635e-05,3.1213838e-05,0.00068152941,0.10883293,0.075501601,54.104686
0.237,88.984165,5.1551746e-06,0,0.12412152,4.3777552e-06,6.4998028e-06,7.2097453e-06,0.00070150477,0.11082378,0.077161302,53.979776
0.2375,88.984024,6.0573855e-06,0,0.12631701,6.6297471e-07,1.2476784e-07,4.7095273e-08,0.00069131416,0.11283267,0.078839048,53.855011
0.238,88.983883,6.9373919e-06,0,0.12853174,1.3784853e-05,1.059054e-05,9.7256562e-06,0.00065247878,0.1148596,0.080534838,53.73039
0.2385,88.983743,7.776015e-06,0,0.13076572,4.374869e-05,3.7897609e-05,3.624551e-05,0.00058885207,0.11690458,0.082248672,53.605913
0.239,88.983603,8.5546001e-06,0,0.13301894,9.0555544e-05,8.2046154e-05,7.960671e-05,0.00050621307,0.1189676,0.083980551,53.481581
0.2395,88.983463,9.2565672e-06,0,0.13529142,0.00015420438,0.0001430361,0.00013980925,0.00041170793,0.12104867,0.085730474,53.357393
0.24,88.983324,9.8680283e-06,0,0.13758314,0.00023469454,0.00022086737,0.00021685311,0.00031319113,0.12314778,0.087498441,53.233349
0.2405,88.983186,1.0377855e-05,0,0.13989411,0.00033202595,0.00031553996,0.00031073829,0.00021853153,0.12526493,0.089284452,53.10945
0.241,88.983047,1.0777575e-05,0,0.14222432,0.00044619868,0.00042705386,0.00042146479,0.00013494739,0.12740013,0.091088508,52.985695
0.2415,88.982909,1.1061297e-05,0,0.14457378,0.00057721275,0.00055540907,0.0005490326,6.842614e-05,0.12955338,0.092910608,52.862085
0.242,88.982772,1.122568e-05,0,0.14694249,0.00072506815,0.00070060561,0.00069344173,2.3273746e-05,0.13172466,0.094750752,52.738619
0.2425,88.982619,1.0990545e-05,0,0.14933045,0.0008663245,0.00086264347,0.00085469218,2.3361126e-06,0.13391399,0.09660894,52.615297
0.243,88.982453,1.0005754e-05,0,0.15173766,0.0009407012,0.0010415226,0.0010327839,1.467507e-06,0.13612137,0.098485173,52.492119
0.2435,88.982287,8.9333614e-06,0,0.15416411,0.00095696805,0.001214941,0.001227717,1.0552154e-05,0.13834679,0.10037945,52.369086
0.244,88.982116,7.7735157e-06,0,0.1566098,0.0010378464,0.0012568702,0.0014095921,2.0797647e-05,0.14059026,0.10229177,52.246198
0.2445,88.981944,7.3126462e-06,0,0.15907475,0.001171291,0.0013074716,0.0014263306,2.5935232e-05,0.14285176,0.10422214,52.123453
0.245,88.981777,9.2549472e-06,0,0.16155894,0.0012714144,0.0013456825,0.0013873062,2.3421974e-05,0.14513132,0.10617055,52.000853
0.2455,88.981613,1.1167459e-05,0,0.16406238,0.0013008737,0.0013490533,0.0013492326,1.4856429e-05,0.14742892,0.108137,51.878397
0.246,88.981452,1.2983043e-05,0,0.16658507,0.0012658829,0.0013138019,0.0013110345,5.4002315e-06,0.14974456,0.1101215,51.756086
0.2465,88.981293,1.4674856e-05,0,0.16912701,0.001189864,0.0012450593,0.0012538685,2.4420241e-06,0.15207824,0.11212404,51.633919
0.247,88.981136,1.6231536e-05,0,0.17168819,0.0010918187,0.0011494759,0.0011668868,1.3912032e-05,0.15442997,0.11414463,51.511897
0.2475,88.98098,1.7638669e-05,0,0.17426862,0.00098100265,0.0010336695,0.0010522977,4.659311e-05,0.15679975,0.11618326,51.390018
0.248,88.980827,1.8875971e-05,0,0.17686829,0.00086121919,0.00090440693,0.00091961615,0.00010466674,0.15918757,0.11823993,51.268284
0.2485,88.980676,1.9923272e-05,0,0.17948722,0.00073572884,0.00076853704,0.00077925952,0.00018867602,0.16159343,0.12031465,51.146695
0.249,88.980526,2.0766642e-05,0,0.18212539,0.0006091119,0.00063261076,0.00063960434,0.00029505085,0.16401734,0.12240742,51.02525
0.2495,88.980377,2.1400911e-05,0,0.18478281,0.00048671183,0.00050247198,0.00050678818,0.00041627557,0.16645929,0.12451823,50.903949
0.25,88.98023,2.1829053e-05,0,0.18745947,0.00037344787,0.00038295045,0.00038535578,0.00054168355,0.16891928,0.12664708,50.782792
0.2505,88.980083,2.2060356e-05,0,0.19015538,0.00027306573,0.00027767622,0.00027867834,0.0006587646,0.17139732,0.12879398,50.66178
0.251,88.979938,2.2108739e-05,0,0.19287054,0.00018795947,0.00018901122,0.000189019,0.0007547951,0.17389341,0.13095892,50.540912
0.2515,88.979793,2.1991636e-05,0,0.19560495,0.00011929738,0.00011808826,0.00011749039,0.00081855811,0.17640754,0.1331419,50.420189
0.252,88.979649,2.1729268e-05,0,0.1983586,6.7222628e-05,6.493898e-05,6.409732e-05,0.00084191336,0.17893971,0.13534293,50.29961
0.2525,88.979506,2.1344022e-05,0,0.2011315,3.1048371e-05,2.8684519e-05,2.7901616e-05,0.0008210016,0.18148993,0.13756201,50.179175
0.253,88.979363,2.085973e-05,0,0.20392365,9.4497142e-06,7.7609245e-06,7.2592633e-06,0.00075692017,0.18405819,0.13979912,50.058885
0.2535,88.979221,2.0300854e-05,0,0.20673505,6.6250719e-07,1.5385411e-07,7.2678503e-08,0.00065577927,0.1866445,0.14205429,49.938739
0.254,88.97908,1.9691621e-05,0,0.20956569,2.6812627e-06,3.6214305e-06,4.0240576e-06,0.00052813127,0.18924885,0.14432749,49.818737
0.2545,88.978939,1.9055183e-05,0,0.21241558,1.3438685e-05,1.5889167e-05,1.6774703e-05,0.00038784687,0.19187124,0.14661874,49.69888
0.255,88.9788,1.8412861e-05,0,0.21528472,3.0952114e-05,3.4806271e-05,3.6123437e-05,0.00025058144,0.19451168,0.14892804,49.579167
0.2555,88.978662,1.7783502e-05,0,0.2181731,5.3430135e-05,5.8458104e-05,6.0120402e-05,0.00013202376,0.19717016,0.15125538,49.459598
0.256,88.978524,1.7182969e-05,0,0.22108074,7.9339334e-05,8.5234614e-05,8.713578e-05,4.6141732e-05,0.19984669,0.15360076,49.340174
0.2565,88.978388,1.6623763e-05,0,0.22400761,0.00010743499,0.0001138586,0.00011588691,3.6349173e-06,0.20254126,0.15596419,49.220894
0.257,88.978253,1.6114792e-05,0,0.22695374,0.00013676143,0.00014338038,0.00014543065,1.0772405e-05,0.20525388,0.15834566,49.101758
0.2575,88.978118,1.5661282e-05,0,0.22991911,0.00016662871,0.00017314693,0.00017512957,6.8742661e-05,0.20798454,0.16074518,48.982767
0.258,88.977984,1.5264825e-05,0,0.23290373,0.00019657239,0.0002027536,0.00020460081,0.00017357664,0.21073324,0.16316274,48.86392
0.2585,88.977851,1.4923565e-05,0,0.2359076,0.00022630318,0.00023198585,0.00023365523,0.00031663532,0.21349999,0.16559834,48.745218
0.259,88.977718,1.4632497e-05,0,0.23893072,0.00025565191,0.00026075726,0.00026223325,0.0004855871,0.21628478,0.16805199,48.62666
0.2595,88.977586,1.4383878e-05,0,0.24197308,0.00028451454,0.0002890483,0.00029034188,0.00066574657,0.21908762,0.17052369,48.508246
0.26,88.977454,1.4167721e-05,0,0.24503469,0.00031280047,0.00031684948,0.00031799638,0.00084161079,0.2219085,0.17301343,48.389977
0.2605,88.977323,1.3972354e-05,0,0.24811555,0.00034038655,0.00034411076,0.00034516852,0.00099841447,0.22474742,0.17552121,48.271851
0.261,88.977192,1.3785026e-05,0,0.25121565,0.00036707858,0.00037069921,0.00037174322,0.0011235334,0.22760439,0.17804703,48.153871
0.2615,88.977061,1.3592527e-05,0,0.254335,0.00039258197,0.00039636614,0.00039748471,0.0012075919,0.23047941,0.1805909,48.036034
0.262,88.976931,1.3381813e-05,0,0.2574736,0.00041648282,0.00042072514,0.00042201376,0.0012451737,0.23337247,0.18315282,47.918342
0.2625,88.976801,1.3140598e-05,0,0.26063145,0.00043824104,0.00044324266,0.00044479755,0.0012350845,0.23628357,0.18573278,47.800795
0.263,88.976672,1.2857909e-05,0,0.26380854,0.00045719684,0.0004632427,0.00046515381,0.0011801712,0.23921272,0.18833078,47.683391
0.2635,88.976543,1.2524569e-05,0,0.26700488,0.00047259155,0.00047992698,0.00048227071,0.0010867491,0.24215991,0.19094683,47.566133
0.264,88.976415,1.2133605e-05,0,0.27022047,0.00048360328,0.0004924112,0.00049524337,0.00096373045,0.24512514,0.19358092,47.449018
0.2645,88.976287,1.1680567e-05,0,0.2734553,0.0004893966,0.00049977723,0.00050312672,0.00082157105,0.24810842,0.19623306,47.332048
0.265,88.97616,1.1163738e-05,0,0.27670938,0.00048918441,0.00050113915,0.00050500293,0.00067116446,0.25110975,0.19890324,47.215222
0.2655,88.976034,1.058425e-05,0,0.27998271,0.00048229843,0.00049571996,0.00050005999,0.00052280456,0.25412911,0.20159146,47.09854
0.266,88.975908,9.9460877e-06,0,0.28327529,0.00046826361,0.00048293364,0.00048767626,0.00038532053,0.25716653,0.20429773,46.982003
0.2665,88.975783,9.2559848e-06,0,0.28658711,0.00044687024,0.00046246604,0.00046750423,0.00026545733,0.26022198,0.20702205,46.86561
0.267,88.975658,8.523232e-06,0,0.28991818,0.00041823714,0.00043434716,0.0004395457,0.00016754029,0.26329548,0.2097644,46.749362
0.2675,88.975533,7.759389e-06,0,0.2932685,0.00038285875,0.00039900706,0.00040421053,9.3426e-05,0.26638703,0.21252481,46.633258
0.268,88.975409,6.9779226e-06,0,0.29663806,0.00034163018,0.00035730809,0.00036235126,4.2709236e-05,0.26949662,0.21530325,46.517298
0.2685,88.975285,6.1937818e-06,0,0.30002688,0.00029584484,0.00031054779,0.00031526766,1.313013e-05,0.27262425,0.21809974,46.401483
0.269,88.975161,5.4229265e-06,0,0.30343494,0.00024716197,0.00026042871,0.00026467725,1.1097079e-06,0.27576993,0.22091428,46.285812
0.2695,88.975038,4.6818261e-06,0,0.30686224,0.00019754349,0.00020899429,0.00021265082,2.3363473e-06,0.27893365,0.22374686,46.170285
0.27,88.974915,3.9869464e-06,0,0.3103088,0.00014916243,0.00015853293,0.00016151502,1.2330117e-05,0.28211542,0.22659748,46.054903
0.2705,88.974792,3.3542409e-06,0,0.3137746,0.00010428791,0.0001114555,0.00011372735,2.6924716e-05,0.28531523,0.22946615,45.939665
0.271,88.97467,3.6310479e-06,0,0.31725965,6.51543e-05,7.0154328e-05,7.1731738e-05,4.2625286e-05,0.28853309,0.23235286,45.824571
0.2715,88.974548,4.1573755e-06,0,0.32076394,3.3823518e-05,3.6853655e-05,3.780509e-05,5.6821699e-05,0.29176899,0.23525761,45.709622
0.272,88.974426,4.6489083e-06,0,0.32428749,1.2051138e-05,1.3463013e-05,1.3906495e-05,6.785797e-05,0.29502293,0.23818041,45.594817
0.2725,88.974305,5.0906073e-06,0,0.32783028,1.1665127e-06,1.4450899e-06,1.5410717e-06,7.4976494e-05,0.29829492,0.24112126,45.480156
0.273,88.974184,5.470214e-06,0,0.33139231,1.9766735e-06,1.7088067e-06,1.6495662e-06,7.8168828e-05,0.30158495,0.24408015,45.36564
0.2735,88.974064,5.7785532e-06,0,0.3349736,1.4701894e-05,1.4536511e-05,1.453289e-05,7.7971698e-05,0.30489303,0.24705708,45.251268
0.274,88.973944,6.0097176e-06,0,0.33857413,3.894838e-05,3.9551493e-05,3.9818069e-05,7.5247464e-05,0.30821915,0.25005206,45.137041
0.2745,88.973824,6.1611309e-06,0,0.34219391,7.3720614e-05,7.5728791e-05,7.6468686e-05,7.0983302e-05,0.31156331,0.25306508,45.022957
0.275,88.973705,6.2334926e-06,0,0.34583293,0.00011747269,0.00012144872,0.00012283929,6.6134182e-05,0.31492552,0.25609615,44.909019
0.2755,88.973586,6.2306103e-06,0,0.34949121,0.00016819491,0.00017458917,0.00017676969,6.1523115e-05,0.31830577,0.25914526,44.795224
0.276,88.973467,6.1591298e-06,0,0.35316873,0.00022352917,0.00023264959,0.00023571194,5.7800264e-05,0.32170407,0.26221241,44.681574
0.2765,88.973348,6.028176e-06,0,0.3568655,0.00028090457,0.0002928974,0.00029688032,5.5452034e-05,0.32512041,0.26529761,44.568068
0.277,88.973229,5.8489192e-06,0,0.36058151,0.00033768334,0.00035252582,0.00035741313,5.4843672e-05,0.3285548,0.26840085,44.454707
0.2775,88.97311,5.634086e-06,0,0.36431677,0.00039130674,0.00040881181,0.00041453463,5.6275153e-05,0.33200723,0.27152214,44.34149
0.278,88.972992,6.4771264e-06,0,0.36807128,0.00043943095,0.00045926321,0.00046570568,6.0030284e-05,0.33547771,0.27466147,44.228417
0.2785,88.972874,7.3919985e-06,0,0.37184504,0.00048004425,0.00050174532,0.00050875346,6.6402815e-05,0.33896623,0.27781885,44.115489
0.279,88.972755,8.3293071e-06,0,0.37563804,0.00051155866,0.00053457965,0.00054197225,7.5689793e-05,0.34247279,0.28099427,44.002705
0.2795,88.972637,9.2737125e-06,0,0.37945029,0.00053287147,0.00055660966,0.00056419044,8.8150337e-05,0.3459974,0.28418773,43.890065
0.28,88.97252,1.0210462e-05,0,0.38328179,0.0005433945,0.00056723132,0.00057480135,0.00010393595,0.34954005,0.28739924,43.77757
0.2805,88.972402,1.1125725e-05,0,0.38713254,0.00054305181,0.00056638923,0.0005737586,0.00012300513,0.35310075,0.29062879,43.665219
0.281,88.972285,1.2006887e-05,0,0.39100253,0.00053224829,0.00055454114,0.00056153917,0.00014503936,0.35667949,0.29387639,43.553013
0.2815,88.972168,1.2842789e-05,0,0.39489177,0.00051181384,0.00053259612,0.00053907942,0.00016937886,0.36027627,0.29714203,43.440951
0.282,88.972051,1.3623918e-05,0,0.39880026,0.00048292902,0.00050183279,0.00050769089,0.00019499461,0.3638911,0.30042572,43.329033
0.2825,88.971935,1.4342531e-05,0,0.40272799,0.00044703861,0.00046380497,0.00046896327,0.00022050854,0.36752397,0.30372745,43.217259
0.283,88.971819,1.4992727e-05,0,0.40667497,0.00040576,0.00042024214,0.00042466227,0.00024426691,0.37117489,0.30704722,43.10563
0.2835,88.971703,1.5570455e-05,0,0.4106412,0.00036079252,0.0003729515,0.00037662939,0.00026446413,0.37484385,0.31038504,42.994145
0.284,88.971587,1.6073466e-05,0,0.41462668,0.00031383333,0.00032372775,0.00032668982,0.0002793063,0.37853086,0.3137409,42.882805
0.2845,88.971472,1.6501214e-05,0,0.4186314,0.00026650398,0.00027427502,0.00027657292,0.00028719762,0.38223591,0.31711481,42.771609
0.285,88.971356,1.6854711e-05,0,0.42265537,0.00022029079,0.00022614418,0.00022784877,0.00028692779,0.385959,0.32050676,42.660557
0.2855,88.971241,1.7136344e-05,0,0.42669859,0.00017650043,0.00018068711,0.00018188206,0.00027783773,0.38970014,0.32391676,42.54965
0.286,88.971127,1.7349662e-05,0,0.43076106,0.00013623106,0.00013902795,0.00013980356,0.00025994162,0.39345933,0.3273448,42.438887
0.2865,88.971012,1.7499138e-05,0,0.43484277,0.00010035817,0.00010205043,0.00010249804,0.00023398832,0.39723655,0.33079088,42.328268
0.287,88.970897,1.7589923e-05,0,0.43894373,6.9533306e-05,7.0399033e-05,7.0606322e-05,0.00020145113,0.40103183,0.33425501,42.217794
0.2875,88.970783,1.7627598e-05,0,0.44306393,4.4193471e-05,4.4491494e-05,4.4538874e-05,0.00016444354,0.40484514,0.33773718,42.107464
0.288,88.920932,5.98155e-05,0,0.38879441,0.00013657736,5.6734952e-05,4.2095504e-05,9.996915e-05,0.4086765,0.3412374,41.997278
0.2885,88.858934,0.00017642838,0,0.24744219,0.00024521394,0.00010949172,7.6697123e-05,0.00014054462,0.41252591,0.34475566,41.887237
0.289,88.806004,0.00023694146,0,0.10899531,0.00032503531,0.00017689344,0.00013584392,0.00024867652,0.41639336,0.34829196,41.77734
0.2895,88.762373,0.00025273037,0,0.02295743,0.00042122152,0.00026044878,0.00021150632,0.0003750272,0.42027885,0.35184631,41.667588
0.29,88.72853,0.00023435388,0,0.0026488515,0.00054354158,0.00036173752,0.00030409947,0.00051705271,0.42418239,0.35541871,41.55798
0.2905,88.633439,0.00018269355,0,0.029343161,0.00068713081,0.00048045418,0.00041367432,0.00069015781,0.30879196,0.35900915,41.448516
0.291,88.55112,0.00021884566,0,0.069772188,0.00084790234,0.00061611644,0.00054014024,0.0008925882,0.15869662,0.36261763,41.339196
0.2915,88.47873,0.00025712023,0,0.096896574,0.0010251373,0.00076858495,0.00068344584,0.0011231823,0.046089569,0.36624416,41.230021
0.292,88.417087,0.00024909347,0,0.096249664,0.00087743929,0.00093788112,0.00084358649,0.0013804671,0.0027653018,0.36988873,41.12099
0.2925,88.380615,0.00020750675,0,0.091034915,0.00056678175,0.0011240272,0.0010205685,0.0016639443,0.019542261,0.37355134,41.012104
0.293,88.352659,0.00014755821,0,0.086565872,0.00030296828,0.0010460621,0.001214394,0.0019737481,0.062903291,0.377232,40.903362
0.2935,88.327789,8.0078503e-05,0,0.084001845,0.0002383427,0.00059805204,0.0012341809,0.0023100653,0.097699767,0.38093071,40.794764
0.294,88.301448,2.2419404e-05,0,0.082259652,0.00030858564,0.00044052486,0.00073113203,0.0016242001,0.0985646,0.38464745,40.686311
0.2945,88.293629,2.3001814e-05,0,0.080549684,0.00035087103,0.00034294333,0.00035709551,0.0010355935,0.093620445,0.38838225,40.578002
0.295,88.290467,2.3535872e-05,0,0.078754255,0.00029821979,0.00024327804,0.00018674334,0.00054478841,0.088820556,0.39213508,40.469837
0.2955,88.289438,2.3904694e-05,0,0.076968391,0.00018827211,0.00015091567,0.00011355651,0.0001989271,0.086053708,0.39590596,40.361817
0.296,88.288928,2.4168978e-05,0,0.07523512,8.7968675e-05,7.8050106e-05,6.8044232e-05,2.4406856e-05,0.084294185,0.39969489,40.253941
0.2965,88.288499,2.4428984e-05,0,0.073541533,2.6533033e-05,2.8331524e-05,2.973467e-05,1.5131677e-05,0.082627746,0.40350186,40.14621
0.297,88.288148,2.4733879e-05,0,0.071870213,1.7098977e-06,3.0320821e-06,4.3577314e-06,0.00014745392,0.080875213,0.40732687,40.038622
0.2975,88.287876,2.5073302e-05,0,0.070216175,5.5762315e-06,3.7360244e-06,2.7296285e-06,0.00039169672,0.079123987,0.41116993,39.931179
0.298,88.287648,2.5407705e-05,0,0.068580695,3.5635575e-05,3.2284899e-05,3.0679455e-05,0.00071492122,0.077421299,0.41503103,39.823881
0.2985,88.287433,2.5695984e-05,0,0.066964956,9.3757572e-05,9.0382498e-05,8.9445158e-05,0.0010812784,0.075756765,0.41891018,39.716727
0.299,88.287222,2.590641e-05,0,0.065368938,0.0001822681,0.00017928549,0.00017898322,0.0014541236,0.074113686,0.42280737,39.609717
0.2995,88.287014,2.6015504e-05,0,0.063792294,0.00030179396,0.0002995055,0.00029945834,0.0017995742,0.072487031,0.42672261,39.502852
0.3,88.286809,2.6003572e-05,0,0.062234871,0.00045113851,0.00045051408,0.00045077989,0.0020897976,0.070877805,0.43065588,39.39613
0.3005,88.286606,2.5852055e-05,0,0.060696673,0.00062781253,0.00063049499,0.00063163502,0.002305075,0.069287031,0.43460721,39.289554
0.301,88.286405,2.5543561e-05,0,0.059177727,0.00082826867,0.00083618207,0.00083895272,0.0024345686,0.067714688,0.43857658,39.183121
0.3015,88.286205,2.5063294e-05,0,0.057678038,0.0010477827,0.0010627968,0.001067889,0.0024760463,0.06616049,0.44256399,39.076833
0.302,88.286006,2.4400543e-05,0,0.0561976,0.0012803091,0.0013040891,0.0013120501,0.0024348187,0.064624317,0.44656944,38.97069
0.3025,88.285809,2.3549554e-05,0,0.05473641,0.0015185356,0.0015524841,0.0015637409,0.0023221142,0.063106172,0.45059295,38.86469
0.303,88.285613,2.2509812e-05,0,0.053294466,0.0017541528,0.0017993404,0.001814216,0.0021531306,0.061606076,0.45463449,38.758835
0.3035,88.285418,2.1285972e-05,0,0.051871769,0.0019782504,0.0020353102,0.0020539986,0.001945011,0.060124032,0.45869408,38.653125
0.304,88.285225,1.988766e-05,0,0.05046832,0.0021817666,0.0022507891,0.002273311,0.0017149723,0.058660034,0.46277171,38.547559
0.3045,88.20025,3.3059538e-05,0,0.049084118,0.0023559608,0.0024364271,0.002462599,0.0014787588,0.035936797,0.40143975,38.442137
0.305,87.957826,0.00020388255,0,0.047719163,0.0024928975,0.0025836668,0.0026130973,0.00124953,0.01534579,0.11112485,38.336859
0.3055,87.889882,0.00010991101,0,0.046373456,0.0025859236,0.0026852724,0.0027173807,0.0010372239,0.078098205,0.031772535,38.231726
0.306,87.87025,1.2900116e-05,0,0.045046995,0.0026301038,0.0027358074,0.0027698555,0.00084837889,0.084707563,0.029544363,38.126737
0.3065,87.867955,1.0925811e-05,0,0.043739782,0.0026225753,0.0027320233,0.0027671565,0.00068634403,0.086757764,0.030888763,38.021893
0.307,87.866511,8.9190598e-06,0,0.042451816,0.0025627859,0.0026731266,0.0027084201,0.00055177416,0.088395782,0.031796859,37.917192
0.3075,87.865807,6.91205e-06,0,0.041183098,0.0024525945,0.0025608998,0.0025954113,0.000443288,0.089973911,0.032649723,37.812637
0.308,87.86547,4.9373025e-06,0,0.039933626,0.0022962235,0.0023996632,0.0024324889,0.00035816926,0.091685088,0.033643176,37.708225
0.3085,87.865239,3.0268237e-06,0,0.038703402,0.0021000677,0.0021960792,0.0022264081,0.0002930091,0.0934956,0.03473728,37.603958
0.309,87.865029,3.397537e-06,0,0.037492425,0.0018723692,0.0019588094,0.0019859726,0.00024421876,0.095344439,0.035868932,37.499836
0.3095,87.864854,3.5783668e-06,0,0.036300695,0.0016290591,0.0017103142,0.0017357458,0.00020284949,0.097208782,0.03701585,37.395857
0.31,87.864711,3.1398828e-06,0,0.035128213,0.0014021122,0.0014785914,0.0015023477,0.00015779192,0.099088379,0.038178171,37.292023
0.3105,87.864575,2.755656e-06,0,0.033974978,0.0011927506,0.0012637906,0.001285806,0.0001134874,0.10098637,0.039358972,37.188333
0.311,87.864442,2.4498661e-06,0,0.03284099,0.0010006929,0.0010658856,0.0010861163,7.3434253e-05,0.10290364,0.040559026,37.084788
0.3115,87.864311,2.2326379e-06,0,0.031726249,0.00082554744,0.00088483139,0.00090327018,4.0369431e-05,0.10483965,0.041777796,36.981387
0.312,87.864179,2.1027774e-06,0,0.030630755,0.00066721139,0.00072061509,0.00073726458,1.6412818e-05,0.10679384,0.043014745,36.878131
0.3125,87.864048,2.0549321e-06,0,0.029554509,0.00052570751,0.00057323885,0.00058809995,2.942233e-06,0.10876603,0.044269689,36.775018
0.313,87.863917,2.0843126e-06,0,0.028497509,0.00040105339,0.0004427048,0.00045577682,4.2309686e-07,0.11075622,0.045542645,36.672051
0.3135,87.86194,3.6007201e-06,0,0.027459757,0.00029324699,0.00032901282,0.00034029519,1.1907496e-05,0.1108721,0.046833655,36.569227
0.314,87.844328,7.1756602e-05,0,0.026441253,0.00020228323,0.00023216235,0.00024165495,5.0602382e-05,0.07932781,0.048142729,36.466548
0.3145,87.829223,0.00011371968,0,0.025441995,0.00012816042,0.00015215316,0.00015985602,0.00011539744,0.040531004,0.049469856,36.364013
0.315,87.816482,0.00013059636,0,0.024461985,7.0878746e-05,8.8985265e-05,9.4898395e-05,0.00020634784,0.011869278,0.050815028,36.261623
0.3155,87.806499,0.00012661192,0,0.023501222,3.0438484e-05,4.2658694e-05,4.6782089e-05,0.00032378383,0.00066722495,0.052178244,36.159376
0.316,87.798737,0.00010752327,0,0.022559706,6.8396334e-06,1.3173451e-05,1.5507105e-05,0.00046782489,0.0048238104,0.053559503,36.057275
0.3165,87.792105,7.8923215e-05,0,0.021637437,8.2125482e-08,5.2952984e-07,1.073439e-06,0.00063841571,0.016202738,0.054958806,35.955317
0.317,87.785873,4.5862443e-05,0,0.020734416,1.0165931e-05,4.7269264e-06,3.4810911e-06,0.00083548341,0.025878345,0.056376155,35.853504
0.3175,87.772749,1.2631113e-05,0,0.019850641,3.7091052e-05,2.576564e-05,2.2730061e-05,0.00084015146,0.025068645,0.053600657,35.751836
0.318,87.717965,9.0745661e-05,0,0.018986114,8.085749e-05,6.3645671e-05,5.8820347e-05,0.00080527166,0.0012044203,0.010195553,35.650311
0.3185,87.702801,6.1513322e-05,0,0.018140834,0.00014146525,0.00011836702,0.00011175195,0.00088221708,0.0024648848,0.00039266167,35.548931
0.319,87.698354,4.2649947e-05,0,0.017314802,0.00021891432,0.00018992969,0.00018152487,0.0010465398,0.0021263451,2.1595391e-05,35.447696
0.3195,87.69692,4.3457764e-05,0,0.016508017,0.00031320472,0.00027833367,0.00026813911,0.0011990479,0.00057763776,0.00010774091,35.346604
0.32,87.696066,3.8147363e-05,0,0.015720478,0.00042433643,0.00038357897,0.00037159467,0.0012542831,6.4163946e-05,0.00012024877,35.245657
0.3205,87.695488,3.0466061e-05,0,0.014952187,0.00055230945,0.00050566559,0.00049189154,0.0011823906,0.00017954236,0.00013061443,35.144855
0.321,87.695024,2.237167e-05,0,0.014203144,0.0006971238,0.00064459353,0.00062902974,0.00099624949,0.00046131908,0.00018266767,35.044197
0.3215,87.694597,1.5336041e-05,0,0.013473347,0.00085877946,0.00080036278,0.00078300925,0.00073660819,0.00048023571,0.00034089829,34.943683
0.322,87.694236,1.506149e-05,0,0.012762798,0.0010372764,0.00097297335,0.00095383007,0.00045631882,0.00039394844,0.00045820617,34.843313
0.3225,87.693915,1.6713931e-05,0,0.012071496,0.0012326147,0.0011624252,0.0011414922,0.00021079832,0.00030767975,0.00041744961,34.743088
0.323,87.693639,1.7786311e-05,0,0.011399441,0.0014447944,0.0013687184,0.0013459957,4.9482154e-05,0.00020421355,0.00030048867,34.643007
0.3235,87.693432,1.7694761e-05,0,0.010746634,0.0016738153,0.001591853,0.0015673405,2.8759982e-06,0.00011534501,0.00020219021,34.543071
0.324,87.693244,1.7376411e-05,0,0.010113073,0.0019196775,0.0018318288,0.0018055266,6.9032428e-05,5.5301597e-05,0.00012479819,34.443279
0.3245,87.693062,1.6843666e-05,0,0.0094987601,0.0021823811,0.002088646,0.002060554,0.00023437226,1.9487314e-05,6.6742655e-05,34.343631
0.325,87.692837,1.5776022e-05,0,0.0089036941,0.0024161812,0.0023623044,0.0023324227,0.00046821776,2.4977896e-06,2.678957e-05,34.244128
0.3255,87.692526,1.3042321e-05,0,0.0083278754,0.0024113669,0.0026528042,0.0026211328,0.00068868046,3.0150207e-06,4.7477799e-06,34.144769
0.326,87.692206,9.6953827e-06,0,0.0077713039,0.0021741869,0.0029601454,0.0029266841,0.00082705932,9.4602583e-06,7.4688241e-07,34.045554
0.3265,87.691892,9.6322774e-06,0,0.0072339796,0.00175764,0.0032829425,0.0032490768,0.00085177685,7.5604042e-06,1.4837791e-05,33.946484
0.327,87.691497,1.2411532e-05,0,0.0067159026,0.0017444143,0.0028537152,0.0035883108,0.00076855905,5.438287e-06,4.6997956e-05,33.847558
0.3275,87.691079,1.5306953e-05,0,0.0062170727,0.0020124179,0.002462228,0.00327332,0.00060157334,7.3640946e-06,7.3781037e-05,33.748776
0.328,87.690784,1.7533055e-05,0,0.0057374901,0.0022244362,0.0023433547,0.002609059,0.00043139864,1.6807223e-06,4.675782e-05,33.650139
0.3285,87.690563,1.9371721e-05,0,0.0052771547,0.0022240086,0.0021986194,0.0021328116,0.00028825777,1.0367346e-05,1.7188e-05,33.551646
0.329,87.690376,2.0963543e-05,0,0.0048360665,0.0020198664,0.0019784753,0.0018607136,0.00017591784,1.9992416e-05,1.0348178e-05,33.453297
0.3295,87.6902,2.234364e-05,0,0.0044142256,0.0017181414,0.0017205044,0.0016653202,9.2692577e-05,2.0170465e-05,1.2106051e-05,33.355093
0.33,87.690028,2.3590788e-05,0,0.0040116318,0.0014106613,0.0014535178,0.0014573639,3.6316582e-05,1.7348074e-05,1.5124542e-05,33.257033
0.3305,87.689858,2.4749664e-05,0,0.0036282853,0.0011339695,0.0011895305,0.0012158861,5.9944165e-06,1.534097e-05,1.6327851e-05,33.159118
0.331,87.68969,2.5815152e-05,0,0.003264186,0.00088856622,0.00093573112,0.00095962063,1.9175207e-06,1.4046896e-05,1.5581637e-05,33.061347
0.3315,87.689523,2.6756321e-05,0,0.0029193339,0.00066731698,0.00069960206,0.00071388899,2.4374367e-05,1.2542352e-05,1.3744255e-05,32.96372
0.332,87.689356,2.7543381e-05,0,0.0025937291,0.00046902753,0.00048876665,0.00049557875,7.3427854e-05,1.0438162e-05,1.1352879e-05,32.866238
0.3325,87.689191,2.8160197e-05,0,0.0022873715,0.00029862279,0.00030999751,0.00031296515,0.00014900928,7.8965593e-06,8.6395541e-06,32.7689
0.333,87.689027,2.8603529e-05,0,0.002000261,0.00016270774,0.00016872672,0.00017003355,0.00025105733,5.272967e-06,5.8373163e-06,32.671706
0.3335,87.688864,2.8876879e-05,0,0.0017323978,6.6366546e-05,6.8884767e-05,6.9386824e-05,0.00037955738,2.9174714e-06,3.2731307e-06,32.574656
0.334,87.688701,2.898513e-05,0,0.0014837819,1.2316106e-05,1.2821782e-05,1.2895402e-05,0.00053451809,1.1318984e-06,1.2957837e-06,32.477751
0.3345,87.688539,2.893217e-05,0,0.0012544131,1.239412e-06,1.2654371e-06,1.2942735e-06,0.00071594699,1.5113247e-07,1.833626e-07,32.380991
0.335,87.688378,2.8720887e-05,0,0.0010442916,3.2207574e-05,3.3334743e-05,3.3782799e-05,0.00092384458,1.113051e-07,9.0856495e-08,32.284375
0.3355,87.688217,2.8354142e-05,0,0.00085341725,0.00010287004,0.00010661139,0.00010794967,0.0011582085,1.0265211e-06,1.034239e-06,32.187903
0.336,87.688057,2.7835675e-05,0,0.00068179015,0.00020953158,0.00021725801,0.00021991268,0.0014190372,2.7908529e-06,2.8982582e-06,32.091575
0.3365,87.687891,2.7137142e-05,0,0.00052941027,0.00034651487,0.00035985555,0.00036432678,0.001700674,4.9662515e-06,5.3350131e-06,31.995392
0.337,87.687617,2.4853698e-05,0,0.00039627761,0.00047748369,0.00051456732,0.00052636447,0.0017980327,2.5040065e-06,3.6534988e-06,31.899353
0.3375,87.68735,2.2544121e-05,0,0.00028239218,0.00060291571,0.00066288193,0.00068424686,0.0017196893,6.2911211e-06,5.7148299e-07,31.803458
0.338,87.687089,2.0258925e-05,0,0.00018775396,0.0007201226,0.00079300977,0.00082002095,0.0014973621,1.6775615e-05,6.1796353e-06,31.707708
0.3385,87.686837,1.8035266e-05,0,0.00011236296,0.00082176764,0.00089786638,0.0009250438,0.0011779974,3.4264412e-05,2.65882e-05,31.612102
0.339,87.686597,1.5911346e-05,0,5.6219184e-05,0.00090000108,0.00097336631,0.00099768395,0.00081911409,5.8307008e-05,5.8896184e-05,31.516641
0.3395,87.686368,1.6381818e-05,0,1.9322626e-05,0.00094993762,0.0010179886,0.0010390972,0.00047965852,8.3560143e-05,9.3420851e-05,31.421324
0.34,87.686148,1.7438402e-05,0,1.6732885e-06,0.00097069738,0.0010325283,0.0010511133,0.00020994521,0.00010115766,0.00011833991,31.326151
0.3405,87.685935,1.8042071e-05,0,3.2711709e-06,0.00096455544,0.0010196406,0.0010361612,4.4917917e-05,0.00010353356,0.00012439462,31.231123
0.341,87.685726,1.8228709e-05,0,2.4116273e-05,0.00093551094,0.00098328338,0.00099770303,1.8926368e-06,8.8473192e-05,0.00010860876,31.136239
0.3415,87.685523,1.8047759e-05,0,6.4208596e-05,0.00088818752,0.00092817791,0.00094024541,8.1794413e-05,6.0471839e-05,7.5877723e-05,31.041499
0.342,87.685324,1.7557398e-05,0,0.00012354814,0.00082725849,0.00085932929,0.00086888571,0.00027236084,2.9377858e-05,3.7708715e-05,30.946904
0.3425,87.685131,1.6817364e-05,0,0.0002021349,0.00075719353,0.00078162677,0.00078872443,0.00055204667,7.1557754e-06,8.529055e-06,30.852453
0.343,87.684944,1.7627551e-05,0,0.00029996888,0.00068210748,0.00069953957,0.00070440749,0.00089378428,4.0051339e-06,9.7335377e-07,30.758146
0.3435,87.684761,1.8007794e-05,0,0.00041705009,0.00060562304,0.00061691433,0.000619873,0.0012681275,2.5146434e-05,2.185761e-05,30.663984
0.344,87.684583,1.7697136e-05,0,0.00055337851,0.00053075455,0.00053686615,0.00053825827,0.0016456142,6.9262312e-05,7.0147315e-05,30.569966
0.3445,87.684408,1.6757337e-05,0,0.00070895415,0.00045984051,0.00046174611,0.00046189982,0.0019984175,0.00012895626,0.00013741431,30.476092
0.345,87.684234,1.5298485e-05,0,0.00088377701,0.00039453527,0.00039316648,0.00039238159,0.0023015024,0.00019291242,0.00021040891,30.382363
0.3455,87.684062,1.3463718e-05,0,0.0010778471,0.00033585198,0.00033206665,0.0003306109,0.0025335442,0.00024895186,0.00027475288,30.288778
0.346,87.683892,1.1412758e-05,0,0.0012911644,0.00028424112,0.00027880621,0.00027691427,0.0026778169,0.00028701698,0.00031855261,30.195338
0.3465,87.683723,9.305935e-06,0,0.0015237289,0.00023969004,0.0002332736,0.00023114657,0.0027231491,0.00030127565,0.00033493623,30.102041
0.347,87.683556,7.2901233e-06,0,0.0017755407,0.00020183109,0.00019500041,0.00019280603,0.002664908,0.00029091484,0.00032299277,30.00889
0.3475,87.683392,6.5615628e-06,0,0.0020465996,0.00017004828,0.0001632725,0.00016114638,0.0025058467,0.0002596314,0.00028713418,29.915882
0.348,87.683231,7.0136915e-06,0,0.0023369058,0.00014357435,0.00013723,0.00013527789,0.0022565706,0.00021418128,0.00023533121,29.823019
0.3485,87.683073,7.4424337e-06,0,0.0026464592,0.00012157244,0.00011595059,0.0001142515,0.0019353669,0.00016252635,0.00017688559,29.7303
0.349,87.682938,7.3582151e-06,0,0.0029752598,9.8519181e-05,9.6623216e-05,9.5984056e-05,0.0016272032,0.00010046312,0.0001138376,29.637726
0.3495,87.682814,7.1170126e-06,0,0.0033233077,7.6503493e-05,7.7863044e-05,7.8443762e-05,0.001345679,4.9321082e-05,5.8778484e-05,29.545296
0.35,87.682694,6.8396259e-06,0,0.0036906027,5.7077319e-05,5.9763181e-05,6.0923361e-05,0.0010915451,1.58736e-05,2.1704899e-05,29.45301
0.3505,87.682575,6.6020081e-06,0,0.004077145,4.0634777e-05,4.3059479e-05,4.407786e-05,0.00086442276,9.0900317e-07,2.7274117e-06,29.360869
0.351,87.682456,6.4083994e-06,0,0.0044829345,2.6888007e-05,2.8474754e-05,2.9062377e-05,0.00066383642,4.2946161e-06,1.833804e-06,29.268872
0.3515,87.682336,6.2079314e-06,0,0.0049079712,1.554408e-05,1.6474217e-05,1.6742478e-05,0.00048962662,2.1320152e-05,1.8992663e-05,29.177019
0.352,87.682217,5.9805314e-06,0,0.0053522552,6.8646058e-06,7.4245489e-06,7.5644363e-06,0.00034183742,3.674214e-05,5.4193548e-05,29.085311
0.3525,87.682097,5.7847964e-06,0,0.0058157863,1.5475966e-06,1.7899918e-06,1.8608888e-06,0.00022052909,5.1862368e-05,8.7658864e-05,28.993747
0.353,87.681977,5.8263462e-06,0,0.0062985647,5.7969622e-08,1.1465819e-08,4.8937384e-09,0.00012571354,7.1116887e-05,9.7106603e-05,28.902328
0.3535,87.681858,7.8132643e-06,0,0.0068005903,2.6632666e-06,2.4223603e-06,2.3525826e-06,5.7375763e-05,7.8742388e-05,9.3328363e-05,28.811053
0.354,87.681741,9.619008e-06,0,0.0073218632,9.4271969e-06,9.1837395e-06,9.1141486e-06,1.5503018e-05,7.0922138e-05,8.1048086e-05,28.719922
0.3545,87.681626,1.1121536e-05,0,0.0078623832,2.0206004e-05,2.0227359e-05,2.0253442e-05,9.24647e-08,5.3546203e-05,6.1886173e-05,28.628935
0.355,87.681512,1.2249072e-05,0,0.0084221505,3.4643802e-05,3.5223422e-05,3.5446145e-05,1.114601e-05,3.3757655e-05,3.9569551e-05,28.538093
0.3555,87.6814,1.2959755e-05,0,0.0090011649,5.2168788e-05,5.3580146e-05,5.4087355e-05,4.8665204e-05,1.6623417e-05,1.9462495e-05,28.447395
0.356,87.68129,1.3238301e-05,0,0.0095994266,7.2007424e-05,7.4472217e-05,7.5330245e-05,0.00011265012,5.1098816e-06,5.8226864e-06,28.356842
0.3565,87.681181,1.3099363e-05,0,0.010216936,9.322684e-05,9.6893748e-05,9.8144038e-05,0.00020310023,2.4574034e-07,2.2159789e-07,28.266433
0.357,87.681073,1.2587835e-05,0,0.010853692,0.00011480017,0.0001197303,0.0001213867,0.00032001524,1.1870215e-06,1.6085978e-06,28.176168
0.3575,87.680964,1.1773997e-05,0,0.011509695,0.00013568179,0.00014184173,0.00014388829,0.00046339509,5.6903352e-06,7.2201136e-06,28.086048
0.358,87.680857,1.074558e-05,0,0.012184946,0.00015488076,0.00016214573,0.00016453717,0.00063323986,1.0991841e-05,1.3724452e-05,27.996072
0.3585,87.680749,9.5990787e-06,0,0.012879443,0.00017152477,0.00017969237,0.00018235845,0.00082954959,1.4726069e-05,1.8283627e-05,27.90624
0.359,87.680641,9.1105601e-06,0,0.013593188,0.00018490982,0.00019372208,0.00019657539,0.0010523243,1.5562207e-05,1.9296336e-05,27.816553
0.3595,87.680534,9.7116042e-06,0,0.014326181,0.00019453283,0.00020370249,0.00020664777,0.0013015639,1.3419524e-05,1.6664131e-05,27.72701
0.36,87.680428,1.0307037e-05,0,0.01507842,0.00020010563,0.00020934286,0.00021228611,0.0015772684,9.2788511e-06,1.1571173e-05,27.637611
0.3605,87.680322,1.088635e-05,0,0.015849907,0.00020155133,0.00021058735,0.00021344359,0.0018794379,4.7112628e-06,5.9164745e-06,27.548357
0.361,87.680193,1.1230366e-05,0,0.016640641,0.00020189365,0.00020884663,0.00021105842,0.0021751099,1.0702141e-06,1.309772e-06,27.459247
0.3615,87.680023,1.0711412e-05,0,0.017450622,0.0002114492,0.00020979408,0.00020932124,0.0023264751,5.3625166e-06,1.1862927e-06,27.370282
0.362,87.679859,1.0279556e-05,0,0.01827985,0.00022281558,0.00021510231,0.00021206514,0.0023441384,2.5149437e-05,1.529756e-05,27.28146
0.3625,87.679699,9.9476599e-06,0,0.019128326,0.00023312921,0.00022400434,0.00022026811,0.0022490386,6.0061671e-05,4.7497479e-05,27.192784
0.363,87.679545,9.714988e-06,0,0.019996049,0.00024264324,0.0002353529,0.0002325955,0.0020660196,0.0001012211,9.7701488e-05,27.104251
0.3635,87.679396,1.0141143e-05,0,0.020883019,0.00025240204,0.0002481839,0.00024698,0.0018226745,0.00013937925,0.00015770717,27.015863
0.364,87.679251,1.1059189e-05,0,0.021789236,0.00026275784,0.00026157954,0.00026167572,0.0015473584,0.00017454991,0.0002032187,26.927619
0.3645,87.679108,1.1715577e-05,0,0.0227147,0.00027317533,0.00027455844,0.00027548951,0.0012646264,0.00019479152,0.00022479593,26.83952
0.365,87.678967,1.2154365e-05,0,0.023659412,0.00028258257,0.0002860888,0.00028755015,0.00099311263,0.00019157568,0.00022031269,26.751565
0.3655,87.678829,1.2417366e-05,0,0.024623371,0.00028977471,0.00029513955,0.00029703864,0.00074558161,0.00016589908,0.00019157942,26.663754
0.366,87.678693,1.2738482e-05,0,0.025606577,0.00029366428,0.00030073101,0.00030308209,0.00052995246,0.00012540806,0.00014558755,26.576088
0.3665,87.67856,1.4317616e-05,0,0.02660903,0.00029337562,0.000301988,0.00030480389,0.00035049883,8.0332492e-05,9.344375e-05,26.488566
0.367,87.678431,1.5376203e-05,0,0.027630731,0.00028826065,0.00029819841,0.00030144078,0.00020891196,4.0445849e-05,4.6883159e-05,26.401188
0.3675,87.678304,1.5867688e-05,0,0.028671679,0.00027790441,0.00028887229,0.00029245233,0.00010512428,1.2866924e-05,1.4699756e-05,26.313955
0.368,87.67818,1.5800447e-05,0,0.029731874,0.00026214889,0.00027379496,0.00027759435,3.784387e-05,7.1256042e-07,7.2297296e-07,26.226866
0.3685,87.678057,1.5231995e-05,0,0.030811316,0.00024113161,0.00025307075,0.00025696052,4.7928095e-06,2.9262184e-06,3.6611032e-06,26.139921
0.369,87.677936,1.430851e-05,0,0.031910005,0.00021532407,0.00022715591,0.0002310062,2.7054172e-06,1.5272054e-05,1.8402043e-05,26.053121
0.3695,87.677814,1.5078618e-05,0,0.033027942,0.00018555728,0.00019687927,0.00020056261,2.7201399e-05,3.2024617e-05,3.8086621e-05,25.966465
0.37,87.677694,1.5857917e-05,0,0.034165126,0.00015302656,0.00016344728,0.00016684056,7.2678882e-05,4.7715967e-05,5.6218742e-05,25.879954
0.3705,87.677574,1.663237e-05,0,0.035321557,0.00011927109,0.00012842855,0.00013141735,0.00013236335,5.8425746e-05,6.821348e-05,25.793587
0.371,87.677455,1.7386394e-05,0,0.036497235,8.6124872e-05,9.3711968e-05,9.6198324e-05,0.00019860339,6.2360851e-05,7.2073911e-05,25.707364
0.3715,87.677337,1.8102909e-05,0,0.037692161,5.5636692e-05,6.1433293e-05,6.3346373e-05,0.00026343305,5.973968e-05,6.8216805e-05,25.621285
0.372,87.677221,1.8763638e-05,0,0.038906333,2.9959241e-05,3.386753e-05,3.5175753e-05,0.00031934015,5.219142e-05,5.8714269e-05,25.535351
0.3725,87.677105,1.9349651e-05,0,0.040139753,1.1211147e-05,1.328876e-05,1.4011204e-05,0.00036011024,4.1964934e-05,4.631977e-05,25.449562
0.373,87.676991,1.9842082e-05,0,0.04139242,1.3199808e-06,1.8043281e-06,2.019124e-06,0.00038157688,3.1215972e-05,3.3608025e-05,25.363916
0.3735,87.676878,2.0222995e-05,0,0.042664335,1.8583615e-06,1.1757606e-06,1.0232552e-06,0.00038211243,2.1541853e-05,2.243001e-05,25.278415
0.374,87.676766,2.0476283e-05,0,0.043955496,1.3888404e-05,1.264326e-05,1.2322339e-05,0.00036274117,1.381062e-05,1.3732224e-05,25.193059
0.3745,87.676655,2.0588551e-05,0,0.045265905,3.7831128e-05,3.6773176e-05,3.6530108e-05,0.00032683614,8.2320617e-06,7.6680172e-06,25.107846
0.375,87.676545,2.0549893e-05,0,0.046595561,7.3376842e-05,7.3347783e-05,7.3458108e-05,0.00027945305,4.5657836e-06,3.867681e-06,25.022778
0.3755,87.676435,2.0354516e-05,0,0.047944465,0.00011944954,0.00012131374,0.00012205886,0.00022643327,2.3585126e-06,1.7339262e-06,24.937855
0.376,87.676326,2.0001149e-05,0,0.049312615,0.00017423344,0.00017879997,0.00018044101,0.00017345483,1.134157e-06,6.7090638e-07,24.853075
0.3765,87.676218,1.9493226e-05,0,0.050700013,0.00023526319,0.00024320824,0.00024596029,0.00012521325,5.0401292e-07,2.1054161e-07,24.768441
0.377,87.67611,1.8838825e-05,0,0.052106658,0.0002995724,0.00031137123,0.00031538102,8.4875322e-05,2.0207512e-07,4.6164416e-08,24.68395
0.3775,87.676003,1.8050377e-05,0,0.05353255,0.00036388839,0.00037976495,0.00038509483,5.3880466e-05,7.1278431e-08,8.0334925e-09,24.599604
0.378,87.675896,1.7144174e-05,0,0.054977689,0.00042485581,0.00044475599,0.00045137599,3.2084912e-05,2.9835711e-08,1.7695771e-08,24.515402
0.3785,87.67579,1.6139702e-05,0,0.056442076,0.00047926882,0.00050286009,0.00051064902,1.8173681e-05,3.8515881e-08,4.6413313e-08,24.431344
0.379,87.675683,1.5058868e-05,0,0.05792571,0.00052429058,0.00055098766,0.00055974279,1.0219307e-05,7.7821813e-08,8.73551e-08,24.347431
0.3795,87.675577,1.3925146e-05,0,0.059428591,0.00055764091,0.00058665385,0.00059610799,6.2522543e-06,1.3498994e-07,1.4000756e-07,24.263663
0.38,87.675471,1.2762722e-05,0,0.060950719,0.00057773663,0.00060813536,0.00061797909,4.7248034e-06,1.9720043e-07,2.0140168e-07,24.180038
0.3805,87.675366,1.1595652e-05,0,0.062492095,0.00058377465,0.00061456263,0.00062446908,4.7896407e-06,2.4840637e-07,2.6078417e-07,24.096558
0.381,87.675261,1.0447104e-05,0,0.064052717,0.00057575388,0.00060594299,0.00061559265,6.3642826e-06,2.6983377e-07,2.9831565e-07,24.013222
0.3815,87.675157,9.3386847e-06,0,0.065632587,0.00055443791,0.00058311754,0.00059222053,1.0000406e-05,2.456174e-07,2.904947e-07,23.930031
0.382,87.675053,8.3073375e-06,0,0.067231704,0.00052126594,0.00054766021,0.00055597438,1.6613264e-05,1.7390914e-07,2.2358238e-07,23.846984
0.3825,87.67495,8.5004442e-06,0,0.068850069,0.0004782228,0.00050173231,0.00050907575,2.7145386e-05,8.074222e-08,1.1216788e-07,23.764081
0.383,87.674847,8.7139258e-06,0,0.07048768,0.00042768199,0.0004479079,0.00045416567,4.2240054e-05,3.0863331e-08,1.5691705e-08,23.681323
0.3835,87.674745,8.9307346e-06,0,0.072144539,0.00037223586,0.00038898662,0.00039411157,6.1986974e-05,1.2868245e-07,4.3921173e-08,23.598709
0.384,87.674643,9.1317335e-06,0,0.073820645,0.00031452693,0.00032780914,0.00033181777,8.5780592e-05,5.0451221e-07,3.4452855e-07,23.516239
0.3845,87.674542,9.2977927e-06,0,0.075515998,0.00025709239,0.00026708864,0.00027005286,0.00011230663,1.2859729e-06,1.0716345e-06,23.433914
0.385,87.674441,9.4117625e-06,0,0.077230599,0.00020223123,0.00020926851,0.00021130461,0.00013964978,2.5601487e-06,2.3413732e-06,23.351733
0.3855,87.674341,9.4601334e-06,0,0.078964446,0.00015190077,0.00015641311,0.00015766908,0.00016549837,4.3365819e-06,4.1864164e-06,23.269697
0.386,87.674241,9.4342466e-06,0,0.080717541,0.0001076461,0.00011013488,0.00011077741,0.00018741161,6.5226648e-06,6.5236165e-06,23.187805
0.3865,87.674142,9.3309747e-06,0,0.082489884,7.0562958e-05,7.1558224e-05,7.1760147e-05,0.00020311136,8.9207038e-06,9.1465104e-06,23.106057
0.387,87.674042,9.1528544e-06,0,0.084281473,4.1292521e-05,4.1317657e-05,4.1246817e-05,0.00021076225,1.1250509e-05,1.1748052e-05,23.024453
0.3875,87.673943,8.9077057e-06,0,0.086092309,2.004405e-05,1.9585773e-05,1.9395707e-05,0.00020920894,1.3194485e-05,1.3970651e-05,22.942994
0.388,87.66113,4.4141209e-05,0,0.069380449,1.744194e-06,3.1336939e-06,3.9950655e-06,0.00016357368,1.8837821e-05,1.7696528e-05,22.86168
0.3885,87.649627,8.7515833e-05,0,0.041175306,5.3891054e-06,1.502636e-06,7.8288335e-07,8.8352373e-05,2.0166891e-05,2.094288e-05,22.780509
0.389,87.639725,0.00010903533,0,0.016259071,2.5075785e-05,1.6697745e-05,1.4280573e-05,3.5019202e-05,1.253352e-05,1.7490611e-05,22.699483
0.3895,87.631696,0.00011234378,0,0.0024974675,6.1832745e-05,4.8733669e-05,4.4611273e-05,5.8436184e-06,7.416133e-06,1.0245615e-05,22.618601
0.39,87.625475,0.00010165046,0,0.001107342,0.00011576109,9.7644903e-05,9.1787254e-05,3.9527331e-06,4.442586e-06,4.8221292e-06,22.537864
0.3905,87.620367,8.1252595e-05,0,0.0079748646,0.00018663491,0.0001634137,0.0001558089,2.8685464e-05,3.8535561e-06,2.6050842e-06,22.457271
0.391,87.615642,5.4245879e-05,0,0.016492865,0.00027434308,0.00024602538,0.00023667318,4.9054861e-05,3.2892097e-07,5.7345623e-07,22.376822
0.3915,87.610749,2.3743057e-05,0,0.020942092,0.0003146349,0.00034547712,0.00033437867,5.7635802e-05,1.5447401e-06,3.8781192e-07,22.296518
0.392,87.607375,7.7722447e-06,0,0.020195211,0.00025183943,0.00040791846,0.00044826607,7.2145451e-05,4.256922e-06,3.8710454e-06,22.216358
0.3925,87.606145,8.4774758e-06,0,0.018663388,0.00028603495,0.0004074358,0.00049018092,9.1154547e-05,8.0209365e-06,9.3091229e-06,22.136343
0.393,87.605649,9.229533e-06,0,0.017351303,0.0003550891,0.00041239338,0.00046076609,0.00011698888,1.2351477e-05,1.463269e-05,22.056471
0.3935,87.605441,1.0005321e-05,0,0.016420988,0.00040980753,0.00042158239,0.00042715664,0.0001493209,1.6154911e-05,1.8705042e-05,21.976745
0.394,87.605291,1.0743286e-05,0,0.015648968,0.00043081827,0.00042620739,0.00041350486,0.00018677237,1.8596677e-05,2.1074372e-05,21.897162
0.3945,87.605153,1.141342e-05,0,0.014892352,0.00042478109,0.00042315623,0.00041288978,0.00022773625,1.9450679e-05,2.168222e-05,21.817724
0.395,87.605032,1.2021693e-05,0,0.014135466,0.00040621169,0.00041297892,0.00041156878,0.00027026617,1.8945393e-05,2.0779732e-05,21.73843
0.3955,87.604925,1.2583738e-05,0,0.013397349,0.00038455087,0.00039683005,0.00040144396,0.00031180675,1.7517813e-05,1.8845199e-05,21.659281
0.396,87.604826,1.3106795e-05,0,0.012685146,0.00036236017,0.00037565623,0.000381697,0.00034925218,1.5640022e-05,1.6432513e-05,21.580276
0.3965,87.604729,1.3588279e-05,0,0.011995863,0.00033876271,0.00035034408,0.00035520449,0.00037932795,1.3713037e-05,1.4021457e-05,21.501415
0.397,87.604632,1.4022541e-05,0,0.01132624,0.00031265779,0.0003218449,0.00032505901,0.00039908983,1.20106e-05,1.1934515e-05,21.422698
0.3975,87.604536,1.4406867e-05,0,0.010675473,0.00028396301,0.00029113803,0.00029321641,0.00040637182,1.0669252e-05,1.0327457e-05,21.344126
0.398,87.60444,1.4743303e-05,0,0.010043848,0.00025342966,0.00025915474,0.000260663,0.00040010111,9.7132139e-06,9.2253983e-06,21.265699
0.3985,87.604344,1.5037316e-05,0,0.0094315756,0.00022207139,0.0002267344,0.00022797609,0.00038044626,9.0923103e-06,8.570027e-06,21.187415
0.399,87.604249,1.5295513e-05,0,0.0088386379,0.00019079942,0.00019461478,0.00019568124,0.00034878947,8.713887e-06,8.2551623e-06,21.109276
0.3995,87.604154,1.5523931e-05,0,0.0082649681,0.00016033807,0.00016343952,0.00016433989,0.00030753867,8.4618668e-06,8.1450516e-06,21.031282
0.4,87.604059,1.5727267e-05,0,0.0077105395,0.00013127527,0.00013377189,0.00013450995,0.00025982119,8.2078475e-06,8.0836611e-06,20.953432
0.4005,87.603964,1.5908781e-05,0,0.0071753542,0.00010412269,0.00010610946,0.00010670059,0.00020911791,7.8237168e-06,7.907724e-06,20.875726
0.401,87.60387,1.6070476e-05,0,0.0066594174,7.9343183e-05,8.0896454e-05,8.1360009e-05,0.00015889878,7.2019774e-06,7.471349e-06,20.798164
0.4015,87.603776,1.6213318e-05,0,0.0061627297,5.7354158e-05,5.8531796e-05,5.8884059e-05,0.00011230992,6.2823999e-06,6.6801478e-06,20.720747
0.402,87.603682,1.6337405e-05,0,0.0056852899,3.8523982e-05,3.937239e-05,3.9626198e-05,7.194414e-05,5.0767418e-06,5.5241873e-06,20.643474
0.4025,87.603588,1.6442113e-05,0,0.0052270973,2.3169212e-05,2.3732083e-05,2.389971e-05,3.9706798e-05,3.6807822e-06,4.0959709e-06,20.566346
0.403,87.603494,1.6526229e-05,0,0.0047881519,1.155222e-05,1.1877125e-05,1.197279e-05,1.6771643e-05,2.2658373e-06,2.5832554e-06,20.489362
0.4035,87.603401,1.6588104e-05,0,0.0043684536,3.8769025e-06,4.019068e-06,4.0600356e-06,3.6095185e-06,1.0486607e-06,1.2348543e-06,20.412522
0.404,87.603307,1.6625809e-05,0,0.0039680026,2.8187662e-07,3.0605396e-07,3.1286132e-07,6.7121997e-08,2.4618572e-07,3.0699412e-07,20.335826
0.4045,87.603214,1.6637282e-05,0,0.0035867988,8.3224623e-07,8.1345689e-07,8.09901e-07,5.4732087e-06,2.6906527e-08,4.5307562e-09,20.259275
0.405,87.603121,1.6620455e-05,0,0.0032248423,5.5114874e-06,5.5348439e-06,5.5478659e-06,1.8753641e-05,4.7196719e-07,4.3307889e-07,20.182869
0.4055,87.603027,1.6573359e-05,0,0.002882133,1.4214602e-05,1.4374133e-05,1.4433474e-05,3.8542632e-05,1.5560463e-06,1.5745757e-06,20.106606
0.406,87.602934,1.6494196e-05,0,0.0025586708,2.6743188e-05,2.7139694e-05,2.7277227e-05,6.3283583e-05,3.1522062e-06,3.2916106e-06,20.030488
0.4065,87.602842,1.6381392e-05,0,0.002254456,4.2802792e-05,4.3540957e-05,4.378974e-05,9.1317832e-05,5.0581814e-06,5.3576583e-06,19.954515
0.407,87.602749,1.6233626e-05,0,0.0019694883,6.2002872e-05,6.3187934e-05,6.3581115e-05,0.00012096277,7.0362476e-06,7.5038058e-06,19.878685
0.4075,87.602656,1.6049851e-05,0,0.0017037678,8.3859669e-05,8.5593901e-05,8.6163595e-05,0.00015058202,8.8562664e-06,9.4694285e-06,19.803
0.408,87.602563,1.582931e-05,0,0.0014572946,0.00010780226,0.00011018142,0.00011095759,0.00017865004,1.0332083e-05,1.1044971e-05,19.72746
0.4085,87.602471,1.5571555e-05,0,0.0012300686,0.00013318203,0.00013629176,0.00013730112,0.00020381193,1.1344519e-05,1.2098721e-05,19.652063
0.409,87.602378,1.5276475e-05,0,0.0010220898,0.00015928563,0.00016319786,0.00016446278,0.00022493739,1.1848476e-05,1.2584657e-05,19.576812
0.4095,87.602286,1.4944328e-05,0,0.00083335827,0.00018535143,0.00019012076,0.00019165808,0.0002411659,1.1865728e-05,1.2533388e-05,19.501704
0.41,87.602194,1.4575792e-05,0,0.00066387392,0.00021058943,0.00021624945,0.00021806935,0.00025193907,1.1467873e-05,1.2031608e-05,19.426741
0.4105,87.602101,1.4172013e-05,0,0.0005136368,0.00023420421,0.00024076401,0.00024286886,0.00025701612,1.0754997e-05,1.1196803e-05,19.351922
0.411,87.602009,1.3734668e-05,0,0.00038264689,0.00025542057,0.00026286154,0.00026524488,0.00025646953,9.8351679e-06,1.0153287e-05,19.277248
0.4115,87.601917,1.3266013e-05,0,0.0002709042,0.00027351099,0.00028178434,0.00028443006,0.00025065964,8.8083286e-06,9.0137462e-06,19.202717
0.412,87.601825,1.2768928e-05,0,0.00017840874,0.00028782409,0.00029684933,0.00029973115,0.00024018989,7.7562048e-06,7.8680726e-06,19.128332
0.4125,87.601733,1.2246949e-05,0,0.00010516049,0.0002978127,0.00030747747,0.00031055893,0.00022584655,6.7381402e-06,6.7792398e-06,19.05409
0.413,87.601642,1.1704271e-05,0,5.1159467e-05,0.00030306013,0.0003132218,0.00031645674,0.00020852904,5.7916056e-06,5.7846013e-06,18.979993
0.4135,87.60155,1.1145732e-05,0,1.6405661e-05,0.00030330308,0.00031379223,0.000317126,0.00018917795,4.9356588e-06,4.9004912e-06,18.906041
0.414,87.601458,1.0576766e-05,0,8.9907537e-07,0.00029844969,0.00030907555,0.00031244676,0.00016870793,4.1757042e-06,4.128149e-06,18.832232
0.4145,87.601367,1.0003329e-05,0,4.6397097e-06,0.00028859099,0.0002991488,0.00030249178,0.00014795151,3.5083035e-06,3.4595158e-06,18.758568
0.415,87.601275,9.4317988e-06,0,2.7627564e-05,0.0002740049,0.00028428478,0.00028753247,0.00012761809,2.925284e-06,2.8820626e-06,18.685049
0.4155,87.601184,8.8688499e-06,0,6.9862638e-05,0.00025515166,0.00026494856,0.00026803574,0.00010827,2.416825e-06,2.3823271e-06,18.611673
0.416,87.601093,8.3213141e-06,0,0.00013134493,0.00023266048,0.00024178454,0.00024465122,9.0315328e-05,1.9734912e-06,1.9481699e-06,18.538442
0.4165,87.601002,7.7960264e-06,0,0.00021207445,0.00020730769,0.0002155943,0.00021818892,7.4015147e-05,1.5873412e-06,1.5699286e-06,18.465356
0.417,87.60091,7.7339145e-06,0,0.00031205118,0.00017998703,0.00018730583,0.00018958816,5.9501714e-05,1.2523007e-06,1.2407057e-06,18.392414
0.4175,87.60082,7.7425447e-06,0,0.00043127514,0.00015167364,0.00015793583,0.00015987921,4.6803568e-05,9.6400769e-07,9.5603765e-07,18.319616
0.418,87.600729,7.750792e-06,0,0.00056974631,0.0001233833,0.00012854669,0.00013013959,3.587359e-05,7.193359e-07,7.1319025e-07,18.246962
0.4185,87.600638,7.7597468e-06,0,0.0007274647,9.612934e-05,0.0001002007,0.00010144736,2.6616751e-05,5.1579253e-07,5.1031472e-07,18.174453
0.419,87.600547,7.7701238e-06,0,0.00090443032,7.0879312e-05,7.3913987e-05,7.4834121e-05,1.8915121e-05,3.5096437e-07,3.4567513e-07,18.102088
0.4195,87.600457,7.7821467e-06,0,0.0011006432,4.8513849e-05,5.0612549e-05,5.1240235e-05,1.2648674e-05,2.2214094e-07,2.1710661e-07,18.029868
0.42,87.600366,7.7955173e-06,0,0.0013161032,2.9789902e-05,3.1093031e-05,3.1474736e-05,7.7112115e-06,1.2618295e-07,1.2178918e-07,17.957792
0.4205,87.600276,7.8094621e-06,0,0.0015508105,1.53102e-05,1.5990094e-05,1.6182082e-05,4.0213333e-06,5.9637333e-08,5.6338746e-08,17.88586
0.421,87.600186,7.8228452e-06,0,0.001804765,5.5004118e-06,5.7520529e-06,5.8173311e-06,1.5287328e-06,1.9043904e-08,1.7146066e-08,17.814073
0.4215,87.600096,7.8343257e-06,0,0.0020779667,5.9498107e-07,6.2582076e-07,6.3083487e-07,2.1626294e-07,1.3472222e-09,8.5507312e-10,17.74243
0.422,87.600006,7.8425404e-06,0,0.0023704156,6.320627e-07,6.5159947e-07,6.6288707e-07,9.8232795e-08,4.3239829e-09,4.8684242e-09,17.670931
0.4225,87.599916,7.846286e-06,0,0.0026821118,5.4574807e-06,5.6672089e-06,5.7482106e-06,1.2153774e-06,2.6954902e-08,2.7793475e-08,17.599577
0.423,87.599826,7.8446822e-06,0,0.0030130552,1.4737118e-05,1.5321395e-05,1.5529593e-05,3.6269201e-06,6.9697072e-08,6.9778008e-08,17.528367
0.4235,87.599736,7.837299e-06,0,0.0033632457,2.7976739e-05,2.9095012e-05,2.9479535e-05,7.400175e-06,1.346339e-07,1.3271365e-07,17.457301
0.424,87.599646,7.8242352e-06,0,0.0037326836,4.4547908e-05,4.6328631e-05,4.6928415e-05,1.2598218e-05,2.2548664e-07,2.2029446e-07,17.38638
0.4245,87.599557,7.8061434e-06,0,0.0041213686,6.3718443e-05,6.6254874e-05,6.7097443e-05,1.9266284e-05,3.4746496e-07,3.3790911e-07,17.315603
0.425,87.599467,7.7842017e-06,0,0.0045293009,8.4685722e-05,8.8033674e-05,8.9134545e-05,2.7417692e-05,5.0692319e-07,4.9232814e-07,17.24497
0.4255,87.599377,7.7600371e-06,0,0.0049564803,0.00010661113,0.00011078864,0.00011215134,3.7020232e-05,7.1078638e-07,6.9113978e-07,17.174482
0.426,87.599288,7.7356106e-06,0,0.005402907,0.00012865404,0.0001336428,0.00013525943,4.798405e-05,9.6572712e-07,9.4190229e-07,17.104138
0.4265,87.599198,7.7130762e-06,0,0.0058685809,0.00015000381,0.00015575215,0.00015760443,6.0152097e-05,1.2771141e-06,1.2510241e-06,17.033939
0.427,87.599109,8.0397937e-06,0,0.0063535021,0.00016990857,0.00017633573,0.00017839647,7.3294153e-05,1.647809e-06,1.6224475e-06,16.963884
0.4275,87.599019,8.5128634e-06,0,0.0068576704,0.00018769983,0.00019470118,0.00019693596,8.7105336e-05,2.0769491e-06,2.0562838e-06,16.893973
0.428,87.59893,8.9964972e-06,0,0.007381086,0.00020281212,0.00021026499,0.00021263406,0.00010120977,2.5588965e-06,2.5476017e-06,16.824206
0.4285,87.59884,9.4856948e-06,0,0.0079237488,0.00021479733,0.00022256715,0.00022502741,0.0001151698,3.0825497e-06,3.0855943e-06,16.754584
0.429,87.598751,9.9756943e-06,0,0.0084856588,0.00022333357,0.00023127999,0.00023378691,0.00012850087,3.6311906e-06,3.6533254e-06,16.685107
0.4295,87.598662,1.0462025e-05,0,0.009066816,0.00022822867,0.00023621137,0.00023872084,0.00014069153,4.1829764e-06,4.2281867e-06,16.615773
0.43,87.598573,1.0940548e-05,0,0.0096672205,0.00022941884,0.00023730275,0.00023977268,0.00015122795,4.7120976e-06,4.783099e-06,16.546584
0.4305,87.598484,1.1407493e-05,0,0.010286872,0.00022696269,0.00023462261,0.0002370143,0.00015962165,5.1905243e-06,5.2883743e-06,16.47754
0.431,87.598394,1.1859473e-05,0,0.010925771,0.0002210317,0.00022835593,0.00023063521,0.00016543881,5.5901728e-06,5.7140553e-06,16.408639
0.4315,87.598305,1.2293502e-05,0,0.011583917,0.00021189762,0.00021879071,0.00022092873,0.00016832916,5.8852604e-06,6.0324719e-06,16.339883
0.432,87.598217,1.2706991e-05,0,0.012261311,0.00019991764,0.00020630223,0.00020827593,0.0001680526,6.0545875e-06,6.2207255e-06,16.271272
0.4325,87.598128,1.3097741e-05,0,0.012957951,0.00018551816,0.00019133589,0.00019312828,0.0001645011,6.0834987e-06,6.2628233e-06,16.202805
0.433,87.598039,1.3463928e-05,0,0.013673839,0.00016917792,0.00017438954,0.00017598961,0.00015771414,5.9653185e-06,6.1512359e-06,16.134482
0.4335,87.59795,1.3804072e-05,0,0.014408974,0.00015141099,0.00015599576,0.00015739827,0.00014788598,5.7021249e-06,5.8877334e-06,16.066303
0.434,87.597862,1.411701e-05,0,0.015163356,0.00013275034,0.00013670486,0.0001379099,0.0001353636,5.3048074e-06,5.4834412e-06,15.998269
0.4345,87.597773,1.4401858e-05,0,0.015936985,0.00011373221,0.00011706888,0.00011808136,0.000120635,4.7924279e-06,4.9581454e-06,15.930379
0.435,87.597685,1.4657973e-05,0,0.016729862,9.4881857e-05,9.7627039e-05,9.8456102e-05,0.00010430797,4.1909741e-06,4.3389494e-06,15.862634
0.4355,87.597596,1.4884909e-05,0,0.017541986,7.6700645e-05,7.8892712e-05,7.9551091e-05,8.7080603e-05,3.531637e-06,3.6584317e-06,15.795033
0.436,87.597508,1.5082385e-05,0,0.018373357,5.9654723e-05,6.1342108e-05,6.1845519e-05,6.9705142e-05,2.8487737e-06,2.9524813e-06,15.727576
0.4365,87.593984,3.2123214e-05,0,0.013169442,0.00010172611,6.5681071e-05,5.7617941e-05,4.3578432e-05,2.3195797e-06,2.3318532e-06,15.660263
0.437,87.59109,5.1630666e-05,0,0.0065645577,0.00015735768,9.3417401e-05,7.6012129e-05,2.1261038e-05,1.538432e-06,1.6602704e-06,15.593095
0.4375,87.588748,5.7388319e-05,0,0.0018743886,0.00018133602,0.00013445719,0.00011844451,7.5406754e-06,7.0967433e-07,8.8964914e-07,15.526072
0.438,87.587025,5.3206811e-05,0,0.00012297725,0.00017594543,0.00017290088,0.00017163686,1.5298095e-06,1.6728048e-07,2.3707566e-07,15.459192
0.4385,87.585755,4.296406e-05,0,0.00070479876,0.00016090382,0.00019417581,0.00020980149,3.1210298e-07,5.8882093e-08,7.9108451e-09,15.392457
0.439,87.584668,2.9742583e-05,0,0.0021797312,0.00014245848,0.00018970698,0.00021321893,8.8220757e-07,3.6244261e-07,3.29208e-07,15.325867
0.4395,87.583621,1.5870371e-05,0,0.003211245,0.00011684317,0.00015958441,0.00018079989,1.3275992e-06,9.3184473e-07,1.0521539e-06,15.25942
0.44,87.582634,1.8753974e-05,0,0.0031977987,8.2986209e-05,0.00011248297,0.00012647732,1.2080189e-06,1.523113e-06,1.8394085e-06,15.193119
0.4405,87.582162,1.9745377e-05,0,0.0027437333,5.3406329e-05,6.6567731e-05,7.1956385e-05,7.8923329e-07,1.8510229e-06,2.3174275e-06,15.126961
0.441,87.581922,1.9964743e-05,0,0.0022964528,2.9260203e-05,3.1942041e-05,3.2017606e-05,6.4711604e-07,1.8161776e-06,2.2945334e-06,15.060948
0.4415,87.581784,2.0074214e-05,0,0.0019590629,1.1011879e-05,1.0243554e-05,9.2480058e-06,9.7449992e-07,1.4552295e-06,1.8293041e-06,14.995079
0.442,87.581671,2.0068947e-05,0,0.0016921509,1.1575684e-06,6.6696573e-07,4.2403166e-07,1.5236796e-06,9.0696513e-07,1.1353441e-06,14.929354
0.4425,87.581561,1.9950384e-05,0,0.0014506814,1.8392069e-06,2.341266e-06,2.6444228e-06,1.9590362e-06,3.7767439e-07,4.7195224e-07,14.863774
0.443,87.581456,1.9725562e-05,0,0.0012231741,1.3224171e-05,1.4403893e-05,1.4718532e-05,2.0469292e-06,6.2045174e-08,6.504659e-08,14.798338
0.4435,87.581354,1.9403027e-05,0,0.0010133975,3.3876133e-05,3.5732086e-05,3.6052815e-05,1.7120474e-06,6.8445553e-08,4.4634093e-08,14.733047
0.444,87.581255,1.8990789e-05,0,0.00082426887,6.1861858e-05,6.4862522e-05,6.556551e-05,1.0562359e-06,3.8238648e-07,4.0379955e-07,14.6679
0.4445,87.581157,1.8496829e-05,0,0.00065558023,9.5339851e-05,0.00010003136,0.00010145398,3.6900374e-07,8.7723391e-07,1.0002687e-06,14.602897
0.445,87.581059,1.7930299e-05,0,0.00050642729,0.00013256567,0.00013926444,0.00014150868,1.2342503e-07,1.3632756e-06,1.6072422e-06,14.538039
0.4455,87.580961,1.7301994e-05,0,0.00037644365,0.00017175485,0.00018049536,0.00018347796,9.5241185e-07,1.6562169e-06,1.9956034e-06,14.473325
0.446,87.580863,1.6623947e-05,0,0.00026565402,0.00021106835,0.0002216901,0.00022526568,3.6077237e-06,1.6423544e-06,2.0162105e-06,14.408755
0.4465,87.580766,1.5908655e-05,0,0.00017412724,0.00024871646,0.00026095696,0.00026499342,8.9055233e-06,1.3201482e-06,1.6536156e-06,14.34433
0.447,87.580669,1.5168442e-05,0,0.00010187305,0.00028308567,0.00029663172,0.00030102253,1.7660318e-05,8.0649591e-07,1.0356715e-06,14.280049
0.4475,87.580572,1.4415122e-05,0,4.8875488e-05,0.00031282916,0.0003273376,0.0003319857,3.0607956e-05,3.0783389e-07,3.9959276e-07,14.215912
0.448,87.580475,1.3659899e-05,0,1.5124729e-05,0.00033691429,0.00035202352,0.00035682719,4.8319381e-05,6.6838755e-08,2.826238e-08,14.15192
0.4485,87.580379,1.291333e-05,0,6.1981632e-07,0.00035464039,0.0003699828,0.0003748331,7.1109554e-05,3.0145126e-07,1.7744754e-07,14.088072
0.449,87.580282,1.2185245e-05,0,5.3621203e-06,0.00036563746,0.00038085387,0.00038564002,9.8949344e-05,1.1530249e-06,1.0142706e-06,14.024368
0.4495,87.580186,1.1484603e-05,0,2.9352128e-05,0.00036984937,0.00038460392,0.00038922069,0.00013139129,2.6556305e-06,2.5812405e-06,13.960809
0.45,87.580091,1.0819296e-05,0,7.2589615e-05,0.00036750274,0.0003814971,0.00038585133,0.00016752207,4.7312607e-06,4.7912387e-06,13.897394
0.4505,87.579995,1.0195958e-05,0,0.00013507435,0.0003590641,0.00037205008,0.00037606552,0.00020595445,7.208458e-06,7.4501721e-06,13.834124
0.451,87.5799,9.6198161e-06,0,0.00021680627,0.00034518953,0.00035697884,0.00036059939,0.00024486911,9.8567243e-06,1.0297898e-05,13.770998
0.4515,87.579805,9.174474e-06,0,0.00031778541,0.00032667127,0.00033714096,0.00034033226,0.00028211154,1.2426908e-05,1.3055585e-05,13.708016
0.452,87.57971,8.9555017e-06,0,0.00043801177,0.00030438514,0.00031347804,0.00031622719,0.00031534208,1.4688491e-05,1.5468719e-05,13.645179
0.4525,87.579615,8.7240817e-06,0,0.00057748537,0.00027924171,0.00028696192,0.00028927561,0.00034222907,1.6457414e-05,1.7338344e-05,13.582486
0.453,87.57952,8.4904539e-06,0,0.00073620618,0.00025214364,0.00025854812,0.00026044947,0.00036066701,1.7611622e-05,1.8537468e-05,13.519937
0.4535,87.579426,8.2627043e-06,0,0.00091417421,0.00022395074,0.00022913832,0.0002306629,0.00036899577,1.8094739e-05,1.9013448e-05,13.457532
0.454,87.579331,8.0466201e-06,0,0.0011113895,0.00019545385,0.00019955296,0.00020074469,0.00036619397,1.791052e-05,1.8779792e-05,13.395272
0.4545,87.579237,7.8458094e-06,0,0.0013278519,0.00016735762,0.00017051407,0.0001714212,0.00035202104,1.7111757e-05,1.7901927e-05,13.333157
0.455,87.579143,7.6620271e-06,0,0.0015635616,0.00014027187,0.00014263749,0.00014330905,0.00032708725,1.5787137e-05,1.6481225e-05,13.271186
0.4555,87.579049,7.4956393e-06,0,0.0018185185,0.00011471014,0.00011643309,0.00011691592,0.00029284013,1.4048782e-05,1.4640492e-05,13.209359
0.456,87.578633,7.3244752e-06,0,0.0016481629,7.8670195e-05,8.6872795e-05,8.9296712e-05,0.00025611561,1.1952764e-05,1.2475922e-05,13.147676
0.4565,87.578205,1.6011482e-05,0,0.0010325727,4.2779176e-05,5.3945365e-05,5.8236466e-05,0.00021848155,9.7996135e-06,1.0182207e-05,13.086138
0.457,87.577834,2.0411701e-05,0,0.00042874279,1.9264767e-05,2.5501197e-05,2.8541755e-05,0.0001772109,7.8315711e-06,8.0107985e-06,13.024744
0.4575,87.57753,2.0898556e-05,0,7.8457385e-05,6.0593992e-06,7.3550882e-06,8.0657419e-06,0.00013288171,6.0432341e-06,6.0907069e-06,12.963494
0.458,87.577291,1.870554e-05,0,1.9680771e-05,5.0208719e-07,2.8979443e-07,2.1017368e-07,8.8695464e-05,4.3969557e-06,4.4201818e-06,12.902389
0.4585,87.577088,1.4939522e-05,0,0.00014494535,9.2429337e-07,1.826729e-06,2.492492e-06,4.9192158e-05,2.9006195e-06,2.9582008e-06,12.841428
0.459,87.576896,1.0474428e-05,0,0.00029566753,5.5754468e-06,8.45033e-06,1.0121341e-05,1.9115108e-05,1.612448e-06,1.700687e-06,12.780612
0.4595,87.576708,6.8538542e-06,0,0.00035788534,1.2590717e-05,1.70681e-05,1.9212895e-05,2.5341654e-06,6.2968219e-07,7.0938878e-07,12.71994
0.46,87.576531,7.4291633e-06,0,0.00030632184,2.0502239e-05,2.5683239e-05,2.7722712e-05,2.1295131e-06,8.0175137e-08,1.0795448e-07,12.659412
0.4605,87.576389,8.0331788e-06,0,0.0002013603,2.9384558e-05,3.3880647e-05,3.5321982e-05,1.8503383e-05,1.1136842e-07,6.0963847e-08,12.599029
0.461,87.576279,8.1777618e-06,0,0.00011230836,4.0264875e-05,4.2548386e-05,4.2988393e-05,4.9825776e-05,8.6286346e-07,7.403482e-07,12.53879
0.4615,87.576181,8.3055497e-06,0,5.1900482e-05,5.1670901e-05,5.2108318e-05,5.1762526e-05,9.3103992e-05,2.4031137e-06,2.2646256e-06,12.478695
0.462,87.576086,8.418544e-06,0,1.6626175e-05,6.2750314e-05,6.2486239e-05,6.1966716e-05,0.00014450824,4.7166655e-06,4.6455546e-06,12.418744
0.4625,87.575992,8.519999e-06,0,1.5044926e-06,7.3574937e-05,7.350011e-05,7.328004e-05,0.00019971199,7.6920171e-06,7.7708211e-06,12.358939
0.463,87.575898,8.6151107e-06,0,5.0796056e-06,8.4564751e-05,8.5007363e-05,8.5187312e-05,0.00025429895,1.1110907e-05,1.1409099e-05,12.299277
0.4635,87.575805,8.7099431e-06,0,2.7700851e-05,9.5984115e-05,9.6885506e-05,9.7317105e-05,0.00030415901,1.4662697e-05,1.5229905e-05,12.23976
0.464,87.575712,8.8104476e-06,0,6.9706105e-05,0.00010780788,0.00010899959,0.00010950495,0.00034581413,1.7984804e-05,1.8841449e-05,12.180387
0.4645,87.57562,8.9222011e-06,0,0.00013109174,0.00011981062,0.00012118883,0.00012168284,0.00037664333,2.0717847e-05,2.1846223e-05,12.121158
0.465,87.575519,8.9177748e-06,0,0.00019765275,0.00013318729,0.00013388716,0.00013413588,0.00039445483,2.2571037e-05,2.3909149e-05,12.062074
0.4655,87.575403,8.3278315e-06,0,0.0001973854,0.00015414887,0.00015015745,0.00014899454,0.00039631722,2.3366889e-05,2.4817348e-05,12.003134
0.466,87.575291,8.2162003e-06,0,0.0001512074,0.00017628149,0.00017025555,0.00016802321,0.00038452071,2.2912192e-05,2.4431282e-05,11.944339
0.4665,87.575184,8.5650534e-06,0,8.9989534e-05,0.00019623664,0.0001923779,0.00019070314,0.00036191223,2.1279381e-05,2.2766466e-05,11.885687
0.467,87.575083,8.8834197e-06,0,3.8631793e-05,0.00021335722,0.00021421686,0.00021443841,0.00033135297,1.8721973e-05,2.0041065e-05,11.827181
0.4675,87.574987,9.1504126e-06,0,9.2861397e-06,0.00022776667,0.00023365335,0.00023598286,0.00029553486,1.5583672e-05,1.6628686e-05,11.768818
0.468,87.574896,9.3532023e-06,0,3.1953998e-07,0.00023909364,0.00024891137,0.00025271849,0.00025689787,1.2232184e-05,1.2960713e-05,11.7106
0.4685,87.574805,9.9665479e-06,0,2.1862886e-06,0.00024641153,0.00025864776,0.00026312555,0.0002175606,9.0052312e-06,9.4344123e-06,11.652526
0.469,87.574715,1.0704736e-05,0,5.3921598e-06,0.00024877894,0.00026206882,0.00026663409,0.00017926752,6.1657513e-06,6.3518147e-06,11.594597
0.4695,87.574626,1.1451742e-05,0,5.3900234e-06,0.00024571054,0.00025899315,0.00026332789,0.00014337298,3.8743967e-06,3.8914227e-06,11.536812
0.47,87.574538,1.2169601e-05,0,2.9090992e-06,0.00023731464,0.00024980943,0.00025374911,0.00011086327,2.185202e-06,2.1079455e-06,11.479171
0.4705,87.574451,1.2831065e-05,0,1.2497518e-06,0.00022416737,0.00023534138,0.00023878812,8.2399723e-05,1.0623182e-06,9.5384263e-07,11.421675
0.471,87.574366,1.3421618e-05,0,3.0661983e-06,0.00020710111,0.00021666627,0.00021956932,5.8362667e-05,4.0978142e-07,3.1434333e-07,11.364323
0.4715,87.574282,1.3938908e-05,0,8.5463665e-06,0.00018703233,0.0001949386,0.00019730421,3.8884671e-05,1.0456307e-07,4.5899672e-08,11.307115
0.472,87.574199,1.4390089e-05,0,1.5556744e-05,0.00016486615,0.00017125767,0.00017314827,2.3873357e-05,2.4800254e-08,8.9373814e-09,11.250052
0.4725,87.574116,1.4788016e-05,0,2.1116238e-05,0.00014146194,0.00014659723,0.00014810955,1.3032036e-05,6.8551448e-08,8.9292125e-08,11.193133
0.473,87.574033,1.5147203e-05,0,2.3049935e-05,0.00011763252,0.00012179421,0.00012302772,5.8880733e-06,1.6213682e-07,2.0716104e-07,11.136359
0.4735,87.57395,1.5480314e-05,0,2.0905361e-05,9.4156833e-05,9.7579005e-05,9.8610271e-05,1.835447e-06,2.5996465e-07,3.1594371e-07,11.079728
0.474,87.573868,1.5795631e-05,0,1.5847844e-05,7.179399e-05,7.462409e-05,7.5495198e-05,1.9177997e-07,3.3914509e-07,3.9507033e-07,11.023243
0.4745,87.573786,1.6095737e-05,0,9.8425954e-06,5.1290736e-05,5.3588814e-05,5.4310066e-05,2.6395156e-07,3.9220437e-07,4.4087018e-07,10.966901
0.475,87.573705,1.6377384e-05,0,4.6934316e-06,3.3376695e-05,3.5143815e-05,3.5706313e-05,1.4123424e-06,4.2032076e-07,4.5837316e-07,10.910704
0.4755,87.573624,1.6632368e-05,0,1.4119309e-06,1.8744137e-05,1.996638e-05,2.0358695e-05,3.1030603e-06,4.2831815e-07,4.554489e-07,10.854651
0.476,87.573543,1.6849111e-05,0,9.561829e-08,8.0126664e-06,8.7061208e-06,8.9299228e-06,4.9401137e-06,4.2164967e-07,4.3946251e-07,10.798743
0.4765,87.573462,1.7014595e-05,0,2.0658444e-07,1.6832673e-06,1.9277573e-06,2.0086191e-06,6.6743874e-06,4.0500484e-07,4.1592296e-07,10.742979
0.477,87.573382,1.7116316e-05,0,9.9874992e-07,8.9373699e-08,4.3189859e-08,3.445718e-08,8.191713e-06,3.8197059e-07,3.8838799e-07,10.687359
0.4775,87.573301,1.7143982e-05,0,1.86347e-06,3.354142e-06,3.2475991e-06,3.2269757e-06,9.4866002e-06,3.5523046e-07,3.5898188e-07,10.631884
0.478,87.573221,1.7090736e-05,0,2.4829427e-06,1.136252e-05,1.1473405e-05,1.1533572e-05,1.0630145e-05,3.2694167e-07,3.2908195e-07,10.576553
0.4785,87.573141,1.6953829e-05,0,2.8075292e-06,2.3754153e-05,2.4371977e-05,2.4607794e-05,1.1739999e-05,2.9908304e-07,2.999142e-07,10.521366
0.479,87.573061,1.6734716e-05,0,2.9438534e-06,3.9939385e-05,4.1327041e-05,4.1822381e-05,1.2957644e-05,2.736836e-07,2.729353e-07,10.466324
0.4795,87.572981,1.6438669e-05,0,3.0423913e-06,5.9136495e-05,6.1497403e-05,6.23144e-05,1.4434706e-05,2.5292782e-07,2.4998374e-07,10.411426
0.48,87.572901,1.6074017e-05,0,3.2319267e-06,8.0424956e-05,8.3881416e-05,8.5053988e-05,1.6326798e-05,2.3920135e-07,2.3327777e-07,10.356672
0.4805,87.572821,1.5651181e-05,0,3.6015266e-06,0.00010280742,0.00010739272,0.000108925,1.8791337e-05,2.3518532e-07,2.2540996e-07,10.302063
0.481,87.572741,1.5181665e-05,0,4.204943e-06,0.00012527281,0.00013093639,0.00013280557,2.198522e-05,2.4410646e-07,2.2950721e-07,10.247598
0.4815,87.572661,1.4677124e-05,0,5.0629772e-06,0.000146854,0.00015347648,0.00015563877,2.6059037e-05,2.701889e-07,2.4966062e-07,10.193277
0.482,87.572582,1.4148617e-05,0,6.1554738e-06,0.00016667545,0.00017408921,0.00017648718,3.1146158e-05,3.1923609e-07,2.9158584e-07,10.139101
0.4825,87.572502,1.3606098e-05,0,7.4106141e-06,0.00018398869,0.00019199938,0.00019456919,3.7346877e-05,3.9913741e-07,3.6329556e-07,10.085069
0.483,87.572423,1.3058157e-05,0,8.7048333e-06,0.00019819525,0.00020660081,0.00020927813,4.4709391e-05,5.1999933e-07,4.7542768e-07,10.031182
0.4835,87.572343,1.2511973e-05,0,9.8810763e-06,0.00020885858,0.00021746338,0.00022018753,5.3210389e-05,6.9360013e-07,6.4084474e-07,9.9774388
0.484,87.572264,1.197345e-05,0,1.0782218e-05,0.0002157066,0.00022433031,0.00022704643,6.273834e-05,9.3198411e-07,8.7324138e-07,9.9238401
0.4845,87.572184,1.1447451e-05,0,1.1287893e-05,0.00021862733,0.00022710898,0.00022976872,7.3082363e-05,1.245228e-06,1.184747e-06,9.8703857
0.485,87.572105,1.0938068e-05,0,1.1341211e-05,0.00021765914,0.00022585787,0.00022841915,8.392891e-05,1.6386716e-06,1.5828231e-06,9.8170756
0.4855,87.572026,1.0448881e-05,0,1.0956761e-05,0.00021297712,0.0002207713,0.00022319776,9.4867721e-05,2.1101279e-06,2.0670343e-06,9.7639099
0.486,87.571947,9.9831521e-06,0,1.0209372e-05,0.00020487636,0.00021216256,0.00021442309,0.00010540758,2.6477024e-06,2.6264219e-06,9.7108886
0.4865,87.571868,9.5439358e-06,0,9.2100032e-06,0.00019375287,0.00020044551,0.00020251429,0.00011500161,3.2288155e-06,3.2381858e-06,9.6580116
0.487,87.571789,9.134106e-06,0,8.0781997e-06,0.00018008243,0.0001861146,0.00018797145,0.00012308084,3.8208343e-06,3.8681711e-06,9.6052789
0.4875,87.571711,8.7563042e-06,0,6.9193994e-06,0.00016439807,0.0001697231,0.00017135423,0.00012909425,4.3834275e-06,4.4733146e-06,9.5526907
0.488,87.571632,8.4282728e-06,0,5.8116367e-06,0.00014726682,0.00015186011,0.00015325879,0.00013255245,4.8724224e-06,5.0058235e-06,9.5002467
0.4885,87.571553,8.3439159e-06,0,4.8020544e-06,0.00012926667,0.00013312694,0.000134294,0.0001330717,5.2446547e-06,5.4185124e-06,9.4479472
0.489,87.571475,8.2466513e-06,0,3.9107434e-06,0.0001109648,0.00011411412,0.00011505794,0.00013041447,5.4631079e-06,5.6705041e-06,9.395792
0.4895,87.571396,8.1398118e-06,0,3.1383873e-06,9.2898029e-05,9.5380335e-05,9.6116267e-05,0.00012452262,5.5015892e-06,5.7324369e-06,9.3437811
0.49,87.571318,8.0270006e-06,0,2.4746321e-06,7.5556551e-05,7.7434518e-05,7.7983752e-05,0.00011553932,5.3482716e-06,5.5904175e-06,9.2919146
0.4905,87.57124,7.9118991e-06,0,1.9052301e-06,5.937146e-05,6.0722053e-05,6.1110073e-05,0.00010381673,5.0076258e-06,5.2481872e-06,9.2401924
0.491,87.571161,7.7980945e-06,0,1.4171271e-06,4.4706427e-05,4.5615669e-05,4.5870459e-05,8.9907334e-05,4.5005222e-06,4.727256e-06,9.1886146
0.4915,87.571083,7.6889368e-06,0,1.0013906e-06,3.185344e-05,3.2411006e-05,3.2561277e-05,7.4538245e-05,3.8625466e-06,4.0650692e-06,9.1371812
0.492,87.571005,7.5874281e-06,0,6.5422685e-07,2.1032199e-05,2.1326458e-05,2.1400066e-05,5.856963e-05,3.1408047e-06,3.3115218e-06,9.0858921
0.4925,87.570927,7.4961462e-06,0,3.7646373e-07,1.2392489e-05,1.2506489e-05,1.2529212e-05,4.2939855e-05,2.3896534e-06,2.5243176e-06,9.0347473
0.493,87.570849,7.4172006e-06,0,1.7194636e-07,6.0187595e-06,6.0274268e-06,6.0221774e-06,2.8601558e-05,1.6658757e-06,1.7637541e-06,8.983747
0.4935,87.570771,7.3522168e-06,0,4.5371663e-08,1.9360438e-06,1.9047092e-06,1.8911832e-06,1.6453922e-05,1.0238276e-06,1.0875084e-06,8.9328909
0.494,87.570693,7.3023432e-06,0,1.2806926e-10,1.1648722e-07,1.0061519e-07,9.532897e-08,7.2769909e-06,5.1102062e-07,5.459302e-07,8.8821793
0.4945,87.570616,7.2682746e-06,0,3.6651969e-08,4.858489e-07,5.3173767e-07,5.4835455e-07,1.6737982e-06,1.6451067e-07,1.7822787e-07,8.8316119
0.495,87.570538,7.2502862e-06,0,1.51636e-07,2.929545e-06,3.0756728e-06,3.1255066e-06,2.5446682e-08,8.3388766e-09,9.7993303e-09,8.781189
0.4955,87.57046,7.2673941e-06,0,3.3816841e-07,7.2979806e-06,7.5766606e-06,7.6692449e-06,2.4630303e-06,5.2151249e-08,5.0825531e-08,8.7309104
0.496,87.570383,7.3805785e-06,0,5.8662923e-07,1.3411094e-05,1.3850133e-05,1.399376e-05,8.8587258e-06,2.9101073e-07,2.961248e-07,8.6807761
0.4965,87.570305,7.5089662e-06,0,8.859983e-07,2.1062176e-05,2.1686302e-05,2.1888462e-05,1.8836565e-05,7.0632268e-07,7.2617149e-07,8.6307862
0.497,87.570228,7.6523269e-06,0,1.2251841e-06,3.0021136e-05,3.085303e-05,3.1120713e-05,3.1801609e-05,1.2677221e-06,1.3091104e-06,8.5809406
0.4975,87.57015,7.8106488e-06,0,1.5940506e-06,4.0037444e-05,4.1098311e-05,4.143815e-05,4.6984633e-05,1.9357185e-06,2.0035494e-06,8.5312394
0.498,87.570073,7.98407e-06,0,1.9839591e-06,5.0843001e-05,5.2152672e-05,5.2570935e-05,6.3498178e-05,2.664861e-06,2.7618815e-06,8.4816826
0.4985,87.569995,8.1728101e-06,0,2.3877935e-06,6.2155207e-05,6.3731812e-05,6.423427e-05,8.0399019e-05,3.4071683e-06,3.5338748e-06,8.4322701
0.499,87.569918,8.3771049e-06,0,2.799559e-06,7.3680442e-05,7.5539736e-05,7.6131419e-05,9.675181e-05,4.1155646e-06,4.2702631e-06,8.383002
0.4995,87.569841,8.5971453e-06,0,3.2137183e-06,8.5118161e-05,8.7272592e-05,8.7957476e-05,0.00011168886,4.7470772e-06,4.9260886e-06,8.3338782
0.5,87.569763,8.8330217e-06,0,3.6244487e-06,9.6165722e-05,9.8623331e-05,9.940398e-05,0.00012446164,5.2655735e-06,5.4635666e-06,8.2848988
0.5005,87.569686,9.0846744e-06,0,4.0249884e-06,0.00010652402,0.00010928728,0.00011016446,0.0001344807,5.6438577e-06,5.8542858e-06,8.2360637
0.501,87.569609,9.351848e-06,0,4.4072067e-06,0.00011590393,0.00011896859,0.00011994092,0.00014134164,5.865001e-06,6.0806097e-06,8.187373
0.5015,87.569531,9.6340513e-06,0,4.7614779e-06,0.00012403348,0.00012738752,0.00012845112,0.00014483654,5.922838e-06,6.1362061e-06,8.1388266
0.502,87.569454,9.9305227e-06,0,5.0768906e-06,0.00013066555,0.00013428832,0.00013543654,0.00014495094,5.821635e-06,6.0257074e-06,8.0904246
0.5025,87.569377,1.02402e-05,0,5.3417702e-06,0.00013558596,0.00013944762,0.00014067088,0.00014184821,5.5750028e-06,5.76357e-06,8.0421669
0.503,87.5693,1.0561699e-05,0,5.5444445e-06,0.00013862152,0.00014268283,0.00014396853,0.00013584342,5.2041862e-06,5.3722745e-06,7.9940536
0.5035,87.569223,1.0893297e-05,0,5.6741514e-06,0.00013964773,0.00014386028,0.0001451929,0.0001273699,4.7359146e-06,4.8800543e-06,7.9460847
0.504,87.569146,1.1232928e-05,0,5.7219687e-06,0.00013859568,0.00014290267,0.00014426403,0.0001169417,4.2000254e-06,4.3183806e-06,7.8982601
0.5045,87.569069,1.1578189e-05,0,5.6816522e-06,0.00013545766,0.00013979524,0.00014116491,0.00010511514,3.6270796e-06,3.7194335e-06,7.8505799
0.505,87.568992,1.1926355e-05,0,5.5502906e-06,0.00013029113,0.00013459027,0.00013594622,9.245228e-05,3.0461752e-06,3.1137839e-06,7.803044
0.5055,87.568915,1.2274408e-05,0,5.3287163e-06,0.00012322046,0.00012740937,0.00012872873,7.9488897e-05,2.4831279e-06,2.5284648e-06,7.7556524
0.506,87.568839,1.2619077e-05,0,5.0216558e-06,0.00011443629,0.00011844327,0.00011970328,6.6708491e-05,1.9591374e-06,1.9855628e-06,7.7084053
0.5065,87.568762,1.2956888e-05,0,4.6376291e-06,0.00010419204,0.00010794867,0.00010912769,5.4523434e-05,1.4900006e-06,1.5013953e-06,7.6613024
0.507,87.568685,1.3284226e-05,0,4.1886366e-06,9.2797744e-05,9.6242167e-05,9.7320726e-05,4.3263544e-05,1.0858688e-06,1.0862709e-06,7.614344
0.5075,87.568609,1.3597402e-05,0,3.6896773e-06,8.0610962e-05,8.3691129e-05,8.465299e-05,3.3171744e-05,7.5149727e-07,7.4477647e-07,7.5675299
0.508,87.568532,1.3892727e-05,0,3.1581448e-06,6.8025242e-05,7.0701871e-05,7.1534957e-05,2.4405988e-05,4.8688843e-07,4.7648463e-07,7.5208601
0.5085,87.568455,1.4166589e-05,0,2.6131373e-06,5.5456367e-05,5.7705427e-05,5.84026e-05,1.7046251e-05,2.8820812e-07,2.7695018e-07,7.4743347
0.509,87.568379,1.4415526e-05,0,2.0747082e-06,4.3326998e-05,4.5141521e-05,4.5701142e-05,1.1105191e-05,1.4884399e-07,1.3885344e-07,7.4279536
0.5095,87.568302,1.4636303e-05,0,1.5630765e-06,3.2050366e-05,3.3441449e-05,3.3867667e-05,6.54105e-06,6.0482643e-08,5.3157131e-08,7.381717
0.51,87.568226,1.4825982e-05,0,1.0978123e-06,2.2013775e-05,2.3010671e-05,2.3313424e-05,3.2714411e-06,1.4102549e-08,1.0165933e-08,7.3356246
0.5105,87.56815,1.4981985e-05,0,6.9701606e-07,1.3562723e-05,1.4211991e-05,1.440669e-05,1.1868463e-06,8.0820317e-10,4.0906785e-10,7.2896766
0.511,87.568073,1.5102148e-05,0,3.7651777e-07,6.9864415e-06,7.3501671e-06,7.4570963e-06,1.629169e-07,1.2462692e-08,1.5301433e-08,7.243873
0.5115,87.567997,1.5184768e-05,0,1.4913043e-07,2.5056023e-06,2.6587833e-06,2.7022276e-06,7.0925164e-08,4.2106517e-08,4.7572081e-08,7.1982137
0.512,87.567921,1.522864e-05,0,2.400092e-08,2.6283259e-07,2.9005826e-07,2.9721527e-07,7.8600003e-07,8.4175976e-08,9.1476618e-08,7.1526988
0.5125,87.567844,1.5233077e-05,0,6.1046101e-09,3.1654949e-07,3.0815715e-07,3.078873e-07,2.1930164e-06,1.3455256e-07,1.4282956e-07,7.1073282
0.513,87.567768,1.5197931e-05,0,9.5927515e-08,2.6384401e-06,2.6863589e-06,2.7078455e-06,4.1902044e-06,1.9048468e-07,1.9890296e-07,7.062102
0.5135,87.567692,1.5123587e-05,0,2.8937057e-07,7.1147275e-06,7.3082374e-06,7.3796301e-06,6.6906863e-06,2.5042491e-07,2.5823911e-07,7.0170201
0.514,87.567616,1.501096e-05,0,5.7789521e-07,1.355116e-05,1.3972797e-05,1.4119912e-05,9.6222333e-06,3.1382172e-07,3.204198e-07,6.9720826
0.5145,87.56754,1.4861473e-05,0,9.4891054e-07,2.1681463e-05,2.2403288e-05,2.264844e-05,1.292558e-05,3.8089555e-07,3.8582452e-07,6.9272895
0.515,87.567464,1.4677028e-05,0,1.3863818e-06,3.117882e-05,3.2259251e-05,3.2620263e-05,1.6551638e-05,4.524189e-07,4.5539793e-07,6.8826407
0.5155,87.567388,1.4459969e-05,0,1.8716216e-06,4.1669793e-05,4.3151148e-05,4.364061e-05,2.0457943e-05,5.2950948e-07,5.3043537e-07,6.8381362
0.516,87.567312,1.4213033e-05,0,2.3842116e-06,5.274998e-05,5.4656849e-05,5.5281644e-05,2.4604639e-05,6.1343721e-07,6.1238602e-07,6.7937761
0.5165,87.567236,1.3939303e-05,0,2.9029919e-06,6.4000636e-05,6.6339153e-05,6.7100264e-05,2.8950304e-05,7.0544093e-07,7.0266768e-07,6.7495604
0.517,87.56716,1.3642141e-05,0,3.4070562e-06,7.5005465e-05,7.7763474e-05,7.8656092e-05,3.344789e-05,8.0654908e-07,8.0248549e-07,6.705489
0.5175,87.567084,1.3325136e-05,0,3.8766917e-06,8.5366798e-05,8.851488e-05,8.9528778e-05,3.8041066e-05,9.1740056e-07,9.1264924e-07,6.661562
0.518,87.567008,1.2992033e-05,0,4.2942126e-06,9.4720441e-05,9.821372e-05,9.9333866e-05,4.2661249e-05,1.0380667e-06,1.0333889e-06,6.6177793
0.5185,87.566932,1.2646668e-05,0,4.6446474e-06,0.00010274858,0.00010652917,0.00010773655,4.7225592e-05,1.1678808e-06,1.1641752e-06,6.574141
0.519,87.566856,1.229291e-05,0,4.9162542e-06,0.00010919028,0.0001131902,0.00011446277,5.1636212e-05,1.305289e-06,1.3035576e-06,6.530647
0.5195,87.56678,1.1934591e-05,0,5.1008494e-06,0.00011384911,0.00011799357,0.00011930732,5.5780875e-05,1.4477391e-06,1.4490403e-06,6.4872974
0.52,87.566705,1.1575455e-05,0,5.1939499e-06,0.00011659798,0.00012080872,0.00012213874,5.95353e-05,1.591629e-06,1.5970172e-06,6.4440921
0.5205,87.566629,1.1219099e-05,0,5.1947376e-06,0.0001173808,0.00012157946,0.00012290101,6.2767155e-05,1.7323342e-06,1.7427879e-06,6.4010312
0.521,87.566553,1.0868932e-05,0,5.1058652e-06,0.00011621139,0.0001203226,0.00012161209,6.5341685e-05,1.8643301e-06,1.8806739e-06,6.3581147
0.5215,87.566477,1.0528128e-05,0,4.9331259e-06,0.00011316971,0.0001171239,0.00011835975,6.712877e-05,1.9814182e-06,2.0042442e-06,6.3153425
0.522,87.566402,1.01996e-05,0,4.6850161e-06,0.00010839582,0.00011213153,0.00011329486,6.8011053e-05,2.077055e-06,2.1066506e-06,6.2727146
0.5225,87.566326,9.885969e-06,0,4.3722224e-06,0.0001020819,0.00010554763,0.00010662284,6.7892665e-05,2.14477e-06,2.1810616e-06,6.2302311
0.523,87.56625,9.5895501e-06,0,4.0070619e-06,9.446303e-05,9.761845e-05,9.8593533e-05,6.6707898e-05,2.1786491e-06,2.2211675e-06,6.187892
0.5235,87.566175,9.3123423e-06,0,3.6029074e-06,8.5806885e-05,8.8623553e-05,8.9490305e-05,6.4429171e-05,2.1738478e-06,2.2217229e-06,6.1456972
0.524,87.566099,9.0560261e-06,0,3.1736244e-06,7.6403111e-05,7.8864609e-05,7.9618624e-05,6.1073552e-05,2.1270917e-06,2.1790788e-06,6.1036468
0.5245,87.566024,8.8219682e-06,0,2.7330435e-06,6.655266e-05,6.8654261e-05,6.9294795e-05,5.6707168e-05,2.0371165e-06,2.0916565e-06,6.0617407
0.525,87.565948,8.6112325e-06,0,2.294488e-06,5.6557541e-05,5.8305461e-05,5.8835166e-05,5.1446938e-05,1.9050016e-06,1.9603122e-06,6.019979
0.5255,87.565873,8.4245955e-06,0,1.8703712e-06,4.6711303e-05,4.8121622e-05,4.8546173e-05,4.5459226e-05,1.734357e-06,1.7885491e-06,5.9783616
0.526,87.565797,8.2625674e-06,0,1.471871e-06,3.7290511e-05,3.8387846e-05,3.871551e-05,3.8955211e-05,1.5313329e-06,1.5825439e-06,5.9368886
0.5265,87.565722,8.1254151e-06,0,1.1086869e-06,2.8547401e-05,2.9363428e-05,2.9604588e-05,3.2183044e-05,1.3044359e-06,1.3509687e-06,5.89556
0.527,87.565647,8.0131884e-06,0,7.8887724e-07,2.0703835e-05,2.127574e-05,2.1442397e-05,2.5417097e-05,1.0641526e-06,1.104609e-06,5.8543757
0.5275,87.565571,7.9257466e-06,0,5.1877094e-07,1.3946593e-05,1.4315527e-05,1.4420817e-05,1.8944849e-05,8.2239818e-07,8.5579442e-07,5.8133357
0.528,87.565496,7.8627867e-06,0,3.0294581e-07,8.424023e-06,8.6336158e-06,8.6913486e-06,1.3052199e-05,5.9182627e-07,6.1767945e-07,5.7724401
0.5285,87.565421,7.8238694e-06,0,1.4426226e-07,4.2439644e-06,4.338958e-06,4.3631953e-06,8.008103e-06,3.8504708e-07,4.0342495e-07,5.7316889
0.529,87.565345,7.8084444e-06,0,4.3940794e-08,1.4728922e-06,1.4979084e-06,1.5025916e-06,4.049558e-06,2.1381358e-07,2.2534183e-07,5.691082
0.5295,87.56527,7.8158735e-06,0,1.6717545e-09,1.3615141e-07,1.3462448e-07,1.332535e-07,1.3679468e-06,8.8238218e-08,9.4064082e-08,5.6506195
0.53,87.565195,7.845451e-06,0,1.5746489e-08,2.1917088e-07,2.3244465e-07,2.3780988e-07,9.7685036e-08,1.6102142e-08,1.7816773e-08,5.6103013
0.5305,87.56512,7.8964196e-06,0,8.3200805e-08,1.6695283e-06,1.7361129e-06,1.7600775e-06,3.079657e-07,2.3117857e-09,1.8375907e-09,5.5701275
0.531,87.565045,7.9679848e-06,0,1.9996343e-07,4.3997443e-06,4.5547189e-06,4.6080453e-06,1.9981855e-06,4.8546022e-08,4.7998247e-08,5.530098
0.5315,87.56497,8.0593231e-06,0,3.6100438e-07,8.290691e-06,8.5652334e-06,8.6574483e-06,5.0973776e-06,1.5312129e-07,1.546553e-07,5.4902129
0.532,87.564895,8.1695889e-06,0,5.6048019e-07,1.3195512e-05,1.3616533e-05,1.3755822e-05,9.467695e-06,3.1108433e-07,3.1674109e-07,5.4504721
0.5325,87.56482,8.2979153e-06,0,7.9187487e-07,1.894396e-05,1.9533821e-05,1.9726951e-05,1.4911705e-05,5.1452357e-07,5.2608579e-07,5.4108757
0.533,87.564745,8.4434138e-06,0,1.048137e-06,2.5347071e-05,2.6123369e-05,2.637562e-05,2.1182997e-05,7.5307323e-07,7.7194323e-07,5.3714236
0.5335,87.56467,8.6051692e-06,0,1.3218146e-06,3.2202105e-05,3.3177503e-05,3.3492625e-05,2.7999385e-05,1.0145692e-06,1.0416776e-06,5.3321159
0.534,87.564595,8.7822333e-06,0,1.6051898e-06,3.9297678e-05,4.0479783e-05,4.0859953e-05,3.5057825e-05,1.2858056e-06,1.3215569e-06,5.2929526
0.5345,87.56452,8.9736157e-06,0,1.8904163e-06,4.6419021e-05,4.7810298e-05,4.8256095e-05,4.2050094e-05,1.5533345e-06,1.5975923e-06,5.2539336
0.535,87.564445,9.1782746e-06,0,2.1696612e-06,5.3353303e-05,5.4951032e-05,5.5461424e-05,4.8678231e-05,1.8042515e-06,1.8563622e-06,5.215059
0.5355,87.56437,9.3951057e-06,0,2.4352537e-06,5.9894929e-05,6.1691217e-05,6.226356e-05,5.466883e-05,2.0269114e-06,2.0857639e-06,5.1763287
0.536,87.564295,9.6229321e-06,0,2.6798404e-06,6.585073e-05,6.7832592e-05,6.8462654e-05,5.9785384e-05,2.2115298e-06,2.2756435e-06,5.1377428
0.5365,87.56422,9.8604948e-06,0,2.8965475e-06,7.1044958e-05,7.319448e-05,7.3876493e-05,6.3838026e-05,2.3506346e-06,2.4182681e-06,5.0993012
0.537,87.564145,1.0106445e-05,0,3.0791475e-06,7.5323964e-05,7.7618571e-05,7.8345312e-05,6.6690276e-05,2.4393471e-06,2.5086179e-06,5.061004
0.5375,87.56407,1.0359338e-05,0,3.2222272e-06,7.8560445e-05,8.0973291e-05,8.1736205e-05,6.8262564e-05,2.4754846e-06,2.5444905e-06,5.0228511
0.538,87.563995,1.0617628e-05,0,3.3213514e-06,8.0657141e-05,8.3157631e-05,8.3947e-05,6.8532566e-05,2.459493e-06,2.526426e-06,4.9848426
0.5385,87.56392,1.0879673e-05,0,3.3732169e-06,8.1549844e-05,8.4104299e-05,8.4909449e-05,6.7532575e-05,2.3942255e-06,2.457471e-06,4.9469784
0.539,87.563845,1.1143732e-05,0,3.3757896e-06,8.1209602e-05,8.3782066e-05,8.4591628e-05,6.5344289e-05,2.2845981e-06,2.3428126e-06,4.9092586
0.5395,87.563771,1.1407974e-05,0,3.3284159e-06,7.9644004e-05,8.2197182e-05,8.299939e-05,6.2091566e-05,2.1371547e-06,2.1893195e-06,4.8716832
0.54,87.563696,1.1670489e-05,0,3.2319014e-06,7.6897442e-05,7.9393758e-05,8.0176787e-05,5.793171e-05,1.9595805e-06,2.005029e-06,4.8342521
0.5405,87.563621,1.1929299e-05,0,3.0885488e-06,7.3050288e-05,7.5453031e-05,7.620536e-05,5.3045958e-05,1.7602003e-06,1.7986206e-06,4.7969654
0.541,87.563546,1.2182379e-05,0,2.902149e-06,6.8216952e-05,7.0491469e-05,7.120226e-05,4.7629757e-05,1.5474972e-06,1.5789109e-06,4.759823
0.5415,87.563472,1.2427673e-05,0,2.6779195e-06,6.2542808e-05,6.4657704e-05,6.5317186e-05,4.1883391e-05,1.329679e-06,1.3544024e-06,4.7228249
0.542,87.563397,1.2663119e-05,0,2.4223887e-06,5.6200041e-05,5.812834e-05,5.8728173e-05,3.600344e-05,1.1143157e-06,1.1329067e-06,4.6859713
0.5425,87.563322,1.2886675e-05,0,2.1432248e-06,4.9382509e-05,5.1102716e-05,5.1636324e-05,3.0175412e-05,9.0806176e-07,9.2125822e-07,4.6492619
0.543,87.563248,1.309634e-05,0,1.8490121e-06,4.2299748e-05,4.379676e-05,4.4259618e-05,2.4567788e-05,7.1646782e-07,7.2512316e-07,4.612697
0.5435,87.563173,1.3290192e-05,0,1.5489817e-06,3.5170304e-05,3.6436125e-05,3.6825977e-05,1.9327612e-05,5.4388265e-07,5.489033e-07,4.5762764
0.544,87.563098,1.3466405e-05,0,1.2527027e-06,2.8214608e-05,2.9248822e-05,2.9565822e-05,1.4577603e-05,3.9343629e-07,3.9572499e-07,4.5400001
0.5445,87.563024,1.3623285e-05,0,9.6974818e-07,2.1647642e-05,2.2457606e-05,2.2704371e-05,1.0414725e-05,2.6709289e-07,2.67501e-07,4.5038682
0.545,87.562949,1.375929e-05,0,7.0934671e-07,1.5671666e-05,1.6272405e-05,1.6453971e-05,6.9100424e-06,1.6575785e-07,1.6504858e-07,4.4678806
0.5455,87.562875,1.3873064e-05,0,4.8003607e-07,1.046928e-05,1.0883077e-05,1.1006757e-05,4.1096297e-06,8.9422767e-08,8.8246165e-08,4.4320374
0.546,87.5628,1.396345e-05,0,2.8933386e-07,6.1970963e-06,6.4527826e-06,6.5279303e-06,2.0363178e-06,3.733167e-08,3.6211279e-08,4.3963386
0.5465,87.562726,1.4029518e-05,0,1.4344082e-07,2.9802795e-06,3.1122418e-06,3.1499264e-06,6.9200352e-07,8.1536531e-09,7.4837666e-09,4.3607841
0.547,87.562651,1.4070578e-05,0,4.6991152e-08,9.0817771e-07,9.5512716e-07,9.6773352e-07,6.0293394e-08,1.4904871e-10,2.0108933e-10,4.325374
0.5475,87.562577,1.4086195e-05,0,2.862413e-09,3.1231442e-08,3.477825e-08,3.554699e-08,1.0926633e-07,1.1319302e-08,1.2255335e-08,4.2901082
0.548,87.562503,1.4076196e-05,0,1.2054619e-08,3.5929402e-07,3.6238832e-07,3.6491651e-07,7.9417875e-07,3.9533657e-08,4.1424948e-08,4.2549868
0.5485,87.562428,1.4040678e-05,0,7.3645265e-08,1.8614382e-06,1.9067451e-06,1.9244686e-06,2.0599782e-06,8.262876e-08,8.547729e-08,4.2200097
0.549,87.562354,1.3980005e-05,0,1.8482298e-07,4.4672622e-06,4.5955417e-06,4.6412222e-06,3.8435362e-06,1.3847994e-07,1.4224094e-07,4.185177
0.5495,87.562279,1.389481e-05,0,3.4099878e-07,8.0696432e-06,8.3182063e-06,8.4034461e-06,6.0755543e-06,2.0504515e-07,2.0964899e-07,4.1504886
0.55,87.562205,1.378598e-05,0,5.3599008e-07,1.2528826e-05,1.2930136e-05,1.3064941e-05,8.6821359e-06,2.8038426e-07,2.8575632e-07,4.1159446
0.5505,87.562131,1.3654648e-05,0,7.6226887e-07,1.767768e-05,1.8258154e-05,1.8450565e-05,1.1586052e-05,3.6265772e-07,3.6873515e-07,4.0815449
0.551,87.562056,1.3502179e-05,0,1.0112626e-06,2.3327899e-05,2.4106972e-05,2.436278e-05,1.4707754e-05,4.5010924e-07,4.5685395e-07,4.0472896
0.5515,87.561982,1.3330145e-05,0,1.2736937e-06,2.9276903e-05,3.0266376e-05,3.0588931e-05,1.79662e-05,5.4103778e-07,5.4844505e-07,4.0131787
0.552,87.561908,1.3140309e-05,0,1.5399422e-06,3.531515e-05,3.6518861e-05,3.6908981e-05,2.1279591e-05,6.33764e-07,6.4186659e-07,3.9792121
0.5525,87.561834,1.2934596e-05,0,1.8004152e-06,4.1233572e-05,4.2647384e-05,4.310337e-05,2.4566089e-05,7.2659651e-07,7.3546423e-07,3.9453898
0.553,87.561759,1.2715069e-05,0,2.0459065e-06,4.683084e-05,4.8442949e-05,4.8960699e-05,2.7744604e-05,8.1780269e-07,8.2753766e-07,3.9117119
0.5535,87.561685,1.2483899e-05,0,2.2679313e-06,5.1920196e-05,5.3711732e-05,5.4284943e-05,3.0735725e-05,9.0558864e-07,9.163166e-07,3.8781784
0.554,87.561611,1.2243338e-05,0,2.4590227e-06,5.6335582e-05,5.8281467e-05,5.8901927e-05,3.3462841e-05,9.88092e-07,9.9995032e-07,3.8447892
0.5545,87.561537,1.1995689e-05,0,2.6129785e-06,5.9936872e-05,6.2006898e-05,6.2664829e-05,3.585349e-05,1.0633907e-06,1.0765139e-06,3.8115444
0.555,87.561462,1.1743277e-05,0,2.7250498e-06,6.2614029e-05,6.4774092e-05,6.5458555e-05,3.7840933e-05,1.1295295e-06,1.1440331e-06,3.7784439
0.5555,87.561388,1.1488422e-05,0,2.7920662e-06,6.4290075e-05,6.6503517e-05,6.7202839e-05,3.9365935e-05,1.1845655e-06,1.2005296e-06,3.7454878
0.556,87.561314,1.1233413e-05,0,2.8124953e-06,6.49228e-05,6.7151791e-05,6.7854007e-05,4.0378696e-05,1.2266314e-06,1.2440851e-06,3.7126761
0.5565,87.56124,1.0980479e-05,0,2.7864379e-06,6.4505205e-05,6.6712121e-05,6.7405403e-05,4.0840849e-05,1.2540146e-06,1.2729224e-06,3.6800087
0.557,87.561166,1.0731772e-05,0,2.715562e-06,6.3064713e-05,6.5213436e-05,6.5886504e-05,4.0727424e-05,1.2652492e-06,1.2855007e-06,3.6474856
0.5575,87.561091,1.0489344e-05,0,2.6029823e-06,6.0661227e-05,6.2718338e-05,6.3360827e-05,4.0028646e-05,1.2592137e-06,1.2806184e-06,3.6151069
0.558,87.561017,1.0255127e-05,0,2.4530931e-06,5.7384159e-05,5.9319975e-05,5.9922753e-05,3.8751429e-05,1.2352306e-06,1.2575172e-06,3.5828726
0.5585,87.560943,1.0030921e-05,0,2.2713637e-06,5.3348585e-05,5.5138009e-05,5.5693436e-05,3.6920437e-05,1.1931577e-06,1.2159802e-06,3.5507826
0.559,87.560869,9.8183812e-06,0,2.0641078e-06,4.8690693e-05,5.0313864e-05,5.081598e-05,3.4578569e-05,1.1334653e-06,1.1564149e-06,3.5188369
0.5595,87.560795,9.6190082e-06,0,1.8382359e-06,4.3562728e-05,4.500545e-05,4.5450104e-05,3.1786762e-05,1.0572907e-06,1.0799131e-06,3.4870357
0.56,87.560721,9.4341403e-06,0,1.6010018e-06,3.8127616e-05,3.9381578e-05,3.9766477e-05,2.8623035e-05,9.6646222e-07,9.8828085e-07,3.4553787
0.5605,87.560647,9.2649508e-06,0,1.3597537e-06,3.2553472e-05,3.3616251e-05,3.3940954e-05,2.518072e-05,8.6348915e-07,8.8403125e-07,3.4238661
0.561,87.560573,9.1124456e-06,0,1.1216958e-06,2.7008169e-05,2.7883048e-05,2.8148894e-05,2.1565893e-05,7.5151195e-07,7.7033736e-07,3.3924979
0.5615,87.560499,8.9774639e-06,0,8.9367048e-07,2.1654142e-05,2.234975e-05,2.2559735e-05,1.789405e-05,6.3421318e-07,6.5094313e-07,3.3612741
0.562,87.560425,8.8606806e-06,0,6.8196469e-07,1.6643578e-05,1.7173387e-05,1.7331998e-05,1.4286148e-05,5.1569026e-07,5.3003429e-07,3.3301946
0.5625,87.560351,8.7626104e-06,0,4.921461e-07,1.2114117e-05,1.2495817e-05,1.2608827e-05,1.0864133e-05,4.0029482e-07,4.1207382e-07,3.2992594
0.563,87.560277,8.683613e-06,0,3.2893061e-07,8.1851621e-06,8.4399471e-06,8.5141902e-06,7.7461884e-06,2.9244601e-07,3.016095e-07,3.2684686
0.5635,87.560203,8.6238999e-06,0,1.9608326e-07,4.9548871e-06,5.1066822e-06,5.1498025e-06,5.0418925e-06,1.9642761e-07,2.0306373e-07,3.2378221
0.564,87.560129,8.5835413e-06,0,9.6352347e-08,2.4979778e-06,2.5726313e-06,2.5928316e-06,2.8475473e-06,1.1618011e-07,1.2051728e-07,3.20732
0.5645,87.560055,8.5624737e-06,0,3.1435712e-08,8.6414315e-07,8.8861239e-07,8.9439807e-07,1.2419206e-06,5.5100429e-08,5.7500248e-08,3.1769623
0.565,87.559982,8.5605082e-06,0,1.9775689e-09,7.7394969e-08,7.8947e-08,7.8877621e-08,2.8263252e-07,1.5861468e-08,1.6803058e-08,3.1467489
0.5655,87.559908,8.5773376e-06,0,7.5933085e-09,1.3608086e-07,1.4152843e-07,1.4398099e-07,3.3937502e-09,2.6336521e-10,3.1988389e-10,3.1166799
0.566,87.559834,8.6125445e-06,0,4.6919535e-08,1.0136342e-06,1.0486232e-06,1.0615727e-06,4.1225921e-07,9.1261414e-09,8.9349459e-09,3.0867552
0.5665,87.55976,8.6656081e-06,0,1.1768624e-07,2.6599915e-06,2.7483527e-06,2.7791737e-06,1.4910079e-06,4.2231295e-08,4.2459581e-08,3.0569749
0.567,87.559686,8.7359114e-06,0,2.1680796e-07,5.003613e-06,5.1667889e-06,5.2220808e-06,3.1956988e-06,9.8316676e-08,9.9624813e-08,3.0273389
0.5675,87.559612,8.8227468e-06,0,3.4049072e-07,7.9540337e-06,8.2105877e-06,8.296026e-06,5.4583885e-06,1.7512565e-07,1.781306e-07,2.9978473
0.568,87.559539,8.925322e-06,0,4.843518e-07,1.1404862e-05,1.1770075e-05,1.189029e-05,8.1899302e-06,2.695081e-07,2.7474924e-07,2.9685
0.5685,87.559465,9.042765e-06,0,6.4354919e-07,1.5237136e-05,1.5722695e-05,1.5881181e-05,1.1283718e-05,3.7756744e-07,3.8547711e-07,2.9392971
0.569,87.559391,9.1741287e-06,0,8.1291811e-07,1.9322952e-05,1.9936733e-05,2.0135781e-05,1.4620185e-05,4.9484518e-07,5.0572553e-07,2.9102386
0.5695,87.559317,9.3183948e-06,0,9.8711164e-07,2.3529258e-05,2.4275201e-05,2.4515867e-05,1.8071827e-05,6.1653194e-07,6.3053972e-07,2.8813244
0.57,87.559243,9.4744779e-06,0,1.1607431e-06,2.7721726e-05,2.8599805e-05,2.8881905e-05,2.1508502e-05,7.376929e-07,7.5483278e-07,2.8525545
0.5705,87.55917,9.6412292e-06,0,1.328527e-06,3.1768597e-05,3.2774888e-05,3.3097022e-05,2.4802743e-05,8.5349463e-07,8.7362133e-07,2.823929
0.571,87.559096,9.8174402e-06,0,1.4854172e-06,3.5544414e-05,3.6671249e-05,3.7030853e-05,2.7834824e-05,9.5942078e-07,9.8224955e-07,2.7954479
0.5715,87.559022,1.0001846e-05,0,1.6267374e-06,3.8933536e-05,4.016975e-05,4.0563175e-05,3.0497356e-05,1.0514653e-06,1.0765898e-06,2.7671111
0.572,87.558949,1.0193132e-05,0,1.7483041e-06,4.1833358e-05,4.3164619e-05,4.3587239e-05,3.2699196e-05,1.1262933e-06,1.1532096e-06,2.7389187
0.5725,87.558875,1.0389934e-05,0,1.846537e-06,4.4157143e-05,4.5566362e-05,4.6012703e-05,3.4368534e-05,1.1813632e-06,1.2094978e-06,2.7108706
0.573,87.558801,1.0590848e-05,0,1.9185548e-06,4.5836397e-05,4.7304212e-05,4.7768109e-05,3.5455035e-05,1.2150039e-06,1.2437445e-06,2.6829669
0.5735,87.558727,1.0794435e-05,0,1.9622553e-06,4.6822726e-05,4.8328045e-05,4.8802812e-05,3.5930984e-05,1.2264478e-06,1.2551743e-06,2.6552075
0.574,87.558654,1.0999226e-05,0,1.9763741e-06,4.7089109e-05,4.860971e-05,4.9088329e-05,3.5791453e-05,1.2158186e-06,1.2439324e-06,2.6275925
0.5745,87.55858,1.1203732e-05,0,1.9605233e-06,4.663056e-05,4.8143724e-05,4.8619047e-05,3.5053511e-05,1.1840787e-06,1.2110295e-06,2.6001219
0.575,87.558506,1.1406453e-05,0,1.9152056e-06,4.5464149e-05,4.6947319e-05,4.7412276e-05,3.3754605e-05,1.1329416e-06,1.1582493e-06,2.5727956
0.5755,87.558433,1.1605887e-05,0,1.8418042e-06,4.362837e-05,4.5059818e-05,4.5507622e-05,3.1950202e-05,1.0647564e-06,1.0880281e-06,2.5456136
0.576,87.558359,1.1800537e-05,0,1.7425462e-06,4.118188e-05,4.2541356e-05,4.2965711e-05,2.9710882e-05,9.8237236e-07,1.0033134e-06,2.518576
0.5765,87.558286,1.1988929e-05,0,1.6204417e-06,3.8201625e-05,3.9470974e-05,3.9866267e-05,2.7119024e-05,8.8899319e-07,9.0741217e-07,2.4916828
0.577,87.558212,1.2169618e-05,0,1.4791969e-06,3.4780408e-05,3.5944139e-05,3.6305615e-05,2.4265267e-05,7.8802745e-07,8.0383588e-07,2.4649339
0.5775,87.558138,1.2341207e-05,0,1.3231053e-06,3.1023971e-05,3.2069747e-05,3.2393661e-05,2.1244906e-05,6.8294419e-07,6.9615097e-07,2.4383293
0.578,87.558065,1.2502351e-05,0,1.156918e-06,2.7047665e-05,2.7966705e-05,2.8250447e-05,1.8154383e-05,5.7713953e-07,5.8784131e-07,2.4118692
0.5785,87.557991,1.2651777e-05,0,9.856973e-07,2.2972813e-05,2.3760189e-05,2.4002372e-05,1.5087995e-05,4.7381947e-07,4.8218785e-07,2.3855533
0.579,87.557918,1.2788297e-05,0,8.1465793e-07,1.8922887e-05,1.9577697e-05,1.9778209e-05,1.2134938e-05,3.7590236e-07,3.8216907e-07,2.3593819
0.5795,87.557844,1.2910815e-05,0,6.4900081e-07,1.5019598e-05,1.5545016e-05,1.5705025e-05,9.3767475e-06,2.8594317e-07,2.9038421e-07,2.3333548
0.58,87.557771,1.3018344e-05,0,4.9374488e-07,1.1379052e-05,1.1782237e-05,1.1904164e-05,6.8852144e-06,2.0608002e-07,2.0899985e-07,2.307472
0.5805,87.557697,1.3110018e-05,0,3.5356278e-07,8.1080775e-06,8.3999502e-06,8.4873901e-06,4.7207769e-06,1.3800227e-07,1.3971891e-07,2.2817336
0.581,87.557624,1.3185098e-05,0,2.3262643e-07,5.300858e-06,5.4957525e-06,5.5533593e-06,2.9314073e-06,8.2938555e-08,8.377024e-08,2.2561395
0.5815,87.55755,1.3242985e-05,0,1.3446813e-07,3.0359811e-06,3.1511728e-06,3.1845063e-06,1.5519676e-06,4.1662012e-08,4.1915906e-08,2.2306898
0.582,87.557477,1.3283226e-05,0,6.1862524e-08,1.3740053e-06,1.4291363e-06,1.4444768e-06,6.0400233e-07,1.4509883e-08,1.4473174e-08,2.2053845
0.5825,87.557403,1.3305523e-05,0,1.6734104e-08,3.5562782e-07,3.7204822e-07,3.761851e-07,9.5923482e-08,1.4141861e-09,1.3476202e-09,2.1802235
0.583,87.55733,1.3309732e-05,0,9.3839935e-11,5.1769567e-10,5.6496113e-10,5.6681973e-10,2.353314e-08,1.9402867e-09,2.0740766e-09,2.1552069
0.5835,87.557256,1.3295871e-05,0,1.2007704e-08,3.0685272e-07,3.130956e-07,3.1607051e-07,3.7083028e-07,1.5330412e-08,1.5862289e-08,2.1303346
0.584,87.557183,1.3264121e-05,0,5.1598389e-08,1.2515758e-06,1.2860504e-06,1.2989046e-06,1.1110457e-06,4.0549527e-08,4.1644618e-08,2.1056066
0.5845,87.557109,1.3214819e-05,0,1.1708033e-07,2.7913588e-06,2.8748249e-06,2.9040294e-06,2.207854e-06,7.6331494e-08,7.8123609e-08,2.0810231
0.585,87.557036,1.3148462e-05,0,2.0582676e-07,4.8642375e-06,5.0154827e-06,5.0668557e-06,3.6167157e-06,1.2122395e-07,1.2381787e-07,2.0565838
0.5855,87.556963,1.3065698e-05,0,3.1446627e-07,7.3918555e-06,7.6270728e-06,7.7055873e-06,5.28631e-06,1.736309e-07,1.7710521e-07,2.032289
0.586,87.556889,1.2967321e-05,0,4.3900512e-07,1.0282236e-05,1.0614498e-05,1.0724119e-05,7.1600241e-06,2.3185249e-07,2.3626258e-07,2.0081385
0.5865,87.556816,1.2854261e-05,0,5.7497053e-07,1.3432976e-05,1.3871823e-05,1.4015387e-05,9.1774733e-06,2.9412188e-07,2.995028e-07,1.9841323
0.587,87.556742,1.2727574e-05,0,7.1756946e-07,1.6734755e-05,1.7285914e-05,1.7465042e-05,1.1276028e-05,3.5863954e-07,3.6500836e-07,1.9602705
0.5875,87.556669,1.2588433e-05,0,8.6185667e-07,2.0075021e-05,2.0740262e-05,2.0955321e-05,1.3392331e-05,4.2360532e-07,4.309629e-07,1.9365531
0.588,87.556596,1.2438112e-05,0,1.0029057e-06,2.3341732e-05,2.4118866e-05,2.4368979e-05,1.5463794e-05,4.8724913e-07,4.9558119e-07,1.91298
0.5885,87.556522,1.2277974e-05,0,1.1359765e-06,2.6427024e-05,2.7310037e-05,2.7593129e-05,1.743005e-05,5.4786066e-07,5.5713811e-07,1.8895512
0.589,87.556449,1.2109455e-05,0,1.256673e-06,2.9230665e-05,3.0209991e-05,3.0522881e-05,1.9234357e-05,6.0381889e-07,6.1399755e-07,1.8662668
0.5895,87.556376,1.1934052e-05,0,1.361086e-06,3.1663206e-05,3.2726109e-05,3.3064639e-05,2.0824933e-05,6.5362164e-07,6.6464152e-07,1.8431268
0.59,87.556302,1.1753302e-05,0,1.4459154e-06,3.3648696e-05,3.4779763e-05,3.5138957e-05,2.2156196e-05,6.9591532e-07,7.0769963e-07,1.8201311
0.5905,87.556229,1.1568772e-05,0,1.5085686e-06,3.5126906e-05,3.6308617e-05,3.6682862e-05,2.3189907e-05,7.2952482e-07,7.4197903e-07,1.7972798
0.591,87.556156,1.1382039e-05,0,1.5472317e-06,3.605498e-05,3.7268337e-05,3.7651589e-05,2.389616e-05,7.5348293e-07,7.6649408e-07,1.7745728
0.5915,87.556082,1.1194676e-05,0,1.5609124e-06,3.6408473e-05,3.7633666e-05,3.8019657e-05,2.4254224e-05,7.6705847e-07,7.8049511e-07,1.7520102
0.592,87.556009,1.1008239e-05,0,1.5494527e-06,3.6181767e-05,3.7398848e-05,3.7781302e-05,2.4253179e-05,7.6978217e-07,7.8349511e-07,1.7295919
0.5925,87.555936,1.082425e-05,0,1.5135139e-06,3.5387853e-05,3.6577397e-05,3.6950234e-05,2.3892337e-05,7.6146876e-07,7.7529284e-07,1.707318
0.593,87.555862,1.0644184e-05,0,1.454533e-06,3.4057517e-05,3.5201244e-05,3.5558778e-05,2.3181407e-05,7.4223393e-07,7.5599093e-07,1.6851885
0.5935,87.555789,1.0469462e-05,0,1.3746555e-06,3.2237962e-05,3.3319306e-05,3.3656416e-05,2.2140384e-05,7.1250444e-07,7.2600727e-07,1.6632033
0.594,87.555716,1.0301429e-05,0,1.2766465e-06,2.9990939e-05,3.0995539e-05,3.1307825e-05,2.0799147e-05,6.7302006e-07,6.8607802e-07,1.6413624
0.5945,87.555643,1.0141355e-05,0,1.1637835e-06,2.7390456e-05,2.8306563e-05,2.8590464e-05,1.9196753e-05,6.248258e-07,6.3725097e-07,1.6196659
0.595,87.555569,9.9904185e-06,0,1.0397372e-06,2.4520157e-05,2.5338935e-05,2.559182e-05,1.7380428e-05,5.6925376e-07,5.8086808e-07,1.5981138
0.5955,87.555496,9.8497034e-06,0,9.0844256e-07,2.1470455e-05,2.2186186e-05,2.2406416e-05,1.5404267e-05,5.078937e-07,5.1853655e-07,1.576706
0.596,87.555423,9.7201896e-06,0,7.7396667e-07,1.8335542e-05,1.8945719e-05,1.9132666e-05,1.3327672e-05,4.4255255e-07,4.5208837e-07,1.5554426
0.5965,87.55535,9.6027494e-06,0,6.4037665e-07,1.5210344e-05,1.5715658e-05,1.58697e-05,1.1213567e-05,3.7520338e-07,3.8352894e-07,1.5343235
0.597,87.555277,9.4981431e-06,0,5.1161232e-07,1.2187544e-05,1.2591776e-05,1.2714253e-05,9.1264274e-06,3.0792503e-07,3.1497576e-07,1.5133488
0.5975,87.555203,9.4070161e-06,0,3.9136746e-07,9.3547532e-06,9.6645683e-06,9.7577169e-06,7.1302112e-06,2.4283414e-07,2.4858931e-07,1.4925184
0.598,87.55513,9.3298978e-06,0,2.8298291e-07,6.7919152e-06,7.0165759e-06,7.0834318e-06,5.2862382e-06,1.8201224e-07,1.8649835e-07,1.4718324
0.5985,87.555057,9.2672e-06,0,1.8935425e-07,4.5690115e-06,4.7200218e-06,4.7643065e-06,3.6511114e-06,1.2743048e-07,1.3072266e-07,1.4512907
0.599,87.554984,9.2192181e-06,0,1.1285627e-07,2.744137e-06,2.8348304e-06,2.8608184e-06,2.2747539e-06,8.0875423e-08,8.3096632e-08,1.4308934
0.5995,87.554911,9.1861315e-06,0,5.5285712e-08,1.3619862e-06,1.4070719e-06,1.4194467e-06,1.1986431e-06,4.3879157e-08,4.5197041e-08,1.4106405
0.6,87.554838,9.1680057e-06,0,1.7823131e-08,4.5278454e-07,4.678684e-07,4.7157057e-07,4.5431615e-07,1.765715e-08,1.8278619e-08,1.3905319
0.6005,87.554764,9.1647951e-06,0,1.014304e-09,3.1684074e-08,3.2777945e-08,3.285095e-08,6.2214042e-08,3.0569479e-09,3.2206658e-09,1.3705677
0.601,87.554691,9.1763458e-06,0,4.7707465e-09,9.862747e-08,1.0166221e-07,1.031001e-07,3.0915293e-08,5.2044748e-10,4.8752658e-10,1.3507478
0.6015,87.554618,9.2023994e-06,0,2.8388665e-08,6.3867078e-07,6.5902656e-07,6.666277e-07,3.5679947e-07,1.0061885e-08,1.0105231e-08,1.3310722
0.602,87.554545,9.2425968e-06,0,7.0585074e-08,1.6227435e-06,1.6748098e-06,1.6930405e-06,1.0241593e-06,3.1262941e-08,3.1655763e-08,1.3115411
0.6025,87.554472,9.2964832e-06,0,1.2954946e-07,3.0088118e-06,3.1055883e-06,3.1384602e-06,2.0057628e-06,6.3285552e-08,6.4289616e-08,1.2921542
0.603,87.554399,9.3635123e-06,0,2.0300908e-07,4.7434019e-06,4.8961499e-06,4.9471127e-06,3.2638455e-06,1.0490211e-07,1.0675635e-07,1.2729118
0.6035,87.554326,9.4430517e-06,0,2.8830562e-07,6.7634295e-06,6.9813817e-06,7.0532355e-06,4.7514966e-06,1.5454191e-07,1.5745198e-07,1.2538136
0.604,87.554253,9.5343883e-06,0,3.8248096e-07,8.9982775e-06,9.2884119e-06,9.3832397e-06,6.4143824e-06,2.1035176e-07,2.1448107e-07,1.2348599
0.6045,87.55418,9.6367336e-06,0,4.8236936e-07,1.1372055e-05,1.1738939e-05,1.185806e-05,8.1927368e-06,2.702682e-07,2.7573091e-07,1.2160505
0.605,87.554106,9.7492293e-06,0,5.8469359e-07,1.3805973e-05,1.4251675e-05,1.4395623e-05,1.0023539e-05,3.3209782e-07,3.3895412e-07,1.1973854
0.6055,87.554033,9.870954e-06,0,6.8616236e-07,1.6220758e-05,1.6744837e-05,1.6913358e-05,1.184279e-05,3.9360229e-07,4.018562e-07,1.1788647
0.606,87.55396,1.0000929e-05,0,7.8356636e-07,1.8539045e-05,1.9138608e-05,1.9330681e-05,1.3587789e-05,4.5258407e-07,4.6218379e-07,1.1604884
0.6065,87.553887,1.0138123e-05,0,8.7387055e-07,2.0687678e-05,2.1357502e-05,2.1571384e-05,1.5199334e-05,5.0696899e-07,5.1780984e-07,1.1422564
0.607,87.553814,1.0281464e-05,0,9.5430013e-07,2.2599841e-05,2.3332568e-05,2.3565851e-05,1.6623745e-05,5.5488232e-07,5.6681194e-07,1.1241687
0.6075,87.553741,1.0429839e-05,0,1.0224182e-06,2.4216983e-05,2.5003364e-05,2.5253062e-05,1.7814643e-05,5.9471497e-07,6.0754052e-07,1.1062254
0.608,87.553668,1.0582106e-05,0,1.0761927e-06,2.5490461e-05,2.6319658e-05,2.6582299e-05,1.8734423e-05,6.2517729e-07,6.3867428e-07,1.0884265
0.6085,87.553595,1.07371e-05,0,1.1140516e-06,2.6382878e-05,2.7242804e-05,2.7514538e-05,1.935536e-05,6.4533865e-07,6.5926082e-07,1.0707719
0.609,87.553522,1.089364e-05,0,1.1349238e-06,2.6869062e-05,2.7746754e-05,2.8023476e-05,1.9660341e-05,6.5465152e-07,6.687413e-07,1.0532617
0.6095,87.553449,1.1050539e-05,0,1.1382658e-06,2.6936668e-05,2.7818686e-05,2.8096157e-05,1.9643175e-05,6.529597e-07,6.6695879e-07,1.0358959
0.61,87.553376,1.1206609e-05,0,1.1240729e-06,2.6586394e-05,2.7459228e-05,2.7733205e-05,1.9308514e-05,6.4049118e-07,6.5415056e-07,1.0186743
0.6105,87.553303,1.136067e-05,0,1.0928741e-06,2.5831798e-05,2.6682273e-05,2.6948637e-05,1.8671388e-05,6.1783645e-07,6.3092564e-07,1.0015972
0.611,87.55323,1.1511559e-05,0,1.0457117e-06,2.4698728e-05,2.5514402e-05,2.576928e-05,1.7756392e-05,5.859141e-07,5.9822909e-07,0.98466438
0.6115,87.553157,1.1658139e-05,0,9.8410567e-07,2.3224385e-05,2.3993922e-05,2.4233804e-05,1.6596563e-05,5.4592576e-07,5.572954e-07,0.96787592
0.612,87.553084,1.1799306e-05,0,9.1000395e-07,2.1456055e-05,2.2169556e-05,2.23914e-05,1.5232016e-05,4.9930274e-07,5.0959343e-07,0.95123183
0.6125,87.553011,1.1933998e-05,0,8.2571978e-07,1.9449534e-05,2.0098834e-05,2.0300154e-05,1.3708388e-05,4.476471e-07,4.5676568e-07,0.93473208
0.613,87.552938,1.2061202e-05,0,7.3385822e-07,1.7267312e-05,1.7846219e-05,1.8025158e-05,1.2075158e-05,3.9266971e-07,4.0056456e-07,0.9183767
0.6135,87.552865,1.2179965e-05,0,6.3723397e-07,1.4976567e-05,1.5481035e-05,1.563642e-05,1.0383913e-05,3.3612798e-07,3.4278838e-07,0.90216566
0.614,87.552792,1.2289399e-05,0,5.3878281e-07,1.2647028e-05,1.3075271e-05,1.3206641e-05,8.6866109e-06,2.7976547e-07,2.8521951e-07,0.88609898
0.6145,87.552719,1.2388689e-05,0,4.4146952e-07,1.0348778e-05,1.0701309e-05,1.0808929e-05,7.0339163e-06,2.2525561e-07,2.2956679e-07,0.87017666
0.615,87.552646,1.2477101e-05,0,3.4819515e-07,8.1500663e-06,8.4296657e-06,8.5145102e-06,5.4736442e-06,1.7415115e-07,1.7741396e-07,0.85439868
0.6155,87.552573,1.2553988e-05,0,2.6170647e-07,6.1151966e-06,6.3268073e-06,6.3905262e-06,4.0493664e-06,1.2784073e-07,1.3017548e-07,0.83876507
0.616,87.5525,1.2618795e-05,0,1.8451061e-07,4.3025546e-06,4.4531121e-06,4.4979734e-06,2.799212e-06,8.7513409e-08,8.9060586e-08,0.8232758
0.6165,87.552427,1.2671064e-05,0,1.1879757e-07,2.7628434e-06,2.8610409e-06,2.8898549e-06,1.7548895e-06,5.413172e-08,5.5046224e-08,0.80793089
0.617,87.552354,1.2710439e-05,0,6.637323e-08,1.5375759e-06,1.5935752e-06,1.6096005e-06,9.4094782e-07,2.8413436e-08,2.8858811e-08,0.79273034
0.6175,87.552282,1.2736672e-05,0,2.8604909e-08,6.5787233e-07,6.8296872e-07,6.898053e-07,3.7428332e-07,1.08218e-08,1.0964753e-08,0.77767414
0.618,87.552209,1.2749618e-05,0,6.3814446e-09,1.4360062e-07,1.4985285e-07,1.5132394e-07,6.3894985e-08,1.5638252e-09,1.5691785e-09,0.76276229
0.6185,87.552136,1.2749245e-05,0,8.8956516e-11,2.8824108e-09,2.7204802e-09,2.7482838e-09,1.087938e-08,5.9602319e-10,6.222024e-10,0.7479948
0.619,87.552063,1.2735627e-05,0,9.6031545e-09,2.3197985e-07,2.3780319e-07,2.4028209e-07,2.0865282e-07,7.6367299e-09,7.8318813e-09,0.73337166
0.6195,87.55199,1.270895e-05,0,3.4298361e-08,8.1556231e-07,8.3934204e-07,8.4801368e-07,6.433822e-07,2.2184161e-08,2.2682923e-08,0.71889287
0.62,87.551917,1.2669506e-05,0,7.3072887e-08,1.7273414e-06,1.7802398e-06,1.7985742e-06,1.2946022e-06,4.3539247e-08,4.4460182e-08,0.70455844
0.6205,87.551844,1.261769e-05,0,1.2438981e-07,2.9310496e-06,3.0230698e-06,3.0541563e-06,2.1359936e-06,7.0832307e-08,7.2275963e-08,0.69036837
0.621,87.551771,1.2554001e-05,0,1.8633171e-07,4.381728e-06,4.5214043e-06,4.5678566e-06,3.1362945e-06,1.0305266e-07,1.0510021e-07,0.67632264
0.6215,87.551698,1.247903e-05,0,2.5666729e-07,6.0272758e-06,6.2214168e-06,6.2852938e-06,4.260317e-06,1.3908028e-07,1.4179273e-07,0.66242128
0.622,87.551626,1.2393463e-05,0,3.3292775e-07,7.8102101e-06,8.0637004e-06,8.1464471e-06,5.4700384e-06,1.7771878e-07,1.8113655e-07,0.64866426
0.6225,87.551553,1.2298067e-05,0,4.1248987e-07,9.6695741e-06,9.9852425e-06,1.0087651e-05,6.7257388e-06,2.1772887e-07,2.2187188e-07,0.6350516
0.623,87.55148,1.2193686e-05,0,4.9266333e-07,1.154293e-05,1.1921487e-05,1.2043681e-05,7.9871557e-06,2.5786172e-07,2.6272977e-07,0.6215833
0.6235,87.551407,1.2081233e-05,0,5.7077883e-07,1.3368371e-05,1.3808415e-05,1.3949856e-05,9.2146268e-06,2.968916e-07,3.0246505e-07,0.60825935
0.624,87.551334,1.1961681e-05,0,6.4427434e-07,1.5086483e-05,1.5584581e-05,1.5744093e-05,1.0370195e-05,3.3364721e-07,3.3988797e-07,0.59507975
0.6245,87.551261,1.1836056e-05,0,7.1077642e-07,1.6642201e-05,1.7193028e-05,1.7368849e-05,1.1418649e-05,3.6704115e-07,3.7389389e-07,0.58204451
0.625,87.551189,1.1705423e-05,0,7.68174e-07,1.7986487e-05,1.8583031e-05,1.8772878e-05,1.2328477e-05,3.9609712e-07,4.0349076e-07,0.56915362
0.6255,87.551116,1.1570879e-05,0,8.1468217e-07,1.9077794e-05,1.9711611e-05,1.9912761e-05,1.3072708e-05,4.1997421e-07,4.2782363e-07,0.55640708
0.626,87.551043,1.1433545e-05,0,8.4889425e-07,1.9883263e-05,2.0544771e-05,2.0754161e-05,1.3629623e-05,4.3798796e-07,4.4619597e-07,0.5438049
0.6265,87.55097,1.1294552e-05,0,8.6982031e-07,2.0379614e-05,2.1058425e-05,2.1272752e-05,1.3983322e-05,4.496276e-07,4.580872e-07,0.53134708
0.627,87.550897,1.1155033e-05,0,8.7691145e-07,2.0553727e-05,2.1238994e-05,2.1454828e-05,1.4124123e-05,4.5456916e-07,4.6316599e-07,0.5190336
0.6275,87.550824,1.1016116e-05,0,8.7006908e-07,2.0402871e-05,2.1083646e-05,2.1297543e-05,1.4048797e-05,4.5268394e-07,4.6129903e-07,0.50686448
0.628,87.550752,1.0878907e-05,0,8.4963944e-07,1.9934616e-05,2.0600199e-05,2.080881e-05,1.3760608e-05,4.4404207e-07,4.525548e-07,0.49483972
0.6285,87.550679,1.0744489e-05,0,8.1639377e-07,1.91664e-05,1.9806681e-05,2.0006859e-05,1.3269185e-05,4.289109e-07,4.3720211e-07,0.48295931
0.629,87.550606,1.0613909e-05,0,7.7149518e-07,1.8124804e-05,1.8730573e-05,1.8919466e-05,1.2590203e-05,4.0774803e-07,4.1570329e-07,0.47122326
0.6295,87.550533,1.048817e-05,0,7.1645364e-07,1.6844546e-05,1.7407763e-05,1.7582904e-05,1.1744893e-05,3.8118902e-07,3.8870191e-07,0.45963155
0.63,87.55046,1.0368224e-05,0,6.5307086e-07,1.5367234e-05,1.5881268e-05,1.6040642e-05,1.075938e-05,3.5002975e-07,3.5700511e-07,0.44818421
0.6305,87.550388,1.0254965e-05,0,5.8337716e-07,1.3739933e-05,1.4199739e-05,1.4341837e-05,9.6638882e-06,3.1520389e-07,3.2156091e-07,0.43688121
0.631,87.550315,1.0149223e-05,0,5.0956248e-07,1.2013584e-05,1.2415831e-05,1.2539689e-05,8.4918039e-06,2.7775586e-07,2.8343089e-07,0.42572257
0.6315,87.550242,1.0051757e-05,0,4.3390405e-07,1.0241334e-05,1.0584472e-05,1.068969e-05,7.2786502e-06,2.3880989e-07,2.4375882e-07,0.41470829
0.632,87.550169,9.9632493e-06,0,3.5869295e-07,8.476831e-06,8.7611068e-06,8.8478477e-06,6.0609866e-06,1.9953602e-07,2.0373619e-07,0.40383836
0.6325,87.550097,9.8843061e-06,0,2.8616212e-07,6.7725392e-06,6.9999481e-06,7.068923e-06,4.8752721e-06,1.6111405e-07,1.645655e-07,0.39311278
0.633,87.550024,9.8154487e-06,0,2.1841783e-07,5.1781238e-06,5.352312e-06,5.4047452e-06,3.7567276e-06,1.2469653e-07,1.2742252e-07,0.38253156
0.6335,87.549951,9.7571132e-06,0,1.573768e-07,3.7389571e-06,3.865074e-06,3.9026544e-06,2.7382319e-06,9.1371944e-08,9.3418743e-08,0.37209469
0.634,87.549878,9.7096483e-06,0,1.0471076e-07,2.4947886e-06,2.5792953e-06,2.6041144e-06,1.8492899e-06,6.2129463e-08,6.3565248e-08,0.36180218
0.6345,87.549806,9.6733141e-06,0,6.1799893e-08,1.4786164e-06,1.5290589e-06,1.5435376e-06,1.1151053e-06,3.7826393e-08,3.8739373e-08,0.35165402
0.635,87.549733,9.6482813e-06,0,2.9696345e-08,7.1579018e-07,7.4054395e-07,7.4735134e-07,5.5579174e-07,1.9159657e-08,1.9655393e-08,0.34165021
0.6355,87.54966,9.6346315e-06,0,9.0987388e-09,2.2336908e-07,2.3136445e-07,2.3333049e-07,1.857477e-07,6.6423575e-09,6.8403695e-09,0.33179076
0.636,87.549587,9.6323581e-06,0,3.3803513e-10,9.7476257e-09,1.0184313e-08,1.0209754e-08,1.3220275e-08,5.8637405e-10,6.1615388e-10,0.32207566
0.6365,87.549515,9.6413675e-06,0,3.3749543e-09,7.4555942e-08,7.6615865e-08,7.7582114e-08,4.0071384e-08,1.0917554e-09,1.0883141e-09,0.31250492
0.637,87.549442,9.6614813e-06,0,1.7808696e-08,4.0883118e-07,4.2139825e-07,4.2607978e-07,2.6175661e-07,8.0433879e-09,8.1425163e-09,0.30307853
0.6375,87.549369,9.6924386e-06,0,4.2896422e-08,9.9544936e-07,1.0268444e-06,1.0378264e-06,6.6751764e-07,2.111516e-08,2.1448587e-08,0.29379649
0.638,87.549297,9.7338992e-06,0,7.7582644e-08,1.809799e-06,1.8675375e-06,1.8871407e-06,1.2407819e-06,3.9781544e-08,4.0472188e-08,0.28465881
0.6385,87.549224,9.7854472e-06,0,1.2053742e-07,2.8206715e-06,2.9112505e-06,2.9414662e-06,1.9597551e-06,6.3336209e-08,6.4493729e-08,0.27566549
0.639,87.549151,9.8465947e-06,0,1.7020201e-07,3.9913365e-06,4.1200567e-06,4.1624924e-06,2.7981866e-06,9.0917017e-08,9.2633835e-08,0.26681651
0.6395,87.549078,9.9167865e-06,0,2.2484051e-07,5.2807666e-06,5.4515942e-06,5.5074319e-06,3.7262777e-06,1.2153646e-07,1.2388444e-07,0.25811189
0.64,87.549006,9.9954046e-06,0,2.8259575e-07,6.644972e-06,6.8604426e-06,6.9304113e-06,4.7117038e-06,1.5411638e-07,1.5714429e-07,0.24955163
0.6405,87.548933,1.0081773e-05,0,3.4154783e-07,8.0384013e-06,8.2995693e-06,8.3839305e-06,5.7207096e-06,1.8752572e-07,1.9125758e-07,0.24113572
0.641,87.54886,1.0175165e-05,0,3.9977344e-07,9.4153666e-06,9.7217995e-06,9.8203482e-06,6.7192419e-06,2.2061974e-07,2.2505415e-07,0.23286416
0.6415,87.548788,1.0274805e-05,0,4.5540424e-07,1.0731449e-05,1.1081267e-05,1.1193345e-05,7.6740766e-06,2.5227932e-07,2.5738975e-07,0.22473696
0.642,87.548715,1.037988e-05,0,5.0668265e-07,1.1944843e-05,1.2334799e-05,1.2459324e-05,8.5539032e-06,2.8144889e-07,2.871849e-07,0.21675411
0.6425,87.548642,1.0489538e-05,0,5.5201337e-07,1.3017596e-05,1.3443199e-05,1.3578705e-05,9.3303272e-06,3.0717147e-07,3.1346087e-07,0.20891562
0.643,87.54857,1.0602904e-05,0,5.9000928e-07,1.3916719e-05,1.437239e-05,1.4517075e-05,9.9787581e-06,3.2861964e-07,3.3537143e-07,0.20122148
0.6435,87.548497,1.0719079e-05,0,6.1953038e-07,1.4615116e-05,1.5094378e-05,1.5246166e-05,1.0479153e-05,3.4512144e-07,3.5222936e-07,0.19367169
0.644,87.548424,1.0837148e-05,0,6.3971479e-07,1.5092335e-05,1.5588018e-05,1.5744628e-05,1.0816596e-05,3.5618015e-07,3.6352677e-07,0.18626626
0.6445,87.548352,1.0956189e-05,0,6.5000093e-07,1.5335089e-05,1.5839566e-05,1.5998582e-05,1.0981688e-05,3.6148762e-07,3.6894871e-07,0.17900519
0.645,87.548279,1.1075279e-05,0,6.5014033e-07,1.5337563e-05,1.5842986e-05,1.6001936e-05,1.0970751e-05,3.6093059e-07,3.6837968e-07,0.17188846
0.6455,87.548206,1.11935e-05,0,6.4020094e-07,1.5101479e-05,1.5600027e-05,1.5756455e-05,1.0785834e-05,3.5459016e-07,3.6190298e-07,0.16491609
0.646,87.548134,1.1309945e-05,0,6.2056069e-07,1.4635937e-05,1.5120049e-05,1.5271595e-05,1.0434527e-05,3.4273452e-07,3.4979328e-07,0.15808808
0.6465,87.548061,1.1423727e-05,0,5.918918e-07,1.3957021e-05,1.4419631e-05,1.4564099e-05,9.9295981e-06,3.2580549e-07,3.3250274e-07,0.15140442
0.647,87.547988,1.1533983e-05,0,5.5513637e-07,1.3087207e-05,1.3521952e-05,1.3657378e-05,9.288471e-06,3.0439947e-07,3.1064148e-07,0.14486511
0.6475,87.547916,1.1639882e-05,0,5.1147387e-07,1.2054575e-05,1.2455983e-05,1.2580689e-05,8.5325575e-06,2.7924384e-07,2.8495333e-07,0.13847016
0.648,87.547843,1.1740633e-05,0,4.6228191e-07,1.0891859e-05,1.1255508e-05,1.1368153e-05,7.6864821e-06,2.5116961e-07,2.5628783e-07,0.13221956
0.6485,87.54777,1.1835485e-05,0,4.0909124e-07,9.6353719e-06,9.9580098e-06,1.0057628e-05,6.7772203e-06,2.2108151e-07,2.2556956e-07,0.12611332
0.649,87.547698,1.1923738e-05,0,3.5353656e-07,8.3238225e-06,8.6034582e-06,8.6894823e-06,5.8331853e-06,1.8992672e-07,1.9376615e-07,0.12015143
0.6495,87.547625,1.2004748e-05,0,2.973046e-07,6.9970859e-06,7.233033e-06,7.3053072e-06,4.8832927e-06,1.586632e-07,1.6185585e-07,0.11433389
0.65,87.547553,1.207793e-05,0,2.420812e-07,5.694945e-06,5.8878284e-06,5.946609e-06,3.9560355e-06,1.2822879e-07,1.3079602e-07,0.10866071
0.6505,87.54748,1.214276e-05,0,1.894989e-07,4.4558544e-06,4.607575e-06,4.6535177e-06,3.0785979e-06,9.9512102e-08,1.0149333e-07,0.10313189
0.651,87.547407,1.2198787e-05,0,1.4108674e-07,3.3157612e-06,3.4294214e-06,3.4635556e-06,2.2760352e-06,7.3325932e-08,7.4776707e-08,0.097747412
0.6515,87.547335,1.2245627e-05,0,9.8223823e-08,2.3070187e-06,2.3868113e-06,2.4105039e-06,1.5705438e-06,5.0384117e-08,5.1373761e-08,0.092507293
0.652,87.547262,1.2282972e-05,0,6.2098061e-08,1.4574263e-06,1.5084904e-06,1.523399e-06,9.8084022e-07,3.1282258e-08,3.1891162e-08,0.087411528
0.6525,87.54719,1.2310592e-05,0,3.3671308e-08,7.8942468e-07,8.1767348e-07,8.2569073e-07,5.2166504e-07,1.6482822e-08,1.6799546e-08,0.082460118
0.653,87.547117,1.2328332e-05,0,1.3652006e-08,3.1946862e-07,3.3139482e-07,3.345865e-07,2.0342354e-07,6.3048485e-09,6.4231103e-09,0.077653061
0.6535,87.547044,1.2336119e-05,0,2.4761051e-09,5.759606e-08,6.0060999e-08,6.0599036e-08,3.1968264e-08,9.1837638e-10,9.3403807e-10,0.072990359
0.654,87.546972,1.2333957e-05,0,2.9679394e-10,7.2040411e-09,7.2177201e-09,7.3106048e-09,8.5260988e-09,3.4354326e-10,3.5167606e-10,0.068472011
0.6545,87.546899,1.2321932e-05,0,6.9832915e-09,1.6503629e-07,1.695352e-07,1.7135809e-07,1.2976726e-07,4.4541736e-09,4.5462912e-09,0.064098017
0.655,87.546827,1.2300207e-05,0,2.2128655e-08,5.213802e-07,5.370101e-07,5.4263681e-07,3.8800961e-07,1.2985564e-08,1.3247089e-08,0.059868377
0.6555,87.546754,1.226902e-05,0,4.5066259e-08,1.0604644e-06,1.0933749e-06,1.1047139e-06,7.7154813e-07,2.5546067e-08,2.6054084e-08,0.055783091
0.656,87.546682,1.2228685e-05,0,7.4894327e-08,1.7610415e-06,1.816699e-06,1.8354354e-06,1.2650963e-06,4.1631989e-08,4.2453333e-08,0.051842159
0.6565,87.546609,1.2179588e-05,0,1.1050764e-07,2.5971354e-06,2.6801602e-06,2.7077058e-06,1.850323e-06,6.0645268e-08,6.1834975e-08,0.048045582
0.657,87.546536,1.2122181e-05,0,1.5063533e-07,3.5389275e-06,3.6529595e-06,3.690412e-06,2.5064678e-06,8.191334e-08,8.3513472e-08,0.044393359
0.6575,87.546464,1.2056981e-05,0,1.9388342e-07,4.5537505e-06,4.7013487e-06,4.7494613e-06,3.2110129e-06,1.0471058e-07,1.0674945e-07,0.040885489
0.658,87.546391,1.1984563e-05,0,2.3878075e-07,5.6071584e-06,5.7897355e-06,5.8488984e-06,3.9403939e-06,1.2828067e-07,1.3077244e-07,0.037521974
0.6585,87.546319,1.1905557e-05,0,2.8382669e-07,6.6640366e-06,6.8818317e-06,6.9520649e-06,4.6707255e-06,1.5185935e-07,1.5480404e-07,0.034302813
0.659,87.546246,1.1820642e-05,0,3.2753917e-07,7.6897163e-06,7.9418047e-06,8.0227634e-06,5.3785229e-06,1.7469679e-07,1.7808061e-07,0.031228007
0.6595,87.546174,1.1730536e-05,0,3.685013e-07,8.6510581e-06,8.9353987e-06,9.0263893e-06,6.0413981e-06,1.9607916e-07,1.9987521e-07,0.028297554
0.66,87.546101,1.1635998e-05,0,4.054053e-07,9.5174699e-06,9.8309872e-06,9.9309952e-06,6.6387114e-06,2.1534873e-07,2.1951806e-07,0.025511456
0.6605,87.546028,1.1537812e-05,0,4.3709221e-07,1.0261829e-05,1.0600527e-05,1.0708254e-05,7.1521607e-06,2.3192212e-07,2.3641496e-07,0.022869712
0.661,87.545956,1.1436788e-05,0,4.6258623e-07,1.0861281e-05,1.1220384e-05,1.1334293e-05,7.5662933e-06,2.4530605e-07,2.5006347e-07,0.020372321
0.6615,87.545883,1.1333752e-05,0,4.8112267e-07,1.1297886e-05,1.1672004e-05,1.1790374e-05,7.868926e-06,2.5511048e-07,2.6006607e-07,0.018019285
0.662,87.545811,1.1229537e-05,0,4.9216867e-07,1.1559109e-05,1.1942417e-05,1.2063396e-05,8.051463e-06,2.6105854e-07,2.6614044e-07,0.015810604
0.6625,87.545738,1.1124979e-05,0,4.9543622e-07,1.1638121e-05,1.202455e-05,1.2146222e-05,8.1091042e-06,2.6299324e-07,2.6812617e-07,0.013746276
0.663,87.545666,1.1020911e-05,0,4.9088714e-07,1.1533922e-05,1.1917356e-05,1.2037797e-05,8.040938e-06,2.6088062e-07,2.6598808e-07,0.011826302
0.6635,87.545593,1.0918153e-05,0,4.7873e-07,1.1251275e-05,1.1625746e-05,1.1743089e-05,7.8499181e-06,2.5480943e-07,2.5981589e-07,0.010050683
0.664,87.545521,1.0817507e-05,0,4.5940936e-07,1.0800464e-05,1.1160334e-05,1.1272825e-05,7.5427256e-06,2.4498723e-07,2.4982027e-07,0.0084194179
0.6645,87.545448,1.0719751e-05,0,4.3358759e-07,1.0196873e-05,1.0537014e-05,1.0643064e-05,7.1295201e-06,2.3173305e-07,2.3632546e-07,0.0069325068
0.665,87.545376,1.0625633e-05,0,4.0212021e-07,9.4604269e-06,9.7763637e-06,9.8746007e-06,6.6235904e-06,2.1546687e-07,2.1975859e-07,0.0055899499
0.6655,87.545303,1.0535863e-05,0,3.6602555e-07,8.6148825e-06,8.90293e-06,8.9922329e-06,6.0409126e-06,1.9669614e-07,2.0063604e-07,0.0043917471
0.666,87.545231,1.0451113e-05,0,3.2644986e-07,7.6870248e-06,7.9443865e-06,8.0239193e-06,5.3996318e-06,1.7599979e-07,1.7954715e-07,0.0033378985
0.6665,87.545158,1.0372006e-05,0,2.8462902e-07,6.7057758e-06,6.9306169e-06,6.9998489e-06,4.7194819e-06,1.5401012e-07,1.5713586e-07,0.0024284041
0.667,87.545086,1.0299115e-05,0,2.4184819e-07,5.7012539e-06,5.8927417e-06,5.9514588e-06,4.0211615e-06,1.3139312e-07,1.3408069e-07,0.0016632638
0.6675,87.545013,1.0232959e-05,0,1.9940064e-07,4.703812e-06,4.8621245e-06,4.9104305e-06,3.3256852e-06,1.0882785e-07,1.110737e-07,0.0010424776
0.668,87.544941,1.0173997e-05,0,1.5854717e-07,3.7430861e-06,3.8693884e-06,3.9076959e-06,2.6537305e-06,8.6985404e-08,8.8799166e-08,0.00056604558
0.6685,87.544868,1.0122628e-05,0,1.2047729e-07,2.8470822e-06,2.9434727e-06,2.9724847e-06,2.0249997e-06,6.6508239e-08,6.7912388e-08,0.00023396771
0.669,87.544796,1.0079189e-05,0,8.6273418e-08,2.0413309e-06,2.1107592e-06,2.1314423e-06,1.4576172e-06,4.7990356e-08,4.9019536e-08,4.6243997e-05
0.6695,87.544723,1.0043948e-05,0,5.6879082e-08,1.3481343e-06,1.3942942e-06,1.4078434e-06,9.6758061e-07,3.1959082e-08,3.265902e-08,2.8744331e-06
0.67,87.544651,1.001711e-05,0,3.3072053e-08,7.8592611e-07,8.1312769e-07,8.2092538e-07,5.6828265e-07,1.8858979e-08,1.928504e-08,0.00010385902
0.6705,87.544578,9.9988089e-06,0,1.5443183e-08,3.6876416e-07,3.8178879e-07,3.8535858e-07,2.7011893e-07,9.0384171e-09,9.253838e-09,0.00034919775
0.671,87.544506,9.989113e-06,0,4.3814231e-09,1.0596782e-07,1.0991157e-07,1.1086838e-07,8.0193158e-08,2.7392552e-09,2.8131103e-09,0.00073889064
0.6715,87.544433,9.988022e-06,0,6.539578e-11,1.9088248e-09,2.0189655e-09,2.0174503e-09,2.1291909e-09,8.9964721e-11,9.4931714e-11,0.0012729377
0.672,87.544361,9.9954691e-06,0,2.4616311e-09,5.5959434e-08,5.7469397e-08,5.8152051e-08,3.5995147e-08,1.1024326e-09,1.1124299e-09,0.0019513389
0.6725,87.544288,1.0011322e-05,0,1.1329389e-08,2.6259661e-07,2.7056444e-07,2.7351106e-07,1.7834138e-07,5.6725473e-09,5.7603245e-09,0.0027740942
0.673,87.544216,1.0035383e-05,0,2.6231788e-08,6.1165607e-07,6.308113e-07,6.3749131e-07,4.223504e-07,1.3584547e-08,1.3819311e-08,0.0037412037
0.6735,87.544143,1.0067395e-05,0,4.6552769e-08,1.0887257e-06,1.1233292e-06,1.1350583e-06,7.5809295e-07,2.4518978e-08,2.4964138e-08,0.0048526673
0.674,87.544071,1.010704e-05,0,7.151927e-08,1.6756639e-06,1.7293845e-06,1.7472867e-06,1.1728814e-06,3.8063986e-08,3.87751e-08,0.0061084851
0.6745,87.543998,1.0153945e-05,0,1.0022782e-07,2.3512238e-06,2.4270358e-06,2.4520124e-06,1.6517074e-06,5.3729551e-08,5.475254e-08,0.007508657
0.675,87.543926,1.0207684e-05,0,1.3167467e-07,3.091764e-06,3.1918676e-06,3.2245728e-06,2.1777501e-06,7.0964165e-08,7.2333866e-08,0.0090531831
0.6755,87.543853,1.0267782e-05,0,1.6478847e-07,3.8720205e-06,3.9977871e-06,4.0386127e-06,2.7329354e-06,8.9173376e-08,9.0912481e-08,0.010742063
0.676,87.543781,1.0333718e-05,0,1.9846444e-07,4.6659162e-06,4.8178606e-06,4.8669281e-06,3.29853e-06,1.0773956e-07,1.0985798e-07,0.012575298
0.6765,87.543708,1.0404932e-05,0,2.3159902e-07,5.447382e-06,5.6251613e-06,5.682323e-06,3.8557479e-06,1.2604222e-07,1.2853688e-07,0.014552886
0.677,87.543636,1.0480828e-05,0,2.6312382e-07,6.1911645e-06,6.393603e-06,6.4584508e-06,4.386351e-06,1.4347817e-07,1.4633327e-07,0.016674829
0.6775,87.543563,1.0560778e-05,0,2.9203802e-07,6.873595e-06,7.0987345e-06,7.1706172e-06,4.8732233e-06,1.5948083e-07,1.6266851e-07,0.018941126
0.678,87.543491,1.0644129e-05,0,3.174381e-07,7.4732971e-06,7.7184706e-06,7.7965177e-06,5.3009005e-06,1.7353807e-07,1.7701955e-07,0.021351777
0.6785,87.543418,1.0730204e-05,0,3.3854415e-07,7.9718127e-06,8.233738e-06,8.3168904e-06,5.6560379e-06,1.8520802e-07,1.8893498e-07,0.023906782
0.679,87.543346,1.0818315e-05,0,3.547219e-07,8.354127e-06,8.6290185e-06,8.7160643e-06,5.927803e-06,1.9413224e-07,1.9804863e-07,0.026606141
0.6795,87.543274,1.0907761e-05,0,3.6550007e-07,8.6090801e-06,8.8927735e-06,8.9823876e-06,6.1081803e-06,2.00046e-07,2.0408999e-07,0.029449855
0.68,87.543201,1.0997835e-05,0,3.705823e-07,8.7296518e-06,9.017739e-06,9.1085263e-06,6.1921803e-06,2.0278523e-07,2.0689136e-07,0.032437922
0.6805,87.543129,1.1087832e-05,0,3.6985363e-07,8.7131146e-06,9.0010842e-06,9.0916235e-06,6.1779474e-06,2.0229008e-07,2.063915e-07,0.035570344
0.681,87.543056,1.1177053e-05,0,3.6338132e-07,8.5610518e-06,8.8444302e-06,8.9333186e-06,6.0667655e-06,1.9860497e-07,2.0263565e-07,0.03884712
0.6815,87.542984,1.126481e-05,0,3.5140992e-07,8.2792417e-06,8.5537309e-06,8.6396273e-06,5.8629617e-06,1.9187521e-07,1.9577212e-07,0.04226825
0.682,87.542911,1.135043e-05,0,3.3435116e-07,7.8774135e-06,8.139022e-06,8.2206876e-06,5.5737157e-06,1.8234046e-07,1.8604557e-07,0.045833734
0.6825,87.542839,1.1433262e-05,0,3.1276866e-07,7.3688849e-06,7.614047e-06,7.690382e-06,5.2087803e-06,1.7032519e-07,1.7378723e-07,0.049543572
0.683,87.542766,1.1512682e-05,0,2.8735825e-07,6.7700939e-06,6.9957739e-06,7.0658498e-06,4.780126e-06,1.5622663e-07,1.5940262e-07,0.053397765
0.6835,87.542694,1.1588096e-05,0,2.589245e-07,6.1000406e-06,6.3038197e-06,6.3669056e-06,4.3015212e-06,1.4050061e-07,1.4335707e-07,0.057396312
0.684,87.542622,1.1658945e-05,0,2.283542e-07,5.3796582e-06,5.5598002e-06,5.6153829e-06,3.7880644e-06,1.2364584e-07,1.2615967e-07,0.061539212
0.6845,87.542549,1.1724709e-05,0,1.9658761e-07,4.6311328e-06,4.7866287e-06,4.8344252e-06,3.2556831e-06,1.0618722e-07,1.0834615e-07,0.065826467
0.685,87.542477,1.1784913e-05,0,1.6458858e-07,3.8771944e-06,4.0077838e-06,4.047747e-06,2.7206168e-06,8.8658624e-08,9.0461373e-08,0.070258076
0.6855,87.542404,1.1839126e-05,0,1.3331419e-07,3.1404021e-06,3.24657e-06,3.2788869e-06,2.1989012e-06,7.1585855e-08,7.3041899e-08,0.07483404
0.686,87.542332,1.1886969e-05,0,1.0368514e-07,2.442444e-06,2.5253957e-06,2.5504782e-06,1.7058692e-06,5.5470275e-08,5.6599272e-08,0.079554357
0.6865,87.542259,1.1928114e-05,0,7.6557589e-08,1.8034751e-06,1.8650887e-06,1.8835578e-06,1.2556844e-06,4.0773567e-08,4.1604488e-08,0.084419028
0.687,87.542187,1.1962288e-05,0,5.269744e-08,1.2415123e-06,1.2842706e-06,1.296934e-06,8.6092113e-07,2.7904147e-08,2.8474123e-08,0.089428054
0.6875,87.542115,1.1989275e-05,0,3.2757756e-08,7.7190558e-07,7.9881004e-07,8.0663443e-07,5.3220275e-07,1.7205552e-08,1.7558512e-08,0.094581434
0.688,87.542042,1.2008914e-05,0,1.7260007e-08,4.0689858e-07,4.2136906e-07,4.2544774e-07,2.7790865e-07,8.9471552e-09,9.1322838e-09,0.099879168
0.6885,87.54197,1.2021107e-05,0,6.5796819e-09,1.5529407e-07,1.6105594e-07,1.6257299e-07,1.0395682e-07,3.3173915e-09,3.3874758e-09,0.10532126
0.689,87.541897,1.2025813e-05,0,9.3665915e-10,2.223072e-08,2.31945e-08,2.3386507e-08,1.3667418e-08,4.1966509e-10,4.2937653e-10,0.1109077
0.6895,87.541825,1.202305e-05,0,3.9057926e-10,9.0779768e-09,9.2146637e-09,9.331456e-09,7.7094793e-09,2.7096634e-10,2.7513778e-10,0.11663849
0.69,87.541753,1.2012895e-05,0,4.8412955e-09,1.1345011e-07,1.1666642e-07,1.1793183e-07,8.4130578e-08,2.8031758e-09,2.8551246e-09,0.12251365
0.6905,87.54168,1.1995484e-05,0,1.4034328e-08,3.2933749e-07,3.3935483e-07,3.4292887e-07,2.384666e-07,7.8669397e-09,8.016885e-09,0.12853315
0.691,87.541608,1.1971007e-05,0,2.757108e-08,6.4734923e-07,6.6759018e-07,6.7453373e-07,4.6392651e-07,1.523793e-08,1.5531549e-08,0.13469701
0.6915,87.541535,1.193971e-05,0,4.4923437e-08,1.055058e-06,1.0885438e-06,1.0997869e-06,7.5164483e-07,2.4625242e-08,2.5102401e-08,0.14100522
0.692,87.541463,1.1901892e-05,0,6.5452222e-08,1.5374347e-06,1.5866967e-06,1.6030115e-06,1.0909927e-06,3.5681615e-08,3.6375309e-08,0.14745779
0.6925,87.541391,1.1857899e-05,0,8.8428877e-08,2.077358e-06,2.144366e-06,2.1663448e-06,1.469937e-06,4.8015139e-08,4.8950661e-08,0.15405471
0.693,87.541318,1.1808124e-05,0,1.1305964e-07,2.656182e-06,2.742291e-06,2.7703307e-06,1.8754349e-06,6.1202054e-08,6.2396412e-08,0.16079599
0.6935,87.541246,1.1753005e-05,0,1.3851143e-07,3.2543423e-06,3.3602597e-06,3.3945521e-06,2.2938532e-06,7.4800243e-08,7.6261838e-08,0.16768162
0.694,87.541173,1.1693017e-05,0,1.6393854e-07,3.8519825e-06,3.9777558e-06,4.018285e-06,2.7113963e-06,8.8363009e-08,9.0091563e-08,0.1747116
0.6945,87.541101,1.1628671e-05,0,1.885094e-07,4.4295795e-06,4.5746053e-06,4.6211512e-06,3.1145328e-06,1.0145272e-07,1.0343946e-07,0.18188594
0.695,87.541029,1.1560507e-05,0,2.1143245e-07,4.9685493e-06,5.1316019e-06,5.1837507e-06,3.4904057e-06,1.1365391e-07,1.1588203e-07,0.18920463
0.6955,87.540956,1.1489093e-05,0,2.319803e-07,5.451813e-06,5.6310935e-06,5.6882532e-06,3.8272159e-06,1.2458552e-07,1.2703079e-07,0.19666768
0.696,87.540884,1.1415017e-05,0,2.4951165e-07,5.8643079e-06,6.0575091e-06,6.1189314e-06,4.1145659e-06,1.3391187e-07,1.3654351e-07,0.20427508
0.6965,87.540811,1.1338884e-05,0,2.6348996e-07,6.1934268e-06,6.3978142e-06,6.4626202e-06,4.3437568e-06,1.4135206e-07,1.4413379e-07,0.21202683
0.697,87.540739,1.1261311e-05,0,2.7349869e-07,6.4293732e-06,6.6418773e-06,6.7090875e-06,4.5080269e-06,1.4668765e-07,1.4957885e-07,0.21992294
0.6975,87.540667,1.118292e-05,0,2.7925246e-07,6.5654232e-06,6.7827417e-06,6.8513081e-06,4.6027299e-06,1.4976829e-07,1.5272528e-07,0.2279634
0.698,87.540594,1.1104336e-05,0,2.8060384e-07,6.5980869e-06,6.8167918e-06,6.8856319e-06,4.6254437e-06,1.5051526e-07,1.5349267e-07,0.23614822
0.6985,87.540522,1.1026179e-05,0,2.7754581e-07,6.5271654e-06,6.743813e-06,6.8118445e-06,4.5760115e-06,1.4892281e-07,1.5187494e-07,0.24447739
0.699,87.540449,1.0949061e-05,0,2.7020967e-07,6.3557047e-06,6.5669435e-06,6.6331185e-06,4.4565124e-06,1.4505724e-07,1.4793946e-07,0.25295092
0.6995,87.540377,1.0873581e-05,0,2.588587e-07,6.0898476e-06,6.2925227e-06,6.3558595e-06,4.2711638e-06,1.3905392e-07,1.4182397e-07,0.2615688
0.7,87.540305,1.0800321e-05,0,2.4387771e-07,5.7385925e-06,5.9298407e-06,5.9894538e-06,4.0261612e-06,1.3111213e-07,1.3373142e-07,0.27033103
0.7005,87.540232,1.0729837e-05,0,2.2575899e-07,5.313465e-06,5.4908002e-06,5.5459267e-06,3.7294577e-06,1.2148818e-07,1.2392287e-07,0.27923762
0.701,87.54016,1.0662662e-05,0,2.0508517e-07,4.8281175e-06,4.9895025e-06,5.0395238e-06,3.3904945e-06,1.1048677e-07,1.1270875e-07,0.28828856
0.7015,87.540088,1.0599296e-05,0,1.8250941e-07,4.2978681e-06,4.4417708e-06,4.4862295e-06,3.0198875e-06,9.8451024e-08,1.0043871e-07,0.29748385
0.702,87.540015,1.0540207e-05,0,1.5873386e-07,3.7391945e-06,3.8646281e-06,3.9032399e-06,2.6290837e-06,8.5751447e-08,8.74904e-08,0.3068235
0.7025,87.539943,1.0485822e-05,0,1.3448686e-07,3.1692014e-06,3.2757459e-06,3.3084057e-06,2.2299946e-06,7.2774194e-08,7.4257465e-08,0.31630751
0.703,87.53987,1.0436531e-05,0,1.1049972e-07,2.6050757e-06,2.692882e-06,2.719664e-06,1.8346216e-06,5.9908954e-08,6.1137236e-08,0.32593587
0.7035,87.539798,1.0392676e-05,0,8.7483861e-08,2.0635492e-06,2.1333251e-06,2.1544777e-06,1.4546821e-06,4.7536863e-08,4.85184e-08,0.33570858
0.704,87.539726,1.0354559e-05,0,6.6108924e-08,1.560384e-06,1.6133627e-06,1.6292978e-06,1.1012498e-06,3.601881e-08,3.6769075e-08,0.34562565
0.7045,87.539653,1.0322428e-05,0,4.6982561e-08,1.1098965e-06,1.1477897e-06,1.1590673e-06,7.8441943e-07,2.5684483e-08,2.6225633e-08,0.35568707
0.705,87.539581,1.0296488e-05,0,3.063254e-08,7.2453511e-07,7.4947169e-07,7.5677999e-07,5.1300565e-07,1.6822497e-08,1.7182627e-08,0.36589284
0.7055,87.539509,1.0276888e-05,0,1.7491629e-08,4.1452234e-07,4.2897534e-07,4.3310702e-07,2.9428606e-07,9.6718984e-09,9.8841148e-09,0.37624297
0.706,87.539436,1.026373e-05,0,7.8857096e-09,1.8757302e-07,1.9427688e-07,1.9610283e-07,1.3379508e-07,4.4153067e-09,4.5166472e-09,0.38673746
0.7065,87.539364,1.0257064e-05,0,2.0254224e-09,4.8694822e-08,5.0556038e-08,5.0996985e-08,3.5174895e-08,1.1738884e-09,1.2041276e-09,0.39737629
0.707,87.539292,1.0256887e-05,0,1.5451485e-12,7.6568072e-11,8.0539738e-11,7.7601313e-11,8.7498453e-11,4.3133175e-12,4.6882611e-12,0.40815948
0.7075,87.539219,1.0263147e-05,0,1.7841756e-09,4.1066129e-08,4.2183125e-08,4.2668241e-08,2.8189851e-08,8.9776911e-10,9.0966822e-10,0.41908703
0.708,87.539147,1.0275741e-05,0,7.225681e-09,1.682371e-07,1.733303e-07,1.7519747e-07,1.1717227e-07,3.7810514e-09,3.8447075e-09,0.43015893
0.7085,87.539075,1.0294519e-05,0,1.6067253e-08,3.7554065e-07,3.8727911e-07,3.9135727e-07,2.6285808e-07,8.5196746e-09,8.672905e-09,0.44137518
0.709,87.539002,1.0319282e-05,0,2.7948803e-08,6.5453649e-07,6.7531555e-07,6.8234398e-07,4.5936068e-07,1.4922887e-08,1.5199921e-08,0.45273579
0.7095,87.53893,1.0349788e-05,0,4.2421831e-08,9.9469425e-07,1.0265659e-06,1.0371728e-06,6.9929231e-07,2.2750412e-08,2.3180844e-08,0.46424076
0.71,87.538858,1.038575e-05,0,5.8964818e-08,1.3837551e-06,1.42837e-06,1.4430548e-06,9.7401744e-07,3.1720681e-08,3.232858e-08,0.47589007
0.7105,87.538785,1.0426843e-05,0,7.7000628e-08,1.8081408e-06,1.8667038e-06,1.885824e-06,1.2739419e-06,4.152028e-08,4.232349e-08,0.48768374
0.711,87.538713,1.0472704e-05,0,9.5915334e-08,2.2533975e-06,2.326638e-06,2.3504003e-06,1.5888282e-06,5.181429e-08,5.2823937e-08,0.49962177
0.7115,87.53864,1.0522937e-05,0,1.1507788e-07,2.7046592e-06,2.7928162e-06,2.8212726e-06,1.9081273e-06,6.2257182e-08,6.34774e-08,0.51170415
0.712,87.538568,1.0577112e-05,0,1.3385993e-07,3.1471167e-06,3.2499394e-06,3.2829884e-06,2.2213146e-06,7.2503904e-08,7.3931796e-08,0.52393088
0.7125,87.538496,1.0634775e-05,0,1.5165535e-07,3.5664768e-06,3.6832411e-06,3.720633e-06,2.518221e-06,8.2220802e-08,8.3846629e-08,0.53630197
0.713,87.538423,1.0695447e-05,0,1.6789862e-07,3.9493987e-06,4.0789369e-06,4.1202845e-06,2.7893475e-06,9.1096024e-08,9.2903609e-08,0.54881741
0.7135,87.538351,1.0758632e-05,0,1.8208174e-07,4.2838933e-06,4.4246381e-06,4.4694305e-06,3.0261538e-06,9.8849077e-08,1.0081642e-07,0.5614772
0.714,87.538279,1.0823814e-05,0,1.9376908e-07,4.5596744e-06,4.7097139e-06,4.7573347e-06,3.2213128e-06,1.0523924e-07,1.073393e-07,0.57428135
0.7145,87.538206,1.0890469e-05,0,2.0260969e-07,4.7684514e-06,4.9255941e-06,4.9753421e-06,3.3689217e-06,1.1007259e-07,1.1227424e-07,0.58722986
0.715,87.538134,1.0958064e-05,0,2.0834693e-07,4.9041551e-06,5.0660027e-06,5.1171153e-06,3.4646659e-06,1.1320738e-07,1.1547646e-07,0.60032272
0.7155,87.538062,1.1026065e-05,0,2.1082483e-07,4.9630916e-06,5.1271167e-06,5.1787944e-06,3.5059293e-06,1.1455774e-07,1.1685822e-07,0.61355993
0.716,87.537989,1.1093937e-05,0,2.0999145e-07,4.9440192e-06,5.1076462e-06,5.1590779e-06,3.4918491e-06,1.1409546e-07,1.1639059e-07,0.62694149
0.7165,87.537917,1.1161151e-05,0,2.0589876e-07,4.8481484e-06,5.0088342e-06,5.059223e-06,3.4233151e-06,1.1184996e-07,1.1410347e-07,0.64046742
0.717,87.537845,1.1227186e-05,0,1.9869949e-07,4.6790658e-06,4.8343785e-06,4.8829661e-06,3.3029124e-06,1.0790637e-07,1.1008365e-07,0.65413769
0.7175,87.537772,1.1291537e-05,0,1.8864075e-07,4.4425852e-06,4.590278e-06,4.6363676e-06,3.1348129e-06,1.0240194e-07,1.0447108e-07,0.66795232
0.718,87.5377,1.1353713e-05,0,1.7605491e-07,4.1465316e-06,4.2846101e-06,4.3275871e-06,2.9246174e-06,9.5520762e-08,9.745353e-08,0.6819113
0.7185,87.537628,1.1413245e-05,0,1.6134798e-07,3.8004665e-06,3.9272466e-06,3.9665968e-06,2.679156e-06,8.7487203e-08,8.9259891e-08,0.69601464
0.719,87.537555,1.1469688e-05,0,1.4498583e-07,3.415363e-06,3.5295189e-06,3.5648429e-06,2.4062533e-06,7.8558099e-08,8.0152183e-08,0.71026233
0.7195,87.537483,1.1522625e-05,0,1.274788e-07,3.0032428e-06,3.1038427e-06,3.1348661e-06,2.114466e-06,6.9014104e-08,7.0416737e-08,0.72465438
0.72,87.537411,1.1571668e-05,0,1.0936513e-07,2.5767851e-06,2.6633144e-06,2.6898951e-06,1.8128023e-06,5.9150436e-08,6.0354748e-08,0.73919078
0.7205,87.537339,1.1616465e-05,0,9.1193839e-08,2.1489219e-06,2.2212928e-06,2.2434233e-06,1.5104319e-06,4.9267335e-08,5.0272538e-08,0.75387153
0.721,87.537266,1.1656698e-05,0,7.350743e-08,1.7324316e-06,1.7909796e-06,1.8087849e-06,1.2163964e-06,3.9660553e-08,4.0471847e-08,0.76869664
0.7215,87.537194,1.1692086e-05,0,5.6825141e-08,1.3395432e-06,1.3850103e-06,1.3987424e-06,9.393286e-07,3.0612158e-08,3.1240451e-08,0.7836661
0.722,87.537122,1.172239e-05,0,4.1627118e-08,9.8156383e-07,1.0150694e-06,1.0250974e-06,6.8718985e-07,2.2381945e-08,2.2843406e-08,0.79877991
0.7225,87.537049,1.1747412e-05,0,2.8340065e-08,6.6854123e-07,6.9154149e-07,6.9833834e-07,4.670327e-07,1.5199725e-08,1.5515163e-08,0.81403809
0.723,87.536977,1.1766996e-05,0,1.7324762e-08,4.0896979e-07,4.2320756e-07,4.273339e-07,2.8479671e-07,9.2586792e-09,9.4528112e-09,0.82944061
0.7235,87.536905,1.1781031e-05,0,8.8658261e-09,2.0955007e-07,2.1699617e-07,2.1908151e-07,1.4514232e-07,4.7100096e-09,4.8106077e-09,0.84498749
0.724,87.536832,1.1789449e-05,0,3.1639993e-09,7.5007742e-08,7.779627e-08,7.8518358e-08,5.1327754e-08,1.6589869e-09,1.6959543e-09,0.86067872
0.7245,87.53676,1.1792228e-05,0,3.311623e-10,7.9768297e-09,8.3362829e-09,8.3992985e-09,5.1317461e-09,1.6251217e-10,1.6691261e-10,0.87651431
0.725,87.536688,1.178939e-05,0,3.8819918e-10,8.9500291e-09,9.1325074e-09,9.2447423e-09,6.8236864e-09,2.2822778e-10,2.312997e-10,0.89249425
0.7255,87.536615,1.1781e-05,0,3.265731e-09,7.6296527e-08,7.8507266e-08,7.9359008e-08,5.5181221e-08,1.8151735e-09,1.8473603e-09,0.90861854
0.726,87.536543,1.1767167e-05,0,8.8076568e-09,2.063458e-07,2.1267522e-07,2.1491753e-07,1.4755386e-07,4.8359361e-09,4.9259621e-09,0.92488719
0.7265,87.536471,1.1748041e-05,0,1.677735e-08,3.9353375e-07,4.0589413e-07,4.1011918e-07,2.7996976e-07,9.1601947e-09,9.3342132e-09,0.9413002
0.727,87.536398,1.1723814e-05,0,2.6866277e-08,6.3060571e-07,6.5067434e-07,6.5739784e-07,4.4728157e-07,1.4619525e-08,1.4900364e-08,0.95785756
0.7275,87.536326,1.1694716e-05,0,3.8704731e-08,9.0886903e-07,9.380396e-07,9.4768596e-07,6.4334616e-07,2.1013288e-08,2.1419813e-08,0.97455927
0.728,87.536254,1.1661012e-05,0,5.187432e-08,1.2184867e-06,1.2578303e-06,1.2707208e-06,8.61232e-07,2.8115403e-08,2.8662015e-08,0.99140533
0.7285,87.536182,1.1623004e-05,0,6.5921783e-08,1.5488021e-06,1.5990388e-06,1.6153831e-06,1.0934473e-06,3.5681778e-08,3.6378056e-08,1.0083958
0.729,87.536109,1.1581023e-05,0,8.0373686e-08,1.8886843e-06,1.9501664e-06,1.970058e-06,1.3321817e-06,4.3458163e-08,4.4308662e-08,1.0255305
0.7295,87.536037,1.153543e-05,0,9.4751528e-08,2.2268829e-06,2.2995896e-06,2.3230044e-06,1.5695535e-06,5.1188168e-08,5.2192374e-08,1.0428097
0.73,87.535965,1.1486612e-05,0,1.0858677e-07,2.552381e-06,2.6359249e-06,2.6627242e-06,1.7978548e-06,5.862121e-08,5.9773648e-08,1.0602331
0.7305,87.535892,1.1434978e-05,0,1.214353e-07,2.8547352e-06,2.9483804e-06,2.9783168e-06,2.0097878e-06,6.5520144e-08,6.6810635e-08,1.077801
0.731,87.53582,1.1380955e-05,0,1.3289099e-07,3.1243927e-06,3.2270834e-06,3.2598104e-06,2.1986835e-06,7.1668346e-08,7.3082407e-08,1.0955132
0.7315,87.535748,1.1324987e-05,0,1.425977e-07,3.3529752e-06,3.4633737e-06,3.498458e-06,2.3586983e-06,7.6876055e-08,7.8395413e-08,1.1133697
0.732,87.535675,1.1267528e-05,0,1.5025971e-07,3.533522e-06,3.6500553e-06,3.6869918e-06,2.4849815e-06,8.0985778e-08,8.2588996e-08,1.1313706
0.7325,87.535603,1.1209043e-05,0,1.5564995e-07,3.6606851e-06,3.7815973e-06,3.8198262e-06,2.5738096e-06,8.3876622e-08,8.5539811e-08,1.1495159
0.733,87.535531,1.1149998e-05,0,1.5861604e-07,3.7308699e-06,3.8542808e-06,3.8932058e-06,2.6226833e-06,8.5467436e-08,8.7165025e-08,1.1678055
0.7335,87.535459,1.1090861e-05,0,1.5908385e-07,3.7423202e-06,3.8662857e-06,3.9052933e-06,2.6303858e-06,8.5718679e-08,8.742423e-08,1.1862394
0.734,87.535386,1.1032099e-05,0,1.5705858e-07,3.6951435e-06,3.8177175e-06,3.8561966e-06,2.5970002e-06,8.4632989e-08,8.6320019e-08,1.2048177
0.7345,87.535314,1.097417e-05,0,1.5262335e-07,3.5912782e-06,3.7105737e-06,3.7479345e-06,2.5238863e-06,8.2254446e-08,8.3897242e-08,1.2235404
0.735,87.535242,1.0917521e-05,0,1.459353e-07,3.4344035e-06,3.5486508e-06,3.5843429e-06,2.4136191e-06,7.8666575e-08,8.0240974e-08,1.2424074
0.7355,87.535169,1.0862588e-05,0,1.3721957e-07,3.2297975e-06,3.3373973e-06,3.3709266e-06,2.2698896e-06,7.3989164e-08,7.5473272e-08,1.2614188
0.736,87.535097,1.0809788e-05,0,1.2676112e-07,2.9841463e-06,3.0837174e-06,3.1146605e-06,2.0973737e-06,6.837402e-08,6.9748854e-08,1.2805746
0.7365,87.535025,1.0759518e-05,0,1.1489488e-07,2.7053133e-06,2.7957323e-06,2.8237483e-06,1.9015716e-06,6.1999797e-08,6.3249829e-08,1.2998746
0.737,87.534953,1.0712153e-05,0,1.019945e-07,2.4020748e-06,2.4825069e-06,2.5073474e-06,1.688625e-06,5.5066069e-08,5.6179657e-08,1.3193191
0.7375,87.53488,1.0668041e-05,0,8.846004e-08,2.0838315e-06,2.1537525e-06,2.1752673e-06,1.4651166e-06,4.778685e-08,4.8756545e-08,1.3389079
0.738,87.534808,1.0627501e-05,0,7.4705061e-08,1.7603058e-06,1.8195129e-06,1.8376535e-06,1.237859e-06,4.0383752e-08,4.120647e-08,1.358641
0.7385,87.534736,1.0590824e-05,0,6.11435e-08,1.4412324e-06,1.489846e-06,1.5046654e-06,1.0136796e-06,3.3079003e-08,3.3756068e-08,1.3785185
0.739,87.534663,1.0558265e-05,0,4.8176746e-08,1.1360554e-06,1.17451e-06,1.1861593e-06,7.9920817e-07,2.6088551e-08,2.6625591e-08,1.3985404
0.7395,87.534591,1.0530047e-05,0,3.6181316e-08,8.5363803e-07,8.8266369e-07,8.9138597e-07,6.0067373e-07,1.9615445e-08,2.0022165e-08,1.4187066
0.74,87.534519,1.0506355e-05,0,2.5497516e-08,6.0199562e-07,6.2259049e-07,6.2871177e-07,4.237168e-07,1.3843716e-08,1.4133543e-08,1.4390172
0.7405,87.534447,1.0487338e-05,0,1.6419417e-08,3.8805934e-07,4.0145435e-07,4.0537208e-07,2.7322255e-07,8.9329226e-09,9.1225451e-09,1.4594721
0.741,87.534374,1.0473109e-05,0,9.1864362e-09,2.1747757e-07,2.2509437e-07,2.272639e-07,1.5318001e-07,5.0135408e-09,5.1223447e-09,1.4800714
0.7415,87.534302,1.0463739e-05,0,3.9767609e-09,9.4460383e-08,9.7864036e-08,9.8783531e-08,6.6571137e-08,2.1833119e-09,2.2327452e-09,1.500815
0.742,87.53423,1.0459262e-05,0,9.0278868e-10,2.1671473e-08,2.2519454e-08,2.2713703e-08,1.5292911e-08,5.0466491e-10,5.1754344e-10,1.521703
0.7425,87.534157,1.0459674e-05,0,8.694584e-12,1.6993315e-10,1.5909498e-10,1.6276338e-10,1.1433267e-10,3.2734289e-12,3.0524692e-12,1.5427353
0.743,87.534085,1.0464932e-05,0,1.2701617e-09,2.9403023e-08,3.02162e-08,3.0557048e-08,2.0669276e-08,6.6777997e-10,6.7781446e-10,1.563912
0.7435,87.534013,1.0474955e-05,0,4.5962496e-09,1.0724925e-07,1.1050317e-07,1.1168576e-07,7.5484865e-08,2.4506813e-09,2.4934981e-09,1.585233
0.744,87.533941,1.0489627e-05,0,9.833307e-09,2.3010962e-07,2.3730575e-07,2.3979613e-07,1.6204401e-07,5.2703324e-09,5.3669376e-09,1.6066984
0.7445,87.533868,1.0508794e-05,0,1.6770771e-08,3.9304343e-07,4.0552315e-07,4.0973503e-07,2.7687965e-07,9.0139924e-09,9.1832345e-09,1.6283082
0.745,87.533796,1.0532271e-05,0,2.5148644e-08,5.8994365e-07,6.0884924e-07,6.1513196e-07,4.1569738e-07,1.3541802e-08,1.3799812e-08,1.6500623
0.7455,87.533724,1.0559838e-05,0,3.4666385e-08,8.1374579e-07,8.3998815e-07,8.486169e-07,5.7352203e-07,1.8691558e-08,1.9051278e-08,1.6719608
0.746,87.533652,1.0591248e-05,0,4.4992918e-08,1.0566632e-06,1.0908974e-06,1.1020659e-06,7.4486354e-07,2.4284118e-08,2.4754946e-08,1.6940036
0.7465,87.533579,1.0626222e-05,0,5.5777428e-08,1.3104412e-06,1.3530502e-06,1.3668659e-06,9.2389636e-07,3.0129264e-08,3.0716804e-08,1.7161907
0.747,87.533507,1.0664458e-05,0,6.6660591e-08,1.5666214e-06,1.6177087e-06,1.634191e-06,1.1046467e-06,3.603183e-08,3.6737771e-08,1.7385223
0.7475,87.533435,1.0705631e-05,0,7.7285896e-08,1.8168084e-06,1.8761994e-06,1.8952806e-06,1.2811819e-06,4.1797892e-08,4.2620015e-08,1.7609981
0.748,87.533362,1.0749396e-05,0,8.7310684e-08,2.0529303e-06,2.1201822e-06,2.1417107e-06,1.4477947e-06,4.7240832e-08,4.8173135e-08,1.7836184
0.7485,87.53329,1.0795388e-05,0,9.6416592e-08,2.2674844e-06,2.3419048e-06,2.3656514e-06,1.5991792e-06,5.2187082e-08,5.3220026e-08,1.806383
0.749,87.533218,1.084323e-05,0,1.0431906e-07,2.4537623e-06,2.5344342e-06,2.5601005e-06,1.73059e-06,5.6481369e-08,5.7602233e-08,1.8292919
0.7495,87.533146,1.0892533e-05,0,1.1077566e-07,2.6060458e-06,2.6918602e-06,2.7190889e-06,1.8379821e-06,5.9991305e-08,6.1184636e-08,1.8523452
0.75,87.533073,1.09429e-05,0,1.1559292e-07,2.7197689e-06,2.8094623e-06,2.8378497e-06,1.9181268e-06,6.2611188e-08,6.3859331e-08,1.8755428
0.7505,87.533001,1.0993926e-05,0,1.1863164e-07,2.7916421e-06,2.8838387e-06,2.9129473e-06,1.9686995e-06,6.4264902e-08,6.5548591e-08,1.8988848
0.751,87.532929,1.1045209e-05,0,1.1981027e-07,2.8197343e-06,2.9129902e-06,2.9423635e-06,1.9883384e-06,6.4907837e-08,6.6206829e-08,1.9223712
0.7515,87.532857,1.1096345e-05,0,1.191066e-07,2.8035115e-06,2.896361e-06,2.9255379e-06,1.9766719e-06,6.4527796e-08,6.5821525e-08,1.9460019
0.752,87.532784,1.1146934e-05,0,1.1655748e-07,2.743831e-06,2.8348328e-06,2.8633618e-06,1.9343143e-06,6.3144855e-08,6.4413086e-08,1.969777
0.7525,87.532712,1.1196585e-05,0,1.1225675e-07,2.6428929e-06,2.7306746e-06,2.7581279e-06,1.862831e-06,6.0810219e-08,6.2033683e-08,1.9936964
0.753,87.53264,1.1244917e-05,0,1.0635142e-07,2.5041506e-06,2.5874501e-06,2.6134367e-06,1.7646741e-06,5.760411e-08,5.8765095e-08,2.0177602
0.7535,87.532568,1.1291561e-05,0,9.9036236e-08,2.3321827e-06,2.4098863e-06,2.4340633e-06,1.6430917e-06,5.3632785e-08,5.4715668e-08,2.0419683
0.754,87.532495,1.1336167e-05,0,9.0546913e-08,2.1325336e-06,2.203708e-06,2.2257909e-06,1.5020131e-06,4.9024776e-08,5.0016482e-08,2.0663208
0.7545,87.532423,1.1378401e-05,0,8.1152113e-08,1.9115247e-06,1.9754436e-06,1.9952141e-06,1.3459153e-06,4.39265e-08,4.4816871e-08,2.0908176
0.755,87.532351,1.1417951e-05,0,7.1144587e-08,1.6760459e-06,1.7322094e-06,1.749521e-06,1.179674e-06,3.8497376e-08,3.9279442e-08,2.1154588
0.7555,87.532279,1.1454528e-05,0,6.0831679e-08,1.4333319e-06,1.4814785e-06,1.4962602e-06,1.0084045e-06,3.290462e-08,3.3574764e-08,2.1402444
0.756,87.532206,1.1487869e-05,0,5.052553e-08,1.1907313e-06,1.2308423e-06,1.2430997e-06,8.3729849e-07,2.7317881e-08,2.7875897e-08,2.1651743
0.7565,87.532134,1.1517739e-05,0,4.0533282e-08,9.5547566e-07,9.8777247e-07,9.9758627e-07,6.7146011e-07,2.1903892e-08,2.2352932e-08,2.1902485
0.757,87.532062,1.1543931e-05,0,3.1147591e-08,7.3445674e-07,7.5938984e-07,7.6691219e-07,5.1574827e-07,1.6821309e-08,1.7167729e-08,2.2154671
0.7575,87.531989,1.1566269e-05,0,2.2637741e-08,5.340165e-07,5.5224815e-07,5.5769692e-07,3.7462894e-07,1.2215881e-08,1.2468989e-08,2.2408301
0.758,87.531917,1.1584608e-05,0,1.5241619e-08,3.5975837e-07,3.7213874e-07,3.7578967e-07,2.5204216e-07,8.2161238e-09,8.387831e-09,2.2663374
0.7585,87.531845,1.1598836e-05,0,9.1587887e-09,2.1638426e-07,2.2392207e-07,2.2609931e-07,1.5128781e-07,4.9295869e-09,5.0339987e-09,2.2919891
0.759,87.531773,1.1608873e-05,0,4.5448776e-09,1.0756211e-07,1.1139085e-07,1.1245615e-07,7.4933161e-08,2.439857e-09,2.492791e-09,2.3177851
0.7595,87.5317,1.1614674e-05,0,1.5074052e-09,3.5827867e-08,3.7168577e-08,3.7509458e-08,2.4744885e-08,8.0435143e-10,8.2281589e-10,2.3437255
0.76,87.531628,1.1616227e-05,0,1.0318347e-10,2.524196e-09,2.6461469e-09,2.6634219e-09,1.6471438e-09,5.2969866e-11,5.4613249e-11,2.3698102
0.7605,87.531556,1.1613552e-05,0,3.3733555e-10,7.7773373e-09,7.9578034e-09,8.0529212e-09,5.7066308e-09,1.8762558e-10,1.9017679e-10,2.3960393
0.761,87.531484,1.1606704e-05,0,2.1639406e-09,5.0512271e-08,5.1996669e-08,5.2559213e-08,3.6144575e-08,1.1826569e-09,1.203373e-09,2.4224127
0.7615,87.531411,1.159577e-05,0,5.4882606e-09,1.2850507e-07,1.3246871e-07,1.3386447e-07,9.1374873e-08,2.9860892e-09,3.041228e-09,2.4489305
0.762,87.531339,1.1580867e-05,0,1.0170455e-08,2.3847026e-07,2.4598289e-07,2.4854282e-07,1.6906671e-07,5.5216941e-09,5.6260272e-09,2.4755927
0.7625,87.531267,1.1562143e-05,0,1.6030642e-08,3.7617991e-07,3.8817405e-07,3.9218458e-07,2.662293e-07,8.6917659e-09,8.8581472e-09,2.5023992
0.763,87.531195,1.1539775e-05,0,2.2855139e-08,5.3661021e-07,5.5385435e-07,5.595491e-07,3.7931576e-07,1.2380519e-08,1.261952e-08,2.52935
0.7635,87.531122,1.1513968e-05,0,3.0403646e-08,7.1411064e-07,7.3718787e-07,7.4474128e-07,5.0434255e-07,1.6457986e-08,1.6777608e-08,2.5564452
0.764,87.53105,1.148495e-05,0,3.8417161e-08,9.0258996e-07,9.3188278e-07,9.4140558e-07,6.370205e-07,2.0784294e-08,2.1189765e-08,2.5836848
0.7645,87.530978,1.1452975e-05,0,4.6626352e-08,1.0957131e-06,1.1313947e-06,1.1429315e-06,7.7289314e-07,2.5214169e-08,2.5707833e-08,2.6110687
0.765,87.530906,1.1418317e-05,0,5.4760117e-08,1.2871023e-06,1.3291346e-06,1.3426635e-06,9.0747805e-07,2.9601542e-08,3.0182832e-08,2.638597
0.7655,87.530833,1.1381269e-05,0,6.2554067e-08,1.4705371e-06,1.5186751e-06,1.5341095e-06,1.0364066e-06,3.3804088e-08,3.4469598e-08,2.6662696
0.766,87.530761,1.1342141e-05,0,6.9758675e-08,1.6401453e-06,1.6939483e-06,1.7111407e-06,1.155558e-06,3.768759e-08,3.8431225e-08,2.6940866
0.7665,87.530689,1.1301255e-05,0,7.6146817e-08,1.7905809e-06,1.8494292e-06,1.8681767e-06,1.2611832e-06,4.1129965e-08,4.1943182e-08,2.7220479
0.767,87.530617,1.1258946e-05,0,8.1520514e-08,1.9171822e-06,1.9802997e-06,2.0003511e-06,1.3500157e-06,4.4024862e-08,4.4896968e-08,2.7501536
0.7675,87.530544,1.1215559e-05,0,8.5716642e-08,2.0161068e-06,2.0825871e-06,2.1036518e-06,1.419365e-06,4.6284698e-08,4.7203223e-08,2.7784037
0.768,87.530472,1.1171441e-05,0,8.8611474e-08,2.0844379e-06,2.1532753e-06,2.1750328e-06,1.4671915e-06,4.7843082e-08,4.8794192e-08,2.8067981
0.7685,87.5304,1.1126944e-05,0,9.0123919e-08,2.120261e-06,2.1903832e-06,2.2124937e-06,1.4921588e-06,4.8656528e-08,4.9625477e-08,2.8353368
0.769,87.530328,1.1082421e-05,0,9.021737e-08,2.1227075e-06,2.1930104e-06,2.2151257e-06,1.4936648e-06,4.8705441e-08,4.9677043e-08,2.8640199
0.7695,87.530256,1.1038222e-05,0,8.890015e-08,2.0919654e-06,2.1613477e-06,2.1831222e-06,1.4718481e-06,4.7994345e-08,4.8953451e-08,2.8928474
0.77,87.530183,1.0994689e-05,0,8.6224532e-08,2.0292563e-06,2.0966546e-06,2.117756e-06,1.4275724e-06,4.6551361e-08,4.748333e-08,2.9218192
0.7705,87.530111,1.0952161e-05,0,8.2284413e-08,1.9367814e-06,2.0012021e-06,2.0213217e-06,1.362388e-06,4.4426963e-08,4.5318106e-08,2.9509354
0.771,87.530039,1.0910961e-05,0,7.721172e-08,1.817637e-06,1.8781866e-06,1.8970486e-06,1.2784728e-06,4.1692059e-08,4.2530049e-08,2.9801959
0.7715,87.529967,1.0871403e-05,0,7.1171692e-08,1.6757035e-06,1.7316152e-06,1.7489846e-06,1.1785546e-06,3.8435473e-08,3.9209708e-08,3.0096008
0.772,87.529894,1.0833784e-05,0,6.4357192e-08,1.5155127e-06,1.5661676e-06,1.5818572e-06,1.065818e-06,3.4760903e-08,3.5462809e-08,3.03915
0.7725,87.529822,1.0798383e-05,0,5.698225e-08,1.342095e-06,1.38704e-06,1.4009151e-06,9.4379791e-07,3.0783478e-08,3.1406743e-08,3.0688436
0.773,87.52975,1.0765461e-05,0,4.9275049e-08,1.1608157e-06,1.1997744e-06,1.2117566e-06,8.1626411e-07,2.6625997e-08,2.7166736e-08,3.0986815
0.7735,87.529678,1.0735256e-05,0,4.1470582e-08,9.7720165e-07,1.0100807e-06,1.0201492e-06,6.8710047e-07,2.2415e-08,2.2871836e-08,3.1286638
0.774,87.529605,1.0707982e-05,0,3.3803212e-08,7.9676671e-07,8.2365539e-07,8.3184686e-07,5.6018224e-07,1.8276776e-08,1.865085e-08,3.1587905
0.7745,87.529533,1.068383e-05,0,2.6499376e-08,6.2483987e-07,6.4600485e-07,6.5241128e-07,4.3925558e-07,1.4333438e-08,1.4628334e-08,3.1890615
0.775,87.529461,1.0662965e-05,0,1.9770647e-08,4.6640215e-07,4.8227618e-07,4.8704124e-07,3.2782294e-07,1.0699193e-08,1.0920795e-08,3.2194768
0.7755,87.529389,1.0645524e-05,0,1.3807377e-08,3.2593679e-07,3.371027e-07,3.4041644e-07,2.2903786e-07,7.4769093e-09,7.633181e-09,3.2500365
0.776,87.529316,1.0631616e-05,0,8.7730993e-09,2.0729747e-07,2.1446763e-07,2.165598e-07,1.4561208e-07,4.7550844e-09,4.855794e-09,3.2807406
0.7765,87.529244,1.0621322e-05,0,4.7998612e-09,1.1359815e-07,1.1759027e-07,1.1872257e-07,7.9737982e-08,2.6053118e-09,2.6617024e-09,3.311589
0.777,87.529172,1.0614693e-05,0,1.9846094e-09,4.7127854e-08,4.8837839e-08,4.9295267e-08,3.3028301e-08,1.0803077e-09,1.1047264e-09,3.3425818
0.7775,87.5291,1.0611752e-05,0,3.867312e-10,9.2923981e-09,9.6652757e-09,9.7468699e-09,6.4748229e-09,2.1255519e-10,2.1805315e-10,3.3737189
0.778,87.529027,1.0612493e-05,0,2.6804001e-11,5.8468034e-10,5.8439528e-10,5.9372697e-10,4.270796e-10,1.3599504e-11,1.3516118e-11,3.4050004
0.7785,87.528955,1.061688e-05,0,8.8657517e-10,2.058384e-08,2.1162979e-08,2.1398634e-08,1.4591369e-08,4.7400609e-10,4.8154965e-10,3.4364262
0.779,87.528883,1.062485e-05,0,2.910152e-09,6.7982926e-08,7.0053274e-08,7.0799648e-08,4.8049845e-08,1.5639733e-09,1.5918119e-09,3.4679964
0.7795,87.528811,1.063631e-05,0,6.0063454e-09,1.4064373e-07,1.4504857e-07,1.4656726e-07,9.9298784e-08,3.2345713e-09,3.2944465e-09,3.499711
0.78,87.528739,1.0651145e-05,0,1.0052075e-08,2.3567665e-07,2.4316566e-07,2.4568766e-07,1.6630453e-07,5.4195596e-09,5.5219342e-09,3.5315699
0.7805,87.528666,1.066921e-05,0,1.4896716e-08,3.4954268e-07,3.6075009e-07,3.6446918e-07,2.4657511e-07,8.0377172e-09,8.1914686e-09,3.5635731
0.781,87.528594,1.0690337e-05,0,2.0367225e-08,4.78174e-07,4.936008e-07,4.9866803e-07,3.3724507e-07,1.0995607e-08,1.1207773e-08,3.5957207
0.7815,87.528522,1.0714338e-05,0,2.6273897e-08,6.1710915e-07,6.3710963e-07,6.4362938e-07,4.3517067e-07,1.4190677e-08,1.4466268e-08,3.6280127
0.782,87.52845,1.0741e-05,0,3.2416535e-08,7.6163826e-07,7.8641138e-07,7.9443886e-07,5.3703224e-07,1.7514605e-08,1.7856473e-08,3.660449
0.7825,87.528377,1.0770094e-05,0,3.8590851e-08,9.0695375e-07,9.3653947e-07,9.460798e-07,6.3944054e-07,2.0856768e-08,2.1265554e-08,3.6930297
0.783,87.528305,1.0801372e-05,0,4.45949e-08,1.0483016e-06,1.0825823e-06,1.0935911e-06,7.3904357e-07,2.4107733e-08,2.458188e-08,3.7257547
0.7835,87.528233,1.0834571e-05,0,5.0235324e-08,1.1811287e-06,1.2198353e-06,1.2322211e-06,8.3263062e-07,2.7162657e-08,2.7698493e-08,3.7586241
0.784,87.528161,1.0869417e-05,0,5.5333242e-08,1.3012214e-06,1.3439442e-06,1.3575718e-06,9.1723024e-07,2.9924491e-08,3.0516378e-08,3.7916378
0.7845,87.528088,1.0905624e-05,0,5.9729589e-08,1.4048314e-06,1.4510353e-06,1.4657307e-06,9.9019925e-07,3.2306892e-08,3.2947431e-08,3.8247959
0.785,87.528016,1.0942896e-05,0,6.3289751e-08,1.4887849e-06,1.5378281e-06,1.5533847e-06,1.0493001e-06,3.4236753e-08,3.4917046e-08,3.8580983
0.7855,87.527944,1.0980933e-05,0,6.590737e-08,1.5505728e-06,1.6017283e-06,1.617914e-06,1.0927643e-06,3.5656282e-08,3.6366233e-08,3.8915451
0.786,87.527872,1.1019432e-05,0,6.7507205e-08,1.588418e-06,1.6408978e-06,1.6574623e-06,1.1193403e-06,3.6524567e-08,3.7253217e-08,3.9251362
0.7865,87.5278,1.1058087e-05,0,6.8046983e-08,1.6013191e-06,1.6542998e-06,1.6709829e-06,1.1283242e-06,3.6818588e-08,3.7554473e-08,3.9588718
0.787,87.527727,1.1096594e-05,0,6.751819e-08,1.5890693e-06,1.6417185e-06,1.6582583e-06,1.1195735e-06,3.6533656e-08,3.7265176e-08,3.9927516
0.7875,87.527655,1.1134652e-05,0,6.5945798e-08,1.5522504e-06,1.6037524e-06,1.6198936e-06,1.0935022e-06,3.568327e-08,3.6399052e-08,4.0267758
0.788,87.527583,1.1171968e-05,0,6.3386963e-08,1.492202e-06,1.5417834e-06,1.5572852e-06,1.0510591e-06,3.42984e-08,3.4987655e-08,4.0609444
0.7885,87.527511,1.1208254e-05,0,5.9928728e-08,1.4109679e-06,1.4579208e-06,1.4725639e-06,9.9369004e-07,3.2426252e-08,3.30791e-08,4.0952573
0.789,87.527438,1.1243235e-05,0,5.5684842e-08,1.3112211e-06,1.3549243e-06,1.3685177e-06,9.2328443e-07,3.0128523e-08,3.0736292e-08,4.1297146
0.7895,87.527366,1.1276646e-05,0,5.0791796e-08,1.1961705e-06,1.2361076e-06,1.2484941e-06,8.4210947e-07,2.7479249e-08,2.8034724e-08,4.1643162
0.79,87.527294,1.1308239e-05,0,4.5404208e-08,1.0694529e-06,1.1052265e-06,1.116287e-06,7.5273324e-07,2.4562288e-08,2.5059919e-08,4.1990622
0.7905,87.527222,1.1337781e-05,0,3.9689726e-08,9.3501229e-07,9.6635488e-07,9.7601129e-07,6.5793979e-07,2.1468549e-08,2.1904592e-08,4.2339525
0.791,87.52715,1.1365056e-05,0,3.3823596e-08,7.9697257e-07,8.2375263e-07,8.3197007e-07,5.6063873e-07,1.8293033e-08,1.8665643e-08,4.2689872
0.7915,87.527077,1.1389869e-05,0,2.7983083e-08,6.59506e-07,6.8173008e-07,6.8851706e-07,4.6377254e-07,1.5131804e-08,1.5441061e-08,4.3041662
0.792,87.527005,1.1412045e-05,0,2.2341919e-08,5.2670247e-07,5.4451285e-07,5.4992041e-07,3.7022411e-07,1.2078971e-08,1.2326846e-08,4.3394896
0.7925,87.526933,1.143143e-05,0,1.7064946e-08,4.0244337e-07,4.1611155e-07,4.2023097e-07,2.8272786e-07,9.2237797e-09,9.414044e-09,4.3749574
0.793,87.526861,1.1447896e-05,0,1.2303118e-08,2.9028394e-07,3.0020017e-07,3.0315955e-07,2.0378673e-07,6.6479098e-09,6.7859868e-09,4.4105695
0.7935,87.526788,1.1461336e-05,0,8.1890187e-09,1.9334761e-07,2.0000692e-07,2.0196661e-07,1.3559792e-07,4.4230454e-09,4.5158156e-09,4.446326
0.794,87.526716,1.1471668e-05,0,4.8330174e-09,1.1423549e-07,1.1822067e-07,1.1936778e-07,7.9989204e-08,2.608802e-09,2.664364e-09,4.4822268
0.7945,87.526644,1.1478837e-05,0,2.3201811e-09,5.4953552e-08,5.6915657e-08,5.7457813e-08,3.8367929e-08,1.2510622e-09,1.2784612e-09,4.5182719
0.795,87.526572,1.1482812e-05,0,7.0802071e-10,1.685952e-08,1.7496547e-08,1.765512e-08,1.1683858e-08,3.8076859e-10,3.896985e-10,4.5544615
0.7955,87.5265,1.1483585e-05,0,2.513199e-11,6.3075367e-10,6.6520717e-10,6.682145e-10,4.069422e-10,1.3200993e-11,1.3692434e-11,4.5907953
0.796,87.526427,1.1481178e-05,0,2.7075927e-10,6.2538863e-09,6.4099191e-09,6.4848275e-09,4.5203785e-09,1.4775516e-10,1.4985758e-10,4.6272736
0.7965,87.526355,1.1475633e-05,0,1.4152804e-09,3.3036133e-08,3.4016999e-08,3.4383657e-08,2.3528965e-08,7.6821952e-10,7.8168835e-10,4.6638962
0.797,87.526283,1.1467019e-05,0,3.4015835e-09,7.9637594e-08,8.2104104e-08,8.2968028e-08,5.6482225e-08,1.843534e-09,1.8775321e-09,4.7006631
0.7975,87.526211,1.1455428e-05,0,6.1472799e-09,1.4412322e-07,1.4867386e-07,1.5022007e-07,1.0201134e-07,3.3289985e-09,3.3918215e-09,4.7375744
0.798,87.526138,1.1440974e-05,0,9.5476688e-09,2.2403253e-07,2.3118583e-07,2.3357339e-07,1.583785e-07,5.1678872e-09,5.2667197e-09,4.77463
0.7985,87.526066,1.1423793e-05,0,1.3479352e-08,3.1646453e-07,3.2664421e-07,3.3000175e-07,2.23537e-07,7.2934092e-09,7.4341204e-09,4.81183
0.799,87.525994,1.1404042e-05,0,1.7804376e-08,4.1817514e-07,4.3169845e-07,4.361206e-07,2.9519992e-07,9.6309521e-09,9.8179354e-09,4.8491744
0.7995,87.525922,1.1381895e-05,0,2.2374758e-08,5.2568371e-07,5.4275322e-07,5.4829824e-07,3.709152e-07,1.2100531e-08,1.2336592e-08,4.8866631
0.8,87.52585,1.1357546e-05,0,2.7037259e-08,6.3538521e-07,6.5608439e-07,6.627729e-07,4.4814467e-07,1.4619365e-08,1.4905661e-08,4.9242962
0.8005,87.525777,1.1331202e-05,0,3.1638245e-08,7.4366455e-07,7.6795708e-07,7.7577209e-07,5.2434443e-07,1.7104498e-08,1.7440531e-08,4.9620736
0.801,87.525705,1.1303086e-05,0,3.602848e-08,8.4700949e-07,8.747423e-07,8.8363027e-07,5.970442e-07,1.9475384e-08,1.9859041e-08,4.9999954
0.8015,87.525633,1.1273433e-05,0,4.0067709e-08,9.4211837e-07,9.7302834e-07,9.8290149e-07,6.6392298e-07,2.1656355e-08,2.2084003e-08,5.0380615
0.802,87.525561,1.1242487e-05,0,4.362889e-08,1.0259998e-06,1.0597237e-06,1.0704633e-06,7.2287899e-07,2.3578895e-08,2.4045518e-08,5.076272
0.8025,87.525488,1.12105e-05,0,4.6601945e-08,1.0960609e-06,1.1321484e-06,1.1436089e-06,7.7209155e-07,2.5183657e-08,2.5683035e-08,5.1146268
0.803,87.525416,1.1177733e-05,0,4.8896926e-08,1.150182e-06,1.1881109e-06,1.2001251e-06,8.1007329e-07,2.6422162e-08,2.6947085e-08,5.153126
0.8035,87.525344,1.1144448e-05,0,5.0446495e-08,1.1867748e-06,1.2259689e-06,1.2383532e-06,8.3571113e-07,2.7258135e-08,2.7800644e-08,5.1917695
0.804,87.525272,1.1110911e-05,0,5.1207674e-08,1.2048239e-06,1.2446715e-06,1.2572323e-06,8.4829497e-07,2.7668436e-08,2.8220081e-08,5.2305574
0.8045,87.5252,1.1077386e-05,0,5.1162791e-08,1.2039093e-06,1.243783e-06,1.2563225e-06,8.4753338e-07,2.7643573e-08,2.8195685e-08,5.2694897
0.805,87.525127,1.1044135e-05,0,5.0319635e-08,1.1842097e-06,1.2234864e-06,1.2358091e-06,8.3355603e-07,2.7187775e-08,2.773174e-08,5.3085663
0.8055,87.525055,1.1011419e-05,0,4.8710808e-08,1.1464879e-06,1.1845679e-06,1.1964866e-06,8.0690294e-07,2.6318648e-08,2.6846174e-08,5.3477872
0.806,87.524983,1.0979488e-05,0,4.6392314e-08,1.0920576e-06,1.1283831e-06,1.1397246e-06,7.6850117e-07,2.5066413e-08,2.5569781e-08,5.3871525
0.8065,87.524911,1.0948587e-05,0,4.3441445e-08,1.0227333e-06,1.0568053e-06,1.0674157e-06,7.1962984e-07,2.3472764e-08,2.3945064e-08,5.4266622
0.807,87.524839,1.091895e-05,0,3.9954026e-08,9.4076658e-07,9.7215932e-07,9.819084e-07,6.6187473e-07,2.1589393e-08,2.2024722e-08,5.4663162
0.8075,87.524766,1.0890799e-05,0,3.604114e-08,8.4876823e-07,8.7714152e-07,8.859264e-07,5.9707402e-07,1.9476222e-08,1.9869853e-08,5.5061146
0.808,87.524694,1.0864344e-05,0,3.1825419e-08,7.4962158e-07,7.7472998e-07,7.8247804e-07,5.2725713e-07,1.7199408e-08,1.7547923e-08,5.5460573
0.8085,87.524622,1.0839778e-05,0,2.7437036e-08,6.4638817e-07,6.680872e-07,6.747578e-07,4.5457847e-07,1.4829188e-08,1.513056e-08,5.5861444
0.809,87.52455,1.0817278e-05,0,2.3009528e-08,5.4220946e-07,5.6045856e-07,5.6604382e-07,3.812484e-07,1.2437629e-08,1.2691264e-08,5.6263759
0.8095,87.524477,1.0797005e-05,0,1.8675578e-08,4.4020767e-07,4.5506982e-07,4.5959438e-07,3.0946347e-07,1.0096353e-08,1.030309e-08,5.6667517
0.81,87.524405,1.07791e-05,0,1.4562894e-08,3.4338874e-07,3.5502691e-07,3.5854661e-07,2.4133827e-07,7.8743201e-09,8.0363796e-09,5.7072718
0.8105,87.524333,1.0763684e-05,0,1.0790304e-08,2.5455046e-07,2.6322097e-07,2.6582067e-07,1.7884086e-07,5.8357163e-09,5.9566132e-09,5.7479363
0.811,87.524261,1.0750858e-05,0,7.4641944e-09,1.761986e-07,1.8224166e-07,1.8403213e-07,1.2373372e-07,4.0380348e-09,4.1224481e-09,5.7887452
0.8115,87.524189,1.0740702e-05,0,4.6753895e-09,1.104734e-07,1.1430125e-07,1.1541529e-07,7.7522109e-08,2.5303875e-09,2.5839975e-09,5.8296984
0.812,87.524116,1.0733275e-05,0,2.49657e-09,5.9088668e-08,6.1171575e-08,6.175958e-08,4.1411197e-08,1.3521068e-09,1.3814036e-09,5.8707959
0.8125,87.524044,1.0728612e-05,0,9.802946e-10,2.3285154e-08,2.4135891e-08,2.4360865e-08,1.6273224e-08,5.3167277e-10,5.4374188e-10,5.9120378
0.813,87.523972,1.0726729e-05,0,1.5768201e-10,3.799355e-09,3.95657e-09,3.9888637e-09,2.6255363e-09,8.5994586e-11,8.8287835e-11,5.9534241
0.8135,87.5239,1.0727617e-05,0,3.7781921e-11,8.4857764e-10,8.596286e-10,8.7152445e-10,6.2003422e-10,2.00641e-11,2.0162319e-11,5.9949547
0.814,87.523828,1.0731248e-05,0,6.0764395e-10,1.4132402e-08,1.4536195e-08,1.4696517e-08,1.004416e-08,3.269856e-10,3.3236095e-10,6.0366297
0.8145,87.523755,1.0737572e-05,0,1.833071e-09,4.2850263e-08,4.4160622e-08,4.4629542e-08,3.0333236e-08,9.8837571e-10,1.006161e-09,6.0784491
0.815,87.523683,1.0746517e-05,0,3.660023e-09,8.5734329e-08,8.8424423e-08,8.9348616e-08,6.059358e-08,1.9751151e-09,2.011887e-09,6.1204127
0.8155,87.523611,1.0757993e-05,0,6.0166162e-09,1.4109644e-07,1.4558471e-07,1.47093e-07,9.9635513e-08,3.2484232e-09,3.3100067e-09,6.1625208
0.816,87.523539,1.0771888e-05,0,8.8156469e-09,2.0688736e-07,2.1352539e-07,2.1572506e-07,1.4601509e-07,4.7612178e-09,4.8525159e-09,6.2047732
0.8165,87.523467,1.0788076e-05,0,1.1957553e-08,2.807664e-07,2.8982906e-07,2.9280282e-07,1.9808308e-07,6.4597118e-09,6.5845681e-09,6.2471699
0.817,87.523394,1.080641e-05,0,1.533371e-08,3.6017894e-07,3.7185706e-07,3.7566091e-07,2.5403962e-07,8.2851955e-09,8.4462905e-09,6.289711
0.8175,87.523322,1.0826731e-05,0,1.8829964e-08,4.4243946e-07,4.5683527e-07,4.6149716e-07,3.1199268e-07,1.0175943e-08,1.037473e-08,6.3323965
0.818,87.52325,1.0848862e-05,0,2.2330273e-08,5.2481728e-07,5.4194266e-07,5.4746208e-07,3.7001849e-07,1.2069187e-08,1.2305862e-08,6.3752263
0.8185,87.523178,1.0872617e-05,0,2.5720351e-08,6.0462236e-07,6.2439993e-07,6.3074841e-07,4.2622201e-07,1.3903087e-08,1.417661e-08,6.4182005
0.819,87.523106,1.0897795e-05,0,2.8891206e-08,6.7928846e-07,7.0155545e-07,7.0867789e-07,4.787956e-07,1.5618651e-08,1.5926792e-08,6.461319
0.8195,87.523033,1.0924189e-05,0,3.1742445e-08,7.4645116e-07,7.7096587e-07,7.7878268e-07,5.2607396e-07,1.7161524e-08,1.7500953e-08,6.5045819
0.82,87.522961,1.0951582e-05,0,3.4185269e-08,8.0401831e-07,8.3046893e-07,8.3887891e-07,5.6658382e-07,1.8483616e-08,1.8850026e-08,6.5479891
0.8205,87.522889,1.0979751e-05,0,3.6145056e-08,8.5023088e-07,8.7824634e-07,8.8713021e-07,5.990869e-07,1.95445e-08,1.9932755e-08,6.5915407
0.821,87.522817,1.1008469e-05,0,3.7563454e-08,8.8371252e-07,9.1287502e-07,9.2209941e-07,6.2261474e-07,2.0312555e-08,2.0716865e-08,6.6352366
0.8215,87.522744,1.1037507e-05,0,3.8399951e-08,9.0350632e-07,9.3336514e-07,9.4278697e-07,6.364947e-07,2.0765813e-08,2.1179926e-08,6.6790769
0.822,87.522672,1.1066635e-05,0,3.8632842e-08,9.09098e-07,9.3918407e-07,9.486552e-07,6.4036621e-07,2.0892491e-08,2.1309894e-08,6.7230616
0.8225,87.5226,1.1095624e-05,0,3.8259617e-08,9.0042491e-07,9.3026577e-07,9.3963768e-07,6.3418712e-07,2.0691199e-08,2.1105329e-08,6.7671906
0.823,87.522528,1.1124247e-05,0,3.7296726e-08,8.778708e-07,9.0700538e-07,9.1613383e-07,6.1822992e-07,2.0170819e-08,2.0575265e-08,6.8114639
0.8235,87.522456,1.1152284e-05,0,3.5778774e-08,8.4224678e-07,8.7023963e-07,8.7898909e-07,5.9306832e-07,1.9350065e-08,1.973877e-08,6.8558816
0.824,87.522383,1.117952e-05,0,3.3757146e-08,7.9475928e-07,8.2121375e-07,8.294615e-07,5.5955452e-07,1.8256743e-08,1.8624185e-08,6.9004437
0.8245,87.522311,1.1205747e-05,0,3.1298147e-08,7.3696618e-07,7.6153622e-07,7.6917594e-07,5.1878825e-07,1.6926737e-08,1.7268095e-08,6.9451501
0.825,87.522239,1.1230768e-05,0,2.8480696e-08,6.7072269e-07,6.9312281e-07,7.0006772e-07,4.7207852e-07,1.5402765e-08,1.5714059e-08,6.9900009
0.8255,87.522167,1.1254396e-05,0,2.5393668e-08,5.9811884e-07,6.1813212e-07,6.2431729e-07,4.2089949e-07,1.3732935e-08,1.4011136e-08,7.034996
0.826,87.522095,1.1276458e-05,0,2.2132968e-08,5.214106e-07,5.3889437e-07,5.4427849e-07,3.6684186e-07,1.1969158e-08,1.2212269e-08,7.0801355
0.8265,87.522022,1.1296792e-05,0,1.8798431e-08,4.4294697e-07,4.5783611e-07,4.6240236e-07,3.1156139e-07,1.016547e-08,1.037257e-08,7.1254193
0.827,87.52195,1.1315254e-05,0,1.5490646e-08,3.650953e-07,3.7740308e-07,3.8115929e-07,2.5672628e-07,8.3763087e-09,8.5475686e-09,7.1708475
0.8275,87.521878,1.1331713e-05,0,1.2307816e-08,2.9016722e-07,2.9998366e-07,3.029617e-07,2.0396491e-07,6.6548132e-09,6.7914693e-09,7.21642
0.828,87.521806,1.1346057e-05,0,9.3427281e-09,2.2034749e-07,2.2783539e-07,2.3008977e-07,1.5481572e-07,5.0511841e-09,5.1554847e-09,7.2621369
0.8285,87.521734,1.1358189e-05,0,6.6799541e-09,1.5762791e-07,1.6301662e-07,1.6462249e-07,1.1068064e-07,3.6111658e-09,3.6862851e-09,7.3079982
0.829,87.521661,1.1368033e-05,0,4.3933411e-09,1.037483e-07,1.073256e-07,1.0837604e-07,7.2783584e-08,2.3746911e-09,2.4246153e-09,7.3540038
0.8295,87.521589,1.1375529e-05,0,2.5438809e-09,6.0146293e-08,6.2248458e-08,6.2851349e-08,4.2135127e-08,1.3747287e-09,1.404119e-09,7.4001538
0.83,87.521517,1.1380637e-05,0,1.1780123e-09,2.7917253e-08,2.8917903e-08,2.9192303e-08,1.9504374e-08,6.3636626e-10,6.5040302e-10,7.4464481
0.8305,87.521445,1.1383337e-05,0,3.2640358e-10,7.7856013e-09,8.0834582e-09,8.1557445e-09,5.3988481e-09,1.7615482e-10,1.8036802e-10,7.4928867
0.831,87.521373,1.1383625e-05,0,3.2457518e-12,8.8078682e-11,9.4180021e-11,9.3997349e-11,5.2833052e-11,1.7289614e-12,1.8204293e-12,7.5394698
0.8315,87.5213,1.1381519e-05,0,2.0607055e-10,4.7693869e-09,4.8941071e-09,4.9502849e-09,3.4244249e-09,1.1171168e-10,1.133749e-10,7.5861971
0.832,87.521228,1.1377055e-05,0,9.1609021e-10,2.1390106e-08,2.2030404e-08,2.2266963e-08,1.5201239e-08,4.959015e-10,5.0464466e-10,7.6330689
0.8325,87.521156,1.1370286e-05,0,2.0990406e-09,4.9146461e-08,5.0673748e-08,5.1206118e-08,3.4814456e-08,1.1357317e-09,1.1567093e-09,7.6800849
0.833,87.521084,1.1361284e-05,0,3.7064934e-09,8.690113e-08,8.9650122e-08,9.058169e-08,6.1460632e-08,2.0049826e-09,2.0428409e-09,7.7272454
0.8335,87.521012,1.1350136e-05,0,5.6775888e-09,1.3322396e-07,1.3748285e-07,1.3890194e-07,9.413048e-08,3.0707213e-09,3.1294623e-09,7.7745502
0.834,87.520939,1.1336948e-05,0,7.9411287e-09,1.8644116e-07,1.9244341e-07,1.9442076e-07,1.3164359e-07,4.2944353e-09,4.3773023e-09,7.8219993
0.8345,87.520867,1.1321838e-05,0,1.0417959e-08,2.4469134e-07,2.5260927e-07,2.5519612e-07,1.7268795e-07,5.6333213e-09,5.7427109e-09,7.8695928
0.835,87.520795,1.1304941e-05,0,1.3023561e-08,3.0598644e-07,3.1592687e-07,3.1915371e-07,2.158629e-07,7.0416873e-09,7.1790886e-09,7.9173307
0.8355,87.520723,1.1286403e-05,0,1.5670772e-08,3.6827574e-07,3.8027771e-07,3.8415363e-07,2.597242e-07,8.4724224e-09,8.6383856e-09,7.9652129
0.836,87.520651,1.1266382e-05,0,1.8272543e-08,4.2951073e-07,4.4354537e-07,4.4805814e-07,3.028297e-07,9.8784868e-09,1.0072621e-08,8.0132394
0.8365,87.520578,1.1245047e-05,0,2.0744649e-08,4.8770892e-07,5.0368148e-07,5.0879825e-07,3.4378425e-07,1.1214375e-08,1.1435378e-08,8.0614104
0.837,87.520506,1.1222577e-05,0,2.3008268e-08,5.4101458e-07,5.5876843e-07,5.6443711e-07,3.8128242e-07,1.2437511e-08,1.2683221e-08,8.1097256
0.8375,87.520434,1.1199155e-05,0,2.4992359e-08,5.8775458e-07,6.0707706e-07,6.1322827e-07,4.141477e-07,1.3509524e-08,1.3777004e-08,8.1581853
0.838,87.520362,1.1174974e-05,0,2.6635742e-08,6.2648759e-07,6.4711763e-07,6.5366711e-07,4.4136713e-07,1.4397379e-08,1.468302e-08,8.2067892
0.8385,87.52029,1.1150228e-05,0,2.788886e-08,6.5604542e-07,6.7768238e-07,6.8453389e-07,4.6212025e-07,1.5074318e-08,1.5373963e-08,8.2555376
0.839,87.520217,1.1125116e-05,0,2.8715131e-08,6.75565e-07,6.9787874e-07,7.0492724e-07,4.7580157e-07,1.5520598e-08,1.5829679e-08,8.3044303
0.8395,87.520145,1.1099839e-05,0,2.9091888e-08,6.845105e-07,7.0715216e-07,7.1428721e-07,4.8203605e-07,1.5723986e-08,1.6037676e-08,8.3534673
0.84,87.520073,1.1074595e-05,0,2.9010861e-08,6.8268483e-07,7.05298e-07,7.1240735e-07,4.8068708e-07,1.5680029e-08,1.5993394e-08,8.4026487
0.8405,87.520001,1.1049581e-05,0,2.8478211e-08,6.702304e-07,6.924624e-07,6.9943547e-07,4.7185697e-07,1.5392064e-08,1.5700218e-08,8.4519744
0.841,87.519929,1.1024994e-05,0,2.7514104e-08,6.4761934e-07,6.6913214e-07,6.7586348e-07,4.5587998e-07,1.4870991e-08,1.5169251e-08,8.5014445
0.8415,87.519856,1.1001021e-05,0,2.6151866e-08,6.1563347e-07,6.3611406e-07,6.4250654e-07,4.3330819e-07,1.4134814e-08,1.441884e-08,8.551059
0.842,87.519784,1.0977845e-05,0,2.443673e-08,5.7533512e-07,5.9450485e-07,6.0047259e-07,4.0489089e-07,1.3207968e-08,1.3473893e-08,8.6008178
0.8425,87.519712,1.0955643e-05,0,2.2424241e-08,5.2802949e-07,5.4565225e-07,5.5112312e-07,3.7154806e-07,1.2120454e-08,1.2365e-08,8.650721
0.843,87.51964,1.093458e-05,0,2.0178358e-08,4.7522015e-07,4.9110911e-07,4.9602672e-07,3.3433906e-07,1.0906819e-08,1.1127388e-08,8.7007685
0.8435,87.519568,1.0914812e-05,0,1.7769331e-08,4.1855904e-07,4.3258165e-07,4.3690694e-07,2.9442736e-07,9.605008e-09,9.7997501e-09,8.7509604
0.844,87.519495,1.0896484e-05,0,1.5271405e-08,3.5979258e-07,3.7187391e-07,3.7558605e-07,2.5304272e-07,8.255126e-09,8.4229898e-09,8.8012966
0.8445,87.519423,1.0879729e-05,0,1.2760448e-08,3.0070577e-07,3.1082995e-07,3.1392671e-07,2.1144174e-07,6.8981567e-09,7.0389075e-09,8.8517772
0.845,87.519351,1.0864664e-05,0,1.0311558e-08,2.4306596e-07,2.5127573e-07,2.5377328e-07,1.7086836e-07,5.5746716e-09,5.6888864e-09,8.9024021
0.8455,87.519279,1.0851396e-05,0,7.9967332e-09,1.8856798e-07,1.9496247e-07,1.9689457e-07,1.3251525e-07,4.3235727e-09,4.4126098e-09,8.9531714
0.846,87.519207,1.0840012e-05,0,5.882679e-09,1.3878251e-07,1.4351326e-07,1.4492997e-07,9.7487492e-08,3.1809068e-09,3.2468516e-09,9.0040851
0.8465,87.519134,1.0830588e-05,0,4.0288109e-09,9.5109059e-08,9.8374531e-08,9.9340342e-08,6.6769511e-08,2.1787876e-09,2.2243767e-09,9.0551431
0.847,87.519062,1.0823182e-05,0,2.4855188e-09,5.8735099e-08,6.0773705e-08,6.136536e-08,4.1196319e-08,1.3444575e-09,1.3729831e-09,9.1063454
0.8475,87.51899,1.0817836e-05,0,1.2927395e-09,3.0602372e-08,3.1684465e-08,3.1988351e-08,2.1429842e-08,6.9951515e-10,7.1471432e-10,9.1576921
0.848,87.518918,1.0814575e-05,0,4.7887778e-10,1.1381452e-08,1.1800404e-08,1.1909721e-08,7.9410348e-09,2.5933135e-10,2.6526312e-10,9.2091832
0.8485,87.518846,1.0813409e-05,0,6.0103689e-11,1.4551367e-09,1.5178518e-09,1.5296033e-09,9.9820801e-10,3.2668281e-11,3.3582202e-11,9.2608186
0.849,87.518773,1.0814329e-05,0,4.0042817e-11,9.110812e-10,9.2823475e-10,9.4015142e-10,6.6186791e-10,2.1510269e-11,2.1711389e-11,9.3125984
0.8495,87.518701,1.0817312e-05,0,4.0986217e-10,9.5437402e-09,9.8200553e-09,9.9275438e-09,6.7861048e-09,2.211085e-10,2.2482265e-10,9.3645225
0.85,87.518629,1.0822318e-05,0,1.1487431e-09,2.6865421e-08,2.7690286e-08,2.7983498e-08,1.9026394e-08,6.2023487e-10,6.3147848e-10,9.416591
0.8505,87.518557,1.0829292e-05,0,2.22472e-09,5.2125953e-08,5.3764665e-08,5.4325779e-08,3.6853465e-08,1.2016337e-09,1.2240922e-09,9.4688038
0.851,87.518485,1.0838163e-05,0,3.5958537e-09,8.4340227e-08,8.7026126e-08,8.7926916e-08,5.9572705e-08,1.9426543e-09,1.9795727e-09,9.521161
0.8515,87.518413,1.0848847e-05,0,5.2116962e-09,1.2232262e-07,1.2625034e-07,1.2755011e-07,8.6348414e-08,2.8160416e-09,2.8701306e-09,9.5736625
0.852,87.51834,1.0861246e-05,0,7.0149979e-09,1.647271e-07,1.7004715e-07,1.7179109e-07,1.1623208e-07,3.790858e-09,3.864218e-09,9.6263084
0.8525,87.518268,1.0875248e-05,0,8.9435996e-09,2.1009176e-07,2.1690652e-07,2.1912455e-07,1.481937e-07,4.8335058e-09,4.9275713e-09,9.6790987
0.853,87.518196,1.0890731e-05,0,1.0932447e-08,2.5688616e-07,2.6524752e-07,2.6795355e-07,1.8115521e-07,5.9088157e-09,6.0243213e-09,9.7320333
0.8535,87.518124,1.0907563e-05,0,1.2915664e-08,3.0356013e-07,3.1346865e-07,3.1666046e-07,2.1402477e-07,6.9811684e-09,7.118137e-09,9.7851122
0.854,87.518052,1.09256e-05,0,1.4828618e-08,3.4859238e-07,3.5999814e-07,3.6365768e-07,2.457311e-07,8.0156113e-09,8.1733652e-09,9.8383356
0.8545,87.517979,1.0944691e-05,0,1.6609915e-08,3.9053746e-07,4.033424e-07,4.0743664e-07,2.7525647e-07,8.9789382e-09,9.1561308e-09,9.8917032
0.855,87.517907,1.0964679e-05,0,1.8203261e-08,4.2806957e-07,4.4213136e-07,4.4661353e-07,3.0166761e-07,9.8406963e-09,1.0035365e-08,9.9452152
0.8555,87.517835,1.09854e-05,0,1.9559133e-08,4.60022e-07,4.7515917e-07,4.7997046e-07,3.2414346e-07,1.0574092e-08,1.0783731e-08,9.9988716
0.856,87.517763,1.1006685e-05,0,2.0636219e-08,4.8542096e-07,5.0141921e-07,5.0649079e-07,3.4199899e-07,1.115677e-08,1.1378414e-08,10.052672
0.8565,87.517691,1.1028363e-05,0,2.1402569e-08,5.0351284e-07,5.2013225e-07,5.2538759e-07,3.547044e-07,1.1571438e-08,1.1801765e-08,10.106617
0.857,87.517618,1.1050261e-05,0,2.1836447e-08,5.1378422e-07,5.3076715e-07,5.3612451e-07,3.6189915e-07,1.1806326e-08,1.2041765e-08,10.160707
0.8575,87.517546,1.1072206e-05,0,2.1926845e-08,5.1597405e-07,5.3305347e-07,5.3842858e-07,3.6340057e-07,1.1855468e-08,1.2092315e-08,10.214941
0.858,87.517474,1.1094025e-05,0,2.1673655e-08,5.1007781e-07,5.2698577e-07,5.3229444e-07,3.592067e-07,1.1718793e-08,1.1953331e-08,10.269319
0.8585,87.517402,1.1115549e-05,0,2.1087497e-08,4.963435e-07,5.1281955e-07,5.1798034e-07,3.4949349e-07,1.1402038e-08,1.163065e-08,10.323841
0.859,87.51733,1.1136611e-05,0,2.0189222e-08,4.7526001e-07,4.9105917e-07,4.9599589e-07,3.3460651e-07,1.0916473e-08,1.1135754e-08,10.378508
0.8595,87.517257,1.1157049e-05,0,1.90091e-08,4.4753798e-07,4.6243818e-07,4.6708216e-07,3.1504748e-07,1.0278463e-08,1.0485327e-08,10.433319
0.86,87.517185,1.1176709e-05,0,1.7585723e-08,4.1408419e-07,4.278928e-07,4.3218496e-07,2.9145616e-07,9.5088806e-09,9.7006462e-09,10.488275
0.8605,87.517113,1.1195443e-05,0,1.5964673e-08,3.7597015e-07,3.8852959e-07,3.9242206e-07,2.6458818e-07,8.6323776e-09,8.8068493e-09,10.543375
0.861,87.517041,1.1213111e-05,0,1.4196992e-08,3.3439612e-07,3.4558819e-07,3.4904571e-07,2.352897e-07,7.6765607e-09,7.832089e-09,10.598619
0.8615,87.516969,1.1229583e-05,0,1.2337503e-08,2.9065165e-07,3.0040062e-07,3.034014e-07,2.0446956e-07,6.6710823e-09,6.8066065e-09,10.654008
0.862,87.516896,1.1244739e-05,0,1.0443042e-08,2.46074e-07,2.5434831e-07,2.5688451e-07,1.7306996e-07,5.6466837e-09,5.7617557e-09,10.709541
0.8625,87.516824,1.1258472e-05,0,8.5706547e-09,2.0200567e-07,2.0881823e-07,2.1089598e-07,1.4203655e-07,4.6342189e-09,4.7290082e-09,10.765218
0.863,87.516752,1.1270685e-05,0,6.7758155e-09,1.5975251e-07,1.651596e-07,1.6679861e-07,1.1228891e-07,3.6636913e-09,3.7389697e-09,10.82104
0.8635,87.51668,1.1281294e-05,0,5.1107241e-09,1.2054356e-07,1.2464244e-07,1.2587515e-07,8.469227e-08,2.7633315e-09,2.8204395e-09,10.877006
0.864,87.516608,1.1290228e-05,0,3.6227299e-09,8.5494029e-08,8.8419224e-08,8.9289639e-08,6.003144e-08,1.958745e-09,1.9995416e-09,10.933116
0.8645,87.516536,1.1297433e-05,0,2.3529334e-09,5.5572271e-08,5.7490843e-08,5.8052939e-08,3.898758e-08,1.2721561e-09,1.2989526e-09,10.989371
0.865,87.516463,1.1302863e-05,0,1.3350039e-09,3.1571973e-08,3.2677801e-08,3.299371e-08,2.2118637e-08,7.2176845e-10,7.3724925e-10,11.04577
0.8655,87.516391,1.1306492e-05,0,5.9424816e-10,1.409017e-08,1.4597497e-08,1.4735447e-08,9.843897e-09,3.2126163e-10,3.283949e-10,11.102313
0.866,87.516319,1.1308305e-05,0,1.469537e-10,3.511749e-09,3.6482025e-09,3.6802972e-09,2.4331224e-09,7.9436478e-11,8.1377301e-11,11.159001
0.8665,87.516247,1.1308301e-05,0,2.3924224e-14,8.1313563e-13,1.1321569e-13,2.7034724e-14,5.141982e-13,1.8421504e-14,7.6545565e-15,11.215833
0.867,87.516175,1.1306497e-05,0,1.5091138e-10,3.4990598e-09,3.5936537e-09,3.6343172e-09,2.5036218e-09,8.1622041e-11,8.2884111e-11,11.27281
0.8675,87.516102,1.1302919e-05,0,5.8784658e-10,1.3731116e-08,1.4144969e-08,1.4296312e-08,9.747153e-09,3.1787551e-10,3.2351837e-10,11.329931
0.868,87.51603,1.1297611e-05,0,1.2903506e-09,3.0216555e-08,3.1158321e-08,3.1485145e-08,2.1391486e-08,6.9769847e-10,7.106188e-10,11.387196
0.8685,87.515958,1.1290627e-05,0,2.230011e-09,5.2288111e-08,5.3944883e-08,5.4504929e-08,3.6965547e-08,1.2057223e-09,1.2285187e-09,11.444606
0.869,87.515886,1.1282036e-05,0,3.3714927e-09,7.9115433e-08,8.1647272e-08,8.2489535e-08,5.5883573e-08,1.8228371e-09,1.8577344e-09,11.50216
0.8695,87.515814,1.1271917e-05,0,4.6737487e-09,1.0973353e-07,1.1326892e-07,1.1443227e-07,7.7465193e-08,2.526847e-09,2.5756325e-09,11.559858
0.87,87.515741,1.1260363e-05,0,6.0913894e-09,1.4307501e-07,1.4770736e-07,1.4921948e-07,1.0095812e-07,3.2932106e-09,3.3571861e-09,11.617701
0.8705,87.515669,1.1247475e-05,0,7.576166e-09,1.780049e-07,1.8379021e-07,1.8566693e-07,1.2556276e-07,4.0958431e-09,4.1757921e-09,11.675688
0.871,87.515597,1.1233364e-05,0,9.0785193e-09,2.1335714e-07,2.2031286e-07,2.2255787e-07,1.5045785e-07,4.9079538e-09,5.0041254e-09,11.733819
0.8715,87.515525,1.1218152e-05,0,1.0549145e-08,2.4797141e-07,2.5607651e-07,2.586814e-07,1.748264e-07,5.7028917e-09,5.8150018e-09,11.792095
0.872,87.515453,1.1201966e-05,0,1.1940524e-08,2.8072915e-07,2.8992543e-07,2.9287018e-07,1.9788109e-07,6.4549738e-09,6.5822225e-09,11.850515
0.8725,87.51538,1.118494e-05,0,1.3208381e-08,3.1058782e-07,3.2078227e-07,3.2403606e-07,2.1888833e-07,7.1402702e-09,7.2813751e-09,11.909079
0.873,87.515308,1.1167216e-05,0,1.4313005e-08,3.3661212e-07,3.4768046e-07,3.5120278e-07,2.3719026e-07,7.7373212e-09,7.8905653e-09,11.967788
0.8735,87.515236,1.1148936e-05,0,1.522042e-08,3.5800151e-07,3.6979249e-07,3.735346e-07,2.5222404e-07,8.227767e-09,8.3910593e-09,12.026641
0.874,87.515164,1.113025e-05,0,1.5903351e-08,3.7411295e-07,3.8645355e-07,3.9036011e-07,2.6353788e-07,8.5968701e-09,8.7678169e-09,12.085638
0.8745,87.515092,1.1111306e-05,0,1.6341969e-08,3.8447848e-07,3.9717967e-07,4.0119056e-07,2.7080337e-07,8.8339173e-09,9.0099017e-09,12.14478
0.875,87.51502,1.1092255e-05,0,1.6524389e-08,3.8881703e-07,4.016799e-07,4.0573221e-07,2.7382371e-07,8.9324888e-09,9.1107561e-09,12.204066
0.8755,87.514947,1.1073248e-05,0,1.6446917e-08,3.870402e-07,3.9986235e-07,4.0389235e-07,2.7253781e-07,8.8905908e-09,9.0683363e-09,12.263497
0.876,87.514875,1.1054433e-05,0,1.6114033e-08,3.7925199e-07,3.9183388e-07,3.9577905e-07,2.6701998e-07,8.7106465e-09,8.8851044e-09,12.323072
0.8765,87.514803,1.1035956e-05,0,1.5538121e-08,3.6574245e-07,3.7789362e-07,3.8169458e-07,2.5747553e-07,8.3993512e-09,8.5678797e-09,12.382791
0.877,87.514731,1.1017958e-05,0,1.4738963e-08,3.4697576e-07,3.585206e-07,3.6212291e-07,2.4423223e-07,7.9673951e-09,8.1275575e-09,12.442655
0.8775,87.514659,1.1000579e-05,0,1.3742999e-08,3.2357293e-07,3.3435597e-07,3.3771175e-07,2.2772818e-07,7.4290676e-09,7.5787046e-09,12.502663
0.878,87.514586,1.0983948e-05,0,1.25824e-08,2.9629002e-07,3.0618043e-07,3.0924975e-07,2.0849643e-07,6.8017544e-09,6.9390475e-09,12.562815
0.8785,87.514514,1.096819e-05,0,1.1293973e-08,2.659924e-07,2.7488771e-07,2.7763972e-07,1.8714682e-07,6.1053469e-09,6.2288697e-09,12.623112
0.879,87.514442,1.0953421e-05,0,9.9179442e-09,2.3362604e-07,2.414549e-07,2.4386866e-07,1.6434581e-07,5.3615831e-09,5.4703394e-09,12.683553
0.8795,87.51437,1.093975e-05,0,8.4966454e-09,2.0018677e-07,2.0691068e-07,2.0897564e-07,1.4079475e-07,4.5933402e-09,4.686789e-09,12.744138
0.88,87.514298,1.0927276e-05,0,7.0731649e-09,1.6668844e-07,1.7230245e-07,1.7401861e-07,1.1720755e-07,3.8239046e-09,3.9019694e-09,12.804868
0.8805,87.514225,1.0916085e-05,0,5.6899911e-09,1.3413101e-07,1.3866335e-07,1.4004114e-07,9.4288173e-08,3.0762394e-09,3.1393036e-09,12.865742
0.881,87.514153,1.0906256e-05,0,4.387698e-09,1.0346966e-07,1.0698035e-07,1.080401e-07,7.2708866e-08,2.3722739e-09,2.4211617e-09,12.92676
0.8815,87.514081,1.0897855e-05,0,3.2037107e-09,7.558567e-08,7.8164147e-08,7.8935328e-08,5.3089739e-08,1.7322369e-09,1.768181e-09,12.987923
0.882,87.514009,1.0890936e-05,0,2.1711888e-09,5.126015e-08,5.3022042e-08,5.3542181e-08,3.5980238e-08,1.1740532e-09,1.1986498e-09,13.04923
0.8825,87.513937,1.0885543e-05,0,1.3180606e-09,3.1151281e-08,3.2234386e-08,3.2547792e-08,2.1843155e-08,7.1282139e-10,7.2797506e-10,13.110682
0.883,87.513864,1.0881704e-05,0,6.6623522e-10,1.5775741e-08,1.63354e-08,1.649167e-08,1.104157e-08,3.6038799e-10,3.6824772e-10,13.172278
0.8835,87.513792,1.0879438e-05,0,2.3101545e-10,5.4948473e-09,5.6988319e-09,5.7512305e-09,3.8291136e-09,1.2502977e-10,1.2791816e-10,13.234018
0.884,87.51372,1.087875e-05,0,2.0725242e-11,5.0575559e-10,5.2885476e-10,5.3259549e-10,3.4379467e-10,1.1252127e-11,1.1590503e-11,13.295902
0.8845,87.513648,1.0879632e-05,0,3.6560898e-11,8.3791355e-10,8.5638657e-10,8.6688487e-10,6.0552593e-10,1.9708276e-11,1.9939834e-11,13.357931
0.885,87.513576,1.0882066e-05,0,2.7266671e-10,6.3548005e-09,6.540871e-09,6.6120175e-09,4.5173701e-09,1.4723968e-10,1.4975318e-10,13.420105
0.8855,87.513504,1.088602e-05,0,7.1642917e-10,1.676081e-08,1.7277374e-08,1.7459882e-08,1.1870407e-08,3.8703467e-10,3.9409099e-10,13.482422
0.886,87.513431,1.0891451e-05,0,1.3489771e-09,3.1612982e-08,3.2608689e-08,3.294857e-08,2.2352016e-08,7.2889836e-10,7.4256223e-10,13.544884
0.8865,87.513359,1.0898304e-05,0,2.1458691e-09,5.0337141e-08,5.1942e-08,5.2479204e-08,3.5557253e-08,1.1596238e-09,1.1817027e-09,13.60749
0.887,87.513287,1.0906514e-05,0,3.0779431e-09,7.2247869e-08,7.45695e-08,7.5336774e-08,5.1002934e-08,1.6634509e-09,1.695443e-09,13.670241
0.8875,87.513215,1.0916007e-05,0,4.1123002e-09,9.6571623e-08,9.9692273e-08,1.0071425e-07,6.8143924e-08,2.2225982e-09,2.2656505e-09,13.733136
0.888,87.513143,1.0926698e-05,0,5.2133893e-09,1.2247224e-07,1.2644663e-07,1.2773922e-07,8.639111e-08,2.8178488e-09,2.8727273e-09,13.796176
0.8885,87.51307,1.0938493e-05,0,6.3441565e-09,1.49078e-07,1.5393206e-07,1.5550205e-07,1.0513045e-07,3.4291716e-09,3.4962434e-09,13.859359
0.889,87.512998,1.0951291e-05,0,7.467224e-09,1.7550931e-07,1.8123986e-07,1.8308488e-07,1.2374251e-07,4.0363589e-09,4.1155874e-09,13.922687
0.8895,87.512926,1.0964984e-05,0,8.5460597e-09,2.009063e-07,2.0748159e-07,2.0959035e-07,1.4162184e-07,4.6196585e-09,4.7106109e-09,13.98616
0.89,87.512854,1.0979458e-05,0,9.5461022e-09,2.2445525e-07,2.3181644e-07,2.3416918e-07,1.5819564e-07,5.1603826e-09,5.2622497e-09,14.049777
0.8905,87.512782,1.0994592e-05,0,1.0435807e-08,2.4541325e-07,2.5347667e-07,2.5604596e-07,1.7294107e-07,5.6414729e-09,5.7531006e-09,14.113538
0.891,87.51271,1.1010263e-05,0,1.118758e-08,2.6313021e-07,2.7179037e-07,2.7454207e-07,1.8540078e-07,6.0480066e-09,6.1679373e-09,14.177443
0.8915,87.512637,1.1026344e-05,0,1.1778578e-08,2.7706765e-07,2.8620089e-07,2.8909532e-07,1.951961e-07,6.367628e-09,6.4941512e-09,14.241493
0.892,87.512565,1.1042706e-05,0,1.2191342e-08,2.8681372e-07,2.9628236e-07,2.9927562e-07,2.0203763e-07,6.5908924e-09,6.7221019e-09,14.305687
0.8925,87.512493,1.1059217e-05,0,1.2414255e-08,2.9209401e-07,3.0175086e-07,3.047963e-07,2.0573279e-07,6.7115151e-09,6.8453717e-09,14.370026
0.893,87.512421,1.1075748e-05,0,1.2441816e-08,2.9277793e-07,3.0247106e-07,3.0552074e-07,2.0619034e-07,6.7265165e-09,6.860914e-09,14.434509
0.8935,87.512349,1.1092169e-05,0,1.227471e-08,2.8888048e-07,2.9845803e-07,3.0146427e-07,2.034216e-07,6.6362633e-09,6.769095e-09,14.499136
0.894,87.512276,1.1108351e-05,0,1.1919691e-08,2.8055951e-07,2.8987442e-07,2.9279128e-07,1.9753847e-07,6.4444033e-09,6.5736283e-09,14.563908
0.8945,87.512204,1.1124171e-05,0,1.1389273e-08,2.681085e-07,2.7702303e-07,2.798077e-07,1.8874833e-07,6.1577006e-09,6.281406e-09,14.628824
0.895,87.512132,1.1139506e-05,0,1.0701251e-08,2.5194527e-07,2.6033519e-07,2.6294927e-07,1.773461e-07,5.7857744e-09,5.9022335e-09,14.693884
0.8955,87.51206,1.1154241e-05,0,9.8780612e-09,2.32597e-07,2.403552e-07,2.4276587e-07,1.6370363e-07,5.3407546e-09,5.4484775e-09,14.759089
0.896,87.511988,1.1168265e-05,0,8.9460085e-09,2.1068206e-07,2.1772165e-07,2.1990258e-07,1.4825689e-07,4.8368636e-09,4.9346403e-09,14.824438
0.8965,87.511915,1.1181473e-05,0,7.9343855e-09,1.8688928e-07,1.9314601e-07,1.9507807e-07,1.3149139e-07,4.2899397e-09,4.3768734e-09,14.889931
0.897,87.511843,1.1193769e-05,0,6.8745119e-09,1.6195537e-07,1.6738924e-07,1.6906101e-07,1.1392623e-07,3.7169178e-09,3.7924482e-09,14.955569
0.8975,87.511771,1.1205064e-05,0,5.7987267e-09,1.3664122e-07,1.4123737e-07,1.4264538e-07,9.609739e-08,3.1352841e-09,3.1991994e-09,15.021351
0.898,87.511699,1.1215276e-05,0,4.7393638e-09,1.1170775e-07,1.1547657e-07,1.1662524e-07,7.8540788e-08,2.5625224e-09,2.6149605e-09,15.087278
0.8985,87.511627,1.1224335e-05,0,3.7277446e-09,8.7892276e-08,9.0868629e-08,9.177006e-08,6.1775533e-08,2.0155687e-09,2.0570078e-09,15.153349
0.899,87.511555,1.1232178e-05,0,2.7932177e-09,6.5885825e-08,6.8127617e-08,6.8801072e-08,4.6288038e-08,1.5102925e-09,1.5415306e-09,15.219564
0.8995,87.511482,1.1238754e-05,0,1.9622755e-09,4.6312375e-08,4.789839e-08,4.8369583e-08,3.2517364e-08,1.0610186e-09,1.0831437e-09,15.285923
0.9,87.51141,1.1244021e-05,0,1.2577739e-09,2.9710457e-08,3.0737576e-08,3.1037776e-08,2.0842292e-08,6.8010507e-10,6.9445696e-10,15.352427
0.9005,87.511338,1.1247949e-05,0,6.9827729e-10,1.6517725e-08,1.7097632e-08,1.7262601e-08,1.1570468e-08,3.7758951e-10,3.8571395e-10,15.419076
0.901,87.511266,1.1250518e-05,0,2.975481e-10,7.0589131e-09,7.3143852e-09,7.3831966e-09,4.9299404e-09,1.6091272e-10,1.6451017e-10,15.485868
0.9015,87.511194,1.1251717e-05,0,6.4193816e-11,1.5375025e-09,1.5984196e-09,1.6121883e-09,1.0633176e-09,3.4728033e-11,3.559829e-11,15.552805
0.902,87.511121,1.1251549e-05,0,1.4803392e-12,3.1298563e-11,3.0490402e-11,3.106397e-11,2.4673829e-11,8.0046899e-13,7.8511133e-13,15.619886
0.9025,87.511049,1.1250026e-05,0,1.0731469e-10,2.4919957e-09,2.561064e-09,2.5897089e-09,1.7792679e-09,5.7997524e-11,5.8921963e-11,15.687112
0.903,87.510977,1.124717e-05,0,3.7439503e-10,8.7486783e-09,9.0139236e-09,9.110051e-09,6.2060336e-09,2.0237042e-10,2.0598737e-10,15.754482
0.9035,87.510905,1.1243014e-05,0,7.9052069e-10,1.8515088e-08,1.9093666e-08,1.9293635e-08,1.3102721e-08,4.2732182e-10,4.3525797e-10,15.821996
0.904,87.510833,1.1237602e-05,0,1.3390498e-09,3.140037e-08,3.2396792e-08,3.273283e-08,2.2193484e-08,7.238535e-10,7.3756087e-10,15.889655
0.9045,87.51076,1.1230985e-05,0,1.9994884e-09,4.6922909e-08,4.8425996e-08,4.8925257e-08,3.3138649e-08,1.0808848e-09,1.1015984e-09,15.957458
0.905,87.510688,1.1223226e-05,0,2.7481897e-09,6.4526774e-08,6.6607143e-08,6.7290951e-08,4.5546304e-08,1.485631e-09,1.514334e-09,16.025406
0.9055,87.510616,1.1214394e-05,0,3.5591413e-09,8.3600221e-08,8.6308381e-08,8.7191655e-08,5.8985348e-08,1.9240286e-09,1.9614257e-09,16.093497
0.906,87.510544,1.1204566e-05,0,4.4048129e-09,1.0349564e-07,1.0686074e-07,1.0795164e-07,7.2999539e-08,2.3811944e-09,2.4276943e-09,16.161734
0.9065,87.510472,1.1193829e-05,0,5.2570385e-09,1.235503e-07,1.2757958e-07,1.2887934e-07,8.7122118e-08,2.8419015e-09,2.8976093e-09,16.230114
0.907,87.5104,1.1182272e-05,0,6.0879039e-09,1.4310724e-07,1.4778615e-07,1.4928919e-07,1.0089051e-07,3.2910599e-09,3.3557783e-09,16.298639
0.9075,87.510327,1.1169994e-05,0,6.870613e-09,1.6153566e-07,1.6682867e-07,1.6852285e-07,1.1386069e-07,3.7141842e-09,3.787425e-09,16.367308
0.908,87.510255,1.1157096e-05,0,7.5803048e-09,1.7825017e-07,1.841022e-07,1.8596931e-07,1.2562069e-07,4.0978353e-09,4.1788392e-09,16.436122
0.9085,87.510183,1.1143684e-05,0,8.1947974e-09,1.9272826e-07,1.9906675e-07,2.0108319e-07,1.3580298e-07,4.4300229e-09,4.5177875e-09,16.50508
0.909,87.510111,1.1129868e-05,0,8.6952371e-09,2.0452568e-07,2.112631e-07,2.1340068e-07,1.4409516e-07,4.7005558e-09,4.7938708e-09,16.574182
0.9095,87.510039,1.1115758e-05,0,9.066633e-09,2.1328893e-07,2.2032578e-07,2.225527e-07,1.5024886e-07,4.9013311e-09,4.9988194e-09,16.643429
0.91,87.509966,1.1101469e-05,0,9.2982629e-09,2.1876495e-07,2.2599303e-07,2.2827491e-07,1.5408646e-07,5.0265533e-09,5.1267168e-09,16.71282
0.9105,87.509894,1.1087112e-05,0,9.3839399e-09,2.2080733e-07,2.2811328e-07,2.3041428e-07,1.5550545e-07,5.0728784e-09,5.1741467e-09,16.782355
0.911,87.509822,1.1072803e-05,0,9.3221333e-09,2.1937921e-07,2.2664813e-07,2.289321e-07,1.5448052e-07,5.0394791e-09,5.1402595e-09,16.852035
0.9115,87.50975,1.1058651e-05,0,9.1159421e-09,2.145527e-07,2.2167176e-07,2.2390336e-07,1.5106305e-07,4.9280308e-09,5.0267584e-09,16.921859
0.912,87.509678,1.1044767e-05,0,8.7729254e-09,2.0650491e-07,2.1336682e-07,2.1551263e-07,1.4537832e-07,4.7426194e-09,4.8378058e-09,16.991827
0.9125,87.509606,1.1031258e-05,0,8.3047962e-09,1.9551072e-07,2.0201704e-07,2.0404656e-07,1.3762045e-07,4.4895759e-09,4.5798542e-09,17.06194
0.913,87.509533,1.1018226e-05,0,7.7269897e-09,1.8193272e-07,1.8799674e-07,1.8988329e-07,1.2804521e-07,4.1772435e-09,4.2614091e-09,17.132197
0.9135,87.509461,1.100577e-05,0,7.0581242e-09,1.6620849e-07,1.7175779e-07,1.7347931e-07,1.1696113e-07,3.8156854e-09,3.8927311e-09,17.202598
0.914,87.509389,1.0993982e-05,0,6.3193695e-09,1.4883576e-07,1.5381424e-07,1.5535386e-07,1.0471901e-07,3.4163445e-09,3.4854889e-09,17.273144
0.9145,87.509317,1.0982951e-05,0,5.5337471e-09,1.3035596e-07,1.3472534e-07,1.3607188e-07,9.1700312e-08,2.9916643e-09,3.0523724e-09,17.343834
0.915,87.509245,1.0972756e-05,0,4.7253831e-09,1.1133667e-07,1.1507738e-07,1.1622558e-07,7.8304822e-08,2.5546855e-09,2.6066821e-09,17.414669
0.9155,87.509172,1.096347e-05,0,3.9187387e-09,9.2353469e-08,9.5465016e-08,9.6415608e-08,6.4937867e-08,2.1186305e-09,2.1619041e-09,17.485648
0.916,87.5091,1.095516e-05,0,3.1378428e-09,7.3971908e-08,7.6472558e-08,7.7232155e-08,5.199761e-08,1.6964878e-09,1.7312874e-09,17.556771
0.9165,87.509028,1.0947882e-05,0,2.4055494e-09,5.6730027e-08,5.8655958e-08,5.923676e-08,3.9862749e-08,1.3006114e-09,1.3274343e-09,17.628038
0.917,87.508956,1.0941685e-05,0,1.7428441e-09,4.1122019e-08,4.2525919e-08,4.2945243e-08,2.8881028e-08,9.4234568e-10,9.6191859e-10,17.69945
0.9175,87.508884,1.093661e-05,0,1.1682198e-09,2.7583527e-08,2.8532694e-08,2.8812356e-08,1.9358883e-08,6.3168788e-10,6.4494035e-10,17.771007
0.918,87.508812,1.0932687e-05,0,6.9713957e-10,1.647899e-08,1.7053009e-08,1.7218574e-08,1.1552554e-08,3.7699787e-10,3.8503039e-10,17.842707
0.9185,87.508739,1.0929937e-05,0,3.4160282e-10,8.091416e-09,8.3794905e-09,8.4594194e-09,5.660884e-09,1.8476351e-10,1.8881056e-10,17.914552
0.919,87.508667,1.0928374e-05,0,1.0982605e-10,2.6148449e-09,2.7128723e-09,2.7375909e-09,1.8200397e-09,5.9428083e-11,6.0817664e-11,17.986542
0.9195,87.508595,1.0927999e-05,0,6.0467594e-12,1.4971531e-10,1.5719738e-10,1.5811874e-10,1.0025348e-10,3.2841727e-12,3.3950013e-12,18.058675
0.92,87.508523,1.0928807e-05,0,3.0454368e-11,7.012135e-10,7.1810496e-10,7.2663678e-10,5.0468e-10,1.643622e-11,1.665407e-11,18.130953
0.9205,87.508451,1.0930781e-05,0,1.7924842e-10,4.1806208e-09,4.3042133e-09,4.3507812e-09,2.970359e-09,9.6831877e-11,9.8506369e-11,18.203376
0.921,87.508378,1.0933897e-05,0,4.4482021e-10,1.0409565e-08,1.0731504e-08,1.084462e-08,7.3712232e-09,2.4036007e-10,2.4476327e-10,18.275943
0.9215,87.508306,1.0938121e-05,0,8.1605018e-10,1.9127e-08,1.9730522e-08,1.9935931e-08,1.3523025e-08,4.4101166e-10,4.4929976e-10,18.348654
0.922,87.508234,1.0943412e-05,0,1.2787101e-09,2.9998647e-08,3.0956128e-08,3.1276048e-08,2.119e-08,6.9109673e-10,7.0427591e-10,18.421509
0.9225,87.508162,1.0949718e-05,0,1.8159557e-09,4.2628575e-08,4.3999452e-08,4.4451941e-08,3.0093027e-08,9.8151079e-10,1.0004084e-09,18.494509
0.923,87.50809,1.0956984e-05,0,2.408893e-09,5.6572514e-08,5.8401643e-08,5.9000105e-08,3.9919014e-08,1.3020409e-09,1.3272824e-09,18.567653
0.9235,87.508018,1.0965144e-05,0,3.0371994e-09,7.1352466e-08,7.3668962e-08,7.4421801e-08,5.0331191e-08,1.6417014e-09,1.6736944e-09,18.640942
0.924,87.507945,1.0974127e-05,0,3.6797802e-09,8.6472133e-08,8.9288719e-08,9.0199163e-08,6.0979983e-08,1.9890885e-09,2.0280134e-09,18.714375
0.9245,87.507873,1.0983857e-05,0,4.3154373e-09,1.0143267e-07,1.0474555e-07,1.0581163e-07,7.1514101e-08,2.3327424e-09,2.3785504e-09,18.787952
0.925,87.507801,1.099425e-05,0,4.9235322e-09,1.1574829e-07,1.1953751e-07,1.2075222e-07,8.159152e-08,2.661505e-09,2.7139236e-09,18.861674
0.9255,87.507729,1.1005221e-05,0,5.4846199e-09,1.2896116e-07,1.3319154e-07,1.345431e-07,9.0889989e-08,2.9648631e-09,3.0234081e-09,18.935539
0.926,87.507657,1.1016679e-05,0,5.9810359e-09,1.4065526e-07,1.4527768e-07,1.4675003e-07,9.911676e-08,3.2332659e-09,3.2972595e-09,19.00955
0.9265,87.507584,1.1028529e-05,0,6.3974184e-09,1.5046864e-07,1.5542186e-07,1.5699519e-07,1.0601724e-07,3.4584069e-09,3.5270026e-09,19.083704
0.927,87.507512,1.1040677e-05,0,6.7211507e-09,1.5810391e-07,1.6331662e-07,1.6496808e-07,1.1138234e-07,3.6334636e-09,3.7056751e-09,19.158003
0.9275,87.50744,1.1053024e-05,0,6.9427108e-09,1.6333642e-07,1.6872965e-07,1.7043408e-07,1.1505423e-07,3.7532863e-09,3.8280203e-09,19.232447
0.928,87.507368,1.1065472e-05,0,7.0559186e-09,1.6602012e-07,1.7150985e-07,1.7324062e-07,1.1693049e-07,3.8145322e-09,3.8906246e-09,19.307035
0.9285,87.507296,1.1077923e-05,0,7.058076e-09,1.6609091e-07,1.7159072e-07,1.733206e-07,1.1696639e-07,3.815741e-09,3.891994e-09,19.381767
0.929,87.507224,1.1090279e-05,0,6.9499956e-09,1.6356726e-07,1.6899113e-07,1.7069312e-07,1.1517538e-07,3.7573503e-09,3.8325708e-09,19.456643
0.9295,87.507151,1.1102444e-05,0,6.7359195e-09,1.5854839e-07,1.6381334e-07,1.6546152e-07,1.1162777e-07,3.6416522e-09,3.7146885e-09,19.531664
0.93,87.507079,1.1114325e-05,0,6.4233329e-09,1.5120987e-07,1.5623851e-07,1.5780884e-07,1.0644759e-07,3.4726921e-09,3.5424697e-09,19.606829
0.9305,87.507007,1.112583e-05,0,6.0226791e-09,1.4179695e-07,1.465198e-07,1.4799085e-07,9.9807907e-08,3.2561153e-09,3.3216688e-09,19.682138
0.931,87.506935,1.1136872e-05,0,5.5469876e-09,1.3061579e-07,1.3497336e-07,1.363269e-07,9.1924661e-08,2.9989653e-09,3.0594671e-09,19.757592
0.9315,87.506863,1.1147368e-05,0,5.0114263e-09,1.1802295e-07,1.2196741e-07,1.2318897e-07,8.3049225e-08,2.7094419e-09,2.764226e-09,19.833191
0.932,87.50679,1.1157241e-05,0,4.4327957e-09,1.0441354e-07,1.0791002e-07,1.0898926e-07,7.3460024e-08,2.3966281e-09,2.445208e-09,19.908933
0.9325,87.506718,1.1166417e-05,0,3.8289787e-09,9.0208188e-08,9.3235704e-08,9.4166694e-08,6.3453431e-08,2.070192e-09,2.1122733e-09,19.98482
0.933,87.506646,1.1174832e-05,0,3.2183663e-09,7.5839628e-08,7.8391493e-08,7.9172796e-08,5.3334236e-08,1.7400769e-09,1.7755636e-09,20.060851
0.9335,87.506574,1.1182424e-05,0,2.6192767e-09,6.1738959e-08,6.3822778e-08,6.4457449e-08,4.340602e-08,1.4161865e-09,1.4451807e-09,20.137027
0.934,87.506502,1.1189141e-05,0,2.049385e-09,4.8322255e-08,4.9959466e-08,5.0454886e-08,3.3961707e-08,1.1080773e-09,1.1308731e-09,20.213347
0.9345,87.50643,1.1194937e-05,0,1.5251828e-09,3.5977838e-08,3.7202827e-08,3.7570399e-08,2.5274604e-08,8.2466571e-10,8.4173708e-10,20.289811
0.935,87.506357,1.1199774e-05,0,1.0614829e-09,2.5054604e-08,2.5913439e-08,2.6168175e-08,1.7590196e-08,5.7396083e-10,5.8594391e-10,20.36642
0.9355,87.506285,1.1203621e-05,0,6.7098441e-10,1.5851785e-08,1.6400595e-08,1.656059e-08,1.1118931e-08,3.6282869e-10,3.704996e-10,20.443173
0.936,87.506213,1.1206457e-05,0,3.6390997e-10,8.6104005e-09,8.9134727e-09,8.9992966e-09,6.0302185e-09,1.9679662e-10,2.0104507e-10,20.52007
0.9365,87.506141,1.1208267e-05,0,1.477268e-10,3.5066718e-09,3.6343262e-09,3.668342e-09,2.4477976e-09,7.9902142e-11,8.1701937e-11,20.597112
0.937,87.506069,1.1209046e-05,0,2.6957385e-11,6.4755473e-10,6.7386002e-10,6.7950123e-10,4.4660551e-10,1.4590669e-11,1.4968142e-11,20.674298
0.9375,87.505996,1.1208795e-05,0,3.0852077e-12,6.8502889e-11,6.8913731e-11,6.9938545e-11,5.1213708e-11,1.6645687e-12,1.6657973e-12,20.751629
0.938,87.505924,1.1207524e-05,0,7.4556589e-11,1.7334943e-09,1.7824829e-09,1.8022301e-09,1.2358601e-09,4.0284156e-11,4.0942116e-11,20.829103
0.9385,87.505852,1.1205252e-05,0,2.3687719e-10,5.5372857e-09,5.706041e-09,5.7667108e-09,3.9260492e-09,1.2801988e-10,1.3032253e-10,20.906723
0.939,87.50578,1.1202004e-05,0,4.8279863e-10,1.1309788e-08,1.1664054e-08,1.1786036e-08,8.0016452e-09,2.6095324e-10,2.6581349e-10,20.984486
0.9395,87.505708,1.1197813e-05,0,8.0258793e-10,1.8822393e-08,1.9420511e-08,1.9621777e-08,1.3301339e-08,4.3382246e-10,4.4205101e-10,21.062394
0.94,87.505636,1.1192721e-05,0,1.1843702e-09,2.7796025e-08,2.8687236e-08,2.8982824e-08,1.9628329e-08,6.4020781e-10,6.5248953e-10,21.140446
0.9405,87.505563,1.1186773e-05,0,1.6145326e-09,3.7910636e-08,3.9133697e-08,3.9535286e-08,2.6757012e-08,8.7274997e-10,8.8962463e-10,21.218643
0.941,87.505491,1.1180024e-05,0,2.078176e-09,4.8815828e-08,5.0397974e-08,5.0913575e-08,3.4440475e-08,1.1233943e-09,1.1452421e-09,21.296984
0.9415,87.505419,1.1172532e-05,0,2.5595997e-09,6.0142253e-08,6.2098533e-08,6.2732304e-08,4.2418525e-08,1.3836527e-09,1.4106851e-09,21.375469
0.942,87.505347,1.1164363e-05,0,3.0428034e-09,7.1513422e-08,7.3846432e-08,7.4598603e-08,5.0426006e-08,1.6448753e-09,1.6771311e-09,21.454099
0.9425,87.505275,1.1155585e-05,0,3.5119906e-09,8.2557552e-08,8.5257552e-08,8.6124489e-08,5.8201146e-08,1.8985224e-09,1.9358693e-09,21.532873
0.943,87.505202,1.1146273e-05,0,3.9520575e-09,9.2919077e-08,9.5964496e-08,9.6938871e-08,6.5493652e-08,2.1364287e-09,2.1785702e-09,21.611791
0.9435,87.50513,1.1136503e-05,0,4.3490527e-09,1.0226947e-07,1.0562777e-07,1.0669885e-07,7.2072335e-08,2.3510521e-09,2.3975393e-09,21.690854
0.944,87.505058,1.1126356e-05,0,4.6905938e-09,1.1031705e-07,1.1394591e-07,1.1509996e-07,7.7732009e-08,2.5356984e-09,2.585947e-09,21.770061
0.9445,87.504986,1.1115915e-05,0,4.9662284e-09,1.1681549e-07,1.2066431e-07,1.2188504e-07,8.229947e-08,2.684717e-09,2.738027e-09,21.849412
0.945,87.504914,1.1105263e-05,0,5.1677289e-09,1.2157077e-07,1.2558236e-07,1.268515e-07,8.5638391e-08,2.79366e-09,2.8492398e-09,21.928908
0.9455,87.504842,1.1094485e-05,0,5.2893142e-09,1.2444641e-07,1.2855887e-07,1.2985679e-07,8.765298e-08,2.8594019e-09,2.9163944e-09,22.008548
0.946,87.504769,1.1083668e-05,0,5.3277905e-09,1.2536679e-07,1.2951556e-07,1.3082183e-07,8.8290324e-08,2.8802159e-09,2.9377265e-09,22.088333
0.9465,87.504697,1.1072895e-05,0,5.2826102e-09,1.2431855e-07,1.2843841e-07,1.2973255e-07,8.7541361e-08,2.8558058e-09,2.9129305e-09,22.168261
0.947,87.504625,1.1062253e-05,0,5.1558467e-09,1.2135001e-07,1.253772e-07,1.2663923e-07,8.5440461e-08,2.7872921e-09,2.8431462e-09,22.248335
0.9475,87.504553,1.1051821e-05,0,4.9520885e-09,1.1656871e-07,1.2044282e-07,1.2165395e-07,8.2063668e-08,2.6771548e-09,2.7309002e-09,22.328552
0.948,87.504481,1.1041682e-05,0,4.678256e-09,1.1013709e-07,1.1380296e-07,1.149461e-07,7.7525672e-08,2.5291348e-09,2.5800053e-09,22.408914
0.9485,87.504408,1.1031911e-05,0,4.343349e-09,1.0226657e-07,1.0567589e-07,1.067362e-07,7.1975616e-08,2.3480968e-09,2.3954211e-09,22.48942
0.949,87.504336,1.1022583e-05,0,3.9581333e-09,9.3210204e-08,9.6322923e-08,9.7288207e-08,6.5591906e-08,2.1398603e-09,2.1830812e-09,22.570071
0.9495,87.504264,1.1013767e-05,0,3.534777e-09,8.3254081e-08,8.6039539e-08,8.6900612e-08,5.8576185e-08,1.9110029e-09,1.9496931e-09,22.650866
0.95,87.504192,1.1005529e-05,0,3.086449e-09,7.2707938e-08,7.5145666e-08,7.5896578e-08,5.114668e-08,1.6686432e-09,1.7025166e-09,22.731805
0.9505,87.50412,1.0997927e-05,0,2.626893e-09,6.1895101e-08,6.3975307e-08,6.4613483e-08,4.3531137e-08,1.4202107e-09,1.449129e-09,22.812889
0.951,87.504048,1.0991017e-05,0,2.1699894e-09,5.1142204e-08,5.286591e-08,5.3392176e-08,3.5959576e-08,1.1732089e-09,1.1971838e-09,22.894117
0.9515,87.503975,1.0984848e-05,0,1.7293214e-09,4.0768952e-08,4.2147794e-08,4.2566302e-08,2.8657079e-08,9.3498048e-10,9.5417101e-10,22.975489
0.952,87.503903,1.0979461e-05,0,1.3177555e-09,3.1078266e-08,3.2133969e-08,3.2452014e-08,2.183686e-08,7.1248122e-10,7.271862e-10,23.057006
0.9525,87.503831,1.0974893e-05,0,9.4705221e-10,2.2347109e-08,2.3110654e-08,2.3338397e-08,1.5693805e-08,5.1206893e-10,5.2271577e-10,23.138667
0.953,87.503759,1.0971173e-05,0,6.2751712e-10,1.4818265e-08,1.532878e-08,1.5478887e-08,1.0398687e-08,3.3931504e-10,3.4644438e-10,23.220472
0.9535,87.503687,1.0968324e-05,0,3.6770254e-10,8.6933122e-09,8.9967255e-09,9.0839383e-09,6.0932286e-09,1.9884333e-10,2.0309043e-10,23.302422
0.954,87.503614,1.096636e-05,0,1.7416878e-10,4.1269943e-09,4.2745017e-09,4.3151423e-09,2.8861412e-09,9.4200858e-11,9.6274342e-11,23.384516
0.9545,87.503542,1.0965291e-05,0,5.1311274e-11,1.223138e-09,1.269526e-09,1.2809659e-09,8.5026328e-10,2.7764433e-11,2.8423126e-11,23.466755
0.955,87.50347,1.0965117e-05,0,1.2577993e-12,3.2223722e-11,3.4109523e-11,3.4212525e-11,2.0855865e-11,6.8507945e-13,7.1359573e-13,23.549138
0.9555,87.503398,1.0965833e-05,0,2.3838114e-11,5.5065727e-10,5.6469837e-10,5.7125728e-10,3.9509912e-10,1.2871559e-11,1.3055498e-11,23.631665
0.956,87.503326,1.0967426e-05,0,1.1662562e-10,2.7217375e-09,2.8028692e-09,2.8330535e-09,1.9327828e-09,6.3012871e-11,6.4114368e-11,23.714336
0.9565,87.503254,1.0969876e-05,0,2.7504874e-10,6.4382645e-09,6.6380184e-09,6.7078502e-09,4.5581511e-09,1.4863841e-10,1.5137281e-10,23.797152
0.957,87.503181,1.0973158e-05,0,4.925673e-10,1.154668e-08,1.1911635e-08,1.2035509e-08,8.1628261e-09,2.662133e-10,2.7122765e-10,23.880113
0.9575,87.503109,1.0977239e-05,0,7.6090758e-10,1.7852585e-08,1.8423001e-08,1.8613262e-08,1.2609702e-08,4.1126542e-10,4.1911944e-10,23.963217
0.958,87.503037,1.0982081e-05,0,1.0703475e-09,2.5127448e-08,2.5936109e-08,2.6202703e-08,1.773767e-08,5.7853957e-10,5.8968962e-10,24.046466
0.9585,87.502965,1.098764e-05,0,1.4100428e-09,3.3116266e-08,3.4187585e-08,3.4537785e-08,2.3367025e-08,7.6217364e-10,7.7696022e-10,24.12986
0.959,87.502893,1.0993867e-05,0,1.7683822e-09,4.1545926e-08,4.2895319e-08,4.3333545e-08,2.9305351e-08,9.558909e-10,9.7452989e-10,24.213397
0.9595,87.50282,1.1000707e-05,0,2.1333621e-09,5.0134011e-08,5.1767561e-08,5.2295287e-08,3.5353727e-08,1.1532022e-09,1.1757801e-09,24.297079
0.96,87.502748,1.1008102e-05,0,2.4929662e-09,5.8597741e-08,6.0512161e-08,6.1127916e-08,4.1313023e-08,1.3476113e-09,1.3740849e-09,24.380906
0.9605,87.502676,1.101599e-05,0,2.8355407e-09,6.6662794e-08,6.8845681e-08,6.9545145e-08,4.6990113e-08,1.532818e-09,1.5630174e-09,24.464876
0.961,87.502604,1.1024304e-05,0,3.1501511e-09,7.4071718e-08,7.6502089e-08,7.727827e-08,5.2203794e-08,1.7029107e-09,1.7365469e-09,24.548991
0.9615,87.502532,1.1032977e-05,0,3.4269122e-09,8.059169e-08,8.3240774e-08,8.4084273e-08,5.6790247e-08,1.8525448e-09,1.8892207e-09,24.633251
0.962,87.50246,1.1041937e-05,0,3.6572792e-09,8.6021379e-08,8.8853636e-08,8.9752979e-08,6.0607863e-08,1.9771003e-09,2.0163247e-09,24.717655
0.9625,87.502387,1.1051112e-05,0,3.8342923e-09,9.0196717e-08,9.3171065e-08,9.4113091e-08,6.354131e-08,2.072814e-09,2.1140185e-09,24.802203
0.963,87.502315,1.1060429e-05,0,3.9527694e-09,9.2995428e-08,9.6066606e-08,9.7036908e-08,6.5504701e-08,2.1368837e-09,2.1794416e-09,24.886895
0.9635,87.502243,1.1069813e-05,0,4.0094385e-09,9.4340168e-08,9.7460222e-08,9.8443615e-08,6.6443814e-08,2.1675397e-09,2.2107867e-09,24.971732
0.964,87.502171,1.107919e-05,0,4.0030097e-09,9.420023e-08,9.7320048e-08,9.8301057e-08,6.6337273e-08,2.1640841e-09,2.2073394e-09,25.056714
0.9645,87.502099,1.1088486e-05,0,3.9341842e-09,9.2591754e-08,9.5662622e-08,9.662597e-08,6.5196693e-08,2.1268952e-09,2.1694832e-09,25.141839
0.965,87.502026,1.109763e-05,0,3.8056005e-09,8.9576487e-08,9.2551602e-08,9.3482681e-08,6.30658e-08,2.0573987e-09,2.0986699e-09,25.227109
0.9655,87.501954,1.1106551e-05,0,3.6217215e-09,8.525913e-08,8.8095033e-08,8.8980354e-08,6.0018554e-08,1.9580069e-09,1.9973578e-09,25.312523
0.966,87.501882,1.1115181e-05,0,3.3886667e-09,7.9783397e-08,8.2441276e-08,8.3268869e-08,5.6156365e-08,1.8320275e-09,1.8689189e-09,25.398082
0.9665,87.50181,1.1123454e-05,0,3.1139949e-09,7.3326918e-08,7.5773746e-08,7.6533513e-08,5.1604501e-08,1.6835467e-09,1.7175191e-09,25.483785
0.967,87.501738,1.1131309e-05,0,2.806446e-09,6.609516e-08,6.830464e-08,6.8988635e-08,4.6507801e-08,1.517289e-09,1.5479764e-09,25.569632
0.9675,87.501666,1.1138687e-05,0,2.4756498e-09,5.8314588e-08,6.0267862e-08,6.0870515e-08,4.1025851e-08,1.3384606e-09,1.3655995e-09,25.655624
0.968,87.501593,1.1145535e-05,0,2.1318118e-09,5.0225269e-08,5.1911398e-08,5.2429643e-08,3.532778e-08,1.1525785e-09,1.1760155e-09,25.74176
0.9685,87.501521,1.1151802e-05,0,1.785386e-09,4.2073178e-08,4.3489354e-08,4.3922691e-08,2.9586832e-08,9.6529447e-10,9.8498867e-10,25.82804
0.969,87.501449,1.1157445e-05,0,1.446745e-09,3.4102434e-08,3.5253946e-08,3.5604414e-08,2.3974905e-08,7.8221632e-10,7.9823921e-10,25.914465
0.9695,87.501377,1.1162423e-05,0,1.1258583e-09,2.6547723e-08,2.7447666e-08,2.7719743e-08,1.8657213e-08,6.0873392e-10,6.2126527e-10,26.001034
0.97,87.501305,1.1166704e-05,0,8.3198753e-10,1.9627135e-08,2.0295878e-08,2.0496301e-08,1.3787242e-08,4.4985463e-10,4.5917524e-10,26.087748
0.9705,87.501233,1.1170259e-05,0,5.7340951e-10,1.3535625e-08,1.4000068e-08,1.4137588e-08,9.5021543e-09,3.1005334e-10,3.1653473e-10,26.174606
0.971,87.50116,1.1173067e-05,0,3.5717347e-10,8.439307e-09,8.7319395e-09,8.8170207e-09,5.9187678e-09,1.9314138e-10,1.9723279e-10,26.261608
0.9715,87.501088,1.117511e-05,0,1.8890097e-10,4.4707312e-09,4.628534e-09,4.672999e-09,3.1302416e-09,1.0215825e-10,1.0437149e-10,26.348754
0.972,87.501016,1.117638e-05,0,7.2633289e-11,1.7252855e-09,1.7885107e-09,1.8051519e-09,1.2035449e-09,3.9289121e-11,4.0181617e-11,26.436045
0.9725,87.500944,1.1176872e-05,0,1.0730474e-11,2.588106e-10,2.6967733e-10,2.7184407e-10,1.7778462e-10,5.8102602e-12,5.9670224e-12,26.523481
0.973,87.500872,1.1176589e-05,0,3.8244044e-12,8.648581e-11,8.7836456e-11,8.9010659e-11,6.3428328e-11,2.0636281e-12,2.0786165e-12,26.61106
0.9735,87.500799,1.117554e-05,0,5.082646e-11,1.1829996e-09,1.2169573e-09,1.2303323e-09,8.4243103e-10,2.7461029e-11,2.7918536e-11,26.698784
0.974,87.500727,1.1173737e-05,0,1.4898868e-10,3.4839795e-09,3.5906495e-09,3.6287242e-09,2.4692492e-09,8.051717e-11,8.1973799e-11,26.786652
0.9745,87.500655,1.1171202e-05,0,2.9401567e-10,6.8886165e-09,7.1048709e-09,7.179072e-09,4.8726953e-09,1.5891015e-10,1.6187795e-10,26.874665
0.975,87.500583,1.1167961e-05,0,4.8022295e-10,1.1263383e-08,1.1621766e-08,1.174211e-08,7.9585627e-09,2.5956709e-10,2.6449832e-10,26.962822
0.9755,87.500511,1.1164043e-05,0,7.0073611e-10,1.6446714e-08,1.6974497e-08,1.7149301e-08,1.1612926e-08,3.7877174e-10,3.860458e-10,27.051123
0.976,87.500439,1.1159486e-05,0,9.4772387e-10,2.2254483e-08,2.2972904e-08,2.3208554e-08,1.5706002e-08,5.1229054e-10,5.222033e-10,27.139569
0.9765,87.500366,1.1154331e-05,0,1.2126573e-09,2.8486098e-08,2.9409795e-08,2.9710579e-08,2.009645e-08,6.5551273e-10,6.6826867e-10,27.228159
0.977,87.500294,1.1148621e-05,0,1.4865865e-09,3.4931015e-08,3.6067679e-08,3.6435686e-08,2.4635952e-08,8.0359995e-10,8.1930731e-10,27.316894
0.9775,87.500222,1.1142407e-05,0,1.7604265e-09,4.1375456e-08,4.2725701e-08,4.3160795e-08,2.9173952e-08,9.5164072e-10,9.7030963e-10,27.405772
0.978,87.50015,1.1135742e-05,0,2.0252421e-09,4.7609119e-08,4.9166582e-08,4.9666436e-08,3.356238e-08,1.0948046e-09,1.1163484e-09,27.494796
0.9785,87.500078,1.112868e-05,0,2.2725242e-09,5.343168e-08,5.5183329e-08,5.574354e-08,3.7660227e-08,1.2284913e-09,1.2527308e-09,27.583963
0.979,87.500005,1.1121281e-05,0,2.4944483e-09,5.8658877e-08,6.0585526e-08,6.1199781e-08,4.1337827e-08,1.3484708e-09,1.3751414e-09,27.673275
0.9795,87.499933,1.1113605e-05,0,2.6841069e-09,6.3127994e-08,6.5205001e-08,6.5865307e-08,4.4480718e-08,1.4510087e-09,1.4797699e-09,27.762731
0.98,87.499861,1.1105715e-05,0,2.8357111e-09,6.6702595e-08,6.8900719e-08,6.9597679e-08,4.6992968e-08,1.5329752e-09,1.5634225e-09,27.852332
0.9805,87.499789,1.1097674e-05,0,2.9447526e-09,6.9276355e-08,7.1562742e-08,7.2285871e-08,4.8799872e-08,1.5919328e-09,1.6236116e-09,27.942077
0.981,87.499717,1.1089546e-05,0,3.0081239e-09,7.0775897e-08,7.3115164e-08,7.3853234e-08,4.9849939e-08,1.6262016e-09,1.6586218e-09,28.031966
0.9815,87.499645,1.1081396e-05,0,3.0241934e-09,7.1162557e-08,7.3517939e-08,7.425934e-08,5.0116133e-08,1.634899e-09,1.6675511e-09,28.122
0.982,87.499572,1.1073288e-05,0,2.9928323e-09,7.0433038e-08,7.2767555e-08,7.3500665e-08,4.9596325e-08,1.6179552e-09,1.6503264e-09,28.212177
0.9825,87.4995,1.1065285e-05,0,2.9153951e-09,6.8618951e-08,7.0896566e-08,7.1610114e-08,4.8312967e-08,1.5761022e-09,1.6076927e-09,28.3025
0.983,87.499428,1.1057448e-05,0,2.7946539e-09,6.5785277e-08,6.797201e-08,6.8655422e-08,4.6311996e-08,1.5108382e-09,1.5411764e-09,28.392967
0.9835,87.499356,1.1049839e-05,0,2.6346892e-09,6.202781e-08,6.4092765e-08,6.4736483e-08,4.3661039e-08,1.424369e-09,1.4530256e-09,28.483578
0.984,87.499284,1.1042515e-05,0,2.4407422e-09,5.7469689e-08,5.9385967e-08,5.9981734e-08,4.0446952e-08,1.3195277e-09,1.3461289e-09,28.574333
0.9845,87.499211,1.103553e-05,0,2.2190331e-09,5.2257118e-08,5.4002601e-08,5.4543693e-08,3.6772815e-08,1.1996767e-09,1.2239148e-09,28.665233
0.985,87.499139,1.1028938e-05,0,1.9765516e-09,4.6554451e-08,4.8112411e-08,4.8593829e-08,3.275446e-08,1.0685945e-09,1.0902362e-09,28.756277
0.9855,87.499067,1.1022786e-05,0,1.7208267e-09,4.0538777e-08,4.1898318e-08,4.2316914e-08,2.8516655e-08,9.3035113e-10,9.4924403e-10,28.847465
0.986,87.498995,1.101712e-05,0,1.459684e-09,3.4394202e-08,3.5550508e-08,3.5905054e-08,2.4189081e-08,7.8917703e-10,8.0525295e-10,28.938798
0.9865,87.498923,1.1011979e-05,0,1.2009964e-09,2.8305996e-08,2.9260388e-08,2.9551586e-08,1.9902206e-08,6.493283e-10,6.6260415e-10,29.030275
0.987,87.498851,1.10074e-05,0,9.5243852e-10,2.2454802e-08,2.3214603e-08,2.3445032e-08,1.5783208e-08,5.1495387e-10,5.2552977e-10,29.121897
0.9875,87.498778,1.1003415e-05,0,7.2125041e-10,1.7011083e-08,1.758929e-08,1.77633e-08,1.1952065e-08,3.8996779e-10,3.9802271e-10,29.213663
0.988,87.498706,1.1000049e-05,0,5.1401877e-10,1.2129961e-08,1.2544762e-08,1.2668304e-08,8.5179284e-09,2.7793102e-10,2.8371592e-10,29.305573
0.9885,87.498634,1.0997325e-05,0,3.3648209e-10,7.9466347e-09,8.2207544e-09,8.3011785e-09,5.5758916e-09,1.8194599e-10,1.8577494e-10,29.397627
0.989,87.498562,1.0995259e-05,0,1.9336516e-10,4.572476e-09,4.732401e-09,4.7781995e-09,3.2042509e-09,1.045672e-10,1.0680659e-10,29.489826
0.9895,87.49849,1.0993861e-05,0,8.8247914e-11,2.0919375e-09,2.1670325e-09,2.1875609e-09,1.4623301e-09,4.7730262e-11,4.8786618e-11,29.58217
0.99,87.498418,1.0993137e-05,0,2.3471946e-11,5.6034672e-10,5.8189589e-10,5.8706751e-10,3.8893195e-10,1.2701401e-11,1.3008065e-11,29.674657
0.9905,87.498345,1.0993087e-05,0,8.7161601e-14,2.6426646e-12,2.8464585e-12,2.8153524e-12,1.4540036e-12,4.8556396e-14,5.1815004e-14,29.767289
0.991,87.498273,1.0993707e-05,0,1.7839494e-11,4.130799e-10,4.2403894e-10,4.2888026e-10,2.9568514e-10,9.634752e-12,9.779746e-12,29.860066
0.9915,87.498201,1.0994987e-05,0,7.5199472e-11,1.7558932e-09,1.8086115e-09,1.8280094e-09,1.2462789e-09,4.0633521e-11,4.1350418e-11,29.952986
0.992,87.498129,1.099691e-05,0,1.6943007e-10,3.9668876e-09,4.0903257e-09,4.1332784e-09,2.8078778e-09,9.1565575e-11,9.3256427e-11,30.046051
0.9925,87.498057,1.0999458e-05,0,2.9669114e-10,6.9558887e-09,7.1760955e-09,7.2506463e-09,4.9168439e-09,1.6035524e-10,1.6338193e-10,30.139261
0.993,87.497984,1.1002604e-05,0,4.5217653e-10,1.0609965e-08,1.0949314e-08,1.1062316e-08,7.4935311e-09,2.4440456e-10,2.4907819e-10,30.232615
0.9935,87.497912,1.100632e-05,0,6.3027916e-10,1.4797305e-08,1.5273858e-08,1.5430781e-08,1.0445021e-08,3.4068258e-10,3.4725459e-10,30.326113
0.994,87.49784,1.1010572e-05,0,8.2477845e-10,1.937163e-08,1.9998642e-08,2.0203424e-08,1.3668227e-08,4.4582658e-10,4.5448191e-10,30.419755
0.9945,87.497768,1.1015321e-05,0,1.0290439e-09,2.4176972e-08,2.496256e-08,2.5217509e-08,1.7053272e-08,5.5625217e-10,5.6710456e-10,30.513542
0.995,87.497696,1.1020528e-05,0,1.2362481e-09,2.9052696e-08,2.9999667e-08,3.0305416e-08,2.0487013e-08,6.6826849e-10,6.8135811e-10,30.607473
0.9955,87.497624,1.1026148e-05,0,1.4395828e-09,3.3838578e-08,3.4944426e-08,3.529994e-08,2.3856626e-08,7.781949e-10,7.9348825e-10,30.701549
0.996,87.497551,1.1032133e-05,0,1.6324706e-09,3.8379786e-08,3.9636861e-08,4.0039496e-08,2.7053113e-08,8.8247552e-10,8.998677e-10,30.795769
0.9965,87.497479,1.1038433e-05,0,1.8087664e-09,4.2531626e-08,4.3927452e-08,4.4373064e-08,2.9974635e-08,9.7778805e-10,9.9710719e-10,30.890133
0.997,87.497407,1.1044997e-05,0,1.9629417e-09,4.6163887e-08,4.7681629e-08,4.816473e-08,3.2529581e-08,1.0611436e-09,1.0821573e-09,30.984641
0.9975,87.497335,1.1051771e-05,0,2.0902477e-09,4.916467e-08,5.0783732e-08,5.1297677e-08,3.463925e-08,1.1299746e-09,1.1523981e-09,31.079294
0.998,87.497263,1.10587e-05,0,2.1868502e-09,5.1443583e-08,5.3140309e-08,5.3677528e-08,3.6240106e-08,1.1822081e-09,1.205714e-09,31.174092
0.9985,87.49719,1.1065729e-05,0,2.2499353e-09,5.293422e-08,5.4682684e-08,5.5234928e-08,3.7285516e-08,1.2163223e-09,1.2405518e-09,31.269033
0.999,87.497118,1.1072802e-05,0,2.2777804e-09,5.3595847e-08,5.5368695e-08,5.5927309e-08,3.7746934e-08,1.2313858e-09,1.2559598e-09,31.364119
0.9995,87.497046,1.1079863e-05,0,2.2697907e-09,5.3414265e-08,5.5183596e-08,5.5739793e-08,3.7614504e-08,1.2270766e-09,1.2516083e-09,31.45935
